time,TNFR,IL1R,CD40,LTB,BAFFR,TRAF2_5,TRAF6,TRAF2_3,Btx,TAK1_TAB,NEMO_IKKa_IKKb,IkBa_release_signal,p50_p65,TNFa,p100,Phenotype_canonical,NIK,IKKa_noncanonical,p100_RelB,p52,BAFF,Phenotype_noncanonical
0,0,0,0,0,0,0,0,0,0,0,0,0,0,0,0,0,0,0,0,0,0,0
0.5,0,0,0,0,0,0.05305840494,0.04531356238,0.03645664952,0.01428758646,0.01478285147,0.002646910338,0.0002633808818,1.601272447e-05,9.958978621e-07,7.826198979e-07,8.551189107e-07,0.01428090746,0.002018200518,0.0001770995745,1.468808934e-05,1.318219943e-05,7.053620278e-07
1,0,0,0,0,0,0.08877553746,0.07196157523,0.05632872131,0.04025319869,0.03925773682,0.01392200314,0.002920971714,0.0003702530366,4.865964504e-05,3.795667209e-05,4.215576204e-05,0.04001324999,0.01113921218,0.002006847151,0.0003428915704,0.000316117848,3.453974977e-05
1.5,0,0,0,0,0,0.1136399931,0.08856665503,0.06749335092,0.06617433647,0.06121095594,0.03097563743,0.01003890267,0.001978669189,0.0004134173363,0.0003202731652,0.0003591520985,0.06509532141,0.02612394675,0.007097153155,0.001855854102,0.001757541935,0.0002940859311
2,0,0,0,0,0,0.1314042419,0.09972281549,0.07435484038,0.08854420618,0.07823306113,0.0491744442,0.02140636187,0.005763925074,0.001699588958,0.00131556366,0.001496560619,0.08627613832,0.04361465248,0.01559965139,0.005495506691,0.005335999928,0.001222423631
2.5,0,0,0,0,0,0.1446517525,0.1081417704,0.0787363423,0.1067570503,0.09084366566,0.06583984215,0.03550137815,0.01214394751,0.004699969033,0.003625930973,0.004192492335,0.1032648321,0.06125411333,0.02665760689,0.0117107881,0.01168810154,0.003390088135
3,0,0,0,0,0,0.1547607639,0.1144872591,0.08163026849,0.1215694055,0.1001427328,0.07979398749,0.0504751876,0.02079104472,0.01008548475,0.00778205271,0.009148615411,0.1166287175,0.07753987223,0.03900260772,0.02028287892,0.02092343905,0.007337899367
3.5,0,0,0,0,0,0.1623531398,0.1195286556,0.08364768539,0.1333537624,0.1074503281,0.09124594186,0.06504968831,0.03106602846,0.01821558424,0.01399766089,0.01675464706,0.1269102059,0.09212965415,0.05150518965,0.03062486098,0.03258407762,0.0134230941
4,0,0,0,0,0,0.1683178196,0.123309186,0.08514976206,0.14284441,0.113213032,0.1002934404,0.07836853886,0.04200869025,0.02898595746,0.02213337433,0.02707248753,0.1349386393,0.104497835,0.06336366576,0.04206924391,0.04613166152,0.02153733075
4.5,0,0,0,0,0,0.1730298036,0.1263425986,0.08607360111,0.1505694456,0.1181151286,0.1074908619,0.09044882291,0.05298659997,0.04212027934,0.03183647071,0.03985311409,0.1414010457,0.1151716549,0.07403811511,0.05368118182,0.06098322991,0.03169996849
5,0,0,0,0,0,0.1767574149,0.128782742,0.08676111304,0.1567641979,0.1220196055,0.113194846,0.1007537231,0.06359411578,0.05703598405,0.04258447639,0.05445474294,0.1465308685,0.124464974,0.08375570773,0.06537713128,0.07604106787,0.04336216201
5.5,0,0,0,0,0,0.1797073999,0.1304924971,0.08730983119,0.1619866743,0.1256793687,0.117787678,0.1096039132,0.0734634108,0.07310245139,0.05405083749,0.07051935725,0.1507466772,0.1322214174,0.09192525145,0.07637301611,0.09113165475,0.05631666492
6,0,0,0,0,0,0.182003477,0.1318676317,0.08794589202,0.1660364136,0.1289499553,0.1213294725,0.1169888689,0.08217082145,0.08961437305,0.06547366929,0.08735792535,0.1540849613,0.1387845338,0.09886035293,0.08650048541,0.1055907659,0.07011266045
6.5,0,0,0,0,0,0.1839157301,0.1329317683,0.08809472074,0.1694330663,0.1318610273,0.124418025,0.1233989045,0.08973932553,0.1062350117,0.07651335999,0.1043605365,0.1569916433,0.1443929052,0.1045167657,0.09608424455,0.1194166562,0.08432724788
7,0,0,0,0,0,0.1853364157,0.1338341814,0.08819318273,0.1721872408,0.1341472609,0.1270743971,0.1288604178,0.09629942086,0.1223538321,0.08691234424,0.12117398,0.1592521886,0.1493359119,0.1090673424,0.1046835548,0.132210795,0.0987022898
7.5,0,0,0,0,0,0.1867152336,0.1344288194,0.0882353202,0.1746917386,0.1360382708,0.1290452761,0.1333711567,0.1018402693,0.1376284388,0.09651579812,0.1373519145,0.161228631,0.1538109149,0.1126891744,0.1123426919,0.1439677228,0.1129970778
8,0,0,0,0,0,0.18763307,0.1347828367,0.08824606683,0.1765936805,0.1377423296,0.1307400036,0.1375402289,0.106713169,0.1522447942,0.1052146256,0.1527027101,0.1629086273,0.1573564439,0.1155327609,0.1189845899,0.1546169198,0.1270751542
8.5,0,0,0,0,0,0.1883769485,0.1349933565,0.08819493987,0.1780989708,0.1394797553,0.1322566872,0.1409866128,0.1106161757,0.1655448606,0.1131529202,0.1672394082,0.1643435018,0.1604678478,0.1177526593,0.1248811823,0.1642174421,0.1402877775
9,0,0,0,0,0,0.1888575428,0.1353294399,0.08813563381,0.1792181997,0.1409261328,0.1335225441,0.1437520321,0.1137893402,0.1778686267,0.1201729726,0.1807314831,0.165751223,0.1631876482,0.1195272994,0.1302265868,0.1725871705,0.1530013719
9.5,0,0,0,0,0,0.189414203,0.1355881655,0.08807435883,0.1804590742,0.1420441583,0.1345269378,0.1464846154,0.1163681722,0.1889788489,0.1263004996,0.1929996396,0.1667176787,0.1656910503,0.1209846887,0.1346263523,0.1799652009,0.1646780957
10,0,0,0,0,0,0.189810385,0.1357719892,0.08796232734,0.1812156207,0.1429999561,0.135443781,0.148600931,0.1183931334,0.198956039,0.1316543037,0.2038925543,0.1676071201,0.1679544429,0.1220016834,0.1386240324,0.1861446588,0.1754877079
10.5,0,0,0,0,0,0.1898700092,0.1359906819,0.08792434853,0.1819575031,0.1439087476,0.1361553002,0.1504469843,0.1199602643,0.2079305678,0.1362236016,0.2138344178,0.1684285508,0.1700252938,0.1225263366,0.1422319029,0.1915416915,0.1856046632
11,0,0,0,0,0,0.1900462232,0.1362866398,0.08801365835,0.1825586255,0.1445123631,0.1370108903,0.152036812,0.121042734,0.2158433535,0.1404461636,0.222527123,0.1691966862,0.1718822696,0.1229311192,0.1456481846,0.1960205224,0.1948903911
11.5,0,0,0,0,0,0.1903730975,0.1364775882,0.08792810717,0.1830108021,0.1451670457,0.1376217581,0.153436689,0.122019766,0.2228529218,0.1440465709,0.2303501216,0.1696687324,0.1734761095,0.12319972,0.1484576566,0.1996940896,0.2032194955
12,0,0,0,0,0,0.1905374158,0.1366344463,0.08772537355,0.1833758423,0.1457247227,0.1381104658,0.1547932214,0.1227384035,0.2288700751,0.1471941928,0.2372020257,0.170283092,0.1747285184,0.123461069,0.1511604622,0.2028205907,0.210659725
12.5,0,0,0,0,0,0.1907837179,0.1367378904,0.08790602663,0.1836628764,0.1462495791,0.1386679012,0.1560412836,0.1232319432,0.2339396134,0.1500101282,0.2430525742,0.170813606,0.1760276791,0.1237555308,0.1534605251,0.2050806873,0.2172959699
13,0,0,0,0,0,0.1907804232,0.1367646574,0.08775924706,0.1840901274,0.1468018886,0.1390698216,0.1571555102,0.1238513423,0.2386339046,0.1522999658,0.2481492609,0.1710528799,0.1771146781,0.1238290775,0.1554053436,0.2067847194,0.2233405816
13.5,0,0,0,0,0,0.1908988728,0.1365660958,0.08777516662,0.1841170622,0.1471713594,0.1395323369,0.157929286,0.1241196794,0.2424240527,0.1541632863,0.2525692912,0.1712873382,0.1781730594,0.123806805,0.1571835537,0.2081339919,0.2285855706
14,0,0,0,0,0,0.1910213042,0.1367974805,0.08754044859,0.1842329724,0.1471457796,0.139660586,0.1586060309,0.1245888645,0.2458918067,0.156049869,0.2563139332,0.171575422,0.178948193,0.1239575406,0.1589984857,0.2089514012,0.2333501981
14.5,0,0,0,0,0,0.1911674688,0.1368315853,0.08760145508,0.1844250653,0.1473173254,0.139761338,0.1593406379,0.1245853179,0.2486696541,0.1575563001,0.259553716,0.1717213649,0.1797154131,0.1239720974,0.1605503694,0.2095091733,0.2375588393
15,0,0,0,0,0,0.191176175,0.1367329683,0.08780801744,0.1846072017,0.1474360015,0.1398196261,0.1600439503,0.1245480312,0.250952904,0.159037431,0.2621124249,0.1719767082,0.1804842668,0.1237928293,0.1619147788,0.2095666198,0.2411581064
15.5,0,0,0,0,0,0.1911037296,0.1366031066,0.08793262135,0.1846486231,0.1475867046,0.1400949353,0.1606277082,0.1244475404,0.2528222501,0.1604689482,0.2642103605,0.171887607,0.1810598477,0.1235773174,0.1630323528,0.2095365647,0.2440941821
16,0,0,0,0,0,0.1912674016,0.1366048775,0.08780024828,0.1847523169,0.147813281,0.1401877799,0.1608512385,0.124619645,0.2543836748,0.1614957897,0.2657881923,0.1721166668,0.1814853903,0.1232778532,0.1638908814,0.2092382221,0.2467286423
16.5,0,0,0,0,0,0.1911987871,0.1366119038,0.08764638613,0.1847919861,0.1478668297,0.1403769394,0.1612359507,0.1246542457,0.2557612842,0.1625997935,0.2669846976,0.172367701,0.1817967403,0.1233043508,0.164630337,0.2086158643,0.2488423026
17,0,0,0,0,0,0.1912506183,0.1366947817,0.0874859463,0.1846969971,0.1479537914,0.1405836907,0.1615896919,0.1246398163,0.2568330522,0.1635851865,0.2681712741,0.1725311352,0.1822330831,0.1233035157,0.1655855444,0.207690527,0.2506869728
17.5,0,0,0,0,0,0.191144499,0.1367267053,0.08776704738,0.1848102804,0.147998857,0.1407492359,0.1619207422,0.1246441111,0.2577147907,0.1643048406,0.2688968921,0.1726321782,0.1826584059,0.123324853,0.1665214416,0.2068570804,0.2520983015
18,0,0,0,0,0,0.1909089857,0.1366591879,0.08771925636,0.1849187486,0.1478968517,0.1407064181,0.1621650341,0.1244606656,0.2582467241,0.1651658512,0.2694638178,0.1727684521,0.1831200111,0.1231955301,0.1671861832,0.2059890263,0.2530681334
18.5,0,0,0,0,0,0.1909243382,0.1367659312,0.08764650129,0.1850606903,0.1480095133,0.1408640997,0.1626799034,0.1245998601,0.2585971979,0.165850466,0.2695931256,0.1727934029,0.1833735079,0.1232182522,0.1678505365,0.2048759715,0.2538415134
19,0,0,0,0,0,0.1909532851,0.1366846221,0.08772710298,0.1849739321,0.1480949602,0.1409165867,0.1629043988,0.1245612541,0.2588858671,0.1663989004,0.2694991491,0.1727395443,0.1837924996,0.1232153338,0.168298349,0.2036376518,0.2543040222
19.5,0,0,0,0,0,0.1908583647,0.1367062427,0.08763884171,0.1847933372,0.1480812633,0.1409282691,0.1629836446,0.1244041904,0.2591717788,0.166804531,0.2692385164,0.1729260539,0.1839602339,0.1230790916,0.1687184706,0.2023862773,0.2546958162
20,0,0,0,0,0,0.1908908072,0.1366712617,0.08787473884,0.1847190918,0.1480741441,0.1410216882,0.1631393003,0.1245046902,0.2593428692,0.1675347071,0.2690241423,0.1728084409,0.1841816679,0.1230799126,0.1690770124,0.2009901973,0.254680321
20.5,0,0,0,0,0,0.190885152,0.1367251402,0.08785374248,0.1847872206,0.1482283548,0.1409857918,0.1633443799,0.1244522666,0.2593262397,0.1679272877,0.2685905533,0.1726769026,0.1844572926,0.123042557,0.1693880625,0.1997064464,0.2546871313
21,0,0,0,0,0,0.1908480231,0.1367200031,0.08785457763,0.1847455708,0.1482173573,0.141168942,0.1633922513,0.1243056711,0.2590493222,0.1682427689,0.2679929142,0.1727880837,0.1847323542,0.1229834233,0.169746006,0.1983966018,0.2542717805
21.5,0,0,0,0,0,0.1910028843,0.1366755116,0.08781227602,0.1847474278,0.1483727816,0.1410463217,0.1636350809,0.1243305913,0.2589094446,0.1686484196,0.2674701681,0.1728870252,0.184855674,0.1229076001,0.1702219708,0.1970901037,0.2539857591
22,0,0,0,0,0,0.1909561426,0.1366602745,0.08772627339,0.1847411487,0.148373073,0.1411941891,0.1636228906,0.1242483483,0.2585731438,0.1692871723,0.2665707628,0.1729693036,0.1849329631,0.1227067102,0.1706018027,0.195700171,0.2533415643
22.5,0,0,0,0,0,0.1908564746,0.1367114204,0.08775110492,0.1847433769,0.1485016535,0.1410838873,0.1635723301,0.1242884187,0.2581222912,0.1698512543,0.2658712699,0.172917286,0.1850823277,0.1225266835,0.1711450885,0.1942592161,0.2527328005
23,0,0,0,0,0,0.190840376,0.1367226761,0.08758702773,0.184662463,0.1484235688,0.1410190192,0.1637635912,0.1240665169,0.2576966624,0.1700530596,0.2650782923,0.1729210066,0.1851025103,0.1224699663,0.1714548734,0.1928181472,0.2519363114
23.5,0,0,0,0,0,0.1908878456,0.136746394,0.08769140507,0.1845007635,0.1483784737,0.1409453145,0.1638360887,0.1241341697,0.2571733463,0.1701716799,0.2642366321,0.1729632854,0.185137745,0.1224894724,0.1715848001,0.1913895225,0.2511933556
24,0,0,0,0,0,0.1909719713,0.1368346475,0.08771224255,0.1845866769,0.148371618,0.1411925956,0.1637181223,0.1240068037,0.2566159109,0.1704817852,0.263336972,0.1729986076,0.1854402831,0.1224906785,0.1719415999,0.1902277298,0.2502634511
24.5,0,0,0,0,0,0.191083543,0.136861034,0.08774671277,0.1846749461,0.1482369339,0.1409495063,0.1636573301,0.123945163,0.2560264102,0.1707167294,0.2624550534,0.1728595129,0.1855174621,0.1223776271,0.1721729851,0.1890501254,0.2492125933
25,0,0,0,0,0,0.1910418436,0.1368672186,0.08789022673,0.1847460806,0.148274017,0.1409385277,0.1638004635,0.1240209043,0.2553795816,0.1708790927,0.2613797689,0.1729658926,0.1856213101,0.1223540325,0.1724106588,0.1877617931,0.2481033099
25.5,0,0,0,0,0,0.1908873182,0.1367099587,0.08806904221,0.1846079322,0.1481442182,0.1408426786,0.1637149753,0.1237758518,0.2548841583,0.1710064387,0.2604159537,0.1730152588,0.1858773317,0.1223846816,0.1722671331,0.1862836174,0.2468379493
26,0,0,0,0,0,0.190956626,0.1367034368,0.08802970195,0.1845773245,0.148142048,0.1408852957,0.163620063,0.1238091702,0.2541066379,0.1711549926,0.2592633636,0.1730816957,0.1858212003,0.122432274,0.1724312608,0.1850790074,0.245647787
26.5,0,0,0,0,0,0.1909172686,0.1366862505,0.08795840573,0.1845004447,0.1480726776,0.1410037252,0.1636166299,0.1237323669,0.2536688558,0.1713670678,0.2581570924,0.1732549821,0.1857424078,0.1221930422,0.1724487753,0.1837646055,0.2445462166
27,0,0,0,0,0,0.1910894643,0.1367547349,0.08805008046,0.1846322138,0.1482371863,0.1411877122,0.1636845334,0.123777389,0.2531005264,0.1715332791,0.2570516586,0.1733085213,0.185982276,0.1224855896,0.172463666,0.1826480968,0.2434407519
27.5,0,0,0,0,0,0.190898339,0.1368212819,0.08787581011,0.1847045169,0.1481332195,0.1413944751,0.1638550118,0.1236476646,0.2526766772,0.1718189786,0.2560615149,0.173276992,0.1860073162,0.1225036897,0.1726495393,0.1814015739,0.2421042634
28,0,0,0,0,0,0.1909557886,0.1368279013,0.08764995997,0.1848290338,0.1480897317,0.1413011869,0.1637703314,0.1236590915,0.2520930019,0.1717852026,0.2549490958,0.1733623222,0.1861086289,0.1225744775,0.1727255713,0.1802937852,0.2409257398
28.5,0,0,0,0,0,0.1909700338,0.1368585232,0.08772426554,0.1848864,0.1483287939,0.1412906203,0.1638043031,0.1236299696,0.2516083736,0.171903694,0.2538328016,0.1733591513,0.1862064167,0.1225259781,0.1726059668,0.1792905819,0.2395670815
29,0,0,0,0,0,0.19100458,0.13717954,0.08770898536,0.1847432224,0.1484436394,0.1414173535,0.1639533902,0.1235395905,0.2510151858,0.1720175915,0.2527224868,0.173464802,0.1862422231,0.122327172,0.1726504303,0.1781722067,0.2382070671
29.5,0,0,0,0,0,0.1907286604,0.1370204893,0.08750484122,0.1847729629,0.1484898131,0.1412592114,0.1639707764,0.1235489799,0.2504093733,0.1722143669,0.2514916707,0.1733105942,0.186320716,0.1220734994,0.1728636863,0.1771744453,0.2367678087
30,0,0,0,0,0,0.1908072928,0.1369700754,0.08755488591,0.1847062853,0.1483951393,0.1411829286,0.1641857236,0.1235401666,0.2497291968,0.1722197773,0.2503673811,0.1734496684,0.1864455514,0.1220467241,0.1730435015,0.1762825691,0.2356245089
30.5,0,0,0,0,0,0.1908899658,0.1368686316,0.08761144306,0.1847598121,0.1483551731,0.141319509,0.1641439838,0.1235353987,0.2491281456,0.1723006819,0.2493957164,0.1735314764,0.1863221945,0.1220304289,0.1729498707,0.1755099304,0.2343167433
31,0,0,0,0,0,0.1907599659,0.1368978412,0.08763738049,0.1847986635,0.1484474683,0.141323263,0.1641545915,0.1236377739,0.2485914818,0.1722643834,0.2483995564,0.1732629613,0.1864176107,0.1220100927,0.172983724,0.1747601839,0.2331689984
31.5,0,0,0,0,0,0.190742027,0.1368444862,0.08750774901,0.1847014337,0.1484874128,0.141509006,0.1640262567,0.1236008424,0.2480545811,0.1724616933,0.247268358,0.1735000676,0.1864992179,0.1220547704,0.1729211858,0.1739132776,0.2318699202
32,0,0,0,0,0,0.1908293793,0.1368190382,0.08762125756,0.1847173938,0.1485529734,0.1414335589,0.1641137243,0.1234668695,0.2474714094,0.1726970353,0.2461339123,0.1734226156,0.1865724715,0.1219061377,0.1728936916,0.1731286969,0.2305027922
32.5,0,0,0,0,0,0.1907239464,0.1368008531,0.08761238343,0.1848170006,0.1486903708,0.1413366761,0.1641442093,0.1233811873,0.2468454312,0.1727353959,0.2449848578,0.1735350454,0.1865677766,0.1220103772,0.1729699063,0.1723106514,0.2290608139
33,0,0,0,0,0,0.1908626141,0.1368263376,0.08761525795,0.1847095909,0.1485531892,0.1413819219,0.1641676305,0.1233665592,0.2464027672,0.1726268015,0.24396009,0.1734555235,0.1865631256,0.1220718291,0.1729819841,0.1714857926,0.2277339999
33.5,0,0,0,0,0,0.1908426793,0.1369142148,0.08758682154,0.1846277583,0.1486644764,0.1412178027,0.1640014826,0.1233175349,0.2460649765,0.1725616767,0.2430014274,0.1733701603,0.1864731984,0.1220042765,0.1730543034,0.1706911628,0.2265841425
34,0,0,0,0,0,0.1910092799,0.1367524478,0.08759708686,0.1846471496,0.148478064,0.1410840871,0.1639731577,0.1232580926,0.2455927971,0.1726382219,0.2419211703,0.1733938733,0.1865231113,0.1219147723,0.1730813809,0.1701243381,0.2255677067
34.5,0,0,0,0,0,0.190965765,0.1368527211,0.08768759746,0.1846174803,0.1484741712,0.1413285969,0.1638781466,0.1233476408,0.2450363513,0.1728363635,0.2410405139,0.1734646345,0.1864324161,0.1220143904,0.1730320283,0.1694719351,0.2245464809
35,0,0,0,0,0,0.1909555136,0.1369726906,0.08774364741,0.184598834,0.1483186035,0.1414574864,0.1637417373,0.1235388072,0.2446982923,0.1727970146,0.2401308951,0.1734668329,0.1864933733,0.1219930769,0.173144417,0.1689093917,0.22347671
35.5,0,0,0,0,0,0.1910314626,0.1369301513,0.08773535256,0.1845644571,0.1484466316,0.1413177909,0.1638418297,0.1235607084,0.2442905216,0.1726792978,0.2391697445,0.1734188384,0.1867260799,0.1222292901,0.1732152043,0.1681687763,0.2223250768
36,0,0,0,0,0,0.1909878559,0.1368712945,0.08762018182,0.1845325775,0.1486194385,0.1412783947,0.163868486,0.1235128363,0.2439554515,0.1727135764,0.2383023226,0.1733180475,0.1866242851,0.1221317527,0.173173633,0.1675684196,0.2212012943
36.5,0,0,0,0,0,0.1909662459,0.1369944933,0.08785664465,0.184531804,0.1486344668,0.1413048709,0.1639622289,0.1233957347,0.243626963,0.1729309368,0.2375903572,0.1734101644,0.1866962165,0.1223626644,0.1732109326,0.1668149912,0.2200385773
37,0,0,0,0,0,0.1908948308,0.1369575794,0.08789429214,0.1844071961,0.1486692164,0.1412241142,0.1639907455,0.1234765292,0.2431375136,0.173120907,0.2367438854,0.1733579544,0.1867111202,0.1222938171,0.1732574198,0.1662024454,0.21900822
37.5,0,0,0,0,0,0.1908255194,0.1368366245,0.0878409511,0.1844892537,0.1486340536,0.1413885743,0.1640353427,0.1237578588,0.2427809929,0.1730612192,0.2359446276,0.1733007268,0.1867384692,0.1224179984,0.173319881,0.1657065822,0.2178684538
38,0,0,0,0,0,0.1907730663,0.1368957563,0.08783713012,0.184286642,0.1485025904,0.1414598034,0.1638759472,0.1237749701,0.2424155386,0.1732479188,0.2350426314,0.1731647576,0.186736819,0.1222985848,0.1733195513,0.1652756504,0.2167993191
38.5,0,0,0,0,0,0.1908869636,0.136810609,0.08769723437,0.1843407091,0.1482616651,0.1412804824,0.1637828124,0.1236110865,0.2418968754,0.1732363444,0.2341549744,0.1732910715,0.1869054166,0.1222359205,0.1733072414,0.1646466025,0.2157206403
39,0,0,0,0,0,0.1909477797,0.1367516187,0.08762434251,0.1842535642,0.1483811792,0.14124429,0.1638481085,0.1236784821,0.2416269018,0.1732780525,0.2334957785,0.1732694587,0.1869790093,0.1222175435,0.1733872573,0.1642748875,0.2146467346
39.5,0,0,0,0,0,0.1909695768,0.1367533863,0.08768171076,0.1843897745,0.1484938578,0.1412745893,0.163797007,0.1237418275,0.2414046618,0.1732814108,0.2324345701,0.1733493802,0.18696386,0.1223178271,0.1735369674,0.1637136036,0.2135903497
40,0,0,0,0,0,0.1910286996,0.1368072445,0.08748883219,0.1843344862,0.1486256457,0.1414654902,0.1637890666,0.1237969496,0.2411038993,0.1734824016,0.2316542709,0.1734105372,0.1868641572,0.1222903755,0.1733809609,0.1633157743,0.2126158864
40.5,0,0,0,0,0,0.1908716064,0.1367252046,0.08758026746,0.1842528347,0.1485606986,0.141370927,0.163971143,0.1237096102,0.2407968772,0.1734451009,0.2308853257,0.1734205696,0.1868169713,0.1223294431,0.1734516801,0.1627818147,0.2117378146
41,0,0,0,0,0,0.1911498408,0.1366175062,0.08757444675,0.1843704999,0.148408971,0.1413957216,0.1638666126,0.1236377128,0.2405871588,0.1734976197,0.2299538815,0.1733264967,0.1868556688,0.1221175551,0.1733262392,0.162342113,0.2109154089
41.5,0,0,0,0,0,0.1912051884,0.1364962166,0.08763988683,0.1843547504,0.1482568771,0.1412940517,0.1639539156,0.1237049687,0.2402587904,0.1734335443,0.2291526733,0.1732766613,0.1869606052,0.1219704313,0.1734833507,0.1619795327,0.2099531626
42,0,0,0,0,0,0.1909101209,0.1366360182,0.08772499978,0.1844008948,0.1484272174,0.1412286423,0.1639715919,0.1237057185,0.2398422876,0.1733233066,0.2282718076,0.1735020572,0.1870326938,0.1219369068,0.1736082606,0.1616979787,0.208911386
42.5,0,0,0,0,0,0.1908227877,0.1366134696,0.08783970283,0.1844861226,0.1485759798,0.1410589591,0.1639141587,0.1235085897,0.2394686877,0.1733176829,0.2274518614,0.173394387,0.1869920125,0.1218440005,0.1736651047,0.1612527253,0.2081413896
43,0,0,0,0,0,0.1909901563,0.1365714619,0.08758446137,0.184541375,0.1484277014,0.1410729243,0.1639284112,0.1234158303,0.2390789018,0.1734566645,0.2266975963,0.1733914292,0.1870430294,0.1218531101,0.1736946141,0.1609340677,0.2072640521
43.5,0,0,0,0,0,0.1907738979,0.1365292129,0.08762178324,0.1844519691,0.1485816911,0.1412992173,0.1639760025,0.1233522298,0.238898924,0.1736397244,0.2261086219,0.1734819354,0.1869869127,0.1218478479,0.1737298788,0.1606168937,0.2064413048
44,0,0,0,0,0,0.1907447721,0.1367549639,0.08781809527,0.1843950273,0.1485289662,0.1413912542,0.1638451389,0.1234807053,0.2386202457,0.1736295958,0.2253144454,0.1735587883,0.1868690774,0.1219371734,0.1738214782,0.1604267264,0.2054641773
44.5,0,0,0,0,0,0.1908554103,0.1367960979,0.08779164816,0.1842552017,0.1486039788,0.1414533477,0.1637520405,0.1233273853,0.238167424,0.1734054969,0.2245417024,0.1735125614,0.1867964528,0.1218087076,0.17384758,0.1601840772,0.204598468
45,0,0,0,0,0,0.1909113191,0.1366138188,0.08790546268,0.1841624657,0.1485691927,0.1413265726,0.1638199721,0.1232929981,0.2380134771,0.1733274788,0.2238385062,0.1733914074,0.1868299227,0.1219970787,0.1737178465,0.1598353251,0.2037076345
45.5,0,0,0,0,0,0.1906910118,0.136505479,0.08803839686,0.1843064858,0.1486134584,0.141310862,0.1637272473,0.1234064198,0.2377593782,0.1732179964,0.2231145555,0.1733909533,0.1868892666,0.1220925447,0.1737790787,0.1595134067,0.2027603846
46,0,0,0,0,0,0.1907588298,0.1365228213,0.08799708505,0.1841947834,0.1485509724,0.1412334109,0.1635667182,0.1234509677,0.2375370632,0.1732371333,0.2223511527,0.1735667309,0.186795943,0.1219888652,0.173887103,0.1592396211,0.2019886616
46.5,0,0,0,0,0,0.1908205658,0.1365115091,0.08797918966,0.1843586869,0.1484887307,0.1412219551,0.1636897279,0.1235349851,0.2373398387,0.1731574407,0.2216442263,0.1736024212,0.1867588913,0.1220566499,0.1736577793,0.158973867,0.2011388343
47,0,0,0,0,0,0.1908069063,0.136589295,0.08762774028,0.1843195873,0.1485392742,0.1413764393,0.1637681739,0.1236384439,0.2371141632,0.1731831597,0.221044516,0.173542563,0.1867900299,0.1221227942,0.1736298633,0.1586749723,0.2003053217
47.5,0,0,0,0,0,0.1908178544,0.1366463457,0.08770499033,0.1845025064,0.1485524588,0.141236022,0.1638619044,0.1235672534,0.2369837977,0.1732637462,0.220427741,0.1734969731,0.1868107379,0.1221743996,0.1736016748,0.1585155531,0.1996238387
48,0,0,0,0,0,0.1907773786,0.1367029639,0.08795190013,0.184462919,0.1483397673,0.1413692098,0.1638181891,0.1235952504,0.2369148907,0.1733005667,0.2197330414,0.1733462708,0.1867900402,0.1222329688,0.173670714,0.1582515635,0.1989533151
48.5,0,0,0,0,0,0.19081129,0.1366545126,0.08794814306,0.1845431383,0.1484615548,0.1415072184,0.1637112234,0.1237091349,0.2367319298,0.1734806686,0.2192478626,0.1732212977,0.186733918,0.1220898956,0.1736329987,0.1581066919,0.1982192786
49,0,0,0,0,0,0.1906550142,0.1367327763,0.08796274065,0.184321973,0.1484286084,0.1413581787,0.1637389822,0.1237361175,0.2363478406,0.1737210766,0.2184479275,0.1734873903,0.1868221063,0.1221413529,0.1737582854,0.1580267351,0.1974049492
49.5,0,0,0,0,0,0.1906811739,0.1365931247,0.0880335199,0.1843233957,0.1483880144,0.1413464039,0.1636647802,0.123930852,0.2361519604,0.1736272906,0.2180003744,0.1735444863,0.1866207228,0.1221089168,0.1737940255,0.1578429834,0.1966144891
50,0,0,0,0,0,0.1906631875,0.13669173,0.08795201611,0.1844273866,0.1485106239,0.1412425318,0.1637972966,0.1238335378,0.2360941286,0.1737210635,0.2175149338,0.17349149,0.1864233634,0.1219123752,0.1736803326,0.1576060389,0.1961054703
50.5,0,0,0,0,0,0.1907915505,0.1367755569,0.08783402953,0.184473942,0.1485993286,0.1413058366,0.1638191748,0.1237018678,0.2358996271,0.1735359274,0.2171972143,0.1735076769,0.1864102862,0.1219364077,0.1737601984,0.1574957132,0.1954467036
51,0,0,0,0,0,0.1908561409,0.1369186469,0.08780153514,0.1844614173,0.1486725561,0.1412793637,0.1638965831,0.1237616387,0.2357015237,0.1734063378,0.2166193675,0.1735763587,0.1863388448,0.1219516105,0.1739168838,0.1571789122,0.1948791845
51.5,0,0,0,0,0,0.1909491108,0.1367996677,0.08786596972,0.1845391085,0.148546862,0.1412103494,0.1639099925,0.1236856642,0.2353991268,0.1734110414,0.2161313216,0.1736461519,0.1864576508,0.1220860662,0.1737890071,0.1569665507,0.1940660215
52,0,0,0,0,0,0.1909462523,0.1366349898,0.08786300645,0.1845852443,0.1483699983,0.1413950219,0.1638290216,0.1237025021,0.235171933,0.1735827696,0.2157871982,0.1735460843,0.1862392724,0.1219536929,0.1737271162,0.1567240908,0.193433411
52.5,0,0,0,0,0,0.1908156398,0.136516375,0.08772441103,0.1845679791,0.1483561732,0.1413054622,0.163637897,0.1235893285,0.2350827579,0.1734470827,0.2153982712,0.1736784395,0.1863020394,0.121890184,0.1734918004,0.1565251376,0.192850514
53,0,0,0,0,0,0.1907802743,0.1364462509,0.08765127787,0.184529752,0.148317997,0.1413621907,0.1636456025,0.1237955394,0.2350067812,0.173329511,0.2149030117,0.173641997,0.1862128858,0.1220738284,0.1735190683,0.1564587246,0.1920978034
53.5,0,0,0,0,0,0.1908017865,0.1365319934,0.08767706708,0.1843310977,0.1484452714,0.1414086736,0.1636653926,0.1236187881,0.2349125652,0.173183745,0.2143626845,0.1735170897,0.1861329805,0.1220022131,0.1735623927,0.1564374243,0.1914282968
54,0,0,0,0,0,0.1908343627,0.1364561596,0.08756449657,0.1844588886,0.1485190306,0.141408716,0.1638411066,0.1237184511,0.2346392926,0.1732056914,0.2138242844,0.1736307873,0.1863393927,0.1221162474,0.1735689225,0.1565440562,0.1908943148
54.5,0,0,0,0,0,0.1908608481,0.1366684134,0.08770803851,0.1845671805,0.1484905351,0.1414729601,0.1639724838,0.123481907,0.2344166506,0.1733342357,0.2132134798,0.1735390723,0.1865713087,0.1220856968,0.173682433,0.1563512165,0.1904193984
55,0,0,0,0,0,0.1908122874,0.1367700886,0.08787042888,0.1845184294,0.1484707434,0.1412923392,0.16389547,0.1235257009,0.2343210752,0.1732540967,0.2126285548,0.1734818148,0.1865031909,0.1222558234,0.1737513855,0.1562987201,0.1899517684
55.5,0,0,0,0,0,0.1908181707,0.1367814794,0.08793129743,0.1846636752,0.1485142883,0.1413639264,0.1638492252,0.1234572479,0.2341823345,0.1733130372,0.2121748855,0.1733330981,0.1864831019,0.1222666511,0.1735454248,0.1562255323,0.1894150824
56,0,0,0,0,0,0.1907820416,0.1368524593,0.08787395835,0.1848079748,0.1484979723,0.1411290829,0.1637625617,0.1235557766,0.2340136431,0.1734032498,0.2117997338,0.1736083183,0.1865815722,0.1222193175,0.1735895099,0.1560432841,0.1888384946
56.5,0,0,0,0,0,0.1908528899,0.1365734576,0.08776700131,0.18479874,0.1485271257,0.141043632,0.1637257515,0.1236650242,0.2339042925,0.173464188,0.2114923412,0.1737769183,0.1865736836,0.1224092484,0.1734416186,0.1559055613,0.1883219035
57,0,0,0,0,0,0.1909914838,0.1367167552,0.08778909287,0.1849355425,0.1485053542,0.1412836708,0.1634479037,0.1234533338,0.23370946,0.173595681,0.2109960097,0.1737796353,0.1867092591,0.1223972224,0.17376699,0.1557455974,0.1877974499
57.5,0,0,0,0,0,0.1909534937,0.1366754461,0.08785295861,0.1850190966,0.1484848496,0.1410629076,0.1637096479,0.1234777323,0.2336544379,0.1736261929,0.2105311785,0.1738149428,0.1866417877,0.1223634884,0.1736879683,0.1555800221,0.1872310728
58,0,0,0,0,0,0.1908794771,0.1366243781,0.08778346315,0.1850862505,0.1482640298,0.1411989253,0.1638181861,0.123437489,0.2335092332,0.1736590721,0.2100835162,0.1736991153,0.1868388854,0.1222788317,0.1738793493,0.1554162853,0.186563126
58.5,0,0,0,0,0,0.1908501455,0.1365421164,0.08773563535,0.1848812547,0.1482925436,0.1411901385,0.163862957,0.1234466604,0.2335174393,0.1737919643,0.209784149,0.1735903452,0.1868234078,0.1222997923,0.173731604,0.1552017129,0.186023311
59,0,0,0,0,0,0.190846239,0.136629738,0.08786395112,0.1846741986,0.1483511132,0.141211829,0.1638510208,0.1235286941,0.2333616913,0.1737038129,0.2094382565,0.1734508018,0.1867862783,0.1222232193,0.1737341179,0.1552119767,0.1855144019
59.5,0,0,0,0,0,0.1909192314,0.1366504242,0.08781061932,0.1846024286,0.1483827751,0.141234959,0.1637654316,0.1234653426,0.2333057684,0.1737380154,0.2089836963,0.1732011927,0.1869359031,0.1221957406,0.1737251903,0.1550818136,0.1851434226
60,0,0,0,0,0,0.1908925586,0.1366338769,0.08773678653,0.1846895616,0.1483103891,0.1412019529,0.1638427087,0.1236252831,0.2331548036,0.1735843752,0.2085381991,0.1734396214,0.1868281118,0.1220232981,0.1736651328,0.1549983842,0.1846338316
60.5,0,0,0,0,0,0.1909150047,0.1365661551,0.08791678662,0.1846458939,0.1482714344,0.1411957652,0.1637526904,0.1236638429,0.2330275021,0.1736983307,0.2082233789,0.1735153405,0.1867813181,0.122024141,0.1737161957,0.1548315723,0.1839903214
61,0,0,0,0,0,0.1907853109,0.1366844248,0.08786723547,0.1845166063,0.1482793533,0.1413631494,0.1637289705,0.1234814648,0.232994859,0.1737446217,0.207733762,0.1735230776,0.1866494533,0.1220112184,0.1736555163,0.1547523817,0.1834463879
61.5,0,0,0,0,0,0.1907354257,0.1365702971,0.08773604491,0.1845822163,0.1482067877,0.141503869,0.1636577389,0.1234684264,0.2328821322,0.173785598,0.2072782913,0.1736173402,0.1867048724,0.1219067263,0.1736869377,0.1546167137,0.1829379934
62,0,0,0,0,0,0.1909028635,0.1366396445,0.0875973997,0.1846387093,0.1484301231,0.1412546888,0.1638001336,0.1233410322,0.2327742271,0.1737880235,0.2069580748,0.1736198565,0.1867486021,0.1218234565,0.1734756972,0.1545027876,0.1826115675
62.5,0,0,0,0,0,0.1907956322,0.1366105029,0.08756083866,0.1846776843,0.1485828436,0.1411800394,0.1639792082,0.1231751797,0.2328499081,0.1737032914,0.2066721342,0.1735771802,0.1867113211,0.1219646799,0.1733732795,0.1545242742,0.1823348911
63,0,0,0,0,0,0.1908672676,0.1365299758,0.08754123677,0.1847271903,0.1485811148,0.1410995314,0.163943015,0.1232916313,0.2329121242,0.1738296418,0.2065767198,0.1735992296,0.1867736117,0.1221533913,0.1736690571,0.154484253,0.1818673279
63.5,0,0,0,0,0,0.190959988,0.1365628846,0.0877281859,0.1847127799,0.1485754819,0.1412733865,0.1639554044,0.123440316,0.2328655772,0.1736820825,0.2061198424,0.1735691356,0.1868320183,0.1223749085,0.1735979788,0.154521421,0.1813885952
64,0,0,0,0,0,0.1911803156,0.1366139116,0.08762613272,0.1847093749,0.1484814165,0.141194493,0.1639698564,0.1235260288,0.2328587475,0.1738355725,0.2057672794,0.1734602406,0.1867667097,0.1223550017,0.1735744477,0.1545483084,0.181015548
64.5,0,0,0,0,0,0.191099307,0.1367777164,0.08751892437,0.1846029747,0.1485761226,0.1413259117,0.1639420512,0.1234773633,0.2327252902,0.1737225959,0.2054434792,0.1733693287,0.1868675324,0.1223008615,0.1734210607,0.1544290229,0.1807780164
65,0,0,0,0,0,0.1911071462,0.1367912745,0.08756882108,0.1845805179,0.1486696882,0.141232811,0.164033784,0.1234185932,0.2326660042,0.1736826359,0.2052487778,0.1736127022,0.1868528752,0.1224141251,0.1734542273,0.1543682485,0.180450134
65.5,0,0,0,0,0,0.1911150823,0.1367317621,0.08752562465,0.1847522853,0.1485425409,0.1411383343,0.1640179761,0.1233100148,0.2324913612,0.1735144642,0.2050200878,0.1736365515,0.1869035378,0.1225838952,0.1735576451,0.154366903,0.1800793241
66,0,0,0,0,0,0.1910643146,0.1367517169,0.08752912877,0.1848113,0.1483935428,0.1411893862,0.1640549172,0.1230244226,0.2326426926,0.1735695754,0.2047748226,0.1736833056,0.1868090218,0.1225008107,0.173476133,0.1544037388,0.1797039332
66.5,0,0,0,0,0,0.1911872546,0.1366968936,0.08749746115,0.184853915,0.1484375292,0.141267123,0.1640860328,0.1230076138,0.2325403953,0.1735172659,0.2045029044,0.1735348984,0.1867568526,0.1223572214,0.1732113144,0.1543221154,0.179328018
67,0,0,0,0,0,0.1910254535,0.1367740525,0.08749938579,0.1848270471,0.148571862,0.1410405976,0.1637920515,0.1230994656,0.2326628532,0.1735064679,0.2041034579,0.1734301681,0.1867495555,0.1223805679,0.1734095442,0.1543935995,0.1788939576
67.5,0,0,0,0,0,0.1910322451,0.1368399993,0.08764605878,0.1847810241,0.1485463014,0.1412072061,0.1638426035,0.1232979439,0.2326618428,0.1734828294,0.2039987734,0.1732977841,0.186877942,0.1224139233,0.1734038968,0.1542342301,0.1785292718
68,0,0,0,0,0,0.1909931756,0.1367505242,0.08767244342,0.1848697157,0.1485236328,0.1411025443,0.1640359494,0.1232870531,0.2327191817,0.1733830809,0.2037083115,0.1734158,0.1868364031,0.1223538023,0.1733457267,0.1540989227,0.1781028509
68.5,0,0,0,0,0,0.190960114,0.1367512603,0.08765384665,0.184656786,0.1486384758,0.141137655,0.163892679,0.1234741654,0.2324692699,0.1733331961,0.2033653157,0.1735862713,0.1868730167,0.1223556849,0.1733477722,0.1540429971,0.1778578241
69,0,0,0,0,0,0.1909221593,0.1368315653,0.0875680527,0.1844734927,0.1485584516,0.1410194819,0.163808024,0.123394656,0.2324474562,0.1735046107,0.2029995118,0.1735463434,0.1869314777,0.1221712771,0.1733007182,0.1539184484,0.1774983427
69.5,0,0,0,0,0,0.1908894692,0.1366721907,0.08761740963,0.1844721054,0.1484823856,0.1411152989,0.1639579714,0.1235009939,0.2323504485,0.1734607166,0.2026707502,0.1734502825,0.1868454407,0.1223646772,0.1733530598,0.1537320651,0.1771026492
70,0,0,0,0,0,0.1908355923,0.1366245964,0.08755935883,0.1844925896,0.1484514682,0.141035908,0.1639157441,0.1235918527,0.2323289243,0.1734231421,0.2023479787,0.1734050426,0.1869301938,0.1223641088,0.1734572184,0.1535384886,0.1768138707
70.5,0,0,0,0,0,0.190771271,0.1366468901,0.08775521119,0.1845059072,0.1484451296,0.1409358062,0.1640669457,0.1235143166,0.2323013693,0.1733500291,0.2020467323,0.1734190116,0.1867839663,0.1221413691,0.1735234489,0.1534783571,0.176397662
71,0,0,0,0,0,0.1908277038,0.1365879396,0.08769861062,0.184596438,0.1483988195,0.1410914724,0.1641896581,0.1235619076,0.2322812818,0.1733696024,0.202005692,0.1733180838,0.1867760616,0.1220886609,0.1735018468,0.1534478156,0.1759152971
71.5,0,0,0,0,0,0.1908885092,0.1367349246,0.08760496417,0.1845212468,0.1483042056,0.1409580422,0.1641577822,0.1234577206,0.2321020365,0.1733359203,0.2017198569,0.1735320554,0.1868257681,0.1220497187,0.1733831042,0.1532231006,0.1754881196
72,0,0,0,0,0,0.1909065551,0.1367648266,0.0876123308,0.1846548216,0.1482885217,0.1410254385,0.1643834581,0.1235182846,0.2321531501,0.1735642253,0.201424524,0.1734567814,0.186753424,0.1220245603,0.1732835513,0.1532680227,0.1751135987
72.5,0,0,0,0,0,0.1909097043,0.136624138,0.08773205408,0.1847720633,0.1483789126,0.1411333947,0.1642131976,0.123581347,0.2320890598,0.1735059853,0.2011144041,0.1734476032,0.186691243,0.1219759164,0.1732927699,0.1532417565,0.1748068147
73,0,0,0,0,0,0.1909461797,0.1367737534,0.08784666339,0.1847605217,0.1484394764,0.1409891687,0.1640506081,0.1234301376,0.2319791298,0.1733283925,0.2010128628,0.1734556593,0.186729443,0.1219475174,0.1732252192,0.1532465548,0.1745800693
73.5,0,0,0,0,0,0.1909367786,0.1368227307,0.08769217315,0.1847364084,0.1484241772,0.1411074079,0.1640252623,0.1233025377,0.2318052395,0.1734571551,0.2007521127,0.1733465439,0.1867867718,0.1221552684,0.1734027399,0.1531784964,0.1743654897
74,0,0,0,0,0,0.1909401485,0.1368468461,0.0876856414,0.1846123993,0.1485520525,0.1410928155,0.1641065648,0.1233367013,0.2317477962,0.1734762841,0.2003646116,0.1733923769,0.1865413112,0.1220498085,0.1733536943,0.1532007157,0.1739947603
74.5,0,0,0,0,0,0.1909625361,0.1369761364,0.08762742747,0.1846379641,0.148672209,0.1409337734,0.1640647095,0.1233489844,0.2316163648,0.1735362072,0.2000417256,0.1733817245,0.1865640148,0.1219998553,0.1734434854,0.1532022288,0.1736209115
75,0,0,0,0,0,0.1909086175,0.1367361738,0.08766189076,0.1846066234,0.1485550275,0.1410775884,0.1641535596,0.1232506571,0.2317484024,0.1734440924,0.1998843294,0.1733699862,0.1866871847,0.1219473287,0.1734094797,0.1529763965,0.1734213755
75.5,0,0,0,0,0,0.1909189808,0.1368338975,0.08769495276,0.1844596368,0.1484809492,0.141022699,0.1640114183,0.1234631969,0.2315969295,0.1732261272,0.1997174423,0.1733201145,0.1867777507,0.1219993478,0.1733710867,0.1528853142,0.1731913139
76,0,0,0,0,0,0.1907666223,0.1366783461,0.0876102587,0.1845358572,0.1484191605,0.1410626424,0.1640641478,0.123283343,0.2315244227,0.1733979099,0.1994764634,0.1733731525,0.1866394387,0.1219592474,0.1732542291,0.1527676337,0.1730186725
76.5,0,0,0,0,0,0.190757928,0.1366847709,0.08781121044,0.1845536487,0.1484058611,0.1411565153,0.1640726329,0.1233493994,0.2315511953,0.1733948449,0.1993456482,0.1733398179,0.1867713222,0.122092996,0.1731184785,0.1525994792,0.1727362764
77,0,0,0,0,0,0.1909648463,0.1365408145,0.08762882085,0.1845194068,0.148461111,0.1410285053,0.1639417197,0.1233686233,0.2314802014,0.173392029,0.1991093632,0.1732786708,0.1867406129,0.1222192228,0.1730798328,0.1525756417,0.172602596
77.5,0,0,0,0,0,0.1908023943,0.1365362547,0.0874852293,0.184339837,0.1484447918,0.1409663229,0.1638739446,0.1234477837,0.2313218707,0.1735364289,0.1988258844,0.1733670497,0.1867102143,0.1222863607,0.1731339935,0.1524755195,0.1725666797
78,0,0,0,0,0,0.1909035253,0.136691278,0.08754198296,0.1843843147,0.1484651833,0.1407019691,0.1639760762,0.1234459881,0.2314296113,0.1736743093,0.1985876075,0.1733106672,0.1867196866,0.1221698955,0.1731769239,0.1524246171,0.1722593462
78.5,0,0,0,0,0,0.1908656796,0.1368355131,0.08769374608,0.184431278,0.148534351,0.1407300186,0.1640545267,0.1234280813,0.2313566216,0.1736069757,0.1983529622,0.1733193513,0.1866818003,0.1222113741,0.1732022677,0.152511633,0.1720193042
79,0,0,0,0,0,0.1909009846,0.1368234847,0.0876143905,0.1844302845,0.148534789,0.1409009409,0.1638121178,0.1234735494,0.2314641641,0.173568249,0.1981398073,0.1733448305,0.1866544837,0.1222652364,0.1731199998,0.1525368132,0.1718114125
79.5,0,0,0,0,0,0.1908228311,0.1368022814,0.08776416953,0.1844048465,0.1485902348,0.1410047329,0.1637671208,0.1233994221,0.2313588664,0.1736247854,0.1979244271,0.1733605354,0.186675566,0.1222287509,0.1733513462,0.1523933798,0.1717309806
80,0,0,0,0,0,0.19087465,0.1366814997,0.08777986422,0.1842765883,0.1485696193,0.1411197417,0.1638424173,0.1233904751,0.2312025009,0.1736569296,0.197841473,0.1734122933,0.1865840011,0.1220440106,0.1732527507,0.1524015547,0.1715498501
80.5,0,0,0,0,0,0.1908988663,0.1366750404,0.08781276826,0.1843550928,0.1485513222,0.1412624396,0.1638963279,0.1234285449,0.2311755068,0.1736404874,0.1976229686,0.1734458953,0.1866885022,0.1220314196,0.1733784152,0.1523739596,0.1713051493
81,0,0,0,0,0,0.1909471372,0.1366664641,0.08774465186,0.1845418258,0.1486312609,0.1413258471,0.1638541485,0.1232889762,0.2309785693,0.1736832996,0.1974762139,0.173594941,0.1868292818,0.1219403162,0.1732140672,0.1525368054,0.1710433154
81.5,0,0,0,0,0,0.1909727083,0.1367274109,0.08766258582,0.1845923277,0.1485059828,0.141356285,0.1640798421,0.1235468511,0.231008255,0.1735730032,0.1971707595,0.1735986332,0.1867510028,0.1219263648,0.1731493085,0.152401658,0.1708992185
82,0,0,0,0,0,0.1908943283,0.136714656,0.08772528509,0.1847177751,0.1484349469,0.1413768261,0.163831777,0.123466371,0.2309422448,0.1734999691,0.1969725195,0.1737544375,0.1867352054,0.1221708401,0.1731840567,0.1524045828,0.17069361
82.5,0,0,0,0,0,0.1908719271,0.1368256769,0.08773832659,0.1847449892,0.1484251531,0.14123582,0.1638790202,0.1236758201,0.2309242662,0.1735297781,0.1968063461,0.173731328,0.1865791158,0.1220590846,0.1731863058,0.152399062,0.1705643278
83,0,0,0,0,0,0.1908724092,0.1367826096,0.08778428838,0.1845999546,0.1484330193,0.1411552692,0.1639022658,0.1235384841,0.2309217498,0.1734657336,0.1965041685,0.1737810121,0.1865649105,0.1221437775,0.1731093679,0.1525779145,0.1705120209
83.5,0,0,0,0,0,0.1908649416,0.1368307313,0.08781808953,0.1846536387,0.1482938297,0.1411104705,0.1639102709,0.1237201495,0.2309497272,0.1734685485,0.1962941123,0.1738357102,0.1865484061,0.1220856352,0.1731858008,0.1525424308,0.1703285227
84,0,0,0,0,0,0.1908351642,0.1368776142,0.08769126737,0.1846925396,0.1483193291,0.1410313669,0.1638463894,0.1237182345,0.2309706106,0.1735292063,0.1961182288,0.173869293,0.186617674,0.1221891504,0.1731510881,0.1525180143,0.1700041943
84.5,0,0,0,0,0,0.190689969,0.1369863042,0.08762767531,0.1847427717,0.1483664794,0.1409444098,0.1638982951,0.1236123641,0.2308709793,0.1734064136,0.1960283025,0.1737862644,0.1865257008,0.122188226,0.1732437221,0.15231139,0.170175926
85,0,0,0,0,0,0.190787392,0.1371410211,0.08743401069,0.1847737871,0.1483121756,0.1410482223,0.163881833,0.1236686027,0.230878299,0.1734698829,0.1957752182,0.1736398592,0.1866686311,0.1224202433,0.1732326001,0.1522530253,0.1699169548
85.5,0,0,0,0,0,0.1908821353,0.1370041716,0.08753461933,0.1847930795,0.1482460011,0.1409531349,0.1638354501,0.1234501214,0.2308014587,0.1734162303,0.1957173002,0.1738056207,0.1868846276,0.1225779868,0.1733052,0.1523323559,0.1697604334
86,0,0,0,0,0,0.1908707227,0.1371310275,0.08752537269,0.1848030968,0.1482928178,0.1410213709,0.1640480572,0.123316213,0.2307959201,0.1735676491,0.1955376853,0.1737545386,0.1870338414,0.1225481011,0.1732882664,0.1523056818,0.1697059616
86.5,0,0,0,0,0,0.190931195,0.137009796,0.08755551052,0.1849703039,0.1482369982,0.1411330847,0.1639920093,0.1232343612,0.2308783213,0.1736573783,0.1954597662,0.1736806005,0.1870920609,0.122522873,0.1732822381,0.1522550426,0.1695613556
87,0,0,0,0,0,0.1908504671,0.136848359,0.08744541873,0.184785552,0.14821991,0.1411906849,0.1640331547,0.123425704,0.2308038307,0.1736965018,0.1952376087,0.1736790879,0.1869698759,0.1225614603,0.1732664997,0.152167108,0.1691714886
87.5,0,0,0,0,0,0.1908493698,0.1369638595,0.08762069459,0.1846403329,0.1482811972,0.1412626694,0.1640374278,0.1235885776,0.2308188095,0.1737498416,0.1951154514,0.1736351443,0.1868436216,0.1225982497,0.1731674212,0.1523302308,0.1691416644
88,0,0,0,0,0,0.1908807587,0.1367666287,0.08767657027,0.1844947843,0.1483305361,0.141219056,0.1639654419,0.1235643402,0.2307925118,0.1737045294,0.1950743387,0.1734650275,0.1870308664,0.1226351645,0.1732518379,0.152416389,0.1689098795
88.5,0,0,0,0,0,0.190734185,0.1368318961,0.08760407057,0.1845356981,0.1482802295,0.1413728258,0.1640325765,0.1233175161,0.230676417,0.1737874272,0.1949640761,0.1734832686,0.1869050546,0.1224434756,0.1732841039,0.1524645999,0.169057255
89,0,0,0,0,0,0.1908400395,0.136814053,0.08778747503,0.1843293298,0.1483901501,0.1415158548,0.1638606228,0.1232710467,0.2307153795,0.1738141665,0.1948164309,0.1735041441,0.1867995271,0.1228218952,0.173155562,0.1523606519,0.1690052222
89.5,0,0,0,0,0,0.1907833757,0.13670302,0.08774688145,0.1843752721,0.1484294058,0.1414254267,0.1637979356,0.1231921361,0.2309466161,0.1738386596,0.194746507,0.1736989856,0.186887314,0.1225483988,0.1731479257,0.1526136176,0.168604247
90,0,0,0,0,0,0.1908436853,0.1366745274,0.08783764382,0.1843376027,0.1482975819,0.1414770495,0.1637123711,0.1230561912,0.2310297526,0.1738499806,0.1946135372,0.1738582823,0.1868083831,0.1225695649,0.1730915786,0.1523944341,0.1685872946
90.5,0,0,0,0,0,0.190921567,0.1367054554,0.08779402243,0.1843778852,0.1484860425,0.141425778,0.1639001997,0.122923649,0.2310518054,0.1737481601,0.1943524638,0.1738636181,0.1867076459,0.1224519096,0.1729405123,0.1523568083,0.1683678247
91,0,0,0,0,0,0.191068737,0.1368013667,0.08776069865,0.1842423695,0.1484199457,0.1414520656,0.1641006665,0.1227945654,0.2309811849,0.1737716599,0.1942030851,0.1736359263,0.1867060605,0.122383826,0.1730321593,0.1524808969,0.1682208863
91.5,0,0,0,0,0,0.1911964028,0.1368567876,0.08771979411,0.1842685996,0.1485103197,0.1413568511,0.1640611084,0.1228647716,0.2308619183,0.1734646967,0.1941573791,0.1735009071,0.1867391312,0.1221372509,0.1731557521,0.1526232814,0.1681695258
92,0,0,0,0,0,0.191192442,0.1369540468,0.08790839488,0.1843988388,0.1486936876,0.1412698193,0.1638565268,0.1230923662,0.2308304571,0.173364835,0.1940773882,0.1733847959,0.1864437952,0.1220949641,0.173162557,0.152561398,0.1680327822
92.5,0,0,0,0,0,0.1911398821,0.1370054571,0.08798202413,0.1844672402,0.1483633865,0.1413158012,0.1640110901,0.1232292922,0.2307897206,0.1734395094,0.1939303023,0.1734296838,0.1865084335,0.1221561806,0.1732833616,0.1525378829,0.1677872348
93,0,0,0,0,0,0.1910124465,0.1369852744,0.08755662433,0.1845564803,0.1484494487,0.1415158892,0.1639874726,0.1233386261,0.2307234637,0.1733903511,0.1939789272,0.1735273698,0.1867714045,0.1222809981,0.1733202937,0.1523466439,0.1675127108
93.5,0,0,0,0,0,0.1909443787,0.1370029787,0.08769335393,0.1845940534,0.1484129158,0.1413251079,0.1639027616,0.1234299003,0.2307302228,0.1734960859,0.1938100458,0.173525486,0.1866469491,0.122213695,0.1732690335,0.1523803357,0.1674469144
94,0,0,0,0,0,0.191022107,0.1369157699,0.08764894251,0.1845301573,0.148535868,0.1412597724,0.1638971944,0.1233696271,0.2307549613,0.1734313425,0.1936569057,0.1735482887,0.186718159,0.1221519845,0.1733140899,0.1522578951,0.1672320456
94.5,0,0,0,0,0,0.1911426248,0.1368306823,0.08767023996,0.1845111031,0.1484126017,0.1413829586,0.1639845064,0.1232112672,0.230714547,0.1735952427,0.1935594444,0.1734297531,0.1868119577,0.1223768136,0.173200715,0.1522775058,0.1669814322
95,0,0,0,0,0,0.1911153892,0.1368868747,0.08771892696,0.1845917794,0.1483779998,0.1414677271,0.1639260762,0.1233832167,0.2307815256,0.173484889,0.1933480003,0.1734827296,0.1866481392,0.1223400149,0.1731803765,0.1522928244,0.1669256762
95.5,0,0,0,0,0,0.1911994031,0.1369454176,0.08774703131,0.1845213299,0.1483593318,0.1416040883,0.1641529621,0.1235288974,0.2307257301,0.1737024299,0.1932310324,0.1733380123,0.1866382773,0.1220368091,0.173217788,0.1524305038,0.1666959115
96,0,0,0,0,0,0.1911845085,0.1368619583,0.08780599038,0.184580016,0.1485568988,0.1413127309,0.1642410372,0.1234211332,0.2307621508,0.1735892226,0.1931889288,0.1734181844,0.1867077945,0.1221817867,0.173277968,0.1523809836,0.166526596
96.5,0,0,0,0,0,0.1912664163,0.1368778592,0.08787053421,0.1844309447,0.1484804271,0.14120894,0.1643603033,0.1232594432,0.2305235458,0.1734150261,0.1931570289,0.1736551802,0.1866202696,0.122247789,0.1732970821,0.1526481273,0.1662496293
97,0,0,0,0,0,0.191232131,0.1367092392,0.08799747834,0.1843542871,0.1485875502,0.1412292656,0.1643923706,0.1233147159,0.2303770696,0.1734460307,0.1928881134,0.1735272015,0.1865587418,0.1222569122,0.1733036713,0.1525604621,0.1660231878
97.5,0,0,0,0,0,0.1911314539,0.1366655806,0.08796816791,0.1844174839,0.1484575994,0.1413389444,0.1641983734,0.1234214178,0.2303109217,0.173427265,0.1927231174,0.1733790274,0.186600798,0.1222271957,0.1732826928,0.1524508775,0.1660527742
98,0,0,0,0,0,0.1910781435,0.136716973,0.08791333799,0.1843767234,0.1484183849,0.141502013,0.1642300311,0.1236367022,0.2303946606,0.1734054063,0.1926560609,0.1735435815,0.1865750196,0.122392121,0.1733525641,0.152326624,0.1660514195
98.5,0,0,0,0,0,0.1911740204,0.1367661313,0.08788173489,0.1844725982,0.1483881668,0.1415026955,0.1641519876,0.1234017848,0.2305284107,0.1734603178,0.1924991655,0.1735337198,0.1865618704,0.1223437337,0.1733683049,0.1524235597,0.1660743483
99,0,0,0,0,0,0.1911256321,0.136896814,0.08785466934,0.1844834795,0.1482904995,0.1416751013,0.1640635104,0.1233336113,0.2303759384,0.1733566184,0.1922279429,0.1737389193,0.1863961357,0.1222405958,0.1733569664,0.1524398723,0.1659027425
99.5,0,0,0,0,0,0.191148304,0.1368197679,0.08770237428,0.1844138844,0.1483575748,0.141445391,0.1641092153,0.1233376959,0.2303671025,0.1733573642,0.1922361115,0.1737731201,0.1863759052,0.1222396972,0.1733870683,0.1524534046,0.1657008212
100,0,0,0,0,0,0.1911617123,0.13690267,0.0876083277,0.1844510307,0.1483886331,0.1414524656,0.1639046805,0.12339,0.230295061,0.1733342402,0.192080307,0.1736451049,0.1865482665,0.1222291179,0.1735805811,0.152372201,0.1657144905
100.5,0,0,0,0,0,0.1911377741,0.136920708,0.08751704618,0.1844745293,0.1483187151,0.1415508492,0.1639083195,0.1232951564,0.230239878,0.1732285681,0.1920564337,0.1737641611,0.1865106014,0.122333693,0.1736619997,0.1524099808,0.1655046404
101,0,0,0,0,0,0.1911033731,0.1367956335,0.08760167969,0.1845551507,0.1483275622,0.1413736923,0.1637608348,0.123354912,0.2303596683,0.1734047527,0.1918999702,0.1738039841,0.1866450755,0.1225005078,0.1734553771,0.1524146396,0.1654449977
101.5,0,0,0,0,0,0.1908821141,0.1366383315,0.08766858235,0.184390557,0.1484363323,0.1411967838,0.1638400806,0.1233691411,0.2303707529,0.1732390077,0.1919684379,0.173683803,0.1865371783,0.1225162481,0.1735442845,0.1525041776,0.1653565774
102,0,0,0,0,0,0.1908405707,0.1366457461,0.0876094517,0.1845107334,0.1484915771,0.140999379,0.1638511233,0.1232322605,0.2304590629,0.1732166891,0.1918465915,0.1737217445,0.1864563664,0.1225671156,0.173694421,0.1525996348,0.1652543807
102.5,0,0,0,0,0,0.1908161607,0.1366776784,0.08783379148,0.1845920973,0.1485676269,0.1409866079,0.1639836939,0.1231929586,0.2305317791,0.1733078032,0.1918496898,0.1735704174,0.1864992203,0.1225961135,0.1736532814,0.1526726369,0.1652241725
103,0,0,0,0,0,0.1908916705,0.1366149848,0.08789544481,0.1843748502,0.1484910591,0.1410424051,0.1641823648,0.1234168604,0.230461415,0.1731986788,0.1917994027,0.1735970707,0.1862911,0.1225741181,0.1738265301,0.1525342284,0.1652333809
103.5,0,0,0,0,0,0.1908578158,0.1366384245,0.08784139036,0.1843420731,0.14851207,0.1411817946,0.1642980178,0.1232801433,0.2302865318,0.1733673916,0.1917446772,0.173506688,0.186445418,0.1227422328,0.1736036681,0.1525462029,0.1652901892
104,0,0,0,0,0,0.190977484,0.1368012529,0.08772461344,0.1843570897,0.1483932179,0.1411471151,0.1641545574,0.1233161265,0.2303807537,0.1732066487,0.1914150978,0.1736225036,0.1864977792,0.122558279,0.1736784524,0.1524044416,0.1651658437
104.5,0,0,0,0,0,0.1908199764,0.1368577575,0.0877592339,0.1845232051,0.1484444833,0.1412928162,0.1642264111,0.1233506168,0.2303270147,0.1732672001,0.1914572286,0.1736220469,0.1865071196,0.1226856559,0.1737984106,0.1526142521,0.1652278608
105,0,0,0,0,0,0.190842914,0.1370127186,0.0880009395,0.184533589,0.1483332264,0.1412433157,0.164030494,0.1236595553,0.2303516381,0.1734212699,0.1914847601,0.173516295,0.1866344857,0.1226958013,0.1738551228,0.1526629649,0.1651911842
105.5,0,0,0,0,0,0.1908737063,0.1369324567,0.08788155044,0.1844527627,0.148384304,0.1412172446,0.1641169223,0.1236250712,0.2304586267,0.1734538128,0.1915593668,0.1734295642,0.1868331608,0.1227193604,0.1737231172,0.1527768143,0.1653046256
106,0,0,0,0,0,0.19081517,0.1369271801,0.08783090572,0.1845049237,0.1484829068,0.1415411703,0.163954331,0.1236029812,0.2305588993,0.1735162684,0.1913837289,0.1732696497,0.1867074969,0.1226747137,0.1737157689,0.152700693,0.1650142162
106.5,0,0,0,0,0,0.1908196974,0.1369920732,0.08793982514,0.1844894155,0.1484568299,0.1414398303,0.1639460947,0.1235832471,0.2305110277,0.1736490182,0.1913516436,0.1733175143,0.1867479702,0.1225478341,0.1735674339,0.1526570259,0.1649750179
107,0,0,0,0,0,0.1907940471,0.1368625844,0.0880115918,0.1844597786,0.1483466001,0.1414761074,0.1638741545,0.1234861092,0.2307912428,0.1734922997,0.1913637521,0.173280252,0.1867177625,0.1223183171,0.1734873254,0.1525494901,0.1649404792
107.5,0,0,0,0,0,0.190924201,0.1368315061,0.08791289137,0.1844618208,0.1483586298,0.1416114024,0.1639314319,0.1235282283,0.2307555136,0.1735105276,0.1913009755,0.173266871,0.1867470277,0.122434595,0.1734531568,0.1526052431,0.164832336
108,0,0,0,0,0,0.1909859206,0.1367801654,0.08797688879,0.1845233765,0.1482290813,0.1414552401,0.1639897628,0.1233716296,0.2306718186,0.1734582012,0.1912374941,0.1733397672,0.1867271376,0.1224313947,0.1734709952,0.1525386995,0.1647240371
108.5,0,0,0,0,0,0.1909514223,0.1367621533,0.08798659812,0.1843380856,0.1483861901,0.1413633948,0.1640380543,0.1233726065,0.2305917107,0.1735542316,0.1914170749,0.1734286963,0.1867985884,0.1224678016,0.1733789781,0.1526253471,0.1646977957
109,0,0,0,0,0,0.1909700407,0.1367720762,0.08800392595,0.1843088162,0.1484873429,0.1413407879,0.164014142,0.1233361665,0.2305644587,0.1734989507,0.1911751553,0.1734503836,0.1867461449,0.1222923323,0.173296425,0.152544443,0.1645941525
109.5,0,0,0,0,0,0.1909194442,0.1367730544,0.08786868673,0.1844691829,0.1484007694,0.1413936639,0.1640796092,0.123390823,0.2307574962,0.1736815225,0.1911656178,0.173422743,0.1866154683,0.1221107675,0.1734016261,0.1525660178,0.1643810771
110,0,0,0,0,0,0.1910651394,0.1367879161,0.08764694789,0.1845839703,0.1484744506,0.1414193679,0.1639915589,0.1233639723,0.2308007799,0.1737329701,0.1909140234,0.1734759449,0.1867015185,0.1220980415,0.1734489703,0.1525518458,0.1642350679
110.5,0,0,0,0,0,0.1909360737,0.1367676925,0.08766871635,0.1846106676,0.1484164954,0.1412776084,0.1638615877,0.1233281243,0.2308611366,0.1738246405,0.1907666803,0.1732773063,0.1868519762,0.1219940028,0.1732703732,0.1524822723,0.1641015982
111,0,0,0,0,0,0.1908590505,0.136845675,0.08785352132,0.1846234988,0.1485365174,0.1413354492,0.1638428931,0.1233141604,0.2309034187,0.173719282,0.1906813616,0.1733842267,0.1868591959,0.1220996584,0.1733563213,0.1525069049,0.1641459868
111.5,0,0,0,0,0,0.190830432,0.1368365453,0.08761249267,0.1844386173,0.1483559355,0.1414270012,0.1637928034,0.123398037,0.2308083944,0.1736286095,0.1905804546,0.1733979102,0.1867606043,0.1218812077,0.1732729116,0.1525260325,0.1641174772
112,0,0,0,0,0,0.1909034694,0.1368001095,0.08761640858,0.1844376932,0.1483635146,0.1413299115,0.1637106523,0.123392504,0.2307679107,0.1735751444,0.1906740941,0.1733014482,0.1868186985,0.121789114,0.1732785196,0.152694289,0.1641875792
112.5,0,0,0,0,0,0.1909823138,0.1368681812,0.08746400822,0.1844695841,0.1485430118,0.1412436157,0.1638069961,0.1233432058,0.2306860272,0.1736865656,0.1903438645,0.1733918562,0.1868879878,0.1219410147,0.1731733768,0.1525390707,0.1639905906
113,0,0,0,0,0,0.1909463127,0.1369067272,0.0875275216,0.1842694944,0.1483837989,0.1413407041,0.1639238719,0.1232516371,0.2306431552,0.1738637567,0.190375379,0.1733856311,0.1868457246,0.1222508924,0.1732688839,0.1527540181,0.1637151086
113.5,0,0,0,0,0,0.1908335845,0.1368568811,0.0874675924,0.1843515255,0.1485688474,0.1413978888,0.1638874849,0.1231447408,0.230589207,0.1739028596,0.1904074033,0.1733558127,0.1867817318,0.122172134,0.1733511548,0.1527008316,0.1635438602
114,0,0,0,0,0,0.1908406574,0.1366412043,0.08742617964,0.184220115,0.1486819431,0.1412866516,0.1639150384,0.123151587,0.2305795731,0.1739484563,0.1901969564,0.1734471371,0.1867068752,0.1223691991,0.1733400711,0.1525894739,0.163344022
114.5,0,0,0,0,0,0.1906228736,0.1365616661,0.08738928603,0.1843012593,0.1486397696,0.141293626,0.1637589636,0.1234056964,0.230506286,0.1738955669,0.1900695797,0.1735396314,0.1866746142,0.1222996966,0.1734094274,0.1526683179,0.1631449828
115,0,0,0,0,0,0.1906719701,0.1365488924,0.08746902015,0.1844014545,0.1484721937,0.1412454955,0.1639117367,0.1234067606,0.2305773556,0.1739194892,0.1901630127,0.1737241495,0.1867106111,0.1222818282,0.173349547,0.1526733739,0.1631095438
115.5,0,0,0,0,0,0.190755206,0.1364737989,0.08761350885,0.184446332,0.1484203827,0.1411290664,0.1639206145,0.1234847922,0.2303865081,0.1737839298,0.1900491584,0.1737630256,0.1866832712,0.1222012923,0.173474386,0.1527202995,0.1630202452
116,0,0,0,0,0,0.1907149927,0.1365825689,0.08774210133,0.1845831505,0.1483616786,0.141099713,0.1640375578,0.1234337659,0.2302799306,0.1735877538,0.1899609245,0.1735338998,0.1865241079,0.1223161439,0.1734901159,0.1526424953,0.1630121987
116.5,0,0,0,0,0,0.1908012958,0.1367138143,0.08775087855,0.1846778954,0.1483771762,0.1412077041,0.1641437753,0.1233958681,0.2303268846,0.1736352243,0.1900245742,0.1736160348,0.1863813681,0.122212118,0.1735195276,0.1526366064,0.1630632458
117,0,0,0,0,0,0.190837797,0.1367681352,0.08784843341,0.1847620357,0.1483442941,0.1412911929,0.1642490909,0.1236326517,0.2303736257,0.1737236463,0.1899556001,0.1735313959,0.1863010739,0.1223068696,0.1734412693,0.1525651115,0.1629737803
117.5,0,0,0,0,0,0.1908453635,0.1368671843,0.08780485491,0.1846548194,0.1483744669,0.1413043179,0.1642532086,0.1236196933,0.2304444146,0.1738100636,0.1898290421,0.1735692218,0.1863612473,0.1223087886,0.1735866748,0.152816661,0.1627005204
118,0,0,0,0,0,0.1909016942,0.1367612307,0.08810362634,0.1846914739,0.1484367591,0.141415641,0.1641194883,0.1236766303,0.2303585604,0.1738208541,0.1898386269,0.1735775941,0.1862859343,0.1223793116,0.1736264495,0.1526550979,0.1626285023
118.5,0,0,0,0,0,0.1909133555,0.136895084,0.08795024043,0.1845029159,0.1485426534,0.1413685669,0.164121884,0.1235265095,0.2305479181,0.1739125168,0.1898142746,0.1735887132,0.1863567007,0.1222965948,0.1736203203,0.1526574083,0.1625115049
119,0,0,0,0,0,0.1909429519,0.1369212969,0.0876095373,0.1844246391,0.1485594204,0.1414747056,0.1641508055,0.1235056858,0.2306643226,0.173918204,0.1899240397,0.1736790137,0.186368732,0.1223275425,0.1736838445,0.1525941009,0.162425937
119.5,0,0,0,0,0,0.1909987999,0.1368855876,0.08769220198,0.1843810091,0.14840971,0.1414548955,0.1637964426,0.1232945952,0.2306874814,0.1737595454,0.1897008287,0.1736297844,0.1862715554,0.1223594127,0.1735921514,0.1525060062,0.1624677993
120,0,0,0,0,0,0.1910286702,0.1368670009,0.08779441747,0.1843960275,0.1483679676,0.141422776,0.1638170273,0.1232618242,0.2306204293,0.1737139581,0.1896760093,0.1735833589,0.1865511514,0.1221475165,0.1735633427,0.1525683117,0.1624054745
120.5,0,0,0,0,0,0.1910397966,0.1367720016,0.08788681705,0.1844670817,0.1483524185,0.141397851,0.163651167,0.1231235574,0.2306631539,0.1735328854,0.1896150699,0.1735457489,0.1865611067,0.1221934119,0.1736316067,0.1526178523,0.1625178838
121,0,0,0,0,0,0.190973554,0.1367839901,0.08782421696,0.184451418,0.1483379429,0.1414072716,0.1637161716,0.1231981238,0.230784041,0.1733571002,0.1896334043,0.173535013,0.1867805141,0.1222223503,0.1733740851,0.1527768137,0.1626026643
121.5,0,0,0,0,0,0.1909413055,0.1367652949,0.08775263038,0.1843959216,0.1484691877,0.1415580227,0.1635729243,0.1231911788,0.2308128569,0.173305159,0.1894890214,0.1735996031,0.1868275375,0.1223285392,0.1732241146,0.1530097536,0.1622897301
122,0,0,0,0,0,0.1909419795,0.1367636421,0.08775373552,0.1842469861,0.14843259,0.1413363733,0.1635737581,0.1231146489,0.2309423744,0.1734552423,0.1893694655,0.1736871469,0.1867833557,0.122129662,0.1734646411,0.153089165,0.1623730101
122.5,0,0,0,0,0,0.191001849,0.1367857055,0.08760589892,0.1841940296,0.1485706958,0.1412809506,0.1635546089,0.1230019284,0.2309813848,0.1734022562,0.1892255304,0.1735279675,0.1867353189,0.1224902785,0.1736060007,0.1530630186,0.1623719972
123,0,0,0,0,0,0.1910385348,0.1366754412,0.08765413568,0.184362907,0.148729173,0.1414047249,0.1636313941,0.1229604772,0.2310217387,0.1733986453,0.1888918371,0.1735341068,0.1866755531,0.1225892121,0.1735927581,0.1532123412,0.1622861508
123.5,0,0,0,0,0,0.1908909205,0.1368088379,0.08769866989,0.1844897327,0.1486297512,0.1413241442,0.1637228463,0.1229537432,0.2310494168,0.1732848899,0.1889540586,0.1734368091,0.1866512151,0.122558462,0.1737350906,0.1532208523,0.1623041212
124,0,0,0,0,0,0.1906773458,0.1369259166,0.08777182628,0.1843968441,0.1487725418,0.1411735482,0.1636667191,0.1230159038,0.2310944095,0.1734167895,0.188938215,0.1734854155,0.1867040765,0.122508778,0.1737727485,0.1531364162,0.162366358
124.5,0,0,0,0,0,0.1906102154,0.136813883,0.087893217,0.1844666192,0.148557709,0.1413901448,0.1635289726,0.1230567838,0.2310985401,0.1734875977,0.1891348074,0.1733767726,0.1867104787,0.1223972215,0.173677899,0.1531205983,0.1622408945
125,0,0,0,0,0,0.1907202093,0.1367102106,0.08779770477,0.1844167505,0.1483786518,0.1414479038,0.1635963517,0.1233333131,0.2310170919,0.1734400368,0.1891833876,0.1734615375,0.1865328208,0.1221628901,0.1738063487,0.1530032237,0.1620766072
125.5,0,0,0,0,0,0.1908673796,0.1367822235,0.08799724268,0.1845501549,0.1482658659,0.1412886268,0.1636953037,0.123440728,0.2310133792,0.1733689573,0.1891964097,0.1734711032,0.1865910959,0.1221054692,0.1735909961,0.1530153093,0.1622090516
126,0,0,0,0,0,0.1908321878,0.1368848116,0.08800428062,0.184549613,0.1483782662,0.141244235,0.1636705635,0.1234265344,0.2309061286,0.1733006339,0.1890834348,0.1735313768,0.1865311492,0.1221655561,0.1736977772,0.1530702283,0.1621141524
126.5,0,0,0,0,0,0.1907316518,0.1369384472,0.08798214705,0.1844421855,0.1482684385,0.1414676633,0.1635721154,0.1234480729,0.2308012066,0.1734478677,0.1890497842,0.1732633058,0.1866207731,0.1220813417,0.1735828894,0.1530955448,0.162023755
127,0,0,0,0,0,0.1907112645,0.1369044899,0.08802627007,0.1845338629,0.1483932132,0.1413204297,0.1636551318,0.123437272,0.2307486451,0.1733915375,0.1890515475,0.1732422574,0.1865924104,0.1222077053,0.1734106821,0.1531403688,0.1618370474
127.5,0,0,0,0,0,0.1906619611,0.1370078062,0.08797162049,0.1846336231,0.1484213752,0.1414510693,0.1636063339,0.1232489105,0.2307249855,0.1734606308,0.1891608884,0.1731830373,0.1867377288,0.1221650273,0.1734446711,0.1533290164,0.1620169166
128,0,0,0,0,0,0.1907019107,0.1368505751,0.08790352372,0.1845702515,0.1483112987,0.1414488775,0.1636228615,0.1232644644,0.2307425408,0.1734650598,0.1891578519,0.1732312916,0.1867016285,0.1222541762,0.1731955367,0.1533634876,0.161886912
128.5,0,0,0,0,0,0.1909010746,0.1368276809,0.08796749797,0.184617648,0.1482490464,0.1414482791,0.1637295632,0.1233818454,0.2305979287,0.1736425406,0.1891297306,0.1734370375,0.1867062293,0.1223366263,0.173178038,0.1532954673,0.1617193547
129,0,0,0,0,0,0.1909585967,0.1369893645,0.08792218967,0.18451662,0.1484261286,0.1412852539,0.1638503612,0.1233229735,0.2305325289,0.1735937096,0.1889375216,0.173552377,0.1868284025,0.1224289786,0.1733013559,0.153292556,0.1618032572
129.5,0,0,0,0,0,0.1909274843,0.1369688233,0.08791116861,0.1843939864,0.1484693283,0.1411902973,0.1639343774,0.1233382463,0.2306137657,0.1736588909,0.1888437406,0.1735834367,0.1868494149,0.1222752677,0.1733654341,0.1532460132,0.1614998237
130,0,0,0,0,0,0.1908499148,0.1369604681,0.08784485633,0.1845593688,0.1484367923,0.1413824759,0.1638844722,0.1232646975,0.2304735558,0.1735001248,0.1888276732,0.1736690004,0.186612064,0.122222856,0.1733476875,0.1532720444,0.1615692914
130.5,0,0,0,0,0,0.1908561007,0.1367664376,0.08790511871,0.1846854588,0.1483807385,0.1414823643,0.1636803094,0.1235234908,0.2304277483,0.1735357027,0.1888196864,0.1735259394,0.1867410435,0.1224359061,0.1733948168,0.153305701,0.1616262146
131,0,0,0,0,0,0.1909974358,0.1366883852,0.0880669161,0.1846636925,0.1484879884,0.1414716896,0.1637228528,0.1235695635,0.2305336198,0.1734607081,0.1887216288,0.1733878916,0.1867857763,0.1224634094,0.1733321628,0.1532410294,0.1615243302
131.5,0,0,0,0,0,0.1910453312,0.1366048873,0.08786889815,0.1844646648,0.1485308456,0.1415799125,0.1636988749,0.1234622056,0.230496591,0.1734539638,0.1886484434,0.1735268961,0.1867900575,0.122340685,0.1732490068,0.1531719721,0.1615531725
132,0,0,0,0,0,0.1909661856,0.1367973221,0.08787194417,0.1843964306,0.148378127,0.141453307,0.1637012589,0.1233667933,0.2305721143,0.1735654877,0.1885559155,0.1735301624,0.1867956942,0.1223903248,0.1733444943,0.1530136529,0.1615338321
132.5,0,0,0,0,0,0.1908215361,0.1368061628,0.08782045443,0.1843445668,0.1483818398,0.1413311257,0.1635775719,0.1231972191,0.2306640204,0.1735251974,0.1885317699,0.1736228297,0.1868480586,0.1224594967,0.1732875217,0.1529614981,0.1614205678
133,0,0,0,0,0,0.1905585798,0.1368499746,0.08790792802,0.1842613923,0.1485380532,0.1414015018,0.1634257415,0.1231621278,0.2306792975,0.173372627,0.1885176632,0.1737000778,0.1866882337,0.122454277,0.1735181556,0.1529407844,0.1612631578
133.5,0,0,0,0,0,0.1905628169,0.1368578343,0.08771631817,0.1842913451,0.1486016961,0.1412554264,0.1636636575,0.1232432218,0.2307440347,0.1733181226,0.1885087231,0.1736443174,0.1867071503,0.122377825,0.1735814763,0.1530444243,0.1609869609
134,0,0,0,0,0,0.1905718434,0.1369573368,0.08780772462,0.1842306821,0.14855234,0.141148493,0.1638815687,0.1233170143,0.2307810817,0.1733127438,0.1885667882,0.1735867301,0.186558976,0.1223682599,0.1736423705,0.153043729,0.1609957133
134.5,0,0,0,0,0,0.1905455136,0.1367885106,0.08788113405,0.1845593876,0.1484429227,0.1412937327,0.1639545201,0.1233178617,0.2307553731,0.1734742732,0.1885070998,0.1734527138,0.1865943788,0.1223003259,0.17364731,0.1530108607,0.1608920244
135,0,0,0,0,0,0.1904916319,0.1367092893,0.08787816587,0.1844380157,0.1485343602,0.1412912556,0.1640054627,0.1233335388,0.2309064218,0.1733404517,0.1885048114,0.1733628216,0.1866795149,0.122327794,0.1737190643,0.1528890815,0.1610589452
135.5,0,0,0,0,0,0.1906098512,0.1367038659,0.08780690079,0.1843386698,0.1484664856,0.1413845951,0.1637330221,0.1232082926,0.2309272698,0.1733130336,0.1883534706,0.1734751728,0.1866785695,0.1222517258,0.1737070853,0.1528577364,0.1611824274
136,0,0,0,0,0,0.1906150392,0.1368638213,0.08798846091,0.1843527474,0.1482682886,0.1411598812,0.1635685976,0.1231554743,0.2308938036,0.1734458287,0.1882677521,0.173688867,0.1867276894,0.1222533668,0.1736956595,0.1528090598,0.1608979906
136.5,0,0,0,0,0,0.1907800878,0.1366991904,0.0878485625,0.1844791872,0.1484300573,0.1413303223,0.1636301949,0.1231542285,0.2309017197,0.1735606984,0.1882179762,0.1735586702,0.1868090159,0.1222219964,0.1737263243,0.1528790837,0.1607488523
137,0,0,0,0,0,0.1908663745,0.1367090308,0.08778757085,0.1846203518,0.1484090787,0.141277641,0.1636968518,0.123263961,0.2308835058,0.1733810411,0.1882724037,0.1733794263,0.186826432,0.1223756094,0.1735952509,0.1528611035,0.1605890168
137.5,0,0,0,0,0,0.1907247639,0.136726519,0.08766633261,0.1846844395,0.1484039604,0.1411248371,0.1638368606,0.1232034897,0.2308442937,0.1732114621,0.1881842202,0.173216613,0.186853622,0.1223649937,0.173652357,0.1527881334,0.1606011025
138,0,0,0,0,0,0.1906779308,0.13649258,0.08750653278,0.1846482573,0.1484686058,0.1411991464,0.1637372935,0.1230377818,0.2309216174,0.1730916236,0.188226283,0.1733438313,0.1866320343,0.1223146684,0.173718317,0.1528898419,0.1604886631
138.5,0,0,0,0,0,0.1906727443,0.1364146119,0.08753122324,0.1845930697,0.148540806,0.1412531727,0.1638016934,0.1232035091,0.2308573329,0.1730469914,0.1882137541,0.1733853678,0.1865855723,0.1222195902,0.1737389854,0.1529213845,0.1608922568
139,0,0,0,0,0,0.1907646292,0.1365939787,0.08749865584,0.1846556453,0.1485648645,0.1412095473,0.1638475506,0.1232132831,0.2308059818,0.1731087191,0.1881287084,0.1735194662,0.1866242154,0.1220548023,0.1737481503,0.152900342,0.1608510912
139.5,0,0,0,0,0,0.1907328312,0.1366863491,0.08773094131,0.1844574207,0.1484941983,0.1413265222,0.1639472769,0.1232274394,0.2307551758,0.1732241663,0.188140358,0.1735226636,0.1866596348,0.1220886732,0.1738226953,0.1528292063,0.1608225662
140,0,0,0,0,0,0.1906582271,0.1367521111,0.08768025632,0.1843366074,0.1483718082,0.1413579183,0.1638049779,0.1231293046,0.2305836334,0.1731098078,0.188031909,0.1733414707,0.1865478543,0.1223330222,0.1736290382,0.1527907141,0.1608389909
140.5,0,0,0,0,0,0.1908337127,0.1367160201,0.08752033591,0.1844975179,0.14835666,0.1413265491,0.1639051972,0.1233261658,0.2305320243,0.1731672323,0.1880802313,0.1733443136,0.1866667964,0.1221486381,0.173750607,0.1528112348,0.1610045763
141,0,0,0,0,0,0.1909217314,0.1366792993,0.08746564468,0.1846586261,0.1483244158,0.141387794,0.1638091571,0.123100789,0.2304238565,0.1732613346,0.1879872908,0.1735492963,0.1865351372,0.122136927,0.1734988568,0.1528033654,0.1609683372
141.5,0,0,0,0,0,0.1906182035,0.1364998291,0.08771754452,0.1846094992,0.148247978,0.1413896258,0.1637346547,0.1230194057,0.2303936827,0.173184718,0.187978828,0.1736001325,0.1866448091,0.1223086163,0.1736431623,0.1528160681,0.1609163136
142,0,0,0,0,0,0.190697311,0.1366005398,0.0878267456,0.184647911,0.1484698191,0.1412945437,0.1637646552,0.1230260895,0.230398106,0.1731204913,0.1880028091,0.1736506083,0.1867298135,0.1222877953,0.1736183709,0.1528641587,0.1609562052
142.5,0,0,0,0,0,0.1907865016,0.1366319755,0.08776042947,0.1846927836,0.1484737672,0.141262653,0.1638534843,0.1229473879,0.2304057525,0.1731314417,0.1881336398,0.1735251118,0.1866473112,0.122230393,0.1736021312,0.1530492703,0.160948373
143,0,0,0,0,0,0.1910180163,0.1368842514,0.08777659421,0.1848667902,0.1484562015,0.1414512994,0.1638890044,0.1230900128,0.2304912993,0.173151414,0.1880331075,0.1734586429,0.1866804079,0.1221919745,0.1735518828,0.1531578291,0.1610351393
143.5,0,0,0,0,0,0.1909776627,0.1367278487,0.08775906291,0.1848612459,0.1484523855,0.1415532874,0.1639493688,0.123140925,0.2305390613,0.1732978387,0.1881182173,0.1734548684,0.1864895311,0.1221042094,0.1734712713,0.153124123,0.1610383731
144,0,0,0,0,0,0.1908042688,0.1366609485,0.08781945605,0.1846845013,0.1485440058,0.1414321607,0.1637855369,0.123168072,0.2304211629,0.1734372988,0.1879498599,0.173294856,0.1865580372,0.1220847473,0.1736563487,0.1530914286,0.1611715532
144.5,0,0,0,0,0,0.1909590551,0.136615443,0.0878842291,0.1846789598,0.1485494819,0.1415079951,0.1637570297,0.1230789522,0.2304279145,0.1734881798,0.1877100571,0.1734677801,0.1865600473,0.1221705777,0.1736328205,0.1532146762,0.1612000659
145,0,0,0,0,0,0.1908537661,0.1366880557,0.08777648808,0.1846351084,0.148545773,0.1414856354,0.163682302,0.1231208839,0.2304301568,0.1735353343,0.1877134341,0.1733446083,0.1867519549,0.1220613071,0.1735345526,0.1532528574,0.160996928
145.5,0,0,0,0,0,0.1907621833,0.1366860739,0.08780439241,0.1846450731,0.148331357,0.1413394508,0.1637826902,0.1231958576,0.2303623424,0.17364903,0.187845128,0.1733251417,0.186617086,0.121996016,0.1735726256,0.1531684087,0.1609946644
146,0,0,0,0,0,0.1907490026,0.1365638451,0.08792928271,0.1845842373,0.148303584,0.1412405638,0.163948109,0.1232076246,0.230337731,0.1736042477,0.1877607275,0.1734126039,0.1864375896,0.1221914311,0.1735744748,0.1531056756,0.1608512039
146.5,0,0,0,0,0,0.1908029527,0.1364342987,0.08781846154,0.1846077237,0.1483861086,0.1412171391,0.1639340046,0.1233186334,0.2304039775,0.1737352921,0.1876590489,0.1735834826,0.1863819565,0.1222643654,0.173570269,0.1530364394,0.1610954516
147,0,0,0,0,0,0.1906128382,0.136668476,0.08764175978,0.184586371,0.1482659711,0.1414318345,0.1635478789,0.1232549546,0.2303139291,0.1735934685,0.1876442292,0.1735841552,0.1865847984,0.122296387,0.173642868,0.152904193,0.1613638673
147.5,0,0,0,0,0,0.190840509,0.1366543419,0.08770607715,0.1846228338,0.1483268688,0.1413387177,0.1634593516,0.1231347174,0.2301607818,0.1734944275,0.1876901986,0.1735248587,0.1867611444,0.1223031509,0.1736131724,0.1530071053,0.1614823638
148,0,0,0,0,0,0.1906475769,0.1366320126,0.08762085881,0.1846738145,0.1481603354,0.1414631204,0.1632745763,0.1232555737,0.2301231409,0.173573385,0.1877456394,0.1736657665,0.1867424207,0.1224070921,0.1737361198,0.1528638092,0.1613051152
148.5,0,0,0,0,0,0.1906158936,0.1367415971,0.08768898785,0.1847683528,0.1481773799,0.1414915475,0.1633804395,0.123504488,0.2299696949,0.1736912625,0.1877544449,0.1735645362,0.1867805481,0.1222871896,0.1736971146,0.1527752824,0.1612409532
149,0,0,0,0,0,0.1907856233,0.1369026907,0.08757561421,0.1846488259,0.148130651,0.1413184975,0.163412003,0.1235624946,0.2299078215,0.1736044387,0.1876060746,0.1736257226,0.1866638514,0.1223826949,0.1735461977,0.1527421821,0.1610976491
149.5,0,0,0,0,0,0.1908188369,0.1369950622,0.08767759664,0.1847623568,0.1481539358,0.1414101218,0.1635021657,0.1235057741,0.2300191586,0.1735816732,0.1875031565,0.1737232696,0.1866017828,0.1223331969,0.1736260661,0.1527540466,0.1612399603
150,0,0,0,0,0,0.19067672,0.1369082286,0.0875929529,0.1848125971,0.1481438906,0.1412943898,0.1635097918,0.1236200984,0.2300733929,0.1733287017,0.1875079373,0.1736995888,0.1865319833,0.1224001039,0.1734846118,0.1527445816,0.1612517171
150.5,0,0,0,0,0,0.1908497312,0.1369831683,0.08749859377,0.1846455149,0.1481522828,0.1414058952,0.163734773,0.1236400003,0.2300892811,0.1731643764,0.1873336018,0.1735639703,0.186606654,0.1225482293,0.1735729054,0.1526594804,0.1612071843
151,0,0,0,0,0,0.1907126873,0.1369991229,0.08778057231,0.184437268,0.1481687931,0.1412212243,0.1636042806,0.1236643521,0.2301011274,0.1730657996,0.1873500166,0.1735053985,0.1867540397,0.1226106731,0.1737952592,0.1527063671,0.1611779489
151.5,0,0,0,0,0,0.1906399928,0.1369962184,0.0877672931,0.1844411356,0.148315568,0.1411414238,0.1635892693,0.1235519843,0.2299414925,0.17337426,0.18761405,0.1734725549,0.18673481,0.1227156987,0.1737669876,0.1527116703,0.1610387632
152,0,0,0,0,0,0.190645198,0.1370156163,0.08777885806,0.1846487812,0.1484573386,0.1412828684,0.1636644702,0.1234599392,0.230012502,0.1731452887,0.1876395992,0.1735418818,0.1867898969,0.1227032424,0.1737217989,0.1528272977,0.1611376173
152.5,0,0,0,0,0,0.1905785195,0.1368749012,0.08772264606,0.1845277988,0.1485336443,0.1413121849,0.1637032795,0.1235163737,0.2299121649,0.1732205553,0.1876152094,0.1733851349,0.1867723572,0.1227826341,0.1735077281,0.152905293,0.1611406223
153,0,0,0,0,0,0.1907207088,0.1368076977,0.08772798819,0.1844980584,0.1486112652,0.1411452822,0.1637983802,0.1233661831,0.2298960155,0.1732131903,0.1875914955,0.1734699469,0.186954945,0.1229263359,0.1734525903,0.1528556319,0.1610845471
153.5,0,0,0,0,0,0.1906436765,0.136752987,0.08780571426,0.1845674136,0.1483785097,0.1412585978,0.1640712796,0.1233663481,0.2297635664,0.1733194195,0.187757196,0.1735885604,0.1868399485,0.122916932,0.1733601616,0.1529142488,0.1608511578
154,0,0,0,0,0,0.1908029382,0.1368026693,0.08760203214,0.1846018445,0.1483391039,0.1411764597,0.1640059209,0.1232809264,0.2298109705,0.1734001249,0.1878248658,0.1735461723,0.1867434423,0.1230006398,0.1734516083,0.1528203682,0.1608031501
154.5,0,0,0,0,0,0.190843322,0.1366180683,0.08770930434,0.1845603769,0.1482685406,0.1413272606,0.1638392871,0.1233113905,0.2299348904,0.1734326068,0.1878867989,0.1733846389,0.186646416,0.1229705114,0.1733538268,0.153005411,0.1607330027
155,0,0,0,0,0,0.1909096158,0.1366623469,0.08766773469,0.1846507127,0.1484094532,0.1415712511,0.1638575951,0.1233516154,0.2298959848,0.1735441857,0.188021159,0.1733305701,0.186778352,0.1227983139,0.173406609,0.1529533967,0.1606789734
155.5,0,0,0,0,0,0.1909341271,0.1366306083,0.08758110209,0.1846771993,0.1484105784,0.141583813,0.1640829775,0.1229942371,0.229822938,0.1734814118,0.1880607915,0.173360046,0.1868673714,0.1228362231,0.1734933197,0.1529098134,0.1606805264
156,0,0,0,0,0,0.1909879524,0.1367064599,0.08761044633,0.1846930149,0.1484893634,0.1415915159,0.1641023524,0.123049095,0.2299053303,0.1733866171,0.1879506174,0.1734758719,0.1869092157,0.1226222615,0.1735241896,0.1528020977,0.1606408003
156.5,0,0,0,0,0,0.1910439775,0.1368214592,0.08743785926,0.1846905741,0.1484546222,0.1417265714,0.163952425,0.1229075355,0.2298143424,0.1733365599,0.1878850439,0.1735568154,0.18691768,0.1225844016,0.173432881,0.1527200417,0.160707519
157,0,0,0,0,0,0.1908585634,0.1367787094,0.08764591434,0.1847265305,0.1486124647,0.1418013581,0.1637528717,0.1230149163,0.2296972006,0.17337259,0.1879088249,0.1736397751,0.1868670638,0.1226124625,0.1733814022,0.1528542843,0.1608273078
157.5,0,0,0,0,0,0.19094752,0.1367182769,0.08761692523,0.1847905566,0.1486152188,0.1415698085,0.1639481272,0.1229409064,0.2296285909,0.173330593,0.1879326369,0.1736036339,0.1869256246,0.1226379058,0.1735458665,0.1526815055,0.160684838
158,0,0,0,0,0,0.1909866463,0.1366044941,0.08758748923,0.1846492218,0.1486734615,0.1416484676,0.1638275577,0.1229406789,0.2296422914,0.1732766707,0.1878649594,0.1736488276,0.1869990155,0.1225832563,0.1735525874,0.1527544678,0.1606451096
158.5,0,0,0,0,0,0.1908727482,0.1367898611,0.08756156816,0.1846835775,0.1485522175,0.141430999,0.1636700922,0.1231442338,0.2297847273,0.1733207959,0.1879361063,0.173687368,0.1869583827,0.1224025753,0.1735013249,0.1528665738,0.1607418051
159,0,0,0,0,0,0.1907928456,0.1367014982,0.08740240837,0.1848563317,0.1485591186,0.1414061382,0.1638492911,0.123102618,0.2298461008,0.1733524705,0.1879982618,0.1737149007,0.1869704053,0.1222053311,0.173525288,0.1528890877,0.1607879583
159.5,0,0,0,0,0,0.1907895951,0.136687737,0.08739929959,0.1846840189,0.1485579076,0.1413976481,0.1638407837,0.123223166,0.2299265401,0.1733559053,0.1879721036,0.1737463403,0.1868550176,0.122215911,0.1733955095,0.1529438808,0.1607668877
160,0,0,0,0,0,0.1909330757,0.1366803203,0.08748541767,0.1847809968,0.1483438702,0.1413357798,0.164026592,0.1233199619,0.2299898618,0.1733470266,0.1879235292,0.173545361,0.1868102619,0.1221097441,0.1735049674,0.1529759168,0.1607312967
160.5,0,0,0,0,0,0.1910021567,0.1365916873,0.08771348663,0.18482709,0.1485405732,0.1415243237,0.1639107,0.1233251869,0.2300090707,0.173357637,0.1879020112,0.1736681843,0.1867549053,0.1221151869,0.1737847764,0.1530636163,0.1606525538
161,0,0,0,0,0,0.1909576131,0.1365001724,0.08784191779,0.1848155377,0.1484441092,0.1415161036,0.1639775524,0.1234153389,0.229971734,0.173323489,0.1879203214,0.1737529725,0.1868606243,0.1220662033,0.1738739744,0.1530961051,0.1606297986
161.5,0,0,0,0,0,0.1910202902,0.1365026873,0.08794740496,0.1849082965,0.1484905236,0.1416439835,0.1639517182,0.1233100047,0.230001512,0.1734389848,0.1879634129,0.1737998397,0.186691723,0.1222548774,0.1739101189,0.1527139043,0.1605297633
162,0,0,0,0,0,0.1911210739,0.1367226571,0.08807465566,0.1849744382,0.1486590853,0.1414217839,0.1639040085,0.1233242521,0.2299531972,0.1733210062,0.1878242815,0.1737999016,0.1866441819,0.1222738182,0.173824775,0.152685143,0.1605599324
162.5,0,0,0,0,0,0.1909468411,0.1367332938,0.08799881263,0.1849536103,0.1484464631,0.1414895034,0.1638141536,0.1234349483,0.2300451767,0.1732704512,0.1879011687,0.1737928964,0.1865865427,0.1223499126,0.1737782928,0.1528164673,0.160663911
163,0,0,0,0,0,0.1908921939,0.1368452354,0.08791910555,0.1848979255,0.1485656848,0.141445172,0.1640095509,0.1233663314,0.2301437754,0.1734869617,0.1879675955,0.1736332275,0.186577018,0.1223273746,0.1736841785,0.1528461247,0.1607992191
163.5,0,0,0,0,0,0.1908121733,0.1366799486,0.08781223733,0.184676065,0.1486063848,0.1413584863,0.1641353909,0.1234530021,0.2302146623,0.1734043505,0.1879945314,0.1735448642,0.1865541621,0.1222107504,0.1738123395,0.1528714625,0.1610165463
164,0,0,0,0,0,0.1907462165,0.1366708484,0.08783599675,0.1845789267,0.1486306694,0.1412758161,0.1642506228,0.1233512227,0.2301172845,0.1734326301,0.1880581677,0.1735665333,0.1866192374,0.1223872534,0.1737559151,0.1528955189,0.1607831742
164.5,0,0,0,0,0,0.1908425841,0.1367368749,0.08771814492,0.1846233361,0.1486307819,0.1412106928,0.1640416869,0.1234095985,0.2302004777,0.1736070901,0.188082482,0.1735685485,0.1865842883,0.1224629512,0.1738317941,0.1529439307,0.1606074462
165,0,0,0,0,0,0.1907950111,0.1365979095,0.08758073201,0.1847973204,0.1484007898,0.1412568301,0.164075996,0.1233450378,0.2302701815,0.1735784261,0.1880421763,0.1735309368,0.1867382669,0.1224692098,0.1737375587,0.15293654,0.1607885022
165.5,0,0,0,0,0,0.190709939,0.1365762784,0.08772405312,0.184876005,0.1484890303,0.1413510747,0.163986295,0.1232122635,0.2302814405,0.1735341579,0.1880826617,0.1734628562,0.1867984227,0.1223074974,0.1735840198,0.1530618639,0.1606332889
166,0,0,0,0,0,0.190865019,0.1366011364,0.08784055421,0.1850037522,0.1485733872,0.1414795751,0.1639374504,0.1231722372,0.2302924069,0.1735866185,0.1880074998,0.1734437355,0.1866946119,0.1223733817,0.1738056149,0.1529108119,0.1605988662
166.5,0,0,0,0,0,0.1908206221,0.1367090858,0.08771803908,0.1849236854,0.1484484352,0.141366876,0.1639316227,0.1233956468,0.2302789705,0.1735422141,0.188151927,0.1735522939,0.1868464482,0.1222489297,0.1736878637,0.1530577302,0.1607932497
167,0,0,0,0,0,0.1908016659,0.1365121183,0.0876897418,0.1849775134,0.1485619647,0.1413757049,0.164060611,0.1232833495,0.230275239,0.1737097212,0.1881154652,0.1734013879,0.1866878391,0.1223554702,0.1737065605,0.1530280546,0.1608633149
167.5,0,0,0,0,0,0.1907983661,0.1365261653,0.08774898589,0.1848412543,0.1482276443,0.1413148268,0.1639872912,0.1231332008,0.2301904642,0.1737124977,0.1880331086,0.1734217646,0.1866933782,0.1224101577,0.1737385472,0.1529191012,0.1609425133
168,0,0,0,0,0,0.1907230663,0.1367127561,0.08773773911,0.1848189336,0.1482134583,0.1413086918,0.1639032931,0.1233461345,0.2302370327,0.1736656883,0.1879305531,0.173344413,0.1867135814,0.1223378583,0.1739608432,0.1529253294,0.1609071603
168.5,0,0,0,0,0,0.1906774556,0.1366883003,0.0878513998,0.1847169278,0.1483727085,0.1413067437,0.16395882,0.1232445926,0.2303337433,0.1736489514,0.18781411,0.1733377664,0.1867517508,0.1222963083,0.1738188472,0.1528828912,0.1609056985
169,0,0,0,0,0,0.1907093515,0.1366499832,0.08774136669,0.1846476195,0.1483376923,0.1412001877,0.1640375364,0.1231888388,0.2305460699,0.1735304568,0.1876609766,0.173411659,0.186828888,0.1223037352,0.1737350972,0.1528897066,0.1607867573
169.5,0,0,0,0,0,0.1906942166,0.1366864729,0.08774239586,0.1847148473,0.1483058383,0.1413660917,0.1639008511,0.1235278684,0.2305796672,0.1735348427,0.1876386845,0.1735538935,0.1869079999,0.1221985221,0.1736514397,0.1527813324,0.1607921531
170,0,0,0,0,0,0.1907683785,0.136595455,0.08753642358,0.1847598407,0.1482122858,0.1413264921,0.1638313311,0.1234443341,0.2306397485,0.1735162893,0.187810692,0.1734828911,0.1867548572,0.1222215594,0.1736947834,0.1528410627,0.1608351153
170.5,0,0,0,0,0,0.1907647379,0.1366775722,0.08758828929,0.1845212029,0.1483717043,0.1412916806,0.1636356104,0.1233624483,0.2304615885,0.1735306207,0.1877409262,0.1735984515,0.1868213357,0.1220969144,0.1737065003,0.1527874562,0.1605146314
171,0,0,0,0,0,0.1908169594,0.1367831704,0.08766951134,0.1846251751,0.1483984936,0.1414544711,0.1635282842,0.1233970057,0.2305143933,0.1735277594,0.1877635952,0.1734411991,0.1865439078,0.1220862457,0.1735500026,0.1527841799,0.1607135563
171.5,0,0,0,0,0,0.1908124077,0.1369052255,0.08769210517,0.1844800952,0.1484303852,0.1414953962,0.1637433532,0.1233282765,0.2305516036,0.1734385262,0.1876351542,0.1735383061,0.1864572789,0.1221202566,0.1736308102,0.152798965,0.160588588
172,0,0,0,0,0,0.1909007245,0.1369153033,0.08770372479,0.1843787844,0.1484671194,0.1413854886,0.1638440321,0.1232664307,0.2304416119,0.1735480467,0.1875663401,0.1735104992,0.186623662,0.1222557805,0.1735721643,0.1529026678,0.1606953054
172.5,0,0,0,0,0,0.1907474956,0.136746479,0.0876252424,0.1844343304,0.1486276375,0.1411733854,0.1637543446,0.1233308552,0.2303566639,0.1735462929,0.1876692553,0.1734554932,0.1866462376,0.1222097999,0.1737091098,0.1528350661,0.1605001132
173,0,0,0,0,0,0.1907700216,0.1368051486,0.08765764008,0.1842820452,0.1482438357,0.1412488951,0.1637528683,0.1232032871,0.2303625246,0.1735436839,0.1873880941,0.1734879989,0.1865660071,0.1222278404,0.1736047546,0.1528719373,0.1604988862
173.5,0,0,0,0,0,0.1907499022,0.1368336871,0.08773442764,0.1843313596,0.1480618757,0.141348905,0.1638327054,0.1232293431,0.2304041287,0.1736244306,0.1875842678,0.1735516839,0.1865343892,0.1219825829,0.1735929506,0.1527672723,0.1604023964
174,0,0,0,0,0,0.1908893589,0.1368768692,0.08769950809,0.1842982785,0.1481569278,0.1417130373,0.1639186392,0.1230735402,0.2303163014,0.1734139343,0.1877095919,0.1735441441,0.1864764178,0.1220303367,0.1735634243,0.152610406,0.1605438097
174.5,0,0,0,0,0,0.1909424861,0.1368609747,0.08770617391,0.1843189645,0.148376204,0.1417467769,0.1637909712,0.1230039842,0.2303292741,0.1733932305,0.1876271002,0.1734805435,0.1865878373,0.122074079,0.1736167934,0.1525687085,0.1606066476
175,0,0,0,0,0,0.190947319,0.13689995,0.08754479116,0.1842802312,0.1484809727,0.1416515442,0.1638362786,0.1230950914,0.2302469605,0.1731506135,0.1876485245,0.173494237,0.1865615473,0.122217323,0.1734175568,0.1525407128,0.1605998582
175.5,0,0,0,0,0,0.1910542185,0.1369807833,0.08760073577,0.1842448802,0.1484360584,0.1416196894,0.1636766374,0.1231092733,0.2301356436,0.1730799225,0.1876354092,0.1733444134,0.1864361827,0.1221554709,0.1734820881,0.1526478064,0.160538174
176,0,0,0,0,0,0.1910587064,0.1368732179,0.08763607921,0.1842186032,0.1482589619,0.1415284505,0.1635792865,0.1231339665,0.2302309083,0.1730762422,0.1876265367,0.1733644892,0.1865651986,0.1223036896,0.1735782683,0.1525496937,0.1604401191
176.5,0,0,0,0,0,0.1911281563,0.136595172,0.08763210809,0.1841766008,0.1484331583,0.14138135,0.1638022231,0.1233614064,0.2304107904,0.1731446767,0.1874912042,0.1732266082,0.186664927,0.1225348799,0.1735993637,0.1526714386,0.160409126
177,0,0,0,0,0,0.19084175,0.1368445445,0.08778328801,0.184298113,0.1485033735,0.1413939394,0.163909407,0.1232860072,0.2304273971,0.1731309637,0.1875687737,0.1730388603,0.1866627849,0.1225207637,0.1737376384,0.1527235516,0.1605018945
177.5,0,0,0,0,0,0.1908439912,0.1367511499,0.08791361633,0.1843627239,0.1486056751,0.1414893425,0.1638725544,0.1233459226,0.2303981822,0.1730689745,0.1875445222,0.1730526509,0.1866001751,0.1224541891,0.1739354503,0.1528385229,0.1604554753
178,0,0,0,0,0,0.1909499478,0.1366292994,0.08767933214,0.184602306,0.1485400235,0.1414875115,0.1640070537,0.1234602569,0.2304061712,0.1731742921,0.187815816,0.173088333,0.1866826523,0.1224505178,0.1739393962,0.152791596,0.1605070297
178.5,0,0,0,0,0,0.1909840338,0.1365390635,0.08770187783,0.184616382,0.1485058857,0.1415739242,0.1641166522,0.1234262652,0.2303451919,0.173096556,0.1878290075,0.173019303,0.1867066418,0.1223404903,0.1738107578,0.1529327302,0.16074924
179,0,0,0,0,0,0.1911011044,0.1366547876,0.08764544337,0.1844983212,0.1484335077,0.1416678278,0.1642385322,0.1233601408,0.2302556972,0.1731514601,0.1878446067,0.173060703,0.1865990056,0.1221829945,0.1737806281,0.1528850845,0.1609612542
179.5,0,0,0,0,0,0.1911920783,0.1367425872,0.08787933663,0.1844531002,0.1483481853,0.1415458234,0.16415675,0.1233752555,0.2304218128,0.1729955746,0.1877107142,0.1730730202,0.1865460665,0.1219535606,0.1737058915,0.1526935984,0.1609666804
180,0,0,0,0,0,0.1912378288,0.1367553819,0.08799229087,0.1844711429,0.1481918815,0.1415392642,0.1641281848,0.1231926913,0.2302115981,0.1730979158,0.18766527,0.1731750115,0.1865051623,0.1221063343,0.1736567697,0.1525096912,0.1608144679
180.5,0,0,0,0,0,0.191221282,0.1368073579,0.08800227824,0.1844101065,0.1482367639,0.1414088441,0.1641338987,0.1231133074,0.2301227293,0.173120055,0.1876266814,0.1733121756,0.1865809643,0.1222153719,0.1736357783,0.1524539228,0.1609602584
181,0,0,0,0,0,0.1911810613,0.1370028725,0.08797694017,0.1843068304,0.1484960949,0.1415080385,0.1639631958,0.1231184801,0.2300211734,0.1732114,0.1877453864,0.1733732704,0.186531558,0.1223642166,0.1735878755,0.1524878628,0.1610396609
181.5,0,0,0,0,0,0.1909670937,0.1369598135,0.08788747196,0.1843093737,0.1485752224,0.1413950678,0.1639994568,0.1232447531,0.2299307674,0.1733828069,0.1878209221,0.1735191957,0.1866806459,0.1222812627,0.1733511863,0.1525868891,0.1610040759
182,0,0,0,0,0,0.190917297,0.136860657,0.08776967256,0.184482021,0.1487462868,0.1416093396,0.1638150542,0.1231252179,0.2298979728,0.1735136771,0.1877702073,0.1735351806,0.1865409132,0.1223667464,0.173505764,0.152697064,0.1610081018
182.5,0,0,0,0,0,0.1910687064,0.1369394975,0.08779820582,0.1845131701,0.1486883434,0.1415955509,0.1636781722,0.1231927349,0.2301302624,0.1735992768,0.1876091335,0.1734460657,0.1865732263,0.1223543878,0.1734643921,0.1527871086,0.1609128133
183,0,0,0,0,0,0.1908902597,0.1370164439,0.08776863186,0.1843621059,0.1486255659,0.1414266455,0.1637647184,0.1232386442,0.2302015348,0.1734826428,0.1876903345,0.1736799443,0.1867429013,0.1224641465,0.1734792642,0.1527485906,0.1608896374
183.5,0,0,0,0,0,0.1910066262,0.1371062621,0.08792795064,0.184350786,0.1485534234,0.1416406174,0.1640648139,0.1231399521,0.2302211526,0.1735664635,0.1877334878,0.1736966722,0.1867892681,0.1224022876,0.1734600739,0.1526519032,0.1608254821
184,0,0,0,0,0,0.1909323616,0.1369789794,0.0878914073,0.1845121358,0.148503451,0.1416923968,0.1639856789,0.1233291089,0.2302148235,0.1735530801,0.1880175907,0.1736181647,0.1867976605,0.1224319196,0.1736247362,0.1525660288,0.1609565581
184.5,0,0,0,0,0,0.1907529171,0.1369050574,0.08773978696,0.1843879355,0.1484988483,0.1416165239,0.1639739142,0.1233619182,0.2301536516,0.1735143295,0.1879538637,0.1734577265,0.1867633302,0.1225775553,0.1734126803,0.1526885171,0.160891784
185,0,0,0,0,0,0.1907334615,0.1367301286,0.0876406157,0.1844303289,0.1485815998,0.1416714468,0.1637836827,0.1234922192,0.2301886999,0.1734692939,0.188007684,0.1732838889,0.1869389934,0.1225613006,0.1734792537,0.1527576217,0.1609456907
185.5,0,0,0,0,0,0.1908041874,0.1366159274,0.08766582169,0.1842720064,0.1482743141,0.141574333,0.1637241534,0.1235340271,0.2300976472,0.17348675,0.1880556078,0.1734886709,0.1868293306,0.1225820007,0.1735804548,0.1528063754,0.1609304812
186,0,0,0,0,0,0.1907484248,0.1368147805,0.08765569589,0.1842813892,0.1483564278,0.1416145438,0.1637707681,0.1235029548,0.2299275853,0.1735511773,0.1882063453,0.1734203537,0.1868036217,0.1223979165,0.1736000267,0.1526174421,0.1608076114
186.5,0,0,0,0,0,0.1907897632,0.1366799717,0.08779446009,0.1842715261,0.148311506,0.1415362335,0.1637910892,0.1235787651,0.2298538902,0.1734588852,0.1879885163,0.1732963634,0.1868224708,0.1225090927,0.1737502178,0.1528107625,0.1607733573
187,0,0,0,0,0,0.1908283235,0.1368029825,0.08785071647,0.1843870325,0.1484038591,0.1416101917,0.1638841284,0.1235955174,0.2299254265,0.1734733127,0.1880259008,0.1733372014,0.1867106153,0.1223835721,0.173634813,0.1528542387,0.1607365055
187.5,0,0,0,0,0,0.190799463,0.1366871805,0.08782644538,0.1844933248,0.1483429439,0.1413549284,0.164070343,0.1236288319,0.2298294426,0.1735215627,0.1880328491,0.1732192789,0.1867232558,0.1221145896,0.1737164819,0.1526523345,0.160747346
188,0,0,0,0,0,0.1907178208,0.1368082716,0.08776002158,0.1846358345,0.1482919689,0.141326919,0.1641504121,0.1234786692,0.2298398344,0.1734688685,0.1879712753,0.1732870305,0.1867732765,0.1222044243,0.1735276387,0.1523449887,0.1608042855
188.5,0,0,0,0,0,0.1906877406,0.1368831133,0.08784950145,0.1846147401,0.1484145708,0.1413674838,0.1644097968,0.1233651426,0.2298613364,0.1734501755,0.1880754345,0.1731982684,0.1866336283,0.1219098747,0.1735130958,0.1524235036,0.1608985385
189,0,0,0,0,0,0.1908164649,0.1368478732,0.08759571864,0.1846014279,0.1484379785,0.1411948897,0.1642759314,0.1233253382,0.2299731591,0.173544531,0.1880460484,0.1732298219,0.1867560376,0.1219141938,0.1735105476,0.1524688818,0.1609106353
189.5,0,0,0,0,0,0.1909339483,0.1367608944,0.08756245374,0.1846239157,0.1482538832,0.1413721046,0.1641313558,0.1234391569,0.2299652408,0.1734972443,0.1880990442,0.1733693833,0.1868486153,0.1220302291,0.173560322,0.1524500509,0.1608817371
190,0,0,0,0,0,0.1908903408,0.1369076765,0.08770836677,0.1845627913,0.1484362957,0.141332662,0.1639676149,0.1235934438,0.2299972312,0.1735326213,0.1880809564,0.1734248542,0.1870724439,0.1218564287,0.1737201613,0.1522188175,0.1607362316
190.5,0,0,0,0,0,0.1910087205,0.136950489,0.08777153984,0.184708756,0.1483142299,0.1412427245,0.1641949725,0.12352075,0.2299801024,0.1736727636,0.1880449899,0.173563434,0.1870081158,0.122178031,0.1736106177,0.1521693135,0.1608111053
191,0,0,0,0,0,0.1908132364,0.1368524063,0.0877379959,0.1844814219,0.1483517415,0.141216382,0.1641759254,0.1233753379,0.2299336528,0.1737652454,0.1878149917,0.1735627921,0.1870520255,0.1221747002,0.1737370884,0.1522591446,0.1606270073
191.5,0,0,0,0,0,0.1908134077,0.136840979,0.08779629448,0.18439252,0.1485496641,0.1413667194,0.1641788665,0.1234793199,0.2300852215,0.1736408587,0.1878754614,0.173628071,0.1870058159,0.1223000439,0.1737463866,0.1521527433,0.160450508
192,0,0,0,0,0,0.1908648997,0.136863102,0.08778926105,0.1844807052,0.1485442554,0.1413478126,0.1642314102,0.1236821922,0.2301572272,0.173606851,0.1877085193,0.1734769464,0.1867371975,0.1224681405,0.1736040622,0.1522326918,0.1604506625
192.5,0,0,0,0,0,0.1908052523,0.1369666284,0.08774604812,0.1843603201,0.1486908537,0.1412527736,0.1642682678,0.1234328426,0.2301654723,0.1736544692,0.1879605651,0.1734342468,0.1866861216,0.1223951315,0.173576508,0.1522065124,0.1602353003
193,0,0,0,0,0,0.1907802463,0.1369657517,0.08785655588,0.1844185416,0.1488340621,0.1414227647,0.1642311047,0.1234429657,0.2301618998,0.1737846958,0.1881257968,0.1735408809,0.1866740879,0.1225217486,0.173779994,0.1522893829,0.1599692744
193.5,0,0,0,0,0,0.1906581521,0.1369514199,0.08791775809,0.1842667384,0.1487713898,0.1415272364,0.1643115203,0.1235620954,0.2302190962,0.1737643369,0.1879483089,0.1734959506,0.1867123568,0.1223942988,0.1738230351,0.1523811348,0.1599745895
194,0,0,0,0,0,0.1907470749,0.1369432525,0.08806145602,0.1843400177,0.1487113867,0.1414583491,0.1642305728,0.1235000862,0.2301185837,0.1738529256,0.1877473179,0.1734002392,0.1867701423,0.1223863142,0.1737104567,0.1525587649,0.1599520105
194.5,0,0,0,0,0,0.1907441124,0.1368743421,0.08789923876,0.1842752789,0.1486872366,0.1414636012,0.164274361,0.123332279,0.2300257413,0.1738375059,0.1875285032,0.1735273108,0.1867590458,0.1224198529,0.1736381654,0.152581194,0.16000589
195,0,0,0,0,0,0.1907927956,0.13683293,0.08788089367,0.1841091941,0.1484903574,0.1414675622,0.1643563379,0.123288464,0.2300786694,0.1737496149,0.1876547351,0.1733753756,0.1870009453,0.1224348592,0.1735762646,0.1526868957,0.159835372
195.5,0,0,0,0,0,0.1907767996,0.1366352596,0.08781949377,0.1842508806,0.1486206869,0.1415486978,0.1641572734,0.1232166949,0.2301691337,0.1738086076,0.1876333356,0.1733637793,0.186969007,0.1224265181,0.1735928304,0.1525868358,0.1597381816
196,0,0,0,0,0,0.1906487909,0.1368373441,0.08770506515,0.1843488287,0.1484836685,0.1415491127,0.1641316887,0.1232080231,0.2301376328,0.1736417709,0.1877469918,0.1733938236,0.1868841291,0.1223673439,0.1736521368,0.1526033623,0.1596216004
196.5,0,0,0,0,0,0.1906620984,0.13675349,0.08770230159,0.1844363782,0.1485492065,0.1414358681,0.1641803316,0.1230611547,0.2301347061,0.1736870131,0.1875307537,0.1734156897,0.1867739317,0.1223510216,0.1735758254,0.1525882856,0.1596051055
197,0,0,0,0,0,0.1906012737,0.1366512871,0.08766142761,0.1844969662,0.1484080771,0.1413659672,0.1643472285,0.1231045921,0.2300013768,0.1736164205,0.1874174713,0.1734509267,0.1866723615,0.12207652,0.1733545138,0.1526741849,0.1593622818
197.5,0,0,0,0,0,0.1907345425,0.1366244058,0.08766076081,0.1846689175,0.1484897589,0.1412955493,0.164163613,0.1231993244,0.2301117531,0.173533943,0.1874796709,0.1734762908,0.1867076567,0.1220289722,0.1734250317,0.1526557831,0.1594635496
198,0,0,0,0,0,0.1907167693,0.13660077,0.08782257188,0.1846847243,0.1484265466,0.1413348667,0.1643267974,0.1232259769,0.2302088155,0.173634146,0.1874590654,0.173373695,0.1866649751,0.1220563121,0.1733079697,0.1527756579,0.1596032076
198.5,0,0,0,0,0,0.1908021155,0.1367063383,0.08769256994,0.1845921134,0.1485397509,0.1412860314,0.164296666,0.1231008011,0.2303455083,0.1735844503,0.187500078,0.1734665169,0.1865479648,0.1218975186,0.1732655736,0.1528390593,0.1595373221
199,0,0,0,0,0,0.1908388533,0.136751664,0.08760628934,0.1845957799,0.1484414667,0.1414061579,0.1642855958,0.1231752218,0.2305200915,0.1735060587,0.187513695,0.1733788249,0.1867716677,0.121999315,0.1733379396,0.1528831437,0.1595199485
199.5,0,0,0,0,0,0.1908057124,0.1367294822,0.08752105715,0.1845489718,0.1485760691,0.141399083,0.1642967424,0.1229895139,0.2304650236,0.1736062476,0.187594942,0.173321787,0.1867633995,0.1221988567,0.1733059525,0.1530551514,0.1595721475
200,0,0,0,0,0,0.1909487323,0.1367704074,0.08773356737,0.184401714,0.1483209803,0.1413537134,0.1641827091,0.1230922648,0.230481731,0.1734552276,0.187723754,0.1732728807,0.1867974791,0.1223150359,0.173268439,0.1529366678,0.1595280538
200.5,0,0,0,0,0,0.1909335831,0.1366940076,0.08765268166,0.1844098204,0.148353395,0.1414098192,0.1641482531,0.1233006858,0.2305234411,0.173543469,0.1874384147,0.1732269886,0.1865404323,0.1224414477,0.1733400543,0.1530034442,0.159451942
201,0,0,0,0,0,0.1909616543,0.1367582469,0.08766842271,0.1841974723,0.1483398847,0.1414467533,0.1639355718,0.1232567496,0.2306428567,0.1735601429,0.1874526094,0.1732409283,0.1865442858,0.1225354152,0.1734422612,0.1530064197,0.1595944515
201.5,0,0,0,0,0,0.19093668,0.1366998884,0.08766398114,0.1841707681,0.1483418987,0.1414597506,0.1640374671,0.1233634386,0.2305878463,0.1735607319,0.1873891064,0.173294274,0.1864230924,0.1225345538,0.1734945549,0.1528262382,0.1597073826
202,0,0,0,0,0,0.1908129486,0.136716018,0.08765354331,0.184077064,0.1486168498,0.1414205805,0.1639834686,0.1234889251,0.2304375213,0.173493001,0.1872120517,0.1733776206,0.1866580904,0.122479519,0.1737040116,0.1527851612,0.1597434161
202.5,0,0,0,0,0,0.1908683617,0.136681555,0.08750706462,0.1842893307,0.1485910135,0.1414734349,0.1639264591,0.1235626428,0.2304396612,0.1735072951,0.1872602116,0.1735070185,0.1866726146,0.1225291718,0.1734853175,0.152705266,0.1598585181
203,0,0,0,0,0,0.1907640886,0.1367150108,0.08767721414,0.1842854458,0.1485638963,0.1415682856,0.1638790781,0.1235379721,0.2305165476,0.1736249117,0.1873411066,0.1733355864,0.1866442813,0.1223983391,0.1734289426,0.1528485395,0.1598492603
203.5,0,0,0,0,0,0.1907559494,0.1366822235,0.08782032309,0.1844744604,0.1484832451,0.1416870008,0.1639393017,0.1234910025,0.2303591566,0.1737499943,0.1872963737,0.1734500783,0.1865896018,0.1221838308,0.1733803684,0.1530909024,0.1599461852
204,0,0,0,0,0,0.1906587207,0.1366647434,0.0878578116,0.18445889,0.1484618913,0.1416119541,0.1638617933,0.1233628909,0.2303667705,0.1736542157,0.1872395038,0.173679421,0.1866063398,0.1225117069,0.1735486559,0.1529736455,0.1599592257
204.5,0,0,0,0,0,0.1907733771,0.1367572472,0.08797172041,0.1844388456,0.1483915308,0.1414607237,0.1638572613,0.1235432697,0.2304874737,0.1736670771,0.1870445609,0.1735751454,0.1865335742,0.1226088258,0.1735967323,0.1530036935,0.1600833753
205,0,0,0,0,0,0.1908659837,0.1367934461,0.08792183819,0.1843706825,0.1484078735,0.1413119738,0.163894967,0.1233502513,0.2304601358,0.1734002273,0.1869950483,0.1735901561,0.1865894556,0.1225836209,0.1736746475,0.1530115904,0.160131913
205.5,0,0,0,0,0,0.190827573,0.1367571594,0.08774794892,0.1841912904,0.1485529054,0.1412025867,0.1639826675,0.1231676168,0.2305492934,0.1736041078,0.1870725767,0.1736985251,0.1867632837,0.1225330239,0.1737832095,0.1529420125,0.1600435488
206,0,0,0,0,0,0.1908678231,0.1368353886,0.08768211907,0.1842128438,0.1485137722,0.1412394885,0.1638379295,0.1231624328,0.2306108941,0.1734391347,0.1871645709,0.1736884476,0.1868385855,0.1225601451,0.1738388561,0.152747116,0.1601111166
206.5,0,0,0,0,0,0.1908299594,0.1367902089,0.08787643565,0.1843566357,0.1485365362,0.1413160551,0.1637881463,0.123248415,0.2306634805,0.1735277628,0.187040324,0.1737434807,0.1868513125,0.1225775036,0.1739000868,0.1527185802,0.16024192
207,0,0,0,0,0,0.1909203335,0.1367213165,0.08785349284,0.1842929587,0.1484897489,0.141164537,0.1637258939,0.1233296919,0.2304780863,0.1735045293,0.1872936677,0.1736532366,0.1869428785,0.1222689846,0.1739038827,0.1527314931,0.1602723521
207.5,0,0,0,0,0,0.1909464305,0.1367183592,0.08793225172,0.1841997328,0.148488939,0.1413017051,0.1637577076,0.1233337181,0.2304036373,0.1734684119,0.187364728,0.1735655519,0.1868132663,0.1224511896,0.1740946538,0.1525730145,0.1603711837
208,0,0,0,0,0,0.1908929193,0.1366385484,0.08790373399,0.1842411672,0.1482964155,0.1415635789,0.1637612723,0.1233851993,0.2304370644,0.1735965115,0.187217588,0.1735645625,0.1866601864,0.1225271993,0.1741305648,0.1526351707,0.1603833206
208.5,0,0,0,0,0,0.1908813384,0.1366209301,0.08769939857,0.1843548067,0.1484120974,0.1414353051,0.163949663,0.1232976448,0.2304080023,0.1735198795,0.1871525241,0.1732994513,0.1866419786,0.1225369963,0.1739052326,0.152362795,0.1602835182
209,0,0,0,0,0,0.1909386564,0.1368682469,0.08765393207,0.1843679887,0.148335101,0.1414501422,0.1639223517,0.1232084881,0.2303470387,0.1735289476,0.1872157656,0.1733589847,0.1866048076,0.1224406577,0.1738812217,0.1523735124,0.1603359647
209.5,0,0,0,0,0,0.1911014688,0.1369391907,0.08769067643,0.1843039981,0.1482810088,0.1415259163,0.1639410656,0.1232474941,0.2303421878,0.1733641176,0.1871129021,0.1733573514,0.1865521861,0.1222710791,0.1741521061,0.1523718778,0.1604617473
210,0,0,0,0,0,0.1910391829,0.1368292806,0.08763687091,0.1843339414,0.1483924282,0.1412786979,0.1639729602,0.1233293336,0.2303827097,0.17324255,0.1870670169,0.1732550993,0.1865673246,0.1223307482,0.1739911586,0.1525527439,0.1605164003
210.5,0,0,0,0,0,0.1909231923,0.1367984758,0.08770149449,0.1844232458,0.1482858635,0.141203705,0.1637988146,0.1234767853,0.2303054036,0.1733284824,0.1869630461,0.1733668287,0.186555429,0.1225638564,0.173992911,0.1526483027,0.1605455811
211,0,0,0,0,0,0.1908099478,0.1367040726,0.08768570872,0.1845303196,0.1483513416,0.141285348,0.1637758812,0.123669545,0.2303017862,0.1734123693,0.186927269,0.1733936819,0.1865142788,0.1224628483,0.1740351648,0.1526669024,0.1605582049
211.5,0,0,0,0,0,0.1908704069,0.1368238509,0.08787967996,0.1845086203,0.148448795,0.1411784561,0.1638054806,0.1237062818,0.2302572014,0.1733208468,0.1869462651,0.1733442756,0.1864887407,0.1223259405,0.1739595328,0.152576094,0.1604489208
212,0,0,0,0,0,0.1908991902,0.1367061508,0.08789673835,0.1845232644,0.1484845954,0.1412125301,0.1638501168,0.1238958352,0.2302252963,0.1734788333,0.1869633044,0.173302171,0.1865720088,0.1223212641,0.1739944709,0.1526713656,0.1603965342
212.5,0,0,0,0,0,0.19086898,0.1365788465,0.08777943507,0.1845450501,0.1484778825,0.1411902619,0.1639017831,0.123758645,0.2301954443,0.1733697991,0.1868636222,0.1733341266,0.1865923415,0.12220375,0.1738733124,0.1526573312,0.1601924438
213,0,0,0,0,0,0.1910122278,0.1366918302,0.08781054569,0.1846141378,0.1484107675,0.1412041358,0.1639644073,0.1237653707,0.230322336,0.1734616769,0.1868769459,0.1732835037,0.1866512108,0.1223495783,0.1736681335,0.1525430166,0.1602751281
213.5,0,0,0,0,0,0.1909150076,0.136767916,0.08793869712,0.184541869,0.1484969031,0.1410851781,0.1640858918,0.1236534757,0.2304553516,0.1734222644,0.187068013,0.1732765353,0.1866660692,0.1223214331,0.173629035,0.1524341903,0.1603677827
214,0,0,0,0,0,0.1908549121,0.1367866662,0.08780319175,0.1844757617,0.1484152616,0.1411533933,0.163957505,0.1237187064,0.2304261121,0.1735226617,0.1869682303,0.1733903935,0.1867824741,0.1222942625,0.173686088,0.1524267125,0.1603619135
214.5,0,0,0,0,0,0.1907299514,0.1368467769,0.08796803186,0.1843548753,0.1485343868,0.1412346971,0.164010324,0.1238206944,0.2302827186,0.1734409788,0.1869792486,0.1732791374,0.1867219157,0.1223002083,0.1737480886,0.152529576,0.1603700578
215,0,0,0,0,0,0.1907440659,0.1369244489,0.08808894101,0.1842328445,0.1486487993,0.1413034957,0.1640529818,0.1238440252,0.2302576004,0.1735511593,0.1870676087,0.1733681768,0.1867656723,0.1221061042,0.1735890077,0.1524710887,0.1602267012
215.5,0,0,0,0,0,0.1908559915,0.1368693503,0.08810090074,0.18430442,0.148589555,0.1413544911,0.1641087847,0.1235626125,0.2303023352,0.173437419,0.1870947196,0.1733236045,0.1865908922,0.12208395,0.1737484271,0.1525692593,0.160194598
216,0,0,0,0,0,0.1909156308,0.1370608383,0.08808597971,0.1842452195,0.1485835724,0.1414505492,0.1639265281,0.1233732526,0.2303384982,0.1735952439,0.1869873752,0.1732079197,0.186629897,0.1219353864,0.1736299394,0.1525103697,0.1604992455
216.5,0,0,0,0,0,0.190919594,0.1368604735,0.08800673689,0.1843248786,0.148644625,0.1414662277,0.1636406365,0.1232377168,0.2302892414,0.1735477983,0.1868201404,0.1731071159,0.1866672744,0.1221042685,0.1735197961,0.1525835112,0.1603887817
217,0,0,0,0,0,0.1910058068,0.1367380157,0.08792568562,0.1844851072,0.1486330335,0.1414364486,0.1635880082,0.1232086972,0.2303258035,0.1734619413,0.1869650662,0.1730384433,0.1865976747,0.1221623088,0.1734654633,0.1528193524,0.1602878491
217.5,0,0,0,0,0,0.1908697596,0.136733292,0.0877897407,0.1844436611,0.148384406,0.1412893434,0.1636539566,0.1232717654,0.2303455857,0.173551721,0.1868868749,0.1731484122,0.1865388461,0.1222105173,0.1733819246,0.1528900976,0.160275883
218,0,0,0,0,0,0.1908298716,0.1367921079,0.0880008358,0.184471822,0.148463205,0.1412730647,0.1634936537,0.123275437,0.2302875254,0.1734119151,0.1867397803,0.173178993,0.1864978436,0.1222601882,0.1734321305,0.1530143713,0.1604919666
218.5,0,0,0,0,0,0.1908148317,0.1367085095,0.08795163957,0.1843915781,0.1486824502,0.1410861842,0.1636143306,0.1232377153,0.2301002588,0.1734294846,0.1866736882,0.1732702197,0.1866653927,0.1222029156,0.1731795181,0.1530555513,0.1604109118
219,0,0,0,0,0,0.1906909198,0.1367454711,0.08779698989,0.1844588839,0.1485368168,0.1410159322,0.1638854533,0.1233246898,0.229949978,0.1731073538,0.1868264658,0.1733052139,0.1867190278,0.1219922715,0.1733100897,0.1529659921,0.1602782343
219.5,0,0,0,0,0,0.1905930676,0.1365166089,0.08806186051,0.1844625694,0.1485232135,0.1408813264,0.1637904711,0.1232446455,0.2299385889,0.1731502071,0.1867377962,0.1732828562,0.1867903849,0.122090202,0.1733379483,0.1527849024,0.1604252934
220,0,0,0,0,0,0.1906832564,0.1365463961,0.0878976892,0.1844418554,0.1484556651,0.1408707801,0.1638305722,0.1232125888,0.2298812185,0.1734123364,0.1865004814,0.1731808829,0.186817271,0.1220860402,0.1733656707,0.1525554596,0.1603619519
220.5,0,0,0,0,0,0.1906787575,0.136566238,0.08786784382,0.1843390789,0.1484194664,0.1410729706,0.1638532079,0.1232928701,0.2299634804,0.1734672525,0.1864798248,0.1733164542,0.1867910152,0.1219582048,0.1732373471,0.1524708441,0.1604207056
221,0,0,0,0,0,0.190749825,0.1365857373,0.0877575656,0.1842934938,0.1484181983,0.1410750571,0.163751274,0.1233178505,0.2300339702,0.1734749573,0.1862904887,0.1733220295,0.1868842499,0.1219961169,0.1732897741,0.1526187094,0.1602471861
221.5,0,0,0,0,0,0.1907035411,0.1367330946,0.08775295089,0.1842718753,0.1484475744,0.1410226029,0.1638175396,0.1233007946,0.2301452854,0.1735639848,0.1863231044,0.1731666102,0.1868672446,0.1220375116,0.1733068053,0.1526677516,0.1603199294
222,0,0,0,0,0,0.1907943263,0.1368774065,0.08776271938,0.1843170514,0.1483505382,0.1411005858,0.1639125295,0.1232982827,0.2301300544,0.1736198624,0.186447317,0.173349275,0.1870854935,0.1220808668,0.1733862743,0.1527939304,0.1600837691
222.5,0,0,0,0,0,0.1909059649,0.136762143,0.08779036819,0.1844491139,0.1484381723,0.1412648239,0.1638428349,0.1233547105,0.2301127693,0.1736461225,0.1863042728,0.1733388977,0.1869283422,0.1220244359,0.1734214728,0.1527011081,0.160099009
223,0,0,0,0,0,0.1908115583,0.1368511954,0.0878638782,0.1843250426,0.1485722983,0.1412811906,0.163702921,0.1232035364,0.2299993568,0.1736934438,0.1864525887,0.1730767042,0.1868081325,0.1221269217,0.173786347,0.1526725214,0.1600423782
223.5,0,0,0,0,0,0.1907157904,0.1366987074,0.08773070843,0.184569009,0.1485517699,0.141271512,0.1638665097,0.1232162828,0.2300442354,0.1734719846,0.1863603635,0.1728973181,0.1866969162,0.1221340518,0.1736674267,0.1527858777,0.1599360549
224,0,0,0,0,0,0.1908254857,0.13659377,0.08780699887,0.1845762215,0.1484906431,0.1413253867,0.1637011547,0.1233077737,0.2300829711,0.1734818531,0.1863246595,0.1729368327,0.1866639523,0.1219207777,0.1735549819,0.1526143678,0.1598132087
224.5,0,0,0,0,0,0.1908044918,0.1369143228,0.08771055122,0.1846487958,0.1484368704,0.1412786527,0.1636343079,0.1231890202,0.2300776184,0.17349995,0.1863637287,0.1729799019,0.1865515511,0.122117835,0.1735124661,0.1525666094,0.159680913
225,0,0,0,0,0,0.1909790009,0.1370565516,0.08772810865,0.1848158385,0.1484172268,0.1412531707,0.1637415127,0.1234432804,0.230044197,0.1734093424,0.1862014046,0.1731102553,0.1865342617,0.1220673483,0.1735437299,0.1523846721,0.159457821
225.5,0,0,0,0,0,0.1910004581,0.1370407396,0.08782376333,0.1847171075,0.1484161156,0.1412835949,0.1639537695,0.1235139729,0.229916135,0.1736013594,0.186376158,0.1732788402,0.1864612602,0.1218388849,0.1734211587,0.1523622339,0.1595115323
226,0,0,0,0,0,0.1909144741,0.1368949451,0.08772936063,0.1847447698,0.1484875378,0.1412837818,0.1639601308,0.1235519032,0.2299689727,0.1736771259,0.1861958936,0.1731083105,0.1865074179,0.1219999406,0.1736093774,0.1524501161,0.1593897178
226.5,0,0,0,0,0,0.1910022911,0.1366694385,0.08762804214,0.1846375071,0.1483924895,0.1413276691,0.1640843268,0.1236397005,0.2299393743,0.1738041949,0.1862774263,0.173148813,0.1864084483,0.1222064283,0.173618239,0.1524721008,0.1595470103
227,0,0,0,0,0,0.1909596468,0.136751376,0.08753890458,0.1845941464,0.1483878068,0.1411714873,0.1641739986,0.123637119,0.2300265939,0.1737653534,0.1862684991,0.1730947616,0.1863568994,0.1221646988,0.1735247777,0.1526785449,0.1597768572
227.5,0,0,0,0,0,0.1910461772,0.1368610072,0.08773451711,0.1845705004,0.1484971365,0.1414202493,0.1639861652,0.1236073603,0.2300217512,0.1737237777,0.186130223,0.1732732573,0.18639995,0.1225092922,0.1735538389,0.1526916635,0.1596239474
228,0,0,0,0,0,0.1911402172,0.1366682585,0.08758434079,0.1844245281,0.1484706847,0.1412868073,0.1640621967,0.123612097,0.230052142,0.173591614,0.1862057693,0.1731693723,0.1863671424,0.122504617,0.1734696204,0.1526815949,0.159312716
228.5,0,0,0,0,0,0.191048003,0.136804235,0.08755361093,0.1843599101,0.1484912588,0.141318251,0.1641301335,0.1234691258,0.2300672656,0.1734974896,0.1862263647,0.1733660069,0.1864728962,0.1224211176,0.1733671592,0.1528839754,0.1592805126
229,0,0,0,0,0,0.191038733,0.1368249039,0.0876291592,0.1843343466,0.14851241,0.1411669045,0.164136801,0.1234503916,0.2299187227,0.1733240522,0.1863573109,0.1733647741,0.1864104737,0.1224311046,0.1734188882,0.1529185494,0.1592212644
229.5,0,0,0,0,0,0.1909824382,0.1367738223,0.08777041046,0.184251374,0.1484622779,0.1412073508,0.1641005114,0.1233926496,0.229906364,0.1733000098,0.186371015,0.1733110206,0.1864220589,0.1224716753,0.173460349,0.152814385,0.1591175763
230,0,0,0,0,0,0.1909141134,0.1367189916,0.08763188804,0.1843067227,0.1485088845,0.1414192005,0.1641356226,0.1233793521,0.2299152015,0.1733476168,0.1866274628,0.1733057114,0.1865841969,0.1223168537,0.1734266563,0.1526377871,0.1589148442
230.5,0,0,0,0,0,0.1908668273,0.1366607778,0.08767258658,0.1845066673,0.1481717177,0.1413143576,0.164109212,0.1234814138,0.2298984648,0.1736141635,0.1866292724,0.1734103582,0.1866919793,0.1222406766,0.1734639541,0.1527265132,0.1588934495
231,0,0,0,0,0,0.1907797036,0.1365344687,0.08791441212,0.1843677033,0.1483619939,0.1413961631,0.1641958762,0.1235368875,0.2298717432,0.1736763518,0.1866140877,0.1732384775,0.1867245415,0.1222672845,0.1735457244,0.1525481832,0.1588518524
231.5,0,0,0,0,0,0.1907325516,0.1366260635,0.08787636235,0.1844418327,0.1483640798,0.1414861129,0.1640733278,0.1234818627,0.2299520506,0.1735831217,0.1865462287,0.1733227902,0.1865310819,0.1223819523,0.1735788105,0.1526216244,0.1587929063
232,0,0,0,0,0,0.1906781633,0.1365163688,0.08769645224,0.1842203751,0.1483294978,0.1413002737,0.1642408934,0.1233240262,0.2300627902,0.1736951468,0.1864969246,0.1733919786,0.186549935,0.1222718716,0.1737428911,0.1526442011,0.1589902553
232.5,0,0,0,0,0,0.1906956439,0.1366785862,0.08778099089,0.1843538093,0.14844187,0.1412878177,0.1641287094,0.1233602915,0.230233469,0.1736101915,0.1866126417,0.1733477837,0.1867685687,0.1222879609,0.1735982992,0.1526060725,0.1592310498
233,0,0,0,0,0,0.1905879834,0.136715309,0.08790741924,0.1844038608,0.148325427,0.141332212,0.1641309704,0.1233293991,0.230004613,0.173829252,0.1866983165,0.1733604178,0.1866719614,0.1221893381,0.1734929968,0.1524611984,0.1591928414
233.5,0,0,0,0,0,0.1906064411,0.1365473184,0.08797638312,0.1843059152,0.1483979345,0.1412217871,0.1642094978,0.1231217123,0.22998971,0.1739092449,0.1866011452,0.173139933,0.1864859623,0.12212074,0.1734978311,0.1525352681,0.15936999
234,0,0,0,0,0,0.1905881761,0.1366674199,0.08794397941,0.1843369168,0.1482641386,0.1411805653,0.1641575357,0.1232136587,0.2300194818,0.173698853,0.1867332423,0.1732415732,0.186541654,0.1220174943,0.1736394047,0.152618138,0.159432131
234.5,0,0,0,0,0,0.1906422074,0.1365605116,0.08798955241,0.1843741742,0.1482891537,0.1413624723,0.1641442951,0.1232535345,0.2299963155,0.1735686013,0.1869450589,0.1730808365,0.1865354037,0.1220270432,0.1735561809,0.1527199707,0.1594297592
235,0,0,0,0,0,0.1905846274,0.1366536976,0.08793717237,0.1845263352,0.1481644225,0.1412506735,0.1641545686,0.1231302879,0.2299754579,0.1736072005,0.1868698963,0.1731882363,0.1864101837,0.1221077878,0.1735685666,0.1528124986,0.1595099884
235.5,0,0,0,0,0,0.1906768555,0.1366998906,0.08777666492,0.1845675363,0.1480368466,0.1411797427,0.1641099115,0.1230414737,0.2299032233,0.1733838875,0.1869374376,0.1731986007,0.1864284388,0.1222790846,0.1735405191,0.1528500119,0.159379533
236,0,0,0,0,0,0.1905923,0.1368800735,0.0880258502,0.1845880803,0.1481291078,0.1413028638,0.1640697823,0.1229810741,0.2298088848,0.1733608747,0.186949775,0.1731995265,0.1864531042,0.1221600636,0.1735309365,0.1528327479,0.1594901334
236.5,0,0,0,0,0,0.190670228,0.1368654542,0.08801545463,0.1843289214,0.1482217208,0.1413218418,0.163923183,0.1229188295,0.2298270868,0.1733721776,0.1870883301,0.173390449,0.1865121116,0.1222085952,0.1735204348,0.152873899,0.1595175569
237,0,0,0,0,0,0.1908419349,0.136755274,0.08800598467,0.1842981307,0.1483240037,0.1413776783,0.1638707653,0.1231026942,0.229801437,0.1733054716,0.1871362751,0.1732815843,0.1865190466,0.1221758518,0.1736133525,0.152885782,0.1594366807
237.5,0,0,0,0,0,0.1906733428,0.1367219456,0.08789483661,0.1844396774,0.148073662,0.1411400002,0.163842691,0.1231979694,0.2297084493,0.1733657064,0.187046302,0.1732682304,0.1866279401,0.1220098112,0.1735550736,0.1530154284,0.1589590829
238,0,0,0,0,0,0.1906756992,0.1367404762,0.08803540581,0.1842814027,0.1481632321,0.1411136822,0.1638236264,0.1234765912,0.2298379832,0.173448879,0.1869331034,0.173284856,0.1866341769,0.122183336,0.1736082567,0.153053083,0.1589640888
238.5,0,0,0,0,0,0.1906288819,0.1367383385,0.08808941391,0.1842743665,0.1482019396,0.1410300872,0.1637482684,0.1235367497,0.2298499436,0.1734690611,0.1869172437,0.1733638226,0.1866331155,0.1220522587,0.1734546746,0.1530573079,0.1590015041
239,0,0,0,0,0,0.190663943,0.1369726855,0.08779906863,0.1842611287,0.1481613594,0.1412457626,0.163755089,0.1234481008,0.2297575872,0.1735120037,0.1868155014,0.1734329987,0.1865512631,0.1218883158,0.1735566134,0.1529946861,0.1589350384
239.5,0,0,0,0,0,0.1906618614,0.1367788494,0.0876979945,0.1841501055,0.1481427208,0.1412990426,0.1638836064,0.1234494184,0.2298581978,0.1734666506,0.1868309069,0.1732654806,0.1865541264,0.1219323858,0.1735245552,0.1531323272,0.1588465572
240,0,0,0,0,0,0.1905843761,0.1368205656,0.08786627111,0.1843679864,0.1481459709,0.1412870078,0.164101437,0.1233308796,0.2300279558,0.1733409198,0.1868737462,0.1735025304,0.1865741356,0.1218200927,0.1733191237,0.1528343622,0.1587826209
240.5,0,0,0,0,0,0.1907509694,0.1367413021,0.08810528704,0.1843094851,0.1482115563,0.1413028142,0.1640910716,0.1233652387,0.2299635865,0.1732715415,0.1868028429,0.1734611279,0.1866855795,0.1218445164,0.1735595618,0.1528170439,0.1586989526
241,0,0,0,0,0,0.1907690249,0.136720672,0.087988139,0.1844184625,0.1483332208,0.1413450195,0.1640743786,0.1234503899,0.2300138635,0.1732263329,0.1869007003,0.1735309063,0.1867528871,0.121927269,0.1737069102,0.1528205046,0.1585696346
241.5,0,0,0,0,0,0.1908778855,0.1367925334,0.08807526391,0.1845134386,0.1483405748,0.1413283163,0.1642383152,0.1234632254,0.2300318511,0.1732795201,0.1870237526,0.173508296,0.186725628,0.1221916225,0.1736485056,0.1529894504,0.1585691925
242,0,0,0,0,0,0.1909162818,0.1366991513,0.08798062185,0.1843545238,0.1482982074,0.1412644037,0.1642278922,0.1233007324,0.2300971213,0.173388106,0.1871161879,0.1734529954,0.1867958726,0.1219647881,0.1736192233,0.1528072384,0.15877382
242.5,0,0,0,0,0,0.1908955413,0.1366952277,0.08801459749,0.1843779482,0.1482404345,0.1413894864,0.1641966927,0.1236060312,0.2301309728,0.1734112082,0.1870478508,0.1736743578,0.1866413412,0.1217023425,0.1737352535,0.1526287651,0.158624099
243,0,0,0,0,0,0.1908829247,0.1365073903,0.08785016419,0.1844597362,0.1481652934,0.1414314805,0.1643458319,0.1235750312,0.2300871406,0.1733284536,0.1872007062,0.1737475973,0.1867706743,0.1218567752,0.1737219375,0.1525097788,0.1584690224
243.5,0,0,0,0,0,0.1908232349,0.1367743863,0.08779938073,0.1845538254,0.1480419313,0.1414204038,0.1643949241,0.1236682292,0.2302085436,0.1731978383,0.1872690719,0.1735596509,0.186527329,0.1218969154,0.1735325884,0.1524611933,0.1583316953
244,0,0,0,0,0,0.1908719974,0.1368074295,0.0876686197,0.1844431679,0.1481642113,0.1414503563,0.1643275437,0.1235458822,0.2301171758,0.1731920997,0.187249818,0.1734962377,0.1865351183,0.1220092115,0.1734063043,0.1523884352,0.1582775029
244.5,0,0,0,0,0,0.1907848956,0.1367962989,0.08753973285,0.1843863967,0.1482162101,0.1412915483,0.1641279833,0.1233816735,0.2302346062,0.1732244176,0.1873606674,0.1734350943,0.1864972911,0.1221575993,0.1732550409,0.1525364093,0.158203086
245,0,0,0,0,0,0.1906931301,0.136678948,0.08751374519,0.1844743008,0.1483670351,0.1414566679,0.164182381,0.1235119644,0.2301860614,0.1734230938,0.1874830768,0.173361207,0.1867439557,0.1220736412,0.1732853272,0.1522946323,0.1582058488
245.5,0,0,0,0,0,0.1907157291,0.1365740901,0.08754785297,0.1844990925,0.1483572241,0.1414129578,0.1641386657,0.1235400317,0.2300852303,0.1735038855,0.1875125352,0.1734629502,0.186660451,0.1219709923,0.1732050015,0.1522519946,0.1582501981
246,0,0,0,0,0,0.1906226888,0.1365422082,0.08766471049,0.1845414099,0.1482128581,0.1413618712,0.164284226,0.1234759495,0.2301187431,0.1735271588,0.187279867,0.1734124133,0.1867076506,0.121978489,0.17313079,0.1521936486,0.1580903746
246.5,0,0,0,0,0,0.1908170154,0.1365617692,0.08771915794,0.1846532547,0.1483648906,0.1414315529,0.1641082018,0.1236146163,0.2302502517,0.1734679385,0.1872530753,0.1734660404,0.1867425744,0.1220580067,0.1732578582,0.152284316,0.1580915132
247,0,0,0,0,0,0.1909331859,0.1366843532,0.08784301952,0.1846349796,0.148386218,0.1415830216,0.1640482278,0.1236268897,0.230239295,0.1735389991,0.1872961308,0.1733202307,0.1866935604,0.1218917435,0.1731840147,0.1523038807,0.1580776697
247.5,0,0,0,0,0,0.190862248,0.1366665847,0.08780598354,0.184659668,0.1482511824,0.1415631653,0.1639530035,0.1234874105,0.2301169418,0.1734301029,0.1871347618,0.1733446401,0.1866874485,0.1219594797,0.1733571768,0.1522528735,0.158002639
248,0,0,0,0,0,0.1908886919,0.1365164696,0.08763145447,0.1845423889,0.1481587861,0.1413913402,0.1639634048,0.1234211981,0.2301787559,0.1734018437,0.1869648186,0.1734007517,0.1866284232,0.1222431869,0.1735452105,0.1522676271,0.1579613618
248.5,0,0,0,0,0,0.1907935323,0.1367548854,0.08761547222,0.184545335,0.1482913942,0.1414231589,0.1638105424,0.1233216821,0.2300434018,0.1734207711,0.1870304872,0.1734808716,0.1866988018,0.1223223786,0.1736932702,0.1524024318,0.1579622425
249,0,0,0,0,0,0.1908798308,0.1368211439,0.08749589975,0.1843998875,0.1482403054,0.1415231956,0.1637953759,0.1233560727,0.2300149947,0.1733660691,0.1869400364,0.173434052,0.1866034787,0.1220756743,0.1736726413,0.1524716244,0.1580171391
249.5,0,0,0,0,0,0.1909026911,0.1368264329,0.08754312698,0.1843773011,0.1483368211,0.1415488542,0.1637363816,0.1236093581,0.2300246497,0.173409468,0.1868904016,0.1733783124,0.1865756689,0.122024911,0.1735806312,0.1525632355,0.1580193397
250,0,0,0,0,0,0.1908897581,0.1367060633,0.08767088219,0.184556802,0.1482843902,0.1414168582,0.1636457161,0.1235349981,0.2300355349,0.1734237333,0.1869601037,0.1733077021,0.1865699782,0.1221060352,0.17356312,0.1525566175,0.1581262284
250.5,0,0,0,0,0,0.1907289571,0.136822026,0.08768988628,0.1845699449,0.14837198,0.1413441325,0.1637204331,0.1235052398,0.2300655397,0.1733113104,0.1868340841,0.1733702761,0.186593288,0.1222629391,0.1734211394,0.1526446629,0.1582714432
251,0,0,0,0,0,0.1906328393,0.13682299,0.08782946058,0.184583118,0.1484640798,0.1411261792,0.1637027742,0.1233620357,0.2300489527,0.1733671772,0.1868504212,0.1734731216,0.1866184693,0.1223730016,0.1733388576,0.1527601852,0.1584478629
251.5,0,0,0,0,0,0.1906045382,0.1367345933,0.08787400895,0.1846082374,0.1485299385,0.1411883712,0.163802623,0.1231467557,0.2302323285,0.1733382831,0.1869533544,0.1735118659,0.1864704086,0.1223085865,0.1732407436,0.1527655332,0.1586241731
252,0,0,0,0,0,0.1906365983,0.1367374096,0.08773204434,0.1846355066,0.1485230944,0.141284006,0.1639147055,0.1231759285,0.2301670358,0.1734657961,0.187034071,0.1735104373,0.1864914005,0.1222157675,0.1732527898,0.1527510808,0.158827845
252.5,0,0,0,0,0,0.1907168076,0.1367224221,0.08791634036,0.1844329287,0.1485687323,0.1410420976,0.1639002906,0.1231584774,0.230228657,0.173500729,0.1870397873,0.1733474611,0.1865573965,0.1221211582,0.1732244675,0.1526306607,0.158778537
253,0,0,0,0,0,0.1906751135,0.1367933159,0.08782384262,0.1845157572,0.1485023636,0.1411337461,0.1639774643,0.1231980961,0.2302316519,0.173424316,0.1869996477,0.1735131546,0.1867719762,0.1222497858,0.1731417953,0.1525561998,0.1588308715
253.5,0,0,0,0,0,0.1907685565,0.136761028,0.08765930439,0.1844160439,0.148467722,0.1411302593,0.1639222091,0.1230775089,0.2301287176,0.173459108,0.1869476461,0.1733774858,0.1866208951,0.12213371,0.1732340758,0.1523697594,0.1588766301
254,0,0,0,0,0,0.1908281435,0.1367537671,0.08760875576,0.1841670247,0.1484971978,0.1412389412,0.1641156067,0.1231568189,0.2300724921,0.1734335596,0.1868056566,0.173336919,0.1865149074,0.1223220901,0.1732493162,0.1524436417,0.1589243703
254.5,0,0,0,0,0,0.1906247656,0.1368027483,0.08748383867,0.1842253844,0.1485922363,0.1411996409,0.1640562141,0.1232747259,0.2300991018,0.1734388754,0.1868215981,0.1733295344,0.1865090449,0.1223129292,0.1730647437,0.1525431699,0.1588214008
255,0,0,0,0,0,0.1906661355,0.1369325199,0.08771104889,0.1842302358,0.1484733838,0.1411459963,0.1641205491,0.1233303069,0.230085758,0.1734843858,0.1870058696,0.1734061463,0.1865489299,0.1224111464,0.1732042297,0.1524846627,0.1587220753
255.5,0,0,0,0,0,0.1907989046,0.1368282934,0.08769392407,0.1843164475,0.1484105484,0.141281338,0.1639987176,0.1234070829,0.2300996843,0.1736741755,0.1869602103,0.1734863621,0.1866774456,0.1225020259,0.1732714907,0.1524507691,0.1587468831
256,0,0,0,0,0,0.1906012732,0.1367295127,0.08776639752,0.1843913969,0.1483166287,0.1411251362,0.1639662942,0.1232891206,0.2300005616,0.1735934573,0.1870835987,0.1735682222,0.1866592419,0.1222185317,0.1732765768,0.1524193738,0.1588753883
256.5,0,0,0,0,0,0.1905782164,0.1368325474,0.08770326908,0.1845034814,0.1483489598,0.1412451362,0.1640679381,0.1231243355,0.229953695,0.1734798974,0.1871413785,0.1734608314,0.1865490828,0.1222426317,0.1733379972,0.1524828415,0.1587912756
257,0,0,0,0,0,0.1906667784,0.1368292281,0.08763459204,0.1843678121,0.1483340567,0.1411107766,0.1639415825,0.1232331321,0.229915484,0.1735478592,0.1872088927,0.1733709533,0.1866980121,0.122172,0.1732552834,0.1525544097,0.1587422925
257.5,0,0,0,0,0,0.1907877469,0.1368755907,0.08775237578,0.1844094593,0.1483599786,0.1410218303,0.1638200291,0.1233343637,0.2299554725,0.1735794341,0.1872833594,0.1733642389,0.1868192549,0.122210436,0.1731371012,0.1526147518,0.1588992927
258,0,0,0,0,0,0.1904587465,0.1367893487,0.08789979909,0.1845024486,0.148469732,0.1411803001,0.1639141792,0.1234491429,0.2299218249,0.1735843087,0.187353276,0.1733736093,0.1865982181,0.1222829737,0.1730830328,0.1524876229,0.1587438004
258.5,0,0,0,0,0,0.1905196027,0.1368179964,0.08797396365,0.1845073305,0.1483862481,0.1409546372,0.1638766546,0.1234822285,0.2299467271,0.1736069632,0.1874973901,0.1734968072,0.1866360961,0.1221534523,0.1731672885,0.152411839,0.1585985132
259,0,0,0,0,0,0.1906409763,0.1367832583,0.08781801569,0.1844699372,0.1484090785,0.1411850913,0.1641872338,0.123469277,0.2299711971,0.173708626,0.1875223637,0.1735500129,0.1865090989,0.1221206396,0.17317747,0.1525063844,0.1585980448
259.5,0,0,0,0,0,0.1907466809,0.1368586514,0.08761847988,0.1843508409,0.1484649275,0.141321342,0.164067037,0.123604856,0.2299071609,0.1738052433,0.1875006341,0.1734020294,0.1864183499,0.122076167,0.1732118268,0.1525538438,0.1586149208
260,0,0,0,0,0,0.1907789472,0.1368449148,0.08754150472,0.1845365119,0.1486325217,0.1412532183,0.1641555399,0.1237666093,0.2299627362,0.1738547619,0.1874931906,0.1734141125,0.1863434381,0.1219832953,0.1735142811,0.1525968282,0.1587602157
260.5,0,0,0,0,0,0.1907723647,0.1369284378,0.08754437226,0.1843660589,0.1484085921,0.1412370665,0.1640820285,0.1238141535,0.2300522926,0.1738781692,0.1877153603,0.1734250732,0.1863973893,0.1220477166,0.1733784062,0.1525850323,0.158782236
261,0,0,0,0,0,0.190797761,0.1367319583,0.08761468849,0.1844829774,0.148312498,0.141132321,0.1640947585,0.123747691,0.2302272489,0.1737202067,0.1877578186,0.1735816233,0.1862531004,0.1220211105,0.1733908582,0.1525188762,0.1587058722
261.5,0,0,0,0,0,0.1907459162,0.136657359,0.08771283309,0.1844377127,0.1483327661,0.1412237697,0.1639632099,0.1237037108,0.2301122921,0.1736612044,0.187938985,0.1735477072,0.1862664766,0.1219959347,0.1733686656,0.152338356,0.1587230316
262,0,0,0,0,0,0.1908372757,0.1365727941,0.08774780001,0.1845922659,0.1482305601,0.1412489948,0.1639283133,0.1235732165,0.2301984817,0.1734840377,0.1878892149,0.1736419835,0.1864300455,0.1218512935,0.1731634979,0.1524312179,0.1587605837
262.5,0,0,0,0,0,0.1908845651,0.1366772031,0.08781036551,0.1846236595,0.1482076765,0.1412576067,0.1638760407,0.1234586115,0.2299617988,0.1734994456,0.1880301748,0.1735121226,0.186393607,0.1219520826,0.1731539479,0.1524964975,0.1586994513
263,0,0,0,0,0,0.1909078598,0.1367915975,0.08799107663,0.1845983986,0.1482423479,0.1414485596,0.1641078849,0.1234020727,0.2300746406,0.1733036299,0.1879573358,0.1734076969,0.1863795995,0.1220206803,0.1733827927,0.1527214077,0.1586993596
263.5,0,0,0,0,0,0.190935268,0.1368091666,0.08796283274,0.1844326027,0.1482278633,0.1414110881,0.1639527069,0.1231884396,0.2302190839,0.1733420889,0.1878634418,0.1734233748,0.1862718903,0.1218755941,0.173443961,0.1527212048,0.158678963
264,0,0,0,0,0,0.1909211151,0.1367888848,0.08790198644,0.1844141228,0.1483965451,0.1414785982,0.1639838039,0.1232665518,0.2301581562,0.1732996594,0.1878071966,0.1732266786,0.1863673183,0.1219736481,0.1735443808,0.1526635371,0.1588307448
264.5,0,0,0,0,0,0.190903139,0.1367980191,0.08799317014,0.1844648485,0.148441175,0.1414708008,0.1641657473,0.1233659004,0.2301251187,0.1733494376,0.1877352934,0.1732355071,0.1863794693,0.1220954704,0.1735325022,0.1527617962,0.1588729542
265,0,0,0,0,0,0.1909032931,0.1367350249,0.08808816267,0.1845793879,0.1483091334,0.1415576093,0.1643106048,0.1234232379,0.2301473039,0.1733861274,0.1876494357,0.1732291664,0.1866113108,0.1219678173,0.1735144308,0.1528813643,0.1588632287
265.5,0,0,0,0,0,0.1910655899,0.1368096474,0.08790591976,0.1845282698,0.14840017,0.1415252082,0.1643280325,0.1234191196,0.2301045841,0.1732911868,0.1876591921,0.1732644703,0.1864226071,0.1222294633,0.1735175712,0.1528654271,0.1589467753
266,0,0,0,0,0,0.1913222632,0.1367723132,0.08785484531,0.1844406672,0.1483620614,0.1414742188,0.1641603219,0.1234414801,0.2299356346,0.1733809846,0.1875739497,0.1733356435,0.1861987276,0.12227612,0.1735059558,0.1530512963,0.1592794889
266.5,0,0,0,0,0,0.1912096098,0.1368700499,0.08772766139,0.1843990588,0.148500897,0.1415281459,0.1642535827,0.1234012356,0.2298713827,0.1735154465,0.1878944641,0.1735477401,0.1863521831,0.1222969557,0.1735198566,0.1530905729,0.1594074281
267,0,0,0,0,0,0.1911905773,0.1367424917,0.08784412563,0.1843072759,0.1482573078,0.1414158177,0.1642743083,0.1234696064,0.229840799,0.1735123919,0.1879416119,0.1735051798,0.1862602931,0.1223977291,0.1735908419,0.1528416983,0.1595528132
267.5,0,0,0,0,0,0.1911212229,0.1365930554,0.08805102606,0.1842820301,0.1483758239,0.1412852186,0.1643566447,0.1235624457,0.2298717104,0.1734257602,0.1877800616,0.1735289333,0.1864499589,0.122452372,0.1738119375,0.1527938942,0.1596823343
268,0,0,0,0,0,0.191007328,0.1366618223,0.08772978208,0.1842805671,0.1483335331,0.1413053511,0.1642344808,0.1232877871,0.2299539052,0.1734982734,0.1877648277,0.1735181537,0.1864440303,0.1224753536,0.1736275178,0.152864778,0.159669583
268.5,0,0,0,0,0,0.1909369137,0.1367355359,0.08753649914,0.1844091582,0.1484278903,0.1411366827,0.1643399082,0.1232614368,0.2299766651,0.1735486356,0.1876676207,0.1737160597,0.1865299665,0.1225152651,0.173715345,0.1530198894,0.1595701092
269,0,0,0,0,0,0.1907093241,0.1370034553,0.0875977874,0.1843135612,0.1481982309,0.1411217577,0.1642447635,0.1233453644,0.22992088,0.173518749,0.1876921866,0.173635029,0.1866486989,0.1223023095,0.1734945088,0.1529651159,0.1595262667
269.5,0,0,0,0,0,0.1907409694,0.1368571591,0.08758516066,0.1843410377,0.1484098966,0.1411881931,0.1639729919,0.1234349231,0.229883334,0.1734373078,0.1877110765,0.173621365,0.1863797464,0.1222791952,0.1731844875,0.152866772,0.1595662941
270,0,0,0,0,0,0.190747827,0.136794981,0.08762438145,0.1845040151,0.1483409439,0.1412511481,0.1639023608,0.1233270061,0.2300053036,0.1735357693,0.1877689256,0.1736241654,0.1866046598,0.1225088636,0.1732763629,0.152761656,0.1595772364
270.5,0,0,0,0,0,0.1907697719,0.136830972,0.08764337347,0.1844880175,0.1484659535,0.1413829391,0.16396565,0.1231539728,0.2302345199,0.1735895127,0.1878390369,0.1734897957,0.1865380869,0.1223792267,0.1734683539,0.1528426207,0.1594665762
271,0,0,0,0,0,0.1907854423,0.1368491746,0.08749622323,0.1844862174,0.1484664019,0.1413139925,0.1640130832,0.1232810921,0.2301783502,0.1735127825,0.1878335515,0.1735638401,0.186378242,0.1223201863,0.1731339943,0.1528352657,0.1594408353
271.5,0,0,0,0,0,0.190822081,0.1366634978,0.08758597275,0.1842129962,0.148457447,0.1412355976,0.1642041378,0.1232398687,0.2301253309,0.1737804147,0.1878892407,0.1734822706,0.1864001761,0.1223280522,0.1731479254,0.1527345536,0.1592618524
272,0,0,0,0,0,0.1909226391,0.1366984898,0.08755728314,0.1843649695,0.1485091065,0.1412255863,0.1641099568,0.1233092246,0.230077797,0.173800326,0.1879888261,0.1734942864,0.1864597902,0.1220598709,0.1731536009,0.1529110503,0.1592154387
272.5,0,0,0,0,0,0.190933437,0.1367380752,0.08750041249,0.1844896938,0.1484035014,0.1412002094,0.1640889937,0.1231521122,0.2300919025,0.1737339113,0.1878763582,0.1734396234,0.1865057038,0.1220200855,0.1731794811,0.1529969153,0.1592331834
273,0,0,0,0,0,0.1908739597,0.1368022532,0.08769152917,0.1845803786,0.1483396678,0.1412285536,0.1640179537,0.1233145485,0.2301389568,0.1737691869,0.1877530481,0.1734432291,0.1866656068,0.1219821461,0.1732771214,0.1529427559,0.1590825914
273.5,0,0,0,0,0,0.1907779577,0.1367855601,0.08799409889,0.1846074506,0.1484702815,0.1413599205,0.1640548929,0.1233924839,0.2301163569,0.1736908208,0.1877651988,0.173303273,0.1864622817,0.1219819451,0.173077138,0.1529897323,0.1591613801
274,0,0,0,0,0,0.1907523479,0.1367263391,0.08796974303,0.1845874465,0.1483309096,0.1413832519,0.1640629106,0.1233787127,0.2301835836,0.1736771176,0.1875798798,0.1735338144,0.1865233563,0.1220879,0.1732622175,0.1528254937,0.1593006293
274.5,0,0,0,0,0,0.1907489908,0.1367147744,0.08775397132,0.1847000227,0.1484085725,0.1412110935,0.1640933962,0.1233522459,0.2302122883,0.1739081752,0.1875832706,0.1736043306,0.1865697007,0.1220170057,0.1735098036,0.1528451041,0.1591764178
275,0,0,0,0,0,0.1906679171,0.1366236999,0.08760645581,0.1846456288,0.1482388082,0.141283917,0.1639496944,0.1234348243,0.2301355834,0.1737689511,0.187828314,0.1736490605,0.1866650263,0.1219656397,0.1737101776,0.1526708769,0.1593184299
275.5,0,0,0,0,0,0.1906496162,0.1366703306,0.08755568302,0.1845523802,0.1484128648,0.1414636985,0.1640265369,0.1235493742,0.2301281896,0.1737236985,0.1878288158,0.1736311451,0.1867825834,0.1220816035,0.1738065164,0.1527545382,0.1593781379
276,0,0,0,0,0,0.1907404442,0.1366554245,0.08759066149,0.1845995161,0.1482815154,0.1415495756,0.1639772933,0.1234298567,0.2300396977,0.1735686567,0.1878384058,0.173851022,0.1868316478,0.1220718739,0.1738148814,0.1526293423,0.159414508
276.5,0,0,0,0,0,0.1907496254,0.1367579023,0.08783546475,0.1844161051,0.1481499306,0.1415454949,0.1638777695,0.1234455145,0.2298533267,0.173672206,0.1879452785,0.1737575254,0.1866904375,0.1218141936,0.173789165,0.1525094366,0.159673115
277,0,0,0,0,0,0.1907389987,0.1366290275,0.0878491824,0.1845033247,0.1480645352,0.1414132913,0.1639386363,0.1233659796,0.2298826633,0.1736005441,0.1880622637,0.1737042008,0.1867243166,0.1218214198,0.1736543928,0.1524655718,0.1596616394
277.5,0,0,0,0,0,0.1907982437,0.1367489051,0.08793800372,0.1842958433,0.1483056756,0.1414047136,0.1640990571,0.1233357606,0.2297558715,0.1735821139,0.1878779366,0.1735752634,0.1867408737,0.1217081302,0.1736418006,0.1526079955,0.15972108
278,0,0,0,0,0,0.1909138944,0.1367915931,0.08798016628,0.1843253488,0.1483552401,0.1415499018,0.1640920918,0.1233547507,0.2297257548,0.1736336756,0.1879055437,0.1734150795,0.1866065162,0.1218466366,0.1737597477,0.1527225582,0.1599265484
278.5,0,0,0,0,0,0.1908057984,0.1367397204,0.08788011684,0.1844117854,0.1485143489,0.141600924,0.1640059074,0.1231624719,0.2295923666,0.1735172788,0.1878276606,0.1735185854,0.1866473118,0.1217349374,0.1737030055,0.1527095081,0.1598869995
279,0,0,0,0,0,0.1908817266,0.1367991967,0.08797721268,0.1843410218,0.1484095916,0.1415061712,0.1639337996,0.1231449917,0.2295569692,0.1735264137,0.1878088973,0.1735353513,0.186591087,0.1216238868,0.1738073616,0.1527124131,0.1600439323
279.5,0,0,0,0,0,0.1908502229,0.1368239327,0.08783124566,0.1843691251,0.1483895052,0.1413781557,0.1640634054,0.1232116596,0.2296017623,0.1736346487,0.1877139876,0.1734239786,0.1865679663,0.1218293817,0.1736498058,0.1527989007,0.1599373694
280,0,0,0,0,0,0.1909549362,0.1367272738,0.08788749001,0.1843651693,0.1483523877,0.1412522067,0.1642847697,0.1231310017,0.2297037775,0.1737267556,0.1876131109,0.1733623015,0.1865442254,0.1220049147,0.1736555093,0.1526729906,0.1599885296
280.5,0,0,0,0,0,0.1907432479,0.1365880775,0.08788881853,0.18435382,0.1483345648,0.1412133486,0.1642532022,0.1232033971,0.2298877361,0.1736221229,0.1877986068,0.173449001,0.1866636061,0.1219846889,0.1736446046,0.152911571,0.1600014739
281,0,0,0,0,0,0.1908263726,0.1367873644,0.08785230065,0.1843063911,0.1484812206,0.1412888042,0.1643072281,0.1234071169,0.2300006462,0.173602529,0.1879722675,0.1733819293,0.1866496853,0.1221378661,0.1736144638,0.1528899814,0.1599027268
281.5,0,0,0,0,0,0.1909018849,0.1366379787,0.0877032018,0.1843490387,0.1484966649,0.1412444374,0.1642555806,0.1233011244,0.2300444607,0.1735542965,0.1878416742,0.1733501746,0.1865574175,0.1220550071,0.1734343006,0.1528506828,0.1597532038
282,0,0,0,0,0,0.1908431818,0.1367562493,0.08777881074,0.1843569436,0.1486640576,0.1412880404,0.1641981092,0.1233464633,0.2301033593,0.1736981619,0.1878836639,0.1734135981,0.1865498849,0.1220798059,0.1731774099,0.1529603395,0.159515352
282.5,0,0,0,0,0,0.1908999718,0.1367770838,0.08793432677,0.1844817619,0.1487580373,0.1412969238,0.1639318334,0.1234563459,0.2299853397,0.1737351142,0.1877398608,0.1734175767,0.186496822,0.1220286222,0.1733300834,0.1529719002,0.1595583592
283,0,0,0,0,0,0.1909503964,0.1367160492,0.08786828183,0.1845212133,0.1487156746,0.1411080233,0.163939522,0.1233978133,0.2300128377,0.1737569072,0.1876181979,0.173410033,0.1865270068,0.1217829409,0.1734703287,0.1529218674,0.1594099763
283.5,0,0,0,0,0,0.1909143683,0.1367000952,0.08775719146,0.184517621,0.1487829738,0.1411057907,0.1640800045,0.1232643044,0.2301730876,0.1736413431,0.18765704,0.173464664,0.1862496585,0.1215873334,0.1733511848,0.1529849343,0.1593834512
284,0,0,0,0,0,0.1908736923,0.1368475061,0.0875160347,0.184309571,0.1487489447,0.1412554845,0.1642550373,0.1232852441,0.2301937098,0.1735784215,0.1874180037,0.173534843,0.1863365805,0.1217096348,0.1733484702,0.1530575362,0.1594993143
284.5,0,0,0,0,0,0.1909250214,0.1367635459,0.08752640582,0.1842387405,0.1487335993,0.1412190017,0.1641668431,0.1233311397,0.2301662923,0.1736553881,0.1875039444,0.1735516476,0.1864080602,0.121883873,0.1732865543,0.1528995692,0.1597204418
285,0,0,0,0,0,0.1908770021,0.1365867899,0.08774546545,0.1842839076,0.1487631057,0.1412546323,0.1640738595,0.1232904951,0.2301922394,0.1736870904,0.1876377526,0.1737854648,0.1864680768,0.1219813058,0.1732215003,0.1528565685,0.1598221748
285.5,0,0,0,0,0,0.1908045303,0.1365187587,0.08769795581,0.1845163223,0.1485341812,0.1411735638,0.1641554593,0.1233025459,0.2303012128,0.1735116994,0.1876212874,0.1736770706,0.1865304815,0.1220583944,0.1732532171,0.1530608208,0.1598551555
286,0,0,0,0,0,0.1908322133,0.1366101548,0.08755696503,0.1846014309,0.1486947264,0.1409558201,0.1638871952,0.1234065203,0.2304879611,0.1734314669,0.1875958288,0.1735356659,0.1863757761,0.1220183005,0.1733946936,0.1530842875,0.1599442702
286.5,0,0,0,0,0,0.1909086771,0.1367717231,0.08752182315,0.1846863833,0.1485053569,0.1410013612,0.1641054697,0.1232189012,0.2304801437,0.1733882128,0.1877103924,0.1735961287,0.1863657953,0.1219961246,0.17335025,0.1531008239,0.1600847433
287,0,0,0,0,0,0.1908397356,0.1367659799,0.08754113799,0.1845740845,0.1485133783,0.1411376107,0.1640010418,0.1231195085,0.2305501267,0.1735699382,0.1877019615,0.1735318381,0.1865098323,0.1218058225,0.1733242402,0.1528135439,0.1599659803
287.5,0,0,0,0,0,0.1908920354,0.1368224626,0.0877005543,0.1846212459,0.1484211265,0.1413380581,0.164096439,0.1231616555,0.2305744615,0.1733958763,0.1874406561,0.1736120072,0.1866166224,0.1219144604,0.1733220906,0.152939088,0.1598605136
288,0,0,0,0,0,0.1907634256,0.1367790758,0.08780932298,0.1845801846,0.1483634541,0.1414629919,0.1642180831,0.1230552264,0.2306575761,0.1735573051,0.1874890777,0.173640636,0.1866838509,0.1220011263,0.1734187733,0.1529166722,0.1598006953
288.5,0,0,0,0,0,0.1906949062,0.1367553752,0.0878116374,0.1843897821,0.1484842074,0.1414460643,0.164190645,0.1230569171,0.2306546405,0.173476373,0.187443284,0.1736384371,0.1867076015,0.1220301746,0.1734637,0.1529532252,0.1596727097
289,0,0,0,0,0,0.1908285368,0.1369074812,0.0878686116,0.1843070663,0.1482664119,0.1414085619,0.1640916514,0.1230951744,0.2307332447,0.1734309042,0.1874280228,0.1735401582,0.1865698469,0.1221040055,0.1734562778,0.1528254699,0.1595685717
289.5,0,0,0,0,0,0.1908829899,0.1367750559,0.08788468596,0.1843937505,0.1484654395,0.1413714154,0.1640194804,0.1231918151,0.2306877896,0.1733893691,0.1875905374,0.1733949883,0.1867734478,0.1220286825,0.1733703421,0.1527919334,0.1593944162
290,0,0,0,0,0,0.1909080147,0.1367918894,0.08802661244,0.1843105976,0.1483942381,0.1412654881,0.1639646806,0.1233064214,0.2306171182,0.173257256,0.1874991869,0.1734236438,0.1865410911,0.1220588002,0.1733558194,0.1529589279,0.1594787312
290.5,0,0,0,0,0,0.1910197625,0.1367009711,0.08770272381,0.1843513505,0.1484246251,0.1412570666,0.1641552482,0.123248484,0.2305141266,0.1732130723,0.1874871562,0.1734179458,0.1864384635,0.1220786807,0.1733003404,0.1528003021,0.1596246569
291,0,0,0,0,0,0.1908033826,0.1366434311,0.08771271424,0.1843481846,0.1483883986,0.1410735352,0.1640907678,0.1233425435,0.2305533166,0.173100413,0.18760809,0.1735928615,0.1863858132,0.1221801985,0.1732359157,0.152701269,0.1594974876
291.5,0,0,0,0,0,0.1909092835,0.1366637428,0.08767411999,0.184340265,0.148414615,0.141104026,0.1640348641,0.123352238,0.2305438711,0.1731830062,0.1874531793,0.1735478778,0.1863933051,0.1221280126,0.1734674204,0.1527118351,0.1595057025
292,0,0,0,0,0,0.1908555888,0.1367086177,0.08775629799,0.1843883138,0.1482515348,0.1411932661,0.1640913729,0.1233694875,0.230486638,0.1731321074,0.1875854974,0.1736408548,0.1863568141,0.1220810688,0.1736499572,0.1526593557,0.1595380214
292.5,0,0,0,0,0,0.1909956319,0.1365948958,0.08773208468,0.1843269593,0.1483766782,0.1411722851,0.1641898208,0.1232942534,0.23043302,0.1730618836,0.1874195344,0.1736375362,0.1861533175,0.1223699971,0.1735552773,0.1526456288,0.1595978897
293,0,0,0,0,0,0.1909782857,0.1366919386,0.08754932069,0.1843593671,0.1483144945,0.1413124138,0.1641546997,0.1234363608,0.2305849231,0.1731449743,0.187355359,0.1735542285,0.1862989329,0.1223345192,0.173473095,0.1526852986,0.1595732879
293.5,0,0,0,0,0,0.1909370024,0.1366086281,0.08770052279,0.1844434627,0.1485049774,0.1412904268,0.1641607946,0.1235063436,0.2305862433,0.1731621559,0.1872347146,0.1737241241,0.18640598,0.1223842197,0.1734233964,0.1527324235,0.1596137668
294,0,0,0,0,0,0.1908079166,0.1367255647,0.08768813747,0.1845819465,0.1484456881,0.1412670669,0.1640633034,0.1234238095,0.2305883079,0.1732801148,0.1870920203,0.1736494666,0.1865395518,0.1221664353,0.1735936478,0.1529568756,0.1595345307
294.5,0,0,0,0,0,0.1908202014,0.1366283723,0.08780880813,0.1846959244,0.1484558744,0.1414009374,0.1640474473,0.123509195,0.2306143358,0.1732193279,0.1869715919,0.1734576055,0.1867261949,0.1220137165,0.1735767121,0.152937874,0.1594894839
295,0,0,0,0,0,0.190945245,0.1366486874,0.08770159843,0.1845803421,0.1484216025,0.1413088489,0.1641967602,0.1234088669,0.2305254988,0.1734430253,0.1872728097,0.1735023233,0.1865652867,0.1220345117,0.1736369582,0.1529578899,0.1596192136
295.5,0,0,0,0,0,0.1910250845,0.1366067646,0.08775303118,0.1846273384,0.1484371941,0.141325568,0.1640880663,0.1232730809,0.2305621667,0.1733579653,0.187244451,0.1735946588,0.1867146916,0.1220156242,0.1735551948,0.1530718901,0.1594436587
296,0,0,0,0,0,0.1911021789,0.1367015281,0.08782771909,0.1846675517,0.1482616337,0.1413015979,0.163949961,0.1231999658,0.2304416211,0.1732528939,0.1874229877,0.1735479382,0.1866374098,0.1220377241,0.1734206254,0.1531232526,0.1595740336
296.5,0,0,0,0,0,0.1910469918,0.136690622,0.08778588976,0.184822195,0.1482003639,0.1413064872,0.1639636854,0.1233446067,0.2303027712,0.1734076941,0.1875197086,0.1734753302,0.1867444002,0.1221025436,0.1734203066,0.1531662856,0.159673959
297,0,0,0,0,0,0.1910580615,0.1367795183,0.08787987037,0.1848160937,0.1481523817,0.1414164997,0.1638252514,0.1234840382,0.2302784487,0.1733723012,0.1875130658,0.1734222831,0.1867740875,0.1222111953,0.173537902,0.1532561792,0.1598286251
297.5,0,0,0,0,0,0.1910174804,0.1367944661,0.0878990438,0.1848853715,0.1480461939,0.1413331224,0.1640282955,0.1233959826,0.2304221239,0.1733123336,0.1875945772,0.1735552874,0.1866791398,0.1220961887,0.1736082358,0.153351746,0.1598780653
298,0,0,0,0,0,0.1910083989,0.1367886253,0.0880001724,0.1848866645,0.1480203216,0.1411930213,0.1642664944,0.1235407258,0.2304483537,0.1737753962,0.1875708204,0.1734813045,0.186776671,0.1222136543,0.1734541198,0.1533519714,0.1597885975
298.5,0,0,0,0,0,0.1908890137,0.1367172858,0.08764726776,0.1847943972,0.1480965581,0.1412335627,0.1643626353,0.1233872924,0.2304677793,0.1737237396,0.1875123987,0.1734543348,0.1866661551,0.1222728061,0.1733496582,0.1533127609,0.1598751298
299,0,0,0,0,0,0.190811608,0.1364739696,0.08769551335,0.1847954253,0.1480988445,0.1413936689,0.1642552778,0.1233555404,0.2304611842,0.1737099456,0.1873588115,0.1735006764,0.1868148004,0.1222921523,0.1732839202,0.1531935928,0.1600791945
299.5,0,0,0,0,0,0.1908050302,0.1366720598,0.08773351249,0.1847748739,0.1483102036,0.1414428299,0.1642311434,0.1233995881,0.2306268455,0.1737112049,0.1874624068,0.1733371323,0.1870206891,0.1221083651,0.1732409845,0.1531839156,0.160295144
300,0,0,0,0,0,0.1908295799,0.1368835926,0.08779993862,0.1847316021,0.1483934991,0.141328985,0.1639133696,0.1235028465,0.2307394795,0.1737316325,0.1873720743,0.1733013959,0.1868982679,0.1220313711,0.1733020656,0.1531759474,0.1605241824
300.5,0,0,0,0,0,0.1906454426,0.1368861618,0.08780833211,0.1846587345,0.1484625185,0.1414365577,0.1639436902,0.12364136,0.2307426499,0.1736654905,0.1874313993,0.1733855491,0.1867916425,0.1219103211,0.1732192439,0.1531244199,0.1603588842
301,0,0,0,0,0,0.1907336846,0.1368265803,0.08775069637,0.1847569387,0.1483302375,0.1415617783,0.1637860974,0.1236157833,0.2306912339,0.1735623024,0.1874090206,0.1732965247,0.1867881983,0.1218593094,0.1730786697,0.153026413,0.1603463521
301.5,0,0,0,0,0,0.1906855146,0.1369154214,0.08760261341,0.1848097396,0.1483396221,0.1413894622,0.1637431091,0.1235096441,0.2307117257,0.1735815691,0.187428737,0.1734306823,0.1868380909,0.1219405282,0.1731671995,0.1531983607,0.1603648052
302,0,0,0,0,0,0.1907254024,0.1367530808,0.08742160868,0.1846006432,0.1483469928,0.1412829513,0.1638796922,0.123446954,0.230688266,0.1734544963,0.1874465458,0.173455636,0.1869545717,0.1219018645,0.1732947739,0.1532895655,0.1603489569
302.5,0,0,0,0,0,0.1908519438,0.1367095833,0.0875591259,0.1845530556,0.1485375581,0.1413594673,0.1639104878,0.1233624146,0.2308674157,0.1733598774,0.1873694579,0.1733760333,0.186967202,0.1220123077,0.1733483162,0.1534249758,0.1601656183
303,0,0,0,0,0,0.1908445073,0.1368711876,0.08775046558,0.1844161997,0.1483630256,0.1411298847,0.16401536,0.1234518381,0.230810869,0.1735017391,0.1872894406,0.173470305,0.1869467131,0.1220765413,0.173441784,0.1533255511,0.1601242095
303.5,0,0,0,0,0,0.1908240384,0.1368114435,0.08776089442,0.1844746435,0.1483493983,0.1412257669,0.1638298084,0.123470589,0.2307268498,0.1736695023,0.1872099758,0.1735246273,0.1869038514,0.1222715644,0.1733948063,0.1531500411,0.1600438511
304,0,0,0,0,0,0.1908725659,0.1366962231,0.08783443214,0.1844528505,0.1483730219,0.1411327593,0.1637917764,0.1234753389,0.2306393093,0.1737995441,0.1872216375,0.17375443,0.1866513631,0.1221029831,0.1733783774,0.1532383925,0.1601042801
304.5,0,0,0,0,0,0.1908031965,0.1367849471,0.08781227385,0.1845381113,0.1484411919,0.1410177822,0.1637899164,0.1234819607,0.2305480888,0.1737809369,0.1873077852,0.1735001679,0.1866460519,0.1222126222,0.1735182529,0.1531842298,0.1601630277
305,0,0,0,0,0,0.1908095824,0.1369317619,0.0878026973,0.1845328847,0.1484594828,0.1411322211,0.1637689159,0.1232754789,0.2306654167,0.1737278118,0.1873148322,0.1732953775,0.186633659,0.1223322984,0.1735589858,0.1531493554,0.1600805968
305.5,0,0,0,0,0,0.190790109,0.1367120919,0.08773783483,0.1844347012,0.1484450849,0.1412149566,0.1639137502,0.1233418429,0.2307285545,0.1736665976,0.1873285194,0.1733325979,0.1867816083,0.122457733,0.1735694021,0.1532831378,0.1601850738
306,0,0,0,0,0,0.1908194831,0.1368651971,0.08767030618,0.184478171,0.1483529009,0.1411012503,0.1638341371,0.1232566527,0.2307945261,0.173571912,0.1874418426,0.1733344111,0.186772145,0.1224009956,0.1735842195,0.1532134588,0.1599023977
306.5,0,0,0,0,0,0.190762905,0.136838266,0.08758231216,0.184659893,0.1484041127,0.140876863,0.1639475673,0.1231695558,0.2309168486,0.1736532266,0.1873237554,0.1735604601,0.1867280719,0.1225721368,0.1735469274,0.153164544,0.159948781
307,0,0,0,0,0,0.1908135835,0.1367799412,0.08757555646,0.1846663089,0.1483320967,0.1411003337,0.1640768191,0.1230739126,0.2308840946,0.1736724182,0.1873546168,0.1735032502,0.1869982758,0.1226278697,0.1735086647,0.1530352329,0.1598393125
307.5,0,0,0,0,0,0.1906991517,0.1367970255,0.08758658497,0.1847198161,0.1484177373,0.1411099177,0.1640679904,0.1230757818,0.2308023182,0.1736125895,0.1873876252,0.1733860622,0.1870525059,0.1224668878,0.1734222003,0.1530558232,0.1600922089
308,0,0,0,0,0,0.1905674358,0.1366400856,0.0877075691,0.1848429513,0.1483902502,0.1412078999,0.1638856067,0.1231897573,0.2309306871,0.1736950823,0.1873962902,0.1732994212,0.1871140623,0.1223399962,0.1735347812,0.1530884926,0.1600320654
308.5,0,0,0,0,0,0.1906499842,0.1366457714,0.08776606478,0.1847819049,0.1482910264,0.1414177469,0.1637591841,0.1232271659,0.2309794936,0.1737896634,0.1876377484,0.1732545336,0.1869662852,0.1224524954,0.1734116968,0.1529587697,0.1600437421
309,0,0,0,0,0,0.1906918766,0.1366045018,0.08776303915,0.1847715931,0.1483880484,0.1411760293,0.1638119116,0.1231265635,0.2309654588,0.17367269,0.1874954507,0.173281148,0.1868164723,0.1224993185,0.1733113495,0.1527601013,0.1599020747
309.5,0,0,0,0,0,0.19068473,0.1368381761,0.08778126424,0.1847555035,0.1484325484,0.1410481901,0.1639029464,0.1232052708,0.2308419606,0.1736783168,0.1875343339,0.1731958093,0.1869008392,0.1225051544,0.1733996193,0.1527465884,0.1597317478
310,0,0,0,0,0,0.1906824746,0.1367866295,0.08777592121,0.1847700666,0.1482143837,0.1412021951,0.1639562873,0.1231074106,0.2307732161,0.1738374998,0.1875347333,0.1733815939,0.1870252247,0.1225834361,0.1734314271,0.1528389605,0.1598577002
310.5,0,0,0,0,0,0.1909165123,0.1368463016,0.087890052,0.18484255,0.1481712292,0.1411229623,0.1640406277,0.1231444207,0.2306553957,0.1738344408,0.1874093487,0.1736287094,0.1871531592,0.1224199736,0.1734558408,0.1527055762,0.1599941984
311,0,0,0,0,0,0.1908009838,0.1367846234,0.08792521407,0.1847581339,0.1484326626,0.1411229863,0.1640955829,0.1230880992,0.2304853801,0.1737552372,0.1874368599,0.1737046007,0.1871557235,0.1224150185,0.1735283742,0.1525764575,0.1599520562
311.5,0,0,0,0,0,0.1906949618,0.1365919245,0.08795928129,0.1846520415,0.1485063571,0.1411048123,0.1641953741,0.1231517436,0.2306103205,0.1734982393,0.1873419437,0.1736509889,0.1870430583,0.1225276574,0.1735547577,0.1525523516,0.1597245597
312,0,0,0,0,0,0.190766721,0.1370026741,0.08794484609,0.1846959124,0.1484627154,0.1410596004,0.1639784367,0.1232237452,0.2305600057,0.1733075761,0.1873583592,0.1737466563,0.1868951283,0.1227233206,0.1733594317,0.1524901002,0.159647096
312.5,0,0,0,0,0,0.1907949097,0.1368469909,0.08804836227,0.184671046,0.1483759554,0.1408128329,0.1640649129,0.1231970813,0.2304813371,0.1734109673,0.1872973179,0.173601739,0.1868052557,0.1227853046,0.1733442798,0.1525257553,0.1597259249
313,0,0,0,0,0,0.1907606413,0.1368038717,0.08791492947,0.1845919387,0.148651162,0.1409931684,0.1638856438,0.1231623226,0.2304798719,0.1734524144,0.1872226031,0.1735084175,0.1868681736,0.1228077067,0.1733626946,0.1522185723,0.1596764238
313.5,0,0,0,0,0,0.1907473585,0.1367778661,0.08780439481,0.1844698216,0.1485690225,0.1409319982,0.1639668426,0.1232095587,0.2305065878,0.1733378018,0.1872061134,0.1737902387,0.1869687941,0.1225657609,0.1733771663,0.152400698,0.1597528128
314,0,0,0,0,0,0.1905536657,0.136864273,0.08784444153,0.1845665424,0.1483521301,0.1408976231,0.1639838127,0.1232577585,0.230449502,0.1731982097,0.1871763385,0.1736183213,0.1870022831,0.1224355035,0.1732305076,0.1523016333,0.159623348
314.5,0,0,0,0,0,0.1909065978,0.1367213447,0.08781130858,0.1845096311,0.1484328001,0.1410551425,0.1638430701,0.1232992028,0.2303224978,0.1731375952,0.1872258982,0.1735150018,0.1867562785,0.1224714746,0.1735313257,0.1522035134,0.1597433167
315,0,0,0,0,0,0.1908348346,0.1366294619,0.08787754666,0.1843504224,0.1483668841,0.1410353972,0.1638202966,0.1232152262,0.2304820906,0.1731902786,0.1870952999,0.1734251296,0.1867186269,0.1224627911,0.1735939748,0.1524143836,0.1596065331
315.5,0,0,0,0,0,0.190814765,0.1366994732,0.08781899588,0.1844656587,0.1483559781,0.1411898599,0.1639564351,0.1232812704,0.230553665,0.1731668785,0.1872336904,0.1733119644,0.1866540541,0.1224334242,0.1737286796,0.152193758,0.1594888228
316,0,0,0,0,0,0.1907643528,0.1367431197,0.08752915176,0.1843195683,0.148353777,0.1411747628,0.1638658045,0.1232127923,0.2304440179,0.1732985756,0.1871644532,0.1733238771,0.1867336241,0.1222584809,0.173680681,0.1520259924,0.1595337084
316.5,0,0,0,0,0,0.1909336572,0.1368391651,0.08767776667,0.1841696197,0.1482865484,0.1411118343,0.1639539149,0.1232542827,0.2304103649,0.173279991,0.1870149626,0.1732652629,0.186891221,0.1223997891,0.1734236151,0.1520537504,0.1595170659
317,0,0,0,0,0,0.19089291,0.136894546,0.08786247367,0.1842453121,0.1482982425,0.1410060875,0.1641303371,0.1229046375,0.2304283566,0.1733843401,0.1869883809,0.1731551814,0.1867364792,0.1224751006,0.1733722905,0.1518976809,0.1594617093
317.5,0,0,0,0,0,0.1910204495,0.1369049099,0.08760321215,0.1841986277,0.1483736346,0.1409969429,0.1640190996,0.1229274856,0.2304741536,0.1735033423,0.1870178386,0.1731492741,0.1866961669,0.1223421735,0.1733878977,0.1519116478,0.159512508
318,0,0,0,0,0,0.1910235442,0.1369023737,0.08779595215,0.1842109045,0.1482452645,0.1410159672,0.1639175486,0.1229740588,0.2303567697,0.1733938924,0.1869507137,0.1732661113,0.1867183296,0.1223860576,0.173299547,0.1520495718,0.1595927556
318.5,0,0,0,0,0,0.1909965096,0.1370037121,0.08781190308,0.1843752773,0.1483086109,0.1408890696,0.1638846135,0.1231132826,0.2302650384,0.1735108092,0.1869697799,0.1733900783,0.1865566131,0.1223768451,0.1734270058,0.1519471201,0.159647916
319,0,0,0,0,0,0.1909005958,0.1369038872,0.08775334969,0.1843412404,0.1484589795,0.1410341254,0.1639592967,0.1231182487,0.2305035203,0.1734514447,0.186880606,0.1734237889,0.1866885294,0.1224076556,0.1734606948,0.1517587409,0.1595429239
319.5,0,0,0,0,0,0.1908391114,0.1366878712,0.08785969061,0.1843091424,0.1483326973,0.1412106947,0.1638080451,0.1232425884,0.2304080994,0.1734667615,0.186950643,0.1734701107,0.1866693927,0.1220629968,0.1734958712,0.1516219853,0.159766393
320,0,0,0,0,0,0.1909398595,0.1367446863,0.08772213809,0.1844362719,0.1484593158,0.1413315295,0.1637906893,0.1232619956,0.2303653549,0.1735496794,0.1870161361,0.1734796423,0.1866780098,0.1221003223,0.1735686879,0.1517418392,0.1598690516
320.5,0,0,0,0,0,0.1909037777,0.1367482487,0.08770010949,0.1846218793,0.1484290506,0.141293169,0.163754066,0.1231381517,0.2302577334,0.1735699131,0.1870690731,0.173494634,0.1868060699,0.1220741851,0.173417721,0.1519216769,0.1596988699
321,0,0,0,0,0,0.1910021979,0.1368510738,0.08759854873,0.184576315,0.1482530803,0.1412546626,0.1636553808,0.1231715968,0.2302355086,0.1735641233,0.1867472223,0.1734480943,0.186423851,0.1221805739,0.1734798688,0.1519039254,0.1597031785
321.5,0,0,0,0,0,0.1908210997,0.1368764613,0.08771960652,0.1844468732,0.1482434254,0.1413628765,0.1637376927,0.1230722881,0.2303231692,0.1734486304,0.186693003,0.1734018686,0.1865434273,0.1223350328,0.1734351076,0.1520172848,0.1598381758
322,0,0,0,0,0,0.1908831195,0.1368276008,0.08771184335,0.1844695831,0.1482564794,0.1411906399,0.1637676419,0.1231062484,0.2302483374,0.173512515,0.1865572414,0.1734550331,0.1865964535,0.1223116802,0.1735557598,0.1519843018,0.1598477053
322.5,0,0,0,0,0,0.1909382664,0.1368853996,0.08776934409,0.1846282851,0.1484153715,0.141196822,0.1638828798,0.1232157643,0.2302842199,0.1735953752,0.1864943463,0.1735430507,0.1867247831,0.1225064347,0.1734446335,0.152201211,0.1598307139
323,0,0,0,0,0,0.1909699741,0.1366975352,0.08788149089,0.1846230653,0.1482220972,0.1412944368,0.1636761449,0.1232166036,0.2303574796,0.1735249745,0.1865483887,0.1735117831,0.1868449272,0.1225392578,0.1735811934,0.1521914519,0.1598584732
323.5,0,0,0,0,0,0.1908926114,0.1367471438,0.08800762972,0.1846389182,0.1482499063,0.1413563896,0.1636822072,0.1232684866,0.2303203346,0.1734031193,0.1865123112,0.1734057769,0.1866890445,0.1227644078,0.1735865742,0.1522437206,0.159805813
324,0,0,0,0,0,0.1908422988,0.1366539954,0.0880602956,0.184730299,0.1483024111,0.1410388803,0.1637322422,0.1232730545,0.2301768675,0.1734241907,0.1865085468,0.1734333841,0.186714929,0.1226091408,0.1736227752,0.1523568478,0.1597325933
324.5,0,0,0,0,0,0.1907929287,0.1366898801,0.088022809,0.1848092375,0.1484157944,0.1413360257,0.163784711,0.1232271431,0.2303569262,0.1734096771,0.18645394,0.1735455524,0.1864972603,0.1225814288,0.1734815823,0.1525167984,0.1599674522
325,0,0,0,0,0,0.1906450604,0.1367159324,0.08794253783,0.1847691945,0.14832433,0.1413443704,0.1636760165,0.1234040759,0.2304094333,0.1735599274,0.1863122299,0.1734963289,0.1867506704,0.1224930133,0.1735315709,0.1525636228,0.1599799818
325.5,0,0,0,0,0,0.190633947,0.1368627456,0.08770338611,0.1848937986,0.1482370779,0.1412671919,0.163629071,0.123281117,0.2304723965,0.1735802484,0.1863684454,0.1734526241,0.1868710408,0.1223214662,0.1734421093,0.1523810964,0.1598304582
326,0,0,0,0,0,0.1907217811,0.1369509144,0.08774903755,0.1848328425,0.1482895756,0.1413221884,0.1635868227,0.1232304603,0.2304061958,0.1736217822,0.1862469507,0.1735360838,0.1867881184,0.1223329692,0.1734070342,0.1523269764,0.1599155386
326.5,0,0,0,0,0,0.1906187895,0.1368542664,0.08779660582,0.1846804063,0.1482587966,0.1412338042,0.1636760846,0.1231632369,0.2303325575,0.1736589579,0.186364122,0.1734938537,0.1869121545,0.1222477585,0.1732581664,0.1521786363,0.1598915636
327,0,0,0,0,0,0.1907929078,0.1370257093,0.08783597969,0.1846204368,0.1482701801,0.141222681,0.1635274683,0.1231386256,0.2302644004,0.1736112211,0.1863215587,0.1735614628,0.1869437267,0.1222303667,0.1733335794,0.1521283382,0.1597040104
327.5,0,0,0,0,0,0.1908506437,0.1369951504,0.08781990587,0.1845149706,0.1481183288,0.1411939395,0.1635103406,0.1231947642,0.2302473191,0.1735488972,0.1862504698,0.1735686678,0.1868951926,0.1222642933,0.1734646781,0.1521763132,0.1597349482
328,0,0,0,0,0,0.1908299552,0.1368229605,0.08771024002,0.184611545,0.1481689822,0.1411094149,0.1635241152,0.1231858627,0.2302310614,0.1735422452,0.186327118,0.1734594828,0.1867903721,0.1223579162,0.1735994787,0.1520396387,0.1595854486
328.5,0,0,0,0,0,0.1906559205,0.1368799437,0.08774419352,0.1847508103,0.1483598673,0.1412071775,0.1635248922,0.1231715738,0.229901791,0.1735328894,0.1864541235,0.1734395161,0.1867650556,0.1223121702,0.1735102648,0.1521987162,0.1595008208
329,0,0,0,0,0,0.1906826586,0.1368580173,0.08768019865,0.1848065758,0.1482664682,0.1412528216,0.1637000667,0.123149741,0.2301287163,0.17346686,0.1865953979,0.1734920832,0.1867275017,0.1223751927,0.1734637283,0.1522390295,0.1593126793
329.5,0,0,0,0,0,0.190682657,0.1368206187,0.08766107475,0.1846708161,0.1483958903,0.1411831771,0.1637006405,0.12320861,0.230147501,0.1734184093,0.1865683706,0.1735095067,0.1866920917,0.1223053073,0.1734663564,0.1523502074,0.159468842
330,0,0,0,0,0,0.1907814425,0.1370109221,0.08744171059,0.1846696008,0.1485535775,0.1413283188,0.1637230991,0.1233299045,0.2301424665,0.1735139523,0.1865259868,0.1735773108,0.1866975658,0.122392416,0.173517031,0.1524389391,0.159351847
330.5,0,0,0,0,0,0.1907606602,0.1368625966,0.08732578378,0.1846180078,0.1484696771,0.1413791158,0.1637035838,0.1233915041,0.2301881658,0.1733983693,0.186541873,0.1736755936,0.1869250366,0.1224468144,0.1735234995,0.1524734551,0.1594418536
331,0,0,0,0,0,0.1908451534,0.1368264407,0.08752417447,0.1846981977,0.1482959346,0.1412927573,0.1638363118,0.1235306777,0.230134781,0.1733378751,0.1864421835,0.1736510005,0.1867351691,0.1222012535,0.1736032087,0.1526955445,0.1592433779
331.5,0,0,0,0,0,0.1908244122,0.1369170503,0.0874365382,0.1844917117,0.1481776201,0.141527408,0.1638286991,0.1235284764,0.2301296869,0.1735112137,0.1866685076,0.1735098154,0.1867414102,0.1224281424,0.1736476418,0.1527059441,0.1593270409
332,0,0,0,0,0,0.1908055161,0.1368122734,0.08760255536,0.184507034,0.1482392592,0.1414083287,0.1640483772,0.1234966191,0.2301580903,0.1733585527,0.1867771855,0.173509887,0.1868342757,0.1222978421,0.1736700631,0.1528385172,0.159293517
332.5,0,0,0,0,0,0.1909256719,0.1369236047,0.08765537099,0.184365503,0.1482679448,0.1414485269,0.1641904791,0.1235583276,0.2301594694,0.1733349904,0.1866858722,0.1734140505,0.1868413803,0.122259513,0.1736734264,0.1528383273,0.1592784086
333,0,0,0,0,0,0.1908413553,0.1367936232,0.08763347239,0.184478637,0.1482847892,0.1413321651,0.1641817654,0.123717787,0.2304143705,0.1732743003,0.1867402108,0.1734151143,0.1867768698,0.1222274372,0.173611463,0.1528222274,0.1593679867
333.5,0,0,0,0,0,0.1908069385,0.1366336899,0.08777055949,0.1844914493,0.148380794,0.1414653807,0.1642029786,0.1235193794,0.2304030029,0.1732360582,0.1868333535,0.1733804277,0.1867613966,0.1223118963,0.1736216069,0.1527486244,0.1593930621
334,0,0,0,0,0,0.1907593487,0.1366517349,0.0876404215,0.1845542189,0.148589583,0.1412717897,0.1641858629,0.1237288067,0.2304855974,0.1733519957,0.1867467992,0.1732617332,0.1867975338,0.1222140325,0.1736631502,0.1526290924,0.1593154515
334.5,0,0,0,0,0,0.1907450733,0.1368024315,0.08759022382,0.184457963,0.1484591003,0.1413120969,0.1641856953,0.1236798165,0.2304065366,0.1733717628,0.1866330166,0.1731809507,0.1868806531,0.1221660407,0.1736970217,0.1526555551,0.1591586386
335,0,0,0,0,0,0.1907431262,0.136753825,0.08757793863,0.1843963149,0.1483357067,0.1413993254,0.1641859738,0.1236818931,0.2305154697,0.173483484,0.1867632861,0.1734017844,0.1869063165,0.1220784327,0.173697123,0.1526217154,0.159007867
335.5,0,0,0,0,0,0.1907338019,0.1368805664,0.08762207266,0.1844260504,0.1484400414,0.1413764165,0.1639358696,0.1236351228,0.23052716,0.1734390441,0.1867695898,0.1734988154,0.1867757943,0.1220062421,0.173686893,0.1524007378,0.158775421
336,0,0,0,0,0,0.1906895104,0.1369632412,0.0878243806,0.1844190044,0.1483455903,0.1414599233,0.1638506374,0.1238243636,0.2304161741,0.173287277,0.1868491224,0.1734897738,0.1868724492,0.1220747369,0.173711215,0.1524646228,0.1587210668
336.5,0,0,0,0,0,0.1907633803,0.1370309689,0.08777151814,0.1844741188,0.1483078783,0.1413926613,0.1638896154,0.1238104821,0.2303935292,0.1732115045,0.1870383685,0.1733742927,0.1870090996,0.1221168321,0.1738600984,0.1525973364,0.1589254172
337,0,0,0,0,0,0.1907472499,0.1369232157,0.08786187025,0.1843137974,0.1482405455,0.1413342452,0.1639783746,0.1237533148,0.2304124669,0.1730460098,0.1870429524,0.1733021809,0.1869935904,0.1221552877,0.1736926823,0.1525766285,0.1588491889
337.5,0,0,0,0,0,0.1907184257,0.1368888036,0.08780847531,0.1843359171,0.1482394428,0.1413252932,0.1639237895,0.1239735792,0.2302760613,0.1733418718,0.1869230105,0.1732994813,0.1870208706,0.1221125816,0.1736401022,0.1527084821,0.158900383
338,0,0,0,0,0,0.1906632297,0.1369277448,0.08787420944,0.1843136053,0.1483067052,0.1414590885,0.1638121993,0.1238945718,0.2302196265,0.1732219358,0.1868352873,0.173363845,0.1869482371,0.1221875814,0.173736152,0.1526515399,0.1588434836
338.5,0,0,0,0,0,0.190593322,0.1370617062,0.08778227439,0.1843486347,0.1482161213,0.1415024651,0.1640028243,0.1237669242,0.2303680662,0.1733031482,0.1869977765,0.1733698785,0.1868355234,0.1222681725,0.1737193165,0.1527532281,0.1589773206
339,0,0,0,0,0,0.1906850154,0.1369088074,0.08785143309,0.1845049073,0.1481710224,0.1415145753,0.1643137303,0.123684735,0.2304862691,0.1735186624,0.1869982007,0.1733846848,0.1867769587,0.1222648146,0.1736074561,0.1525926937,0.1591150653
339.5,0,0,0,0,0,0.1906769469,0.1369373713,0.08782552895,0.1843995058,0.1481987355,0.1417358785,0.1642803503,0.1234776721,0.2306038484,0.1735373423,0.1870181389,0.1734844055,0.1867570835,0.122271817,0.1737004916,0.1526701109,0.1590879329
340,0,0,0,0,0,0.1906629072,0.1368303803,0.0878072707,0.1845327336,0.1483724144,0.1416432299,0.1642747469,0.123548269,0.2307458805,0.1735915157,0.1868897478,0.1734393418,0.1868243045,0.1223214153,0.1735844832,0.1529087258,0.1589081393
340.5,0,0,0,0,0,0.1907447457,0.1368759314,0.08795781142,0.1844410457,0.1483224341,0.1416032218,0.1644208442,0.1235300969,0.2306116791,0.1735481614,0.1869760147,0.173320127,0.1868800819,0.1224580538,0.1737885843,0.1530176919,0.1589446179
341,0,0,0,0,0,0.1907752884,0.1370564507,0.08776027981,0.1845029329,0.1482978526,0.141401342,0.1643411541,0.1234331595,0.2305159804,0.1733116643,0.1870123569,0.1733890962,0.1868183176,0.1223167547,0.1738447862,0.1529559357,0.1590930109
341.5,0,0,0,0,0,0.1908425355,0.1369402929,0.08790420473,0.1845462157,0.1483940426,0.1414979616,0.1640834484,0.1233864492,0.2305603719,0.1732875278,0.1868491058,0.1734924829,0.1869325247,0.122318914,0.1737169516,0.1528429642,0.1592759294
342,0,0,0,0,0,0.1908326752,0.1368265446,0.088041564,0.1844791853,0.148434686,0.1414262818,0.1641328671,0.1234082783,0.2305903076,0.1732235628,0.1869803348,0.1734421458,0.1867384831,0.1224038424,0.1736856092,0.1529245744,0.1590606816
342.5,0,0,0,0,0,0.1909586014,0.1367832064,0.08793151787,0.1843781139,0.1482548625,0.1412261769,0.1641313947,0.1234884799,0.2305812772,0.1731237098,0.186883546,0.1735876893,0.1867537811,0.1221379955,0.1737850303,0.1528942604,0.1589856296
343,0,0,0,0,0,0.1909225929,0.1367589129,0.08781361348,0.1842539801,0.1481215437,0.1412162055,0.1641260035,0.1235710292,0.2306430572,0.1731567901,0.1870662226,0.1736163308,0.1867577303,0.1218464555,0.1738581624,0.15289408,0.1586256024
343.5,0,0,0,0,0,0.1909091595,0.136777704,0.08762962508,0.1842393118,0.1482073212,0.141280445,0.1642632807,0.1235522217,0.2305231075,0.1731995342,0.1870053716,0.1736696087,0.1867447772,0.1217414304,0.1738266591,0.1529912768,0.1585622501
344,0,0,0,0,0,0.1907420035,0.1368395115,0.08778842892,0.1842601049,0.1482107613,0.1408774358,0.1640862802,0.1236469868,0.2305132873,0.1732314707,0.1871533298,0.1736176514,0.1865886901,0.1217526918,0.1737778032,0.1530894716,0.1584437618
344.5,0,0,0,0,0,0.1906787187,0.1368929597,0.08769428207,0.184423044,0.1482034254,0.1408631208,0.1642252637,0.1236767514,0.2307102238,0.1731851969,0.1872459561,0.1735455298,0.1864627798,0.121701173,0.1739272417,0.1530483189,0.1585351013
345,0,0,0,0,0,0.1906530216,0.1367982328,0.08768581581,0.1844297738,0.1484070985,0.1408204094,0.164052723,0.1235738048,0.2306584344,0.1732288922,0.1871971356,0.1734224262,0.186553732,0.1217572387,0.1737694006,0.152912606,0.1586590004
345.5,0,0,0,0,0,0.1906541519,0.1368679785,0.08780017526,0.1844514642,0.1483793884,0.1409345777,0.1640421725,0.1235563154,0.2307061714,0.1732757991,0.1872508525,0.17352598,0.186533829,0.1218409371,0.1736225995,0.1528544065,0.1586506594
346,0,0,0,0,0,0.1907328424,0.136873235,0.08779327311,0.1844334608,0.14845495,0.1410723634,0.1640211484,0.1235246358,0.2307648372,0.1733030577,0.1873967341,0.173533182,0.1865885893,0.1218045008,0.1736488899,0.1529459279,0.1588631686
346.5,0,0,0,0,0,0.1907502526,0.1368434612,0.08768291779,0.1843771206,0.1482496632,0.1411654166,0.1639783202,0.1234340584,0.2307195307,0.1732689945,0.1873644394,0.1735638955,0.186842038,0.1219518981,0.1736725004,0.1528529955,0.1587173029
347,0,0,0,0,0,0.1908869717,0.1369996275,0.08784915852,0.1844833177,0.1482657681,0.1411581005,0.1639309755,0.1233871069,0.2308210427,0.173215575,0.1873206057,0.1733554357,0.1869160842,0.1218832418,0.1736913486,0.1528888956,0.1589856573
347.5,0,0,0,0,0,0.1908561733,0.137009842,0.08804468873,0.1844676844,0.1481184669,0.1411063379,0.1639586887,0.1235162062,0.2306143312,0.1731850881,0.1875067348,0.1734233764,0.1868370386,0.1219735407,0.1738282957,0.1528378678,0.1587148099
348,0,0,0,0,0,0.1910070111,0.1370415192,0.08803292861,0.1846164042,0.1481428449,0.1412350822,0.1640665826,0.1234368146,0.2305641068,0.1731749096,0.1875336627,0.1734172016,0.1869473964,0.1219410618,0.1737300926,0.1529087374,0.1588518551
348.5,0,0,0,0,0,0.1910312481,0.136914888,0.08812967826,0.1845539948,0.1481065995,0.1413189769,0.1640730982,0.1231860284,0.2306048226,0.1731057634,0.1874502929,0.1734080241,0.1869105188,0.1219726297,0.1738009183,0.1530116169,0.1587615986
349,0,0,0,0,0,0.1910329921,0.1367037343,0.08820412666,0.1844016218,0.1483151108,0.1412026842,0.1640612814,0.1231894938,0.2304973843,0.1733518952,0.1875170111,0.1733620586,0.1869048385,0.1220507672,0.1736520635,0.1529585378,0.1588262747
349.5,0,0,0,0,0,0.1908922846,0.1368209785,0.08809459753,0.1845439504,0.1485369091,0.1412967323,0.164001998,0.1232948613,0.2306435812,0.1733153294,0.1875658282,0.1731839445,0.186952444,0.1221616589,0.1734797315,0.1530337287,0.1588116893
350,0,0,0,0,0,0.190780598,0.1367078046,0.08804165538,0.184631898,0.1484426541,0.141235339,0.1639676223,0.123426967,0.2305296422,0.1734507705,0.1875168287,0.1733297222,0.1870076993,0.122154847,0.1734516074,0.1531830656,0.1589114872
350.5,0,0,0,0,0,0.1909468683,0.1369041219,0.08831445076,0.1845427687,0.1482758667,0.141338697,0.1638911204,0.1234799163,0.2306405843,0.1734113919,0.1875749931,0.1732504936,0.186946962,0.1220117884,0.1733653181,0.1532074686,0.1586147353
351,0,0,0,0,0,0.1909011781,0.1368198252,0.08818815882,0.1844819474,0.1484139236,0.1414177421,0.1638703583,0.1235213547,0.2307211323,0.1732358059,0.1876065823,0.1733604324,0.1868098378,0.1220060378,0.1734089242,0.1532142263,0.1586763899
351.5,0,0,0,0,0,0.1909795599,0.1368306479,0.08789901417,0.1844318926,0.1483447911,0.1413731328,0.1637877457,0.1234138555,0.2306518424,0.1732532826,0.1875250461,0.1732080929,0.1867055777,0.1218211804,0.1734403558,0.1530604598,0.1588003062
352,0,0,0,0,0,0.1908866495,0.1368039172,0.08805597542,0.1843507688,0.1482821268,0.1414046004,0.1639912489,0.1233904023,0.2307190062,0.1732099392,0.1875615893,0.1732511588,0.1866632589,0.1218896035,0.1734276006,0.1530038863,0.1587193972
352.5,0,0,0,0,0,0.1909551952,0.1369281484,0.08792792724,0.1844389998,0.1482610619,0.1415501479,0.1640310756,0.1234748579,0.2306416942,0.1733090239,0.1874473316,0.173316543,0.1866355654,0.1219165833,0.1732710956,0.1527916615,0.1588494705
353,0,0,0,0,0,0.1909457259,0.1368879535,0.08788435894,0.1844390377,0.1483952031,0.1414262923,0.1641536469,0.1233659446,0.2306740361,0.1733881333,0.187605677,0.1732758055,0.1869609237,0.122077486,0.1731470686,0.1527919248,0.1588705862
353.5,0,0,0,0,0,0.1907901707,0.1368492773,0.08779239171,0.1845346216,0.1483196234,0.1412749408,0.1640815024,0.1235224332,0.2305810907,0.1732601579,0.1875805055,0.1732583813,0.18693415,0.1221375646,0.1730799426,0.1527474978,0.1589610415
354,0,0,0,0,0,0.1906911404,0.1368399206,0.08769642089,0.1845522434,0.1482206019,0.1412105033,0.1639654167,0.1234709051,0.2304899929,0.1733281641,0.187488682,0.1733624553,0.1868904236,0.122261369,0.1730733638,0.1528035946,0.1590712492
354.5,0,0,0,0,0,0.1907184383,0.1368164808,0.08790095081,0.1845793315,0.1482245703,0.1412604936,0.1638689057,0.1232549586,0.230573497,0.1735434038,0.1873148804,0.1733348876,0.1866242767,0.1221961064,0.1729972495,0.1528124445,0.1589721933
355,0,0,0,0,0,0.1907248222,0.136762772,0.08804331528,0.1845204509,0.148216794,0.1412388086,0.1638659775,0.1232372784,0.2306965816,0.1734805125,0.1872670402,0.1734382702,0.1868103361,0.1220572474,0.1731166694,0.1526896032,0.1587727503
355.5,0,0,0,0,0,0.1906363298,0.1367967922,0.08776651637,0.1845550114,0.1483267803,0.1410973135,0.1638308539,0.1232615137,0.2307636107,0.1737004227,0.1872426952,0.1734443889,0.1867667232,0.1222776782,0.1732466876,0.1527227377,0.1587829649
356,0,0,0,0,0,0.1906764191,0.136709451,0.0878941862,0.1845491591,0.1484439558,0.1410064128,0.1637719001,0.1232458864,0.2306675985,0.1736751812,0.187254761,0.1735190816,0.1867150826,0.1223460733,0.1732540219,0.1528619589,0.1588303329
356.5,0,0,0,0,0,0.1905947598,0.1370013052,0.08775352707,0.1845453574,0.1482362265,0.1410296781,0.163597116,0.1233954827,0.2307021106,0.1735138806,0.1872078882,0.1735213799,0.1867960403,0.1222224156,0.1732127055,0.1528799397,0.1589376156
357,0,0,0,0,0,0.190697373,0.1368539529,0.08785874102,0.1844979469,0.1482621485,0.141135826,0.1634939054,0.1233868303,0.2308043957,0.1735080867,0.1871853537,0.1735817986,0.1867041145,0.1221427005,0.17312812,0.1527964138,0.1588388382
357.5,0,0,0,0,0,0.1907820426,0.1367296296,0.0878039594,0.1846711569,0.1480963851,0.141271883,0.1635624421,0.1234551179,0.2307926069,0.1735968125,0.1871042935,0.1736277927,0.186753749,0.1222927851,0.1733322809,0.1529394947,0.1588462509
358,0,0,0,0,0,0.1908989849,0.1367999308,0.08772747521,0.1845535464,0.1483008455,0.1412269535,0.1635117986,0.1235433321,0.230936739,0.1734221638,0.1870583362,0.1736863188,0.1867307062,0.1224418988,0.1732149521,0.1530615695,0.1588873557
358.5,0,0,0,0,0,0.1908456689,0.1370354167,0.08779051004,0.1845066364,0.1485348534,0.1411420719,0.1636178654,0.1234585881,0.2309572876,0.1735065474,0.1868641791,0.1736502315,0.1866136871,0.1224132053,0.1731543853,0.1529960074,0.1589732779
359,0,0,0,0,0,0.1908326769,0.1368185359,0.08746081545,0.1845381854,0.1487795604,0.1411052102,0.1638653072,0.1234189692,0.2309280012,0.1734840917,0.1868837946,0.1735760516,0.1867210143,0.1224401915,0.1732664819,0.1529945242,0.1588099614
359.5,0,0,0,0,0,0.1909153676,0.1367997533,0.08734097676,0.1845533106,0.1488313658,0.1411725273,0.1638540252,0.1234166644,0.2308309578,0.173384593,0.1869833378,0.17383459,0.18694932,0.122535709,0.1731896101,0.1529978272,0.1587848591
360,0,0,0,0,0,0.1908955863,0.136681934,0.08759166079,0.1845249682,0.1486691512,0.1411370184,0.1637248499,0.1234523918,0.2306533779,0.1733303705,0.1868489218,0.1737999697,0.186859782,0.1227328612,0.1730756806,0.1528551568,0.1588906025
360.5,0,0,0,0,0,0.1908996251,0.1366416524,0.08763248466,0.1843200779,0.1486416515,0.1413661863,0.1636343893,0.1234731073,0.23063577,0.173310041,0.1868108714,0.1738904472,0.1870221777,0.122663999,0.1729574466,0.1527231325,0.1587432603
361,0,0,0,0,0,0.1908959383,0.1368371342,0.08757757171,0.1842486761,0.1487236369,0.141211657,0.1636957052,0.1233315826,0.2306676809,0.1732200593,0.1867848498,0.1737460996,0.1869087796,0.1225314742,0.1731498715,0.1527163809,0.1586060735
361.5,0,0,0,0,0,0.191031908,0.136725569,0.08755340447,0.1841827858,0.1485859607,0.1412046579,0.1639444543,0.1231404372,0.2306503349,0.173264451,0.186787716,0.1736343362,0.1868176497,0.1226637491,0.1732723558,0.1524508661,0.1585964208
362,0,0,0,0,0,0.19094501,0.1366251643,0.08747717486,0.1842436691,0.1485407281,0.1412954604,0.1640868641,0.1230507059,0.2306981292,0.1733841291,0.1868271862,0.1737126596,0.1867917097,0.1227781361,0.1732771159,0.1523686952,0.158536456
362.5,0,0,0,0,0,0.1908077888,0.1366721218,0.08748942319,0.1842561483,0.1485282747,0.1415844688,0.1640072202,0.1232787807,0.2306743178,0.1735197095,0.1869643886,0.1737070434,0.1867873755,0.1226215089,0.1732520304,0.1524583024,0.1584527523
363,0,0,0,0,0,0.190909136,0.1366726098,0.08763628244,0.1841876501,0.1485566067,0.1417903277,0.1641339286,0.1233173699,0.2305922654,0.1733851371,0.1869301121,0.1737422517,0.1867359838,0.1225248209,0.1733613829,0.1525782892,0.158601567
363.5,0,0,0,0,0,0.1910447284,0.1368141017,0.08780531419,0.1841359291,0.1486063431,0.1415372553,0.1638665968,0.1234214649,0.230582742,0.1734298223,0.1869126726,0.1738945186,0.1867463982,0.1223409676,0.1733718622,0.1526099878,0.1587225948
364,0,0,0,0,0,0.1910523135,0.1368450059,0.08799259092,0.1842003311,0.1485841348,0.1415396255,0.1638664918,0.1235247873,0.2305052111,0.1733713065,0.1869920911,0.1738543033,0.1866747515,0.1226631903,0.1735399649,0.1525980004,0.1585341473
364.5,0,0,0,0,0,0.1911227063,0.1366870825,0.08787740347,0.1842746371,0.1485006288,0.1414793949,0.164010411,0.1235880802,0.2305682624,0.1735165577,0.1870459202,0.1738342336,0.1865318431,0.1224335511,0.1734468707,0.152862919,0.1584947323
365,0,0,0,0,0,0.1909709454,0.136625315,0.08776537106,0.1841850364,0.1484301218,0.1412241456,0.1639153728,0.1235980546,0.2305640065,0.1733554136,0.1871603199,0.1737515072,0.1863869216,0.122435282,0.173506338,0.1529626276,0.158314446
365.5,0,0,0,0,0,0.1909966325,0.1365893108,0.08764108832,0.1842549335,0.1484349132,0.1412440657,0.1638670272,0.1236478191,0.2304678591,0.1730535554,0.1871374729,0.1737204829,0.1863577423,0.122416966,0.1734887596,0.1527417251,0.158268857
366,0,0,0,0,0,0.1909074061,0.1365263135,0.08761150742,0.1843506744,0.148345122,0.1412828562,0.1637257057,0.1236658527,0.2305106516,0.1731224955,0.1869857225,0.1737209321,0.1865618265,0.1221983924,0.1735667527,0.152591669,0.1583619266
366.5,0,0,0,0,0,0.1909105368,0.1365388091,0.08745629476,0.1844164169,0.148319254,0.1413736185,0.1638228768,0.123602988,0.2305229388,0.1732976603,0.1870499213,0.1737224289,0.1866435619,0.1222388541,0.1735139806,0.1528201427,0.1583359842
367,0,0,0,0,0,0.1908441747,0.1365452359,0.08739476845,0.1844822813,0.1482617966,0.1413861992,0.163888225,0.123463521,0.2305574449,0.1733237,0.1870181849,0.173620756,0.1865227255,0.122169746,0.1735244079,0.1527143854,0.1584040826
367.5,0,0,0,0,0,0.1908811364,0.1366726832,0.08755893533,0.1844389793,0.1484569493,0.1414133073,0.163951192,0.1233281209,0.2306170157,0.1734157089,0.1871562308,0.1734555525,0.1864456534,0.1222985343,0.1733519796,0.1528647916,0.1583949737
368,0,0,0,0,0,0.1909823066,0.1366639517,0.08752472681,0.1845439198,0.1483562839,0.1415183806,0.163833635,0.1232205637,0.2306607829,0.1735707524,0.1871445245,0.1734627575,0.1864009055,0.1221888385,0.1734411163,0.1530705289,0.1584266216
368.5,0,0,0,0,0,0.1908856645,0.1367134008,0.08755178236,0.1845219092,0.1484030814,0.1413221776,0.1638940684,0.1232956558,0.2307327235,0.1733531896,0.1871421415,0.1736565122,0.1864937211,0.1222096103,0.1734787308,0.1530095415,0.1586188969
369,0,0,0,0,0,0.1909952787,0.136729489,0.08749185379,0.1844743177,0.148418138,0.141365095,0.1636411451,0.1232505687,0.2307661039,0.1731696114,0.1870929041,0.1735984905,0.1863036325,0.122244288,0.1734872397,0.1528675949,0.1585790352
369.5,0,0,0,0,0,0.19090389,0.1368108748,0.08763565608,0.1845113497,0.1483175986,0.1414007296,0.1636799239,0.1233263147,0.2307078886,0.1731881295,0.1870271659,0.1736264756,0.1863036045,0.1221722806,0.17351691,0.1526153136,0.1585301807
370,0,0,0,0,0,0.1909624924,0.1367376984,0.08764822864,0.1844587228,0.1483581104,0.1414396953,0.1637791996,0.1232141583,0.2307324342,0.1732693707,0.18695433,0.1736596816,0.1864153397,0.122191502,0.17361824,0.1526023574,0.1585638954
370.5,0,0,0,0,0,0.1909275164,0.1366746619,0.08773353193,0.1843290889,0.1484167253,0.1413810603,0.1637718669,0.1232415073,0.2307027669,0.173110484,0.1868135944,0.1736802623,0.1865063418,0.1224088017,0.1734008706,0.1526050928,0.1585329365
371,0,0,0,0,0,0.190948796,0.1369008403,0.0876199831,0.1843029027,0.1484802313,0.1413493611,0.1636164818,0.1232629185,0.2308337704,0.1730930324,0.186866844,0.1736801461,0.1866006926,0.1223081081,0.173310077,0.1525957832,0.1585883864
371.5,0,0,0,0,0,0.1909740093,0.1366614003,0.08765374073,0.1844137288,0.1485302144,0.1413391215,0.1638078411,0.1231694775,0.230899818,0.1729959479,0.1868315957,0.1736465,0.1866962769,0.1222075792,0.1731004738,0.1525652559,0.1585005012
372,0,0,0,0,0,0.1910728182,0.1367129485,0.0879008345,0.1844389058,0.1485823047,0.1413597846,0.1637691512,0.1231186881,0.2310117368,0.1733040216,0.1868618382,0.1735802739,0.1866628017,0.1221561606,0.1731578421,0.1525222178,0.1585757927
372.5,0,0,0,0,0,0.1911469597,0.1366464471,0.08792454463,0.1843894066,0.1483523037,0.141298991,0.1638823415,0.1232319909,0.2309042344,0.1732240761,0.1869385038,0.1734333819,0.186724651,0.1221330774,0.1731068357,0.1523035862,0.1585187947
373,0,0,0,0,0,0.1911723895,0.1364496611,0.08782664194,0.1843706013,0.1483318801,0.141354909,0.1639286007,0.1233267568,0.2308377688,0.1733368457,0.1867871713,0.1735518989,0.186566408,0.1222451286,0.1731682436,0.1522500163,0.1585826533
373.5,0,0,0,0,0,0.1910969914,0.1367270253,0.08787276026,0.1844748514,0.1485540739,0.1412383245,0.1638962629,0.1233077907,0.2306764034,0.1731930574,0.1867735889,0.1737262811,0.1865923957,0.1223170498,0.1731416441,0.1524385888,0.158730956
374,0,0,0,0,0,0.1910777973,0.1367542737,0.08775165885,0.1842755274,0.1483328241,0.141308012,0.1638044194,0.1233983019,0.2305231106,0.1731749992,0.186671507,0.1736920522,0.18653979,0.1223009927,0.1731086775,0.1522819901,0.158844006
374.5,0,0,0,0,0,0.1908376277,0.1366849892,0.08765842457,0.1842363743,0.1483606083,0.1413249,0.1637067796,0.1231591356,0.2305542232,0.1733498018,0.1865936307,0.1737337634,0.1864847549,0.1222392634,0.1732524886,0.1521692346,0.1588122524
375,0,0,0,0,0,0.1909186605,0.1367788038,0.08778151843,0.1843349563,0.148350186,0.1412203395,0.1637340277,0.1232310668,0.2304353121,0.1732548234,0.1864472363,0.1736256597,0.186506229,0.1220250858,0.1732298274,0.1521927398,0.1587735519
375.5,0,0,0,0,0,0.1908357133,0.1367211222,0.08790847658,0.1844017023,0.1484785031,0.1412027081,0.1636799638,0.1233534533,0.230372812,0.1733660839,0.1864253281,0.1736202814,0.1865777267,0.1220345201,0.1732026607,0.1521121612,0.158908982
376,0,0,0,0,0,0.1908437027,0.1366721461,0.08792711882,0.1844757937,0.1484628637,0.1411941745,0.1636645194,0.123144493,0.2303967984,0.1733161754,0.1863818186,0.1736383851,0.1864673765,0.121825119,0.1731204553,0.1520938776,0.1589988199
376.5,0,0,0,0,0,0.1907470413,0.1368355172,0.08770174388,0.1845980759,0.1485764976,0.1411496259,0.1636424466,0.1231798077,0.2304089068,0.173492682,0.1863500609,0.1734628386,0.1863452086,0.1217855228,0.1730014714,0.1520698174,0.1590056579
377,0,0,0,0,0,0.1907203848,0.1366006497,0.08775724738,0.1844973944,0.1485238827,0.1411418507,0.163591134,0.1232243118,0.2302715188,0.1734539475,0.186371015,0.173677078,0.1863830068,0.1219136543,0.1730918027,0.1522266501,0.1588856376
377.5,0,0,0,0,0,0.1907165907,0.1365793032,0.08768635632,0.1844713883,0.1484638596,0.1410557261,0.1634819407,0.1231668209,0.2302189009,0.1736210348,0.1864130441,0.1736438363,0.1863746696,0.1219394144,0.1730015734,0.1521471086,0.1587167472
378,0,0,0,0,0,0.1906642351,0.136655763,0.08764430013,0.1844183037,0.1484440187,0.1411967782,0.1636601412,0.1231506707,0.2302591266,0.1735642746,0.1866379827,0.1735035991,0.1863656,0.1216713762,0.1729835853,0.152260384,0.1586310316
378.5,0,0,0,0,0,0.1907544571,0.1367583662,0.08767061387,0.1844435255,0.1484135792,0.1411971981,0.1637014956,0.1231599908,0.230222588,0.1735176354,0.1867742504,0.1735673196,0.1864898447,0.1215653091,0.1729339652,0.1522589773,0.158659708
379,0,0,0,0,0,0.1908555156,0.1367152014,0.08757239699,0.1843929382,0.148431412,0.1411430183,0.163570524,0.1232649324,0.2303193796,0.1736649601,0.1866530414,0.1735076247,0.1864031844,0.1216745216,0.1729037,0.1521974215,0.1587000602
379.5,0,0,0,0,0,0.1906051841,0.1366308624,0.08772786842,0.1842837057,0.148408128,0.1410832988,0.1637718551,0.1231877953,0.2302837981,0.1735891074,0.1866697251,0.1734496059,0.1866010542,0.1214685693,0.1729020502,0.1521803748,0.1587103522
380,0,0,0,0,0,0.1905323142,0.1366830495,0.08781980712,0.1843711045,0.1485116779,0.141118819,0.1636802747,0.1232053098,0.2301830783,0.1733981175,0.1865815238,0.173440583,0.1865475301,0.1217730763,0.1728977361,0.1521135697,0.1586987093
380.5,0,0,0,0,0,0.1905165818,0.1366452017,0.08775408547,0.1844333986,0.1485426437,0.1411550736,0.1637525421,0.1231716441,0.230030857,0.1732892476,0.1864909919,0.1734316923,0.1863863405,0.1219792892,0.1730680452,0.152109151,0.1584194116
381,0,0,0,0,0,0.1905935196,0.1364842449,0.087960412,0.1844351342,0.1484941159,0.1411651576,0.1637901879,0.1232218005,0.2299091203,0.1733552445,0.1866718455,0.1733903316,0.1864812618,0.1221815182,0.1731200642,0.1523294151,0.1584708828
381.5,0,0,0,0,0,0.190549336,0.1365846939,0.08794990759,0.1845501261,0.148581245,0.141280221,0.1638887427,0.1230991214,0.2300646434,0.1735698897,0.1868494087,0.1735155236,0.1864844349,0.1221130204,0.1733188543,0.1524013028,0.1584922068
382,0,0,0,0,0,0.1906096509,0.1366933201,0.08788681931,0.1845335059,0.148447971,0.141254427,0.1638257049,0.1230095683,0.2300818298,0.1733662608,0.1870346862,0.1734618993,0.1866382382,0.122166667,0.1732139388,0.1522297613,0.1583322559
382.5,0,0,0,0,0,0.1905129953,0.1368023163,0.0878630591,0.1844373937,0.1484520834,0.1411196545,0.163926138,0.1231240466,0.2301994837,0.1733869902,0.1869756845,0.1735050838,0.1864517657,0.1219803573,0.1731642571,0.1521888769,0.1583256345
383,0,0,0,0,0,0.1904979812,0.1369734125,0.0876561308,0.1845120015,0.1484433051,0.1412724895,0.1639403277,0.1231365031,0.2302795159,0.1735365296,0.1870180279,0.1733005531,0.18634532,0.1217737557,0.173273934,0.1522894243,0.1583152236
383.5,0,0,0,0,0,0.1904261678,0.1369238461,0.08772368565,0.1844572384,0.1484009567,0.1413023426,0.1637321279,0.1231633963,0.2302814721,0.1735073201,0.1869043853,0.1732194178,0.1864207974,0.1219147214,0.1732758093,0.1521929357,0.1583470743
384,0,0,0,0,0,0.1906140341,0.1368963176,0.087677412,0.1844473059,0.1485127202,0.1413104292,0.1639112077,0.1232614132,0.230235618,0.1734371679,0.1868026032,0.1731273802,0.1864331613,0.1220263286,0.1733669143,0.1519634105,0.1585455261
384.5,0,0,0,0,0,0.1906706854,0.1367846257,0.0876953335,0.1844400376,0.1488208004,0.1413584808,0.1638907201,0.1232930311,0.2301857703,0.1735036346,0.1868663138,0.1731253672,0.1863104209,0.1220495958,0.1731800085,0.1520745978,0.1585069262
385,0,0,0,0,0,0.1906885016,0.1367237823,0.08771589534,0.1844397812,0.1486005871,0.1412880095,0.1641148316,0.123237581,0.2303699205,0.1735410454,0.187030161,0.1731213471,0.186323349,0.1218213457,0.173277106,0.1520001292,0.1587224173
385.5,0,0,0,0,0,0.1907340776,0.1367520761,0.08791061985,0.1844256468,0.1485015767,0.1413834596,0.1641634742,0.1232055607,0.2304440735,0.173425977,0.1872577271,0.1731079244,0.1864540059,0.121872715,0.1732183515,0.1520430561,0.1587772855
386,0,0,0,0,0,0.1908331122,0.1366156221,0.08786105138,0.1844537437,0.1484395522,0.1412285305,0.164278158,0.1233863223,0.2303918404,0.1734949883,0.1873249004,0.1731419314,0.1866163196,0.1219526254,0.1729269363,0.152160915,0.158778487
386.5,0,0,0,0,0,0.1907664414,0.1368187045,0.08780014672,0.1844370244,0.1485732483,0.1411947166,0.1640813951,0.1232900031,0.2303691831,0.1735198636,0.1874375641,0.1730795848,0.1866420522,0.1219639604,0.1729318637,0.1522092284,0.1586760802
387,0,0,0,0,0,0.1908458607,0.1367806179,0.08787696786,0.1844581441,0.1485618499,0.1409674346,0.1641572232,0.1234568768,0.2303880053,0.1735415331,0.1874727688,0.1731169009,0.186635171,0.1222006718,0.1730771469,0.1521331624,0.1586198409
387.5,0,0,0,0,0,0.1909325563,0.1369777391,0.08771882724,0.1844664226,0.148450067,0.1410927072,0.1640706925,0.1233675161,0.2304652438,0.1736028918,0.1873663506,0.1732068715,0.1865752098,0.1221448908,0.1730318262,0.1521610477,0.1585028895
388,0,0,0,0,0,0.1908861217,0.1369213477,0.08781830863,0.1844834458,0.1484922106,0.141258407,0.1641458563,0.1232088441,0.2303350114,0.1735751524,0.187553953,0.1732596719,0.1865114255,0.1222584714,0.173092049,0.152125985,0.1583989868
388.5,0,0,0,0,0,0.1909663788,0.1369590545,0.08778689298,0.1844311218,0.1483871614,0.1413427121,0.1641514514,0.1232804893,0.2303323847,0.1735803096,0.1875431114,0.1732767472,0.1865451192,0.1224207879,0.1731332285,0.1521089926,0.1583253016
389,0,0,0,0,0,0.1907914652,0.1368425742,0.08787979911,0.1845762379,0.1484140027,0.1412274094,0.1640736307,0.1232764725,0.230293073,0.1735671752,0.187400515,0.173253975,0.1865902348,0.1224429677,0.1730957966,0.1520353934,0.1582583156
389.5,0,0,0,0,0,0.1906930875,0.1369337671,0.08799534734,0.1844187366,0.1483850957,0.1412655777,0.1639753531,0.1232571707,0.2302799791,0.1735479907,0.1875578276,0.1733826379,0.1865643393,0.122431643,0.1733917605,0.1521636331,0.1584100793
390,0,0,0,0,0,0.1907366407,0.1369680138,0.08788326269,0.1845326342,0.1483128602,0.141427765,0.163906684,0.1233727008,0.2302175731,0.1735779176,0.1877611179,0.1734602735,0.1865072343,0.1224344881,0.173310203,0.1521285174,0.1583044146
390.5,0,0,0,0,0,0.1907244167,0.1368333767,0.08788702301,0.1845268757,0.1483363742,0.1412677122,0.1639610827,0.1233971211,0.2302881598,0.173343454,0.1876297201,0.1733696636,0.1863355221,0.1225266493,0.1732696378,0.1521116684,0.1585318054
391,0,0,0,0,0,0.190587156,0.1368542442,0.08783199313,0.1847068549,0.1485219969,0.1413069954,0.16384033,0.12362094,0.2302719625,0.1733694295,0.1875314495,0.1733920571,0.1864413137,0.1223807485,0.1733659623,0.1522032127,0.1586807167
391.5,0,0,0,0,0,0.1906490509,0.1368935093,0.08766197441,0.1846356721,0.1486277785,0.1412237583,0.1639151014,0.1237365334,0.2303302667,0.173512123,0.18755557,0.1736042868,0.1863441026,0.1225323447,0.1734991362,0.1522065325,0.1586767853
392,0,0,0,0,0,0.1904989024,0.1368816177,0.08775152986,0.1847463755,0.1484864043,0.1411692647,0.1640567706,0.1236839931,0.2303020527,0.1734562325,0.1874793601,0.1735579439,0.1862750671,0.1225723019,0.173555212,0.1522296792,0.1586298788
392.5,0,0,0,0,0,0.1906207714,0.1367990391,0.0876415553,0.1846706725,0.1486237742,0.141368539,0.164110708,0.1234504456,0.2301590017,0.1734296099,0.187570042,0.1736324497,0.1862060432,0.1225361849,0.1734355269,0.1523168337,0.1587985925
393,0,0,0,0,0,0.1906449661,0.1369517158,0.08772857457,0.1846452353,0.1485270031,0.141213546,0.1640801574,0.1233714,0.230164358,0.1734594339,0.187580547,0.1737750476,0.1863163363,0.1224514742,0.1734944008,0.1522814054,0.1590334922
393.5,0,0,0,0,0,0.1906670605,0.1369354321,0.08782390291,0.1843769142,0.1484674731,0.1412400618,0.163893602,0.1234580046,0.2300823623,0.1734485772,0.1874350154,0.1737392063,0.1861685309,0.1223577132,0.1734387497,0.1524130294,0.1591240434
394,0,0,0,0,0,0.1906480566,0.1369238098,0.08791628641,0.1843725042,0.1484817045,0.141276255,0.1637947894,0.1234456675,0.230031235,0.1733605794,0.1877107232,0.173765476,0.1863245448,0.1223472006,0.1734688924,0.1525363128,0.1592939529
394.5,0,0,0,0,0,0.1905733956,0.1369572688,0.08796300454,0.184429576,0.1487108905,0.1412078736,0.1636955891,0.1236161145,0.2299704212,0.1731892149,0.1877482892,0.1735904152,0.1866018783,0.1222440957,0.1734202762,0.1524491772,0.1594338731
395,0,0,0,0,0,0.1907354522,0.1368823901,0.087883758,0.1844556694,0.1488719854,0.1413251435,0.1637070667,0.1236022957,0.2300071306,0.1734136944,0.1876079944,0.1733887144,0.1866840716,0.1220996213,0.1734106319,0.1524863553,0.1595644425
395.5,0,0,0,0,0,0.1908078855,0.1370373261,0.08770132521,0.1844773369,0.1488545522,0.1413253211,0.1637274378,0.1236443352,0.2300807196,0.1734152351,0.1874955363,0.1732657578,0.1865077757,0.1222720629,0.1735470535,0.1524375409,0.1595653719
396,0,0,0,0,0,0.1909616522,0.1367846215,0.08785526154,0.1845441893,0.1489958511,0.1413782985,0.1638791101,0.1237113486,0.2301799081,0.1734168508,0.1875362357,0.1731989495,0.186443612,0.1222650571,0.1734436022,0.1524074808,0.1596019853
396.5,0,0,0,0,0,0.191080418,0.136771747,0.08785896805,0.184702213,0.1490305013,0.1415357931,0.1638243649,0.1236807152,0.2302427102,0.1733231196,0.1877392468,0.1730593937,0.1865643609,0.1224830858,0.1736344029,0.1523873453,0.1593818943
397,0,0,0,0,0,0.1910644627,0.1367964355,0.08789050193,0.184752152,0.148752036,0.1413963128,0.1639110587,0.123564363,0.2302822588,0.1733033226,0.1876631189,0.1730838416,0.1866755083,0.1223369612,0.1736637717,0.1523843718,0.1593869839
397.5,0,0,0,0,0,0.1910075822,0.1368629868,0.08793053162,0.184754917,0.1485787925,0.1413493298,0.1638869491,0.1235387438,0.2301966311,0.1733249221,0.1875809037,0.1732192252,0.1867587373,0.1222238431,0.1736395291,0.1523259142,0.1594001666
398,0,0,0,0,0,0.1910206734,0.1368725908,0.08772967445,0.1845607287,0.1484181458,0.1414832497,0.1639632168,0.123628955,0.2302027255,0.1732429087,0.1876428724,0.1732270942,0.1866996464,0.1221239655,0.1736761192,0.1523247421,0.1593668082
398.5,0,0,0,0,0,0.1909392969,0.136749451,0.08794246803,0.1846494409,0.1484034163,0.1413611964,0.1638747502,0.123705151,0.2300978989,0.173309572,0.1876450267,0.1732768012,0.1867723113,0.1220793455,0.173562567,0.1522991898,0.1594545195
399,0,0,0,0,0,0.1909215118,0.1368995682,0.08789156733,0.1846624862,0.148260647,0.1414014356,0.1639450202,0.1235654755,0.2299914649,0.1731673585,0.187486539,0.1731129443,0.1867344297,0.1218889622,0.1735299287,0.1522362423,0.1594834468
399.5,0,0,0,0,0,0.1908147162,0.1369131742,0.08788044061,0.1846158316,0.1483849961,0.1414105078,0.164115393,0.1235199433,0.2299129082,0.1733162476,0.1874883406,0.173117579,0.1868546165,0.122090833,0.1734942664,0.1523492959,0.1594303903
400,0,0,0,0,0,0.19074887,0.1369333076,0.08799605966,0.1846731898,0.1483348272,0.1412806115,0.1641359733,0.1234888895,0.2300192668,0.1735293033,0.1874244887,0.1732905023,0.1869473408,0.1220704179,0.1735928446,0.1524420696,0.1593976509
400.5,0,0,0,0,0,0.190680044,0.1369689695,0.08802491466,0.1846802983,0.1482289748,0.1411495041,0.1640311058,0.1237610782,0.2299454014,0.1734848966,0.1871810058,0.1733389049,0.1867749926,0.1220923135,0.1735699369,0.1523783976,0.1592412385
401,0,0,0,0,0,0.1906106682,0.1370375101,0.08785695145,0.1847210493,0.1481578856,0.1409520299,0.1639022488,0.1237122749,0.2301213919,0.1735436353,0.1870544651,0.173202091,0.1866513411,0.1222907076,0.1735539552,0.1522872317,0.1592540519
401.5,0,0,0,0,0,0.1906407977,0.1371367646,0.08770462152,0.1846475495,0.1483112163,0.1411144615,0.1639962584,0.1236636254,0.2301002901,0.1735575376,0.1869835324,0.1731161017,0.186552763,0.1222440592,0.1737051014,0.1522819445,0.1591320634
402,0,0,0,0,0,0.1905824475,0.1370269621,0.0877902517,0.1845802215,0.1484806645,0.1412053237,0.1640530565,0.1235793616,0.2301823556,0.173587175,0.1870101959,0.1730743815,0.1866930342,0.1223240527,0.1736341862,0.152382956,0.159231599
402.5,0,0,0,0,0,0.1906050776,0.1367534882,0.08762316336,0.1845686388,0.1483760962,0.1414694063,0.1640940316,0.1234858233,0.2302034369,0.1735476361,0.1871452417,0.1732276137,0.1867730567,0.1222960305,0.1736551493,0.1523697027,0.1592855989
403,0,0,0,0,0,0.1906391408,0.1367247768,0.08753235671,0.1845067458,0.1483104892,0.1414352972,0.1640035034,0.1236930224,0.230174245,0.1735740114,0.1870660612,0.1733318976,0.1867735743,0.1223671968,0.1738795752,0.1523709808,0.1590827059
403.5,0,0,0,0,0,0.1905437707,0.1367852592,0.08747459267,0.1844687236,0.1484491527,0.1413272834,0.1641789119,0.1237800325,0.230038012,0.1737509878,0.1870466133,0.1734262282,0.1868985103,0.1222436228,0.1739162998,0.1523692885,0.158965908
404,0,0,0,0,0,0.1907562063,0.1368416594,0.08760963008,0.1845275238,0.1484081759,0.1413951071,0.1639910612,0.1236108951,0.2299565269,0.1736232478,0.1870296155,0.1733424437,0.1867642549,0.1222381423,0.1738846939,0.1524134565,0.1591967905
404.5,0,0,0,0,0,0.1907782857,0.1366782572,0.08758203862,0.1846495913,0.1484201279,0.1415364556,0.1639878689,0.1236036532,0.2299650334,0.1734770398,0.1871404862,0.1732470541,0.1868449038,0.1221061751,0.1737205849,0.1523953394,0.1592529493
405,0,0,0,0,0,0.1908550512,0.1365605923,0.08765783101,0.1845978165,0.1483327801,0.1414924412,0.1641248637,0.1235232025,0.2299929244,0.1735982712,0.1871676582,0.1734040793,0.1870344441,0.1223125187,0.1737459632,0.1525520328,0.1592507941
405.5,0,0,0,0,0,0.1909038427,0.1365607024,0.08751390489,0.1844471649,0.148383208,0.141393794,0.1640901384,0.1234737209,0.2299869196,0.1735896117,0.1871372765,0.1736209637,0.1868739783,0.1223658898,0.17364846,0.1526788288,0.1591957293
406,0,0,0,0,0,0.1908705221,0.1366333066,0.08760955333,0.1845422385,0.1483842594,0.141196767,0.1641570727,0.1234820368,0.2300106865,0.1735480232,0.1870733059,0.1738375388,0.1867266502,0.1223547973,0.1737194553,0.1527129291,0.1591162456
406.5,0,0,0,0,0,0.1909157962,0.1365816471,0.08768933692,0.1844847564,0.1484283161,0.1409511932,0.1640063081,0.1233685476,0.230067178,0.1735227313,0.1867592781,0.1736880186,0.186773838,0.1222870905,0.1736256519,0.1527423388,0.1592133509
407,0,0,0,0,0,0.1908201686,0.1366906708,0.08757828843,0.1844946258,0.1485286834,0.141005393,0.1640925497,0.1233534952,0.2300885161,0.1735742707,0.1867282858,0.1734802501,0.1868018505,0.1222863223,0.1736895484,0.1526058903,0.1593445599
407.5,0,0,0,0,0,0.1907955321,0.1367159787,0.0874091962,0.1843323235,0.1484475257,0.141279417,0.1641822835,0.1234081129,0.2300214799,0.1737306043,0.1869133497,0.1735797986,0.1866721723,0.1223725876,0.173829043,0.1526493718,0.1593029232
408,0,0,0,0,0,0.1906731162,0.1366151328,0.08752721779,0.1845036624,0.148386491,0.1413917867,0.164292136,0.1237275018,0.2299497635,0.1736816944,0.1869814446,0.1735925625,0.1866825462,0.122338382,0.1740977392,0.1527311824,0.1592638283
408.5,0,0,0,0,0,0.1907719797,0.1366842922,0.08774933457,0.1844452511,0.1484179517,0.1414973276,0.1642005761,0.1237704168,0.2299711473,0.173473467,0.1870087399,0.1736114727,0.186769585,0.1222134655,0.1738924141,0.1528203827,0.159166026
409,0,0,0,0,0,0.1907621978,0.1366088509,0.08766208353,0.1844463192,0.1483049196,0.1413965251,0.1640284949,0.123664305,0.229812499,0.1734678947,0.1869735109,0.1735579708,0.186805075,0.1221080678,0.1737788658,0.1528651556,0.1591775873
409.5,0,0,0,0,0,0.1908676377,0.1365443634,0.08769274492,0.1844799147,0.1481460895,0.1414638782,0.1639421436,0.1235995027,0.229775076,0.173271194,0.1867437609,0.1736856715,0.1869383753,0.1221303894,0.1738186564,0.1528203925,0.1591562965
410,0,0,0,0,0,0.1908194488,0.1367862288,0.08763603591,0.184695562,0.1482249503,0.1413953741,0.1638062778,0.1238294874,0.2298360592,0.1731913751,0.1866409326,0.173464694,0.1867844196,0.1219838832,0.1738131993,0.1530369918,0.1591955067
410.5,0,0,0,0,0,0.1909946587,0.1367784095,0.08757911534,0.1847639909,0.1483872786,0.1413803597,0.1638908582,0.1236005232,0.2297325152,0.1731168525,0.1865903441,0.1734819051,0.1866679624,0.1219183346,0.1735804948,0.1532137801,0.1592544073
411,0,0,0,0,0,0.1909723912,0.1366848315,0.08772833014,0.1847396155,0.1485360731,0.1411713926,0.1637884954,0.12349771,0.2298957242,0.1731570327,0.1868649107,0.1735223999,0.1865925609,0.1220219756,0.1734450568,0.1533367431,0.1592211693
411.5,0,0,0,0,0,0.190928045,0.1367209091,0.08765128855,0.1846110659,0.1484904236,0.1410704182,0.1637435101,0.1233908205,0.2299861353,0.1732448693,0.1869374296,0.1735819336,0.1866058217,0.1221469117,0.1734727795,0.1531243352,0.1590934734
412,0,0,0,0,0,0.1910270422,0.1368321309,0.08761609905,0.1845977077,0.1483871799,0.1411101798,0.1638039001,0.1234477117,0.2299301835,0.1732793437,0.1868576651,0.1736416382,0.1865452124,0.1223959552,0.1734358472,0.1531000087,0.1591928219
412.5,0,0,0,0,0,0.1908533627,0.1367603618,0.0875726531,0.1845793513,0.1482872306,0.1410048158,0.1638140219,0.1235253437,0.2298106377,0.1732372416,0.1868678501,0.1734970074,0.1863769286,0.1224634791,0.1735504006,0.1531242027,0.1592929524
413,0,0,0,0,0,0.1908473479,0.1368033379,0.087670949,0.1845302989,0.1483482283,0.14104095,0.1638889548,0.1235608038,0.2300133496,0.1730523492,0.1870543862,0.173394319,0.1862859154,0.1222551033,0.1735224601,0.1531387594,0.1591937114
413.5,0,0,0,0,0,0.1908649614,0.1367863211,0.08766442934,0.1845176323,0.1484741836,0.1410787082,0.1639722945,0.1235889008,0.2301159223,0.1730357475,0.1869001907,0.173405722,0.1862818729,0.1221650049,0.1734965215,0.1531928559,0.1591236127
414,0,0,0,0,0,0.1909122484,0.1368775431,0.08769109934,0.1844422038,0.1484344764,0.1411729974,0.1640172803,0.1235750642,0.2301998884,0.1729727347,0.186973488,0.1733333956,0.1863317689,0.1221317176,0.173447681,0.1530552136,0.1589288077
414.5,0,0,0,0,0,0.190982697,0.136868954,0.08750094122,0.1844357742,0.1483428043,0.1411851292,0.1639304894,0.1235494897,0.2303188807,0.1729363283,0.1869076193,0.1733550316,0.1863835563,0.1220416831,0.173530986,0.1530624791,0.1592608186
415,0,0,0,0,0,0.1908642515,0.1367744607,0.08750472502,0.1845561584,0.1484229033,0.1411210137,0.1636837745,0.1234195473,0.2302086938,0.172966652,0.1868018935,0.1733128998,0.1863998519,0.122298611,0.1735364935,0.1531380871,0.1592188364
415.5,0,0,0,0,0,0.190816892,0.1367832503,0.08749004282,0.1844827359,0.148273005,0.141243613,0.1637810754,0.1234275612,0.230084861,0.1728186298,0.1868064139,0.1731878196,0.1865160029,0.1222064881,0.1734126383,0.1533829611,0.1591519721
416,0,0,0,0,0,0.1908287494,0.1368405203,0.08745889869,0.1844603873,0.1482165489,0.1412875332,0.1640082151,0.1233643031,0.2300255416,0.1728749733,0.1869260029,0.1734608335,0.1864210846,0.1222558177,0.1734756156,0.1531975825,0.1590367278
416.5,0,0,0,0,0,0.1908488819,0.1368218804,0.08764555807,0.1844707967,0.1482734825,0.1412913551,0.1639631477,0.1233885033,0.2301073291,0.1729040526,0.1868610718,0.1735017525,0.1865564968,0.122145551,0.1733359248,0.1530811434,0.1590680095
417,0,0,0,0,0,0.1908160305,0.1368262443,0.08773631473,0.1843187292,0.1483118664,0.1415138551,0.163956017,0.1234466792,0.2300878273,0.1728892537,0.1867961234,0.1733864904,0.1865419047,0.1222619165,0.1733038523,0.1531814589,0.159038589
417.5,0,0,0,0,0,0.1907957801,0.1368219029,0.08761916485,0.1844541209,0.1483527078,0.1415068243,0.1639876559,0.1236225219,0.2300736693,0.1727063937,0.1867064097,0.173557925,0.1866019618,0.1223004597,0.1732317712,0.153257636,0.1590251838
418,0,0,0,0,0,0.1909649707,0.1368204237,0.08768508975,0.1845549819,0.1484610167,0.1415654312,0.1639571794,0.1234884821,0.2300234232,0.1729595001,0.1868271337,0.173647084,0.1864156178,0.1221339414,0.1732625183,0.1532972068,0.1591929228
418.5,0,0,0,0,0,0.190901519,0.1368521288,0.08778161972,0.1845891057,0.1482855537,0.1415620596,0.1639923736,0.1235388123,0.2298867999,0.1731258619,0.1866055255,0.1739116735,0.1865162492,0.1223296322,0.1733901037,0.1533679911,0.1593095439
419,0,0,0,0,0,0.1908899593,0.1368823627,0.08769760957,0.1844668878,0.1482349882,0.1415259237,0.1639576859,0.1234257841,0.2300143683,0.1729498708,0.1866337226,0.1737228135,0.186621372,0.1221003222,0.1735564044,0.1532532414,0.159263637
419.5,0,0,0,0,0,0.1910119447,0.1367153598,0.08754412734,0.1846070752,0.1482149775,0.1414896471,0.1640462543,0.1235114566,0.2300902889,0.1730528913,0.1867288639,0.1736679125,0.1866778138,0.1221754901,0.1736229802,0.1532903364,0.1593742456
420,0,0,0,0,0,0.1911825915,0.1368401475,0.0877660646,0.1845526813,0.1482928684,0.1416955139,0.1640309029,0.1236327997,0.2300829484,0.1731894889,0.1867101097,0.1737232128,0.1865778794,0.1219464043,0.1735867243,0.1532747262,0.1593038108
420.5,0,0,0,0,0,0.1909540684,0.1368567577,0.08789954035,0.1845396451,0.1483271804,0.1417472305,0.1640729824,0.1234832395,0.2300482446,0.1732271035,0.1866756433,0.1736749507,0.1865378559,0.1219878743,0.1735788445,0.1532167775,0.1592467401
421,0,0,0,0,0,0.1908050058,0.136766906,0.08788457892,0.1846142492,0.1482672611,0.1416379268,0.1641038471,0.123516433,0.2300148575,0.1732326092,0.1867947813,0.1736552149,0.1863952532,0.1221240801,0.1736788686,0.1533166351,0.159247368
421.5,0,0,0,0,0,0.1907380539,0.1367559075,0.08783567344,0.1844886223,0.1482912947,0.1416276063,0.164001794,0.1236168957,0.2299578245,0.1732194623,0.1866718502,0.1736780708,0.1865838276,0.122224759,0.1735387817,0.1532950327,0.1592245431
422,0,0,0,0,0,0.1908200076,0.136922106,0.0879226852,0.1842665307,0.1484028437,0.1416872134,0.1638598754,0.1235267505,0.229987294,0.1732941399,0.1867913095,0.1736647399,0.1866332509,0.1222122066,0.1735131696,0.1531297311,0.1594221779
422.5,0,0,0,0,0,0.1908297322,0.1367722282,0.08775358514,0.1842302191,0.1484120939,0.1415928459,0.1637955825,0.1235567904,0.2299076078,0.173339395,0.1868339741,0.1736084925,0.1866937767,0.1221725478,0.1734486489,0.1530934484,0.1592000645
423,0,0,0,0,0,0.190924826,0.1366609854,0.08774622033,0.1843192736,0.1485393925,0.1416969854,0.16394223,0.1233891159,0.229789355,0.1735893358,0.1871022094,0.1735579362,0.1866999027,0.1221856048,0.1734633069,0.1532926837,0.1592592787
423.5,0,0,0,0,0,0.1909195067,0.136807772,0.08773274394,0.1844062262,0.1485287418,0.1418350179,0.1640008057,0.1234803473,0.2297649695,0.173580386,0.187121949,0.1736538656,0.1867813216,0.1221715291,0.1733431769,0.1531658487,0.1593433525
424,0,0,0,0,0,0.1910203041,0.1367222911,0.0878528243,0.1845000571,0.1484015982,0.1417725407,0.1641078841,0.1233067069,0.2298030615,0.1737681109,0.187114231,0.1735610757,0.1867534083,0.122084184,0.1733653649,0.1530378844,0.1593948644
424.5,0,0,0,0,0,0.190869051,0.136764651,0.08791023944,0.1845249418,0.1483467652,0.1417510278,0.1639831018,0.1234153566,0.2298591575,0.1737198684,0.1872494561,0.1735566646,0.1866381059,0.1221041846,0.1734544971,0.1530472572,0.1592439307
425,0,0,0,0,0,0.1907707598,0.1366686453,0.08784950335,0.1845125471,0.148307482,0.141794005,0.1639751238,0.1233485235,0.2297975807,0.1734198975,0.1872672053,0.1734142111,0.1866784232,0.1220512566,0.1734984978,0.1531222073,0.159187043
425.5,0,0,0,0,0,0.1907408558,0.1367116368,0.08765202462,0.1843591095,0.1483825427,0.141898739,0.1640019615,0.1232948589,0.2298913759,0.1731692829,0.1872951676,0.173473092,0.186713606,0.1220643177,0.1735082525,0.153288818,0.1592672946
426,0,0,0,0,0,0.1908156149,0.1367842863,0.08772379187,0.1843379871,0.1482553486,0.1419394208,0.1636740844,0.1234205997,0.229899255,0.1729924394,0.1874383619,0.1734629268,0.1867758387,0.1219738599,0.1735176653,0.153281138,0.1591071401
426.5,0,0,0,0,0,0.1906363774,0.1368090232,0.08764892386,0.1843953031,0.1481621181,0.1418366942,0.1636978863,0.1233698088,0.2297198087,0.1729797942,0.1875109872,0.1735190782,0.18649359,0.1220841834,0.1736768864,0.15335106,0.1589788348
427,0,0,0,0,0,0.1907184306,0.1367440483,0.08764487414,0.1845005811,0.1481646711,0.141653947,0.1636451816,0.1233718634,0.2297778602,0.1732633076,0.1874828181,0.1736500124,0.1864453586,0.1221123711,0.1735781647,0.1534260839,0.1590004793
427.5,0,0,0,0,0,0.1907077013,0.1366461549,0.08777634687,0.1846696618,0.1480836715,0.1414490833,0.1639152603,0.1232811101,0.2298501424,0.1733982856,0.1875117818,0.1736887729,0.1865481374,0.1220965326,0.1735479146,0.1535316844,0.159075331
428,0,0,0,0,0,0.1905528593,0.1366719842,0.08767576258,0.1846535474,0.1479821686,0.1414883478,0.1638949568,0.1234791911,0.2297605421,0.1733810643,0.1874469625,0.1734898054,0.1866385005,0.1222593642,0.1734567181,0.1534275676,0.1591724703
428.5,0,0,0,0,0,0.1904600926,0.1365681712,0.08787244328,0.1846182049,0.1480694128,0.1414911517,0.1640053019,0.123580582,0.2297062719,0.1733455263,0.1875124462,0.173373015,0.1867703321,0.1221994821,0.1736365368,0.1536762252,0.1591135234
429,0,0,0,0,0,0.1907520736,0.1367954682,0.08786763814,0.1845659842,0.1480566493,0.1414793885,0.1638806388,0.1233962028,0.2298186368,0.1732354491,0.1876112176,0.1735122582,0.1867953569,0.1221575887,0.1735766432,0.1537124955,0.1590429567
429.5,0,0,0,0,0,0.1906927396,0.1367004789,0.08779946787,0.1847129753,0.148088914,0.1415388222,0.1637598695,0.1231517318,0.229722784,0.1733416106,0.1876061835,0.173438907,0.1867058325,0.1222380978,0.1735821978,0.1536627197,0.1590017759
430,0,0,0,0,0,0.1907147177,0.1366502008,0.08773759219,0.1847194552,0.148030981,0.1415664487,0.1638309263,0.1231517487,0.2298156885,0.1733997004,0.187620379,0.1733755752,0.1865950145,0.1222510751,0.173504732,0.1536725452,0.1588344065
430.5,0,0,0,0,0,0.190590649,0.1366655588,0.08789390778,0.1846875672,0.1480715083,0.1415529879,0.1636862736,0.1232990696,0.229613581,0.1734759029,0.1876393341,0.1734686502,0.1862986256,0.1221847636,0.1735241738,0.1537474845,0.158719046
431,0,0,0,0,0,0.190530222,0.136690605,0.08781008199,0.1845624103,0.1479195542,0.1414281382,0.1635714156,0.123325442,0.2294774404,0.1735019211,0.187722661,0.173462562,0.186304048,0.1222413536,0.1736271803,0.1536096704,0.1586722647
431.5,0,0,0,0,0,0.1905422024,0.1365568305,0.08765414105,0.184452766,0.1480444486,0.1412771579,0.1635264371,0.1233738565,0.2295118655,0.1736832239,0.1875935384,0.1734237925,0.1864619327,0.1221655944,0.1736245955,0.1533999045,0.158654529
432,0,0,0,0,0,0.1907138395,0.1366734433,0.08793223692,0.184392495,0.1480493344,0.1412600939,0.1634766747,0.1234392793,0.2294792618,0.1738074694,0.1875976033,0.1733620665,0.1866166949,0.1223284486,0.1736692264,0.1532601446,0.1586445667
432.5,0,0,0,0,0,0.190762479,0.136801615,0.08772326161,0.1844849826,0.1481311852,0.1411978636,0.1635772226,0.1234461516,0.2295473447,0.1737330515,0.1875735247,0.1735279956,0.1866778955,0.1221501946,0.1736817135,0.153380483,0.1587525606
433,0,0,0,0,0,0.1907580246,0.1368409859,0.08791461725,0.1845200433,0.1481217483,0.1410985047,0.1635995701,0.1231760653,0.2297048236,0.1737251113,0.1874771766,0.1734425274,0.1866153997,0.1220136983,0.1736584817,0.1535294822,0.1586420598
433.5,0,0,0,0,0,0.1906977885,0.1367315987,0.0879537969,0.1844987833,0.1482555811,0.1411919706,0.1637700818,0.1232222472,0.2297324651,0.1736873183,0.1875051366,0.1733169273,0.1865946374,0.1217933114,0.1736882578,0.1534492489,0.1587210647
434,0,0,0,0,0,0.1907618972,0.1365323334,0.08804596908,0.1845084275,0.1483970524,0.1413311813,0.1636461442,0.1232445057,0.2297770328,0.1736265532,0.1876160798,0.1732259769,0.1868780593,0.1217636651,0.1737670055,0.1533819866,0.1586310545
434.5,0,0,0,0,0,0.1908266746,0.1364654314,0.08794961702,0.1844146826,0.1484951261,0.1415197706,0.1635953079,0.1232323786,0.2298117957,0.1736138182,0.1875958308,0.1732460396,0.1868671776,0.1219137841,0.1736656338,0.1533716567,0.1585062996
435,0,0,0,0,0,0.1908349053,0.1367350617,0.08784229849,0.184380449,0.1484528674,0.1414931248,0.1637111599,0.1235376165,0.2297303821,0.1735348519,0.1875068895,0.173330246,0.1869762025,0.1218517734,0.1737310206,0.1532532304,0.1586613443
435.5,0,0,0,0,0,0.1907522891,0.1367425705,0.08779293459,0.1846365179,0.1486196159,0.1416479895,0.1636570052,0.1236289367,0.2296751662,0.1735770515,0.1876146667,0.1734961875,0.1869218364,0.1219311603,0.1736683705,0.1532536104,0.1585883695
436,0,0,0,0,0,0.1907538492,0.136668035,0.0878205639,0.1846940616,0.1486871117,0.1414825845,0.1637682208,0.1236491484,0.2296635241,0.1736977253,0.1877488827,0.1734516808,0.1869185033,0.1220027178,0.1735875732,0.1532495035,0.1587536113
436.5,0,0,0,0,0,0.1906174995,0.1367627165,0.08788473838,0.1844666197,0.1484251183,0.1413632592,0.1638161647,0.1233137544,0.229657505,0.1735035125,0.1876910787,0.173666232,0.1867176956,0.1220975165,0.1735089853,0.1534207456,0.15871922
437,0,0,0,0,0,0.1905375878,0.1367583016,0.08797904367,0.1844728291,0.1484535477,0.141102729,0.1638424071,0.1232811245,0.2297470906,0.1735834937,0.1874570552,0.173736512,0.1866001535,0.1220972014,0.1735157189,0.1532301069,0.1587835876
437.5,0,0,0,0,0,0.1904758003,0.1366620671,0.08779300642,0.1845207112,0.1484551269,0.1411912125,0.1638888508,0.1231548215,0.2298226996,0.1734271049,0.1875857314,0.1734065877,0.1864283028,0.1221232018,0.1736017896,0.1531924311,0.1584951849
438,0,0,0,0,0,0.190552293,0.1366505649,0.08794760284,0.1845981915,0.1484056842,0.1409588076,0.1640281498,0.1233260009,0.2297981711,0.1735267721,0.1874949004,0.1734203654,0.1862216803,0.1222447426,0.1737464696,0.1531523829,0.1584715133
438.5,0,0,0,0,0,0.1905895479,0.1365446483,0.08773263066,0.184416296,0.1486059042,0.1411908767,0.1639954999,0.1233988413,0.2297294551,0.1736563139,0.1873449154,0.1733831358,0.1861955604,0.1220995864,0.1736746463,0.1531719251,0.15852579
439,0,0,0,0,0,0.1907359971,0.1367722955,0.08777817956,0.1846332062,0.1486228066,0.141330646,0.1641047101,0.1233369959,0.2296257285,0.1735552563,0.1875255522,0.1732708755,0.1863197857,0.121891655,0.1736613045,0.1533005382,0.1586298272
439.5,0,0,0,0,0,0.190680113,0.1367462323,0.08773478564,0.1845738981,0.1485969339,0.1413315554,0.1640595627,0.1233170148,0.229552522,0.173682366,0.1875286092,0.1732781568,0.1864620241,0.122206092,0.173668005,0.1533402029,0.1584231335
440,0,0,0,0,0,0.1906039752,0.1367860861,0.08778634131,0.1846372989,0.1486258459,0.1413708542,0.1638452871,0.1234472256,0.2295937354,0.173640298,0.1875347468,0.1733340671,0.1864336627,0.1221581933,0.1738580975,0.1533210816,0.1585756717
440.5,0,0,0,0,0,0.1905424483,0.1368173988,0.08770194991,0.1844893754,0.1487082737,0.1413891664,0.1640287605,0.12345294,0.229698697,0.1733903269,0.1875240661,0.1733341815,0.1863656831,0.1221928628,0.1738462465,0.1531390132,0.158550802
441,0,0,0,0,0,0.1906774596,0.1366644121,0.08759090568,0.1846235684,0.1487140161,0.1414636533,0.1638825888,0.1234843754,0.2296780756,0.1733587423,0.1873977264,0.1731707214,0.1863841359,0.1221087881,0.1738296767,0.153060383,0.158633017
441.5,0,0,0,0,0,0.190739916,0.1367410795,0.08761795889,0.1846146491,0.148570232,0.1413719516,0.1638029704,0.1234689286,0.2297784398,0.1733734459,0.1873142784,0.1733264103,0.186429507,0.1222067802,0.1738457566,0.1529588707,0.1585171725
442,0,0,0,0,0,0.1907733324,0.1368304218,0.08760101681,0.1845283646,0.148427993,0.1411790584,0.1636727891,0.1233877874,0.2298991282,0.173461205,0.1874116744,0.1733638446,0.1863258598,0.1223718038,0.173806946,0.1529809949,0.1584591627
442.5,0,0,0,0,0,0.1906723505,0.1367545788,0.08752178233,0.1845216647,0.1484039723,0.141132854,0.1636609023,0.1234677992,0.2299738715,0.1733923999,0.1877247205,0.1731810617,0.1863496799,0.1221291291,0.1737507415,0.1531483888,0.1585326386
443,0,0,0,0,0,0.1907350706,0.1366576642,0.0878121815,0.1846474475,0.1485610738,0.141097215,0.163720067,0.1233869504,0.2302444817,0.1734226892,0.1877255692,0.1732322748,0.1864619407,0.1221647261,0.1738454405,0.1532518994,0.1586781024
443.5,0,0,0,0,0,0.1907502488,0.1366780355,0.08786682571,0.1845395103,0.1485645331,0.1412948658,0.1639230283,0.1233829749,0.2301232327,0.1734442063,0.1876862749,0.1731016934,0.1866335427,0.122257394,0.1738182206,0.15316639,0.1586986783
444,0,0,0,0,0,0.1906988295,0.1367098231,0.08790586525,0.1844710661,0.1484181086,0.1414749725,0.163734379,0.1231906976,0.2302613078,0.1734230421,0.1875701109,0.1732802784,0.1866715517,0.1221784402,0.1738096217,0.1529942496,0.1588105699
444.5,0,0,0,0,0,0.1908034632,0.1367717586,0.08773014253,0.1845198783,0.1483142972,0.1413888207,0.1638359579,0.1233463054,0.230210643,0.1733897467,0.1875805063,0.173317298,0.1867552779,0.1223830596,0.1739814372,0.1529983601,0.1586857837
445,0,0,0,0,0,0.1907994531,0.1367086997,0.08766705849,0.1844820607,0.1483751576,0.1413275772,0.1637585429,0.123377013,0.230142604,0.1733206837,0.1876366638,0.1733044063,0.1868495822,0.1226391639,0.1739374077,0.1530145385,0.1587054673
445.5,0,0,0,0,0,0.190926274,0.1366496573,0.08759736929,0.1843733614,0.1484764389,0.1413402906,0.1638624121,0.1234666847,0.230107318,0.1733025886,0.1876550465,0.1732394069,0.1867477321,0.1224117628,0.1739400538,0.1529887618,0.1585589371
446,0,0,0,0,0,0.1908774349,0.1366854172,0.08743065113,0.1843608709,0.1484557473,0.1413226307,0.164032509,0.1234195696,0.230177572,0.1734206914,0.1877265852,0.1733354794,0.1867981505,0.1225723107,0.1741422213,0.1527876322,0.1585675277
446.5,0,0,0,0,0,0.1908225726,0.1367404755,0.08761878374,0.1843602108,0.1485818023,0.1414837104,0.163966629,0.1233847896,0.2301905277,0.1732844446,0.1878481503,0.1735049508,0.1868243219,0.1226365468,0.1740113701,0.1528429307,0.1586140516
447,0,0,0,0,0,0.1907343268,0.1365985325,0.08753266373,0.1843433258,0.1485480615,0.1415136261,0.1639539629,0.1234189202,0.2301204388,0.1733752228,0.1880879075,0.173590807,0.1867911654,0.1226384217,0.1740544049,0.1526634544,0.1584551538
447.5,0,0,0,0,0,0.1906899928,0.1364108333,0.08740013932,0.184372168,0.1485231357,0.1414441275,0.1640458253,0.1233409878,0.2304095315,0.1732723279,0.1881545504,0.1735549797,0.186853666,0.1223816391,0.1738905842,0.1526978182,0.1584204907
448,0,0,0,0,0,0.1906699419,0.136650067,0.08738560658,0.1843521193,0.1484732332,0.1415280579,0.1638052535,0.1233828377,0.2303845002,0.1732571716,0.1880009068,0.173711864,0.1868410741,0.1223551213,0.1737472882,0.1527006321,0.1584601042
448.5,0,0,0,0,0,0.1906057905,0.1367226028,0.08763838799,0.1843413806,0.1483753546,0.1414522182,0.1638090566,0.1233187642,0.2304465888,0.1733024408,0.1878474488,0.1736074994,0.1869288457,0.1224556341,0.173855042,0.1528545407,0.1583533221
449,0,0,0,0,0,0.1906163116,0.1366948567,0.08791086106,0.1845139284,0.1483563054,0.1414283946,0.1635434839,0.1234319869,0.2304624628,0.1731683817,0.1879492514,0.1734834612,0.1867664295,0.1225394475,0.1739102048,0.1529809753,0.1584120234
449.5,0,0,0,0,0,0.1906342031,0.1367922251,0.08802794924,0.1845403219,0.1481884094,0.1412067906,0.1635380394,0.1234645,0.2303780352,0.1731767915,0.1880572013,0.1734232177,0.1866747779,0.1224091109,0.1736983254,0.1530993021,0.1582448215
450,0,0,0,0,0,0.1907310192,0.1367622436,0.08771777438,0.1845813582,0.1482631857,0.1412836207,0.1634730312,0.1234008649,0.2303272039,0.1731043185,0.1880382531,0.1735165444,0.1867468115,0.1224148042,0.1736992329,0.1531364752,0.1582599546
450.5,0,0,0,0,0,0.1906671125,0.1367849011,0.08761317942,0.1845049537,0.1482052501,0.1412103759,0.1634318896,0.1233819759,0.23027672,0.1732785298,0.1880528436,0.1734417243,0.1868542036,0.1222630497,0.1734235768,0.1530990967,0.1581827055
451,0,0,0,0,0,0.1908308627,0.1368275152,0.08776373427,0.1845930532,0.1482017791,0.141138569,0.1634256844,0.1235264985,0.2301782331,0.1734281574,0.1880899948,0.173485626,0.186869707,0.1220741396,0.1733911086,0.153044491,0.1578960348
451.5,0,0,0,0,0,0.1909054705,0.1368665271,0.08788975188,0.1845714354,0.1483236987,0.1413134985,0.1636686972,0.1235461413,0.2302118038,0.1734274679,0.1882885308,0.1735546215,0.1868678682,0.1221765986,0.1734721529,0.1534154315,0.1577422651
452,0,0,0,0,0,0.1909598434,0.1368433753,0.0877035458,0.1844317939,0.1482572783,0.1411332684,0.1635754366,0.1235552447,0.2301854335,0.1736171638,0.1881983261,0.1734961156,0.1867408316,0.1221977658,0.1734658641,0.1533238537,0.1577959646
452.5,0,0,0,0,0,0.1909762371,0.1368638551,0.08746956883,0.1845703482,0.1484423959,0.1413010542,0.1635737181,0.123615799,0.2300102176,0.1737347234,0.1884196357,0.1734082983,0.186737662,0.1221231818,0.1735218891,0.1533071092,0.1578819784
453,0,0,0,0,0,0.1908657809,0.1367094078,0.08758660972,0.1844924973,0.1483730933,0.1413613783,0.1637858634,0.1236390559,0.2299458048,0.1737284972,0.1885196903,0.1734528821,0.186911392,0.1219976733,0.1735916831,0.1531910263,0.1577595751
453.5,0,0,0,0,0,0.1908981732,0.1365982671,0.08768542885,0.1844611388,0.1483732321,0.1414165373,0.1636293146,0.1238705483,0.2298494011,0.1737233879,0.188584569,0.1734771735,0.1870808147,0.1219570615,0.1735511622,0.1532140561,0.1577318341
454,0,0,0,0,0,0.1909535115,0.1366040883,0.08769865053,0.1844584069,0.148301968,0.1414504175,0.1637476967,0.1236201555,0.2298641603,0.1736412467,0.1885644452,0.173451488,0.1871996982,0.1220466869,0.1735519599,0.1529430298,0.1575572903
454.5,0,0,0,0,0,0.1911149798,0.1367962423,0.0876581108,0.1843794945,0.1483346965,0.1413701511,0.1639514663,0.1235324814,0.2298528092,0.173540037,0.1884250846,0.1735075651,0.1871702232,0.1220621963,0.1733106452,0.152731216,0.1577432209
455,0,0,0,0,0,0.1911117168,0.1366864402,0.08776735937,0.1845751924,0.1483085785,0.14148914,0.1640167451,0.1234888577,0.2298341675,0.1735778763,0.1884170612,0.1735723672,0.1870122763,0.1219920324,0.1734291756,0.1527097459,0.1577788906
455.5,0,0,0,0,0,0.1910358334,0.1364585542,0.08768507111,0.1845693787,0.148289554,0.1414246222,0.1640813605,0.1235256935,0.2298499541,0.1737940156,0.1885546966,0.1733871119,0.1869495685,0.1220895824,0.1733940754,0.1526396026,0.1579038965
456,0,0,0,0,0,0.1910718348,0.1365445716,0.08773306752,0.1845013955,0.1483533373,0.1414227547,0.1639861647,0.1235390674,0.2298065343,0.1737440149,0.1884890287,0.1733031788,0.186721311,0.1220003521,0.1734881787,0.1528198548,0.1577090327
456.5,0,0,0,0,0,0.1911045415,0.1366448328,0.08775891633,0.1843477238,0.1483851014,0.141187151,0.1640448399,0.1238563358,0.2299321319,0.1736660711,0.1884468255,0.1733282406,0.1866566297,0.1219284624,0.1732704205,0.1530388358,0.1578013033
457,0,0,0,0,0,0.1911525123,0.1367190833,0.08786456704,0.1843399486,0.1481904128,0.1413151029,0.1638926094,0.1238031825,0.230052087,0.1735545622,0.1884515372,0.1734003653,0.1866371443,0.1221243391,0.1732603394,0.1528785469,0.1578211434
457.5,0,0,0,0,0,0.1910405315,0.1365089373,0.08775212973,0.1843764603,0.1480926945,0.1414163642,0.1639258059,0.1237651606,0.2300769877,0.173608997,0.1883185768,0.1733576425,0.1865475283,0.122162454,0.1734569148,0.1528727087,0.1577446579
458,0,0,0,0,0,0.1908634748,0.1366479149,0.08770835986,0.1843282137,0.1482667494,0.1414117908,0.1638315738,0.1237206148,0.2301060594,0.1735477825,0.1883780804,0.1733710882,0.1866284303,0.1223203093,0.1734526015,0.1529355132,0.1574891237
458.5,0,0,0,0,0,0.1908135548,0.1366984159,0.08772259552,0.1843787594,0.1481163916,0.141367577,0.1639757338,0.1237137517,0.2301833053,0.173742588,0.1883472382,0.1733634322,0.1866275758,0.1224020131,0.1734407984,0.1529017833,0.1574516926
459,0,0,0,0,0,0.1908257913,0.1367483425,0.08770509663,0.1844516818,0.1480953802,0.141455759,0.1640041977,0.1237481203,0.2301825462,0.1735224971,0.188276897,0.1733283418,0.1866689617,0.1223666113,0.1734885015,0.1530620934,0.1574690648
459.5,0,0,0,0,0,0.1907848548,0.1366995494,0.08769686993,0.1844059268,0.1480622852,0.1415146983,0.1640432618,0.1237947138,0.2301714946,0.1735971742,0.1880832847,0.1734063617,0.1867473006,0.1224099747,0.1736534851,0.152960045,0.1574921483
460,0,0,0,0,0,0.1907276544,0.1368260622,0.08774296796,0.1844611405,0.1480290825,0.1415185323,0.1642116803,0.1237941104,0.230193399,0.1735641236,0.1878910834,0.1734492546,0.186506825,0.1223119918,0.1736706883,0.1529326982,0.1576132335
460.5,0,0,0,0,0,0.1907919888,0.1366850799,0.08783644179,0.1846385039,0.1481586382,0.1414439299,0.164170207,0.1235872962,0.2303025987,0.1736462571,0.1877656972,0.1734081727,0.1865937348,0.1221175358,0.1736970527,0.1530041543,0.1579044021
461,0,0,0,0,0,0.1907718833,0.1366505187,0.08779905151,0.1846828279,0.1482473941,0.1415605969,0.1642116684,0.1236046824,0.2302074985,0.1734076779,0.1876715245,0.1733189196,0.1866206606,0.1221502215,0.1736087442,0.1530833178,0.1578379817
461.5,0,0,0,0,0,0.1907005416,0.1368789033,0.08768947415,0.1846367894,0.1483297012,0.1414754509,0.1642056473,0.1235176475,0.2301002805,0.1733189004,0.1876133546,0.1732941273,0.1865716274,0.122068523,0.1734433696,0.1529508596,0.1578093805
462,0,0,0,0,0,0.190739446,0.1369604298,0.08765762766,0.1847654535,0.1483804046,0.1416783417,0.1641052922,0.1231877496,0.2298503622,0.1734755062,0.1875004771,0.1732503126,0.1865218488,0.1219676749,0.1736132209,0.1530978846,0.1578279267
462.5,0,0,0,0,0,0.1905759244,0.1371387641,0.0877268657,0.184593306,0.1483881816,0.141800842,0.1640430145,0.1231562707,0.2297687802,0.1733722269,0.1873146496,0.1732593157,0.1863931243,0.1219573239,0.1734598737,0.1530908724,0.157967469
463,0,0,0,0,0,0.1906438786,0.1370432242,0.0877118329,0.1845881839,0.1483772135,0.1417546913,0.1638969067,0.1230646328,0.2298008847,0.1733916749,0.187016985,0.173345448,0.1865647789,0.1217297604,0.1732731362,0.1529235279,0.1578518278
463.5,0,0,0,0,0,0.190749942,0.1369374776,0.08768026854,0.184604912,0.1483575147,0.1414982681,0.1638579143,0.1230529691,0.2298346104,0.1734676156,0.1869776586,0.1734499898,0.1866651194,0.1215681682,0.1732297222,0.1530755087,0.157940193
464,0,0,0,0,0,0.1907761143,0.1368266245,0.08774302604,0.1846325118,0.148240182,0.1414743726,0.1638656372,0.1232349204,0.2298390791,0.1732582264,0.1869719635,0.1734300438,0.186591578,0.1217922656,0.1733085104,0.1532104932,0.1581504977
464.5,0,0,0,0,0,0.1908438366,0.1369348778,0.08762525285,0.1845100044,0.1483136199,0.1414485944,0.1637806086,0.1232984126,0.2297333537,0.173419693,0.1870517471,0.1735472058,0.1864622821,0.1219432464,0.173293935,0.1533769299,0.1582295499
465,0,0,0,0,0,0.190748155,0.1369415069,0.08782216225,0.184484031,0.1484460938,0.141400554,0.1638566288,0.1234064778,0.2296516564,0.1735458556,0.18724709,0.1736626405,0.1865837206,0.1219699912,0.1733363719,0.1535837513,0.1582977665
465.5,0,0,0,0,0,0.190858786,0.1369214349,0.08772370979,0.1845599737,0.1484840479,0.1414201909,0.1637983272,0.1233917548,0.2297881831,0.1736546897,0.1870734435,0.1734940393,0.1865223676,0.1220380063,0.1734011044,0.153536578,0.158260572
466,0,0,0,0,0,0.1907534044,0.1367639729,0.08774056052,0.1846303252,0.1483470895,0.1414178278,0.1637564634,0.1235586372,0.2297912998,0.1737286732,0.1870298428,0.1737813749,0.1864238237,0.1222739481,0.173483635,0.1534236257,0.1581079955
466.5,0,0,0,0,0,0.1907729213,0.1366781457,0.08766684823,0.1844793364,0.1483417788,0.1413846295,0.1638499458,0.12363403,0.2298813072,0.1737792465,0.1871547751,0.1738445482,0.1865226145,0.1225323128,0.173500163,0.1533979108,0.1580772238
467,0,0,0,0,0,0.1908706462,0.1366739937,0.0875502316,0.1845366845,0.1483692185,0.1411635329,0.1637731918,0.1237477661,0.2297949175,0.1737458992,0.1872225827,0.1737338088,0.1865279699,0.1224288429,0.1734934775,0.1533265666,0.1581352077
467.5,0,0,0,0,0,0.1909722969,0.1366088398,0.08784424155,0.1843540664,0.1483216043,0.1410801325,0.1638445275,0.1236759454,0.2296474023,0.1737044593,0.1871397662,0.1736778985,0.1865857563,0.1224878861,0.173310477,0.1532626625,0.158118986
468,0,0,0,0,0,0.1909736549,0.1366448436,0.08794722616,0.1845045728,0.1484214784,0.1411133943,0.1636879527,0.1236970372,0.2296445895,0.1737825441,0.1872128317,0.1736735684,0.186483054,0.1226190091,0.1733732281,0.1533062629,0.15803852
468.5,0,0,0,0,0,0.1909509341,0.1368507407,0.08792631363,0.1843874907,0.1484587458,0.1412041961,0.1636174798,0.1237209988,0.2296758674,0.1736763275,0.1872759981,0.1735291478,0.186548321,0.1227085556,0.1736388119,0.1533840578,0.1583189301
469,0,0,0,0,0,0.190964341,0.1366787256,0.08799757128,0.1843369033,0.1484000476,0.1412452427,0.1637409803,0.1238751787,0.2296323136,0.1736343737,0.1873026394,0.173355395,0.1864903513,0.1226503599,0.1735624037,0.1534498407,0.1582614868
469.5,0,0,0,0,0,0.1908719527,0.13653979,0.0880695189,0.1844098536,0.1484055185,0.1411612135,0.1637170114,0.1239480166,0.2297483041,0.1734821099,0.1870525568,0.1733543718,0.1865625594,0.1224514015,0.173490518,0.1533920255,0.1581740423
470,0,0,0,0,0,0.190912288,0.1367322284,0.08796331544,0.1844060325,0.1483786029,0.1412388237,0.1636586276,0.1239996012,0.229763845,0.1733884077,0.1870276737,0.1732686591,0.1865916909,0.122374321,0.1735496086,0.1531799761,0.1583015017
470.5,0,0,0,0,0,0.1909905114,0.1367268944,0.0881188514,0.184420255,0.1483665939,0.1412377862,0.1636256969,0.1239488511,0.2297088159,0.1734698716,0.1871481944,0.1732694178,0.186587631,0.1222316354,0.1735389668,0.1531949463,0.1586836581
471,0,0,0,0,0,0.190989945,0.1366847833,0.08779744335,0.1844572519,0.148336612,0.1412636871,0.1636722875,0.1238366152,0.2297519625,0.1737005921,0.1872005403,0.1732793238,0.1865328329,0.1222367322,0.1736567483,0.153155022,0.1586227942
471.5,0,0,0,0,0,0.1910138746,0.1365098071,0.08786854893,0.1845501848,0.1483902425,0.1412741077,0.1636989976,0.1236849866,0.2298602631,0.1735177654,0.1870592395,0.1734356417,0.1865233494,0.1222260929,0.173665503,0.152962163,0.1587016573
472,0,0,0,0,0,0.1909455823,0.1366428858,0.08780802384,0.1845581438,0.1483112956,0.1411394158,0.1637840135,0.1235530986,0.2298646586,0.1734004627,0.1870901454,0.1732586463,0.186492945,0.122272993,0.1737010135,0.1527392061,0.1585969707
472.5,0,0,0,0,0,0.1909314647,0.136760365,0.08805877516,0.1846700907,0.1482400187,0.1413676082,0.1637456978,0.1235620072,0.2300281181,0.1733466984,0.1868983922,0.1734359641,0.1864513273,0.1221759079,0.1738664469,0.1526750227,0.1588095424
473,0,0,0,0,0,0.190947082,0.1367241471,0.08781450199,0.1846633049,0.1483215279,0.1412233962,0.1638281451,0.1235598234,0.2298596619,0.1733053311,0.1869300209,0.1733685777,0.1864968687,0.122094185,0.1738142553,0.1527965769,0.1587796457
473.5,0,0,0,0,0,0.1908291271,0.1367384797,0.08777767259,0.1847267655,0.1483028852,0.1410708399,0.1637556031,0.1236500421,0.2296664776,0.1732281795,0.1867842508,0.1734567675,0.1865479139,0.1224603572,0.1738360824,0.1526463222,0.1588109968
474,0,0,0,0,0,0.190988504,0.1368153796,0.08770529632,0.1846850633,0.1481001518,0.1410864991,0.1639360354,0.1236338003,0.2297099449,0.17331194,0.1866161913,0.1733776847,0.18663108,0.1223410494,0.1738351436,0.1528121681,0.1588373444
474.5,0,0,0,0,0,0.1909005781,0.1366866348,0.08778300024,0.1844300587,0.148372484,0.1410508038,0.1639878194,0.1235467746,0.2298377275,0.1734776938,0.1867221643,0.1733203021,0.1866801467,0.1223312188,0.1740603452,0.1526705306,0.1588335087
475,0,0,0,0,0,0.1911783303,0.1367659398,0.08771069523,0.1842840499,0.1484051608,0.1412919545,0.1638002617,0.1235557321,0.2298510061,0.1735747083,0.1866354186,0.1734523165,0.1867512415,0.1223278581,0.1740723978,0.1526449354,0.1587885883
475.5,0,0,0,0,0,0.191084828,0.1367023626,0.08771920775,0.1843336662,0.1484290053,0.1412385135,0.1636181852,0.1234751537,0.2298050073,0.1732674143,0.1866163249,0.1734169036,0.1868006848,0.1224462881,0.1740118614,0.1525203978,0.1588029781
476,0,0,0,0,0,0.1911582412,0.1366956337,0.0879033872,0.184380244,0.1483521664,0.141227154,0.1635470366,0.1234858518,0.2299692799,0.1734645112,0.1865715187,0.1734349898,0.1866211564,0.1223177932,0.1738877864,0.1524012259,0.1588690669
476.5,0,0,0,0,0,0.1911666346,0.1367706559,0.08784395845,0.1844141489,0.1485132347,0.141416505,0.1635832519,0.1232466228,0.2300857178,0.173473593,0.1863457484,0.1734029815,0.1866765795,0.1223877545,0.1738375142,0.1523239946,0.1589064342
477,0,0,0,0,0,0.191179563,0.136644347,0.08761494624,0.1844399934,0.1485132594,0.1412676552,0.1635185395,0.1232274772,0.2300268598,0.1734344037,0.186595112,0.1733142804,0.1866124382,0.1223989754,0.1737447524,0.1523826368,0.1589044012
477.5,0,0,0,0,0,0.1910795013,0.1366420028,0.08772927825,0.1843510098,0.1486861878,0.1412708179,0.1635932681,0.1232514194,0.23002068,0.1734064694,0.1864895062,0.1733167362,0.1866489915,0.1225402615,0.1736894106,0.1523760095,0.1588649916
478,0,0,0,0,0,0.1910373371,0.1365843633,0.08795177881,0.1844188069,0.1487997944,0.1411947083,0.1635841473,0.1232620993,0.2299974048,0.1734032807,0.1865886753,0.1733349017,0.1866778192,0.122589575,0.1736183351,0.1522442111,0.1589094885
478.5,0,0,0,0,0,0.1910045012,0.136624468,0.08796341161,0.1844575154,0.1487311866,0.1412233249,0.16353331,0.1232617831,0.2301051911,0.1734566339,0.1865791165,0.1731488045,0.1866859908,0.1225268016,0.1736338018,0.1523879908,0.1586639307
479,0,0,0,0,0,0.1909251147,0.1367775495,0.08776793452,0.1845938307,0.1486447051,0.1412515857,0.163413328,0.1232137933,0.2301139652,0.1732998191,0.1865670312,0.1731732611,0.1867452664,0.1224615027,0.1735658875,0.152395072,0.1585228252
479.5,0,0,0,0,0,0.1907966759,0.1368621072,0.08773368855,0.1846493999,0.1485392229,0.1412112684,0.1634130051,0.1232486478,0.2301558902,0.1733898677,0.186613027,0.1732793522,0.1866797399,0.1224581938,0.1734489937,0.1525371379,0.1586631228
480,0,0,0,0,0,0.1906683588,0.1369987606,0.08778091713,0.1845537548,0.1486350504,0.1413909597,0.1634141443,0.1233773408,0.2300293965,0.1732305892,0.186582945,0.1731559518,0.1866446654,0.122485725,0.1735180976,0.1525511089,0.1586604236
480.5,0,0,0,0,0,0.1907543451,0.1369682276,0.08756737187,0.1844295386,0.1486300882,0.1412577722,0.1636105541,0.1232498735,0.2300305837,0.1732983064,0.1866208122,0.1732961675,0.1867219159,0.1224745804,0.1734292274,0.1525422681,0.1584964961
481,0,0,0,0,0,0.1907925057,0.1369549832,0.08761779305,0.1843747923,0.1486206648,0.1413357681,0.163764641,0.1232228708,0.2298718042,0.1733572514,0.1866079513,0.1732932196,0.1866994709,0.1225603434,0.1734581966,0.1525618895,0.1585316189
481.5,0,0,0,0,0,0.1909155759,0.1368516305,0.08768240233,0.1843652623,0.1485527009,0.1411763796,0.1636815004,0.1232418261,0.229897882,0.1734425391,0.1865710007,0.1733062667,0.1867141321,0.1224439965,0.1734904454,0.1527044906,0.1583118144
482,0,0,0,0,0,0.1907951139,0.1368939424,0.08759748372,0.1843094509,0.1485948417,0.1411425692,0.1637342464,0.1232063175,0.2298255068,0.1734509081,0.1864887904,0.1733412261,0.1867341962,0.1224333162,0.173547624,0.1527474934,0.1583151574
482.5,0,0,0,0,0,0.1909256331,0.1367421856,0.08764769158,0.1841921211,0.1487687451,0.1411805314,0.1639066452,0.123344117,0.2298925881,0.1732074665,0.186373665,0.173267377,0.1867066638,0.122477893,0.1736671904,0.1525831721,0.1583810285
483,0,0,0,0,0,0.1910355576,0.1367978505,0.08757747658,0.1843188444,0.1488318767,0.1412870005,0.1638708102,0.1235935701,0.2299995918,0.173090559,0.186409994,0.173429002,0.1867352966,0.1223706465,0.1736140687,0.1526962681,0.1583853138
483.5,0,0,0,0,0,0.1910990829,0.1367434432,0.08769857637,0.1843425062,0.1489020944,0.1412670007,0.1637148524,0.1236018656,0.229985414,0.1734349575,0.1862680276,0.1735943799,0.1867122691,0.1223142687,0.1735833678,0.1526837684,0.1586221068
484,0,0,0,0,0,0.1909620786,0.1366754971,0.08781137404,0.1844082834,0.1488074597,0.1412935882,0.1638467723,0.1234164904,0.230068081,0.1732525346,0.1862550528,0.173647086,0.1867118174,0.1223281699,0.1735485709,0.1525857028,0.158676991
484.5,0,0,0,0,0,0.1909783159,0.1364832342,0.08767093503,0.1843532131,0.1487460242,0.1414278048,0.1638545103,0.1233193692,0.2298638814,0.1732294844,0.1862868528,0.1738514657,0.1866047841,0.1222135446,0.1737403045,0.1526453562,0.1586321153
485,0,0,0,0,0,0.1911140694,0.1364141513,0.08768438903,0.1842937217,0.1486616339,0.1412504054,0.1638858041,0.1232313869,0.2298472138,0.1734223298,0.1862417491,0.1737416581,0.1866354851,0.1222879854,0.1737284921,0.152438856,0.1587095703
485.5,0,0,0,0,0,0.1910006561,0.1366575469,0.0877015049,0.1841523599,0.1486389631,0.1412907186,0.1639001772,0.1233416026,0.2298646986,0.1733977772,0.1861640663,0.1735983546,0.1866571687,0.122321349,0.1737552017,0.1526683796,0.1586127955
486,0,0,0,0,0,0.1910233641,0.1367898958,0.08762736679,0.1842196441,0.1487555476,0.1414009121,0.1639723899,0.123232232,0.2299363307,0.173283987,0.1861544892,0.1734436654,0.1866906859,0.1223715894,0.1736250921,0.1528180189,0.1587170454
486.5,0,0,0,0,0,0.1910594245,0.13690847,0.08767273115,0.1843028254,0.1487202506,0.1412067465,0.164089259,0.1228964163,0.2299681283,0.1732598038,0.1861346107,0.1736408798,0.1866106477,0.1225379922,0.1735038624,0.1528860173,0.1587314298
487,0,0,0,0,0,0.1910589081,0.136688951,0.08778652912,0.1840973807,0.148510469,0.1411634135,0.1638637735,0.1230090448,0.2301107241,0.1733852089,0.1860134748,0.1735936172,0.1866275564,0.1226300752,0.1735176861,0.1529036638,0.1587612412
487.5,0,0,0,0,0,0.1910262544,0.1366418503,0.08773073468,0.184232202,0.1487079488,0.1414494962,0.1639023688,0.1230295887,0.2301506086,0.1733846048,0.1860567521,0.1735342273,0.186781006,0.1226384203,0.1734839006,0.1530167384,0.1588193333
488,0,0,0,0,0,0.1908193782,0.1366384382,0.08767290175,0.184245325,0.1486968815,0.1414352514,0.1638698904,0.1230280507,0.2301718469,0.1735057868,0.1860666385,0.1734480318,0.1867293376,0.1226895904,0.1734971561,0.15296295,0.158636651
488.5,0,0,0,0,0,0.1907383085,0.1366470869,0.08772807306,0.1844156885,0.1486299466,0.1413530131,0.1637692213,0.123133477,0.2301076843,0.1735378832,0.1859130042,0.1735664792,0.1867530015,0.1226894751,0.1736162668,0.1528708101,0.1587038907
489,0,0,0,0,0,0.1907286965,0.1366283419,0.08761316885,0.184450776,0.1484251963,0.1413775845,0.1637606676,0.123078669,0.2300832593,0.1736937299,0.1860529804,0.1734975097,0.1864950317,0.1227095318,0.1735358362,0.153009034,0.158730428
489.5,0,0,0,0,0,0.1907353585,0.1366231745,0.08789055828,0.1844292381,0.1485078948,0.1414739486,0.1637103406,0.1232738969,0.230127359,0.1735575622,0.1859924612,0.1735236484,0.1864673599,0.1227349113,0.1733881755,0.152844422,0.1585609574
490,0,0,0,0,0,0.1908741977,0.1367803502,0.08784951544,0.1844018002,0.1485513785,0.1413930386,0.163944859,0.123280965,0.2300340287,0.1736682161,0.1860525926,0.1734872638,0.1865271885,0.1226462005,0.1733174405,0.1528949903,0.1585715981
490.5,0,0,0,0,0,0.1909080227,0.1367845026,0.08788213094,0.1844927343,0.1485112526,0.1411504147,0.1639896827,0.1233805987,0.2299956452,0.1736408765,0.1860972066,0.1735112974,0.1864739567,0.122541522,0.1733165848,0.1530507124,0.1586766222
491,0,0,0,0,0,0.1909230292,0.1368289323,0.08796252428,0.1844804699,0.148679385,0.1411998085,0.1640258645,0.1234073762,0.2298722824,0.1735236336,0.1862140612,0.1734980144,0.1867075304,0.1224645861,0.1732136605,0.1532590244,0.1586744395
491.5,0,0,0,0,0,0.1908315175,0.1368470947,0.08778074855,0.1843044442,0.1487720816,0.1411757719,0.1639020444,0.1233814126,0.2299866795,0.1735453715,0.1862670312,0.1735522503,0.1865887365,0.1222203832,0.1730829136,0.1533170879,0.1587223563
492,0,0,0,0,0,0.1909500823,0.1368048307,0.08792207085,0.18423766,0.1487399405,0.141420338,0.163876992,0.1233563426,0.2299859595,0.1735017493,0.1863031606,0.1735121914,0.186709343,0.1222101043,0.1733191805,0.1532178262,0.1589166902
492.5,0,0,0,0,0,0.1908008348,0.1368107344,0.08789615667,0.184116834,0.1487481243,0.1413465458,0.1638424663,0.1235469194,0.2300391064,0.1736068464,0.1861799823,0.1734794203,0.1866356482,0.122080946,0.17336423,0.1531220704,0.1589903476
493,0,0,0,0,0,0.1907474816,0.1367645751,0.08783887756,0.1840864624,0.148620592,0.1414010411,0.1639341815,0.1233263721,0.2300993604,0.1734091439,0.1861749425,0.1734196537,0.1864486052,0.1220578382,0.1732014845,0.1531141967,0.1590667934
493.5,0,0,0,0,0,0.1907445454,0.1369400093,0.08807427492,0.1841268175,0.1486517552,0.1415205231,0.1638241377,0.1233208903,0.230190704,0.1733155287,0.1863558013,0.1734284664,0.1865589265,0.1221513496,0.1730616164,0.153091101,0.1589608446
494,0,0,0,0,0,0.1907945368,0.1368547178,0.08784230977,0.1840350046,0.1484900409,0.141363263,0.1636881238,0.1232808717,0.230084289,0.1733980188,0.1863472335,0.1735478634,0.1866891285,0.1221691692,0.173022262,0.1531671006,0.1586814627
494.5,0,0,0,0,0,0.1909095512,0.1369165709,0.08784335006,0.1841000467,0.1485009709,0.141241863,0.1638614012,0.1233809225,0.2299688436,0.1733424727,0.1863649407,0.173597401,0.1866668014,0.1220700032,0.1732149205,0.1531633265,0.1582858403
495,0,0,0,0,0,0.1907027595,0.1367521912,0.08778594053,0.1842122238,0.148383106,0.1411833567,0.1639022363,0.1234113934,0.2298831253,0.1733912211,0.1864269509,0.1736194751,0.1868178274,0.1222317774,0.1731422101,0.1531968127,0.1584879946
495.5,0,0,0,0,0,0.190625034,0.1366814269,0.08768099164,0.1842292387,0.1482709852,0.1411794135,0.1639277473,0.1234546925,0.2299180247,0.1732956721,0.1863676338,0.1736060263,0.1868347048,0.1223361449,0.172896791,0.1530988938,0.1584413058
496,0,0,0,0,0,0.1906850747,0.1367581756,0.08772731955,0.1843813383,0.1483189533,0.1411774963,0.1639485047,0.1235098467,0.2300288966,0.1732510817,0.1863351154,0.1736427953,0.1869326556,0.1221954106,0.1729919773,0.1530008358,0.1584525051
496.5,0,0,0,0,0,0.1907375927,0.1369736396,0.08775709063,0.1845838893,0.1484738584,0.1412998482,0.1638039141,0.1236372778,0.2300203319,0.1732416697,0.186373942,0.1736737698,0.1868227144,0.1222054861,0.1730134431,0.1530956951,0.1584455223
497,0,0,0,0,0,0.1906460929,0.1370558179,0.08781406558,0.1846511072,0.1484035095,0.141424998,0.1637617754,0.1234716434,0.2299858341,0.1732769136,0.1863963251,0.1735340657,0.1867807083,0.1224207735,0.1732278225,0.1530189602,0.158310542
497.5,0,0,0,0,0,0.1906390694,0.1369970088,0.0877619522,0.1845094815,0.1483398784,0.1413851796,0.1638006528,0.123356088,0.2298339946,0.1731807595,0.1861069551,0.1734649415,0.186767847,0.1224336942,0.1733280111,0.1530663855,0.1583275448
498,0,0,0,0,0,0.1906164729,0.1370250052,0.08802845299,0.1844466831,0.1482894052,0.1413630954,0.163939003,0.1232366593,0.229935591,0.173398224,0.1859773333,0.1734596645,0.1867918685,0.1224837367,0.1734259889,0.1529898819,0.1582498383
498.5,0,0,0,0,0,0.1907580894,0.1370749019,0.08806656521,0.1843327507,0.1483750647,0.1412852747,0.1640044441,0.1231285008,0.2300553415,0.1733408991,0.1860751807,0.1733780111,0.1867874404,0.1223024529,0.173558553,0.1531857195,0.1582664508
499,0,0,0,0,0,0.1906825674,0.1369920561,0.08814073153,0.1844870357,0.1482062131,0.1413641067,0.1639395184,0.1230588057,0.2299958838,0.1731938997,0.1860351341,0.1734321743,0.1869036938,0.1222120821,0.1735575061,0.1531279627,0.1582848629
499.5,0,0,0,0,0,0.1906919047,0.1370471928,0.08796189086,0.1845870076,0.1482522839,0.1414656494,0.1639597277,0.1230530541,0.2300033912,0.1731772414,0.1862041394,0.1733866325,0.1867323315,0.1220492504,0.1734890104,0.1531896116,0.1582832333
500,0,0,0,0,0,0.1908084168,0.1370407488,0.08785454641,0.184719946,0.148092948,0.1414432318,0.163969233,0.12309158,0.2299319975,0.173188566,0.1861305292,0.1734304614,0.1867507542,0.1220821534,0.1735301031,0.1531119202,0.1582396606
