time,TNFR,IL1R,CD40,LTB,BAFFR,TRAF2_5,TRAF6,TRAF2_3,Btx,TAK1_TAB,NEMO_IKKa_IKKb,IkBa_release_signal,p50_p65,TNFa,p100,Phenotype_canonical,NIK,IKKa_noncanonical,p100_RelB,p52,BAFF,Phenotype_noncanonical
0,1,1,1,1,1,0,0,0,0,0,0,0,0,0,0,0,0,0,0,0,0,0
0.5,1,1,1,1,1,0.135898848,0.1920084006,0.230577806,0.026117822,0.0357600295,0.005142668127,0.0003258764542,1.686252131e-05,7.574200831e-07,6.745137923e-07,7.691148848e-07,0.02485593021,0.001737380189,0.0001305259633,6.351637589e-06,7.325385598e-06,3.154025806e-07
1,1,1,1,1,1,0.2308157277,0.3202518804,0.3794410658,0.07776897064,0.1050450669,0.029018759,0.003741892108,0.0003955485581,3.734523262e-05,3.283022002e-05,3.811051591e-05,0.07442931381,0.01031421943,0.001581212492,0.0001572224638,0.0001849728866,1.615594304e-05
1.5,1,1,1,1,1,0.2977746548,0.4064803739,0.476193767,0.1331531921,0.1781082931,0.06912145532,0.01334226418,0.002148042217,0.0003196458571,0.0002774170418,0.0003277883823,0.1280636748,0.02590934489,0.006013196818,0.0009126998845,0.001098089022,0.0001454951447
2,1,1,1,1,1,0.3449247768,0.4649267717,0.5391993722,0.1836423089,0.2437599398,0.1168615838,0.02966333876,0.006394129184,0.00133343937,0.001138450566,0.001372491016,0.1775703932,0.04613269864,0.01426676612,0.002923452209,0.003586876149,0.0006403324335
2.5,1,1,1,1,1,0.3785721999,0.5051525024,0.5806078316,0.2266934497,0.298671831,0.1654346761,0.05109595987,0.01374499282,0.003741454703,0.003153059775,0.003878296132,0.2203690445,0.06849711723,0.0262680235,0.006767030582,0.008465916041,0.001907148378
3,1,1,1,1,1,0.4027331159,0.5328103092,0.6078484589,0.2620131809,0.3430730893,0.2104073853,0.0753464877,0.02405455359,0.008192114806,0.006775081151,0.00854023334,0.2558146691,0.09106568768,0.04147834995,0.01279657384,0.01634267551,0.004430222584
3.5,1,1,1,1,1,0.4204528484,0.5519400378,0.6261045289,0.290358655,0.3783966882,0.2500712258,0.10028428,0.03670100131,0.0151181416,0.0122540337,0.01586212327,0.2847007421,0.1126931825,0.05918331962,0.02111405373,0.02746245184,0.008714370173
4,1,1,1,1,1,0.4332821994,0.5655100008,0.6381141721,0.3129964646,0.4063244445,0.2834455754,0.1244507387,0.05081394,0.02468499374,0.01956480619,0.02609995836,0.3078695487,0.1326066171,0.07833421477,0.03152894377,0.04180633261,0.01511317116
4.5,1,1,1,1,1,0.4428107815,0.5749489196,0.6461910249,0.3310525824,0.4281925923,0.3113608614,0.1468852631,0.06553248533,0.03674845621,0.02845449449,0.03917181721,0.326290946,0.150399908,0.09846525576,0.04376827417,0.05913783575,0.02392506397
5,1,1,1,1,1,0.4497753932,0.5815857348,0.6515152988,0.3454106348,0.4451328567,0.3341534189,0.167058901,0.08023980193,0.05106629761,0.03858676207,0.05474938215,0.3412072896,0.1661321194,0.1187780213,0.0574335848,0.07908862961,0.0352565991
5.5,1,1,1,1,1,0.4549974799,0.5866837048,0.6550690899,0.3566033096,0.4580102097,0.352557209,0.184753606,0.094331386,0.06731505989,0.04945423736,0.07254788013,0.3529557204,0.179921138,0.1385895636,0.07204233969,0.1010915656,0.0489732024
6,1,1,1,1,1,0.4589570234,0.5902090729,0.6579763774,0.3656419126,0.4687977917,0.3673719704,0.1999571117,0.107578695,0.08480365526,0.06067490102,0.09204969204,0.362091915,0.1919651175,0.1579168535,0.08718587403,0.1245284627,0.06492217591
6.5,1,1,1,1,1,0.4619090018,0.5928396661,0.6596067558,0.372692974,0.4769904329,0.3792289002,0.2131605948,0.1196778601,0.1034568108,0.07198482072,0.1128358147,0.3692958205,0.2021803064,0.176065733,0.1024154217,0.1490765108,0.08287854044
7,1,1,1,1,1,0.4641742469,0.5947416679,0.6607431848,0.3785243366,0.4830017323,0.3885477914,0.2242209092,0.1305429763,0.1226268911,0.08306789615,0.1344200346,0.3753416874,0.2111214459,0.1933464551,0.1175374337,0.1742234124,0.1025583862
7.5,1,1,1,1,1,0.4662040883,0.5961644168,0.661612301,0.3829355447,0.4877620218,0.3957419671,0.2336674126,0.1401498729,0.14211815,0.09366444211,0.156447024,0.3801032388,0.2187977695,0.2092611928,0.1323186875,0.1994890442,0.1236149749
8,1,1,1,1,1,0.4675919731,0.5971302018,0.6621727584,0.38647218,0.4915117131,0.401534146,0.2414944857,0.1486203309,0.1614854323,0.1036041123,0.1789007354,0.3840017516,0.2254516297,0.2237433217,0.1462739754,0.2245958505,0.1454132941
8.5,1,1,1,1,1,0.4687079499,0.5975448658,0.6626689478,0.3893558148,0.4946466044,0.4060460797,0.2478335154,0.1560712087,0.1802758239,0.1127845982,0.2010638844,0.3868915893,0.2312484641,0.2370713401,0.1595282612,0.2492606483,0.1679040046
9,1,1,1,1,1,0.4699209728,0.5981474967,0.6628028784,0.3917883943,0.4967297779,0.4096448835,0.2532228585,0.1624531054,0.1988531359,0.1212118499,0.2229000195,0.3892280137,0.2362290018,0.2489867654,0.1718557497,0.2732586172,0.1906713763
9.5,1,1,1,1,1,0.4707609768,0.5987375652,0.6630406083,0.3936726975,0.4986307161,0.4128683555,0.2576554389,0.1680287191,0.2168734059,0.1290206437,0.2442722465,0.391193365,0.2403332716,0.2595389175,0.1833507193,0.2966072521,0.2137394457
10,1,1,1,1,1,0.4713044643,0.5990871773,0.6632624798,0.395581132,0.5000791255,0.4150575497,0.2614030029,0.1726412296,0.234008346,0.1359041846,0.2650949473,0.3928529848,0.2438760132,0.2690064687,0.1939490627,0.3187882913,0.2367071359
10.5,1,1,1,1,1,0.4716758781,0.5993752537,0.6633692675,0.3969733503,0.5015772733,0.4169335689,0.2644933876,0.1765597139,0.2504868573,0.1423047456,0.2850628551,0.3943286536,0.246903206,0.2774809588,0.2037063234,0.3401715265,0.2590984426
11,1,1,1,1,1,0.4718784046,0.5996717614,0.6632955119,0.3982465969,0.5025953432,0.4183599038,0.2669399964,0.1799701334,0.2663275147,0.1479663518,0.3044745899,0.3954363727,0.2495865047,0.2850382829,0.2123389644,0.3603514452,0.2810953323
11.5,1,1,1,1,1,0.4722137984,0.5997804386,0.6636079433,0.3989388677,0.5032727714,0.4195434891,0.2690157245,0.1829095753,0.2812925059,0.1530810016,0.3231414169,0.3963932262,0.2519737688,0.2919030431,0.2203178439,0.3794226376,0.3024340925
12,1,1,1,1,1,0.472516632,0.5997526235,0.6637438281,0.3999233895,0.5036786109,0.4203890191,0.2707254713,0.1852193565,0.2952242627,0.157648465,0.3407184754,0.3971574334,0.2541048502,0.2978056839,0.22758171,0.397289387,0.3229862173
12.5,1,1,1,1,1,0.4725949929,0.5997918187,0.663674927,0.4007132595,0.5044688815,0.421341842,0.2721614883,0.1870933653,0.3085821496,0.1615609902,0.3574606254,0.3978910966,0.2557656688,0.3031607869,0.2340890932,0.4140202743,0.3429540166
13,1,1,1,1,1,0.4728903103,0.6000162551,0.6637646739,0.4013267333,0.504885092,0.4219029994,0.273439525,0.1886452523,0.3211236005,0.1650668741,0.373622624,0.3981636263,0.2573192381,0.3080291725,0.2399758193,0.4300286493,0.3619851225
13.5,1,1,1,1,1,0.4730637385,0.6001588395,0.6637601019,0.401964837,0.5053605943,0.4225605293,0.2744056648,0.190080037,0.3330841963,0.168180093,0.3889939149,0.3988141995,0.2588500935,0.3118943753,0.245403801,0.4449467072,0.3802836947
14,1,1,1,1,1,0.4730101232,0.6001413116,0.6636754623,0.4022555414,0.5056582749,0.4228311712,0.2754062185,0.1911843546,0.3442041313,0.1708995301,0.4035091558,0.3992069249,0.2601862082,0.3154768965,0.2501400744,0.4586489233,0.3975643212
14.5,1,1,1,1,1,0.4730032774,0.6002468364,0.6637392024,0.4025247429,0.5055874139,0.4233412016,0.2759911541,0.1923288207,0.354522521,0.1733414802,0.4174633306,0.3994274456,0.2614740633,0.3187498039,0.25436389,0.4714243321,0.4141071616
15,1,1,1,1,1,0.4731687432,0.60022332,0.6636851365,0.4028908346,0.5057984059,0.4237439228,0.2766500027,0.1931506819,0.3643302851,0.175591773,0.4305864918,0.3997170303,0.2624933003,0.3216195628,0.2582418989,0.4835181599,0.4300172941
15.5,1,1,1,1,1,0.4733951792,0.600452348,0.6636463227,0.4036404148,0.5057523505,0.4240351008,0.2770777063,0.1938798179,0.3733774527,0.1774997108,0.4428171031,0.3997845091,0.2633320696,0.3242671482,0.2616090482,0.4951133006,0.4452747383
16,1,1,1,1,1,0.4733748724,0.6002685011,0.6636730179,0.4038209524,0.5057860819,0.4242768754,0.2775156703,0.194360473,0.3819329545,0.1791925067,0.4548442067,0.4000214432,0.2641262292,0.3264535018,0.2649990785,0.5056806559,0.4596051515
16.5,1,1,1,1,1,0.4732935096,0.6002230029,0.6637035103,0.4040219919,0.5060319383,0.4242224947,0.2779226373,0.1947538204,0.3898411301,0.1807944788,0.4660259197,0.4001382842,0.2646237947,0.32820854,0.2676968246,0.5154960594,0.4731763208
17,1,1,1,1,1,0.4731863237,0.6004740988,0.6635099461,0.4041662091,0.5061270603,0.4245310794,0.2782901887,0.1953454336,0.3972978692,0.1821205797,0.4765790716,0.4001715395,0.2653386403,0.3298686388,0.2699930136,0.5246732392,0.4860957915
17.5,1,1,1,1,1,0.4733546415,0.6004547347,0.6634615667,0.4043399916,0.5060647282,0.4245361076,0.2783761401,0.1958795705,0.4044156825,0.1833197979,0.4865383219,0.4003615692,0.2657365348,0.3314431253,0.2721945192,0.5335372552,0.4980839933
18,1,1,1,1,1,0.4735455659,0.6002458205,0.663522029,0.4042929981,0.5062511728,0.4245592638,0.2787194403,0.1961515844,0.4110514086,0.1843337867,0.4961894349,0.40041742,0.2661965988,0.3326186621,0.27411761,0.5417472403,0.5095673408
18.5,1,1,1,1,1,0.4738620658,0.6001916071,0.6635515241,0.4043658374,0.506286856,0.4246933082,0.2791136005,0.1963778742,0.4174182814,0.1851607518,0.5053240181,0.4005226244,0.2665928337,0.3336512052,0.2760255489,0.5493752772,0.5206120519
19,1,1,1,1,1,0.4737731246,0.6004084047,0.6636834842,0.4047069726,0.506411776,0.4246081738,0.2790426926,0.1966701074,0.423250568,0.1861527806,0.513933385,0.4006258752,0.2670290329,0.3345263063,0.2775217379,0.5563819508,0.5309865894
19.5,1,1,1,1,1,0.4738470594,0.600400993,0.6638313723,0.4047828508,0.5065828396,0.4246089304,0.2790913314,0.1969307105,0.4288372768,0.1869378098,0.5218360023,0.4006720031,0.2672582228,0.335353923,0.2791438613,0.5631907548,0.5408651585
20,1,1,1,1,1,0.4737070498,0.6002839792,0.6638790358,0.4049187964,0.506528226,0.4246142875,0.2791053752,0.1971112418,0.4338434429,0.1876431224,0.5295806404,0.4007972078,0.2678540651,0.3359849351,0.2802642679,0.5693520749,0.5501473877
20.5,1,1,1,1,1,0.4737756682,0.6002229815,0.6638750025,0.4050076612,0.50658581,0.4246175128,0.2791439155,0.1972843732,0.4389640784,0.1880604524,0.5369064126,0.4008531237,0.2681027403,0.3367170903,0.2813807937,0.5751003291,0.5588866964
21,1,1,1,1,1,0.4739268071,0.6004285903,0.6637917654,0.4050969075,0.5067394018,0.424893516,0.279169015,0.197141641,0.4435437943,0.1888863395,0.543926869,0.4006532999,0.2684330322,0.3373845551,0.2823612464,0.5800742384,0.5673532345
21.5,1,1,1,1,1,0.4738668566,0.6004098543,0.6636966604,0.4052798769,0.5065210338,0.4248251981,0.2791491754,0.1973050478,0.4478040634,0.1892510483,0.5504541244,0.4007411062,0.2687194538,0.337989521,0.2832420841,0.5850769992,0.5752137255
22,1,1,1,1,1,0.4739027103,0.6005331484,0.6637256856,0.4052592309,0.5064563598,0.4249330091,0.2793468819,0.1974349458,0.4517650106,0.1898313231,0.5568220597,0.4008222822,0.2687390248,0.338442035,0.2839473181,0.5895943201,0.5827786288
22.5,1,1,1,1,1,0.4738514252,0.6005018393,0.6636471622,0.4050960667,0.5065409478,0.4251344678,0.2794410188,0.1972944391,0.4554156112,0.1903001925,0.5627734857,0.4006496632,0.2691804081,0.338963376,0.2846352648,0.5938097762,0.5900147675
23,1,1,1,1,1,0.4738396006,0.6004379662,0.663829779,0.4053771968,0.5065180059,0.4250128716,0.2794154237,0.1974945678,0.459054576,0.1907755524,0.5685403184,0.4006792434,0.2694567162,0.3395790405,0.2855030934,0.5978478685,0.5968261578
23.5,1,1,1,1,1,0.4738613414,0.6002973826,0.6636777388,0.4053063055,0.506593179,0.4249062018,0.2794774913,0.1976126636,0.462535324,0.1911786888,0.5740003768,0.4008620766,0.2695429922,0.3401104072,0.285916495,0.6016791343,0.6031477061
24,1,1,1,1,1,0.4739348291,0.6001485388,0.6636414549,0.4052197986,0.5068003059,0.4249138918,0.279597504,0.1977797685,0.4655512674,0.1913138575,0.5792190078,0.4009892058,0.2696574533,0.3402933455,0.2866899308,0.6053186364,0.6091839381
24.5,1,1,1,1,1,0.4739206231,0.6003324707,0.6636910401,0.405076126,0.5066511806,0.4248195327,0.2795267157,0.1975650622,0.4685418655,0.1914987792,0.584335034,0.4011457031,0.2698578643,0.3404543534,0.2872213213,0.608443069,0.6149795264
25,1,1,1,1,1,0.4739569312,0.6005125338,0.6635840767,0.405144799,0.5064398142,0.4248566939,0.2795530415,0.1975523251,0.4711452542,0.1917444331,0.5889627871,0.4013232237,0.2701075957,0.3405501684,0.2876168404,0.6115130287,0.6205011351
25.5,1,1,1,1,1,0.4741034347,0.600504478,0.6637221658,0.4054535941,0.5064893135,0.4249834982,0.2795203939,0.1976305618,0.4736922025,0.1919598765,0.5934632365,0.401280999,0.2703163483,0.3405816475,0.2877070222,0.614271706,0.6258190828
26,1,1,1,1,1,0.4740653058,0.6002082939,0.6636168862,0.4053304844,0.5067272609,0.4249133303,0.2795364598,0.1976431491,0.4761629317,0.1920928747,0.5979293726,0.4009288934,0.2704283466,0.3406058973,0.2881267924,0.6171327326,0.6309757088
26.5,1,1,1,1,1,0.4740122884,0.6001075759,0.6636574153,0.4054483814,0.506692009,0.4250360847,0.2794766627,0.1975388085,0.478426722,0.1923597438,0.602297295,0.4009031037,0.2703021061,0.3408133433,0.2882938761,0.6197044102,0.6357398308
27,1,1,1,1,1,0.473775501,0.6000585978,0.6638423225,0.405460236,0.5067357009,0.424907954,0.2794266603,0.1974867593,0.4805963264,0.1924801268,0.6063685859,0.401132813,0.2703552932,0.3409121347,0.2886447419,0.621921368,0.6403321945
27.5,1,1,1,1,1,0.4737736651,0.6001610835,0.6636981234,0.4056461959,0.5065783565,0.4249512658,0.2793668326,0.1973702696,0.4826795047,0.1926616949,0.6100872865,0.4011708226,0.2705385372,0.341050362,0.2888329067,0.6241835038,0.6447438381
28,1,1,1,1,1,0.4739706029,0.6002366455,0.6636274835,0.4055032793,0.5066664821,0.424933147,0.279317172,0.1974228653,0.4848011125,0.1926374417,0.6136901654,0.401390269,0.2705459177,0.3412031503,0.2891913664,0.6261186013,0.6490874455
28.5,1,1,1,1,1,0.4740625899,0.6002392228,0.6634634167,0.4052819379,0.5063035029,0.4249364667,0.2793654692,0.1972915191,0.4864732045,0.1927120692,0.6169670012,0.4013878501,0.2705593782,0.3413445259,0.2892867285,0.6282028885,0.6528026787
29,1,1,1,1,1,0.4739281005,0.6000492218,0.6635316661,0.4052029679,0.5063204657,0.4251197785,0.2792676744,0.1973468427,0.4882270805,0.1927882796,0.6203880178,0.4011239023,0.2706884499,0.3414100081,0.2896615792,0.6301224716,0.6564462
29.5,1,1,1,1,1,0.4739300258,0.6001506252,0.6634952708,0.4054007069,0.5063807698,0.4249582984,0.2793994438,0.1974365331,0.4901728689,0.1927436492,0.623450426,0.4010836169,0.2707639519,0.3413277927,0.2895723793,0.6317744566,0.6600305846
30,1,1,1,1,1,0.4740406574,0.6001698429,0.6634846539,0.4056337828,0.5062589659,0.4250858941,0.2793879753,0.1973677536,0.491549716,0.1928622152,0.626430665,0.4011587463,0.2706697884,0.3415155752,0.2898145522,0.6335459306,0.6634584247
30.5,1,1,1,1,1,0.4738002377,0.6002347259,0.6635417735,0.405663161,0.5063624393,0.4250214145,0.2793190347,0.1972625945,0.4929243271,0.1928931498,0.6292375178,0.4012108529,0.2708589409,0.3413925848,0.289952381,0.6350751422,0.6668178011
31,1,1,1,1,1,0.4737385131,0.6001437289,0.6633612401,0.4057229611,0.5066530216,0.4249715036,0.2794673668,0.1974552951,0.4945200354,0.1929934247,0.6320579002,0.4012591619,0.2708887479,0.3412270099,0.2901836018,0.636538355,0.6699615381
31.5,1,1,1,1,1,0.473662029,0.6001904882,0.6633841354,0.4056492429,0.5067561577,0.4250644794,0.279287237,0.1973688605,0.495840763,0.1931687898,0.6348501242,0.4013205766,0.2710745611,0.3413451733,0.2902869412,0.6377221771,0.6730306549
32,1,1,1,1,1,0.473811193,0.6001007816,0.6636403466,0.4055669746,0.5066382909,0.4250368984,0.279448372,0.1974381989,0.4969519488,0.1932347579,0.6373378526,0.4015638788,0.2712255793,0.3417094803,0.290206007,0.6391280546,0.6759933625
32.5,1,1,1,1,1,0.4738564383,0.6001762599,0.6637740615,0.4056208214,0.5066561955,0.4251995785,0.2795815433,0.1975476184,0.4983892561,0.1935738199,0.6398712847,0.401652359,0.2712664093,0.3417324007,0.2904310514,0.6404013903,0.6788076348
33,1,1,1,1,1,0.4736793403,0.5999872894,0.6637106351,0.405543708,0.5066918393,0.4253191796,0.2795920294,0.1976873739,0.4996274798,0.1936136084,0.6423056035,0.4016220448,0.2712641654,0.3415640099,0.2905429636,0.6416789058,0.681404591
33.5,1,1,1,1,1,0.4736812327,0.6000137706,0.6637349052,0.405754859,0.5067248929,0.4253116008,0.2796368993,0.1978349978,0.5007668971,0.1936768713,0.6445852094,0.4014604557,0.2712258073,0.3416216993,0.2904858371,0.6429213322,0.6838953191
34,1,1,1,1,1,0.4736915166,0.6000198598,0.6637487045,0.4059200295,0.506806169,0.4254210361,0.2795243949,0.1978735373,0.5017091016,0.1937352769,0.6468439151,0.4015795648,0.271142188,0.3416461371,0.2904328309,0.644037351,0.686293845
34.5,1,1,1,1,1,0.4737352587,0.6000609999,0.6639452422,0.405859124,0.5068547095,0.4253462889,0.2795176657,0.197975616,0.5026649062,0.193817407,0.6487996897,0.401562045,0.2713000151,0.3414890667,0.2905633812,0.6448985613,0.6884875445
35,1,1,1,1,1,0.4738607159,0.6001081769,0.6638908792,0.4057808912,0.5065919588,0.4253469505,0.2794169786,0.1978892402,0.5032980277,0.1939517351,0.650856721,0.4014745861,0.2713554158,0.3415626983,0.2907248234,0.6458776168,0.6907707317
35.5,1,1,1,1,1,0.4736716676,0.60014848,0.663780445,0.4059430558,0.5064740704,0.4250473958,0.279546897,0.1979684971,0.5040851261,0.1940098935,0.6528778943,0.40142826,0.2713072151,0.341731267,0.2908458523,0.6468567508,0.6929306607
36,1,1,1,1,1,0.4735830719,0.600266947,0.6638824887,0.4061184701,0.5063490645,0.4250496572,0.2795784425,0.1978683172,0.5048723459,0.1941285874,0.6547120224,0.4012810835,0.2713925253,0.3418858123,0.2909195518,0.6477139323,0.6950179895
36.5,1,1,1,1,1,0.4736763848,0.6003538232,0.6638540386,0.4060053951,0.5066378571,0.4251150995,0.2795329899,0.1977118687,0.5057628227,0.1942104342,0.6566599717,0.4012301568,0.2714056055,0.3418179111,0.2909608465,0.6487831427,0.6969367962
37,1,1,1,1,1,0.4736409137,0.6003153419,0.6638449336,0.4058448258,0.5067415916,0.42512494,0.2795708933,0.1976422037,0.5066692544,0.1942931548,0.6583113523,0.4013277614,0.2715298959,0.3417925938,0.2911383526,0.6495371906,0.6989318772
37.5,1,1,1,1,1,0.4739575441,0.6002762392,0.6638330254,0.4056874612,0.5068127442,0.4252563638,0.2794535605,0.1977330807,0.5074618316,0.1942162399,0.6599880136,0.4014520125,0.2712815207,0.3417903788,0.2910896047,0.6501433147,0.7007210958
38,1,1,1,1,1,0.4738730184,0.6002878653,0.663633185,0.4056156896,0.5067895449,0.4252765562,0.2795027468,0.1977385108,0.5083018514,0.1941965112,0.6614773059,0.401558205,0.2713315466,0.3418163349,0.2911737005,0.6508080904,0.7024595495
38.5,1,1,1,1,1,0.4738777327,0.6003816591,0.6637001862,0.405581814,0.5068432397,0.4253804043,0.2795949337,0.1976957484,0.5090539147,0.1941467197,0.6629516303,0.4014313926,0.2715782553,0.341879519,0.2911038043,0.6512965176,0.7042581902
39,1,1,1,1,1,0.4737838142,0.6004020586,0.6637491074,0.4057492102,0.5069226046,0.4252797277,0.2795925786,0.1977525885,0.5096125272,0.1942465269,0.6644952421,0.4013578544,0.2714978338,0.3418373405,0.2912010922,0.651907136,0.705799262
39.5,1,1,1,1,1,0.4737645364,0.6004382485,0.6637502104,0.4055491828,0.506894195,0.4252319266,0.2794172758,0.1978352292,0.5102091285,0.1942153607,0.6659261468,0.4012839697,0.271627475,0.3418120881,0.2911695365,0.6523576987,0.7073413709
40,1,1,1,1,1,0.4736960835,0.6004838085,0.6636142889,0.4055761397,0.5069280071,0.4253623896,0.2793832321,0.1977688259,0.5108992962,0.1942571132,0.6674443015,0.4012709015,0.2715680334,0.3419765709,0.2913018617,0.6530114148,0.7087088602
40.5,1,1,1,1,1,0.4735523236,0.6004222244,0.66377208,0.4056034449,0.5066863973,0.4252203902,0.2793737863,0.1977187546,0.5114009787,0.1942059449,0.6687072518,0.4014665495,0.2712368664,0.3421590797,0.2914250177,0.653230099,0.7101545689
41,1,1,1,1,1,0.4734668242,0.6003500039,0.6636122727,0.4056628741,0.5067335272,0.4251127838,0.279437368,0.1976732829,0.5118363386,0.1941310677,0.6700035476,0.4012852389,0.2712634328,0.3421316702,0.2915814009,0.6538669374,0.7114313828
41.5,1,1,1,1,1,0.4735626023,0.6002403545,0.663788542,0.4055219098,0.5065709333,0.4249846298,0.2796041231,0.1975833005,0.5123588083,0.1942430504,0.6714124258,0.4011463244,0.2712016537,0.3420183676,0.291724665,0.6542373479,0.7126888797
42,1,1,1,1,1,0.4739276482,0.6001359999,0.6638078222,0.4058552783,0.5065731724,0.4250448019,0.2795436589,0.1976572109,0.5128375498,0.1942986007,0.6726647625,0.4010328222,0.2714165874,0.3419756943,0.2917819942,0.6546315656,0.7141757562
42.5,1,1,1,1,1,0.4738910187,0.5999787999,0.6635317968,0.405790017,0.5067421406,0.4249943683,0.2796091597,0.1976472878,0.5135406715,0.1943334543,0.6740440459,0.4011069636,0.2714604139,0.341914172,0.2918487682,0.6550590063,0.7154501151
43,1,1,1,1,1,0.4738803611,0.6002112724,0.6633132957,0.4057760716,0.5068372425,0.4251713884,0.2795463738,0.1977463223,0.5138835508,0.1945264543,0.6751555069,0.4010135307,0.2715205924,0.3420694653,0.2917964554,0.6554843266,0.7165916437
43.5,1,1,1,1,1,0.4738827635,0.6002800396,0.6635361252,0.4057791194,0.5069271748,0.4250801478,0.2794901949,0.1977558011,0.5143470272,0.1946274839,0.6762148117,0.4011990492,0.2714833417,0.342124512,0.2916603367,0.6557285425,0.7175544793
44,1,1,1,1,1,0.4739389884,0.6002594778,0.6637169603,0.4058529568,0.5068370201,0.4252020237,0.2793936971,0.1976123162,0.5146567149,0.1943333551,0.6771786446,0.4013027098,0.2713476109,0.3421111085,0.2915756371,0.6559627798,0.7187265642
44.5,1,1,1,1,1,0.4736787203,0.6001083262,0.6635863149,0.4059514813,0.5068733836,0.4252200101,0.2795644171,0.1975983753,0.5150574393,0.1944313393,0.678127052,0.4014285866,0.2713639692,0.342471964,0.2915386888,0.6563798422,0.719683407
45,1,1,1,1,1,0.4737069862,0.6000596522,0.6636736759,0.4058330025,0.5068175137,0.425150829,0.2793358108,0.1976570989,0.5154423172,0.1945899604,0.6792270907,0.4015885758,0.27171398,0.3423253437,0.2914601019,0.6568363848,0.7205954761
45.5,1,1,1,1,1,0.4738904117,0.6001177759,0.6637320549,0.4058512365,0.5066740217,0.4251082055,0.2793849739,0.1976497309,0.5156160834,0.1944987774,0.6801939174,0.401569206,0.2716428882,0.3425235299,0.2915150793,0.6572057724,0.7217603021
46,1,1,1,1,1,0.4739345669,0.6000852136,0.663779715,0.4058239954,0.5066214928,0.4248920126,0.2795160247,0.197795047,0.5157598619,0.194406982,0.6810958933,0.4013440994,0.2714095643,0.3425468244,0.2916487641,0.6574776912,0.722802108
46.5,1,1,1,1,1,0.4738525437,0.6003757905,0.6638047852,0.4060442356,0.5066073061,0.4247611992,0.2796128275,0.1977348164,0.5160633828,0.1942808372,0.6819720656,0.4011291602,0.2713221789,0.3424778931,0.2915811118,0.6579158067,0.7236171491
47,1,1,1,1,1,0.4737813452,0.6002283016,0.6637411251,0.4058277959,0.5065907437,0.424809895,0.2795305222,0.1977125047,0.5163227571,0.1943015188,0.6827566217,0.4012593546,0.2711882906,0.3425580969,0.2916879634,0.6581396745,0.7243659059
47.5,1,1,1,1,1,0.4739556904,0.6000751996,0.6637728281,0.4057043848,0.5067494919,0.4249014711,0.2793275066,0.1976980437,0.516721519,0.1945301777,0.6833575031,0.401229256,0.2713369742,0.3426074666,0.291630724,0.6582551929,0.7252565313
48,1,1,1,1,1,0.4739162059,0.600095504,0.6638062238,0.405627754,0.5068110362,0.4249677895,0.2794016683,0.1975207913,0.517097823,0.194570804,0.6842289751,0.4010570318,0.2713405315,0.3425216198,0.2915471512,0.6583220721,0.7260721457
48.5,1,1,1,1,1,0.4737585614,0.5999153259,0.6635607244,0.4058040099,0.5066905056,0.4247636311,0.2793970004,0.1975658238,0.5174766192,0.1945792437,0.6849581122,0.4009954367,0.2715465432,0.3425743291,0.2914447371,0.6586535304,0.7269940871
49,1,1,1,1,1,0.4738596629,0.6000528685,0.6635161012,0.405819013,0.506765096,0.4248611213,0.2793336802,0.1975029455,0.5177251664,0.1945515377,0.6855746106,0.401044342,0.271590458,0.3425246068,0.2915775668,0.6590885855,0.7278346555
49.5,1,1,1,1,1,0.4737141051,0.6001268246,0.6636418494,0.4056060669,0.5068617289,0.4249526845,0.2792773032,0.1975176633,0.517988657,0.1945460516,0.6862131494,0.4010234074,0.2715509933,0.3424518369,0.291723599,0.6594254239,0.7285179137
50,1,1,1,1,1,0.4736415956,0.6002014215,0.6636477182,0.4056504499,0.5066629927,0.425004073,0.279378924,0.1973486965,0.5181679427,0.1944204749,0.6870374761,0.4010834958,0.2714219743,0.3424567581,0.2918379783,0.6595230568,0.7291688373
50.5,1,1,1,1,1,0.4737373466,0.6004589601,0.6637239157,0.405608202,0.5068545137,0.4250560902,0.2795153562,0.1974407939,0.5182415841,0.1944030143,0.6878587136,0.4011442949,0.2711037376,0.3421068164,0.2916727585,0.6597659781,0.7299907939
51,1,1,1,1,1,0.4736742192,0.6003002044,0.6639175406,0.4055687814,0.506762087,0.425158618,0.2795244589,0.1975548067,0.5185249673,0.194336171,0.6884279792,0.401107115,0.2714078497,0.3421311674,0.2916099208,0.6598547042,0.7305922317
51.5,1,1,1,1,1,0.4734413357,0.6003763369,0.6639073721,0.4055007581,0.5068749278,0.4252158072,0.2796728882,0.1974415486,0.5187221406,0.1942442996,0.6892845252,0.4013105049,0.2714842392,0.3422493364,0.2914658947,0.6598842455,0.7312014214
52,1,1,1,1,1,0.4734006718,0.6004028047,0.6640532856,0.4056832044,0.5067208673,0.4253885711,0.279552488,0.1974126781,0.5188813489,0.19422348,0.6899579722,0.4011660216,0.2713602789,0.3420908148,0.2915191839,0.6601929481,0.7320560155
52.5,1,1,1,1,1,0.4735836618,0.6002876506,0.6640711635,0.405678191,0.5065664393,0.4252120586,0.2798130925,0.197599088,0.5191408872,0.1943222901,0.6907586915,0.4013355719,0.2712748038,0.342335293,0.2914862933,0.660308992,0.7327039825
53,1,1,1,1,1,0.4734417695,0.6005346757,0.6637800177,0.4057222592,0.5066942486,0.4251088976,0.2796159825,0.1976883995,0.5191095623,0.1941881655,0.6916205625,0.4014012983,0.271268988,0.3423376159,0.2915374345,0.660467889,0.733407991
53.5,1,1,1,1,1,0.4735586645,0.6002651922,0.6638227543,0.405800608,0.5069615034,0.4252809242,0.2796914358,0.1976995292,0.5192960595,0.194113377,0.6923135014,0.401208295,0.2714017739,0.3423395982,0.2916088622,0.6606443256,0.7340329734
54,1,1,1,1,1,0.4736858699,0.6001453753,0.6639505899,0.4059279556,0.5067919558,0.425128805,0.2797810897,0.197710305,0.5193241466,0.1942590567,0.6928812158,0.4013614697,0.2715453814,0.3422140153,0.2915457979,0.660440513,0.7346169446
54.5,1,1,1,1,1,0.4734751216,0.6000998304,0.6639323874,0.4060357146,0.5070386033,0.4249537881,0.2797928552,0.1978717661,0.5194593162,0.1942832718,0.6933831816,0.4012864311,0.271721484,0.3421816074,0.2915088548,0.660587423,0.7351258003
55,1,1,1,1,1,0.473551544,0.6002532672,0.6638851692,0.40584756,0.5069222511,0.4251505069,0.2796170419,0.197810893,0.5196231442,0.1942637817,0.6940385538,0.4013119904,0.2717210236,0.3422465609,0.2916867361,0.6610053002,0.7358099358
55.5,1,1,1,1,1,0.4737103328,0.6003249065,0.6637301665,0.4061107363,0.506947109,0.4250686036,0.2797298757,0.1978757984,0.5198788244,0.1942782197,0.694549388,0.4015271833,0.2718234862,0.3422418987,0.2916797406,0.6611831138,0.7363370489
56,1,1,1,1,1,0.4738954162,0.6003143371,0.6639683494,0.4059474469,0.5068932986,0.4253084661,0.2797497388,0.1978917532,0.5199491628,0.1943555424,0.6953649625,0.4014483353,0.2718440644,0.3422703163,0.2917786911,0.6614851734,0.7368761888
56.5,1,1,1,1,1,0.4740103633,0.6004163899,0.6637462086,0.4059979515,0.5068196702,0.4251103879,0.279735111,0.1978078124,0.5201021006,0.1944818572,0.6958921716,0.4014083319,0.2717362905,0.3422827515,0.2917493582,0.6617404849,0.7374586965
57,1,1,1,1,1,0.474007532,0.6003188526,0.6638026446,0.4058011006,0.5068853274,0.4252407939,0.2798130427,0.1978639088,0.5201503124,0.1943954531,0.6961764328,0.4014371063,0.2719039935,0.3423278024,0.2918672801,0.6619632744,0.7379754032
57.5,1,1,1,1,1,0.4743084864,0.6002688728,0.663817529,0.406053317,0.5069000981,0.4253693701,0.2798312748,0.1978735906,0.5204753736,0.1943747085,0.6967502725,0.4012178851,0.2719811672,0.3422156682,0.2916638095,0.66201908,0.7385300595
58,1,1,1,1,1,0.4741575391,0.6000427972,0.6637099315,0.4059909827,0.5066408274,0.4252133626,0.2799273164,0.197942294,0.5205965898,0.194347598,0.6972604516,0.4011786161,0.2718357877,0.3422969702,0.2918673757,0.6621717591,0.7389907388
58.5,1,1,1,1,1,0.4741085131,0.6001423556,0.663833413,0.4059721009,0.5067417355,0.4251532372,0.2799074003,0.197957992,0.5207008944,0.1943275863,0.6975048907,0.4012220037,0.2717310018,0.3421841655,0.2918260997,0.6623125284,0.7395048836
59,1,1,1,1,1,0.4740209849,0.6001877748,0.663818915,0.4062333722,0.5069478715,0.4251437337,0.2797606145,0.1978267057,0.5209385177,0.1944583024,0.6980187744,0.401332385,0.2716031482,0.3422179144,0.2917556658,0.662468228,0.7399195958
59.5,1,1,1,1,1,0.4739333352,0.6003071247,0.663786304,0.4060523507,0.5068571386,0.425287821,0.2797991545,0.1978250674,0.5211120715,0.1943329813,0.6984152172,0.4015893222,0.2718848179,0.3421977739,0.2919389783,0.6624352324,0.7405142361
60,1,1,1,1,1,0.4736833569,0.6002679102,0.6636856459,0.4060867577,0.5069020928,0.425126785,0.279751376,0.1977938656,0.521077761,0.1942753135,0.6986877839,0.4015627014,0.2719391158,0.3423214043,0.2918338295,0.6624646287,0.7410472292
60.5,1,1,1,1,1,0.473745352,0.600183806,0.6635670613,0.4060433107,0.5070543626,0.4251388969,0.279634046,0.1978018338,0.5213328891,0.1942667534,0.6991262315,0.4014426505,0.2719010785,0.3423244965,0.2919037602,0.6626858311,0.7414610697
61,1,1,1,1,1,0.473587484,0.6002903995,0.6634491243,0.4059805098,0.5067890635,0.4252585153,0.2794791252,0.1977116592,0.5214577242,0.1944021002,0.6995266349,0.4014220582,0.2719986369,0.3424769398,0.2917295504,0.6628786536,0.7417732337
61.5,1,1,1,1,1,0.4735709649,0.6003060892,0.6634615837,0.4060662227,0.506714478,0.4250709996,0.2795539187,0.1976777486,0.5215741795,0.1944647556,0.6998214743,0.401187266,0.2720213892,0.3423467298,0.2918856852,0.6629381736,0.7423069027
62,1,1,1,1,1,0.4735225177,0.6005588631,0.6635848452,0.4061592366,0.5066719776,0.4250410455,0.2797035951,0.1977684179,0.521588849,0.1945723818,0.7002985991,0.4011305689,0.2720206053,0.3422978918,0.2919491725,0.6631413896,0.7425476192
62.5,1,1,1,1,1,0.4737253512,0.6005269639,0.6636330299,0.4061013482,0.5067278299,0.4251205277,0.2795645858,0.197693852,0.5216940012,0.1947708079,0.7006522077,0.4013756063,0.2719215762,0.3423021879,0.2919059094,0.663165602,0.7430129962
63,1,1,1,1,1,0.4735442828,0.600392779,0.6635440226,0.4061179767,0.506803458,0.4250884016,0.2795175612,0.19763784,0.5218536499,0.1946968871,0.7008904711,0.4014383463,0.2717078592,0.3424115644,0.2918522906,0.662988435,0.74334309
63.5,1,1,1,1,1,0.4737314935,0.6002765015,0.6636906144,0.4059575626,0.5068071853,0.4250776103,0.2795061048,0.1976760124,0.5218013071,0.1947549513,0.7013581463,0.4015234912,0.2717863792,0.3425205495,0.291910208,0.6629606257,0.74353034
64,1,1,1,1,1,0.4735536052,0.6004769035,0.6636770093,0.4061302382,0.5067067114,0.4248866665,0.2795353806,0.197658367,0.5218167523,0.1948288771,0.7017447802,0.4014186721,0.2717468219,0.3424926164,0.2919571398,0.6630453285,0.7437445113
64.5,1,1,1,1,1,0.4735022961,0.6006396142,0.6638238716,0.4058516183,0.5067261428,0.4251214461,0.2795364136,0.1977443396,0.5219545294,0.1947746186,0.7019155632,0.4014383346,0.2717791486,0.3423988933,0.2922164615,0.6629961029,0.7440874749
65,1,1,1,1,1,0.4735796111,0.6005756089,0.6639397231,0.4058948674,0.5066846425,0.4250986961,0.2795170135,0.1979046715,0.5219083605,0.1947388721,0.7022069661,0.4013731685,0.271711526,0.3423756633,0.2920850747,0.6631397835,0.7444345589
65.5,1,1,1,1,1,0.4735536528,0.6004249187,0.6639907754,0.4060128553,0.506696217,0.4249428385,0.2793906401,0.1979519353,0.5220424149,0.1946028738,0.7023074539,0.4013971843,0.2717654939,0.3422217019,0.2920053494,0.6631626086,0.744777738
66,1,1,1,1,1,0.4733605808,0.6003098844,0.6639414678,0.406103875,0.5067626976,0.4248226154,0.2793927058,0.1979072565,0.5221563569,0.1945419288,0.7027062097,0.4013298618,0.2715869244,0.3422364211,0.291962921,0.6631966047,0.745090508
66.5,1,1,1,1,1,0.4732402915,0.6002779393,0.6639683318,0.406168949,0.5068330735,0.4248524412,0.2794162167,0.1978802613,0.5223495698,0.1945361584,0.7028448073,0.4013161105,0.271372717,0.3422924002,0.2920613966,0.6633537414,0.7453319049
67,1,1,1,1,1,0.4733727984,0.6002370382,0.6639509708,0.4060886294,0.5066253864,0.4249182398,0.2793501333,0.1978505535,0.5224707828,0.1945799401,0.703110492,0.4013543993,0.2716441275,0.3422853325,0.292094384,0.6632393176,0.745618059
67.5,1,1,1,1,1,0.4732989765,0.6002462527,0.6639698251,0.4060724881,0.5065718841,0.4249308762,0.2792248218,0.1978471046,0.5225110501,0.1947026909,0.7032622542,0.4013633629,0.271609905,0.3424602445,0.2920315388,0.6633744402,0.7459522881
68,1,1,1,1,1,0.4738569373,0.6000763306,0.6639835699,0.4060898878,0.5064866354,0.4246885989,0.2791712819,0.1978934209,0.5226454214,0.1948186726,0.7034015489,0.4012712926,0.271742904,0.3422568543,0.2919839329,0.6635595268,0.7463006729
68.5,1,1,1,1,1,0.4738430062,0.6002773958,0.6637804531,0.4059773379,0.5064957432,0.4246388002,0.2791809587,0.1976676989,0.5227911921,0.1947588681,0.7035855713,0.4014530427,0.2715750186,0.342222937,0.2920843911,0.6634597168,0.7464733048
69,1,1,1,1,1,0.4739730397,0.6002280991,0.663817694,0.4058760809,0.5064324749,0.4248188078,0.2791904134,0.1977441699,0.5229746014,0.1948039428,0.7037410963,0.4016178735,0.2714777243,0.3421336204,0.2920635658,0.6634879756,0.7467023764
69.5,1,1,1,1,1,0.4741633261,0.6001164062,0.6637744029,0.4056015638,0.5064378673,0.4247480912,0.2792859385,0.1976996144,0.523115068,0.1947063044,0.7039227821,0.4015031053,0.2715621757,0.3422561588,0.2920098721,0.6634887676,0.7468016537
70,1,1,1,1,1,0.4740061938,0.6000704042,0.6638684356,0.4054414468,0.5065006105,0.4248159689,0.2793269076,0.1977914505,0.5233031317,0.1947189564,0.7039745494,0.4014720136,0.2715068291,0.3423156481,0.2918561442,0.6636172096,0.7469870822
70.5,1,1,1,1,1,0.4739724368,0.6001781181,0.6638069439,0.405569889,0.5066617672,0.4248888965,0.2792398124,0.197822148,0.5231623724,0.194622779,0.7042697885,0.4014926652,0.2716742275,0.3422879019,0.2915960971,0.6637545171,0.7470923237
71,1,1,1,1,1,0.4740196671,0.6002543108,0.6637285037,0.4054819294,0.5069651421,0.4247153019,0.2793895306,0.1978994199,0.5231048264,0.1947688263,0.7045632094,0.4016457981,0.2717929047,0.3423141897,0.2918445977,0.6635059255,0.7472172538
71.5,1,1,1,1,1,0.4742042747,0.600499475,0.6638018711,0.405393246,0.5069096057,0.424797322,0.2794572715,0.1978516351,0.5231287835,0.1947965264,0.7045736146,0.4016136617,0.2717867043,0.3422166108,0.2919518572,0.6633917241,0.7474009986
72,1,1,1,1,1,0.4739808552,0.6004874473,0.6641368534,0.4054655048,0.5068697951,0.424755868,0.2796017961,0.1978415628,0.5231626007,0.1949491344,0.7048114905,0.4017103248,0.2718274787,0.3422247911,0.2918313504,0.6634574063,0.7477359561
72.5,1,1,1,1,1,0.4738305531,0.6002887697,0.6639519147,0.4056674753,0.5068339328,0.4246389351,0.2796423988,0.1978732434,0.5232117435,0.1948306868,0.7049181926,0.4016910757,0.2718660965,0.3423060915,0.2919458991,0.6635206465,0.7478978056
73,1,1,1,1,1,0.4736335043,0.6003150356,0.6638519089,0.4056465247,0.5068047676,0.4245533499,0.2795441923,0.1978673331,0.5231902104,0.1949330675,0.7052190483,0.4016101919,0.2718427492,0.3423454872,0.2919327119,0.6636695139,0.7481410941
73.5,1,1,1,1,1,0.4736748923,0.6003623647,0.6637903242,0.4054938197,0.5067120294,0.4249380387,0.2793442655,0.1978780714,0.5230037496,0.1949432628,0.7055640493,0.4015941009,0.2718324245,0.3424493119,0.291865126,0.6636668722,0.7482735742
74,1,1,1,1,1,0.4737673512,0.6002823095,0.6637393144,0.4055825692,0.5067202379,0.4246074719,0.2792116204,0.1979819336,0.5229488087,0.1950022194,0.7059277916,0.4016261086,0.2717097495,0.3426303464,0.2919183527,0.6636395128,0.7483224155
74.5,1,1,1,1,1,0.4736555711,0.6004527025,0.663896615,0.4055503952,0.5066378235,0.4247778042,0.279225097,0.1978811754,0.5230514173,0.194972505,0.7062470959,0.4016591823,0.2719107148,0.3426023358,0.2919576811,0.6636837517,0.7485040081
75,1,1,1,1,1,0.4736308322,0.6002144711,0.6640641542,0.4055704508,0.5068708851,0.4250810757,0.2791478194,0.1978441828,0.5229926176,0.1949715697,0.7063648273,0.401619312,0.2714672692,0.3425715937,0.2919547919,0.6635662553,0.748693682
75.5,1,1,1,1,1,0.4739014841,0.6002256329,0.6640901704,0.40578605,0.5067478593,0.4254126416,0.2791859988,0.1977417999,0.5229223051,0.1949478485,0.706498758,0.4014962729,0.2714207177,0.3424534911,0.292133699,0.6637679303,0.7487533274
76,1,1,1,1,1,0.4738675488,0.6003694692,0.6641114802,0.4058408975,0.5067470741,0.4256112817,0.279271641,0.1976420521,0.5226650835,0.1948770493,0.7067918944,0.4013954245,0.2714151609,0.3425474565,0.2920290004,0.6638563099,0.7488531764
76.5,1,1,1,1,1,0.4740608931,0.6003677758,0.664184496,0.4056920807,0.5068999931,0.4257596265,0.279240655,0.1977772681,0.5227628746,0.1947574822,0.7070421968,0.4013672561,0.2714505262,0.3425033961,0.2918496972,0.6638410713,0.7490292169
77,1,1,1,1,1,0.4738474287,0.6001073749,0.6638285961,0.405651118,0.5069364377,0.4255123472,0.2794080164,0.1977665673,0.5228093129,0.194796646,0.7070985719,0.4016778067,0.2715211216,0.3424624933,0.291918218,0.6639439329,0.7491212531
77.5,1,1,1,1,1,0.4739183767,0.6004397156,0.6636525587,0.4055333218,0.5067637322,0.4252707177,0.2794562113,0.1978508811,0.5228544696,0.1947043969,0.7073754597,0.4017339671,0.271600147,0.3422403739,0.2917564683,0.6637821214,0.7494506571
78,1,1,1,1,1,0.4739108267,0.6003184495,0.6636399678,0.405585347,0.506717571,0.4252875617,0.2795496367,0.1979274399,0.5228475859,0.1945590708,0.7074610765,0.4014691214,0.271666758,0.3422771474,0.2918255234,0.6639420913,0.7497428058
78.5,1,1,1,1,1,0.4738675744,0.6002216994,0.6637097917,0.4055395411,0.5064100632,0.425247177,0.2797492524,0.1979599738,0.5229014133,0.1945930763,0.7076725443,0.4014546407,0.2715563617,0.3423669089,0.2917116674,0.6638649995,0.7498166291
79,1,1,1,1,1,0.4737684694,0.6001603716,0.6639394839,0.4056050789,0.5065657036,0.425183885,0.2797741676,0.1979966954,0.5229488416,0.1944862497,0.7077722633,0.4016991115,0.2716622806,0.3423257036,0.2918005197,0.6638030456,0.7498634468
79.5,1,1,1,1,1,0.4738246383,0.6000947683,0.6639361773,0.4056021237,0.5066214775,0.425221596,0.279867945,0.1979888932,0.5228559779,0.1945055337,0.7079279163,0.4016606165,0.2718144209,0.3424511727,0.2920500177,0.6638489374,0.7500281552
80,1,1,1,1,1,0.4736508431,0.6002761064,0.6639248617,0.405653849,0.5065801815,0.4249879237,0.2799115606,0.1979804863,0.5229854289,0.1945194308,0.7081002128,0.4017721497,0.2718290112,0.3424480043,0.2921828692,0.6637524259,0.7502377225
80.5,1,1,1,1,1,0.4736683337,0.6003077679,0.6638617151,0.4057734989,0.5067744261,0.4250570615,0.2800122046,0.1980338518,0.5229186874,0.1946622963,0.7082516914,0.4017871332,0.2718060463,0.3424115893,0.2921717429,0.6636560145,0.7505614118
81,1,1,1,1,1,0.4736569863,0.6001435389,0.6637521334,0.4055129489,0.5066056527,0.4249681688,0.2797951937,0.198151719,0.5232042399,0.1946606088,0.708458184,0.4016549898,0.2717582131,0.3424081541,0.2921307276,0.663820962,0.7506803394
81.5,1,1,1,1,1,0.4737417184,0.600115982,0.6637936918,0.4054283246,0.5067840732,0.4251470769,0.2800063677,0.1980464502,0.5230727998,0.1947789215,0.7087036925,0.4016631562,0.2718635163,0.3422849595,0.292075847,0.6638420098,0.7507889029
82,1,1,1,1,1,0.4737187207,0.6001348584,0.6636160724,0.4053399254,0.5068270011,0.4250468871,0.2800412631,0.1980525343,0.522931975,0.1948167426,0.7090288445,0.4016380535,0.2718257062,0.3423274707,0.2919358914,0.6639134848,0.7508415353
82.5,1,1,1,1,1,0.4736264725,0.6001597894,0.6636049304,0.4054120592,0.506942824,0.4249244295,0.2799170656,0.1979513886,0.5230767111,0.194912133,0.7090867761,0.4014600439,0.2718595915,0.3424607386,0.2919138956,0.664094959,0.7509772569
83,1,1,1,1,1,0.4737980342,0.6003421283,0.6638077864,0.4055984499,0.5069315878,0.4250552846,0.2798678433,0.1979208352,0.5230750231,0.1947895936,0.7092258874,0.4016312078,0.2719454032,0.3423933536,0.291759157,0.6641692727,0.7511474988
83.5,1,1,1,1,1,0.4736223981,0.6001726085,0.663945736,0.4055910827,0.5068223368,0.4249688318,0.2797714789,0.1979755331,0.5232103216,0.1947012692,0.7094405905,0.4015029459,0.2718222525,0.3425059959,0.2918151493,0.664020428,0.7513194685
84,1,1,1,1,1,0.4735036739,0.6003848875,0.663864745,0.4054407054,0.5066692053,0.4249606064,0.2798842962,0.1978448019,0.5230400517,0.1947732502,0.7096084937,0.4015778363,0.2719533401,0.3424737508,0.2918465065,0.6638514668,0.7513417931
84.5,1,1,1,1,1,0.4735764648,0.6001759771,0.6636887869,0.4056526886,0.5067142002,0.424867827,0.2798374449,0.1977669889,0.5230464338,0.1945596869,0.7097331128,0.4015555864,0.2719315825,0.3425487273,0.2917797689,0.6638776194,0.7514613387
85,1,1,1,1,1,0.4736479419,0.6004390443,0.6637616311,0.4057981913,0.5066575063,0.4249169629,0.2798517024,0.1978612667,0.52303726,0.1946234384,0.7097569801,0.4016186234,0.2720775192,0.3426002266,0.2922158428,0.6638401225,0.751654899
85.5,1,1,1,1,1,0.4735385811,0.6004150749,0.6638261388,0.4057760242,0.5065009832,0.4252182971,0.2798942721,0.1980253776,0.5228854379,0.1945264467,0.7099624059,0.4015507232,0.272066267,0.3425820933,0.2923372611,0.6638243031,0.7516923881
86,1,1,1,1,1,0.473656074,0.6003070527,0.6638841029,0.4059343291,0.5064209097,0.425114696,0.2799182779,0.1980329844,0.5229083629,0.194630263,0.7101546692,0.4015049649,0.271905654,0.3426194317,0.2922271226,0.6640463791,0.751893368
86.5,1,1,1,1,1,0.4735699399,0.6002182167,0.6639542864,0.4059872298,0.5065034625,0.4248994451,0.2799172743,0.1979865408,0.5228768406,0.194728701,0.710309858,0.401481125,0.2719404637,0.3425920097,0.2921411275,0.6642051793,0.7520450686
87,1,1,1,1,1,0.4736840333,0.6001620899,0.6639610408,0.4059214849,0.5062962743,0.4250156924,0.2798741296,0.1979215262,0.5229354391,0.1947834234,0.7102683388,0.4014230421,0.2718457799,0.342272171,0.2922848999,0.6641910048,0.752210343
87.5,1,1,1,1,1,0.4735705164,0.6000935562,0.6638813407,0.4058497392,0.5065069742,0.4249491925,0.279909931,0.1978001387,0.5228167853,0.194739892,0.7104110257,0.40120851,0.2719202399,0.3422190239,0.2922357007,0.6641385874,0.7524007143
88,1,1,1,1,1,0.4735572189,0.6001026223,0.663844225,0.4058686705,0.5067648506,0.4247845208,0.279809218,0.1977192307,0.5226684718,0.1946209613,0.7103145137,0.4013177296,0.2718661133,0.3421639506,0.292136794,0.6642810617,0.752669676
88.5,1,1,1,1,1,0.473760726,0.6003980979,0.6638560955,0.4058135067,0.506874545,0.424796027,0.2798891069,0.1977603192,0.5228641493,0.1946128332,0.7104722896,0.4013301962,0.2719103712,0.3420911651,0.2918635555,0.6642592042,0.7528468435
89,1,1,1,1,1,0.4739723635,0.6004969216,0.6638739538,0.4057668046,0.5065813224,0.4249598871,0.2798902643,0.19766865,0.5228421442,0.1947162503,0.7106916255,0.4015179654,0.27177292,0.342137821,0.2919128367,0.6643248147,0.7528710459
89.5,1,1,1,1,1,0.4738307131,0.6004583526,0.6640124682,0.4058930862,0.5066320294,0.4250211475,0.2798560402,0.1977134279,0.522890761,0.194640503,0.7108271534,0.4015932032,0.2717944052,0.3421326994,0.2921441641,0.6643894997,0.7528747623
90,1,1,1,1,1,0.4737493169,0.6003775187,0.6640625968,0.4059409326,0.5066464865,0.4249798501,0.2798310054,0.1977977096,0.5229590277,0.1947850673,0.7109959347,0.4016380253,0.2719472113,0.3422092816,0.2921880216,0.664440562,0.7528258594
90.5,1,1,1,1,1,0.4736781967,0.6003522155,0.6639772231,0.4058628926,0.5067826636,0.4249488654,0.2797161374,0.1979037827,0.5230156911,0.1948359236,0.7109376899,0.4017484053,0.2721557261,0.342380052,0.2921127872,0.6643080182,0.7529068246
91,1,1,1,1,1,0.473867431,0.6003483551,0.6639495477,0.4057657541,0.506870616,0.4250464981,0.2799939371,0.1978364731,0.5230318597,0.1948148289,0.7109403279,0.4016351497,0.2721647184,0.3423450394,0.2921676472,0.6643074185,0.7529985212
91.5,1,1,1,1,1,0.4736555885,0.60042495,0.6639806217,0.4058036341,0.5066132335,0.4252279388,0.2800906137,0.1978021426,0.5230414706,0.1949249378,0.7111352142,0.4015229323,0.2721305777,0.3423260869,0.2923005095,0.6642899165,0.7530867838
92,1,1,1,1,1,0.4736396914,0.6003618389,0.6640728035,0.4056956967,0.506636798,0.4251512056,0.2798467095,0.1979360147,0.5230759039,0.1948494842,0.7111615733,0.4014936987,0.2718931713,0.34248691,0.2922516746,0.6643625898,0.7531601761
92.5,1,1,1,1,1,0.473817234,0.60041957,0.663868543,0.4056583963,0.5066102927,0.4250999803,0.2798177899,0.1981097597,0.5233045666,0.1949111191,0.7112885205,0.4015080744,0.2718640851,0.3425648027,0.2921247634,0.664385851,0.7532711153
93,1,1,1,1,1,0.4738013698,0.6002362776,0.6638312751,0.4058411221,0.5066259986,0.4249556526,0.2798042182,0.1981009317,0.5232852823,0.1949843932,0.7112425457,0.4015245538,0.2718627458,0.3425679929,0.2919759783,0.6644182415,0.7534689858
93.5,1,1,1,1,1,0.474061071,0.6002009311,0.6636004466,0.4057040177,0.5064758775,0.4246679171,0.2796174265,0.1981994801,0.5233540618,0.1949365614,0.7113558318,0.4015666381,0.2718375265,0.342410432,0.2919606722,0.6643288813,0.7535622911
94,1,1,1,1,1,0.4740069041,0.6002046707,0.663418143,0.4056853973,0.5066788244,0.4245014598,0.2797973917,0.1981022919,0.5233140337,0.1950268868,0.7113372938,0.4018006199,0.271632453,0.3425307872,0.2918452008,0.6641660531,0.7537129709
94.5,1,1,1,1,1,0.4738253037,0.6001808766,0.6636364696,0.4057244451,0.5068658122,0.4247092905,0.2797821442,0.197989543,0.5233166492,0.1951289692,0.7113630711,0.4016165061,0.2715566494,0.3424637726,0.291676896,0.6641255232,0.7537187076
95,1,1,1,1,1,0.4738267884,0.6001684963,0.6637485897,0.4059068787,0.5068095523,0.4249782812,0.2795930785,0.1980574947,0.5231653275,0.1951429127,0.7112554496,0.4017347327,0.2715556138,0.3424228503,0.2918201998,0.6640492936,0.7538490226
95.5,1,1,1,1,1,0.4738164073,0.6000163779,0.6639032416,0.4059558412,0.5067408497,0.4250711791,0.2796909196,0.1978646049,0.5233004463,0.1952069637,0.7112394724,0.4016878155,0.2716807919,0.3423863055,0.2918190294,0.6641537834,0.7539269046
96,1,1,1,1,1,0.4738337896,0.6002784419,0.6639606147,0.4060087907,0.5067127225,0.4253977537,0.2796277592,0.19784838,0.5233947228,0.1951453862,0.7114239691,0.4016387726,0.2715898423,0.3424461308,0.291900788,0.6640268525,0.7540717433
96.5,1,1,1,1,1,0.4737613286,0.6001538478,0.663969613,0.4059459688,0.5067638525,0.425279147,0.2795784944,0.1979736453,0.5233385559,0.1950265757,0.7114115582,0.4016382701,0.2717894596,0.3425334194,0.2918945885,0.6640782719,0.7540272944
97,1,1,1,1,1,0.4736933484,0.5998681813,0.6638868151,0.4059925136,0.5067820079,0.4253263246,0.2797214575,0.1978590237,0.5232982307,0.1950878122,0.7114881782,0.4015711889,0.2716516165,0.3425821327,0.2919965158,0.6640957859,0.7541462749
97.5,1,1,1,1,1,0.4737058903,0.5997368937,0.6637814386,0.4060278589,0.506732984,0.4253245211,0.2796387337,0.1976534798,0.5232682133,0.195111412,0.7113886583,0.4014410556,0.2717405029,0.3425442527,0.2921844412,0.6642198594,0.7543748233
98,1,1,1,1,1,0.4740117123,0.5998773605,0.6638680159,0.4060825873,0.5068017309,0.4253785782,0.2795406299,0.1977758756,0.523184135,0.1951533638,0.7115625907,0.4016124739,0.2718030636,0.3427010513,0.2924185044,0.6643916403,0.7543770543
98.5,1,1,1,1,1,0.4739133931,0.5998742249,0.6637564099,0.4060761213,0.5067296517,0.4253952,0.27965133,0.1977333741,0.523072192,0.195082159,0.7116459791,0.4015290435,0.271775899,0.3427765349,0.2923163525,0.6642460573,0.7544430085
99,1,1,1,1,1,0.4739989927,0.599858062,0.6638238069,0.4058182022,0.5068078822,0.4254698561,0.2796831861,0.1977138422,0.5230643395,0.1951126639,0.7118489768,0.4015103972,0.2717085469,0.3426434429,0.2924368276,0.6642075911,0.754568247
99.5,1,1,1,1,1,0.4740434809,0.6001726881,0.6638701342,0.4056193627,0.5065794768,0.4252942743,0.2797793974,0.1975235208,0.5232039301,0.1950607216,0.7118518002,0.401473395,0.2716085184,0.3424806288,0.2925044109,0.6645027526,0.7546604566
100,1,1,1,1,1,0.4740584501,0.6001335046,0.6636972404,0.405831593,0.5067745932,0.4253923096,0.2798769835,0.1976976409,0.5231607211,0.1949572196,0.7119834689,0.4015386987,0.2716185,0.3422744154,0.2923348755,0.664440654,0.7546659968
100.5,1,1,1,1,1,0.4738590533,0.6002942033,0.6638309133,0.4059826158,0.5066493239,0.425270956,0.2796503335,0.197795852,0.5230653607,0.1948294171,0.7119386208,0.4013828406,0.2715612502,0.3421011133,0.2922262966,0.6646354904,0.7548429716
101,1,1,1,1,1,0.473653442,0.6003820219,0.6637416358,0.4060013306,0.5065385208,0.4252428363,0.279694534,0.1978682331,0.5230161651,0.1946532232,0.7120724443,0.4013744956,0.2714814671,0.3420788394,0.2921872116,0.664547624,0.7549151278
101.5,1,1,1,1,1,0.473537021,0.6002694695,0.6636457321,0.4060938179,0.5065254186,0.4252683033,0.2797145693,0.1979501083,0.5230069051,0.1947163864,0.7120951867,0.4012432482,0.2713496414,0.3420694741,0.2919633581,0.6645411884,0.7549253792
102,1,1,1,1,1,0.4735389685,0.6002805127,0.6638236201,0.4060048346,0.5065226363,0.4252111217,0.2795522467,0.1979452613,0.523139793,0.1947889646,0.7122346171,0.4013501738,0.2713670958,0.3422296912,0.2921101879,0.6644750538,0.7549393764
102.5,1,1,1,1,1,0.4735302735,0.6002684498,0.6637369351,0.4060791161,0.5066056179,0.4251592761,0.2796444552,0.197879811,0.5231221444,0.1948257326,0.7122897855,0.4012450189,0.2712850595,0.3421047903,0.2921264335,0.6646636132,0.7549342631
103,1,1,1,1,1,0.4735860974,0.6002338832,0.6638658373,0.4059678193,0.5065583327,0.4251999746,0.2798540865,0.1980475057,0.5232181298,0.1949682113,0.7123985528,0.4010434149,0.2712730855,0.3419205797,0.2921207424,0.6647896884,0.7550172346
103.5,1,1,1,1,1,0.4735736489,0.600203472,0.6637607016,0.4059452288,0.5065895719,0.4253435385,0.2798773128,0.197995795,0.5233072905,0.194902559,0.7124501146,0.4010906231,0.271510533,0.3418735422,0.2920883517,0.6646837407,0.7550851335
104,1,1,1,1,1,0.4736674177,0.6002300418,0.6638799296,0.4057969685,0.5065080842,0.4254424722,0.2797525724,0.1979292858,0.5232846906,0.1947618217,0.7124935695,0.4011072958,0.2716407874,0.3418868029,0.2921789786,0.6646680024,0.7552925897
104.5,1,1,1,1,1,0.4740024208,0.600305046,0.6637981544,0.405941988,0.506594358,0.4253561999,0.279816316,0.1978931534,0.5233629862,0.1946226355,0.7126296146,0.4009026381,0.2716107814,0.3418559537,0.2923771587,0.6647471099,0.7553376058
105,1,1,1,1,1,0.4737805724,0.6003453959,0.6635683012,0.4059002897,0.5067520812,0.425518521,0.2797947444,0.1978532184,0.5233957231,0.194536877,0.7126649865,0.40092113,0.271772906,0.3417800894,0.2924245026,0.6647438789,0.7554437076
105.5,1,1,1,1,1,0.4737415324,0.600322556,0.6638490676,0.4056826578,0.5070744925,0.4254360474,0.2797918279,0.1977758632,0.5236144511,0.1947366111,0.7126690103,0.4011154272,0.2718937165,0.3418506039,0.2922952384,0.6645986387,0.7555476338
106,1,1,1,1,1,0.4738416532,0.6001941471,0.663626012,0.4055775776,0.5069059885,0.425603286,0.2798327827,0.1976442028,0.5235983511,0.1947459403,0.7125939673,0.4012447818,0.271788606,0.3417812194,0.2921364252,0.6646462688,0.7556025106
106.5,1,1,1,1,1,0.4739405142,0.6002241749,0.6638305599,0.4058106766,0.5070285405,0.4252937156,0.2797841129,0.1976974545,0.5236609338,0.1946822339,0.7125654643,0.401426972,0.2718199242,0.3420823106,0.2919546476,0.6646942887,0.755691538
107,1,1,1,1,1,0.4737691843,0.6001308708,0.663638503,0.4058105964,0.5069629329,0.4251941732,0.2797941691,0.1977414246,0.5237629232,0.1946706893,0.7126161182,0.401258047,0.2718750604,0.3421366516,0.2920336056,0.6645581886,0.755783137
107.5,1,1,1,1,1,0.4736487727,0.6002361473,0.664020554,0.4059009118,0.5069846234,0.4250821462,0.2794344219,0.1976984732,0.5237904548,0.1948138594,0.7126409907,0.4015236976,0.2718726221,0.3422267754,0.2919427616,0.6643668334,0.7557052735
108,1,1,1,1,1,0.4737892132,0.6000301083,0.6640900517,0.4059325625,0.5066221205,0.4248120868,0.2796219409,0.1978237221,0.5236728587,0.1948730164,0.7128415041,0.4014307807,0.2718683132,0.342229979,0.2918658729,0.6644623711,0.75590444
108.5,1,1,1,1,1,0.4739739485,0.5999884285,0.6639770775,0.4058389274,0.5064710975,0.4248678237,0.2794947541,0.1980134811,0.523631471,0.1949167246,0.7130107533,0.4015311042,0.2719779234,0.3422974214,0.291902389,0.6644730906,0.7559639431
109,1,1,1,1,1,0.4739765768,0.5999805502,0.6638179009,0.405760425,0.5067681675,0.4247879808,0.2794995792,0.1978622465,0.523711273,0.1950837201,0.7129510057,0.401747578,0.271883155,0.3422509469,0.2917251949,0.6646287314,0.7559557059
109.5,1,1,1,1,1,0.4738075927,0.6000513502,0.6637670063,0.4058508193,0.5067084359,0.4248012786,0.2794703823,0.1977917441,0.5237823321,0.1949566541,0.7130713879,0.4016630408,0.271849376,0.342278903,0.2918187419,0.6647515293,0.7558902197
110,1,1,1,1,1,0.4736032864,0.6000177532,0.6637766174,0.4059905426,0.5066210636,0.4249257397,0.2792614852,0.1979065588,0.5237407898,0.1949680739,0.7131838881,0.4017280998,0.2717160873,0.3423061433,0.2918064646,0.6647959648,0.7557753242
110.5,1,1,1,1,1,0.4737061209,0.5999888063,0.6636858045,0.4061679602,0.5066405005,0.4248766655,0.2796178005,0.1979121656,0.5236536615,0.194959636,0.7132231612,0.4017084961,0.2717342323,0.3424441237,0.2918652707,0.6648378286,0.7557166061
111,1,1,1,1,1,0.4739639147,0.599831724,0.6637326036,0.4062736925,0.5065152772,0.4247410948,0.279551924,0.1978891158,0.5235151903,0.1947686838,0.7133114205,0.4016252499,0.271772155,0.3423810468,0.2916766065,0.664801845,0.7556621017
111.5,1,1,1,1,1,0.4740186241,0.5998460426,0.6637566541,0.4064095179,0.5066428294,0.424770698,0.279617198,0.1978289021,0.5238551412,0.1946163109,0.7133268993,0.4015457013,0.2715780733,0.3422501801,0.29184829,0.6648873773,0.7558324147
112,1,1,1,1,1,0.4740900008,0.6000215168,0.6636874857,0.4064522227,0.5069581703,0.4249024886,0.2795282112,0.1978564147,0.523794894,0.1946600908,0.7135832581,0.4014765417,0.2716095743,0.3422939459,0.2917491867,0.6648991474,0.7559657619
112.5,1,1,1,1,1,0.4736911164,0.6001395694,0.6636088694,0.4059604949,0.5069776901,0.4248050981,0.2793137184,0.1976909771,0.5237117136,0.1946720458,0.7137054568,0.4015528759,0.2717244427,0.3424077827,0.291811104,0.6646742276,0.7559132274
113,1,1,1,1,1,0.4737103798,0.6002670722,0.6636164304,0.4059439804,0.5070412272,0.4248370408,0.2794521858,0.1974586438,0.5235157962,0.1948069719,0.713773954,0.4015207399,0.2716588755,0.3424181804,0.2917195899,0.6646656502,0.7558556893
113.5,1,1,1,1,1,0.4737576651,0.6001606464,0.6636236105,0.4061503346,0.5070219121,0.4249685431,0.2792936738,0.1976149953,0.5235445821,0.1947381574,0.7138958051,0.4015329461,0.2716291175,0.3423858025,0.2918445915,0.6648382864,0.7558620845
114,1,1,1,1,1,0.473764433,0.6001514336,0.6636680081,0.4062023772,0.5067986908,0.4251192387,0.2793618767,0.1976132754,0.5235895826,0.1947477993,0.7139427554,0.4015613002,0.2716712578,0.3424170642,0.2917900966,0.6647287619,0.7560654138
114.5,1,1,1,1,1,0.4736903325,0.6002854553,0.6635913626,0.4058665628,0.506794223,0.4249326453,0.2793032371,0.1975086681,0.5235632034,0.1949009895,0.7140158494,0.4013864547,0.2715551154,0.3426086892,0.291660953,0.6647048943,0.756267371
115,1,1,1,1,1,0.4735636854,0.6004013153,0.6636264457,0.40571678,0.5067790665,0.4252517619,0.2792709862,0.1975692329,0.5234798075,0.1948049969,0.7139583506,0.4015567097,0.2715183448,0.3425992714,0.291650564,0.6646398719,0.7563309438
115.5,1,1,1,1,1,0.4734574327,0.6004168859,0.6637666528,0.4054339229,0.5065442004,0.425274656,0.2791499325,0.1975338659,0.5233909679,0.194632062,0.7140784994,0.4015080329,0.2716646742,0.3425097137,0.2916614059,0.6645792092,0.756196298
116,1,1,1,1,1,0.4735653032,0.6004673537,0.6637966272,0.4057165762,0.5065881782,0.4250884513,0.2792887268,0.1974007295,0.5233389597,0.1945905125,0.7140738955,0.401497985,0.2715861027,0.3424905369,0.2915350671,0.6646549836,0.7561704166
116.5,1,1,1,1,1,0.4733719713,0.600181482,0.6638796879,0.4057557844,0.506519584,0.4249423849,0.2793058759,0.1975102302,0.5233799273,0.1946203756,0.7141166857,0.4015148619,0.2715811616,0.3424009998,0.2915205802,0.664674504,0.7562348055
117,1,1,1,1,1,0.4735019649,0.6000859998,0.663736197,0.4058984705,0.5064335808,0.4249238602,0.2792060684,0.1975851386,0.523534519,0.1945723445,0.7141253987,0.401464629,0.271643571,0.3424466378,0.291669141,0.664754793,0.75616078
117.5,1,1,1,1,1,0.4735126185,0.6002335606,0.6636802477,0.4055739865,0.5062686935,0.4248087678,0.2792824581,0.1976727287,0.5234429741,0.1944818279,0.7140968104,0.4014906659,0.2715050635,0.3422647411,0.2916331959,0.6647073295,0.7561648097
118,1,1,1,1,1,0.4735289904,0.6003953168,0.6634673238,0.4058244028,0.5063390057,0.4247710435,0.279472117,0.19768618,0.5234659671,0.1946096122,0.7141789979,0.4015035999,0.2716016837,0.342280713,0.2916414399,0.6647653282,0.7562448559
118.5,1,1,1,1,1,0.4734925661,0.6002746599,0.6634850401,0.4058319062,0.5063982499,0.424737684,0.2794620565,0.1975979281,0.5234722607,0.1946657406,0.7141707494,0.4014878092,0.2716263087,0.3423179365,0.2917810735,0.6648580712,0.7560216084
119,1,1,1,1,1,0.4738678898,0.6002939543,0.6636344431,0.4059516136,0.5063543112,0.4246992223,0.2795243768,0.1977236431,0.5236243397,0.1946969958,0.7141913813,0.4014167346,0.2716453537,0.3422888353,0.2917932643,0.6648477445,0.7561015278
119.5,1,1,1,1,1,0.4739697899,0.6001521452,0.6637902968,0.4060874036,0.5062460665,0.4247206884,0.2793641189,0.1977246389,0.5235332543,0.1946448144,0.7142559822,0.4012031161,0.2717511323,0.3422220073,0.2917780441,0.6649009253,0.7562063379
120,1,1,1,1,1,0.4739248712,0.6002803727,0.6637018912,0.4059592413,0.5064045355,0.424717299,0.2794271776,0.197750994,0.5233688468,0.1946480775,0.7143108172,0.4012791131,0.2718045215,0.3423014141,0.2917946394,0.664725789,0.7561616918
120.5,1,1,1,1,1,0.4737468684,0.6002937551,0.6634967064,0.4059034954,0.5063764567,0.4247662118,0.2793036324,0.1976464284,0.5233834902,0.1947062978,0.7143856519,0.4013255461,0.2720077976,0.3424928967,0.2917923364,0.6643241074,0.756249204
121,1,1,1,1,1,0.4738668052,0.6003426943,0.6633906197,0.4059768087,0.5065913344,0.4250842928,0.279269758,0.1977007185,0.5236006092,0.1948516664,0.7143812779,0.4014066201,0.2720082632,0.3426478587,0.2916201124,0.6644975081,0.7563710406
121.5,1,1,1,1,1,0.473777324,0.600172052,0.663551515,0.4059871882,0.5068069272,0.4250894825,0.2793722677,0.1976236959,0.5235453244,0.194813966,0.7144257971,0.4013966017,0.2717858651,0.3427246,0.2916157531,0.6645591152,0.756477096
122,1,1,1,1,1,0.4738990364,0.6001647376,0.6635901424,0.4056716004,0.5065472996,0.4250081403,0.2792759293,0.1975343777,0.5236310324,0.1948046885,0.7144170891,0.4014280914,0.2717601037,0.3427164,0.2916689071,0.6645366448,0.7564759121
122.5,1,1,1,1,1,0.473852114,0.6004447042,0.6635847375,0.4055917575,0.5065770265,0.424916171,0.27944388,0.1976196857,0.5235420667,0.1946641317,0.7144067952,0.4013955958,0.2716606365,0.3426059156,0.2916584367,0.6641758655,0.7565906138
123,1,1,1,1,1,0.47382697,0.6005225226,0.6634737052,0.4057085612,0.5065070675,0.4248575904,0.279508286,0.1976827147,0.5235006377,0.1947206679,0.714374778,0.4015558128,0.2716067583,0.3427545098,0.2918040623,0.6642980435,0.7567913068
123.5,1,1,1,1,1,0.4737521855,0.6004840646,0.6637456058,0.4055544258,0.5068894256,0.4248961547,0.2796432682,0.1977825014,0.5233710401,0.1946333407,0.7143819328,0.4016695068,0.2714610407,0.3426575377,0.2916850601,0.6644246068,0.7568523672
124,1,1,1,1,1,0.4736352013,0.6004459809,0.6636389574,0.4057130946,0.5069813824,0.4248448188,0.2794986166,0.197777854,0.5233062062,0.1947157736,0.7144080288,0.4013305422,0.2716542435,0.3424496432,0.2918960482,0.664391705,0.756940606
124.5,1,1,1,1,1,0.473566236,0.6001894673,0.6636828385,0.4059186253,0.5069838178,0.4246191957,0.2793427006,0.1977008633,0.5232433362,0.194751757,0.714632444,0.4015886014,0.2717874984,0.3425964875,0.2918169725,0.6646034739,0.7568007485
125,1,1,1,1,1,0.4733857148,0.6003029562,0.6636832696,0.4059301632,0.5070245657,0.4246054048,0.2795209339,0.1976583778,0.5231060477,0.1949459049,0.7147263596,0.4014434876,0.2716384527,0.3425393432,0.2918900238,0.664532614,0.7567098612
125.5,1,1,1,1,1,0.4733809067,0.600329822,0.6639583424,0.4058434593,0.5068735832,0.4247000756,0.2795145345,0.1977715407,0.5230151972,0.1948948233,0.7150476343,0.4012111112,0.2715144972,0.3424084654,0.2920243203,0.6645373689,0.7567831332
126,1,1,1,1,1,0.4734183967,0.6000801037,0.663924295,0.4058077559,0.5068191118,0.4248432095,0.2796684049,0.1977772211,0.5232281576,0.1948978591,0.7151176396,0.4011385591,0.2715102245,0.3424725825,0.2918631447,0.6645496241,0.756867786
126.5,1,1,1,1,1,0.4735411748,0.600292819,0.663833769,0.4058990513,0.5068219698,0.4250507689,0.2794000558,0.1978153393,0.5233988571,0.1948965565,0.7150417316,0.4013517258,0.2714775733,0.3427068772,0.2918643695,0.6646263546,0.7568917377
127,1,1,1,1,1,0.4734469331,0.6002131245,0.6638944729,0.4058593866,0.5067146224,0.4251165591,0.2793052686,0.1976409321,0.5235369775,0.1949157027,0.7149994049,0.4014118225,0.2713862339,0.3426605166,0.2917977288,0.6645737868,0.7569533253
127.5,1,1,1,1,1,0.4736202248,0.6001263403,0.6639109725,0.4058051637,0.5064860863,0.4250941449,0.2794337951,0.1976198048,0.5234825613,0.1948816767,0.7150273904,0.4013819552,0.2715069026,0.3423778116,0.2918222616,0.6644263891,0.756871394
128,1,1,1,1,1,0.4735437996,0.5999003037,0.6638958325,0.4056592963,0.506568219,0.4250826812,0.2794685923,0.1976160786,0.5235306708,0.1948972964,0.7150664065,0.4012447755,0.2715600166,0.3424246662,0.2916516152,0.6643807427,0.7568083582
128.5,1,1,1,1,1,0.4736817518,0.5998734684,0.6638470173,0.4056945139,0.5064480847,0.4251220731,0.2795303083,0.1977135062,0.523567127,0.1948466364,0.7151238451,0.4014388512,0.271364557,0.3424104307,0.2915598072,0.6645393813,0.7570259436
129,1,1,1,1,1,0.4736994167,0.5999461946,0.6639077844,0.4058020861,0.5067659123,0.4250189854,0.2796224664,0.1977844927,0.5235437297,0.1946095209,0.715271952,0.4012435243,0.2714320655,0.342202952,0.2915421353,0.6646734286,0.7571127866
129.5,1,1,1,1,1,0.4739135788,0.599939583,0.6639813054,0.4058403745,0.5068025486,0.4248278721,0.2797254352,0.19778866,0.5235199615,0.1947180127,0.7153627322,0.4013852926,0.2713892476,0.342187083,0.2916893403,0.6647850252,0.7570779553
130,1,1,1,1,1,0.4740140997,0.6001752414,0.6640379431,0.4059182965,0.5067527743,0.4251097967,0.2798003314,0.1976799437,0.5237301215,0.1946511109,0.7153415652,0.4015052105,0.2713230886,0.3423003013,0.2917155126,0.6648618258,0.7571772308
130.5,1,1,1,1,1,0.4740499044,0.6000727999,0.6641525195,0.4060225256,0.5066477263,0.4249122482,0.2796582975,0.1976674625,0.5237624418,0.1946742063,0.7153536299,0.401508631,0.2713643509,0.3423173711,0.2916628156,0.664689822,0.7572428272
131,1,1,1,1,1,0.4739378451,0.6000650222,0.6642286347,0.4059904483,0.5063236848,0.4249333707,0.2796739322,0.1976626376,0.5237355179,0.1947034853,0.7154288142,0.4016136889,0.2714713754,0.3423082696,0.291869459,0.6647163639,0.7571864783
131.5,1,1,1,1,1,0.4738684033,0.5999989848,0.6639541236,0.4059634502,0.5063355005,0.4251024716,0.2797390955,0.1978620593,0.5236569365,0.1945992164,0.7153165998,0.4015485743,0.271676695,0.3422154048,0.2920603013,0.6646052257,0.7573969225
132,1,1,1,1,1,0.4738509419,0.6000417222,0.6636506838,0.4056567573,0.5063415864,0.4251874465,0.2798688486,0.1977343474,0.5237072718,0.1946794201,0.7153918824,0.4016608828,0.2715848088,0.3422199255,0.2922145095,0.6646191963,0.7575092229
132.5,1,1,1,1,1,0.4739817074,0.5999098754,0.6637498635,0.4057385282,0.5064480118,0.4251179791,0.27992629,0.197691337,0.5236949565,0.1945086849,0.7153293284,0.401413489,0.2716914439,0.3423270882,0.2922281632,0.6647275092,0.7576745876
133,1,1,1,1,1,0.4738791782,0.6002175082,0.6635581571,0.4057385694,0.5065657114,0.4250816303,0.2798257776,0.1977181811,0.5238967183,0.1945803515,0.7154101013,0.4013523813,0.2717629345,0.3423971161,0.2923091697,0.6646752787,0.7576591488
133.5,1,1,1,1,1,0.4737338193,0.6001628975,0.6635088421,0.4058317056,0.5066196864,0.4250669109,0.2796946595,0.1978146031,0.5239363891,0.1946158469,0.7153946433,0.4013219219,0.2717051015,0.3422937167,0.2921491733,0.6647348759,0.7577678098
134,1,1,1,1,1,0.4737554333,0.6000377145,0.6635081838,0.405713841,0.5065645956,0.4251840156,0.2797060291,0.1977378425,0.5240183594,0.1947833333,0.7153523283,0.4012046134,0.2717032519,0.3422537177,0.2921192561,0.6648594081,0.7578460782
134.5,1,1,1,1,1,0.4737469912,0.6001453696,0.6636530756,0.4056770066,0.5064981727,0.4251272644,0.2798476468,0.1977155928,0.5241912223,0.1945908257,0.7153774748,0.4010372986,0.2716378253,0.3423550179,0.2921271779,0.6647980361,0.757934238
135,1,1,1,1,1,0.4737536736,0.6002736761,0.6636009183,0.4059251938,0.5066456232,0.4251287897,0.2797662763,0.1978279384,0.524344278,0.1946118377,0.7152912895,0.401062828,0.2716820473,0.3424063953,0.2921199516,0.6646666111,0.7579120176
135.5,1,1,1,1,1,0.4738214269,0.6002004134,0.6636614442,0.4057792687,0.5063006489,0.4249854573,0.2798200542,0.1977387702,0.5245132805,0.1944118757,0.715345824,0.40102296,0.2715866322,0.3422396718,0.2921440477,0.664668631,0.7580282876
136,1,1,1,1,1,0.4737674723,0.6002180894,0.6635918496,0.4057398054,0.5065592552,0.4250333065,0.2799151481,0.1976212401,0.5244158128,0.1944402037,0.71502304,0.4009623586,0.2713115228,0.3422737001,0.2921160275,0.6647218793,0.7580898962
136.5,1,1,1,1,1,0.4736700294,0.6000634745,0.6636770761,0.405742231,0.5064437348,0.4251738524,0.2797962369,0.1977459514,0.5245568063,0.1943880978,0.7149545905,0.4008664748,0.2714514638,0.3422962198,0.2921395914,0.6647316781,0.7582344094
137,1,1,1,1,1,0.4738009097,0.600131123,0.6634718672,0.4059543096,0.5066776216,0.4249722852,0.2798188288,0.1978059835,0.5246183236,0.1945320887,0.7150650189,0.4009547352,0.2716058096,0.3424153928,0.2920762821,0.6646216711,0.7581484566
137.5,1,1,1,1,1,0.4738069205,0.6001045795,0.6636666953,0.4059568688,0.5066470588,0.4250430639,0.2797021425,0.1977893258,0.5244431977,0.1946565462,0.7151733868,0.4010529897,0.2715769592,0.3424572553,0.2921331905,0.6644765648,0.7581880744
138,1,1,1,1,1,0.4737447558,0.6001592723,0.6637579619,0.4059115353,0.5066128798,0.4249915396,0.2796015194,0.1978296164,0.5245245735,0.1948711109,0.7151653824,0.4011368477,0.2717427478,0.3423316633,0.2921716121,0.664563959,0.7582669331
138.5,1,1,1,1,1,0.473260671,0.6000810715,0.663721502,0.4060329752,0.5068239053,0.4250564034,0.2795529629,0.197821175,0.5244947873,0.1948190638,0.7151073266,0.4009821314,0.2718308101,0.3424145707,0.2923306259,0.6643870606,0.7584080992
139,1,1,1,1,1,0.4733307387,0.600058907,0.6635307918,0.4059686811,0.5067170299,0.4249406943,0.2797481666,0.197886276,0.524687214,0.1948166636,0.7151276866,0.4012215766,0.2718073176,0.3423989425,0.2923457258,0.6642101666,0.7583237475
139.5,1,1,1,1,1,0.4733957028,0.6000488593,0.6635511583,0.4061356105,0.5064990552,0.4247986101,0.2797488833,0.1977429425,0.524444756,0.1946880424,0.7154295447,0.4014978122,0.2717068351,0.3423284185,0.2923450233,0.6642550574,0.7582908923
140,1,1,1,1,1,0.4733454122,0.6000180136,0.6637171541,0.4058954495,0.5063321595,0.4247618867,0.2797966618,0.1978599912,0.5243919229,0.1946566748,0.715737464,0.4014812908,0.2718632511,0.3424466364,0.2921328466,0.6641960659,0.7582234019
140.5,1,1,1,1,1,0.4736008366,0.6001645671,0.6636761354,0.4059408192,0.5064903713,0.4249480958,0.2796534925,0.1977866749,0.5242174112,0.1947283621,0.7156432844,0.4015625645,0.2717987194,0.3424481576,0.2920191585,0.6643544431,0.7584612599
141,1,1,1,1,1,0.4734023568,0.6002194592,0.6635531985,0.4061819859,0.5065767596,0.4250245075,0.2794842691,0.1978962144,0.5243283168,0.1947318925,0.7155783559,0.401549912,0.2717647198,0.3424326035,0.2920531281,0.664124269,0.7582461512
141.5,1,1,1,1,1,0.4733852934,0.6002819317,0.6635040298,0.406135811,0.5065219959,0.4250886551,0.2796606817,0.1977950385,0.5241813091,0.1946532504,0.7155246694,0.4015872077,0.2718128439,0.3423950918,0.292165985,0.6640760366,0.7582803157
142,1,1,1,1,1,0.4735776194,0.6004364408,0.6635210006,0.4061677877,0.5064973697,0.4249024811,0.2795579716,0.1977357718,0.5240452357,0.1946591722,0.7153963122,0.4015946939,0.271786136,0.3423292478,0.2920711931,0.6641102452,0.7584784385
142.5,1,1,1,1,1,0.4737706744,0.6004870403,0.6637014517,0.4060851943,0.5064643323,0.4249662839,0.279661581,0.1976327499,0.5241797199,0.1945273187,0.7155033461,0.4013790642,0.2717947312,0.3422875536,0.291832265,0.6642769827,0.7584795336
143,1,1,1,1,1,0.4737348771,0.6004240412,0.6636518896,0.4060502009,0.5063673107,0.4251245899,0.2798783433,0.1976277178,0.5239839103,0.1945566943,0.7152723483,0.401182769,0.2719092338,0.3422651278,0.291890057,0.6645851276,0.7586240115
143.5,1,1,1,1,1,0.4736754826,0.6004154212,0.6637569801,0.4059060172,0.5065146889,0.425185457,0.2796949952,0.197715551,0.5239601765,0.1946482939,0.7152422963,0.4013728646,0.2718840246,0.3423322905,0.2919456408,0.6642819474,0.7586955917
144,1,1,1,1,1,0.4737064585,0.6001425659,0.6638158983,0.4060203381,0.5066558423,0.4249432309,0.2798146169,0.1975771282,0.5240208552,0.1945713329,0.7153359987,0.401434222,0.2718022947,0.342323712,0.2919248395,0.6642233529,0.7588006631
144.5,1,1,1,1,1,0.473715352,0.6001094635,0.6635838577,0.4062323808,0.506575923,0.4249735579,0.2797419495,0.1977385802,0.5240836359,0.1946680337,0.7153329253,0.4014777498,0.2717975798,0.3422095428,0.2917688777,0.6643094464,0.7588748717
145,1,1,1,1,1,0.4737634937,0.6001726998,0.663658672,0.4060848267,0.5066361519,0.4247289027,0.2796746609,0.1978308992,0.5240519924,0.194671762,0.7153887569,0.4013529551,0.2717132245,0.3420945351,0.2920097377,0.6641986317,0.7587522161
145.5,1,1,1,1,1,0.4738446993,0.6001519257,0.663769181,0.4060006546,0.506893893,0.424948229,0.2796647448,0.1976030913,0.5239913189,0.1947033528,0.715612614,0.4014065847,0.2717875113,0.3422184162,0.2920409276,0.6642183876,0.7589173505
146,1,1,1,1,1,0.4739737956,0.5999539961,0.6636394735,0.4059883841,0.5067689722,0.4249530463,0.279814945,0.1975313649,0.524000048,0.1947022462,0.7156661434,0.4014713273,0.2717798706,0.3422769142,0.2919537442,0.6642046611,0.7588709152
146.5,1,1,1,1,1,0.4738910136,0.6000633343,0.6635892979,0.4060013647,0.5069061358,0.4250967483,0.2797484879,0.1975333941,0.5240025021,0.1946447514,0.7154059412,0.4015743784,0.2717177469,0.3421666091,0.2918115683,0.6639521022,0.7588321786
147,1,1,1,1,1,0.4736406118,0.5998777212,0.6637392094,0.4059805048,0.5068573827,0.4248697774,0.2796574318,0.1975424271,0.5239413579,0.1945888099,0.7153753396,0.4014939152,0.2716679137,0.3421662628,0.2917622437,0.6640824807,0.7587029093
147.5,1,1,1,1,1,0.4737978427,0.6001773855,0.6638702097,0.4060075149,0.5067923246,0.4250225962,0.2795808767,0.1974655573,0.5239022775,0.1946621944,0.7152910296,0.4014388437,0.2717341562,0.3422646538,0.291784288,0.6639291252,0.7586585648
148,1,1,1,1,1,0.4736179377,0.6000467117,0.663879199,0.4060440648,0.5068938234,0.4251657946,0.279472244,0.1975822353,0.5238911588,0.1946479176,0.7155302044,0.4014703538,0.2716048118,0.3422231441,0.2917977951,0.6639727402,0.7586039112
148.5,1,1,1,1,1,0.4737739721,0.6000792275,0.6637616615,0.4056451011,0.5067660668,0.4251370471,0.2793292787,0.1975097186,0.5240965898,0.1946298112,0.715643534,0.4014936956,0.2716749202,0.3423696495,0.2921448042,0.6639132048,0.7586376259
149,1,1,1,1,1,0.4738110592,0.6000949609,0.6636658687,0.4057167175,0.5067253038,0.4251373228,0.2793249832,0.1976073469,0.5243118509,0.1946011777,0.715737554,0.4011843081,0.2715369017,0.3425051254,0.292081924,0.6637939778,0.7586470854
149.5,1,1,1,1,1,0.4736530104,0.6000614443,0.6636293695,0.4055396133,0.5067960906,0.4251292414,0.2792599262,0.1975205714,0.5243088147,0.1946062727,0.7157616929,0.4012170564,0.2715372727,0.3423811638,0.2920666361,0.6638147765,0.7590153207
150,1,1,1,1,1,0.4737243764,0.6001433328,0.6636881988,0.4054644532,0.5069289022,0.4251612431,0.2794952517,0.1975480235,0.5243648408,0.1946026468,0.7158505794,0.4011733669,0.2714629292,0.3421372793,0.2921493092,0.6637121845,0.7590787557
150.5,1,1,1,1,1,0.4738889134,0.600179107,0.6636862077,0.4056058244,0.5068882128,0.4249652449,0.2792717618,0.1976763592,0.5243133574,0.1945890382,0.7160275275,0.4014058551,0.2715052024,0.3422437253,0.2919899616,0.6639415966,0.7591228006
151,1,1,1,1,1,0.473930498,0.6001066697,0.6636984514,0.4057806574,0.5068017935,0.4250227927,0.2793093378,0.1976963073,0.5241418474,0.194640518,0.7160032091,0.4014928137,0.2714298816,0.3425383432,0.2918333438,0.663857385,0.7591044703
151.5,1,1,1,1,1,0.4739853466,0.6002163767,0.663736975,0.4059749741,0.5068684839,0.4249030895,0.2793984127,0.1975618985,0.5241279042,0.1946557282,0.7159796139,0.4013768249,0.2714705638,0.3421915933,0.2919482689,0.6639448845,0.7590760319
152,1,1,1,1,1,0.4739969716,0.6003547243,0.6635886194,0.4059253043,0.5066818777,0.4249080098,0.2794517497,0.1976435735,0.5240783053,0.1945935456,0.7160377039,0.4012972343,0.271612733,0.3423181079,0.2919094357,0.663928629,0.7589069514
152.5,1,1,1,1,1,0.4739808255,0.6004412358,0.6637328206,0.4059952511,0.5067732241,0.4251416417,0.2795407643,0.1977602523,0.5241977377,0.1946622529,0.7161444232,0.4013575216,0.27152996,0.3422297447,0.292091006,0.6640452015,0.758766631
153,1,1,1,1,1,0.4740935928,0.600226799,0.6638579103,0.4059017294,0.5068351665,0.4252763866,0.2796175895,0.1976502188,0.5243941455,0.1946592281,0.7161934862,0.401477637,0.2716861146,0.3420317044,0.292075996,0.6639737667,0.7586828375
153.5,1,1,1,1,1,0.4742361739,0.600281235,0.6639296753,0.4058782126,0.5067662545,0.4252970557,0.2797148185,0.1977049892,0.524335693,0.1946866919,0.7163409383,0.4013392377,0.2715920878,0.3420754001,0.2919026061,0.663956893,0.758610442
154,1,1,1,1,1,0.4742281291,0.6003810295,0.6638966713,0.4056471164,0.5068638412,0.425353109,0.2795662916,0.1976647489,0.5243610025,0.1947097876,0.7163502883,0.4013266042,0.2716495159,0.3422117784,0.292086544,0.6640231555,0.7586217699
154.5,1,1,1,1,1,0.4740780493,0.6003107174,0.6637911445,0.4055632583,0.5067675032,0.4251209826,0.2795683251,0.1977410285,0.5243521382,0.1946482548,0.7163878916,0.4013154038,0.271713614,0.3422624552,0.2922366614,0.6637927035,0.7585302218
155,1,1,1,1,1,0.473821368,0.6001059746,0.6637768254,0.4058151811,0.506830317,0.4250399268,0.2796448484,0.1979452881,0.5243191208,0.1944879579,0.7163754409,0.4012890282,0.2716128316,0.3422276789,0.2922688267,0.6639563164,0.7585368596
155.5,1,1,1,1,1,0.4738177175,0.6000745995,0.6637421933,0.4058954527,0.5067217708,0.4250727728,0.2796341699,0.1979654967,0.5244620914,0.1943702374,0.716292884,0.4011320899,0.2715233007,0.3424601481,0.2923263532,0.6637780211,0.7584440139
156,1,1,1,1,1,0.4737115714,0.6001324281,0.6639422364,0.4058545298,0.506752432,0.4250957548,0.2795134182,0.1979263357,0.5244350154,0.1944185855,0.7161792983,0.4011221309,0.2715915402,0.3422321219,0.2922235894,0.6635435038,0.7583223158
156.5,1,1,1,1,1,0.4739244682,0.6002530859,0.663891909,0.4057144254,0.5067059321,0.4251158779,0.2794223057,0.1979087289,0.5243008027,0.1945264197,0.7160896433,0.4013577806,0.2716114093,0.3422646467,0.2923150503,0.663718093,0.7583004885
157,1,1,1,1,1,0.4738534357,0.600393179,0.6638427329,0.405715954,0.5067940019,0.4251057623,0.2794813794,0.1980077564,0.5243037393,0.1946195812,0.7162179069,0.4014248781,0.27159838,0.3423235567,0.2923266135,0.6637020458,0.7582392144
157.5,1,1,1,1,1,0.4739633878,0.6003676723,0.6637314497,0.4058137981,0.5068885965,0.4251664727,0.2794692132,0.1980428394,0.5243878971,0.1945028034,0.7160645419,0.4014111441,0.2716564159,0.3425051702,0.2922111996,0.6635295468,0.7582398281
158,1,1,1,1,1,0.473750235,0.6003586071,0.6639995953,0.4057622131,0.5068086914,0.4250252202,0.2793970673,0.1979596354,0.5243129151,0.1944526006,0.7158551112,0.4015920698,0.2717916434,0.3426058934,0.2921622695,0.6636548263,0.7581737401
158.5,1,1,1,1,1,0.4738594332,0.6003932105,0.6639026537,0.405977797,0.5070618383,0.4250171647,0.2794110253,0.1977987169,0.5243826767,0.1943905506,0.7157502596,0.4015233434,0.2716820952,0.342444933,0.292209557,0.6635866388,0.7581822283
159,1,1,1,1,1,0.4737757937,0.6003329633,0.6639148147,0.4062339654,0.507066819,0.4252031523,0.2797901127,0.1976871836,0.524233307,0.1944209783,0.7158765827,0.4015577124,0.2716470963,0.3425509041,0.2921694838,0.6636968867,0.7582211787
159.5,1,1,1,1,1,0.4738561321,0.6002978261,0.6636757499,0.4063344992,0.5068387998,0.4252696683,0.2798243648,0.1977030468,0.5240660199,0.1944820091,0.7159922263,0.4015632426,0.2717444862,0.3426577619,0.2921467179,0.6637989689,0.7583147659
160,1,1,1,1,1,0.4739060235,0.6000937896,0.6637244614,0.4062625385,0.5069351447,0.42523485,0.2797264853,0.1977427327,0.5241230328,0.1943947211,0.7159177929,0.4013758782,0.2717529855,0.342616297,0.2921133503,0.663810927,0.7583485039
160.5,1,1,1,1,1,0.4739713384,0.6002722977,0.6637319667,0.4060263823,0.506943999,0.4254315441,0.2795568531,0.1978136398,0.523935752,0.1944179561,0.7160512808,0.4014547576,0.2718786041,0.342669569,0.2920281491,0.6637663853,0.7581767341
161,1,1,1,1,1,0.4740482218,0.6003847007,0.6639238618,0.4059641174,0.5068547856,0.4252845888,0.2796237302,0.1975471755,0.5237436295,0.194431332,0.7159958989,0.4014075307,0.2719604101,0.3424458102,0.2923350929,0.6636287793,0.7582575618
161.5,1,1,1,1,1,0.4739057447,0.6003055972,0.6640027522,0.4058553616,0.5068445303,0.4252978522,0.2796643355,0.1977237799,0.5239119814,0.1946152061,0.7158740811,0.4016200749,0.2719998951,0.3425511695,0.2924009892,0.6636314906,0.7583679027
162,1,1,1,1,1,0.4739094933,0.6004992108,0.6637401637,0.4057360333,0.5067195862,0.4252144603,0.2798734019,0.1976891732,0.5238221522,0.1946288766,0.7158730957,0.401489703,0.2719418107,0.3422310245,0.292332728,0.6635186915,0.758259821
162.5,1,1,1,1,1,0.4737034093,0.6005351916,0.6637941918,0.4059004959,0.5067028677,0.4253286655,0.2798931786,0.1976655552,0.5236843576,0.1947431522,0.715901028,0.4015131948,0.2719092579,0.3421670443,0.2922289569,0.6635850027,0.7582318038
163,1,1,1,1,1,0.4737747517,0.6004727431,0.6636156246,0.4060072611,0.5066708355,0.4254699483,0.2798920036,0.1976882916,0.5235332813,0.1947658993,0.7160201279,0.4014442871,0.2716647815,0.3422392988,0.2922461023,0.6635174277,0.7582089508
163.5,1,1,1,1,1,0.4737403231,0.6004499832,0.6637835263,0.4059410074,0.5063149372,0.4252803032,0.2799687302,0.1977782051,0.5236393552,0.1945974699,0.7161149544,0.4013176654,0.2718500605,0.3423405859,0.2922264305,0.6633093296,0.7582618341
164,1,1,1,1,1,0.4735102896,0.6004351727,0.663773033,0.4059098862,0.5063472851,0.4253398873,0.2798518383,0.1976365267,0.5237188729,0.194597982,0.7159729032,0.4012056807,0.2717832933,0.3423545892,0.2920612276,0.6632565887,0.7581107922
164.5,1,1,1,1,1,0.4735674525,0.6004100751,0.6638597421,0.4060403543,0.5067640163,0.425562894,0.279741613,0.197665283,0.5238663946,0.194662917,0.7160214764,0.401266195,0.2719616818,0.3425613629,0.2921439575,0.663248907,0.7580047903
165,1,1,1,1,1,0.4737634882,0.600593975,0.6637714842,0.4060020047,0.5066530747,0.4257145162,0.2797822763,0.1978351066,0.5237256677,0.1945737244,0.7159542359,0.401419158,0.2718810566,0.3425532495,0.2920874744,0.6633981189,0.7580433212
165.5,1,1,1,1,1,0.473809131,0.6003884769,0.6639772617,0.4059177948,0.5066491606,0.4253631716,0.2797197837,0.1978187991,0.5235339488,0.1945239838,0.7159745335,0.4013564653,0.2718211609,0.3423658873,0.2920919812,0.663505203,0.7579758425
166,1,1,1,1,1,0.4739445072,0.6004299672,0.6640596892,0.4060475149,0.5065513835,0.4254662544,0.2796971135,0.1977716656,0.5236634224,0.1944793923,0.7162315318,0.4013224422,0.2717488543,0.3424597606,0.2922067434,0.6637013777,0.7579923958
166.5,1,1,1,1,1,0.4740479542,0.600390245,0.6639565258,0.4059401699,0.5065761584,0.4253649716,0.2798448964,0.1978205267,0.5236181934,0.1945372959,0.7163383916,0.4015128385,0.2717517921,0.3423270717,0.2922543087,0.663921163,0.7579026885
167,1,1,1,1,1,0.4739408264,0.6006060638,0.6638826351,0.4058414117,0.5065801714,0.425319015,0.2796958408,0.1976876529,0.5238159009,0.1946819489,0.7164204409,0.4017379534,0.2717869946,0.3421984573,0.2922908903,0.6638040362,0.757859584
167.5,1,1,1,1,1,0.4738380403,0.6003385305,0.6639900556,0.4059891145,0.5064506169,0.4251473647,0.2796210115,0.1976014836,0.5239825449,0.1949644192,0.7164092801,0.4015767047,0.2717256286,0.3419947341,0.2923393823,0.6636755291,0.7577704215
168,1,1,1,1,1,0.4738848699,0.6002483806,0.6640752208,0.4058323513,0.5066988136,0.4251062891,0.2795146481,0.197538855,0.5240100514,0.1947155034,0.7163839452,0.4014762561,0.2715870785,0.3420540673,0.2923339936,0.663484987,0.7575889903
168.5,1,1,1,1,1,0.4739180413,0.6002254333,0.6637901434,0.4059319139,0.5069285736,0.4251602472,0.2796253888,0.1975805007,0.5239490237,0.1945725658,0.716182372,0.401261686,0.2715524987,0.342032651,0.2923021573,0.663549875,0.7576269534
169,1,1,1,1,1,0.4737772808,0.6002407499,0.6638008537,0.4060553706,0.5067173631,0.4251958283,0.2797439935,0.1975622885,0.5240136555,0.1944229531,0.7161797525,0.40116981,0.2715758426,0.3422612448,0.2923146656,0.6637786039,0.7576182005
169.5,1,1,1,1,1,0.4737934906,0.6002403012,0.6638712768,0.4059047458,0.5067216133,0.425243408,0.2795717617,0.1976030454,0.5241256414,0.1945006782,0.7161528883,0.4009593776,0.2717314129,0.3423828099,0.2922797355,0.664166786,0.7575964001
170,1,1,1,1,1,0.4737177661,0.6002343055,0.6637919362,0.4059100648,0.5066973455,0.4252520343,0.2796756962,0.1975488179,0.5243174404,0.1945523159,0.7160309772,0.4011197488,0.2716798523,0.3423545503,0.2921515974,0.6643174849,0.7578536366
170.5,1,1,1,1,1,0.4738109083,0.6003462761,0.6636531998,0.4060320465,0.5067943295,0.4252253159,0.279486651,0.1976797752,0.5240712494,0.1947042666,0.7160508769,0.4013778533,0.271722853,0.3423655979,0.2924066008,0.664218025,0.7579426271
171,1,1,1,1,1,0.473879243,0.6002394939,0.6636498883,0.4059730882,0.5068192967,0.4252366255,0.2794593726,0.1976470631,0.5241543335,0.194572197,0.7162075584,0.4014673122,0.2715833416,0.3424942075,0.2924735979,0.6641891832,0.7579153303
171.5,1,1,1,1,1,0.4738532691,0.600304474,0.6636046337,0.4058880454,0.506965377,0.4251421544,0.2793755721,0.1975125249,0.5240978145,0.19458577,0.7163337116,0.401350913,0.271659326,0.3424442978,0.2922196278,0.664190797,0.7579432434
172,1,1,1,1,1,0.4737317404,0.6001753096,0.6636479068,0.4059659016,0.506931743,0.4252978592,0.279483799,0.197660191,0.5241223107,0.1945229795,0.7162561927,0.4011105797,0.2715924095,0.3425529688,0.292236431,0.6640028751,0.7578649458
172.5,1,1,1,1,1,0.4737448841,0.6002162563,0.6635279305,0.4058542224,0.5069610676,0.4253001051,0.2794142543,0.197564059,0.5242478768,0.1946273228,0.716161883,0.4010811074,0.2716703147,0.3423020299,0.2920913927,0.6640696585,0.7577981566
173,1,1,1,1,1,0.4739847814,0.6002020905,0.663543835,0.4057628812,0.5068109752,0.4253103282,0.2794780178,0.1975229536,0.523906213,0.1945334853,0.7159601138,0.4011818236,0.2717489324,0.3424843675,0.2921372323,0.6641379917,0.757741865
173.5,1,1,1,1,1,0.4740577587,0.5999142841,0.6635204786,0.4058143217,0.5066686028,0.4252404946,0.2796310159,0.1974877587,0.5239946592,0.1945620645,0.7160079249,0.4013761296,0.2717551737,0.3423627502,0.2921796889,0.6642805919,0.7577112673
174,1,1,1,1,1,0.4739257276,0.5998919719,0.6635701169,0.4058917061,0.5066809984,0.4252586234,0.2796515157,0.1975626186,0.523834122,0.1945626258,0.7159787221,0.4012582496,0.2715812592,0.3424241277,0.2922401435,0.6643800949,0.7577281878
174.5,1,1,1,1,1,0.4736959911,0.6000322104,0.663475586,0.4057587192,0.5065840814,0.4251884778,0.2797452486,0.1975997798,0.5238524343,0.1945980155,0.7160887234,0.4012546151,0.2715765468,0.3424873484,0.2922790551,0.6643545216,0.7577841061
175,1,1,1,1,1,0.4736803923,0.5999459367,0.6635330886,0.4059068095,0.5065066671,0.4250752479,0.2797715204,0.1977450196,0.523794645,0.1946582792,0.7158887901,0.4014573319,0.2716033308,0.3423633397,0.2923811471,0.6642210605,0.7575993707
175.5,1,1,1,1,1,0.4738624129,0.6002067043,0.663660359,0.405915586,0.5066426647,0.4249945825,0.2797379957,0.1976870083,0.5238145241,0.1946562639,0.7158776805,0.4013368878,0.2715954875,0.3421820334,0.2921762348,0.6643088498,0.7577981779
176,1,1,1,1,1,0.4738798653,0.6002586885,0.6636061428,0.4057851399,0.5066752688,0.4251308598,0.2797698839,0.1977009421,0.5236605857,0.1947021373,0.7158816031,0.4011995662,0.2715753096,0.3424486268,0.2920439915,0.6642552176,0.7578676578
176.5,1,1,1,1,1,0.4739377635,0.6004093344,0.6636295181,0.406030172,0.5065242572,0.4249302569,0.2797877168,0.1975923674,0.5239103832,0.1947360217,0.7157760228,0.4012344113,0.2715698639,0.3423749668,0.2919088983,0.6641152393,0.7578983089
177,1,1,1,1,1,0.4737573318,0.6004591618,0.6636957962,0.405963753,0.5066968708,0.4248137564,0.2795683652,0.1976963043,0.5238737013,0.1945887261,0.7158745872,0.4012770819,0.2714390443,0.3421673014,0.2916593103,0.6639968173,0.7578197906
177.5,1,1,1,1,1,0.4737046925,0.6001834045,0.6637670492,0.4059338096,0.5066062618,0.4247593731,0.2795428935,0.1977069433,0.5238103012,0.1945464591,0.7158667228,0.4013823067,0.2713927161,0.3420196276,0.2917675945,0.6641438593,0.7577563156
178,1,1,1,1,1,0.4738598413,0.6002009076,0.6636862642,0.4055690501,0.5067251554,0.4249190624,0.2795426484,0.1976072379,0.5236985794,0.1944138495,0.7158702421,0.4014106917,0.2713557926,0.3420849829,0.2918706645,0.6642411966,0.7576727061
178.5,1,1,1,1,1,0.4738617231,0.6001049202,0.6636666603,0.4055028626,0.5069381403,0.4249818189,0.2793601856,0.1975264869,0.5235019661,0.1943593789,0.7157598367,0.4015331891,0.2714275187,0.3421788514,0.291769889,0.6642064752,0.7577286484
179,1,1,1,1,1,0.4736013817,0.6001584692,0.6636705706,0.4055266466,0.5069920364,0.4251411784,0.2793433739,0.1977241265,0.5234506112,0.1943541224,0.7157216789,0.4014875514,0.2714716008,0.3422053576,0.2918468301,0.6640959721,0.7578832718
179.5,1,1,1,1,1,0.4739016758,0.6001932011,0.663727145,0.4055841979,0.5068406483,0.4250774441,0.2794148574,0.1977108678,0.5235969548,0.1943112948,0.7157942981,0.4015307488,0.2715989107,0.3423532543,0.2917717622,0.664076543,0.7576102887
180,1,1,1,1,1,0.4738435447,0.6002665193,0.6636304244,0.405620372,0.5067357065,0.4252270073,0.2793579405,0.1975626784,0.5234628087,0.194281361,0.7156408119,0.4014033466,0.2716119651,0.34205009,0.2918288327,0.6640442368,0.7575437008
180.5,1,1,1,1,1,0.4737090632,0.6002436093,0.6637734875,0.4057060123,0.506602578,0.425110561,0.2795491236,0.197736186,0.5234930593,0.1943510999,0.7156775705,0.4014881483,0.271668522,0.3421885371,0.2918278157,0.6640568123,0.7575375253
181,1,1,1,1,1,0.4739016931,0.6004310829,0.6638035743,0.4057103178,0.5067887092,0.425230993,0.2795770554,0.1976645189,0.5238290495,0.1944857186,0.7155637211,0.4013957397,0.2716721618,0.3421151352,0.2919204748,0.664044383,0.7574597858
181.5,1,1,1,1,1,0.4738869316,0.6003108991,0.6637527265,0.4054888617,0.5067499325,0.4252828269,0.2794134207,0.1974545239,0.523582956,0.1943209529,0.7156020323,0.4013880929,0.2716565953,0.3419515914,0.2917365179,0.6642789308,0.7573489513
182,1,1,1,1,1,0.4739423639,0.6002612416,0.6639086575,0.4057558303,0.5066741174,0.4251662389,0.2795534084,0.197585097,0.5236857026,0.194372624,0.7155909657,0.4013767804,0.2717059238,0.3417930898,0.2918690534,0.6643362711,0.7573155719
182.5,1,1,1,1,1,0.4739384532,0.6002058458,0.6638961839,0.405622643,0.506547351,0.4251532964,0.2795872529,0.197511035,0.5235632115,0.1944515284,0.7155811075,0.4014689939,0.2715501875,0.3418203391,0.2918201266,0.664298129,0.7573048042
183,1,1,1,1,1,0.4738175843,0.600140688,0.6636991587,0.4056912916,0.5066706663,0.4252953011,0.2795908752,0.1974146242,0.5236013549,0.1945310476,0.7156881279,0.401235624,0.2714960607,0.3420233987,0.2919537064,0.6640639699,0.7575567644
183.5,1,1,1,1,1,0.4736517048,0.6001644582,0.6636614476,0.405719557,0.5065715262,0.4251173949,0.2795268528,0.1973985429,0.523255417,0.1946693456,0.7155515551,0.4012525867,0.2714335252,0.3419805026,0.2919348741,0.6642661248,0.7573886898
184,1,1,1,1,1,0.4739059971,0.600177287,0.6636958911,0.405670526,0.5066225138,0.4250839808,0.279451879,0.1973241364,0.5232794751,0.1945328648,0.7155498004,0.4012860014,0.2715835553,0.3420440181,0.2919255741,0.6641470429,0.7574077597
184.5,1,1,1,1,1,0.4739346786,0.6002740168,0.6636299841,0.4059179675,0.5069013583,0.4250812827,0.2794977243,0.1973585799,0.5232618634,0.1945275128,0.7156237628,0.4014370115,0.271580082,0.3419797411,0.291965832,0.6639611943,0.7574090487
185,1,1,1,1,1,0.4739162037,0.6001717267,0.6636580901,0.4061495582,0.5066380292,0.4252266457,0.2796911418,0.1975748791,0.5233143857,0.1946065548,0.7155663542,0.4013008683,0.2716114068,0.3419734773,0.2920215839,0.6639727727,0.7576127808
185.5,1,1,1,1,1,0.4737405014,0.6001796997,0.6636973819,0.4060889434,0.5065906851,0.4251877037,0.2797800965,0.1975634434,0.5234051028,0.1946428888,0.7153442365,0.4012627477,0.2717852776,0.3417980904,0.2920480088,0.6638916144,0.7576696372
186,1,1,1,1,1,0.4737779178,0.6003698061,0.6635621665,0.4061142277,0.5064311495,0.4254145927,0.2798416775,0.1976198831,0.5234316036,0.1946476828,0.7151731197,0.4013210654,0.2716476177,0.342018969,0.2919966044,0.6639683176,0.757576978
186.5,1,1,1,1,1,0.4737495788,0.6004761639,0.6634876503,0.4060417618,0.5064542016,0.4253571969,0.2796764577,0.1975808539,0.5233846395,0.1946839509,0.7152108167,0.401359929,0.2716337395,0.3421398622,0.2919128573,0.6639329144,0.7577451948
187,1,1,1,1,1,0.4737254649,0.6003976948,0.6635590179,0.4058670699,0.5067937435,0.4254753711,0.2795374469,0.1977426093,0.5234298071,0.194899177,0.7151393985,0.4013791478,0.2717436316,0.3421068173,0.2920544251,0.6637493868,0.757731881
187.5,1,1,1,1,1,0.4734827587,0.6004717084,0.6635027403,0.4059921204,0.5068829929,0.4252170299,0.2795947654,0.1977348967,0.523044875,0.1950105661,0.7151973319,0.4015263239,0.2717428661,0.3418887319,0.291965712,0.6637879141,0.7576950887
188,1,1,1,1,1,0.4735445483,0.6004177928,0.6636170254,0.4059099463,0.5065947621,0.4251291836,0.279704433,0.1975980945,0.5230679015,0.1950394386,0.715284905,0.4015188239,0.2717112865,0.3418586517,0.2917849591,0.6637201062,0.7577861167
188.5,1,1,1,1,1,0.4734831999,0.60028658,0.663646294,0.4062520091,0.5066663248,0.4251217154,0.2795971379,0.1976163764,0.5229398959,0.1951167765,0.7152239965,0.4014171923,0.2715929371,0.3420410144,0.2917684586,0.6638624544,0.7578458172
189,1,1,1,1,1,0.4736907674,0.6002274357,0.6635356936,0.4059582164,0.5066135977,0.4251053146,0.2793549411,0.1976814304,0.5231767124,0.1951055942,0.7151498468,0.4014013297,0.2717711349,0.3421081019,0.2919744845,0.6637162558,0.7577919006
189.5,1,1,1,1,1,0.4736884013,0.6003968558,0.6635827014,0.4058725381,0.5066764964,0.4251390696,0.2794642176,0.1975140275,0.5233778019,0.1948770824,0.7151210175,0.4015332672,0.2717068307,0.3419116489,0.2917292954,0.6636634471,0.7577992261
190,1,1,1,1,1,0.4736381802,0.6003246724,0.6636920218,0.4059866423,0.5067392943,0.4250611791,0.2793881563,0.197529108,0.5233370872,0.1950178693,0.7149692149,0.4013600834,0.2716243462,0.3418320685,0.2915784261,0.6637528181,0.7577610512
190.5,1,1,1,1,1,0.4735663435,0.6005642355,0.6636399314,0.4060629054,0.5068359514,0.4252068106,0.2793483317,0.1974249771,0.5233214314,0.1950278325,0.714951167,0.4013034394,0.2717150375,0.3419443055,0.2915578171,0.6638033263,0.7577480219
191,1,1,1,1,1,0.4737143436,0.6003074172,0.6637896196,0.4059865107,0.5068718162,0.4250050181,0.2793980301,0.19736478,0.5233580346,0.1949477779,0.7148028458,0.4012795221,0.2717693991,0.3420189485,0.2916326947,0.6640657347,0.7577128339
191.5,1,1,1,1,1,0.4737575052,0.6001652011,0.6636645976,0.4058147392,0.5068262198,0.4250586633,0.279627188,0.1974212617,0.5234441043,0.1948120452,0.7147151593,0.4014578113,0.2716928405,0.3420085569,0.2916227541,0.6642688965,0.7576822971
192,1,1,1,1,1,0.4738147101,0.6001999783,0.663709155,0.4057267086,0.5067581113,0.425051953,0.2795682843,0.1976140862,0.5233902525,0.1948530941,0.7148072546,0.4014224798,0.2717468916,0.3419674402,0.2917067395,0.6641554297,0.7575948861
192.5,1,1,1,1,1,0.4741514864,0.6003592706,0.6636983694,0.4056698937,0.5067209924,0.4253460821,0.2797372895,0.1977146904,0.5234842436,0.1949928155,0.7147422102,0.4014970856,0.2717969249,0.3419564368,0.291758113,0.6642411141,0.7575825581
193,1,1,1,1,1,0.4739418138,0.6003268877,0.663814865,0.4055729952,0.5065811963,0.4250413987,0.279607734,0.1977116948,0.5236300057,0.1948599726,0.714582421,0.4013884984,0.271771263,0.3420677405,0.2916438575,0.6643157406,0.7575257996
193.5,1,1,1,1,1,0.4741041365,0.600062582,0.6638374668,0.4057198642,0.5065768557,0.4250169973,0.2795094631,0.197750865,0.5237439729,0.1949378179,0.7143821641,0.4016142527,0.271625009,0.3420839134,0.2916164912,0.6641281531,0.7575507308
194,1,1,1,1,1,0.4739738268,0.6002114712,0.6636883781,0.4057814314,0.5067900256,0.4250932597,0.2795612623,0.1975185577,0.5239157739,0.1947779229,0.7143904181,0.4018202164,0.2717739523,0.3419853415,0.2915164525,0.6643331785,0.7574859907
194.5,1,1,1,1,1,0.4737928193,0.6002303118,0.6638452859,0.4058045384,0.5066885605,0.4250566078,0.2796083871,0.1976086457,0.5240846064,0.1947897082,0.714596912,0.4018091721,0.2719415913,0.3419183076,0.2915723798,0.6642352661,0.757722824
195,1,1,1,1,1,0.4737568793,0.6002050564,0.6639063541,0.4058560951,0.5069573482,0.4250882049,0.2797246004,0.1975745278,0.5241347501,0.1949370031,0.7145397006,0.4017161479,0.2718831738,0.3420661089,0.2915207634,0.6640715007,0.7576851901
195.5,1,1,1,1,1,0.4737095092,0.6002335064,0.6635192415,0.4058368446,0.5065816917,0.4251255027,0.2798574086,0.1978743656,0.5239162925,0.1949147311,0.7145643961,0.4015724182,0.2718336298,0.3418892924,0.291538926,0.6640340113,0.7576250324
196,1,1,1,1,1,0.4736762845,0.6003094322,0.6636283216,0.405968605,0.5065062362,0.4251961849,0.2797928612,0.1976056831,0.5242194641,0.194808175,0.714625753,0.4017177754,0.2718472422,0.3419807674,0.2916488508,0.6641999133,0.7576375557
196.5,1,1,1,1,1,0.4736145108,0.6003003256,0.6636643259,0.4058535117,0.5063104009,0.4250915954,0.2798631883,0.1976743468,0.524005231,0.1947185496,0.7145126931,0.4016730344,0.2718546366,0.341878194,0.2917726488,0.6643794432,0.7578101156
197,1,1,1,1,1,0.4736572891,0.6003721886,0.6637267673,0.4055972328,0.5063449906,0.4250184677,0.2799062016,0.1976903138,0.5242900325,0.1946389854,0.7145798556,0.4017252777,0.2718447461,0.3418007192,0.2917580195,0.6644075808,0.7578042002
197.5,1,1,1,1,1,0.4736638003,0.6002601847,0.6635581503,0.4054075734,0.5066705278,0.425140273,0.2798887409,0.1978362291,0.524021455,0.1947496976,0.7146462882,0.4017352478,0.2718851808,0.3421299183,0.291796374,0.6643850534,0.7578587193
198,1,1,1,1,1,0.4738796359,0.6003612581,0.6635864805,0.4055286881,0.5064894585,0.4250411761,0.2797119206,0.1976736292,0.5239730768,0.1948318531,0.7147852244,0.4015768817,0.2717793973,0.3420129243,0.2918097095,0.6643037246,0.7577739272
198.5,1,1,1,1,1,0.4739411566,0.6005721754,0.6636528507,0.4057067181,0.5065862142,0.4251500133,0.2796830145,0.1975757701,0.5242004147,0.1947982846,0.7148403979,0.4014543147,0.2718586359,0.3422216432,0.2916604884,0.6644336677,0.7578295066
199,1,1,1,1,1,0.4738642389,0.6004735127,0.6636501698,0.4056797861,0.5067791657,0.425092512,0.27947549,0.1975836536,0.5241127157,0.1948556617,0.7148653556,0.4017415925,0.2719429052,0.3422675739,0.291606928,0.6643848925,0.75790204
199.5,1,1,1,1,1,0.4737945486,0.6004352402,0.6635969303,0.4056676178,0.5068749959,0.4251832108,0.2794190038,0.197677611,0.5241052049,0.1948188914,0.7149374092,0.4017235322,0.2719220726,0.3421485456,0.2916618465,0.6642918482,0.7581204849
200,1,1,1,1,1,0.4737083158,0.6003832416,0.6638002107,0.4058323225,0.5068262469,0.4252375227,0.2795168273,0.1977598635,0.5240434271,0.194798487,0.7149331455,0.4017632467,0.2719715173,0.3423994147,0.2917978362,0.6642188009,0.7582371268
200.5,1,1,1,1,1,0.4738258616,0.6003364819,0.6638511694,0.4059246747,0.5068092262,0.4251749481,0.2795900651,0.1980040091,0.5240195974,0.1948677002,0.7150072363,0.4019966825,0.2717391495,0.3422484264,0.2918680821,0.6641687139,0.7582622071
201,1,1,1,1,1,0.4737252955,0.6002823013,0.6638273256,0.4059299782,0.5067480955,0.4250812767,0.2795420307,0.1980753108,0.5241196202,0.1947333368,0.7149912765,0.4017972195,0.2719155961,0.3424202612,0.291855592,0.6643281524,0.7583387698
201.5,1,1,1,1,1,0.4737843512,0.6004686444,0.6635793657,0.4059597422,0.5067894833,0.4251335979,0.279823247,0.1979890572,0.5241431767,0.1947778643,0.7149787887,0.4017685648,0.271923275,0.3423893771,0.2917043617,0.6642507326,0.758252112
202,1,1,1,1,1,0.4737866905,0.6004923754,0.663641333,0.4058759304,0.5066169466,0.4251286398,0.2798719301,0.1980256517,0.5241569552,0.1948852999,0.7150234029,0.4017083432,0.2719245813,0.3424664741,0.2914587064,0.6641908533,0.7582714659
202.5,1,1,1,1,1,0.4735004928,0.6003577352,0.6635693401,0.4056565085,0.5067110733,0.4254845344,0.2798255708,0.1980441763,0.5240157984,0.1949210433,0.7151571555,0.4018141316,0.2720118696,0.3424685808,0.2917144294,0.6643669061,0.7582509924
203,1,1,1,1,1,0.4733833306,0.6003208636,0.6635792658,0.4058278854,0.5064718716,0.4255162839,0.2797652497,0.1981485615,0.5240263419,0.1949964795,0.7152515408,0.4016914975,0.271872382,0.3426930957,0.2913551392,0.6642945813,0.7583198641
203.5,1,1,1,1,1,0.4735823499,0.6003052573,0.6636257011,0.4058684962,0.5065711737,0.4253002917,0.2796947302,0.1981672226,0.5240516382,0.1950514864,0.7152518146,0.4015641477,0.2718806706,0.3426915241,0.2914029055,0.6641371613,0.7582124063
204,1,1,1,1,1,0.473692888,0.6004179036,0.6635254734,0.4057844146,0.5067179416,0.4253008525,0.2796511482,0.1982320704,0.5240384574,0.1949310262,0.7153574155,0.4017211446,0.271851243,0.3426224738,0.2912717538,0.6643217423,0.7579887534
204.5,1,1,1,1,1,0.4737145363,0.6004288529,0.663522505,0.4057012679,0.5066391975,0.4253878671,0.2796451089,0.198133896,0.5240867033,0.1949077776,0.7153402597,0.4016261035,0.2717809156,0.3423493634,0.2913602475,0.6643066452,0.758100791
205,1,1,1,1,1,0.4737135867,0.600316374,0.6636963351,0.4056817653,0.5065966443,0.4254186844,0.2796133726,0.1979442478,0.5239239275,0.1949257343,0.7153483793,0.4015274578,0.2718389076,0.3423022848,0.2914016882,0.664273241,0.7582075355
205.5,1,1,1,1,1,0.473639638,0.6006011514,0.6637782762,0.405704196,0.5063639866,0.4253558466,0.2795398061,0.1978598722,0.5237471742,0.1948962367,0.7154064497,0.4014214992,0.2719012752,0.3423086458,0.2914485508,0.6643937509,0.7582548479
206,1,1,1,1,1,0.4737042322,0.6004485547,0.6637286528,0.4058489931,0.5063532553,0.4253057082,0.2795689002,0.1977684312,0.5238891406,0.1950309677,0.7155158754,0.4011989271,0.2719455759,0.342371836,0.2915887852,0.6645791765,0.7584003714
206.5,1,1,1,1,1,0.4737465264,0.6004081497,0.6636465817,0.405720108,0.5064453677,0.4251643611,0.2794166469,0.1977722512,0.5241265435,0.1948726544,0.7155771047,0.4012809371,0.2718383022,0.3423240259,0.2916737403,0.6644842004,0.7582356495
207,1,1,1,1,1,0.4737972943,0.6003031698,0.6638388878,0.4057557261,0.506320001,0.4251185297,0.2794555359,0.1977022862,0.5241769856,0.1949840574,0.7156465502,0.4014565221,0.2719532494,0.3423788894,0.2916914153,0.6642710535,0.7582590278
207.5,1,1,1,1,1,0.4736785423,0.6002625683,0.6638435036,0.4057342056,0.5064531072,0.4250545743,0.2792971923,0.1978308485,0.524315936,0.1949365124,0.7156325578,0.4016838825,0.2718773228,0.3424025873,0.2918371566,0.664300935,0.7582689022
208,1,1,1,1,1,0.4735242803,0.6003610035,0.6639214341,0.4057066704,0.5065581749,0.4251771488,0.2794855977,0.1980283739,0.5242088946,0.1949133003,0.7156797761,0.4016518017,0.2720474649,0.342430842,0.2918256956,0.664343707,0.7581430669
208.5,1,1,1,1,1,0.473646349,0.6003431434,0.6639924529,0.4059316447,0.506528929,0.4251003296,0.2796602141,0.1979433309,0.5241793399,0.194984442,0.7156212817,0.4015205279,0.2720027016,0.3424237348,0.2917660167,0.6644962866,0.7581519269
209,1,1,1,1,1,0.4737247837,0.6002803886,0.66394727,0.4059690191,0.506491077,0.4250984277,0.2795573629,0.1979685376,0.5242835594,0.1950245312,0.7156589861,0.4016925157,0.2720294729,0.3422970447,0.2918109649,0.6645010442,0.757970246
209.5,1,1,1,1,1,0.4736154394,0.60016675,0.663895764,0.4059894278,0.5067574431,0.4251575384,0.2797076098,0.1978106973,0.5243874647,0.19490162,0.7156868264,0.4017378213,0.272044786,0.3423250085,0.2916925884,0.6643471791,0.7580116333
210,1,1,1,1,1,0.4737445834,0.6002770587,0.6637622833,0.4058885796,0.5066382779,0.4251935709,0.2797719108,0.1977461195,0.5244713952,0.1949349077,0.7156270905,0.4016861428,0.2719317313,0.3424168058,0.2916341452,0.6642281322,0.7580935109
210.5,1,1,1,1,1,0.4735808732,0.6001905919,0.6637436475,0.4058774886,0.5066916813,0.4251461496,0.2797268292,0.1976389067,0.5244256405,0.1947228636,0.715595043,0.4015349651,0.2719604426,0.3424963307,0.2917124247,0.6641868642,0.7581566057
211,1,1,1,1,1,0.4737588038,0.5999644343,0.6638073996,0.4059515404,0.5068196741,0.4250344085,0.2798335202,0.1978119795,0.5244271577,0.1947615673,0.7156359669,0.4014270369,0.2717442513,0.3425220265,0.2918470159,0.6640507505,0.7582462181
211.5,1,1,1,1,1,0.4733626856,0.6000417174,0.6637091411,0.4059787112,0.5068353587,0.4250708984,0.2796286191,0.1976592575,0.5244962603,0.1946131364,0.7154259659,0.4015163723,0.2717307725,0.3423310067,0.2920052838,0.6639722561,0.7582810349
212,1,1,1,1,1,0.4736014964,0.6000332077,0.6637716291,0.4061437032,0.5065038611,0.425311453,0.2796593784,0.1976063651,0.5245473355,0.1947005567,0.7154584532,0.4013739127,0.2715213607,0.3422757031,0.292059868,0.664104026,0.7583229058
212.5,1,1,1,1,1,0.4735094298,0.5999561434,0.6639742894,0.4059114871,0.5067100468,0.4253226381,0.2798679827,0.1976579196,0.5242932944,0.194698645,0.7155999718,0.401496902,0.2714874066,0.3422922781,0.2921854921,0.6639849799,0.7584398763
213,1,1,1,1,1,0.4735732622,0.5999669101,0.6639993044,0.4060155379,0.5066145108,0.4253334702,0.2797682027,0.1976216321,0.5242494803,0.1945938682,0.7156711085,0.4015547251,0.2715976868,0.3423500902,0.2922077959,0.6638928961,0.7584773762
213.5,1,1,1,1,1,0.4735163815,0.5999220242,0.6639256865,0.4058356763,0.5064386075,0.4253859681,0.2796639247,0.1976894206,0.5242187959,0.1945297242,0.7156636627,0.4014281723,0.2714904616,0.3424773927,0.292207147,0.6637307859,0.7584890022
214,1,1,1,1,1,0.4734638345,0.6001029203,0.6638437289,0.4060673703,0.5064384829,0.4253216973,0.2796989175,0.1978835391,0.5243500653,0.1946786706,0.7157080908,0.4014786813,0.2713903332,0.34263327,0.2923114811,0.6636728827,0.7585710468
214.5,1,1,1,1,1,0.4736359717,0.6003051222,0.6639431983,0.405854634,0.5066439165,0.4254451764,0.2794062897,0.1977252588,0.5244363368,0.1947439919,0.7156115082,0.4015727542,0.2716481957,0.3425383474,0.292226661,0.6638548383,0.7586740907
215,1,1,1,1,1,0.4734069791,0.6002927848,0.6639149004,0.4058670239,0.5066259548,0.4252479433,0.2794575298,0.1975765618,0.5243556762,0.1946348354,0.7155165882,0.4017095223,0.2716261885,0.3424996148,0.2922879662,0.6640784957,0.7588255692
215.5,1,1,1,1,1,0.473775305,0.6002714114,0.6639556307,0.4059049652,0.5063882803,0.4252342246,0.2793867036,0.1975103849,0.5244063582,0.1945100948,0.7154380133,0.4015332114,0.2717465315,0.3425659018,0.2923183263,0.6641227971,0.7588244396
216,1,1,1,1,1,0.4738346515,0.6002755327,0.6640737226,0.4058496164,0.5065606337,0.4252514876,0.2793141476,0.1974569114,0.5242650336,0.1944610129,0.7154812472,0.4012819166,0.2716629005,0.3424461433,0.2921415094,0.6643555923,0.759031819
216.5,1,1,1,1,1,0.4737733978,0.6002284593,0.6639827194,0.4058538473,0.5066595641,0.4252475774,0.2794570554,0.1974559803,0.5242294365,0.1944187278,0.7154755696,0.4012945537,0.271731379,0.3423625534,0.2921448374,0.6644552784,0.7591209597
217,1,1,1,1,1,0.4738069986,0.6001169269,0.664021946,0.4060809996,0.506932696,0.4251179033,0.2794673944,0.1974637611,0.5242485266,0.1945073813,0.7157031922,0.4012741926,0.2715907686,0.3422322899,0.2919966455,0.6645418501,0.7591372995
217.5,1,1,1,1,1,0.4738463985,0.6001070112,0.6641027507,0.4061077257,0.5069803247,0.4250868219,0.279471839,0.1974199512,0.5242413251,0.1947044269,0.7158294572,0.4013845033,0.2714848458,0.3419933565,0.2918918918,0.6645498921,0.7589322184
218,1,1,1,1,1,0.4738050284,0.6002400999,0.6639815148,0.406050272,0.5067065366,0.4251365835,0.2794344277,0.197357093,0.5240906415,0.1947537841,0.7158241983,0.4015551561,0.2715216908,0.3420720928,0.2919570827,0.6643886361,0.7590036788
218.5,1,1,1,1,1,0.4740183895,0.6002305624,0.664014577,0.4061013882,0.5066105225,0.425150352,0.2793918259,0.1975868134,0.5240391767,0.194775059,0.7157400087,0.4016622932,0.2714346154,0.3422580125,0.2917987654,0.6644774062,0.7590431126
219,1,1,1,1,1,0.4739349562,0.6004053014,0.6638982117,0.4060229681,0.50663798,0.4252087409,0.2796424657,0.1976333525,0.5241505751,0.1947275051,0.7157942139,0.4017017302,0.2717259077,0.3423019642,0.2917828372,0.6644678505,0.7590309954
219.5,1,1,1,1,1,0.4738243253,0.6004258691,0.6637553051,0.4059886878,0.5065909651,0.4252849503,0.2795994107,0.197557442,0.5241164632,0.1947597094,0.7156660594,0.4016479014,0.2717706647,0.3421174017,0.2916523674,0.6644652328,0.7590792448
220,1,1,1,1,1,0.4735914728,0.6005432293,0.6637120625,0.4061094753,0.5064495148,0.425329973,0.2795086058,0.1976510895,0.5242228779,0.1947785777,0.7156240315,0.4017582058,0.2718592113,0.3423944835,0.2917686254,0.6641698498,0.7589842437
220.5,1,1,1,1,1,0.4734711814,0.6005024618,0.6637101475,0.4058837101,0.5066053615,0.4251229143,0.2794556879,0.1977051467,0.5242086837,0.194864304,0.7156095785,0.4017679064,0.2719740732,0.3423267241,0.2917136371,0.6642173837,0.7588715527
221,1,1,1,1,1,0.4736366449,0.600354729,0.6636428907,0.4059242192,0.5066402234,0.4251482386,0.279295846,0.1976601153,0.5242977868,0.1949488602,0.7156938155,0.401550894,0.2719436773,0.342389785,0.2919049314,0.6640932198,0.7589123457
221.5,1,1,1,1,1,0.4739219792,0.6002508112,0.6636843154,0.4057013687,0.5069706105,0.425037238,0.279162379,0.1977828089,0.5243958993,0.1948377317,0.7158549591,0.4015793139,0.271913428,0.3425528306,0.2920059928,0.6639862143,0.758756418
222,1,1,1,1,1,0.4738915696,0.6001051481,0.6636572323,0.4059098726,0.5066974547,0.4250068118,0.2792507343,0.1978050346,0.5242909385,0.1948591747,0.7158662181,0.4016568624,0.272071476,0.3425769396,0.2920648248,0.6640038812,0.7588644903
222.5,1,1,1,1,1,0.4738214458,0.6000230343,0.6637850493,0.4060452905,0.5067215162,0.4248936884,0.2793195465,0.1977249304,0.5242090378,0.1948923789,0.7159342668,0.4016269527,0.2720935043,0.3424346469,0.2918728223,0.6640959826,0.7588682302
223,1,1,1,1,1,0.4736242004,0.600091027,0.6637617552,0.4059496359,0.5065856933,0.4249289788,0.2793659926,0.1977418055,0.5243289202,0.1949688796,0.7159293591,0.4014574881,0.2721415851,0.3427355635,0.2919667854,0.6642452918,0.7589651028
223.5,1,1,1,1,1,0.4735282992,0.5999550893,0.6637820616,0.4058186132,0.5066404476,0.4251361482,0.2794905759,0.1977128095,0.5241551559,0.194719613,0.7160196976,0.4016362282,0.2720434187,0.3427376758,0.2918902851,0.664181361,0.7590278937
224,1,1,1,1,1,0.4735472328,0.6001039272,0.6638701833,0.4057870252,0.5066410208,0.425093658,0.2795469565,0.1975788427,0.5241446596,0.1947644452,0.7159378836,0.4016265563,0.2721133352,0.342473489,0.2921923485,0.6641533527,0.7590617039
224.5,1,1,1,1,1,0.4737707844,0.600090918,0.6637840852,0.4058796034,0.5067346324,0.4250678416,0.2795209379,0.1976118733,0.5240615188,0.1947822066,0.7160253417,0.4016131343,0.2720040911,0.3425118469,0.2921600179,0.664051423,0.7591207664
225,1,1,1,1,1,0.4737752437,0.600259693,0.663739948,0.4058125667,0.5068131219,0.4252116636,0.2795144333,0.1977604619,0.5240270581,0.1948516407,0.7159177201,0.4014741974,0.2719820728,0.3428098328,0.2921823611,0.6640035852,0.7592555561
225.5,1,1,1,1,1,0.4738074953,0.6001923186,0.6638759553,0.4058520965,0.5068261657,0.4250407085,0.2794059411,0.1977933472,0.5240213095,0.1947555041,0.7159471425,0.4013677011,0.2718708882,0.3428499044,0.291974298,0.6642250945,0.7592344897
226,1,1,1,1,1,0.4737139472,0.6000278992,0.6638877324,0.4059623852,0.5066590168,0.4251438036,0.279362473,0.1979264948,0.5241634347,0.1948867047,0.7158012105,0.4012683661,0.2719898639,0.3425820782,0.2921844092,0.664328741,0.7591444077
226.5,1,1,1,1,1,0.4737931129,0.6000121743,0.66364596,0.4059004495,0.5064945661,0.4251352685,0.2793971024,0.197884104,0.5241697167,0.1950142718,0.715573481,0.4012205927,0.2717668078,0.3425515903,0.2921651332,0.6642550771,0.7590585209
227,1,1,1,1,1,0.4735348288,0.6002858229,0.6637682203,0.4058255118,0.5065685753,0.4251627015,0.2795125059,0.1979039302,0.5240036963,0.1948508484,0.7155482554,0.401429844,0.2718085447,0.3426057065,0.2920475615,0.6644644509,0.7591645418
227.5,1,1,1,1,1,0.4733420196,0.6000466659,0.6637422167,0.4058119224,0.5066078439,0.4250088115,0.2794565381,0.1979304454,0.5238601214,0.1947206622,0.7154879671,0.4015148775,0.2717085474,0.342241334,0.2920810323,0.6644265171,0.7591112962
228,1,1,1,1,1,0.4734837388,0.6002240065,0.6638050231,0.4058238178,0.5064689284,0.4249737105,0.2795005034,0.1978137552,0.5239795707,0.1946146469,0.7155071687,0.4016169627,0.2716848791,0.3421981883,0.2919263682,0.6644328798,0.7589839069
228.5,1,1,1,1,1,0.4736081275,0.6002497819,0.6639001194,0.4059675364,0.5062960629,0.4250261903,0.2794700167,0.1978805523,0.5240045244,0.1946237819,0.7154301788,0.4015434802,0.2715524035,0.3421116364,0.2920742948,0.6645185215,0.758973705
229,1,1,1,1,1,0.4735309901,0.600191974,0.6639772882,0.4059697373,0.5064496442,0.425027088,0.2795246921,0.1978932359,0.5241017155,0.1946733564,0.71550254,0.4015435589,0.2716188935,0.3419923685,0.2921021926,0.6644866909,0.7589917976
229.5,1,1,1,1,1,0.4735901697,0.5999846426,0.6636104753,0.4059834962,0.5064732701,0.4250661491,0.2795186579,0.1978221192,0.5241535605,0.19481688,0.7154808272,0.401262849,0.2715931519,0.3420789041,0.2918803659,0.6645719946,0.7590841811
230,1,1,1,1,1,0.4738114043,0.6000664471,0.6634988651,0.4058704074,0.5066583909,0.4252092017,0.2796308412,0.1976023266,0.5241801514,0.1948964505,0.7155175338,0.4012007317,0.2717068586,0.3421768844,0.2920015486,0.664514223,0.7589418144
230.5,1,1,1,1,1,0.4739170573,0.5999944471,0.6634830366,0.4059477213,0.5067882947,0.4251729411,0.2795697832,0.1976665552,0.52417834,0.1947689245,0.7155727326,0.4013234859,0.2718453221,0.3423495578,0.2918764239,0.6645414874,0.7588963211
231,1,1,1,1,1,0.4738832098,0.600124679,0.6636220648,0.4059929653,0.5068407917,0.4252730972,0.2795970589,0.197776501,0.5242532408,0.1947967503,0.7155080098,0.4013696974,0.2717896433,0.3423194404,0.2917938038,0.6644784765,0.7587519078
231.5,1,1,1,1,1,0.4738136331,0.5997988946,0.6636026062,0.4057732119,0.5066578111,0.4252134874,0.2795800764,0.197820916,0.5241823899,0.1946876367,0.7155149586,0.4014662337,0.2716967949,0.342417607,0.2918146278,0.6647263186,0.7588977562
232,1,1,1,1,1,0.4737171082,0.600087439,0.6636640735,0.4057299235,0.5067270612,0.4251825143,0.2794693798,0.1977562373,0.5241678836,0.1946489836,0.7156960954,0.4014622833,0.2716876465,0.3422942622,0.2915455064,0.6644330484,0.7588904718
232.5,1,1,1,1,1,0.4739084272,0.6002997076,0.6637909095,0.4058060537,0.5065926577,0.4252030094,0.2796625472,0.1977851026,0.5242535555,0.1946333289,0.715666133,0.4014010735,0.2716620959,0.3424831089,0.2916488304,0.6643623511,0.7588513642
233,1,1,1,1,1,0.4737331538,0.6002857818,0.6638207569,0.4060727837,0.5068240184,0.4250481038,0.2796432983,0.1979682699,0.5242442311,0.1945645851,0.7154922075,0.4015943523,0.2717715999,0.3422671787,0.2918069509,0.664405771,0.7586884321
233.5,1,1,1,1,1,0.4737385013,0.6002070533,0.6637043678,0.4058858628,0.5067337502,0.4249760937,0.2795182564,0.1978346536,0.5242300277,0.194725899,0.7155306767,0.4013951452,0.2717542136,0.3420865628,0.2916736199,0.6643461669,0.7586797356
234,1,1,1,1,1,0.4738534401,0.6002614978,0.6635451022,0.4057378852,0.5068668225,0.4249565096,0.2796068815,0.1977903551,0.5242018839,0.1947439018,0.7154096932,0.4015045929,0.2718475916,0.3420943142,0.2916166186,0.6645001383,0.7585453062
234.5,1,1,1,1,1,0.473753328,0.6003030929,0.6634464226,0.4056193139,0.5069329823,0.4249320382,0.2795758675,0.1978143784,0.5243304413,0.1946670777,0.7154480723,0.4013113023,0.2717378049,0.3421714695,0.2918152418,0.6645429733,0.7585039671
235,1,1,1,1,1,0.4738559995,0.6002641683,0.6635239578,0.4055995547,0.5068078657,0.4253048277,0.2796958534,0.197923755,0.52429298,0.1945068906,0.7153853536,0.4014352433,0.2717255932,0.3420388171,0.2919080484,0.6646036289,0.7583862523
235.5,1,1,1,1,1,0.473810275,0.6004591744,0.6633733419,0.405720507,0.5065916878,0.4251499302,0.2797267136,0.1978025182,0.5240769422,0.1944780758,0.7153201888,0.4014543129,0.2715740665,0.3420168214,0.2917819932,0.6645405759,0.7585880097
236,1,1,1,1,1,0.4738148523,0.6003809178,0.6634062436,0.4058266411,0.506541149,0.4248843672,0.2796658873,0.1977367091,0.5240043887,0.1944783673,0.7153037415,0.4013999235,0.2715173967,0.3420166215,0.2918659063,0.6644887792,0.7585471238
236.5,1,1,1,1,1,0.4738640266,0.6005001868,0.6637162372,0.4057626297,0.5065629999,0.4251131666,0.2795808998,0.1976227562,0.5239368029,0.1944334258,0.7153301091,0.4014723813,0.2715187198,0.3418794831,0.2918682265,0.664610201,0.7586075025
237,1,1,1,1,1,0.4738491569,0.6004281413,0.6637966645,0.4060281294,0.506656223,0.4250828884,0.2795330205,0.1975753066,0.5240230148,0.1942744721,0.7154588915,0.4013752553,0.2715638556,0.3415040538,0.2918213615,0.6646915925,0.7585709572
237.5,1,1,1,1,1,0.473808586,0.600418288,0.6637366592,0.4057819267,0.5070623246,0.4251791602,0.2794658776,0.1976837215,0.5239181493,0.1943593318,0.7154461787,0.4012230965,0.2716261693,0.3416714593,0.2917694882,0.6648105738,0.7586037221
238,1,1,1,1,1,0.4736980403,0.600329116,0.6637698725,0.4059203906,0.5068406848,0.4250632161,0.2795643518,0.1978484423,0.5236767834,0.1945235296,0.7155225557,0.401365888,0.2714103899,0.3416860908,0.2916491484,0.664767711,0.7585889238
238.5,1,1,1,1,1,0.4739098885,0.600419006,0.6637475389,0.4058232798,0.5067295762,0.4253190839,0.279714331,0.1979027895,0.5235862289,0.1943613162,0.71539658,0.40131554,0.2716029184,0.3419225345,0.2916339171,0.6648314899,0.7585782914
239,1,1,1,1,1,0.4738708533,0.6003469753,0.663657878,0.4057229357,0.5065599332,0.4251459955,0.2795664519,0.1978696139,0.5237713268,0.1944370824,0.7154992349,0.4013692755,0.2716970815,0.3419512249,0.2915516825,0.664789956,0.7585328674
239.5,1,1,1,1,1,0.4740093513,0.6002191389,0.6635144525,0.4055307849,0.5067254704,0.4252159489,0.2794201381,0.1979654436,0.5237393914,0.1946589625,0.7157107401,0.4013100877,0.2716737436,0.3419943781,0.2915611793,0.6647502166,0.7584851415
240,1,1,1,1,1,0.4740764663,0.600457464,0.6633183433,0.4054908228,0.5066397501,0.425119,0.2793458364,0.1978315414,0.5237752993,0.1945095524,0.7156815173,0.4010808838,0.2717344033,0.3418612362,0.2916415322,0.6646847953,0.7585554828
240.5,1,1,1,1,1,0.4741297063,0.600373308,0.6634459974,0.4053933362,0.5066044244,0.4252457007,0.2794923181,0.1977647104,0.5238963206,0.1945987351,0.7156918537,0.4012265523,0.2718530156,0.3419327649,0.2916313303,0.6645562689,0.7584529179
241,1,1,1,1,1,0.4742040054,0.6002077613,0.6634752625,0.4055910788,0.5065195042,0.4250429027,0.2796081182,0.1976632783,0.5238447632,0.194675739,0.7157965877,0.4013364371,0.2718085358,0.3419287971,0.2914040376,0.6644844897,0.7582628122
241.5,1,1,1,1,1,0.4741209152,0.6004006881,0.6634640718,0.4057372766,0.5066365384,0.4249027275,0.2796893006,0.1974948039,0.5237778537,0.1944845299,0.7157289965,0.4015030082,0.2719392785,0.3422032274,0.291680999,0.6645229977,0.758213596
242,1,1,1,1,1,0.4742241899,0.6001865833,0.6633853722,0.4058725842,0.5066212785,0.4247186305,0.279664741,0.1975640497,0.5239237664,0.1944634264,0.7157485752,0.4013998622,0.2721161992,0.3424098552,0.2917084277,0.6644127797,0.7582143065
242.5,1,1,1,1,1,0.4739616071,0.600116381,0.6633733804,0.4062280609,0.5066548963,0.4246969362,0.2796991898,0.1975886849,0.5237863127,0.1945736951,0.7157064521,0.4014239738,0.2719446932,0.3422359061,0.2917625062,0.664333122,0.7582474612
243,1,1,1,1,1,0.4738684408,0.5998743678,0.6634772691,0.4060354791,0.5067942078,0.4248090238,0.2795760198,0.1974840172,0.5239938605,0.1946846034,0.7155828322,0.4013704185,0.2718740316,0.3422568327,0.2917497555,0.6644055347,0.7581984905
243.5,1,1,1,1,1,0.4739176848,0.6000245267,0.6635491401,0.4059725257,0.5066800801,0.424867756,0.2795158766,0.197637548,0.5241033087,0.1945459962,0.7154632115,0.4013727467,0.2718250965,0.3423844469,0.2919067624,0.6643093612,0.7582049803
244,1,1,1,1,1,0.4739119254,0.5999850451,0.6637428579,0.4058081377,0.5065627612,0.4250567068,0.2795175378,0.197440855,0.5241027017,0.1946682595,0.7154153591,0.40129302,0.2716936434,0.3424435181,0.292009768,0.6642314425,0.7579270126
244.5,1,1,1,1,1,0.4739830908,0.6001402653,0.6636014513,0.4055920649,0.5067811093,0.4251761029,0.2796042932,0.1974231008,0.5242040765,0.194665179,0.715335335,0.4013539315,0.2717376625,0.342239744,0.2918389465,0.6641760484,0.7577665896
245,1,1,1,1,1,0.4737364291,0.6000982534,0.6637875959,0.4055511118,0.5068552882,0.4251802584,0.2798186448,0.1974402639,0.5241621523,0.1945957866,0.7152299543,0.4012964109,0.2719464384,0.342167593,0.2917224863,0.664446399,0.7576164281
245.5,1,1,1,1,1,0.4738017626,0.6002323413,0.6639452289,0.4054560816,0.5067688425,0.4249042056,0.2797247311,0.1975438839,0.5239401704,0.1945205809,0.7153375642,0.4012721809,0.2719144622,0.3422136688,0.2917274127,0.6643936505,0.7576323384
246,1,1,1,1,1,0.4737152052,0.6001524448,0.6637061154,0.405614274,0.506555224,0.4249530274,0.2795523669,0.1976644393,0.5240475322,0.1945481154,0.7153048508,0.4012563833,0.2719183097,0.3423086995,0.2917547936,0.6642432878,0.7575747968
246.5,1,1,1,1,1,0.4737109119,0.6002119874,0.6638540193,0.4055948378,0.5065032662,0.4251088809,0.2794354756,0.1978124731,0.5240860184,0.194512323,0.7153442082,0.4012303047,0.2717800184,0.3420968448,0.2919808178,0.6642131284,0.7576858165
247,1,1,1,1,1,0.4735475197,0.6004906228,0.6638402535,0.4056100956,0.5065400341,0.4249426014,0.2795815179,0.1978672201,0.5241297879,0.1947372072,0.715308184,0.4012658639,0.2717768251,0.342143037,0.2917704391,0.6641793202,0.7579137248
247.5,1,1,1,1,1,0.4734674053,0.6003817079,0.6637271482,0.4058744935,0.5065863779,0.4248757299,0.2796213181,0.1978371027,0.5240637286,0.1948089013,0.7153093286,0.401194062,0.271611307,0.3421728234,0.2919945274,0.6639928599,0.7579256915
248,1,1,1,1,1,0.4733688065,0.6002022028,0.6637647979,0.4058371139,0.5068501518,0.4248659192,0.2797293327,0.1978042579,0.5240605132,0.194648526,0.7153977733,0.4010973045,0.2717593417,0.3424293165,0.2920451841,0.6640211832,0.7578121267
248.5,1,1,1,1,1,0.4733938619,0.5999206346,0.6637684298,0.4058344847,0.50677768,0.4250094195,0.2798902074,0.1977827085,0.5239258606,0.1947360032,0.7155622047,0.4010538884,0.271845753,0.3423543069,0.2918114311,0.6640792543,0.7577725408
249,1,1,1,1,1,0.4735713982,0.5999298056,0.663731808,0.4057360729,0.506566019,0.424789947,0.2798536836,0.197771599,0.5238076217,0.1946357208,0.7156162945,0.4010633905,0.2719112548,0.3421686014,0.2917894135,0.6640216049,0.757872864
249.5,1,1,1,1,1,0.4735704991,0.6001006498,0.6638291156,0.4057803808,0.506551967,0.4251638875,0.2798154302,0.1976541218,0.5237807938,0.1945811377,0.7156241046,0.4011687961,0.2718679744,0.3421291831,0.2917630447,0.6640576136,0.7579071328
250,1,1,1,1,1,0.4736170789,0.6003640354,0.6639332729,0.4060440359,0.506589688,0.4252554296,0.2797800372,0.1976713246,0.523596036,0.1945700163,0.715548404,0.4009927383,0.2718575872,0.3422930173,0.291788436,0.6641140779,0.7580239372
250.5,1,1,1,1,1,0.4737675639,0.600261297,0.6640205336,0.4058878397,0.5068479741,0.4251993365,0.2798142958,0.1976779578,0.5236052048,0.1945691701,0.7155253212,0.400844663,0.2717804806,0.3424822128,0.2918377749,0.6641132314,0.7581504554
251,1,1,1,1,1,0.4735970867,0.6007163178,0.6639043408,0.4056798836,0.506810907,0.4253995034,0.2796923294,0.1976014279,0.5233831476,0.1946688275,0.7155632922,0.4010065851,0.2718543181,0.3423433574,0.2921763155,0.6640933746,0.7581572231
251.5,1,1,1,1,1,0.4737596943,0.6006117906,0.6640819749,0.4059371258,0.5067466055,0.425538228,0.2797351336,0.1977662805,0.5233317151,0.1944932049,0.7156306774,0.4012573146,0.2718165472,0.3420676038,0.2920647462,0.6639400754,0.7581446078
252,1,1,1,1,1,0.4735929818,0.6005048147,0.663757443,0.4058253884,0.5066248497,0.4254086154,0.2796956513,0.1976707151,0.5233182381,0.1943415253,0.7156406238,0.4013682493,0.2719080138,0.3419459967,0.2919927044,0.6640230196,0.7582788163
252.5,1,1,1,1,1,0.473605887,0.6005924198,0.6637664942,0.4059866523,0.506611346,0.4254344951,0.2795768887,0.1978025594,0.5232735828,0.1943929512,0.7157588613,0.4013700538,0.2716788396,0.3420733108,0.2919316324,0.6641447934,0.7583372154
253,1,1,1,1,1,0.4736985908,0.6003841011,0.663681418,0.4060707322,0.5063753939,0.4252879915,0.2793917705,0.1977731831,0.5234301384,0.1945349129,0.7157720883,0.401393317,0.2717841214,0.3422488131,0.2919410742,0.6641587905,0.7582285204
253.5,1,1,1,1,1,0.4736204712,0.6003566971,0.6636384443,0.4057411605,0.5063818899,0.4251040199,0.2794745297,0.197747594,0.5236242511,0.1943438304,0.7156219315,0.4012909969,0.2717878459,0.3424679445,0.2921063798,0.6640504358,0.7581584425
254,1,1,1,1,1,0.4735652488,0.6004737398,0.6635380356,0.4057356952,0.506399471,0.4253855982,0.2795732073,0.1975865591,0.5237879601,0.194338348,0.7154425731,0.4012268744,0.2717268905,0.3424140298,0.2922331821,0.6641780175,0.7582167388
254.5,1,1,1,1,1,0.4736131126,0.6002692878,0.6635268314,0.4058655767,0.5065433839,0.4253748163,0.2797402607,0.1976585433,0.5237151249,0.1942872472,0.7154008547,0.4011820872,0.2715265776,0.3423915152,0.2922979284,0.6642206336,0.7582233751
255,1,1,1,1,1,0.4736414641,0.6002192105,0.6635895262,0.4057565694,0.506673544,0.425263139,0.2796288222,0.1976802294,0.52356209,0.1944346773,0.7153771959,0.4012159146,0.2715570562,0.3425723692,0.2921983275,0.6643073643,0.7581955397
255.5,1,1,1,1,1,0.4736508983,0.6003706446,0.6635579868,0.4059315299,0.5067277771,0.4250160305,0.279621871,0.1978450468,0.5237003688,0.1944517635,0.7155225559,0.4011361546,0.2715735661,0.3423646379,0.292243721,0.6642713427,0.7580660005
256,1,1,1,1,1,0.4736575345,0.6004154099,0.663611315,0.4058026243,0.5067730358,0.4250910797,0.2795856503,0.1977178707,0.5236202866,0.1944187029,0.7155336192,0.401223147,0.271637005,0.3426878657,0.2923079467,0.6643947229,0.7579631895
256.5,1,1,1,1,1,0.4737378496,0.6004237693,0.6638959815,0.4057928369,0.5067285421,0.4250315256,0.2794296852,0.1976089827,0.5234573313,0.1941996293,0.7155078676,0.4012315411,0.2717409455,0.3425359603,0.2922785035,0.6644019657,0.7580260833
257,1,1,1,1,1,0.4735186693,0.6004290349,0.6638677358,0.4058717549,0.5065670166,0.4253121833,0.2793969047,0.1976620224,0.523558481,0.1942903166,0.7154917019,0.4013610949,0.2717651395,0.3424685276,0.2922871369,0.6644828685,0.7580090216
257.5,1,1,1,1,1,0.4737752455,0.6002293685,0.6638357883,0.4058300984,0.5065804843,0.4251063602,0.2796048882,0.1977733895,0.5233766539,0.1943150651,0.715595335,0.4013043236,0.2717141561,0.3424316845,0.2922881071,0.664368975,0.7580903809
258,1,1,1,1,1,0.4736536156,0.6001363172,0.6637952914,0.4057644366,0.5065052792,0.4251512213,0.2796199313,0.1977398029,0.5232226165,0.1943756559,0.7157600044,0.4010510083,0.2717995908,0.342378935,0.2924016112,0.6644417041,0.7581354216
258.5,1,1,1,1,1,0.4736707015,0.6002944515,0.6638893924,0.4056315444,0.5065460471,0.4252955562,0.2796807246,0.1978010662,0.523181678,0.1944500976,0.7158193122,0.401185229,0.2717259192,0.3424946398,0.2925716747,0.6643397461,0.7583294943
259,1,1,1,1,1,0.4737283794,0.6002159945,0.663737265,0.4056560497,0.5065117463,0.4252710566,0.2799789711,0.1977123453,0.5230431177,0.1944075266,0.7157681015,0.401215487,0.2716705979,0.3424751377,0.2926020717,0.6643579027,0.7582259676
259.5,1,1,1,1,1,0.4738503254,0.6003015003,0.6639301522,0.4054889842,0.5065840415,0.4252719394,0.2798861383,0.1977937848,0.5230616256,0.1945137398,0.7157623984,0.4012848757,0.2716341704,0.3423845238,0.2925385884,0.6644192124,0.7583228151
260,1,1,1,1,1,0.4737388469,0.6002728201,0.6638788491,0.4055184143,0.5066829052,0.4253583216,0.2797427838,0.1977707613,0.5229489267,0.194660773,0.7158007179,0.4014220233,0.2716477015,0.342536072,0.2923211403,0.6644627869,0.758314934
260.5,1,1,1,1,1,0.4738004154,0.6001947863,0.6638200272,0.4055307294,0.5068724469,0.4254777867,0.27975324,0.1978019976,0.5229084345,0.1946943843,0.715762397,0.401509318,0.2715336039,0.3423508767,0.2920532174,0.6644525701,0.7584080901
261,1,1,1,1,1,0.4737224896,0.6004035079,0.6638983138,0.4053369154,0.5068882546,0.4251889377,0.279659456,0.197723448,0.5227726031,0.1944403846,0.7157508997,0.4014396393,0.2716945215,0.3423939208,0.2918426866,0.6645215122,0.7584469807
261.5,1,1,1,1,1,0.4738158263,0.6003969282,0.6636879629,0.4053396552,0.5069872915,0.4252728257,0.2796352711,0.1977211092,0.5229249343,0.1944972635,0.715848845,0.4014109671,0.2715902508,0.3423759749,0.2920507709,0.6644564142,0.7585164968
262,1,1,1,1,1,0.473706263,0.6002376845,0.6638132999,0.4054248345,0.506911165,0.4251365312,0.2795580862,0.1978519604,0.5231061462,0.1945854876,0.7159306771,0.4012487288,0.2716374054,0.3422285356,0.2922428751,0.6644601542,0.7586319615
262.5,1,1,1,1,1,0.4737240532,0.6002074085,0.6637636047,0.4054092202,0.5072379396,0.4250723191,0.2794544078,0.1976957362,0.5231293167,0.1946022121,0.715897359,0.4011774014,0.2716018659,0.3423506073,0.2922785475,0.6645473383,0.7586117702
263,1,1,1,1,1,0.4737101354,0.6002293607,0.663807228,0.4054936067,0.5069987788,0.4249396553,0.2794477614,0.1977491151,0.5232403249,0.1946177985,0.7156732026,0.4011347382,0.2714669892,0.3425470425,0.2922870957,0.6643725348,0.7586919569
263.5,1,1,1,1,1,0.4737531829,0.60013788,0.6638441833,0.4055737613,0.5069386095,0.4249989691,0.2794902015,0.1977668731,0.5232913138,0.1945218841,0.7158016815,0.4012689069,0.2715967458,0.3426531053,0.2922763539,0.6644578114,0.7585475686
264,1,1,1,1,1,0.4739954059,0.6001112704,0.6638644419,0.4056634932,0.5068054264,0.4250440203,0.279321079,0.1976478358,0.5233737659,0.1945315207,0.7158220159,0.4012369564,0.2717453134,0.3427255048,0.2924803704,0.6643563829,0.758480828
264.5,1,1,1,1,1,0.4739885278,0.600357335,0.6637386097,0.4056579233,0.5068718483,0.4251473602,0.2794584468,0.1976171839,0.5233774549,0.1946412623,0.7158744019,0.4014072439,0.2716211661,0.342707764,0.2924877686,0.6642288657,0.7586230678
265,1,1,1,1,1,0.4740718801,0.6003812023,0.6637844287,0.4056021639,0.506785945,0.4250012847,0.2795773402,0.1977887196,0.5235446555,0.1945741631,0.7158050354,0.4013742712,0.2715970383,0.3425683122,0.2925163931,0.6642411647,0.7587618569
265.5,1,1,1,1,1,0.4737391776,0.6004466653,0.6638677374,0.405677274,0.5066952664,0.4250836758,0.2795127231,0.1977909078,0.5236422613,0.1945402105,0.7156070382,0.4014279273,0.2717752731,0.342483371,0.2922979919,0.6645057556,0.7586578586
266,1,1,1,1,1,0.4737491219,0.6003344426,0.6639047059,0.4058028613,0.5066243253,0.4248864659,0.2795175189,0.1978562731,0.5237628499,0.194562264,0.7156253451,0.4013648959,0.2716355944,0.3423992167,0.2922622436,0.6643720619,0.7587607199
266.5,1,1,1,1,1,0.4736852736,0.6003585078,0.6638657016,0.4062269583,0.5066306929,0.4252563652,0.2794379173,0.1979944565,0.5237643091,0.194578423,0.7154852615,0.4014243974,0.2717790206,0.3423290136,0.2921663046,0.664300647,0.7588619473
267,1,1,1,1,1,0.4736834218,0.600413794,0.6637765245,0.4060290223,0.5067997547,0.4256036351,0.2793207212,0.1979890358,0.5238600597,0.1948079116,0.7154442447,0.4012968594,0.2718345542,0.3422529676,0.2922491544,0.6642921284,0.7587818765
267.5,1,1,1,1,1,0.4735789236,0.6001071673,0.6638977029,0.4060791672,0.5065844761,0.4256480167,0.2794158558,0.197867436,0.5240216305,0.1947473565,0.7154453763,0.4014802449,0.2717357034,0.3422369935,0.2919998259,0.6643276295,0.7588104895
268,1,1,1,1,1,0.4736515725,0.6001877263,0.664050707,0.405995261,0.50654928,0.4256511844,0.2794749763,0.1979979386,0.5242181662,0.1947328297,0.715468898,0.4013122906,0.271807127,0.3422101568,0.2918185824,0.6643760112,0.7586893101
268.5,1,1,1,1,1,0.473556001,0.6001980034,0.6640124154,0.4058987173,0.5066468796,0.4256923094,0.2794491802,0.1977437334,0.5242614947,0.1947547607,0.7155308587,0.4014401141,0.2716382243,0.3422722531,0.2916957982,0.664432105,0.7586388666
269,1,1,1,1,1,0.4735163182,0.6000554656,0.6639227712,0.4059632507,0.5064454877,0.4255319438,0.2793635133,0.197671103,0.5242811034,0.1946847853,0.7155356047,0.4016138229,0.2717764598,0.3424972503,0.2918024745,0.6644062052,0.7586203303
269.5,1,1,1,1,1,0.473526096,0.6000825028,0.663765824,0.4059343038,0.506524901,0.4254487859,0.2795490683,0.1976651605,0.5244760768,0.1946321528,0.7155615718,0.4014495587,0.2718649541,0.3424626838,0.2918102007,0.6646625896,0.7586685806
270,1,1,1,1,1,0.4736554403,0.6000520543,0.6638534153,0.4058846257,0.5065834391,0.4253763343,0.2797116037,0.1976259471,0.5244361587,0.1946607071,0.7156526173,0.4014628789,0.2719286408,0.3425555974,0.2918094837,0.6647261753,0.7585398486
270.5,1,1,1,1,1,0.4736424816,0.6002236758,0.6638191401,0.4059211836,0.5064607253,0.4252871653,0.2796119454,0.1978307168,0.5245327405,0.1947105805,0.7155775651,0.4013654396,0.2720384042,0.3425942076,0.2919175285,0.6645704425,0.7586481418
271,1,1,1,1,1,0.4733914584,0.6001194798,0.6637597077,0.4060252599,0.5066602062,0.4250832129,0.2798577478,0.1978426225,0.5245696719,0.1946432083,0.7156803936,0.401351462,0.271912538,0.342583211,0.2918413842,0.6644475747,0.7585567394
271.5,1,1,1,1,1,0.4734713997,0.600232225,0.6638265935,0.4059989388,0.5068762001,0.425130245,0.2798108749,0.1977981948,0.5245174525,0.1946529632,0.7157489241,0.4015919331,0.271855669,0.3424869797,0.2918880753,0.664317395,0.7585370149
272,1,1,1,1,1,0.4736683482,0.6003176082,0.6638730708,0.4059820031,0.5068465937,0.4252151529,0.2796085033,0.197781757,0.5246836681,0.1947207236,0.7157994174,0.4016463459,0.2717954113,0.3426039979,0.2919584271,0.6643503194,0.7585857632
272.5,1,1,1,1,1,0.4736569518,0.6002600541,0.6636863286,0.4060337464,0.5068494892,0.4254323353,0.2794874891,0.1977728354,0.5246742617,0.1947775379,0.7158631448,0.4013887024,0.2716667651,0.3425473098,0.2919466516,0.6643554167,0.7584924413
273,1,1,1,1,1,0.4737313026,0.6004545823,0.6639293594,0.406152936,0.5064669546,0.425239149,0.2794563507,0.1977830517,0.5247393895,0.1948243411,0.7159596663,0.4014365937,0.2716926008,0.3424199747,0.2919681637,0.6643271116,0.7586357828
273.5,1,1,1,1,1,0.4735748297,0.6003617501,0.6637740275,0.4059683385,0.5063674057,0.4251718008,0.2795603742,0.1977132986,0.5245806233,0.1947901178,0.7160578615,0.4014738128,0.2717194118,0.3421953777,0.2920830796,0.6642289005,0.7584209186
274,1,1,1,1,1,0.4735223296,0.6000658584,0.6637642077,0.4060276382,0.5064381752,0.4251978827,0.2794594766,0.1977268999,0.524331954,0.1948709519,0.7161359536,0.4014402087,0.2716483725,0.3421247614,0.2922269809,0.6643101442,0.7585605802
274.5,1,1,1,1,1,0.4736928391,0.6001809431,0.6636948184,0.405917241,0.5065537964,0.4251782492,0.2794065102,0.1979222605,0.5245861859,0.1949214304,0.7159595861,0.4014357159,0.271758784,0.3421488232,0.2922430162,0.6644445301,0.758614587
275,1,1,1,1,1,0.4737260779,0.6004555117,0.6638300271,0.4059478171,0.5069262968,0.4251394149,0.2796150454,0.1979605894,0.5245190646,0.1950248893,0.7160415089,0.4013347944,0.2716625898,0.3423106429,0.2921442187,0.6645183301,0.7587037834
275.5,1,1,1,1,1,0.473679218,0.6002839885,0.663893011,0.4058872272,0.5070098173,0.4251109839,0.2796762802,0.1980295359,0.5244148255,0.1948879782,0.7160655976,0.4012471318,0.2716122406,0.3421596997,0.2920628783,0.6647363622,0.7586457451
276,1,1,1,1,1,0.4738075281,0.6002039419,0.6639171535,0.4060139399,0.5066359756,0.4249989651,0.2796589257,0.1979712699,0.524601679,0.194767195,0.7162136612,0.401222565,0.2715963375,0.3421635051,0.2920206622,0.6646136198,0.7586721817
276.5,1,1,1,1,1,0.4737957589,0.600208759,0.6638284689,0.4060337265,0.5066191304,0.4252676686,0.2797248275,0.1978873172,0.5246020982,0.1947805437,0.7159403381,0.4010978801,0.2716962233,0.342176859,0.2919516244,0.6647768154,0.7587650156
277,1,1,1,1,1,0.4737152693,0.6003800182,0.6636171686,0.4060214107,0.5065093614,0.4253841011,0.2796874187,0.197764194,0.5245151075,0.1948141725,0.7159559556,0.4010971384,0.2716604099,0.3421158388,0.2921211352,0.6648138658,0.7587803525
277.5,1,1,1,1,1,0.4739838258,0.6004929427,0.6635925906,0.405822495,0.5062300824,0.4253914669,0.279566867,0.1977817719,0.5243648398,0.1945621636,0.7160277746,0.4010492529,0.2715178502,0.3422393338,0.2920791953,0.664675204,0.7588898736
278,1,1,1,1,1,0.474062909,0.6005500425,0.663908891,0.405891674,0.5063356437,0.4253310595,0.2794998632,0.1978144024,0.5243367033,0.1945852368,0.7159365465,0.4010849848,0.2713675678,0.3423431393,0.2920973001,0.6646479799,0.758973449
278.5,1,1,1,1,1,0.4738293868,0.6002571235,0.6638836418,0.4058751975,0.5063129945,0.4255321977,0.2795106564,0.197829395,0.5242475397,0.1945928432,0.7159120906,0.4011368272,0.2714034068,0.3424362192,0.2920453057,0.664675274,0.7591057317
279,1,1,1,1,1,0.4738292725,0.6007060856,0.6639539318,0.4058693337,0.5063599997,0.4257036652,0.2793992424,0.1977749121,0.5241247722,0.1946288111,0.7160877785,0.4011944773,0.271577891,0.3425695386,0.2921331992,0.664796481,0.7591096644
279.5,1,1,1,1,1,0.4739468381,0.600626898,0.6638407273,0.4058750669,0.5064127857,0.4256640691,0.279501178,0.1976590176,0.5241422115,0.1946686298,0.7159693965,0.4015397024,0.2713391153,0.3424866,0.2919895826,0.6646236146,0.7589799521
280,1,1,1,1,1,0.4738863611,0.6003612295,0.6639871576,0.4058138193,0.5064790446,0.4256294779,0.279617928,0.1975626207,0.5242840384,0.1947540097,0.7158704314,0.4014040787,0.271437741,0.3425126398,0.2921172897,0.6646648354,0.7589301447
280.5,1,1,1,1,1,0.473840509,0.6003509492,0.6639665045,0.405965065,0.5063999463,0.4255341032,0.2797088051,0.1977065198,0.5241835042,0.1947502976,0.7160077258,0.4013759051,0.2714834687,0.342521686,0.2922336706,0.6647440187,0.7587175267
281,1,1,1,1,1,0.4739016307,0.6003496722,0.6639973649,0.4059714344,0.5065822866,0.425531204,0.2796755268,0.1976113981,0.5242294563,0.1949424826,0.7160776341,0.4014527276,0.2715624793,0.3425046814,0.2920969662,0.6648352036,0.7586772456
281.5,1,1,1,1,1,0.4739629523,0.6003301039,0.6639896374,0.4060917541,0.5067541376,0.4256054841,0.2796600813,0.1976730492,0.5240984266,0.1948629967,0.716133705,0.4014295525,0.2716053185,0.3423500711,0.2921639302,0.6647062133,0.7587915206
282,1,1,1,1,1,0.4738002407,0.6001872981,0.6639273164,0.4060368825,0.5068037874,0.425405388,0.2796217027,0.1976986978,0.5241240358,0.1947493976,0.7162520524,0.4013829374,0.2716268083,0.3422341098,0.2920099088,0.6648774262,0.7588641719
282.5,1,1,1,1,1,0.4739271371,0.6001631024,0.6636772516,0.4060815942,0.5068131896,0.4255637424,0.2796805899,0.1977991393,0.5241183545,0.1947570621,0.7161543586,0.4014234176,0.2716513048,0.3421509458,0.2920618229,0.6648124805,0.7586784299
283,1,1,1,1,1,0.4740320357,0.6003390675,0.6637125618,0.4060915348,0.5067738664,0.4254299402,0.2797609593,0.1976764505,0.5239636807,0.1948916599,0.7161889397,0.4015202406,0.2715821795,0.3422286709,0.291941407,0.6649062113,0.758567582
283.5,1,1,1,1,1,0.4737843885,0.6003300207,0.6637888697,0.4060095498,0.5068376209,0.425342734,0.2797163747,0.1976346127,0.5241001996,0.1948307655,0.7161097335,0.401720745,0.2714470974,0.3421329253,0.2918812314,0.6649141884,0.7585764027
284,1,1,1,1,1,0.4736119518,0.6003165856,0.6638805064,0.4057704855,0.5069646157,0.4250736884,0.2797583715,0.1976194634,0.5238656905,0.1947593323,0.7159618979,0.4013905071,0.2715008238,0.3421998479,0.2918571204,0.665023142,0.7585504907
284.5,1,1,1,1,1,0.4735111079,0.600259903,0.6637708612,0.4057002993,0.5066506327,0.4251984396,0.2794842187,0.1976411733,0.5236464446,0.1947579405,0.7158739429,0.4012102035,0.2712895302,0.3420125972,0.2917239828,0.6647910678,0.7586367883
285,1,1,1,1,1,0.4736990236,0.6003497125,0.6638426629,0.4055981529,0.5066443239,0.4251972442,0.2792533404,0.1977400546,0.5238083745,0.1947548256,0.7158332192,0.4011537123,0.2712345809,0.3422730564,0.2917582359,0.664672669,0.7585290147
285.5,1,1,1,1,1,0.4735654634,0.6003153359,0.6638911824,0.4056336152,0.5066299112,0.4252380521,0.2794192999,0.1977089958,0.52392037,0.1948997632,0.7160895797,0.4011172668,0.2711743583,0.3422493881,0.2919075126,0.6647211656,0.7586029984
286,1,1,1,1,1,0.4735243647,0.6002801218,0.6638151949,0.4057041514,0.5066672231,0.425363294,0.2797159356,0.1977714767,0.5237999671,0.1948722731,0.7163175956,0.4010392057,0.2712579006,0.3422046697,0.2919954486,0.6646067374,0.7586399461
286.5,1,1,1,1,1,0.4736194961,0.6002449599,0.6638981238,0.4058603958,0.5066795117,0.425290979,0.2794902696,0.1977105828,0.5239067968,0.194994227,0.7162703021,0.4012878946,0.2713614367,0.3421405403,0.2920261357,0.6643009443,0.7586927878
287,1,1,1,1,1,0.4736646585,0.6002846243,0.6637832033,0.4060878379,0.5066829984,0.4252942259,0.2795992366,0.1977710602,0.5239260554,0.1948343071,0.7164468332,0.4013280062,0.2715667693,0.3420411483,0.2920681574,0.6643215212,0.7586167075
287.5,1,1,1,1,1,0.4738965704,0.6003212232,0.6639393255,0.4058111658,0.5066237839,0.4252362712,0.2796256722,0.1978886803,0.5236597852,0.194744801,0.7164512202,0.4014186201,0.2715882173,0.342100892,0.2921577122,0.6643721349,0.7586124698
288,1,1,1,1,1,0.4739824108,0.600168072,0.6640415446,0.406024556,0.5065149785,0.4251099592,0.2796866298,0.1978393691,0.5237385485,0.1947232862,0.7163358881,0.4012585446,0.27167406,0.3420174661,0.2920494356,0.664234161,0.7584922117
288.5,1,1,1,1,1,0.4741847315,0.6003102026,0.6638226156,0.4058335668,0.5063800312,0.4254275884,0.2797952575,0.1977104198,0.5237214615,0.1946444424,0.7164457557,0.4014089688,0.271776091,0.3418491765,0.2919981527,0.664152984,0.758533118
289,1,1,1,1,1,0.4740163794,0.6002139077,0.6636273693,0.4059085041,0.5064368433,0.4251451932,0.2797192638,0.1976496683,0.5236887096,0.1944908463,0.7165455768,0.4016138574,0.2716992592,0.3417893469,0.2919613048,0.6642584229,0.7585164474
289.5,1,1,1,1,1,0.4738453294,0.6002167606,0.663578169,0.4058025461,0.5065584222,0.4252472649,0.2797277166,0.1974887528,0.5238758671,0.1945423825,0.7165227771,0.401457602,0.2717617834,0.3419300995,0.2918991292,0.6642892064,0.7585853668
290,1,1,1,1,1,0.4739796121,0.6000591001,0.6637402389,0.4059077001,0.5065391237,0.4252152824,0.2797351445,0.1974492606,0.5237942835,0.1947469113,0.7162593612,0.4014214705,0.2718069386,0.3419162815,0.2918723041,0.6642446236,0.758604958
290.5,1,1,1,1,1,0.4739238075,0.6001894719,0.6636432543,0.4057264297,0.5064863727,0.4251748208,0.279582905,0.1975033058,0.5240050887,0.1947921513,0.7162079565,0.4013746745,0.2718800948,0.3419651377,0.2919048335,0.6640136852,0.7586239951
291,1,1,1,1,1,0.4737276442,0.6002240807,0.6636361101,0.405630224,0.5065564573,0.4251643518,0.2795025491,0.1974954394,0.5240800916,0.1944668634,0.7162664689,0.4013020983,0.2717790527,0.3421375745,0.2917718871,0.6641122436,0.7586326013
291.5,1,1,1,1,1,0.4737422945,0.6004059227,0.6637614696,0.4056867434,0.5067591362,0.4250325149,0.2795064187,0.1976147035,0.5240570626,0.1945676952,0.7161980638,0.4012626499,0.2718880609,0.3423048661,0.2918376848,0.6642697101,0.7586783358
292,1,1,1,1,1,0.4737272267,0.6005985727,0.6637285289,0.4058864541,0.5067189846,0.4251351437,0.279362795,0.1976882434,0.5240650898,0.1945720186,0.7163147672,0.4011940024,0.2717557458,0.3422917793,0.291932792,0.664351322,0.7586842323
292.5,1,1,1,1,1,0.4736118868,0.6004509339,0.6639857884,0.4057958549,0.506700947,0.4251490322,0.2795501613,0.19770931,0.524127897,0.1947023964,0.7165988008,0.4011942806,0.2717935226,0.3422921238,0.2918528019,0.6642972845,0.7586034685
293,1,1,1,1,1,0.4734058385,0.6004894751,0.6640501867,0.4057633878,0.5067408328,0.4250881219,0.2795539303,0.1976337885,0.5240887407,0.1947496248,0.7163551894,0.4012376435,0.271915065,0.342358211,0.2917777663,0.6643174398,0.7585587782
293.5,1,1,1,1,1,0.473594348,0.600637919,0.6636595027,0.405949646,0.5066853941,0.4251742031,0.2794603475,0.197763604,0.5240360976,0.1948182849,0.7163194019,0.4010539471,0.2717255024,0.3424458475,0.2917838246,0.6643740571,0.7585585557
294,1,1,1,1,1,0.4735847645,0.600469731,0.6638075762,0.4058031893,0.506634254,0.4251566773,0.2794929054,0.1978358829,0.5240597082,0.194953207,0.716264684,0.4011314633,0.2717483794,0.3425199002,0.2918387218,0.6643681924,0.7585166144
294.5,1,1,1,1,1,0.4733812228,0.6006561063,0.6637822007,0.4056803621,0.506775744,0.4251592932,0.2794590372,0.1979044376,0.5241410835,0.1949240671,0.7163410003,0.4011643935,0.2716407476,0.34235815,0.2917040126,0.664349505,0.7584474756
295,1,1,1,1,1,0.4735914367,0.6007393629,0.6636595968,0.4055706088,0.5066271718,0.4252257647,0.279632533,0.1977353239,0.5240640446,0.1948208443,0.7164614665,0.4014212813,0.2717105852,0.3421301382,0.2917249642,0.6645416804,0.7586022524
295.5,1,1,1,1,1,0.4737319015,0.6007409479,0.6634128968,0.4057439404,0.5067929141,0.4251880078,0.2796626138,0.1977283423,0.5240183214,0.194581539,0.7164949822,0.4013742761,0.27178002,0.3421268965,0.2916708728,0.6646824834,0.7585779804
296,1,1,1,1,1,0.4737665188,0.6006763727,0.6637184239,0.4057208638,0.5070504479,0.4251207802,0.2797132949,0.1977419232,0.5240292903,0.1947074211,0.7162614226,0.4012570044,0.271716596,0.3422715274,0.2916860996,0.6645497686,0.758623956
296.5,1,1,1,1,1,0.4736521022,0.6006801458,0.6635335457,0.4059024977,0.5071389115,0.4250882346,0.27980802,0.1978137142,0.5244092192,0.1947030629,0.7161837908,0.4013092528,0.271954522,0.3422048671,0.291692657,0.6645792826,0.7586091455
297,1,1,1,1,1,0.4737533729,0.6006073332,0.6633912708,0.4059304997,0.506847659,0.4251875817,0.2797792545,0.1979416375,0.5244289226,0.1948057436,0.7161976817,0.4012767729,0.2720379953,0.342354303,0.29174252,0.6644876513,0.7585798654
297.5,1,1,1,1,1,0.4737979039,0.600309686,0.6633909037,0.4058807936,0.5068485879,0.4250180381,0.2798807967,0.1979197512,0.5245417747,0.1948680127,0.7163622987,0.4013941566,0.2719571073,0.3423806508,0.2916986524,0.6644113279,0.7586658661
298,1,1,1,1,1,0.4738139499,0.6003648672,0.6634190337,0.4059967443,0.5066817575,0.4247909502,0.2798471611,0.1978932039,0.524730573,0.1948235965,0.7162953411,0.4016892104,0.2719293288,0.3424977076,0.2918482281,0.6642451641,0.7586478202
298.5,1,1,1,1,1,0.473839856,0.6003492268,0.6636675266,0.4060114707,0.5064352387,0.4247935746,0.2797610171,0.1978006978,0.524533092,0.1946550731,0.7162304593,0.4014905162,0.2720283098,0.3422517909,0.2919703293,0.6643843253,0.7586878021
299,1,1,1,1,1,0.4737452243,0.6004913861,0.6637601295,0.4058889431,0.5067708852,0.4248903501,0.2797744832,0.1979251134,0.524543208,0.1946251607,0.7162558084,0.4014015168,0.2720079803,0.3419544729,0.2919238418,0.6646202725,0.7587210693
299.5,1,1,1,1,1,0.4737296613,0.6005142486,0.663848718,0.4057349662,0.5068555073,0.4248933914,0.2797198007,0.197941411,0.5246420629,0.1946210103,0.7162049449,0.4013104664,0.2719591161,0.3419800312,0.2920637408,0.6648649441,0.7588720407
300,1,1,1,1,1,0.473736878,0.6005235791,0.663723376,0.4057381721,0.5066176871,0.4252259724,0.2796226843,0.1980396207,0.5246913255,0.1947202461,0.7161552268,0.4014505982,0.2719868359,0.3418718425,0.292007521,0.6647080687,0.7589507525
300.5,1,1,1,1,1,0.4736567416,0.6004805692,0.6639111896,0.405797994,0.506585858,0.4252009028,0.2796575157,0.1980614146,0.5244092296,0.1946594984,0.7163616525,0.4014010053,0.2719571228,0.3421267668,0.2918199521,0.6649270754,0.7588934301
301,1,1,1,1,1,0.4736322394,0.600491916,0.6639417245,0.4056764066,0.5067025052,0.4248410336,0.2794225006,0.1978573534,0.5242902654,0.1947483902,0.71630731,0.4012468591,0.2719636472,0.3421505411,0.2918139717,0.6649133128,0.758943188
301.5,1,1,1,1,1,0.4737076421,0.6003800331,0.6639265356,0.4058549064,0.5064972349,0.4249587749,0.2794398588,0.1979310607,0.5241859181,0.1947805762,0.7163257348,0.4014650984,0.2719103368,0.3420758702,0.2919118047,0.6646612404,0.7589298292
302,1,1,1,1,1,0.4737108441,0.6003679052,0.663968943,0.4056181088,0.5067764039,0.4248693035,0.2794671088,0.1979595241,0.5242133208,0.1947300342,0.7163484586,0.4012999638,0.2717874884,0.3420772336,0.2919877677,0.6647341884,0.7588456905
302.5,1,1,1,1,1,0.4736037773,0.6006536676,0.6638387777,0.4057636311,0.5066868724,0.4249639544,0.279780594,0.1979048451,0.5240663885,0.1946807102,0.7161892974,0.4014592337,0.2717809165,0.3419889081,0.2919667146,0.6647273511,0.75894734
303,1,1,1,1,1,0.4737072444,0.6005550896,0.6639523683,0.4055870805,0.5069304941,0.4249872093,0.2798652917,0.1979536974,0.5241712649,0.1947995361,0.7161415254,0.4014692514,0.2717680709,0.3419223553,0.2920683198,0.6645521959,0.7590239123
303.5,1,1,1,1,1,0.4737979837,0.6002666606,0.6638485984,0.405791892,0.5068896623,0.4251496889,0.2797395317,0.1980266177,0.5243683605,0.1947144229,0.7160525541,0.4015924781,0.2717479672,0.3420006066,0.2921508297,0.6646566754,0.759097981
304,1,1,1,1,1,0.4740089165,0.6004018886,0.6638073373,0.4055759534,0.5067251046,0.4251334612,0.2797957353,0.1978834782,0.524386369,0.1947746071,0.7159168751,0.4016173042,0.2717717357,0.3420298129,0.2921376892,0.6646628939,0.7590840835
304.5,1,1,1,1,1,0.4738911433,0.6002433817,0.6636811838,0.4056682447,0.506741761,0.4252564837,0.2796968384,0.197995725,0.524502716,0.1948614183,0.7159340813,0.401742241,0.27195497,0.3421448979,0.2921754569,0.6647037823,0.7591191134
305,1,1,1,1,1,0.4739815568,0.6001578415,0.6635523831,0.4056126004,0.5067697624,0.4252518182,0.2796458446,0.1980141499,0.5246632202,0.1947808125,0.7159148854,0.4016554587,0.2718950263,0.3421027079,0.2921705606,0.6647816855,0.7590277926
305.5,1,1,1,1,1,0.4739855746,0.6003077428,0.6636611724,0.4058722815,0.506785435,0.4251560683,0.2798596177,0.1979620239,0.5244800587,0.1948395617,0.7159566719,0.4014701036,0.2718180517,0.342234288,0.2919335694,0.6646878505,0.7589176667
306,1,1,1,1,1,0.4740115034,0.6002372709,0.6636957332,0.4058507682,0.5069185123,0.4251891329,0.2796459025,0.1979361682,0.5243405515,0.1948792079,0.715920754,0.4015257008,0.2717837067,0.3422944428,0.2920922975,0.6647213854,0.7587773405
306.5,1,1,1,1,1,0.4738610611,0.6002376826,0.6636293033,0.4057716554,0.50699118,0.4251661351,0.2795230909,0.1978602204,0.5242961833,0.1949308413,0.7159256074,0.4015422975,0.2717408685,0.3425437306,0.2919862128,0.6646508057,0.7588205102
307,1,1,1,1,1,0.4739658496,0.6003757255,0.663663749,0.4057010411,0.5071196246,0.4251202358,0.279581017,0.1978082786,0.5242958324,0.1948617187,0.7160530176,0.401492701,0.2716530559,0.342420405,0.2922851194,0.6646258918,0.7587628635
307.5,1,1,1,1,1,0.4739454142,0.6000995411,0.6638436809,0.4055597822,0.5069158541,0.4250782642,0.2795825014,0.1978037235,0.5242676885,0.194821497,0.7159884797,0.4014725445,0.2715412231,0.3424033575,0.2922610633,0.664667355,0.7589026879
308,1,1,1,1,1,0.4738671869,0.6001823432,0.6637651689,0.4055899335,0.506896358,0.4251036124,0.279460181,0.1979368912,0.524451937,0.1947828251,0.7158586255,0.4015156929,0.2715151189,0.3422246932,0.292074712,0.6646582697,0.7588674022
308.5,1,1,1,1,1,0.4738985523,0.6001585149,0.6636604121,0.4056284454,0.5069134106,0.4250478951,0.2793714888,0.1978312817,0.5244107896,0.1948024709,0.7160035391,0.4013028066,0.2715390991,0.3423563462,0.2921420929,0.6647163231,0.7588825746
309,1,1,1,1,1,0.4736969878,0.6005170783,0.663638451,0.4057616012,0.5069849175,0.4250293164,0.279420186,0.1976084337,0.5243053998,0.1947540755,0.7158049179,0.4013838188,0.2715707335,0.3423181245,0.2921327154,0.6648049694,0.7588506186
309.5,1,1,1,1,1,0.4737164978,0.6005488099,0.6637558369,0.4056386797,0.5070907017,0.4250934638,0.2794557132,0.197600785,0.5242073282,0.1948748466,0.7157387503,0.4015686783,0.2715779978,0.3422267575,0.2921695624,0.6647930071,0.7589182719
310,1,1,1,1,1,0.4735485864,0.6004898657,0.6635793963,0.4055017037,0.5067327975,0.4249178248,0.2795244397,0.1975123695,0.524160574,0.1947850046,0.7157852352,0.4014552792,0.2716938751,0.3421524224,0.2920862208,0.6646493883,0.758997335
310.5,1,1,1,1,1,0.4735436332,0.6001905799,0.6636469243,0.4055051186,0.5065389459,0.4249945373,0.2794724803,0.1976755062,0.5239011511,0.1945716777,0.7157066453,0.4013118352,0.2716614626,0.3422425697,0.2920625994,0.6646905574,0.7589201748
311,1,1,1,1,1,0.4735765655,0.6003085371,0.6634151991,0.4056136808,0.5065484619,0.4249392318,0.2795741951,0.1977321029,0.523758707,0.1944956242,0.7156470225,0.4012125994,0.2716418723,0.3422002275,0.2919641456,0.664561513,0.7588509273
311.5,1,1,1,1,1,0.473764028,0.6002989453,0.663601715,0.4056625411,0.5067616275,0.4248578969,0.2795900935,0.1976808939,0.5236235648,0.1945819297,0.7156591038,0.401341076,0.2716623388,0.3420836545,0.2921345721,0.6644024544,0.7590011988
312,1,1,1,1,1,0.4737301327,0.600330241,0.663745889,0.4056681567,0.5069318108,0.4247939889,0.2794599782,0.1976865688,0.5235754477,0.1948063953,0.7156190833,0.4014877001,0.2716014245,0.3419745321,0.2921289266,0.6643917396,0.7589601161
312.5,1,1,1,1,1,0.4737872486,0.6003700727,0.6636494788,0.4055338121,0.5070207555,0.4249052674,0.2794190343,0.1976883072,0.523615022,0.1948092314,0.715557156,0.40140325,0.2714961419,0.3420311222,0.2920227264,0.6644613015,0.7588930015
313,1,1,1,1,1,0.4738434575,0.600346411,0.6636741096,0.4055343696,0.5071812392,0.4251465288,0.2793606893,0.1976943668,0.5236334801,0.194750967,0.715422719,0.4015419062,0.2714154155,0.3421149629,0.2920895401,0.6645227717,0.7587938175
313.5,1,1,1,1,1,0.4737246956,0.6004588732,0.6636153104,0.4054554574,0.5069626143,0.4250651012,0.2794396496,0.1977096407,0.5237476533,0.1947444588,0.7151852201,0.4015812367,0.2714663691,0.3421066779,0.2920897084,0.6645410127,0.7589092932
314,1,1,1,1,1,0.4737284488,0.6004510125,0.6637064747,0.4054754816,0.5067830336,0.4250053491,0.2793444021,0.1975721036,0.5235968902,0.1948100574,0.7152709242,0.4015937471,0.2713831895,0.3418896162,0.2919597989,0.6643272152,0.7588721249
314.5,1,1,1,1,1,0.4736817399,0.6004462819,0.663827011,0.4053993462,0.5066357006,0.4248846443,0.2793386438,0.1974833839,0.523418501,0.1946841356,0.7152788699,0.4016469684,0.2714468805,0.3419813282,0.2920251775,0.6643301188,0.7587579602
315,1,1,1,1,1,0.4736348027,0.6002981421,0.6637740994,0.4055189267,0.5065954709,0.4251729101,0.2792382246,0.1976348204,0.523388221,0.1946986662,0.7154089089,0.4015752256,0.2712806898,0.3419422453,0.2919103941,0.6642632599,0.7585812321
315.5,1,1,1,1,1,0.4736325336,0.6004542153,0.6637208961,0.4054945475,0.5064587706,0.425050325,0.2793565464,0.1975721389,0.5232384653,0.1948834968,0.715462268,0.4016975862,0.2713458666,0.3419833068,0.2917470342,0.6644942971,0.7585674814
316,1,1,1,1,1,0.473528312,0.600342711,0.6638003916,0.4054199981,0.5064738569,0.4251943984,0.2793328894,0.1976044762,0.5231791955,0.1948676453,0.7155412826,0.4018587945,0.2714960953,0.3419383393,0.291857799,0.6644566488,0.7585126704
316.5,1,1,1,1,1,0.4734851847,0.6003818552,0.663904112,0.4056479292,0.5064904406,0.4252755999,0.2794175162,0.1975345927,0.5233223789,0.1948620318,0.7154798551,0.4018760882,0.2715692768,0.3421713084,0.2921632636,0.6644840139,0.7584853482
317,1,1,1,1,1,0.4736187646,0.6000845431,0.6638181773,0.4056057369,0.50661001,0.4252209115,0.2793778834,0.1974402586,0.5230813304,0.194846444,0.7154030057,0.4018981926,0.2717996642,0.3419208668,0.2919797802,0.6644374731,0.7584894433
317.5,1,1,1,1,1,0.4737541039,0.6001921253,0.663778883,0.4052820105,0.5066275752,0.4251837174,0.2794242974,0.1976072114,0.5234033833,0.1950296798,0.7153360189,0.4018731991,0.2716595418,0.3419762826,0.2918753911,0.6641923914,0.7585686571
318,1,1,1,1,1,0.4735355993,0.600118527,0.6640541008,0.4052417581,0.506601358,0.4253636751,0.2792498189,0.1976799585,0.523524598,0.1949843157,0.7151367848,0.4016661515,0.2714824587,0.3420290687,0.2919123008,0.6643914094,0.7585342538
318.5,1,1,1,1,1,0.4733955267,0.600057511,0.6636966521,0.4053692849,0.5065719873,0.4253651448,0.2792890819,0.1975717808,0.5235971723,0.1949895637,0.7151631162,0.4016446535,0.2715506017,0.3421226588,0.2917867176,0.6644825296,0.758746579
319,1,1,1,1,1,0.4733524773,0.6000265024,0.6637803352,0.4053836521,0.5065300701,0.4252377637,0.2793412968,0.1976399231,0.5235139766,0.1950660016,0.7151029376,0.4019107038,0.2716469056,0.341897438,0.2918006124,0.6643132257,0.758716387
319.5,1,1,1,1,1,0.4732996403,0.600071719,0.6636832574,0.4052758284,0.5065134518,0.4253760137,0.2792933945,0.1977047841,0.5237131271,0.1949594592,0.7152002103,0.4018180871,0.2716697693,0.341714627,0.2919586011,0.6642100066,0.7586918753
320,1,1,1,1,1,0.4733959736,0.6002193658,0.6636258881,0.4052908573,0.506568739,0.4255291653,0.2794974517,0.1975023902,0.5237701793,0.1949520348,0.7151197716,0.4018957082,0.2718244757,0.3421293954,0.2918799263,0.663977784,0.7587896139
320.5,1,1,1,1,1,0.4736609839,0.6001850979,0.6636275958,0.4052218579,0.5064496372,0.425265472,0.279619056,0.1973716397,0.5238977526,0.1948835281,0.7151548734,0.4016234171,0.2718830336,0.3421917203,0.291845741,0.6640624147,0.7588752596
321,1,1,1,1,1,0.473470526,0.6001847617,0.6637013468,0.4054305718,0.5065973161,0.4252787864,0.2795497699,0.1974272276,0.5239170148,0.1948956201,0.7151546807,0.4016551823,0.2719243854,0.3421744907,0.2918187263,0.6640475824,0.7587642394
321.5,1,1,1,1,1,0.4735549072,0.6003693809,0.6638231231,0.4054657476,0.506544096,0.4250604578,0.2796251378,0.1974929341,0.5239497536,0.1948166392,0.7153018223,0.4016972034,0.2717239773,0.3421330112,0.2916269063,0.6641438517,0.7588031257
322,1,1,1,1,1,0.4737657998,0.6002450202,0.6637629034,0.4054149774,0.5064751156,0.4250781889,0.2797690482,0.1975329251,0.5238742294,0.1946355979,0.7151960871,0.4017499299,0.2716459655,0.3420472238,0.2917092285,0.6640864743,0.7586111024
322.5,1,1,1,1,1,0.4736951608,0.6001479922,0.6637149541,0.4054399669,0.5064971937,0.4250178096,0.279663973,0.197735894,0.523903553,0.19455762,0.7153476903,0.4016886263,0.2717190567,0.3419926244,0.291596451,0.6638217928,0.758544108
323,1,1,1,1,1,0.4736245514,0.6002381103,0.6638025753,0.405559104,0.5065741652,0.4249859834,0.2794780543,0.1977673865,0.5239374015,0.1945898468,0.7153195037,0.4015548458,0.2716040725,0.3420613824,0.2917980113,0.6637112314,0.758575035
323.5,1,1,1,1,1,0.4736519573,0.6003932294,0.6638087872,0.4057010037,0.506703634,0.4250664681,0.2793798333,0.1979070392,0.5238597211,0.1946656767,0.7154615327,0.4013102927,0.2715486744,0.3419885723,0.2919298928,0.6636374965,0.7585848079
324,1,1,1,1,1,0.4736470308,0.6005985548,0.6637133642,0.4057111952,0.5068381806,0.42517639,0.2794518711,0.1978554266,0.5237661823,0.1944458206,0.7155153217,0.4012689835,0.2715332892,0.3421452057,0.2920285028,0.6635861335,0.7586268112
324.5,1,1,1,1,1,0.4735435477,0.6002158801,0.6639842414,0.4058128385,0.5069491575,0.4250720671,0.2794967467,0.1978735193,0.5239038123,0.1945063832,0.7154510196,0.4014701404,0.2714294069,0.3419772881,0.2918973918,0.6636689496,0.7586304103
325,1,1,1,1,1,0.4737615029,0.600310882,0.6640002476,0.4060094869,0.50676166,0.4251764325,0.2794495081,0.1980150612,0.5238168797,0.1946889817,0.7154554626,0.4015799921,0.2713402357,0.3420816798,0.2918808832,0.6635547103,0.7586968931
325.5,1,1,1,1,1,0.473823665,0.6003448681,0.6638748954,0.4059193136,0.5068890062,0.4250957032,0.2793857094,0.1978446957,0.5237877182,0.1947633262,0.7155381936,0.4014736267,0.2713428887,0.3418690616,0.2918721631,0.6634037321,0.7588927561
326,1,1,1,1,1,0.4738381876,0.6003183454,0.6637876181,0.4062590544,0.5068858781,0.4250508861,0.2794111393,0.1976895507,0.5237726216,0.1946837729,0.7155587558,0.401494194,0.2715713974,0.3419233879,0.291930537,0.663395404,0.7589917302
326.5,1,1,1,1,1,0.4734777038,0.6001754663,0.6639530853,0.4060188606,0.5067757015,0.4248353693,0.2794532745,0.1976725039,0.5236699317,0.1947271451,0.7156083606,0.401478061,0.2713498363,0.3420308588,0.2918419694,0.6632245663,0.7591498698
327,1,1,1,1,1,0.4735113589,0.6001096017,0.6638728583,0.4059181625,0.5065799724,0.4249968156,0.2796802343,0.1978335357,0.5234707975,0.1947598662,0.7156261162,0.4013752779,0.271291537,0.3419355419,0.2917277502,0.6631917776,0.7590699282
327.5,1,1,1,1,1,0.4736294583,0.5999789191,0.6638529675,0.4059503302,0.5065823327,0.4250463989,0.2794706469,0.1977198129,0.5235489895,0.1946708267,0.7156110284,0.4012429877,0.2713454152,0.3422544185,0.2917108684,0.6630727791,0.7590298595
328,1,1,1,1,1,0.4735090098,0.5999527278,0.6636781352,0.4058127352,0.5064275502,0.4249931534,0.2793289545,0.1977014701,0.5237405547,0.1946288496,0.7157190393,0.4010977287,0.2712961195,0.342294207,0.2916307821,0.6630828598,0.7591828547
328.5,1,1,1,1,1,0.4734688624,0.5999374754,0.6636423152,0.4056804717,0.5065000896,0.4250848667,0.2793275747,0.1976571418,0.5237980641,0.1944885357,0.7158768251,0.400863713,0.2712776046,0.3421942019,0.2916637373,0.6632620455,0.7592026712
329,1,1,1,1,1,0.4735767783,0.6001370694,0.6639470773,0.4058487308,0.5066620633,0.4249857235,0.279346607,0.1976486164,0.5235305139,0.1944763642,0.7160055675,0.4011689592,0.2713173267,0.3419713922,0.2916547363,0.6635418271,0.7591982012
329.5,1,1,1,1,1,0.4737831224,0.600179435,0.6638650066,0.4056445565,0.5068072487,0.4249509867,0.2793575018,0.1975944972,0.5235764583,0.1945378971,0.7160110405,0.4011952575,0.2713532117,0.3419768797,0.2915851407,0.6636835194,0.7590941424
330,1,1,1,1,1,0.4738207639,0.6000800735,0.6637335419,0.4055520103,0.5068665611,0.4251694017,0.2795169785,0.1977567563,0.5235369101,0.194555738,0.7158905018,0.4010840973,0.2714977658,0.3419516105,0.2916862134,0.6638276801,0.7591440809
330.5,1,1,1,1,1,0.473740898,0.6002749211,0.6637373253,0.4056490091,0.5067055893,0.4251099231,0.2793843204,0.1976613445,0.5235775133,0.194602694,0.7158778422,0.4011533983,0.2716825609,0.3418208485,0.2917288612,0.6639363873,0.759162041
331,1,1,1,1,1,0.4738571686,0.600186076,0.6636720336,0.4058114821,0.5069561625,0.4251629076,0.279432084,0.1976196074,0.5235295584,0.1945375167,0.715804987,0.4012159826,0.2715769032,0.3416587,0.2918157094,0.6639832971,0.7591126132
331.5,1,1,1,1,1,0.4737968241,0.6003222816,0.6637375559,0.4058432952,0.5068520314,0.4255067873,0.2796335793,0.1977765351,0.523718314,0.1946296562,0.7157680961,0.4011977594,0.2717149998,0.3417329987,0.2917093501,0.6637023869,0.7592053099
332,1,1,1,1,1,0.4737045455,0.6002887383,0.6636991406,0.4058259167,0.5066706655,0.4252957348,0.2797036391,0.1980170322,0.5237316884,0.1947115025,0.7156478581,0.401335366,0.2716134057,0.3417906809,0.2916153677,0.6637555443,0.7591115546
332.5,1,1,1,1,1,0.4736929971,0.6000916748,0.6638637781,0.4058126242,0.5068429902,0.4253417806,0.2798246767,0.1980197037,0.5236252601,0.1946594936,0.7158992093,0.4013379914,0.2714937773,0.3417589743,0.2916355968,0.6636988736,0.7590146167
333,1,1,1,1,1,0.4737402967,0.6002036621,0.663910371,0.4057614395,0.5069610179,0.4251656352,0.2796613208,0.1979551249,0.5235294722,0.1947604857,0.7160198229,0.4011884101,0.2715147935,0.3418633745,0.2915294574,0.6637342413,0.7591119963
333.5,1,1,1,1,1,0.4738016766,0.6000880571,0.6639626631,0.4058914041,0.5066762389,0.4252869458,0.2795998457,0.1981428317,0.5237194912,0.1948758357,0.7159539308,0.4013159477,0.271439987,0.3420077594,0.291621739,0.6637774778,0.7589875328
334,1,1,1,1,1,0.4737870008,0.6003737801,0.6640754805,0.4057361488,0.5065745601,0.4252239621,0.2796648881,0.1980726171,0.5239524535,0.1947529986,0.7160173867,0.4012256905,0.2713741837,0.3420315671,0.2917772168,0.6638339259,0.7590477299
334.5,1,1,1,1,1,0.4739699461,0.6002432659,0.6640510088,0.4057592247,0.5065571893,0.4253548773,0.2795474184,0.1979204398,0.5239011627,0.1947970475,0.7162421167,0.40107696,0.2713775392,0.3420771782,0.2919536739,0.6636321451,0.7589314472
335,1,1,1,1,1,0.4739055461,0.6004022206,0.6638926819,0.4059395058,0.5064588087,0.4253624277,0.2794036836,0.1979047861,0.5239070581,0.1948892138,0.7161662566,0.4011657495,0.2714730812,0.3421406573,0.2920782974,0.6637101804,0.758940248
335.5,1,1,1,1,1,0.4737224621,0.600477087,0.663647559,0.4061418791,0.5065739975,0.4251414893,0.2794681112,0.1978311954,0.5237533438,0.1948629918,0.716188817,0.4010700808,0.2714898219,0.3421333234,0.2919298576,0.6635940759,0.7590434002
336,1,1,1,1,1,0.4736737962,0.6003481303,0.6636752535,0.4058546011,0.5066706545,0.4250618371,0.2796275821,0.1977792753,0.5237434271,0.1949050092,0.7161749033,0.4011908448,0.2715460814,0.3421644177,0.2918616566,0.6636176209,0.7590956679
336.5,1,1,1,1,1,0.4738068634,0.6001913687,0.6637952577,0.4060568956,0.5067237185,0.4249199272,0.2796890487,0.1978664281,0.5241105238,0.194875995,0.7161826841,0.401266591,0.2715103171,0.3421410301,0.2918842339,0.6638298655,0.7589060952
337,1,1,1,1,1,0.4737809116,0.6002378456,0.663837502,0.4060587281,0.5068202861,0.4249329102,0.2795966279,0.197992661,0.524128434,0.1948788655,0.7162363473,0.4013546622,0.2715052716,0.3421040804,0.2918295467,0.6640158674,0.7587496248
337.5,1,1,1,1,1,0.4737945955,0.6001267257,0.6636409358,0.4062106093,0.5069301977,0.4249748166,0.279545992,0.1979670421,0.5242783439,0.1948828536,0.7164467497,0.4014348951,0.2716638597,0.3419958381,0.2919043659,0.6640641839,0.7586425414
338,1,1,1,1,1,0.4737973596,0.6002334976,0.6638211615,0.4058466226,0.5068821693,0.4248209693,0.2795443573,0.1978685185,0.5240922514,0.1947546097,0.7165018285,0.401562488,0.2716347547,0.3420093365,0.2917327637,0.6640164441,0.7586656729
338.5,1,1,1,1,1,0.473851438,0.6003012411,0.6637247185,0.4056926417,0.506894634,0.4248991527,0.2793625235,0.1978224575,0.5242365079,0.1947484175,0.7163939819,0.4013957623,0.2715899518,0.3418772795,0.2916904737,0.663790171,0.7587672263
339,1,1,1,1,1,0.4737920123,0.6001115427,0.6637729659,0.4061081986,0.5067839812,0.4250533622,0.2793710268,0.1976142331,0.5243386745,0.1947455052,0.7162776963,0.4012723377,0.2715761635,0.3419326586,0.2917809085,0.6640027908,0.7586760077
339.5,1,1,1,1,1,0.4739346582,0.6002396992,0.6637964403,0.4058690777,0.5066803726,0.425028383,0.2791963864,0.1976605647,0.5245492785,0.1947248168,0.7162379397,0.4014092539,0.2717906348,0.3419784281,0.2918708001,0.6641166762,0.7586835183
340,1,1,1,1,1,0.4737057074,0.6002478145,0.663701764,0.4055467284,0.5066758282,0.4251295303,0.2793149217,0.1975591545,0.5244858999,0.1946682816,0.7161507557,0.4012682061,0.2719553725,0.3419582788,0.2919316135,0.6640302454,0.7588367725
340.5,1,1,1,1,1,0.4735332024,0.6004498054,0.663499938,0.4056586256,0.5067022699,0.4250742261,0.2791983369,0.1977109265,0.5243611664,0.1946092295,0.7161608287,0.4013211986,0.2720489625,0.3418823234,0.2918381618,0.6640660693,0.7588451106
341,1,1,1,1,1,0.4736869401,0.6004411289,0.6636082305,0.4055652486,0.5068615019,0.4250786656,0.2794239858,0.1976274182,0.5244091581,0.1945128949,0.7160453977,0.4012913768,0.2719578734,0.3421318293,0.2918747877,0.6641394723,0.7589813255
341.5,1,1,1,1,1,0.4736929694,0.6001372967,0.6636653122,0.4057387301,0.5068512261,0.4249835797,0.279372771,0.1976175848,0.5244361652,0.1944491226,0.7158849499,0.401263182,0.2719502851,0.3421246445,0.292106313,0.6643021252,0.7589951936
342,1,1,1,1,1,0.4735642886,0.6002000934,0.6635843211,0.4058312149,0.5069343364,0.424958079,0.2792753539,0.1976781143,0.5245871009,0.1946371686,0.7159616499,0.4012538408,0.271802234,0.3420772953,0.2920494594,0.6641774139,0.7589596176
342.5,1,1,1,1,1,0.4736694557,0.6005356232,0.6634681051,0.4056567018,0.5065811421,0.4249641826,0.2793639809,0.1977608344,0.5242850906,0.1945763003,0.7159454312,0.401216113,0.2716948096,0.3421606432,0.2918796012,0.6640394416,0.7589968694
343,1,1,1,1,1,0.4735652617,0.6003157951,0.6635657933,0.4058975077,0.5067089861,0.424977929,0.2792351252,0.197717814,0.5240937599,0.1945147528,0.7159973639,0.4012891385,0.2716501361,0.3420332173,0.2919163873,0.6641184788,0.7589780197
343.5,1,1,1,1,1,0.4736050304,0.6002049398,0.6636909087,0.4056688876,0.5065030717,0.4248728989,0.2792818952,0.1977281785,0.5240252854,0.194463034,0.716030896,0.4013913546,0.2716402595,0.3420938068,0.2920549881,0.6642418096,0.7589681434
344,1,1,1,1,1,0.4735943472,0.5999467714,0.6637031167,0.4056661558,0.5065406649,0.4250026443,0.2790995963,0.1976189489,0.5240690494,0.1943833198,0.7161103449,0.4013636495,0.2715799625,0.3422122728,0.292090796,0.6642600247,0.7588924838
344.5,1,1,1,1,1,0.4736289789,0.600065964,0.6637766434,0.4056948958,0.5064021803,0.4248881311,0.2790229776,0.1975368862,0.5240969889,0.1943916059,0.71604788,0.401120436,0.2715433283,0.342190459,0.2919122252,0.6642654549,0.7589531637
345,1,1,1,1,1,0.4738197064,0.600190777,0.6638771826,0.4057684268,0.5065633515,0.4248889127,0.2790712518,0.197432591,0.5239259541,0.1945531836,0.716072977,0.4011266295,0.2716466451,0.3423648925,0.2917065927,0.6642831327,0.7590604781
345.5,1,1,1,1,1,0.4735893377,0.6000758915,0.6638006351,0.4059628832,0.5065495013,0.4249079933,0.2790684952,0.1977261477,0.5240008792,0.1946066754,0.7162623531,0.4013175671,0.2715584268,0.3422089425,0.2916771119,0.6642175448,0.7591874468
346,1,1,1,1,1,0.4734983103,0.6000064229,0.6638364382,0.4059908175,0.5067301164,0.4248733612,0.2791477808,0.1977216337,0.5241027678,0.1947753359,0.7161536165,0.4012377801,0.2717427746,0.3420196924,0.2915401998,0.6642298033,0.7590795974
346.5,1,1,1,1,1,0.4733418511,0.6000919939,0.6637351504,0.4059023398,0.5066219761,0.4249228569,0.2792077825,0.1977303203,0.5240532426,0.1947774721,0.7161644049,0.4012579993,0.2717859033,0.3422992823,0.2916429079,0.6641870924,0.7590692044
347,1,1,1,1,1,0.4734474436,0.6002766276,0.6636259438,0.4057720223,0.506681865,0.4251052804,0.2792315101,0.1976263407,0.5239063708,0.1947890766,0.7162889848,0.4012176131,0.2719693992,0.3424946641,0.2915059735,0.6639563236,0.7590164163
347.5,1,1,1,1,1,0.4734637566,0.6001555266,0.6637536362,0.4056226454,0.5065652987,0.4250227953,0.2795557038,0.1977570487,0.5238517977,0.1945952891,0.7162925201,0.4011333162,0.2719298817,0.3421796001,0.291415792,0.664020238,0.7590807932
348,1,1,1,1,1,0.4735430054,0.600011597,0.6637954563,0.4057237273,0.5065507434,0.4250117389,0.2795678791,0.1977918468,0.5238974999,0.1946580956,0.7164465775,0.4010625968,0.2719159878,0.3423259657,0.2915640031,0.663913942,0.7590269554
348.5,1,1,1,1,1,0.4734848419,0.5999886833,0.6638310138,0.4057663304,0.5065979989,0.4249430734,0.2795132095,0.1976660617,0.5237251102,0.194729188,0.7162247727,0.4011035432,0.2717575857,0.3422605483,0.2916625048,0.6638897078,0.7589705096
349,1,1,1,1,1,0.4734955589,0.599939752,0.6637466309,0.4058018547,0.506561188,0.4250068228,0.2793739101,0.1975807505,0.5235190663,0.1946684663,0.7161962815,0.4012534824,0.2717594244,0.3424407127,0.2917813849,0.6639836376,0.7588838812
349.5,1,1,1,1,1,0.4733800448,0.600073771,0.6636627807,0.4057695834,0.506509674,0.4250265264,0.2794703626,0.1976194283,0.5235057284,0.1946365166,0.7160524164,0.4012282971,0.2717188063,0.3425778052,0.2918206755,0.6640470158,0.7588294573
350,1,1,1,1,1,0.4734375518,0.5999361516,0.6637327829,0.4058676599,0.5067870908,0.4251686961,0.2794881282,0.1976422374,0.523486999,0.194697309,0.7160827045,0.401471276,0.2717881039,0.342632205,0.2919345991,0.6640338241,0.7587600076
350.5,1,1,1,1,1,0.4735083532,0.5997830545,0.6637258705,0.4059507878,0.5066861763,0.4253856582,0.2797503265,0.1976934136,0.5234065083,0.1947390702,0.7160626507,0.4012516526,0.2717624338,0.3425669659,0.291883175,0.6641918915,0.7588349315
351,1,1,1,1,1,0.473439823,0.6001281452,0.6634989079,0.4060788354,0.5067221321,0.4254797347,0.2795918655,0.1975429623,0.5237425143,0.1946689061,0.7160221341,0.4012203213,0.2717379249,0.3425637038,0.2918682414,0.6641113699,0.7587702978
351.5,1,1,1,1,1,0.4733974431,0.6003293267,0.6635372285,0.4060612546,0.5063571166,0.4250753265,0.2796781957,0.1976688841,0.5236931764,0.1946130418,0.7160437858,0.4013868793,0.2719174657,0.3425358998,0.2919518411,0.6640839957,0.7586873978
352,1,1,1,1,1,0.4736995516,0.6003023785,0.6634084974,0.4060376528,0.5063957163,0.425141753,0.2795094425,0.1976222227,0.5234141837,0.1946534122,0.7160664208,0.4012788015,0.2718533401,0.3423670741,0.2919740592,0.6640380942,0.758642561
352.5,1,1,1,1,1,0.4734094138,0.6004811506,0.6637516673,0.4063208779,0.5063349083,0.4251174998,0.2793994235,0.1977548761,0.5235260367,0.1946012612,0.7160845444,0.4012578564,0.27168281,0.3424996688,0.2920745774,0.6639238804,0.7586108544
353,1,1,1,1,1,0.4735010206,0.6003665682,0.6639196328,0.4061551913,0.5063712867,0.4250940535,0.2793276627,0.1977886229,0.5236859868,0.1944999657,0.7159295893,0.4013401074,0.2714885971,0.3423127928,0.2919641637,0.6637735861,0.7585826192
353.5,1,1,1,1,1,0.4735710138,0.6001947988,0.6639979464,0.4059303553,0.5062671078,0.425134691,0.2794498169,0.1977952094,0.523819775,0.1946315616,0.7159890867,0.401583852,0.2716772379,0.3421730053,0.2919976703,0.663733935,0.7587210969
354,1,1,1,1,1,0.4736800624,0.6003551842,0.66388493,0.4059335462,0.5065176363,0.4250253163,0.2794973998,0.1978053795,0.5237527428,0.1946401184,0.7161864923,0.4014020853,0.2716872164,0.3423294481,0.292133575,0.6637680217,0.7585658192
354.5,1,1,1,1,1,0.473718889,0.6001435594,0.6639752374,0.4059313311,0.5065377876,0.4250497659,0.2796434693,0.1977255717,0.5237921039,0.1945131778,0.7160545828,0.401310018,0.2715309754,0.3420683671,0.2921423186,0.6637487586,0.758591174
355,1,1,1,1,1,0.4737370692,0.6002698031,0.664012774,0.4060429595,0.5063636075,0.4250195009,0.2796842332,0.1979335745,0.5239338423,0.1946493524,0.7161478482,0.4013288212,0.27150821,0.3420920165,0.2920308245,0.6638812853,0.7585866188
355.5,1,1,1,1,1,0.4737996958,0.6002258306,0.6640171827,0.4062990396,0.5063726885,0.4251290448,0.2796726725,0.1979838256,0.524142406,0.1949184883,0.7161983402,0.4011752962,0.271495412,0.3419820137,0.2921792085,0.663846754,0.7585207657
356,1,1,1,1,1,0.4737268696,0.6002736036,0.6639232519,0.4061561119,0.5064311388,0.4251885417,0.279536013,0.1979876839,0.5236995807,0.1948822326,0.7160784807,0.4012711791,0.271531586,0.3418608952,0.2918912616,0.6637858175,0.758524872
356.5,1,1,1,1,1,0.4737348156,0.6002384923,0.6640549947,0.4061420596,0.5065505922,0.4250463225,0.2795508493,0.197880564,0.5237983894,0.1951290291,0.7159907213,0.4011575691,0.2716943599,0.3419546045,0.2918857836,0.6637360972,0.7583421046
357,1,1,1,1,1,0.4737559857,0.6003538679,0.6639609947,0.4062091808,0.5067719066,0.4251917434,0.2795065867,0.1977158275,0.5236269946,0.1951400356,0.7157921408,0.4012249579,0.2717580927,0.3419033411,0.2917610742,0.6638151028,0.7583321691
357.5,1,1,1,1,1,0.4736695042,0.6003524593,0.6639772214,0.406093477,0.5068210542,0.4249859865,0.2796445884,0.1976540705,0.5235456223,0.1951230616,0.7155757,0.4011310952,0.2717824571,0.3421342178,0.2917690513,0.6638748287,0.7582242312
358,1,1,1,1,1,0.4736451764,0.6003653851,0.6640798758,0.4061237441,0.5066425669,0.4249563002,0.2796423411,0.197624117,0.5233954632,0.1947847644,0.715659707,0.4011046533,0.2719075833,0.3421506079,0.2918235604,0.6637905699,0.7581515787
358.5,1,1,1,1,1,0.4735402747,0.6004494004,0.6640263476,0.4062499837,0.5069917344,0.4249891797,0.2795587718,0.1976033504,0.5233077836,0.1948768391,0.7156478718,0.4012458551,0.2716796493,0.3422899547,0.2919121991,0.6639385749,0.7582185264
359,1,1,1,1,1,0.4738066141,0.6002224893,0.6640596211,0.4060632767,0.5071576769,0.4249325929,0.2796190405,0.1977679972,0.5232343718,0.1948900028,0.7157006169,0.4014910036,0.2717786944,0.3422561618,0.2916843821,0.6638364528,0.7581627742
359.5,1,1,1,1,1,0.4737927633,0.6000732522,0.663969501,0.4060891643,0.5070264713,0.424788815,0.2795940686,0.1975887527,0.5232097553,0.1948548907,0.7156915506,0.4014769506,0.2718263921,0.3422015781,0.291761028,0.6639973294,0.7580826414
360,1,1,1,1,1,0.4736657294,0.599925715,0.6640797993,0.4061134647,0.5069417577,0.4249587571,0.2796888041,0.1973970216,0.5232508161,0.1948793005,0.7157965063,0.4015528856,0.2718154387,0.3423065833,0.2919717808,0.6639058875,0.7581173694
360.5,1,1,1,1,1,0.4737062778,0.5999158578,0.6641155917,0.405825885,0.5069015454,0.4250623203,0.2796203853,0.1974080574,0.5232779665,0.1947307508,0.7157144897,0.4016509951,0.2717740344,0.3422644203,0.2920261175,0.6639131846,0.7581764601
361,1,1,1,1,1,0.4735967317,0.6000836232,0.6639548001,0.4057738946,0.5067623313,0.424970695,0.2797803659,0.1974694717,0.5232372495,0.1947028438,0.7157903471,0.401750741,0.2717525837,0.3422330835,0.2921160934,0.6640183094,0.7583016494
361.5,1,1,1,1,1,0.473850032,0.6001397234,0.6637633916,0.4059408435,0.5067028884,0.4252039571,0.2798477423,0.1976901997,0.5235030438,0.1947236349,0.7156610733,0.401590993,0.2718726349,0.3421089466,0.2921437465,0.6638663306,0.7582595221
362,1,1,1,1,1,0.4738632855,0.6003241273,0.6637544723,0.4058977523,0.5067583371,0.42520546,0.279801639,0.1976778651,0.5234440554,0.1945996711,0.7156172728,0.4016819912,0.2721127135,0.3420576113,0.2920214321,0.6639076789,0.7583458038
362.5,1,1,1,1,1,0.4738176931,0.6001376094,0.66395917,0.4058957294,0.5068915451,0.4250199217,0.2798363048,0.1977765549,0.5234473067,0.1946213432,0.7156096368,0.4016172549,0.272023293,0.3419029708,0.2919745244,0.66388217,0.7584799799
363,1,1,1,1,1,0.4737567697,0.6001015236,0.6640238651,0.405974536,0.5066124975,0.4249391136,0.2799853181,0.197679102,0.5235862151,0.1946574609,0.7155173702,0.4016175066,0.2720533164,0.3418854601,0.2920413073,0.6640310743,0.7584960613
363.5,1,1,1,1,1,0.4737039688,0.6001316289,0.6639579263,0.4060893145,0.5065516125,0.4252057419,0.2800273603,0.1978539933,0.5235960036,0.1945576285,0.7155296294,0.401593222,0.2719272737,0.3420913829,0.2918863589,0.6640742054,0.758371457
364,1,1,1,1,1,0.4736000341,0.6002038039,0.6637358857,0.4058047855,0.5065192752,0.425378051,0.2801658686,0.1978270758,0.523647286,0.1946816041,0.7157140016,0.4015540271,0.2718670264,0.342202208,0.2919867515,0.6639075652,0.7582338999
364.5,1,1,1,1,1,0.4735456921,0.6002138327,0.6637737373,0.4055688386,0.5064207026,0.4251398678,0.2800844511,0.1977919883,0.5236808117,0.1945917964,0.7155853941,0.4016441408,0.2720066197,0.3422532935,0.2919517913,0.6638417497,0.7582523363
365,1,1,1,1,1,0.473542188,0.6000716627,0.6639783891,0.4056455108,0.5063998853,0.4250785077,0.2798798383,0.1978176033,0.5239789637,0.1944898985,0.7157504207,0.4016914885,0.2718948947,0.3422778763,0.2919091323,0.6640473426,0.7583178168
365.5,1,1,1,1,1,0.4736469062,0.6002038098,0.6637357182,0.4057774765,0.506721819,0.4251990241,0.2797532498,0.1978278615,0.5241140985,0.1945939864,0.7157266977,0.4015014461,0.2718130358,0.3423699053,0.2920095887,0.6641277513,0.7582822915
366,1,1,1,1,1,0.4738021971,0.6003196856,0.6636305426,0.4058520744,0.5067268678,0.4252927025,0.2797935797,0.1978317607,0.524096166,0.1946642045,0.7157737117,0.4014286039,0.2719842596,0.3423808385,0.2921903798,0.6638880405,0.7584324936
366.5,1,1,1,1,1,0.4737486943,0.6000916286,0.6637704484,0.4059075211,0.5066236625,0.4252274528,0.2796881414,0.1978468372,0.5240117937,0.1946967385,0.7156920353,0.4012616299,0.2720206715,0.3425266215,0.2922017333,0.6639468375,0.7584610915
367,1,1,1,1,1,0.4738341874,0.6001284711,0.6637143486,0.4059448667,0.5067648783,0.4253536259,0.2796423715,0.1979218704,0.5241761127,0.1946495872,0.7157840218,0.4012704436,0.2721458898,0.3425192731,0.2923033265,0.6640036677,0.7583482466
367.5,1,1,1,1,1,0.47384342,0.6001994451,0.6636517838,0.4059339162,0.5068710409,0.4253093699,0.2796572101,0.1981287379,0.5242903709,0.1945864746,0.7157095785,0.401192705,0.2719968804,0.342483129,0.2924204455,0.6640386655,0.7582232168
368,1,1,1,1,1,0.4737344344,0.6002535665,0.6637928509,0.4058467118,0.5066437677,0.4251348726,0.2794988765,0.1978819798,0.5244329886,0.1947406733,0.715742708,0.4011888923,0.2718093381,0.3424028645,0.2924283576,0.664138325,0.758310437
368.5,1,1,1,1,1,0.4737213926,0.6002240394,0.6637829051,0.4057589677,0.5066445276,0.4250878774,0.2795836469,0.1979605922,0.5248573138,0.1948257979,0.7158241055,0.4012912494,0.2717954596,0.3422544659,0.2923654898,0.6640106202,0.7583688502
369,1,1,1,1,1,0.4735617358,0.6001470786,0.6638669586,0.4058476255,0.5065255841,0.4251497383,0.279416515,0.1979529253,0.5249210448,0.1949114802,0.7158028235,0.4014112794,0.2715422427,0.3421156575,0.2923179443,0.6641522471,0.7583587428
369.5,1,1,1,1,1,0.4736680736,0.6002095097,0.6638575351,0.4059160626,0.506560463,0.4249977008,0.2794839894,0.1978539115,0.5248644052,0.1948951951,0.7157961847,0.401441639,0.2714208641,0.3420386576,0.2920125541,0.6642573228,0.7581931142
370,1,1,1,1,1,0.4734599288,0.6001095687,0.6638921443,0.4058071031,0.5067061934,0.4251223174,0.2793730108,0.1977387094,0.5247150969,0.1948076698,0.7156722544,0.4012099619,0.2716466404,0.3420008476,0.2919658237,0.6643071139,0.7583619833
370.5,1,1,1,1,1,0.4735108159,0.5999825986,0.6637786231,0.4058855418,0.5065601318,0.4250869075,0.2794429176,0.1976871956,0.5245278713,0.1948093105,0.7156922115,0.4012589312,0.2717701854,0.3418901266,0.2921020789,0.664408734,0.758449644
371,1,1,1,1,1,0.4737339373,0.6000682096,0.6639407685,0.405919884,0.5065857028,0.4252268501,0.2796416879,0.1978449059,0.5244986134,0.1947804524,0.7157101235,0.4013328851,0.2717469451,0.3420246249,0.2921344416,0.6643403481,0.7583764514
371.5,1,1,1,1,1,0.4739366197,0.6000672816,0.6637945929,0.4059456731,0.5064966231,0.4251118742,0.2794678642,0.1978076546,0.5246090105,0.1947513244,0.7155797678,0.4013545593,0.2716349843,0.3419953334,0.291937427,0.6641554521,0.7584040015
372,1,1,1,1,1,0.4738078297,0.6000774978,0.6638936178,0.4059096713,0.5064978484,0.4252554628,0.2795927288,0.197797888,0.5245791462,0.1946323473,0.7156278141,0.4012990546,0.271747276,0.3419356045,0.291878672,0.6641659833,0.7583494133
372.5,1,1,1,1,1,0.4739132443,0.6002823809,0.6637408143,0.4060796365,0.5065276687,0.425150977,0.2795523636,0.1979027795,0.5245007907,0.1947542473,0.7155647072,0.4014353463,0.2718221974,0.3418692783,0.2917790779,0.6642980485,0.7584574684
373,1,1,1,1,1,0.4739810274,0.6004884738,0.6638425187,0.4061671985,0.5066269855,0.4250215887,0.2794545975,0.1978973755,0.5243520899,0.1947954759,0.715567494,0.4013371116,0.2718064148,0.3422745328,0.2919059395,0.6643091868,0.7584438403
373.5,1,1,1,1,1,0.4739310927,0.6004633816,0.6635910227,0.4061333443,0.5068306718,0.4252148691,0.2794923652,0.1978486309,0.5243140657,0.1948641826,0.7156095984,0.4014360131,0.2718643259,0.3422257644,0.2919989807,0.6643887413,0.7584400003
374,1,1,1,1,1,0.4737927386,0.6004125221,0.6637237826,0.4060674169,0.5069696564,0.4252311488,0.2794205424,0.1978899485,0.5244537448,0.1948507858,0.7156841599,0.4013887149,0.271530576,0.3423850239,0.2919218277,0.664381373,0.7584760436
374.5,1,1,1,1,1,0.4736785288,0.6003691085,0.6638736062,0.405986469,0.5068934989,0.4250616739,0.2794502825,0.1976935688,0.5243842231,0.1948896305,0.7158206494,0.4015091416,0.2715288132,0.3423926207,0.291877051,0.6642939818,0.7584963494
375,1,1,1,1,1,0.4738230409,0.6001576977,0.6639149107,0.4059932408,0.5067564474,0.4250793884,0.2795152072,0.1979358409,0.5244405692,0.1948180782,0.7159625717,0.4013974688,0.2713729832,0.3424003465,0.2918334458,0.6642420435,0.758508997
375.5,1,1,1,1,1,0.4738514459,0.6000926316,0.6636672286,0.4060508857,0.5067839529,0.4250525988,0.2796685173,0.1981439301,0.5245900923,0.1948881505,0.7160705612,0.401274867,0.2713384144,0.3424501483,0.2919115226,0.6642538858,0.7584957798
376,1,1,1,1,1,0.4738994904,0.6003106554,0.6636335601,0.4059798061,0.5066815361,0.4249641179,0.2796548679,0.1981190698,0.5247365959,0.1949758862,0.716135734,0.4010225353,0.2712963763,0.3421644888,0.2919910663,0.6642462487,0.7584442308
376.5,1,1,1,1,1,0.4739314718,0.6002451095,0.6635193642,0.4058869533,0.5066809466,0.4250823821,0.2795299894,0.1979861695,0.5244689511,0.1949706295,0.7160974483,0.4011593942,0.2714152368,0.3422440604,0.2919303627,0.6640880355,0.7584503765
377,1,1,1,1,1,0.4740072676,0.6000323283,0.6635825457,0.4060006336,0.5064338147,0.4252038074,0.2797543764,0.1980340471,0.5245046909,0.1949788244,0.7159978365,0.4011564559,0.2715956762,0.3422998593,0.291946789,0.6641682129,0.7584898494
377.5,1,1,1,1,1,0.4739409141,0.6001954164,0.6635368324,0.4058037869,0.5065503182,0.4250376051,0.2794814632,0.1981201084,0.5242874926,0.1950353971,0.7159615052,0.4011799343,0.2716260445,0.3423228013,0.2918811972,0.6641768041,0.7585717584
378,1,1,1,1,1,0.4737891978,0.5999991212,0.6635059097,0.4057793764,0.5066801733,0.4249832384,0.2793685298,0.1981342303,0.5242664273,0.1950523083,0.7159636321,0.4013723664,0.2717156877,0.3425282794,0.2919425249,0.6642086144,0.7586300496
378.5,1,1,1,1,1,0.4738054265,0.6002448356,0.6637967007,0.4059263865,0.5066388459,0.4249661706,0.2793971396,0.1980576351,0.5243248583,0.1951502513,0.7160528031,0.4012980639,0.2717802277,0.3426793643,0.2921580226,0.6643000548,0.7587018573
379,1,1,1,1,1,0.4735968968,0.600238672,0.663843431,0.4059365052,0.5065086947,0.4247990283,0.27949499,0.198105168,0.5244047286,0.1950799535,0.7159065381,0.4012965547,0.2716720389,0.3428969784,0.2922640967,0.6642528998,0.7587709627
379.5,1,1,1,1,1,0.4736900147,0.6000832981,0.6638174676,0.4059862783,0.5065520786,0.4247646173,0.2795558041,0.1981117618,0.52440166,0.1950066414,0.7159743882,0.4014794142,0.2717248012,0.3428964388,0.2921992472,0.6643162161,0.7586737939
380,1,1,1,1,1,0.4736565595,0.5999851576,0.6637381921,0.4056956576,0.5065400254,0.4249102415,0.2794736258,0.1979078832,0.5243623148,0.194889752,0.7159477363,0.4015593277,0.2716446214,0.3428687555,0.2922676018,0.6642778022,0.7587402943
380.5,1,1,1,1,1,0.4736708308,0.6000601841,0.6635915065,0.4057551359,0.5064197485,0.4248195485,0.2793360216,0.1978392195,0.5243784548,0.1949718609,0.7159599442,0.4017809283,0.2715876479,0.3427035016,0.2924330708,0.6642711086,0.7587712188
381,1,1,1,1,1,0.4736873275,0.5999707157,0.6636707846,0.4057236968,0.5066081914,0.4250326211,0.279282874,0.1977047469,0.5242965288,0.1949303985,0.7158473705,0.4016216475,0.2714469241,0.3426925563,0.2923987391,0.6644062998,0.7588486369
381.5,1,1,1,1,1,0.4735475943,0.6001056126,0.6637692916,0.4057763053,0.5065872738,0.4249997919,0.2795016704,0.1977180962,0.5243093716,0.1950186299,0.716011141,0.4015843603,0.2715246165,0.3428315349,0.292318311,0.6643690292,0.7588028087
382,1,1,1,1,1,0.473576417,0.6001920695,0.6635954826,0.4057675357,0.5066763648,0.4249206355,0.2796227082,0.19776401,0.5242796293,0.1949351434,0.7159856145,0.4016061218,0.2715585032,0.3427206324,0.2922419225,0.6641693552,0.7588081505
382.5,1,1,1,1,1,0.4736739562,0.6000562827,0.6637037233,0.4057781618,0.5067193439,0.4248850264,0.2793668969,0.1978957432,0.5243701057,0.1947843551,0.7158619228,0.4017172262,0.2713795735,0.3427750155,0.292145469,0.6642229561,0.7589832898
383,1,1,1,1,1,0.4734122403,0.600195572,0.6636474581,0.4058626942,0.5066929074,0.4251545765,0.2793375619,0.1978112054,0.5243537633,0.1949093836,0.7156867473,0.4018023997,0.2714814294,0.34288394,0.2920680307,0.6641879398,0.7590135902
383.5,1,1,1,1,1,0.473551607,0.6001578905,0.6639148508,0.4058744327,0.5065712597,0.4254389715,0.2794151542,0.1977095383,0.5241370318,0.1948063222,0.7158860218,0.4016974202,0.2714523915,0.3427617145,0.2920835229,0.6641090735,0.7591406711
384,1,1,1,1,1,0.4735416541,0.6002104143,0.6638251318,0.4059147141,0.506556866,0.4252534989,0.2794518871,0.1976369858,0.5239828012,0.1948452647,0.7158395601,0.4016766328,0.2714818157,0.3426445979,0.2920687671,0.6642253279,0.7590946189
384.5,1,1,1,1,1,0.4736510123,0.6000889049,0.663874454,0.4058944684,0.5067475483,0.4252400366,0.2793618386,0.1974690298,0.523880741,0.1948629917,0.7157990431,0.401670475,0.2714036717,0.3427433286,0.292010735,0.6639810656,0.7591259246
385,1,1,1,1,1,0.473712505,0.6000854186,0.6639565697,0.4059951154,0.5067731783,0.4251821294,0.2794988485,0.1974191105,0.5237687587,0.1949350239,0.7158218178,0.4015740562,0.2714491654,0.3428077315,0.2922014278,0.6638855431,0.7592436926
385.5,1,1,1,1,1,0.4739702439,0.6002439386,0.6638500937,0.4060905119,0.5066972131,0.4250699121,0.2795711528,0.1974250173,0.5235462164,0.1949030979,0.7157610854,0.401452417,0.2715001153,0.3427052172,0.2921375808,0.6639753637,0.7592813978
386,1,1,1,1,1,0.4741086473,0.6003687877,0.6637424538,0.4059554159,0.5065745871,0.4250724567,0.2795896476,0.1974667116,0.5234535481,0.1948929929,0.7157486128,0.401547012,0.2713859402,0.3424894575,0.2919392202,0.6639962603,0.7591828052
386.5,1,1,1,1,1,0.474053139,0.6003819936,0.6636759996,0.405986009,0.5068569029,0.4251980846,0.2795842894,0.1975226681,0.5233660572,0.1949078463,0.7157228837,0.4014364279,0.2715084628,0.3423955369,0.2917796842,0.6642979894,0.7592637208
387,1,1,1,1,1,0.4738302579,0.6001746917,0.6637407391,0.4060092282,0.5068970088,0.4254605353,0.2796411398,0.1975706512,0.5235397576,0.1948712509,0.7157256621,0.4013952625,0.2714696173,0.3423894784,0.2918811722,0.6644107239,0.7592653485
387.5,1,1,1,1,1,0.4737425474,0.6000639231,0.6635949462,0.4061482778,0.5068443323,0.4253362911,0.2798097728,0.1975908007,0.5238520905,0.1947813034,0.7156504863,0.4015110633,0.2715097534,0.3423102025,0.2918344855,0.6642538177,0.7592422458
388,1,1,1,1,1,0.4738262534,0.6001239937,0.6634152456,0.4059794929,0.5066826008,0.4250993919,0.2796414946,0.1975944947,0.5239170645,0.1947065544,0.7155447626,0.4014476758,0.2714950102,0.3421985842,0.2919707528,0.6641802081,0.7592344383
388.5,1,1,1,1,1,0.4737828963,0.600241631,0.6635546242,0.4058668464,0.5068986326,0.4251586927,0.2795823795,0.1975003806,0.5237197401,0.1947366717,0.715663773,0.40146152,0.271496506,0.3423582913,0.2918229192,0.6641883628,0.7594006236
389,1,1,1,1,1,0.4738140602,0.600175697,0.6635828382,0.4058152431,0.5067270316,0.4253038594,0.2796935613,0.1976619389,0.5237294218,0.1947777418,0.715621197,0.401460393,0.2717214503,0.3424582147,0.2918858497,0.6641984641,0.7592990311
389.5,1,1,1,1,1,0.4738260001,0.6002322308,0.6634083019,0.4058274724,0.5068414751,0.4251411907,0.2799289884,0.1977496465,0.5237509937,0.1948588738,0.7157068126,0.4012991722,0.2719371026,0.3424616701,0.29198635,0.6641449269,0.7593060592
390,1,1,1,1,1,0.4739261517,0.6002675282,0.6636590854,0.4055901768,0.5068479841,0.4250986823,0.2800153839,0.1978770969,0.5237670066,0.1948251624,0.7157945343,0.4011869822,0.2717185703,0.3425726853,0.291918791,0.6639137179,0.7593492117
390.5,1,1,1,1,1,0.4739148733,0.6002567096,0.6639045668,0.4057379765,0.50697914,0.4250930392,0.2799922316,0.1978363738,0.5238631996,0.1949181857,0.7156630179,0.4010823988,0.2714465921,0.3425308509,0.2918487297,0.6640090249,0.7592923201
391,1,1,1,1,1,0.4739194082,0.6002949732,0.6637119721,0.4058093213,0.5069390986,0.4249794395,0.2799943875,0.1979563575,0.5238116329,0.1948584744,0.7157646614,0.4011953501,0.2716004211,0.3424029405,0.2917721883,0.664075302,0.7592158477
391.5,1,1,1,1,1,0.4739525053,0.6001344627,0.663771207,0.4058784546,0.5067258791,0.4247676456,0.2798685975,0.1978969939,0.5236832914,0.1947043591,0.7156444838,0.4013754702,0.2714743104,0.3424371837,0.29184859,0.6640367988,0.7592455773
392,1,1,1,1,1,0.4738774863,0.600168959,0.6638258632,0.4057826643,0.5067261487,0.4247460163,0.2797827571,0.1977969981,0.5235519235,0.194675563,0.7155903904,0.4013292261,0.2717059812,0.3422440373,0.2919969481,0.664129924,0.7593538245
392.5,1,1,1,1,1,0.4737228756,0.600208835,0.6636815033,0.4057662562,0.506551586,0.4248871364,0.2795406769,0.1976458435,0.5238223434,0.1946970771,0.7155139684,0.4013133994,0.2717737428,0.3422211174,0.2918918818,0.6641629651,0.7592548627
393,1,1,1,1,1,0.4736382926,0.6001243823,0.6637063063,0.4056849029,0.5066859787,0.4245871437,0.2793940116,0.1975791372,0.5240954403,0.1946413319,0.7156455831,0.4013920611,0.2716473299,0.3423500998,0.2920383029,0.6641562339,0.7592940349
393.5,1,1,1,1,1,0.4737893944,0.6002184567,0.6635109335,0.4057334802,0.5067697759,0.4247696524,0.2793012604,0.1976715437,0.5240665739,0.1947159123,0.7157522634,0.4013030822,0.2715046079,0.3424018576,0.2921201602,0.6642481496,0.7592585045
394,1,1,1,1,1,0.4736659754,0.5999749316,0.6635784734,0.4059609945,0.5066435019,0.4248614847,0.2793502422,0.1975719761,0.5240476605,0.1946716617,0.7157205779,0.4012573012,0.2715791708,0.3423261927,0.2921210987,0.6642322117,0.7592904772
394.5,1,1,1,1,1,0.4736830955,0.6000743874,0.6637152224,0.4058476819,0.5066602806,0.4248324331,0.2795301881,0.1976493977,0.5238700551,0.1946827966,0.7157121999,0.4009970517,0.2715773929,0.3423855603,0.2920948543,0.6642524321,0.759141726
395,1,1,1,1,1,0.4738505796,0.6001513063,0.6636474701,0.4057696339,0.5066651233,0.4248531081,0.2794625473,0.1977625439,0.5240125974,0.1946628617,0.7158699846,0.4009475177,0.2714765791,0.3422710653,0.2919985188,0.6640303669,0.7591130158
395.5,1,1,1,1,1,0.4738790238,0.6003400166,0.6637958547,0.4059821823,0.5067141056,0.4249018888,0.2794956021,0.197687382,0.524040125,0.1947905123,0.7157415816,0.4010912777,0.2715729468,0.3423436592,0.2919809496,0.6639570695,0.7590730002
396,1,1,1,1,1,0.4738756167,0.6003876261,0.6638477879,0.4056522069,0.506794169,0.4249889297,0.2795610815,0.1976221089,0.524040479,0.1946670319,0.7157027573,0.4014871931,0.2714639491,0.3425121444,0.2918190162,0.6640692796,0.7591331336
396.5,1,1,1,1,1,0.4735830634,0.600193692,0.6639215712,0.405678095,0.5069109717,0.4250207388,0.2796410275,0.1976003101,0.523968847,0.1947245834,0.7157080334,0.4017652104,0.2715033911,0.3426521585,0.2921213914,0.6641356373,0.7590794687
397,1,1,1,1,1,0.4733688287,0.6004237235,0.6640870105,0.405795168,0.5066657412,0.4250393975,0.2795805693,0.1976348111,0.5238397932,0.194531612,0.7156935489,0.4016012215,0.2716502599,0.3427157331,0.2922373458,0.6640360451,0.7590203749
397.5,1,1,1,1,1,0.4731762462,0.6004479816,0.6638157745,0.4056276135,0.506606128,0.425141752,0.2796106001,0.1977187054,0.5239581125,0.1946947009,0.7157275231,0.4015274385,0.2717347554,0.3426399347,0.2920066673,0.664196794,0.758936572
398,1,1,1,1,1,0.4730949512,0.6003497944,0.6636743845,0.4057790605,0.5066729993,0.4252142822,0.2797321971,0.1977170444,0.5240863438,0.1948058279,0.7157789507,0.4016126245,0.2717679994,0.3424510134,0.2921227521,0.6644486595,0.758880533
398.5,1,1,1,1,1,0.4732802255,0.6002297145,0.6638866323,0.4057778437,0.5066147544,0.4253416344,0.2798481078,0.1977449072,0.524130279,0.1948769886,0.7159188349,0.4014775733,0.271841304,0.3424476609,0.2918125711,0.6646039884,0.7589557203
399,1,1,1,1,1,0.4736318626,0.6002405995,0.6639124222,0.40589589,0.5064379407,0.425261888,0.2797356903,0.1976985408,0.5241311876,0.1948315254,0.7158431692,0.4014476187,0.27156206,0.3425221584,0.2918354934,0.6646399024,0.7590746168
399.5,1,1,1,1,1,0.4736318342,0.6002548463,0.6638520587,0.4058301878,0.5066731881,0.4251115632,0.2794710429,0.1977896192,0.5241069161,0.1948560686,0.7158601379,0.4013010199,0.2717257017,0.3423815845,0.2919636601,0.6646366741,0.7590213368
400,1,1,1,1,1,0.4736731494,0.6003926747,0.6638598001,0.4059786471,0.5065893624,0.4253082991,0.2796222967,0.1978262008,0.5240635693,0.1947087037,0.7159304731,0.4012117591,0.2718154932,0.3422388302,0.2919973258,0.6645153504,0.7589795666
400.5,1,1,1,1,1,0.4737869775,0.6003507663,0.6637758418,0.4060147488,0.506770119,0.4251789063,0.2794904643,0.1977262452,0.5240877541,0.1946660306,0.7159680971,0.4012580406,0.2717212768,0.342243933,0.2919500639,0.6644420177,0.758982753
401,1,1,1,1,1,0.474006313,0.6003147691,0.6634908199,0.4059164924,0.5067355167,0.425179391,0.2795503583,0.1976199835,0.5238224347,0.1948016612,0.7159600544,0.4013206979,0.2716718443,0.3424537115,0.2919547951,0.6644799016,0.7590167098
401.5,1,1,1,1,1,0.4738606374,0.6002965999,0.6636361756,0.4057375135,0.5067414186,0.4251250932,0.2793567848,0.197766748,0.5237537789,0.1948541291,0.7160302471,0.4014173656,0.2717561874,0.3423782654,0.291962202,0.6646751143,0.7591195207
402,1,1,1,1,1,0.473685723,0.6001003142,0.6635655175,0.4057648051,0.5066561755,0.4249458126,0.2794884025,0.1977231587,0.5240909178,0.1948086138,0.7160226189,0.4015617429,0.2716530724,0.3422689746,0.2919437278,0.6647636755,0.7589988009
402.5,1,1,1,1,1,0.4738768485,0.6002053,0.6636921945,0.4058183575,0.5065210572,0.4248954094,0.2795396946,0.1976011826,0.5240765945,0.194753764,0.7161625094,0.4016959118,0.2716042182,0.3420015619,0.292048217,0.6648537441,0.7588162372
403,1,1,1,1,1,0.4738000495,0.6002554599,0.6637561376,0.4055002988,0.5064458163,0.4250555859,0.2795396668,0.1975353549,0.5242761044,0.1948505231,0.7162098257,0.4016343658,0.2714719851,0.3421021452,0.2919924007,0.6647942469,0.7587619059
403.5,1,1,1,1,1,0.4738381249,0.6005292331,0.6638047419,0.4054750849,0.5067131245,0.4250742527,0.2794664323,0.1977746961,0.5241532255,0.1949813652,0.7160672718,0.4015812128,0.2715090119,0.3422394596,0.2920277287,0.6648838801,0.7587028906
404,1,1,1,1,1,0.4737595975,0.6003398024,0.6637040737,0.4054149747,0.5067415256,0.4251881666,0.279455128,0.1977956751,0.5239662873,0.1949343212,0.7160383144,0.4014089254,0.2714994554,0.3422700395,0.2921570812,0.6648289864,0.7586136526
404.5,1,1,1,1,1,0.4737548071,0.6002305995,0.6637490768,0.405449302,0.5067362836,0.4253289169,0.2795058193,0.1978173089,0.5241215557,0.194979416,0.7160756033,0.4012413352,0.2715682394,0.342080581,0.2921774839,0.6648159522,0.7585960529
405,1,1,1,1,1,0.4737101157,0.6004220778,0.6639161462,0.4056501149,0.506783827,0.4253203368,0.279703696,0.1978378127,0.524094151,0.1951975651,0.7160369041,0.4013462165,0.2716245727,0.3420702637,0.2919522991,0.6648812925,0.7584734257
405.5,1,1,1,1,1,0.4736985163,0.60051385,0.6639716987,0.4056828267,0.506580052,0.4254053188,0.2795272143,0.1977951507,0.5238818603,0.1950949736,0.7160327965,0.4013527078,0.2716899737,0.3422695488,0.2920108005,0.664771444,0.7585495519
406,1,1,1,1,1,0.4738719017,0.6001254577,0.6638416754,0.4058895025,0.5066735318,0.425291231,0.2795814449,0.1978520777,0.5237318552,0.1949358246,0.7160395846,0.4014781529,0.2717169616,0.3421644948,0.2920337108,0.6648112643,0.7584467099
406.5,1,1,1,1,1,0.4736121089,0.6001313087,0.6637763899,0.4059911436,0.5064574002,0.4252501688,0.2795734021,0.1979018939,0.5239375576,0.1948125576,0.716047668,0.4012506175,0.2717866526,0.3422516568,0.2919654166,0.6651035409,0.7583951536
407,1,1,1,1,1,0.4736741004,0.6000026373,0.6638768057,0.4058484341,0.506367864,0.4253737961,0.2795782493,0.197832511,0.5240872459,0.1949194602,0.7160682752,0.4012192531,0.2717544128,0.3421043938,0.2919082387,0.6651937088,0.758505176
407.5,1,1,1,1,1,0.4735947482,0.6001261242,0.6635383458,0.4058423376,0.5067155835,0.4254078024,0.2796258058,0.1978228771,0.524003672,0.1949404023,0.7159907127,0.4011467322,0.2717683093,0.342328407,0.2919460337,0.6652108199,0.7582750984
408,1,1,1,1,1,0.473591495,0.6003325258,0.6636718051,0.4057868849,0.5066455848,0.4252810302,0.2798082907,0.1977455288,0.523908216,0.1948447353,0.7160749551,0.4011391334,0.2718600047,0.3423448404,0.2919010537,0.6651973483,0.7580859389
408.5,1,1,1,1,1,0.4735069594,0.6002237811,0.6639243865,0.4057506642,0.5066742076,0.4250721938,0.2797637901,0.1976106292,0.5237189376,0.1948262896,0.7159749471,0.401174402,0.2718012473,0.3423463143,0.2917978991,0.6649662605,0.7580045701
409,1,1,1,1,1,0.4735156074,0.6002081752,0.6637079383,0.405790063,0.5068011873,0.4250617357,0.279590805,0.1978338364,0.5237829207,0.1949886005,0.7160554281,0.4011143002,0.2717778795,0.342393257,0.2920540924,0.6649562271,0.7579977144
409.5,1,1,1,1,1,0.4736211032,0.6002058138,0.663724156,0.4056343395,0.5067643089,0.425176461,0.2796575138,0.1978463323,0.5236328601,0.1950058714,0.7160067159,0.40155244,0.2718828799,0.3421539877,0.2921235657,0.664884669,0.758061304
410,1,1,1,1,1,0.4733627881,0.6001586169,0.6638087023,0.4056245288,0.507036862,0.4252454469,0.2798104868,0.1979658604,0.5237074995,0.1949407737,0.7160091992,0.4015684307,0.2718287343,0.342108957,0.2919277429,0.6647153237,0.7580754097
410.5,1,1,1,1,1,0.4734795189,0.6000863603,0.6639582409,0.4057505769,0.5068159367,0.42546607,0.2799072113,0.1979668957,0.5237636524,0.1948245423,0.7161625949,0.4016508914,0.2717396085,0.3422715208,0.2919423799,0.6645529861,0.7581795533
411,1,1,1,1,1,0.4736327343,0.6001550995,0.6638229655,0.4056467975,0.5066933111,0.4252253893,0.2797491922,0.1977742418,0.5236424635,0.1948781328,0.7160245548,0.4018028958,0.2717114542,0.3423726982,0.2920465618,0.6644988512,0.7581005227
411.5,1,1,1,1,1,0.4738201222,0.6000142232,0.6639428241,0.4057936842,0.5065040074,0.4250766376,0.2795918604,0.1977010367,0.5236939573,0.1947420252,0.7159143836,0.4016168764,0.2717838313,0.3424166674,0.2919170518,0.664781634,0.7582556182
412,1,1,1,1,1,0.4737339942,0.6001356927,0.6639330878,0.4057363606,0.5066083041,0.4248102426,0.2796926408,0.1976175646,0.5237452968,0.1947928743,0.7159947231,0.4016612192,0.2717196179,0.3424380255,0.2917773363,0.6645967872,0.758406919
412.5,1,1,1,1,1,0.4736164599,0.6001127664,0.6638762304,0.405714539,0.5064501792,0.4246146944,0.2795306873,0.197622853,0.5238561187,0.1947929153,0.7160851747,0.4017816582,0.2714894232,0.3423598416,0.2918797084,0.664740935,0.75847616
413,1,1,1,1,1,0.4734551462,0.6001799967,0.6637346342,0.405818551,0.506495485,0.4247239457,0.2794550553,0.1975457699,0.5238316701,0.1947880171,0.7161688935,0.4017843451,0.2716171429,0.3424888597,0.2919308953,0.6648179094,0.7584289499
413.5,1,1,1,1,1,0.4736425736,0.6000934135,0.6637467392,0.4058571048,0.5065182637,0.4248400791,0.2794386561,0.19771193,0.5239483396,0.1946284536,0.7162799743,0.4019382207,0.2715874572,0.342335867,0.2920152457,0.6647737239,0.7584844988
414,1,1,1,1,1,0.4736238375,0.6002435489,0.663671758,0.4060105598,0.5064570033,0.424695006,0.2793335674,0.1976608936,0.5240614505,0.1946098614,0.7162681164,0.4018048343,0.2716783446,0.3423684264,0.2918949251,0.6646822716,0.7584442377
414.5,1,1,1,1,1,0.4737350542,0.6003037006,0.6635614049,0.4059867021,0.5061909524,0.4246622655,0.2794254106,0.1976465368,0.524112748,0.1946771187,0.7162567123,0.4018126279,0.2716545086,0.3422489192,0.2918686769,0.6646169107,0.7584181228
415,1,1,1,1,1,0.4739528149,0.6000410271,0.6635765051,0.4059820647,0.5064616835,0.4244420835,0.279307965,0.1977062156,0.524296514,0.1945741074,0.7163360436,0.4016014089,0.2717098274,0.3423363114,0.2916410822,0.6645458601,0.7585839639
415.5,1,1,1,1,1,0.4740217821,0.600127121,0.6637023168,0.406040561,0.5065189122,0.4244973859,0.2792794289,0.1977124984,0.5244420583,0.1947417182,0.7163233574,0.4016169006,0.2717562909,0.3424385204,0.291811733,0.6645247992,0.7586195414
416,1,1,1,1,1,0.4738733435,0.600075144,0.6636690184,0.4060657959,0.5064047629,0.424735102,0.2791632192,0.1976315225,0.524351334,0.1948941515,0.7162838437,0.4016164242,0.2718467256,0.3424581468,0.291711667,0.6645306628,0.7587231798
416.5,1,1,1,1,1,0.4738344801,0.6001146565,0.6636128098,0.4060936244,0.5063542331,0.4248092782,0.2794488862,0.1975857084,0.5243371604,0.1948334238,0.7164175824,0.4017454459,0.2721332467,0.3423661521,0.291844121,0.6645666651,0.7588346103
417,1,1,1,1,1,0.4738441264,0.6001238053,0.6638230374,0.4059637235,0.5065057576,0.4249766089,0.2793877869,0.197554383,0.5244511132,0.1947616412,0.7163618354,0.4018126675,0.2721297325,0.3422561357,0.2917881258,0.6645449569,0.7588051708
417.5,1,1,1,1,1,0.4738368239,0.6001120443,0.6638494261,0.4061564574,0.506365997,0.4249282575,0.2795531059,0.1975239981,0.5243737511,0.1948287946,0.7163860297,0.4017067704,0.2721145458,0.3419773169,0.2916849088,0.6645881284,0.7587561191
418,1,1,1,1,1,0.4737980986,0.6001109398,0.6635213867,0.4060020894,0.5065925392,0.4247989822,0.2794696023,0.197775538,0.5245557464,0.1947800619,0.7162879857,0.4015740705,0.2717758013,0.341810066,0.291602328,0.6647446771,0.7587282771
418.5,1,1,1,1,1,0.4737289773,0.6002862719,0.6636941027,0.4059036077,0.5067650662,0.4249593025,0.2793337958,0.1977064513,0.5246938673,0.1947872787,0.7163526886,0.40163817,0.2717167978,0.3418892252,0.2914532371,0.6646079018,0.7587146399
419,1,1,1,1,1,0.4738467449,0.6004197898,0.6638856532,0.4059254459,0.5068421234,0.4251878053,0.2794019852,0.197775493,0.5246147333,0.1945674119,0.7163929631,0.4016540413,0.2716952964,0.3422676746,0.2914712295,0.6646169014,0.7586372171
419.5,1,1,1,1,1,0.4738851107,0.6004289889,0.6637328755,0.4058645319,0.5066439904,0.4253153252,0.2795478137,0.1976841529,0.5244141274,0.1944636814,0.7162695782,0.4017615892,0.2719010341,0.3421880239,0.2917237585,0.6647929763,0.7586844869
420,1,1,1,1,1,0.473745311,0.600392668,0.6636678048,0.4059800794,0.5066259475,0.4250364871,0.2797015221,0.1977382121,0.5241577776,0.1945198477,0.7163746288,0.4014359702,0.2718386578,0.3422267026,0.2918100359,0.6645568094,0.7585125321
420.5,1,1,1,1,1,0.4736556782,0.6003114839,0.6636416547,0.4058909167,0.5064060495,0.4252091137,0.2796324251,0.1976982574,0.5242261302,0.1945289642,0.7164726814,0.401456193,0.2718109327,0.3421367532,0.2917974336,0.6646032403,0.7584530686
421,1,1,1,1,1,0.4735922659,0.6002706136,0.6636491169,0.4059112359,0.5065153755,0.4251500589,0.2795347658,0.1977175954,0.5241726737,0.1945538372,0.7164911165,0.4013365413,0.2717651922,0.3420862283,0.2917189188,0.664538923,0.7586012584
421.5,1,1,1,1,1,0.4737342141,0.6003463922,0.663617115,0.4057443219,0.5066790744,0.4250759729,0.279500039,0.1975490209,0.5238367401,0.1945235969,0.7164530888,0.4012113007,0.271684517,0.3421658014,0.2920553034,0.6647831259,0.7585939481
422,1,1,1,1,1,0.4737348339,0.600176084,0.6636847473,0.4058042895,0.5066654483,0.4250282121,0.2797520562,0.1974513925,0.5239650401,0.1946612389,0.7163971438,0.4013623184,0.2717945152,0.3421980255,0.291675804,0.664782955,0.7583923674
422.5,1,1,1,1,1,0.4736518885,0.6000774118,0.6638565397,0.4058089358,0.5067209037,0.4251086629,0.2797695081,0.1975708562,0.5239962773,0.1946732412,0.716380996,0.401117231,0.271750098,0.3420898798,0.2915763707,0.6648678436,0.7582820081
423,1,1,1,1,1,0.4737149862,0.600018205,0.6635734742,0.4057965403,0.506549447,0.4251299123,0.2795898927,0.197521406,0.5241470993,0.1946748766,0.7163569017,0.4011003804,0.2716644459,0.3422877825,0.2914662529,0.6648757769,0.7583894035
423.5,1,1,1,1,1,0.4736920883,0.6001699684,0.6635785059,0.4058757995,0.5063060601,0.4251829345,0.2795424728,0.1975540415,0.5242002084,0.1948362768,0.7164025281,0.4013218821,0.271550644,0.3422107733,0.2915932168,0.6648560378,0.7585427492
424,1,1,1,1,1,0.4737189565,0.6003546098,0.6634229334,0.4058849643,0.5067312846,0.4251236498,0.2795340926,0.1975918876,0.523835695,0.1946857864,0.7163674422,0.4016609408,0.2715509932,0.3422628827,0.2917383862,0.6649398569,0.7585445508
424.5,1,1,1,1,1,0.473551625,0.6003045211,0.663607575,0.4061195716,0.5066282874,0.4250052518,0.2795035901,0.1977145417,0.5240015882,0.194535093,0.7164323507,0.4012388683,0.2715762661,0.3421293747,0.2918648475,0.6648599733,0.7585399352
425,1,1,1,1,1,0.473647394,0.6003507376,0.6633927213,0.4061388476,0.5067760194,0.4250666519,0.2796898981,0.1977121185,0.5239274396,0.1945156139,0.7164458486,0.4011252127,0.2713826523,0.3420599447,0.2918556597,0.664740201,0.7584040444
425.5,1,1,1,1,1,0.4737767682,0.6004650657,0.6636641831,0.4058535814,0.5067963044,0.4250550105,0.2796367674,0.1976509805,0.5240279173,0.1944936866,0.716442619,0.4012300506,0.2715554008,0.3420297118,0.2918347112,0.6646838831,0.7584571135
426,1,1,1,1,1,0.4736815238,0.6003225108,0.6638046765,0.4057613798,0.5067492861,0.4252473788,0.2796009893,0.1976865919,0.5240495631,0.1945531441,0.7160601972,0.401239678,0.2715259848,0.341899761,0.2919102974,0.6647892103,0.7584777249
426.5,1,1,1,1,1,0.4735999717,0.600459208,0.6638823287,0.4058038537,0.5066233718,0.425484079,0.2796489278,0.1976276366,0.5241091469,0.1945382382,0.7161448134,0.4013734425,0.2715237487,0.3420043699,0.2918347894,0.6645342994,0.7582747011
427,1,1,1,1,1,0.4736751435,0.6002121392,0.6639966324,0.4059966699,0.5067278467,0.4253213798,0.2798705496,0.1976978425,0.5240625209,0.1946296689,0.716194504,0.4014231809,0.2715428122,0.3422705318,0.2916546532,0.6646403011,0.7583472083
427.5,1,1,1,1,1,0.4736922344,0.6000478037,0.6638569254,0.4060710273,0.5066480588,0.42525232,0.2798374815,0.1978046236,0.5241335491,0.1946571686,0.716189388,0.4015479834,0.2716882424,0.3422591737,0.2917353617,0.6644308864,0.7582809089
428,1,1,1,1,1,0.4738630372,0.6000070011,0.6638824465,0.4060068904,0.5067787089,0.4253370986,0.2799117114,0.1976849971,0.5240005176,0.1946264065,0.7162742409,0.4015134799,0.2717468386,0.3421952364,0.2917500055,0.6643881286,0.7580695625
428.5,1,1,1,1,1,0.4737562481,0.6003484848,0.6637551415,0.4060251862,0.5068324431,0.4252216192,0.279710421,0.1976866999,0.5240737785,0.1944982653,0.7163546401,0.4014123486,0.2716960424,0.3421368951,0.2917396779,0.6645255388,0.7580674206
429,1,1,1,1,1,0.4736741088,0.6004648914,0.6638101619,0.4060269843,0.506549024,0.4249858995,0.2797510052,0.1976969861,0.5240757864,0.1942968101,0.7163753321,0.4016028347,0.2717321947,0.3421893156,0.2919380641,0.6646322331,0.7580800482
429.5,1,1,1,1,1,0.4738563523,0.6006593005,0.6638215394,0.4061470859,0.5067061132,0.4250349519,0.2796604954,0.1979092987,0.5241589731,0.1942697909,0.7163438787,0.4016164717,0.2718134054,0.3422925946,0.2919427628,0.664505507,0.7581192083
430,1,1,1,1,1,0.4738871547,0.6004659393,0.6638288567,0.4061413307,0.5066765038,0.4250835702,0.2794913853,0.1978785202,0.5241119452,0.194307901,0.7164843904,0.4015174258,0.2715627102,0.3422822934,0.2918469429,0.6644458495,0.7580837162
430.5,1,1,1,1,1,0.4738080671,0.6003536667,0.6634944987,0.4059938283,0.5066929564,0.4251594438,0.2797541407,0.1979405353,0.5243539518,0.1943830133,0.7163677943,0.4013505558,0.271586515,0.3423193282,0.2919827496,0.6644570913,0.7580977685
431,1,1,1,1,1,0.4738281699,0.6003627955,0.6634993902,0.4058657041,0.5067234477,0.4251412277,0.279626521,0.1979759597,0.5242032687,0.1944641406,0.7165058908,0.4012924584,0.2716662284,0.3424576768,0.2918930785,0.6644906168,0.7581133894
431.5,1,1,1,1,1,0.4737569295,0.6004192695,0.6634564348,0.405496844,0.5067400756,0.4250927956,0.2796521665,0.1981983847,0.5242706831,0.1944623569,0.7165683007,0.4013522878,0.2717966605,0.3422696341,0.2919595622,0.6647374278,0.7580950422
432,1,1,1,1,1,0.4737553581,0.6001655926,0.6635188562,0.4056377162,0.5068031977,0.4251132886,0.2795168817,0.1980111716,0.5243431795,0.1945128466,0.7167163572,0.4015036879,0.2717562801,0.342398755,0.291989418,0.6646628377,0.7582419597
432.5,1,1,1,1,1,0.4737545478,0.6001513638,0.6636126945,0.4055817482,0.5065946249,0.4251454596,0.2796582886,0.1978314134,0.5244667677,0.1945444233,0.7164985583,0.4015801358,0.2718050155,0.3423880358,0.2919995193,0.664871739,0.7582970178
433,1,1,1,1,1,0.4738538428,0.6000645444,0.663569004,0.4055728013,0.5065522143,0.4251506363,0.2796605563,0.1977440553,0.5244792368,0.1946006721,0.7164505773,0.401638518,0.2718639013,0.342332437,0.2920234058,0.66484546,0.758233165
433.5,1,1,1,1,1,0.4739051503,0.6001400037,0.6637295319,0.4056327716,0.5065779367,0.4250509842,0.2796804068,0.1976279743,0.5244182608,0.1947360248,0.7163255128,0.4016330085,0.2717775329,0.3422191852,0.2919185197,0.6648275899,0.7583829796
434,1,1,1,1,1,0.4738036724,0.6004281798,0.6637089723,0.4054482712,0.5065738912,0.4250572846,0.2794359083,0.1975368019,0.5243439475,0.1946856657,0.716176654,0.4014327272,0.2717884295,0.342301158,0.2916229051,0.6647566652,0.7584216129
434.5,1,1,1,1,1,0.4735690936,0.6003777352,0.6636118716,0.4053684254,0.5067654059,0.4253288337,0.2794248329,0.1975148996,0.5241122675,0.1946028913,0.7162422439,0.4015872563,0.2717310013,0.34234838,0.2916314646,0.6649507342,0.7584721396
435,1,1,1,1,1,0.4735304501,0.6004704292,0.6634932357,0.4056687323,0.5066530835,0.4251347689,0.2794426797,0.1975861221,0.5241828334,0.1945244352,0.7162472044,0.4013796418,0.2715271324,0.3423381439,0.2915970772,0.664990604,0.758514417
435.5,1,1,1,1,1,0.4737600789,0.6003916998,0.663782072,0.4059174025,0.5066456692,0.425108434,0.2795515141,0.1975419688,0.5240111908,0.1945011512,0.7165048435,0.4014659231,0.2716280685,0.3425438524,0.2915981585,0.6650007605,0.7584569235
436,1,1,1,1,1,0.4737593634,0.6004002584,0.6638161676,0.4058105059,0.506533335,0.4251327856,0.2794860358,0.1976120746,0.5240563998,0.1945704872,0.7163911348,0.4016134462,0.2717248084,0.3425270365,0.2919255738,0.664969148,0.7584895572
436.5,1,1,1,1,1,0.4738264287,0.6003077393,0.6637190575,0.405730751,0.5066693503,0.4249041637,0.2794835053,0.1976521178,0.5240163251,0.1945412068,0.7165293031,0.4014595262,0.2718337625,0.3425025909,0.2919302147,0.6650208443,0.7585583623
437,1,1,1,1,1,0.4739641988,0.6001712569,0.6637605696,0.4056895671,0.5067473626,0.4249623352,0.2793637653,0.1977008197,0.5241790701,0.1946781363,0.7165073314,0.4013994033,0.2716912639,0.3423895045,0.2919224898,0.6648963235,0.7585453669
437.5,1,1,1,1,1,0.4738727472,0.600125621,0.6637881377,0.4059279365,0.506885522,0.4250900689,0.2793975939,0.1976069193,0.5241766109,0.1946762366,0.7164086405,0.4016168492,0.2715789688,0.3422148591,0.2920282988,0.6648846505,0.7586391397
438,1,1,1,1,1,0.4738387883,0.6000229209,0.6637602126,0.405741093,0.5066195011,0.4250457748,0.2793793821,0.1975603125,0.5242429157,0.1946260996,0.7163749262,0.4015694669,0.2717286904,0.3424215654,0.2920292897,0.6645994298,0.7587161468
438.5,1,1,1,1,1,0.4739399631,0.6001692634,0.6638315994,0.4059150278,0.5066913718,0.4249535747,0.279241729,0.1975158881,0.5243070479,0.194581485,0.7163602259,0.401569232,0.2716660028,0.3424439661,0.292055167,0.6643089079,0.7588393903
439,1,1,1,1,1,0.4738974321,0.6002970581,0.6639322628,0.4058090028,0.5067403687,0.4250301731,0.2792148619,0.197449405,0.5242913687,0.1947235798,0.7162727856,0.4013259343,0.2715898638,0.3426361383,0.2921300163,0.6642221133,0.7586635845
439.5,1,1,1,1,1,0.4738326126,0.6002688013,0.6638620635,0.4057947193,0.5065464821,0.4251353269,0.279198397,0.1975287119,0.5241372607,0.1947114966,0.7162038277,0.4013015191,0.2716235136,0.3425495054,0.2921247331,0.6642604973,0.758689064
440,1,1,1,1,1,0.4738174969,0.6002613987,0.6636629082,0.4056783045,0.5064851764,0.4251434753,0.2794244795,0.1975700682,0.5242634714,0.1947494223,0.7162141647,0.4012271334,0.2715802308,0.3423309892,0.2922036353,0.6641351491,0.7586332153
440.5,1,1,1,1,1,0.4736459641,0.6000590284,0.6635257147,0.4057483175,0.5065517569,0.4251242211,0.2795406623,0.1976572506,0.5242152632,0.1946817539,0.7161853299,0.401501682,0.2717044838,0.3423062536,0.2924415356,0.6641280245,0.7584820973
441,1,1,1,1,1,0.473860795,0.6001899988,0.6634727071,0.4056114517,0.5066050826,0.4252988675,0.2795912739,0.1978226095,0.5244596069,0.1946984039,0.7161785298,0.4016538761,0.2716428853,0.3423941785,0.2924054879,0.6641351075,0.7584752014
441.5,1,1,1,1,1,0.473922815,0.6001936552,0.6635124957,0.4056524794,0.5066016404,0.425548264,0.2794808606,0.1977015376,0.5244934805,0.1946717012,0.7159760741,0.4015821173,0.2716011092,0.3424626618,0.2922011855,0.6642362317,0.7585872381
442,1,1,1,1,1,0.4737955427,0.6001154138,0.6636203044,0.4058900555,0.5065226002,0.4253282263,0.2794403574,0.1976924605,0.5245666591,0.1947393,0.7159185986,0.4016910094,0.2716418497,0.3425188646,0.2922381152,0.6644045352,0.7587125974
442.5,1,1,1,1,1,0.4736136217,0.6000780878,0.6635383366,0.4059732037,0.5064500624,0.4253245588,0.2796021977,0.1975882378,0.5245469097,0.1948178786,0.7159812171,0.4016432396,0.2715659088,0.3424070931,0.2921450681,0.6642498681,0.7586425987
443,1,1,1,1,1,0.473688347,0.6001399043,0.6637072927,0.4060511611,0.5063907571,0.4251167594,0.279641074,0.1977204412,0.5244297903,0.1948274546,0.7160190712,0.4014480618,0.271562129,0.3425871993,0.2921319387,0.6642928021,0.7586261707
443.5,1,1,1,1,1,0.4736347041,0.6001931992,0.6637058812,0.4057783508,0.5062941564,0.4250212174,0.2793965723,0.197790131,0.5245077542,0.1948170954,0.715909608,0.401247042,0.2715402103,0.3422843507,0.2921531497,0.6642184062,0.7587666119
444,1,1,1,1,1,0.4736562389,0.6001252789,0.6636703874,0.4056914146,0.5063902351,0.4249609835,0.2792273479,0.1976534186,0.5245822985,0.1947008628,0.7159183872,0.4012750768,0.2716101612,0.3423005761,0.2920796867,0.6640048155,0.7586482054
444.5,1,1,1,1,1,0.4738466264,0.6000798371,0.6637483722,0.4056668136,0.5065668801,0.4249134317,0.2793316122,0.1976751769,0.524417762,0.1946422791,0.715836972,0.4013686129,0.2717173339,0.3421649681,0.292073393,0.6640426805,0.7586478285
445,1,1,1,1,1,0.4736583778,0.6001475438,0.6638090439,0.4057015301,0.5068159168,0.4250011617,0.279457562,0.1977549611,0.5244145082,0.1945609286,0.7158263117,0.4013223367,0.2715735535,0.342221456,0.2920061168,0.6639661081,0.7586631345
445.5,1,1,1,1,1,0.473710282,0.6000659449,0.6636357425,0.4056472794,0.5067870498,0.4250698868,0.2796478735,0.197693092,0.5242887807,0.1946658617,0.7159397492,0.4011270822,0.2715464964,0.3421839042,0.2919554335,0.6640179533,0.7585734031
446,1,1,1,1,1,0.4735515933,0.6003401923,0.6635812045,0.4056923178,0.5067272669,0.4250839733,0.2795436617,0.1979271306,0.5242415287,0.1947901168,0.7159102909,0.4011320348,0.2716323233,0.342216959,0.2919906084,0.6639806598,0.7585784979
446.5,1,1,1,1,1,0.4735465546,0.6003624924,0.663673471,0.405721206,0.5067192583,0.4251655265,0.2795956365,0.1979664922,0.5240167255,0.1948389404,0.7159622406,0.4012244583,0.2715566507,0.3421044099,0.2920354928,0.6641505899,0.7584724263
447,1,1,1,1,1,0.4736858071,0.6002417311,0.6638104254,0.4056908061,0.5067534821,0.425251603,0.2796677282,0.198015033,0.5239315055,0.1948795301,0.7160550137,0.4013009253,0.2714901446,0.3421223527,0.2921017212,0.6641437957,0.7585476904
447.5,1,1,1,1,1,0.4736517137,0.6002614237,0.6638268585,0.4057891427,0.5066535293,0.4251300925,0.2796417672,0.1978744926,0.5237637796,0.1949865742,0.7159533151,0.4011373743,0.2714050378,0.3419646627,0.292050246,0.6641647069,0.7584751438
448,1,1,1,1,1,0.4733802589,0.6001835751,0.663846161,0.4057801963,0.5068071445,0.4250980888,0.2795337602,0.1977318527,0.5239787179,0.1947968159,0.715877237,0.4012135344,0.2712055774,0.3420491157,0.2919402885,0.6641439777,0.7583968739
448.5,1,1,1,1,1,0.4734412113,0.6003629101,0.6637097299,0.405826805,0.5066043818,0.425143577,0.279586758,0.1976295904,0.5240170864,0.1948941965,0.716036738,0.4012776837,0.27136318,0.3425078851,0.2917703964,0.6640567709,0.758341252
449,1,1,1,1,1,0.4734572947,0.6001547131,0.6638797154,0.4057101412,0.5065537167,0.4250747978,0.2796158597,0.19759648,0.5239452443,0.1948650595,0.715903989,0.4015710492,0.2714352223,0.3426757809,0.2919232628,0.663986152,0.7583124595
449.5,1,1,1,1,1,0.4733200574,0.6001247592,0.6639494848,0.4055182491,0.5068772366,0.4251053684,0.279441935,0.1976280466,0.5238582027,0.1948369413,0.7157494245,0.4014471677,0.2713553853,0.3427205716,0.292068838,0.6639882811,0.7583947401
450,1,1,1,1,1,0.4735779694,0.6002350187,0.6637829452,0.4055634622,0.5069958078,0.4252497985,0.2795461213,0.1977022162,0.5240042359,0.1947600058,0.7156208798,0.4014637992,0.271336915,0.3427470495,0.2920748318,0.6639845493,0.7582522923
450.5,1,1,1,1,1,0.473191621,0.6004051272,0.6637943745,0.4054545229,0.5068149296,0.425143594,0.2796655017,0.1976310058,0.52386786,0.1947020654,0.7155631695,0.4015136101,0.2713255348,0.3426594968,0.2922303904,0.6638832604,0.758137573
451,1,1,1,1,1,0.4732699071,0.6004048066,0.6636295223,0.4054056356,0.5067998717,0.4249833461,0.2796999625,0.1977187227,0.5237287113,0.1946636357,0.7154062041,0.4015134633,0.2714486924,0.3425469085,0.2922430586,0.6638813501,0.7582980701
451.5,1,1,1,1,1,0.4734431848,0.6002050102,0.6637754837,0.405281476,0.5068209307,0.4249727053,0.2797124164,0.1976865381,0.5238275981,0.1947381011,0.7154823107,0.4014394559,0.2713145839,0.3423511365,0.2919089161,0.6637807597,0.7583197757
452,1,1,1,1,1,0.4737851945,0.6001940958,0.6636591401,0.4054713963,0.5069442332,0.4249900898,0.2796354924,0.1975689709,0.5237139669,0.1946114002,0.715517314,0.4014492047,0.2713226664,0.3423139133,0.2918294479,0.6640786189,0.758374118
452.5,1,1,1,1,1,0.4736578842,0.6001423518,0.6636201322,0.4054919178,0.506904337,0.42505223,0.2796501584,0.197587797,0.5237419083,0.1944711972,0.7154300377,0.401358419,0.271498509,0.3422727337,0.2916932196,0.6641739404,0.7583773514
453,1,1,1,1,1,0.4737362118,0.6003363805,0.6637187774,0.4054054211,0.5067285024,0.4251325648,0.2797288887,0.1975648879,0.5235956791,0.1944062817,0.7155239922,0.4014106339,0.2713807764,0.34228189,0.2917411909,0.6642924455,0.758472253
453.5,1,1,1,1,1,0.4735787758,0.6004473064,0.6638511063,0.4053064548,0.5068364703,0.4251375439,0.2798240089,0.1974895273,0.5234877749,0.1944488005,0.7154946334,0.4013508624,0.2713477138,0.3421830146,0.2916172395,0.6643451222,0.7586088429
454,1,1,1,1,1,0.473416316,0.6004105717,0.6639249813,0.4052664773,0.5067352577,0.4250519025,0.2796884204,0.1976101757,0.5234505658,0.1944461263,0.7154175939,0.4014055024,0.2714866411,0.3421477969,0.2919379364,0.6643855634,0.7585020706
454.5,1,1,1,1,1,0.4736849943,0.6002922509,0.6639385305,0.4053659682,0.5066118585,0.4251694983,0.2797312878,0.1974729634,0.523416847,0.1946096669,0.7155348138,0.4016480003,0.2715254629,0.3418375079,0.292039484,0.664335446,0.758411647
455,1,1,1,1,1,0.473649192,0.600231543,0.6639163522,0.4053907077,0.5064577232,0.4252003952,0.2796726694,0.1975380382,0.523382527,0.1946413075,0.7157512415,0.4017426822,0.271425117,0.3420634907,0.2921038986,0.6643923687,0.7583378236
455.5,1,1,1,1,1,0.4737209782,0.6001176472,0.6641103662,0.4056087771,0.5066021532,0.4252641086,0.2796433304,0.197590325,0.5234717854,0.1944879286,0.7157919082,0.4016631514,0.2712437909,0.3421405822,0.2921116445,0.6643869853,0.7583045765
456,1,1,1,1,1,0.4738045928,0.6000524534,0.664021606,0.4056157437,0.5067686295,0.4252170887,0.2797386452,0.1977489999,0.5236212559,0.1945597581,0.7158008059,0.4016697875,0.2713514003,0.3420250434,0.2920251389,0.6643357789,0.7583387317
456.5,1,1,1,1,1,0.4737470338,0.5999775591,0.6638430788,0.4056030894,0.5067827999,0.4252198848,0.2796796782,0.1977114477,0.5237611578,0.194546285,0.715710144,0.4017186915,0.2712326163,0.3421184263,0.2919279058,0.6643732314,0.7584064859
457,1,1,1,1,1,0.4738101437,0.6001087159,0.6638789102,0.4058312289,0.5066970903,0.4251284921,0.2796628784,0.1977301936,0.5239740444,0.1945645222,0.7156666098,0.4014485271,0.271225627,0.342197003,0.292000822,0.6644775386,0.7584643792
457.5,1,1,1,1,1,0.4737681217,0.6001033523,0.6638003742,0.4058359193,0.5065493001,0.4253317354,0.2795324368,0.1978324011,0.5239777762,0.1945363825,0.7157945048,0.4013369704,0.2713645191,0.3421406159,0.2921082422,0.6645976207,0.7583142531
458,1,1,1,1,1,0.4737765715,0.6001239454,0.664067599,0.4057918691,0.5063014338,0.4254491091,0.2794958627,0.1979367801,0.5239483456,0.1946985019,0.7156613203,0.4013915456,0.2713931242,0.3419519507,0.2921221004,0.6646764145,0.7583445655
458.5,1,1,1,1,1,0.4737673868,0.6002547736,0.6637990817,0.4054909395,0.506288616,0.4254118234,0.2794853417,0.1977987182,0.5240249486,0.1946349803,0.7158693263,0.4012682151,0.2714756568,0.3420425833,0.2920431747,0.6646914808,0.7582674101
459,1,1,1,1,1,0.4736178459,0.6003091419,0.6637239658,0.4055057136,0.5064415532,0.4254042008,0.2794544261,0.1977202693,0.524144106,0.1947671426,0.7157979638,0.4010016407,0.2714192642,0.3418969916,0.2921005874,0.6646140911,0.7582447405
459.5,1,1,1,1,1,0.4735588854,0.6000485662,0.6639057103,0.4054632994,0.5065577237,0.4250665846,0.2793310277,0.1977355885,0.5241985425,0.1947840692,0.7159885524,0.4009727005,0.2715786226,0.3418723877,0.2918579972,0.6645665832,0.7582661314
460,1,1,1,1,1,0.4736865506,0.6001224883,0.6640660619,0.4054517048,0.5065171413,0.4250615979,0.2793703814,0.1976759807,0.5240998863,0.1948393643,0.7159890925,0.4011242114,0.2716355174,0.3419788131,0.2917811718,0.6646292176,0.7582480214
460.5,1,1,1,1,1,0.4737689268,0.600266302,0.6640726716,0.4055467708,0.5066783145,0.424911987,0.279375357,0.197569584,0.5241368746,0.1948141425,0.7161717426,0.4013898104,0.2715829521,0.3418552555,0.2917296084,0.6646686287,0.758315698
461,1,1,1,1,1,0.473773833,0.6002758151,0.6638750417,0.4055139414,0.5066502801,0.425077497,0.2794456431,0.1974660283,0.5239858255,0.1946314889,0.7161771095,0.4013970281,0.2714636388,0.3420703859,0.2916389675,0.6645323272,0.7582980591
461.5,1,1,1,1,1,0.4737102591,0.6003445354,0.6638725867,0.4054637853,0.5068086957,0.4251907204,0.2792969519,0.1974440883,0.5239066512,0.1947337662,0.7162242726,0.4014444728,0.2714357648,0.3421959214,0.2917332586,0.6645302342,0.7582530345
462,1,1,1,1,1,0.4735192153,0.6003019794,0.6637478857,0.4055086753,0.5067495574,0.4251376031,0.2793387137,0.1973758547,0.5240319524,0.1946216193,0.7162367134,0.4015526622,0.2715483406,0.3422554942,0.2916676029,0.6643495611,0.758378267
462.5,1,1,1,1,1,0.4733757169,0.6003926464,0.6637037132,0.4056191637,0.50682914,0.4250287525,0.2794785142,0.1972983632,0.524091874,0.1946480072,0.7163346885,0.4013997248,0.2718357019,0.3422943342,0.2916928162,0.6642024243,0.7583752184
463,1,1,1,1,1,0.4739092315,0.6002071376,0.6639194047,0.4057024533,0.5067873304,0.4250707115,0.2794968212,0.197410255,0.5243002242,0.1945510834,0.7161686386,0.4016447367,0.271571945,0.3421010938,0.2916921967,0.6641995754,0.7583665608
463.5,1,1,1,1,1,0.4739098365,0.6001795642,0.6639504004,0.4057714611,0.5066069829,0.4250454556,0.2794869531,0.1974156427,0.5242336684,0.1945687985,0.7161063693,0.401727923,0.2716387355,0.3423204237,0.291566301,0.6643364708,0.7584236583
464,1,1,1,1,1,0.473983996,0.6002246588,0.6639835603,0.4058166879,0.5066438355,0.4251559486,0.2794593789,0.197328599,0.5241000324,0.1945696855,0.7161285391,0.4017037306,0.2715598813,0.3422815019,0.2917189955,0.6642303848,0.7585970769
464.5,1,1,1,1,1,0.4738350137,0.6004074945,0.6636632196,0.4058043241,0.5066792244,0.4251175397,0.2797753854,0.197351397,0.5243185166,0.1945432273,0.7160866899,0.4018049429,0.2715924162,0.3420726126,0.2917356197,0.6641752958,0.758503666
465,1,1,1,1,1,0.473681186,0.6003447554,0.663965662,0.4060435116,0.5067424345,0.4250825171,0.2799049221,0.1973686021,0.5243324131,0.1945519288,0.7160057967,0.4017430508,0.2716211731,0.3420344087,0.291622332,0.6643588116,0.7585220674
465.5,1,1,1,1,1,0.4738182023,0.6004719452,0.6639603077,0.4059994125,0.5067750431,0.4250640676,0.279716891,0.197533133,0.5245077277,0.1947596312,0.7161028451,0.4015838753,0.2718455621,0.3421206625,0.2918291558,0.6645421635,0.758531012
466,1,1,1,1,1,0.473741828,0.600386722,0.6641791459,0.4058465616,0.5068911474,0.4252662274,0.2796851611,0.1975405166,0.5245579931,0.1946473057,0.7160324893,0.4014546799,0.2717822535,0.3421270143,0.2917449179,0.6645135766,0.7583978372
466.5,1,1,1,1,1,0.473736788,0.6004665289,0.6638903877,0.4060141122,0.5068479944,0.4253390044,0.2794687154,0.1975314322,0.5245861625,0.1946703734,0.7163244864,0.4013519936,0.2718074978,0.3420909347,0.2917591537,0.6644806247,0.7583272285
467,1,1,1,1,1,0.4736117483,0.6003717053,0.6639474749,0.4059459716,0.5067947451,0.4252289425,0.2795857473,0.1975416253,0.5246058835,0.1946543038,0.7162043682,0.4013462385,0.2719607535,0.3421125289,0.2916851697,0.66441127,0.7583198597
467.5,1,1,1,1,1,0.473569834,0.6004684881,0.6638343013,0.4059013842,0.5067020318,0.425170172,0.2795613213,0.1974735922,0.5246489641,0.1946879807,0.7162356564,0.4013673929,0.271877247,0.3422838192,0.2918400493,0.6646768233,0.758360709
468,1,1,1,1,1,0.4735228949,0.600414758,0.6638261542,0.4058084106,0.506678881,0.4251859448,0.2797134783,0.1975443233,0.5245150166,0.194666712,0.7162617296,0.4014439008,0.2719294948,0.3422694939,0.2918307932,0.6645702171,0.7582819475
468.5,1,1,1,1,1,0.4737831981,0.6004771751,0.6635681325,0.4056334692,0.5065542114,0.425114193,0.2796685229,0.1976321299,0.5243869603,0.1946701741,0.7162030409,0.4015402791,0.2719442478,0.3421619334,0.2918192591,0.6647792201,0.7582783616
469,1,1,1,1,1,0.4736437571,0.6004865497,0.6637430045,0.4056502979,0.5063822116,0.4250556943,0.2795080891,0.1976385502,0.5242159389,0.1946294583,0.7161380053,0.4014806563,0.2719657535,0.3422138118,0.2918240642,0.6646697578,0.758299723
469.5,1,1,1,1,1,0.4735707919,0.6002403324,0.6640112894,0.4055768491,0.5066935048,0.4250506354,0.279557881,0.1977012753,0.524118804,0.1946738118,0.7160704942,0.4016510295,0.2718823901,0.3421348397,0.2919087732,0.6646170016,0.758427543
470,1,1,1,1,1,0.4736998603,0.6003148603,0.6639631074,0.4055173932,0.5065567865,0.4250114959,0.2796426232,0.1977549938,0.5243525795,0.1946144252,0.7159779371,0.401828821,0.2718729371,0.342077853,0.2920277886,0.6646282714,0.7584077085
470.5,1,1,1,1,1,0.4736153939,0.6002852212,0.6639695869,0.4053919526,0.5065202546,0.4250839261,0.2794641147,0.1976545952,0.5242640462,0.194537822,0.7159515374,0.4016517265,0.2719713309,0.342255648,0.2922038839,0.6646237833,0.758373273
471,1,1,1,1,1,0.4736753222,0.6002692153,0.6637417589,0.405572464,0.5064153658,0.4249523871,0.2796301368,0.1975618691,0.5241643683,0.1945158071,0.7161895921,0.4014456063,0.2719146941,0.3424306041,0.2922450558,0.6648260788,0.7583190763
471.5,1,1,1,1,1,0.4737550562,0.6003075815,0.6637508516,0.4058065242,0.5065883714,0.4248192839,0.2798448122,0.1976004328,0.5241081657,0.1943362215,0.7162395116,0.4012968618,0.2718746078,0.3423604403,0.2922968079,0.6649679809,0.7582203677
472,1,1,1,1,1,0.4737373791,0.6002109627,0.6638364737,0.4055547633,0.5065207875,0.4248653829,0.2797065111,0.1974073874,0.5239270792,0.1944524895,0.7160642101,0.4015252926,0.2719093238,0.3424455423,0.2923639655,0.6650169063,0.7581399566
472.5,1,1,1,1,1,0.4736456533,0.6004708919,0.6639407754,0.4056220605,0.5062715101,0.4249554941,0.2797739965,0.1973941287,0.5238365838,0.1944856489,0.7160742077,0.401352722,0.2719122613,0.3425871601,0.2923825538,0.6649507621,0.7582705508
473,1,1,1,1,1,0.4735519119,0.6007291459,0.6640470256,0.4056977244,0.5063829337,0.4249892056,0.2796555869,0.1974579754,0.5237521823,0.1944821897,0.7161642551,0.4013133133,0.2717717314,0.3427493643,0.2922063831,0.6649266459,0.7583108174
473.5,1,1,1,1,1,0.4733098565,0.6007505311,0.6640332258,0.4058087865,0.506508352,0.4250454259,0.2797072983,0.1971989997,0.5235709115,0.1946149952,0.7161314185,0.4015116764,0.2716319318,0.3426499349,0.2920666637,0.6650867073,0.758411169
474,1,1,1,1,1,0.4734340073,0.6006794226,0.6636968235,0.4056705961,0.5064475016,0.4247820118,0.2795278483,0.1973107456,0.5234543609,0.1945811191,0.7160439543,0.4014917661,0.2718098029,0.3426862633,0.2921123871,0.6649696474,0.7583962588
474.5,1,1,1,1,1,0.4735457769,0.6005243118,0.6637253706,0.4059215457,0.5066153407,0.4250165667,0.2796013335,0.1973022419,0.5236948726,0.1946665098,0.7159165994,0.4014027442,0.271813596,0.3423950705,0.2918547776,0.6649132887,0.7584250052
475,1,1,1,1,1,0.4736397287,0.6003678253,0.6639032871,0.4058636865,0.5064675291,0.4250817434,0.2795835719,0.1973121144,0.5237555011,0.1947716367,0.7160663547,0.401428686,0.2719166471,0.3422845538,0.2918102293,0.6648370532,0.7584837154
475.5,1,1,1,1,1,0.4738298288,0.6004192047,0.6639970647,0.4056354018,0.5066755714,0.4249397103,0.279553654,0.1973796382,0.5238713183,0.1946733387,0.716055677,0.4014828272,0.2718573984,0.3422969032,0.2919395975,0.6647756853,0.7584718687
476,1,1,1,1,1,0.4736727449,0.6001553112,0.6639841311,0.4056704813,0.5066046889,0.4249011187,0.2796291484,0.1973566055,0.5239329379,0.1946604483,0.715984915,0.4014660276,0.2717328198,0.3424620405,0.2919024,0.6644667555,0.7586054986
476.5,1,1,1,1,1,0.4736827846,0.6001118418,0.6639531301,0.4057088428,0.5067351862,0.4250471751,0.2798865313,0.1975129988,0.5238554842,0.1946808565,0.7160184749,0.4013489126,0.2717374022,0.3422564967,0.2919690963,0.6644455321,0.7584878403
477,1,1,1,1,1,0.4735902897,0.6000150419,0.6637717356,0.4056567375,0.5067415542,0.4250306991,0.2798780276,0.1977040474,0.5238696716,0.1945628092,0.7160047675,0.4012305452,0.2717594782,0.3422233249,0.2919303296,0.6646634163,0.7585312965
477.5,1,1,1,1,1,0.4736331152,0.6001808188,0.6639389016,0.4059038281,0.5067303926,0.4254322789,0.2797368513,0.1977346464,0.5240194393,0.194550176,0.7160914269,0.4012157993,0.2717428152,0.3422331081,0.2917269889,0.6647075982,0.7583954973
478,1,1,1,1,1,0.4736696785,0.6004216487,0.663839002,0.4055746053,0.5069125306,0.425543759,0.2797165268,0.1976252339,0.5238381991,0.1944346643,0.7161883656,0.401440077,0.2718835872,0.3421867547,0.2917477602,0.6645493467,0.7584738807
478.5,1,1,1,1,1,0.4734331491,0.6004308931,0.6638915302,0.4056230503,0.5067380035,0.4254529772,0.2797959414,0.197631193,0.5238312803,0.1943996994,0.7160763834,0.4012923263,0.2718797757,0.3423453575,0.2918817254,0.6645724698,0.7584074251
479,1,1,1,1,1,0.4733362502,0.600300757,0.6636902809,0.4057711229,0.5069184176,0.4254477726,0.2798564609,0.1976205296,0.5238682723,0.1944711239,0.7160094891,0.4013992666,0.2719917255,0.3423653107,0.2918252517,0.6647680826,0.7584335241
479.5,1,1,1,1,1,0.4734751914,0.6001816469,0.6636544543,0.4055633441,0.5068361493,0.4250357808,0.2797118905,0.197761146,0.5237119639,0.1945559892,0.7158825531,0.4012696039,0.2720547809,0.3423586508,0.2919126882,0.664678271,0.7583222574
480,1,1,1,1,1,0.4736378208,0.6002936844,0.6637476259,0.4056973363,0.5067850676,0.4247860579,0.2796069097,0.1977023475,0.5237651351,0.1946099657,0.7158762073,0.4013947068,0.2721583992,0.3423636341,0.2920252094,0.6646703093,0.7584011743
480.5,1,1,1,1,1,0.4737631618,0.6004348537,0.6638046592,0.4057176125,0.5066846905,0.4248530395,0.2794534352,0.1977026976,0.523688262,0.1946487266,0.7158585745,0.4012836933,0.2721382707,0.3422182271,0.2918555969,0.6646233683,0.75847219
481,1,1,1,1,1,0.4740613578,0.6003656979,0.6637985219,0.4057146479,0.5065189334,0.4250142633,0.2797196346,0.1978267084,0.5237416007,0.194596098,0.7159105018,0.4012403779,0.2721266679,0.3421722822,0.2920884138,0.6644736167,0.7585527947
481.5,1,1,1,1,1,0.4738359995,0.600323211,0.6637150175,0.4056517836,0.5066626894,0.4250482308,0.2794495134,0.1977577851,0.5238539552,0.1946677383,0.7160819359,0.4011320488,0.2722471822,0.3421703108,0.2919770011,0.6643634817,0.7587602432
482,1,1,1,1,1,0.4737904992,0.60051741,0.6638874834,0.4054952109,0.5068038337,0.4251295022,0.2793784398,0.1976807381,0.5238642149,0.194631363,0.7161237598,0.401040902,0.2721599259,0.3423303147,0.2919425808,0.6642816769,0.7587963512
482.5,1,1,1,1,1,0.4736572211,0.6004187356,0.6640144723,0.4057266042,0.5066073079,0.4252480311,0.2794241578,0.1977347201,0.5237951907,0.1946138217,0.716038401,0.4010717448,0.2720086538,0.342368515,0.2918892498,0.6642952842,0.7587761369
483,1,1,1,1,1,0.4736256243,0.6003742374,0.6639481216,0.4058404553,0.5065119878,0.4251960833,0.2796884569,0.1978710396,0.5237656435,0.1946045725,0.7159051699,0.401088962,0.2719298611,0.342566174,0.2919310948,0.6642901628,0.7587041655
483.5,1,1,1,1,1,0.4737271845,0.6002599789,0.663961388,0.4058750182,0.5063064289,0.4249872047,0.2796048748,0.1978678848,0.5240529125,0.1945428651,0.7158211058,0.4009113874,0.2719680566,0.3423021156,0.2920274238,0.6641594863,0.7587559413
484,1,1,1,1,1,0.473665728,0.6001277741,0.6640255588,0.4056688344,0.5063616471,0.4252170105,0.2797053493,0.1979829386,0.5240404935,0.1944348663,0.7158129472,0.4011472854,0.2719582715,0.3423292945,0.2922110737,0.6641468437,0.7588215259
484.5,1,1,1,1,1,0.4738396312,0.6002843124,0.6639434853,0.4056818791,0.5064583159,0.4252067016,0.2794787442,0.197697787,0.524240059,0.1945041646,0.7158357554,0.4013043988,0.2719311192,0.3423124213,0.2921438217,0.6637444622,0.7588502426
485,1,1,1,1,1,0.4738830828,0.6001677472,0.6639593262,0.4058162786,0.5065999817,0.4252481586,0.2792807741,0.1975225979,0.5243357866,0.1945637981,0.71582808,0.4012206789,0.2718860213,0.3422951733,0.2919780822,0.6637420997,0.7588609382
485.5,1,1,1,1,1,0.4740532994,0.6001950082,0.6639555679,0.4054426372,0.5066922338,0.4251257617,0.2793279952,0.1974658352,0.5244030865,0.1945366103,0.7157678235,0.4014408474,0.2718737294,0.3424292281,0.2919854082,0.6637412986,0.7589615097
486,1,1,1,1,1,0.4741174553,0.6000373576,0.6639376306,0.4055293806,0.5067526295,0.4250004772,0.2795132052,0.1974098996,0.5244629057,0.1944593307,0.7158185403,0.4015027254,0.2719748893,0.3424171368,0.2917371378,0.6638108569,0.7589697756
486.5,1,1,1,1,1,0.4739128282,0.6000949405,0.6639071892,0.4057095514,0.5067037105,0.424917118,0.2796115271,0.1975181504,0.5244235197,0.1944192246,0.7158070025,0.4017532502,0.2721209274,0.3425229397,0.2918248887,0.6637618371,0.7587500997
487,1,1,1,1,1,0.4738382394,0.6002552164,0.6641445354,0.4057984109,0.5067034399,0.4248592522,0.2795783503,0.1975714722,0.5242347934,0.1944874546,0.7160243616,0.4016377584,0.2720778881,0.3423362655,0.2918178419,0.6637775606,0.7588905613
487.5,1,1,1,1,1,0.4738307145,0.6001725074,0.6641341532,0.4055662808,0.5068622748,0.4250207061,0.2796752186,0.1976354916,0.5243958143,0.1945715236,0.7158824719,0.4014434822,0.2720166722,0.3422841084,0.291777598,0.663857628,0.7590435218
488,1,1,1,1,1,0.4737365627,0.6001780231,0.6638740312,0.4056703937,0.5069655263,0.4250878176,0.2798292464,0.197666986,0.5245396912,0.1944929011,0.7158970935,0.4017386145,0.272074412,0.3423661398,0.2916847922,0.6637667847,0.7587974724
488.5,1,1,1,1,1,0.4738064766,0.6001350016,0.6639174576,0.4056002295,0.5071849082,0.4251951986,0.2799952814,0.1977550684,0.5246399018,0.1945334006,0.7157458062,0.401790749,0.2722439633,0.3423454265,0.2917153948,0.6637908084,0.7588599635
489,1,1,1,1,1,0.4738277883,0.6001326199,0.6639037932,0.4056044264,0.507068397,0.4250675885,0.2799563894,0.1979051891,0.5248010315,0.19464246,0.7156662015,0.4016005466,0.2720919024,0.3421440592,0.2916822023,0.6637881294,0.7586810293
489.5,1,1,1,1,1,0.4736014387,0.6001761531,0.6637605243,0.4056403767,0.50703025,0.4249957402,0.2800870669,0.1979809751,0.5246530975,0.1945942506,0.7155837549,0.4015419159,0.2722042811,0.3422504013,0.291802108,0.6638841365,0.7587455907
490,1,1,1,1,1,0.4737494791,0.6000350756,0.6637162899,0.4054825017,0.5070672689,0.4250657909,0.2799032269,0.1979553617,0.5245805628,0.1946304052,0.7158299711,0.4016078091,0.2722457119,0.3423034234,0.2917825232,0.6638650173,0.7587603333
490.5,1,1,1,1,1,0.4736792538,0.6000862621,0.6635844536,0.4055491108,0.5068412993,0.425209349,0.2799247787,0.1980592108,0.5245315908,0.1947671325,0.7158095425,0.4015700947,0.2722774371,0.3423631401,0.2917196819,0.6640754812,0.7587206587
491,1,1,1,1,1,0.4736712641,0.6001400817,0.6636198386,0.4055063594,0.5069719239,0.4250254776,0.2797220801,0.1978717561,0.5244183867,0.1948252859,0.7158634156,0.4015829851,0.2719770849,0.3423126704,0.2918062027,0.6642559042,0.7585977212
491.5,1,1,1,1,1,0.4735899252,0.6002264316,0.663504618,0.4055188365,0.5070308953,0.4252611944,0.279701615,0.1979054971,0.5244323053,0.1947596266,0.7159017167,0.4015363268,0.2720691132,0.3424460807,0.2920402302,0.6643431674,0.758733292
492,1,1,1,1,1,0.4737513171,0.600351478,0.6636686064,0.4054993304,0.506915937,0.4253617063,0.2800004472,0.1978393368,0.5243354571,0.19478957,0.715855687,0.4016776415,0.2720743872,0.342714634,0.2919953173,0.6644044169,0.7588493631
492.5,1,1,1,1,1,0.4735917083,0.6003039659,0.6638187577,0.405548738,0.5066264481,0.4253196719,0.2799064952,0.1977814349,0.5244025665,0.1946235088,0.715871512,0.4014811308,0.2720217076,0.3426387471,0.2921652795,0.6644185673,0.7589400753
493,1,1,1,1,1,0.4735689724,0.6003322171,0.6637861128,0.4056324811,0.506835613,0.4253029849,0.279842205,0.1978906284,0.5245303886,0.1946565901,0.7159225028,0.4014081556,0.271940524,0.3425675974,0.2922347181,0.6645013805,0.75883232
493.5,1,1,1,1,1,0.4738534537,0.6003682639,0.6639370175,0.4056402533,0.5070223621,0.4251951444,0.2796116573,0.1978101651,0.5246264413,0.1948086543,0.7158315914,0.4012285285,0.2718792343,0.342448084,0.2922961536,0.6645612949,0.7586534618
494,1,1,1,1,1,0.4737483025,0.6004290384,0.6637815787,0.4055285396,0.5067310498,0.4251152803,0.279541508,0.1976878079,0.524563391,0.1947763156,0.7158433015,0.4011492653,0.271842706,0.3423366989,0.2923428707,0.664520762,0.758527693
494.5,1,1,1,1,1,0.4737447917,0.6003545928,0.6638389154,0.4055103766,0.5066103079,0.4252294458,0.279404198,0.1976019292,0.5245541982,0.1947218871,0.7161676338,0.4014085433,0.2716312444,0.3422916205,0.2923150366,0.6645142776,0.7586143202
495,1,1,1,1,1,0.4736248901,0.600348056,0.6636943967,0.4054102655,0.5065780856,0.4251923637,0.2795057076,0.1976232603,0.5244581741,0.1946492534,0.7161672743,0.4015434102,0.2715329322,0.3421661382,0.2921253569,0.6646820037,0.7585103336
495.5,1,1,1,1,1,0.4733881476,0.6000860747,0.6635521699,0.4057816211,0.506804148,0.4253986967,0.2796366461,0.197615087,0.5244307178,0.1945359875,0.7162045258,0.4011599867,0.2718232303,0.3422411892,0.2919426362,0.6647074351,0.7586144576
496,1,1,1,1,1,0.4733533407,0.600028942,0.6636588106,0.4057478263,0.5066667324,0.4253756951,0.2797917772,0.1977744633,0.5241700018,0.1944504001,0.7162870215,0.401289306,0.2718720217,0.3421141443,0.2918886474,0.6646237051,0.7586488107
496.5,1,1,1,1,1,0.4733534745,0.6001549103,0.6637277908,0.4056821256,0.5067162786,0.4253588362,0.2796837843,0.1977814618,0.5241824868,0.1945133215,0.7162756756,0.4012912101,0.2718540422,0.3424101766,0.2920615642,0.6646009824,0.7587020083
497,1,1,1,1,1,0.473442744,0.6001011179,0.6639435398,0.4058404583,0.5068367378,0.4254101219,0.2796196432,0.1977157665,0.5242155064,0.1944989075,0.716235871,0.4013907478,0.2718730327,0.3422454717,0.2920084113,0.6646718059,0.7587560039
497.5,1,1,1,1,1,0.473588986,0.5999637736,0.6639062262,0.4058048443,0.5068269493,0.425274473,0.279628311,0.1977428102,0.5238400028,0.1944712806,0.7162697127,0.4012021283,0.2719803282,0.3421982446,0.2920144343,0.6645705837,0.758800294
498,1,1,1,1,1,0.4736275967,0.6000312614,0.6640475855,0.4059268206,0.5067126874,0.425353167,0.2795197638,0.1977214058,0.5238696984,0.1944822477,0.7163204135,0.4012877761,0.2717542831,0.3421818414,0.291855399,0.6644868351,0.7589566847
498.5,1,1,1,1,1,0.4737815091,0.600129588,0.6639575161,0.4058280032,0.5065992079,0.4254488382,0.2796924452,0.1977362125,0.5239821859,0.194448695,0.7163016951,0.4011745563,0.2717414056,0.3420917933,0.2917891176,0.6642855693,0.7590109573
499,1,1,1,1,1,0.4738673886,0.6002057679,0.6638720081,0.4057365186,0.5064278824,0.4256547421,0.2796986807,0.1978149525,0.5241893304,0.1944244588,0.71636154,0.4013305549,0.2719321391,0.3422997563,0.2917941236,0.664311675,0.7590709215
499.5,1,1,1,1,1,0.4738865915,0.6000744382,0.6638407535,0.4057487756,0.5064496654,0.4252943416,0.279960759,0.1978333965,0.5239297681,0.1945270197,0.7163943024,0.4013303859,0.2719503356,0.3421306709,0.2919059935,0.6641868204,0.7590651086
500,1,1,1,1,1,0.4737148859,0.600177479,0.6636217244,0.4056484017,0.506477015,0.4251465289,0.2799081479,0.197784845,0.523843294,0.1944754301,0.716490859,0.4012613023,0.2719590957,0.342083384,0.2917374765,0.6641651821,0.7589604616
