time,TNFR,IL1R,CD40,LTB,BAFFR,TRAF2_5,TRAF6,TRAF2_3,Btx,TAK1_TAB,NEMO_IKKa_IKKb,IkBa_release_signal,p50_p65,TNFa,p100,Phenotype_canonical,NIK,IKKa_noncanonical,p100_RelB,p52,BAFF,Phenotype_noncanonical
0,1,1,1,1,1,0,0,0,0,0,0,0,0,0,0,0,0,0,0,0,0,0
0.5,1,1,1,1,1,0.1546636892,0.2609693005,0.1546549232,0.02868520608,0.03329980656,0.002552385014,3.374552798e-05,1.086946164e-06,7.280089346e-08,8.904969646e-08,8.269261548e-08,0.02312062391,0.0006494325528,3.056807493e-05,2.553937664e-06,4.041406882e-07,1.836938974e-07
1,1,1,1,1,1,0.2553333761,0.444352246,0.2592175947,0.09183160949,0.1005128169,0.01566355522,0.0004236178604,2.696289626e-05,3.728023608e-06,4.516585226e-06,4.274045568e-06,0.0735004282,0.004209177689,0.000403307831,6.720768752e-05,1.098539294e-05,1.000882371e-05
1.5,1,1,1,1,1,0.3167342037,0.5762650517,0.3299892675,0.1657319674,0.1723802886,0.04041826317,0.001652796632,0.0001577451962,3.423535136e-05,4.061775579e-05,3.923203976e-05,0.1338578491,0.01155812425,0.001673115702,0.0004158997501,7.068245045e-05,9.620413016e-05
2,1,1,1,1,1,0.3584857156,0.6698186344,0.3789986494,0.2396631482,0.2384992325,0.07384499368,0.004052520433,0.0005138860135,0.0001542037808,0.0001806218114,0.0001778046619,0.1953509104,0.02239968291,0.004350144498,0.00142251604,0.0002537383353,0.0004537484483
2.5,1,1,1,1,1,0.3875651856,0.7375049619,0.4081361418,0.3073667755,0.2945604597,0.1114280007,0.007595203737,0.001211256347,0.0004700038636,0.0005404599095,0.0005336477577,0.2509350028,0.03565098074,0.00883274986,0.003591804519,0.0006604067661,0.001459885253
3,1,1,1,1,1,0.4067769098,0.7852687941,0.4308487652,0.3692293286,0.3414425898,0.1499785022,0.01233946643,0.002307000505,0.001118663515,0.001261067567,0.001293026383,0.3027899499,0.05018575268,0.01509707268,0.007251337811,0.001389912156,0.003624285232
3.5,1,1,1,1,1,0.4186261613,0.8219266998,0.4437621684,0.4226054658,0.3778301624,0.1891997503,0.01779870485,0.003808336891,0.002266027606,0.002495303457,0.002596657044,0.3459587378,0.06579301417,0.02320231199,0.01279362203,0.002572605406,0.007693821747
4,1,1,1,1,1,0.4257035306,0.8457212933,0.4532074028,0.4677766315,0.4054135822,0.22369186,0.02379831198,0.005797552116,0.004010500927,0.004387854464,0.00467388424,0.384984313,0.08061857643,0.03306927015,0.02034400926,0.004288558368,0.01439507773
4.5,1,1,1,1,1,0.4299752082,0.8616978219,0.45975279,0.5069128764,0.4279524682,0.2557921108,0.03028690988,0.008169404558,0.0065968214,0.006980486745,0.007656053286,0.4155963319,0.09587034208,0.04360676227,0.03004634654,0.006581164376,0.02427293252
5,1,1,1,1,1,0.4353545405,0.8751488956,0.4650182172,0.5358579684,0.4457867812,0.2841753742,0.03664862539,0.01074676647,0.01012670349,0.01043712511,0.01178698596,0.4418571811,0.1104933786,0.05627460429,0.04149441405,0.009560268469,0.03808483244
5.5,1,1,1,1,1,0.4344813608,0.8829270586,0.4696576007,0.5656435535,0.4580333138,0.3054686533,0.04273848923,0.01367196915,0.01430905802,0.01457269499,0.01699324871,0.4621473791,0.1245076691,0.06957141569,0.05480108921,0.01319571869,0.0561487498
6,1,1,1,1,1,0.4323101098,0.8888522066,0.4721485485,0.5886567695,0.4645167912,0.3239916083,0.04876316145,0.01648836674,0.01956934362,0.01954493739,0.02303823107,0.4805463056,0.1360366667,0.08267269147,0.06819501853,0.01758891656,0.07835815558
6.5,1,1,1,1,1,0.4353706531,0.8935622362,0.4736609038,0.6070770956,0.4733328059,0.3393528586,0.05469797835,0.01928387594,0.02598830758,0.0251259714,0.03032498854,0.4918644759,0.1471570477,0.09560628079,0.08319333947,0.02284204623,0.1040539363
7,1,1,1,1,1,0.4372389079,0.897105021,0.4735904961,0.6220418115,0.4806918506,0.3533290957,0.05937866525,0.02214046026,0.03291794546,0.03128188371,0.0389742416,0.5047142486,0.1576975669,0.1092273043,0.09857097034,0.02855840768,0.1359923592
7.5,1,1,1,1,1,0.4350638632,0.8987598756,0.4746249792,0.6348466457,0.4830282046,0.3671878105,0.06455695175,0.02487295103,0.04107781523,0.0375262421,0.04844334841,0.5155229228,0.1665142454,0.1216601519,0.1148297971,0.03497624224,0.17006551
8,1,1,1,1,1,0.4365297856,0.8997181455,0.4750665011,0.6440513281,0.484099643,0.3761615881,0.06822315676,0.02732316314,0.04981592978,0.04429959999,0.05948874279,0.5272463422,0.1744523622,0.1352593503,0.129523905,0.04170703834,0.2059847487
8.5,1,1,1,1,1,0.4346469904,0.9013357743,0.4762634307,0.6531140835,0.4872358614,0.3843857143,0.07110348112,0.02961326376,0.05846330209,0.05112531661,0.06982985459,0.5343108091,0.18210446,0.1461968044,0.142579428,0.04966828642,0.2447211007
9,1,1,1,1,1,0.4337684343,0.901386387,0.4746971859,0.6596566893,0.4876159741,0.3923536863,0.07437690919,0.03184462925,0.06796463469,0.05856265711,0.08160527342,0.5384031414,0.1882554695,0.1599339351,0.1565856394,0.05738350846,0.2813641019
9.5,1,1,1,1,1,0.4337835255,0.9015533929,0.4729631645,0.6670849239,0.4915234684,0.3986808794,0.07814694836,0.03395143688,0.07871456211,0.06574493237,0.09329592453,0.5420238862,0.1962256781,0.1729311499,0.1694402291,0.06639534715,0.3192620303
10,1,1,1,1,1,0.4340340174,0.9026919021,0.473613233,0.6711187138,0.492093521,0.4024396978,0.08148180278,0.03589505159,0.08975925437,0.07260102238,0.1053059768,0.5458776952,0.2007273381,0.1836025451,0.1822465042,0.07480346788,0.3584572331
10.5,1,1,1,1,1,0.4361101281,0.9030877731,0.4751637162,0.6744229943,0.4928733196,0.405908567,0.08281195915,0.03795627325,0.1004106657,0.07804103691,0.1187749741,0.5482833178,0.2034806075,0.19427099,0.1965674539,0.08466099702,0.3999547484
11,1,1,1,1,1,0.4350505402,0.9043967863,0.4749091978,0.6786337064,0.4958329723,0.4124031181,0.08405708613,0.03962391478,0.1124055641,0.08458166552,0.1312666982,0.5486384173,0.2064583204,0.2050394903,0.2057447292,0.09382426311,0.4399160578
11.5,1,1,1,1,1,0.4363919177,0.9042864123,0.4726817558,0.6828681368,0.4969615215,0.4141721273,0.0863487584,0.04054165731,0.1224782879,0.09045458393,0.1436656882,0.5512026252,0.2076795564,0.2110416118,0.2155307304,0.1041519424,0.4741242868
12,1,1,1,1,1,0.4350058077,0.904761692,0.474159226,0.6851906043,0.4961284928,0.4167241659,0.08718788229,0.04111659683,0.1323493263,0.09516935078,0.1569891889,0.5559947914,0.2104238858,0.2177537458,0.2242402839,0.1141988897,0.5102033749
12.5,1,1,1,1,1,0.4331790467,0.9055856339,0.4730628643,0.6877492285,0.4937722899,0.4185291214,0.08712149604,0.0423132918,0.1433291353,0.1001485573,0.1687870441,0.5567720902,0.21315661,0.2258210051,0.230623361,0.1240390553,0.5428374661
13,1,1,1,1,1,0.4325647993,0.9043297388,0.4717086744,0.6882643789,0.4983610699,0.4175949644,0.0884494975,0.04319075705,0.1545403759,0.1044062342,0.1821275359,0.55790783,0.2143625455,0.2339822171,0.238557947,0.133167004,0.5753161322
13.5,1,1,1,1,1,0.4350589045,0.9041058329,0.4757312737,0.6902566175,0.4953613581,0.4173848773,0.08859023772,0.04423806854,0.1626570073,0.1102145267,0.1935230335,0.5613836941,0.2159712435,0.2393909111,0.2453124109,0.1447342515,0.6028186623
14,1,1,1,1,1,0.4353812195,0.9049168319,0.473760872,0.6923681535,0.4949814064,0.4190779696,0.08968923838,0.04492060518,0.172424455,0.1143049194,0.2060583261,0.5631643859,0.2151971415,0.2437464629,0.2504549752,0.15302456,0.6337947001
14.5,1,1,1,1,1,0.4361800951,0.903609803,0.4744532417,0.6908370805,0.4939147713,0.4203391179,0.08965268105,0.04571282631,0.183956139,0.1175846887,0.2191603999,0.5609909561,0.2152000399,0.2483277346,0.2548899718,0.1623016873,0.6587908016
15,1,1,1,1,1,0.4354074143,0.9043945415,0.4736350396,0.6917999025,0.4957534884,0.4239005687,0.09016023171,0.04577513467,0.1926920099,0.1206153602,0.2320566229,0.5591390331,0.2164994557,0.255953849,0.2562957096,0.1726010546,0.68331207
15.5,1,1,1,1,1,0.4333323988,0.904145126,0.47350909,0.6936045075,0.4943522205,0.4238913687,0.09084425837,0.04581316056,0.2016599959,0.1238361363,0.2468978516,0.5603487677,0.2188759273,0.2588763483,0.2603766938,0.1804065652,0.7045187603
16,1,1,1,1,1,0.4350994317,0.9041352733,0.4721769114,0.6945215797,0.4974301354,0.4235067075,0.09159241228,0.04621407341,0.2101253349,0.1265287623,0.2581466565,0.5599496044,0.2197255209,0.262288973,0.2640422221,0.1882614527,0.7237032576
16.5,1,1,1,1,1,0.4346960252,0.9042372307,0.471904309,0.693217701,0.4985993776,0.4231375303,0.09286935549,0.04690743148,0.2184232186,0.1285270934,0.2674951671,0.5590831605,0.2219715673,0.266862429,0.2677120046,0.1985190122,0.7402651027
17,1,1,1,1,1,0.436375313,0.9050208149,0.4756365062,0.6935793759,0.4982800048,0.4254169549,0.09326830741,0.04741441235,0.2245955602,0.1309865406,0.2789937815,0.5597010958,0.2213691512,0.2695457739,0.2726154821,0.2073490553,0.7546318026
17.5,1,1,1,1,1,0.4370070141,0.9051407953,0.4757700859,0.694130386,0.4989271763,0.4260450089,0.0939312195,0.04773327276,0.2343085892,0.1334886954,0.2914205261,0.5579382203,0.2224941473,0.2737583477,0.2730252342,0.214812921,0.7704333952
18,1,1,1,1,1,0.4357705609,0.9054399619,0.4738088695,0.6967629565,0.4990449945,0.427029464,0.09419296723,0.04800805179,0.2402519253,0.1348968858,0.3050501197,0.5571608832,0.2220531577,0.2753618782,0.2779108014,0.2218256574,0.7845671414
18.5,1,1,1,1,1,0.436138716,0.9050041388,0.4755412628,0.6956013306,0.5009759418,0.4314475563,0.09359561763,0.04795137288,0.2477668645,0.1369944201,0.3166859236,0.5578222283,0.2247998227,0.2779711411,0.2797622061,0.2310759547,0.7972946972
19,1,1,1,1,1,0.4342136992,0.9045531246,0.4762522062,0.6959715578,0.4991230823,0.43209356,0.09470631865,0.04853894391,0.2547333543,0.1387994574,0.3263132685,0.5575841346,0.2240482587,0.2814716696,0.281311963,0.2398519057,0.8086628321
19.5,1,1,1,1,1,0.4370234408,0.9048283875,0.4778277267,0.6927341195,0.4977060092,0.4317374873,0.09530917412,0.04902104204,0.2628558438,0.1409356071,0.3365166091,0.5595928976,0.2245732544,0.28278868,0.284413419,0.2477182354,0.818819019
20,1,1,1,1,1,0.437851834,0.9048626096,0.4791230067,0.6943696739,0.4956389594,0.4291426809,0.09514473072,0.04893809686,0.2702233592,0.1423793446,0.3503687354,0.5599291902,0.2233218865,0.2853306398,0.2874323537,0.2551563008,0.8293713729
20.5,1,1,1,1,1,0.4359469048,0.9042083956,0.4776842145,0.6925769621,0.4964444573,0.4270087339,0.09511987759,0.04878167014,0.2756846305,0.1423272949,0.362674583,0.5605339218,0.2233967745,0.2859764702,0.2898000103,0.2607728099,0.8375279273
21,1,1,1,1,1,0.4343205442,0.9039662532,0.4761798859,0.6936103595,0.496752955,0.425246305,0.09466302835,0.04866011528,0.2811907141,0.1435642384,0.3720306463,0.5584779093,0.2227087559,0.2861702371,0.289394088,0.2689740388,0.8452666819
21.5,1,1,1,1,1,0.4358389819,0.9045022327,0.4767615945,0.6947377696,0.4964962431,0.423564385,0.09447192817,0.04859791112,0.2891155816,0.1437275238,0.3824145551,0.5600289144,0.2239380082,0.288818431,0.2903672923,0.2789633712,0.8512211229
22,1,1,1,1,1,0.4360487878,0.904463043,0.4795054086,0.6931937856,0.4947022083,0.4232272998,0.09404079667,0.04864277774,0.2940672664,0.1446155078,0.3909217951,0.5597244306,0.2242239556,0.2896674284,0.2929303833,0.2859122986,0.8574119314
22.5,1,1,1,1,1,0.4394517018,0.90351105,0.4764841198,0.6945728001,0.4923434542,0.4256085758,0.0941297793,0.04873522688,0.3001364049,0.1450179019,0.4000533959,0.5594535482,0.2237224451,0.2914484635,0.2948280898,0.2935660411,0.8631997938
23,1,1,1,1,1,0.4378124412,0.9032748393,0.4747530121,0.69468546,0.4938673715,0.4272387769,0.09320938398,0.04857750183,0.3050668546,0.1461909727,0.4058716183,0.5594898797,0.2243647902,0.2932838252,0.2954858345,0.297949044,0.8679956183
23.5,1,1,1,1,1,0.4374537835,0.9033280133,0.4769472314,0.6920567068,0.4940609847,0.4258044924,0.09356037483,0.04833202946,0.3108255861,0.1473428384,0.4132107635,0.5629971768,0.2235358158,0.2954453844,0.2962618243,0.3026489253,0.8723966997
24,1,1,1,1,1,0.4370136305,0.9036001535,0.4751210995,0.6925410339,0.4941541441,0.4266329235,0.09350299859,0.04810585904,0.3176749567,0.1478003565,0.4230280837,0.5622759284,0.2252112096,0.2952112088,0.2973399453,0.3083833809,0.876352871
24.5,1,1,1,1,1,0.4360515428,0.9041998247,0.4736995746,0.6927653113,0.4953776551,0.4254944641,0.09337595384,0.04795566411,0.3219465723,0.1471710907,0.4312800629,0.5616682822,0.226356508,0.2960363808,0.2962268152,0.3114404442,0.8788511616
25,1,1,1,1,1,0.4362663712,0.904840351,0.4706678938,0.6931088332,0.4951046428,0.4274657917,0.09328443459,0.04831717503,0.326946122,0.1471885597,0.4357103723,0.5610772595,0.2266960375,0.2967956307,0.2968923474,0.3169350032,0.8817650572
25.5,1,1,1,1,1,0.4359302806,0.905164773,0.4739536655,0.6944576014,0.4960131721,0.425423225,0.09383351284,0.04875421443,0.3323354984,0.1469825601,0.442349138,0.5626292621,0.2263733927,0.2967671166,0.2973258992,0.3242412411,0.8853022472
26,1,1,1,1,1,0.4361628165,0.9053004947,0.4750651968,0.6941484543,0.4977130185,0.425001058,0.09370388682,0.04834067732,0.3366849174,0.1463373926,0.4455431634,0.5592240314,0.2272437294,0.2947923166,0.297093886,0.3289612122,0.8880849295
26.5,1,1,1,1,1,0.4360207921,0.9051352159,0.476509307,0.6953322301,0.4964984082,0.4241737784,0.0939538735,0.04777606861,0.3427211493,0.1472821592,0.4501116642,0.5552754683,0.2276747369,0.2943775679,0.2964482205,0.3346212735,0.8905361108
27,1,1,1,1,1,0.436811766,0.9048874099,0.4768974342,0.6969458149,0.4992516339,0.4263173628,0.09352883912,0.04773391348,0.3454341214,0.1470148032,0.4584335738,0.5561538394,0.2276100337,0.2969818686,0.2977238346,0.3363171261,0.892889686
27.5,1,1,1,1,1,0.4379382622,0.9047123239,0.4765390623,0.6963722323,0.4995182615,0.428583431,0.09355347004,0.04741417814,0.3511875229,0.1479039801,0.4646940795,0.5577955256,0.2243591805,0.2973538475,0.2984466835,0.3419644134,0.8961817459
28,1,1,1,1,1,0.4367339266,0.9039208975,0.4764075157,0.6966979016,0.4981208359,0.4289754227,0.09418351202,0.04733934613,0.356396698,0.1487544489,0.4702426429,0.5600862083,0.2234964011,0.2973615144,0.297076803,0.3461211601,0.8981080085
28.5,1,1,1,1,1,0.4358679481,0.9021828088,0.4778755684,0.6973711213,0.4953714774,0.4299038704,0.09460083054,0.04795228093,0.3603917604,0.1491176382,0.4730998023,0.5603010992,0.2228488409,0.2986993444,0.2964712426,0.3481683111,0.8981815748
29,1,1,1,1,1,0.4372934618,0.902779511,0.4764868339,0.6966087495,0.4974183891,0.4302072473,0.09417431281,0.04839392973,0.361202181,0.1491884929,0.4770408758,0.5617759364,0.2231887706,0.2962504783,0.2975265222,0.3529615065,0.8992341069
29.5,1,1,1,1,1,0.4371658337,0.9025947623,0.4765229378,0.6985548772,0.4961206051,0.4302146365,0.09357844277,0.04851141285,0.3630008267,0.1501631134,0.481960198,0.5629830142,0.2232348387,0.2971758439,0.2964893913,0.3566695541,0.9010026431
30,1,1,1,1,1,0.4374454999,0.9034017857,0.4737190606,0.7007350956,0.4964364874,0.4297337252,0.09362338627,0.04866483719,0.3644498629,0.1505648068,0.4863117653,0.5636631478,0.2245188355,0.2981562827,0.2973075508,0.3594476831,0.9027473369
30.5,1,1,1,1,1,0.4368211397,0.904211168,0.4737653303,0.7006077461,0.4954724678,0.4275999259,0.09404088377,0.04854689955,0.3657299839,0.1504675934,0.4931288237,0.5635782329,0.2250248243,0.2955939149,0.2951494481,0.3635089004,0.9040258159
31,1,1,1,1,1,0.4370331987,0.9044092497,0.4746625031,0.6993499393,0.4947474894,0.4280180373,0.0941884405,0.04884173277,0.3667351047,0.151132166,0.4971510015,0.5633042243,0.2237078795,0.297283736,0.2955545216,0.367863787,0.9047432029
31.5,1,1,1,1,1,0.4374850817,0.9046720408,0.4726193453,0.698110066,0.493752252,0.4300935324,0.0939502874,0.04858451905,0.3721598953,0.1502266358,0.5001951502,0.5624812264,0.2249352916,0.2971470408,0.2972888577,0.3721889691,0.9049548922
32,1,1,1,1,1,0.4365358143,0.9048462149,0.4743861715,0.6963229554,0.4948964384,0.4322742376,0.09372845502,0.04839001664,0.3750074508,0.1517206035,0.5053594905,0.5612785106,0.2245241302,0.2971134256,0.2982539443,0.3793001811,0.9045770719
32.5,1,1,1,1,1,0.4365578313,0.9039230803,0.4753251335,0.6953037543,0.4975197211,0.4331787689,0.09544955016,0.04818318166,0.3776202464,0.1527287228,0.5083988474,0.5607532581,0.2266028112,0.2975951731,0.29906116,0.3844905619,0.9045525229
33,1,1,1,1,1,0.4343405596,0.9037676538,0.4756974536,0.6957452363,0.496768174,0.4298090159,0.09478932537,0.04864710971,0.3755432805,0.1519886227,0.5113551733,0.5596869103,0.2254696942,0.2979852845,0.2987362007,0.3847710488,0.9040150354
33.5,1,1,1,1,1,0.4361939966,0.9034949056,0.4728466311,0.6948314587,0.4974368514,0.4271144062,0.09540732903,0.04876978337,0.3801129894,0.1523349718,0.5178950935,0.5574280641,0.2242573324,0.2969868946,0.2989109085,0.3871691702,0.904324571
34,1,1,1,1,1,0.4347188989,0.9024219748,0.4741501162,0.6940208145,0.4979637597,0.4281182517,0.09420601614,0.04866986454,0.3809259211,0.1518321522,0.5213693516,0.5623849396,0.2222568287,0.2968596851,0.296762909,0.3877006751,0.9044298014
34.5,1,1,1,1,1,0.4369835109,0.902926202,0.4729302056,0.6975395925,0.4998677283,0.4273948417,0.09358062147,0.04869518286,0.3838310299,0.1509163217,0.5279763876,0.5625141724,0.2211032643,0.2963528466,0.300641297,0.3901194038,0.9050671078
35,1,1,1,1,1,0.4366072078,0.9037151128,0.4734580531,0.6950796835,0.4974054094,0.4300953004,0.09472741689,0.04879734624,0.3869163623,0.1504896586,0.5340021817,0.5636397861,0.2225651525,0.2967955394,0.2986551144,0.3908023295,0.9064843706
35.5,1,1,1,1,1,0.4364983813,0.9042525018,0.4750365866,0.6950492967,0.4987931625,0.4285582361,0.09443699878,0.0479240473,0.3887201724,0.1508306669,0.5385115108,0.5631809243,0.2225553491,0.2969498187,0.2991983915,0.3902628432,0.9076586384
36,1,1,1,1,1,0.4340921732,0.9037764651,0.4762696956,0.6957438504,0.4972227403,0.4283672557,0.09463851798,0.04794689897,0.3902914628,0.1497626746,0.5408821924,0.5645285597,0.2247555548,0.2982643519,0.2995441424,0.3904232732,0.9080805184
36.5,1,1,1,1,1,0.4373966152,0.9032266162,0.4779525775,0.6958523425,0.4997218723,0.4282898033,0.09556684129,0.04835840904,0.3922865689,0.1501060822,0.5422230294,0.5661115678,0.2246616836,0.2988502994,0.2996478837,0.3943943956,0.9081333087
37,1,1,1,1,1,0.4374165134,0.903288761,0.4779585758,0.6953366618,0.4953129273,0.4242587621,0.09527829467,0.0484455006,0.3950224625,0.1493669113,0.5478097382,0.5657765751,0.224342424,0.2958061225,0.2964568713,0.3964776915,0.9092292563
37.5,1,1,1,1,1,0.4365582936,0.9041522918,0.4758171309,0.694961766,0.4984183151,0.4250908966,0.09440738914,0.04824066084,0.3975853161,0.1502967491,0.5491416739,0.5635586101,0.2260130348,0.2959806589,0.2976774088,0.3989879489,0.9089267666
38,1,1,1,1,1,0.4375703252,0.9044696311,0.4748514204,0.6934648773,0.4986719096,0.4251002041,0.09423289857,0.04804171866,0.3991055741,0.1507388405,0.554076209,0.5629978626,0.2250724472,0.2987805909,0.2994569815,0.3967263337,0.9089014144
38.5,1,1,1,1,1,0.4353714302,0.9053079173,0.4758923263,0.6939765063,0.4966258417,0.4270182376,0.09390661585,0.04788910795,0.4017838431,0.1505809666,0.5584902236,0.563291654,0.2238888938,0.2993134635,0.3007040596,0.3990678139,0.9102251484
39,1,1,1,1,1,0.4362496902,0.9050072211,0.4764750243,0.6921250504,0.495318909,0.4272928512,0.09424842954,0.04774363555,0.4014841938,0.14951484,0.5614536291,0.5602337038,0.2248483709,0.3008468776,0.2995235065,0.4022667818,0.9105344581
39.5,1,1,1,1,1,0.435157307,0.9036157964,0.477520841,0.692501324,0.494601422,0.4300589831,0.09383343387,0.04771462592,0.4042352763,0.1480418218,0.5622764024,0.5637668039,0.2234484937,0.2992451324,0.2981451625,0.4026945712,0.9109556635
40,1,1,1,1,1,0.4328868474,0.9027801618,0.4770346786,0.6934932395,0.495378167,0.4308626635,0.09462133173,0.04855069442,0.4046964151,0.1482912401,0.5675838564,0.5619348077,0.2239181973,0.2964676933,0.2979712954,0.4013769699,0.9111943824
40.5,1,1,1,1,1,0.4325769833,0.9022944546,0.4751234197,0.6965704983,0.4914909969,0.4306971541,0.09421976506,0.0480520065,0.4040646577,0.148569069,0.5690441427,0.5613096566,0.2219824609,0.2959267681,0.2953618151,0.4025673095,0.9111865302
41,1,1,1,1,1,0.4313189006,0.9017000163,0.4738832052,0.697598833,0.4928246092,0.4292140605,0.09510183508,0.04868706544,0.4074079125,0.1488630709,0.5755742646,0.5567124825,0.2223691689,0.2942428889,0.2949869371,0.4006532837,0.9117097579
41.5,1,1,1,1,1,0.432952062,0.9033093342,0.4719614029,0.696973182,0.4939183452,0.4274014911,0.09550132648,0.04878983275,0.4079812153,0.1492207626,0.5823075889,0.5584964468,0.222667685,0.2947569604,0.2960156729,0.4031111855,0.9115179681
42,1,1,1,1,1,0.4340570424,0.9037894505,0.4759104569,0.696508032,0.4966570513,0.428363665,0.09454948134,0.04891898724,0.4098381911,0.150786559,0.5841615622,0.5556404152,0.2238144728,0.2961613441,0.2948468097,0.4032564888,0.9116714841
42.5,1,1,1,1,1,0.4341049978,0.9035390579,0.4772878905,0.6963391235,0.4974812152,0.4299979645,0.09437908528,0.04878452204,0.4101837275,0.1508043531,0.5893820182,0.5576132257,0.2230050284,0.2961415266,0.2954274999,0.4010832919,0.9120993755
43,1,1,1,1,1,0.4368905929,0.9026648813,0.4787845324,0.6976491325,0.4955503253,0.4319290122,0.09529474622,0.04859486964,0.4118205115,0.1514112538,0.5919298285,0.5598989019,0.2228539167,0.2955631199,0.2942679201,0.4036068096,0.9124628173
43.5,1,1,1,1,1,0.4365972045,0.9031225764,0.4766888691,0.6974996817,0.4938660302,0.432090015,0.09407701315,0.04838498397,0.4103627858,0.1509893857,0.5959736633,0.5608357411,0.2220573269,0.2955348452,0.2943752671,0.4060977285,0.9113646961
44,1,1,1,1,1,0.4334917013,0.9024010575,0.4757410882,0.6984995204,0.4934063534,0.4320643497,0.09393470768,0.0480306942,0.4105734677,0.1516869927,0.5998176843,0.5603339931,0.2220086622,0.2951228567,0.2953981979,0.4085149485,0.9102221872
44.5,1,1,1,1,1,0.4363739684,0.9024278816,0.4771951777,0.7000790155,0.4953893864,0.4348752195,0.09531052746,0.04780967371,0.4115832018,0.1530360568,0.6009694739,0.5609041015,0.2227265947,0.2928234532,0.2930741799,0.4128013518,0.9111197099
45,1,1,1,1,1,0.4384192095,0.9032230353,0.4780987357,0.6997258066,0.4990037204,0.4321143381,0.09594990226,0.0477618636,0.4133439322,0.1518678114,0.6022145123,0.5616203723,0.2243073403,0.2921065905,0.2941370983,0.4121629292,0.9111156885
45.5,1,1,1,1,1,0.4353445549,0.9034810916,0.4759089983,0.7002534931,0.4985366353,0.4335743456,0.09558958506,0.04791474069,0.4152975896,0.1518535714,0.6057038086,0.559437434,0.2236568418,0.2939754192,0.2935300496,0.4159525886,0.9106109179
46,1,1,1,1,1,0.4345299784,0.9039681114,0.4744535198,0.7003089104,0.4980184464,0.4327074434,0.09588505299,0.04839474675,0.415611369,0.1516377408,0.6085323407,0.5587364713,0.2219473402,0.2922097264,0.2940531853,0.4149186147,0.9102024524
46.5,1,1,1,1,1,0.4339313997,0.9039400883,0.4761563565,0.6987637658,0.4958845565,0.4337645187,0.09557761978,0.0482937349,0.4169573193,0.1500438874,0.6121303901,0.5604695937,0.2222956396,0.2937911672,0.2941835426,0.4137491034,0.9108398124
47,1,1,1,1,1,0.4346009729,0.9040492229,0.4783713937,0.6982432128,0.4971302047,0.4318398885,0.09574738945,0.04814129224,0.4158781045,0.1505811406,0.6143012093,0.5632894258,0.2215686474,0.2946474355,0.2943762114,0.4150144989,0.9107281387
47.5,1,1,1,1,1,0.4354883296,0.9035711665,0.4778789189,0.6963617393,0.4997253598,0.4322634657,0.09501424148,0.04899712554,0.4144204089,0.1497865365,0.6175328768,0.5631799984,0.2210749835,0.295930309,0.2969107583,0.4174073163,0.9108847677
48,1,1,1,1,1,0.4351002122,0.9028084655,0.4753686882,0.6980383266,0.4953740042,0.4337283226,0.09585260694,0.04934346083,0.4122975918,0.1500101562,0.6173559465,0.562254179,0.2226362333,0.2940078255,0.2995457693,0.4204413433,0.9106322409
48.5,1,1,1,1,1,0.4368690546,0.9035212915,0.4768029825,0.6964766719,0.4964654937,0.4331343581,0.0950248038,0.04947297187,0.4137043901,0.1514264718,0.6194777953,0.564318458,0.223272327,0.2944063903,0.2962059747,0.422210882,0.9108532243
49,1,1,1,1,1,0.4374176612,0.9029946592,0.4747904272,0.6950967489,0.4974307437,0.4294717008,0.09557149175,0.04974202886,0.4143843623,0.1534172747,0.620100832,0.5620566242,0.2254586207,0.2953207959,0.2967717269,0.4183629207,0.9110204603
49.5,1,1,1,1,1,0.4378588201,0.9030865104,0.4752118313,0.697869242,0.4963642107,0.4290223975,0.09557921241,0.04932943816,0.4129635767,0.1520545585,0.6240607102,0.5648886181,0.2231033296,0.2981238177,0.2957267741,0.4161904634,0.9110288193
50,1,1,1,1,1,0.4366592781,0.9036849624,0.4752727855,0.6967817795,0.4971915108,0.4292924853,0.09523589533,0.04910340676,0.4123087757,0.1515716111,0.6263454059,0.563710099,0.2226370112,0.2983906478,0.2955812115,0.4176601193,0.9108020786
50.5,1,1,1,1,1,0.4374142322,0.9034061713,0.4758357703,0.697631105,0.493759137,0.4267807851,0.09533287864,0.0488756187,0.4166298012,0.1503830555,0.6287295872,0.5596528164,0.2227540437,0.2983252554,0.2938966574,0.4192142698,0.9099962379
51,1,1,1,1,1,0.4370601533,0.9033457555,0.476506668,0.6972793374,0.4959792751,0.4320363483,0.09522577596,0.04859684352,0.4178194971,0.1498098533,0.6292980994,0.5601712237,0.2214004847,0.2984448767,0.2948224193,0.4220895411,0.9102445093
51.5,1,1,1,1,1,0.4380434234,0.9040842933,0.4781638714,0.697676324,0.4956184038,0.431995534,0.0956708939,0.04861053552,0.4163456407,0.1506503438,0.6296241035,0.5615790588,0.2222077399,0.2992737672,0.2969739384,0.4259726847,0.9100136599
52,1,1,1,1,1,0.4389140218,0.9045438954,0.472896363,0.6985728437,0.4955735009,0.4342268547,0.09514179776,0.04883530111,0.4181822994,0.1513740668,0.6314810549,0.5631718894,0.221480693,0.3008094555,0.2978465268,0.4291265769,0.9102332558
52.5,1,1,1,1,1,0.4381837845,0.9040234027,0.473800608,0.6985064097,0.4947619689,0.4324707197,0.09389542371,0.04944233236,0.4196203266,0.1512012505,0.6311072927,0.5623722862,0.2234554103,0.3005529847,0.2985435585,0.4281089689,0.9107173424
53,1,1,1,1,1,0.435280284,0.9029545671,0.475286453,0.6968826648,0.4961333258,0.4326400408,0.09384512983,0.04919456012,0.4199521131,0.151944531,0.6314119331,0.563875208,0.2232422899,0.302134804,0.3001925523,0.4300433094,0.9110079263
53.5,1,1,1,1,1,0.4341929809,0.9029493537,0.4743926175,0.6933062249,0.4949708336,0.4316579011,0.09449387164,0.04933376616,0.4225215125,0.1518751439,0.6326966105,0.5652405929,0.2231715595,0.3004327809,0.3011874922,0.4336448288,0.9110437813
54,1,1,1,1,1,0.4331208312,0.902557324,0.4760744332,0.694487215,0.4967510905,0.432416128,0.09379526958,0.04942515791,0.4234551322,0.1524035801,0.633956274,0.5635686084,0.222456975,0.2993590602,0.3014062497,0.4328478805,0.9101489123
54.5,1,1,1,1,1,0.4356011064,0.9035169686,0.4759336607,0.6942985841,0.4955763508,0.432050238,0.09369600608,0.04904552804,0.425405932,0.1518580716,0.6336552229,0.5649592828,0.2222444705,0.2985871989,0.3011297864,0.4345997785,0.9106313672
55,1,1,1,1,1,0.4362840031,0.9040979399,0.4733568903,0.6926337435,0.4952606809,0.4290862723,0.09469082714,0.04878041275,0.422055537,0.1506427399,0.6358774006,0.5652451511,0.2238389628,0.2966998536,0.3018576177,0.4367112559,0.910385932
55.5,1,1,1,1,1,0.4379118887,0.9044930758,0.4737406664,0.6941009978,0.4962283975,0.4303775383,0.09545772059,0.04902934909,0.4191862997,0.1503425082,0.6375466741,0.567112911,0.2222342108,0.2966116606,0.3002395261,0.4388409121,0.9094503255
56,1,1,1,1,1,0.4379924049,0.9049588486,0.4724657587,0.6906900603,0.4969737711,0.4293969316,0.09494577101,0.04863491017,0.4186096694,0.150770552,0.6393350146,0.5653619236,0.2234976942,0.2969635226,0.2970782472,0.4402752806,0.9103017656
56.5,1,1,1,1,1,0.4366841158,0.904951478,0.4736875048,0.6926491177,0.4975841751,0.4274059633,0.09522463923,0.04866724733,0.4198160016,0.1520493501,0.6420952632,0.5664436923,0.2237766995,0.2972683275,0.2978878699,0.4428834107,0.9098759597
57,1,1,1,1,1,0.4349564739,0.9051161896,0.4744416474,0.6939538532,0.4967929679,0.4259214775,0.09543342524,0.04898084872,0.4212579707,0.1522436732,0.6429846715,0.5658272187,0.2226535762,0.2974023291,0.2992766873,0.4447985538,0.9104071884
57.5,1,1,1,1,1,0.437013634,0.9049811282,0.4743508686,0.6917859833,0.4983152779,0.4252948031,0.09538963349,0.04906831076,0.4223885364,0.1523582265,0.6459235781,0.5650662995,0.2223944077,0.2971053574,0.2996289009,0.4425126914,0.9106510839
58,1,1,1,1,1,0.4370043534,0.9045530422,0.4756494325,0.6918373791,0.4995790843,0.426461052,0.09497520417,0.04920012653,0.4212171856,0.1511653548,0.648927145,0.5632478421,0.2229245376,0.2986295472,0.2971376802,0.4410681052,0.910457059
58.5,1,1,1,1,1,0.4372088759,0.9037014694,0.4757044211,0.692485707,0.4996562094,0.4288703917,0.09432774265,0.04839389588,0.4212295823,0.1505543463,0.6486251459,0.5614596545,0.2236738873,0.2984759372,0.2978569899,0.442517789,0.9104156225
59,1,1,1,1,1,0.4364275982,0.9037281311,0.4734111924,0.6954355332,0.4988330531,0.4285812798,0.09451194092,0.0483660025,0.4217769812,0.1490445064,0.6498542257,0.5628463964,0.2255951286,0.2980867093,0.2994171199,0.4422020198,0.9112209902
59.5,1,1,1,1,1,0.4387932135,0.9031695248,0.4746425947,0.69522946,0.5001469267,0.4278584001,0.09538459303,0.04871319183,0.4223554337,0.1500534415,0.6513072252,0.5609988838,0.2257066172,0.2974463116,0.3009463741,0.4432017934,0.9113673807
60,1,1,1,1,1,0.4377345196,0.9030668532,0.4740651691,0.6950456273,0.4992897514,0.4265703576,0.09480470072,0.04906015705,0.4233104278,0.1496211856,0.650473893,0.5632854348,0.2257637453,0.2976366939,0.3003473693,0.4405624677,0.9106012089
60.5,1,1,1,1,1,0.4373118859,0.9037675043,0.4750766694,0.6963409425,0.5017217738,0.4281277425,0.09513071196,0.04844934497,0.4224227205,0.1500185685,0.6493351939,0.5624656066,0.2267577245,0.299191266,0.3004920124,0.4396952286,0.9106234416
61,1,1,1,1,1,0.4373927993,0.9039985421,0.475827096,0.6953169923,0.4994485912,0.4272646451,0.0945377653,0.04815424647,0.4238580463,0.1501615285,0.6516207688,0.5604571579,0.2270318136,0.2977415422,0.3001498649,0.4410973223,0.9116432182
61.5,1,1,1,1,1,0.43501426,0.9041443067,0.4747322752,0.6967194936,0.498464414,0.4272207345,0.09474554229,0.04875850538,0.4256818315,0.1497988581,0.6523222703,0.560971181,0.2265643269,0.2975170531,0.300288554,0.4424254717,0.9123070634
62,1,1,1,1,1,0.43526728,0.9040410924,0.4761436085,0.6951115109,0.4966542281,0.4310324269,0.09453061818,0.04874673807,0.4245165269,0.1512685733,0.6565179017,0.5583519818,0.2253207599,0.2966495842,0.2985484526,0.4441680066,0.912698958
62.5,1,1,1,1,1,0.4363681798,0.9033448766,0.4767515056,0.6956391427,0.496434046,0.4310335232,0.09481761294,0.04865492639,0.4280672096,0.1517012833,0.6566486064,0.5586883878,0.2258029609,0.2955070072,0.2962864132,0.4438839046,0.9114669719
63,1,1,1,1,1,0.4357049421,0.9034970577,0.4760088495,0.6961468751,0.4949719182,0.4313315898,0.09430783406,0.04872384244,0.4287373867,0.1512734848,0.6611710433,0.5617027176,0.2266514661,0.2976768869,0.2973504001,0.4418544273,0.9110657557
63.5,1,1,1,1,1,0.435582856,0.9030396336,0.4748871455,0.6970421167,0.4945623106,0.4347516715,0.09491165154,0.04900856673,0.4299448787,0.1503806552,0.6608635301,0.5603157062,0.2277662883,0.2981537378,0.2977799264,0.4430746143,0.9122333169
64,1,1,1,1,1,0.4340468843,0.903473684,0.4741925512,0.6948510377,0.4952910428,0.4335812388,0.09499976487,0.04926040872,0.4323038931,0.1504770861,0.6582347978,0.5582176546,0.2277810103,0.2983837916,0.297776008,0.4418117966,0.9119562985
64.5,1,1,1,1,1,0.4382855981,0.9029276801,0.4723710427,0.6961734722,0.4938861272,0.4338834043,0.09572660681,0.04894028459,0.4350110203,0.1510337572,0.6592821222,0.5587634282,0.2266762042,0.3003073687,0.2978187949,0.443815193,0.9122420108
65,1,1,1,1,1,0.4395567664,0.903157249,0.4741712765,0.6961812251,0.4912990616,0.4317024694,0.09529452659,0.04862079261,0.4366810744,0.1519526497,0.6584516755,0.5570165547,0.2253517588,0.3008834321,0.2969980913,0.4427481302,0.9126301113
65.5,1,1,1,1,1,0.4377774613,0.9037007178,0.4742175228,0.6979068774,0.4908036536,0.4306166172,0.09676100604,0.04904848651,0.4388084515,0.1515686725,0.6564588362,0.5603318105,0.225745691,0.3010571628,0.2983802226,0.4432504485,0.9125667418
66,1,1,1,1,1,0.4354418363,0.9040628711,0.4754246553,0.6970429902,0.4908304458,0.4289159465,0.09665911704,0.04904310232,0.4395908323,0.1498575485,0.6543849367,0.5610303869,0.2258238596,0.3004214915,0.2978001467,0.4427778668,0.9125027197
66.5,1,1,1,1,1,0.4333153556,0.9035824119,0.4728134628,0.6978520232,0.4931406156,0.4315248647,0.09621525728,0.04882211518,0.4378987973,0.1502734274,0.6537668141,0.5598003289,0.2248783955,0.2980588054,0.3002569712,0.4405373449,0.9124175034
67,1,1,1,1,1,0.4350407727,0.903947688,0.4727378238,0.6967782184,0.4967104119,0.4304744955,0.0962567524,0.04880601577,0.4359733148,0.1495497406,0.6543121316,0.5598063733,0.2254692085,0.2997244034,0.300852943,0.4365689651,0.9130735941
67.5,1,1,1,1,1,0.4352787923,0.9042443632,0.4754060799,0.6978486641,0.498104804,0.4326770694,0.09585503293,0.04912242865,0.4365985143,0.1502966556,0.6557069817,0.5598772805,0.2250286357,0.2989253366,0.3008636143,0.4377503741,0.9132567067
68,1,1,1,1,1,0.4370582946,0.9043148464,0.4763826739,0.6994815462,0.4972367519,0.4304493376,0.09549023472,0.04846991624,0.4362318113,0.1486300929,0.654934635,0.5585785526,0.2242579121,0.2979793796,0.3011550536,0.4384739786,0.9129985008
68.5,1,1,1,1,1,0.4381050202,0.903365303,0.4760031684,0.7000859141,0.4982014212,0.429636718,0.09493305483,0.04813768172,0.4379762981,0.1494841052,0.6535502276,0.5575556383,0.2251925659,0.3017205154,0.3008880094,0.4394670018,0.9132182833
69,1,1,1,1,1,0.4351875615,0.9028383633,0.4777272301,0.6974515014,0.4972265455,0.4288639752,0.09490720001,0.04824745148,0.4368500276,0.1487763639,0.6522058476,0.5581762464,0.2260687581,0.3003981218,0.2996885884,0.4401500085,0.9132325189
69.5,1,1,1,1,1,0.4373795124,0.9027751391,0.4757417059,0.6959006312,0.4977024254,0.4291906989,0.09476541553,0.04813452292,0.4377330981,0.1493076911,0.6526622067,0.5577908691,0.2270657157,0.3005202282,0.2982934948,0.4384588733,0.9133829096
70,1,1,1,1,1,0.4366369241,0.9034869291,0.4750739495,0.6951004084,0.4991195551,0.4239693073,0.09485768635,0.04820780889,0.4367124218,0.1488417699,0.6539319916,0.5598563509,0.2274495959,0.3003860694,0.298765736,0.4410277164,0.9137649915
70.5,1,1,1,1,1,0.4357492465,0.9040377424,0.4745235471,0.6951755197,0.5000740118,0.4268752642,0.09386756417,0.04812445114,0.4365851598,0.1493090807,0.6533147479,0.5598235207,0.2251451779,0.2997458366,0.2980917215,0.4415931663,0.9135926098
71,1,1,1,1,1,0.437803814,0.9037192446,0.4758767616,0.6963714952,0.4982643012,0.4282417367,0.09434832026,0.04835082179,0.4350698866,0.1497979282,0.6529215764,0.5637714651,0.2276401546,0.2992668599,0.2977053648,0.4388277183,0.9127548737
71.5,1,1,1,1,1,0.439245585,0.9054165521,0.4770003663,0.6949576055,0.4973633696,0.428416534,0.09382739592,0.04881824097,0.436510457,0.1480012952,0.6513365748,0.5633656791,0.2259327921,0.3004843467,0.299745268,0.436041049,0.9128109695
72,1,1,1,1,1,0.4358529554,0.9044644424,0.4790700024,0.6955440618,0.4987378455,0.4270727174,0.0937792767,0.04843743361,0.4338878599,0.148404308,0.6524971928,0.5633388831,0.228135722,0.3025088668,0.3015882916,0.4347309612,0.9127558992
72.5,1,1,1,1,1,0.4324976134,0.9047411318,0.4752340134,0.6953304332,0.4966619101,0.4269376344,0.09352582765,0.04914608915,0.435169806,0.1484199361,0.6532953104,0.560997384,0.2273972442,0.3012859931,0.3011584548,0.4349127733,0.9131446081
73,1,1,1,1,1,0.4350355744,0.9047232294,0.4743120492,0.6946305155,0.4977498994,0.4270671545,0.09387284643,0.04894390363,0.434625272,0.1494448222,0.6541580873,0.5621175451,0.2282506678,0.3013673638,0.3016962066,0.4363464965,0.9123266333
73.5,1,1,1,1,1,0.4339868145,0.9051585115,0.4735142198,0.694226987,0.4964189045,0.4257486618,0.09419648312,0.04872776585,0.431223191,0.1483059721,0.6549170054,0.5627230708,0.2273950685,0.3015668432,0.3014428053,0.4382318822,0.911658641
74,1,1,1,1,1,0.436500747,0.9056214113,0.4765951686,0.6978004026,0.4950378242,0.4257007589,0.09434366546,0.04891588507,0.4314049692,0.1484565698,0.6555201158,0.5647659563,0.2250854813,0.3010642859,0.3002529186,0.4365477926,0.9118638211
74.5,1,1,1,1,1,0.4346831232,0.9047506061,0.4742352981,0.6980995593,0.4968142005,0.4274067829,0.09410625646,0.04929453922,0.4315595827,0.149007166,0.6592267731,0.5653800204,0.2242051667,0.2981379265,0.2993460688,0.4382915894,0.911727876
75,1,1,1,1,1,0.4350465061,0.9034941732,0.4734817997,0.6973038726,0.4969863092,0.428708884,0.09477426983,0.04913855379,0.4315193498,0.1502717438,0.6621979808,0.5601955022,0.2233407173,0.2983709008,0.2959320367,0.4374742201,0.9115455832
75.5,1,1,1,1,1,0.4350073248,0.9031600352,0.4723092179,0.6989067713,0.4965213699,0.4283988976,0.09512349302,0.0491954569,0.4339578743,0.1513025095,0.6637504911,0.5617883225,0.2225166,0.2967338615,0.2993647052,0.4378249184,0.9115249701
76,1,1,1,1,1,0.4372081378,0.9036250131,0.4737787261,0.6957703362,0.4971109415,0.4291602908,0.09408972232,0.04927364302,0.4334668678,0.1505647266,0.6608981554,0.561007251,0.2228260874,0.2970862693,0.2974563304,0.4394318918,0.9109158126
76.5,1,1,1,1,1,0.4370931127,0.9035719483,0.4760996648,0.6964996891,0.4953517749,0.4302511052,0.09380752954,0.049202872,0.4345464617,0.151477873,0.659445881,0.5617775109,0.2239014321,0.2963027013,0.2964308174,0.4395664999,0.9114530627
77,1,1,1,1,1,0.438990221,0.9037337998,0.4767084344,0.6960533216,0.4962586956,0.4292285724,0.09336381347,0.04934424208,0.4352942289,0.1512353584,0.6577182931,0.5610205386,0.2232849902,0.2995304731,0.2958764845,0.4391241079,0.9118074805
77.5,1,1,1,1,1,0.4369185699,0.9032371095,0.4775125658,0.697736254,0.497214106,0.4270898333,0.09336193346,0.04892097701,0.4358863227,0.1522114614,0.6587168226,0.5613100492,0.2248501416,0.2989671652,0.2971531204,0.4376194618,0.9113187246
78,1,1,1,1,1,0.4351526578,0.9035591717,0.474582696,0.6975972452,0.4985381528,0.4292853425,0.09322424216,0.04830789129,0.4343758067,0.1519084951,0.6581455548,0.5635224912,0.2251791943,0.2991179701,0.2976890281,0.4374131463,0.9110463358
78.5,1,1,1,1,1,0.4363321763,0.9033966236,0.4743635022,0.6964073373,0.4979300914,0.4289722394,0.09313592993,0.04811845345,0.4344939269,0.1517793324,0.6596391672,0.5643284576,0.2249762835,0.3012202228,0.2991876146,0.4367253152,0.9105195978
79,1,1,1,1,1,0.4383578306,0.9039256174,0.4753594886,0.6956884976,0.4987916398,0.4283678497,0.09336265533,0.04792170287,0.4352494311,0.1506178804,0.659796976,0.5666408881,0.2258908713,0.3030728352,0.2998804182,0.4391639713,0.9103315929
79.5,1,1,1,1,1,0.4379546908,0.9049839975,0.4752865978,0.6947011868,0.499479474,0.4268036727,0.09274293737,0.04789259888,0.4332740129,0.1527034002,0.6626639729,0.5640654044,0.2236464804,0.3034140618,0.3011266547,0.4368220397,0.9116709586
80,1,1,1,1,1,0.4403406358,0.9052345132,0.4772497032,0.6936474491,0.4990304937,0.4279141248,0.09264497347,0.04840989237,0.4301804529,0.152560157,0.6623257412,0.563900862,0.2243724696,0.3029044462,0.3001992889,0.4383970089,0.9117130828
80.5,1,1,1,1,1,0.4350707588,0.9052303734,0.4743343735,0.6965513154,0.4987879418,0.4294880907,0.09290648565,0.04775279427,0.4283174857,0.1529543668,0.6626606303,0.5635874499,0.2245447297,0.3011262705,0.300357874,0.4378574587,0.9119987932
81,1,1,1,1,1,0.4372291985,0.9053206823,0.4753488428,0.6968282979,0.4975628344,0.4268153665,0.09298888051,0.04738720814,0.4325825337,0.152158976,0.6616256514,0.5641159511,0.2232390851,0.3008740908,0.3006443238,0.4377358517,0.9111475423
81.5,1,1,1,1,1,0.4344880663,0.9048586493,0.4716878388,0.6952606601,0.4972642256,0.4258633745,0.09261678463,0.04723613072,0.433197857,0.152212706,0.6622941455,0.5617231855,0.2223837194,0.2980381844,0.299524144,0.4392577582,0.9105102054
82,1,1,1,1,1,0.4365475556,0.9045770874,0.4756902818,0.6983853594,0.4998969272,0.4245357964,0.09296860377,0.04704286247,0.4326319438,0.1530278378,0.664736244,0.5616176128,0.2225468767,0.2990634794,0.299529667,0.4412954237,0.9107474121
82.5,1,1,1,1,1,0.4341455119,0.9042666487,0.4767040144,0.6993013895,0.4982321136,0.4240467932,0.09297840242,0.04731224541,0.4350065288,0.1532070053,0.6671732391,0.5626597756,0.2214572169,0.2990545588,0.3007508064,0.4411260965,0.9108189007
83,1,1,1,1,1,0.4350845152,0.9036885253,0.4755576067,0.6986342546,0.4984397105,0.4243057248,0.09352390348,0.04710937645,0.4360322773,0.1526005454,0.6669661995,0.5610768598,0.2224208053,0.2974863189,0.2998338641,0.4392980461,0.9109158097
83.5,1,1,1,1,1,0.4338631544,0.9032181954,0.4726621209,0.6965696343,0.4983509039,0.4264907757,0.0936410728,0.04733998406,0.437541751,0.1507897644,0.6677420742,0.5607500781,0.2207825872,0.2976616497,0.3004083372,0.4402446349,0.9115356093
84,1,1,1,1,1,0.4349595352,0.9030462343,0.4726400747,0.6976814863,0.4966314945,0.4267330936,0.09391572354,0.04711797671,0.4372510092,0.1504334392,0.6729707278,0.5599966106,0.2217052726,0.2984701462,0.3002830355,0.4426113297,0.9118456079
84.5,1,1,1,1,1,0.4342838016,0.9035426093,0.4759062377,0.6960969529,0.4961146804,0.4275409933,0.09400585305,0.0472105558,0.4378555948,0.1501165686,0.672140441,0.5621278435,0.2215226656,0.2996662986,0.3015019708,0.4444635628,0.9119292453
85,1,1,1,1,1,0.4361588079,0.9039577354,0.475773112,0.6948040565,0.4949624386,0.4283628132,0.09445617647,0.04729639646,0.4344229315,0.1481223336,0.6752508342,0.5591390637,0.2226641888,0.2992843873,0.3014980158,0.4469743361,0.9115950398
85.5,1,1,1,1,1,0.4335881678,0.9042464523,0.4770433771,0.6933783565,0.4954955474,0.4257046158,0.09519167527,0.04806691997,0.4367934189,0.1490591027,0.6769568505,0.5596537531,0.2239755166,0.2985854673,0.3018367323,0.4497325219,0.9117518763
86,1,1,1,1,1,0.435984394,0.9042307906,0.4741581036,0.6935106905,0.4949195646,0.424024388,0.09536250313,0.04806562652,0.4351679654,0.1482701834,0.6756066299,0.5586175063,0.225166122,0.298570753,0.2989790371,0.4503761558,0.9109832175
86.5,1,1,1,1,1,0.4392682813,0.9037235686,0.4731360456,0.6934709089,0.4963876739,0.422559728,0.09398495737,0.04882439306,0.4316813471,0.148727008,0.6774415306,0.5586171059,0.2261774461,0.2984721492,0.2980406191,0.4485274465,0.911076446
87,1,1,1,1,1,0.4398701465,0.9041466562,0.4757065669,0.6923844258,0.4945792112,0.4228472561,0.0939639056,0.04817124725,0.4309006078,0.1490691196,0.6767166197,0.5603071121,0.22481456,0.2961446493,0.2971996112,0.4468318919,0.9103836694
87.5,1,1,1,1,1,0.4378470163,0.9048091313,0.4736604889,0.6941065914,0.4984510093,0.4243009904,0.0934006024,0.0477632381,0.4306307728,0.1484207368,0.6747928503,0.5595140515,0.2266491751,0.2969391227,0.2986905954,0.4465918644,0.9099216896
88,1,1,1,1,1,0.4368272779,0.9051510189,0.4716551786,0.6952526562,0.4966515006,0.4244779108,0.09346113382,0.04784642703,0.4327376865,0.1482181181,0.6759477466,0.5618681926,0.2261026235,0.2977225553,0.298350136,0.4454191621,0.9102112822
88.5,1,1,1,1,1,0.4368284871,0.9053223295,0.4725544488,0.6942462769,0.4950791159,0.424075327,0.09343663248,0.04840357768,0.434704064,0.1469023354,0.6748054785,0.5625293108,0.2257442627,0.2989258507,0.3000023205,0.4441307208,0.9104850813
89,1,1,1,1,1,0.4370748845,0.9045329045,0.474041754,0.6951290915,0.4967411113,0.4238975471,0.09352452968,0.04834278905,0.4324344566,0.1469443524,0.6741860174,0.5590616819,0.2237518328,0.2996736538,0.2968531933,0.445468501,0.9107590326
89.5,1,1,1,1,1,0.4380155613,0.9048566436,0.4733267379,0.6933146168,0.4962926772,0.4229377301,0.09405972266,0.04805650988,0.4312680067,0.1474324171,0.6738295062,0.5620724882,0.2240208353,0.2981888996,0.2975997641,0.4436460146,0.9098255165
90,1,1,1,1,1,0.4378892203,0.9039708012,0.4751988676,0.6941961322,0.496906308,0.4264148469,0.09423291192,0.04807871579,0.4326439112,0.1479948689,0.673299895,0.5627141753,0.2254338598,0.2980162751,0.2991586473,0.4460441687,0.9097028979
90.5,1,1,1,1,1,0.4375199402,0.9039686554,0.4735200123,0.6943455405,0.4995815075,0.4285331433,0.09476260029,0.04791511409,0.4348373499,0.1482619024,0.6737964629,0.5651018121,0.2255829354,0.2998077944,0.2981292444,0.4476929896,0.9101130727
91,1,1,1,1,1,0.4382708916,0.9036726912,0.474530214,0.6966400513,0.4979805,0.4276684939,0.09391610707,0.04817841771,0.4347730423,0.148866581,0.6727135211,0.5662645604,0.2265178083,0.3011635452,0.2972235377,0.4475193067,0.9096254287
91.5,1,1,1,1,1,0.4373380821,0.904361609,0.4715125446,0.6950856532,0.4965282335,0.4274979577,0.09439964244,0.04827431939,0.4351776639,0.1484164013,0.6757174194,0.564401578,0.2253889172,0.2999788209,0.2964135384,0.4450286664,0.9102692389
92,1,1,1,1,1,0.4379435735,0.9047773986,0.4735983728,0.6925324033,0.498780617,0.4283843673,0.09380190034,0.0485369803,0.4349339186,0.1489443495,0.6781583053,0.5664003696,0.224598772,0.3004232416,0.2954912164,0.4462453879,0.9107005535
92.5,1,1,1,1,1,0.4396540952,0.9049031436,0.4730852536,0.6915046352,0.4989221665,0.4273858057,0.0939304865,0.04834631207,0.4388610651,0.1497880015,0.678332739,0.5687597441,0.2238944676,0.301712442,0.2973500747,0.4450624041,0.9103905115
93,1,1,1,1,1,0.4420262674,0.90433322,0.4729605467,0.6919562687,0.5000658259,0.4270404789,0.09423309437,0.04798584142,0.4376414591,0.1507952598,0.6793255366,0.5686124008,0.2260399925,0.3009914461,0.296998548,0.4449454784,0.9099692306
93.5,1,1,1,1,1,0.4397677242,0.9040164382,0.471901039,0.6920402392,0.5021733495,0.4250457279,0.09391917327,0.04795583093,0.4382120927,0.1503569345,0.6796854318,0.5658399672,0.2249567484,0.3012410855,0.297281872,0.4428080787,0.9084508144
94,1,1,1,1,1,0.4389982672,0.9045684315,0.4731536049,0.6928130345,0.5004299181,0.4268825034,0.0945642737,0.04842366577,0.4383886083,0.1505964274,0.6786071466,0.5624270284,0.2231077291,0.2998817298,0.298359935,0.4427419448,0.9090122592
94.5,1,1,1,1,1,0.4376030037,0.9047838761,0.4751780133,0.6930896642,0.5005237896,0.4266279276,0.09355323679,0.04762562832,0.4367610505,0.1509969576,0.6791795422,0.5599428155,0.2246455405,0.2982283992,0.2969972089,0.4435018087,0.90946457
95,1,1,1,1,1,0.4400942363,0.9044154058,0.4736424914,0.6919700444,0.5004012344,0.4259467874,0.0931003841,0.04792669234,0.4376989532,0.1505512836,0.6819224969,0.5605300865,0.2259566253,0.2966447746,0.2974314417,0.4444533965,0.9103311399
95.5,1,1,1,1,1,0.440418086,0.903916153,0.4730494734,0.6951651136,0.4993193993,0.4261649036,0.0924615701,0.04783280372,0.4386791258,0.1501103572,0.6841888739,0.559701927,0.225502917,0.2969217598,0.2964999753,0.4497991979,0.9106045527
96,1,1,1,1,1,0.4393270142,0.903486287,0.4752885139,0.6949977915,0.4970581023,0.4311952394,0.09267452723,0.04789759889,0.4398944996,0.1500057271,0.6854652079,0.5627848424,0.226195815,0.294557628,0.2975557077,0.447054138,0.9114681059
96.5,1,1,1,1,1,0.4379314153,0.9037409338,0.4754530329,0.6936410399,0.4969143162,0.430863173,0.09298351241,0.04769283719,0.4381387612,0.1491295414,0.6843558791,0.56122285,0.2250036133,0.2954749212,0.297678842,0.443920484,0.910746215
97,1,1,1,1,1,0.4375243459,0.9032486404,0.4741990887,0.694202139,0.4979418026,0.4318607157,0.09358601057,0.04769476519,0.4401394007,0.1497922877,0.6831612195,0.564129847,0.2242661993,0.2967500073,0.2981742991,0.4426326065,0.9108489273
97.5,1,1,1,1,1,0.4360286067,0.9030577475,0.4732539022,0.6949905655,0.496922307,0.4313913827,0.09325295553,0.04787001738,0.4422002883,0.1499007558,0.6820179052,0.5615470914,0.2229131684,0.3009640684,0.2985288733,0.439195646,0.9115108426
98,1,1,1,1,1,0.4371137209,0.9030720877,0.4744981392,0.6946478393,0.498305675,0.4283820605,0.09382467534,0.04796758002,0.4393043743,0.1501516313,0.6822367255,0.5595056689,0.223223992,0.3000184265,0.2990388802,0.438543146,0.9119198605
98.5,1,1,1,1,1,0.4377307069,0.903183044,0.4761944339,0.6977631902,0.498333283,0.4291451926,0.09381974601,0.04826021798,0.4380500789,0.1499525289,0.6815227515,0.5597330643,0.2245720008,0.301933138,0.2996985853,0.4379205012,0.9125530318
99,1,1,1,1,1,0.4367610845,0.902591252,0.4763923139,0.6963302206,0.4987252897,0.4290573325,0.09344031215,0.04822778529,0.4391643983,0.1495540515,0.6820451987,0.5601584676,0.2234691507,0.2995270277,0.2991670454,0.4356761399,0.9126133634
99.5,1,1,1,1,1,0.4370968713,0.9017729021,0.4762010707,0.6968379038,0.4981796721,0.4297653244,0.09349523238,0.04784829182,0.4346323103,0.14949214,0.6791494356,0.5618483943,0.2227323722,0.2987603248,0.2999503935,0.4344354833,0.9130348535
100,1,1,1,1,1,0.4365681077,0.9022831875,0.4753301036,0.6950024737,0.4958578379,0.4300455349,0.09389288841,0.04792840331,0.4344717807,0.1487306214,0.6784070132,0.5608470997,0.2216367232,0.2987845355,0.3004896487,0.4351706931,0.9132156683
100.5,1,1,1,1,1,0.4361705381,0.9037855408,0.4772032042,0.6946783881,0.4954892475,0.4279340503,0.09407676402,0.04765821298,0.4317727694,0.1480564253,0.6770924415,0.564166711,0.2215463269,0.2979492704,0.2983022453,0.4351799661,0.9128527352
101,1,1,1,1,1,0.4334593439,0.9028589297,0.4750918103,0.6936112596,0.4966591522,0.4296223836,0.09439492025,0.04780534535,0.4323874766,0.1459213117,0.6768772306,0.5634081409,0.2220066094,0.2966920953,0.298512914,0.440297149,0.9125342471
101.5,1,1,1,1,1,0.4373333606,0.9036473388,0.4736679037,0.6910518236,0.4978108618,0.4307250328,0.09402253843,0.04809786868,0.4302628779,0.1465446802,0.6768405441,0.5642425889,0.2233890318,0.2955448355,0.2989764611,0.4405289271,0.9134167343
102,1,1,1,1,1,0.4386609801,0.9034749391,0.4746067227,0.6920537643,0.4977910661,0.4302590281,0.09442155837,0.04769705442,0.4300368935,0.1467696681,0.6763683319,0.560932918,0.2227890847,0.2953726678,0.2979341556,0.4419771109,0.9142459211
102.5,1,1,1,1,1,0.4366401897,0.9036035796,0.4744767039,0.6927487311,0.4988765726,0.4270330624,0.09426833917,0.04851159689,0.4283287417,0.1475816295,0.6753361475,0.5605099532,0.224289368,0.2969433358,0.2966583661,0.4421959724,0.9137404167
103,1,1,1,1,1,0.4373422261,0.9031626746,0.47315171,0.6931818946,0.4994983094,0.4254942886,0.09421459664,0.04809174569,0.4274157428,0.1483804762,0.6768304576,0.5639056381,0.225644662,0.2983869955,0.2974805047,0.4430697135,0.912829999
103.5,1,1,1,1,1,0.4380306988,0.9032127072,0.4754784544,0.6902410023,0.4991084271,0.4270784873,0.09423231569,0.04816844073,0.4288678205,0.1493749388,0.6745025549,0.5647631176,0.2270399404,0.3002871571,0.2997105574,0.4420554274,0.9128690129
104,1,1,1,1,1,0.4383408636,0.9034452369,0.4719578181,0.6916189272,0.4975819301,0.4264391352,0.09386378333,0.04809871932,0.4278903757,0.1498804206,0.6794153047,0.566012208,0.225533776,0.3017968067,0.301016898,0.4442635831,0.9134433351
104.5,1,1,1,1,1,0.4377822771,0.9037805236,0.4739115874,0.6900442206,0.4969020607,0.4257811137,0.0939834518,0.04792124045,0.4258693255,0.148439585,0.679627779,0.5674179321,0.224386483,0.2988590113,0.3014970128,0.4445319896,0.9133404734
105,1,1,1,1,1,0.437438594,0.9031397702,0.4773297638,0.6933116252,0.4961200731,0.4260498689,0.09366295808,0.04809395385,0.4279599296,0.1486746511,0.679172646,0.5664879522,0.2231191487,0.2991662321,0.2993966571,0.4478366414,0.9135361052
105.5,1,1,1,1,1,0.4350271767,0.9032526285,0.4773624815,0.6948156427,0.4922188637,0.4279153391,0.09343779008,0.04770317557,0.4282517244,0.1478018107,0.6794747094,0.5656113725,0.2231130252,0.2978760743,0.3014427447,0.4463345752,0.9132114797
106,1,1,1,1,1,0.4340777478,0.9021410157,0.4756495734,0.6940475058,0.4901249692,0.4244264732,0.09378909063,0.04741084896,0.428950452,0.1490130338,0.6798772906,0.5632606672,0.2223291164,0.2991669792,0.3012063766,0.4487383646,0.9141177878
106.5,1,1,1,1,1,0.435860322,0.9022215539,0.4736923898,0.6930439124,0.4898707069,0.4253403678,0.09367149514,0.04805924467,0.4284715646,0.1482137088,0.6794880093,0.5616551307,0.2223338558,0.2976261863,0.3007950972,0.4485191719,0.9140197929
107,1,1,1,1,1,0.4414862692,0.9034947979,0.4746276063,0.6931066876,0.4912688399,0.4258546606,0.09430455338,0.04834736738,0.4273797566,0.1496223898,0.6811879468,0.5635157695,0.2221001874,0.2971308221,0.3007799636,0.4495126669,0.9137243472
107.5,1,1,1,1,1,0.4401134016,0.9046489437,0.4726556759,0.6940036286,0.4925099971,0.4250636583,0.09458387825,0.04877504084,0.4287325676,0.1480142679,0.6812661085,0.5649819027,0.2225191022,0.2983131773,0.3014065319,0.4476410885,0.9132405542
108,1,1,1,1,1,0.4390720732,0.9039341845,0.4755869843,0.6937467827,0.4935453117,0.4241732275,0.09372161525,0.0492671353,0.4293656306,0.1485779295,0.6794303204,0.5614864429,0.2227821776,0.2978127895,0.3014936597,0.4449839865,0.9132193517
108.5,1,1,1,1,1,0.4367759459,0.9044553548,0.4741773447,0.6924929852,0.4962820555,0.423099444,0.09310153863,0.04866055522,0.4318519446,0.1507826325,0.6805672012,0.5636374757,0.221532653,0.2945366826,0.2994067784,0.443151226,0.9135993026
109,1,1,1,1,1,0.4398228437,0.9051546038,0.4708500714,0.6911543741,0.4976175827,0.4221734591,0.09254756014,0.04876470165,0.4301131707,0.15097292,0.6821276178,0.562641638,0.2224367562,0.2967831431,0.2997866656,0.444521176,0.9128037616
109.5,1,1,1,1,1,0.4372714808,0.9043729712,0.471669155,0.6892514928,0.4969253522,0.4241975342,0.09195969847,0.04926796834,0.4286448001,0.1518862625,0.6819617409,0.5627759758,0.2233884513,0.295430684,0.3003956013,0.4450466716,0.9122325019
110,1,1,1,1,1,0.4380108949,0.9046091011,0.4720475629,0.6879427811,0.4976172874,0.4221938262,0.09143985887,0.04846759652,0.4297053231,0.1521312985,0.6798535071,0.5605353697,0.224551397,0.2955126732,0.3003123289,0.4444894037,0.9124471941
110.5,1,1,1,1,1,0.4371655258,0.903235578,0.4722921644,0.6902587304,0.4960557761,0.4231964179,0.09136732395,0.04814929102,0.4268142615,0.1520227237,0.6788181149,0.5589222111,0.2238687077,0.2970791812,0.2985475083,0.4464757061,0.912208503
111,1,1,1,1,1,0.4359286894,0.9039612444,0.4737866578,0.6886802936,0.4942685401,0.4245139892,0.09180590707,0.04791764827,0.4240054568,0.1500189868,0.6780344209,0.5597906552,0.223634355,0.2984374089,0.2973119466,0.4467962617,0.9124997574
111.5,1,1,1,1,1,0.434858335,0.9041879598,0.4749697023,0.6903047789,0.4951188336,0.4250575737,0.091973854,0.04758813582,0.4268552838,0.1504855902,0.6793772052,0.5594658678,0.2235569726,0.297491876,0.297613733,0.444655975,0.9127788029
112,1,1,1,1,1,0.4360425188,0.9046069364,0.4727720108,0.6911499277,0.4961553615,0.4231098853,0.09321462778,0.04787140751,0.4278397689,0.1500790213,0.6815280766,0.561978791,0.2247654312,0.2970760111,0.2998261862,0.4422872605,0.9122818764
112.5,1,1,1,1,1,0.4348116622,0.9038612244,0.4750133988,0.6923024214,0.4988214516,0.4250040637,0.09311093863,0.04768918429,0.4292754482,0.1504095493,0.6828187527,0.5625980191,0.2264784847,0.2989481792,0.3007080189,0.4425578036,0.9132039857
113,1,1,1,1,1,0.4345566035,0.9040940659,0.476524923,0.6937267246,0.4983521489,0.4257703811,0.09352684988,0.0480227925,0.4288536838,0.1496496819,0.681461245,0.5606892011,0.2256744423,0.2975534601,0.3003676845,0.4403945924,0.9122517366
113.5,1,1,1,1,1,0.4356965865,0.9044707333,0.474289436,0.6949883526,0.4991025825,0.4232914936,0.09328851872,0.04805732275,0.4292726627,0.1508700943,0.6786228123,0.5635998928,0.2247809404,0.296441037,0.301379915,0.4378601395,0.9127107563
114,1,1,1,1,1,0.437819626,0.9045272899,0.4740816861,0.6923092869,0.5031025113,0.4238227537,0.09397829415,0.04814000426,0.4282418809,0.1513224421,0.6780765911,0.5656217975,0.2244108997,0.2976479376,0.3001157074,0.4392941001,0.9126680801
114.5,1,1,1,1,1,0.4405339422,0.9051503078,0.477651245,0.6923612031,0.4999138504,0.4230436629,0.0945381978,0.0482602312,0.4314384357,0.1508109776,0.6760434996,0.5620786913,0.2267560333,0.2977027957,0.3000969175,0.4387274009,0.9134738698
115,1,1,1,1,1,0.4410179026,0.9043038206,0.4759450282,0.6939190421,0.4975875866,0.425146124,0.09419337408,0.04863180689,0.4317389269,0.1509009852,0.6776713166,0.5632833355,0.2250307991,0.2975643578,0.2993563839,0.4368284023,0.9138302766
115.5,1,1,1,1,1,0.4380302198,0.9048394029,0.477315956,0.6970296167,0.4994457227,0.4274199329,0.09446503695,0.04873564184,0.4320229194,0.1499309949,0.6777688524,0.5607109266,0.2249797532,0.2999458736,0.2983972211,0.4350165001,0.9130481081
116,1,1,1,1,1,0.4376123835,0.9035419025,0.4766245792,0.6955535431,0.4992361719,0.4268471664,0.09395539275,0.04884674723,0.4303020052,0.1514568259,0.676627204,0.5636091651,0.2242887911,0.3000488883,0.2978730178,0.4355198821,0.9119405908
116.5,1,1,1,1,1,0.4379931296,0.9035521969,0.4742999216,0.6971497432,0.4975611632,0.4282158789,0.09373828387,0.04863289874,0.4316961751,0.1511895903,0.6771058771,0.5628072742,0.224343398,0.3000364242,0.297699777,0.4366795598,0.9111213726
117,1,1,1,1,1,0.4390108114,0.9046948185,0.4749619158,0.6947973802,0.4971874283,0.4244682698,0.09337849411,0.04876315253,0.4289127438,0.1511927106,0.6768354584,0.5643421252,0.2249206699,0.3024727998,0.2997161407,0.4404718264,0.9116159326
117.5,1,1,1,1,1,0.4374033196,0.9049697452,0.4743362101,0.6946521678,0.4963788041,0.4259497449,0.09276514175,0.0483500054,0.4281603798,0.1509183475,0.675743596,0.5624942361,0.2242871941,0.3022441381,0.3002349693,0.4399302892,0.911541791
118,1,1,1,1,1,0.4347057987,0.9048206006,0.4757465964,0.6952986603,0.4988825341,0.424879467,0.09282399458,0.04843510154,0.4254012058,0.1485281665,0.6753169691,0.5635793971,0.2257553859,0.3020778128,0.2988883927,0.4431410378,0.9116610226
118.5,1,1,1,1,1,0.4343119645,0.9052284503,0.4737473992,0.6952167528,0.4985246239,0.4231082375,0.09285867686,0.04827560487,0.4265748371,0.1485592443,0.6736356814,0.5616314418,0.2249551023,0.301826968,0.2975205225,0.4406067401,0.911888892
119,1,1,1,1,1,0.4360345956,0.9046774929,0.4721789073,0.6944770978,0.4989459045,0.4242562837,0.09295041504,0.04833197028,0.4273535908,0.1483070996,0.6756911993,0.5609408424,0.224902225,0.3000685218,0.2986918697,0.4379798375,0.9121503029
119.5,1,1,1,1,1,0.4376013407,0.9041169242,0.4710464478,0.6926985215,0.4968754589,0.4258937989,0.09425503002,0.04830066991,0.4298096127,0.1491941761,0.6757269011,0.559462572,0.2252113332,0.2982636018,0.2986937076,0.4385270761,0.9114119369
120,1,1,1,1,1,0.4352541572,0.904517099,0.4711738506,0.6927085037,0.4950726386,0.4264627627,0.09415362982,0.0482821949,0.4288321983,0.1499539475,0.6764772595,0.5588373736,0.2258356491,0.2973837797,0.2976762181,0.4387976456,0.9113840648
120.5,1,1,1,1,1,0.4330921788,0.9040944865,0.4724916936,0.6956324959,0.4969826903,0.4238391406,0.09510370657,0.04817859078,0.4295225683,0.1490222776,0.6770568002,0.5586777913,0.2248408264,0.2959573349,0.2960077625,0.4380293871,0.9117520459
121,1,1,1,1,1,0.4343175726,0.9042362702,0.4748024079,0.6966339043,0.4965006371,0.4223646997,0.09506610865,0.04846027772,0.4286304362,0.1487139062,0.6776823042,0.5596837727,0.2245509384,0.2957427185,0.2974848384,0.4374498434,0.9114289988
121.5,1,1,1,1,1,0.4349663134,0.9041577376,0.4756949283,0.6932795361,0.4935838188,0.4234075755,0.09596367744,0.04846744778,0.4283858403,0.1488958052,0.680169661,0.5586426408,0.2226153394,0.2935397638,0.2955914064,0.4384456759,0.9121474102
122,1,1,1,1,1,0.4345040013,0.9038048038,0.4750813868,0.6914615277,0.4928735274,0.4257791287,0.09575200495,0.04879555486,0.4289972383,0.149676522,0.6779920304,0.5630214088,0.2225291158,0.2931647937,0.296037485,0.4389492258,0.911025432
122.5,1,1,1,1,1,0.4353802249,0.9031860265,0.474680089,0.691331013,0.4919433108,0.4295476896,0.09518664764,0.0491719266,0.4280268357,0.1501947019,0.6767092115,0.5644799383,0.2208760249,0.2940607702,0.2977007768,0.4374709852,0.9101040465
123,1,1,1,1,1,0.4346275621,0.9040094682,0.4721535894,0.6915303964,0.4923536531,0.4298909862,0.09546546373,0.04895350104,0.4287330811,0.1513373373,0.674909504,0.5633237124,0.2234534722,0.2932286823,0.2977989765,0.4376764791,0.9118223278
123.5,1,1,1,1,1,0.4353965251,0.9039389182,0.4732470366,0.6939461908,0.4931159946,0.4283166735,0.09501444975,0.04880542733,0.4331777452,0.1516659868,0.6759300252,0.5659691411,0.223830272,0.2934689226,0.2986190703,0.4360635287,0.9120540042
124,1,1,1,1,1,0.4346867686,0.9041505843,0.4739240707,0.696417941,0.4960528491,0.4279270336,0.09449091322,0.04878802528,0.4324813335,0.1525197816,0.6761348079,0.5630904933,0.2245063153,0.2926959419,0.2971691085,0.435638004,0.9123900984
124.5,1,1,1,1,1,0.4361056679,0.9047579505,0.4765253237,0.6956472459,0.4944245542,0.4279320768,0.09461920126,0.04874387299,0.4327947919,0.1518987303,0.6758633908,0.5601065351,0.2248228592,0.2939421003,0.2960302147,0.4357407905,0.9122967844
125,1,1,1,1,1,0.4367247014,0.9041860014,0.4757607399,0.6941585217,0.4952096377,0.4261291127,0.09491923778,0.04864163058,0.4358745433,0.1513900452,0.6774072292,0.5601162589,0.2247391933,0.2959212914,0.2949454569,0.4336206165,0.912418593
125.5,1,1,1,1,1,0.4368529258,0.9039412794,0.4761240822,0.6938747574,0.492453871,0.4266539273,0.09483044207,0.04874180701,0.4356131891,0.1513089687,0.675881213,0.5590483685,0.224670307,0.2940963985,0.2957668236,0.4330770737,0.9125198162
126,1,1,1,1,1,0.4365577597,0.9035355095,0.4784160881,0.6958252001,0.4929068615,0.4271677929,0.09491576973,0.04892504349,0.4359651156,0.1521270297,0.6779851986,0.5615071156,0.2232289351,0.2947605039,0.2952458608,0.4306661222,0.9124654782
126.5,1,1,1,1,1,0.4368704255,0.9042101392,0.4770038205,0.6948841575,0.4919547245,0.4267261054,0.09550792247,0.04859902228,0.4359379052,0.1509327082,0.674822292,0.5599638341,0.222668302,0.2956263166,0.29660247,0.4319322363,0.9115595882
127,1,1,1,1,1,0.4371287873,0.9050875354,0.4753396149,0.6931538497,0.4928851183,0.4292603602,0.094767391,0.04913714612,0.4352263848,0.1515478532,0.6756274336,0.5605292888,0.2214985875,0.2953454227,0.2982893316,0.4321221668,0.91134986
127.5,1,1,1,1,1,0.4373500766,0.9048017932,0.4749967903,0.6934415876,0.4954998397,0.4264583808,0.09476298869,0.0490531284,0.4376337947,0.1498020553,0.6781816656,0.5602789422,0.2201693702,0.2978284265,0.297351557,0.4304715091,0.91079623
128,1,1,1,1,1,0.4373226355,0.9051030445,0.4737999504,0.6950720297,0.4966512038,0.4290479168,0.09475078809,0.04901852029,0.4370587557,0.1498857399,0.6803828092,0.5600122124,0.220557769,0.2979061389,0.2970497543,0.4279496032,0.9108385538
128.5,1,1,1,1,1,0.4350256479,0.9041031377,0.4736328472,0.6951261149,0.4983401361,0.430786519,0.09462446877,0.04857135582,0.4361519178,0.1508847696,0.6808201949,0.5628946142,0.2191995543,0.2968644936,0.2981779315,0.4290578934,0.9106719799
129,1,1,1,1,1,0.4362749807,0.9040074506,0.4734580238,0.697085325,0.4930898835,0.4304700851,0.09545701637,0.04873046682,0.4396443417,0.1508892708,0.680259289,0.5630338205,0.2189238524,0.2951755218,0.29764152,0.4288106131,0.9115637657
129.5,1,1,1,1,1,0.4357682668,0.9045789367,0.4737190368,0.6971355101,0.4912729979,0.4302156355,0.09560044823,0.04896608716,0.4398727806,0.1507789363,0.6790263349,0.5609906048,0.2206602094,0.2950977668,0.2968837548,0.429474286,0.911590603
130,1,1,1,1,1,0.437792205,0.9040105554,0.4747026409,0.6971891331,0.491924686,0.4300747219,0.09480483587,0.0493945446,0.4423952547,0.1499316367,0.6800150506,0.5622152915,0.2221687808,0.2962777902,0.2968879744,0.4291283549,0.9114825697
130.5,1,1,1,1,1,0.4380946383,0.9045974195,0.4763758516,0.697829845,0.4928951032,0.432680896,0.09466790847,0.0497442548,0.4422637523,0.150430732,0.6802009651,0.5626483494,0.2230781007,0.2960402115,0.2988665227,0.4292852021,0.9115880613
131,1,1,1,1,1,0.4381428969,0.9042742692,0.475830897,0.6964112751,0.4925361078,0.4331058092,0.0950585647,0.04942149509,0.4427009371,0.1499329543,0.6793857321,0.5640656861,0.2221508362,0.2947889866,0.2974034075,0.4326392393,0.9123122712
131.5,1,1,1,1,1,0.4372620772,0.9050438321,0.4745691907,0.6945944475,0.4922169499,0.430397255,0.09537745215,0.04922677801,0.4421532068,0.1485098783,0.6795158576,0.5665667119,0.2220435075,0.295950615,0.2991380584,0.4329962163,0.9111662932
132,1,1,1,1,1,0.4376724763,0.9050832339,0.4755392359,0.693702386,0.4937551442,0.4298311961,0.09551763443,0.04934346766,0.4393222155,0.1502312779,0.6795819132,0.564005234,0.222551703,0.296724877,0.2971898011,0.4300045631,0.9106994577
132.5,1,1,1,1,1,0.4366888776,0.9042915642,0.4768043278,0.6918938361,0.4946273203,0.4295924302,0.09523014496,0.04911868847,0.4380524169,0.1518521945,0.6815351746,0.5610025048,0.2227379093,0.2973077727,0.294565008,0.4288494512,0.9100231579
133,1,1,1,1,1,0.434581527,0.9046947543,0.4763974267,0.6927408211,0.4934838825,0.4292638051,0.09536361625,0.04943407581,0.4415963012,0.1520269884,0.6796912803,0.5594304883,0.2244197145,0.2947597201,0.2954445121,0.4299639097,0.9095569304
133.5,1,1,1,1,1,0.434199321,0.9043261957,0.4743376456,0.6938614197,0.4930646025,0.4316784007,0.09497478361,0.0498838093,0.4438021141,0.1536460531,0.6810204168,0.559749217,0.2245597908,0.2939693402,0.2951223937,0.4294091136,0.9095778819
134,1,1,1,1,1,0.4349905484,0.9040330128,0.475430041,0.694251628,0.4925672423,0.4299286002,0.09501969314,0.04943545043,0.4403735888,0.1528716507,0.6812387177,0.5596177108,0.223497542,0.295052547,0.2966621879,0.4292832335,0.9103313994
134.5,1,1,1,1,1,0.4341778859,0.9042735999,0.4747527225,0.694234099,0.4944631008,0.4323646475,0.09567884643,0.04950170767,0.4408177192,0.1527857666,0.6839045593,0.5600718655,0.2228631971,0.2944816851,0.2974630178,0.4288845484,0.9114736565
135,1,1,1,1,1,0.4348634181,0.9046608767,0.4747362593,0.6951888253,0.4960100452,0.4275634224,0.09530436429,0.04924485402,0.4414105962,0.152657279,0.6833441415,0.5575323455,0.2234734592,0.2935039846,0.2971231574,0.4276055421,0.9108274724
135.5,1,1,1,1,1,0.4341604459,0.9045379955,0.474173352,0.6974264269,0.4973088503,0.4286275077,0.09411331734,0.04904112471,0.4410403267,0.1522455979,0.6809517357,0.5586644521,0.2225297479,0.2935008043,0.2968265177,0.4272201568,0.9109034888
136,1,1,1,1,1,0.4340110103,0.9039767168,0.4732297912,0.6990817188,0.496472393,0.4281669503,0.0947029951,0.04877802418,0.4404076393,0.1514896678,0.6792924195,0.5607004027,0.2233250508,0.2946671962,0.2945806742,0.4249734671,0.9107266457
136.5,1,1,1,1,1,0.4356938199,0.9050688225,0.474118559,0.6993714526,0.495695886,0.4281779786,0.09415149091,0.0486376633,0.4384944581,0.151075549,0.6807656944,0.5634439119,0.223654671,0.2960948195,0.2976359941,0.4238188048,0.9116062279
137,1,1,1,1,1,0.4371149445,0.9048126865,0.4729523086,0.7001150916,0.4933449897,0.4240403672,0.09436600517,0.04849343514,0.4374811726,0.1509348702,0.6808915843,0.5646414533,0.2221417146,0.2960979955,0.2959944681,0.4223547166,0.9106161519
137.5,1,1,1,1,1,0.4383164045,0.903891243,0.4723617694,0.7002375376,0.4931842524,0.424700894,0.09565156538,0.0486481505,0.435436449,0.1500042664,0.682386347,0.5642235405,0.2226133621,0.2950709797,0.2977390468,0.4216284856,0.9095714733
138,1,1,1,1,1,0.4332169904,0.9036028114,0.4713312872,0.7003492796,0.4938267342,0.4252592023,0.09558400722,0.04894487716,0.4355370106,0.1494764471,0.6809769501,0.5664942009,0.2221295535,0.2964969731,0.2983234207,0.4227737267,0.910264053
138.5,1,1,1,1,1,0.4342842529,0.9036929851,0.4732051039,0.7014833294,0.4928014589,0.4266055362,0.09535241024,0.04924366009,0.4338896576,0.1493442475,0.6838844846,0.5643219338,0.2221285248,0.2982175812,0.3010136796,0.4247237458,0.9105902206
139,1,1,1,1,1,0.437108696,0.9033171608,0.473630768,0.7008909495,0.4905419323,0.4248065479,0.09554557386,0.04971563473,0.4313976352,0.1497901137,0.6830563808,0.5648660215,0.2231664604,0.2970133914,0.3005480302,0.4255765152,0.91105741
139.5,1,1,1,1,1,0.4366658567,0.9043189951,0.4707657962,0.6990334908,0.4936661194,0.4247889909,0.09431929413,0.04933729945,0.433866287,0.1492717415,0.6849800547,0.5634916643,0.2234775139,0.2991088637,0.2984331863,0.426259321,0.9120043026
140,1,1,1,1,1,0.4364912684,0.9050109194,0.4708926056,0.6975282628,0.4953720248,0.4239168497,0.09438124621,0.04896961122,0.4330023961,0.1494500983,0.6833733201,0.5640556411,0.2232078248,0.2984020533,0.2989367906,0.4288814458,0.9121921643
140.5,1,1,1,1,1,0.4379977651,0.9046076307,0.4719710749,0.6961150626,0.4974891956,0.424978923,0.09477845249,0.04871521494,0.4324485251,0.1495619594,0.6845469921,0.563552848,0.2233244293,0.2984752808,0.2988357537,0.4288627541,0.9127060399
141,1,1,1,1,1,0.4361467885,0.903985143,0.4704983677,0.6963847646,0.4964507411,0.4242713703,0.09496793676,0.04954440026,0.4349927755,0.1491955345,0.6835663966,0.5632804418,0.224933639,0.3001360661,0.2997042165,0.4269517567,0.9128981959
141.5,1,1,1,1,1,0.438860235,0.9040182384,0.4736749776,0.6963676348,0.496532283,0.4261871092,0.09456942694,0.04981844105,0.4349534434,0.1497499514,0.6840853706,0.5614463404,0.2251988862,0.298033158,0.2988840185,0.4285077913,0.9124451401
142,1,1,1,1,1,0.4360532217,0.9038024839,0.4746653431,0.6984188511,0.4973997168,0.4279289673,0.09496266857,0.04917903195,0.4349421417,0.1504653717,0.6835434424,0.5615238,0.2241133291,0.2981425654,0.2998322442,0.431649301,0.9121399239
142.5,1,1,1,1,1,0.4380924889,0.9046167147,0.475354188,0.6942394013,0.498064213,0.4259369199,0.09531351283,0.04922400981,0.437356704,0.151455396,0.6811903703,0.5622503183,0.2220724333,0.2990014031,0.2995919718,0.434043409,0.9127740581
143,1,1,1,1,1,0.437992392,0.9043703385,0.4743910605,0.6920844777,0.4967303874,0.4292139997,0.09531538096,0.04881310917,0.4373197241,0.1516871024,0.6829765505,0.5632002001,0.2227692789,0.2976010085,0.2996181536,0.4343035403,0.9125047977
143.5,1,1,1,1,1,0.4354212006,0.9036498812,0.4743656267,0.6906275209,0.4977165702,0.4294254912,0.09513083885,0.04887181899,0.437335161,0.1514257094,0.6836576919,0.5629067535,0.2247652194,0.2987806428,0.3022400165,0.4311038543,0.9120375277
144,1,1,1,1,1,0.4372395139,0.9043924544,0.4761534649,0.6923323084,0.496159924,0.4316817087,0.09487661457,0.04899152997,0.4355016919,0.1515563233,0.6822234933,0.564937239,0.2238467256,0.2990768821,0.3022630276,0.4289402821,0.9119107839
144.5,1,1,1,1,1,0.436738302,0.9045710668,0.476208097,0.6921405607,0.4960735872,0.4308647783,0.09614786664,0.04893961236,0.4345442584,0.1520686046,0.683511407,0.5611124787,0.2236837993,0.2979410809,0.3006453796,0.4308149873,0.9123187139
145,1,1,1,1,1,0.4379115897,0.9036665244,0.478728504,0.6933573444,0.4968503018,0.4300887031,0.09616281657,0.04859036303,0.4350904128,0.1525588201,0.6797201248,0.5611380888,0.2242650836,0.299303625,0.2989498824,0.4311796879,0.9116411765
145.5,1,1,1,1,1,0.4358360745,0.9037996492,0.4780582484,0.6953533251,0.5002754937,0.4283652301,0.09544404439,0.04852007536,0.43524919,0.1524930186,0.6796947485,0.5634985783,0.2247783533,0.297854405,0.2976651112,0.4298040253,0.9111638234
146,1,1,1,1,1,0.4356044206,0.9035482493,0.4778292421,0.6968858047,0.5007556436,0.4272060029,0.09568318837,0.04798705914,0.4337774227,0.1530846967,0.6786682337,0.5625050032,0.2245470483,0.2975669051,0.2992423155,0.4326440118,0.9117752096
146.5,1,1,1,1,1,0.4333796474,0.9035390696,0.4787880163,0.6965107474,0.5018829036,0.4249732457,0.09535557201,0.04815487219,0.4362344223,0.1530778928,0.677643656,0.5635552352,0.2245313956,0.2956318577,0.2996160338,0.4327352262,0.9118970488
147,1,1,1,1,1,0.4388966967,0.9030517383,0.4764588718,0.6972365059,0.5025849683,0.4259978529,0.09523878095,0.04825003652,0.4368198654,0.1530347684,0.675427795,0.56279636,0.2220080966,0.3011247864,0.2997516316,0.4324123206,0.9123828515
147.5,1,1,1,1,1,0.4373482791,0.9036433272,0.4752907231,0.6956607978,0.5013250581,0.4264713201,0.09465627987,0.04764697237,0.4341668314,0.1532570954,0.6757614557,0.5627321312,0.2209661542,0.300266852,0.2997169025,0.4300558275,0.9121181875
148,1,1,1,1,1,0.4371309643,0.9043130893,0.4774961214,0.6943768714,0.4988244415,0.4280038795,0.09447225779,0.04793400663,0.4323786145,0.1529669073,0.6786241152,0.5633648164,0.2205221993,0.3020982619,0.3013316489,0.431508074,0.9124205649
148.5,1,1,1,1,1,0.4372915042,0.9044474757,0.4765828613,0.6931531035,0.4983238018,0.42941736,0.09566947712,0.04835011273,0.4313050665,0.152130126,0.6794339186,0.5612082083,0.2212016792,0.2986514697,0.2997261872,0.4337377663,0.9123644453
149,1,1,1,1,1,0.4340787779,0.9045732036,0.4759209415,0.6937117667,0.4980333073,0.4296634408,0.0952253742,0.04893011107,0.4312305602,0.152726973,0.6801553837,0.5610648467,0.220465565,0.2970796278,0.2998214371,0.4334933204,0.9118187841
149.5,1,1,1,1,1,0.4335272502,0.9045990719,0.4746203669,0.6939261055,0.4972367762,0.4301031606,0.09519576635,0.04921194186,0.4341449952,0.1520377084,0.6800370194,0.5622791992,0.2215925952,0.2971235674,0.3008782916,0.428888085,0.9119584985
150,1,1,1,1,1,0.4353180769,0.9032899333,0.4748474147,0.6930541907,0.4960547458,0.4297830388,0.09443987346,0.04865987825,0.4363262005,0.1519403715,0.6813041658,0.560313235,0.2206826615,0.2986018546,0.2995860239,0.4263414678,0.9117649791
150.5,1,1,1,1,1,0.4335808252,0.9037454165,0.474713011,0.6965464668,0.4968329104,0.4316853206,0.09430657016,0.0481787503,0.4386203017,0.1522509771,0.6808333927,0.5622887672,0.219762735,0.299994099,0.2986973912,0.4250133694,0.9126860292
151,1,1,1,1,1,0.4346154115,0.9042389782,0.4739998268,0.6973704431,0.4965180964,0.4340269452,0.0953417614,0.04817796833,0.4400087864,0.1520547604,0.6817670992,0.5617675284,0.2195364161,0.2973609397,0.3003318013,0.4257244116,0.9124508356
151.5,1,1,1,1,1,0.4355040126,0.904133771,0.476412483,0.6948935906,0.4936958735,0.434239994,0.09561918187,0.04854966508,0.4400447748,0.1508504941,0.6819450198,0.5622628084,0.2212301122,0.2968313853,0.3005876519,0.4250866595,0.9114577614
152,1,1,1,1,1,0.4373483702,0.9041995868,0.4757222346,0.6957093613,0.4927414662,0.4346765498,0.09594340235,0.04865389938,0.439327774,0.1516255865,0.6809891027,0.5623385508,0.2217139942,0.2970401763,0.298734391,0.4236610987,0.910933109
152.5,1,1,1,1,1,0.4346611441,0.9039681499,0.478411129,0.6938284799,0.4931621529,0.4336629908,0.09667561028,0.04912603751,0.4385849363,0.150414516,0.6789146826,0.5648899094,0.2225442089,0.2964314554,0.2967469335,0.4234648299,0.9114985962
153,1,1,1,1,1,0.4350214903,0.9045275182,0.4764210697,0.6940019146,0.4965736056,0.4327515586,0.09682343152,0.04906666094,0.4334884344,0.1500752256,0.6779775267,0.5622183099,0.2205978986,0.2963602385,0.2961537405,0.4236704443,0.9110508571
153.5,1,1,1,1,1,0.4361405838,0.9042038765,0.4775162409,0.6943947281,0.4984295262,0.4303801469,0.09568322383,0.04949098241,0.4306255271,0.1508583283,0.6781230764,0.5640646746,0.2219944098,0.296204556,0.2964311304,0.4271593893,0.9112846371
154,1,1,1,1,1,0.4360379515,0.9043083364,0.4768646962,0.6948425096,0.4982396449,0.4329660986,0.09584296012,0.04952690653,0.4322763762,0.1500738208,0.6774080026,0.5647675017,0.2200879803,0.2989113687,0.2944796998,0.4291225992,0.9104983989
154.5,1,1,1,1,1,0.4369897595,0.9051086775,0.4751792647,0.6928602212,0.4993253192,0.4312037102,0.09602050655,0.04897506878,0.432405213,0.1514609199,0.6768599459,0.5652999554,0.22230368,0.2987388074,0.2985859238,0.4326634332,0.910956912
155,1,1,1,1,1,0.4360126167,0.9050778113,0.4745898725,0.6929879225,0.5000162144,0.4309409165,0.09537486798,0.04911611437,0.4321011589,0.151374676,0.6797400411,0.5648654838,0.225212793,0.300207935,0.2982791383,0.4313441407,0.9113699271
155.5,1,1,1,1,1,0.4383658012,0.9042848801,0.4765548069,0.6963364134,0.4974716171,0.4282199129,0.0953790385,0.04924959826,0.431581169,0.1526830311,0.6788685175,0.564795495,0.2238544452,0.2988933797,0.2988591666,0.4316806777,0.9121887266
156,1,1,1,1,1,0.4370205591,0.9039800546,0.4726824473,0.694088254,0.4978048639,0.4268036413,0.09438787278,0.04887593251,0.4324304197,0.1529196622,0.6770883607,0.5656450882,0.224111297,0.2982929045,0.2986976376,0.429828128,0.9123808616
156.5,1,1,1,1,1,0.4352157019,0.9038723575,0.4698329944,0.694583633,0.4971359192,0.4291708618,0.09416481303,0.04861022949,0.4327816354,0.1525066081,0.6752586156,0.5637394956,0.2260880118,0.2995704243,0.2974748746,0.4289448399,0.9107993568
157,1,1,1,1,1,0.4366452525,0.9040400427,0.4737831663,0.694451082,0.4985601228,0.4295943048,0.09402097911,0.04856218415,0.4316445762,0.1516553909,0.6771450479,0.5656465198,0.2232091146,0.2992742417,0.298285991,0.4285824063,0.9120575421
157.5,1,1,1,1,1,0.4365219081,0.9036791504,0.4735049737,0.6923275659,0.4989495461,0.4309836574,0.09431694314,0.04821649041,0.4289270369,0.1522904412,0.6744199915,0.5633316645,0.2235210712,0.3000979179,0.3006283333,0.4277330857,0.9121887015
158,1,1,1,1,1,0.4353908859,0.9039579687,0.4756246219,0.6938137061,0.4975946388,0.4292858407,0.09472564996,0.04843513124,0.4259044567,0.151705253,0.6736175599,0.5656123253,0.222403178,0.3013749643,0.3005350697,0.428637696,0.9115085754
158.5,1,1,1,1,1,0.4356159454,0.9043086684,0.4772006015,0.6934824575,0.4976325114,0.4295736429,0.09420966836,0.0484064704,0.4251683654,0.1523764612,0.6762194188,0.5708285453,0.2234988157,0.3011092866,0.2984581819,0.4263619814,0.9113127146
159,1,1,1,1,1,0.4360705767,0.9041204403,0.4756917586,0.6938972775,0.498985195,0.4302882412,0.09437997497,0.04846338805,0.4271046764,0.1512196561,0.6783257835,0.569361975,0.2232086132,0.3031917396,0.3014098719,0.4268095298,0.9125956423
159.5,1,1,1,1,1,0.4369080919,0.9034615181,0.475433756,0.6947413553,0.4976196493,0.4329140774,0.09404182122,0.04835292745,0.4270272491,0.1517423482,0.6789560979,0.5686348002,0.2241283627,0.3020352585,0.301594381,0.4278122192,0.9123825029
160,1,1,1,1,1,0.4375145164,0.9039567377,0.4748572393,0.6952941776,0.4991891403,0.4291368791,0.0933750389,0.04860371765,0.4268258384,0.1504802404,0.6807400599,0.5694830545,0.2230035382,0.3002899555,0.3012812414,0.4269933362,0.9118677095
160.5,1,1,1,1,1,0.437312838,0.9040851029,0.475702454,0.696127421,0.4980048983,0.4319529329,0.09351418252,0.04883786867,0.4248884093,0.1513669323,0.6790473639,0.5678922889,0.222143843,0.3001557067,0.2996074453,0.4277621357,0.91178214
161,1,1,1,1,1,0.4396856074,0.9043635531,0.4728287163,0.6964886829,0.4965024429,0.4311785187,0.09409674175,0.04857580149,0.4254411046,0.1525139522,0.6803879557,0.5657536463,0.2198475954,0.300421163,0.2992748388,0.4317699767,0.9120277474
161.5,1,1,1,1,1,0.4388498413,0.9037070634,0.4752743332,0.6960390548,0.4992479262,0.4325116899,0.09476699268,0.04966457584,0.4241100366,0.1523428385,0.6810616583,0.5653949374,0.2205835474,0.2993569725,0.2983026904,0.4326871326,0.9120003588
162,1,1,1,1,1,0.4410141509,0.9032201245,0.4762979782,0.6952749342,0.5001163877,0.433130811,0.09545944924,0.04898259582,0.423538525,0.1509810691,0.6774502886,0.5648536534,0.2206169036,0.2986626565,0.3003012001,0.4391262178,0.9115135094
162.5,1,1,1,1,1,0.4409162275,0.9039225957,0.4753310354,0.6952224778,0.5023397253,0.4327502676,0.09516374696,0.04896579094,0.4257292359,0.151821567,0.678407607,0.5652813274,0.2212988043,0.2987994875,0.2990440464,0.4386518937,0.9113939207
163,1,1,1,1,1,0.4399462151,0.9039990304,0.474416099,0.6947417775,0.5003201096,0.4315738734,0.09548914111,0.04898361243,0.4258882193,0.151643883,0.678165104,0.5657007685,0.2222303973,0.2985039619,0.2989707431,0.4372299534,0.9118655019
163.5,1,1,1,1,1,0.4398161238,0.9035480574,0.4748827753,0.6957340684,0.4995296879,0.4312952328,0.0960542281,0.04870725556,0.4320523312,0.1519965448,0.6770661387,0.5629306286,0.223282534,0.2988797857,0.2995682011,0.4358114252,0.9124320053
164,1,1,1,1,1,0.4386061781,0.9036397055,0.4730357132,0.6950492656,0.4995648985,0.431322817,0.09567233896,0.04888539447,0.4328491404,0.1515997338,0.6764393868,0.5605645464,0.2236959767,0.2986172413,0.3001343433,0.434558289,0.9121110711
164.5,1,1,1,1,1,0.4370314139,0.903721194,0.4732792882,0.6944519355,0.4973811188,0.4305450084,0.09524477017,0.0489770228,0.4332612575,0.1506307706,0.6780917656,0.5610268764,0.2225738683,0.2974544417,0.2995665263,0.4327619707,0.9123840395
165,1,1,1,1,1,0.4359077615,0.9034016056,0.4740384469,0.6943284679,0.4975059138,0.4298532708,0.09455681835,0.04871223396,0.434637736,0.1506707444,0.6769508051,0.5624508268,0.2256089743,0.3001410243,0.2982463769,0.4330599788,0.9137676969
165.5,1,1,1,1,1,0.4368212528,0.9032110128,0.4740260978,0.6929937512,0.4979986478,0.4288534695,0.09426675823,0.04868228564,0.4342688448,0.1512191634,0.678491315,0.5604718559,0.2256067419,0.2984524617,0.2974434248,0.4332523365,0.9131851472
166,1,1,1,1,1,0.4373899483,0.9041581218,0.473651111,0.6960602326,0.497418345,0.4308528373,0.09470468394,0.04859678681,0.436235874,0.1501646984,0.6776012347,0.5593539187,0.2267248329,0.2971085013,0.2977384834,0.4310271539,0.9128187814
166.5,1,1,1,1,1,0.4370934754,0.9036749775,0.4744047766,0.6977725528,0.4962752903,0.4292790602,0.09456014074,0.04868145201,0.4361527187,0.152711423,0.6795991026,0.5614465686,0.2241257542,0.2988421992,0.298573555,0.433263091,0.9127963444
167,1,1,1,1,1,0.4372034871,0.9037291937,0.4747184409,0.6965120179,0.4949777006,0.4305651244,0.0950752538,0.04865722993,0.4329399549,0.1508040569,0.6770775404,0.5626236633,0.2226401815,0.297214521,0.2981307725,0.431883369,0.9121942091
167.5,1,1,1,1,1,0.4396914285,0.9037590978,0.4730861003,0.6959090484,0.4967198675,0.4310338671,0.09480849547,0.04846395589,0.4334356039,0.1507408798,0.6803930436,0.5613624589,0.2219549914,0.2961950649,0.2996555184,0.4362414929,0.9108555452
168,1,1,1,1,1,0.4378125212,0.9036139144,0.4717898678,0.6970533715,0.5008026246,0.4274374187,0.0949861353,0.04858748563,0.4364430263,0.1510547523,0.6799068281,0.5602509361,0.2234700149,0.2964262285,0.2988229379,0.434500288,0.9097547878
168.5,1,1,1,1,1,0.436875546,0.903435839,0.4737747277,0.69709571,0.5005246429,0.4283746574,0.09588796476,0.04872198647,0.4371046962,0.1523164818,0.6768460134,0.5600034239,0.2229523234,0.2983127725,0.2978797909,0.4345283821,0.9110048069
169,1,1,1,1,1,0.4364917516,0.9038916433,0.4744050357,0.695633313,0.50011798,0.4313746013,0.09571130287,0.04851461795,0.4379672754,0.1512670024,0.6745585215,0.5585574116,0.22324832,0.2985807377,0.2984359596,0.4349074773,0.911203135
169.5,1,1,1,1,1,0.4389966223,0.9034652921,0.4747995256,0.6962158703,0.4991282415,0.4308716292,0.0951700096,0.04880429491,0.4362463196,0.152256356,0.6751094592,0.5601540415,0.2227012357,0.2977792861,0.2986310236,0.4329482068,0.9107455055
170,1,1,1,1,1,0.4361757427,0.9041088241,0.474052572,0.6940342195,0.4987336278,0.4330560855,0.0954005,0.0483910798,0.4373787028,0.1515300153,0.6757126691,0.5600389797,0.2235042035,0.2989763503,0.2992040667,0.4309766107,0.9115645634
170.5,1,1,1,1,1,0.4355905426,0.9037848665,0.4756848606,0.6933717436,0.4987698025,0.4337742876,0.09470038486,0.04884342504,0.4364091677,0.1506765772,0.6765168442,0.5624045578,0.2232071925,0.3009144166,0.2995904292,0.4321576573,0.9122819927
171,1,1,1,1,1,0.4345881822,0.9033984184,0.4748593125,0.6911515727,0.4966500072,0.4306606226,0.09449205137,0.04891082254,0.4353411896,0.1508937275,0.675323675,0.5628643961,0.2211697801,0.3004726895,0.2997194831,0.4356016445,0.9128584666
171.5,1,1,1,1,1,0.4355034214,0.9042546562,0.4739673751,0.6926368865,0.4982942452,0.4274302604,0.09544973514,0.04897602966,0.4368253242,0.1509073694,0.6745614091,0.5636747644,0.2230792723,0.2976695097,0.300793712,0.4338736694,0.9133114909
172,1,1,1,1,1,0.4320631866,0.9042634542,0.473764551,0.6928762661,0.4960908211,0.427818945,0.09475143098,0.04934254554,0.4395720421,0.1490806017,0.6741070821,0.5619275238,0.2245366922,0.2955258967,0.300934613,0.4357859887,0.9133178602
172.5,1,1,1,1,1,0.4314892466,0.9044329087,0.4745539834,0.6926922487,0.4957703441,0.4306118542,0.09506305235,0.04916032043,0.4379417759,0.1497474808,0.6763654803,0.5610411825,0.2241987367,0.2953957627,0.2983159233,0.4361080963,0.9133245259
173,1,1,1,1,1,0.4335423993,0.9041025806,0.4732552636,0.6906571304,0.4968026982,0.4315284627,0.09596229657,0.04868276686,0.4405196887,0.1498250127,0.6776124949,0.561489569,0.2231799869,0.2955179132,0.2985096654,0.4374420879,0.9124265302
173.5,1,1,1,1,1,0.4339051132,0.9041267206,0.4744061116,0.6909725645,0.4954069171,0.4290775458,0.0972950122,0.0487087189,0.4382774387,0.1491852657,0.6748646235,0.5620877246,0.222956843,0.2954189583,0.2977199701,0.4364139535,0.9122558698
174,1,1,1,1,1,0.4381691701,0.9043045581,0.474472669,0.6905585458,0.4923213367,0.4292380882,0.09632454689,0.04892376393,0.4382236977,0.1485552344,0.6730342278,0.5643708928,0.22461126,0.2940731647,0.2951627378,0.4356019329,0.9117745022
174.5,1,1,1,1,1,0.4378556077,0.9040840084,0.4750456729,0.6923698676,0.491252228,0.4267748375,0.09567904849,0.04866890901,0.4358287239,0.1487086907,0.6707294541,0.561693436,0.2259915614,0.2951918585,0.2961254037,0.4370725255,0.9109723993
175,1,1,1,1,1,0.4360976024,0.9044390966,0.4758165869,0.6921915928,0.4932009293,0.4284439055,0.09514898545,0.04865583179,0.4364662289,0.1493824297,0.6689306007,0.5606111965,0.2254824448,0.2966189984,0.2968507387,0.4369365457,0.9118619281
175.5,1,1,1,1,1,0.4349203913,0.904580746,0.4747036468,0.6927572864,0.4950724515,0.4280612518,0.09435322616,0.04849986963,0.4401078076,0.1500078624,0.6670530744,0.5597878289,0.2247117188,0.2953844892,0.2998262918,0.4356735652,0.9110183486
176,1,1,1,1,1,0.4356678071,0.9050684498,0.4747346444,0.6930922409,0.4948939698,0.4277400182,0.09470956917,0.04854036554,0.4395083581,0.1506511695,0.6679642805,0.5589698984,0.2254715359,0.2958028,0.2991459685,0.4359922633,0.9110366495
176.5,1,1,1,1,1,0.4376558476,0.9058295734,0.4762902435,0.6938057112,0.4959360959,0.4291621775,0.09457983283,0.04819697764,0.4413459876,0.1504445006,0.6651596615,0.5598991673,0.2262252382,0.2997687427,0.2993655578,0.4356274416,0.9110724339
177,1,1,1,1,1,0.4367773163,0.9053002505,0.4746488146,0.6953918814,0.4985062726,0.4262573689,0.09416036501,0.04872130111,0.4452007433,0.1510108665,0.6689337131,0.5619804187,0.2246614538,0.2971912242,0.299409777,0.4362787408,0.9107057644
177.5,1,1,1,1,1,0.4373923909,0.9060149123,0.4749012237,0.69534594,0.4986748604,0.4243116239,0.09281858935,0.04856844863,0.4477621935,0.1497518501,0.6667832798,0.5618855724,0.2226807703,0.3008662102,0.2980220619,0.4326336933,0.9103395402
178,1,1,1,1,1,0.4390988392,0.9050687376,0.4744762037,0.6956727585,0.4994136234,0.4263584249,0.09302914039,0.04809456814,0.4457421748,0.1516856008,0.6671791284,0.5616868453,0.2213770566,0.2973318411,0.2972498535,0.4354041219,0.910407068
178.5,1,1,1,1,1,0.4394027505,0.9049609993,0.4737754096,0.6947831503,0.4996964014,0.4265198204,0.09318725464,0.047873848,0.4434630737,0.1517374196,0.667372669,0.5617932418,0.2222627162,0.2979927885,0.3010882368,0.4348705898,0.9111163971
179,1,1,1,1,1,0.438690396,0.9048765838,0.4749578854,0.6940207276,0.4996355614,0.4258277347,0.09221500065,0.04775327353,0.4429617831,0.1524409338,0.6674119589,0.5614432254,0.2231412757,0.2993382235,0.3000313425,0.4360337979,0.9114232861
179.5,1,1,1,1,1,0.4368634245,0.9035475809,0.4733186905,0.6932339618,0.497952015,0.4260505789,0.09166871928,0.04762982769,0.4415538437,0.1521454022,0.6659184598,0.5599600777,0.223137204,0.296993382,0.3005814966,0.4348190376,0.9110470847
180,1,1,1,1,1,0.4360437127,0.9027613684,0.475871966,0.6937022107,0.5023127165,0.4264036598,0.09119747707,0.04733007759,0.4412015211,0.1509338856,0.6646807744,0.5608547589,0.2230013673,0.296876797,0.2999615345,0.4312471376,0.911332241
180.5,1,1,1,1,1,0.4333905746,0.9034753486,0.4744868855,0.6940111295,0.5010716864,0.429649615,0.09151457328,0.04752956273,0.4413925881,0.1501848768,0.665546721,0.5646302285,0.2242186557,0.2955684299,0.3008311401,0.4310318951,0.9106950409
181,1,1,1,1,1,0.4340863811,0.9039138729,0.4756687241,0.6922421941,0.4998873962,0.431953,0.09160897073,0.04704537921,0.443614066,0.1480875826,0.6647161526,0.5661640398,0.2244584947,0.2956604982,0.3006003193,0.4323354222,0.9107118814
181.5,1,1,1,1,1,0.4343976898,0.904267028,0.4740573445,0.6931924736,0.4990182261,0.4296340002,0.09196191202,0.04707805228,0.4438201944,0.1473996275,0.6634850069,0.5658555291,0.2266801431,0.2970042621,0.3014025522,0.4329517919,0.9107515465
182,1,1,1,1,1,0.4365023262,0.9039786449,0.4735311392,0.6927734915,0.496180767,0.4268994209,0.09250491039,0.04696473676,0.443470989,0.1476284128,0.6634620005,0.565799304,0.2259797552,0.2972725083,0.3009861935,0.435372114,0.9112918814
182.5,1,1,1,1,1,0.434275919,0.9035668082,0.4739904662,0.6928141942,0.4971408284,0.4265544237,0.09257977392,0.04723875462,0.4403760738,0.1471662646,0.6617736294,0.5675680002,0.2274715064,0.2974815156,0.2996413058,0.4353197139,0.9105440964
183,1,1,1,1,1,0.4333658994,0.90418622,0.4747578723,0.6922545599,0.4967883016,0.4274077296,0.0928994146,0.04747760141,0.4403564394,0.1476002117,0.6573035177,0.5669085674,0.2284392924,0.2977108334,0.2955492386,0.4349898008,0.9109732635
183.5,1,1,1,1,1,0.4334857077,0.903989465,0.4750547296,0.6923889116,0.497515549,0.427538563,0.0929928348,0.0477941051,0.4417251433,0.1473717754,0.6559601357,0.5642538546,0.2258740414,0.2981197827,0.2944454684,0.4354269629,0.9116448641
184,1,1,1,1,1,0.4346817199,0.904625558,0.4730810506,0.6934341146,0.4996190507,0.4287782636,0.09374476061,0.04778737223,0.4399565625,0.1491810812,0.6565322377,0.5631047907,0.2237207189,0.2982183566,0.2953706642,0.4333797893,0.9109037237
184.5,1,1,1,1,1,0.4339508071,0.9043120643,0.4726409148,0.6928130912,0.5001580431,0.4310369089,0.09380365909,0.04873970502,0.4413800337,0.1479771808,0.658479529,0.5640148166,0.2223650437,0.2986690652,0.2963616682,0.4356951344,0.9103369371
185,1,1,1,1,1,0.4371301315,0.9032115103,0.4712033237,0.6920672588,0.4991273479,0.4297615709,0.09312536012,0.04804922622,0.4405004288,0.1472113661,0.6605272446,0.5636349151,0.2231560706,0.3004017134,0.2978461113,0.4343952977,0.9096171047
185.5,1,1,1,1,1,0.4355934385,0.9042628418,0.4748189626,0.6929658919,0.4989935616,0.4291983628,0.09401534807,0.04821127016,0.4403002185,0.1467801083,0.6606502041,0.5649076881,0.2239859505,0.298803387,0.2981192149,0.4341240023,0.9101644841
186,1,1,1,1,1,0.435469604,0.9040146322,0.4746075473,0.6916322031,0.4959678183,0.4296242251,0.0930583954,0.04856862899,0.4421991785,0.1478131882,0.6618348962,0.5641808734,0.2247723059,0.2991055248,0.2976165216,0.4342988261,0.9106311602
186.5,1,1,1,1,1,0.4357043912,0.903232157,0.4727199412,0.6917583167,0.4951043317,0.4302576564,0.09352617003,0.04828059224,0.4430822096,0.1496657498,0.6628876241,0.5624892328,0.2273587277,0.2986294781,0.2979565045,0.4345804276,0.9116942968
187,1,1,1,1,1,0.4349205323,0.9021393564,0.472705486,0.6918022266,0.4940396191,0.4307790518,0.09328407621,0.04787590791,0.4422677452,0.1510141331,0.6628853952,0.5608954433,0.2264059476,0.2989943241,0.2997197113,0.4373570859,0.9120620803
187.5,1,1,1,1,1,0.436968258,0.9029807219,0.4744940518,0.6922114088,0.4943486972,0.429682561,0.09434317005,0.04796639862,0.4399709909,0.1516305623,0.665148226,0.5630900693,0.2249489498,0.2975315645,0.2992745633,0.4356608655,0.9110175183
188,1,1,1,1,1,0.4351688319,0.9028412051,0.4753595455,0.6921426979,0.496236677,0.4271593184,0.09407137731,0.04818890171,0.4442220817,0.1513160107,0.6644347412,0.5635591249,0.2245128542,0.2977427701,0.3015624565,0.43650212,0.9119742331
188.5,1,1,1,1,1,0.4362925538,0.9030247097,0.4771634116,0.6930491994,0.4947143563,0.4293892703,0.0938108499,0.04809503467,0.4457185986,0.1511888566,0.6652142037,0.5585128809,0.2239449237,0.2948937724,0.3002468511,0.4375089513,0.9106234494
189,1,1,1,1,1,0.4369393398,0.9031773733,0.4758882121,0.6941379248,0.4954628806,0.4304514858,0.09455313202,0.04809285373,0.4468119407,0.1503613122,0.6653391012,0.5586008565,0.22233055,0.2961221241,0.3004113692,0.4381981608,0.9103276882
189.5,1,1,1,1,1,0.4386109525,0.9040535278,0.4755589907,0.6948509213,0.4979681222,0.4302022774,0.09443768739,0.04786821879,0.4449654139,0.1494009518,0.6644984451,0.5583808093,0.2214281533,0.2958929495,0.3022885636,0.43837199,0.910173056
190,1,1,1,1,1,0.4367584893,0.9034601021,0.4729543526,0.6948384628,0.4972692219,0.4287601373,0.09486853774,0.04816601246,0.4424937883,0.1486920754,0.6648608629,0.5590074383,0.2222188995,0.2960379501,0.30229944,0.4407128369,0.9111347217
190.5,1,1,1,1,1,0.4336906838,0.9041569421,0.4757226581,0.6961274651,0.4969443096,0.4306512555,0.09528544395,0.04815855035,0.4393219225,0.1495138265,0.6642607455,0.5600565756,0.2240980855,0.296928674,0.3005587438,0.4429019265,0.9108652277
191,1,1,1,1,1,0.4368086759,0.9051568976,0.4774981912,0.6952459246,0.4989317473,0.4275859172,0.09521835691,0.04854499375,0.4407313624,0.15023276,0.6641791331,0.5633542537,0.2254033906,0.2982551451,0.3014908903,0.4440805839,0.9105715682
191.5,1,1,1,1,1,0.4373957187,0.9056990205,0.4757593599,0.6938101323,0.4995261998,0.4247955599,0.09521215669,0.04908813119,0.4389248138,0.1512077502,0.6632014269,0.5625751265,0.2236624179,0.2968882473,0.3008566982,0.4446549728,0.9102260806
192,1,1,1,1,1,0.4355600462,0.9051810175,0.4756133843,0.6964468746,0.4995397733,0.4275087452,0.09499522552,0.0491791376,0.4387406517,0.150870051,0.663816423,0.5630743621,0.2220866325,0.2960921279,0.298033481,0.4456208334,0.911161356
192.5,1,1,1,1,1,0.4375442989,0.9049723951,0.4748552087,0.6980439436,0.4989091769,0.4266718397,0.09488673567,0.04932602783,0.4400029729,0.1510915996,0.6629095796,0.5636790647,0.2220872202,0.2953946152,0.2973994428,0.4497348505,0.9114559606
193,1,1,1,1,1,0.440366307,0.9050868289,0.47629998,0.6970288078,0.4996040712,0.4275283161,0.09510086114,0.0494550064,0.4398639525,0.1522332482,0.6647421829,0.5617234657,0.2218852153,0.2973557186,0.298777767,0.4484999345,0.9115300795
193.5,1,1,1,1,1,0.4398156998,0.9046528452,0.4764715467,0.6965319222,0.5025743973,0.4272982282,0.09462031843,0.04948160454,0.4399706969,0.1518439958,0.6646383211,0.5641363948,0.2232684656,0.3010454105,0.2981315649,0.4468705204,0.9118812614
194,1,1,1,1,1,0.4386054019,0.9040340799,0.4770112758,0.6951012525,0.5036740556,0.426590145,0.09444102445,0.04939624492,0.4393135962,0.151882805,0.6662744898,0.5655102366,0.2232021634,0.3006787337,0.2976376029,0.4445885121,0.9125987705
194.5,1,1,1,1,1,0.439152053,0.9041436505,0.4778143546,0.6952803193,0.5032923226,0.428614713,0.09467852739,0.04904574727,0.4372113476,0.1525717652,0.6702737089,0.5647077623,0.2226736226,0.3011434165,0.2993483967,0.444410348,0.9116599859
195,1,1,1,1,1,0.4401732927,0.9042774824,0.4781173077,0.694729832,0.5012182525,0.4271728607,0.09487214729,0.04892026731,0.4342856914,0.1527115333,0.6708223898,0.5651091785,0.2212059561,0.3006731767,0.2954877116,0.4459332641,0.911448476
195.5,1,1,1,1,1,0.4368630127,0.9038359239,0.477345215,0.6938749205,0.502193795,0.4249422499,0.09472193992,0.04883977711,0.434655723,0.1514088984,0.6689197394,0.5668767153,0.2208781161,0.2987943311,0.2966588144,0.443846367,0.910387762
196,1,1,1,1,1,0.4364496387,0.9045052052,0.473717573,0.6939030421,0.5026140195,0.4267432111,0.09484297162,0.04850073905,0.4352612663,0.1514113823,0.6668864619,0.5670918732,0.2228450139,0.3007099778,0.2991969879,0.4451414682,0.9106601642
196.5,1,1,1,1,1,0.4364189387,0.9054208756,0.4744324818,0.6927039752,0.5035149845,0.4262376355,0.09489037406,0.048412649,0.4338405377,0.15044408,0.6678153778,0.56645031,0.224875473,0.2981090292,0.2994714915,0.4448230341,0.9094117717
197,1,1,1,1,1,0.437484489,0.9053307918,0.4723882848,0.694961401,0.5025259831,0.4261186486,0.09523846525,0.04857819111,0.43189157,0.1502486476,0.6668677701,0.5637607962,0.225396573,0.2993809951,0.3012888248,0.4452959892,0.9096144972
197.5,1,1,1,1,1,0.4380440883,0.9048112498,0.4743409551,0.693381559,0.5063864817,0.4272880575,0.09511183603,0.04893725386,0.4313580912,0.1499218925,0.6685296191,0.5638309959,0.2263439554,0.2996614566,0.3024665225,0.4447623561,0.9095491704
198,1,1,1,1,1,0.4373404399,0.9039197764,0.4748141422,0.6928536727,0.5065906949,0.4275745617,0.09515924073,0.04918456619,0.4346189639,0.1495027159,0.667938148,0.5611000192,0.2272669063,0.299043016,0.3026988378,0.4446816059,0.9087640725
198.5,1,1,1,1,1,0.4352527228,0.9036825549,0.4771501788,0.6912181315,0.50405558,0.4310294782,0.09474842291,0.0491339572,0.4360437106,0.1502445906,0.6694871339,0.5615498557,0.2262669757,0.3000823609,0.3019437426,0.4431240476,0.908498474
199,1,1,1,1,1,0.4329769097,0.9040404778,0.4779911223,0.6943590872,0.5039400411,0.4335389883,0.09507110832,0.04919819253,0.4374242797,0.1493946238,0.6697238595,0.5638925814,0.2260157477,0.2987213685,0.3002384225,0.4397158804,0.9093165875
199.5,1,1,1,1,1,0.4346123996,0.9040481154,0.477296886,0.694320293,0.5015214438,0.4337073597,0.09458689276,0.04878988164,0.4364886233,0.1506974954,0.6708655003,0.5618095318,0.2247556293,0.3004925115,0.2997271773,0.443013402,0.9082484148
200,1,1,1,1,1,0.4360319563,0.9048465358,0.4739380468,0.6954233398,0.5008285206,0.4313971634,0.09435263405,0.04861173511,0.4356576201,0.1510493677,0.6686485784,0.5637901391,0.2245892422,0.2997441775,0.2992862946,0.4428806497,0.9087094432
200.5,1,1,1,1,1,0.4354538457,0.9049082991,0.4754491022,0.6959642457,0.4989560129,0.4316584495,0.0944548675,0.04845144873,0.4388485537,0.1506321968,0.6697137971,0.5653446292,0.2252388694,0.2999557527,0.2990522163,0.4435210495,0.9082851439
201,1,1,1,1,1,0.4374047257,0.9052941933,0.4749449636,0.6938783128,0.4992881437,0.4313736763,0.09447336372,0.04846052598,0.4359635997,0.1502936419,0.6706392502,0.5665781294,0.2269352178,0.3008761649,0.2999871615,0.4412846189,0.9083528921
201.5,1,1,1,1,1,0.4353376689,0.9053779686,0.4750277266,0.6953967165,0.499992164,0.4285051685,0.09469471153,0.04866758893,0.4364533335,0.1520141145,0.6698041376,0.5656974156,0.2267191434,0.2995177622,0.2994492789,0.4385105238,0.9088999772
202,1,1,1,1,1,0.4364595905,0.9042869968,0.4756375999,0.6979813511,0.5008320199,0.428817147,0.09421944022,0.04875787366,0.4363563786,0.1522018471,0.6684758038,0.5630072343,0.2265719326,0.2989624255,0.2985879708,0.439602291,0.9093638669
202.5,1,1,1,1,1,0.4363767574,0.904365851,0.4737311229,0.6982907518,0.5011010139,0.4295143913,0.09557537935,0.0486332014,0.4354811505,0.1517947941,0.6683638975,0.5654395123,0.2250078892,0.2992260756,0.2967599736,0.4382239773,0.9093316808
203,1,1,1,1,1,0.4371308205,0.9041666823,0.4721395971,0.7004233441,0.4990300826,0.4299214016,0.09448006865,0.04853333323,0.4336163651,0.1513829364,0.6662449794,0.5664800574,0.2251201341,0.298875131,0.297877476,0.4385885699,0.9098997628
203.5,1,1,1,1,1,0.4360170465,0.9040071406,0.4733457295,0.6979721535,0.4974708926,0.4311039946,0.09402455147,0.04861025981,0.434285602,0.1508298887,0.6680029231,0.5648336257,0.2268234101,0.2985732975,0.298893058,0.4375552034,0.9100291165
204,1,1,1,1,1,0.436208278,0.904125759,0.4695508577,0.7010283664,0.4963066717,0.43048299,0.09449263492,0.04859929964,0.4347123273,0.1514036895,0.6675631592,0.5619668564,0.2247831769,0.2982645406,0.2994813509,0.437911105,0.9115674078
204.5,1,1,1,1,1,0.4377142443,0.9034596437,0.4727302183,0.6985885519,0.4961659053,0.4299132813,0.09453527309,0.04880078075,0.4342292245,0.1510871342,0.6683513414,0.5627544831,0.224684395,0.2964459938,0.2999458422,0.4371516249,0.9117094988
205,1,1,1,1,1,0.4373159292,0.9045339036,0.4753976907,0.6975234728,0.4979590707,0.4304898763,0.09464728541,0.04919017258,0.4322013759,0.149940692,0.6675508475,0.5624249892,0.2253626506,0.2977850905,0.3004482552,0.4354507237,0.9113501634
205.5,1,1,1,1,1,0.4394437329,0.9046415007,0.4752646768,0.6965923247,0.4993665137,0.4286583869,0.09483126372,0.04938252581,0.4317905876,0.1499359292,0.6671824746,0.5626178091,0.2256457898,0.2982280504,0.3012230308,0.4356511797,0.9107527008
206,1,1,1,1,1,0.4382728568,0.9045806097,0.4750556691,0.6958318308,0.5003771131,0.4280519673,0.09501058897,0.04912050117,0.431864858,0.1510012415,0.6644320263,0.5630006957,0.2260005624,0.2989060608,0.3015861766,0.4359125682,0.9102726603
206.5,1,1,1,1,1,0.4375950093,0.9052583252,0.474294993,0.6954711191,0.5003097712,0.4293505094,0.09513012948,0.04899861293,0.4319444445,0.1503887906,0.6676526334,0.5615770752,0.2245933607,0.3001687257,0.2983572696,0.4376596205,0.910754283
207,1,1,1,1,1,0.4375423966,0.9052589376,0.4744880323,0.6947884676,0.5003049859,0.4271341684,0.09468138427,0.04906375037,0.4300479531,0.1503726652,0.6723137216,0.5612321087,0.2253094768,0.3001969532,0.2972283055,0.4374517498,0.9089942436
207.5,1,1,1,1,1,0.4377363576,0.9053859241,0.475934417,0.6947698781,0.4977406433,0.4253011386,0.09404825864,0.04858885119,0.4294815064,0.1516785455,0.6749614439,0.5634848147,0.2267839187,0.300991096,0.2976441718,0.4345447899,0.9085274739
208,1,1,1,1,1,0.4359893384,0.9049338031,0.4776055979,0.695914079,0.4968198486,0.4264834203,0.09415421867,0.04844299643,0.4275824341,0.1509888871,0.6760494403,0.5633152179,0.2270869077,0.3021709738,0.2992721799,0.4365128977,0.9088087541
208.5,1,1,1,1,1,0.433551532,0.903346045,0.4793819191,0.6944636941,0.4969571104,0.4309078306,0.09438156647,0.04838919796,0.4267560532,0.1503364274,0.6809550587,0.5641407179,0.2247730707,0.3010281345,0.2993056099,0.4353912632,0.9080672206
209,1,1,1,1,1,0.4349505882,0.9029439268,0.4796372457,0.6939237142,0.4990926773,0.4308149266,0.09460718693,0.04832992759,0.4288968809,0.1518807172,0.6810413439,0.5651445152,0.2262421999,0.3000208078,0.2982945146,0.4365449739,0.9088390496
209.5,1,1,1,1,1,0.4337084528,0.9029745526,0.4790934471,0.696064426,0.4987291321,0.4304751195,0.09424037494,0.04842261982,0.4268416304,0.1516187405,0.6807070505,0.5660254214,0.2263900844,0.2999298621,0.2979959127,0.4403795706,0.909483343
210,1,1,1,1,1,0.4333912977,0.9035479658,0.4790336158,0.6953036014,0.4984938624,0.4307630128,0.09474097694,0.04801515951,0.4286677547,0.1506480189,0.6796030541,0.5639222554,0.2252491955,0.3017643738,0.2998884756,0.4395515709,0.9097587641
210.5,1,1,1,1,1,0.4316717558,0.9033943561,0.4780421785,0.6960533666,0.4993561959,0.4293145812,0.09456092804,0.04802642484,0.4306528938,0.1497317064,0.6821494006,0.5634662528,0.2234350985,0.301439517,0.3010191973,0.4387189203,0.9103249369
211,1,1,1,1,1,0.4316078347,0.9043407339,0.4752645815,0.6980583571,0.4973820888,0.4308840816,0.09420499278,0.04816932218,0.4339540223,0.1487193541,0.6819725447,0.5621642343,0.2208786902,0.3030100413,0.3014226839,0.4368060259,0.9111907075
211.5,1,1,1,1,1,0.4316579801,0.9049085379,0.4742784347,0.6969067812,0.4982175297,0.4296146321,0.09419232248,0.04796482171,0.436353832,0.1482704784,0.6822066059,0.5618731654,0.2193811199,0.3015589381,0.3038342001,0.4354903931,0.9118724197
212,1,1,1,1,1,0.4338614802,0.9047643745,0.4757223417,0.6987077728,0.4986326066,0.4303793377,0.09403742932,0.04818117715,0.4332980397,0.1486561293,0.6836064224,0.562147054,0.2219046257,0.3010260667,0.3023455397,0.4357217817,0.9117700548
212.5,1,1,1,1,1,0.4368425524,0.9040556392,0.4769936657,0.6970600649,0.4987270471,0.4302764761,0.0934142826,0.04783518692,0.4329474602,0.1479153425,0.6813953413,0.5593699902,0.221004612,0.3029977357,0.3031368487,0.4383956553,0.9123492014
213,1,1,1,1,1,0.4381753246,0.9044142564,0.4761734507,0.6978130307,0.4975110481,0.4321034442,0.09304409117,0.04787015532,0.4318150914,0.1475948958,0.681101047,0.5604279158,0.2199050254,0.2992851365,0.3026360916,0.4342840882,0.911772359
213.5,1,1,1,1,1,0.4345414102,0.9041438528,0.4772502814,0.7000847883,0.4976499114,0.4313918238,0.09279759405,0.04760855322,0.4378541854,0.1480758442,0.684116179,0.5589788911,0.2201251452,0.299161909,0.3002413505,0.4336024751,0.9114784728
214,1,1,1,1,1,0.4337042668,0.9048504674,0.4751767447,0.7008404484,0.4994612261,0.4324629848,0.09289370822,0.04755520635,0.4352107932,0.1476068067,0.6847697011,0.5589011634,0.2202810675,0.2991363819,0.3005477566,0.4348563035,0.910924155
214.5,1,1,1,1,1,0.4350010457,0.905396603,0.4781515821,0.7003681809,0.4992103962,0.4314782978,0.09386701304,0.04814393344,0.4355157044,0.1482258462,0.6832059563,0.5581457422,0.2206001818,0.2961388946,0.2982211783,0.4309555753,0.9111010085
215,1,1,1,1,1,0.4368000908,0.9044895821,0.4783603075,0.6969202958,0.5018560601,0.4330797142,0.09442912909,0.04853894728,0.4358548112,0.1491017361,0.6817573051,0.5618493805,0.219983942,0.2961410613,0.298874657,0.4297519955,0.9115514655
215.5,1,1,1,1,1,0.4362627829,0.9043505688,0.4779836319,0.6984240894,0.5008269965,0.436702427,0.09508975476,0.04794721409,0.4374359591,0.1498107799,0.682868411,0.5619383346,0.2205133137,0.296194793,0.2976246289,0.4275342713,0.9115807487
216,1,1,1,1,1,0.4376320865,0.9041694428,0.4762403676,0.6974993022,0.5001800047,0.4369572208,0.09569194468,0.04836454517,0.4379107071,0.1494080066,0.6823018311,0.5623512513,0.2217958196,0.2974479122,0.299337142,0.4289734273,0.9109470002
216.5,1,1,1,1,1,0.4365260534,0.9045132274,0.4739083987,0.6960489371,0.4989734543,0.4337250371,0.09546287593,0.04846909509,0.4395190411,0.1490121781,0.6814694002,0.5640213594,0.2220332936,0.2973189332,0.3004531423,0.4324508847,0.9114142882
217,1,1,1,1,1,0.4370766109,0.9040366862,0.4771588916,0.6952227053,0.4983480431,0.4320280245,0.09445165785,0.04864525314,0.4386482676,0.1486091369,0.6794694488,0.5639150413,0.2220543559,0.2964490658,0.3002834706,0.4317976893,0.911151014
217.5,1,1,1,1,1,0.4371998388,0.9042051804,0.4770609178,0.6947647543,0.4990502791,0.4285850216,0.09470664157,0.04859929831,0.4363502625,0.1502392757,0.6777771971,0.562887285,0.2222278633,0.2968559048,0.2979933246,0.4338395003,0.9113372536
218,1,1,1,1,1,0.4370316597,0.9033403683,0.476271858,0.6923436425,0.4993072827,0.4311371464,0.09526512661,0.04897450786,0.4362537572,0.1511317162,0.6761555102,0.5625881077,0.221780446,0.2980623885,0.2952996965,0.4327276316,0.9109855266
218.5,1,1,1,1,1,0.4346746421,0.9022838881,0.4771395629,0.6916227637,0.500525891,0.4307277827,0.09495173624,0.04866755389,0.435201134,0.1512300798,0.6767038785,0.5610067037,0.2205448224,0.2973907315,0.2966537442,0.4340287799,0.911604058
219,1,1,1,1,1,0.434069665,0.9034379196,0.4790724284,0.6920890724,0.4979908193,0.4318945379,0.0953782415,0.04862054645,0.4357499604,0.1498580221,0.6743371852,0.5631391873,0.220495779,0.2975422328,0.297422537,0.4381216399,0.9105130456
219.5,1,1,1,1,1,0.4352625737,0.903892439,0.4785849669,0.6930428759,0.5020108499,0.432351619,0.09564333873,0.04817449872,0.4352463916,0.1495744246,0.6751290401,0.5640044947,0.2233148156,0.2962793833,0.2964691407,0.4391401922,0.9105259797
220,1,1,1,1,1,0.4378038368,0.9040564596,0.4785442074,0.6920559819,0.5004663459,0.4319470354,0.09540092251,0.0481955125,0.4368855495,0.1501137725,0.675865516,0.5677423825,0.2254069491,0.2984085216,0.2960386944,0.4384428955,0.9100085384
220.5,1,1,1,1,1,0.4382952296,0.904142775,0.4800961043,0.6922467037,0.5017339071,0.4321039745,0.09493269013,0.04784544865,0.439184737,0.1512523613,0.6751950616,0.5644890879,0.2247781114,0.2977963473,0.2968961943,0.4374397013,0.9096854288
221,1,1,1,1,1,0.4363375139,0.9038514602,0.4777361094,0.6905223062,0.5023727547,0.4343601464,0.09458764354,0.04776722633,0.4370843288,0.1516383538,0.6741036024,0.5649806199,0.2274446235,0.2964994959,0.2976969021,0.4365172617,0.9108142075
221.5,1,1,1,1,1,0.4384406996,0.904099877,0.4772652607,0.6899014913,0.5011303783,0.4301924173,0.09421002328,0.04765801823,0.4353017058,0.1520530218,0.6734322883,0.5631843288,0.2265998098,0.2945757944,0.2960586556,0.4386887563,0.910098064
222,1,1,1,1,1,0.4394657645,0.9044348425,0.4759411723,0.6896883491,0.4973838888,0.4304278585,0.094402924,0.04832171185,0.4346083412,0.1533443387,0.6746471172,0.5643308169,0.2261550764,0.294625646,0.2954473905,0.4403746931,0.9106007782
222.5,1,1,1,1,1,0.4377491269,0.9036151316,0.4750799717,0.6930766593,0.4986848245,0.430399898,0.09409465562,0.04850709811,0.4372987066,0.1546609623,0.6765629734,0.5649224242,0.2255506643,0.296198546,0.2981348379,0.441913138,0.9104263349
223,1,1,1,1,1,0.4366434243,0.9031991963,0.4727676738,0.6926579581,0.4999395473,0.4297706522,0.09503733306,0.04903622482,0.4385566635,0.1533141785,0.677090158,0.5640719103,0.2254929579,0.2952317528,0.2969697277,0.444327735,0.9101524857
223.5,1,1,1,1,1,0.4362561346,0.903960646,0.4718652704,0.6922358564,0.5023467011,0.4312106648,0.09587424724,0.04896144216,0.4383287576,0.1526896245,0.6748358518,0.5652226647,0.2253948389,0.2970245762,0.296320419,0.4444923126,0.9096933376
224,1,1,1,1,1,0.4359792592,0.9046219779,0.4718813813,0.693356299,0.5022248304,0.4323321939,0.09534659537,0.04896220713,0.4361946852,0.1521071262,0.6748006025,0.565062962,0.2250597788,0.300370921,0.295465381,0.4440602337,0.9104325646
224.5,1,1,1,1,1,0.4352514256,0.9051170947,0.4732631452,0.6936433014,0.5011623272,0.4322500269,0.09468948687,0.0487638804,0.4367588072,0.1524224602,0.6743352004,0.5605722178,0.2262490446,0.300322766,0.2969403051,0.4458042257,0.9093955518
225,1,1,1,1,1,0.4340722917,0.904851867,0.4734382923,0.6948256827,0.5010541784,0.4313028222,0.09465509752,0.04813496419,0.4385402201,0.1497779862,0.6764425832,0.5631427833,0.2250495099,0.301117607,0.2974289381,0.4454515537,0.9094783508
225.5,1,1,1,1,1,0.4355416941,0.9045829982,0.4721337048,0.6963502587,0.5004348826,0.4305896212,0.09344032386,0.04786238259,0.4387963957,0.1507132633,0.6750789122,0.564693104,0.22616058,0.3005540787,0.2973798764,0.4438073287,0.909096655
226,1,1,1,1,1,0.437168435,0.9039102815,0.4748163378,0.6961727692,0.4980950875,0.4321684215,0.09430622391,0.0481030365,0.4347571649,0.1512812946,0.6742926566,0.5658809584,0.2261789082,0.3015584786,0.2975032262,0.4451473555,0.9100888752
226.5,1,1,1,1,1,0.438454061,0.9031583717,0.4732012072,0.6939903286,0.4976754388,0.4332041413,0.09474850185,0.0480500614,0.4353996578,0.1485635727,0.6779238802,0.5616772071,0.2250575782,0.3018936423,0.2975268473,0.4430947561,0.9092662058
227,1,1,1,1,1,0.4390091812,0.9023431014,0.4738861541,0.6947516329,0.4944136088,0.4317420775,0.09448844279,0.04839610822,0.4382739475,0.1492683159,0.6791436837,0.5605020038,0.2238881338,0.3002721646,0.3001782565,0.4451153002,0.9087137822
227.5,1,1,1,1,1,0.4379595248,0.9040659085,0.4743469823,0.6965698,0.4955343069,0.4298781275,0.09445582927,0.0481954031,0.4358555697,0.1480836324,0.6764103745,0.5607404966,0.2232485646,0.3001964157,0.2998579226,0.445374434,0.9087415539
228,1,1,1,1,1,0.4352847128,0.9047627073,0.4736713904,0.6950952323,0.4941773016,0.4325984799,0.09517996253,0.04837676294,0.4333180073,0.1480163922,0.6759733733,0.5622516795,0.2214323398,0.2994109221,0.3023152633,0.4447717637,0.9096898083
228.5,1,1,1,1,1,0.4381049826,0.9043104203,0.4754150273,0.6976353955,0.4927855678,0.4316171028,0.09447520066,0.04848989764,0.4334085556,0.149072576,0.6765900444,0.5617277308,0.2208959157,0.3008298825,0.3045803167,0.4451105958,0.9094558373
229,1,1,1,1,1,0.4377460776,0.9047897585,0.4746681489,0.6972717313,0.4928975451,0.4300825522,0.09544495503,0.04869788288,0.4337367465,0.1493558892,0.676593169,0.5623604336,0.2221835336,0.3017986063,0.3047566434,0.4455704309,0.909647161
229.5,1,1,1,1,1,0.4366221357,0.9053741213,0.4754579582,0.6945429563,0.4972745111,0.4294336467,0.09487630775,0.04934373029,0.4344878336,0.1485404233,0.6748180416,0.561987664,0.2235023986,0.300045875,0.3030818188,0.4451654522,0.9094190511
230,1,1,1,1,1,0.4367962419,0.9044932697,0.4736325916,0.691858294,0.4978523044,0.4291318275,0.09416617063,0.04899960073,0.4347539103,0.1492464193,0.6743329607,0.5610484221,0.2248377598,0.2984634701,0.3010488386,0.4449096809,0.9097773767
230.5,1,1,1,1,1,0.4368082507,0.9043630832,0.4745207847,0.6952706662,0.4986134229,0.4298169056,0.0930515776,0.04858104563,0.4340875281,0.1494719785,0.6754416262,0.5602492956,0.2236421895,0.3008234607,0.3025763517,0.4440089279,0.9105680474
231,1,1,1,1,1,0.434746995,0.9047659521,0.47512901,0.6925609685,0.4981831874,0.429456146,0.09303354391,0.04785619904,0.431573745,0.1491207979,0.6733642956,0.5634826558,0.2216980499,0.3010423331,0.3011392796,0.4439747964,0.9105914226
231.5,1,1,1,1,1,0.4360079355,0.9049972045,0.474122119,0.6934504728,0.4961237523,0.428663528,0.09435036016,0.04752356044,0.433830674,0.1502929103,0.6719756496,0.563966267,0.221410849,0.2987947697,0.3004351177,0.4429638782,0.9097724206
232,1,1,1,1,1,0.4372874672,0.9049367838,0.4743546668,0.6927811317,0.497434964,0.430803131,0.09490495373,0.04772280801,0.4324708272,0.1490597203,0.673183892,0.5621236401,0.2221714769,0.2974444115,0.2993956142,0.439917217,0.9091782509
232.5,1,1,1,1,1,0.43667106,0.9048081923,0.4774274832,0.6932712495,0.4954803246,0.4312720297,0.09517362822,0.04764008391,0.4329455619,0.1492017313,0.6734484955,0.5629487239,0.222594877,0.297608748,0.2976823304,0.4382364378,0.9103032574
233,1,1,1,1,1,0.4397326481,0.9040770752,0.4758168578,0.6899736916,0.4976923977,0.4290676426,0.09476447342,0.04758743719,0.4313976873,0.1488317623,0.6729454115,0.5648242172,0.2240318219,0.2947185727,0.2968372248,0.4357117127,0.9103020289
233.5,1,1,1,1,1,0.4372858044,0.9045442985,0.4764285074,0.6880294065,0.4982506045,0.4307925495,0.09414923974,0.04757540866,0.4313667571,0.1491467232,0.6711790126,0.5607479196,0.2234011017,0.2930399661,0.2959681607,0.4379396356,0.9103476216
234,1,1,1,1,1,0.4358173908,0.9043802228,0.4771148598,0.6871797393,0.4983074515,0.433059803,0.09451891374,0.04775659962,0.433038263,0.1500099638,0.6733736645,0.561122664,0.222740235,0.2947198449,0.2972433108,0.4358863696,0.9113897082
234.5,1,1,1,1,1,0.4356823795,0.9032539906,0.4766799138,0.6884479972,0.4974473031,0.4336547538,0.09443501862,0.04833275837,0.4326216547,0.1498897126,0.6757551701,0.5618159028,0.2210787116,0.2953703087,0.2985422119,0.4345640663,0.9126074235
235,1,1,1,1,1,0.4339317522,0.9041406608,0.4752485451,0.6904699763,0.4976956746,0.4334891354,0.09457011895,0.04851639919,0.4334980316,0.1486490625,0.6753638395,0.5640392095,0.2219474958,0.2967331793,0.2987287472,0.4327944751,0.9126082363
235.5,1,1,1,1,1,0.4332981867,0.9044408339,0.4758271647,0.6934916561,0.4974981588,0.4301982075,0.09407266907,0.04871579095,0.4313632082,0.1484447671,0.6729464087,0.5656213785,0.2228657924,0.2964262893,0.2977718162,0.4308791732,0.9130867979
236,1,1,1,1,1,0.4334109652,0.9040068193,0.4747283954,0.6935058491,0.4952328596,0.4293368368,0.09415026609,0.04900022646,0.433209438,0.1495440632,0.6745053313,0.568526475,0.2218440251,0.2973404785,0.2992955231,0.432053419,0.9133924156
236.5,1,1,1,1,1,0.4352118429,0.9037336959,0.4754253648,0.6926327919,0.4945317264,0.4316742398,0.09399016221,0.04908190619,0.4358505961,0.1495175496,0.6731748621,0.5667366745,0.2224864057,0.2982797229,0.2984835707,0.4361779236,0.9131037179
237,1,1,1,1,1,0.4350973793,0.9042302557,0.4731650089,0.6922479323,0.4946582425,0.4311634131,0.09413880354,0.04918584273,0.4365652736,0.1492188541,0.6737818859,0.5669889938,0.2237558939,0.2985683458,0.2984220173,0.4379863559,0.9133529652
237.5,1,1,1,1,1,0.4384100185,0.9039263314,0.4734247876,0.6922767277,0.4947074601,0.4288949504,0.09456380082,0.0490431099,0.4384977087,0.1492660674,0.6705109721,0.5630923645,0.2242415601,0.2972729591,0.2977770408,0.438360664,0.913486698
238,1,1,1,1,1,0.4373491197,0.9040252353,0.4743674831,0.6912282845,0.4970350301,0.4296633458,0.09334479468,0.04819021302,0.4338674853,0.1490254915,0.6727394063,0.56189599,0.2215873152,0.2969779856,0.298830323,0.4407700451,0.9140835649
238.5,1,1,1,1,1,0.4380769535,0.904122324,0.4783494394,0.6914056532,0.495003174,0.4267267118,0.0931486791,0.04790296111,0.4340438729,0.149215155,0.6724496514,0.5625050347,0.2230285275,0.2979052615,0.3000817109,0.4415440768,0.9138934822
239,1,1,1,1,1,0.4384833673,0.9041081657,0.4791144114,0.6912544975,0.4946310744,0.4254669835,0.09365925778,0.04765249486,0.4343100306,0.149719349,0.6725863272,0.5614617425,0.2239173402,0.3000464,0.3006393648,0.439383262,0.9134446458
239.5,1,1,1,1,1,0.4367832505,0.9041967843,0.4781599839,0.6916369261,0.4948007586,0.4250677158,0.09364172395,0.0481273034,0.4353069415,0.1485581124,0.6717995549,0.5638159142,0.2247923628,0.3002952399,0.3004978505,0.442247399,0.9128024004
240,1,1,1,1,1,0.4362450168,0.9041119091,0.4773708401,0.6913188549,0.4944653222,0.4225418191,0.09419296405,0.04843100988,0.4362619165,0.1499112074,0.6735766229,0.5671873496,0.2241778242,0.2992986092,0.3012129643,0.4420203333,0.9121670794
240.5,1,1,1,1,1,0.4350823425,0.903884997,0.478017401,0.6936721174,0.4971985087,0.4256063933,0.09339551286,0.048481337,0.4354554045,0.1506573119,0.6747413009,0.5671953542,0.2239861641,0.297322504,0.2998012749,0.4415749361,0.9127434712
241,1,1,1,1,1,0.434990791,0.9041680853,0.4766519203,0.6945165905,0.4966222287,0.4282592715,0.09380686159,0.04854485102,0.43521221,0.1496966125,0.6736259621,0.5681817599,0.2230536204,0.2951310331,0.2991048806,0.4418345754,0.912345231
241.5,1,1,1,1,1,0.4345574354,0.903866285,0.4757423292,0.6943318547,0.4967736669,0.4257698183,0.09411099899,0.04888041934,0.437464486,0.1505367249,0.6739866681,0.5683799667,0.2252525045,0.2964950963,0.3000267287,0.4399606152,0.9127553471
242,1,1,1,1,1,0.4373843128,0.9038295865,0.4746699861,0.6940015167,0.4967851087,0.4238214028,0.09408347758,0.04884136816,0.4360568009,0.1518604872,0.6742008706,0.5689602434,0.2243172791,0.2975311586,0.3017395202,0.4379937864,0.9118497171
242.5,1,1,1,1,1,0.4386314601,0.9038572922,0.4758172338,0.6911606136,0.4980795666,0.4258882266,0.09430666067,0.04844627982,0.4342234402,0.1511132079,0.6755332026,0.5648897939,0.2258914355,0.2981931764,0.3000575043,0.4405714089,0.9113401229
243,1,1,1,1,1,0.4401323033,0.9034560315,0.4769493485,0.6936775741,0.5003964777,0.4280252762,0.09368595865,0.04800060707,0.434974707,0.149880964,0.6744830497,0.5639701003,0.2261679562,0.2985564557,0.2999280573,0.4398650702,0.9119014693
243.5,1,1,1,1,1,0.437936388,0.9040504641,0.4764075075,0.692447109,0.4997243742,0.4277511103,0.09287944002,0.04847203891,0.4307594574,0.1494806799,0.6741427085,0.5612917791,0.2262452337,0.3019231175,0.3012043336,0.4427901101,0.9125240408
244,1,1,1,1,1,0.4397197233,0.904076699,0.4772143355,0.6903274381,0.4992067637,0.4265252575,0.09276256796,0.04817945698,0.4301405047,0.1506426052,0.6720514109,0.5635195918,0.2252868281,0.3004280828,0.3014758499,0.4421175488,0.9120601057
244.5,1,1,1,1,1,0.4386945448,0.904616179,0.4742409536,0.6926023875,0.4988725828,0.4262322857,0.09246992149,0.04796625008,0.4313463353,0.15120647,0.6717984352,0.5610181201,0.2250725243,0.299393643,0.3011963488,0.441858707,0.9122929068
245,1,1,1,1,1,0.4358617659,0.9038334017,0.4724787364,0.69346414,0.4981097375,0.4266127548,0.09197655401,0.04743773286,0.4302872246,0.1498496569,0.672789285,0.5600261572,0.2242423158,0.2997214343,0.3013361167,0.4382721978,0.9131962439
245.5,1,1,1,1,1,0.433611782,0.9052987796,0.4726374481,0.6943978765,0.4998965679,0.429299084,0.09279926242,0.04754876088,0.4304734069,0.1489050865,0.6746535156,0.5607995484,0.2229181398,0.3013651897,0.300456859,0.4382138329,0.9132302653
246,1,1,1,1,1,0.4334770583,0.9049745479,0.4760437184,0.6935798558,0.4975661945,0.4268624263,0.09336046567,0.04769138143,0.4296855248,0.1497432164,0.673602847,0.5603085006,0.2228177674,0.3000707503,0.3006965512,0.4394074068,0.9131090126
246.5,1,1,1,1,1,0.4356052353,0.9052701824,0.4751876775,0.6938464277,0.4939948023,0.4249281809,0.09337038145,0.04779622443,0.4300318314,0.1498358587,0.6724136262,0.5614280325,0.2212108912,0.2986920271,0.3011158642,0.4386744784,0.9128596057
247,1,1,1,1,1,0.4361790002,0.9048675254,0.4750718563,0.69435727,0.4903957864,0.4240295526,0.09326487163,0.04785829122,0.4293206017,0.1484363249,0.6718622283,0.5620496897,0.2226757999,0.2976938483,0.30284686,0.4401583432,0.9128037413
247.5,1,1,1,1,1,0.4388428777,0.9048727398,0.4765599931,0.6962412055,0.4940022883,0.4230914564,0.09351959135,0.04777339507,0.427414649,0.1470756612,0.671834329,0.5631088562,0.2209987911,0.2984227731,0.3028141568,0.439547517,0.9116224037
248,1,1,1,1,1,0.4382911409,0.9043437711,0.4768933456,0.6992841484,0.4970360704,0.4242141734,0.09378400316,0.04825709238,0.4270404039,0.1476549985,0.668259121,0.5639319885,0.2210007858,0.296785987,0.3011405805,0.4403749704,0.9117293901
248.5,1,1,1,1,1,0.4380965113,0.9046024143,0.4738529506,0.6995305736,0.4968357851,0.4236599426,0.09504669137,0.04837210713,0.4297029851,0.1474922008,0.6696323649,0.5636304949,0.2205668182,0.2962593427,0.2989255894,0.4416417762,0.9118781093
249,1,1,1,1,1,0.4388120909,0.9037257931,0.4740757341,0.700457567,0.4999594711,0.4282766731,0.09484764804,0.04909472855,0.4323156375,0.147524516,0.6702222157,0.56493518,0.2213010791,0.2985395541,0.2982634851,0.4414794098,0.9125820449
249.5,1,1,1,1,1,0.4377090588,0.9037283788,0.4732607936,0.7007671089,0.4999334045,0.4279987962,0.09433611873,0.04942793757,0.4358625264,0.1484189777,0.6692012814,0.5636150325,0.221851667,0.300329146,0.2975383063,0.4403605315,0.9130015255
250,1,1,1,1,1,0.4379618675,0.9035925883,0.4717499132,0.699462639,0.499099871,0.4268807597,0.09383844832,0.04888459527,0.4378804695,0.148034002,0.6688472391,0.5645172053,0.2213163838,0.2991442454,0.2994107578,0.4428801214,0.9134306543
250.5,1,1,1,1,1,0.4362539719,0.9034927741,0.4723785945,0.7005596723,0.4977015598,0.42646036,0.09382853821,0.04894668359,0.4380600369,0.1491669743,0.6703923236,0.5652153279,0.2215682077,0.3001470987,0.2985849689,0.4436575895,0.9134005287
251,1,1,1,1,1,0.4375253002,0.9039793667,0.473183015,0.6996100718,0.5007818671,0.4270885307,0.09449516345,0.04828322112,0.4393785385,0.1494432187,0.670747071,0.5637513868,0.2217797598,0.3016531103,0.3002571839,0.4428138193,0.9131525957
251.5,1,1,1,1,1,0.4345009765,0.9041653557,0.4745091853,0.6986046865,0.4989526035,0.4293427549,0.09474646922,0.04809420247,0.4391059098,0.1516426668,0.6687693177,0.5665111267,0.2214178316,0.2991924658,0.3009778858,0.4461163061,0.9131352443
252,1,1,1,1,1,0.4369328312,0.9042801394,0.4731625752,0.696914334,0.4989255052,0.4293484034,0.09402782513,0.04823680011,0.439972705,0.1510612739,0.6679899578,0.5660609717,0.2227314533,0.2980657968,0.2987361938,0.4475734671,0.9127907206
252.5,1,1,1,1,1,0.4369538734,0.9038352883,0.476448635,0.6974244114,0.4995204835,0.4295390167,0.0949825572,0.04832305222,0.4400564661,0.150393757,0.6710153807,0.5668490424,0.2224431154,0.2975442654,0.2988618471,0.4466321986,0.9120613348
253,1,1,1,1,1,0.438639162,0.9039408364,0.4764920585,0.6967981162,0.497847086,0.4287921102,0.09470310944,0.04848308582,0.442482957,0.1505746229,0.6726923865,0.5642200387,0.2240111812,0.2964022402,0.3003597314,0.4479002734,0.9117115905
253.5,1,1,1,1,1,0.4406216688,0.9045071281,0.4770754971,0.6990056719,0.4988146188,0.4266515307,0.09404214669,0.04845263246,0.4439948399,0.1512641987,0.6732960979,0.5644592088,0.2237621122,0.296643151,0.2980853678,0.4466486699,0.9121083583
254,1,1,1,1,1,0.4382647564,0.9040973578,0.4761976729,0.6980160885,0.4983625779,0.4259160507,0.09399854488,0.04812825206,0.4431864889,0.1515370012,0.6751524279,0.5655652064,0.2238616226,0.2944945537,0.2965008058,0.4458498623,0.9125407506
254.5,1,1,1,1,1,0.4384277316,0.9045845445,0.4766949494,0.6968981262,0.4976543643,0.4283735637,0.0949079313,0.04807779548,0.439240746,0.1506771942,0.6770888326,0.5624958429,0.223005178,0.2965337749,0.2980423463,0.4461488822,0.9123678294
255,1,1,1,1,1,0.4377707308,0.9046706769,0.4745589552,0.6943952363,0.4999802152,0.4276447306,0.09381033153,0.04800056384,0.4448427019,0.1517878775,0.6774684885,0.5606591387,0.2225853425,0.2968076368,0.3002826022,0.4451857498,0.9121024666
255.5,1,1,1,1,1,0.4368051724,0.9051575299,0.4751210231,0.6934132967,0.4988111852,0.4266378324,0.09422673109,0.04835370123,0.4455363394,0.1526255677,0.6754449345,0.5593367386,0.2225200643,0.2975012004,0.2996720598,0.4470999455,0.9125332214
256,1,1,1,1,1,0.436251931,0.904191237,0.4772386527,0.6950177899,0.4985163046,0.4293662314,0.09471398878,0.04833878873,0.4400456249,0.1528005761,0.6728418444,0.5604353879,0.2210037351,0.3006938517,0.3009387104,0.4448070414,0.9119767757
256.5,1,1,1,1,1,0.4354190921,0.9041096492,0.47699961,0.6948668258,0.5032621265,0.4295078651,0.09480220164,0.0487629289,0.4413290604,0.1519852953,0.67247211,0.560919424,0.2226089371,0.2980633118,0.2983831131,0.4439260316,0.9120444968
257,1,1,1,1,1,0.4365029975,0.9046634383,0.474698333,0.6971030105,0.5026502446,0.4295327895,0.0950323055,0.04861984907,0.4389961395,0.1529368628,0.6708113969,0.5595290002,0.2226845342,0.2985056225,0.297499681,0.4467259941,0.9113827199
257.5,1,1,1,1,1,0.4385468118,0.9036780749,0.4736180851,0.6947610279,0.5007061939,0.4279075108,0.09502758001,0.04837721578,0.4396219416,0.1531134533,0.6738450171,0.5615821367,0.22193952,0.2994873119,0.2978147568,0.4449657798,0.9106766026
258,1,1,1,1,1,0.4399950449,0.9044028545,0.4760172456,0.6937705953,0.5000721474,0.4268590653,0.09527369507,0.04909957273,0.4413052547,0.1526269471,0.6748937169,0.5633432752,0.2224119094,0.3005936501,0.2995862407,0.4473096963,0.9106505751
258.5,1,1,1,1,1,0.4393909495,0.9036994779,0.4736857095,0.6969882361,0.5014060358,0.4259007089,0.09479257506,0.04878392793,0.4441190693,0.1513987233,0.6783001788,0.5624136731,0.2243733343,0.2992460826,0.2987621305,0.4496408069,0.9111490557
259,1,1,1,1,1,0.4363584235,0.903882744,0.4725488018,0.6958073408,0.5001974078,0.4283461123,0.09529362771,0.04876759235,0.4454476163,0.1512370637,0.6768101076,0.5634204437,0.2229820989,0.296637481,0.3014136919,0.4488762743,0.9111167095
259.5,1,1,1,1,1,0.4373686728,0.9045243986,0.4745700168,0.6972852942,0.4979668537,0.4279448576,0.09498537228,0.04895154849,0.4435487743,0.1508227865,0.6791952726,0.5633744477,0.2224936486,0.2963898941,0.3014953531,0.4491921593,0.9102520464
260,1,1,1,1,1,0.43720025,0.9041374909,0.4744022521,0.6985095825,0.4967411374,0.4261731464,0.09442532794,0.04905428781,0.4421696787,0.1517526801,0.6797199992,0.5638531583,0.2237672351,0.2969713984,0.302793741,0.4470583559,0.9113530664
260.5,1,1,1,1,1,0.4369893752,0.9045755705,0.4743612967,0.699517636,0.4960765859,0.4280430801,0.09436402407,0.04872547714,0.4425244014,0.1520979273,0.680852083,0.5634341948,0.2244216905,0.2962969602,0.3019769982,0.446809623,0.9118487369
261,1,1,1,1,1,0.4369268833,0.9044747117,0.4750426357,0.7004170069,0.4948089638,0.4302744202,0.09415766983,0.04865447894,0.439839218,0.1526974157,0.6836511972,0.562535057,0.2247421703,0.2988244034,0.3010077005,0.4454814125,0.9119150501
261.5,1,1,1,1,1,0.4364587375,0.905107343,0.4754602981,0.698526319,0.4947732589,0.4287410653,0.0938430608,0.04861262345,0.4390638596,0.1520755497,0.6832875002,0.5622378751,0.2225335516,0.2979110192,0.2991632411,0.4446790508,0.9111965685
262,1,1,1,1,1,0.4335266299,0.9035323156,0.4732660317,0.6966979445,0.4946537306,0.4275535145,0.09332255649,0.04838674581,0.4378449996,0.1517438481,0.6803296318,0.559820169,0.222728519,0.2985163685,0.2993752654,0.4456568361,0.9111543073
262.5,1,1,1,1,1,0.4340910048,0.9040907874,0.474243163,0.6964289457,0.4933582973,0.4281355555,0.09401027321,0.04858409603,0.4379581828,0.1510155359,0.6795528542,0.5561140647,0.222856651,0.2977743863,0.2983532228,0.4451756328,0.9098686344
263,1,1,1,1,1,0.4317478452,0.903844958,0.472335893,0.6981470003,0.4934505216,0.4312555299,0.09364831511,0.04801804504,0.4391935034,0.1512569329,0.6797872805,0.5556147533,0.2202966516,0.2986682495,0.2979520787,0.4425117242,0.9097037795
263.5,1,1,1,1,1,0.4317157839,0.9032339923,0.4707820549,0.6979406754,0.4956670749,0.4302210787,0.09359403334,0.04775351035,0.4398748068,0.1514855326,0.6777975267,0.5577001319,0.2193161232,0.2992156583,0.2961527237,0.4418191881,0.9094750767
264,1,1,1,1,1,0.433713682,0.9026256767,0.4702764242,0.6964372537,0.4941787715,0.4311022543,0.09413105183,0.04807733475,0.4423126901,0.1517915081,0.6765513219,0.5599128862,0.2190735793,0.2981107368,0.2977563452,0.4404381671,0.9097777539
264.5,1,1,1,1,1,0.4343032397,0.9029482271,0.4733869572,0.6963818237,0.4930902802,0.4321612062,0.09367782072,0.04826385751,0.4417623311,0.1517269512,0.6749021158,0.5617831704,0.2207262684,0.2970563688,0.2981733324,0.4371850552,0.9092319486
265,1,1,1,1,1,0.4390540652,0.9026725147,0.4751831484,0.6986347805,0.4936857053,0.4300856451,0.0934464968,0.04795335457,0.4424544663,0.1500034073,0.6767694507,0.561283619,0.2216551359,0.2995178743,0.298599911,0.438247244,0.9091990796
265.5,1,1,1,1,1,0.4408336171,0.9029411626,0.4752382832,0.698359768,0.4965127981,0.4299830816,0.09439105006,0.04831176576,0.4413740601,0.1499204805,0.6792794548,0.5631598431,0.2209030881,0.3001823605,0.2988416959,0.4398136414,0.9090333996
266,1,1,1,1,1,0.4402932826,0.9031576806,0.4753480544,0.698136971,0.4965024528,0.4294599603,0.09498426658,0.04835854607,0.4415025745,0.1504379265,0.6796583975,0.560752557,0.2203075716,0.2974484655,0.3000652787,0.4414497314,0.9095390414
266.5,1,1,1,1,1,0.4360815123,0.9031052837,0.4726717555,0.6982487167,0.4950715164,0.4279690991,0.09560715268,0.04808908356,0.441233128,0.1506048,0.677523424,0.5609277986,0.2191103675,0.2976958599,0.2995206366,0.4442890762,0.9099459929
267,1,1,1,1,1,0.4361531023,0.9024154535,0.4739236573,0.6966472857,0.4921329387,0.4269735189,0.09518099942,0.04835837926,0.4387925713,0.1508633763,0.678879353,0.5600154574,0.2211676439,0.2970814154,0.3013752648,0.4466620763,0.9106251938
267.5,1,1,1,1,1,0.4354378652,0.9028129698,0.470291414,0.6963564747,0.4920794678,0.4283091022,0.09411990419,0.04820384247,0.4393958618,0.1501340506,0.6783853898,0.5633112527,0.2227407363,0.2977512671,0.2997381936,0.4462300603,0.9117865443
268,1,1,1,1,1,0.4362887404,0.9035888355,0.4715494085,0.6943800385,0.4939495199,0.4281346942,0.09349655141,0.04835440374,0.4384358283,0.1488084124,0.6797827011,0.5625095807,0.2224697398,0.2987187636,0.2994993344,0.4464185751,0.9114908473
268.5,1,1,1,1,1,0.4348755219,0.9036480508,0.4746002953,0.6951590467,0.492095063,0.4286218767,0.09322651805,0.04833150203,0.4380522829,0.1494725862,0.6801901931,0.5593932553,0.2236451629,0.297961339,0.3003332623,0.4479362679,0.9122485874
269,1,1,1,1,1,0.4351982108,0.9038576242,0.4762141506,0.6945645795,0.4931342456,0.4278817627,0.09369099906,0.04842802276,0.4372874644,0.1497360846,0.6808989656,0.558788788,0.2236077568,0.2984626613,0.3023008157,0.4475619819,0.9115091485
269.5,1,1,1,1,1,0.4368195341,0.9039484859,0.4744522446,0.6968245987,0.4943659419,0.4272218187,0.09552954769,0.04856340601,0.4372391315,0.1488715199,0.6816265886,0.5585804113,0.225541272,0.3000156785,0.300924431,0.4454430553,0.9119997045
270,1,1,1,1,1,0.4392091369,0.9027316852,0.4760696733,0.6934623722,0.4941098276,0.4249920003,0.09565239048,0.04826978372,0.4370331559,0.1501529236,0.6814762988,0.5570454173,0.2238997779,0.3024219911,0.3006506078,0.4449724044,0.9124324118
270.5,1,1,1,1,1,0.4398720108,0.902284414,0.4760554682,0.6914503759,0.4954446501,0.4269391586,0.09435572266,0.04841756807,0.4373886184,0.1503888538,0.6855987537,0.5579235645,0.2220332557,0.303957873,0.3017983293,0.4415941557,0.9128356891
271,1,1,1,1,1,0.4396393794,0.9030892191,0.4717620839,0.6924723205,0.4978931179,0.4240440798,0.09379448537,0.04904281421,0.4388616322,0.1516558001,0.6864704995,0.5591963219,0.2217459296,0.3020458445,0.3022395002,0.440581324,0.9118421968
271.5,1,1,1,1,1,0.4389695091,0.9041112865,0.4750157115,0.6922987328,0.4974991057,0.4238982565,0.09431704689,0.04919062345,0.4378079143,0.1512936981,0.6843236601,0.5613268411,0.2203679099,0.3025687076,0.3006053386,0.4413150557,0.912160429
272,1,1,1,1,1,0.4403251901,0.9038331437,0.4735564513,0.6926506844,0.4993673052,0.4222109123,0.09358960269,0.04920333148,0.4394580561,0.1517476906,0.6856424258,0.5607498707,0.2217818141,0.3011287554,0.3013001543,0.4433126283,0.9113155289
272.5,1,1,1,1,1,0.4401747782,0.9031084895,0.472724551,0.6942934172,0.4989974785,0.4220760119,0.09364401002,0.04872091882,0.4402697179,0.1512497988,0.6879098155,0.5638373321,0.2211512103,0.3029092618,0.3001746166,0.4439805613,0.911113252
273,1,1,1,1,1,0.4374822169,0.9026150782,0.4758112729,0.6958660266,0.4987835812,0.4235874158,0.09349604646,0.04836708514,0.4402925363,0.1500296892,0.6890116621,0.5651395279,0.2189464258,0.3009403299,0.3000176297,0.4455957167,0.9111344113
273.5,1,1,1,1,1,0.4348314947,0.9030326003,0.4765284739,0.6967751295,0.4989078769,0.4248896212,0.09322129115,0.04813323433,0.4396281345,0.1507980581,0.6884403446,0.566135268,0.2214221253,0.2996462229,0.2993490563,0.4466398758,0.9115092668
274,1,1,1,1,1,0.4344294231,0.9032730542,0.4748951845,0.6968421252,0.4986234911,0.4262543037,0.09324331291,0.04778669501,0.440403073,0.1507673727,0.6850416207,0.565055402,0.221998099,0.2973758917,0.2986292026,0.4436221735,0.9128285389
274.5,1,1,1,1,1,0.436946068,0.9036219672,0.4770416486,0.6951252118,0.4982064301,0.4240816497,0.09263183618,0.04736867659,0.4418700279,0.151230491,0.6857972398,0.5650450482,0.2216153482,0.2954380302,0.2985431474,0.4414223089,0.9128473899
275,1,1,1,1,1,0.4359884331,0.9046111745,0.4772417514,0.6948850314,0.4955589746,0.4238652527,0.09245619521,0.04765792232,0.4415535669,0.1505261959,0.6871858457,0.5618790548,0.2206694453,0.2934349715,0.2970276497,0.4397561806,0.9130351106
275.5,1,1,1,1,1,0.4363556785,0.9046754578,0.4768881458,0.6953829815,0.4971107035,0.4274283415,0.09284364502,0.04748068367,0.4427386142,0.1488952008,0.687299269,0.5643566673,0.2210479219,0.2966558386,0.2978785714,0.4417459647,0.9121938039
276,1,1,1,1,1,0.4328105599,0.9034991861,0.4752101054,0.6958231678,0.4963339762,0.4310047767,0.09308754436,0.04747336251,0.4437983014,0.149137878,0.686387085,0.5635540638,0.2211892984,0.2974732881,0.3007243656,0.4414446166,0.9121663742
276.5,1,1,1,1,1,0.4363017025,0.9041069287,0.4762374021,0.6968730832,0.4946039871,0.4283298804,0.09226975669,0.04768426671,0.4425925631,0.147373325,0.685220523,0.5618217195,0.2210016152,0.2969480002,0.2994815868,0.4397955918,0.9111893881
277,1,1,1,1,1,0.4372249872,0.9038549652,0.4756914588,0.6961309466,0.4947736137,0.4275893739,0.09249057541,0.04739942639,0.4410175148,0.1476071653,0.6802799876,0.5601045633,0.2225259148,0.2971389778,0.3019439739,0.4416785279,0.9109257258
277.5,1,1,1,1,1,0.4343096984,0.9031721038,0.4776161922,0.6959436887,0.4921112646,0.4294251713,0.09167521062,0.0477925706,0.4436264587,0.1468365048,0.6825470177,0.5597593482,0.2231580452,0.2959638852,0.2984224079,0.4442576155,0.9114335534
278,1,1,1,1,1,0.4345062673,0.9033924508,0.4778732149,0.6973286967,0.4897093491,0.4292158154,0.09286570259,0.04779067045,0.4433028415,0.1477146313,0.6844112804,0.5612477016,0.2226251506,0.2968570129,0.2994793331,0.4454350847,0.910695443
278.5,1,1,1,1,1,0.4343340275,0.9034630873,0.478526006,0.6949591856,0.4929082537,0.4310299942,0.09365892636,0.04795856249,0.44238962,0.147386568,0.6825916251,0.5606069983,0.2226709819,0.2970824656,0.298696889,0.445347419,0.9107931491
279,1,1,1,1,1,0.435905916,0.9038975141,0.4774671424,0.6960474593,0.4924015548,0.431424036,0.09381295777,0.04833969104,0.4394397609,0.1491082628,0.6838678263,0.5622482182,0.2232145826,0.2980513926,0.3002798176,0.4455107041,0.9109203126
279.5,1,1,1,1,1,0.4357462351,0.9037839438,0.4763536535,0.6966453759,0.4937325875,0.4289023573,0.09379969733,0.04820602094,0.4381653028,0.1487839321,0.6828492884,0.5641262722,0.2224379327,0.2975858876,0.3002821752,0.4452090359,0.9113582759
280,1,1,1,1,1,0.4352759241,0.9042879025,0.4742126525,0.6961580035,0.497388461,0.4309316899,0.09438115618,0.04809442203,0.4387930088,0.1491039715,0.6832869704,0.5668813643,0.2243696488,0.2972605718,0.2995275776,0.4433571848,0.9103023769
280.5,1,1,1,1,1,0.4339985695,0.9051421168,0.4770829115,0.6963893107,0.494679046,0.4300872732,0.09545341343,0.0480195632,0.435204004,0.1489901695,0.6818141721,0.5655452487,0.2255045273,0.2970053616,0.3001702966,0.4417789253,0.9114322557
281,1,1,1,1,1,0.4346434712,0.9036053573,0.4762513325,0.6940125367,0.4965556083,0.4323152936,0.09567819947,0.04839015064,0.4357033454,0.1486015964,0.6819182072,0.5648270551,0.2247483525,0.2991515353,0.3005865614,0.4432609854,0.9112984788
281.5,1,1,1,1,1,0.4351498378,0.9038374191,0.4761321583,0.6966217399,0.4959540624,0.4313616874,0.09528278624,0.04829431487,0.4349166791,0.1500025729,0.6824836755,0.565409614,0.2229443542,0.3008974147,0.2988250005,0.4448061611,0.9117790092
282,1,1,1,1,1,0.4354763039,0.9036635315,0.4737337816,0.6962790889,0.4937834136,0.431177815,0.09489435699,0.04841416475,0.4327539465,0.150400709,0.681016173,0.5658854352,0.2236861375,0.3005270037,0.2974058646,0.4466367284,0.911631211
282.5,1,1,1,1,1,0.4360859289,0.9034738679,0.4744010248,0.6953328586,0.4944700846,0.432135765,0.09545706358,0.04832157613,0.4319254182,0.1502481478,0.6815297246,0.5648273613,0.2229517442,0.2991398406,0.2969228278,0.4468815957,0.9124589358
283,1,1,1,1,1,0.4345581084,0.9030172228,0.4744872763,0.6930499945,0.4955736111,0.4315564889,0.09440713424,0.04837746839,0.4320904121,0.1501956845,0.6806971112,0.5644038772,0.2234828332,0.2989844228,0.2964943458,0.4450839408,0.9127886225
283.5,1,1,1,1,1,0.4347044619,0.9038784452,0.474155311,0.6913346505,0.4968916273,0.4302942192,0.09540387088,0.04860779982,0.4333308945,0.1488286603,0.6794881968,0.5653551847,0.2212341249,0.297799161,0.2968692081,0.4449691495,0.9131210298
284,1,1,1,1,1,0.4342420862,0.9042615004,0.4747552147,0.6906650223,0.498432875,0.4294124264,0.09446429352,0.04894510161,0.4380317836,0.1493990809,0.6787829186,0.5642511758,0.2212675261,0.2963530908,0.2967312837,0.44477731,0.9121734469
284.5,1,1,1,1,1,0.4337981205,0.9048262066,0.474943983,0.6898694369,0.4980382971,0.4256926884,0.09580223764,0.04939481548,0.4356918574,0.1490694191,0.6792630708,0.5646075169,0.2223202879,0.2963478033,0.2981379683,0.4442089338,0.9127841516
285,1,1,1,1,1,0.4319774518,0.9057221513,0.4754109374,0.6930688703,0.4993873342,0.4287820718,0.09617188339,0.049515877,0.4345073117,0.1503977847,0.678534234,0.5625504776,0.2230384667,0.2960063406,0.2966014373,0.4425573957,0.9117576954
285.5,1,1,1,1,1,0.4346546722,0.9047896916,0.4763278409,0.6957628708,0.4977388972,0.4289991412,0.09713493875,0.04989295898,0.4349477016,0.1512335715,0.6800667744,0.5625040378,0.2219446721,0.2947772322,0.2977872339,0.4409589027,0.9113898084
286,1,1,1,1,1,0.434701122,0.9045282252,0.4753581662,0.6981940115,0.4961187777,0.4265772049,0.096945255,0.04959600579,0.4352656372,0.1520535601,0.6811686387,0.5622467149,0.2209691477,0.2955886404,0.2965566265,0.4395304564,0.9124403249
286.5,1,1,1,1,1,0.4371010013,0.9040752136,0.4745830837,0.6959975141,0.4971586845,0.4267020294,0.09654120892,0.04944240904,0.434665777,0.152996456,0.681119318,0.5625193632,0.219884972,0.2971407365,0.2965256896,0.4422055893,0.9121454963
287,1,1,1,1,1,0.4348080933,0.904578954,0.4741181372,0.6942805482,0.4977321064,0.4309745171,0.09519965742,0.04972926931,0.4352783731,0.1533495527,0.6823880528,0.5633981437,0.2212951895,0.2982283756,0.2992911015,0.4414950673,0.912069517
287.5,1,1,1,1,1,0.4360816598,0.903653573,0.4761818302,0.6959107244,0.4980311386,0.4288737677,0.09471541349,0.04923627527,0.4350718974,0.153053363,0.6820575145,0.5625617832,0.2209072106,0.2970221785,0.2983226523,0.4440436129,0.9112178412
288,1,1,1,1,1,0.4380442713,0.9041653854,0.4753207718,0.6957101292,0.4977068614,0.4317749134,0.09484384086,0.04872199404,0.4343249487,0.1531066335,0.6823156977,0.5618357098,0.2199241985,0.2959183358,0.2976575636,0.4436674932,0.9117436535
288.5,1,1,1,1,1,0.438154449,0.9035331684,0.4749439745,0.6972481764,0.4978925437,0.4327382281,0.09507315601,0.04899798197,0.4365917471,0.1516595311,0.6794658492,0.5610239554,0.2215620334,0.2954182142,0.2959197506,0.4439295806,0.9122589836
289,1,1,1,1,1,0.4371818432,0.9027392275,0.4750672394,0.6944683475,0.4966673886,0.4319148534,0.09520387103,0.04853896416,0.4366377775,0.1524343513,0.6792707973,0.5612048875,0.2201607655,0.2950189528,0.2959017732,0.4445718651,0.9120148217
289.5,1,1,1,1,1,0.4389276854,0.9021660437,0.4755661706,0.6963970111,0.4942609157,0.4308683882,0.09500722134,0.04813936076,0.4355096463,0.1513787743,0.6804839242,0.5602824724,0.2206211709,0.2953599576,0.2973329704,0.4431239029,0.9121210159
290,1,1,1,1,1,0.4361278608,0.9027669056,0.4771822352,0.6991398206,0.4963143894,0.430365157,0.09541250892,0.04806193809,0.4361348471,0.1499772322,0.6828197491,0.5629971596,0.2201023452,0.2989787665,0.2974796627,0.4417314712,0.911888579
290.5,1,1,1,1,1,0.4376544908,0.903076698,0.4770377808,0.6965403283,0.4937105195,0.4299380075,0.09450024349,0.04817063077,0.4361393166,0.1512446725,0.6823470411,0.5641739362,0.2223325931,0.3005593198,0.2988621703,0.4408397392,0.9116687482
291,1,1,1,1,1,0.437312928,0.903657267,0.4746112866,0.6962711033,0.4937899076,0.4296433917,0.09455833985,0.0485546107,0.4350128064,0.1504453918,0.6818778219,0.5642332114,0.2233419907,0.3003819545,0.298876824,0.4422454483,0.9108941085
291.5,1,1,1,1,1,0.4380524091,0.9042109527,0.4742262106,0.6960444396,0.4926574758,0.4289777139,0.09399705009,0.04802054653,0.4378464283,0.150001229,0.6831449068,0.5633057142,0.2231393218,0.2981789586,0.2997058029,0.4415622877,0.9108380733
292,1,1,1,1,1,0.4378405002,0.9040182714,0.4760672354,0.6971308916,0.4927965946,0.4271585072,0.09382208742,0.04758137968,0.437317366,0.150204954,0.6849882796,0.563050527,0.2237764783,0.298166242,0.2987475265,0.4444628834,0.9107641495
292.5,1,1,1,1,1,0.4362848868,0.9041191455,0.4753671146,0.6961835971,0.4939351782,0.4268532084,0.09399433914,0.0478008308,0.43499761,0.1503629985,0.6870273773,0.5631704051,0.2242516733,0.2953892825,0.297651906,0.4473336733,0.9105148754
293,1,1,1,1,1,0.4362550881,0.9042025572,0.4756350622,0.6971779672,0.4965210275,0.4227818285,0.09346674081,0.04774826914,0.4365965356,0.1506610968,0.6866873811,0.5626318232,0.2231686677,0.2987231318,0.2974610858,0.444895438,0.9109307905
293.5,1,1,1,1,1,0.4362494436,0.9041649199,0.4757806184,0.6979055189,0.5002127677,0.4246474588,0.09425832397,0.04777629318,0.4375075476,0.1491534854,0.6860749935,0.5635972918,0.2227672921,0.2975722005,0.2966607157,0.4449368011,0.9105802955
294,1,1,1,1,1,0.4379324994,0.9039215882,0.4742233364,0.6951865099,0.4980940029,0.4264925293,0.09371182648,0.04819084514,0.4390075833,0.1499239424,0.685197981,0.5642543502,0.2224833818,0.298703731,0.2998691865,0.4424578484,0.9106607329
294.5,1,1,1,1,1,0.4374797924,0.9031658133,0.4747284947,0.694821765,0.4973642592,0.4279459103,0.09323013717,0.04792880878,0.4383124286,0.1495665121,0.6850309472,0.5664839212,0.222294608,0.299819217,0.3010120384,0.4393885032,0.91044047
295,1,1,1,1,1,0.4374354095,0.9033262872,0.4746285897,0.6935102846,0.4950172963,0.4258390391,0.09230043277,0.04796899762,0.438188443,0.1503474509,0.6849140205,0.566723869,0.2231963304,0.299228389,0.3049562055,0.4430985013,0.9108310738
295.5,1,1,1,1,1,0.4349570925,0.9036205388,0.4744561661,0.6936040224,0.4951943879,0.4238742286,0.09313114316,0.04782050229,0.4358105964,0.1487239551,0.6844284757,0.5641841962,0.2224440349,0.2998757128,0.3025573872,0.4420433025,0.9114055633
296,1,1,1,1,1,0.4349297342,0.9032527137,0.4748840825,0.6920875919,0.4929555103,0.4259128553,0.09261301639,0.04787493062,0.4331648747,0.148991416,0.686814899,0.5636313399,0.223289693,0.2981490782,0.3007116036,0.439543152,0.9104688232
296.5,1,1,1,1,1,0.4348167008,0.9038827268,0.476248526,0.6925842548,0.4934754529,0.4250072803,0.09273620726,0.04754971653,0.4342663315,0.148722287,0.6840481591,0.5645299642,0.2249379083,0.2988441113,0.3009037737,0.4373732551,0.9117059445
297,1,1,1,1,1,0.4355837614,0.9041024116,0.4789877134,0.6917029136,0.4954077959,0.4268946149,0.09320187104,0.04781950241,0.4335591866,0.1476960792,0.6838348259,0.5654130029,0.2255831629,0.297813179,0.3010665059,0.4390594746,0.9109880878
297.5,1,1,1,1,1,0.4363764932,0.9032909475,0.4757338277,0.6916656898,0.499729099,0.4280258635,0.09294528186,0.04777206238,0.4310358398,0.1484288596,0.6857371668,0.5659583447,0.2254851129,0.2977981722,0.3028561318,0.4366750624,0.9121881164
298,1,1,1,1,1,0.4384455405,0.9045886212,0.4743237205,0.6917839944,0.4987281163,0.4290217297,0.09258790947,0.04813468469,0.4301929466,0.1488789649,0.6862666049,0.565110623,0.224920295,0.2991289908,0.3001875063,0.4355762664,0.9125804593
298.5,1,1,1,1,1,0.4410887301,0.9048253751,0.4735779695,0.6917944598,0.498114838,0.430506938,0.09313508828,0.04832214859,0.434292001,0.1471028054,0.6875889548,0.5638084785,0.2252635461,0.2996475141,0.2975939092,0.4375977989,0.9140239625
299,1,1,1,1,1,0.4403768466,0.9041474043,0.47607258,0.6905661789,0.5012421456,0.4289711219,0.09272232215,0.04802884575,0.4350156659,0.1472091249,0.6883780997,0.5657623862,0.2249090838,0.2972723866,0.2994019582,0.4384448531,0.9133915324
299.5,1,1,1,1,1,0.4391062708,0.9043566471,0.4755664069,0.6917117907,0.5002381084,0.4309580355,0.09267231518,0.04785234576,0.4339071161,0.1472994051,0.6888995563,0.5641766173,0.2259342471,0.2985193872,0.2991454196,0.4382819687,0.9141112636
300,1,1,1,1,1,0.4385046745,0.9035732857,0.4769653735,0.6939458918,0.4972219118,0.4295205171,0.09345133734,0.04783416895,0.4334973984,0.1465647329,0.6883858484,0.5631223675,0.2267298134,0.3014894837,0.2981099608,0.4397152711,0.9138405457
300.5,1,1,1,1,1,0.4390170197,0.9041020063,0.4747321399,0.693568177,0.4974535978,0.4320223371,0.09359665457,0.04750776934,0.431225248,0.1461525737,0.6861321304,0.5645172338,0.2266497196,0.300034816,0.2996913801,0.4390942912,0.9141643232
301,1,1,1,1,1,0.4362126659,0.904966118,0.4760226747,0.6927489117,0.4982334734,0.4314456543,0.09543167433,0.04781762318,0.4341282662,0.1465035333,0.6862582839,0.5632593046,0.2265863799,0.3012281735,0.3008043237,0.4384916817,0.9138572556
301.5,1,1,1,1,1,0.4360515878,0.9053475234,0.4752843186,0.6955138644,0.4994428922,0.428745756,0.09489570318,0.04850813435,0.4343322998,0.147303241,0.6853417869,0.5633858107,0.2257923927,0.3001897416,0.3023471091,0.4383966678,0.9137272977
302,1,1,1,1,1,0.4359244581,0.9050565149,0.474928057,0.6946276869,0.4976232609,0.4318578488,0.09445908563,0.04875980606,0.435780694,0.1482932789,0.6864487989,0.5638237064,0.2238461821,0.299443638,0.301459172,0.4398539857,0.9126140644
302.5,1,1,1,1,1,0.4342339115,0.9045015129,0.4726694778,0.6928232583,0.4974085744,0.4292632036,0.09423350241,0.04881675935,0.4374238125,0.1480982301,0.6862004657,0.5636630809,0.223241235,0.2986913702,0.3006278602,0.4394879823,0.911364019
303,1,1,1,1,1,0.433760892,0.9049751312,0.4725435613,0.6931184441,0.4966647873,0.4298569836,0.09462616735,0.04882206522,0.4369557647,0.1485088742,0.6875592491,0.563835029,0.2235388018,0.2979999621,0.3023211675,0.4374931894,0.9113329234
303.5,1,1,1,1,1,0.4344533223,0.9044584569,0.4728220572,0.6927365627,0.4967891868,0.428263474,0.09488853627,0.0490461925,0.4380402389,0.1489780135,0.6897977336,0.5646622989,0.2230514926,0.297087038,0.3043624229,0.4375701744,0.9109715003
304,1,1,1,1,1,0.4376555336,0.9040097324,0.4740079656,0.6943139944,0.4935056128,0.4275348776,0.09414092092,0.04949081906,0.4378596189,0.1477135237,0.6897263769,0.5661338823,0.2225440641,0.2987612469,0.3029001994,0.4365426079,0.9121124324
304.5,1,1,1,1,1,0.4350134562,0.903991338,0.4739011425,0.6940899319,0.4941658693,0.4285734164,0.09428865125,0.04934820286,0.44049415,0.1496543373,0.6888578767,0.5668207274,0.2225179055,0.2983528705,0.3027003537,0.4377031271,0.9119838087
305,1,1,1,1,1,0.4338868255,0.9040963832,0.4753005481,0.6960725487,0.4952265056,0.4272887045,0.09373544652,0.04964689268,0.443288819,0.1482320139,0.6893272751,0.566230477,0.2245959462,0.2974723145,0.3030714167,0.4369362016,0.9117031485
305.5,1,1,1,1,1,0.4338168316,0.9041056192,0.4737806532,0.6973204724,0.4979986903,0.4306251839,0.09258961603,0.04918516885,0.4383128614,0.1485838333,0.6888776769,0.5653197007,0.2243727522,0.2961566001,0.3016687852,0.437064095,0.9122576926
306,1,1,1,1,1,0.4325246341,0.9030731492,0.4785676659,0.69834735,0.4954313561,0.4305377163,0.09274338742,0.04828684051,0.436438427,0.1477716617,0.6880656909,0.5644539456,0.2221098726,0.296201195,0.3000816344,0.436304986,0.91265598
306.5,1,1,1,1,1,0.4350076122,0.903026191,0.4767719481,0.7012312508,0.4971559266,0.431161544,0.09382225302,0.04860967247,0.4354507368,0.1487031847,0.6892014031,0.5644062875,0.2219993914,0.2970413562,0.2994411424,0.4392428569,0.9123023756
307,1,1,1,1,1,0.4348584631,0.9033055395,0.4776805675,0.7013473798,0.4980872521,0.4312026007,0.09376714175,0.04836383973,0.4298500537,0.149931746,0.6907165445,0.5643646879,0.2216256762,0.2954086945,0.3001762377,0.4375138105,0.9123278879
307.5,1,1,1,1,1,0.4326567445,0.9033449049,0.4762770613,0.6980722879,0.4989713907,0.4310115208,0.09469534131,0.04798542543,0.4307281428,0.151827262,0.6899022268,0.5637155276,0.2218961062,0.2969736905,0.2970755354,0.4372695014,0.912198781
308,1,1,1,1,1,0.4340160281,0.9044095052,0.4761830941,0.6989645505,0.4993316689,0.4321394832,0.09562078142,0.04824628832,0.4285677785,0.1520123362,0.6910010689,0.5630333163,0.2228818953,0.2966891162,0.2991137355,0.4364466624,0.9126544984
308.5,1,1,1,1,1,0.4350815453,0.9046526021,0.4742990545,0.6977848206,0.4995845882,0.4314491958,0.09536996432,0.04851840173,0.4306925534,0.150540745,0.6911586317,0.5627294551,0.2235806233,0.2949286603,0.2991805783,0.4378792426,0.9115346158
309,1,1,1,1,1,0.4340868846,0.9042028078,0.4730426266,0.6969599621,0.5002494394,0.4295500809,0.09448380037,0.04860292669,0.4300105907,0.1512008887,0.6925538687,0.5614370642,0.2233905793,0.294600267,0.2990126779,0.4355716083,0.9116822193
309.5,1,1,1,1,1,0.4361777471,0.9041624459,0.4732579788,0.6956021843,0.4983896458,0.4307255961,0.09467060709,0.04828212574,0.4328042668,0.1513070229,0.6928062386,0.5616051126,0.224021811,0.2971489642,0.2994195763,0.4351008883,0.9109517748
310,1,1,1,1,1,0.4371321258,0.903809112,0.4729954012,0.6933531832,0.4986173395,0.4304176653,0.09455129554,0.04851497532,0.4309691527,0.150813963,0.6909705459,0.5631706734,0.2246842298,0.3004805311,0.2984679649,0.4323331191,0.9115981921
310.5,1,1,1,1,1,0.4378595184,0.9034200549,0.4724500447,0.6931473026,0.4980162741,0.428646987,0.09509536561,0.04838906673,0.4307039448,0.1503230807,0.6913943396,0.5608315278,0.2242437073,0.2985287565,0.2997597773,0.4341227382,0.9113771748
311,1,1,1,1,1,0.4377703345,0.90326146,0.4746824159,0.6944466147,0.4974106704,0.4289432368,0.09395894368,0.04874279828,0.433122931,0.1499614732,0.6911770356,0.5613241556,0.2237923575,0.3003257721,0.2999298059,0.4362913681,0.9117212832
311.5,1,1,1,1,1,0.4363983226,0.903227906,0.4750027337,0.6953213133,0.4973111286,0.4297802348,0.09379930397,0.048839033,0.4308112553,0.1505285195,0.690099363,0.5624095137,0.2230046807,0.3001729211,0.2989115221,0.4349913851,0.911061377
312,1,1,1,1,1,0.4370508133,0.9037434185,0.4749109626,0.6925628951,0.4962032592,0.4312323078,0.09378572699,0.04863851065,0.4297068726,0.1515594933,0.6918159501,0.5660555732,0.2222840812,0.2998353461,0.2998008282,0.4377102586,0.9116273438
312.5,1,1,1,1,1,0.4372723246,0.9034849667,0.4724720483,0.69350617,0.4985438534,0.4308338106,0.09353357233,0.04850547111,0.4298562045,0.1496577601,0.6908863901,0.5666575385,0.2233947464,0.2997903055,0.2999134831,0.4365656224,0.9109820251
313,1,1,1,1,1,0.4366748481,0.903382326,0.4748654537,0.6935952146,0.498630523,0.4296500298,0.09438283413,0.04838632881,0.4306853949,0.1489027117,0.6882320035,0.5673297786,0.2236872903,0.2994944725,0.3011643628,0.4357079172,0.9105824764
313.5,1,1,1,1,1,0.434255745,0.9031260883,0.4769685125,0.6945130548,0.4966006851,0.429225858,0.09375183616,0.04856185115,0.4317441553,0.1502520735,0.6877966969,0.5656812374,0.2246049936,0.3005471494,0.2998982388,0.4365375995,0.9109680044
314,1,1,1,1,1,0.4373779586,0.9029808448,0.4765763991,0.6968685934,0.4962740493,0.4308473541,0.0933036402,0.04868197868,0.4299944018,0.1496845698,0.6887462871,0.5664424708,0.2260416514,0.2989475845,0.3001101357,0.4388074834,0.9106197987
314.5,1,1,1,1,1,0.4379871311,0.9035247319,0.4731069705,0.6969551614,0.4963957191,0.4282378324,0.0933721791,0.04843554767,0.4319636347,0.1491699664,0.6883298878,0.5656882977,0.2257449511,0.2991621799,0.2997182095,0.4373998183,0.9104401961
315,1,1,1,1,1,0.4369995881,0.903653797,0.4713833534,0.6942483594,0.4963923304,0.43041074,0.09388654806,0.04820470791,0.432701269,0.1511961035,0.6867626967,0.564545025,0.2254447786,0.2988165213,0.2991325267,0.4355779178,0.9101640416
315.5,1,1,1,1,1,0.4367232448,0.9039569126,0.4741450791,0.6951195805,0.4967695422,0.429089668,0.09404917024,0.04851868927,0.4330152014,0.1506359191,0.6858516382,0.5632338,0.2258547279,0.3002385525,0.2971597982,0.4363949193,0.9108054211
316,1,1,1,1,1,0.4391130795,0.9048253012,0.4763058051,0.6942313385,0.4965553667,0.4275663648,0.09453590812,0.04834508831,0.4323737258,0.1489789685,0.6850949596,0.564034841,0.2270223788,0.2992775128,0.2995242483,0.4388217801,0.9121705653
316.5,1,1,1,1,1,0.4362717599,0.9044125367,0.4750002931,0.6963927738,0.4998036019,0.4290002949,0.09468585508,0.0486157286,0.4316602836,0.1483564338,0.6838497346,0.5639946401,0.2260625111,0.299918875,0.2985437866,0.4390210212,0.9136993181
317,1,1,1,1,1,0.4349661875,0.9050940919,0.4761755972,0.696463922,0.4990952893,0.4292576855,0.09436406125,0.04827736752,0.4333101336,0.1476263848,0.6812783198,0.5641581744,0.2257320755,0.2984613697,0.2983522199,0.4368013346,0.9135669398
317.5,1,1,1,1,1,0.4347618334,0.9051399381,0.4747457522,0.6972359856,0.4978781301,0.4303096987,0.09440054117,0.04812468477,0.4327941344,0.1465419293,0.6808593166,0.5653258757,0.2235495309,0.2989701375,0.2988740238,0.439536631,0.9129343613
318,1,1,1,1,1,0.4386021647,0.9049803704,0.4773704773,0.6958911199,0.4986656096,0.4297395046,0.09489183652,0.04830549063,0.4347857267,0.1459960858,0.67998679,0.5645315866,0.2218631659,0.2966085977,0.298505713,0.4358252779,0.9128727405
318.5,1,1,1,1,1,0.4388539285,0.9052874913,0.4776705733,0.6970156785,0.49843233,0.431229364,0.09527491762,0.04864091998,0.4378527925,0.1464244443,0.6800970364,0.5646862898,0.2218170906,0.2948564992,0.2958909211,0.4324842485,0.91355231
319,1,1,1,1,1,0.4381365097,0.9049626491,0.4758036653,0.6976440403,0.4991744545,0.4277373451,0.09618957588,0.0488928978,0.4382233294,0.1469196508,0.6810098033,0.5663541532,0.2231834467,0.295726868,0.2945189698,0.4326161414,0.9130267663
319.5,1,1,1,1,1,0.4376369796,0.9041809087,0.4760237361,0.6958524702,0.4966107353,0.4302308584,0.09503585224,0.04928414542,0.436857685,0.1482055254,0.679905602,0.5672440093,0.2244238552,0.2964433417,0.2962867596,0.4299951137,0.9129282767
320,1,1,1,1,1,0.4375235468,0.9034601598,0.4755534146,0.6951370991,0.4964598999,0.4303746636,0.09599955849,0.04927322522,0.4370942672,0.1491202237,0.6783318325,0.5621401883,0.2241530743,0.2969880915,0.29730867,0.4283908192,0.9142277669
320.5,1,1,1,1,1,0.4363411464,0.9034608675,0.4752272535,0.6940044822,0.4960559109,0.4287758574,0.09536052199,0.04940446452,0.437727257,0.1514087572,0.6774094329,0.5611273847,0.2268603813,0.2977108184,0.2964173043,0.430172481,0.9134163968
321,1,1,1,1,1,0.439693735,0.9030609369,0.4740178082,0.6914851433,0.4948560077,0.4286309972,0.0946681095,0.04911836583,0.4385657957,0.1516435311,0.6769299078,0.5598396976,0.2271764677,0.2984765766,0.29941821,0.4303772113,0.9137668498
321.5,1,1,1,1,1,0.4380242181,0.9033153169,0.4712276748,0.692141567,0.4961004783,0.4306432594,0.09428559166,0.04892084525,0.4331404753,0.1527447416,0.6754464742,0.558409068,0.2253019589,0.2988621425,0.2986599896,0.4293868796,0.9130788117
322,1,1,1,1,1,0.4383125788,0.9037062088,0.4717977811,0.6924926472,0.4942043691,0.4317934119,0.09314935113,0.04932172585,0.4328407265,0.1525645992,0.6769131963,0.5584709243,0.225395974,0.2963323814,0.2976693724,0.4298291379,0.9135304254
322.5,1,1,1,1,1,0.4362454776,0.903079334,0.4718947535,0.6925836652,0.4916214638,0.4319125286,0.09353346029,0.04861641133,0.433351752,0.1514997998,0.6782437742,0.5606092976,0.22561521,0.2974207227,0.3004702181,0.4301000516,0.9133167363
323,1,1,1,1,1,0.4368149832,0.9022917769,0.4717490631,0.6942018862,0.493305318,0.4307810367,0.09433668136,0.0486060382,0.4341564922,0.1513775534,0.6805197488,0.5594488765,0.2244867898,0.297701967,0.2991469006,0.4319019744,0.91355036
323.5,1,1,1,1,1,0.4375913749,0.9025070312,0.4725681118,0.6952205318,0.4996667694,0.4291959126,0.09472036441,0.04855490576,0.4348040552,0.1515202103,0.6796935328,0.5599189618,0.2222556812,0.2980895909,0.3008257478,0.4317634145,0.9138605094
324,1,1,1,1,1,0.4384347245,0.902488434,0.4723488705,0.6929684029,0.499968944,0.4298796785,0.09470844872,0.04840840141,0.4339740688,0.1506629554,0.6812677653,0.563082166,0.2238816209,0.2962223419,0.3020858312,0.4311224527,0.9130833414
324.5,1,1,1,1,1,0.4367832915,0.9028847233,0.4741474253,0.6931795147,0.4959206671,0.4288487894,0.09475669168,0.04864731529,0.4347443867,0.1519295235,0.6821162042,0.5611907727,0.2228446193,0.297491778,0.3023127667,0.4325902715,0.9128650276
325,1,1,1,1,1,0.4378513723,0.9026744578,0.4774907823,0.6931182032,0.4971563164,0.4276596482,0.09485561116,0.04854797423,0.4332254381,0.1516132487,0.682336995,0.5605631755,0.2210850641,0.2956453467,0.3005973552,0.4332256807,0.9125724633
325.5,1,1,1,1,1,0.43747515,0.9041096917,0.4753766676,0.6946099615,0.4958854229,0.4289107739,0.09492287131,0.04824093103,0.4326556108,0.1522076303,0.6819182497,0.5586438501,0.2207109955,0.2965068219,0.3002703051,0.430845524,0.9123712082
326,1,1,1,1,1,0.4378619203,0.9047198236,0.4739943153,0.694533451,0.4966442915,0.4317015812,0.09544884163,0.04792037817,0.4305089607,0.1502498253,0.6837727704,0.5597799767,0.2224393093,0.2960569224,0.3010577899,0.434876374,0.9131363231
326.5,1,1,1,1,1,0.436660622,0.9042825434,0.4713864295,0.6948191604,0.4970943392,0.4340831017,0.09475962728,0.04824605659,0.4304387608,0.1495291005,0.6837584106,0.5594908475,0.2220975324,0.2964933076,0.3009885752,0.4345427838,0.9137921583
327,1,1,1,1,1,0.435942565,0.9046174207,0.4751590974,0.6950982443,0.4986004489,0.4333526654,0.09478903339,0.04885386415,0.4305013208,0.1492965243,0.6809403912,0.5620416357,0.2220507525,0.2959982258,0.2998109048,0.4316382522,0.91339001
327.5,1,1,1,1,1,0.4385720777,0.9045228603,0.4751662583,0.6950318332,0.4985812615,0.4285456689,0.0945269996,0.04895447776,0.431339038,0.148507464,0.6813360027,0.561130899,0.221725513,0.2955464987,0.3000708127,0.4297787779,0.9130186892
328,1,1,1,1,1,0.4375056729,0.9038914494,0.4764063624,0.6962089848,0.499411272,0.4293990059,0.09403396532,0.0487360642,0.4316643897,0.1492748956,0.6816794796,0.5617650729,0.2225937341,0.2954822408,0.2999795379,0.4307249657,0.9127721746
328.5,1,1,1,1,1,0.4368811243,0.9039352885,0.4762958481,0.6965952492,0.497315425,0.4323216141,0.09333703652,0.04806152799,0.4311206452,0.1489766742,0.6804267998,0.5596290857,0.2225050619,0.2974099066,0.297710387,0.4318112922,0.9126401278
329,1,1,1,1,1,0.4376222473,0.9048427315,0.4721792582,0.6961759256,0.4968166058,0.4336236595,0.09384557939,0.04800539867,0.4322267544,0.1498356382,0.6785135465,0.559380592,0.2209960561,0.2982125413,0.2973649588,0.4295369051,0.9132859369
329.5,1,1,1,1,1,0.4364861919,0.9043934738,0.474972901,0.6980626533,0.4982909121,0.4318601348,0.09441655776,0.04795225231,0.4317304539,0.1493324974,0.6770104992,0.5587805301,0.2210453756,0.2978164772,0.2983971052,0.43060371,0.9122610452
330,1,1,1,1,1,0.4349610491,0.9038710731,0.4739172523,0.6993118446,0.4965455349,0.4310493179,0.09517274274,0.04791037856,0.433388738,0.1497842747,0.6768772809,0.5599500127,0.2222242459,0.2963629257,0.2969636471,0.431534205,0.912039803
330.5,1,1,1,1,1,0.4349091904,0.9036369273,0.4756658973,0.6995629098,0.4956501023,0.4317842909,0.09515563536,0.04808705446,0.4355517064,0.1498752889,0.676480539,0.5591662837,0.2211393399,0.2957198966,0.2991499863,0.430542264,0.9127175514
331,1,1,1,1,1,0.4359061819,0.9030719433,0.4765243371,0.7011732748,0.4955487248,0.4294489075,0.09529894457,0.04816643306,0.4371942003,0.1494096198,0.6744986304,0.5603693664,0.2219035644,0.2975989619,0.2974545133,0.4337868193,0.9136796073
331.5,1,1,1,1,1,0.4358711322,0.9039882641,0.4767247074,0.7007493451,0.4972340142,0.427266567,0.09414849982,0.04826348156,0.4349987134,0.1503145032,0.6760160426,0.5622644073,0.2226160141,0.2993000991,0.2962080444,0.4313891653,0.9134066496
332,1,1,1,1,1,0.4371422887,0.9046333247,0.4758093064,0.699120436,0.4966697051,0.4276189233,0.09400485112,0.04830731264,0.4319892168,0.150699905,0.6781813872,0.5652639987,0.2240197167,0.2981486321,0.2969586783,0.4333295559,0.9130654076
332.5,1,1,1,1,1,0.4356473077,0.9036994842,0.4756048261,0.7003350255,0.4979858892,0.4302444155,0.09397206708,0.0486133345,0.4311051765,0.1515283607,0.674391823,0.563854119,0.2238363631,0.2989585869,0.2952428331,0.4360541779,0.9133112144
333,1,1,1,1,1,0.4347675315,0.9037176337,0.475520574,0.6990636226,0.4943479927,0.4310054612,0.09424000116,0.04838921434,0.4320434233,0.1517075499,0.6767333138,0.5673470488,0.2247964809,0.2996849515,0.295512468,0.4363773037,0.9137316645
333.5,1,1,1,1,1,0.4366566593,0.9040263528,0.4744522243,0.6994723598,0.4907036685,0.4329330312,0.09510375192,0.04826868073,0.4318811411,0.1534804235,0.6761940582,0.565128194,0.2243105847,0.2985319395,0.2980990594,0.4405344307,0.9130970204
334,1,1,1,1,1,0.4380177362,0.9039515123,0.4751849797,0.6985056499,0.4901862946,0.4338252571,0.09585182375,0.04906532978,0.4329498866,0.1539333323,0.6763934424,0.5651625661,0.2227946767,0.2998500363,0.2987726819,0.4403623841,0.913259488
334.5,1,1,1,1,1,0.4383871931,0.9047648067,0.4759176199,0.6984097354,0.4951594477,0.4335884686,0.09576306245,0.04893361057,0.4322045038,0.1530919608,0.6753169088,0.5673087097,0.222076252,0.2995757505,0.2983298758,0.4411452711,0.9135828377
335,1,1,1,1,1,0.4363534093,0.904465175,0.4734808507,0.697125577,0.4967956629,0.4336046765,0.09537906783,0.04882209793,0.4327690652,0.153556698,0.6750186106,0.5704879537,0.2234937884,0.2993153225,0.3002276011,0.4420611987,0.9134503305
335.5,1,1,1,1,1,0.4356283089,0.9040843105,0.4728916483,0.698290821,0.4953624273,0.4319690746,0.09490351417,0.04905803314,0.4291441829,0.1522228402,0.6744399576,0.5692722706,0.2250855615,0.2995707005,0.3007275771,0.4413106893,0.9133434139
336,1,1,1,1,1,0.4338750551,0.9030925764,0.4736442495,0.6980869954,0.495541327,0.432548612,0.09469979647,0.04920342306,0.4302854604,0.151749244,0.6761410399,0.5672649093,0.2240159306,0.2986349692,0.3005020234,0.4426624664,0.9133519526
336.5,1,1,1,1,1,0.4338605616,0.9031045076,0.4731840802,0.6970953398,0.495954489,0.4325989617,0.09438029131,0.04880390383,0.4302079713,0.1509453787,0.675615594,0.5645181917,0.2236612624,0.2998552791,0.3027757678,0.4443322305,0.9134025664
337,1,1,1,1,1,0.4356660456,0.9026530847,0.4763901081,0.6976605836,0.4974784914,0.4349297698,0.0949482553,0.04868664547,0.4297710313,0.1514744393,0.676508834,0.5635731797,0.2243401316,0.2966118565,0.3030268519,0.4416334555,0.9132233724
337.5,1,1,1,1,1,0.4382757813,0.9029594023,0.4766661928,0.6973306519,0.4968491496,0.4328986009,0.09509082366,0.04863701174,0.4321824764,0.1526211835,0.673651706,0.5660312931,0.2250622141,0.2978923005,0.3019151407,0.4405074603,0.9136090224
338,1,1,1,1,1,0.4361379345,0.9040383887,0.4784542384,0.6972957527,0.4955679389,0.4338468656,0.09565179238,0.04840123715,0.4328536941,0.1517987188,0.6744881261,0.5641495965,0.2262959952,0.2991002734,0.3009675127,0.4410767622,0.9135998314
338.5,1,1,1,1,1,0.4363626116,0.9046431254,0.4784658188,0.6983740056,0.4946364907,0.4310022355,0.09497834959,0.04891821454,0.4355955046,0.1514737715,0.6768366105,0.5637804833,0.228451664,0.2987836697,0.3014272854,0.4400288653,0.9133430198
339,1,1,1,1,1,0.4360839944,0.9038456438,0.4797371646,0.6979389861,0.4953689746,0.4312996972,0.09513256746,0.04877712954,0.4348405466,0.1520418049,0.676306594,0.5654689665,0.2267690272,0.299065404,0.3003415678,0.4409985769,0.912537831
339.5,1,1,1,1,1,0.4336097254,0.9038313004,0.4767294546,0.6978140096,0.4948784373,0.4327028344,0.0945815408,0.04860598283,0.4341511731,0.1522306666,0.6757856669,0.5656315564,0.2273739832,0.2984078757,0.2979383681,0.4398109922,0.9121172289
340,1,1,1,1,1,0.4344865562,0.9047250662,0.4749941563,0.6961986362,0.4964043437,0.4305661909,0.09525812236,0.04885058102,0.4327795002,0.1517526007,0.6762670093,0.5652022436,0.2254426532,0.2990506786,0.2969714653,0.4398435178,0.9120072792
340.5,1,1,1,1,1,0.4364718327,0.9048372063,0.4729742372,0.6938162979,0.4954411046,0.4321130671,0.0947765658,0.04864322666,0.4315338026,0.1526343322,0.6754522571,0.565723293,0.2245154238,0.2997833695,0.3003620822,0.440946996,0.9123025872
341,1,1,1,1,1,0.4363053516,0.9053836232,0.4731795311,0.6931998785,0.4956785074,0.4313089452,0.09521476475,0.04895045093,0.4309411897,0.1541432876,0.676808357,0.5669537868,0.2270259608,0.300193779,0.2994121668,0.442257191,0.9116016419
341.5,1,1,1,1,1,0.4375824694,0.9040437843,0.4740668694,0.6928918054,0.4967207636,0.4317086973,0.09631720101,0.0487877401,0.4330929563,0.1523775181,0.6757672175,0.5673824054,0.2275654435,0.3000632054,0.2996965633,0.4424160392,0.910635066
342,1,1,1,1,1,0.4372088011,0.9045898796,0.4748642789,0.6920357806,0.4943150712,0.4311017868,0.09614294301,0.04869571587,0.4320351504,0.1528557178,0.6776957919,0.5696153635,0.2277056414,0.2994122241,0.3010099304,0.4407452344,0.9102721243
342.5,1,1,1,1,1,0.4370269927,0.9049416167,0.473048502,0.6916073794,0.4951784968,0.429628421,0.09571169186,0.04890150364,0.4325311288,0.1533544758,0.6784307906,0.5683827589,0.2265980471,0.2990682996,0.3008737643,0.4407161524,0.9097817906
343,1,1,1,1,1,0.439089608,0.9046537893,0.4750225057,0.6909887329,0.4965012404,0.4297160607,0.09567359725,0.04848274768,0.4329859552,0.1520036746,0.6775156365,0.5666688466,0.2252915185,0.2989054313,0.3006919356,0.4385313601,0.9103573859
343.5,1,1,1,1,1,0.4364738383,0.9043776041,0.4776932772,0.6936235936,0.496225388,0.4323470519,0.0961267044,0.04903558785,0.4353055415,0.1518392942,0.678346996,0.5654727583,0.2262390534,0.29966346,0.3026809557,0.4389246235,0.9108885882
344,1,1,1,1,1,0.4380690379,0.904289963,0.4769669624,0.696392031,0.4949056174,0.4317608089,0.09577441869,0.04922975829,0.4316857639,0.1520170563,0.6799305053,0.5678768397,0.2259689977,0.3000914562,0.3002225747,0.438163414,0.9118542938
344.5,1,1,1,1,1,0.4374043232,0.9049388379,0.4757922954,0.6950622014,0.4966005466,0.4302283257,0.09547053581,0.0492657338,0.4301292224,0.1529239889,0.6807814069,0.5649217695,0.22632307,0.2994831264,0.3022423929,0.4415076731,0.9109305742
345,1,1,1,1,1,0.4365521293,0.9042760548,0.4736374314,0.6959478009,0.4964766751,0.4303435563,0.09516610115,0.04909980863,0.4305232392,0.1527358159,0.6821827637,0.5650254296,0.2258266003,0.2996075064,0.3021676796,0.4413963473,0.9117588415
345.5,1,1,1,1,1,0.4373200415,0.903740254,0.4725588043,0.6946640463,0.5004668904,0.4292750703,0.0952618687,0.04915016412,0.4298660478,0.1521890068,0.6836845675,0.5636137754,0.2252634574,0.2999341986,0.30330725,0.4399129597,0.9118509099
346,1,1,1,1,1,0.4361442266,0.9035283672,0.4742337158,0.6964244292,0.5006762518,0.4286074233,0.09407522536,0.04904527089,0.4306168236,0.1521975314,0.6856788628,0.5619683613,0.2266985449,0.3003321593,0.3036751728,0.4404352514,0.9117547843
346.5,1,1,1,1,1,0.4354637277,0.9034489099,0.4736227621,0.6980328818,0.5009391833,0.4321184199,0.0938803741,0.04924098268,0.4293235238,0.1515365036,0.6887434011,0.5609490343,0.2278701878,0.3037451342,0.30582827,0.4393944801,0.9124424045
347,1,1,1,1,1,0.4385167159,0.903715666,0.4733984059,0.6984635818,0.5001120779,0.4285351325,0.09253868137,0.04923329503,0.4317624202,0.151896621,0.6886290155,0.5631990819,0.2269913936,0.3026365601,0.3033174308,0.4394898427,0.9129185898
347.5,1,1,1,1,1,0.437682193,0.9042399906,0.4727159999,0.699330735,0.4983599635,0.4278884645,0.09258907871,0.04816742637,0.4322139687,0.1522352068,0.6861139512,0.5639311504,0.2250465461,0.3042019814,0.3047101181,0.441211135,0.9121675052
348,1,1,1,1,1,0.4352135773,0.9045280655,0.4720166197,0.6971112037,0.4959999502,0.426133621,0.09286352332,0.04829364479,0.4317430979,0.1504930783,0.685798452,0.5607988418,0.2241751693,0.3045082746,0.306798795,0.4429176088,0.9113553203
348.5,1,1,1,1,1,0.4353011285,0.9043911964,0.4716385646,0.696436146,0.4960487738,0.42586615,0.09251430873,0.04771385347,0.4294137603,0.1510155929,0.6844554264,0.5606498381,0.2233585496,0.303461541,0.3046658213,0.4435171459,0.9114056325
349,1,1,1,1,1,0.4370882615,0.9043487373,0.4711329395,0.6965057982,0.4956435206,0.4236306712,0.09332808786,0.0476634711,0.4299716599,0.1495870573,0.6849152867,0.5599540995,0.2227801221,0.3015750328,0.3027391355,0.4443968305,0.9110480279
349.5,1,1,1,1,1,0.4360740305,0.9045008627,0.4708172568,0.6973433444,0.4955403792,0.4265140353,0.09373116425,0.04783519456,0.4322116229,0.1512667367,0.6816328835,0.5607857221,0.220930226,0.3014528732,0.3042155029,0.4433361043,0.9107120674
350,1,1,1,1,1,0.4347098877,0.9046709697,0.4745057258,0.6994960396,0.4965355671,0.4265848529,0.09327589095,0.04779353113,0.4331845821,0.1509398055,0.683587522,0.5608760789,0.2219873617,0.2994370108,0.3014175278,0.443303169,0.9100501478
350.5,1,1,1,1,1,0.4348398988,0.9041758171,0.4738235942,0.6977521909,0.4959467592,0.4276918435,0.09339280937,0.04790094802,0.4339380664,0.1512890089,0.684754759,0.5595386344,0.2225193446,0.2989947685,0.298856108,0.4419012243,0.9100597065
351,1,1,1,1,1,0.4339836987,0.9043176667,0.4747550907,0.6954567001,0.4953175459,0.4262533397,0.09386846566,0.04798003645,0.4338783444,0.1508664377,0.6846483052,0.5580491289,0.2210516051,0.2968365187,0.2993291411,0.4378552966,0.9099700971
351.5,1,1,1,1,1,0.4325790522,0.9042728966,0.4739316098,0.6926266821,0.4972498364,0.428131001,0.09304805274,0.04800597745,0.4350008741,0.1513947484,0.6835099517,0.5583582097,0.222124062,0.2971713944,0.2982354865,0.4364456839,0.9102752143
352,1,1,1,1,1,0.4340805315,0.9042959156,0.4762187974,0.6948194895,0.4948194268,0.4288575653,0.09357670924,0.04804590686,0.4345345597,0.1496802451,0.6826411418,0.5598142852,0.2225465417,0.2986365248,0.2984552889,0.4347676201,0.9103856008
352.5,1,1,1,1,1,0.4353992627,0.9036409826,0.4755013379,0.6945973265,0.4946230101,0.4283193508,0.09420399694,0.04850625104,0.4322948919,0.1504578422,0.682425141,0.5599203489,0.2216814375,0.2981889286,0.2984378911,0.435562649,0.9103832696
353,1,1,1,1,1,0.4357369531,0.90395244,0.477556874,0.6951366409,0.4954525048,0.4264961146,0.09380659011,0.04823487569,0.4306015349,0.1496744977,0.6819805873,0.5599657436,0.2217985667,0.2979325636,0.3001705903,0.4366734889,0.9099777443
353.5,1,1,1,1,1,0.4352810996,0.9033960918,0.4758911634,0.69674742,0.4975852688,0.4275799834,0.09344282057,0.04827206248,0.4307053656,0.1502530672,0.6837047143,0.5603032607,0.2216837306,0.2984700701,0.2999103154,0.4372243941,0.910467244
354,1,1,1,1,1,0.4374170125,0.9033436616,0.4735438922,0.6979853962,0.4970518143,0.430143808,0.0928046932,0.04816994516,0.429748074,0.1501011546,0.6862621217,0.5610368849,0.2206846123,0.2984486489,0.2998859219,0.43518187,0.9105460937
354.5,1,1,1,1,1,0.4368312136,0.9035413093,0.4733960763,0.6988822739,0.4993696536,0.4270887799,0.09329650527,0.04826634713,0.429889009,0.1508193861,0.6860022406,0.5654378577,0.2224657593,0.297976565,0.2997861487,0.4348244534,0.9098172956
355,1,1,1,1,1,0.4370303145,0.9036387687,0.4751990949,0.6961139813,0.4999699037,0.4265857004,0.09456161246,0.04832044658,0.4303924045,0.1501258341,0.685381232,0.5643699551,0.2225344368,0.297656124,0.3019957321,0.4357143176,0.9091097113
355.5,1,1,1,1,1,0.4375504129,0.9036030106,0.4745323403,0.6968084815,0.499161434,0.4273754705,0.09456907103,0.04879185702,0.4302632,0.1499601506,0.6856206164,0.5643497822,0.2249832065,0.2999354465,0.3014374895,0.4361238491,0.9103676562
356,1,1,1,1,1,0.4361603103,0.9044874472,0.4760704318,0.6957164356,0.4984717965,0.4290234614,0.09437021353,0.04858080503,0.4301478276,0.1511920072,0.6861774851,0.5657265264,0.2255678667,0.2990001268,0.3010587327,0.4378093672,0.9105523639
356.5,1,1,1,1,1,0.4364998357,0.9042387263,0.4763545426,0.6977616477,0.5007567886,0.4298678648,0.09433683251,0.04848163477,0.4286819164,0.1504655664,0.6868559018,0.5619430027,0.2264948797,0.2982012773,0.3006566337,0.4375063853,0.9107185023
357,1,1,1,1,1,0.4359850629,0.903829241,0.4768680706,0.6967303702,0.5021365959,0.431332902,0.09482768654,0.04848080992,0.4285218611,0.1498748439,0.6859418048,0.5612895881,0.2262719103,0.2963230765,0.300250367,0.4383467436,0.9106871459
357.5,1,1,1,1,1,0.4361306078,0.9036065688,0.4746353284,0.6963198919,0.5002779258,0.4293583744,0.09385421122,0.0478578299,0.4274994023,0.1497034809,0.68485206,0.5621091991,0.2252694541,0.295858035,0.2989575235,0.4369761012,0.9111170251
358,1,1,1,1,1,0.4314973488,0.9023736886,0.4754540283,0.6966568773,0.500333223,0.4279889405,0.09478142473,0.04795507725,0.4268539902,0.1490801745,0.6840034958,0.561385379,0.2243741911,0.2987738969,0.2993224715,0.4373530216,0.9113287044
358.5,1,1,1,1,1,0.4353601765,0.9035554581,0.4767850595,0.6994790413,0.4961560826,0.4293275146,0.0946195056,0.04818259596,0.4268037209,0.1482546551,0.682989857,0.5620660617,0.225279581,0.3005696542,0.3006732987,0.4378875268,0.9115347744
359,1,1,1,1,1,0.4366272633,0.9049039594,0.4749764788,0.7009275918,0.4955305627,0.4319641324,0.09514903698,0.04842591832,0.4289988017,0.1485593932,0.6850957255,0.5622262794,0.224997922,0.2987094652,0.3016250097,0.4385045003,0.9117106694
359.5,1,1,1,1,1,0.4396747981,0.9039137118,0.4739573165,0.7003771604,0.4957766676,0.4319153093,0.09560776722,0.04904987393,0.4301137745,0.1492711957,0.6827278192,0.5629008277,0.2243065522,0.2997176164,0.2997353422,0.4388763595,0.9122560495
360,1,1,1,1,1,0.4404781824,0.9040694311,0.4748720365,0.6997808619,0.495525271,0.4302296194,0.09480448712,0.04909574253,0.4299416773,0.1486283705,0.6807924778,0.5644836568,0.2253607826,0.3014687914,0.2991154836,0.4429515209,0.9124338481
360.5,1,1,1,1,1,0.4369709661,0.9040476301,0.4710384197,0.6967848653,0.4967415802,0.427908759,0.0948537244,0.04843598562,0.4280929196,0.1488282694,0.6805617712,0.5628413859,0.2257760629,0.3002163593,0.298042738,0.4412202853,0.912921151
361,1,1,1,1,1,0.4360602353,0.904185469,0.4758900572,0.69575443,0.4975162658,0.4289809363,0.09536098424,0.04855354154,0.4308151694,0.1496281066,0.6786867495,0.5657589072,0.225442117,0.300285612,0.2996109469,0.4410101031,0.9136085569
361.5,1,1,1,1,1,0.4365721978,0.9031809035,0.4763799148,0.6933118154,0.4970888095,0.4271079873,0.09556450582,0.04891351433,0.4322244968,0.1486526106,0.6790711857,0.5638138094,0.2279108722,0.3005340584,0.2975164584,0.4366334,0.9134832948
362,1,1,1,1,1,0.4377242623,0.9039837908,0.4734395061,0.6939731226,0.4959000336,0.4272961099,0.09517843973,0.0490582471,0.433670329,0.1495046333,0.6759359494,0.5638878904,0.227671802,0.2995425611,0.2982585409,0.4373113775,0.9135009113
362.5,1,1,1,1,1,0.4376770506,0.9035328967,0.4758634625,0.6932140433,0.4935381319,0.4286875436,0.09497653478,0.04898367541,0.4335769944,0.1480006638,0.6744006067,0.5612988225,0.2254078303,0.3031918747,0.3000477867,0.4374642264,0.9135742766
363,1,1,1,1,1,0.4383319821,0.9042656889,0.4738744104,0.6954147003,0.4975940068,0.4283463784,0.09505212124,0.04913695344,0.4346542253,0.1488617643,0.6750883134,0.561262662,0.2254820273,0.3050407659,0.3003542093,0.4352020104,0.9130482271
363.5,1,1,1,1,1,0.4410532605,0.903816361,0.4739813137,0.6946642306,0.50096688,0.4253359832,0.0947443877,0.04925780094,0.4346493839,0.1499092297,0.6740425554,0.5609532825,0.2223725369,0.3048928579,0.3024657576,0.4368972896,0.9131259786
364,1,1,1,1,1,0.4410228727,0.9033395073,0.4737537044,0.6933830953,0.4991595332,0.4264088275,0.09363214136,0.04890172646,0.4382533415,0.1501400338,0.6755261816,0.562938529,0.2209116454,0.3043741394,0.3019988694,0.4365117682,0.9122931391
364.5,1,1,1,1,1,0.4407419023,0.9036230908,0.4761110597,0.6936942312,0.5010269964,0.4269889388,0.09363509224,0.04875822538,0.4380181173,0.149876893,0.6732168585,0.5652382488,0.220803747,0.3008483307,0.3014719293,0.4362457669,0.9128509245
365,1,1,1,1,1,0.4380847262,0.9034198454,0.475995971,0.6936391098,0.501920122,0.4276188929,0.09259141917,0.04888646508,0.4369282327,0.1505432812,0.6717040027,0.5678848859,0.2216606193,0.2992778753,0.3019143325,0.4369443106,0.9135007314
365.5,1,1,1,1,1,0.4361134602,0.9039977504,0.4767072114,0.6951298499,0.4974801061,0.4267517253,0.09303549868,0.04868534285,0.4359320759,0.1507970715,0.670396778,0.5675882156,0.2211895731,0.2962566652,0.3008494381,0.4379572128,0.9133469452
366,1,1,1,1,1,0.4374719968,0.9037108165,0.4762566699,0.692025295,0.4962093146,0.4282584733,0.09250057023,0.04886261875,0.4352848476,0.1506171331,0.6734512029,0.5660018712,0.2222854089,0.2971303373,0.2990366316,0.4385189558,0.9133647861
366.5,1,1,1,1,1,0.4368833791,0.9043542548,0.4743829266,0.689418192,0.499276161,0.4281592077,0.09281518928,0.04909876563,0.4365826178,0.1506634982,0.673820583,0.567033256,0.223346066,0.29643704,0.2989813291,0.4384794468,0.9129756225
367,1,1,1,1,1,0.4359464727,0.9043871005,0.4751974213,0.6929638471,0.4998959046,0.4275970236,0.09362754586,0.04847831275,0.4342781647,0.1506643007,0.6738541272,0.5668587734,0.2222812702,0.2968204029,0.2981092713,0.4398793214,0.912894229
367.5,1,1,1,1,1,0.4353485891,0.9045351178,0.4752756336,0.6902797426,0.4976267029,0.4277340276,0.09340166349,0.04856503872,0.4343356534,0.150688507,0.6757362353,0.566177515,0.2229482696,0.2970367128,0.2987819758,0.4398396351,0.9132793676
368,1,1,1,1,1,0.4343137025,0.9051676238,0.4763155791,0.6916664393,0.4949641869,0.4277733092,0.09411181706,0.04893068866,0.4373548089,0.1496968548,0.6769647821,0.5652701545,0.2222346191,0.297071026,0.2977447411,0.4397773039,0.9137549594
368.5,1,1,1,1,1,0.4346736804,0.9048553041,0.4777453182,0.6904400156,0.494472937,0.4273336998,0.09395637741,0.04925171943,0.4373831976,0.1505921634,0.6784921946,0.5658444972,0.2232762791,0.2959217322,0.2971291544,0.4408161378,0.9137058651
369,1,1,1,1,1,0.4338587905,0.9039780306,0.4778502965,0.6931311808,0.4965128276,0.4268977672,0.09375817952,0.04897511069,0.4387323465,0.1504071628,0.6792556165,0.5659604163,0.2250141169,0.2977077551,0.2976329866,0.4394092988,0.9137020299
369.5,1,1,1,1,1,0.4315475871,0.9041535151,0.4759418437,0.6903921738,0.4982180622,0.4279245083,0.09385767084,0.04862982224,0.4386824448,0.1511799797,0.6794716392,0.564931696,0.2243156441,0.2983346148,0.2991045176,0.4375474138,0.9136366689
370,1,1,1,1,1,0.431454952,0.9052539956,0.4733221106,0.6909089644,0.4967922936,0.4288130847,0.09313703544,0.04865687822,0.4366795052,0.151342787,0.6817172493,0.5655848691,0.2248082413,0.3007248751,0.3010311664,0.4379205155,0.9137165323
370.5,1,1,1,1,1,0.4338093432,0.905192671,0.4713739481,0.6921081424,0.4961449963,0.4307627974,0.09263326796,0.04809646272,0.4387697215,0.1502433264,0.6826739539,0.5648280661,0.2254916595,0.2986581204,0.30095533,0.4391478939,0.9136421021
371,1,1,1,1,1,0.4356357359,0.9049645112,0.4724952035,0.6943918979,0.4970377586,0.4291122731,0.09342964476,0.04807092978,0.4380803488,0.1492421563,0.6846073501,0.5673912799,0.2273716567,0.2999020752,0.298809587,0.4354353785,0.9136504506
371.5,1,1,1,1,1,0.4371936793,0.9048805635,0.4734220323,0.6959882514,0.4958934854,0.4298619451,0.09243155317,0.04766708502,0.4375177977,0.1485183797,0.6842642674,0.5649070553,0.2267016437,0.2995824303,0.2989780773,0.4343486017,0.9134774434
372,1,1,1,1,1,0.4398239574,0.9046698403,0.4757094618,0.6957810534,0.4942071515,0.4300659877,0.09266333576,0.04708671391,0.4372716083,0.1489548211,0.6839535836,0.5635061056,0.2261806795,0.296823456,0.3014531491,0.4336835402,0.9142289385
372.5,1,1,1,1,1,0.438332506,0.9048742718,0.4769377174,0.6949110711,0.4961007892,0.4309671072,0.09278997721,0.04722866099,0.4365142003,0.147378313,0.6833164078,0.5629984614,0.2276047377,0.297202989,0.3027168153,0.432746593,0.9132386477
373,1,1,1,1,1,0.4373962515,0.9041971802,0.4737188086,0.6948089292,0.4955167653,0.4274519334,0.09345569282,0.04725136507,0.4355940468,0.1476145059,0.6824145735,0.5612767901,0.2272187927,0.2953768927,0.3017742439,0.4342793501,0.912728391
373.5,1,1,1,1,1,0.4379283151,0.9045941969,0.4748188139,0.6940383835,0.4942460772,0.4292804416,0.09348946195,0.0479025891,0.4347016556,0.146864439,0.6820031496,0.5610582852,0.226955253,0.2960083772,0.2990346834,0.4383096297,0.9130606071
374,1,1,1,1,1,0.4381678632,0.9041944819,0.4736062577,0.6943164645,0.4964599826,0.4307434391,0.09449820369,0.04773752568,0.4335372583,0.1470494987,0.6802649404,0.5587834217,0.228056904,0.2927846325,0.2998819192,0.4381147845,0.911722513
374.5,1,1,1,1,1,0.4384733496,0.9041864446,0.4740491252,0.6927399611,0.4973773114,0.4309108236,0.09329669425,0.04783878343,0.435621674,0.1485832477,0.6790819324,0.5580351806,0.2281367367,0.2912887471,0.3007810601,0.4384401053,0.9118459278
375,1,1,1,1,1,0.4375121415,0.9052453598,0.4783976289,0.6937211712,0.4980165187,0.4303719526,0.09354040697,0.04824379854,0.433568832,0.1500029107,0.6789820662,0.5625195204,0.2259306371,0.2934913418,0.2996701124,0.4357818294,0.9121315065
375.5,1,1,1,1,1,0.4359987232,0.9041066065,0.4808676214,0.6958318938,0.4964739808,0.4304905969,0.09349315879,0.04823571508,0.4330015966,0.1506252402,0.6785264943,0.5643520723,0.2253493053,0.2941955876,0.2976987103,0.437010233,0.9121509724
376,1,1,1,1,1,0.434812928,0.9032348178,0.4788671684,0.6958464851,0.4976128721,0.4298610155,0.09428573598,0.04811805664,0.4288549327,0.1515188834,0.677324326,0.5650316439,0.2267006934,0.2943780412,0.2951357747,0.4361170713,0.913591381
376.5,1,1,1,1,1,0.435895568,0.903604953,0.4759854081,0.6942205612,0.5001055002,0.429691238,0.09506134637,0.04815048051,0.4263219513,0.1513708729,0.6760645587,0.565709482,0.2247411546,0.2947753199,0.2963613516,0.4375667892,0.9131579553
377,1,1,1,1,1,0.4372675661,0.9033045859,0.4732310526,0.6949816919,0.4986037955,0.4276542668,0.09413532033,0.04781446545,0.4246367212,0.1512086617,0.6755741605,0.5658366138,0.2253639176,0.2942466049,0.296916031,0.4378035732,0.9124033951
377.5,1,1,1,1,1,0.4363187157,0.9039757085,0.4715109237,0.695326322,0.4979271234,0.4282044417,0.09399543849,0.04827795388,0.4233680907,0.1498653091,0.6728215752,0.5621697826,0.2249085351,0.2976202652,0.2986393646,0.4354227104,0.9128265666
378,1,1,1,1,1,0.4389831889,0.9035370743,0.4713387867,0.6951502629,0.497029784,0.4292272951,0.09393979543,0.0479948832,0.4237872371,0.1487080392,0.6760237504,0.5596827592,0.2246740665,0.2972242674,0.2980219793,0.4352551824,0.9130131231
378.5,1,1,1,1,1,0.4375173617,0.9037565502,0.4718478923,0.6944455632,0.4978480327,0.4287105501,0.09568200792,0.04790784817,0.4247261744,0.1502173525,0.6763611646,0.5605758762,0.2268274846,0.2954336565,0.2980102656,0.4346855581,0.9128868616
379,1,1,1,1,1,0.4362423392,0.9036721612,0.4694694639,0.6958512554,0.4986982049,0.426955882,0.09576489165,0.04800741685,0.4260046324,0.1497131919,0.6730777986,0.5610061769,0.2250344533,0.2961171702,0.297084224,0.4364476445,0.9133248516
379.5,1,1,1,1,1,0.4356547779,0.9036206973,0.4697555187,0.6949901641,0.4960777955,0.4280259271,0.09576588779,0.04807915697,0.4265424788,0.1495179477,0.6753113915,0.5597314149,0.2265682632,0.2941866628,0.2972092785,0.4351743123,0.9138538248
380,1,1,1,1,1,0.436081449,0.9044109382,0.4678554514,0.6956498947,0.4968444363,0.4283865108,0.09525873824,0.04845142474,0.4293698202,0.1489798306,0.6727758335,0.5609566643,0.2264934947,0.296106158,0.2963006214,0.4359949387,0.913896564
380.5,1,1,1,1,1,0.4375379993,0.9036816896,0.4703940829,0.6950290192,0.4972855629,0.429268066,0.0940759961,0.04782173884,0.4314093084,0.1489299993,0.6732978761,0.5635636665,0.2250541535,0.2972713308,0.2976199499,0.4346763512,0.9131706253
381,1,1,1,1,1,0.4375886839,0.9037725318,0.4722300753,0.6944518399,0.4974880012,0.430594059,0.09320214319,0.04771952976,0.4304350439,0.151215271,0.67343441,0.5625279932,0.2248150879,0.2948399864,0.2961718356,0.4342778919,0.9128528274
381.5,1,1,1,1,1,0.4361858079,0.9029090641,0.4703164271,0.6948627843,0.4973662335,0.4296806855,0.0937645675,0.04764667625,0.4316115469,0.150956589,0.6749083449,0.5616318814,0.2236355661,0.296550283,0.2964947322,0.4359369807,0.912741641
382,1,1,1,1,1,0.4371326026,0.9033212334,0.4697769214,0.6933116403,0.4967248811,0.4282190903,0.09344583213,0.04774184296,0.4305904048,0.1520805298,0.6753526904,0.5651099817,0.2240551923,0.2982507718,0.2963229733,0.4354143292,0.9129707389
382.5,1,1,1,1,1,0.4377418039,0.9044824991,0.4689209462,0.6929091528,0.4964352368,0.4273915877,0.09276470187,0.04789839681,0.4314010963,0.1515219753,0.672740906,0.5656449801,0.2244768377,0.2977713971,0.2963047769,0.4371114665,0.9134162902
383,1,1,1,1,1,0.4369255694,0.9041174492,0.4708440239,0.692853788,0.4972157789,0.4259564882,0.09310132518,0.04785450645,0.431215423,0.1518524987,0.6745079958,0.5661379564,0.225288651,0.297812029,0.2956169032,0.4362756008,0.9128907867
383.5,1,1,1,1,1,0.4379576624,0.9038855789,0.4736308678,0.692907309,0.4962279689,0.4231327136,0.09327755222,0.04822871378,0.4300415121,0.1504986891,0.6751512989,0.5625461917,0.223629371,0.298393571,0.2944796991,0.435268884,0.9128053615
384,1,1,1,1,1,0.4378572996,0.9038605251,0.471495616,0.6942602677,0.4957440197,0.4228708638,0.09341937463,0.04847172497,0.4298239282,0.150647769,0.6765394717,0.5599791588,0.2228834713,0.2982196911,0.297076087,0.4374488306,0.9130560494
384.5,1,1,1,1,1,0.4387845053,0.9040810378,0.4742666096,0.6930915129,0.4937930166,0.4254374087,0.09321447306,0.04854265593,0.4266992898,0.1512694277,0.6777051611,0.5590760698,0.2221977799,0.2986210836,0.298518683,0.4359793409,0.9128777399
385,1,1,1,1,1,0.4392222856,0.904307293,0.4740984974,0.6917071327,0.494641676,0.4269574644,0.09404699642,0.0489480458,0.4246219925,0.1516226877,0.6797238777,0.5588609784,0.221429703,0.2988481025,0.3001482375,0.4356347202,0.9130366103
385.5,1,1,1,1,1,0.4383861044,0.9040504222,0.4750744897,0.6921707462,0.4986341729,0.427502715,0.09371530379,0.04847880853,0.4266953642,0.1517218925,0.6782298901,0.5605685975,0.223192808,0.2957466972,0.2993575393,0.4369045912,0.9127382057
386,1,1,1,1,1,0.4383443233,0.9038758997,0.476009854,0.6925712375,0.4934072453,0.4275171255,0.09363549035,0.04838738364,0.4255286262,0.1506651227,0.6795547819,0.5601586755,0.2236873134,0.2964458168,0.2991786607,0.4362542726,0.9128341801
386.5,1,1,1,1,1,0.4361750507,0.9043929302,0.4754222665,0.6931118949,0.4971186308,0.4257093186,0.0933623124,0.04844008507,0.4251267157,0.1502580837,0.6792730607,0.5612271936,0.221825956,0.2960069584,0.2988616038,0.4363661508,0.9128065593
387,1,1,1,1,1,0.4366853805,0.9040720246,0.4762642156,0.6935255344,0.4967200263,0.4272442702,0.09238100714,0.04829558749,0.4217580346,0.1508621869,0.6759420067,0.5619460368,0.2211907516,0.2965045416,0.2984845283,0.435423121,0.9123713403
387.5,1,1,1,1,1,0.4374939442,0.9044546297,0.4768543777,0.6938622215,0.4959853288,0.4267090953,0.09213800767,0.04793333855,0.4245761725,0.1524676437,0.6739682538,0.5629285592,0.2234520731,0.296679484,0.2984905396,0.4353040814,0.9133513909
388,1,1,1,1,1,0.4373019925,0.9035944824,0.4751654144,0.6952439211,0.4987611653,0.4284236558,0.09210722964,0.04783626901,0.424507377,0.1510200339,0.6722062208,0.564677418,0.2244846476,0.2980834978,0.2999946167,0.4375778183,0.9135000229
388.5,1,1,1,1,1,0.4344713877,0.9038392538,0.4722707632,0.6945129818,0.4967027157,0.4285192532,0.09279468283,0.04819160016,0.4254058811,0.1512531134,0.670827226,0.5666256929,0.2255928253,0.3012364747,0.2997490338,0.4377835896,0.9129404687
389,1,1,1,1,1,0.4349471483,0.9038996979,0.4741393577,0.6946258889,0.4974541098,0.4274142782,0.0932111204,0.04816168933,0.4241034078,0.1510685867,0.6709621484,0.5641291639,0.2256049933,0.2981518812,0.298346126,0.4408743531,0.9133604319
389.5,1,1,1,1,1,0.4356105032,0.9038897357,0.4741953649,0.6943977145,0.4972962168,0.4280679339,0.09378438772,0.04794501257,0.421474038,0.1513019051,0.6674476607,0.5639979292,0.2254654381,0.2976963309,0.3000120367,0.4402559391,0.9137001738
390,1,1,1,1,1,0.4335558086,0.9031076334,0.476129277,0.6968066161,0.4955142107,0.4307034558,0.0944719682,0.04778833539,0.4191013161,0.1495529746,0.6682577331,0.5621168975,0.2265727496,0.2985656049,0.2990925676,0.4391925164,0.91340918
390.5,1,1,1,1,1,0.4358482324,0.9036787841,0.4750771685,0.6966368957,0.4965256281,0.4291822373,0.09398289155,0.04741970571,0.4186052499,0.1485264503,0.6668025528,0.5609053333,0.2276790587,0.2983172094,0.3002762616,0.4364416621,0.9145397568
391,1,1,1,1,1,0.4365293334,0.9032161016,0.474014704,0.6960231312,0.4960447709,0.4295963461,0.09426827331,0.04795476179,0.4202478762,0.1477483884,0.6671730434,0.5615767282,0.2258478898,0.2975933966,0.2996587414,0.4356745485,0.9140352563
391.5,1,1,1,1,1,0.4363087606,0.9037295817,0.4732182539,0.6942127851,0.4974622764,0.4307188435,0.09417603408,0.04816199909,0.4199233491,0.1483334344,0.6689939796,0.5627299863,0.2274853326,0.2971311514,0.2994139518,0.4338703459,0.9135764854
392,1,1,1,1,1,0.4372287989,0.9042876838,0.4719436139,0.6928921387,0.4998045216,0.4305844628,0.09486499521,0.04793078713,0.4202054429,0.1487658737,0.6709518821,0.5616534644,0.2264782995,0.2974891532,0.2999990162,0.4348271741,0.9134388834
392.5,1,1,1,1,1,0.4382049909,0.903491543,0.4747942849,0.69481101,0.497122076,0.4333174168,0.09444557245,0.04791479718,0.4185254687,0.1500332126,0.6686954588,0.5617362789,0.2274234851,0.2971012152,0.300929798,0.4340517116,0.9145620232
393,1,1,1,1,1,0.4350273115,0.9031268137,0.4765688627,0.6950507026,0.4982135235,0.4328813598,0.09510818045,0.04826155017,0.4190330093,0.1489630562,0.6679422513,0.5638814354,0.2276353931,0.2946772868,0.2993136102,0.4319821266,0.9135671721
393.5,1,1,1,1,1,0.4378113675,0.9041131514,0.4758659647,0.6965769157,0.4975414711,0.4329608644,0.09562096612,0.04845929297,0.4208821716,0.1507464383,0.6694112691,0.5643040549,0.2280669625,0.2972986054,0.2980706706,0.4309606479,0.9130395688
394,1,1,1,1,1,0.4367521113,0.9033466029,0.4764917539,0.6982976937,0.4990917066,0.4299173818,0.09535093751,0.04901550885,0.4207678146,0.1502325779,0.6696536926,0.5641805827,0.2261581629,0.2980807221,0.2990372834,0.4319870711,0.9130936053
394.5,1,1,1,1,1,0.4371022984,0.9038019052,0.4737505646,0.6978126196,0.5008235299,0.4309472703,0.09490959897,0.0490215274,0.4216600435,0.1501660283,0.6719737762,0.5669768858,0.2272607611,0.2983591525,0.2993222428,0.4321075155,0.9130495269
395,1,1,1,1,1,0.4364322393,0.9035443751,0.4731562767,0.6983684888,0.4987331376,0.4286389741,0.09418306634,0.04835539771,0.4218610474,0.1501147759,0.6750899963,0.5671221271,0.2266600318,0.2961017514,0.298272267,0.4329302912,0.9138649055
395.5,1,1,1,1,1,0.4372107076,0.9032854467,0.4759240495,0.6983477361,0.4983985311,0.4314740551,0.09400116007,0.04803527242,0.4220792815,0.1483402691,0.6753194321,0.5658421079,0.2262563383,0.3007951346,0.2991082076,0.4320236401,0.913311018
396,1,1,1,1,1,0.439145638,0.903538594,0.475718194,0.6977832368,0.4964343765,0.4276201733,0.09429506788,0.0475934699,0.4225335694,0.1478268622,0.674614405,0.5629930565,0.2264832424,0.3014315888,0.2998806529,0.4312181223,0.9133109162
396.5,1,1,1,1,1,0.4406008372,0.9045407388,0.4748950438,0.6986082485,0.4989328437,0.4287418388,0.09449171174,0.04783891743,0.4240816515,0.1468595413,0.6720474266,0.565607067,0.2257900554,0.3025660192,0.2978352612,0.4332814759,0.9133407562
397,1,1,1,1,1,0.4374208351,0.9044443465,0.476215027,0.696835991,0.4975128874,0.4294710044,0.09403842257,0.04813745019,0.4246902908,0.1461477341,0.6710363811,0.5632748282,0.2242399353,0.3010433291,0.2973430699,0.4300048686,0.9138431414
397.5,1,1,1,1,1,0.4376537263,0.9038722004,0.4751896072,0.6969521633,0.4970176219,0.4296726824,0.09425219377,0.04862166493,0.4244370967,0.1474761453,0.6712366303,0.5653176325,0.224435589,0.3002954707,0.2961686716,0.4280466852,0.913433477
398,1,1,1,1,1,0.4391212578,0.9041251715,0.4723449715,0.6982598899,0.4975446562,0.4294307098,0.09476956253,0.0487427321,0.4266607643,0.1481753603,0.6688202452,0.5650624568,0.222762943,0.298423014,0.2983659068,0.4265918871,0.9133658287
398.5,1,1,1,1,1,0.4390878685,0.9035914543,0.4744651188,0.6985158872,0.4980920314,0.4290351007,0.09539118687,0.04875944604,0.4269013463,0.1488546219,0.6680823949,0.5620615327,0.2222655701,0.2970572865,0.2967257768,0.4287356774,0.913101848
399,1,1,1,1,1,0.4378306741,0.9046322778,0.4750551293,0.696179225,0.5002640764,0.4273697992,0.09470344626,0.04848674235,0.4295238541,0.1494311009,0.6685377797,0.5624518046,0.2217762661,0.2954728128,0.2958382328,0.4301417202,0.9137895698
399.5,1,1,1,1,1,0.4370343635,0.9050892676,0.4737608456,0.6978917078,0.4997206286,0.4274040952,0.09466488426,0.04885413962,0.4296370296,0.149304798,0.6652804832,0.5618388798,0.2221122796,0.2973515742,0.2951552922,0.429018169,0.9124927098
400,1,1,1,1,1,0.4376444245,0.9055680018,0.4749804714,0.696019272,0.4973872051,0.4276610698,0.09461759883,0.04897258433,0.4315148846,0.1488159072,0.6666759749,0.5630859452,0.2205160478,0.2965390343,0.2955078031,0.4288225107,0.9131939525
400.5,1,1,1,1,1,0.4364943581,0.9051452093,0.4736568207,0.696602459,0.4969808195,0.4268504414,0.09452174868,0.04913065086,0.4301325406,0.1495935381,0.6687005196,0.5599250906,0.2193374926,0.2950790678,0.2985343691,0.4289845999,0.9135384525
401,1,1,1,1,1,0.4368923975,0.9048555268,0.4705228818,0.6989294338,0.4957350103,0.4248570902,0.09456536353,0.04884988785,0.4324329288,0.1496281933,0.6660475653,0.5597532595,0.2194134692,0.2935979225,0.2969301948,0.4276467819,0.9135601746
401.5,1,1,1,1,1,0.4382465053,0.9047722678,0.4729941903,0.6987454268,0.49804178,0.4248188354,0.09483541408,0.04923055931,0.4315877688,0.1513085567,0.6692382369,0.5564289756,0.219717494,0.2921952987,0.2968739085,0.4267772289,0.912961471
402,1,1,1,1,1,0.4359219888,0.9045060106,0.472597102,0.6968251038,0.5012297335,0.4290323721,0.0944282184,0.04928404544,0.4306082356,0.1504961101,0.6695730092,0.5592324551,0.2218743941,0.2930388252,0.2950643444,0.4291552114,0.9129724395
402.5,1,1,1,1,1,0.4344945126,0.9044284863,0.4730635234,0.6962474831,0.5002706955,0.4275677797,0.09510763168,0.04927732672,0.4326739954,0.1501330066,0.6717427499,0.5583707989,0.2212592295,0.2933918003,0.2962556081,0.4283072514,0.913009579
403,1,1,1,1,1,0.434762441,0.9046121611,0.4733304604,0.6952180106,0.4989172281,0.4285769672,0.09441724492,0.04870688353,0.4332422857,0.1512436886,0.6711495822,0.5614969948,0.2229145007,0.2946865857,0.2952733415,0.4268788685,0.9118776627
403.5,1,1,1,1,1,0.4357629302,0.9045248741,0.4716012339,0.6948529265,0.4940065712,0.4288483051,0.09385662327,0.04820226393,0.4313860209,0.1519933554,0.6714038703,0.5630623662,0.2234660569,0.2961232031,0.2975994821,0.4283325987,0.9116722912
404,1,1,1,1,1,0.4349332449,0.9044881995,0.4743997404,0.6960652825,0.4948179396,0.4303715626,0.09440290221,0.0484672214,0.4324804859,0.1511602457,0.6720070284,0.5613949006,0.2242215923,0.298946833,0.2979333305,0.4277700599,0.9107358952
404.5,1,1,1,1,1,0.4366572614,0.9041336,0.4735986872,0.6941063287,0.4956089885,0.4295554614,0.09478591595,0.04810646721,0.4298815298,0.1517937857,0.6707034869,0.5604654466,0.2239004314,0.2975556414,0.2988134322,0.4273886214,0.9105175808
405,1,1,1,1,1,0.4379732006,0.9038189782,0.4723039333,0.6950794785,0.4998840584,0.4324323362,0.09631207229,0.04846115599,0.4297137795,0.1536269598,0.6743540478,0.5629761753,0.2249939473,0.2974027787,0.2960907414,0.4299678576,0.9104513158
405.5,1,1,1,1,1,0.436535941,0.9041404288,0.4743039954,0.6962948393,0.4993795521,0.4325316053,0.0969066604,0.04835641926,0.4278549417,0.1526310521,0.6758879249,0.5628400945,0.2236462754,0.2979180626,0.2953964693,0.4309558964,0.909627097
406,1,1,1,1,1,0.4375253858,0.9044578548,0.4752841487,0.6932109374,0.4978759955,0.4299366399,0.09667275622,0.04861841445,0.4248521809,0.15132882,0.6775599307,0.5649900852,0.2224141656,0.298396151,0.2952200245,0.431300229,0.9095645817
406.5,1,1,1,1,1,0.4375216379,0.9047416249,0.4744120773,0.6932346679,0.4940325289,0.4274604686,0.09603265766,0.04892112314,0.4282192168,0.1506077318,0.6768585884,0.5640790909,0.2218630059,0.2982480152,0.2967347107,0.4291775919,0.9096323221
407,1,1,1,1,1,0.4385237018,0.9040083435,0.4763971806,0.6925198943,0.495498878,0.4290201244,0.09563120492,0.04878980645,0.4271634414,0.1512940548,0.6778710759,0.5618564094,0.2218692933,0.2979833565,0.2986067571,0.4305648044,0.9108164742
407.5,1,1,1,1,1,0.4396071017,0.9043681417,0.4791042959,0.6923819234,0.4985327216,0.4265908533,0.09382568215,0.04899515339,0.4275422403,0.1519136219,0.6816476526,0.5622385919,0.2208052746,0.2962078382,0.2962289589,0.4305707341,0.9105428404
408,1,1,1,1,1,0.4370885932,0.9047052997,0.4785473075,0.6954671627,0.4973661839,0.4316806741,0.09453589762,0.04926273269,0.4279009861,0.1533833044,0.6842465151,0.5644327161,0.220814424,0.2970227821,0.2974988365,0.4296318179,0.9110885398
408.5,1,1,1,1,1,0.4366140863,0.9048752353,0.4788425735,0.6953983384,0.5000204851,0.4320861905,0.09447717202,0.04924377804,0.4280883412,0.1554251253,0.6840572856,0.5630097648,0.222557983,0.2944352065,0.2978892868,0.4303286982,0.9116276695
409,1,1,1,1,1,0.4369456487,0.904074057,0.4768429674,0.6947394919,0.5012223561,0.4317456717,0.09472126897,0.04889360834,0.4295069856,0.1550170977,0.6802655362,0.5629933944,0.2221190044,0.2954650435,0.2983932635,0.427156125,0.9112844192
409.5,1,1,1,1,1,0.4366155385,0.9037362023,0.4728175497,0.694602211,0.5010719757,0.4320983143,0.09532533622,0.04852142313,0.430589927,0.1544182541,0.6820112416,0.5626865985,0.2225182998,0.2972514922,0.2996213854,0.4261107022,0.9113790551
410,1,1,1,1,1,0.4343353952,0.9042713837,0.4759722745,0.6946684792,0.4998721655,0.432196966,0.09553982299,0.04901487622,0.4297802398,0.1534045772,0.68012938,0.5608835709,0.2245205013,0.2965876286,0.2998321829,0.4271037716,0.9113376281
410.5,1,1,1,1,1,0.4341148933,0.9038177136,0.4756035206,0.692843531,0.5010610518,0.4298236794,0.09534934352,0.04878572764,0.4310468181,0.1542156614,0.6794106382,0.5602723361,0.2237223916,0.2961902507,0.2987808403,0.4279546085,0.9119699791
411,1,1,1,1,1,0.432952754,0.9037355184,0.4765587367,0.6986871191,0.498179048,0.4318027238,0.09504692077,0.04851047634,0.4330319134,0.1546297155,0.6768730734,0.560309494,0.2235484958,0.2990637195,0.3011216886,0.4302845552,0.9113724074
411.5,1,1,1,1,1,0.4325181522,0.9036769136,0.4754208708,0.6984048442,0.497792562,0.432385384,0.09494633477,0.04819928654,0.4319068325,0.1535100179,0.6769801138,0.561119672,0.2229553566,0.2993056602,0.3012360726,0.4323386471,0.9111499176
412,1,1,1,1,1,0.4354930612,0.9026584747,0.4724174321,0.6979400736,0.4965587353,0.4315660888,0.09615297202,0.0483250125,0.4318036576,0.1526905573,0.6787752387,0.561668979,0.223622605,0.2992479096,0.3017668047,0.433474529,0.9121444761
412.5,1,1,1,1,1,0.43629374,0.9030882555,0.475965494,0.6983666617,0.4973285624,0.4320142467,0.09580777996,0.04831224643,0.4292287579,0.1528991654,0.6785783075,0.5588203924,0.2249958259,0.2994159157,0.2997132619,0.4327383305,0.9123396935
413,1,1,1,1,1,0.435977698,0.902512266,0.4767498643,0.6978834647,0.4964583415,0.4309780489,0.0960980399,0.04797169548,0.4320177928,0.1511211964,0.6794699275,0.5607016977,0.2257741703,0.2988086323,0.3020847021,0.431151971,0.9130671438
413.5,1,1,1,1,1,0.436707723,0.9025267688,0.4775245371,0.6997844943,0.4965979758,0.4325702403,0.0963841403,0.04876639033,0.4321199845,0.1520290928,0.6811703001,0.5584349538,0.2253733395,0.2983657342,0.3019083832,0.4325194116,0.9129504898
414,1,1,1,1,1,0.4362643634,0.9043195318,0.4753716608,0.6964663565,0.4976517179,0.4313817789,0.09659474701,0.04863117782,0.4304413306,0.1527050631,0.6802139409,0.5611145284,0.2241613434,0.2978334946,0.2998026943,0.4305694923,0.9124000945
414.5,1,1,1,1,1,0.4350025595,0.9042969698,0.4750181543,0.6954567922,0.4986705504,0.4302453768,0.09640934778,0.04864540523,0.4282132874,0.150341714,0.6780645541,0.5620304514,0.2254141237,0.2987280207,0.3006269775,0.4320980555,0.911734219
415,1,1,1,1,1,0.4379866471,0.9042833,0.4719278092,0.6946109464,0.4991572311,0.4293176731,0.09496710071,0.04887490099,0.4294059365,0.1503347232,0.6775860468,0.5600259743,0.2230355767,0.2993872148,0.3012922598,0.4346483991,0.9124891202
415.5,1,1,1,1,1,0.4373094077,0.9033394166,0.4711778069,0.6930168055,0.4985959175,0.4280858719,0.09415647564,0.04837895869,0.4276109536,0.1503489802,0.67768001,0.5605165337,0.2226233624,0.2993790859,0.3002473329,0.4336839791,0.912826163
416,1,1,1,1,1,0.43806428,0.9033034049,0.4731797493,0.6920791437,0.495968587,0.4271339701,0.09492146922,0.0489753137,0.4281144942,0.149083773,0.679547834,0.5605910665,0.2231319761,0.2999675977,0.3012970577,0.4336368545,0.9134031146
416.5,1,1,1,1,1,0.4373569121,0.9038424707,0.4736419301,0.6955316264,0.4939519635,0.4273340978,0.09410418014,0.04877032849,0.4267968571,0.1500738013,0.6789788848,0.5594841621,0.2236035116,0.2998112379,0.301296963,0.4325026086,0.9125810816
417,1,1,1,1,1,0.4372431469,0.9036176035,0.4767486706,0.6981743145,0.4954790139,0.4297631406,0.09317962987,0.04844698917,0.4267050322,0.1496159442,0.6798903758,0.557614046,0.2226892864,0.3022489875,0.3029534444,0.4339509591,0.9133874487
417.5,1,1,1,1,1,0.4376384469,0.9038016957,0.4761083631,0.6987646725,0.4953184826,0.4307769826,0.09269706726,0.04824350538,0.4298743917,0.149120922,0.6808744009,0.5598766641,0.224153447,0.3021996847,0.3004479806,0.4366013582,0.9124489753
418,1,1,1,1,1,0.4360701829,0.9035167112,0.4752271731,0.6986628885,0.4954106168,0.4296332407,0.09266341626,0.04832740559,0.4277205057,0.1478675403,0.6819945003,0.5623557447,0.2237959025,0.3003168256,0.3003278816,0.4363441677,0.9124992552
418.5,1,1,1,1,1,0.4357310967,0.903614345,0.4759776632,0.699308405,0.4947878295,0.4304777322,0.09282489538,0.04846606645,0.4291445494,0.1493812697,0.6812462387,0.5630075677,0.2217130765,0.2989971681,0.2991621123,0.4366072866,0.9130088379
419,1,1,1,1,1,0.434579162,0.904983516,0.4768389718,0.6972428757,0.4965622102,0.4299107083,0.09323933497,0.04826822642,0.4299228531,0.1488021338,0.6791160108,0.5624662701,0.2218412149,0.2998345812,0.2996562354,0.4378431237,0.9129393534
419.5,1,1,1,1,1,0.4341644553,0.9045535911,0.4775597695,0.6987883874,0.49772101,0.4264974719,0.09353267727,0.04871976422,0.4324664078,0.1489183674,0.6801619678,0.5646040166,0.2209212837,0.2997054112,0.3005354439,0.4404551764,0.9123458293
420,1,1,1,1,1,0.43686054,0.9054514427,0.4761135798,0.6983901828,0.4979298189,0.4295777717,0.09300158894,0.04808200299,0.4341986935,0.1488020581,0.681543448,0.5633090576,0.2210510985,0.2986506857,0.2999380293,0.4396674156,0.9116089621
420.5,1,1,1,1,1,0.4376601551,0.9050654456,0.4772263147,0.6966208536,0.4992656773,0.4297592103,0.09346238384,0.04827088054,0.4352607221,0.1482014212,0.6813041829,0.5628049356,0.2231664899,0.2967569636,0.2989741327,0.4414105844,0.9117840392
421,1,1,1,1,1,0.4377615921,0.9050886609,0.4756632656,0.6960246606,0.4974710333,0.4301740363,0.09340537273,0.04850521537,0.434418922,0.1496122239,0.6796551555,0.5634544634,0.2239306393,0.2963500031,0.2991378381,0.4379524608,0.9119039768
421.5,1,1,1,1,1,0.43548584,0.9051720633,0.4784900546,0.6973878612,0.4973798845,0.4301296496,0.09395951966,0.0481687442,0.4371448741,0.1497297713,0.6800885258,0.56548751,0.22427343,0.2957604339,0.3000233814,0.4388652849,0.9118924063
422,1,1,1,1,1,0.4371216545,0.9051739554,0.4769321713,0.695962034,0.4981108582,0.4310313685,0.09447118381,0.04803095324,0.4371549534,0.1503567424,0.679725508,0.5649413193,0.2248831464,0.2974417586,0.3010498075,0.4371978378,0.9116391603
422.5,1,1,1,1,1,0.4359464919,0.9056035978,0.4775981777,0.6968294064,0.4967029195,0.432355422,0.09436434869,0.04809351321,0.4384841478,0.1504137068,0.6783375173,0.5632865708,0.2265283991,0.2979151794,0.3005050077,0.4339008092,0.9124753813
423,1,1,1,1,1,0.4361562512,0.9048553447,0.4756198904,0.6957715112,0.4975434182,0.4333044616,0.09448456609,0.04840909797,0.4405997956,0.1518940765,0.6775188896,0.5634462242,0.2255526543,0.2996340524,0.3027763341,0.435805816,0.9119733781
423.5,1,1,1,1,1,0.4378261534,0.9051205792,0.4759579933,0.6949182058,0.4949170723,0.4320377464,0.09515300498,0.04829235297,0.4419045671,0.1503417058,0.6768297558,0.5661277331,0.2250477697,0.3003295734,0.2998347861,0.4383416681,0.9129458464
424,1,1,1,1,1,0.4387494239,0.9049664229,0.4772372438,0.6936660743,0.4950364923,0.4310574617,0.09479413712,0.04861911452,0.4410881475,0.1512559007,0.6776620212,0.5663769591,0.2227825251,0.2993003119,0.3001352294,0.4386406456,0.9133627472
424.5,1,1,1,1,1,0.4388278589,0.9049442059,0.4766713002,0.6947527333,0.4959725882,0.4287269351,0.09475017617,0.04880247196,0.4421902255,0.1509827119,0.6788448817,0.5630403101,0.2223740767,0.3002233519,0.3012771354,0.4369725864,0.9132135401
425,1,1,1,1,1,0.4381610398,0.905124873,0.4769028338,0.6962510731,0.4961767232,0.4312092944,0.09488372713,0.04885681586,0.4409191718,0.1507184941,0.6768837802,0.5661090704,0.2241989294,0.3000215599,0.3033477521,0.4359314408,0.9138382766
425.5,1,1,1,1,1,0.4378942257,0.9048762391,0.476035377,0.695347239,0.495070963,0.4290427418,0.09488097689,0.04862592232,0.4392304446,0.1520310229,0.6779539002,0.5627064325,0.2232352385,0.2971141845,0.302335765,0.4376557658,0.9138324827
426,1,1,1,1,1,0.435702393,0.9038495344,0.4720599177,0.695029407,0.496462325,0.4260210774,0.09484228435,0.04860288039,0.4383589872,0.152146181,0.6758396371,0.5647259453,0.2242518329,0.2987946865,0.3018887396,0.4386697588,0.9133634571
426.5,1,1,1,1,1,0.4344638558,0.904630375,0.4747735849,0.6931211359,0.4968792487,0.4266885413,0.09533054425,0.04855282485,0.4380200321,0.150515008,0.6739078953,0.5618432804,0.223251332,0.3001593802,0.3006539303,0.4377519375,0.9140202115
427,1,1,1,1,1,0.4309137409,0.9048654757,0.474917256,0.6967152144,0.4963396594,0.4258467098,0.09473239323,0.0486380002,0.4380250676,0.1495782399,0.6714391612,0.5609494279,0.2223635273,0.2994220436,0.301219087,0.4363520291,0.9145219602
427.5,1,1,1,1,1,0.4343941324,0.9044062281,0.475502923,0.6937539912,0.4957199,0.4266309891,0.09462550091,0.04924522976,0.4402462705,0.1508635801,0.6729365333,0.5610528219,0.2212026908,0.2991331094,0.3001234152,0.4358670922,0.9140487372
428,1,1,1,1,1,0.4334747077,0.9039876307,0.4747783689,0.694936821,0.4936274976,0.4292534713,0.09491435991,0.04925946055,0.4385348062,0.1520561995,0.6737918709,0.561307722,0.2225013343,0.2997416722,0.2996954217,0.432838134,0.9139765441
428.5,1,1,1,1,1,0.4351894749,0.9035780413,0.4763752165,0.6957243338,0.4964177367,0.4303404678,0.09475715702,0.04903854071,0.4386665849,0.1521570167,0.6736741236,0.5626726838,0.222976643,0.2958258228,0.2989679965,0.4348938685,0.9143311031
429,1,1,1,1,1,0.4364063712,0.9033537774,0.4768233227,0.6958346162,0.4977525799,0.4309466603,0.09470817351,0.04897774704,0.4389303099,0.1521571838,0.6727210965,0.5591932146,0.2245508914,0.2954517159,0.2983246333,0.432906662,0.9140152338
429.5,1,1,1,1,1,0.4386262785,0.9026217329,0.4736312302,0.6940481825,0.4961942904,0.4281688831,0.0940210068,0.04880881045,0.4397685318,0.1523783001,0.6723888083,0.5607960788,0.2238952458,0.2960217615,0.297194289,0.4345865178,0.914334394
430,1,1,1,1,1,0.4363389584,0.9033070827,0.4729203421,0.6947197436,0.4955390804,0.4269326684,0.09444012818,0.04870171814,0.4401608056,0.1516375287,0.6704197626,0.5629035625,0.2250712252,0.2941641899,0.2991754809,0.4350104335,0.9143619349
430.5,1,1,1,1,1,0.4369044392,0.9035482076,0.4726695991,0.6934729013,0.4981851725,0.4278517239,0.09524524919,0.04892289119,0.4375624222,0.1514108441,0.6699449573,0.5604621147,0.2259111568,0.2953414053,0.2984880157,0.435147665,0.9139424601
431,1,1,1,1,1,0.4345191799,0.9036234775,0.4717066043,0.6941347971,0.5007056049,0.429817155,0.09556973122,0.04931375125,0.4375191716,0.1517703782,0.6710158952,0.5594065366,0.2238964898,0.2963815223,0.2968889791,0.4343889584,0.9133154523
431.5,1,1,1,1,1,0.437340455,0.9025839752,0.4692239051,0.6933773658,0.4991018964,0.4284415275,0.09537541684,0.04957245726,0.436877589,0.1519060358,0.6725568055,0.5586329298,0.2235466637,0.2970077324,0.2967897573,0.4348189813,0.9134621746
432,1,1,1,1,1,0.4370873751,0.9035957795,0.4714793421,0.6901515459,0.4990584153,0.4297116112,0.09556693776,0.04937851565,0.4372259898,0.1508506809,0.6724715452,0.5608104804,0.2219948645,0.2974020433,0.2981151746,0.4339398512,0.9141941316
432.5,1,1,1,1,1,0.4352566085,0.903520244,0.4730156512,0.6900894275,0.5008030272,0.4290027819,0.09513481269,0.04917829483,0.4373665728,0.1508927023,0.6739556275,0.5639122948,0.2223880725,0.2978834474,0.2980733316,0.4327433336,0.9139481765
433,1,1,1,1,1,0.4375059368,0.9036290017,0.4732008707,0.6909128911,0.4978331377,0.4296817275,0.09500785387,0.04891167582,0.4374378237,0.1515526474,0.6762613147,0.5641804888,0.2239978653,0.2983002265,0.2976908981,0.4338318606,0.9145452349
433.5,1,1,1,1,1,0.4389058935,0.9041234464,0.4715286776,0.6910198978,0.4955554875,0.4303650925,0.09438726523,0.04918848896,0.4337966799,0.1523822766,0.6746185843,0.5620891524,0.2229811224,0.298989757,0.298330384,0.4365491157,0.9148668624
434,1,1,1,1,1,0.4390555035,0.9033149757,0.4747873357,0.6925229407,0.4976559762,0.4315692238,0.09403107246,0.04917196949,0.4340640225,0.1507549208,0.6766220313,0.5615272168,0.2229574395,0.2977223516,0.2974733322,0.4376619941,0.9139354781
434.5,1,1,1,1,1,0.4357864694,0.9032409424,0.4758321743,0.6924157905,0.4971076546,0.4310360008,0.09404014982,0.0486832591,0.4355319052,0.149942087,0.6762776303,0.5594907924,0.2224470364,0.2987733257,0.2980875679,0.4394285821,0.914505885
435,1,1,1,1,1,0.4365554202,0.9032157754,0.4723010025,0.6901709717,0.4956150562,0.4296018575,0.09401310933,0.04883005718,0.4348460023,0.151142034,0.6774245692,0.559870245,0.2237016491,0.2986537445,0.2974995174,0.4391837752,0.9148731968
435.5,1,1,1,1,1,0.4338175908,0.9041186603,0.4733919131,0.6895022962,0.4963642152,0.4310825083,0.09378091136,0.04883639375,0.4351041985,0.1516538714,0.6775292224,0.5608834809,0.2243851426,0.2996041001,0.2984569285,0.4395896147,0.9135900435
436,1,1,1,1,1,0.4366206838,0.903704173,0.4743278197,0.6902614667,0.4963336646,0.4302302723,0.09377536292,0.04869032297,0.4343852356,0.1520521594,0.6782444447,0.5627224828,0.2262335277,0.2984855918,0.2985541921,0.4376656621,0.91431128
436.5,1,1,1,1,1,0.436923822,0.9046465556,0.4770979221,0.6921166411,0.493998257,0.4306424964,0.09411693269,0.04820222549,0.4343830309,0.1525188773,0.6793690252,0.5638088911,0.2249893392,0.2985103401,0.2977010963,0.4393039711,0.9138563438
437,1,1,1,1,1,0.4354353117,0.9036822727,0.4755393379,0.6918829077,0.4949485515,0.4291357448,0.09485763967,0.04936109795,0.4342915255,0.1533180987,0.6783345844,0.5654118256,0.2244516688,0.2991261127,0.2982404136,0.4390170147,0.9135007193
437.5,1,1,1,1,1,0.4360540857,0.9028930201,0.4772786329,0.6915117774,0.4947461921,0.4305297424,0.09539121788,0.04905905642,0.4332234404,0.1539350945,0.6768662519,0.5654971322,0.225053669,0.2969874821,0.2984865379,0.4356762604,0.9128442048
438,1,1,1,1,1,0.4352180242,0.9028721235,0.4758766386,0.6911717286,0.4983071326,0.4283216736,0.09442922354,0.04898295514,0.4358026328,0.1540733376,0.6803310892,0.5665484421,0.2245119668,0.2948667803,0.3000952186,0.4381993696,0.9135552278
438.5,1,1,1,1,1,0.4355014818,0.9034739271,0.4754660639,0.6921703373,0.4990471998,0.4272486781,0.09461338177,0.04893984997,0.4343513617,0.1543207769,0.6788476471,0.5631561223,0.2261372385,0.2976318771,0.2999136458,0.4372286894,0.9141606138
439,1,1,1,1,1,0.4348566745,0.9035481371,0.4747147188,0.6927447324,0.4980700863,0.4293475443,0.0943853351,0.04844478023,0.4342808525,0.1547424865,0.6788061011,0.5623244159,0.2270577282,0.3000672565,0.3004384866,0.4371603003,0.9136783989
439.5,1,1,1,1,1,0.4328131463,0.9034927986,0.476017508,0.6953686041,0.4957355321,0.4318336045,0.09352096542,0.04852006013,0.4323418717,0.1543383344,0.6794445772,0.5619566414,0.2276786329,0.2978805916,0.2996578041,0.4386470092,0.9127525634
440,1,1,1,1,1,0.4332463317,0.9036987817,0.4748595546,0.6952798786,0.4952799659,0.4294931032,0.09241131249,0.04831529564,0.4312472078,0.1516291309,0.6766901241,0.5609954144,0.2287849414,0.2979565331,0.2991590522,0.4388313484,0.9125249697
440.5,1,1,1,1,1,0.4365329199,0.9041557044,0.4763570307,0.6958960433,0.4960711438,0.4312563042,0.09264190752,0.0483251207,0.432245904,0.1510490356,0.673307956,0.5624450342,0.2271850419,0.2991036046,0.2995466406,0.4367085883,0.9118143613
441,1,1,1,1,1,0.4391713999,0.9037452939,0.4748991174,0.6979675134,0.4958592678,0.430478353,0.09237660532,0.0483535208,0.4331567612,0.149685756,0.6751728824,0.5615436139,0.2276113486,0.3014183052,0.2986220605,0.4373490111,0.9121485942
441.5,1,1,1,1,1,0.4383446885,0.9035379085,0.4767691879,0.6968515953,0.4963236655,0.4326547468,0.09269037259,0.04852009395,0.4321511195,0.1498561177,0.6763353323,0.560223907,0.2267724465,0.3010530844,0.2978864961,0.4395580158,0.9115558584
442,1,1,1,1,1,0.435794372,0.9036935637,0.478132224,0.6954792914,0.4971948856,0.4315625393,0.09386363245,0.04884412422,0.4316566412,0.149873581,0.6749026557,0.5644678418,0.2261519577,0.3009931591,0.2968155589,0.4415266783,0.9122607934
442.5,1,1,1,1,1,0.4359932346,0.9043476208,0.4749960534,0.6937485009,0.4974850193,0.4337569211,0.09390043925,0.04884507926,0.4300568472,0.1492463047,0.6743194144,0.562469445,0.2236815085,0.3014362068,0.2975387997,0.4412282683,0.9120255728
443,1,1,1,1,1,0.4335655184,0.9037377826,0.4751995742,0.6928558549,0.4998788051,0.4317696384,0.0942104933,0.04870928946,0.4301615545,0.1497272181,0.6726543164,0.563496736,0.2244624004,0.3025783128,0.2979605043,0.4410606624,0.9120545085
443.5,1,1,1,1,1,0.4337635195,0.9037411228,0.4752816322,0.6920204097,0.499117237,0.4305210409,0.09395675229,0.04843870644,0.4306008365,0.1504767257,0.6711139459,0.5633591086,0.2246238549,0.3024291374,0.2983699982,0.4428036308,0.9117416259
444,1,1,1,1,1,0.4367858673,0.9034215305,0.4748709131,0.6934829374,0.4970286209,0.4343246471,0.09351851452,0.04860180149,0.4280380677,0.1515873864,0.6697743115,0.5615213736,0.2233149862,0.3029803066,0.3003696284,0.4411547272,0.9115721973
444.5,1,1,1,1,1,0.4375521115,0.9038591643,0.4742565897,0.6941534767,0.4984046251,0.431715724,0.09444978914,0.04887116848,0.428884952,0.1511549518,0.6686264683,0.5610037083,0.2251097772,0.3025014055,0.301106537,0.4403304838,0.911422701
445,1,1,1,1,1,0.4361159861,0.9044907576,0.4745940482,0.6969294529,0.5009109205,0.4311709062,0.09484857058,0.04920533519,0.4287497695,0.1489074996,0.6672178861,0.5600273448,0.2257976609,0.3007410618,0.3003834648,0.4407253993,0.9115559705
445.5,1,1,1,1,1,0.4356270872,0.9046875199,0.4763371153,0.6938300898,0.5008959367,0.4312509701,0.09528445846,0.04921102418,0.4286917412,0.1485546247,0.6687333351,0.5581239091,0.2249657531,0.3007197472,0.3001457982,0.4415753089,0.9116263286
446,1,1,1,1,1,0.4366748505,0.9042966206,0.4769985613,0.6928833574,0.5012523608,0.4314188869,0.09518416189,0.04893657724,0.4288231864,0.149620566,0.6681831035,0.559651878,0.2238731552,0.2989558167,0.2996794125,0.4404640116,0.9123764871
446.5,1,1,1,1,1,0.4359262406,0.9044716309,0.475454113,0.6931076093,0.4972245968,0.4285120053,0.09546767861,0.04845212209,0.4261505872,0.1499228698,0.6692739234,0.5584799815,0.2237617958,0.2973493469,0.2987806295,0.4406036389,0.9125426921
447,1,1,1,1,1,0.437989764,0.9053580619,0.4773450136,0.6931902548,0.4999413733,0.4279226779,0.09553162375,0.04854274723,0.4244437373,0.1501262692,0.6710395628,0.56031015,0.221689903,0.2971731251,0.2995893297,0.4402249186,0.9126423395
447.5,1,1,1,1,1,0.4365030233,0.9059571624,0.4761621169,0.6936432941,0.4993193072,0.4288688647,0.09591644986,0.0483636066,0.4267390019,0.1498552789,0.6722099084,0.5603156325,0.2206297475,0.296272622,0.3007340722,0.4381764198,0.9130916175
448,1,1,1,1,1,0.4362576301,0.9055156961,0.4761241448,0.6942772106,0.4983962538,0.4297707557,0.09524226993,0.04857776349,0.4286758308,0.1496111952,0.6731392532,0.5604494536,0.2184820858,0.2967431873,0.3012731579,0.4356758538,0.9135445931
448.5,1,1,1,1,1,0.4375359938,0.9050519926,0.4744655726,0.694373691,0.498436933,0.431173737,0.09470693324,0.04907714136,0.427372389,0.1496382755,0.6731424696,0.5607354879,0.2202170453,0.2957869193,0.2981932764,0.4360328079,0.9137256378
449,1,1,1,1,1,0.4413614792,0.9049385013,0.4752602716,0.6940434294,0.4964256906,0.4285369523,0.09486051222,0.04878682399,0.4263635492,0.150840665,0.673922028,0.5625736939,0.2214666647,0.2973621822,0.2950138702,0.437248307,0.9136032219
449.5,1,1,1,1,1,0.4382220693,0.9046715911,0.474500436,0.6967083055,0.4972304903,0.4280014106,0.09526616859,0.04872139705,0.4286181392,0.1506793238,0.6734899478,0.5615848131,0.2247295845,0.2979075757,0.2955358461,0.4388486166,0.9131708398
450,1,1,1,1,1,0.4378235302,0.9048566188,0.4736572499,0.6950510726,0.4984041101,0.4262372572,0.09581804325,0.04859415629,0.4279990014,0.1511929078,0.6739332524,0.5617952647,0.2246031559,0.2987959876,0.2956433956,0.4411560987,0.9129469302
450.5,1,1,1,1,1,0.4333941232,0.9043380782,0.4767327321,0.6952236755,0.5000087029,0.4269934931,0.09626185155,0.04896706362,0.4300450202,0.1515103668,0.6721012155,0.5617388148,0.2253381114,0.2987775733,0.2983525486,0.4426617663,0.9135346035
451,1,1,1,1,1,0.4343473116,0.9039910462,0.4768935209,0.6958341631,0.4998227085,0.4289077368,0.09606816604,0.04923479936,0.4309048271,0.1511262323,0.6720977534,0.5635856053,0.2244162527,0.2990109995,0.2984786116,0.440898527,0.9131846971
451.5,1,1,1,1,1,0.4351306539,0.904778391,0.4818514125,0.6945544608,0.4970081734,0.4268970485,0.09503645349,0.04913018403,0.4304749448,0.1509110734,0.668861862,0.5633572919,0.224437977,0.297732079,0.2984119145,0.4394290256,0.9131341986
452,1,1,1,1,1,0.4369899759,0.9047310347,0.4773023479,0.6947401789,0.4974801125,0.4243360105,0.09617041243,0.0496048852,0.4296587172,0.1507275461,0.6702478063,0.5632405292,0.2253001837,0.3001029054,0.2981672616,0.4415921104,0.9126720787
452.5,1,1,1,1,1,0.4379812903,0.9045268252,0.477195824,0.6961535866,0.4968077201,0.4235597313,0.09541404738,0.04865236358,0.4299027036,0.1515359955,0.6696025305,0.562141394,0.2261913011,0.3013911316,0.2994089326,0.4413099156,0.9131137104
453,1,1,1,1,1,0.4370501199,0.9048726868,0.4772469811,0.6969920378,0.4947813275,0.4237805881,0.0951866005,0.04916503234,0.4294520909,0.1517520883,0.6688182337,0.5642686892,0.22855098,0.300921019,0.2997467878,0.4376028476,0.9136143283
453.5,1,1,1,1,1,0.4389920925,0.9046834492,0.4771946081,0.6951946363,0.4966092279,0.4255595869,0.09530735325,0.04945272403,0.4290936199,0.1521000457,0.6648243429,0.562255553,0.2283077885,0.301688678,0.3001569391,0.4384847192,0.9133208895
454,1,1,1,1,1,0.4389673111,0.9042902478,0.4756215686,0.692494353,0.4967550018,0.4293935911,0.09471873528,0.04930295173,0.4276950346,0.1515019242,0.6647297231,0.5608766553,0.2304477503,0.3016185166,0.2991687959,0.4417522653,0.9137056138
454.5,1,1,1,1,1,0.4375529647,0.9037011068,0.4763268688,0.6922796914,0.49571974,0.4280436274,0.09408199644,0.04936313056,0.4276320435,0.1520116605,0.6626375905,0.5591281816,0.229420465,0.302323859,0.3021123202,0.4421573426,0.9136840803
455,1,1,1,1,1,0.4364840512,0.9043317342,0.4755625551,0.6947486016,0.4937172128,0.4303959432,0.09434282265,0.04923404343,0.4286829286,0.1532160467,0.6618138802,0.5603525299,0.2273034548,0.3035518975,0.3030936532,0.4427039375,0.9131283669
455.5,1,1,1,1,1,0.4364179382,0.9035606183,0.4767846378,0.6931677831,0.4953487212,0.4301159485,0.09410197064,0.04867287784,0.4278228544,0.154366064,0.6617812541,0.559457081,0.2266664027,0.3015750956,0.3022757208,0.4433100564,0.9131486268
456,1,1,1,1,1,0.4359041014,0.9042382124,0.4773487842,0.6914751619,0.4970133832,0.4315988838,0.09426811536,0.04853136686,0.4262186197,0.1538314766,0.6629112739,0.558929512,0.2239996054,0.3019504083,0.3017729212,0.4455461649,0.9128507037
456.5,1,1,1,1,1,0.4368870812,0.9039900601,0.4744369813,0.6941977426,0.4956737958,0.4291414084,0.09410085748,0.04840897764,0.4294285396,0.1522762709,0.6638251294,0.5592802907,0.2242131212,0.304877551,0.3010253404,0.4464411821,0.9127680681
457,1,1,1,1,1,0.4373482943,0.9034908429,0.474594828,0.6935896991,0.4944160589,0.4287347644,0.09439292591,0.04876228155,0.429558836,0.1517550529,0.6664846376,0.5591345813,0.2216237147,0.3057987778,0.2995350097,0.4476192003,0.9117720428
457.5,1,1,1,1,1,0.4371979659,0.9037612726,0.4741358994,0.6924582873,0.4964844207,0.4281600566,0.09453987935,0.04824006985,0.4286344507,0.1500403653,0.6667458274,0.5584057868,0.2218863752,0.3033675434,0.3008686758,0.4470888674,0.9121849526
458,1,1,1,1,1,0.4388286597,0.9037382282,0.4713860444,0.6918885882,0.4973761981,0.4281732325,0.09552910548,0.04815552538,0.4308744908,0.1496210061,0.6676050961,0.5594481175,0.2215438559,0.3007343396,0.3025800098,0.4488441678,0.9117120317
458.5,1,1,1,1,1,0.4403173092,0.9037765818,0.4735151912,0.6932306718,0.4969829055,0.4272616879,0.09534238954,0.04856560122,0.4304473091,0.150187082,0.6642205246,0.5616623176,0.2204129208,0.2978927239,0.3023893117,0.4475392805,0.9119785858
459,1,1,1,1,1,0.4403784845,0.9036243522,0.4725743886,0.6929749735,0.4956809248,0.4286377105,0.0947867364,0.04840742373,0.4315314097,0.1514975342,0.6632406336,0.5590743153,0.2217878475,0.2986414787,0.301576351,0.4469627371,0.9115675144
459.5,1,1,1,1,1,0.4417828971,0.902863948,0.4740793118,0.6923613836,0.4962008216,0.4299376819,0.09440531269,0.0489902881,0.4326284364,0.1514345619,0.6652422065,0.5589651593,0.2213878599,0.2977698557,0.3009258317,0.4439272473,0.9110640934
460,1,1,1,1,1,0.4393659366,0.903432083,0.4740860079,0.6944611246,0.4947852254,0.4306603158,0.09418622837,0.04920084057,0.4337233159,0.1521093909,0.6654627072,0.5609542429,0.2223606495,0.2973607274,0.3019251846,0.4450758215,0.9105616339
460.5,1,1,1,1,1,0.4394913168,0.903032128,0.4759302139,0.6957195225,0.4957023579,0.4285988773,0.09388623918,0.04914482674,0.4347456725,0.1527851976,0.665285918,0.5634501815,0.2227515776,0.2952361962,0.3003158828,0.4493628375,0.9111215431
461,1,1,1,1,1,0.4370127926,0.9026962518,0.4751205921,0.697361367,0.4959638771,0.4312392845,0.09432898907,0.04851777302,0.4360040514,0.1532252531,0.668577966,0.5629361102,0.2232412359,0.2961692671,0.3000797026,0.4493910113,0.9113485066
461.5,1,1,1,1,1,0.4354603422,0.9028590288,0.4758279756,0.696507995,0.4956755627,0.431070134,0.0936845581,0.04832146961,0.4370996332,0.1530830554,0.6693972436,0.5631625227,0.2227092466,0.2964681778,0.299109575,0.4458553014,0.9107982152
462,1,1,1,1,1,0.4344784814,0.9031506054,0.4755710332,0.6974970896,0.4994524763,0.4356012385,0.09449195043,0.04875476992,0.4367568668,0.1527998281,0.670491193,0.562086737,0.2224801708,0.297414035,0.298471472,0.4464839644,0.9116449732
462.5,1,1,1,1,1,0.4334734388,0.9022502987,0.4764143298,0.6974386755,0.5002042735,0.4359703661,0.0944876575,0.04840158435,0.4371194229,0.1528235196,0.6695075096,0.5631657876,0.2198002626,0.2978366843,0.2994326859,0.4453537071,0.9123972201
463,1,1,1,1,1,0.4366007239,0.9029866311,0.474822871,0.6970555605,0.4987830032,0.4350633912,0.09393965982,0.04816155997,0.4383609571,0.1525326142,0.6704981915,0.5620747348,0.2217019554,0.2990145126,0.2997294131,0.4455085194,0.9115299926
463.5,1,1,1,1,1,0.4370992091,0.9032710213,0.4741880539,0.6957137198,0.4978006083,0.4347979166,0.09408486065,0.04847634305,0.437940737,0.152432204,0.6717864425,0.5637276609,0.2229841993,0.2984962155,0.2994028087,0.4436817526,0.9116437899
464,1,1,1,1,1,0.4370930809,0.9038474197,0.4778443057,0.6957293591,0.4977273319,0.4366988102,0.09446394179,0.04864947286,0.4360659068,0.1510595505,0.6739068469,0.5610706074,0.2222769138,0.2996007774,0.3010173742,0.4424393331,0.9116011732
464.5,1,1,1,1,1,0.4384179724,0.9041749938,0.476260322,0.6960038336,0.4986164688,0.4349888796,0.0947229778,0.04895598006,0.4332639342,0.1504606716,0.6751177081,0.5648237832,0.2246200485,0.2990661157,0.2991827154,0.4440824591,0.9113736402
465,1,1,1,1,1,0.4373725102,0.9040022842,0.4756331695,0.6962239782,0.5004941862,0.4341565927,0.09543476421,0.04811643468,0.433000222,0.150767188,0.6777708374,0.5657622141,0.2232795372,0.2984757702,0.299224974,0.4423001643,0.9111958678
465.5,1,1,1,1,1,0.4359394099,0.9043457188,0.4750760645,0.6967210939,0.5010978675,0.4317048188,0.09536220043,0.04845759393,0.4328265185,0.1498001937,0.6792156945,0.5671428832,0.2237321876,0.2968063302,0.2976411401,0.4414851713,0.9108855517
466,1,1,1,1,1,0.4363400113,0.9046453651,0.4739112359,0.6941350502,0.5010086307,0.434166371,0.09560975022,0.04842233571,0.4373854935,0.1500133199,0.6774602846,0.566031858,0.2246537515,0.2987586093,0.2973389015,0.4423714687,0.9109324181
466.5,1,1,1,1,1,0.4385240278,0.9033259744,0.4723619361,0.6974051546,0.4988200935,0.4343276805,0.09585806844,0.04873173461,0.4363861408,0.1489515539,0.679378263,0.5654928129,0.2255446016,0.2991002163,0.297646328,0.4428619839,0.9109287641
467,1,1,1,1,1,0.4372970779,0.9029973338,0.473402852,0.6975253843,0.4984171467,0.4327580007,0.09586591023,0.04895138842,0.4356549701,0.1504824969,0.6781571,0.5633284204,0.2246554914,0.2992354239,0.2991860823,0.4418537619,0.9112104813
467.5,1,1,1,1,1,0.4378705582,0.9026536719,0.4753902836,0.6953201259,0.4951963739,0.4300604642,0.09573399445,0.04902191504,0.4342839685,0.1503274255,0.6757632365,0.5636819714,0.2259221254,0.2978517588,0.2979243122,0.4438148324,0.9124443336
468,1,1,1,1,1,0.437460574,0.9027423645,0.4735804577,0.6954083872,0.4952864928,0.431530732,0.09516957647,0.04927447081,0.4382414917,0.1507683001,0.6756410228,0.5628145328,0.2239888734,0.2985998076,0.2973339912,0.4422648596,0.9122098798
468.5,1,1,1,1,1,0.4386391464,0.9032503316,0.4742282862,0.693303923,0.4957810792,0.4303025826,0.09418685117,0.048876587,0.4361626661,0.1496003047,0.6752945726,0.5636627325,0.224480703,0.2975495045,0.2962907476,0.4438821942,0.9124161815
469,1,1,1,1,1,0.4384870439,0.9034370231,0.4747305562,0.6953649754,0.4972050841,0.431063864,0.09423587075,0.0490263125,0.4371296559,0.1499803144,0.6756977818,0.565243956,0.2243558128,0.2968484695,0.2977753771,0.4437468331,0.911861289
469.5,1,1,1,1,1,0.4397245843,0.9036613198,0.475276015,0.6936535908,0.4993454425,0.4280621716,0.09383665789,0.04886769113,0.4367591624,0.1522633037,0.6757485674,0.563853411,0.2229306441,0.2979384909,0.2989364152,0.4404929098,0.9115966118
470,1,1,1,1,1,0.4388029733,0.9043650333,0.474221942,0.6954337282,0.4981340815,0.4309418342,0.09460765192,0.04839115512,0.4367745962,0.1509585325,0.6771366669,0.5640668266,0.2215595691,0.2974550564,0.2998341912,0.4354744381,0.912105327
470.5,1,1,1,1,1,0.4392573682,0.9038916065,0.4751764323,0.6967146843,0.4997348329,0.428964161,0.09509767827,0.04837559116,0.4357040439,0.1508520968,0.677115121,0.562770461,0.2224829314,0.2990653716,0.3017243289,0.436656101,0.913870986
471,1,1,1,1,1,0.4371596034,0.9037389166,0.4749243271,0.6963557133,0.4987871366,0.4279972971,0.09429952909,0.04888494685,0.4323475525,0.1498807262,0.6785693563,0.5610296573,0.2235841708,0.2989946635,0.301461839,0.4364869736,0.9150163993
471.5,1,1,1,1,1,0.4372671517,0.904128345,0.4761086258,0.6959441917,0.4978013533,0.4306579917,0.0942574037,0.04855091714,0.4332861593,0.1517109695,0.6762127059,0.5633574653,0.2240086412,0.2992709528,0.3042842083,0.4361605733,0.9148400722
472,1,1,1,1,1,0.4370524547,0.9040140829,0.4771754444,0.6985896686,0.4956992199,0.4289089315,0.09499578128,0.04862426081,0.4308814855,0.1531102779,0.6759652911,0.5635725783,0.2239805104,0.2987216387,0.3019274593,0.4356641856,0.9148714455
472.5,1,1,1,1,1,0.4350297849,0.9038130567,0.4759396236,0.6985420705,0.4943082947,0.4304330904,0.09608346369,0.0485194808,0.4328170189,0.1534412658,0.6775107016,0.5621438977,0.2236543827,0.2988986828,0.2994195226,0.434866586,0.914333468
473,1,1,1,1,1,0.4366445783,0.9042653288,0.4758538646,0.6982221373,0.4950935647,0.4294298313,0.09585718339,0.04883547848,0.4318737876,0.1522802129,0.6767398589,0.5588351965,0.2225171614,0.3007258823,0.3019906878,0.4361532239,0.914798667
473.5,1,1,1,1,1,0.4369200632,0.9049562019,0.4765608065,0.6955054635,0.4953097584,0.4272587249,0.09574131927,0.04851757728,0.4326589178,0.1532056695,0.6772419372,0.561113842,0.2217649319,0.2980231478,0.3022013762,0.4353689341,0.9138050313
474,1,1,1,1,1,0.4346509663,0.904150147,0.475416947,0.6963248319,0.4957077277,0.4267545287,0.09581500474,0.04876434262,0.4339855941,0.1525896356,0.6766676839,0.5642336939,0.2220553558,0.2971247727,0.3021005484,0.434721913,0.9130370738
474.5,1,1,1,1,1,0.4329433057,0.9047257409,0.475027035,0.6989130347,0.4961948225,0.4263144488,0.09484912938,0.04861507658,0.4342764468,0.1520501286,0.6754153736,0.5635289132,0.2213843014,0.2965242795,0.3038764413,0.4304594508,0.9137814543
475,1,1,1,1,1,0.4332389154,0.9053987977,0.4760636067,0.6992354537,0.4939957811,0.4249952965,0.09402438024,0.04918381028,0.4369702489,0.1525257079,0.6780985755,0.5641329413,0.2240434673,0.297370342,0.3041039634,0.4293691053,0.9129364457
475.5,1,1,1,1,1,0.4350775629,0.9049541316,0.4752344646,0.6983572653,0.4935754109,0.4251016701,0.09386499175,0.04908371762,0.4358936371,0.1520901797,0.6771849713,0.563103119,0.2247569421,0.297341305,0.3026706899,0.432059737,0.9123942123
476,1,1,1,1,1,0.4346152992,0.9045850761,0.4757152563,0.6974777738,0.4951365386,0.4250491622,0.09420521789,0.04895989587,0.4366408547,0.1531473003,0.6738591279,0.56426147,0.2252986861,0.2981627004,0.3009706897,0.4297264042,0.9123562301
476.5,1,1,1,1,1,0.4378260179,0.9038559951,0.4772133777,0.6978478968,0.4941241745,0.4287421135,0.09480213051,0.04888834738,0.4330237169,0.1536250923,0.6747023412,0.5670511264,0.2252186875,0.2953785419,0.2982261153,0.4305481556,0.9126925834
477,1,1,1,1,1,0.4383001568,0.9041564476,0.4763170129,0.6957635856,0.4964932557,0.4301085227,0.09524103118,0.04885107454,0.4322938203,0.1527391922,0.676580471,0.5676542671,0.2257325586,0.2961984776,0.2980266297,0.4333797757,0.9128784937
477.5,1,1,1,1,1,0.4364745035,0.9043171234,0.4741024866,0.694322184,0.4978552736,0.428864491,0.09545794059,0.04936067623,0.4332087276,0.1534005292,0.6750549465,0.5671954892,0.2271846508,0.2960594304,0.2993964395,0.4357049952,0.911515301
478,1,1,1,1,1,0.4365594609,0.9042644071,0.4732590838,0.6939270835,0.498733232,0.425574823,0.09525537173,0.04891960051,0.4331111015,0.1550613348,0.6753610582,0.5663669592,0.2276822468,0.2964744134,0.2987960548,0.4332988853,0.9112444975
478.5,1,1,1,1,1,0.4381652139,0.9031405853,0.4766010074,0.6937886915,0.498057367,0.4250824573,0.09542038179,0.04881121521,0.4340470141,0.1533938743,0.6772467458,0.5685353828,0.2278138765,0.2976190957,0.2980770616,0.4323720731,0.9109718665
479,1,1,1,1,1,0.4393438495,0.9029412758,0.4751022232,0.6933739571,0.498223659,0.4257327334,0.09428318408,0.04906284935,0.4357873931,0.1532268292,0.6801719143,0.5670683679,0.2277683532,0.2955441079,0.2965019637,0.4321070798,0.9107105121
479.5,1,1,1,1,1,0.4371713665,0.903446519,0.4764753911,0.6920008216,0.4970774233,0.4273054803,0.09469806972,0.04931891635,0.4374150922,0.1531901756,0.6791575173,0.5668582688,0.2270256847,0.2988396256,0.2964218881,0.4307467677,0.9101645718
480,1,1,1,1,1,0.4372911177,0.9040467646,0.4773752837,0.6931376636,0.4980343076,0.4289492464,0.09486548132,0.04935158117,0.4349983271,0.1541578298,0.6795051075,0.5655111399,0.2256389485,0.297104436,0.2982136777,0.4303351056,0.91110366
480.5,1,1,1,1,1,0.4382797092,0.9040760201,0.4791166405,0.6948432938,0.4963467179,0.4307617541,0.09462384328,0.04900228907,0.4374446884,0.1538961328,0.6810219753,0.5652263844,0.2238285695,0.2999767426,0.299196503,0.4317834846,0.9108962186
481,1,1,1,1,1,0.4365715873,0.9042430604,0.4783595104,0.696170453,0.4955145141,0.4305368301,0.09395238745,0.04876665532,0.4340411405,0.1534640056,0.6834263301,0.565483458,0.2256897276,0.3011331995,0.3012340394,0.4307168562,0.9108681392
481.5,1,1,1,1,1,0.4376078066,0.904129647,0.4779001435,0.6938506037,0.4960630844,0.4299482998,0.09399976964,0.04879941257,0.4357464905,0.1526282675,0.6803592923,0.5641593037,0.2271457904,0.3002624267,0.3014094539,0.4364831634,0.9106964265
482,1,1,1,1,1,0.4364371459,0.9047633314,0.4779398719,0.6946484241,0.496390803,0.4285470885,0.09467460413,0.04825681771,0.434572893,0.1525525043,0.6820561066,0.5634678665,0.2251614786,0.300598497,0.3030424422,0.4380554231,0.9110407291
482.5,1,1,1,1,1,0.4357087842,0.9051052995,0.476894561,0.6949439495,0.4972803728,0.4276610861,0.09377038496,0.04795509061,0.4347578734,0.1518209473,0.6813754842,0.5651011586,0.2249020373,0.3017489632,0.3033438956,0.4360561729,0.9103779931
483,1,1,1,1,1,0.4336031691,0.9042267376,0.4786489731,0.694575504,0.4971147685,0.4290425732,0.09443168551,0.04841540477,0.4359685969,0.1520808416,0.6806676021,0.5633146079,0.2261535864,0.3023489913,0.3000903539,0.4371398608,0.9114231909
483.5,1,1,1,1,1,0.4337960273,0.9038178135,0.476124303,0.6944179698,0.4970453001,0.425874781,0.09429523855,0.04886230564,0.4366398258,0.1518217247,0.6803953862,0.5612904905,0.2260019445,0.301480775,0.2967969204,0.4408437313,0.9122515407
484,1,1,1,1,1,0.4374616756,0.9038524212,0.4764644165,0.6930951395,0.4991581768,0.4260304273,0.09406745825,0.04891749592,0.434613499,0.1505768426,0.6823855529,0.5599245277,0.2253905799,0.3002730347,0.2973813303,0.4420065107,0.9121055097
484.5,1,1,1,1,1,0.437578135,0.9037249926,0.4750688445,0.693073645,0.497281359,0.4264676188,0.09460160386,0.04905998689,0.4323875872,0.1500939873,0.6829889818,0.5618866961,0.2242721399,0.2986220276,0.2971931728,0.4441641339,0.9118611546
485,1,1,1,1,1,0.4376282356,0.9036218295,0.4748450516,0.6929827501,0.4974670781,0.4264373734,0.09458501414,0.04890106907,0.4311560634,0.1504435,0.6824184098,0.562898526,0.2241331153,0.2978705514,0.2969666695,0.4447839893,0.9111208124
485.5,1,1,1,1,1,0.4364596831,0.9038834,0.4772293048,0.6949496952,0.4974255291,0.4262123251,0.09386879302,0.04882418583,0.4322657378,0.1502081083,0.6813761816,0.5654000871,0.2241191641,0.2982701091,0.2968344872,0.443382243,0.9108353471
486,1,1,1,1,1,0.4347817807,0.9046973001,0.4791348642,0.6939627259,0.497555075,0.4276270912,0.09352944013,0.04896666662,0.4317422839,0.1503365068,0.6809677619,0.5656898004,0.2235716846,0.2979165483,0.2972264148,0.4423412617,0.911206128
486.5,1,1,1,1,1,0.4324925194,0.9035592725,0.4796306483,0.6945160803,0.4967069978,0.4272569623,0.0938711305,0.04891261015,0.4320926438,0.1510357879,0.6818918866,0.567251682,0.2254898501,0.2968630831,0.2971045762,0.4412217103,0.911870682
487,1,1,1,1,1,0.4341994306,0.905108469,0.4775520552,0.6931726939,0.4957263472,0.4278127831,0.09316254957,0.04854193869,0.433169494,0.149325927,0.6832149678,0.5660999334,0.2243191242,0.2978144028,0.2989605517,0.4397776044,0.9113092722
487.5,1,1,1,1,1,0.4338570678,0.9047357584,0.4762832324,0.694217872,0.4919500782,0.4273020621,0.09347358233,0.0482501908,0.43515187,0.1507481561,0.6835473942,0.5665180211,0.2251209068,0.2978834251,0.2991495537,0.4418485169,0.9106039661
488,1,1,1,1,1,0.4372461067,0.9049127857,0.4774195379,0.6938973811,0.4933071023,0.4275024531,0.09360942453,0.04796966438,0.4344816767,0.1499562315,0.680067168,0.5659241407,0.2251396648,0.2957615003,0.2992380799,0.4403688588,0.9118607005
488.5,1,1,1,1,1,0.4369057583,0.9053423797,0.4778435986,0.6937372538,0.4928659639,0.4269060283,0.09408748437,0.04794182475,0.435066061,0.1494185819,0.6786144606,0.5643814547,0.2240873968,0.2967361457,0.2980962233,0.4404148086,0.9120969382
489,1,1,1,1,1,0.4345469912,0.9036794014,0.4768183643,0.6935101963,0.4921429242,0.4265827995,0.09389974816,0.04804870517,0.4374844865,0.1499995469,0.6794372452,0.5653631146,0.2232685008,0.2967898225,0.298104307,0.4399340337,0.9126717409
489.5,1,1,1,1,1,0.4340360839,0.9045927929,0.4782019475,0.6924575829,0.4946086293,0.4256896309,0.09457267885,0.04844740151,0.4353436733,0.1504230223,0.6784517709,0.563772149,0.2237399567,0.2955500248,0.2957475854,0.4419890267,0.9117922439
490,1,1,1,1,1,0.4363511975,0.905191697,0.4770681606,0.6912445031,0.4939179048,0.4290237766,0.09392759701,0.04858143713,0.4325538179,0.1506404658,0.6786582643,0.5625467286,0.2233545056,0.2968329083,0.2975448802,0.4426399477,0.9123663131
490.5,1,1,1,1,1,0.4367672229,0.9052562041,0.4751686757,0.6908334436,0.4949439196,0.4295684521,0.09390625259,0.04884799086,0.4339658159,0.1499641855,0.6772357442,0.5621727748,0.222960148,0.2966136004,0.3008412627,0.4434393024,0.911484935
491,1,1,1,1,1,0.435216717,0.9060458287,0.4752992254,0.6921380073,0.4978841072,0.4294867926,0.09390555707,0.04875844185,0.4312496811,0.1493712019,0.6782571401,0.5656671748,0.2215904512,0.2978528237,0.2982326784,0.4440936978,0.9103410041
491.5,1,1,1,1,1,0.4350926423,0.9048996182,0.4741209792,0.6907196633,0.4982867286,0.4286480107,0.09422833836,0.04848296286,0.4301357294,0.1476506611,0.6786134744,0.5646817803,0.2244989061,0.2989328011,0.2980625101,0.4435921311,0.9110350481
492,1,1,1,1,1,0.4346539798,0.9042831264,0.4744886899,0.6925634398,0.4951948624,0.4268791855,0.0943621692,0.04834529297,0.426743948,0.1479773003,0.6801227793,0.5635824214,0.2252645409,0.2983167632,0.2994767655,0.4447557032,0.9105565937
492.5,1,1,1,1,1,0.4349891704,0.904254363,0.4762055745,0.6933275303,0.4949262331,0.4290671158,0.0950832369,0.04874145487,0.4252791004,0.1480622357,0.6786936123,0.5616467741,0.225375354,0.3001269322,0.2994833754,0.4446497394,0.9110592045
493,1,1,1,1,1,0.4366125022,0.9032862511,0.4778288123,0.6931577977,0.4965921359,0.4283948744,0.094210516,0.04877289254,0.4238354085,0.1497043635,0.678026452,0.5606684179,0.2258533786,0.3000606908,0.2993680309,0.4424421066,0.910795609
493.5,1,1,1,1,1,0.4358402943,0.9025141751,0.477574555,0.6918051732,0.4986308992,0.4281495656,0.0942308031,0.0486571191,0.4240144865,0.1497577876,0.6756020455,0.5632480134,0.2244811065,0.2992504938,0.2995150071,0.4420622853,0.9112705677
494,1,1,1,1,1,0.4367669992,0.9022916362,0.4779178611,0.6930077477,0.4976244118,0.4261677831,0.0946242838,0.04850381269,0.4245796443,0.14959368,0.6730415895,0.5595725991,0.2254353572,0.2998572935,0.3011500165,0.4411790692,0.9113115687
494.5,1,1,1,1,1,0.4361927851,0.9022121931,0.4760741833,0.6935386609,0.5002179229,0.426369327,0.09463542139,0.04869205669,0.428690231,0.1501896144,0.6751312552,0.5611588309,0.2252369919,0.3010563009,0.3017130128,0.4393376577,0.9119636157
495,1,1,1,1,1,0.4369176843,0.9026580785,0.4755860184,0.6904379706,0.4991086755,0.4294671237,0.09381732442,0.04927219244,0.4262656308,0.1502406855,0.6748320473,0.562060308,0.2251740043,0.298496273,0.299379447,0.436723334,0.9113365307
495.5,1,1,1,1,1,0.4359712986,0.9025515492,0.4750158054,0.6914241775,0.4987591998,0.4290092843,0.0933345443,0.04852952308,0.4240762839,0.1516691687,0.6770078258,0.5610138029,0.224688833,0.2982382972,0.3014361386,0.4400955115,0.911092244
496,1,1,1,1,1,0.4395527255,0.9035517646,0.4754193052,0.6904250046,0.4972629603,0.4306146527,0.09368093689,0.04842137605,0.4229547928,0.1530057878,0.6779343281,0.5601585333,0.2240796745,0.2981948259,0.3011504047,0.4400437471,0.9105544536
496.5,1,1,1,1,1,0.4381878059,0.9046825749,0.4754537651,0.6933919739,0.4959310622,0.4279219296,0.09351793149,0.04827784751,0.4219423403,0.1516280606,0.6788925305,0.5585818001,0.2237190421,0.2981757993,0.3021314461,0.4408425889,0.9106096317
497,1,1,1,1,1,0.4384775298,0.9051463962,0.4719707287,0.6930469535,0.4980460061,0.4278813816,0.09409868904,0.04878289962,0.4249744784,0.1518070206,0.6803087171,0.5609401248,0.2227853711,0.2987972532,0.3016380489,0.4413563451,0.9110228998
497.5,1,1,1,1,1,0.4400078511,0.9046788271,0.4720244282,0.6928624948,0.5000185291,0.4260476571,0.0948372576,0.04875315867,0.4234007508,0.1515190119,0.6816320467,0.5611698014,0.2222914038,0.3011438287,0.3034438485,0.4411210061,0.9116196886
498,1,1,1,1,1,0.4387254285,0.9049076341,0.4733756359,0.6911353178,0.4999556293,0.4253160459,0.09545381575,0.0488408866,0.4244950994,0.1527476799,0.6805952446,0.5642987092,0.2231278551,0.3008322048,0.3012283774,0.4377529376,0.9110842256
498.5,1,1,1,1,1,0.4378523568,0.9035421583,0.4749814096,0.6930636494,0.5008918838,0.4245431659,0.09501947778,0.04860293401,0.4243469074,0.1522491609,0.6799682603,0.5620925484,0.2233226669,0.3012264361,0.300864711,0.4373653227,0.9116592839
499,1,1,1,1,1,0.4385276556,0.9040594756,0.4728106075,0.6906795051,0.4991562192,0.4268351231,0.09522661403,0.04903984381,0.4271395873,0.1521636799,0.6805236925,0.5622657438,0.2219064707,0.3025778408,0.301515383,0.4401317322,0.9130374397
499.5,1,1,1,1,1,0.4391455326,0.9047999471,0.4728928705,0.689689378,0.4961546863,0.4258928932,0.09425539259,0.04903639219,0.4296310536,0.151457225,0.6816018841,0.5635282308,0.2229525995,0.3045508208,0.2984700615,0.4400932284,0.913353126
500,1,1,1,1,1,0.4353251957,0.9049031427,0.4686421066,0.6917113309,0.4966349006,0.4279623693,0.09489864265,0.04855203971,0.4285289411,0.1514637602,0.6815379081,0.5627779759,0.2221445897,0.3037795229,0.3020295919,0.4427975236,0.9135494785
