time,TNFR,IL1R,CD40,LTB,BAFFR,TRAF2_5,TRAF6,TRAF2_3,Btx,TAK1_TAB,NEMO_IKKa_IKKb,IkBa_release_signal,p50_p65,TNFa,p100,Phenotype_canonical,NIK,IKKa_noncanonical,p100_RelB,p52,BAFF,Phenotype_noncanonical
0,0,0,0,0,0,0,0,0,0,0,0,0,0,0,0,0,0,0,0,0,0,0
0.5,0,0,0,0,0,0.06197827917,0.04450244861,0.03458404092,0.01546452321,0.01549677364,0.002750474603,0.0002528374462,1.827247914e-05,1.079453187e-06,8.149528826e-07,8.691948811e-07,0.01589907854,0.001996463524,0.0001634865039,8.948426069e-06,9.219505329e-06,4.904855574e-07
1,0,0,0,0,0,0.1033260261,0.0711002082,0.05401481834,0.04358484958,0.04219154767,0.01446869945,0.002760242181,0.0004122317397,5.17742129e-05,3.838949335e-05,4.214094178e-05,0.04432698766,0.01093210159,0.001861639092,0.0002120245014,0.0002268963354,2.408195078e-05
1.5,0,0,0,0,0,0.13117389,0.08832830461,0.06650961341,0.07176943026,0.06684095507,0.03205851118,0.009313571509,0.002139695598,0.0004276815,0.0003132748339,0.0003541073856,0.07217574135,0.02555793263,0.006658612621,0.001178195722,0.001310571342,0.0002076359761
2,0,0,0,0,0,0.1503776192,0.09967642492,0.07531706032,0.09627803997,0.08666586029,0.0504894722,0.01938489149,0.006033910991,0.001716683976,0.001231458309,0.001448029644,0.09558774424,0.04292609017,0.01490787899,0.003616794712,0.004163897279,0.0008797071979
2.5,0,0,0,0,0,0.1637951329,0.1080931361,0.08197781989,0.1162675692,0.1017058822,0.06672166817,0.03140827552,0.0122021454,0.0046086736,0.003248987193,0.003968618766,0.1142788452,0.06036246012,0.02590330497,0.008016343339,0.009515334168,0.002516551331
3,0,0,0,0,0,0.1733921936,0.1143037734,0.0872289276,0.1325194496,0.1129671017,0.07988049649,0.04369943008,0.02011776169,0.009626556717,0.00666141707,0.008483325575,0.128872629,0.07658578086,0.03846344754,0.01447892855,0.01770121849,0.00560068385
3.5,0,0,0,0,0,0.180061369,0.1191800631,0.09145840841,0.145676621,0.1213498319,0.08978918909,0.05510894896,0.02895308505,0.01689645881,0.0114920244,0.01524303766,0.1400315273,0.09104162984,0.05146277042,0.02271731846,0.0285195092,0.01057776307
4,0,0,0,0,0,0.1849372289,0.1228452038,0.09440735074,0.1560359374,0.1278563592,0.09686539427,0.06513870953,0.03796296002,0.02630429031,0.01757517072,0.02428607783,0.1487558289,0.1033256357,0.06411899938,0.0322836297,0.04158346818,0.01751114123
4.5,0,0,0,0,0,0.188368254,0.1258758521,0.09682509208,0.1641866349,0.1328439445,0.1018494453,0.07365372288,0.04654266411,0.03737516192,0.02455001026,0.03524519123,0.1554536761,0.1139147212,0.07570310773,0.04271155189,0.05614941229,0.02640766383
5,0,0,0,0,0,0.191058551,0.1276863378,0.09847010697,0.1711129105,0.1366122363,0.105404214,0.08062240923,0.05444254916,0.04965341661,0.03206124652,0.04782552122,0.1607036182,0.1228281138,0.08619748072,0.05340709377,0.07157684638,0.03700435509
5.5,0,0,0,0,0,0.1931901661,0.1292108091,0.09947304033,0.1767700925,0.1398096814,0.1078594689,0.08608664029,0.06134824825,0.06255398206,0.03985242966,0.0614771786,0.1648600867,0.1302953445,0.09533054209,0.06398227787,0.08734684719,0.04905973562
6,0,0,0,0,0,0.1947780648,0.130334907,0.1003066697,0.1811357021,0.1423457966,0.1095564934,0.0904414214,0.06720693921,0.07583671728,0.04756413688,0.07552608377,0.1678698743,0.1366008196,0.1031914006,0.07433916521,0.1028030077,0.06216131033
6.5,0,0,0,0,0,0.1960455431,0.131319035,0.1008598708,0.1847415017,0.1441543217,0.1105167447,0.09395364619,0.0718230474,0.08910331034,0.05501954759,0.09015977097,0.1706227617,0.1418004788,0.1097512571,0.08408556425,0.1177048544,0.07605765221
7,0,0,0,0,0,0.1969788731,0.1318858595,0.1013187028,0.1878375782,0.1458304371,0.1110141707,0.09663237779,0.07579625811,0.1019159012,0.06210835623,0.1045257273,0.17274252,0.1462758478,0.1152845457,0.09318985605,0.1318038369,0.09024830809
7.5,0,0,0,0,0,0.1977683273,0.1324224173,0.1016786241,0.1904835375,0.1473581695,0.1112085608,0.09852265467,0.07871582373,0.1140830434,0.06864525942,0.1183949876,0.1743752505,0.1501503013,0.119705833,0.1013590109,0.1447963529,0.1045042867
8,0,0,0,0,0,0.1982655261,0.1327125504,0.1017843041,0.192691024,0.1483191281,0.1115807357,0.1000298048,0.0811496561,0.125484637,0.07479051818,0.1317585747,0.1757951863,0.1534923251,0.1232684644,0.1088739589,0.1566245435,0.1187321918
8.5,0,0,0,0,0,0.1988033403,0.1329745969,0.1018036254,0.1942288893,0.1491176098,0.1118266284,0.1013906568,0.08313619376,0.1361156619,0.0803306806,0.1442334842,0.1769151456,0.1562702433,0.1262691864,0.1156328471,0.1673033647,0.1323171793
9,0,0,0,0,0,0.1993027763,0.1331937119,0.1019267566,0.1956313941,0.14993275,0.1118235659,0.1022584707,0.08475982924,0.1460672001,0.08561453465,0.1561747068,0.1778409992,0.1586880686,0.1285697477,0.1217388718,0.1765098612,0.1453328528
9.5,0,0,0,0,0,0.1996006243,0.1333043028,0.1022287882,0.1969671236,0.1505542519,0.1115155675,0.1029892188,0.08593674035,0.1553166257,0.09043584353,0.1671868367,0.1784041194,0.1608285243,0.1302862571,0.1268684708,0.1848141526,0.1574441534
10,0,0,0,0,0,0.1998675093,0.1336629023,0.1022892386,0.1977345788,0.1510753245,0.1112926176,0.1033708827,0.08691242113,0.1636017297,0.09488609743,0.1775324765,0.1790377265,0.1624688052,0.1318232494,0.1317134888,0.1921419176,0.1691249126
10.5,0,0,0,0,0,0.2002634429,0.1336257169,0.1021140863,0.1987497707,0.1515820577,0.1111423215,0.1037726462,0.08762635887,0.1712166054,0.09890005041,0.1871346922,0.1795348668,0.1640107995,0.1327996062,0.1356874623,0.1984878396,0.1796986088
11,0,0,0,0,0,0.200305964,0.1335598592,0.1022291398,0.1994675082,0.1519200839,0.1110694648,0.1040550217,0.08815531323,0.1781700394,0.1027074208,0.1957740182,0.1801306696,0.165130202,0.1335514821,0.1394040007,0.2037985522,0.1896003096
11.5,0,0,0,0,0,0.2003773813,0.1337773895,0.1024768981,0.2001645419,0.1523526063,0.1111760951,0.1044281854,0.08842267973,0.1847677236,0.1061378214,0.2038844566,0.1804803856,0.166219498,0.1340624783,0.1429383435,0.2083790196,0.1986861225
12,0,0,0,0,0,0.2005131097,0.1337094162,0.1024075952,0.200535815,0.1525764229,0.1109812181,0.1047960771,0.0886661406,0.1906815007,0.1092215014,0.2113352151,0.1807487638,0.1673058024,0.1343221741,0.1461402582,0.2123787358,0.2068261403
12.5,0,0,0,0,0,0.2006350208,0.1336657234,0.1023336214,0.2009787171,0.152863118,0.1108574571,0.1049797974,0.08884551514,0.1958189451,0.1117245969,0.218070129,0.1809908859,0.1680486214,0.1346267614,0.1488673615,0.2158118866,0.2142826824
13,0,0,0,0,0,0.2007366993,0.1336002209,0.1022961186,0.2014144423,0.1529074728,0.110755977,0.1050816896,0.08902253426,0.2006378526,0.1141207551,0.2242066105,0.1812807027,0.1688437938,0.1347283535,0.151334787,0.2186099499,0.2209544352
13.5,0,0,0,0,0,0.2009818415,0.1336472724,0.1023724236,0.2017475023,0.1529225355,0.1105295462,0.1049889192,0.08912940686,0.204994885,0.1164079818,0.229503676,0.1813378436,0.1692756295,0.1348916029,0.1536183586,0.2207315465,0.2268267102
14,0,0,0,0,0,0.2010224342,0.1337085705,0.1023528511,0.2020417303,0.1530574291,0.1104447389,0.104887458,0.08907034549,0.2087003261,0.1184505305,0.2345120625,0.1814734198,0.1698615969,0.1349076619,0.1557194625,0.2223758363,0.2321163994
14.5,0,0,0,0,0,0.2012014479,0.1336237299,0.1021623364,0.2021721806,0.1532074132,0.1102504103,0.1050674917,0.08907176945,0.2122831157,0.1202890921,0.2390974614,0.1816388125,0.1704534749,0.1349184933,0.1576010226,0.2237828662,0.2367483456
15,0,0,0,0,0,0.2012772611,0.133468403,0.1021191845,0.2023415561,0.1531743954,0.110049305,0.105167832,0.08911073958,0.2151431709,0.1220834326,0.2431175512,0.1816656946,0.1709415304,0.1349471027,0.1592137118,0.2247477668,0.2408116801
15.5,0,0,0,0,0,0.2014397736,0.1334611699,0.1021407699,0.2024449652,0.1532913452,0.1101971392,0.105101275,0.08911343749,0.2180121916,0.1236569957,0.246779568,0.1818987858,0.1713437665,0.1347456453,0.1607506175,0.2254867837,0.2442743203
16,0,0,0,0,0,0.2012817931,0.1335147121,0.1020993208,0.2026602537,0.1533965598,0.1102948092,0.1050711907,0.08899221684,0.2203643428,0.1251159892,0.2500432691,0.1818711957,0.171619192,0.1345525144,0.1621133013,0.2257492754,0.2473120107
16.5,0,0,0,0,0,0.2013891222,0.1336291733,0.1019397189,0.202774438,0.1536232957,0.1104230248,0.1050153076,0.08892409747,0.2225678285,0.1264010121,0.2530565993,0.1821929843,0.1719065832,0.1343369567,0.1633930983,0.225912762,0.2499372718
17,0,0,0,0,0,0.201399149,0.1334658607,0.1019296397,0.2028977296,0.1536869889,0.1104783812,0.105062453,0.08892261592,0.2243401884,0.1272302737,0.2557206367,0.1823052836,0.1720048957,0.1342328793,0.1647550948,0.22585668,0.2520578433
17.5,0,0,0,0,0,0.2014433596,0.13351919,0.1021076841,0.2028976024,0.1536948298,0.1104356915,0.1049504565,0.08898331008,0.2261121632,0.1281587506,0.2582258489,0.1824478859,0.1720940268,0.1341697194,0.1657550299,0.22564635,0.253879579
18,0,0,0,0,0,0.201469573,0.1337118224,0.1022341876,0.2030418572,0.1534457396,0.1104640176,0.1049542308,0.08898947217,0.2275386511,0.1289653133,0.2603979809,0.1824913582,0.1720800227,0.1339859931,0.1668441935,0.2252258756,0.2554205161
18.5,0,0,0,0,0,0.2014645123,0.1336124006,0.1024584598,0.2031105513,0.1534077678,0.1104760575,0.1049428188,0.08890837247,0.2289729432,0.1298092571,0.2622238476,0.1825733047,0.1722364266,0.1339911166,0.1675130716,0.2245837935,0.2563408459
19,0,0,0,0,0,0.2015309901,0.1337921845,0.1023069052,0.2031434605,0.1534526319,0.1103322387,0.1050407745,0.08888907999,0.2302042608,0.1308171109,0.263928598,0.1824789032,0.1723737036,0.1340453717,0.1684037666,0.2238672217,0.2573987236
19.5,0,0,0,0,0,0.2015235039,0.1337727945,0.1023861115,0.2032384427,0.1534802394,0.1102845758,0.1050062873,0.08884430966,0.2313769045,0.1313612542,0.2654862808,0.1825873285,0.1723118205,0.1340731553,0.1689378683,0.2231566466,0.2579630004
20,0,0,0,0,0,0.2014556236,0.1338014796,0.1024231801,0.2031513763,0.1533135791,0.110323406,0.1049774259,0.08886972117,0.2323451804,0.1320174787,0.2668738696,0.1825692194,0.1725714254,0.1340530797,0.1696798907,0.2224293052,0.2585103879
20.5,0,0,0,0,0,0.201350397,0.1339147342,0.102551372,0.203147351,0.153409633,0.1101547571,0.1048268337,0.08882079176,0.2330107358,0.1326301807,0.2680225233,0.1825146923,0.172718498,0.1340612611,0.1703254204,0.2215661032,0.2588090584
21,0,0,0,0,0,0.2013393628,0.1337626399,0.1025791277,0.2032062952,0.1533588476,0.1101769996,0.1048989425,0.08881205308,0.2336140643,0.1332533594,0.2690709126,0.1824253848,0.1726736236,0.1339502742,0.1708940911,0.2206651582,0.2589285792
21.5,0,0,0,0,0,0.2013520261,0.1337767612,0.1024120707,0.2030600015,0.1533391668,0.1099358279,0.1049137593,0.08871383725,0.2341800135,0.1338314442,0.2699039061,0.1825352827,0.1727351804,0.1339508643,0.17152807,0.2198106905,0.2590924038
22,0,0,0,0,0,0.2015421548,0.1336952935,0.1023656943,0.2032776279,0.1533652275,0.1098318043,0.1049246021,0.08885636969,0.2346482722,0.1342507605,0.2705603957,0.1824487014,0.1727438157,0.1337546838,0.171792767,0.2187846247,0.2590377894
22.5,0,0,0,0,0,0.2014990039,0.1337023837,0.1023001034,0.2031955127,0.1535136151,0.1100235174,0.1048428017,0.08883990638,0.2352039595,0.1345564612,0.2711650696,0.1825161204,0.1728455208,0.1337261616,0.1719798058,0.2178025916,0.2588467344
23,0,0,0,0,0,0.2014397634,0.1337088038,0.1024510266,0.20337104,0.1534432027,0.1100217196,0.1048467685,0.08888908414,0.235553606,0.135034066,0.2718372639,0.1824481149,0.1728640905,0.1337591985,0.1721969687,0.2167055539,0.2585104814
23.5,0,0,0,0,0,0.2015076307,0.1337114925,0.1024902601,0.2032938359,0.1533466479,0.1100745524,0.1048252993,0.08883692256,0.2357317724,0.1351668934,0.2722812295,0.1825334679,0.1729954619,0.133683071,0.1724779746,0.2156783618,0.258267025
24,0,0,0,0,0,0.2015509807,0.1334987486,0.1024293183,0.2032655276,0.1533668577,0.1099877866,0.1049729252,0.0888752813,0.236028878,0.1354133554,0.2728886073,0.1827006863,0.1731099478,0.1334331138,0.172919664,0.2147352859,0.2577998626
24.5,0,0,0,0,0,0.2015983537,0.1335447016,0.1022543018,0.2034473935,0.1533053734,0.1100103507,0.1048793098,0.08878664474,0.2360627649,0.1358031149,0.2730706718,0.182753454,0.1732566206,0.1333630567,0.1731635898,0.2136353422,0.2572010264
25,0,0,0,0,0,0.2016572557,0.13366548,0.1022640758,0.2033879339,0.1533531213,0.1098520077,0.104813563,0.08880282749,0.2362109413,0.1361160512,0.2734368207,0.1824814868,0.1734088289,0.1332531969,0.1735599911,0.2127176479,0.2566062789
25.5,0,0,0,0,0,0.201658233,0.1336304547,0.1022812992,0.2033698922,0.1533344027,0.1098885998,0.104970194,0.08887129849,0.2363453778,0.1364424893,0.2735494981,0.1824902845,0.1735798582,0.1331867906,0.1736665656,0.211873393,0.2559097416
26,0,0,0,0,0,0.2016810651,0.1338812578,0.1022647735,0.2034486906,0.1533476566,0.110026878,0.1049625045,0.08888988593,0.2363043682,0.1365933047,0.273647526,0.1825144128,0.1738818176,0.1331077137,0.1740844606,0.2109364464,0.2550270678
26.5,0,0,0,0,0,0.2016594573,0.1338143901,0.1022014321,0.2033868493,0.1533858857,0.1099904816,0.105001087,0.08888180406,0.2365532619,0.1367459383,0.2736680019,0.1825518738,0.1737950052,0.1332264395,0.1743829895,0.2100310645,0.2542785289
27,0,0,0,0,0,0.2017154124,0.1338326517,0.1021902517,0.2033692858,0.1534428541,0.1101931658,0.1050416397,0.08885369656,0.2366359133,0.1368935741,0.2736586492,0.1824990297,0.1738249482,0.1330994306,0.1745668469,0.2090937372,0.2534916564
27.5,0,0,0,0,0,0.2016623306,0.1339045181,0.1023523581,0.2034490713,0.1533525102,0.1101119189,0.1049271347,0.08887466213,0.2364294546,0.1371541332,0.2737820484,0.1825019915,0.1737613373,0.1328272105,0.1746673892,0.2082773,0.2525127772
28,0,0,0,0,0,0.2016860563,0.1338280899,0.102408511,0.2033938687,0.1533012271,0.110094252,0.1049304085,0.0887811052,0.2364379839,0.1374572774,0.2738514806,0.1824496335,0.1736657554,0.1328561575,0.1748126995,0.2074195632,0.2517055255
28.5,0,0,0,0,0,0.2017165971,0.1338128403,0.1023370417,0.2033115377,0.153244058,0.1102925004,0.1048830769,0.08872040336,0.2364322267,0.1376345924,0.2736821598,0.1823474315,0.173877981,0.1328413502,0.1749308422,0.2065041845,0.2507942224
29,0,0,0,0,0,0.2016564334,0.133732444,0.1024322163,0.2033545518,0.1534125273,0.1103803052,0.1048023955,0.08874193128,0.2364834154,0.1377777221,0.2735517647,0.1822860787,0.1739522002,0.1328030531,0.1748432159,0.2056071816,0.2500309781
29.5,0,0,0,0,0,0.2015771708,0.1338123153,0.10237555,0.2034708082,0.1534479339,0.1103572945,0.1047849512,0.08867047224,0.2364313154,0.1377986445,0.2733417918,0.1823638789,0.1738508621,0.1328867933,0.1747568552,0.204660881,0.2491937978
30,0,0,0,0,0,0.2016268483,0.1336313793,0.1023019072,0.2034454085,0.1534854332,0.1102834774,0.1049051567,0.08863670115,0.2362387834,0.1378577308,0.2731677004,0.1823171736,0.1738486903,0.1329600178,0.1746549152,0.203806782,0.248278402
30.5,0,0,0,0,0,0.2015592454,0.1336166949,0.1020695821,0.2033773831,0.1534725011,0.110186322,0.1047810023,0.08861933002,0.2362198842,0.1381637279,0.2729688291,0.1823288204,0.1739594875,0.133010329,0.1747082576,0.2028826948,0.2472683464
31,0,0,0,0,0,0.2016383235,0.1336295865,0.1022175734,0.2032824095,0.1533965673,0.1101973333,0.1046455506,0.08867674422,0.2359214306,0.1381721833,0.2727369701,0.1823457481,0.1739073815,0.1330979955,0.1746889527,0.2020409536,0.2465173844
31.5,0,0,0,0,0,0.2017106945,0.1334806739,0.1023309872,0.2031722169,0.1533310314,0.1103955781,0.1046741726,0.08860408376,0.2357917535,0.1382469369,0.2723728039,0.1823755544,0.1738049595,0.1331002048,0.1748548334,0.2012746553,0.2455226208
32,0,0,0,0,0,0.2017413111,0.1335054363,0.1024190147,0.2031880973,0.1534119954,0.1103541697,0.1046181316,0.08866522194,0.235662698,0.1382872641,0.2722122182,0.1824416346,0.1737688098,0.1329127718,0.1750622612,0.2004832024,0.2445552496
32.5,0,0,0,0,0,0.2017521161,0.133702297,0.102104859,0.2031619313,0.1534727545,0.1104674757,0.1047473336,0.08865933021,0.2355344735,0.138165133,0.2719826982,0.1825701844,0.1737523089,0.1328422609,0.1751426836,0.1997385073,0.2436605969
33,0,0,0,0,0,0.2016125799,0.1337263249,0.1022312884,0.2031865185,0.1534521684,0.1104688113,0.1047110333,0.08861512029,0.2352988108,0.1380624259,0.2716662304,0.1825807148,0.1735371206,0.1329026618,0.1750343487,0.1990741079,0.2428036582
33.5,0,0,0,0,0,0.201736138,0.1337992223,0.1022173106,0.2031873249,0.1533850682,0.1104600475,0.1048341756,0.08881360529,0.2350371232,0.1382638996,0.2711051359,0.1826149367,0.1734262761,0.1330029171,0.1750634066,0.1985356857,0.2417518154
34,0,0,0,0,0,0.2017695985,0.1336816599,0.1024300779,0.2032410636,0.1533631718,0.1103253041,0.1046638554,0.08893155939,0.2349828992,0.1384274079,0.2707652953,0.1825729105,0.1734569597,0.1330560659,0.1751412237,0.1979406171,0.2406951168
34.5,0,0,0,0,0,0.2016055651,0.1335910759,0.1023957339,0.2032603328,0.1534121107,0.1102430584,0.1046735282,0.08883200146,0.2349504088,0.1384312515,0.2703650784,0.1824659165,0.1735507275,0.1331124918,0.1751634155,0.1971978495,0.2395430748
35,0,0,0,0,0,0.2016584691,0.1335861941,0.1024284854,0.2032938378,0.1534462861,0.1102142378,0.1045394879,0.08880254112,0.234874527,0.13840017,0.2700601134,0.1823660809,0.1735578052,0.1332431164,0.1754402412,0.1964313753,0.2386694975
35.5,0,0,0,0,0,0.201529956,0.1337461301,0.102524381,0.2034028082,0.15352568,0.1101387399,0.1046702828,0.08879263934,0.2346455861,0.138586053,0.2697523385,0.1823161507,0.1736026018,0.1333401059,0.1755200805,0.1958937699,0.2376606063
36,0,0,0,0,0,0.2014549365,0.1336211622,0.1026145366,0.2033256744,0.1535430148,0.1100137095,0.104746004,0.08867863,0.2345890559,0.1384865756,0.2694378609,0.1824087756,0.1735249187,0.1332231754,0.175392781,0.1952863988,0.2366322249
36.5,0,0,0,0,0,0.2015589506,0.1336758683,0.1025160007,0.2032120557,0.1534353284,0.1100570849,0.1048013249,0.08868340936,0.2343936232,0.1384589888,0.2691987006,0.1823683976,0.1735369533,0.1329721821,0.1753863909,0.1948291095,0.2356606203
37,0,0,0,0,0,0.2014993181,0.1335264604,0.1024036291,0.2033561922,0.1535719001,0.1101560109,0.104809014,0.08866322274,0.2341338517,0.138557833,0.2687709527,0.1824213382,0.1736247575,0.1329032947,0.1754206019,0.1942694396,0.2349660023
37.5,0,0,0,0,0,0.2014900678,0.1336750664,0.1023068477,0.2032100967,0.153567005,0.1098636002,0.1048132118,0.08870848412,0.2339667268,0.138640065,0.2683507497,0.1825773458,0.1734251834,0.1328932226,0.1755335818,0.1939652985,0.2341470354
38,0,0,0,0,0,0.2016260174,0.133641846,0.1022668459,0.2032894504,0.153524805,0.1098106917,0.1047592525,0.088710871,0.2337525995,0.1388112685,0.2678244518,0.1825671753,0.1733352599,0.1327939586,0.1756083906,0.1934906921,0.2331981527
38.5,0,0,0,0,0,0.2018002093,0.1337354496,0.1022265671,0.2032352909,0.1535226846,0.110218858,0.1047677581,0.08860550001,0.233571055,0.1388443672,0.2674350747,0.1827228532,0.1732828193,0.1326366209,0.1755948913,0.192913364,0.2322727044
39,0,0,0,0,0,0.2017255788,0.1336589794,0.1022897073,0.2034347492,0.1535656263,0.1104034263,0.1046914122,0.08868930064,0.233166812,0.1390219332,0.2670932612,0.1827741497,0.1732894886,0.1328027406,0.1757198694,0.192528615,0.2314234893
39.5,0,0,0,0,0,0.2015716015,0.1337959636,0.1025023545,0.2033651194,0.1534882844,0.1103290272,0.1047332003,0.0886774721,0.2328994629,0.1391741958,0.2667214383,0.1827311333,0.1732164874,0.1328552726,0.1756711327,0.1921218541,0.2304231663
40,0,0,0,0,0,0.2015886393,0.1337046147,0.1025178256,0.2034441696,0.1534980306,0.1104482671,0.1047855762,0.08881759347,0.2327065958,0.1392839014,0.2662905226,0.1826954531,0.1733508687,0.1330617647,0.1759155938,0.1918177945,0.2296617624
40.5,0,0,0,0,0,0.2015085674,0.1336636732,0.1024127846,0.2034460058,0.1535461611,0.1103594762,0.1049032122,0.08874341054,0.2325062863,0.139065791,0.2659890318,0.1826187603,0.1734152439,0.133116036,0.1758946744,0.1913130141,0.2287321515
41,0,0,0,0,0,0.2015786906,0.1335506615,0.102432036,0.2034478482,0.1534331407,0.1101612452,0.1047811546,0.08868594998,0.2323436285,0.1392373844,0.2655895946,0.1825571938,0.1735078391,0.1330674429,0.1758324904,0.1908329468,0.2278571484
41.5,0,0,0,0,0,0.2014681356,0.1335856711,0.1025050848,0.2033910076,0.1534108313,0.1101573333,0.1047725684,0.08874330891,0.2320897362,0.1391425522,0.2652257029,0.1825630903,0.1734189558,0.1330107639,0.1759728991,0.1904471501,0.2269552621
42,0,0,0,0,0,0.201713643,0.1335028268,0.102496597,0.2035751464,0.1533501574,0.1100784954,0.1050611655,0.08873544286,0.2318811778,0.139163956,0.2648446739,0.1825519819,0.1733911664,0.1331067852,0.1759798881,0.1902688536,0.2262674502
42.5,0,0,0,0,0,0.2016885738,0.1335573932,0.1025942743,0.2035730342,0.153369915,0.1100727545,0.1049140797,0.08870432689,0.2315056457,0.1390811236,0.2644800308,0.1824738924,0.1736103898,0.1328911119,0.1759697786,0.1898707608,0.2253539069
43,0,0,0,0,0,0.2016010565,0.1337035155,0.1025065941,0.2035391608,0.1534801841,0.1103075921,0.104832832,0.08858417044,0.2312803706,0.1388843602,0.2639993331,0.1826435339,0.1734929677,0.1328383062,0.176008912,0.1896407918,0.2245312259
43.5,0,0,0,0,0,0.2017632662,0.1336647383,0.1023587896,0.2036986558,0.1535794489,0.1102868476,0.1047672257,0.08854431018,0.2311378512,0.1387310367,0.2637021038,0.1825363588,0.1734838595,0.1329209536,0.176079856,0.1892538552,0.2237849198
44,0,0,0,0,0,0.2018339233,0.1336696046,0.1023161755,0.2034358907,0.1535932671,0.1101577477,0.1046671285,0.08868289491,0.2309325626,0.1388312434,0.2631788924,0.1824764776,0.1734108533,0.1329742366,0.1762217451,0.1890660487,0.2230763548
44.5,0,0,0,0,0,0.2017716796,0.1336742832,0.10233513,0.2035121202,0.1533704226,0.1100427722,0.1047000409,0.08865633773,0.2308490897,0.1387323647,0.2629845677,0.1824745777,0.1735145857,0.1329430099,0.17612208,0.1887066063,0.2226325759
45,0,0,0,0,0,0.2016768834,0.1335883937,0.1022442971,0.203694734,0.1534997302,0.1099843648,0.104746078,0.08876753461,0.2307111074,0.1386510446,0.2625917565,0.1823452527,0.1735165331,0.1329632864,0.176019657,0.1883344099,0.2219095274
45.5,0,0,0,0,0,0.2017061556,0.1335348107,0.1021744065,0.2037310619,0.1533527194,0.1097660689,0.1047763033,0.08864808955,0.2305462417,0.1386820254,0.2621789639,0.1822632417,0.1734340214,0.1330380279,0.1761136058,0.1880244225,0.2211420845
46,0,0,0,0,0,0.2015367218,0.1335557844,0.1021300052,0.2039993884,0.1531730722,0.1098594362,0.104688239,0.08863251408,0.2304133359,0.1388182379,0.26176588,0.182324713,0.1734883227,0.1329505205,0.176083379,0.1877147129,0.2204239066
46.5,0,0,0,0,0,0.2017736461,0.1334030601,0.1022887759,0.2040419405,0.1533706737,0.1099413469,0.104733607,0.0887413042,0.2302155011,0.1389393214,0.2613335189,0.1822601651,0.1737242366,0.1332557366,0.1760856255,0.1875948382,0.2198884295
47,0,0,0,0,0,0.2017367474,0.1335080949,0.1022976913,0.2037753439,0.1535168011,0.1100376749,0.1047948807,0.08873199856,0.2300582582,0.1390571906,0.260899781,0.1823611953,0.1738305399,0.1331828744,0.176090158,0.1874811238,0.219112919
47.5,0,0,0,0,0,0.2018648325,0.1337071697,0.1022406832,0.2037333318,0.1535117452,0.1099476867,0.1046548751,0.08854312341,0.2298193524,0.1390594652,0.2605615821,0.1822618622,0.1738392494,0.1330338383,0.1760816839,0.187218082,0.2186367302
48,0,0,0,0,0,0.2019195696,0.1336932985,0.1023507906,0.2036533396,0.1536299459,0.1099299975,0.1047285486,0.08856282508,0.2297321562,0.1393299093,0.2601762706,0.1822250794,0.1738593936,0.1329467416,0.1758949134,0.187018441,0.2182150993
48.5,0,0,0,0,0,0.2017054899,0.1338650671,0.1023009412,0.2035875081,0.1536153812,0.109905604,0.1046992814,0.08870877638,0.2295723915,0.1391599508,0.2599494125,0.1822042985,0.1738392813,0.1328863353,0.1759841119,0.1868934665,0.2175998795
49,0,0,0,0,0,0.2017208458,0.1338417453,0.1022318495,0.2036202653,0.1536628374,0.110114253,0.1046458409,0.08882253771,0.2294940531,0.1390431533,0.2595668455,0.1823348872,0.1737416951,0.132846197,0.1758482414,0.1867759288,0.2172174194
49.5,0,0,0,0,0,0.2016998811,0.1337946161,0.102202774,0.2035481774,0.1536985473,0.1101490447,0.1046118522,0.0888180699,0.2293645818,0.1391543208,0.2593575687,0.1823927195,0.173661772,0.133134461,0.1757951951,0.1864906191,0.2167188678
50,0,0,0,0,0,0.2017235348,0.1336863465,0.1022376947,0.2035361936,0.1536556547,0.1101263969,0.1048352278,0.08884287228,0.2292615835,0.1393294881,0.2591224029,0.1823316998,0.1736452647,0.1330970049,0.17580128,0.1862960016,0.2161615039
50.5,0,0,0,0,0,0.2016836818,0.1336375513,0.1022742823,0.2034876948,0.1535963389,0.1101681652,0.1047903409,0.0888684102,0.2291181025,0.1393411402,0.2587881091,0.1823555854,0.1736178841,0.1329804151,0.1757260489,0.1859371057,0.2156124454
51,0,0,0,0,0,0.2017655264,0.1337914937,0.1024061121,0.203572611,0.1536425038,0.1100470578,0.1048529588,0.08881456058,0.2291636999,0.1390741066,0.258302399,0.1822389088,0.1734824225,0.1330939724,0.1756977732,0.1856814755,0.2150425107
51.5,0,0,0,0,0,0.20175626,0.1337997154,0.1026532205,0.2036324554,0.1536023108,0.1100269408,0.1048121392,0.08888941108,0.2289585038,0.1390712621,0.2579877957,0.1822733999,0.1736531865,0.1331465033,0.175681106,0.1854208116,0.2146143674
52,0,0,0,0,0,0.2017403273,0.1337028777,0.1024366752,0.2036412578,0.1536077526,0.1100720467,0.1047527349,0.08893138954,0.2288170824,0.1389601222,0.2577110205,0.1821427552,0.1736660871,0.1331032753,0.1757054896,0.1851010909,0.214213034
52.5,0,0,0,0,0,0.2015194235,0.1336389055,0.1022956179,0.2034657113,0.1535330855,0.1101110938,0.1049032276,0.08884377651,0.2288225274,0.1390338325,0.2574316659,0.1821024111,0.1739595465,0.1331325675,0.1758480974,0.1849630872,0.2136562204
53,0,0,0,0,0,0.2015702523,0.1338331016,0.1022610078,0.2033732379,0.1533689268,0.110237164,0.1046676323,0.08881786023,0.2287136784,0.1391021421,0.2569568815,0.1820542231,0.1739543551,0.1330864793,0.1757705785,0.1849993054,0.2131188297
53.5,0,0,0,0,0,0.2016959498,0.1337953076,0.1023299519,0.2034826623,0.1534387383,0.1103047227,0.1046728633,0.08884678756,0.2287687131,0.139240802,0.2567527517,0.1822239394,0.1741213962,0.1329235522,0.1759140031,0.1847417121,0.212490873
54,0,0,0,0,0,0.2015503848,0.1338227526,0.102220562,0.203444059,0.153614865,0.1102638683,0.1046430895,0.08879786602,0.2286146629,0.138995193,0.2564587942,0.182172643,0.1740804617,0.1328220453,0.1760918577,0.1846699226,0.2119221139
54.5,0,0,0,0,0,0.2015642986,0.1336476958,0.1021989572,0.2033761544,0.1536696774,0.1102288819,0.1047499278,0.08873612006,0.2285425874,0.1389434329,0.2561907938,0.1820982957,0.1739081999,0.1328449386,0.1757706169,0.1844724776,0.2112923539
55,0,0,0,0,0,0.2015383101,0.1334913761,0.1023818799,0.2034853929,0.153524751,0.1099677926,0.1047991428,0.08865845255,0.2285035012,0.1387989516,0.2558730639,0.1821414822,0.1737392477,0.1329775093,0.1757819243,0.1842702588,0.2107786733
55.5,0,0,0,0,0,0.201532534,0.1334874999,0.1024835879,0.2035216789,0.1534528077,0.1103017309,0.1047737563,0.08864481563,0.2285040394,0.1388255848,0.2554992148,0.1822626211,0.173822242,0.1329435322,0.1758644734,0.1842552828,0.2102999612
56,0,0,0,0,0,0.2016610538,0.1337039264,0.1023213173,0.2035704631,0.1535986124,0.1100746284,0.1047059317,0.08870438942,0.2284601359,0.1387772209,0.2552203454,0.1821966177,0.1739265915,0.1328977664,0.1758843506,0.184192832,0.2097602047
56.5,0,0,0,0,0,0.2017790659,0.1338051219,0.1024102093,0.2035118383,0.153603774,0.1102377339,0.1046726345,0.08882012124,0.228310896,0.1387863851,0.2549541847,0.1823984256,0.1739932747,0.1329136695,0.1759075426,0.184218108,0.2092938305
57,0,0,0,0,0,0.2018327492,0.1336859277,0.1023969994,0.203606006,0.1536602772,0.1100418906,0.104583419,0.08886755084,0.2281603124,0.138767514,0.2546040101,0.1823702855,0.1740632731,0.1330488249,0.1759322036,0.1839952988,0.2086851397
57.5,0,0,0,0,0,0.2018072667,0.1338760896,0.1023226728,0.2034816816,0.1535689465,0.1099772831,0.1047394349,0.08882193698,0.2280748432,0.1386335977,0.2543338225,0.1825209472,0.173931701,0.1331576064,0.1758792247,0.1838069617,0.2081693603
58,0,0,0,0,0,0.2018557139,0.1337797253,0.1024299106,0.2033589508,0.1535832999,0.1099620916,0.1047855704,0.08889111995,0.2280490327,0.1385682094,0.2539842714,0.1823324956,0.1738424885,0.1330364571,0.1756696403,0.1834751452,0.2078024976
58.5,0,0,0,0,0,0.2017528475,0.1337804161,0.1023197856,0.2034460948,0.1535543181,0.1100513751,0.1047384022,0.08903393375,0.2280658276,0.1386033404,0.2536776422,0.1824034399,0.1738453274,0.1330509137,0.1758163087,0.1833528903,0.2074586515
59,0,0,0,0,0,0.2017875396,0.1337248229,0.1022719448,0.2035340921,0.153475781,0.1098986413,0.1048006783,0.08897783368,0.2280164619,0.138476275,0.253384368,0.182402181,0.1738400389,0.1330016916,0.1755673484,0.1831697665,0.2067539524
59.5,0,0,0,0,0,0.2019155008,0.1337242889,0.1023197944,0.2035612619,0.1535839558,0.1100718816,0.1049974697,0.08885480354,0.2277689157,0.1386129314,0.2529672989,0.1825344683,0.1736995684,0.1328031194,0.1754848555,0.1830962553,0.206490826
60,0,0,0,0,0,0.2017717324,0.1337632864,0.1023330532,0.2034786544,0.1535623392,0.1100644478,0.1049638973,0.0887821496,0.2277978448,0.1387084783,0.2526282003,0.1824562329,0.1735435938,0.1328313248,0.1755232299,0.1831488577,0.2059899374
60.5,0,0,0,0,0,0.2018916322,0.1337286714,0.1024700057,0.2033625483,0.1536008335,0.1099998211,0.1050195319,0.08886269345,0.227691654,0.1386632945,0.2522472723,0.1824955786,0.1735051424,0.1328683355,0.1755845303,0.1831333422,0.2056353657
61,0,0,0,0,0,0.2019042692,0.1339516386,0.1025217936,0.2033761993,0.1534851996,0.1100090521,0.1048703807,0.08876109308,0.2277052237,0.1388087416,0.252035222,0.1824768839,0.1733925907,0.1328492252,0.1756624626,0.1829475011,0.2051665958
61.5,0,0,0,0,0,0.2017962346,0.1337207026,0.1024758202,0.2035262151,0.1534946091,0.1099731119,0.104880403,0.0886522787,0.2276158895,0.1388727401,0.2517861282,0.1824581297,0.1735014146,0.1327327019,0.1755941607,0.1826291134,0.2047319855
62,0,0,0,0,0,0.2017032663,0.1337793721,0.1023377842,0.2035267009,0.1535679776,0.1098819289,0.1048917342,0.08874863553,0.2275859966,0.1387679776,0.2514181028,0.1822066616,0.1736745477,0.1327978718,0.1755576947,0.1823956083,0.204203679
62.5,0,0,0,0,0,0.2018182168,0.1336891416,0.1021810521,0.2033265373,0.1535407617,0.1098463244,0.1048278723,0.08878719963,0.2274889135,0.1387188332,0.2511872983,0.1822260986,0.1737354795,0.1327321731,0.1757383857,0.182032225,0.203766861
63,0,0,0,0,0,0.2017662624,0.1337265591,0.1024416369,0.2032907618,0.1534509659,0.1101621108,0.1048433284,0.08887732663,0.2273014176,0.138536583,0.250971568,0.1822449016,0.1737778584,0.1325784625,0.1755948877,0.1816706898,0.2033926345
63.5,0,0,0,0,0,0.2015835898,0.1337651804,0.1024270696,0.2031781757,0.1536239805,0.1101551356,0.1048139959,0.08883676805,0.227231591,0.1386756339,0.2508358518,0.1823680383,0.1737107812,0.1328795189,0.1756619253,0.1816931329,0.2029989546
64,0,0,0,0,0,0.2016318908,0.1337528153,0.1022197961,0.2032361897,0.1534797672,0.110141455,0.1049045901,0.08878358389,0.2272615183,0.1388184441,0.2506259559,0.1822193096,0.1739661456,0.1326500997,0.1756022484,0.1815813735,0.2026175049
64.5,0,0,0,0,0,0.20166848,0.1338401813,0.1022619988,0.2033322061,0.153485476,0.1101495903,0.1049458666,0.08892462626,0.2272205182,0.1388106013,0.2503154268,0.1822303622,0.1741859244,0.1324691739,0.1755438524,0.1815483535,0.2021756203
65,0,0,0,0,0,0.201573042,0.1338557694,0.1023019231,0.2032648792,0.1534923353,0.1099797076,0.1049015925,0.08876032356,0.2271344919,0.1388241379,0.2500186258,0.1822359484,0.17395376,0.1325266821,0.1756234741,0.1813986091,0.2019010545
65.5,0,0,0,0,0,0.2017373912,0.1339201003,0.1023434117,0.20331751,0.1535378934,0.1098936856,0.1049512311,0.08885895655,0.2268480931,0.1388433104,0.2496976869,0.1822797009,0.173841355,0.1327546534,0.1754726943,0.1814313253,0.2016611371
66,0,0,0,0,0,0.2016653313,0.1339405356,0.1023389136,0.2034897734,0.1535454596,0.1100783986,0.1049338223,0.08894627841,0.2268589922,0.1387957185,0.2493891868,0.1822961612,0.173783416,0.1328098278,0.1753531468,0.1814863066,0.2012695636
66.5,0,0,0,0,0,0.2016348864,0.1339959705,0.1022712847,0.2035884948,0.1535610737,0.1101046197,0.1049283968,0.08904584735,0.2267942932,0.1389629423,0.2492425927,0.1823926795,0.1737660717,0.1329222999,0.1754649157,0.181419609,0.2009833504
67,0,0,0,0,0,0.2015467348,0.1338531935,0.102134243,0.2036512885,0.1535217136,0.1099086944,0.1049470072,0.08911342729,0.2266265671,0.1391583075,0.249032262,0.182433874,0.1737782059,0.1327744292,0.1755221131,0.18118968,0.2006727732
67.5,0,0,0,0,0,0.2015654134,0.1336184453,0.1023454503,0.2035447623,0.1536491475,0.1100608929,0.1050299638,0.08902785388,0.2265500898,0.1392537618,0.2490140356,0.1823998802,0.1739943884,0.1328011039,0.1756563137,0.1811173474,0.2005087397
68,0,0,0,0,0,0.2015245012,0.1335824979,0.1023045615,0.2034353544,0.1536902318,0.1100929289,0.1050778172,0.08896901946,0.22637853,0.1390996847,0.2488305439,0.1821919284,0.1739170283,0.1328351637,0.1756810068,0.1810305032,0.200091395
68.5,0,0,0,0,0,0.2016317158,0.1336834467,0.1023102955,0.2034137825,0.1536555415,0.1101039616,0.1049491417,0.08893748586,0.2264081627,0.1391983204,0.2486078085,0.1822491113,0.1739182355,0.1329346657,0.1756825479,0.1809401313,0.1998843119
69,0,0,0,0,0,0.2015665529,0.1337868906,0.1022250048,0.2034253912,0.1535338384,0.1101283954,0.1049753878,0.0888899725,0.2264584338,0.1390634451,0.2483312015,0.1821888108,0.1739939727,0.1331938514,0.1757478918,0.1808369172,0.1995412427
69.5,0,0,0,0,0,0.2015220385,0.1337630979,0.1023077225,0.2033451381,0.1535205118,0.1100919709,0.1049296561,0.08886164316,0.226465654,0.1389141947,0.2481963938,0.1820499169,0.17394434,0.1332234406,0.1756912747,0.1807927403,0.1992416035
70,0,0,0,0,0,0.2016125524,0.1337191294,0.102281883,0.2035359906,0.1536256038,0.1101368074,0.104832372,0.08879240217,0.2263670868,0.1388650874,0.247862861,0.1821588858,0.174046624,0.1332099704,0.1758853746,0.1808361167,0.1991175359
70.5,0,0,0,0,0,0.2018267171,0.1336039015,0.1021945476,0.2035593292,0.1536042697,0.1100587632,0.1047696613,0.08882568398,0.2262256915,0.1389844463,0.2476613395,0.1823990745,0.1739731355,0.1333562429,0.175803161,0.1805906288,0.1989571712
71,0,0,0,0,0,0.2020005158,0.1335584487,0.1022359147,0.2036710288,0.1537061429,0.1102537154,0.1048255039,0.08869336362,0.2261952045,0.1391535564,0.2474613679,0.1822343573,0.1739727916,0.1331512223,0.1757209984,0.1805384924,0.1987222689
71.5,0,0,0,0,0,0.2018110577,0.1334785685,0.1023145682,0.203574465,0.1537370883,0.1102117941,0.1048136542,0.08865937385,0.2262499918,0.1391710516,0.247159141,0.1822635115,0.1739773679,0.1330279082,0.1757470882,0.180462141,0.1983964093
72,0,0,0,0,0,0.2018737866,0.1335516457,0.1023987191,0.2035220833,0.1536337902,0.1105002258,0.1048209553,0.08870021102,0.2262770753,0.1393595625,0.2468958563,0.1822204029,0.1738464926,0.1331905188,0.1757064534,0.1804348739,0.1981084614
72.5,0,0,0,0,0,0.2019042829,0.1336990334,0.1023515555,0.2037112679,0.1535527129,0.1105048522,0.1047782138,0.08874846579,0.2262494521,0.13940735,0.2465673031,0.1820824266,0.1739226773,0.13307137,0.1755783566,0.1801707665,0.1978371036
73,0,0,0,0,0,0.2020040553,0.1337294477,0.1024086908,0.2036581681,0.1537096695,0.1103620946,0.1049354558,0.08872042529,0.2262559651,0.1395898082,0.2462791014,0.182037387,0.1738747916,0.1328473659,0.1757747191,0.1801684721,0.1977221086
73.5,0,0,0,0,0,0.2020191159,0.1335490246,0.1025191605,0.2035694389,0.1534750127,0.1104440737,0.1049959976,0.08872592067,0.2263178802,0.1395127997,0.2461271129,0.1820497596,0.1738788626,0.1328743867,0.1756583335,0.1801987538,0.1975100396
74,0,0,0,0,0,0.2020067156,0.1337051968,0.1025296548,0.2035727433,0.153476189,0.1103934668,0.1050936703,0.08873877211,0.2260944935,0.1394497181,0.2460358174,0.1821337318,0.1739172591,0.1329150607,0.1756857541,0.1801987653,0.1971791189
74.5,0,0,0,0,0,0.20189711,0.1334805459,0.1024733678,0.2035308981,0.1534134681,0.1102822737,0.1049474425,0.08874743782,0.2260589439,0.1394279733,0.2459039984,0.1821283431,0.173747253,0.1326543594,0.1756498816,0.1801244727,0.1969383493
75,0,0,0,0,0,0.2018722049,0.133665974,0.1023618252,0.2035577963,0.1536416797,0.1101715784,0.1048206479,0.08861867341,0.2261177427,0.1391342036,0.2457240955,0.1820817338,0.1736627426,0.1326665699,0.17569296,0.1799970677,0.1968065338
75.5,0,0,0,0,0,0.2019465355,0.1335579687,0.102329019,0.2035952098,0.1535640012,0.1100992998,0.1048740708,0.08867718515,0.2262858493,0.1391373798,0.2456367499,0.1821441727,0.1739443553,0.1329176687,0.1755326767,0.1798632499,0.1966584116
76,0,0,0,0,0,0.2019062532,0.1335261607,0.1023481704,0.2035119474,0.1536157849,0.110000325,0.1047948811,0.08854600201,0.2262568444,0.1391664469,0.2453463123,0.1823291063,0.1739909173,0.1328831809,0.1756316272,0.1798886781,0.1964068727
76.5,0,0,0,0,0,0.2018847552,0.1336148122,0.1024249064,0.2035281727,0.1536958286,0.1100796066,0.1048798924,0.08864557742,0.2261638865,0.1391289241,0.2453052892,0.1822398006,0.1741180731,0.1328490526,0.1757814944,0.1797620364,0.1962509722
77,0,0,0,0,0,0.2018524281,0.1337621067,0.1023314851,0.2034981497,0.15347152,0.1100603732,0.1047755576,0.08862198388,0.2261074379,0.1391426143,0.2449985308,0.1821699495,0.1739401341,0.1330268113,0.1757442468,0.1796381095,0.1959399625
77.5,0,0,0,0,0,0.2017539161,0.1338981121,0.1023850567,0.2035893692,0.1534861425,0.1100564073,0.1048526814,0.08862533557,0.226075795,0.1392208161,0.2448754761,0.1822623991,0.1739312523,0.13322258,0.1755851619,0.1797812516,0.1957891301
78,0,0,0,0,0,0.2016771345,0.1338470477,0.1024837228,0.2037497459,0.1535495708,0.1101469871,0.1046988549,0.08867548846,0.2259694601,0.1391444599,0.2447748245,0.1821657774,0.1737503545,0.1332376559,0.1754681455,0.1799897161,0.195615077
78.5,0,0,0,0,0,0.2015883306,0.1337577568,0.1025273479,0.2037939636,0.1535617304,0.1101068553,0.1046338947,0.08870522182,0.2259586639,0.1390459719,0.2445814717,0.182133346,0.1738213852,0.1330373045,0.1754508708,0.1799011856,0.1954456941
79,0,0,0,0,0,0.2016291125,0.1335366126,0.1024718192,0.2036708496,0.1535739354,0.1101058388,0.1046259883,0.08865922309,0.2258072875,0.1392503508,0.2443186988,0.1823288784,0.1736414026,0.1330604961,0.1753369865,0.1798693835,0.1953774801
79.5,0,0,0,0,0,0.2016293852,0.1334096076,0.1023075291,0.203620404,0.1534468924,0.109971231,0.1045294425,0.08871669225,0.2259056562,0.1391774001,0.2443067621,0.1823097658,0.1738756272,0.1331567324,0.1753396933,0.1799535922,0.1951691009
80,0,0,0,0,0,0.2016965129,0.133515065,0.1024359378,0.203576506,0.1533850567,0.1101027114,0.1046225607,0.08877628947,0.2257250693,0.1390863736,0.2441134255,0.1822591956,0.1737181044,0.1332700725,0.1753596392,0.1800500074,0.1951611334
80.5,0,0,0,0,0,0.2015580251,0.1335372273,0.1024369638,0.2035488917,0.1534370527,0.1100288383,0.1047018787,0.08875442288,0.2256421423,0.1391210685,0.2437816773,0.1823495942,0.1738177695,0.133331848,0.1754710375,0.1801275513,0.1949369
81,0,0,0,0,0,0.2014961907,0.1335427155,0.1023017857,0.2034407207,0.1534692141,0.1100405151,0.1046889947,0.08866194499,0.2256773567,0.1390034179,0.2438291319,0.1824535452,0.1737388966,0.1333405111,0.1755955842,0.1799591143,0.1946613081
81.5,0,0,0,0,0,0.2014348886,0.133496167,0.1024566211,0.2034664077,0.1533863563,0.1101621384,0.1047675731,0.08861845616,0.2253661554,0.13900576,0.2436905497,0.1825031488,0.1737698852,0.1331176782,0.1755895037,0.1800180627,0.1946565905
82,0,0,0,0,0,0.2014215131,0.1334256109,0.1024141832,0.203386015,0.1534143106,0.1101611128,0.1048249182,0.08868343481,0.2252566777,0.1390843055,0.2436291395,0.1823106036,0.1738419116,0.1332727555,0.1754868596,0.1799700195,0.1944582472
82.5,0,0,0,0,0,0.2014739723,0.1334631125,0.1023371756,0.2035595981,0.1532700709,0.110113283,0.1047793106,0.08866384335,0.2253458205,0.1390715332,0.2436192944,0.1824067584,0.1736781128,0.1333212688,0.175455472,0.1798163082,0.1942644793
83,0,0,0,0,0,0.2014870356,0.1334129549,0.1024655716,0.2036626786,0.1533481749,0.1101172416,0.1047316959,0.08873216342,0.2253624821,0.1390891878,0.2434989488,0.1824425758,0.1738095321,0.1333500305,0.1752861068,0.1797461965,0.1941541114
83.5,0,0,0,0,0,0.2015955942,0.1333646835,0.1025532135,0.2035266403,0.153555097,0.1101912802,0.1047916404,0.08871488272,0.2253986672,0.1390428063,0.2433982414,0.18228058,0.1737248086,0.1332880122,0.1753187802,0.1796385261,0.1940529479
84,0,0,0,0,0,0.2015134951,0.1334394134,0.1024929924,0.203383155,0.1537099273,0.1101393399,0.1047495102,0.08874743442,0.2254302304,0.1390750592,0.2432055308,0.1824073366,0.1737285275,0.1331876605,0.1752001732,0.1793860267,0.1939527601
84.5,0,0,0,0,0,0.2017066138,0.1334761752,0.1024741248,0.2033945722,0.1537512826,0.1100835148,0.1046972442,0.08885523172,0.2256197738,0.1390168443,0.2429586579,0.1825021332,0.1737669293,0.1333478344,0.1753214898,0.1793064433,0.1938687326
85,0,0,0,0,0,0.2018769023,0.1334637455,0.1025751021,0.2033223893,0.1537917135,0.1102156201,0.1047668224,0.0888210358,0.225517972,0.1388485171,0.2428670137,0.1824756488,0.1736789563,0.1332379464,0.17529748,0.1792509908,0.1936950746
85.5,0,0,0,0,0,0.2019739378,0.1334502066,0.1023302202,0.2033272575,0.1535741846,0.1101876566,0.1046284547,0.088854022,0.2255161426,0.1388715502,0.242728201,0.1823040261,0.1736061916,0.1331001093,0.1755002382,0.1792260382,0.1933549202
86,0,0,0,0,0,0.201989608,0.1334293494,0.1023399387,0.203181708,0.1536911224,0.1101242405,0.1045034793,0.08878025899,0.2254943033,0.1388104296,0.2425224717,0.1821567679,0.173629284,0.1328068208,0.1755990991,0.1792362851,0.1932548025
86.5,0,0,0,0,0,0.2019438387,0.1336342366,0.1024388109,0.2032596346,0.1536202113,0.1101474942,0.1044338414,0.08873332496,0.2253718289,0.1387983061,0.2423076595,0.1822759606,0.1736782997,0.1326990128,0.1757064112,0.1792846579,0.1933170866
87,0,0,0,0,0,0.2019621004,0.133536643,0.1025077073,0.2034447328,0.1534869269,0.1100234703,0.1044647968,0.08880144497,0.225381532,0.138777473,0.2421276088,0.182206364,0.1737455249,0.1327291484,0.1760213606,0.1793487294,0.1931867353
87.5,0,0,0,0,0,0.2018197918,0.1336013833,0.1024577958,0.2035325526,0.1535269655,0.1099027072,0.1045017212,0.08858538788,0.2253579251,0.1387024366,0.2420904526,0.1822851057,0.173577302,0.1328549781,0.1759539869,0.1794209185,0.1931200752
88,0,0,0,0,0,0.2016579347,0.1335155934,0.1023829507,0.2035650493,0.1533775245,0.1098259645,0.1046421578,0.08861492313,0.2251959738,0.1387432652,0.2420743092,0.1822789531,0.173600025,0.1329407572,0.1757738389,0.1794422851,0.1930119416
88.5,0,0,0,0,0,0.2017204897,0.133455018,0.1023422612,0.2034619565,0.153297097,0.109980024,0.1048293559,0.08875858551,0.2252157764,0.1387416373,0.241886473,0.1822647652,0.1736100727,0.132737168,0.175801245,0.1795402962,0.1928600876
89,0,0,0,0,0,0.2016656647,0.1335602053,0.1024856272,0.2033948137,0.1532819408,0.1101463136,0.1048581192,0.08869035755,0.2252411161,0.1387670046,0.2419309242,0.1822326133,0.1736350884,0.1327040215,0.1758056819,0.1794414509,0.192709338
89.5,0,0,0,0,0,0.2017117046,0.1335141938,0.1023759806,0.2034793439,0.1533661176,0.1101245976,0.1049218875,0.08885303145,0.2250999159,0.1390806892,0.241729703,0.1822295046,0.1737461252,0.1328236749,0.1756831106,0.1792565121,0.1926712899
90,0,0,0,0,0,0.2017142623,0.1335431552,0.1023003422,0.2033878896,0.1532717633,0.1102115411,0.1049062838,0.08888635251,0.2251951184,0.1390801035,0.2416208307,0.1821719981,0.1737818966,0.1329920436,0.1756282624,0.1790768899,0.1924755636
90.5,0,0,0,0,0,0.2017552281,0.13364357,0.1023793766,0.203361374,0.1531894375,0.1100456593,0.104933632,0.0889088975,0.2252803229,0.1391026039,0.2414806619,0.1821788353,0.1736718923,0.1327885706,0.1755813726,0.1790802945,0.1923042127
91,0,0,0,0,0,0.2018208043,0.1337683902,0.102444608,0.2035107991,0.1532061422,0.1099376017,0.104953004,0.08888102398,0.2250868632,0.1391412986,0.2413932275,0.1821383664,0.1738496084,0.1329162884,0.1756453588,0.1790702791,0.1921819351
91.5,0,0,0,0,0,0.2017863667,0.1336547569,0.1023666114,0.2034649464,0.1533514934,0.11007979,0.1048801521,0.08879966772,0.224969347,0.1391163588,0.2412440451,0.1821127375,0.1739126783,0.1329411972,0.1757468892,0.1792389683,0.1920072359
92,0,0,0,0,0,0.2018928365,0.1335995941,0.1025717137,0.2032815849,0.1532640036,0.1101421208,0.104822726,0.08885182547,0.2249522397,0.1390655256,0.2411089084,0.1821986617,0.1738053357,0.1328065623,0.1759040558,0.1792339481,0.1918732321
92.5,0,0,0,0,0,0.2019566321,0.1336426328,0.1025867726,0.203313043,0.1534248853,0.1102547844,0.1049092504,0.088890647,0.2250429677,0.1390289582,0.2410527898,0.1821117014,0.1738269384,0.1328957322,0.1756181483,0.1791529749,0.1917565172
93,0,0,0,0,0,0.2018854095,0.1336922715,0.102482661,0.2033442978,0.1535778138,0.1103150241,0.1048936027,0.08881894357,0.2250849668,0.1390787601,0.2407643159,0.1823699413,0.1737748857,0.1328636143,0.1757289491,0.1791559902,0.1916839311
93.5,0,0,0,0,0,0.2017764348,0.1337068039,0.1024501042,0.2033848602,0.1533313207,0.110418758,0.1048032471,0.0888158023,0.2249277873,0.1390108529,0.2406893147,0.1823757716,0.1736698796,0.132916842,0.1755061495,0.1790336945,0.1915661518
94,0,0,0,0,0,0.2018852794,0.1338287595,0.1024010579,0.2032551336,0.1533496751,0.11044598,0.1048963239,0.08858450566,0.2249651814,0.1392743571,0.2404707578,0.1822063513,0.17352008,0.132898951,0.175516869,0.1790141671,0.1913885569
94.5,0,0,0,0,0,0.2018503984,0.1336777391,0.1024801468,0.2035004277,0.1535884209,0.1103399596,0.1048380907,0.08857206477,0.2247932028,0.1392167641,0.2404257574,0.1821517676,0.1734994235,0.1329146072,0.175516564,0.178783121,0.1912613871
95,0,0,0,0,0,0.2017990676,0.1337418443,0.1024446646,0.203518948,0.1534892116,0.1099497481,0.104779104,0.08865529137,0.2249711821,0.1391519842,0.2404231308,0.1821352563,0.1735077693,0.1331747287,0.1754981798,0.1788317681,0.1909882372
95.5,0,0,0,0,0,0.2017908507,0.1339031632,0.1023946492,0.2034851543,0.1534666655,0.1098697181,0.104766263,0.08867376498,0.224900457,0.1391925105,0.2405150741,0.1819799383,0.1735918327,0.1330351118,0.1756564565,0.1788608845,0.1907455634
96,0,0,0,0,0,0.2017459667,0.1339479072,0.1023771233,0.2035579333,0.1535782412,0.1099820885,0.104737722,0.08869614761,0.2248344941,0.1391731584,0.2403711835,0.1819727584,0.1736077392,0.1329803425,0.1757314738,0.1785591885,0.1908405208
96.5,0,0,0,0,0,0.20160214,0.1338761014,0.1022362281,0.2035255158,0.1535761055,0.1100142883,0.1049801631,0.08864938878,0.224763332,0.1389231143,0.2402276258,0.18214183,0.1737366804,0.1330235002,0.1758225046,0.1786555168,0.1907123058
97,0,0,0,0,0,0.2015377808,0.1338605515,0.1021255905,0.2035803607,0.1535658883,0.1100658631,0.1048953664,0.08857157474,0.2249326184,0.1390125113,0.2400646915,0.1822429344,0.1736117234,0.1330355842,0.1758991928,0.1787548747,0.1905350909
97.5,0,0,0,0,0,0.201619422,0.1336483533,0.102162061,0.2035633436,0.1535863453,0.1099535538,0.1048461933,0.08861848306,0.2249339805,0.1389382012,0.2398921358,0.1822474633,0.1734628242,0.1330426094,0.1758005028,0.1788253358,0.1903175949
98,0,0,0,0,0,0.2016314444,0.1337115434,0.1022433673,0.2034787586,0.1537956019,0.1100384897,0.1047921182,0.08865203886,0.2249201026,0.1390014302,0.2398223153,0.1822229544,0.1735306226,0.1329226307,0.1757694435,0.1788233065,0.1901337773
98.5,0,0,0,0,0,0.201704495,0.133542033,0.1021535004,0.2035785296,0.1536051747,0.1099134245,0.1048879013,0.08856185676,0.2248378181,0.1390945557,0.2396772282,0.1820057245,0.1735858739,0.1328927853,0.1758760756,0.1787562129,0.1900128835
99,0,0,0,0,0,0.2016770165,0.1333447427,0.1022757903,0.2036191893,0.153565216,0.109981707,0.1048534764,0.08853519442,0.2248509969,0.1389844615,0.2396617617,0.1821561864,0.1735527973,0.1328546664,0.17595345,0.1787791109,0.1898232164
99.5,0,0,0,0,0,0.2016838285,0.1333193678,0.1024943181,0.203389273,0.1536481936,0.1097727663,0.1047945566,0.08866707482,0.22486999,0.139007795,0.2395030752,0.1822762356,0.173609147,0.1329662938,0.1760289138,0.1787267975,0.1896678233
100,0,0,0,0,0,0.2017202507,0.133507018,0.1025384042,0.2033758266,0.1536473475,0.1098931868,0.104756765,0.08880122166,0.2247975501,0.1391132961,0.2393863672,0.1822895601,0.1735194079,0.1330192629,0.1760411452,0.1787288148,0.1895260153
100.5,0,0,0,0,0,0.2017914197,0.1335625253,0.1025674185,0.2033827245,0.1536036643,0.110078056,0.10476873,0.08865595629,0.224725227,0.1391150778,0.239351523,0.1822771159,0.1735075337,0.1330909608,0.1757591595,0.1785974983,0.1894492112
101,0,0,0,0,0,0.20181336,0.1334298525,0.1025919365,0.2034778477,0.1536629334,0.1100904487,0.1047432209,0.08864067085,0.2247180274,0.1390042253,0.2393544669,0.1823158121,0.1734749612,0.1330285225,0.1755747701,0.1785588263,0.1893606493
101.5,0,0,0,0,0,0.2015607183,0.1334346735,0.1024515244,0.2034661516,0.153462138,0.1100063608,0.1047421009,0.08872084173,0.2248003498,0.1390047246,0.2393432075,0.1822571606,0.1735748528,0.1328962836,0.1757605276,0.1787014512,0.1892078873
102,0,0,0,0,0,0.2014840712,0.1334944191,0.1024215666,0.2034967731,0.1533932513,0.1100611721,0.1048557791,0.08878484138,0.2248547851,0.1387850782,0.2391998205,0.1823132764,0.1735599212,0.1329178366,0.1758831139,0.1787309613,0.1891563895
102.5,0,0,0,0,0,0.2014846674,0.1335711173,0.1024660711,0.2034195274,0.1534337429,0.1100110116,0.104811746,0.08871009676,0.2249543058,0.1388949659,0.2389561366,0.1824202614,0.1737084576,0.1329247042,0.1760452788,0.1785169516,0.18907788
103,0,0,0,0,0,0.2014956468,0.1335749278,0.1027210183,0.2033733852,0.1533894946,0.1101746675,0.1047348182,0.08867007803,0.2248368871,0.1389924938,0.2389337772,0.1824040701,0.1737085822,0.1329946996,0.1759445565,0.1786464773,0.1888640812
103.5,0,0,0,0,0,0.2016090526,0.1338012465,0.1025878176,0.2034416322,0.1534946047,0.1102628122,0.1048446035,0.08868776332,0.2247601658,0.139078667,0.2388931792,0.1822977691,0.1737134721,0.132867777,0.175981614,0.1786662094,0.1888595073
104,0,0,0,0,0,0.2016943648,0.1339106645,0.1024999483,0.2033186154,0.1533781426,0.1102447546,0.1049592427,0.08863224572,0.2249129644,0.1389919765,0.2388733088,0.1823854987,0.1737270541,0.132817299,0.1760498054,0.1786576933,0.1887291933
104.5,0,0,0,0,0,0.2016615169,0.1336499299,0.1023514194,0.2033617818,0.1535396793,0.1102433641,0.1050676787,0.08862585077,0.2249236225,0.1388748168,0.2386820033,0.1823419392,0.1737960866,0.1328542583,0.1760290892,0.1787483622,0.1887276236
105,0,0,0,0,0,0.2016578295,0.1336269991,0.1021494267,0.2034232791,0.1536597076,0.1102426457,0.1050948243,0.08874397111,0.2249369232,0.1389577738,0.23845812,0.1824849364,0.1736806537,0.1328133829,0.1761326299,0.1788820603,0.1885748679
105.5,0,0,0,0,0,0.201725473,0.1335733392,0.102186368,0.2035169527,0.1537017465,0.1103471124,0.1049564748,0.08881248673,0.2250184362,0.1390496108,0.2384260127,0.1822578806,0.1735414873,0.1328092404,0.1761462664,0.1786721841,0.1884764829
106,0,0,0,0,0,0.2017370854,0.1336828046,0.1020779733,0.2033870117,0.1534784791,0.11018564,0.1050934873,0.08889054385,0.2251183481,0.139067035,0.2382792675,0.1823051286,0.1735241989,0.1328506323,0.1759499631,0.1786394876,0.1883586532
106.5,0,0,0,0,0,0.2018137582,0.1337432549,0.1023121803,0.2033981144,0.1534442129,0.110235005,0.1050931874,0.08885850422,0.2250652466,0.1391288612,0.238447747,0.1823389849,0.1736191685,0.1328408327,0.1757963324,0.1787916085,0.1882406124
107,0,0,0,0,0,0.2017717288,0.1335252531,0.1022786363,0.2033957447,0.1534756151,0.110206016,0.1049527958,0.08891428937,0.2253076486,0.1389843058,0.2385851639,0.1822868981,0.1737456578,0.1328707579,0.1758273448,0.1786086582,0.1881644407
107.5,0,0,0,0,0,0.2017438013,0.1337651055,0.102339296,0.2035338477,0.1535619146,0.1100779514,0.1049128768,0.08885053954,0.2253050902,0.1389308162,0.2385100708,0.1822048816,0.1738194315,0.1330627642,0.1759393873,0.1787036242,0.1878958849
108,0,0,0,0,0,0.2016687352,0.1336661547,0.1023059073,0.2035134457,0.1536166928,0.1100690823,0.1047820575,0.08883034753,0.225412504,0.1390776594,0.2384313292,0.1822962475,0.173758056,0.1329963895,0.1759953908,0.178568716,0.1878514799
108.5,0,0,0,0,0,0.2016254408,0.1338512059,0.1022298295,0.2034924947,0.1534932471,0.1102824498,0.1047917359,0.08883052715,0.2254784842,0.1390927006,0.2384106633,0.1823801241,0.1736990847,0.1330955561,0.1759781932,0.178707114,0.1878426929
109,0,0,0,0,0,0.2016683098,0.1336924954,0.1022414076,0.2034176588,0.1534638934,0.1102169941,0.1047309952,0.08877668179,0.225534083,0.1388712666,0.2383821422,0.1823386612,0.1736114401,0.1332032975,0.1760422945,0.1788595998,0.1879190437
109.5,0,0,0,0,0,0.2017812686,0.1336750143,0.1023003221,0.2034468593,0.1533407764,0.1103952492,0.1048625539,0.08876089734,0.2254573908,0.1389257822,0.2384481991,0.1823246741,0.1736305488,0.1332432845,0.1758881154,0.179060052,0.1878384036
110,0,0,0,0,0,0.2016169218,0.1338092957,0.1022954257,0.2034840295,0.1534296735,0.1103111532,0.1049139687,0.08878884195,0.2252884539,0.1391816893,0.2383663983,0.1825177095,0.1736409386,0.1332357347,0.1757232164,0.1790007304,0.1875953361
110.5,0,0,0,0,0,0.2017440301,0.1337898121,0.1023157722,0.2034471672,0.15347968,0.1104120712,0.1049382829,0.08863757164,0.2252654348,0.1391898189,0.2382246934,0.1825090678,0.1736727034,0.132941747,0.1756935066,0.178741836,0.1873828397
111,0,0,0,0,0,0.2017499754,0.1334790698,0.1022649,0.2033652595,0.1535424873,0.1103611983,0.1050088519,0.08858877499,0.2253077143,0.1394362595,0.2380501146,0.1823411776,0.1737247432,0.1330736696,0.1755215121,0.1786918782,0.1872607728
111.5,0,0,0,0,0,0.2017871313,0.1334968241,0.1023528364,0.2033005788,0.1535478574,0.1102899426,0.1050558549,0.08867021246,0.225202194,0.1395137671,0.23800638,0.1823376957,0.1737387379,0.1331465402,0.1755733403,0.1788962451,0.1871188178
112,0,0,0,0,0,0.2016665447,0.1332505139,0.1023061224,0.2032358461,0.1535514735,0.10979202,0.1049287813,0.08871524435,0.2250092482,0.139475352,0.2378532845,0.1822220332,0.1737472423,0.1328587512,0.1756783358,0.1789546787,0.1869816136
112.5,0,0,0,0,0,0.2016791644,0.1331850443,0.1023136418,0.2031202941,0.1535207895,0.1098825562,0.104944521,0.08877519345,0.2251141123,0.1394741326,0.2377639177,0.1822658556,0.173593137,0.132786169,0.1757954989,0.178893266,0.1868382434
113,0,0,0,0,0,0.2017509725,0.1333417577,0.1022875137,0.2032632418,0.1536316035,0.1098926984,0.1049637279,0.08874472069,0.225242595,0.1394436253,0.2377449752,0.1823186999,0.1733628508,0.1328265259,0.1760304203,0.1788185256,0.1868386537
113.5,0,0,0,0,0,0.2017644837,0.1333638678,0.1024508443,0.2033045454,0.1534775426,0.1098867393,0.1049413731,0.08879121666,0.2252338794,0.1392667937,0.2375798552,0.1823115456,0.1733350546,0.1328722793,0.176035124,0.1786048561,0.1866598451
114,0,0,0,0,0,0.2017683051,0.1334993897,0.1024083535,0.2032857187,0.1532920035,0.1100453382,0.1049376552,0.08873803229,0.2252104546,0.139152997,0.2373933265,0.1822929208,0.1733149776,0.1329150823,0.1759096795,0.1787743921,0.1864853555
114.5,0,0,0,0,0,0.2016759327,0.1335442704,0.1023440816,0.2032671835,0.1534862075,0.1102014644,0.1048830491,0.08875147237,0.2252956615,0.1393037518,0.2372393045,0.1822761885,0.1734984736,0.1331355858,0.1760067896,0.1788682216,0.186203393
115,0,0,0,0,0,0.2017873317,0.1335794422,0.1024254769,0.2033612347,0.1534129037,0.1103034018,0.1048310704,0.08871990807,0.2251715826,0.1393433212,0.2371086554,0.1823344103,0.1735316138,0.1332829281,0.1761246498,0.1789177463,0.1860788841
115.5,0,0,0,0,0,0.2019248895,0.1336138949,0.1023755442,0.2033145947,0.1535216751,0.1103418734,0.1048137507,0.08894712994,0.2251180029,0.1393787733,0.2369906329,0.1824654581,0.1734663428,0.13323463,0.1761590441,0.1786651815,0.1861491195
116,0,0,0,0,0,0.2019395946,0.1335978914,0.1024815778,0.2034756133,0.1535940242,0.1100708166,0.1046824952,0.0889405323,0.2250138222,0.1394365344,0.2368479281,0.1825451803,0.1734486427,0.1333219845,0.1761032646,0.1786032694,0.1861259081
116.5,0,0,0,0,0,0.2019628696,0.1338223215,0.1025218139,0.2035060656,0.1536318612,0.1102213926,0.10473653,0.08889420723,0.2250116207,0.1392871191,0.2368405156,0.1825511206,0.1734845555,0.1331415846,0.1760455397,0.1787547828,0.1861554757
117,0,0,0,0,0,0.2019126618,0.1337158304,0.102493596,0.2034694642,0.1535917256,0.1102768939,0.1047828688,0.08884659321,0.2251453295,0.1390057203,0.2367136552,0.1824711327,0.1735348993,0.1332481182,0.17603445,0.1786274595,0.1860211507
117.5,0,0,0,0,0,0.2018575015,0.1337114773,0.1025586564,0.2034123862,0.1535197308,0.1102326716,0.1047264887,0.08878388975,0.2251513665,0.1392950963,0.2365543699,0.1823515002,0.1736982912,0.1330456362,0.1758891955,0.1783985092,0.1861242235
118,0,0,0,0,0,0.201928261,0.1336451943,0.1023358843,0.2033816376,0.1534944478,0.1100975985,0.1048842773,0.08856391538,0.2251509358,0.1391097723,0.2364075071,0.182477625,0.1735777983,0.1329732251,0.1757992339,0.1784316424,0.1860786501
118.5,0,0,0,0,0,0.2018558729,0.1337104475,0.1021608172,0.2033866041,0.1535757365,0.1100044159,0.1047565907,0.08850699207,0.2252210826,0.1392616029,0.236397439,0.1825329015,0.1735313556,0.1328128199,0.1758349693,0.1783338685,0.1859434319
119,0,0,0,0,0,0.2018889098,0.1336834236,0.1022061375,0.2034267808,0.1535470345,0.1098824627,0.1046613339,0.08864447867,0.225216791,0.1391933752,0.2362217321,0.1825495467,0.1736312838,0.1327595773,0.1759701011,0.1783832969,0.1859552293
119.5,0,0,0,0,0,0.2019165518,0.1338135004,0.102299035,0.2034048579,0.1536601313,0.1101891074,0.1046427843,0.08871297205,0.2252963311,0.1389864696,0.2361031632,0.1824550533,0.1736719629,0.1327563655,0.1758724479,0.1785513994,0.1858017581
120,0,0,0,0,0,0.2019175875,0.1338124937,0.1020925632,0.2034214096,0.1536005487,0.1102814089,0.1046867673,0.08870088391,0.2253118806,0.1389488773,0.2360305897,0.1823370831,0.1737434492,0.1326268883,0.1757696662,0.1784758555,0.1858073503
120.5,0,0,0,0,0,0.2019675526,0.1337104688,0.1021529279,0.2035607879,0.1536721606,0.110423721,0.1048305136,0.08864316663,0.2255095906,0.139034604,0.2360145331,0.1824216267,0.1735664243,0.1328811543,0.1758147434,0.1786248241,0.1858836268
121,0,0,0,0,0,0.2017756585,0.1336717998,0.1022989823,0.2035884191,0.1536106907,0.1103725771,0.104699806,0.08874333355,0.2255509267,0.1390065669,0.2358705303,0.1823110338,0.1736596548,0.132952277,0.1759835644,0.1785949565,0.1857067995
121.5,0,0,0,0,0,0.20179003,0.1336101582,0.1024564027,0.2035454785,0.1535894925,0.1105331438,0.1047639139,0.088680754,0.2253631179,0.1390524661,0.2358042196,0.1825692716,0.1735212196,0.1329878081,0.1758811624,0.1787309203,0.1857294886
122,0,0,0,0,0,0.2017586123,0.1338080553,0.102400477,0.2035742934,0.1533879052,0.1105533237,0.1046915271,0.0886875075,0.225274826,0.1388872864,0.2356689565,0.1825354187,0.1733663587,0.1329215527,0.1759290145,0.1786646543,0.1855565232
122.5,0,0,0,0,0,0.2018296198,0.1336764803,0.1024644056,0.203593718,0.1534834708,0.1104815692,0.1046342465,0.0887141206,0.2252065834,0.1389317086,0.2357346553,0.1824508526,0.1734585082,0.1326846698,0.1758621868,0.1787364733,0.1854478256
123,0,0,0,0,0,0.2017463089,0.1336479901,0.1021708548,0.203613329,0.1534139567,0.1102020065,0.1048010368,0.08880492157,0.225232749,0.1390482837,0.2355769612,0.1823237032,0.1735369045,0.1327949419,0.1759432932,0.1787842859,0.1855113073
123.5,0,0,0,0,0,0.2016671363,0.1338096054,0.1022536695,0.2035135007,0.1534283008,0.1100008861,0.1048145981,0.08877887373,0.2252158995,0.1390474245,0.2355253528,0.1823086901,0.1735348466,0.1328025982,0.1759055265,0.1786707338,0.1853163432
124,0,0,0,0,0,0.2017778231,0.1336301846,0.1023704729,0.2035294239,0.1534641102,0.1099301644,0.1049098827,0.088787623,0.225065837,0.1390922513,0.2355201373,0.1821531936,0.1735133752,0.1328885431,0.1757880121,0.1787423604,0.1853181392
124.5,0,0,0,0,0,0.2019593875,0.1335502318,0.1023848136,0.2034779193,0.1535067293,0.1099660986,0.1048549421,0.0888268051,0.225126589,0.1393541591,0.235563335,0.1822514073,0.1734276244,0.1327620194,0.1758391532,0.1785728928,0.1852833715
125,0,0,0,0,0,0.2018826734,0.1334902885,0.1023299261,0.2034099386,0.15334029,0.1099907869,0.1047642906,0.08897332916,0.2248632591,0.1392826436,0.2354655301,0.1821423629,0.1733877973,0.1327060326,0.1759430783,0.1786424744,0.1852863429
125.5,0,0,0,0,0,0.2019578815,0.1335231445,0.1022809983,0.2033928309,0.1533430816,0.1100060179,0.1047663009,0.08884940351,0.2248377493,0.1392417746,0.235301794,0.1822990217,0.1734833699,0.1327572851,0.1760271965,0.1784559744,0.1852342264
126,0,0,0,0,0,0.2018726934,0.1336348162,0.1024254521,0.2035301899,0.1532967588,0.109685866,0.1048123369,0.08900316159,0.2247509549,0.1392661207,0.2351571313,0.1823439802,0.1734699352,0.1326401064,0.176007042,0.1784207511,0.1852517475
126.5,0,0,0,0,0,0.2019809729,0.1336421687,0.1022822268,0.2036382533,0.1533836395,0.1098486561,0.1047760978,0.08898352421,0.2247369854,0.1392377383,0.235046689,0.1823150905,0.1734660885,0.1328140906,0.1759258341,0.1785921584,0.1853011519
127,0,0,0,0,0,0.2019224609,0.133759408,0.102297951,0.2034239016,0.153324398,0.1099640283,0.1047230485,0.08891650262,0.2247420699,0.1392999491,0.2350181579,0.1823716101,0.1734931966,0.1328309794,0.1757633881,0.1786718029,0.1853153563
127.5,0,0,0,0,0,0.2019302395,0.1336841679,0.1024186564,0.2033175301,0.1532272463,0.1099303798,0.1045702554,0.08897315107,0.2245548551,0.1394926272,0.2349842645,0.1824272814,0.1735194634,0.1329513021,0.1758794865,0.1786534672,0.1853004791
128,0,0,0,0,0,0.201949772,0.1337071831,0.1023401116,0.2032697909,0.1531750222,0.110166673,0.1046225167,0.08879075108,0.224527611,0.1393529872,0.2350221347,0.182265574,0.1733837905,0.1332748237,0.175937372,0.178605682,0.1852520575
128.5,0,0,0,0,0,0.2018756041,0.1336840249,0.1023691413,0.2032811054,0.1534812841,0.1101896619,0.1047670583,0.08870596096,0.2246329539,0.1392032443,0.2350275085,0.1822363636,0.1735449648,0.1332800328,0.1759816132,0.1785135587,0.1850955806
129,0,0,0,0,0,0.2017651339,0.1336718695,0.1023157537,0.203277363,0.1534650894,0.110064622,0.1047620595,0.08872124768,0.2247352096,0.1392170231,0.2349788308,0.182111601,0.1736261486,0.1332737289,0.1758076674,0.1785903383,0.1851853931
129.5,0,0,0,0,0,0.2017028749,0.133740177,0.1022867962,0.203530391,0.1533762856,0.1101093409,0.1046514315,0.08876836136,0.2247250731,0.1392804832,0.2348490581,0.182196812,0.1736365935,0.1333202578,0.1758214303,0.1786764363,0.1852520205
130,0,0,0,0,0,0.2018014255,0.1337533434,0.1021630206,0.2034911758,0.1535171342,0.1100316505,0.1047871999,0.0887728127,0.224725297,0.1394347467,0.2348024197,0.1821434958,0.1736581994,0.1333350242,0.1755891115,0.1787705291,0.1851387766
130.5,0,0,0,0,0,0.2020062088,0.1335966009,0.10214717,0.2033948026,0.1533936768,0.110031695,0.1047737448,0.08889638781,0.2246386232,0.1394914732,0.2346865534,0.1821810737,0.1738697351,0.1332394018,0.1756212029,0.1788103239,0.1850979184
131,0,0,0,0,0,0.2019958282,0.1336186179,0.102081931,0.2034445402,0.1532475083,0.1100213992,0.1046933882,0.08901196282,0.2246921235,0.1392109017,0.2346898097,0.1822544487,0.173978459,0.1333755061,0.175646556,0.1789407554,0.1849650386
131.5,0,0,0,0,0,0.2020786257,0.1338284597,0.1022155703,0.2034401656,0.153298492,0.1103121875,0.1046061734,0.08897944742,0.2246885427,0.1392190764,0.2344874894,0.1823365736,0.1739972165,0.1332333947,0.1757592171,0.1789560146,0.1850369653
132,0,0,0,0,0,0.2020019711,0.1339234166,0.1022853828,0.2031823428,0.1533856867,0.109874606,0.1046694731,0.08895169233,0.2248129226,0.1393886339,0.2344286296,0.1824554865,0.1740156283,0.1330926557,0.1758620999,0.1789002368,0.185030961
132.5,0,0,0,0,0,0.2018849764,0.1337498761,0.1022137131,0.2033036,0.153299922,0.1099342353,0.1047979237,0.0888851193,0.2250235532,0.1393498178,0.2344135781,0.182387506,0.1740652717,0.1329093904,0.1759713989,0.1789613002,0.1849345233
133,0,0,0,0,0,0.2019183769,0.1336791068,0.1022179041,0.2032930774,0.1533682474,0.1099246639,0.1049288364,0.08895116439,0.2252544478,0.1390167768,0.2344092068,0.1823911817,0.1738374146,0.1328444546,0.1760723208,0.1787039851,0.1849347705
133.5,0,0,0,0,0,0.2019269755,0.1337724173,0.1021273704,0.2033038499,0.1534545469,0.1100422154,0.1048771045,0.0888927051,0.2253785542,0.1388441293,0.2343353324,0.1824252156,0.173821605,0.1329622461,0.1760101544,0.1785274249,0.1849094588
134,0,0,0,0,0,0.2019296351,0.1336738208,0.102201114,0.2033641392,0.15336372,0.1100235513,0.1046497404,0.08889414999,0.2252686695,0.1388962978,0.2342967854,0.1822426497,0.1737555987,0.1329121986,0.1759612551,0.178603413,0.1846801302
134.5,0,0,0,0,0,0.2019338667,0.1336347572,0.1023002533,0.2035619351,0.1534655987,0.1101699764,0.104760095,0.08884201392,0.2251269092,0.1388378197,0.2342362994,0.1822849378,0.173918868,0.1331639053,0.1758396756,0.1786949135,0.1847187
135,0,0,0,0,0,0.201933655,0.1336514215,0.1024164345,0.2034943944,0.1534806083,0.110100356,0.1047395316,0.08889245735,0.2251422493,0.1388891928,0.2341881897,0.1823413124,0.1737623072,0.1332710985,0.1759603021,0.1787615378,0.1844722859
135.5,0,0,0,0,0,0.2018770748,0.1338233741,0.1023832301,0.2035417779,0.1535526608,0.1101512174,0.104704093,0.08877270411,0.2251994486,0.1388762608,0.2340380007,0.1822267997,0.1736716745,0.1333685225,0.1759301942,0.1787288056,0.1844103859
136,0,0,0,0,0,0.2018279814,0.1338193485,0.1022586379,0.2034468709,0.1533225107,0.1100147994,0.1048544494,0.08872467259,0.224999531,0.1389126928,0.233820103,0.1823065568,0.1736152983,0.1333713394,0.1758735047,0.1788784281,0.1844682657
136.5,0,0,0,0,0,0.201782419,0.1339070037,0.1022960259,0.2035365539,0.1534773487,0.1100026581,0.1049817032,0.08879169538,0.2249826331,0.1387473308,0.233831941,0.1823822605,0.1737698378,0.1333282522,0.175775614,0.1787856357,0.1845246303
137,0,0,0,0,0,0.2018551778,0.1338170331,0.1023723577,0.2035665327,0.1536929836,0.1099522634,0.1049362904,0.08884854073,0.2251434652,0.1387531299,0.2336556227,0.182557413,0.1735920724,0.1331428279,0.1760637762,0.1788285555,0.1843719769
137.5,0,0,0,0,0,0.2018683503,0.1335394828,0.1023324274,0.2035936295,0.1537455519,0.1100607905,0.1047409441,0.08869453874,0.2250493621,0.138605616,0.2335473884,0.182404377,0.1735103764,0.1332142753,0.1759290407,0.1789653252,0.1843440219
138,0,0,0,0,0,0.2016920608,0.1335199818,0.1023953311,0.2034978828,0.1536711596,0.1101356139,0.1047024159,0.08872296632,0.2251364544,0.138534283,0.2337174768,0.182440965,0.1734735478,0.1331092938,0.1759493577,0.1790393916,0.1841584319
138.5,0,0,0,0,0,0.2017522478,0.1334672342,0.1024587523,0.2033606151,0.153511005,0.1104348257,0.1047143958,0.0885679808,0.2251469226,0.1386035766,0.2337592804,0.1822949009,0.1735249171,0.1331373275,0.1758530821,0.1790721063,0.1841120414
139,0,0,0,0,0,0.2015721752,0.1333644438,0.1024855262,0.2033445428,0.1534453144,0.1104040494,0.1046922856,0.08853627617,0.2251588626,0.13853536,0.2336726883,0.182378114,0.1735646612,0.132975704,0.17584766,0.1790444548,0.1839519663
139.5,0,0,0,0,0,0.2015956082,0.1334970745,0.1022641533,0.2034463015,0.1534632363,0.110285391,0.1047151451,0.08872039588,0.2251146452,0.1386485392,0.2337017691,0.182508935,0.1734110407,0.132808475,0.1760080077,0.1789713645,0.1841651804
140,0,0,0,0,0,0.2017251848,0.1335533952,0.1021046849,0.2034830103,0.1534317533,0.1102146205,0.1048140277,0.08869242946,0.2250379065,0.1386633178,0.2337737688,0.1823725711,0.1735665744,0.1327789128,0.1760524947,0.1790173178,0.1841084481
140.5,0,0,0,0,0,0.20159615,0.1336927585,0.1020129732,0.203441804,0.1536744155,0.1101819563,0.1047427052,0.088576891,0.2250564495,0.1386311313,0.2336376364,0.1823378972,0.1734895447,0.1330017972,0.1759631313,0.1789337817,0.1841505921
141,0,0,0,0,0,0.2016497547,0.1335264393,0.1018947147,0.203459997,0.1537848074,0.1101540203,0.1045919619,0.08858992775,0.2249786217,0.1387793393,0.2335163141,0.1822234286,0.173579295,0.1330327124,0.1760446358,0.1787638052,0.1841452888
141.5,0,0,0,0,0,0.2017148441,0.1336836504,0.1021369308,0.2036915224,0.1536419532,0.1101397619,0.1045808685,0.08855912112,0.2248791049,0.1388634722,0.2334829778,0.1822403051,0.173642186,0.1329900711,0.1759610205,0.1788846353,0.1839783665
142,0,0,0,0,0,0.2016564872,0.1336883342,0.1020914089,0.2037464178,0.1533019988,0.1102424422,0.1047335224,0.08855592538,0.2249376817,0.1388321415,0.2335510106,0.18224041,0.1735578663,0.1329362745,0.1756833269,0.1788601663,0.1837609336
142.5,0,0,0,0,0,0.2017402489,0.1336167839,0.1022630567,0.2037221397,0.1534407765,0.110284772,0.1046861209,0.08867972618,0.2249747373,0.1389253776,0.2337072678,0.182192642,0.1734458217,0.1329237764,0.1756339495,0.1790627133,0.1836953674
143,0,0,0,0,0,0.2015724866,0.1335828741,0.1020753774,0.2037289242,0.1534696761,0.1102724869,0.1046442255,0.08868176221,0.2249560309,0.1388463271,0.2338381853,0.1820826767,0.173503189,0.1329660563,0.1758167067,0.1793152088,0.1835945152
143.5,0,0,0,0,0,0.2018249158,0.1335483116,0.1022269026,0.203795707,0.1534193986,0.1101212026,0.1048171451,0.08865217424,0.2249359737,0.1385654675,0.2337538594,0.1821858715,0.1734141214,0.132989063,0.1760614286,0.1793362428,0.1838065065
144,0,0,0,0,0,0.2017492661,0.1336363938,0.1022081491,0.2037213677,0.1534252723,0.1100700455,0.1048481626,0.08869066562,0.2248396374,0.1386756394,0.2336193305,0.1820667478,0.1732537411,0.132836468,0.1760469407,0.1795308413,0.1838586895
144.5,0,0,0,0,0,0.2016254898,0.1336253531,0.1022542511,0.2035028426,0.1534396549,0.1102304149,0.1048857208,0.08870931252,0.2249355672,0.1387105135,0.2336286971,0.182022424,0.1733927086,0.1329167217,0.1759674804,0.1793787893,0.1838453041
145,0,0,0,0,0,0.2016415149,0.1336211039,0.1022518044,0.2033689986,0.1533498929,0.1101800808,0.104961798,0.088753695,0.2249340583,0.1388170981,0.2336344276,0.1821781696,0.1733555445,0.1328338028,0.1759312555,0.1794183725,0.1836064332
145.5,0,0,0,0,0,0.2017379037,0.1335571903,0.1021050608,0.2034276815,0.1533677987,0.110265425,0.1050056299,0.08879019643,0.2248926673,0.1387797144,0.2336082865,0.1821352619,0.173366576,0.1328641917,0.1758316521,0.1794552108,0.1835793157
146,0,0,0,0,0,0.201915396,0.1334814903,0.1022668836,0.2034556377,0.1534452249,0.1102986771,0.1049773966,0.08876476844,0.2247634878,0.138574639,0.2333476869,0.1821774213,0.1735683395,0.1329300844,0.1758991624,0.179459348,0.183452004
146.5,0,0,0,0,0,0.2018227501,0.1334290253,0.1024736258,0.2034622529,0.1535175953,0.1102228286,0.1048503704,0.08873899996,0.2249900887,0.1385139687,0.2332801392,0.1822115705,0.1737879112,0.1329520146,0.175729239,0.1794064611,0.1834626435
147,0,0,0,0,0,0.2018297868,0.1335508185,0.1024989134,0.2034200553,0.1535779416,0.1103649779,0.1047457128,0.08875525531,0.2251737147,0.1384196142,0.2332068643,0.1822723052,0.173642166,0.1330636607,0.1755655529,0.1794766913,0.1835391534
147.5,0,0,0,0,0,0.2018898895,0.1336592321,0.1024134808,0.2033006753,0.1535672084,0.1102602665,0.104686157,0.0889420479,0.2251724259,0.1384339334,0.23323468,0.1821647706,0.1736044693,0.1330257865,0.1757325876,0.1793627074,0.1834090684
148,0,0,0,0,0,0.201717221,0.1335185263,0.1023640059,0.203164955,0.1535995037,0.1102731159,0.1046940495,0.08889315408,0.2250847209,0.1384621704,0.2332444932,0.1821286671,0.173448664,0.1330229692,0.1757186023,0.1793384079,0.1835358494
148.5,0,0,0,0,0,0.2016691174,0.1334589783,0.102218675,0.2032365364,0.1534851178,0.1101944754,0.1045990557,0.08876843221,0.2251638604,0.1386050583,0.233194736,0.1822313655,0.1736341673,0.1330417875,0.175465653,0.1792371395,0.1834975089
149,0,0,0,0,0,0.2016636862,0.1334172122,0.1020601855,0.2033800327,0.1533722664,0.1102408158,0.1045832348,0.08878422811,0.2251024824,0.1387123072,0.2333116232,0.1822500781,0.1737213457,0.1328791639,0.1754712071,0.1791645509,0.1834816107
149.5,0,0,0,0,0,0.2017861541,0.1335771875,0.1024928201,0.2033175745,0.1533336759,0.1101609722,0.1046648923,0.08881950836,0.2251352686,0.1387180368,0.2334840451,0.1823189327,0.1736883013,0.1328463971,0.1756542765,0.1792432355,0.1835291598
150,0,0,0,0,0,0.2016170449,0.1334462478,0.1026152315,0.2034051559,0.153234026,0.1099664892,0.1048861822,0.08886367732,0.2250073347,0.1385442851,0.2334318334,0.1822615808,0.1735201882,0.1327755162,0.1755463266,0.1793355625,0.1837067045
150.5,0,0,0,0,0,0.2016350166,0.1335092516,0.1025046053,0.2034068704,0.1533265876,0.1100196477,0.1048129157,0.08879822774,0.2249634471,0.1385706566,0.2335021104,0.1821971005,0.1735417313,0.1327597004,0.1755598175,0.1793198514,0.1836424854
151,0,0,0,0,0,0.2016055803,0.1335015225,0.1024283572,0.2035197857,0.1532773212,0.110137096,0.1048236229,0.08864079625,0.2249256863,0.1385344163,0.2335787716,0.1822382108,0.1736743656,0.1325998669,0.1756331949,0.1794724086,0.1835337527
151.5,0,0,0,0,0,0.201838108,0.1335298733,0.1024541949,0.2034214846,0.1532720614,0.1100641815,0.1047977824,0.08867536447,0.2248580159,0.1389186873,0.2336208244,0.1822268791,0.1738178091,0.1326424095,0.1759216088,0.1796389678,0.1834891484
152,0,0,0,0,0,0.2017911963,0.13357049,0.1023284954,0.2034059095,0.153342,0.1101444251,0.1047573559,0.08885458628,0.2248834603,0.1388844912,0.2336637451,0.1822009223,0.1736307942,0.1328121527,0.1756881593,0.1794977096,0.1833575035
152.5,0,0,0,0,0,0.2017676026,0.1335544465,0.1022981643,0.2035012851,0.1535449587,0.1101245808,0.1047989728,0.08874401105,0.2250538737,0.1386450134,0.2335316365,0.1821776969,0.1735925172,0.1328654618,0.1757283049,0.1796201864,0.1835428942
153,0,0,0,0,0,0.2016273436,0.1333978259,0.102437178,0.2034434911,0.1536242197,0.1100994553,0.1047548631,0.08871662541,0.2251324082,0.1387837256,0.2335772132,0.1821649432,0.1736259034,0.1329439016,0.1757376091,0.1795756191,0.1835943347
153.5,0,0,0,0,0,0.2017046769,0.1335444664,0.1025610505,0.2035418278,0.1538105245,0.1101922087,0.1047164379,0.08880440248,0.2250487161,0.1388799661,0.2335466212,0.1823279446,0.1735305664,0.133057104,0.1758174882,0.1795353445,0.1834992781
154,0,0,0,0,0,0.2016978192,0.1337366759,0.1024683048,0.2035120643,0.1536663361,0.110099511,0.1048600789,0.08882349403,0.2252404041,0.1390014941,0.2334114285,0.1823070101,0.1735415742,0.1329904458,0.1757455947,0.1796621515,0.1835820463
154.5,0,0,0,0,0,0.2015916462,0.1337110215,0.1025085271,0.2033168492,0.1537194515,0.1100272454,0.1047000338,0.08890416361,0.2252774869,0.1391801396,0.2333268568,0.1823782727,0.1733780379,0.1329545174,0.1759271789,0.1796241241,0.183386112
155,0,0,0,0,0,0.2014795584,0.1337049778,0.1024106616,0.2032941931,0.1537276437,0.1101639464,0.1046435959,0.08895423731,0.2250920493,0.1390625763,0.2334638361,0.182195409,0.1733012803,0.1328787273,0.1758165075,0.1797325064,0.1832985739
155.5,0,0,0,0,0,0.201541165,0.133675241,0.1023280511,0.2033577259,0.1535442755,0.1102953974,0.1047223494,0.08890308394,0.2249954512,0.1390931858,0.2334370151,0.1823661125,0.1734476495,0.1328505899,0.1758298556,0.1795689377,0.1833249401
156,0,0,0,0,0,0.2016382287,0.1337063222,0.1023711602,0.2032934202,0.1535870469,0.1102983232,0.1048085348,0.08871450696,0.2248653114,0.1393140614,0.2333622959,0.1823370247,0.1735030689,0.1330546672,0.1758427948,0.1797078556,0.1833046961
156.5,0,0,0,0,0,0.2017779907,0.1336970397,0.102305602,0.2034035041,0.1536004542,0.1103403798,0.1047966312,0.088801345,0.2247243283,0.1392092618,0.233347608,0.1823446618,0.1735092529,0.1329061613,0.1760201071,0.1798400054,0.1833896395
157,0,0,0,0,0,0.2016791358,0.1337226656,0.1022202208,0.2033096852,0.153471428,0.1100926499,0.1047682907,0.08883044153,0.2246430788,0.1392530112,0.2333698205,0.1824073387,0.1735014949,0.1328883075,0.1760304518,0.1796855893,0.1833811998
157.5,0,0,0,0,0,0.2016374157,0.1338523979,0.1022147666,0.2031021442,0.1535316564,0.1100268594,0.1047555904,0.08889850482,0.2247547205,0.1391076564,0.233386701,0.182263114,0.1735323679,0.1327124713,0.1760802666,0.1798700831,0.1834298937
158,0,0,0,0,0,0.2016959713,0.1337785825,0.1023791487,0.2030798992,0.1535834713,0.109977975,0.1046198496,0.08882767217,0.224889975,0.1389957823,0.2333655991,0.1822614584,0.1736933509,0.1328876102,0.1761992431,0.1800007188,0.183394596
158.5,0,0,0,0,0,0.2015245846,0.1338689414,0.1021502953,0.2030829781,0.1536623885,0.1098980203,0.1047747206,0.08890052918,0.2250228981,0.1390982158,0.2334350031,0.1823453424,0.1738306833,0.1328961069,0.176114057,0.1798531796,0.1835003182
159,0,0,0,0,0,0.2016033166,0.1339100865,0.1020810172,0.2031444107,0.1535117477,0.109811421,0.1048866549,0.08897434435,0.2251247777,0.139213055,0.233469799,0.1821748897,0.1739309148,0.1329455718,0.1760112945,0.1798570909,0.1833239462
159.5,0,0,0,0,0,0.201703053,0.1339355588,0.1021768631,0.2032612738,0.153286207,0.1099899126,0.1049281665,0.08900103429,0.2250648266,0.1393325249,0.233588789,0.1821865048,0.173833738,0.1330430061,0.1759106858,0.1797620248,0.1832477019
160,0,0,0,0,0,0.2017608941,0.1338176943,0.1021732707,0.2033914383,0.1533507457,0.1100665694,0.104887189,0.08885717386,0.2250024447,0.1392733507,0.233609236,0.1820905073,0.1737289138,0.1331243058,0.1756497248,0.179794885,0.1830998196
160.5,0,0,0,0,0,0.2015631874,0.1338391874,0.1021105413,0.2034985576,0.1534304707,0.1100828894,0.1049064093,0.08872914015,0.2249994584,0.1394729228,0.2334663604,0.1822187707,0.1736240957,0.1328258159,0.1756950116,0.1797783893,0.1828975491
161,0,0,0,0,0,0.2016415895,0.1339074303,0.1021288644,0.2034723526,0.1534413852,0.1100970013,0.104803545,0.08888429069,0.224803846,0.1393668105,0.2334777314,0.1822991515,0.1737668695,0.1328548612,0.1756919893,0.1797893799,0.18299696
161.5,0,0,0,0,0,0.2016328707,0.13385715,0.102187978,0.2034944345,0.1533368112,0.1100833286,0.1048331143,0.08897333536,0.2249175671,0.1394703235,0.2335684546,0.1823424462,0.1737534088,0.1328719081,0.175848762,0.1796981357,0.1829950202
162,0,0,0,0,0,0.2016103722,0.133789823,0.1021116276,0.2034885577,0.1532909609,0.1101045182,0.1047075203,0.08889395707,0.2250256775,0.1392912031,0.23363863,0.1823894826,0.1735949898,0.1327884983,0.1757560154,0.1797532505,0.182920139
162.5,0,0,0,0,0,0.2016615028,0.1338447593,0.1022580451,0.2036651473,0.15322012,0.110333068,0.1047132068,0.08877241464,0.2250686022,0.1392105407,0.2336903416,0.1822361246,0.1736108596,0.1331775605,0.1757756858,0.1798437095,0.1830217652
163,0,0,0,0,0,0.2017211438,0.1337552974,0.1024538625,0.2036564496,0.1533620362,0.110220638,0.104820488,0.08880199006,0.2251520154,0.1391408161,0.2338306202,0.182356766,0.1737100403,0.1330907328,0.1758393803,0.1798963128,0.1830069644
163.5,0,0,0,0,0,0.2017590662,0.1336461143,0.1023932524,0.2036139884,0.1534224811,0.1101722053,0.1049000598,0.08871312101,0.2250403483,0.1391378015,0.2338465844,0.1821546332,0.1738239956,0.1330484506,0.1760580537,0.180006674,0.1828798774
164,0,0,0,0,0,0.2018058757,0.1335686907,0.1024670396,0.2035793432,0.1531996878,0.1102662039,0.1049205617,0.08871349328,0.2251586848,0.1390592889,0.2338029789,0.1822227732,0.173897347,0.1332349274,0.1760694504,0.1798346202,0.1830508516
164.5,0,0,0,0,0,0.2017376642,0.1336282929,0.102420168,0.2036310443,0.1533435788,0.1101380268,0.1051757274,0.08878013403,0.2249772405,0.1390235433,0.2337590544,0.1821674187,0.1738625614,0.1330767576,0.175992711,0.1798928151,0.1832038131
165,0,0,0,0,0,0.2017389414,0.1338015667,0.1025029168,0.2035634217,0.1533009494,0.1099602373,0.1051447919,0.08883824475,0.224921936,0.1389721404,0.2337620779,0.1822773735,0.1737922044,0.1330910286,0.1759491187,0.1799111855,0.1831657514
165.5,0,0,0,0,0,0.2017137668,0.1337440409,0.102369122,0.2034927897,0.1532778161,0.1099889389,0.1052256714,0.08894220502,0.224913625,0.1390185906,0.2337150942,0.1821675025,0.1739873764,0.1331864572,0.1760862162,0.1798752508,0.1831018829
166,0,0,0,0,0,0.2017805004,0.1338040946,0.102321661,0.2035551162,0.1531879148,0.1099943233,0.1051193733,0.08888132986,0.2248155161,0.1389846092,0.2336833491,0.1821739826,0.173893333,0.1331562017,0.1760604407,0.1797103848,0.1833200909
166.5,0,0,0,0,0,0.2018085842,0.1338444448,0.1023004311,0.2037197792,0.1533128439,0.1100823001,0.1050246633,0.08885538415,0.2248370529,0.1389530202,0.233712674,0.1822647768,0.1737764326,0.1332366681,0.1759552859,0.179693353,0.1831596988
167,0,0,0,0,0,0.2017609377,0.1339332166,0.1023761921,0.2035435525,0.153302813,0.1102837201,0.1051271024,0.08881745849,0.2250286537,0.1388296506,0.2338777932,0.1823220063,0.1737920152,0.1332767921,0.1759664744,0.1799401544,0.1831476482
167.5,0,0,0,0,0,0.201823209,0.133736274,0.1023792286,0.203555743,0.1532665835,0.1101757561,0.1050687742,0.08883813603,0.2249059068,0.1388601856,0.2340975549,0.1823391304,0.173749764,0.1331694467,0.1759294722,0.1798576505,0.183126646
168,0,0,0,0,0,0.20164143,0.1335941873,0.1023664107,0.2034674836,0.1533906608,0.1102388008,0.1048774013,0.08893229878,0.2250471282,0.1389933381,0.2341461728,0.1823159229,0.1738240522,0.1331404312,0.1758374888,0.1799925164,0.1831664442
168.5,0,0,0,0,0,0.2016439428,0.1335126304,0.1023922206,0.2035762283,0.1535524811,0.1100842933,0.1048390491,0.08888437975,0.2250026035,0.1391346665,0.2341757303,0.1822828542,0.1738350859,0.1331666771,0.1758906106,0.1799310184,0.1831378306
169,0,0,0,0,0,0.2017278888,0.1335338726,0.1025740834,0.203442455,0.1536076552,0.1102682051,0.1048445591,0.0889588489,0.2251825243,0.1392383983,0.2341821975,0.1821109108,0.173726899,0.133125542,0.1757206058,0.1796565412,0.1831329258
169.5,0,0,0,0,0,0.2016633194,0.1335114462,0.1026122088,0.2035580971,0.1537399097,0.1103538943,0.1049237969,0.08899557751,0.2251864059,0.1392275042,0.2341147512,0.1822092912,0.1738191408,0.1331140621,0.1754191996,0.1795822151,0.1832825886
170,0,0,0,0,0,0.201806041,0.1332985126,0.1024086126,0.2036034465,0.1535025561,0.1101904298,0.1049455551,0.08888010475,0.2252147462,0.139182485,0.2341004511,0.1821993892,0.1738157294,0.1331662504,0.1755983288,0.1795077463,0.1830751981
170.5,0,0,0,0,0,0.201846459,0.1334375701,0.1022854845,0.2035884195,0.1535779895,0.1102403053,0.1049388615,0.0889669103,0.2250708494,0.1393612665,0.2341824316,0.1823060367,0.1736956667,0.1331469577,0.1756283491,0.1795677228,0.1829681789
171,0,0,0,0,0,0.2016510351,0.133531166,0.1022997105,0.2035578634,0.153447599,0.1104293453,0.1048709277,0.08889082815,0.2252943992,0.1393094247,0.2341845519,0.1822889737,0.1735597854,0.133148109,0.1756668663,0.1796756789,0.1828701775
171.5,0,0,0,0,0,0.2016009215,0.1336005959,0.1021909711,0.2036414929,0.1535835839,0.1105957558,0.1049339706,0.08891469963,0.2252509771,0.1393976923,0.2342271659,0.1822193591,0.1737350239,0.1332870373,0.1758216045,0.1797756846,0.1828838472
172,0,0,0,0,0,0.2014514183,0.1335607618,0.1020562261,0.2036874868,0.1536249092,0.1105689617,0.1048690681,0.08889457999,0.2250163665,0.1392392684,0.2341630895,0.1823820111,0.173829809,0.1331809167,0.1759053927,0.1796107318,0.1828061074
172.5,0,0,0,0,0,0.2014614569,0.1336859896,0.1022914933,0.2036793127,0.1534366551,0.1104964737,0.1048413712,0.08877124584,0.2249516838,0.1392442019,0.2341195565,0.1822871814,0.173930132,0.1330976125,0.1758343869,0.1797676773,0.1829391039
173,0,0,0,0,0,0.2016062768,0.1336283871,0.1023182545,0.2037375026,0.1534274674,0.1105623929,0.1049078093,0.08861323607,0.2248963491,0.139191241,0.2341198445,0.1822608173,0.1738368235,0.1331589128,0.1758081154,0.1799292968,0.182854535
173.5,0,0,0,0,0,0.2015522895,0.1335847511,0.1022833338,0.2036493047,0.1533337168,0.1105272385,0.1048638499,0.08892304855,0.2247582128,0.1391720432,0.2340657785,0.1823888438,0.1737520337,0.1331749599,0.1757733932,0.1799713458,0.182805542
174,0,0,0,0,0,0.2015562882,0.1336903091,0.1022081148,0.2036463306,0.1533028745,0.1105195596,0.1048794594,0.08881336172,0.2247059065,0.1388803617,0.2339818019,0.1823877448,0.173772492,0.13287211,0.1757605038,0.1800786125,0.1828067125
174.5,0,0,0,0,0,0.2015747627,0.1336967247,0.1022561801,0.203531228,0.1530373055,0.1103235868,0.1048655181,0.08898778955,0.2244151699,0.1390082259,0.2340654556,0.1823819792,0.1738875245,0.1330548496,0.1757824534,0.1798869754,0.1827032144
175,0,0,0,0,0,0.2015889614,0.1335819798,0.102199469,0.2034850171,0.153000044,0.1102255373,0.1047575164,0.08898824882,0.2246014766,0.1391149865,0.2341505836,0.1824205916,0.1738648415,0.132905989,0.1758877538,0.1798554661,0.1826050554
175.5,0,0,0,0,0,0.2017551839,0.1334104069,0.102384525,0.2035613313,0.1529845699,0.110222938,0.1046443575,0.08872309376,0.2248520602,0.1391131136,0.2340835476,0.1823800313,0.1738249711,0.1330444495,0.175904013,0.1797336148,0.1827556312
176,0,0,0,0,0,0.2017137901,0.1336464642,0.1022312931,0.2036240953,0.1528466628,0.1103086,0.1047697473,0.08880213928,0.2249882546,0.1389967434,0.2340083713,0.1824173941,0.1737402379,0.1332544825,0.1757013923,0.1797525572,0.1828752916
176.5,0,0,0,0,0,0.2016907088,0.1337784861,0.1023050379,0.2036195516,0.1529348948,0.1103998329,0.1047565087,0.08876667345,0.2250379398,0.1389251791,0.2340287456,0.1822537732,0.1738440143,0.1331568741,0.1758116596,0.1796677868,0.1828376081
177,0,0,0,0,0,0.2016696411,0.1337376463,0.1022957879,0.2035231711,0.1529822,0.1102974219,0.1048172857,0.08872596198,0.2251076486,0.1390560727,0.2340502726,0.182388811,0.173778395,0.1329452525,0.1759727321,0.1797039616,0.182866993
177.5,0,0,0,0,0,0.2015321464,0.1337702652,0.1022650418,0.2036438095,0.1530774045,0.1102413045,0.1048258506,0.08866430465,0.225140411,0.1389580444,0.2340078678,0.1824250453,0.1738176368,0.1331408765,0.1759777437,0.1797618124,0.1828068451
178,0,0,0,0,0,0.2015487897,0.13382251,0.1022046868,0.2037396324,0.153289726,0.1103888276,0.1048151259,0.08871710442,0.2249654501,0.1390119208,0.2339908236,0.1823457338,0.1737982907,0.1330223582,0.1760099331,0.1798293914,0.1829684586
178.5,0,0,0,0,0,0.2014707815,0.1338245683,0.1021800432,0.2035821382,0.1534910307,0.1104569608,0.1047588089,0.08877749339,0.224880286,0.138911448,0.2338284764,0.1823792861,0.1739837241,0.1328940123,0.1759752815,0.1797284326,0.1829061871
179,0,0,0,0,0,0.2014441299,0.1336938866,0.1022367519,0.2035043147,0.1533404023,0.1103956518,0.1048388737,0.0887026156,0.2249258527,0.1388602718,0.2337982582,0.182357508,0.1739142566,0.1328324699,0.175929823,0.1795435192,0.1829834683
179.5,0,0,0,0,0,0.2015913944,0.1337244226,0.1020867646,0.2034243217,0.1535433125,0.1101615507,0.1047761424,0.08874981426,0.2248538958,0.1388895822,0.2339328256,0.182554705,0.1741275405,0.1328931188,0.1759911107,0.1796802062,0.1830329042
180,0,0,0,0,0,0.2014964829,0.133622774,0.1021636428,0.2033067566,0.1536288269,0.1102428808,0.1047092378,0.08871101705,0.2250405418,0.1390141996,0.2338480157,0.1825166428,0.1738294737,0.1329999607,0.1758092985,0.179695016,0.1830083577
180.5,0,0,0,0,0,0.2014717422,0.133744958,0.1024906241,0.2032733351,0.1535607868,0.1101574597,0.1046731925,0.08878637906,0.2249188244,0.1389754551,0.2338765259,0.18242769,0.1739068482,0.1331238189,0.1758288694,0.179819835,0.1829028068
181,0,0,0,0,0,0.2015822702,0.1338011455,0.1024239544,0.2031740633,0.1534304548,0.1103105838,0.1046988366,0.08876852933,0.2248845505,0.1391565082,0.2338684536,0.1823833128,0.1738575008,0.1330626208,0.1757866279,0.1798747963,0.1829728333
181.5,0,0,0,0,0,0.2016103448,0.133902354,0.1024865132,0.2033697091,0.1534622849,0.1101672984,0.1046999335,0.08874214913,0.224815548,0.1389357835,0.2337555314,0.1823193388,0.1738088234,0.1329541308,0.1758028147,0.179828427,0.182878442
182,0,0,0,0,0,0.201554569,0.1337330047,0.1024332835,0.2034294434,0.1535258435,0.1102028078,0.1047478013,0.08883041727,0.2250595264,0.1390069923,0.2337236373,0.1822234137,0.1738447613,0.1328403386,0.1758831348,0.1798531279,0.1828021268
182.5,0,0,0,0,0,0.2016911063,0.1337023305,0.1023169221,0.2033404695,0.1534244619,0.1101875905,0.1047581773,0.0889061546,0.225079352,0.1391618888,0.2337842374,0.1824074835,0.1737014515,0.1329546382,0.1758504627,0.180183551,0.1827449642
183,0,0,0,0,0,0.2015847435,0.1335696642,0.1023682866,0.2033226324,0.1534344883,0.1102801202,0.1049726769,0.08890118563,0.2251102301,0.1389954137,0.2337449796,0.1824257254,0.1735158863,0.1328568022,0.1757903609,0.1800022379,0.182700299
183.5,0,0,0,0,0,0.2015683841,0.1335337377,0.1025416574,0.203257348,0.1533531647,0.1101738313,0.104889879,0.0888665124,0.2250027189,0.1390433034,0.2335180541,0.1823760887,0.1733379415,0.1330996246,0.1756572492,0.1799838931,0.1828291299
184,0,0,0,0,0,0.2013545762,0.1335363933,0.1025394718,0.2034309893,0.1534108033,0.1101076885,0.1048844682,0.08876065234,0.2250455662,0.138874801,0.2332719188,0.1822721378,0.1734264798,0.1333450948,0.1757024458,0.1798965131,0.1829314667
184.5,0,0,0,0,0,0.2014449084,0.1335441414,0.1024041762,0.2034013153,0.1534075322,0.1101236673,0.1049299484,0.08888229557,0.2250325846,0.1386947613,0.2331645952,0.1822835026,0.1733874949,0.133167156,0.1758367314,0.1798042335,0.1829526509
185,0,0,0,0,0,0.2016164873,0.1336884713,0.1022493293,0.2033156653,0.1531732715,0.1101683067,0.1047815239,0.08881100866,0.2249677234,0.1387999589,0.2330160536,0.1823706299,0.1734659525,0.1330038566,0.1757383604,0.1798516009,0.1830017455
185.5,0,0,0,0,0,0.2016238408,0.1336343665,0.1023024949,0.203276228,0.153381472,0.1100805161,0.104864044,0.0889337495,0.2251185394,0.1387247516,0.2330379603,0.1823323525,0.1734921355,0.1329339158,0.1757459356,0.1797904622,0.1828759771
186,0,0,0,0,0,0.2016924006,0.1337709523,0.1025431289,0.2032588876,0.1533327688,0.1103370199,0.1049086779,0.08893759052,0.2252027961,0.1385791248,0.2331596188,0.1822897834,0.1734689358,0.1329309395,0.1757360181,0.1796883006,0.1827735613
186.5,0,0,0,0,0,0.2016619325,0.1338150018,0.1025790627,0.2032610331,0.1532644209,0.1101832585,0.1048981351,0.08879870453,0.225327465,0.138737284,0.2330826059,0.1825082805,0.1734665497,0.132729499,0.1757621541,0.1796940157,0.1828936197
187,0,0,0,0,0,0.2015301291,0.1337083224,0.1026513844,0.2032442333,0.1533193989,0.1102536682,0.1047926221,0.08891293622,0.225300022,0.1389891423,0.2330087425,0.1824893663,0.1736291892,0.1328533052,0.1759127327,0.1795698647,0.182981511
187.5,0,0,0,0,0,0.2015343989,0.1336455162,0.102474335,0.2031866799,0.1533002063,0.1101903774,0.1048661681,0.08880720955,0.2253342008,0.1388890929,0.2328930478,0.1825340768,0.1735958875,0.1329397462,0.1759255519,0.1793832369,0.1830168642
188,0,0,0,0,0,0.2016123165,0.1337840028,0.10224842,0.20322985,0.1535670334,0.1100311082,0.1048795186,0.08879674433,0.2251688052,0.1389366261,0.2328961441,0.1824970039,0.1736331953,0.1330938803,0.1758050796,0.1794093004,0.1830447369
188.5,0,0,0,0,0,0.2016178066,0.1339236193,0.1024267102,0.2033318794,0.1536009935,0.1103150598,0.1049787861,0.08888185352,0.2250598093,0.1389224334,0.2329604495,0.1825300537,0.1737147262,0.133115029,0.1758275745,0.1793768223,0.1829573822
189,0,0,0,0,0,0.2015708246,0.1337899441,0.1024394449,0.2034118153,0.1537368518,0.1103340549,0.1049544745,0.08879442267,0.2250393648,0.1388603717,0.2329889413,0.1824053334,0.1737199605,0.133193045,0.1759345532,0.1795863874,0.1829250366
189.5,0,0,0,0,0,0.2015615148,0.1336689399,0.1024718745,0.203306469,0.153422624,0.1100856274,0.1050160563,0.08892599842,0.2250132254,0.1388506972,0.232862731,0.1823227173,0.1737776718,0.1334372137,0.176039127,0.1795677615,0.1830357175
190,0,0,0,0,0,0.2016330263,0.1337096264,0.1024698237,0.2033515339,0.1535545541,0.1101182312,0.1050044295,0.08890788979,0.2250879305,0.138929371,0.2328155371,0.1822684172,0.1737589094,0.1333580311,0.1760065615,0.1794647402,0.1830218938
190.5,0,0,0,0,0,0.201665399,0.1336936763,0.1024402411,0.2032752074,0.1534815926,0.1099697626,0.104941656,0.08888144855,0.2248978707,0.1388541344,0.2328317076,0.1823334249,0.1736562331,0.1330470253,0.1759713042,0.1791591598,0.1828699258
191,0,0,0,0,0,0.2015779186,0.1335910423,0.1023676335,0.2033256642,0.1535122039,0.1101924866,0.1047415383,0.08871813911,0.2250107109,0.1387408452,0.2327004439,0.1823300322,0.1735809058,0.1330231712,0.1759444978,0.1791931244,0.1827635476
191.5,0,0,0,0,0,0.2016640682,0.1337981709,0.1022004405,0.2035288264,0.1534658533,0.1100677781,0.1046667492,0.08874762854,0.2249824359,0.1388181501,0.2326803144,0.1823817738,0.1736142338,0.1330186105,0.1758613681,0.1794357348,0.1827545748
192,0,0,0,0,0,0.2017641318,0.133642963,0.1022413053,0.2035437715,0.1533324997,0.1100739762,0.1047441555,0.08881201271,0.2248425471,0.138787465,0.2326536955,0.1823436802,0.1734895414,0.13293671,0.17593771,0.1794812145,0.1828111256
192.5,0,0,0,0,0,0.2015712582,0.1337689312,0.1022930137,0.2034447348,0.1532512506,0.1100979412,0.1047575989,0.08874238277,0.2246171837,0.1389337427,0.232597102,0.1822381957,0.173463366,0.1329248773,0.17580633,0.1794984906,0.1827992485
193,0,0,0,0,0,0.2015335903,0.1338304887,0.1022738415,0.2035759213,0.1532937269,0.1101923997,0.1048952554,0.08881917313,0.2245873544,0.1389943144,0.2326569546,0.1822764577,0.1733965002,0.133128814,0.175895353,0.1793151319,0.1828093482
193.5,0,0,0,0,0,0.2014789486,0.1337806735,0.102482384,0.2035985308,0.1533090878,0.110109974,0.1048482951,0.08891300003,0.2243340134,0.1390462294,0.2326142417,0.1822615063,0.1733750956,0.1330596383,0.1758583589,0.1793451295,0.182900193
194,0,0,0,0,0,0.2014665128,0.1339855254,0.1023731235,0.2036192783,0.1533601034,0.1100691607,0.1049638936,0.08877775975,0.2242622821,0.1390970169,0.2324599301,0.1823551774,0.1733896322,0.1329047203,0.1756697806,0.1794792555,0.1830291622
194.5,0,0,0,0,0,0.2015252102,0.1339282343,0.1022377469,0.2034562665,0.1531539395,0.1100886577,0.1050439643,0.08879157687,0.2240612079,0.1391291221,0.232448349,0.1825072863,0.1733242358,0.1329616929,0.1757947251,0.1793807474,0.1830959633
195,0,0,0,0,0,0.2016398162,0.1338755237,0.1023128675,0.2034427471,0.1531863626,0.1099131074,0.1049587757,0.08872629972,0.2240831585,0.1391490825,0.232388981,0.1823566796,0.1733152807,0.1329381199,0.1756813223,0.1792568043,0.1829260834
195.5,0,0,0,0,0,0.2014559773,0.1340441266,0.1023188257,0.2034563405,0.1532145026,0.1099130415,0.1049537099,0.08880704982,0.2240704241,0.1391080081,0.232504313,0.1823902979,0.1734871206,0.1329721883,0.1758636905,0.1791547959,0.1827518898
196,0,0,0,0,0,0.2014305112,0.1338447689,0.1022321321,0.2035507775,0.1533713611,0.109625817,0.1049059386,0.08877256606,0.2241999538,0.1391878622,0.2324223409,0.1823940041,0.173307413,0.1328274697,0.1756966461,0.179105909,0.1826972156
196.5,0,0,0,0,0,0.2015293013,0.1338197832,0.1023226,0.2035119239,0.1533394411,0.1098012478,0.1047701013,0.08878924638,0.2242750495,0.1393351306,0.2324981014,0.1824182201,0.1733256878,0.1326667856,0.1755936584,0.179172562,0.1826730901
197,0,0,0,0,0,0.2015372504,0.1337479003,0.1022960638,0.2035375458,0.1534777265,0.1099527364,0.1049137679,0.08865072247,0.2243517893,0.1391149777,0.2325128555,0.1825388641,0.1734496718,0.1326022777,0.1754855959,0.1793920424,0.182681922
197.5,0,0,0,0,0,0.2015120809,0.1338484605,0.1021273446,0.2036616442,0.1535507552,0.1098388272,0.1048490235,0.08872018423,0.2244385389,0.1391175318,0.2325611831,0.1826635592,0.173459033,0.1326398177,0.1755751291,0.1795271441,0.1827863437
198,0,0,0,0,0,0.2015148148,0.1337372133,0.1021117684,0.2036655172,0.1535005315,0.1099944318,0.1049496006,0.08873186847,0.2244249008,0.1390364435,0.2325407744,0.1827042955,0.1732595387,0.1328610328,0.175555728,0.1795713822,0.182751272
198.5,0,0,0,0,0,0.2014659918,0.1337073211,0.1021983254,0.2036121606,0.1535318952,0.1100190109,0.1050542856,0.0888951843,0.2242836222,0.1389796013,0.2324418489,0.1828052589,0.1733336552,0.1329190564,0.1755792297,0.1796261248,0.182857598
199,0,0,0,0,0,0.2015330479,0.1337134244,0.1021597085,0.20355081,0.1534782078,0.1100655352,0.1049828315,0.08890503631,0.2241986897,0.1389147579,0.2324492948,0.18275116,0.1735431416,0.1329359191,0.1753970788,0.1794579341,0.1828945527
199.5,0,0,0,0,0,0.2016694478,0.1337157164,0.1022917355,0.2036270558,0.1535366535,0.1101423807,0.1052156163,0.08878239128,0.2242326299,0.1390922187,0.2324998489,0.1826684415,0.173482214,0.1328414189,0.1754011677,0.1794188343,0.1830777156
200,0,0,0,0,0,0.2018717009,0.1337258102,0.102449294,0.2036519264,0.1535794344,0.110306385,0.1050824701,0.08876806847,0.2241810327,0.1389357742,0.2324543216,0.1825679346,0.1735944514,0.1329380712,0.1754759412,0.1794612605,0.1830099656
200.5,0,0,0,0,0,0.2018086113,0.1337718193,0.1025414137,0.2036006285,0.1536448959,0.1104219059,0.1050616727,0.08874167773,0.2242314864,0.1392057021,0.2325062185,0.1825402407,0.1736196786,0.1331870276,0.1755623859,0.1795319213,0.1830031104
201,0,0,0,0,0,0.2018802277,0.1335983048,0.1023961537,0.2035667446,0.1536678339,0.1103594999,0.1049808765,0.08884016539,0.2243056322,0.1389893293,0.2324574053,0.1826730841,0.1734382889,0.1332157197,0.1755639045,0.1795981915,0.1829687846
201.5,0,0,0,0,0,0.2017708928,0.1336283637,0.1024711681,0.2036907196,0.1538409424,0.1105025497,0.1049764575,0.08882081903,0.2244004803,0.1389303604,0.2325069044,0.1826040339,0.173473324,0.133206142,0.1756252608,0.17948032,0.1830206626
202,0,0,0,0,0,0.2016858203,0.1337024769,0.1025936086,0.2037416201,0.1539168215,0.1103141919,0.1049534441,0.0888100565,0.2244360183,0.1388838733,0.2326076306,0.1824792412,0.1735770802,0.1329409735,0.1756377094,0.1794152457,0.1829352393
202.5,0,0,0,0,0,0.2016592137,0.1336811694,0.1027362654,0.2036661939,0.1537119233,0.1101815525,0.1049129094,0.08895945178,0.224557186,0.1388323677,0.2326163651,0.1824639193,0.1737028436,0.1328248839,0.1757732269,0.1792718634,0.1830748792
203,0,0,0,0,0,0.2017383161,0.1337563279,0.1025791086,0.2035243262,0.1535534522,0.1100583687,0.1049558307,0.08895851646,0.2245247058,0.1388632314,0.2325759398,0.1824424629,0.1736126876,0.1327684891,0.1760063401,0.1794891381,0.1829900435
203.5,0,0,0,0,0,0.2016127908,0.1338895975,0.1024048056,0.2034561302,0.1536145957,0.1100899361,0.1049350621,0.08893559985,0.2245719373,0.1388326206,0.2326361317,0.1822581998,0.1736033182,0.1326645557,0.1760757033,0.179593525,0.1829221615
204,0,0,0,0,0,0.2017007366,0.1340700839,0.1024251823,0.20328914,0.1535747181,0.1101025544,0.1049545589,0.08899770535,0.2246100717,0.1387924013,0.2325746039,0.1824718159,0.1734527539,0.1327974512,0.1760596733,0.1794860437,0.1828826653
204.5,0,0,0,0,0,0.2019649214,0.1338836543,0.1024164318,0.2032624117,0.1537874333,0.1102008818,0.1048499921,0.0890299938,0.2246283386,0.1386337712,0.2326822396,0.1825246342,0.1734878472,0.1326280693,0.1761203792,0.1795276521,0.1829292806
205,0,0,0,0,0,0.2019141599,0.1339488104,0.1023163458,0.2033093175,0.1537136598,0.110135146,0.1049814468,0.08899070829,0.2246565699,0.1386083121,0.2326740918,0.1825208592,0.1734766742,0.1324583763,0.1761073554,0.1796132356,0.1829400329
205.5,0,0,0,0,0,0.2017520903,0.1338070353,0.1024128813,0.2033117701,0.1535663293,0.1102332813,0.1050796623,0.0888873976,0.2248678908,0.1385630684,0.232661085,0.1825590906,0.1733233368,0.1324179218,0.1761389387,0.1794418484,0.1831125503
206,0,0,0,0,0,0.2016917971,0.1336800589,0.1024410547,0.2034506026,0.1535388667,0.1100492985,0.1050811614,0.08879250991,0.224939601,0.1385083044,0.2327216713,0.1823934971,0.1733944921,0.13260261,0.1760806891,0.1792899587,0.1832396429
206.5,0,0,0,0,0,0.2017261824,0.1336471572,0.1023802525,0.2034852804,0.1535091632,0.1099004327,0.1050181757,0.08872130862,0.2248875457,0.1386537739,0.2327379492,0.1825606532,0.1735035752,0.1326284155,0.1759992202,0.1793821461,0.1833701803
207,0,0,0,0,0,0.201489596,0.1336989315,0.1022578823,0.203399771,0.1533808716,0.109769495,0.105044933,0.08878988858,0.2248575765,0.1388679755,0.2327469848,0.1824555924,0.1735273822,0.1326072769,0.1761070549,0.179233191,0.1835144294
207.5,0,0,0,0,0,0.2015656939,0.1336886133,0.1024565732,0.2034510909,0.1533939946,0.1096287949,0.1049563764,0.08886111767,0.2247221744,0.1390210761,0.2327593777,0.1824212611,0.1735494892,0.1326331941,0.1759892273,0.1794341303,0.1834894771
208,0,0,0,0,0,0.2017650228,0.1337490161,0.1025190393,0.203546736,0.1534913384,0.1096540624,0.1049206685,0.08900378566,0.2247200733,0.138964757,0.2327578606,0.1824340977,0.1736444989,0.1327719447,0.1759327571,0.1793226705,0.1833786303
208.5,0,0,0,0,0,0.2019995698,0.1337022685,0.1024185946,0.2034847205,0.153508679,0.1097207529,0.1048129356,0.08904851383,0.224661583,0.1389011665,0.2327408371,0.1824477961,0.173687586,0.1328685329,0.1759202978,0.1795228171,0.1833044028
209,0,0,0,0,0,0.2018796808,0.1337867236,0.102298979,0.2034384977,0.1537802948,0.1098173763,0.1048802897,0.08892641077,0.2246084365,0.1390077597,0.2328847997,0.1823766516,0.1737298601,0.1326981727,0.1760229391,0.1796792447,0.1832223093
209.5,0,0,0,0,0,0.2017831393,0.1339955412,0.1025124577,0.2035268911,0.153680191,0.1099738967,0.1047391014,0.08885371407,0.2246488262,0.1388830235,0.2327922344,0.1824389542,0.1737362106,0.1325584051,0.1760106651,0.1797851191,0.1831267427
210,0,0,0,0,0,0.2016773799,0.1340576563,0.1023362422,0.2035733375,0.1535954757,0.1099389544,0.1048728182,0.08880124635,0.2246849628,0.1389254898,0.2327631332,0.1822885388,0.1735492101,0.1325716418,0.1760855842,0.1796980914,0.1831261799
210.5,0,0,0,0,0,0.2016305466,0.1338809694,0.1024713686,0.2036204147,0.1537827006,0.1100159677,0.1048025612,0.08874313654,0.2247171589,0.1389757511,0.2329796504,0.1824541484,0.173444497,0.1326927193,0.17599923,0.1795907892,0.1830227059
211,0,0,0,0,0,0.2018659508,0.133867595,0.1023491158,0.2037792316,0.1535551424,0.1100057776,0.1049027986,0.08880738055,0.2244904427,0.1390030647,0.2330885736,0.1823628463,0.1735114247,0.1326226584,0.1759478055,0.1796690972,0.1831605445
211.5,0,0,0,0,0,0.2016618649,0.1337905499,0.1024375896,0.2036976062,0.1536095731,0.1103212494,0.1049954339,0.08889846866,0.2244306303,0.1388607408,0.2334004181,0.1824619678,0.173579535,0.1326377425,0.1759200647,0.1794651316,0.1832137128
212,0,0,0,0,0,0.2017276516,0.1336410762,0.1025258725,0.2035186115,0.1535415872,0.1103492848,0.1050996247,0.08889072098,0.2243000517,0.1390052104,0.2333087521,0.1825483486,0.1736028367,0.1327542237,0.1759867195,0.1797585461,0.1833235298
212.5,0,0,0,0,0,0.20155928,0.1336512248,0.1023151095,0.2035260815,0.1536477531,0.1102122941,0.1049747041,0.08891062881,0.2243000479,0.1389029767,0.2334152229,0.1825950231,0.1735289457,0.1328666095,0.1759126695,0.1796024135,0.1834044984
213,0,0,0,0,0,0.2016574969,0.1336770821,0.1023025894,0.2034265403,0.1535298162,0.1100812259,0.1048505757,0.08891594102,0.2242859931,0.1391764104,0.2334909772,0.182331898,0.1734935096,0.1328248539,0.1758131514,0.1795887128,0.1834738237
213.5,0,0,0,0,0,0.2018514921,0.133550061,0.1023443864,0.2033215215,0.1535229749,0.1101003241,0.1049189856,0.0888012935,0.2243564486,0.1389191099,0.2334583052,0.1823626879,0.173589675,0.1328687145,0.1757697257,0.1796289279,0.1835281401
214,0,0,0,0,0,0.2017392143,0.1336053981,0.1023600631,0.2034649278,0.1535655877,0.1102222199,0.104916129,0.08879184789,0.224306221,0.138764659,0.2335732853,0.1822813379,0.1734022119,0.1332416967,0.1758010048,0.1796223261,0.1834123122
214.5,0,0,0,0,0,0.2017879578,0.1335906439,0.1022710403,0.2035901267,0.1535920134,0.1101735014,0.1047741651,0.08874853197,0.2244394778,0.1385465923,0.2336685125,0.1823722946,0.1734638537,0.1331992327,0.1755771555,0.1794333111,0.1834406532
215,0,0,0,0,0,0.2018085841,0.1335409765,0.1022837642,0.203583315,0.153727741,0.1102969879,0.1047408863,0.08871377718,0.2245314613,0.1386899196,0.2336495011,0.1823900819,0.1734209786,0.1331599725,0.1754850245,0.1792913625,0.1834628164
215.5,0,0,0,0,0,0.2017428672,0.1336649111,0.1022557716,0.2035830445,0.1537323442,0.1101763899,0.1047311199,0.08870575156,0.2244559023,0.1387799369,0.23346987,0.1823915653,0.1735831623,0.1330743326,0.1753537551,0.1791591524,0.1835068831
216,0,0,0,0,0,0.2018899464,0.1336981081,0.1024412706,0.2036173205,0.153698722,0.1101355207,0.1046738482,0.0887205693,0.2244467591,0.1388544245,0.2333492897,0.1824473577,0.1734788616,0.1329979535,0.1756101108,0.1791867329,0.1836325679
216.5,0,0,0,0,0,0.2018990607,0.1335321409,0.1023527588,0.2035932713,0.1536436277,0.1101945478,0.1047495814,0.08884157401,0.2244609239,0.1390126967,0.2333509786,0.182405943,0.1736264476,0.1330270718,0.1758640902,0.1791418863,0.1837027012
217,0,0,0,0,0,0.2019148087,0.1335146569,0.1022156484,0.2033382651,0.1536929095,0.1102088853,0.1047132986,0.08887694974,0.2243559917,0.1388425798,0.2332746386,0.1824180179,0.1735331659,0.1330465533,0.1757762244,0.1791746823,0.1836038003
217.5,0,0,0,0,0,0.2017927816,0.1334770501,0.1021508064,0.2033115892,0.1535984052,0.1102071684,0.1047603994,0.08887099077,0.2243849082,0.138821494,0.2333189308,0.182308691,0.1734532846,0.1330021646,0.1758411445,0.1790902414,0.1835382737
218,0,0,0,0,0,0.2018628888,0.1335035978,0.102114861,0.2033836163,0.1535550451,0.1100482875,0.1048878488,0.08891521654,0.224315683,0.1390325008,0.2332756047,0.1823433355,0.1734795924,0.1332346084,0.1758072117,0.179247669,0.1835014527
218.5,0,0,0,0,0,0.2017892365,0.1334395347,0.1023417348,0.20329563,0.1535757239,0.1100259122,0.1048921696,0.08883344768,0.2242436498,0.1390660688,0.2334092985,0.1823407895,0.1732502618,0.1331796472,0.1758560585,0.1790874641,0.1836009978
219,0,0,0,0,0,0.2017053966,0.1335065104,0.1022938066,0.2032951283,0.1536457694,0.1101196797,0.1047149735,0.08887406148,0.2243325481,0.1391624633,0.2333904338,0.1820541942,0.1734488882,0.1329429894,0.1758524474,0.1791730502,0.1837457346
219.5,0,0,0,0,0,0.201680581,0.1335698392,0.1021652434,0.2033328278,0.153470313,0.1102113026,0.1047853014,0.08883090259,0.2244233611,0.1390503849,0.2332814465,0.182079669,0.1734721497,0.132919299,0.1757333343,0.1791368418,0.1837906916
220,0,0,0,0,0,0.2017136492,0.1336569241,0.1022821844,0.203470721,0.1533627115,0.1101799959,0.1048626076,0.08874968305,0.224404468,0.1388826574,0.2331141897,0.1821543111,0.1732802034,0.1329852639,0.1757593452,0.179084253,0.1838433406
220.5,0,0,0,0,0,0.2016146889,0.1336616309,0.1022933903,0.2034892312,0.153304061,0.109959065,0.1048486532,0.08870588805,0.22448857,0.1388169125,0.2331257907,0.1822717132,0.1733745361,0.132994838,0.1757112458,0.1788524966,0.1839829669
221,0,0,0,0,0,0.2016006776,0.1335493584,0.102277774,0.2035335341,0.1532868384,0.1100329804,0.1048930653,0.08870598892,0.2243826136,0.1386326836,0.2331479678,0.1823208698,0.1734599099,0.1330671107,0.1756107531,0.1787695742,0.1839871578
221.5,0,0,0,0,0,0.2014849548,0.1336153673,0.1022561347,0.2035979665,0.1532701507,0.109968198,0.1049305597,0.08874363544,0.2243859036,0.1387436097,0.2330099907,0.182302913,0.1735864805,0.1331531417,0.1755803763,0.1786225262,0.1839048685
222,0,0,0,0,0,0.2014833362,0.1336848478,0.1024682306,0.2036123778,0.1533739924,0.11006899,0.1049728163,0.08882520931,0.2243699673,0.1387219879,0.2329974242,0.182261533,0.1735113301,0.1330439392,0.1755830451,0.1787611886,0.1838832768
222.5,0,0,0,0,0,0.2015415593,0.1337098699,0.1025079016,0.2035569931,0.1536953749,0.1101769387,0.1050925854,0.08887429225,0.2245841543,0.1390116477,0.2330362511,0.1822960932,0.1735732251,0.1330327046,0.175607109,0.1786981888,0.1839457853
223,0,0,0,0,0,0.2016703186,0.1337299751,0.102342774,0.2033457151,0.153596377,0.1101101626,0.1051940073,0.0889470936,0.2246936086,0.1392343155,0.2330004039,0.1822500393,0.1736280997,0.13298633,0.1756294865,0.1787550432,0.1838618795
223.5,0,0,0,0,0,0.2017707688,0.1335393556,0.1024667473,0.203303184,0.1534051779,0.1100488504,0.1051119455,0.08896354848,0.2247314173,0.1393177149,0.2329823985,0.1823798905,0.1737524158,0.1330042026,0.1757322644,0.1789352213,0.1838477559
224,0,0,0,0,0,0.2016908645,0.1335757608,0.1023965354,0.2033720655,0.1534585657,0.1100923135,0.1051945294,0.08903868881,0.2248198046,0.1393572823,0.2329367586,0.1823250202,0.1737951236,0.1330716795,0.1757576466,0.1788115651,0.1836981668
224.5,0,0,0,0,0,0.2017383961,0.1334784894,0.1022153866,0.2033407657,0.153441209,0.1100327352,0.1050761643,0.08890425861,0.2249619488,0.1393652101,0.232914684,0.1821397491,0.1737734041,0.1330668093,0.1757390821,0.1787628577,0.1837287053
225,0,0,0,0,0,0.2016635223,0.1334604037,0.102268076,0.2034899867,0.1534660554,0.1100679767,0.1049174176,0.08896270948,0.2250868803,0.1394172462,0.2329423685,0.1821105252,0.1738070615,0.1332129777,0.1758481929,0.1788913771,0.1836537857
225.5,0,0,0,0,0,0.2016491139,0.1334967471,0.1023764269,0.2035618197,0.1533933191,0.1100777065,0.1050018513,0.08890011316,0.2250922855,0.1393055947,0.2327942903,0.1820275869,0.1737818236,0.1331483709,0.1757086808,0.1789990949,0.1836060201
226,0,0,0,0,0,0.2016411089,0.1335388858,0.1024393495,0.2035825581,0.1533389946,0.1099566538,0.1049751237,0.08882685924,0.2249439758,0.1391888748,0.2328560477,0.18216122,0.173776995,0.1330540116,0.175861463,0.1789684283,0.183576861
226.5,0,0,0,0,0,0.2016758182,0.1335422824,0.1023188558,0.2035370282,0.1534323381,0.1100000952,0.1050856184,0.08879193709,0.2248368997,0.1392256504,0.2328632734,0.1822300848,0.1736394421,0.1328627145,0.1760222439,0.1790155653,0.1836355572
227,0,0,0,0,0,0.2016286732,0.1334291927,0.1024597034,0.2034178205,0.1533220232,0.1101251258,0.1053164517,0.08880125184,0.2247320253,0.1392592406,0.2329773781,0.1822453644,0.1736246376,0.1329000753,0.1762930436,0.1789417611,0.183699634
227.5,0,0,0,0,0,0.2017179638,0.1332653554,0.1022951455,0.2033081735,0.1534052749,0.1101320997,0.105155095,0.08903859431,0.2246115219,0.1394114212,0.2330700142,0.1822898427,0.1736761314,0.1329003762,0.1763181558,0.1790077541,0.1835624709
228,0,0,0,0,0,0.201783354,0.1335402651,0.1023984237,0.2034262544,0.1533798109,0.1100930872,0.105008317,0.08904188281,0.2247693077,0.1394161112,0.2330538708,0.1822615449,0.1736391811,0.1330714723,0.1764282352,0.1790372092,0.1834790978
228.5,0,0,0,0,0,0.2017165039,0.1335958462,0.1023795959,0.2034240425,0.1535275262,0.1099560631,0.1048364183,0.08893764438,0.2248240726,0.1394300709,0.2330633335,0.1822631649,0.1736955622,0.1330310497,0.1763651047,0.1791151057,0.1834972623
229,0,0,0,0,0,0.2016617764,0.1337323701,0.1024658807,0.2034260099,0.1534266642,0.1100960279,0.10465468,0.08877893,0.2247299998,0.13927335,0.2329649387,0.1822903916,0.1736432055,0.1329805279,0.1764846326,0.1792362774,0.1834604674
229.5,0,0,0,0,0,0.2015817017,0.1338343056,0.1023743285,0.2034311861,0.1535060543,0.1100681863,0.1045840665,0.0888072849,0.2243115501,0.1389254178,0.2329467157,0.1823250248,0.17355831,0.1328595858,0.1762736168,0.1792890246,0.1836615851
230,0,0,0,0,0,0.2016379644,0.1339100383,0.1023897954,0.2035235585,0.1535435929,0.110119436,0.1045599603,0.08877189442,0.2242007121,0.1387453512,0.2328380958,0.182219575,0.1735984719,0.1329244999,0.1763066984,0.1792655266,0.1837298603
230.5,0,0,0,0,0,0.201614121,0.1338309237,0.1022792593,0.2036863059,0.1535206762,0.1102289751,0.1046081091,0.08886045326,0.2243362291,0.1386993424,0.2327937669,0.1822491074,0.1736812115,0.1329610992,0.1762495698,0.1793312758,0.1837500044
231,0,0,0,0,0,0.2017994218,0.1338584223,0.1021738916,0.2037106324,0.1535287189,0.1102277224,0.1044495371,0.08890249069,0.2245121095,0.1385550324,0.2327399043,0.1821778644,0.1737580917,0.1329907068,0.1761827098,0.1792145531,0.1837396713
231.5,0,0,0,0,0,0.201589332,0.133853477,0.1022030196,0.2036691416,0.1537722597,0.1102124957,0.1045564567,0.08884413498,0.2245812212,0.1385786971,0.2325964901,0.1822816214,0.1736673171,0.1331095286,0.1760876592,0.179189889,0.1837589176
232,0,0,0,0,0,0.2015624544,0.1338673322,0.1022845691,0.2037189152,0.1536220938,0.1100602223,0.1044637371,0.08878419466,0.2242863446,0.13863242,0.2325516286,0.1824116111,0.1735139211,0.133094985,0.1759363176,0.1791559964,0.1836535196
232.5,0,0,0,0,0,0.2015484938,0.1338570501,0.1023812236,0.203585051,0.153651285,0.1099507512,0.1045610694,0.08871735101,0.2243761653,0.1386122924,0.232468578,0.1824598628,0.173503952,0.1329821134,0.1757725493,0.1791730793,0.1835539442
233,0,0,0,0,0,0.2015110783,0.1337492419,0.1024638059,0.2034244402,0.1535912304,0.1101439705,0.1045705985,0.08860673794,0.2243357988,0.138648764,0.2325386826,0.1824768149,0.1734772945,0.1330169082,0.1759015832,0.1792512836,0.1835737955
233.5,0,0,0,0,0,0.2017899891,0.1338631941,0.1023745666,0.2033138977,0.1535843491,0.1099480919,0.1046164298,0.08870834382,0.2242084351,0.1386367472,0.2325288916,0.1823890596,0.1733445376,0.1329316601,0.1758146067,0.1791531655,0.1834848678
234,0,0,0,0,0,0.2019419395,0.1338527299,0.1025526585,0.2032745876,0.1535776417,0.1101432112,0.1048012738,0.08869456255,0.2242386316,0.1386267248,0.2324714888,0.1823523515,0.1734976895,0.1327910473,0.1758269107,0.1791743204,0.1836254011
234.5,0,0,0,0,0,0.2019458008,0.1336754014,0.1023814834,0.20335985,0.1535095319,0.1101786813,0.1046923966,0.08864118418,0.2243466249,0.1385139515,0.2326877312,0.1823180121,0.1736046453,0.132879323,0.175798419,0.1791011019,0.1835103751
235,0,0,0,0,0,0.2018830072,0.1337527314,0.102455126,0.2033064942,0.1535428736,0.1099737734,0.1047555211,0.08872055591,0.2243662448,0.1385674489,0.2328175737,0.1822310245,0.1734805031,0.133001233,0.1758710171,0.1790681906,0.1835403847
235.5,0,0,0,0,0,0.2018425363,0.1337918847,0.1025225109,0.2034628839,0.153340896,0.1101524733,0.1049807701,0.08872063971,0.2243493268,0.1386087868,0.2328775854,0.1821384197,0.1732944542,0.1329661381,0.1759317601,0.1793344753,0.1835087907
236,0,0,0,0,0,0.2018381057,0.1338478094,0.102475724,0.203480541,0.1534069755,0.1101326201,0.1049254638,0.08867475449,0.2243408039,0.1385780994,0.2329155612,0.1820945137,0.1733250541,0.1329929435,0.1759605241,0.1794580155,0.1835295858
236.5,0,0,0,0,0,0.201699609,0.1338743677,0.1024094782,0.2033952153,0.1534722693,0.1100486442,0.1050225224,0.08863153446,0.2245726261,0.1386704292,0.2329626888,0.1821829501,0.1734058094,0.1329920305,0.1760707845,0.1794275046,0.1835030348
237,0,0,0,0,0,0.2016443273,0.1338374765,0.1023244174,0.2033155083,0.1536837957,0.1101129042,0.1048753548,0.08870664825,0.2244582643,0.1389011665,0.2331035706,0.182121424,0.1733992865,0.1330405709,0.1761655062,0.1792056485,0.183506582
237.5,0,0,0,0,0,0.2017898696,0.1338223473,0.1023963687,0.2034599403,0.1537090325,0.1101481478,0.1047588962,0.08859982333,0.2243691212,0.1391408056,0.2330458145,0.1821339499,0.1733850051,0.1330710602,0.1761106221,0.179209524,0.183440247
238,0,0,0,0,0,0.2017805286,0.1336633663,0.1025205194,0.2033489062,0.1535501176,0.1102803908,0.1046061839,0.0886036478,0.2244073356,0.139132528,0.2330760876,0.1821639272,0.1734063055,0.1329766611,0.1760824792,0.1792897216,0.1834800497
238.5,0,0,0,0,0,0.2018086557,0.13361531,0.1024780684,0.2032723767,0.1537298003,0.110251774,0.1044687002,0.08857839753,0.2244232678,0.1390612849,0.2329943558,0.1823739954,0.1733574963,0.1329859719,0.1760731718,0.1794794949,0.1835227487
239,0,0,0,0,0,0.2018601466,0.1336090896,0.1024301472,0.2032822074,0.1536952053,0.110128086,0.1047068473,0.08872052974,0.224379317,0.1389188172,0.2330768992,0.1823990115,0.1733078593,0.1331478587,0.1758267447,0.1795011716,0.1835941238
239.5,0,0,0,0,0,0.2017672652,0.1337942546,0.1025996954,0.2032957949,0.1536498379,0.1100758643,0.104746316,0.08881567345,0.2242654638,0.1390371272,0.2329905409,0.1824861919,0.1734627902,0.1331967203,0.1757667832,0.1792537662,0.1837492121
240,0,0,0,0,0,0.2017854279,0.1336873599,0.1025078512,0.2033690153,0.153358983,0.1103122497,0.104747383,0.08878387474,0.2243278964,0.139058957,0.2329946051,0.1824093111,0.1733683899,0.1331414235,0.1756844359,0.1792621619,0.1836314718
240.5,0,0,0,0,0,0.2018792455,0.1337891667,0.1024951288,0.203346696,0.1533953872,0.1103775803,0.1046997984,0.08874427402,0.2243416453,0.1389894462,0.2329008016,0.1823608418,0.1732724492,0.1330689335,0.1754799147,0.1792590069,0.1837087445
241,0,0,0,0,0,0.2018709363,0.1338570993,0.1024440458,0.2034640916,0.1534892802,0.1103471774,0.1046083699,0.0887966953,0.2244509107,0.1388352898,0.2329626117,0.1823234477,0.173009207,0.133027591,0.1753677733,0.1791415715,0.183629783
241.5,0,0,0,0,0,0.2018459337,0.1339020239,0.1023680705,0.2035126214,0.1533407096,0.110122237,0.1044997318,0.08892657041,0.2244584618,0.1389569761,0.232907244,0.1822772177,0.1730611516,0.1331088368,0.1754385839,0.178991795,0.1837513299
242,0,0,0,0,0,0.2017264375,0.1340200025,0.1024449062,0.2035699532,0.153238152,0.1101385908,0.1044753955,0.08890860367,0.2243138641,0.1388922146,0.2328898911,0.1822217699,0.1731593354,0.1330215592,0.1756801167,0.179019632,0.1837869399
242.5,0,0,0,0,0,0.2016707011,0.1340509848,0.1026458655,0.2035882819,0.1534105208,0.1103105948,0.1043131858,0.08886064533,0.224262503,0.1388596585,0.2327569185,0.1822342645,0.1731750211,0.133060035,0.1757395269,0.1792103871,0.183782186
243,0,0,0,0,0,0.2016353437,0.1339492434,0.1026067498,0.203554359,0.1535079287,0.1101607101,0.1045549884,0.08857181935,0.2241471938,0.1389049998,0.2329687777,0.1822463846,0.1733902135,0.1329494086,0.1758250661,0.179396799,0.1837230132
243.5,0,0,0,0,0,0.2016061451,0.133851813,0.1025324118,0.203484751,0.1534033511,0.1102040354,0.1046748845,0.08856794105,0.2241682533,0.1388709359,0.2329149914,0.1823000772,0.1733770251,0.1331177695,0.1757919925,0.1793757683,0.1836454914
244,0,0,0,0,0,0.201610323,0.1338808091,0.1025069696,0.2035226356,0.1535033718,0.1101767764,0.1045144477,0.08868938028,0.2242935578,0.138990352,0.2329392797,0.1823789777,0.1733278724,0.1333173187,0.1758811406,0.1793073947,0.1836634148
244.5,0,0,0,0,0,0.2016109901,0.1339019155,0.1022111616,0.2035394335,0.1536753565,0.110140175,0.1045633072,0.0886524481,0.2243560762,0.1389100889,0.2328733702,0.1825153961,0.1733997415,0.1332394082,0.1758658474,0.1794063187,0.1836793075
245,0,0,0,0,0,0.2016181515,0.1336994014,0.1022634878,0.2036090075,0.1534860292,0.1101215151,0.1045784915,0.08871346234,0.2245007693,0.1390937246,0.2329142933,0.1825864587,0.1734475007,0.13310369,0.1758127614,0.1795970809,0.1837080145
245.5,0,0,0,0,0,0.201510637,0.1336749933,0.1023141676,0.2036981323,0.1535338935,0.1101520253,0.1047281757,0.0887991347,0.2245563338,0.1391913804,0.2330185092,0.1824513434,0.1736977575,0.1330613417,0.1758348934,0.1795723003,0.1835557672
246,0,0,0,0,0,0.2014707104,0.1339528116,0.1023225817,0.2036189432,0.1534641366,0.1099194117,0.1047838925,0.08864822805,0.2246549189,0.1390240426,0.2329947122,0.1822539194,0.1736994055,0.1330331056,0.1758506612,0.1796125846,0.1835238244
246.5,0,0,0,0,0,0.2014352197,0.1340167444,0.1023762367,0.2034838445,0.153307652,0.1100820202,0.1048391092,0.08871683607,0.2246811307,0.1389625192,0.2329655739,0.1821515537,0.1737253107,0.1330370975,0.1757192317,0.1798066974,0.1835545676
247,0,0,0,0,0,0.2014241167,0.1337874426,0.102425457,0.2036200414,0.1533971433,0.1099461069,0.104791541,0.08872000893,0.2246375261,0.1390616956,0.2331364767,0.1822391108,0.1738156644,0.1328929116,0.1758591998,0.1796626783,0.1835156845
247.5,0,0,0,0,0,0.2016208695,0.1339465575,0.1023332186,0.2036195721,0.1534796851,0.109842878,0.1048333017,0.08877201072,0.2245310028,0.1388523762,0.2332061025,0.1821199583,0.1736919875,0.1331881777,0.1756312584,0.1797154978,0.1835323736
248,0,0,0,0,0,0.2017169086,0.1339045427,0.1022972351,0.2036565335,0.153512545,0.1097735716,0.1048819211,0.08871866544,0.2245214018,0.1389696548,0.2329881644,0.1821906742,0.1736098557,0.13313839,0.1757309684,0.1798459204,0.1837684467
248.5,0,0,0,0,0,0.2016881384,0.1340297275,0.1022877879,0.203520163,0.1536434983,0.1099157364,0.1048617086,0.0886670718,0.2245040855,0.1388386674,0.2330939406,0.1821229781,0.1737434954,0.1329763296,0.1758187365,0.179867577,0.183839606
249,0,0,0,0,0,0.2018610606,0.1338982396,0.1022558742,0.2034958369,0.1536027159,0.1099336595,0.1048852802,0.0887098787,0.2242668166,0.1388105121,0.2329507564,0.1822154414,0.173790754,0.1330525269,0.175853029,0.1798643866,0.1838300881
249.5,0,0,0,0,0,0.2019058434,0.1337027803,0.1024163086,0.2033527,0.1536571611,0.1100054178,0.1048152357,0.08860673216,0.2241834345,0.1390397496,0.2330456559,0.181966349,0.1739472803,0.1331117287,0.1759563343,0.1798345083,0.1837737909
250,0,0,0,0,0,0.2018944836,0.1337197708,0.1023780594,0.2034041581,0.1537022882,0.1100890352,0.1048717268,0.08849570481,0.224236066,0.1389433992,0.2330082118,0.181919037,0.1740730114,0.13312642,0.1759198759,0.1798736691,0.183794401
250.5,0,0,0,0,0,0.2019358613,0.1338254692,0.1022408949,0.203510531,0.1536072201,0.1099629126,0.1047490768,0.08854536595,0.2240978894,0.1389854889,0.2330731156,0.1822199383,0.1740540693,0.1329419677,0.1757147235,0.1799369883,0.1836384639
251,0,0,0,0,0,0.2018264311,0.1336733179,0.1023959204,0.2035807877,0.1534523449,0.1097906481,0.1048607874,0.08860204769,0.2242255738,0.1390088197,0.2330955793,0.1823969513,0.174088931,0.1328419251,0.1758456601,0.1799243858,0.1835005464
251.5,0,0,0,0,0,0.2018382835,0.133555445,0.1023239391,0.2036501301,0.1534546165,0.1099547487,0.1049234672,0.08874362006,0.2242979253,0.1390097364,0.2330910341,0.1824034872,0.1740030163,0.1327191341,0.1758559921,0.1798310079,0.1834609318
252,0,0,0,0,0,0.2017142238,0.133583004,0.1023832572,0.2035143835,0.1536505745,0.1098958289,0.104950194,0.08887090745,0.2245791366,0.1388847598,0.2330749732,0.1822565066,0.1739304114,0.1327196969,0.1757987707,0.1798697254,0.1835135747
252.5,0,0,0,0,0,0.2017300523,0.1336883371,0.1024440014,0.2035132428,0.1534535561,0.1100235756,0.1050791078,0.08898460172,0.2244609316,0.1387598709,0.2331070365,0.1822697338,0.1739040102,0.1327809017,0.1756878133,0.1799780023,0.1835960142
253,0,0,0,0,0,0.2017373864,0.1338223906,0.1023470673,0.2034641042,0.1535603652,0.1100463808,0.1049675922,0.08894582402,0.2243584059,0.1388213902,0.2331011275,0.1823022179,0.1738737984,0.1328365026,0.1757897899,0.180108399,0.1834790902
253.5,0,0,0,0,0,0.2017214655,0.1336775308,0.1025152944,0.2033938009,0.1537335571,0.1101746057,0.1047559333,0.08896444352,0.2244387527,0.1386953782,0.2330914172,0.1822732783,0.1737268441,0.1328728954,0.1757189251,0.1799813622,0.1833839762
254,0,0,0,0,0,0.2016749261,0.1336908293,0.1025506859,0.2034392971,0.1536592759,0.1103357686,0.1046779113,0.0889433493,0.2244380238,0.1388608918,0.2331139982,0.1820723974,0.1736082094,0.1330321809,0.1756813796,0.180083055,0.1835064924
254.5,0,0,0,0,0,0.2014725981,0.1337665191,0.1024504787,0.2034086302,0.153492493,0.1100322959,0.1046853603,0.08889676013,0.224346255,0.138858536,0.2330389129,0.1820204134,0.1737004768,0.1329954729,0.17578274,0.1798984014,0.1835007172
255,0,0,0,0,0,0.2015000432,0.1338637533,0.1022495549,0.2032687761,0.1535055505,0.1100470486,0.1047784267,0.08871963101,0.2242788506,0.1390496231,0.2330514742,0.1821251593,0.173879434,0.1329681123,0.1758635122,0.1799274685,0.1836251462
255.5,0,0,0,0,0,0.2014950906,0.1338937776,0.1022225731,0.2033335123,0.153517713,0.1101950132,0.1046595049,0.08861558539,0.2242583496,0.1392314139,0.2330368873,0.1822023417,0.173756069,0.1329407673,0.1758646444,0.1799860708,0.1837476737
256,0,0,0,0,0,0.2015731656,0.1337878155,0.1023530798,0.2032831226,0.1536120808,0.1102426536,0.1048899152,0.08878404318,0.2241025935,0.1393949507,0.2329712159,0.1821779168,0.1738020477,0.1330240645,0.175794381,0.1798633244,0.1836765023
256.5,0,0,0,0,0,0.2015813782,0.1337499169,0.1022371482,0.2034298384,0.1533962333,0.1104312763,0.1049398668,0.08880167714,0.2240349679,0.1395148816,0.2330855229,0.1823011048,0.1737292342,0.1329700814,0.1757452295,0.1799267793,0.183653708
257,0,0,0,0,0,0.2016394485,0.1338780693,0.102427642,0.20347978,0.1534579733,0.1102613321,0.1048856481,0.08877507077,0.2240995063,0.1395636246,0.2331002159,0.1822093174,0.1737382612,0.1329276643,0.175570084,0.1799631956,0.1835937301
257.5,0,0,0,0,0,0.2016389155,0.1336848481,0.1023245425,0.2034991398,0.1534700589,0.1103427743,0.1047880157,0.08882269998,0.2242761383,0.1393593164,0.2331358726,0.1822299377,0.1738173258,0.1331052333,0.1755644892,0.1800180502,0.1835367685
258,0,0,0,0,0,0.2016008737,0.1336406082,0.1023373047,0.2035069449,0.1534530662,0.1103167614,0.1048486795,0.08889058222,0.2243109612,0.1393155939,0.2330143305,0.1820351316,0.1737845437,0.1331862584,0.1754550792,0.1801084941,0.1837377674
258.5,0,0,0,0,0,0.201775891,0.1337007289,0.1023201349,0.2034510476,0.1535824175,0.1101675431,0.104963845,0.0887833786,0.2241602708,0.1392871805,0.2328413082,0.1820261172,0.1736898354,0.1331729594,0.1754863245,0.1800555917,0.1838501649
259,0,0,0,0,0,0.2016919357,0.1337832815,0.1022339857,0.2034150852,0.1535909278,0.1100782102,0.1047404179,0.08893475249,0.2240692669,0.1392419658,0.2327205362,0.1821228014,0.173699943,0.1332674665,0.1757396634,0.1799266453,0.1838431192
259.5,0,0,0,0,0,0.2016893789,0.133810318,0.1022798686,0.2036439149,0.153771097,0.1100556964,0.1048334527,0.0887922463,0.224115593,0.1392718654,0.2327049667,0.182053126,0.173846364,0.1332948793,0.1758279897,0.1799778367,0.1838522349
260,0,0,0,0,0,0.2017904744,0.1337139441,0.1023385454,0.2035902514,0.1535857744,0.1099970397,0.1048036924,0.08882132921,0.224043552,0.1390409244,0.2325664084,0.1822545079,0.1738415591,0.133225906,0.1758500052,0.180083417,0.1839370686
260.5,0,0,0,0,0,0.2018355148,0.1338989049,0.1023714594,0.2035851345,0.1537129006,0.1100132598,0.1046985625,0.0888047233,0.2242154698,0.1389310405,0.2325389994,0.18224476,0.1737963945,0.1333882787,0.1757988131,0.1799234898,0.1840081228
261,0,0,0,0,0,0.2018253969,0.1338901425,0.1024746163,0.2036637579,0.1535228343,0.1100834613,0.1047199928,0.08881513055,0.2243337701,0.1388783452,0.2323683552,0.182169153,0.1737009006,0.1333709147,0.175905463,0.1800692204,0.1840087832
261.5,0,0,0,0,0,0.2018091296,0.1338378051,0.1023768303,0.2037180094,0.1533440148,0.1102488588,0.1046121915,0.08870584936,0.2244114992,0.1390742181,0.2324666055,0.1822842382,0.1737022957,0.1334172532,0.1762370895,0.1797658202,0.1839121708
262,0,0,0,0,0,0.2018109316,0.1338096125,0.1025900221,0.2036935128,0.1532483784,0.1101629903,0.104736299,0.08877246718,0.224519936,0.1389238775,0.2324483838,0.1822672953,0.173775367,0.1334606596,0.176160141,0.1797164436,0.1838927427
262.5,0,0,0,0,0,0.2018652815,0.1338286378,0.102543094,0.2036967862,0.1531658487,0.1100978372,0.1048918024,0.08883571707,0.2245467408,0.1389306374,0.2324115876,0.1821822858,0.1737085304,0.133393516,0.1759764907,0.1796635896,0.1839699823
263,0,0,0,0,0,0.2018271273,0.133817082,0.1024298485,0.2035577754,0.1532869231,0.1101101903,0.1049069601,0.08894086663,0.2243901659,0.1390085602,0.2323418886,0.1820506489,0.1737948195,0.1335111333,0.1759374805,0.1796693051,0.1840814674
263.5,0,0,0,0,0,0.2016891653,0.133731615,0.1024761341,0.2034571856,0.1534704733,0.1102372658,0.1048067603,0.08886766702,0.2244007331,0.1391482881,0.2322725497,0.182172327,0.1738090517,0.1335161913,0.1757743999,0.1796178379,0.1840480728
264,0,0,0,0,0,0.2016061553,0.1336597868,0.1025060027,0.203484053,0.1534958158,0.1104584326,0.1047180052,0.08884494402,0.2244382397,0.1392172989,0.2322466148,0.1822248707,0.1737773052,0.1334124166,0.1758731071,0.1794293152,0.1842267202
264.5,0,0,0,0,0,0.2017258882,0.1336211836,0.1025091199,0.203642102,0.1534728007,0.1104106336,0.1047436793,0.08887753563,0.2244797732,0.13933248,0.2323597094,0.1822794096,0.1737649775,0.1333925833,0.1761599565,0.1793470497,0.1840150479
265,0,0,0,0,0,0.2017862984,0.1334976981,0.1024300187,0.2036354462,0.1534827155,0.1102777634,0.104676829,0.08864066215,0.2243708729,0.1392953414,0.2322941413,0.1823820533,0.1737040748,0.1333692386,0.1760768789,0.1793193578,0.1838128341
265.5,0,0,0,0,0,0.201871824,0.1336218299,0.1023401418,0.2036729199,0.1533888161,0.1100914736,0.1046651826,0.08859579351,0.2242935694,0.1392787356,0.2322280313,0.1823589642,0.1736509594,0.1333138981,0.1759582516,0.1792908081,0.183759884
266,0,0,0,0,0,0.2019499115,0.133698408,0.1023668701,0.203599027,0.1533627615,0.1099475657,0.1045526902,0.0885859101,0.2243174913,0.1393752236,0.2322263293,0.1823863389,0.1737181756,0.1331733544,0.1762062955,0.1792526091,0.1836948396
266.5,0,0,0,0,0,0.2019777734,0.1336791351,0.1023465467,0.2038494055,0.1534761611,0.1100318093,0.1045766416,0.08877253657,0.2244316361,0.1393484679,0.232215759,0.1824690113,0.1737291907,0.1330676372,0.176051141,0.1792507002,0.1836998158
267,0,0,0,0,0,0.2018521684,0.133509247,0.1023691805,0.2037390376,0.1534879458,0.109936602,0.1046855327,0.08876451224,0.224345871,0.1391926134,0.232185803,0.1825231912,0.173838053,0.1329568798,0.1762728592,0.17926412,0.1837233427
267.5,0,0,0,0,0,0.2018814987,0.1336063053,0.1023244603,0.2036442926,0.1535539134,0.1101526271,0.1047636092,0.08879707451,0.2243649817,0.1391711081,0.2323024443,0.1823831309,0.1737652416,0.1330402444,0.1762547376,0.1793811487,0.1836612393
268,0,0,0,0,0,0.2018251777,0.1336224772,0.1024773508,0.2036264476,0.1535758135,0.1100889712,0.1048479088,0.0888974897,0.2245162449,0.1389403262,0.2321833071,0.1822208171,0.1738819682,0.1330374004,0.1761966469,0.1794228882,0.1835330937
268.5,0,0,0,0,0,0.2018152255,0.1334585252,0.1025152024,0.2035413701,0.1536140475,0.1100252948,0.1047790156,0.08888773853,0.2246404544,0.1390016404,0.2322664269,0.1821303153,0.1739525506,0.1330792082,0.1762015159,0.1794700383,0.1835956105
269,0,0,0,0,0,0.2017973766,0.1334105061,0.102598171,0.2036242874,0.1536128977,0.1104019005,0.1047507037,0.08900796311,0.2245287503,0.1391070131,0.2322383194,0.1821338744,0.1739168816,0.1330721628,0.1760971556,0.1795445067,0.1836513074
269.5,0,0,0,0,0,0.2018153868,0.1336174499,0.1025910972,0.2037479792,0.1535787049,0.1103918134,0.1049076797,0.08897905778,0.2245781542,0.1391472748,0.2321042875,0.1820464751,0.1738763932,0.1327805061,0.1759657712,0.179510232,0.1834221938
270,0,0,0,0,0,0.2018283189,0.133544442,0.1024221582,0.203878858,0.1535054398,0.1102871371,0.1050363404,0.08905610096,0.2244376112,0.1390541309,0.2322220294,0.1822423881,0.1740031945,0.1328210189,0.1761785077,0.1795887745,0.1834649751
270.5,0,0,0,0,0,0.2018493089,0.1337656313,0.1025478102,0.2037086238,0.1533588842,0.1102570668,0.105049904,0.08910212458,0.2243619875,0.1391218288,0.232249711,0.1822315902,0.1740349573,0.1329683574,0.1760674259,0.1793973487,0.1834073004
271,0,0,0,0,0,0.20188041,0.1336110554,0.1024394982,0.2037019092,0.1533925679,0.1103365449,0.1049419992,0.08901992242,0.2242929221,0.1390909451,0.2322719481,0.1824032675,0.1739665811,0.13302136,0.1759680091,0.179455798,0.1832870325
271.5,0,0,0,0,0,0.2017926291,0.1336299736,0.1024328898,0.2035705109,0.1532373351,0.1103276086,0.1048636186,0.08894947634,0.2243140358,0.1391668418,0.2323442294,0.1825149814,0.1738737193,0.1330555403,0.1760492722,0.1795412201,0.1833787245
272,0,0,0,0,0,0.2017929686,0.1336998068,0.1025237407,0.2034383293,0.1534451542,0.1101928424,0.1048926878,0.08886675179,0.2243556695,0.1392347384,0.2324186614,0.1824754893,0.1738098067,0.1329864882,0.1760691073,0.1797236978,0.1832401212
272.5,0,0,0,0,0,0.2018659089,0.133497292,0.1024465042,0.2035428674,0.1536075044,0.1103886174,0.1048707135,0.08890238756,0.2243572006,0.1393628074,0.2324049529,0.1824329981,0.1738053897,0.1328596576,0.1762005381,0.1796776249,0.1831922505
273,0,0,0,0,0,0.2020283216,0.133539661,0.1025564492,0.2036600675,0.1536529728,0.1104174247,0.1048871235,0.0888856488,0.2243193737,0.1396338836,0.2324953834,0.1824769664,0.1737788532,0.1327979347,0.1761843938,0.1797219256,0.1832776111
273.5,0,0,0,0,0,0.2018271557,0.1335265164,0.1025468421,0.2036353952,0.1538226164,0.1101332543,0.1049262777,0.08886457646,0.2242402804,0.1395792395,0.2324377411,0.1824890188,0.1736587016,0.1330072349,0.1762263416,0.1795796992,0.1833935604
274,0,0,0,0,0,0.2018494483,0.1334989704,0.1024818438,0.2035365611,0.1536399655,0.1099898062,0.1049651684,0.08877484337,0.2241970109,0.1394293278,0.2323550621,0.1822973752,0.1736976396,0.1330611058,0.1761618299,0.1796276951,0.1833354362
274.5,0,0,0,0,0,0.2016368159,0.1333300805,0.1023788569,0.203553001,0.153679597,0.1099796906,0.1050554798,0.0888250929,0.2241071316,0.1394388316,0.2324438474,0.1822724159,0.1737732802,0.1329627204,0.1761357238,0.179541895,0.1833970846
275,0,0,0,0,0,0.2016506264,0.1334296675,0.1023508737,0.2036116208,0.1536776705,0.1099902335,0.1049898431,0.08885780502,0.2241408198,0.1392819496,0.2325271958,0.1823423984,0.1738821183,0.1329479341,0.1761559285,0.1797500552,0.1834864314
275.5,0,0,0,0,0,0.2018212256,0.1334408608,0.1023504575,0.2037622095,0.1537178202,0.1101890162,0.1050375036,0.08894343219,0.2242111688,0.1392549501,0.2326915464,0.1824713276,0.1737960368,0.1328956403,0.1762202746,0.1798032797,0.1835194927
276,0,0,0,0,0,0.2018533066,0.1335068769,0.1023988882,0.2036789522,0.1536752996,0.1102803462,0.1052069207,0.08895791951,0.2241883677,0.1390464547,0.2326565751,0.1824378188,0.1737128492,0.1329554369,0.1761999506,0.1795652066,0.1836154706
276.5,0,0,0,0,0,0.20183539,0.1335070879,0.102260476,0.2036658081,0.1537953121,0.1102594109,0.1051811216,0.08887746762,0.2242799111,0.1390671061,0.2326799187,0.1824258233,0.1735935859,0.1329646057,0.1760226452,0.1795909881,0.1835278442
277,0,0,0,0,0,0.2018261334,0.1335759521,0.1023739895,0.203591346,0.1537429144,0.1102093258,0.1051222538,0.08897928978,0.2241637653,0.1391214095,0.2326943926,0.1824616741,0.1735020578,0.1330537127,0.1760210712,0.1796246869,0.1834983802
277.5,0,0,0,0,0,0.2016553647,0.1335121681,0.1024490539,0.2036245945,0.1537949238,0.1103228304,0.1050687889,0.08893307984,0.2241413504,0.1391663966,0.2327550649,0.182410023,0.1733322318,0.1329465671,0.1761125393,0.1796707393,0.1834430314
278,0,0,0,0,0,0.2017104172,0.1336480429,0.1023322973,0.2036762819,0.1538742097,0.1103954525,0.1049714127,0.088954194,0.2242074068,0.1392283143,0.2327012688,0.1822792463,0.1734553893,0.1329046458,0.1760046915,0.1795169192,0.1834076318
278.5,0,0,0,0,0,0.2017286474,0.1335411048,0.1023257027,0.2036271648,0.1538826554,0.1103906179,0.1050813006,0.0889112294,0.2242039928,0.1391014213,0.2325632155,0.1822394996,0.1734125606,0.1330818928,0.1759301391,0.1795072315,0.1835688786
279,0,0,0,0,0,0.2018651461,0.1334552994,0.1023188261,0.2035219056,0.1539159571,0.110396323,0.1051173575,0.08889337584,0.2241573274,0.1390799106,0.232675824,0.1821443476,0.1734706739,0.133066987,0.175967066,0.1793095601,0.1838162574
279.5,0,0,0,0,0,0.2018921241,0.1334236575,0.1024096596,0.2036541802,0.1538035496,0.1104582034,0.1051827536,0.08877745579,0.2242737239,0.1390577702,0.2326379846,0.1821213615,0.1735529276,0.1331233397,0.1759957417,0.1792844539,0.1838022541
280,0,0,0,0,0,0.2019874292,0.1335256178,0.102317562,0.2035854962,0.1537701917,0.1104700142,0.1051543463,0.08862820019,0.2240057155,0.1391347205,0.2325893991,0.1821411249,0.1735686555,0.133213742,0.175908945,0.179283507,0.1839241941
280.5,0,0,0,0,0,0.2018845465,0.1337049263,0.1023132643,0.2035040761,0.1537976778,0.1104439153,0.1051235959,0.08869352894,0.2240059887,0.139157652,0.232617964,0.1823742737,0.1737111729,0.1329960982,0.1759719166,0.1794808837,0.1839372502
281,0,0,0,0,0,0.2018652213,0.1337762257,0.102450818,0.2036187273,0.1539129753,0.1103704992,0.1050682424,0.08877017523,0.2240805432,0.1389111499,0.2326557623,0.1824902524,0.1738265694,0.1329889878,0.1760581496,0.1793149482,0.1838379938
281.5,0,0,0,0,0,0.2019254584,0.1337576198,0.1024190152,0.2034759957,0.1537181875,0.1102206484,0.1050659025,0.08875485702,0.2241619822,0.1389538775,0.232830331,0.1825513757,0.1738327902,0.1331467738,0.1759382213,0.1794090442,0.183765177
282,0,0,0,0,0,0.201877341,0.1336413684,0.10234014,0.2035152766,0.1536045856,0.1104222855,0.1051073236,0.08883354248,0.2241903269,0.1388402181,0.2328983752,0.1824340393,0.1737776344,0.1330090619,0.1760022363,0.1794121058,0.1838418023
282.5,0,0,0,0,0,0.2017786813,0.133480707,0.1022644697,0.2035987187,0.1535016347,0.1104262251,0.1049913103,0.08877295783,0.2241694034,0.1388442592,0.2329923415,0.1824625952,0.1737476647,0.1329701531,0.1760677134,0.1795088508,0.1838028387
283,0,0,0,0,0,0.2016173004,0.1336442616,0.1023657749,0.2036896926,0.153327009,0.1105102124,0.1048044789,0.08866703784,0.224132627,0.1388508964,0.2331948546,0.1824034383,0.1737357352,0.1329439743,0.1759762785,0.1793070886,0.1837701209
283.5,0,0,0,0,0,0.2017469648,0.1340107276,0.1024781801,0.2035434659,0.1532639457,0.1103838724,0.1046579002,0.08859585496,0.2241667267,0.1387304847,0.2332010224,0.1825303923,0.1738923502,0.1330433126,0.1759816501,0.1795654966,0.183817321
284,0,0,0,0,0,0.201557991,0.1339827974,0.1026396479,0.2035190814,0.1534633034,0.1101602686,0.1047369775,0.08871993117,0.2241197531,0.138712385,0.233153208,0.182807213,0.174017352,0.1331879235,0.1758822795,0.1797322394,0.1838418316
284.5,0,0,0,0,0,0.2015656933,0.1341688046,0.1027395451,0.2038297908,0.1534261657,0.1104862155,0.1046924116,0.08872158397,0.2240943821,0.1387290241,0.2332335735,0.1827809129,0.1737878174,0.1330785344,0.1758632197,0.1797009493,0.1836004459
285,0,0,0,0,0,0.2016230815,0.1339262319,0.102817988,0.2037153605,0.1532875954,0.1102580288,0.1049134898,0.08891517882,0.2242783469,0.1387690263,0.2330816432,0.1827505169,0.1738037691,0.1330503156,0.17571532,0.1796483479,0.1835797823
285.5,0,0,0,0,0,0.2015897194,0.1339231202,0.1026720302,0.2037777988,0.1533581024,0.1103329669,0.1047220194,0.08876801364,0.2243684733,0.138664257,0.2330533785,0.1826564913,0.1738388564,0.1331740896,0.1757353666,0.1798240964,0.1835310555
286,0,0,0,0,0,0.2015734116,0.1339274404,0.1024914954,0.2036828803,0.1534460236,0.1103385698,0.1046157612,0.08868738477,0.2242203311,0.1385453572,0.2331099495,0.1825005276,0.1739134746,0.1332679593,0.1757941287,0.179813763,0.1834764148
286.5,0,0,0,0,0,0.2015635009,0.1338441193,0.1025088611,0.2035408402,0.1536576149,0.1103431321,0.1047559068,0.08883539904,0.2244053461,0.1385007787,0.2331725569,0.1823797195,0.1738492171,0.133106112,0.1757282252,0.1798362803,0.1835997503
287,0,0,0,0,0,0.2016073932,0.1339032721,0.1023989335,0.203540145,0.1534781139,0.110087624,0.1047629495,0.08880239401,0.2241771778,0.1385543435,0.2332269608,0.1826032658,0.1739239579,0.1330772617,0.1756281683,0.1797961389,0.1835628845
287.5,0,0,0,0,0,0.2016170549,0.1338866328,0.1023808197,0.203506202,0.1534496217,0.1100532085,0.1048371354,0.08867391356,0.2242802076,0.138624066,0.2331903756,0.1822928686,0.1740398762,0.1332265099,0.1756956939,0.1797768843,0.1835180785
288,0,0,0,0,0,0.2017777256,0.133951761,0.1024693666,0.203424023,0.1534862032,0.1100689468,0.1050138198,0.08857156958,0.2242636031,0.1386356441,0.2332919866,0.182068314,0.1740307349,0.1333448252,0.175538979,0.1797611272,0.1835131639
288.5,0,0,0,0,0,0.2018443315,0.1338871241,0.1024698471,0.2032843946,0.1536280907,0.1100335483,0.1049654324,0.08869449926,0.2243162055,0.1386561585,0.2332840501,0.1821346912,0.1740506322,0.1333948875,0.17558708,0.1799187899,0.1834109185
289,0,0,0,0,0,0.2017824478,0.1338122979,0.1025383515,0.2034579546,0.1536653862,0.1101643954,0.1048067816,0.08881411656,0.2243782593,0.138771057,0.2333508146,0.1822723091,0.1739925943,0.1334199438,0.1756014431,0.1798900019,0.1835030003
289.5,0,0,0,0,0,0.2017538394,0.1337955973,0.1025310905,0.203373477,0.1538438102,0.1100543483,0.1049077237,0.08894331859,0.2244193023,0.1388988821,0.2334794356,0.1823020152,0.1739383167,0.1333602655,0.1756412003,0.1798322977,0.1834173116
290,0,0,0,0,0,0.2018252754,0.1339030188,0.1024693099,0.203516926,0.1538530149,0.1098951332,0.1049957255,0.08889047738,0.2245656097,0.1389779835,0.2334571672,0.1823785269,0.1738001122,0.1334487193,0.1755638182,0.1799423386,0.1833642996
290.5,0,0,0,0,0,0.2018190221,0.1338074757,0.1024399051,0.2035219251,0.1537209717,0.1098240614,0.1049994938,0.08897655399,0.2245366693,0.1391620293,0.233505444,0.1821382816,0.1736752805,0.1335046576,0.175577774,0.1799789896,0.1833814585
291,0,0,0,0,0,0.201834007,0.1336949323,0.1022645894,0.2034734545,0.1536627745,0.1098545878,0.1050436149,0.08905281648,0.224399968,0.1390978841,0.2333967043,0.182300234,0.1736766617,0.1334938646,0.1757720776,0.1799669494,0.1835972061
291.5,0,0,0,0,0,0.2017950939,0.1334486446,0.1023550935,0.2035154241,0.1536429181,0.1099917732,0.1048149364,0.0890189457,0.2244656827,0.1390942153,0.233350374,0.182217961,0.1737279764,0.133512822,0.1758083132,0.1800158035,0.1837082156
292,0,0,0,0,0,0.2017794129,0.1336551593,0.1024401524,0.2035386657,0.1536938117,0.1100874024,0.1046890489,0.08890503312,0.2245090557,0.1392988914,0.2332849002,0.1822061673,0.1736675553,0.1334237934,0.175757419,0.1798624669,0.1837366807
292.5,0,0,0,0,0,0.2016697152,0.1336955668,0.1023721163,0.2036093287,0.153571349,0.1102623307,0.1048137769,0.08872098927,0.224450298,0.1393617579,0.233305398,0.1820082191,0.1735593314,0.1334869292,0.1758739565,0.1797394834,0.1837883247
293,0,0,0,0,0,0.2016790201,0.1337742665,0.1023986521,0.2035038469,0.1536606215,0.1104884563,0.1047483854,0.08874626895,0.2244796111,0.1392701971,0.2334320619,0.1821770014,0.1737032218,0.1332952468,0.1758965837,0.1798261622,0.1838352751
293.5,0,0,0,0,0,0.2017973666,0.1337931797,0.1024886814,0.203548617,0.1536696366,0.1103672788,0.1047059071,0.08872830081,0.224369562,0.1390614216,0.2333001991,0.1823045304,0.173631724,0.1333399166,0.1757985283,0.179854922,0.183695953
294,0,0,0,0,0,0.2019134741,0.13367059,0.1024674011,0.2037435354,0.1536200126,0.1102123645,0.10477128,0.08884211433,0.2244533568,0.138997761,0.2333455677,0.1822249944,0.1736604417,0.1334532391,0.1756680028,0.1799172748,0.1836369673
294.5,0,0,0,0,0,0.2019623808,0.1338754221,0.1023671145,0.2036610852,0.1534983309,0.1102952648,0.1047606634,0.08865914582,0.2245429876,0.1390829785,0.2334610045,0.1823488605,0.1737049608,0.1333433191,0.1757201951,0.1797674784,0.1834118106
295,0,0,0,0,0,0.2019352355,0.1338221148,0.1024013916,0.2034392135,0.1535408651,0.1103312348,0.1050145524,0.08870588703,0.224583851,0.1391369594,0.2333645297,0.1822568328,0.1736322531,0.1331157261,0.1755852741,0.1797486061,0.1834355038
295.5,0,0,0,0,0,0.2019229455,0.1337818813,0.102420827,0.2034614704,0.1534821455,0.1104557954,0.1050647979,0.08868682723,0.2244916844,0.1392264272,0.2334064807,0.182263806,0.1738911302,0.1331103687,0.1756380188,0.1796738503,0.1833891661
296,0,0,0,0,0,0.201844654,0.1336713162,0.1023962453,0.2034658898,0.1536495103,0.1104428864,0.1050157566,0.0886646337,0.2245655888,0.1390655993,0.2333533933,0.1823011611,0.1738866617,0.1330434562,0.1756446473,0.1797118803,0.1833902267
296.5,0,0,0,0,0,0.2018484393,0.1336625842,0.1024214397,0.203492961,0.1536374053,0.1104718705,0.105077856,0.08867584606,0.2245161048,0.139099559,0.233483116,0.1823358688,0.173843492,0.1330570127,0.1755751947,0.1796213835,0.183323705
297,0,0,0,0,0,0.2017755175,0.1335953561,0.1024945722,0.2035758799,0.1535236721,0.1104411676,0.1050510795,0.0887136483,0.2244733237,0.1389391193,0.2333316852,0.1823784307,0.1737873827,0.1329502047,0.1756015063,0.1795754081,0.1833864283
297.5,0,0,0,0,0,0.201916173,0.13352481,0.1023883955,0.2035620725,0.1535269849,0.1101546533,0.1050488914,0.08878893525,0.2243501885,0.1391564616,0.2334227448,0.1823550952,0.173758771,0.1331551817,0.1754694263,0.1795916046,0.183444935
298,0,0,0,0,0,0.201948783,0.1336379672,0.1023196751,0.2034694726,0.1536197866,0.1101043892,0.1049434596,0.08861847615,0.2244482804,0.1390324588,0.2334037452,0.1824233851,0.1738370921,0.1330668319,0.1754718254,0.1795373586,0.1833572584
298.5,0,0,0,0,0,0.201911346,0.1335892814,0.1022669332,0.2034859217,0.1536019394,0.1100932935,0.1048119609,0.08859680869,0.2244301627,0.1389165298,0.2333301082,0.182329208,0.1737368288,0.1330623495,0.1755055173,0.1795421981,0.1832968984
299,0,0,0,0,0,0.2017794218,0.1338163558,0.1022879539,0.2035343368,0.1535135236,0.1103334823,0.1048573461,0.08870175842,0.2243099996,0.1389036724,0.2333896179,0.1823509252,0.1738020649,0.1329499382,0.1755418838,0.1796121946,0.1833478138
299.5,0,0,0,0,0,0.2015739908,0.1338298352,0.102413632,0.2037118987,0.1535346536,0.1102686598,0.1046925553,0.08876247965,0.2243247979,0.1389711983,0.2334256866,0.1823751446,0.1738906805,0.1329540179,0.1757753975,0.1796209902,0.1832494994
300,0,0,0,0,0,0.2018023957,0.1336452171,0.1024667765,0.2036769381,0.1537251009,0.1099632365,0.1047990272,0.08879568339,0.2242718006,0.1389850949,0.2334531535,0.1823271414,0.1738806017,0.1327310163,0.1761538201,0.179627918,0.1834383146
300.5,0,0,0,0,0,0.2018749615,0.1335989999,0.1023470759,0.203613226,0.1535079496,0.1098933966,0.1046749826,0.08871745288,0.2241844427,0.1389722469,0.2333992164,0.1824463386,0.1738594264,0.132613941,0.1759563955,0.1795786886,0.1832358141
301,0,0,0,0,0,0.2017958046,0.1335831755,0.1024691792,0.2037035158,0.1535253893,0.1098783407,0.1046848371,0.08873975142,0.2241955202,0.1389880368,0.2333558625,0.1825204994,0.1737262792,0.1327850911,0.1760518917,0.1796959111,0.1832700517
301.5,0,0,0,0,0,0.2018200866,0.1335653372,0.1023690685,0.2036849175,0.1535337612,0.1098756636,0.1046852228,0.08872678152,0.224323111,0.1390570357,0.2333648873,0.1824472102,0.1737050914,0.1330273978,0.1759755164,0.1798004808,0.1833803511
302,0,0,0,0,0,0.20174877,0.1337750046,0.1022770364,0.2035786196,0.1534758898,0.1100196516,0.1047961936,0.08894399014,0.2243543223,0.139081229,0.2334805907,0.1823669122,0.1735581627,0.1329590683,0.1758620102,0.1795982396,0.1833706027
302.5,0,0,0,0,0,0.201782579,0.1338084272,0.1023006629,0.2036480736,0.1533345331,0.1100338263,0.1047815211,0.08899414675,0.2242420762,0.1392898417,0.2333901654,0.1821396821,0.1736993419,0.1329903427,0.1759037545,0.179446369,0.183316225
303,0,0,0,0,0,0.2017607173,0.1339110348,0.102350826,0.2036150601,0.1533890401,0.1099711308,0.1048137138,0.0890560879,0.2242515793,0.1392743906,0.233397226,0.1822890596,0.1735858067,0.1331216745,0.175959573,0.1794281727,0.1831827257
303.5,0,0,0,0,0,0.2018486144,0.1340399558,0.102278782,0.2035852122,0.1534029021,0.1098646231,0.1048754804,0.08900580596,0.2243011515,0.1391645477,0.2333509547,0.1822436075,0.173619664,0.1330760563,0.1758615825,0.1794136978,0.1830680294
304,0,0,0,0,0,0.2016505424,0.1338770716,0.1020798301,0.2036505626,0.1534112183,0.1097531251,0.1049452137,0.08899287435,0.2244136344,0.1391594961,0.2332489094,0.1821760386,0.1735470068,0.1331236791,0.175797954,0.1793375462,0.1831971107
304.5,0,0,0,0,0,0.201433254,0.1337583425,0.1022224816,0.2035545303,0.1535050945,0.1099664433,0.1048423888,0.08888825114,0.224424451,0.1391591855,0.2330347383,0.1823172386,0.1734399484,0.1328537343,0.1758997023,0.1793672844,0.1831766443
305,0,0,0,0,0,0.2014481214,0.133744039,0.1023775216,0.2034754931,0.1534527219,0.1101650804,0.1049774193,0.08881424067,0.2244416749,0.1392175239,0.233056387,0.1823451734,0.1734248169,0.1328583439,0.1759283068,0.1793272043,0.1831295749
305.5,0,0,0,0,0,0.2015569148,0.1336545015,0.1023789808,0.203345032,0.1533844184,0.1100340522,0.1051540664,0.0889398171,0.2246353293,0.1392542491,0.2328990912,0.1823708416,0.1736119354,0.1330527065,0.1760213714,0.1793037985,0.1830925031
306,0,0,0,0,0,0.2016887538,0.1336399932,0.1023292739,0.2033261211,0.1535410363,0.1100410817,0.1050700856,0.0889792826,0.2245338042,0.1393069831,0.2328105841,0.1824106836,0.1735732083,0.1330133604,0.175800516,0.1790308718,0.1830114979
306.5,0,0,0,0,0,0.2015353252,0.1339081095,0.1024579252,0.20342279,0.153663266,0.1100370588,0.1049211807,0.08892006035,0.2245346141,0.1391602165,0.2326818079,0.1824013928,0.1736102852,0.1331180556,0.1756640313,0.1789567845,0.1830716511
307,0,0,0,0,0,0.2016208274,0.1339025944,0.1024999699,0.2033817651,0.1534024975,0.1099669254,0.1048518063,0.08885630042,0.2245474134,0.1391357592,0.2325934358,0.1823536539,0.173608079,0.1330360972,0.1756797362,0.1790474488,0.1829797393
307.5,0,0,0,0,0,0.2015854503,0.1338496759,0.1023940359,0.203443112,0.1534605682,0.1099892053,0.1050370398,0.0888750401,0.2246001822,0.1390438774,0.2324415668,0.1824905894,0.1736033983,0.133040291,0.1757531534,0.179012895,0.1827929375
308,0,0,0,0,0,0.2017105435,0.1337865477,0.102417783,0.2034622847,0.1534180053,0.1102098929,0.1051294199,0.08888390108,0.2245709664,0.1390166447,0.2323578641,0.182501127,0.1736317355,0.1331302873,0.1757584954,0.1789076537,0.1828435735
308.5,0,0,0,0,0,0.2017761013,0.1339166714,0.1024814345,0.2034144521,0.1534879446,0.1103287468,0.1050752891,0.08878670981,0.2244304108,0.1391125922,0.2323232107,0.1828330401,0.1735685442,0.1332276986,0.1758273804,0.1787528143,0.1828321679
309,0,0,0,0,0,0.201557127,0.1339614768,0.102488232,0.2034783522,0.1534290831,0.1104285105,0.1050440405,0.08872429973,0.2245775874,0.1391605575,0.232239246,0.1826735495,0.1737936376,0.1329475939,0.1759158341,0.1786643331,0.1827834975
309.5,0,0,0,0,0,0.2014956866,0.1340317116,0.1025557848,0.2034030505,0.1534466281,0.1102827253,0.1050123611,0.08868072001,0.2244339654,0.1390627011,0.2322808935,0.1826010976,0.1737691696,0.1330390628,0.1758149387,0.1785315916,0.182809558
310,0,0,0,0,0,0.2017355852,0.1338040671,0.1025459128,0.2035042436,0.1532972962,0.1103193914,0.1047634274,0.08867910501,0.2244651315,0.1391937524,0.2323432368,0.1824751442,0.1736337229,0.1332005621,0.175694895,0.1785304136,0.1827037659
310.5,0,0,0,0,0,0.2017011366,0.1338385404,0.1024345316,0.2036113167,0.1533199064,0.1102252522,0.104926784,0.08880038712,0.2246152013,0.1390400521,0.2322871728,0.1824873055,0.1737032558,0.1329938825,0.1756262119,0.1786567104,0.1825641206
311,0,0,0,0,0,0.2017724622,0.1336355559,0.1025730201,0.2036464919,0.1535614911,0.1102062762,0.1050139976,0.08873125093,0.224695972,0.1389759518,0.2321478556,0.1824171312,0.1739326103,0.1329403398,0.1757207013,0.1785291771,0.1826556539
311.5,0,0,0,0,0,0.201914841,0.1336189069,0.1024992678,0.2035913251,0.1534497314,0.1102695638,0.1049853623,0.08873752423,0.2247573901,0.1390723048,0.2321085499,0.1823699673,0.1739362814,0.1329429076,0.1757798633,0.178639481,0.1829587437
312,0,0,0,0,0,0.2019713065,0.1335534711,0.1025009581,0.2035008354,0.1534270642,0.1102529292,0.1048494823,0.0886876094,0.2249119549,0.1389425065,0.2320129302,0.1823031751,0.1739023392,0.133040954,0.1758851132,0.1784753603,0.1830368844
312.5,0,0,0,0,0,0.2020400192,0.1337557592,0.1023234566,0.2035173379,0.1535628418,0.1102672848,0.1047369756,0.08863571002,0.2249813855,0.1391384461,0.2319651171,0.1822615313,0.173670554,0.1328451389,0.1759583446,0.1785070381,0.1830577711
313,0,0,0,0,0,0.2019142711,0.1335891099,0.1022319087,0.2033463898,0.1536775096,0.1104467789,0.1047365096,0.08865633925,0.2248978199,0.1392577723,0.2319544094,0.1823923909,0.1738482677,0.1328785381,0.1759393178,0.1783124213,0.1829914489
313.5,0,0,0,0,0,0.2019099368,0.1336876765,0.1022996488,0.2033157804,0.1534760266,0.110350523,0.1047771686,0.08857958249,0.2246897347,0.1392884051,0.2320938622,0.1824680932,0.1737715619,0.132958407,0.1759359011,0.1783249283,0.1828710781
314,0,0,0,0,0,0.2018218828,0.1336239016,0.1023462589,0.2033459945,0.1536226622,0.1103688543,0.1046776012,0.08865391199,0.2246980999,0.139275904,0.231981009,0.1823344715,0.1738627445,0.1329493709,0.1760370377,0.1782638614,0.1829018549
314.5,0,0,0,0,0,0.2019030229,0.133584789,0.102311723,0.2034992439,0.153568262,0.1101832308,0.1047308755,0.08876140712,0.2246605746,0.1392566687,0.231989961,0.182318676,0.173757803,0.1328992527,0.1761503166,0.1784114613,0.1828573247
315,0,0,0,0,0,0.201793742,0.1335749582,0.1023610313,0.2034550201,0.1535932681,0.1101594561,0.1049118833,0.08868958218,0.2248122083,0.1392115773,0.2320455318,0.1822415854,0.1735730698,0.1329850804,0.1761894208,0.1784789151,0.1828978887
315.5,0,0,0,0,0,0.2018169161,0.1335786319,0.1023116168,0.2034839328,0.1536449195,0.110018783,0.1048817148,0.08881505572,0.2247245317,0.1391409637,0.2319100164,0.1822478632,0.1735248417,0.1328293965,0.1762567962,0.1785518529,0.1827019732
316,0,0,0,0,0,0.2019592411,0.1335992795,0.1022961946,0.2033418007,0.153613331,0.1097940686,0.1048538888,0.08888817091,0.2247476296,0.1391755493,0.2318797307,0.1821561148,0.1735680792,0.1327632069,0.1760856988,0.1784973308,0.1825558695
316.5,0,0,0,0,0,0.2018004824,0.1335730541,0.1022593348,0.2035276131,0.1535972106,0.1098794887,0.1048462885,0.08883678629,0.224660058,0.1393531819,0.2319932806,0.1821146972,0.1736094924,0.1327094176,0.175935964,0.178630611,0.1826164829
317,0,0,0,0,0,0.2016997258,0.1336044881,0.1024236435,0.2035159613,0.1536079814,0.1096672361,0.1048147394,0.08887817607,0.2247325339,0.1392940632,0.2319841408,0.1822745334,0.1736100078,0.1330209699,0.175860805,0.1785628055,0.1825791368
317.5,0,0,0,0,0,0.2017809897,0.1336192132,0.1024753519,0.2035103315,0.1535023671,0.1099044961,0.1050885074,0.08876825845,0.224909478,0.1394801081,0.2318808178,0.1822895269,0.1734532394,0.1328714966,0.1758565753,0.1786331745,0.1824904213
318,0,0,0,0,0,0.2017940097,0.1335861385,0.1024948219,0.2035910924,0.1535726413,0.1099980176,0.1049417904,0.08879039058,0.2247937168,0.1395768475,0.2318734488,0.1822825578,0.1734540516,0.1328140824,0.1758627321,0.1789699352,0.1824504619
318.5,0,0,0,0,0,0.2018209555,0.1335698321,0.1023789227,0.2034911176,0.1535611288,0.1098522056,0.1050131921,0.08883378133,0.2247685312,0.1395269306,0.2319787047,0.1822398388,0.1736389396,0.1326743069,0.1759053377,0.1790687742,0.1825593897
319,0,0,0,0,0,0.2019004966,0.1336920053,0.1022441533,0.2034623569,0.153541004,0.1099982205,0.104981912,0.0889498741,0.2246990787,0.1392144281,0.2319986471,0.1821142929,0.1737203236,0.1326029754,0.1759219295,0.1790717025,0.1825233971
319.5,0,0,0,0,0,0.2020048127,0.1336026041,0.1022586354,0.2035555239,0.1534633341,0.1097501853,0.1050025299,0.08876395058,0.224643063,0.1393603009,0.231918279,0.1820558701,0.1737605211,0.1326477109,0.1758979201,0.1789781093,0.1824562907
320,0,0,0,0,0,0.2020390724,0.1335232058,0.1022614861,0.2035662161,0.1535648946,0.1099494953,0.1050054211,0.08883668418,0.2247565397,0.1394144082,0.2319551862,0.1821216704,0.1739169905,0.132651718,0.1758449936,0.1789721917,0.1823681411
320.5,0,0,0,0,0,0.2017892185,0.1335976911,0.1023461766,0.2034983568,0.1535492837,0.1097108135,0.1050129792,0.0889025536,0.2249398725,0.1393226779,0.2319891194,0.1821154952,0.1736960094,0.1324752623,0.1758980136,0.1790646773,0.1822754129
321,0,0,0,0,0,0.2016962764,0.1335847343,0.1023295213,0.2034657983,0.1535158415,0.1100208557,0.1050046625,0.08886876224,0.225072097,0.1391566324,0.2321014821,0.1822688725,0.1735310387,0.1324628734,0.1758949514,0.1789777181,0.1823714845
321.5,0,0,0,0,0,0.2018865493,0.1336316509,0.1022545527,0.2035781295,0.1535038354,0.1101134773,0.1048841051,0.08901211806,0.2249678392,0.1392721993,0.2320972721,0.182384359,0.1735554099,0.132437233,0.1759438938,0.1789328443,0.182633249
322,0,0,0,0,0,0.2019451006,0.1335636277,0.1023966957,0.2035143046,0.1535479112,0.1100415645,0.104913137,0.08897647055,0.2249423534,0.1391761163,0.2320624449,0.1822976666,0.1735770763,0.1325094464,0.1757794046,0.178952027,0.1827073165
322.5,0,0,0,0,0,0.2018345769,0.1333544549,0.1024775959,0.2034802194,0.1535538106,0.1099833686,0.1049162682,0.08890159215,0.2247616507,0.1389912713,0.2321330354,0.1821680139,0.1735135085,0.1326172839,0.1759219097,0.178928729,0.1826727176
323,0,0,0,0,0,0.2017381387,0.1333060693,0.1022616355,0.2033998909,0.1534563893,0.1100773039,0.1048483231,0.08891726726,0.2249607045,0.138959168,0.2321653595,0.18209226,0.1734013526,0.1325234889,0.1760944281,0.1791005111,0.1828014203
323.5,0,0,0,0,0,0.2016864442,0.1334188393,0.1023913705,0.2035233675,0.1532852773,0.1102171259,0.1049243195,0.0889645568,0.2249455594,0.1390012134,0.2322352539,0.1820541368,0.1734338894,0.1326047269,0.1759861048,0.1791837743,0.1827850196
324,0,0,0,0,0,0.2017898425,0.1335781685,0.1024463878,0.2035716253,0.1534111123,0.1104710137,0.104742988,0.08883738389,0.2249361996,0.1390925746,0.2322758002,0.1820243941,0.1734733605,0.1327563958,0.1760180715,0.1791675826,0.182869539
324.5,0,0,0,0,0,0.2019392168,0.1335052069,0.102590337,0.2035983024,0.153434544,0.1102402977,0.1049457127,0.08890598178,0.2249288974,0.1391500871,0.2323500823,0.1820176755,0.1734681372,0.1326803372,0.1759873406,0.1793260108,0.1828636043
325,0,0,0,0,0,0.2020978686,0.133546679,0.1026737799,0.2035220407,0.1533830614,0.1100585442,0.1049404872,0.08891833993,0.2249320051,0.1391482804,0.2323417528,0.1819145531,0.1734832298,0.1325940019,0.1760228676,0.179388832,0.1828577931
325.5,0,0,0,0,0,0.2019031461,0.133654871,0.1026116796,0.2035688594,0.1534145244,0.1102899897,0.1047662833,0.08889725101,0.2248686455,0.1393773011,0.2323428188,0.1819187611,0.1734558921,0.1327294532,0.1758409193,0.179650964,0.1829599102
326,0,0,0,0,0,0.201836618,0.1336430511,0.1024612148,0.2034692915,0.1534200474,0.1103199634,0.1048347678,0.08902204135,0.2249728003,0.1392882498,0.2323008149,0.182143876,0.1735451985,0.1327449004,0.1757360311,0.1796407664,0.1830595144
326.5,0,0,0,0,0,0.2017628152,0.1335400801,0.1022883447,0.2036057335,0.1535269343,0.1103518214,0.1046452202,0.08908077161,0.2251093603,0.1391974359,0.2322878955,0.1821292641,0.1734922932,0.1325183629,0.1757170676,0.1794916492,0.1831551022
327,0,0,0,0,0,0.2015797966,0.1335114609,0.1023407899,0.2035841687,0.1535453254,0.1103035112,0.1048050569,0.08898898727,0.2249313418,0.1390006667,0.232296874,0.1823566914,0.1734706724,0.1327417065,0.1758562875,0.1794137806,0.1830880033
327.5,0,0,0,0,0,0.2017749293,0.13354866,0.102411616,0.2035572998,0.1534240795,0.1102274946,0.1049045343,0.0889149678,0.224682357,0.1389403238,0.2322478679,0.1824683183,0.173482314,0.1328519,0.1759962874,0.17948449,0.1831252029
328,0,0,0,0,0,0.2017731354,0.1335448366,0.1025819661,0.2036060537,0.1534941195,0.1101779172,0.1048956397,0.08900412824,0.2248147173,0.1387689616,0.2323505076,0.1824655523,0.1734471251,0.1328337095,0.1759591894,0.1795943151,0.1831389367
328.5,0,0,0,0,0,0.2017912711,0.1335125205,0.1025751169,0.203598498,0.1533919204,0.1101731819,0.1047924495,0.08903409921,0.2248810363,0.1389966088,0.2323969431,0.1823203515,0.1734083479,0.1328002848,0.1758516094,0.1796409168,0.1833331122
329,0,0,0,0,0,0.2018358703,0.1333850915,0.1024694701,0.2035493507,0.1534119621,0.1100311652,0.1046563989,0.08887885492,0.224907665,0.1389654666,0.2323565887,0.1823926312,0.1733493105,0.1329175659,0.175967747,0.17975886,0.1833978033
329.5,0,0,0,0,0,0.2017043039,0.133578043,0.102538588,0.2033916951,0.153557628,0.1101710339,0.104723301,0.08894687739,0.2251116092,0.1388781292,0.2324253683,0.1823419015,0.1736108271,0.1328645091,0.1758943469,0.1795955853,0.1834120217
330,0,0,0,0,0,0.2017179759,0.1336198476,0.1024590906,0.203625644,0.15358721,0.1101687919,0.1047725609,0.08887307765,0.2250625861,0.1388654419,0.23231395,0.182334841,0.1737231131,0.1328263342,0.1758414453,0.1795401972,0.1833760208
330.5,0,0,0,0,0,0.2017190284,0.1336303324,0.1024128742,0.2036374069,0.153740956,0.1103070406,0.1046417224,0.08882361264,0.2251485062,0.1389036193,0.2324461017,0.1823902955,0.1737125589,0.133064206,0.1760951028,0.1793903971,0.183409822
331,0,0,0,0,0,0.2016256802,0.1335259842,0.102403961,0.2036702416,0.1536457159,0.1101777452,0.1046224628,0.08884350582,0.2251157988,0.1387233525,0.2325269272,0.1823362848,0.1738641695,0.1330068815,0.175858174,0.1794222811,0.1831132046
331.5,0,0,0,0,0,0.2015429572,0.1336011996,0.1023173494,0.2035617133,0.1535785656,0.1099691965,0.1046538925,0.0888268325,0.2250786877,0.1387795416,0.2325171424,0.1822958767,0.1740018661,0.1330810687,0.1758491006,0.1793163779,0.1830950051
332,0,0,0,0,0,0.201623491,0.1335863177,0.1023200469,0.2035449866,0.153614463,0.1100601142,0.1047440909,0.08884658118,0.2249574229,0.1388160316,0.2325088217,0.182297185,0.173918261,0.1332838486,0.1759439511,0.1792736627,0.1830258801
332.5,0,0,0,0,0,0.2016930328,0.1337099615,0.1023562654,0.2035133387,0.1535673692,0.110042288,0.1047593357,0.08864589497,0.2251130192,0.1387290996,0.232499441,0.1821018893,0.1740342448,0.132983913,0.1760059211,0.1793227001,0.1829604278
333,0,0,0,0,0,0.2018634228,0.1334975449,0.1024805236,0.2036161003,0.1535760608,0.1099961817,0.1048870365,0.08860511787,0.2252792368,0.1387450904,0.2325907489,0.182078182,0.1741387527,0.1331870832,0.1760256001,0.1794972212,0.1828658416
333.5,0,0,0,0,0,0.2016476586,0.1335374223,0.1024608553,0.2035979667,0.153456962,0.1101655644,0.1049161235,0.0887363805,0.2251252066,0.1388673327,0.2324787739,0.1820763538,0.1741861302,0.1331625125,0.1757532812,0.1795813141,0.1829935893
334,0,0,0,0,0,0.201646846,0.1336262138,0.1025429564,0.203522917,0.1533882451,0.1102686705,0.1048713962,0.08885662009,0.2251691825,0.1388742965,0.2323041079,0.1820159137,0.1740560112,0.133194493,0.17567955,0.1794661152,0.183147647
334.5,0,0,0,0,0,0.2016296208,0.1335505515,0.1026149096,0.2034949425,0.1532678508,0.1100836786,0.1047881498,0.08884282001,0.2251423858,0.1387845697,0.2320282898,0.1821310652,0.1739771577,0.1332964403,0.1759128113,0.1795100554,0.1834096486
335,0,0,0,0,0,0.2015949389,0.1336198826,0.1025103472,0.2034320119,0.1533884634,0.1102493974,0.1047126224,0.0890258005,0.2250833642,0.1385969672,0.2320384204,0.1822238707,0.1738554634,0.133124165,0.1758235493,0.1795772861,0.1834369651
335.5,0,0,0,0,0,0.2015970449,0.1333848698,0.1023787317,0.20341692,0.1532599153,0.1099877824,0.1046321167,0.08894805582,0.2249675744,0.1387289518,0.2321543252,0.1821703791,0.1740587814,0.1334076639,0.175838673,0.1796069479,0.1833970183
336,0,0,0,0,0,0.2016516436,0.1336034903,0.102585267,0.2034636195,0.1532852651,0.1100154687,0.1045835439,0.08890527866,0.2250848661,0.1387996971,0.2321759746,0.1821459306,0.1741011069,0.1333297019,0.1758424316,0.1796281652,0.18334184
336.5,0,0,0,0,0,0.2014857309,0.1335612478,0.1024030274,0.2033236996,0.1533272785,0.109910466,0.1048255377,0.08882955389,0.2251706029,0.1387413128,0.2320384525,0.1820606611,0.173890643,0.133347613,0.1759948574,0.1796818992,0.1832812158
337,0,0,0,0,0,0.2014571742,0.1336476288,0.1025935968,0.2033367895,0.1532375937,0.1100205758,0.1050195994,0.08882852049,0.2251617683,0.1386538507,0.2322458149,0.1821039127,0.173762328,0.1332129405,0.1761636991,0.1796697573,0.1833100894
337.5,0,0,0,0,0,0.2016517239,0.1334875169,0.102626168,0.2033667266,0.1534158528,0.1097415026,0.1049852607,0.08886205413,0.2252476336,0.1387685053,0.232144411,0.1821638617,0.1736583879,0.1331128829,0.1761584073,0.1796096738,0.1831707215
338,0,0,0,0,0,0.2016009641,0.133439952,0.1028697282,0.2033198639,0.1535310632,0.1098331225,0.104996796,0.08891061753,0.2253562053,0.1387266172,0.232342053,0.182286542,0.1736555206,0.1332027466,0.1761423737,0.1796947878,0.1830459913
338.5,0,0,0,0,0,0.2014759532,0.1337988337,0.102547835,0.2032746104,0.1533231817,0.1100231397,0.1049330113,0.08907853497,0.225467831,0.138906412,0.2324109445,0.182487484,0.1737181131,0.1330768007,0.1761472889,0.1795143844,0.183132237
339,0,0,0,0,0,0.2015557203,0.1338163344,0.1023670637,0.2033102363,0.15338883,0.1101701238,0.1048465739,0.08896606103,0.2253565047,0.1387251986,0.2324290497,0.1825084994,0.1735908642,0.1330375666,0.1761164974,0.1794729364,0.1832451062
339.5,0,0,0,0,0,0.2016341123,0.1339042333,0.1022443872,0.2034245542,0.1534064343,0.1102077686,0.1046783356,0.08881174533,0.2253728213,0.1387076851,0.2325429726,0.1823825524,0.1735497191,0.1332197533,0.1761601834,0.1794290029,0.1830665276
340,0,0,0,0,0,0.2015912795,0.1337127676,0.1021227856,0.20356854,0.1533865151,0.1100831263,0.1045938997,0.08878931995,0.2255569956,0.1387773239,0.2325963994,0.1821654029,0.1735850164,0.1331867787,0.1761271592,0.1797103024,0.183023254
340.5,0,0,0,0,0,0.2016590908,0.1337281681,0.1021959148,0.2035810427,0.1534769032,0.1100769479,0.1047183752,0.08897200414,0.2255637508,0.1389816348,0.2326527702,0.1820927551,0.1736087012,0.1332556949,0.1761000411,0.1795692137,0.1830953388
341,0,0,0,0,0,0.2015657564,0.1336373627,0.1021139932,0.2035242518,0.1532963972,0.1101062144,0.1047322182,0.0889681657,0.2254359331,0.1389552926,0.2326192907,0.1821423019,0.173610764,0.1333486948,0.1761320601,0.1795003248,0.1833165002
341.5,0,0,0,0,0,0.2016337455,0.1337641801,0.1022721623,0.2035568376,0.1531679949,0.1098939107,0.1047392674,0.08898571649,0.2253948883,0.1390076092,0.2325819216,0.182229772,0.1735633913,0.1334761727,0.1760056646,0.1794125252,0.1832959531
342,0,0,0,0,0,0.2017625022,0.1338283943,0.102365531,0.2035244578,0.1532856889,0.1101189105,0.104836003,0.08888391773,0.2253885277,0.1389818293,0.2327733913,0.1822501221,0.1734253566,0.1334364178,0.1761646896,0.1794942039,0.1833876675
342.5,0,0,0,0,0,0.2017069158,0.1338894355,0.1022641126,0.2035738619,0.1532203282,0.1101036406,0.1047846816,0.0888558599,0.2253076075,0.1389979089,0.2326598738,0.1821709129,0.1733916221,0.1333444615,0.175962534,0.1794377093,0.1834581728
343,0,0,0,0,0,0.2016891455,0.1338917064,0.1023168117,0.2034641659,0.1532132545,0.1102318169,0.1048575889,0.08897834797,0.2251161672,0.1388677213,0.232709871,0.1822796519,0.1734165873,0.1333223367,0.1758386709,0.1792276628,0.1833891142
343.5,0,0,0,0,0,0.2017587123,0.1337270827,0.1023505505,0.2034600302,0.1531302844,0.1100659785,0.1047391118,0.08880974774,0.2251664772,0.1387842355,0.2327470847,0.1823014382,0.1736214085,0.133339738,0.1760342661,0.1791483062,0.1832614734
344,0,0,0,0,0,0.2017026567,0.1336114316,0.1024410822,0.2034263306,0.1530877072,0.1100711308,0.104677525,0.08879538124,0.2251252183,0.1388889137,0.2327501015,0.1822679215,0.1735549737,0.133133456,0.1760823363,0.1791424416,0.1833164255
344.5,0,0,0,0,0,0.2017511649,0.1335039404,0.1023907152,0.2033551475,0.1532017953,0.1101338151,0.1047240688,0.08890932263,0.2251065529,0.1387669079,0.2328904904,0.1821421222,0.1735614676,0.1332759133,0.1759659804,0.1791931945,0.1833700394
345,0,0,0,0,0,0.2016118726,0.1335303365,0.1023237275,0.2033014092,0.153123029,0.1102132862,0.1047432412,0.08874487411,0.2250291064,0.1388870131,0.2329625318,0.1822761314,0.1736151179,0.1330396076,0.1758043471,0.1792227314,0.183311407
345.5,0,0,0,0,0,0.2015849951,0.1335871792,0.1024117615,0.2033617135,0.1531786631,0.1102039571,0.1046155829,0.08876043708,0.2251375809,0.1387736478,0.2328737693,0.1823495647,0.1735848983,0.1330222526,0.1757142789,0.1792777877,0.1832388152
346,0,0,0,0,0,0.2016398542,0.1335339885,0.1025337182,0.2033289913,0.1531344163,0.1102651496,0.1044734481,0.08881936526,0.225132964,0.1387978966,0.2330485403,0.1822413,0.1738354565,0.1327778151,0.1756904735,0.179319347,0.1831723912
346.5,0,0,0,0,0,0.2015029684,0.1334965893,0.1026540202,0.2033825515,0.1531201625,0.1101537521,0.1048277978,0.08868720422,0.225060536,0.1389113319,0.2331883786,0.1823097463,0.1736870744,0.1327250346,0.1757269292,0.1792303149,0.1833595035
347,0,0,0,0,0,0.2015383957,0.1334064852,0.1026382302,0.2035330599,0.1531184824,0.1101531915,0.1048571915,0.08867997258,0.2250816043,0.1390847848,0.2332221658,0.1823482506,0.1736722828,0.1328295937,0.1758465826,0.1792256917,0.1833132339
347.5,0,0,0,0,0,0.2015038127,0.1334803191,0.1025397023,0.2037220081,0.1533805344,0.1100886719,0.1048013097,0.08866964198,0.2252889239,0.1390522831,0.2330856976,0.1823938438,0.1736535791,0.1327856168,0.1756643132,0.1793190227,0.1833310846
348,0,0,0,0,0,0.2014985826,0.1334889188,0.1024265439,0.2037774715,0.1534590817,0.1101683537,0.1047794188,0.08865731796,0.2253037049,0.1390673882,0.2331760802,0.1822835177,0.1736074751,0.1330290063,0.1754465501,0.1794385615,0.1834552976
348.5,0,0,0,0,0,0.201562529,0.1336369295,0.1023910551,0.20376525,0.1534660837,0.1102601648,0.1047131138,0.08868030399,0.2253123961,0.1388315851,0.2331755143,0.1822825042,0.1735849634,0.1330960207,0.1753622631,0.1794423371,0.1834158598
349,0,0,0,0,0,0.2015447444,0.1335203995,0.1021999544,0.2037764062,0.1534652317,0.1102194559,0.1047662801,0.08868989539,0.2252408352,0.1389236899,0.2331243829,0.1821881806,0.1736736334,0.1330684783,0.1753418973,0.1795439698,0.1835166187
349.5,0,0,0,0,0,0.2014163004,0.1335709601,0.1022774302,0.2037701461,0.1535179025,0.110384127,0.1048953675,0.08878260068,0.22520034,0.1388139959,0.2331492911,0.1821304791,0.1737614916,0.1331036104,0.1753819551,0.179485928,0.1834744538
350,0,0,0,0,0,0.2014747777,0.1334904208,0.1021550224,0.2036585898,0.1534745992,0.1104581264,0.1049141388,0.08884375827,0.2250298476,0.1389309987,0.2330655474,0.1821421261,0.1738605474,0.133100428,0.175466057,0.179537162,0.1833197013
350.5,0,0,0,0,0,0.201574384,0.133563187,0.1022157794,0.2037427212,0.1536803036,0.1103337331,0.1046684112,0.08877343293,0.2249996157,0.1389338876,0.2331395317,0.1822239534,0.1738702005,0.1330730219,0.1755831181,0.1794839686,0.1832787146
351,0,0,0,0,0,0.2017202773,0.1335600898,0.1021754231,0.2037348071,0.1535996508,0.1104688615,0.1046763607,0.08872145585,0.2250601251,0.1390101681,0.2331099518,0.1822505687,0.1738514056,0.1330514475,0.1755907715,0.1794539817,0.1833251258
351.5,0,0,0,0,0,0.2016907299,0.1334060889,0.1022745789,0.203744649,0.1533820329,0.1102853068,0.1046996936,0.08878197054,0.2248367338,0.1390950262,0.2329933131,0.1823783698,0.1738110817,0.1329285658,0.1756285188,0.1795053183,0.1832295996
352,0,0,0,0,0,0.201653792,0.1336200494,0.1023062781,0.203913041,0.153433337,0.1104387265,0.1045937399,0.08882687597,0.2248262722,0.1390683535,0.232965685,0.1823835416,0.1739404458,0.1327860156,0.175619696,0.1795768571,0.1830542883
352.5,0,0,0,0,0,0.2017911203,0.133531961,0.1023646753,0.2038539608,0.1535143438,0.1104120857,0.1046390294,0.08890877042,0.2247533127,0.1391592876,0.2330045358,0.1822650155,0.1737683777,0.1328410477,0.1754747273,0.1796723457,0.1829979868
353,0,0,0,0,0,0.2017275542,0.1335641272,0.1023942047,0.203937446,0.153483791,0.1103881671,0.1045812465,0.08871042969,0.2246661822,0.1389930106,0.2329015331,0.1821237294,0.1738733001,0.1328649475,0.1755420357,0.1795039629,0.1828809356
353.5,0,0,0,0,0,0.2017665739,0.1336338585,0.1024059063,0.2039408708,0.1534823424,0.1103951273,0.1045065023,0.08874417704,0.2245507515,0.1389107758,0.2328980911,0.1819134301,0.1739366947,0.1328122542,0.1753706682,0.1794834561,0.183049335
354,0,0,0,0,0,0.2017801478,0.1336742503,0.1023482532,0.2038295478,0.1534920694,0.1102133719,0.104696312,0.08879360397,0.224721455,0.1389175704,0.232939501,0.1820042857,0.1739771741,0.1327756678,0.1754476217,0.1794866981,0.1829922058
354.5,0,0,0,0,0,0.2018100293,0.1337487825,0.102391214,0.2038554296,0.1537382337,0.1102814311,0.1047024327,0.08866922115,0.2246346513,0.1390528309,0.2329089673,0.1818635254,0.1740895084,0.1329698591,0.1756748818,0.1796608418,0.1829047659
355,0,0,0,0,0,0.2018932892,0.1336554985,0.1022091056,0.2038379655,0.1537025127,0.1102671055,0.1045906481,0.0886225837,0.2246456045,0.1391747601,0.2329041866,0.1818030792,0.1739114008,0.1329634605,0.1756580777,0.1794297278,0.1828743795
355.5,0,0,0,0,0,0.2018486711,0.1335079956,0.1024116473,0.2038156221,0.1535819741,0.1101009026,0.104577356,0.08872458453,0.2248594465,0.1390649612,0.2328424684,0.1817238609,0.1737371028,0.1329065574,0.175775083,0.179538502,0.1828126529
356,0,0,0,0,0,0.2018504663,0.1334928101,0.1024500601,0.203689881,0.1536305956,0.1101597557,0.1045527585,0.08878860953,0.2250308648,0.1390348778,0.2328901272,0.1817865236,0.1737676141,0.1329828833,0.1754613606,0.1795980378,0.1828346666
356.5,0,0,0,0,0,0.2018776315,0.1334698071,0.1023612627,0.2035760803,0.1535797385,0.1101262306,0.1045771493,0.0888532892,0.2251544802,0.1389423831,0.2329803142,0.1817583369,0.1736816608,0.1330824919,0.1754592663,0.1796971451,0.1827969464
357,0,0,0,0,0,0.2017603207,0.1334142487,0.1023434354,0.2034512091,0.1533319915,0.1101289871,0.1047145596,0.08894043556,0.2253601944,0.1391148545,0.2330670053,0.1816518339,0.1738777515,0.1327961766,0.1756228582,0.1797499548,0.1828849477
357.5,0,0,0,0,0,0.2017798013,0.1334914437,0.1022536491,0.2035682748,0.1535417191,0.1102547401,0.1047808877,0.08896982108,0.2252971804,0.1393288282,0.2331917281,0.1818451421,0.1738095953,0.1327541107,0.1757498297,0.1797378885,0.1828704434
358,0,0,0,0,0,0.2019216757,0.1336433598,0.1023496702,0.2034823639,0.1533715752,0.1102083264,0.1048434942,0.08894444845,0.2253464295,0.1393433039,0.2332893135,0.1818886367,0.1736981066,0.1326980007,0.1757620655,0.1796419513,0.1828858031
358.5,0,0,0,0,0,0.2019663297,0.1335901697,0.1021291183,0.2035751594,0.1531907485,0.1100098818,0.1048511478,0.08903002735,0.225349846,0.1392227287,0.2331986059,0.1818391542,0.17375024,0.1327473509,0.1758072759,0.1794260208,0.1829281602
359,0,0,0,0,0,0.2018794293,0.1337310792,0.1022856533,0.2034051623,0.1531502666,0.1099487966,0.1047815238,0.08895591235,0.2252909917,0.139063104,0.2331895138,0.1818575322,0.1739419626,0.1326339053,0.1756585906,0.1794763775,0.1829918708
359.5,0,0,0,0,0,0.2017296505,0.133769262,0.1023754429,0.2037102918,0.1531445867,0.1100513164,0.1046887206,0.0889349814,0.2252552942,0.1390473565,0.2332868864,0.1818418065,0.173800505,0.1326758265,0.175574582,0.1793902019,0.1829233223
360,0,0,0,0,0,0.2016291755,0.1337682329,0.1023430602,0.2036120476,0.1531091809,0.1101416696,0.1048978944,0.08893009232,0.2252383881,0.1390289972,0.23324748,0.1819822699,0.1738032041,0.1327951658,0.1756486508,0.1792741835,0.1828493336
360.5,0,0,0,0,0,0.201624216,0.1337767335,0.102406901,0.2034052783,0.1529341165,0.1101740438,0.1048257098,0.08891950146,0.2250640359,0.1390960813,0.2331812923,0.1820069632,0.1738232476,0.1328385888,0.1756132743,0.1793725265,0.1829450399
361,0,0,0,0,0,0.2016335176,0.1336685188,0.1023868449,0.2035339765,0.1530664127,0.1103438183,0.1049070454,0.08894428825,0.2249668241,0.1391033295,0.2332882847,0.1820548838,0.1738093961,0.1329380874,0.1756451312,0.1792493273,0.1831720743
361.5,0,0,0,0,0,0.2017447038,0.1335769149,0.1022107736,0.2036343782,0.1532324647,0.1101119386,0.1048480199,0.08891479586,0.2247819264,0.1392567753,0.2332897732,0.1820029987,0.1737519609,0.1329644265,0.1757149883,0.1790913996,0.1832037214
362,0,0,0,0,0,0.2017076586,0.133755886,0.1022085224,0.2034849145,0.1532029071,0.1101137834,0.1049154985,0.08892838743,0.2247826383,0.1391567186,0.2334748013,0.182031936,0.1738390624,0.1328702939,0.1758272849,0.1791908937,0.1831909418
362.5,0,0,0,0,0,0.2017846755,0.1336022525,0.102142995,0.2035112221,0.1532718468,0.110071001,0.1049700069,0.08892226487,0.2248350545,0.1391467581,0.233342008,0.1820583072,0.1736995445,0.1330075548,0.1756958279,0.1791420451,0.1831264532
363,0,0,0,0,0,0.2016957835,0.1336189499,0.1023677879,0.2035787418,0.1532063086,0.1097867869,0.1048910846,0.08893785228,0.2245996997,0.1391285676,0.2332243216,0.1820102162,0.1735827933,0.1332322137,0.1757002133,0.1790212554,0.1831087987
363.5,0,0,0,0,0,0.2016701396,0.1334442496,0.1024492812,0.2034205408,0.1533842187,0.1097162975,0.1048954237,0.08884122598,0.2246209056,0.1391297711,0.233109844,0.1821460283,0.1735682844,0.1332176244,0.1759732586,0.1789066488,0.1831387596
364,0,0,0,0,0,0.2017026911,0.1336203511,0.102472092,0.2034611122,0.1534391036,0.109713519,0.1049400893,0.08882651323,0.2247876182,0.1392109868,0.2332833502,0.1820288621,0.1735487567,0.1332420114,0.1759721188,0.1789653737,0.1829667906
364.5,0,0,0,0,0,0.201695198,0.1338303847,0.1025599143,0.2033621788,0.1535627979,0.1097825943,0.1050000598,0.08884054368,0.2248515041,0.1393679252,0.2334516047,0.1821703638,0.1736336447,0.1332694363,0.1758629276,0.1787186979,0.1829225402
365,0,0,0,0,0,0.2016430593,0.1336590029,0.1023467006,0.2034308849,0.15378884,0.110027132,0.1049863988,0.08872328547,0.2247072453,0.1393627485,0.2334887265,0.1824488064,0.1737940197,0.1331289912,0.1759702489,0.1786825416,0.1829098219
365.5,0,0,0,0,0,0.2016768725,0.1337178879,0.1022635073,0.2034394642,0.1536322535,0.1101144043,0.1049582859,0.0887954752,0.2247451604,0.1392347377,0.2334393396,0.18245272,0.1737495176,0.1331733447,0.1757418803,0.1786304565,0.1829611698
366,0,0,0,0,0,0.2015946344,0.1337791312,0.1023705543,0.2033318573,0.153624355,0.1101923887,0.1048149734,0.08888472575,0.2247656085,0.1392072516,0.2336480399,0.1824208664,0.1737765718,0.1331862739,0.1756513041,0.1788426005,0.1830563173
366.5,0,0,0,0,0,0.2016054369,0.1336474088,0.1022898197,0.203378258,0.1534860001,0.1101218381,0.1047864059,0.08890335785,0.2247341972,0.1392712419,0.2336721697,0.1824735641,0.1735310369,0.1330795048,0.175627593,0.178943729,0.1829695998
367,0,0,0,0,0,0.2016074769,0.1337393919,0.1025289232,0.203351088,0.153601453,0.1102032008,0.1047701272,0.08891990057,0.2246648684,0.1392617534,0.233533116,0.1825078469,0.1733655082,0.1330563452,0.175827799,0.1791856225,0.1829537826
367.5,0,0,0,0,0,0.2016766532,0.1337450105,0.102674866,0.2036038158,0.1535861915,0.1102868213,0.1046913878,0.08895865132,0.2246934542,0.1393240259,0.2333334976,0.1823427697,0.1733634448,0.1330346954,0.1757437169,0.1793338948,0.183152254
368,0,0,0,0,0,0.2018319068,0.1337162814,0.102373707,0.2035883441,0.153755529,0.1102415587,0.1049342514,0.0889522825,0.2246805261,0.1392794332,0.233410676,0.1823283041,0.1735180195,0.1329883619,0.1757557081,0.1793366232,0.183178613
368.5,0,0,0,0,0,0.201783897,0.133814484,0.1025236187,0.203654501,0.1538223885,0.110180026,0.1048492541,0.08906513159,0.2246439799,0.1391005816,0.2335215299,0.1823100757,0.1736277288,0.1330424591,0.1758276106,0.1794737705,0.1831825864
369,0,0,0,0,0,0.2016454314,0.1338406875,0.1025430795,0.2035301583,0.1538713103,0.1101963194,0.1048350789,0.0891843633,0.2245796988,0.1390075318,0.2335000513,0.1823935187,0.1734886435,0.1328977381,0.1759026049,0.1795021834,0.1830811716
369.5,0,0,0,0,0,0.2017417877,0.1337873591,0.1025984957,0.2034529545,0.1537857807,0.110253435,0.1048002855,0.08901420124,0.2245867956,0.1388960694,0.2335473761,0.1822210912,0.1735359718,0.132910492,0.1758734385,0.1792917548,0.1832456655
370,0,0,0,0,0,0.2017924004,0.133605947,0.1025424804,0.2033678295,0.1536054856,0.1101431169,0.1049402566,0.08904044469,0.2246748717,0.1391014241,0.2335874271,0.1821549456,0.1736111641,0.1329419615,0.1759198401,0.1791650437,0.1833261193
370.5,0,0,0,0,0,0.2016748883,0.133737245,0.1026837694,0.2035836522,0.1533780304,0.1102272722,0.1048028354,0.08902400291,0.2247801795,0.1392677135,0.2334859446,0.1822391419,0.1736816716,0.1327372135,0.1758985436,0.179119004,0.1834440203
371,0,0,0,0,0,0.2015859074,0.1338486909,0.102599826,0.2035555001,0.1533088245,0.1103406987,0.1047267061,0.08901588196,0.2249321415,0.139458703,0.233395806,0.1823153837,0.1736228856,0.1325428181,0.1758754492,0.1792269785,0.1834363585
371.5,0,0,0,0,0,0.2017423756,0.1337644024,0.1025585971,0.2036466825,0.1531936471,0.1103638079,0.1047141028,0.08891033186,0.2250763714,0.1395240903,0.2334228577,0.1824388019,0.1736810439,0.1325620323,0.1758954255,0.1791309301,0.1833430624
372,0,0,0,0,0,0.2017673166,0.1337755768,0.1026016571,0.2037700681,0.1532818082,0.1101986258,0.1047921038,0.08906085692,0.2250167749,0.1394032125,0.2334089903,0.1822890524,0.1737647699,0.132702652,0.1757604452,0.1792994887,0.1833731848
372.5,0,0,0,0,0,0.201685123,0.1336817886,0.102616825,0.2037790057,0.1533137811,0.110337815,0.104776322,0.08888096414,0.2250688234,0.1392965714,0.2334035733,0.1823279853,0.1734946444,0.1327446205,0.175657513,0.1795160848,0.1834176447
373,0,0,0,0,0,0.2015847042,0.1337242405,0.1025593554,0.203664675,0.1532622767,0.1102751223,0.1049009207,0.08884374309,0.2250914366,0.1395555101,0.2335278895,0.1824660032,0.1734663581,0.1329050916,0.1757038754,0.1796528611,0.1832700122
373.5,0,0,0,0,0,0.2017235878,0.1338324794,0.1024871617,0.203619842,0.1532821044,0.1101714624,0.1049399525,0.08883905466,0.2250634328,0.1395504833,0.2334825056,0.1823482304,0.1735999948,0.1327934733,0.1755790175,0.1796074738,0.183162887
374,0,0,0,0,0,0.2017844318,0.1337783977,0.1023063732,0.2036025942,0.1532957378,0.1101167193,0.1048860158,0.08898516784,0.2250889727,0.1393883835,0.233446969,0.1823531006,0.173690189,0.1326676602,0.1756018304,0.1795565611,0.1832342487
374.5,0,0,0,0,0,0.2018011231,0.1337814181,0.1022841811,0.2035568157,0.1533142968,0.1101156182,0.1048751021,0.08896752055,0.2250464834,0.1392695845,0.233462534,0.1824988305,0.1737426566,0.132682843,0.1758674722,0.1795123402,0.1830865046
375,0,0,0,0,0,0.201751199,0.1338111048,0.102333309,0.203447788,0.1533266834,0.110215522,0.1048029348,0.08905281359,0.225080994,0.1390873412,0.2332357813,0.1823701628,0.1737910533,0.1325673919,0.1757858211,0.1792623012,0.1830399451
375.5,0,0,0,0,0,0.2015250779,0.1338908793,0.1025488156,0.2034135431,0.1534194654,0.1100866293,0.1048364218,0.08906226634,0.2251982324,0.1389984485,0.2332304792,0.1824088739,0.1737510128,0.1326229166,0.1757789177,0.1792378329,0.1828613968
376,0,0,0,0,0,0.2015617681,0.1337297613,0.1026730368,0.2033026196,0.1534056626,0.109952805,0.1048406433,0.08887520951,0.2251849981,0.1390541494,0.2331910085,0.1824344496,0.173743241,0.1327563213,0.17575431,0.1792460038,0.1828280937
376.5,0,0,0,0,0,0.2016156773,0.1337999801,0.1024846575,0.2033224315,0.1535321306,0.1100399477,0.1048895934,0.08881473562,0.2252098375,0.1391344746,0.2331146299,0.182297422,0.1739198005,0.1328076903,0.1759647763,0.1794300112,0.1828383585
377,0,0,0,0,0,0.2016019245,0.1339148775,0.102418847,0.2034066823,0.1536540056,0.1101565718,0.1047698194,0.08879378246,0.2252941677,0.1391733821,0.2331904423,0.1822907741,0.1740632785,0.1327880012,0.1759937433,0.1793463095,0.1828401413
377.5,0,0,0,0,0,0.2015632985,0.1338508989,0.1023363121,0.203529137,0.1537327818,0.11011311,0.1048511947,0.08875861224,0.2251726741,0.1391701688,0.2334119209,0.1823202903,0.1740291021,0.132798704,0.1757692567,0.1793652045,0.1828613691
378,0,0,0,0,0,0.2017136172,0.1338897639,0.1024117039,0.2036976094,0.1536816372,0.1101167925,0.1047878317,0.08883128549,0.2252340409,0.1388934283,0.2336362149,0.1824149115,0.1739227151,0.132933006,0.1758450055,0.1792897616,0.1826694321
378.5,0,0,0,0,0,0.2017725087,0.133771825,0.1024638867,0.2035576199,0.1536158869,0.1098669715,0.1048843023,0.08890071662,0.2253286613,0.1390092613,0.2335359632,0.182277986,0.1737583874,0.1330710418,0.1757196244,0.1794075793,0.1828067476
379,0,0,0,0,0,0.2016274765,0.1337480846,0.1026576929,0.2034982518,0.1536111612,0.1098525042,0.1048098465,0.08874745859,0.2250161546,0.1389616865,0.2335257523,0.1821988885,0.1737681691,0.1330898405,0.1756793105,0.1793132808,0.1828396069
379.5,0,0,0,0,0,0.2017768364,0.1338572988,0.1027380441,0.2037054599,0.1536787722,0.1098588231,0.1047204455,0.08870796731,0.2250851223,0.1389240355,0.2334651838,0.1821537063,0.173697042,0.1331174649,0.1758752845,0.1793654375,0.1828936351
380,0,0,0,0,0,0.2018038547,0.1338576045,0.1026728302,0.2035731719,0.1537679912,0.1098419575,0.1048305595,0.08865274037,0.2253217252,0.1390018083,0.2333571831,0.1821613965,0.1737449415,0.1330827523,0.175835584,0.1792202007,0.1829999766
380.5,0,0,0,0,0,0.2018552282,0.1338952229,0.1026614519,0.203560183,0.153660271,0.1098377172,0.1049061665,0.08869998428,0.2252891732,0.1389960277,0.2333816271,0.182101862,0.1737558699,0.1331640527,0.1757870518,0.1792789429,0.1829095093
381,0,0,0,0,0,0.2017273139,0.1339082405,0.1025492631,0.2034963692,0.1535662425,0.1098843135,0.1048246663,0.08882238997,0.2254308138,0.13881271,0.2333880678,0.1820279011,0.1738419958,0.1332176325,0.1757506684,0.1792785624,0.1830268058
381.5,0,0,0,0,0,0.2015951186,0.1338108798,0.1023257879,0.2034355524,0.1534708659,0.1097714265,0.1046839717,0.08872245698,0.2254018211,0.1387116409,0.2333588102,0.1822829219,0.1737632941,0.1330762529,0.1758323732,0.1791764496,0.1830900568
382,0,0,0,0,0,0.2016750979,0.1335676012,0.1024195052,0.2032270392,0.1533280641,0.1098583059,0.1047733244,0.08871812328,0.2253140043,0.1387808004,0.2333268498,0.1823716774,0.1737492973,0.1330439132,0.1758083837,0.1793335386,0.1830051667
382.5,0,0,0,0,0,0.2016842834,0.1336791174,0.1026711782,0.203144935,0.1531575432,0.1098695317,0.1048132982,0.08886187354,0.2252973736,0.1386845051,0.2332963817,0.1823070854,0.1739021768,0.1332188016,0.1757358941,0.179005318,0.1830462221
383,0,0,0,0,0,0.2016005851,0.1335780332,0.102608925,0.2031646355,0.1531381696,0.1097789021,0.1047977218,0.08890282453,0.2252687863,0.1387027447,0.2332203079,0.1822257403,0.1740741828,0.1331148509,0.175838904,0.1789856035,0.1832515586
383.5,0,0,0,0,0,0.2015979848,0.1335536865,0.1025549803,0.2032254354,0.1530375931,0.1096353886,0.1047611825,0.08865431911,0.225216418,0.1386037829,0.2331899671,0.1823239452,0.1739220864,0.1331411842,0.1758450792,0.178794626,0.1833377298
384,0,0,0,0,0,0.2015700095,0.1334389644,0.1024905525,0.2032655247,0.1531622875,0.1095191124,0.1048462215,0.088671918,0.2250696072,0.1386555784,0.2332321971,0.1821912154,0.1737938384,0.1331311485,0.1758060001,0.1789436623,0.183347588
384.5,0,0,0,0,0,0.2016111178,0.1336690532,0.1024723875,0.2032214369,0.153205067,0.1095788635,0.1048079257,0.08864312698,0.2249908279,0.1387786946,0.2333330341,0.1824499725,0.1737301927,0.1331357698,0.1756855075,0.178966517,0.1833946913
385,0,0,0,0,0,0.2015906485,0.1337048526,0.1025325544,0.2030823314,0.1532839496,0.1096700787,0.1049221117,0.08876036154,0.2249647689,0.1387784282,0.2334018588,0.1825672483,0.1736450572,0.1330841381,0.1757095903,0.1789158927,0.1833387813
385.5,0,0,0,0,0,0.2015483576,0.1335546751,0.1025111849,0.2031281033,0.1534108589,0.1097670554,0.1051267702,0.08896502617,0.2249777095,0.1388683887,0.2334953018,0.1825631668,0.1736426377,0.1331580695,0.1758122472,0.1789767225,0.1832051812
386,0,0,0,0,0,0.2016155822,0.1335110507,0.1026470581,0.2031452081,0.1533810007,0.1099915843,0.1050897442,0.08895302878,0.2251755347,0.1387938377,0.2334813508,0.182674766,0.1737471339,0.1329204932,0.1758749323,0.1790200915,0.1832257763
386.5,0,0,0,0,0,0.201575831,0.133503754,0.1025350227,0.2031304541,0.1533223533,0.1099617543,0.1048410392,0.0889077489,0.2252048189,0.1387127283,0.2334217434,0.1825885486,0.1736619571,0.1329539262,0.1759536449,0.179250653,0.1832241576
387,0,0,0,0,0,0.2016455225,0.1336968826,0.1025277539,0.2031301988,0.1532595896,0.1098833859,0.1048757496,0.08887924676,0.2253000074,0.1386155793,0.2333860131,0.1824053403,0.1736900139,0.1329320364,0.1758569618,0.1793669795,0.1831488967
387.5,0,0,0,0,0,0.2017693076,0.1337811957,0.1023694407,0.2031398004,0.1533999536,0.1098935771,0.1049100237,0.08879928861,0.2252163519,0.1387674192,0.2333645619,0.1822733978,0.1737139996,0.1329666754,0.1756298514,0.1793770006,0.1830582471
388,0,0,0,0,0,0.2018368184,0.1336171856,0.1022668136,0.2031145815,0.1535981842,0.1100824187,0.1049661903,0.0888892352,0.2253154346,0.1389579561,0.2332470859,0.1822418616,0.1736641284,0.1329416601,0.1757655335,0.1792611045,0.1829874946
388.5,0,0,0,0,0,0.2018836953,0.1336501893,0.1023437296,0.2031269755,0.1534995397,0.1099874302,0.1050287479,0.08894935352,0.2254695037,0.1389189855,0.2331425256,0.182288058,0.1737364496,0.1329049034,0.1756418804,0.1793900673,0.1831652324
389,0,0,0,0,0,0.2018019143,0.133710926,0.1023769241,0.2029728895,0.1535341791,0.1099225902,0.1049270084,0.08888003943,0.2255777616,0.1389853392,0.233258193,0.1822285302,0.1736276979,0.1327538642,0.1755636305,0.1795437544,0.1830901233
389.5,0,0,0,0,0,0.201695631,0.1335596136,0.1023961087,0.2030583676,0.153324065,0.1098652373,0.1049628777,0.0888737783,0.2256986621,0.1391785039,0.2333425445,0.1822569597,0.1736164721,0.1329156172,0.1756105593,0.1795352061,0.1830943565
390,0,0,0,0,0,0.2018085349,0.1334756448,0.102373433,0.2031254957,0.1533632109,0.1100430253,0.104825806,0.08891473337,0.2255937542,0.1390872117,0.2333677113,0.1822839397,0.1736560138,0.1328715471,0.1755513067,0.1793719722,0.182991694
390.5,0,0,0,0,0,0.2018506943,0.1335771982,0.1021862761,0.2031925696,0.1533895919,0.1098609821,0.1048448932,0.08884510123,0.2255731599,0.1391628819,0.2333870383,0.182252687,0.173613005,0.132975829,0.175596387,0.1795334291,0.1830253541
391,0,0,0,0,0,0.2019460499,0.1335388561,0.1022231532,0.2033586629,0.1533698655,0.110059895,0.1048533026,0.08865284699,0.2256869753,0.1391812782,0.2333915042,0.1821145671,0.1738183522,0.1329188778,0.1754889396,0.1796399111,0.1830027739
391.5,0,0,0,0,0,0.2017989222,0.1335395266,0.1022239973,0.2034326397,0.1534655152,0.1101976792,0.104866457,0.08876764771,0.2256647773,0.1393018745,0.2333020938,0.1821769259,0.1738312707,0.1330184229,0.1756553429,0.1795990762,0.1829510884
392,0,0,0,0,0,0.2018557187,0.1334200189,0.1023008737,0.2034868453,0.1535857242,0.1102197171,0.1048312286,0.08885013797,0.2255323414,0.1393263951,0.2332226365,0.1822028953,0.1737366977,0.1330811961,0.1757746102,0.1798713226,0.1829058465
392.5,0,0,0,0,0,0.20175361,0.1333332432,0.1025273489,0.2035118532,0.1535908793,0.1101149132,0.1048217216,0.08873307233,0.2253956612,0.1392606924,0.2331610451,0.1821689003,0.1736251478,0.1330026247,0.1757094671,0.179721286,0.1830629048
393,0,0,0,0,0,0.2016929964,0.1333876513,0.1025005239,0.2036089276,0.1538466394,0.1098010404,0.1048402863,0.0887995963,0.225325757,0.1391952152,0.233078373,0.1820376285,0.1735533542,0.132902013,0.1759302984,0.1797772888,0.1831408153
393.5,0,0,0,0,0,0.2016495175,0.1335627506,0.1025856853,0.2034470586,0.1537420646,0.1096576107,0.104917283,0.08876668061,0.2254644653,0.1392602751,0.2330618516,0.1822144291,0.1735548871,0.1328527458,0.1757957015,0.179741125,0.1831076835
394,0,0,0,0,0,0.201453748,0.1334596317,0.1023109251,0.203478146,0.1537592108,0.1097328801,0.1049426517,0.0885876901,0.225510439,0.1392452063,0.2330370652,0.1823689904,0.1735240365,0.1328716122,0.1759248037,0.1798544443,0.1831619628
394.5,0,0,0,0,0,0.2017392359,0.1333655281,0.1023321836,0.2035407327,0.153591277,0.1099273037,0.1048632525,0.08874402734,0.2254909061,0.1394182962,0.2329737668,0.1823273934,0.1736360899,0.1326309926,0.1758874003,0.179995412,0.1833025032
395,0,0,0,0,0,0.201866959,0.1334445727,0.1021627187,0.2036346195,0.15350029,0.1098920477,0.1047481974,0.08878256883,0.2254031597,0.1394758061,0.2328653489,0.1821851469,0.1735471677,0.132549167,0.1758513436,0.1797958289,0.1832432743
395.5,0,0,0,0,0,0.201897933,0.1334247897,0.1020668757,0.2036407002,0.1535280002,0.110002877,0.1048459646,0.08885916287,0.2253549162,0.1394456083,0.2328478348,0.1823364014,0.1736425248,0.1326006316,0.1757912539,0.17970635,0.1832094326
396,0,0,0,0,0,0.2017681559,0.1335185747,0.1021478072,0.2035963343,0.1535609466,0.110244429,0.1048306977,0.08880159206,0.22536129,0.1393386684,0.2327883767,0.1822554622,0.1736584414,0.1328003305,0.1758657524,0.1796073989,0.1832115214
396.5,0,0,0,0,0,0.2017051569,0.1335654721,0.1022818182,0.2036160524,0.1535749325,0.1102141206,0.1048837767,0.08882812039,0.2252336314,0.1394248824,0.2327481809,0.1823362722,0.1738414657,0.1329012482,0.1757797038,0.1795914083,0.1834396011
397,0,0,0,0,0,0.2017561252,0.1334756463,0.1023946184,0.2036411301,0.1534920382,0.1103207092,0.1048547355,0.08887668933,0.2250048361,0.1391843054,0.2326972499,0.1824284636,0.1740924199,0.1328926877,0.1759229825,0.1796996437,0.1834879412
397.5,0,0,0,0,0,0.2016585209,0.1335660087,0.1022553764,0.2035708392,0.1537260703,0.1102893821,0.1049088851,0.08906309855,0.2250389718,0.139029061,0.2324440503,0.1823165901,0.1741739228,0.1330716649,0.1759658019,0.179705838,0.183500167
398,0,0,0,0,0,0.2017407062,0.1335083586,0.1020892451,0.2035512767,0.1536890398,0.1102801073,0.1048654722,0.08902999019,0.225013265,0.1390175145,0.2324215309,0.1823101638,0.1739551358,0.1329554319,0.1758873961,0.1796098493,0.1836637888
398.5,0,0,0,0,0,0.2016923223,0.1336212974,0.1021771389,0.2035990975,0.1536269334,0.1102724107,0.1048782653,0.08908582267,0.225013695,0.1392745809,0.2325222771,0.1822296155,0.1737804573,0.1329719734,0.1758675045,0.1796243002,0.1835082339
399,0,0,0,0,0,0.2018279942,0.1337162043,0.1021677727,0.2035963004,0.1536582535,0.1101755281,0.1048517579,0.0890351458,0.224982358,0.1393017368,0.232510042,0.182314621,0.1737506777,0.1330834453,0.1759630882,0.1795020262,0.1835314283
399.5,0,0,0,0,0,0.2018879914,0.1337034847,0.1021277035,0.2035859296,0.1536102301,0.1101014609,0.1048720632,0.08886914804,0.2250135587,0.1391157329,0.2325022743,0.1823307546,0.1734986833,0.1333748634,0.1758359389,0.1793648183,0.1834450041
400,0,0,0,0,0,0.2017871313,0.133639557,0.1021860397,0.2034809718,0.1536308353,0.110276122,0.1048863928,0.08890337668,0.2250041731,0.1391711812,0.2326441932,0.1823139728,0.1735531105,0.1333952608,0.1756427017,0.179387029,0.1834496924
400.5,0,0,0,0,0,0.2017703964,0.1336586281,0.1021815303,0.2035390501,0.1537286857,0.1102076722,0.1048888151,0.08887758691,0.2250586199,0.139499563,0.2325111799,0.1823771795,0.1735080586,0.13323426,0.1758679635,0.1794279879,0.1834892344
401,0,0,0,0,0,0.2016622767,0.133784998,0.1021436501,0.2035899764,0.1535702615,0.1102066662,0.1050210015,0.08866808502,0.224898341,0.1395601787,0.2324791909,0.1824224918,0.1735635995,0.132942192,0.1757109951,0.1793430373,0.1834790118
401.5,0,0,0,0,0,0.201660013,0.1336916454,0.1020973274,0.2036512509,0.1534414656,0.1103740875,0.1049883874,0.08863483119,0.2247575579,0.1395110914,0.2323508191,0.1824661431,0.1736773753,0.1331092003,0.1757028634,0.1793042085,0.1833973877
402,0,0,0,0,0,0.2017819479,0.133671825,0.1022338492,0.203630912,0.1533037822,0.1101975025,0.1048716389,0.08867065998,0.2248801585,0.1393724504,0.2323050817,0.182311995,0.1739072021,0.1329581712,0.1758213146,0.1793558371,0.1835203159
402.5,0,0,0,0,0,0.2017219746,0.1336430679,0.1021296793,0.2036429286,0.1535134739,0.1101695638,0.104852727,0.08866931544,0.2250668609,0.1392199352,0.2322899014,0.1822556559,0.173872392,0.1330658189,0.1758487358,0.179410994,0.1835350492
403,0,0,0,0,0,0.2016328581,0.1337318862,0.1022024377,0.2036312317,0.1535533762,0.110072677,0.1047298501,0.08879185835,0.2249686647,0.1392746854,0.2323914971,0.18232418,0.1737889545,0.1330347211,0.1758601443,0.1794138293,0.1834188303
403.5,0,0,0,0,0,0.2017158068,0.1337967671,0.1023160696,0.2037106114,0.1536337059,0.1100894358,0.1048103674,0.08882159931,0.2249662126,0.1393746558,0.2323952164,0.1822669457,0.1737902623,0.1330207142,0.1758968629,0.1792352584,0.1834319814
404,0,0,0,0,0,0.2017300407,0.1338222709,0.102384528,0.2036254238,0.1535997232,0.1101099171,0.1048516337,0.08877225666,0.2248721412,0.1391814732,0.2322437202,0.1823237526,0.1737100628,0.1329595151,0.176074168,0.1791956308,0.183545681
404.5,0,0,0,0,0,0.2017153053,0.1339159244,0.1020274214,0.2037840133,0.1536582738,0.1101260219,0.1049548986,0.08880842525,0.2249283746,0.1392586346,0.2323089483,0.1823360936,0.1735809101,0.1329706727,0.1760757406,0.1793342031,0.1836797363
405,0,0,0,0,0,0.201754585,0.1338438915,0.1021886486,0.2036772644,0.1536530099,0.1101448968,0.1049317851,0.08878940107,0.2250508181,0.1392088689,0.2324703166,0.1823191689,0.1736167385,0.1330483159,0.1759456776,0.1793134492,0.1836557161
405.5,0,0,0,0,0,0.2017025911,0.1338233109,0.1021963496,0.2036788394,0.1535839315,0.1100504535,0.1050237684,0.08879949333,0.225117104,0.139005213,0.2324024238,0.1822854545,0.1736742488,0.1330270111,0.175995008,0.1794543788,0.1838096481
406,0,0,0,0,0,0.2016567934,0.1338140251,0.1021803279,0.2036370181,0.1535928439,0.1099965713,0.1050109028,0.0888132251,0.2251778481,0.1388938036,0.2324300981,0.1821341924,0.1736011539,0.1332541712,0.1759724258,0.1796267495,0.1838429597
406.5,0,0,0,0,0,0.2017183807,0.1335778338,0.1021772511,0.2036347672,0.1535403207,0.1098924908,0.10509192,0.08862526412,0.2250758654,0.1389855617,0.2326063047,0.1821239817,0.173480418,0.1332485697,0.1760644337,0.1796439947,0.1837408302
407,0,0,0,0,0,0.2018085538,0.1335701345,0.1022776533,0.2036123533,0.153402181,0.1098013183,0.1050327028,0.08859765618,0.2249621598,0.1389960129,0.2326675569,0.1820152453,0.1733418496,0.1332221487,0.1761220516,0.1795293366,0.1838739417
407.5,0,0,0,0,0,0.201846953,0.133438242,0.102198296,0.2036222085,0.1534861572,0.1098652883,0.1049239333,0.08865408891,0.2248981041,0.1389967368,0.2325661134,0.1820343924,0.173468951,0.1331086822,0.176236851,0.1793805281,0.183991738
408,0,0,0,0,0,0.201722574,0.1334215994,0.1022097049,0.2035177911,0.1534203738,0.1097857456,0.1048333578,0.08874505096,0.2250208134,0.1390824188,0.232475323,0.1819938388,0.1734624478,0.1332072619,0.176055089,0.1794890224,0.1840707059
408.5,0,0,0,0,0,0.2017501047,0.1334527939,0.1025015123,0.2034044083,0.1535345005,0.1099669979,0.1048953664,0.08879317439,0.2249913574,0.1390521344,0.2326572074,0.1819988421,0.1735595272,0.1331783775,0.1759909052,0.1795043184,0.1840009929
409,0,0,0,0,0,0.2016957673,0.1336588088,0.1023526304,0.2033698232,0.1535232352,0.110019577,0.1049659825,0.08868047273,0.2248586911,0.1392702404,0.2326249069,0.181992318,0.1737368518,0.1331710497,0.1759318992,0.1793840803,0.1839257152
409.5,0,0,0,0,0,0.2017990951,0.1337017531,0.1024071789,0.2033374013,0.1534020527,0.1100912979,0.1050658732,0.08892211986,0.2248914779,0.1391199095,0.2326013252,0.1821585107,0.173756211,0.1331638932,0.1758311361,0.1792586885,0.1839407018
410,0,0,0,0,0,0.2017284308,0.1335911464,0.1023334362,0.203214703,0.1533209395,0.1101370638,0.1051681674,0.08893881812,0.2248840416,0.1393615016,0.2326306399,0.1822641262,0.1738946366,0.1331146342,0.1757603853,0.179278132,0.1839036976
410.5,0,0,0,0,0,0.2017672144,0.1333980424,0.1021558073,0.2031023057,0.1533215896,0.1102686436,0.1049582666,0.0890098703,0.2250088113,0.1391772512,0.2326072688,0.1823778534,0.1737378541,0.1329255297,0.1757144016,0.179427217,0.1838955981
411,0,0,0,0,0,0.2018750199,0.1335605041,0.102106751,0.203239503,0.1533834555,0.1101671491,0.1049668959,0.08915641662,0.2250595532,0.1392535299,0.2326101761,0.1824142057,0.1736903286,0.1330002178,0.1759047581,0.179274653,0.1837357051
411.5,0,0,0,0,0,0.2019385455,0.1337833793,0.1022065871,0.2031872705,0.1532726827,0.1100905197,0.1047847262,0.08906951827,0.2249330481,0.1393335302,0.2326879051,0.182342984,0.1737401716,0.133115906,0.1758263085,0.179066861,0.1837228812
412,0,0,0,0,0,0.2020235224,0.1337803567,0.1023656925,0.2033382839,0.1532392366,0.1100617165,0.1049416521,0.08896554268,0.2249121579,0.1394412992,0.2327438529,0.1822887634,0.1736055482,0.1331065045,0.1757001272,0.1792185663,0.1838741478
412.5,0,0,0,0,0,0.2019164313,0.1337721381,0.1023003462,0.2032956533,0.1532567994,0.1100663112,0.1051141042,0.0889716807,0.2248965189,0.1395441038,0.2327701923,0.1822345048,0.1735385306,0.1330888632,0.1758951978,0.1792559788,0.1838932146
413,0,0,0,0,0,0.2018277562,0.1338522249,0.1023733653,0.2033045357,0.1532478766,0.1099976791,0.105076273,0.08884265571,0.2248494579,0.1393050481,0.2326974797,0.1822768306,0.1735349872,0.1332224937,0.1759741287,0.1792514491,0.1840139502
413.5,0,0,0,0,0,0.201827945,0.133936166,0.1024179671,0.2033009094,0.1532091533,0.1098844325,0.1050782395,0.088766474,0.2248436718,0.1392586533,0.2327722195,0.1822130957,0.1735995034,0.1329825919,0.1759137627,0.1793297003,0.1839498717
414,0,0,0,0,0,0.2018321271,0.1338377836,0.1023571561,0.2033536117,0.1532723619,0.1098100421,0.104862432,0.08872719777,0.2250976461,0.1392730855,0.2327520274,0.1822967793,0.1735294767,0.132795531,0.1758674128,0.1792634175,0.1839779042
414.5,0,0,0,0,0,0.2018301135,0.1339356153,0.1023313284,0.2034074148,0.1533387649,0.1098488421,0.1048251453,0.08876514081,0.2253851097,0.1391904982,0.2326589043,0.1821479093,0.1735493359,0.1327499018,0.1757378226,0.1792686455,0.1838610278
415,0,0,0,0,0,0.2019061933,0.1338813677,0.1023818227,0.2034619761,0.1533358754,0.1098513658,0.1049185633,0.08877202012,0.2253034995,0.138923867,0.2325839605,0.1822792265,0.1733275556,0.1329444233,0.1759190401,0.1791924064,0.1839972633
415.5,0,0,0,0,0,0.2018987238,0.1338482693,0.1023478878,0.2032021225,0.1534117344,0.1097953049,0.1049433447,0.08871470068,0.2251217223,0.1388734522,0.2327117124,0.1821349072,0.1733607491,0.1328347225,0.1758555088,0.1791318158,0.1840694244
416,0,0,0,0,0,0.2018373789,0.1336744704,0.1022106343,0.2032577344,0.1532834448,0.109823487,0.1047803822,0.08868907119,0.2252717013,0.139016677,0.2326664038,0.1820987547,0.1734673994,0.1327835067,0.1755533152,0.1791074407,0.1839249904
416.5,0,0,0,0,0,0.2017594378,0.1335828603,0.1022929142,0.2032566498,0.1534103774,0.1099683345,0.1047757292,0.0886202059,0.2252050499,0.1389985076,0.2325654192,0.1821237886,0.1733987532,0.1327745085,0.1755367502,0.1790997759,0.1839542621
417,0,0,0,0,0,0.2017876189,0.1336118455,0.1023248057,0.2033611976,0.1533721086,0.1101653666,0.10472865,0.08862324423,0.2250029102,0.1390777052,0.2324168671,0.1822359228,0.1733953204,0.13297469,0.1755284559,0.1789740265,0.1839708376
417.5,0,0,0,0,0,0.2018908596,0.1338003235,0.1021669805,0.2033374046,0.1532977989,0.1100529182,0.1048697493,0.08869546588,0.2249997726,0.1392979133,0.2323930259,0.1821895803,0.1733889849,0.1329583014,0.175529174,0.1788341545,0.1839953591
418,0,0,0,0,0,0.2018595903,0.1339647814,0.1021449374,0.2034339852,0.1533503282,0.1099887535,0.1048438403,0.08880869639,0.2249652957,0.1392366551,0.2323305984,0.1820277083,0.1735506623,0.1328556791,0.1756814294,0.1788566653,0.18403141
418.5,0,0,0,0,0,0.2016479829,0.1338434551,0.1022154353,0.2034090235,0.1534358028,0.1099775377,0.1047433529,0.08868841664,0.2248707054,0.1391423709,0.2323499521,0.1820603651,0.1735559336,0.1328931444,0.1757703824,0.1789386932,0.1838675281
419,0,0,0,0,0,0.2016841869,0.133695458,0.1022356472,0.2035423119,0.1534466518,0.1099288128,0.1048543265,0.08867395583,0.224835144,0.1389873036,0.2322468589,0.1823749393,0.173537075,0.1327177188,0.1757330819,0.1791139046,0.1838975204
419.5,0,0,0,0,0,0.2017357101,0.1337626338,0.1021785549,0.2035334452,0.1532565998,0.1098626119,0.1049874495,0.0887279317,0.2248409265,0.1391986463,0.2323916982,0.1824472274,0.1736114562,0.1327475608,0.1756642901,0.1788548269,0.1839427113
420,0,0,0,0,0,0.201783369,0.1338636251,0.1021817306,0.2033384807,0.153389664,0.1100500792,0.1049349962,0.08875137785,0.2250008555,0.1391851527,0.232368295,0.1822752117,0.1736939512,0.1327881025,0.1756606885,0.1787861027,0.1837828348
420.5,0,0,0,0,0,0.2019371116,0.1338679719,0.1023292392,0.2034398123,0.153291281,0.109976882,0.1049559097,0.08883551997,0.2250451877,0.1390627599,0.2325077084,0.1823997277,0.1735743369,0.1329554546,0.1756782495,0.1789584595,0.1837090197
421,0,0,0,0,0,0.2019024244,0.133946621,0.1024131048,0.2035285902,0.1532625468,0.1099911757,0.1048810275,0.08887622676,0.2250535125,0.1391798028,0.2324965721,0.1822979063,0.1734715077,0.1331086867,0.1757098554,0.179011077,0.1837721939
421.5,0,0,0,0,0,0.2019334399,0.1339129048,0.1023841413,0.2034609457,0.1532881247,0.1100993185,0.104918701,0.08877646157,0.2251340315,0.1392352457,0.2325100792,0.1822718793,0.1734715091,0.1330806369,0.1756233317,0.1790425412,0.1838208575
422,0,0,0,0,0,0.2018423638,0.1337769684,0.1023592279,0.2034643232,0.1532616609,0.109933147,0.1048578393,0.088745651,0.224848777,0.1393085998,0.2325074052,0.1822474,0.1733779369,0.1330856927,0.1755613303,0.1790970736,0.1836576588
422.5,0,0,0,0,0,0.2018209007,0.1337188801,0.1022927589,0.2035252547,0.1533305764,0.1098699409,0.1048361307,0.08868410538,0.2247183393,0.1393851603,0.2325120692,0.182257589,0.1736388486,0.1329682659,0.1757898333,0.1791310138,0.1836241926
423,0,0,0,0,0,0.2016885303,0.1336373605,0.1023388957,0.2035164647,0.1534234763,0.1098640479,0.1049159429,0.08875419521,0.2246470544,0.1393471522,0.2324724922,0.1821528357,0.1736369045,0.1331311355,0.1756923381,0.1791219206,0.1836284991
423.5,0,0,0,0,0,0.2017824637,0.1337815487,0.1023036384,0.2035051821,0.1535260128,0.1099556068,0.1048907929,0.08862701954,0.2245465129,0.1391020605,0.2325272984,0.182104965,0.1735723079,0.1332974525,0.1759157792,0.1791783391,0.1836859592
424,0,0,0,0,0,0.2017923653,0.1338665368,0.1023566249,0.2034933097,0.1533605394,0.1099301009,0.1049864702,0.08865014824,0.2245270653,0.139204546,0.2323038,0.1821916084,0.173471868,0.1331708075,0.1758303311,0.1792109976,0.1836352757
424.5,0,0,0,0,0,0.2016938529,0.1338484186,0.1024142335,0.2034033191,0.1533038532,0.1097937122,0.1049733379,0.08870344364,0.2244911792,0.1391123639,0.2322856775,0.1822332597,0.1733460804,0.1332288216,0.1759066745,0.1791030829,0.183598727
425,0,0,0,0,0,0.2016244667,0.134007493,0.1023973027,0.2033554183,0.1533477158,0.1100056327,0.1047720761,0.08865391617,0.2243938102,0.1391138828,0.2322474486,0.182046901,0.1734442955,0.1331239395,0.1758740461,0.1791542082,0.1834984981
425.5,0,0,0,0,0,0.2016533594,0.1338447422,0.1024544987,0.2033839115,0.1533094187,0.1102464737,0.1046958908,0.08867583202,0.2243390221,0.1389984245,0.232341926,0.1820600512,0.1734624068,0.1330407316,0.1758930826,0.1789598036,0.1835606243
426,0,0,0,0,0,0.2017637976,0.1337433992,0.1024518083,0.2034542446,0.1531768778,0.1102261149,0.1047298503,0.08876100951,0.224401644,0.139273216,0.232321267,0.181911745,0.1737339273,0.1329460567,0.1759612508,0.178890537,0.1835178082
426.5,0,0,0,0,0,0.2018096063,0.1337114557,0.1024132394,0.2034350929,0.1530361538,0.1103096344,0.1047175493,0.08875230837,0.2244828476,0.1392806856,0.2325184853,0.1818190895,0.1736212062,0.1329653687,0.1760047424,0.1788803177,0.183451841
427,0,0,0,0,0,0.2017243741,0.1337487934,0.1021872245,0.2034192308,0.1530858086,0.1103329414,0.1047499736,0.08864529579,0.2246261189,0.1393386608,0.2327478691,0.1820168563,0.1736970249,0.133040827,0.1760686919,0.1790171159,0.1834419802
427.5,0,0,0,0,0,0.2017506131,0.1338593461,0.1022817278,0.2032646957,0.1533190507,0.1102672013,0.1047547428,0.08872683874,0.2245469211,0.1394291384,0.2327772248,0.1819894575,0.1737787496,0.1331460819,0.1761700975,0.1792242227,0.1833591304
428,0,0,0,0,0,0.20189693,0.133789802,0.1024061583,0.2033526006,0.153394593,0.1103326621,0.1047312378,0.08868316227,0.224325946,0.1393437053,0.2328008478,0.1819385231,0.1738931727,0.1330729465,0.1760055346,0.1793543614,0.1835111897
428.5,0,0,0,0,0,0.2018576878,0.1338131749,0.1025328931,0.2032732183,0.1534994509,0.1101036852,0.1046882079,0.08860830354,0.2242036251,0.1391500419,0.2328257157,0.1819410835,0.1739073089,0.1332427507,0.175726479,0.1793797511,0.1833833342
429,0,0,0,0,0,0.2018398362,0.1337974009,0.1025189856,0.2033421347,0.1534184534,0.1101787244,0.1046468988,0.08854594385,0.2241571679,0.1392000338,0.2328919667,0.1820508361,0.1736783842,0.1332969142,0.175845632,0.1791564441,0.1831114508
429.5,0,0,0,0,0,0.2016830569,0.1338870341,0.1024666306,0.2033375003,0.1536006394,0.1101317079,0.1047093092,0.08851660332,0.2242584915,0.1391735404,0.2328834678,0.1820549355,0.1737053354,0.1331014415,0.1757988008,0.1790246778,0.1832490416
430,0,0,0,0,0,0.2016936989,0.133731729,0.1024871374,0.2033110697,0.1536741787,0.1100700301,0.1048029874,0.08855205355,0.224280462,0.1391226282,0.2328650002,0.1820793766,0.1736939005,0.1329667867,0.1758491831,0.1791864894,0.1832816248
430.5,0,0,0,0,0,0.2018078549,0.1337112519,0.1023517467,0.2031514985,0.1535962177,0.1101033379,0.1048179242,0.08857432366,0.2242686599,0.139122264,0.2328628279,0.1819514108,0.1737097968,0.1328754699,0.1758145327,0.1790431633,0.1834128861
431,0,0,0,0,0,0.2017492354,0.1335861871,0.102498874,0.2032008394,0.1535301559,0.1103363294,0.1048041843,0.0885093188,0.2243241681,0.1391092492,0.2329041951,0.1819862737,0.1738882264,0.1328556814,0.1757017726,0.1790508219,0.183318781
431.5,0,0,0,0,0,0.201797337,0.1336362067,0.1024681826,0.2031619544,0.1533230884,0.1103074038,0.1047852751,0.08863303211,0.2242853115,0.1390636868,0.2327896619,0.1818218522,0.173962779,0.1329164311,0.1757342697,0.178919651,0.1833607298
432,0,0,0,0,0,0.2016887781,0.1336985556,0.102436311,0.2032282708,0.1533302755,0.1103222296,0.1048766601,0.08876252302,0.2243444749,0.1390297986,0.2328541069,0.1818089873,0.1739430249,0.1329457402,0.1758876376,0.1788833176,0.1830820726
432.5,0,0,0,0,0,0.2016493411,0.1336330158,0.1024727584,0.2033067495,0.1534392162,0.110075086,0.1049886794,0.0887745727,0.2242234063,0.1389776746,0.2328010577,0.1817834732,0.1738929064,0.1329872263,0.1758781075,0.1788254957,0.1832506617
433,0,0,0,0,0,0.2016859666,0.1334908954,0.1024841027,0.2032702764,0.1533697794,0.1101189206,0.1048500931,0.08880733251,0.2242311757,0.1390225952,0.2328451574,0.1819515059,0.1737942349,0.1329476082,0.1760363202,0.1788459096,0.1833663389
433.5,0,0,0,0,0,0.2015252548,0.1335717972,0.1023610118,0.2031417342,0.1535009388,0.1101892099,0.1047293773,0.08875155889,0.2242909365,0.1389111325,0.2328763724,0.1820810404,0.1737369419,0.1329783903,0.1758941262,0.1789892732,0.1833513416
434,0,0,0,0,0,0.2015771955,0.1337355676,0.1022328668,0.2031426076,0.1534387028,0.1101092223,0.1045286643,0.08873053688,0.2243110768,0.1389317814,0.2329108001,0.18213119,0.1738312506,0.1330923318,0.1758319771,0.1790030232,0.1835797374
434.5,0,0,0,0,0,0.2014839616,0.1339524938,0.1022989671,0.2032924378,0.1535292295,0.1100134361,0.1044521227,0.08872621234,0.2244156375,0.1389111682,0.2329858161,0.182007761,0.1736763534,0.1332439227,0.1758863322,0.178909555,0.1834918415
435,0,0,0,0,0,0.2015167309,0.1339584198,0.102258825,0.2033157612,0.1535270851,0.1100854679,0.1045213357,0.08854980883,0.2244356209,0.1388600885,0.2331309863,0.182036695,0.1736735379,0.1333991832,0.175781797,0.1791004451,0.1835240483
435.5,0,0,0,0,0,0.2016042894,0.1341719517,0.1020738657,0.2034565877,0.1533840996,0.1100274632,0.1045926789,0.08869111854,0.2243639376,0.1389318248,0.2332218752,0.1821529438,0.1736076775,0.1331061677,0.1758281971,0.1790399907,0.18338377
436,0,0,0,0,0,0.2016346961,0.134271972,0.1021698993,0.2035224733,0.1534628797,0.1100121426,0.1046282795,0.08879922456,0.2243995751,0.1390897898,0.2331245849,0.1822768629,0.1735328205,0.1329790321,0.1759157711,0.1789582531,0.1834283339
436.5,0,0,0,0,0,0.2015644322,0.1340719539,0.1019554849,0.2034526209,0.1535589852,0.1098940556,0.1046764174,0.088888121,0.2242859782,0.1389384446,0.233059404,0.1822391772,0.1733972251,0.1329266891,0.1757914061,0.179086509,0.183346902
437,0,0,0,0,0,0.2017652161,0.1339227848,0.1020499545,0.2035262876,0.1535850022,0.109999064,0.104717223,0.08892621719,0.2242641196,0.1389738587,0.2330080479,0.1823057419,0.1736772481,0.1330810454,0.1757938446,0.1791541628,0.1832810221
437.5,0,0,0,0,0,0.2017199536,0.1338726028,0.1021127051,0.2034591878,0.1535745332,0.1101852803,0.1046990489,0.08886949511,0.2242907901,0.1389952704,0.2332094912,0.1822263957,0.1737048313,0.1331940599,0.1758311426,0.1791923625,0.1831578793
438,0,0,0,0,0,0.2018109307,0.1338468697,0.1020327953,0.2034628896,0.1536629609,0.1101502508,0.1048162453,0.08884539762,0.2241365533,0.138975154,0.2331253017,0.1823157722,0.1738494309,0.1331040906,0.1756945034,0.1791166134,0.183195559
438.5,0,0,0,0,0,0.2019084401,0.1338426761,0.1020418592,0.2034584862,0.1534340064,0.1101255645,0.1047813625,0.0888766495,0.2242122407,0.1388736923,0.2330963965,0.1824454582,0.1736952759,0.1331393302,0.1756742176,0.1791680549,0.183189469
439,0,0,0,0,0,0.2018852368,0.1338152953,0.1020983181,0.203423161,0.1534043464,0.1101863653,0.1048903632,0.08898325408,0.2242983164,0.1390507167,0.2330520489,0.1823101562,0.1738517469,0.1330870178,0.1759664369,0.1791709675,0.1830756255
439.5,0,0,0,0,0,0.2019059818,0.1338239724,0.1021106172,0.2035104563,0.1534148458,0.1101162883,0.1047487908,0.08885637036,0.2242930837,0.1391484019,0.2330684641,0.1823321892,0.1737263767,0.1332316638,0.1760438768,0.1791071799,0.1832680526
440,0,0,0,0,0,0.2020201308,0.1336751525,0.1022942196,0.2035493221,0.1536175868,0.1101600714,0.1047401377,0.08889804819,0.2243973822,0.1392057273,0.2329397519,0.1824093638,0.1736598891,0.132939022,0.17591686,0.17889526,0.1832821001
440.5,0,0,0,0,0,0.2018882541,0.133662504,0.1021054607,0.203542057,0.1535229721,0.1102573629,0.104844179,0.08889085709,0.2244558222,0.1389947596,0.2329385594,0.1823018471,0.1735732032,0.1329513925,0.1757542,0.1790201113,0.1832033913
441,0,0,0,0,0,0.201830474,0.1337523255,0.1022423464,0.2036100627,0.1535253976,0.1103781295,0.1050561308,0.08882697601,0.2246497209,0.1389840284,0.232949556,0.1823263947,0.173512529,0.1328367246,0.1756203176,0.179139014,0.1832860474
441.5,0,0,0,0,0,0.201819575,0.133817544,0.102314417,0.2035968209,0.1535497756,0.1103284716,0.104952001,0.08887069108,0.2245931013,0.1387675802,0.2330089658,0.1824213122,0.1735314561,0.1327913269,0.1757113167,0.1790051848,0.1833338531
442,0,0,0,0,0,0.2018277995,0.1335706501,0.1024636577,0.2035644092,0.1534591457,0.1101335051,0.1049221787,0.08890531011,0.2246898901,0.1387827746,0.2328876876,0.1824590546,0.1734744137,0.1329274176,0.1757008688,0.1792287081,0.1832147973
442.5,0,0,0,0,0,0.2018241287,0.1335145386,0.102329196,0.203614459,0.1535016476,0.1100246344,0.1048981864,0.08885174505,0.2248101123,0.1388626429,0.2328373239,0.1825388622,0.1734659411,0.1327874149,0.1757297415,0.1792326304,0.1832870636
443,0,0,0,0,0,0.2019244776,0.1334368343,0.1022954989,0.2034293958,0.1533474859,0.1098927429,0.104814513,0.08887449577,0.2248043276,0.1387166064,0.232769434,0.1826861772,0.1734736932,0.1327750563,0.1756499301,0.1792079659,0.1833870981
443.5,0,0,0,0,0,0.2018629015,0.1334637604,0.1024855997,0.2034835803,0.1534538769,0.1100929704,0.1047225585,0.08882708223,0.2248263228,0.1386903601,0.2326744227,0.1826145354,0.1735199199,0.1327053682,0.1756869255,0.1791378563,0.1834356645
444,0,0,0,0,0,0.2019719066,0.1334782429,0.1023629755,0.203644691,0.1535052561,0.1099377875,0.1047615948,0.08888347352,0.2247866978,0.1385634944,0.2327092328,0.1824969561,0.1733736427,0.1327836684,0.175821398,0.1791708826,0.1835334699
444.5,0,0,0,0,0,0.2018061837,0.1334916705,0.1024518253,0.2035472862,0.1536537364,0.1098200777,0.1048454778,0.08881732265,0.2247770152,0.1385484722,0.23281426,0.1824205667,0.173336673,0.1326293149,0.1759371593,0.1791795911,0.1837012797
445,0,0,0,0,0,0.2017050831,0.1336478628,0.1022784503,0.2035655292,0.1535616181,0.109716915,0.104855219,0.08873235151,0.2245923765,0.1386191313,0.232718769,0.1824104463,0.1735077337,0.1327438663,0.1759138375,0.1792151606,0.1836705294
445.5,0,0,0,0,0,0.2016591153,0.13367055,0.1023847997,0.203547357,0.1536355908,0.1097470061,0.1048615138,0.08877413094,0.2246924278,0.1385496664,0.2326587865,0.1823471255,0.173628407,0.1329236858,0.176058521,0.1790859972,0.1837036779
446,0,0,0,0,0,0.2016838465,0.1336129545,0.1024651032,0.2035289718,0.1535480218,0.1097272749,0.1047808336,0.0887888421,0.2248062516,0.1387411233,0.2328111047,0.1822161407,0.173866847,0.1329443901,0.1761705513,0.1790138246,0.1835635867
446.5,0,0,0,0,0,0.2016128644,0.1337160277,0.1024170138,0.2035524365,0.1535579842,0.1097365195,0.1050583119,0.08881609399,0.2247671823,0.138786397,0.2328259888,0.1822635773,0.1740199261,0.1328282502,0.1760710841,0.1791500975,0.183483939
447,0,0,0,0,0,0.2016680752,0.1336333902,0.1023442774,0.203639529,0.1536311542,0.1099279038,0.1049713373,0.08880003827,0.224844227,0.1387644505,0.232863518,0.1822564236,0.1739891901,0.1328101809,0.1760544981,0.1791643978,0.1835311857
447.5,0,0,0,0,0,0.201608463,0.1338564338,0.1024755143,0.2036177396,0.1534120839,0.1098582883,0.1050429014,0.08891548937,0.2247921566,0.1387698672,0.2329397763,0.1822699669,0.1739846404,0.1329459712,0.1760615519,0.1791299894,0.1836288555
448,0,0,0,0,0,0.2016713624,0.1337865016,0.1024387499,0.203625972,0.1532772418,0.1097942433,0.1049406726,0.0891468793,0.2246702907,0.1386601507,0.2328748229,0.1822118784,0.1738742342,0.1329355733,0.1761156276,0.178985422,0.1835629689
448.5,0,0,0,0,0,0.2017435217,0.1337601345,0.1023586476,0.2035424371,0.1534331122,0.1099850788,0.104852266,0.08909965715,0.2246292382,0.1388248974,0.2328635149,0.1822392223,0.1737604067,0.1328749192,0.1761127803,0.1791291956,0.1838134971
449,0,0,0,0,0,0.2019392329,0.1339127623,0.102521522,0.2036028094,0.1533977778,0.1100489386,0.1049645717,0.08905312911,0.2245908596,0.1389005881,0.2328389858,0.1821002896,0.1738473338,0.1328178529,0.1760006306,0.179113751,0.1838347871
449.5,0,0,0,0,0,0.2019455177,0.133897841,0.1024393049,0.2035421276,0.1533509043,0.1100036306,0.1048431749,0.08897893018,0.22465268,0.1388783681,0.2328844489,0.1821792487,0.1737537627,0.1328338462,0.1759043849,0.1791428264,0.1839741952
450,0,0,0,0,0,0.2019514871,0.1338693697,0.1024064481,0.2033140022,0.1534095161,0.1099495141,0.1048245822,0.08888450476,0.2245181178,0.1389188764,0.233099517,0.1822364501,0.1737199256,0.1328443522,0.1758105533,0.1790943273,0.1839709113
450.5,0,0,0,0,0,0.2018106848,0.1337961674,0.1021774734,0.2034980711,0.1535027587,0.110027131,0.1047673462,0.08894804812,0.2244275254,0.138987961,0.2331439175,0.1821370797,0.1736505912,0.1327286665,0.1757371762,0.1791277183,0.1840361313
451,0,0,0,0,0,0.201892589,0.1336268829,0.1023377013,0.2037474087,0.1535094605,0.1098358815,0.1047672162,0.08875689043,0.2243781139,0.1389052177,0.2331143962,0.1821239013,0.1736791741,0.1328798521,0.175697816,0.1791288481,0.1840304652
451.5,0,0,0,0,0,0.201866575,0.1337104345,0.1022447747,0.2037127765,0.1536007979,0.1099321546,0.1047985858,0.08872081781,0.2243739684,0.1389702291,0.2330867133,0.1822703849,0.1736422658,0.1326923463,0.1755981605,0.1789452179,0.1840855071
452,0,0,0,0,0,0.2016398353,0.1337118798,0.1021633582,0.2036887033,0.153514279,0.1099003037,0.1048646225,0.08871126796,0.2243540902,0.1391046029,0.2331685338,0.1824679033,0.1735204418,0.1326653295,0.1754028976,0.179015826,0.1839990277
452.5,0,0,0,0,0,0.2017893152,0.1335440572,0.1022497414,0.2036896423,0.1537468575,0.109928243,0.1047914121,0.08877225541,0.224263472,0.1390877642,0.2331361385,0.1823546503,0.173317918,0.1328210136,0.1753572948,0.1790561695,0.1839484011
453,0,0,0,0,0,0.2016627218,0.1333796183,0.1022989766,0.2037195064,0.1537047325,0.1100163229,0.1049237056,0.08879280734,0.2243882522,0.1390063483,0.2330902982,0.1824461351,0.1733538403,0.1330066166,0.1755823706,0.1790658477,0.1841138349
453.5,0,0,0,0,0,0.2015795375,0.1333435671,0.1024310955,0.203849946,0.1538305402,0.110047181,0.1048130014,0.08884093046,0.2244320713,0.1389643073,0.233039969,0.1821995213,0.1734219404,0.1330064554,0.175795799,0.1789969046,0.1841116223
454,0,0,0,0,0,0.2015514827,0.1334329037,0.1025033802,0.203621206,0.1537554993,0.1099833601,0.1048469023,0.08897986446,0.2244307093,0.1390168474,0.2331701702,0.1822353154,0.1734731986,0.1329936502,0.1758848562,0.179085486,0.1840192997
454.5,0,0,0,0,0,0.2014940393,0.1333557905,0.1024713702,0.2034325308,0.1537145434,0.1099504194,0.1048048817,0.08892479136,0.2243693307,0.1388466738,0.2331772724,0.1823904334,0.1734046824,0.1330099148,0.1757496256,0.1790564681,0.1841316658
455,0,0,0,0,0,0.2017158375,0.1333083558,0.1023167431,0.2034984312,0.1536855276,0.1100272959,0.1047240066,0.0888650294,0.2242797513,0.1386356247,0.2331650898,0.1825145495,0.1732786663,0.132902148,0.175679737,0.1790386056,0.184166427
455.5,0,0,0,0,0,0.2017690657,0.1334888736,0.1022729126,0.2035562876,0.1537098683,0.1099773237,0.1047855233,0.08878305873,0.2242460882,0.1388706329,0.2329908262,0.1824994468,0.1733933273,0.132893732,0.1756193467,0.1791254751,0.1840996273
456,0,0,0,0,0,0.2017036147,0.1335668481,0.1023200646,0.203665027,0.1536338838,0.1100385601,0.1047259978,0.08881504599,0.22416905,0.1389617715,0.2329380654,0.1825406666,0.1733852685,0.133014882,0.1757341285,0.1793101536,0.1842768877
456.5,0,0,0,0,0,0.2015718799,0.1335484677,0.1024097465,0.2036687299,0.153594734,0.110112956,0.104760697,0.08885548726,0.2241436906,0.1387765784,0.2331239903,0.1824538895,0.1733904047,0.1330458079,0.1758241898,0.1793469594,0.1842096084
457,0,0,0,0,0,0.2016174886,0.1335539532,0.1025915493,0.2037249986,0.1533920477,0.1101200365,0.1046061302,0.08886135968,0.2242659358,0.138702197,0.2329994673,0.1825679848,0.1734712182,0.1331650867,0.1756541491,0.1793045672,0.1843472572
457.5,0,0,0,0,0,0.2016799236,0.1335426573,0.102534832,0.2036303848,0.1534870121,0.1099910554,0.1046507622,0.0887852626,0.2242845313,0.1387544354,0.2329740164,0.1825996631,0.1735728928,0.1331341588,0.1755598377,0.1791700905,0.1841682514
458,0,0,0,0,0,0.2016789546,0.1336525324,0.1025771978,0.2036348687,0.1533470934,0.109747599,0.1048453597,0.08886509209,0.2243078417,0.1386458233,0.2330139844,0.1825490925,0.173502026,0.133250763,0.1754565568,0.1790850227,0.1841448084
458.5,0,0,0,0,0,0.2016196393,0.1336162567,0.1025913289,0.2034771472,0.1532344873,0.1097608298,0.1049697563,0.0889459854,0.2243378908,0.1386721496,0.2329544965,0.1825428145,0.1736820416,0.1332115299,0.1753774493,0.1791650503,0.1841546151
459,0,0,0,0,0,0.2016834024,0.1336386938,0.1026166569,0.2033843406,0.1534167143,0.110035038,0.104862592,0.08882348194,0.2244361431,0.1387426453,0.2327900221,0.1825506918,0.1736568288,0.1331909907,0.1753346742,0.1790474423,0.1840504658
459.5,0,0,0,0,0,0.2016248557,0.1335880479,0.1026195777,0.203506291,0.1533071238,0.1101107728,0.1047369777,0.08889155115,0.2242911998,0.138731982,0.2328405025,0.1827244558,0.1738256156,0.133161321,0.1754777975,0.1792446206,0.1840238185
460,0,0,0,0,0,0.2018101663,0.1335378328,0.1027366844,0.2034135739,0.153432525,0.110233281,0.1047812003,0.08876046257,0.2242764014,0.1387855867,0.2328314392,0.1827068449,0.1737301256,0.1331444858,0.1756675169,0.1793872478,0.1841328494
460.5,0,0,0,0,0,0.2018202688,0.1336080435,0.1027425859,0.2033737965,0.1532002431,0.1103429628,0.1048226096,0.0887105113,0.2242051966,0.1389554111,0.232745421,0.1825856637,0.1736404297,0.1330491883,0.1756939485,0.1793389327,0.1841917169
461,0,0,0,0,0,0.2018646193,0.1335640549,0.1025387152,0.2033212413,0.1533533965,0.1101291866,0.1048180269,0.08863543445,0.2241755637,0.1391083088,0.2327683215,0.1826697228,0.1736279466,0.1331173588,0.1758542434,0.1792479054,0.1842680904
461.5,0,0,0,0,0,0.2019885683,0.1334013493,0.1023822127,0.2033427753,0.1531983621,0.1101749601,0.1046556671,0.08860337948,0.224110852,0.1391851017,0.2327216723,0.1826242297,0.1736499052,0.1330416772,0.1757467633,0.1791780375,0.1844106366
462,0,0,0,0,0,0.2019923503,0.1335283355,0.1023393656,0.2034023162,0.1531790019,0.1100605856,0.1046575468,0.08875463964,0.2241927176,0.1394222007,0.232755029,0.1825735235,0.1736377514,0.1330713541,0.1757492026,0.1792440552,0.184284086
462.5,0,0,0,0,0,0.2020277706,0.1336403959,0.1024337365,0.2032412546,0.1533325332,0.1101000462,0.104795971,0.08879658368,0.2241483468,0.1392542707,0.2327195649,0.1826114406,0.1739906798,0.1331615363,0.1756436221,0.1791394397,0.1844775282
463,0,0,0,0,0,0.201960495,0.1336432895,0.1025135132,0.2032560606,0.1534667282,0.110095082,0.1047584258,0.08876696267,0.2243334302,0.1392399388,0.2326115417,0.1826054516,0.1740483457,0.1332205598,0.1756473854,0.1791075085,0.1842963464
463.5,0,0,0,0,0,0.2020689933,0.1337632478,0.1025119852,0.2031898167,0.1535065392,0.1099637374,0.1047606449,0.08882663793,0.2244386681,0.1392739144,0.2325204312,0.1824505794,0.173870334,0.1331485914,0.1758908463,0.1793155886,0.1842978303
464,0,0,0,0,0,0.2021388818,0.1335089744,0.1027049291,0.2034492849,0.1534891061,0.1100396508,0.1047784363,0.08879796521,0.2242886761,0.1392763806,0.2327194889,0.1824259974,0.1736808564,0.1331665639,0.1759500119,0.179334936,0.184201225
464.5,0,0,0,0,0,0.2020620956,0.1336441302,0.1024411102,0.2033745219,0.1534299747,0.1099785011,0.1047764286,0.08882902126,0.2243257718,0.1391610739,0.2327782153,0.1823192568,0.1736917056,0.1331564069,0.1760099411,0.1792858096,0.1842056008
465,0,0,0,0,0,0.2020988923,0.1335780362,0.1023649023,0.2035378313,0.1534973333,0.1100279676,0.1047764793,0.08886030107,0.2243947399,0.1390507453,0.2328395595,0.1824284643,0.1735493387,0.1330933393,0.1761894235,0.1791568312,0.1841622673
465.5,0,0,0,0,0,0.2021286324,0.1335966266,0.1024760151,0.2036546362,0.153504158,0.1098040248,0.1048378664,0.08887657376,0.2242887171,0.1392072824,0.2326757171,0.1824633148,0.173630926,0.1331406239,0.175914649,0.1793838659,0.1843279541
466,0,0,0,0,0,0.2019339675,0.1335697219,0.102333249,0.2038373971,0.1537149478,0.1099024379,0.1048266953,0.08887384045,0.2242493314,0.1393228382,0.232642248,0.1824402164,0.1735026929,0.1331671556,0.175913197,0.1791704577,0.1841364535
466.5,0,0,0,0,0,0.2020778853,0.133527574,0.10245463,0.2037133976,0.1536680548,0.1098534375,0.1047809602,0.08869601171,0.2242722813,0.1393036112,0.2327545254,0.1824801172,0.1735666795,0.1330350258,0.1760123584,0.1791465118,0.1841227762
467,0,0,0,0,0,0.2020358411,0.1338255824,0.1024339558,0.2037176602,0.1536709458,0.1101759671,0.1048730717,0.08869571005,0.2241471894,0.1393515447,0.2327436184,0.1824777224,0.173511586,0.132721635,0.1758309645,0.1791595895,0.1840854178
467.5,0,0,0,0,0,0.2020479157,0.1337107037,0.1024573943,0.2036072451,0.1536199505,0.1104568683,0.1047799406,0.0887218919,0.2241685235,0.1393422823,0.2327538248,0.1824163413,0.1735543749,0.132853197,0.1756295232,0.1792079755,0.1838502219
468,0,0,0,0,0,0.2020313701,0.1337483026,0.1023692372,0.2035248797,0.1535404841,0.1103285185,0.1048089371,0.08868323203,0.2242521716,0.139332051,0.2327114309,0.1823360614,0.1736357673,0.1328808916,0.1757273699,0.1791819377,0.1838879504
468.5,0,0,0,0,0,0.2018392839,0.1337229368,0.1022987496,0.2035504589,0.1535212928,0.110417785,0.1047219508,0.0887852679,0.2242258225,0.1391475971,0.2325820554,0.1823867662,0.1737028761,0.1329936533,0.1758801971,0.1792829871,0.1839494063
469,0,0,0,0,0,0.2018336524,0.1337474865,0.1022403109,0.2036142706,0.1534802729,0.1104522054,0.1046852765,0.08871148135,0.2241805446,0.1391568739,0.2325754186,0.1823415742,0.1736605625,0.1329884839,0.1758666894,0.1792526871,0.1839189348
469.5,0,0,0,0,0,0.2015755068,0.1338268589,0.102163892,0.2034663926,0.1536145293,0.1104194587,0.1047411733,0.0887247997,0.2242881137,0.1389761973,0.2325280814,0.1823561558,0.1733976803,0.132998717,0.1757971667,0.1791038191,0.183794354
470,0,0,0,0,0,0.2015729857,0.1338062919,0.1021861813,0.203512911,0.1535193665,0.1102266827,0.1048942371,0.08855983161,0.2244047541,0.1387568581,0.2325816193,0.1822476827,0.1733376427,0.1331032595,0.1756589468,0.1792134416,0.1838668972
470.5,0,0,0,0,0,0.2016486585,0.1336775043,0.1022024546,0.2035819425,0.1534821098,0.11027476,0.1049034,0.08859597336,0.2244327266,0.1386502644,0.2326796164,0.1822789413,0.1732999093,0.1334781914,0.1756859096,0.179363434,0.1838641102
471,0,0,0,0,0,0.2018480146,0.1336843266,0.1022898285,0.2034734337,0.1533886038,0.1101324988,0.1048947033,0.08866243652,0.2245371949,0.1388363598,0.232659731,0.1822657047,0.17315086,0.1336309052,0.175985024,0.1795061461,0.1836660102
471.5,0,0,0,0,0,0.2017314343,0.133822197,0.1022912641,0.2035664259,0.1535894044,0.1102221038,0.1047603015,0.08858191526,0.2245128228,0.1389202374,0.2325593475,0.1822773808,0.1731598171,0.1334825114,0.1759854054,0.1792674776,0.1835667044
472,0,0,0,0,0,0.2016264452,0.1338250684,0.1024111389,0.203393151,0.1535759161,0.1103127652,0.1046090651,0.08863672039,0.2245390255,0.1389964162,0.2324524727,0.1824051223,0.1731043911,0.1333262643,0.1758713673,0.1792717195,0.1835893855
472.5,0,0,0,0,0,0.2017397701,0.1337721734,0.102506597,0.2033898055,0.1534348994,0.1104442059,0.1046197236,0.08867974962,0.2244919008,0.1389301807,0.232410165,0.1825435683,0.1731595053,0.1333597965,0.175983849,0.1793080181,0.183567364
473,0,0,0,0,0,0.2016601829,0.1337074145,0.1025242108,0.2034238577,0.1535039302,0.1101725117,0.1046942356,0.08873398982,0.2244791272,0.1389891396,0.2325469206,0.1823793245,0.1733041989,0.1330637093,0.175985489,0.1792006589,0.1835289752
473.5,0,0,0,0,0,0.2017238133,0.1334724603,0.1025739149,0.2034273639,0.1534613147,0.1103463421,0.104688618,0.08880977887,0.22460252,0.1389757735,0.2325377306,0.1823107755,0.1733067489,0.1328966612,0.1759804612,0.1791642772,0.1835711774
474,0,0,0,0,0,0.201838817,0.1336432275,0.1024794371,0.2034707324,0.153292153,0.1104503622,0.1046788137,0.08872141974,0.2245287181,0.1387784308,0.2324995992,0.1824796786,0.1732199307,0.1328093655,0.1759528451,0.1792682511,0.1835506728
474.5,0,0,0,0,0,0.2017852567,0.1336683228,0.1023848442,0.2033167624,0.1532204492,0.1106428521,0.104678031,0.08871200739,0.224516286,0.1387191308,0.2324197034,0.1824388598,0.1733518509,0.1327464362,0.175975355,0.1794084595,0.1835560274
475,0,0,0,0,0,0.2016735582,0.1334965705,0.1024399303,0.2034105079,0.1532887022,0.1105900978,0.1046198825,0.08877052533,0.224424035,0.1386008415,0.2324488949,0.182198895,0.1731058476,0.132856623,0.1761802048,0.1791981801,0.1834217397
475.5,0,0,0,0,0,0.2016414515,0.1336005068,0.1023308251,0.2032176535,0.1531683173,0.1103075954,0.1045880347,0.08859915483,0.2244345209,0.1386619459,0.232435621,0.1823781474,0.1731261356,0.1329885454,0.1760878645,0.1792724467,0.1835764985
476,0,0,0,0,0,0.201621871,0.1335410768,0.1023035225,0.2031503511,0.1532458814,0.1101140549,0.1046142606,0.0887446902,0.2244225932,0.1386477656,0.2324817777,0.182295506,0.1733022032,0.1329986159,0.1758812601,0.1793081226,0.1835439567
476.5,0,0,0,0,0,0.20166902,0.1336175136,0.1020719956,0.2031821164,0.1531784857,0.1100594854,0.1046644881,0.08881816902,0.2246039066,0.1386367967,0.232582969,0.1821999617,0.1735170294,0.1328853236,0.1757850694,0.1793409388,0.1835978654
477,0,0,0,0,0,0.201647115,0.1334843937,0.1022435797,0.2032669243,0.1531025372,0.110043763,0.1047278876,0.0888091523,0.224557823,0.1385719553,0.2324281447,0.1822193185,0.173683188,0.132908427,0.1758968766,0.1793194208,0.1835684753
477.5,0,0,0,0,0,0.2016842434,0.1333173668,0.1024618027,0.2034081763,0.1531672313,0.1099588024,0.1047922255,0.08884929711,0.2244728854,0.1386475356,0.2323995359,0.1822492588,0.1734741436,0.1331700976,0.1759055517,0.1791974814,0.1834485586
478,0,0,0,0,0,0.2016663811,0.1334114024,0.102474009,0.2034471037,0.1532539668,0.1101187041,0.1047639721,0.0888170442,0.2244057417,0.1387644631,0.2325128235,0.1822289691,0.1733197786,0.1329934307,0.1757875473,0.1792670168,0.1833814873
478.5,0,0,0,0,0,0.2016837883,0.1334753605,0.1026600304,0.203560888,0.1532573825,0.1100063137,0.1046239815,0.08889370962,0.2244169158,0.1386222593,0.2324569995,0.1821352967,0.1735330209,0.1332003637,0.1755185339,0.1790914659,0.1833045723
479,0,0,0,0,0,0.2017732088,0.1335190782,0.1026793251,0.2035689691,0.1533028022,0.1102656339,0.1046407465,0.0888593405,0.224257211,0.1386814408,0.2323344398,0.1821293399,0.1736995842,0.133164689,0.1754750872,0.1791298647,0.1832994862
479.5,0,0,0,0,0,0.2018400459,0.1335261084,0.1026834084,0.2035533321,0.1533003219,0.1103382803,0.1047856541,0.08894762194,0.2242023991,0.1387544542,0.2323143569,0.1820889107,0.1736184708,0.1333607258,0.1755762973,0.179351519,0.1829386303
480,0,0,0,0,0,0.201929783,0.1333928879,0.1025728416,0.2033566922,0.1535657544,0.1101682366,0.1048137841,0.08903702113,0.2241930733,0.1386915605,0.2324583919,0.1821640022,0.1735076442,0.133435736,0.1756368267,0.1794892614,0.1829432999
480.5,0,0,0,0,0,0.2019019512,0.1337141012,0.1024375407,0.2033254881,0.1534704382,0.1100747052,0.1048645463,0.08896509257,0.2241970772,0.1386178854,0.2325038981,0.1822269866,0.1734757011,0.1334525645,0.1755575708,0.1794604218,0.1828613103
481,0,0,0,0,0,0.2018130807,0.1337134841,0.1023021242,0.2034702354,0.1533567472,0.1102193925,0.1048509975,0.08890096751,0.2242531921,0.1387422534,0.232476099,0.1822812175,0.1733991598,0.133544367,0.1755942843,0.1794728651,0.1828434986
481.5,0,0,0,0,0,0.2016769945,0.1337146856,0.1021618018,0.2035037617,0.1533758896,0.110218712,0.1048969226,0.08877943389,0.2243001119,0.1386112177,0.232507958,0.1823841806,0.1733588342,0.1332748755,0.1754496667,0.1796077734,0.1829079617
482,0,0,0,0,0,0.2017234074,0.133822245,0.1021998413,0.2035104312,0.1534308188,0.1101768845,0.1049093614,0.08878191438,0.2242365923,0.138640666,0.2326549212,0.1822034526,0.1735249373,0.1330218414,0.1755781421,0.1798027727,0.1828018703
482.5,0,0,0,0,0,0.2018396487,0.1336919738,0.1022633791,0.2036681562,0.1535313799,0.1101230666,0.1048792692,0.08863524821,0.2241812095,0.1387638535,0.2327481803,0.18212345,0.1737891433,0.1329639787,0.1755590865,0.1799028383,0.1828151437
483,0,0,0,0,0,0.2016769458,0.1336256193,0.1023344582,0.2035517425,0.1533517549,0.1101450956,0.1049229021,0.08876326575,0.2241200504,0.1388248744,0.2327447371,0.1821547263,0.173868121,0.1329235588,0.1754215359,0.1797943856,0.1827572652
483.5,0,0,0,0,0,0.2016910364,0.1336083397,0.1023907782,0.2037181723,0.1532682998,0.1099872649,0.1049161069,0.08867007307,0.224208596,0.1388712981,0.2324840123,0.1823177004,0.1738176241,0.1330492016,0.1754064779,0.1796723307,0.1827946747
484,0,0,0,0,0,0.2016421643,0.1335640237,0.1022647308,0.2038066555,0.1531811989,0.109849367,0.1048209852,0.08874400763,0.224467992,0.1389069223,0.2323582323,0.1823840166,0.1737439466,0.1333600216,0.1753739444,0.1796835397,0.1827611614
484.5,0,0,0,0,0,0.2014385469,0.1337635886,0.1023569876,0.2037818628,0.1531827543,0.1097819402,0.1048347344,0.0886755835,0.2244207986,0.1389944559,0.2323870658,0.182416145,0.1737022116,0.1333783563,0.1754510706,0.1795938306,0.1828506654
485,0,0,0,0,0,0.2016982132,0.1335807566,0.102467714,0.203723731,0.1531697478,0.1099370545,0.1048301237,0.08879884289,0.2244707286,0.1388814022,0.2324664099,0.1822594034,0.1738532892,0.1333564684,0.1755911501,0.1796214903,0.1829032715
485.5,0,0,0,0,0,0.2017934,0.1335902146,0.1023898698,0.2036977325,0.1533302348,0.1101701693,0.1048721352,0.0887199661,0.2243330657,0.13895248,0.232502971,0.1824579864,0.1738702199,0.1333611604,0.1753874857,0.1796061363,0.182946765
486,0,0,0,0,0,0.2018205109,0.1336657609,0.1023450251,0.2036758863,0.1533253399,0.1103152394,0.1047381628,0.08881952589,0.224212131,0.1387751962,0.2324071487,0.1824630342,0.1738743814,0.1333075848,0.1752724431,0.1795291437,0.1828581208
486.5,0,0,0,0,0,0.2018543324,0.1337001722,0.102289898,0.2036043354,0.1534396256,0.1101608469,0.1047535648,0.08865118916,0.224332385,0.1387457588,0.2324304231,0.1823734058,0.1738352567,0.1333083217,0.175574938,0.1794492336,0.1828302567
487,0,0,0,0,0,0.2018554877,0.1338290647,0.1023364959,0.2033813668,0.1533973655,0.1100677121,0.1047864322,0.08863751795,0.224410021,0.1388738904,0.2324448723,0.18240915,0.1737586793,0.1333663095,0.1758399443,0.1793408703,0.1829392065
487.5,0,0,0,0,0,0.2017819117,0.1337405693,0.1023053377,0.2032843575,0.153543728,0.1099431025,0.1048742395,0.08869740238,0.2243382156,0.1388416667,0.2324697179,0.1823176493,0.1738267957,0.1333500941,0.1758686263,0.1792941279,0.1830151386
488,0,0,0,0,0,0.2015882226,0.1336576213,0.1024595115,0.2033848709,0.153661076,0.1100634017,0.1048649511,0.08863649655,0.2242697587,0.1388440282,0.2324868497,0.1822851667,0.1736242974,0.1333280652,0.175791054,0.1793554836,0.1831047192
488.5,0,0,0,0,0,0.2014557166,0.1337986468,0.1024067562,0.2034903747,0.153499762,0.1099358741,0.104881813,0.08862307372,0.2243542678,0.1388018064,0.2325318577,0.1822546221,0.1735113869,0.1333990013,0.1755360556,0.1795103725,0.1831747346
489,0,0,0,0,0,0.2015538781,0.1337513354,0.1024115513,0.2035118743,0.1535305106,0.1101075148,0.105040463,0.08879994489,0.2245759523,0.139021723,0.2324159183,0.182172377,0.1735616116,0.1332192007,0.1755003443,0.1795032371,0.1831131911
489.5,0,0,0,0,0,0.2015877582,0.1337335163,0.1025264656,0.2034002009,0.153492209,0.1100138252,0.1049054077,0.08866574681,0.2244466924,0.1390251813,0.2323384149,0.1822902777,0.17347613,0.1329372036,0.1755113676,0.1793376684,0.1832529527
490,0,0,0,0,0,0.2016342202,0.1336691001,0.1023018149,0.2033751688,0.1535472656,0.1102093116,0.104784967,0.08873243398,0.2243702527,0.138984538,0.2323755178,0.1824269198,0.1734387641,0.1330698452,0.175615543,0.1792790756,0.1831486515
490.5,0,0,0,0,0,0.2016450456,0.1335901013,0.1024304033,0.2032468635,0.1534454677,0.1101597476,0.1047243721,0.08863735808,0.2242291968,0.139141042,0.2324010746,0.1823134986,0.1734478554,0.1331075745,0.1756077687,0.1791787339,0.1831397852
491,0,0,0,0,0,0.201735212,0.1336666479,0.1024484022,0.2032427749,0.1534170478,0.1101250075,0.1047292179,0.08867875961,0.2241382903,0.1391054898,0.2325308759,0.1824395031,0.1734574697,0.1331042017,0.1754644048,0.1792761004,0.1833307583
491.5,0,0,0,0,0,0.2016760454,0.1335362537,0.1022552815,0.2033515257,0.1532909684,0.1102434911,0.10469972,0.08886942889,0.2240166897,0.1391635978,0.2325922307,0.1823085158,0.17352729,0.1330204417,0.1754301113,0.1793614083,0.1831925428
492,0,0,0,0,0,0.2015569678,0.1334622346,0.1023308926,0.2035373214,0.1532600724,0.1101065772,0.104692303,0.08891698832,0.2239890031,0.1391440063,0.2326698628,0.1823525087,0.173545866,0.1329470488,0.1754648151,0.1793035539,0.1831454559
492.5,0,0,0,0,0,0.2016390995,0.1332614872,0.1025082561,0.203499608,0.1534691605,0.1099789175,0.1048297799,0.0888936661,0.2239101429,0.1390893379,0.2326499752,0.1823512702,0.1736418146,0.1328778117,0.1756062286,0.1792343075,0.1830759673
493,0,0,0,0,0,0.201605299,0.133422176,0.1026221044,0.2035117008,0.1534005858,0.1101202471,0.104745073,0.08895142934,0.2239506507,0.1390177805,0.2324488109,0.1823664941,0.1736464226,0.1329701893,0.175577336,0.1790882294,0.1830006895
493.5,0,0,0,0,0,0.2015238061,0.1335435931,0.1025697926,0.2037176098,0.1533431696,0.110151481,0.1047117061,0.08890431367,0.2238615684,0.1390635851,0.2324643218,0.1823264526,0.1735626682,0.1330172937,0.1755299799,0.1792114293,0.1830019766
494,0,0,0,0,0,0.2016725043,0.1335397734,0.1026223391,0.2037067099,0.1533674606,0.1101829199,0.1046561642,0.0887576521,0.2238889015,0.1390484201,0.232616967,0.1822456468,0.1736080579,0.1331258201,0.1753905908,0.179253673,0.1828982074
494.5,0,0,0,0,0,0.2016609203,0.1336061637,0.1024721556,0.2035852384,0.1533481054,0.1102902207,0.1047541743,0.08882409079,0.2239934908,0.1389990811,0.2326831049,0.1823559523,0.1736144262,0.1332235212,0.1753816334,0.1793717382,0.1830045728
495,0,0,0,0,0,0.2017171901,0.1336237502,0.1024749963,0.2035556002,0.1534211958,0.1103147128,0.1048977056,0.08879781567,0.2240608337,0.1391706117,0.2326261119,0.182542079,0.1735998595,0.1332422727,0.1754131005,0.1793499517,0.1828760024
495.5,0,0,0,0,0,0.201802574,0.1335783415,0.102434546,0.2035908178,0.1535209071,0.1101323007,0.1048972415,0.08867833841,0.2241033397,0.1390891677,0.2325989639,0.1823594528,0.1735393376,0.133313021,0.175372801,0.1794435357,0.1828545018
496,0,0,0,0,0,0.2015653829,0.1336370166,0.1024371152,0.2036297327,0.1534981227,0.1102589762,0.1050595647,0.0888491312,0.2241276489,0.138916176,0.2323905314,0.1824125716,0.1736239729,0.1332100875,0.1756709271,0.1794318289,0.182784004
496.5,0,0,0,0,0,0.2016048885,0.1336939435,0.102536067,0.2035743316,0.1534404119,0.1103566845,0.1049913477,0.08893032387,0.22411321,0.1390196429,0.2323378416,0.1824729794,0.1737363704,0.1330459813,0.1759319418,0.1792864963,0.182930083
497,0,0,0,0,0,0.2014468682,0.1337563452,0.1025403844,0.2035521428,0.1533560736,0.1103006392,0.1049987274,0.0888713682,0.2241874516,0.1388101371,0.2324562797,0.1825368836,0.1735837032,0.1330039897,0.1758985066,0.1791028294,0.1830138014
497.5,0,0,0,0,0,0.2013649557,0.1336760371,0.1025736924,0.2036859693,0.1533816334,0.1103096106,0.1048994056,0.08893821621,0.2242464722,0.1388713444,0.2324943106,0.1825522611,0.1737205795,0.1329069142,0.1757581355,0.1790317865,0.1831141313
498,0,0,0,0,0,0.2014135935,0.133771881,0.1023882314,0.2035875652,0.1534776208,0.1103143599,0.104823827,0.08884880609,0.2241516579,0.1390816256,0.2326858907,0.1824056346,0.17382496,0.1328907557,0.1758876827,0.1792270623,0.1831593108
498.5,0,0,0,0,0,0.2014638739,0.1337427641,0.1023151195,0.2035273025,0.1533975238,0.110164528,0.1048855347,0.08875567919,0.2242369521,0.139121544,0.2326192186,0.1823827457,0.1736894215,0.1329723679,0.1758367055,0.1792774148,0.183218779
499,0,0,0,0,0,0.2014983132,0.1337077919,0.1022004405,0.2034290964,0.153429978,0.1102895326,0.1046524053,0.08866820426,0.2243116745,0.1390295621,0.2324768686,0.1823452116,0.1735172868,0.1329740926,0.1757156704,0.1793477432,0.1831234158
499.5,0,0,0,0,0,0.2015479433,0.13369007,0.1022846243,0.2034829799,0.153474946,0.1103909641,0.1045091833,0.08865446211,0.224357175,0.1389090739,0.23246841,0.1824818417,0.1737433257,0.1330583214,0.1755400066,0.1793876828,0.1833294984
500,0,0,0,0,0,0.2014727584,0.1335725321,0.1022631815,0.203387517,0.1533150138,0.1103852609,0.104662694,0.0885605219,0.2243590069,0.138844427,0.2324566167,0.1825160293,0.1735431365,0.1329969579,0.1759656399,0.1794156581,0.1831156343
