time,TNFR,IL1R,CD40,LTB,BAFFR,TRAF2_5,TRAF6,TRAF2_3,Btx,TAK1_TAB,NEMO_IKKa_IKKb,IkBa_release_signal,p50_p65,TNFa,p100,Phenotype_canonical,NIK,IKKa_noncanonical,p100_RelB,p52,BAFF,Phenotype_noncanonical
0,0,0,0,0,0,0,0,0,0,0,0,0,0,0,0,0,0,0,0,0,0,0
0.5,0,0,0,0,0,0.05638592153,0.04321768902,0.03232186493,0.01491023671,0.0149747638,0.002888461086,0.0002689675453,1.905166843e-05,1.124703557e-06,8.844582511e-07,1.125534728e-06,0.01584247961,0.001571460779,0.000155236657,8.834130421e-06,1.104613896e-05,5.927644907e-07
1,0,0,0,0,0,0.09282622447,0.06802718344,0.04877117562,0.04195362626,0.0395479268,0.01495447277,0.002921624467,0.0004306220542,5.415559932e-05,4.229526705e-05,5.447862483e-05,0.04530167959,0.008828758677,0.001805717477,0.0002096214177,0.0002695117075,2.928288713e-05
1.5,0,0,0,0,0,0.1168132903,0.083769297,0.05765330697,0.06857662646,0.06126927572,0.03265598663,0.009796734672,0.002235797206,0.0004495043438,0.0003502042928,0.0004546120864,0.07518549734,0.02099378649,0.006550172424,0.001157869392,0.001537115932,0.0002531249165
2,0,0,0,0,0,0.1327069767,0.09507609861,0.06289452083,0.09107146281,0.0777502199,0.05095973486,0.02051050402,0.006333486272,0.001814900022,0.001400972624,0.001836988441,0.1012629423,0.03548357393,0.01470038113,0.003521209922,0.004791706948,0.00106084248
2.5,0,0,0,0,0,0.1435719502,0.1038137906,0.06693302152,0.1090778049,0.08970011381,0.06703012553,0.03338500058,0.01295924385,0.004896727995,0.003795369405,0.00498578268,0.1227624221,0.05025121085,0.0255478191,0.007694965272,0.01073558348,0.002999383494
3,0,0,0,0,0,0.1512543932,0.1109507483,0.07013622083,0.1227490146,0.09850472247,0.08012921121,0.04669399037,0.02154212021,0.01027609297,0.007928651014,0.01051187012,0.1399639398,0.06386789274,0.03806344138,0.0137607428,0.01964925695,0.006591107684
3.5,0,0,0,0,0,0.1566822439,0.1168945613,0.0726786471,0.1333983048,0.1053320683,0.09029960033,0.05928926183,0.03129968601,0.01816210715,0.013952729,0.01869845805,0.1534685696,0.076143308,0.05120334651,0.0214466746,0.03130759699,0.01225925468
4,0,0,0,0,0,0.1606737241,0.1216389976,0.07439161417,0.1412692165,0.1107528507,0.09764838115,0.07060109012,0.0413760612,0.02839700117,0.02167512629,0.02940563038,0.1641540861,0.08669176788,0.06402033802,0.03031921306,0.0451857288,0.02008506039
4.5,0,0,0,0,0,0.1634002177,0.1252105686,0.07597406877,0.1475907857,0.1152563403,0.103217215,0.08045666606,0.05101543709,0.04048725861,0.03061259953,0.04219972919,0.1726641628,0.09543586849,0.07602616349,0.04001214833,0.06063740351,0.0300562454
5,0,0,0,0,0,0.1654441691,0.1282903073,0.07711145964,0.1525602183,0.1187518951,0.1072168735,0.08860224918,0.06009693452,0.05395466453,0.04045761191,0.05636335847,0.1792458129,0.102815929,0.08672060174,0.0500334809,0.07704236297,0.04195931211
5.5,0,0,0,0,0,0.1669352907,0.1305447849,0.07799472722,0.1562161751,0.1217003516,0.1102502551,0.09537017785,0.06800724789,0.0684418953,0.05054111484,0.0716720396,0.1844127021,0.1088023089,0.09603473174,0.05987087913,0.09369537033,0.05526421349
6,0,0,0,0,0,0.1680785799,0.1324201867,0.07839435099,0.1591066382,0.1242594812,0.1126747753,0.1006996253,0.07495643165,0.08305084752,0.06046238063,0.08726271981,0.1884757901,0.1138569783,0.1044844493,0.06938953411,0.1099718607,0.06966580711
6.5,0,0,0,0,0,0.1688638962,0.1338228943,0.07881491429,0.1613827088,0.126363059,0.1145027526,0.1051267654,0.0807441034,0.09779196354,0.07017131219,0.1028538077,0.1916294499,0.1180299611,0.1114839847,0.07843987925,0.1258843904,0.0847804932
7,0,0,0,0,0,0.1693127017,0.1349731039,0.07923425634,0.1632979811,0.1280486291,0.1157140898,0.1086079019,0.08550877876,0.1121516224,0.07919304702,0.1179364626,0.1943430493,0.1217039902,0.1173321989,0.08697762627,0.1408882086,0.1002261083
7.5,0,0,0,0,0,0.1698710272,0.1360032212,0.07954012031,0.1649077188,0.129793643,0.1166365423,0.111534336,0.08942937521,0.125993597,0.08756549415,0.1325201945,0.19641228,0.1250225884,0.1224027427,0.0949088795,0.1547046828,0.1158849868
8,0,0,0,0,0,0.1700913833,0.1367303438,0.07963859364,0.1660111084,0.131184561,0.1173348491,0.1138532083,0.09267956347,0.1389662137,0.09512086862,0.1465478526,0.1982277531,0.1277526314,0.1264506071,0.1021015042,0.1674751654,0.1309451522
8.5,0,0,0,0,0,0.1705046857,0.137244741,0.0798603542,0.1668888453,0.1322180941,0.1177360932,0.1152827426,0.09519258518,0.1506600178,0.1017362678,0.1593759091,0.1995516376,0.1302908161,0.1297518128,0.1085412493,0.1791108302,0.145479876
9,0,0,0,0,0,0.1707800191,0.1373626722,0.0797769983,0.1676239109,0.1330329034,0.1181771763,0.1167097115,0.09718645907,0.1618359772,0.1075717974,0.1715414482,0.2004695653,0.1325601054,0.1323695242,0.1145304254,0.1893427667,0.1592737703
9.5,0,0,0,0,0,0.1708361857,0.1375727915,0.07988086776,0.1682687952,0.1339350112,0.1186622076,0.1177672291,0.09884506229,0.1721488151,0.1130018973,0.1825994546,0.2013100263,0.1343539622,0.1343822836,0.1200268165,0.198555976,0.1722754157
10,0,0,0,0,0,0.1710147404,0.1377448717,0.08019162153,0.1689271804,0.1344202671,0.1188499201,0.1184933859,0.09989386015,0.1813433109,0.1173363249,0.1928327962,0.202196012,0.1358603749,0.1361625206,0.1250458363,0.2064983154,0.1844581796
10.5,0,0,0,0,0,0.1711610232,0.1380027476,0.08017322453,0.1695864496,0.1347949175,0.1190401744,0.1192873489,0.1008326709,0.1897944314,0.1215806736,0.2020675554,0.2027928135,0.1372405715,0.1376230293,0.1295935851,0.2134024965,0.1955181699
11,0,0,0,0,0,0.1712831052,0.1380651155,0.08037832843,0.1700914318,0.1352905508,0.1190498854,0.1197792502,0.1015318078,0.1976687022,0.1251377571,0.2103517146,0.203309889,0.1386206311,0.1386507373,0.1335084718,0.2192363157,0.2057414784
11.5,0,0,0,0,0,0.1713434944,0.1383422447,0.08034953478,0.1703998063,0.135669136,0.119125641,0.1202473462,0.1021497402,0.2047575779,0.1282968876,0.2181180407,0.2036148742,0.1398205483,0.1397231585,0.1370688632,0.2239338354,0.2152714378
12,0,0,0,0,0,0.1712575517,0.1386094335,0.0802685201,0.1705258126,0.1358325483,0.1189732496,0.1205360626,0.1024847453,0.2110663971,0.1312574304,0.2248427076,0.2040683651,0.1409411846,0.1405261952,0.1403099243,0.2278459369,0.223657315
12.5,0,0,0,0,0,0.1713121728,0.138548237,0.0804186067,0.1709370757,0.1360731508,0.1189422573,0.1206315885,0.1024757119,0.2168956513,0.1335924009,0.2310766688,0.2043712697,0.1418351996,0.1409424191,0.1432506135,0.2309451079,0.2312592053
13,0,0,0,0,0,0.1713767098,0.1387363239,0.08041817282,0.17118031,0.1362839606,0.1188482888,0.1207948416,0.1024937974,0.2220911171,0.1357324341,0.2364132554,0.2043586195,0.1428108734,0.1417906773,0.1457603613,0.2336622411,0.2380727871
13.5,0,0,0,0,0,0.1714913955,0.138683037,0.08031626658,0.1712225993,0.1364254289,0.1188805769,0.1209068991,0.1025553229,0.2267599869,0.1375458933,0.2413901479,0.2047440338,0.1436941518,0.1420989441,0.148013952,0.2355518231,0.2442514389
14,0,0,0,0,0,0.1715985144,0.1387661405,0.0805111623,0.1712994878,0.1367096655,0.1186800187,0.1209390278,0.10249674,0.2306924226,0.1392120348,0.2457804045,0.2048096865,0.1445132591,0.1422942816,0.1501443215,0.2370673515,0.2494424665
14.5,0,0,0,0,0,0.1714170761,0.1389029898,0.08037635925,0.1716232838,0.1370014774,0.1186766175,0.120905061,0.102509074,0.234163303,0.1404839989,0.2495916263,0.2049502523,0.1456188303,0.14235354,0.1520959966,0.2379675625,0.2540709425
15,0,0,0,0,0,0.1714478191,0.1388130678,0.08037818479,0.1719073906,0.137155493,0.1186277093,0.1210145395,0.1025713378,0.2373796106,0.1417197104,0.2530666816,0.2050235767,0.1464505197,0.1423659075,0.1537763233,0.2383753882,0.2582729307
15.5,0,0,0,0,0,0.1715208818,0.1387260431,0.08052866897,0.1719710256,0.1370984609,0.1186421418,0.1209754084,0.1026733633,0.2401233202,0.142844626,0.2558969793,0.205100297,0.1468651034,0.1425216768,0.1553776751,0.2385240445,0.2619305109
16,0,0,0,0,0,0.1715255694,0.1389068413,0.08053396288,0.1720034086,0.1371767057,0.1187393887,0.1209529926,0.1026523159,0.2425852692,0.1438605029,0.2584067464,0.2052536548,0.1473090202,0.1427477622,0.1570027222,0.2384902297,0.265091562
16.5,0,0,0,0,0,0.1715595206,0.1387611192,0.08046123137,0.1720635334,0.137104051,0.1186009582,0.1210864286,0.1024957072,0.2445333162,0.1448219729,0.2606509624,0.2052249502,0.1477317546,0.1427571349,0.1581925389,0.2382253771,0.2678504181
17,0,0,0,0,0,0.171547893,0.1386530854,0.08046292938,0.1720439169,0.1370675715,0.1187094693,0.1209505649,0.1024657582,0.2465271309,0.1456415406,0.2625751666,0.205382552,0.1483700219,0.1427197768,0.1590977486,0.2376643392,0.2701117561
17.5,0,0,0,0,0,0.1715739362,0.1384790055,0.08058845111,0.1721511237,0.1371593112,0.1186404971,0.1210154014,0.1025093461,0.2482852749,0.1463321381,0.2642773709,0.2054636519,0.1489066155,0.1430759773,0.1600533645,0.2370324187,0.272086849
18,0,0,0,0,0,0.171735476,0.1386287539,0.08054992826,0.1721664201,0.137265947,0.1186065848,0.121103496,0.1023776365,0.2498378826,0.1467956864,0.2656926518,0.2055233212,0.1493363941,0.1429247782,0.1610101361,0.2359910873,0.2736941382
18.5,0,0,0,0,0,0.1718036346,0.1386257935,0.08050021791,0.172291896,0.1373904725,0.1188670456,0.121300668,0.1023004973,0.2510207892,0.147166176,0.2669931804,0.2053103947,0.1496074789,0.1427893761,0.1620364955,0.235062182,0.2751443582
19,0,0,0,0,0,0.1717718996,0.1386082564,0.08057972007,0.1723009605,0.1373764751,0.1190894274,0.1212339115,0.1023017109,0.2521009142,0.1479319779,0.2680358225,0.2053158084,0.1500537404,0.1426745264,0.1625899964,0.2341706286,0.276288688
19.5,0,0,0,0,0,0.1718246998,0.1388014771,0.08059243717,0.1723710685,0.1372810274,0.119017784,0.1212247745,0.1023668188,0.2530585636,0.1485413513,0.2688535244,0.2051732434,0.1502723727,0.1425904286,0.1631235592,0.2330867197,0.2770427878
20,0,0,0,0,0,0.1717722139,0.138928968,0.08044942213,0.1723594565,0.1372963527,0.1189110821,0.121193143,0.1024246112,0.25380045,0.1489189475,0.2696544266,0.2051147584,0.15054301,0.14242834,0.1636021346,0.2319269958,0.2776062045
20.5,0,0,0,0,0,0.1718374963,0.1390079468,0.08074995137,0.1725636453,0.1371725796,0.1188210075,0.1211745004,0.1022910459,0.2546284623,0.1492246781,0.2702795901,0.2052317617,0.1506684467,0.1423668984,0.1638444429,0.2308428131,0.2780492943
21,0,0,0,0,0,0.171732237,0.1388508001,0.08074478466,0.1726002065,0.1370795608,0.1190050293,0.121132902,0.1020755125,0.2552171285,0.149789905,0.2707811895,0.2050956498,0.150966241,0.1424721534,0.1641383976,0.2296903624,0.278247213
21.5,0,0,0,0,0,0.171687931,0.1388993403,0.08066297709,0.1724978991,0.1372693463,0.118881225,0.1210715366,0.1020503024,0.2556393578,0.1499201097,0.2710453983,0.2049637441,0.1511920083,0.1424764609,0.1643441172,0.2283162294,0.2784930453
22,0,0,0,0,0,0.1716817227,0.1390426163,0.08076020902,0.172546903,0.1373574511,0.1188017983,0.1210968175,0.1021474134,0.2559547881,0.1503766948,0.2712271727,0.2050087587,0.1511523962,0.1423541906,0.1647943072,0.2269969235,0.2783587717
22.5,0,0,0,0,0,0.1716231686,0.1388551005,0.08075295654,0.172571731,0.1374524987,0.1187481681,0.1210431427,0.1020286125,0.2561552155,0.1507627426,0.2713328048,0.205034173,0.1514768462,0.1424051567,0.1651581123,0.2257722282,0.2782144726
23,0,0,0,0,0,0.1715368563,0.1390046317,0.08057569297,0.1726568295,0.1375809299,0.1185174889,0.1210499033,0.1020473561,0.2562292477,0.1511478531,0.2714007015,0.2050911631,0.1517337305,0.142436532,0.1655705885,0.2245142731,0.2779208049
23.5,0,0,0,0,0,0.171596861,0.1390887874,0.08032728712,0.1726859011,0.1376334369,0.1184979541,0.121104219,0.1021860498,0.2565114705,0.1514055283,0.2712247517,0.2050786463,0.1519579838,0.1424421113,0.1656526132,0.2232573683,0.2773974184
24,0,0,0,0,0,0.1716776774,0.1391735966,0.08031077036,0.1727527511,0.1375076634,0.1186121028,0.121159411,0.1021846089,0.256565549,0.1513466949,0.2711088668,0.2051190207,0.1521860514,0.1423661644,0.1659820954,0.2221199942,0.2770086555
24.5,0,0,0,0,0,0.1716382834,0.1391615109,0.08047512247,0.1727552267,0.1375397158,0.1184958209,0.1211967277,0.1019872193,0.2567053143,0.151459083,0.2709548751,0.2052203039,0.1522610557,0.1422001953,0.1661446299,0.2210537418,0.2764170915
25,0,0,0,0,0,0.1716582562,0.1389832933,0.08060435914,0.1727006939,0.1375892017,0.1185943805,0.1211247653,0.1018931904,0.2567113951,0.1517065713,0.2706907355,0.2052124969,0.1524688386,0.142003739,0.166298526,0.2196940445,0.2759029355
25.5,0,0,0,0,0,0.1715136951,0.1390438944,0.08056344137,0.1727689061,0.1376300618,0.118635935,0.1210338374,0.1018919832,0.2565350238,0.1518934084,0.2704093387,0.2051476831,0.1526501603,0.1417206826,0.1662154104,0.2186106329,0.2753640429
26,0,0,0,0,0,0.171601636,0.1389387035,0.08056434164,0.1726988044,0.1375247773,0.118744741,0.1211589113,0.1019718485,0.256556417,0.1519150459,0.2700832026,0.2051334397,0.1528549539,0.1416243886,0.1663559337,0.2174595891,0.2746372433
26.5,0,0,0,0,0,0.1716392966,0.1392055979,0.08070920623,0.1727779625,0.1372671142,0.1186847317,0.1211141102,0.1018896558,0.2565016974,0.152123064,0.2696234938,0.2050845547,0.1527377363,0.1416794329,0.1664105677,0.2161837726,0.2738980077
27,0,0,0,0,0,0.1716390651,0.1391826151,0.08059866374,0.1729444127,0.1373613332,0.1183190706,0.1211485035,0.1018457831,0.2564100416,0.1521765667,0.2692708208,0.205040932,0.1528130252,0.1416619648,0.1665056761,0.2149308732,0.2731316674
27.5,0,0,0,0,0,0.1716425872,0.1391124755,0.08059433687,0.1728545807,0.1372963575,0.1183761871,0.1210572915,0.1017591099,0.2562816846,0.1523571587,0.2688838339,0.2051392618,0.1530215472,0.1416250678,0.166427858,0.2138327952,0.272346155
28,0,0,0,0,0,0.1715097729,0.1391602822,0.08076564304,0.1728383608,0.1373514253,0.1185098445,0.1210129178,0.1018238681,0.2561634913,0.1523279197,0.2682805955,0.2052518265,0.1529578752,0.1414558209,0.1665931573,0.2126805248,0.2714407399
28.5,0,0,0,0,0,0.1714537369,0.1391728036,0.08093840649,0.1728278426,0.1375544614,0.1185458573,0.1209231012,0.1016475982,0.2558979776,0.1524539886,0.2678704559,0.2051887854,0.1528531167,0.1415253043,0.1665948498,0.2116082203,0.270457781
29,0,0,0,0,0,0.1715234354,0.139217463,0.0808982414,0.1729858391,0.1375077328,0.1184434597,0.1209001562,0.1017260218,0.255811301,0.1525251152,0.2673673109,0.2049759445,0.15301301,0.1415946875,0.1668542459,0.2106481922,0.2696778461
29.5,0,0,0,0,0,0.1716704691,0.1391452302,0.08082329597,0.1730129757,0.1374067752,0.1185312248,0.1209900419,0.1017178127,0.2555043609,0.1524043828,0.2667380404,0.2050613551,0.1531271786,0.1416959057,0.1666550874,0.2096939096,0.2687702042
30,0,0,0,0,0,0.1716185399,0.1389992366,0.08086109368,0.1729718488,0.1374573119,0.1185299793,0.1209439062,0.1016812306,0.2553326465,0.1524236805,0.266375368,0.2050255515,0.1529928453,0.1418965257,0.1666161328,0.2086254419,0.2678590456
30.5,0,0,0,0,0,0.1714515235,0.1388872031,0.08074209127,0.1728602522,0.1373785563,0.1185566145,0.1208184329,0.1015885518,0.2551215344,0.1523489033,0.2658975261,0.2049535702,0.1531021545,0.1419506135,0.1666189932,0.207552552,0.2669291676
31,0,0,0,0,0,0.1713301094,0.1389609539,0.08057140606,0.1726999399,0.1373283178,0.1186973264,0.1207615606,0.1016396933,0.2549352295,0.1525953362,0.2653117368,0.2048742595,0.1530640684,0.1418178444,0.1665742845,0.2065726762,0.2659622282
31.5,0,0,0,0,0,0.171329686,0.1389145214,0.08073393842,0.1724916203,0.1374726456,0.1185589543,0.1205155991,0.1016827092,0.2547149182,0.1527539196,0.2647424314,0.2048853077,0.153283737,0.1417293494,0.1665249476,0.2057458491,0.2650564774
32,0,0,0,0,0,0.1714278875,0.1389627412,0.08066622327,0.1724440856,0.137299786,0.1186785507,0.1204932032,0.1017615602,0.2546034974,0.1529001553,0.2643851408,0.2050008071,0.1532656615,0.1419700274,0.1664237487,0.2048390964,0.264120673
32.5,0,0,0,0,0,0.1714993289,0.1388570099,0.08072830396,0.172336321,0.1374663517,0.1187062304,0.1206542721,0.1018966617,0.2544391705,0.1532136301,0.2639730403,0.2050488254,0.1533148,0.1417531108,0.1664687073,0.2039894106,0.2631933971
33,0,0,0,0,0,0.171324157,0.1389020533,0.0808113987,0.1725327502,0.1372465185,0.1187922104,0.1208182478,0.1020800559,0.2543274649,0.1530939105,0.2634948194,0.2048898473,0.1534398276,0.1416590451,0.1665802437,0.2032206679,0.2623239685
33.5,0,0,0,0,0,0.1713428387,0.1389626581,0.08086934049,0.1724386699,0.1374432324,0.1189250699,0.1209068229,0.1020901099,0.2542184429,0.1530482092,0.2629896389,0.2050114607,0.1536252081,0.1414060621,0.1663516881,0.2024272377,0.2613219134
34,0,0,0,0,0,0.1713803304,0.1389863015,0.08067517472,0.1725162087,0.1374186844,0.1190219644,0.1207076817,0.1020316433,0.2539143872,0.1531801851,0.2624763917,0.205187436,0.1535338422,0.1415177586,0.166153132,0.2016458209,0.2602026703
34.5,0,0,0,0,0,0.1713842234,0.1390297378,0.08058289582,0.1724035711,0.1374173441,0.118836691,0.1205964897,0.1019892831,0.2537477577,0.1531455837,0.2621040734,0.2051786608,0.1538152566,0.1414604188,0.1661689007,0.2009789534,0.2593112693
35,0,0,0,0,0,0.1714492838,0.1389651112,0.08053115473,0.1725109341,0.1372697068,0.1186682643,0.120539562,0.1019355187,0.2534499338,0.1531864965,0.2614691143,0.2052288743,0.1537837602,0.1415205023,0.1662720337,0.2001606418,0.258317026
35.5,0,0,0,0,0,0.1715328437,0.1391731442,0.08052408454,0.1726025872,0.1371880034,0.1187303446,0.1205786102,0.1020775293,0.2532674563,0.1532407689,0.2608886825,0.2050269547,0.1537643123,0.1414248368,0.1662260788,0.1991192907,0.2573430612
36,0,0,0,0,0,0.1714407858,0.1390424467,0.08051984288,0.1725975384,0.1372364361,0.1185535332,0.1206510696,0.1020241848,0.2532170094,0.153330181,0.2602518969,0.2049632105,0.1537870002,0.1414713139,0.1663418705,0.1985804485,0.2563681463
36.5,0,0,0,0,0,0.1713460668,0.1390313101,0.08063939504,0.1727164721,0.1372286901,0.1187048344,0.1204700618,0.1018325633,0.2531595272,0.1534423126,0.2596468155,0.2049084369,0.1538348513,0.1413599997,0.1662362089,0.1980096367,0.2554909051
37,0,0,0,0,0,0.17146045,0.1389720654,0.08068840808,0.1726534551,0.1372370618,0.1187509262,0.1205531015,0.1018559339,0.2529243795,0.1535698117,0.2591224677,0.2049587222,0.153940288,0.1412014107,0.1664067263,0.1972140225,0.25448401
37.5,0,0,0,0,0,0.1716154956,0.1388597202,0.08074855453,0.1726878954,0.1372489018,0.1186967299,0.1204831293,0.101914091,0.2528353035,0.1535628533,0.2584734186,0.204905845,0.1538544736,0.1412806208,0.1665068685,0.1966233146,0.2535844784
38,0,0,0,0,0,0.1716441538,0.1388202026,0.08080102454,0.172700025,0.1373962826,0.1188733951,0.1205807298,0.1018994613,0.2527700579,0.153662059,0.2580303805,0.2049743895,0.1537269894,0.1413517724,0.1666326118,0.1960858024,0.2526741758
38.5,0,0,0,0,0,0.1716973922,0.1387212311,0.08077819097,0.1726827099,0.1374391348,0.1190464688,0.1206450692,0.1018274172,0.2526667117,0.1535819401,0.2575165942,0.2047021863,0.1539997237,0.1415876906,0.1667322612,0.1956708069,0.2518990414
39,0,0,0,0,0,0.1716603882,0.1387204521,0.0807778808,0.172771858,0.1376413063,0.119020195,0.1206684352,0.1018040721,0.2523452823,0.1536638945,0.2569377162,0.2048527457,0.1538771665,0.141454369,0.1667546393,0.1952395409,0.2511639254
39.5,0,0,0,0,0,0.1714716033,0.1387142141,0.08079227525,0.1727351341,0.1377665504,0.1189716018,0.1204812943,0.1018731201,0.2521984028,0.1536710198,0.2563230547,0.2048463952,0.1539064687,0.1414085895,0.1666887935,0.1948149011,0.250376646
40,0,0,0,0,0,0.1714505804,0.1385924184,0.08106487954,0.1728191634,0.1377365826,0.1186217615,0.1204745422,0.1019838524,0.2520233252,0.1537648698,0.2558101863,0.2048646862,0.1538711402,0.1415126615,0.1667902437,0.194406989,0.2493894033
40.5,0,0,0,0,0,0.1714739542,0.1386603863,0.08098823868,0.1727438376,0.1377367281,0.1186499433,0.120563167,0.1019454395,0.2517227701,0.1536094671,0.2552985947,0.2049694439,0.1538489574,0.1415861854,0.1667642786,0.1939667111,0.2484686443
41,0,0,0,0,0,0.1716335489,0.1388352403,0.08097188247,0.1725912281,0.1376536949,0.1186132375,0.1205132468,0.1017538353,0.2513778081,0.1535151036,0.2547608624,0.2050545995,0.1537388315,0.1415735259,0.1667888719,0.1934524239,0.2476219008
41.5,0,0,0,0,0,0.1715829733,0.1389047877,0.08082367562,0.1727010044,0.137662921,0.118709523,0.1206384391,0.1015668167,0.2511501212,0.1534896694,0.2543017507,0.2050224636,0.1537325344,0.1415008192,0.1668526995,0.1929233991,0.2469832147
42,0,0,0,0,0,0.1714554312,0.1388309073,0.08075526361,0.1727610962,0.1377358808,0.1187561447,0.1204948242,0.1017144784,0.250754069,0.1536088704,0.2538070353,0.2050240767,0.1538376797,0.141701154,0.1668386127,0.1925415805,0.2461893043
42.5,0,0,0,0,0,0.17150289,0.1389019234,0.08084327513,0.1726762221,0.1376774077,0.1185985232,0.120416702,0.1016845092,0.2505322514,0.1536132242,0.2532562839,0.2050619265,0.1538514939,0.1415364511,0.1668806984,0.1920113663,0.2454330493
43,0,0,0,0,0,0.1715694751,0.1388327444,0.08074292994,0.1728630559,0.1377209279,0.11876547,0.120403683,0.1017390204,0.250385454,0.1537759599,0.2527360019,0.2050243119,0.153891558,0.1416167091,0.1668336761,0.1914074016,0.2447144629
43.5,0,0,0,0,0,0.1714989511,0.1388464763,0.08049775553,0.1727763611,0.1374823346,0.1186593488,0.1204970364,0.1016776621,0.2501898999,0.1538339649,0.2522322603,0.2050790555,0.1538373147,0.1415859194,0.166785748,0.1908929007,0.2441209276
44,0,0,0,0,0,0.1714721722,0.1387894146,0.08055851876,0.1728773093,0.1374850318,0.1185693891,0.1205051861,0.1015467312,0.2500472959,0.1535035492,0.2518227709,0.2050294405,0.1538610485,0.1416793932,0.1668195026,0.1906328286,0.2433628076
44.5,0,0,0,0,0,0.1714525176,0.1387077839,0.08072286748,0.1729151265,0.1375002028,0.1187720119,0.1206659078,0.1016330779,0.249930864,0.1535836463,0.2514350726,0.2049915989,0.1538450954,0.1416709872,0.166729197,0.1903421061,0.2425242547
45,0,0,0,0,0,0.1714416135,0.1386908216,0.080728428,0.1729778899,0.1375878888,0.1186713255,0.1204163472,0.1017339413,0.2497135577,0.1537674899,0.2507680699,0.204835652,0.1540607565,0.1414776331,0.1666626502,0.1899857706,0.2418605095
45.5,0,0,0,0,0,0.1713863634,0.1387143198,0.0805518656,0.1730006169,0.13764088,0.1185535267,0.1206279755,0.101753565,0.2496168518,0.15376324,0.250243016,0.2049518385,0.1540413857,0.1416443804,0.1666975468,0.1896637306,0.2411322183
46,0,0,0,0,0,0.1714041862,0.1387382328,0.08059226998,0.1728063705,0.1376861813,0.1185552683,0.1208226066,0.1017331234,0.2493708791,0.1536661428,0.2499108298,0.2049531988,0.1539557573,0.1416052557,0.1667330853,0.1892247884,0.2403991099
46.5,0,0,0,0,0,0.1715296983,0.1386608486,0.08077432351,0.1727479797,0.1376746752,0.1186613608,0.120997031,0.1018655171,0.2491242908,0.1535435872,0.249496264,0.204946209,0.1538944245,0.1414821653,0.1667324355,0.1887658891,0.2398707793
47,0,0,0,0,0,0.171518797,0.1387092011,0.08051477252,0.1726766282,0.1375850617,0.1185979292,0.1208270267,0.1018805556,0.2490964611,0.1537164645,0.2491467636,0.2048661081,0.1537487048,0.1416067586,0.1666838872,0.1886115155,0.239184483
47.5,0,0,0,0,0,0.1715198437,0.1388353091,0.08049415747,0.1727373889,0.1377175717,0.1185680014,0.1207209766,0.1017412949,0.2489080935,0.1539010403,0.2488786108,0.2047839564,0.1537358811,0.141489945,0.1666004788,0.188262693,0.2385452715
48,0,0,0,0,0,0.1715956879,0.138654048,0.0804887747,0.1724345206,0.1377071201,0.1185140747,0.1208644186,0.1016105638,0.2487803154,0.1539802132,0.2484667149,0.2048913729,0.1536932656,0.1415109413,0.1665470018,0.1881735689,0.2378296773
48.5,0,0,0,0,0,0.1714802777,0.1386498807,0.08045353447,0.1725140281,0.1376604221,0.1184088902,0.1207498745,0.1016842925,0.248610798,0.1539848314,0.2480104496,0.2049645707,0.1536775289,0.1415299934,0.1663406873,0.1880441897,0.2371876156
49,0,0,0,0,0,0.1715384868,0.1385165426,0.0805597842,0.1726898554,0.1376600306,0.1183572681,0.1206391218,0.1016619385,0.2485381653,0.1539927019,0.2475950812,0.2049472471,0.1536991242,0.1416835068,0.1665331433,0.1878869187,0.2366289807
49.5,0,0,0,0,0,0.1714267779,0.1387438786,0.08042796191,0.1726643118,0.1375177287,0.1184228079,0.1206899341,0.1016602282,0.2485004247,0.1540513741,0.2472370484,0.2047970366,0.1537174677,0.1414677162,0.1664714858,0.1875121845,0.2360629043
50,0,0,0,0,0,0.1713846214,0.1388256572,0.08051876082,0.1726267148,0.1373704684,0.1185017351,0.1206737302,0.1016333024,0.2483698231,0.1540826895,0.2468167141,0.2046035822,0.1535158362,0.1416002152,0.1665423658,0.1871982466,0.2352873813
50.5,0,0,0,0,0,0.1714453795,0.1388228494,0.0806379964,0.1725756684,0.1373420089,0.1183809094,0.1207331709,0.1016741179,0.248079024,0.1540897573,0.2464361862,0.2046703014,0.1534710163,0.141374284,0.1665450483,0.1869943991,0.2346732723
51,0,0,0,0,0,0.171477794,0.1388933398,0.08059315339,0.1727448072,0.13734685,0.1185053256,0.1206655452,0.1017098545,0.24804887,0.1540705538,0.2461261529,0.2046106779,0.153530509,0.1414489881,0.1666084089,0.1867181407,0.2340114573
51.5,0,0,0,0,0,0.1714680052,0.1388187172,0.08051486567,0.1727676231,0.1373329709,0.1186940981,0.1207242601,0.1015787121,0.2478849118,0.1539733463,0.2456904366,0.2047938557,0.153649934,0.1413662454,0.1667140314,0.1864380971,0.2333428702
52,0,0,0,0,0,0.1716383563,0.1389056057,0.08049030665,0.1727246619,0.1373310813,0.1187133743,0.1206304488,0.1016293619,0.2478606187,0.1540115102,0.2452849889,0.2046997487,0.1537489591,0.1415642337,0.1666630704,0.1862398046,0.2328134921
52.5,0,0,0,0,0,0.1716605753,0.138993005,0.08055066826,0.1726808446,0.1374726482,0.118475242,0.1206941925,0.1017153545,0.2476382339,0.1540399021,0.244808143,0.2048877082,0.1536770345,0.1416125382,0.1666173689,0.1861151963,0.2320598049
53,0,0,0,0,0,0.1717007274,0.1389332413,0.08054648408,0.1726701429,0.1374798568,0.1185834852,0.1205864142,0.1017792301,0.2473814921,0.1540058781,0.2445365961,0.2048555659,0.1537462084,0.1416137469,0.1665412016,0.1859980528,0.2314738905
53.5,0,0,0,0,0,0.1716038788,0.1389322674,0.08060649652,0.1725770099,0.1375358679,0.1186391151,0.1205180727,0.1018321505,0.2471342983,0.1540015611,0.2442669352,0.2048276445,0.1537602833,0.141467491,0.1665888688,0.1857662221,0.2308872509
54,0,0,0,0,0,0.1715090907,0.1390337343,0.08044271715,0.1725321231,0.137498572,0.1186895003,0.1205634404,0.1019209599,0.2471598712,0.1540902283,0.2438830259,0.2050783527,0.153715127,0.1414594624,0.1664727725,0.1856469141,0.2302084021
54.5,0,0,0,0,0,0.1715349389,0.1389643278,0.08052135587,0.1727504406,0.1375226333,0.1185698838,0.1205337264,0.1019435297,0.2470012525,0.1539675401,0.2436283206,0.2049768426,0.1536587257,0.1416049201,0.1665704662,0.1854244749,0.2298168271
55,0,0,0,0,0,0.1716379948,0.1388341141,0.08071925903,0.1727041294,0.1374197723,0.1187881665,0.1204322156,0.1018461879,0.2471449986,0.1538160348,0.2432091249,0.2050337773,0.1535541144,0.1417381549,0.1665861259,0.1852214988,0.2293514554
55.5,0,0,0,0,0,0.1714633479,0.1388281471,0.08058723486,0.1728161471,0.1374724883,0.1186899948,0.1206660135,0.1018356191,0.2470209866,0.1539530639,0.2428525465,0.2052863086,0.1535163306,0.1417223538,0.1667145349,0.1850960708,0.2288124085
56,0,0,0,0,0,0.1715880251,0.1390054478,0.08049812629,0.1728703504,0.1374164934,0.1186773636,0.1206645325,0.1018145742,0.2469108716,0.1538560776,0.2425524955,0.2051593422,0.1534720508,0.141673944,0.1668300359,0.1847026164,0.2283541108
56.5,0,0,0,0,0,0.1716163204,0.1389758976,0.0806013989,0.1730607004,0.1372330029,0.1184855082,0.1207950283,0.101958191,0.246714832,0.1539594214,0.2423277331,0.2051330777,0.1535961292,0.141802848,0.1666080356,0.1845391677,0.2277633026
57,0,0,0,0,0,0.1715123402,0.1389344875,0.0805363279,0.1729372806,0.1372255569,0.1186301166,0.1207499775,0.1019437005,0.246644807,0.1537593838,0.2420388955,0.2052391438,0.1537303373,0.141858954,0.1666142162,0.1842517127,0.2272753098
57.5,0,0,0,0,0,0.1716016411,0.1389556505,0.08062451679,0.1728541719,0.1372650135,0.1187073314,0.1206530408,0.101926758,0.2465418823,0.1536234573,0.2416942194,0.2052619046,0.1537395656,0.1417811974,0.1666334389,0.1842425288,0.2267217565
58,0,0,0,0,0,0.1716428574,0.1388076138,0.08065422971,0.1729656693,0.1371010225,0.1186092439,0.1206896994,0.101867142,0.2465423188,0.1536388656,0.2411341494,0.205218585,0.1538338178,0.1416788648,0.1667187397,0.1841250392,0.2263187692
58.5,0,0,0,0,0,0.1716832806,0.1389560662,0.08054244977,0.1731208636,0.1370659036,0.118646506,0.1205717811,0.1018361665,0.2464310252,0.1533693013,0.2409613069,0.2053341753,0.1538307957,0.141398019,0.1667596949,0.1839048858,0.2257429227
59,0,0,0,0,0,0.1716347788,0.1389075921,0.08051097133,0.1730826997,0.1370522209,0.1186651566,0.1206104891,0.1018105251,0.2465089856,0.1533761516,0.2405857713,0.2054403175,0.1538526231,0.1415012764,0.1667857984,0.1837610465,0.2254630148
59.5,0,0,0,0,0,0.1715157166,0.138892179,0.08039790372,0.1730516663,0.1372844708,0.1186572947,0.1205718217,0.1016831509,0.2464160718,0.1532460523,0.2402808017,0.2053008518,0.1539699786,0.1413230257,0.1669497395,0.1836973236,0.2250737288
60,0,0,0,0,0,0.1714216177,0.1389007392,0.08064757003,0.1728932337,0.1373732001,0.11874755,0.1205923685,0.1017769652,0.2463256023,0.1532412739,0.2400849085,0.2052702009,0.1540408623,0.141578778,0.1669150329,0.1837379441,0.2246813977
60.5,0,0,0,0,0,0.1713950166,0.1390879997,0.08065868888,0.1728866637,0.1374988954,0.1187357026,0.1206553148,0.1017545751,0.246202046,0.1532725992,0.2398631113,0.205196189,0.154163059,0.1414307829,0.1668982756,0.1836889795,0.2241064407
61,0,0,0,0,0,0.1714758164,0.139041013,0.08068682913,0.1729488615,0.1375735116,0.1188503212,0.1206444562,0.1017452643,0.2459930726,0.1535835452,0.2394855226,0.2050833766,0.1540997393,0.1413652966,0.1669454716,0.1838060528,0.223709973
61.5,0,0,0,0,0,0.1713409803,0.1390865337,0.08065107966,0.1730251648,0.1375763603,0.1187839807,0.1206211591,0.1016636533,0.2459898808,0.1536714401,0.2390917423,0.2049371029,0.1540816663,0.1413736498,0.1669441464,0.1836942131,0.2232013764
62,0,0,0,0,0,0.1714293773,0.1390803778,0.08074656337,0.1729905583,0.1376791697,0.118610984,0.120776481,0.1016782729,0.2460914776,0.1538765986,0.2386791433,0.2049345393,0.1541782138,0.1413230099,0.1670412839,0.1836507525,0.2226433759
62.5,0,0,0,0,0,0.1716051333,0.1390463057,0.08066387948,0.1730355231,0.1375438849,0.1188052833,0.1207998422,0.1015675198,0.2459794701,0.1540167528,0.2384279334,0.2049340169,0.154158411,0.1411896715,0.1668317621,0.1835579449,0.2223277025
63,0,0,0,0,0,0.1714324079,0.1391138994,0.08059670303,0.1728453512,0.1375311029,0.1186789315,0.1207507404,0.1016084554,0.2459355975,0.1537552183,0.2381754851,0.2048536419,0.1538630427,0.1411567143,0.1667843895,0.1833215135,0.2219677698
63.5,0,0,0,0,0,0.1714603463,0.138903017,0.08051310158,0.172862639,0.1375213734,0.1186737031,0.1208306387,0.101677085,0.2459437609,0.1540123196,0.2378852998,0.2048605202,0.1536805718,0.1413870903,0.1668555577,0.1831697541,0.2215252056
64,0,0,0,0,0,0.1715379736,0.13890133,0.08055996909,0.1728845244,0.1374479097,0.1185978073,0.1207017256,0.1016457549,0.245751902,0.1540726364,0.237564548,0.2049074986,0.1535566307,0.14147833,0.1668640279,0.1831419039,0.2211806692
64.5,0,0,0,0,0,0.1715667632,0.1389657113,0.08078608841,0.1726964433,0.1374599085,0.1185817509,0.1206628442,0.1018897916,0.2456991548,0.1541334359,0.237185737,0.2050096842,0.1535488219,0.1414243139,0.1668922827,0.1830139309,0.2207941571
65,0,0,0,0,0,0.1714632702,0.1388355143,0.08083971782,0.172596479,0.1374546509,0.1185882558,0.1203828917,0.1019166812,0.2454545156,0.1540543659,0.2368709115,0.2050254943,0.1536257754,0.1414216087,0.1667951744,0.1829202438,0.2203785113
65.5,0,0,0,0,0,0.1715146493,0.1387605876,0.08087147326,0.1726611422,0.1374662301,0.1186123912,0.1204087625,0.1020152797,0.2454831089,0.1540125077,0.2367202222,0.2050376305,0.153818427,0.1414947539,0.16676055,0.1829677596,0.2200557521
66,0,0,0,0,0,0.1715822326,0.1390080386,0.0809139217,0.1728176979,0.1374051873,0.118699735,0.120341752,0.1019974636,0.2455917441,0.1539379395,0.2366317939,0.2049287073,0.1536917199,0.1415288663,0.1667626762,0.1828545496,0.2197246658
66.5,0,0,0,0,0,0.1716005423,0.1390396037,0.0807182531,0.1727973598,0.137259081,0.118826208,0.1204946723,0.1019698945,0.2454958365,0.1538863665,0.2364746314,0.2047888938,0.1536659391,0.1414059434,0.1669033426,0.1825521162,0.2194266457
67,0,0,0,0,0,0.1715625223,0.1391114049,0.08070709307,0.1727759186,0.1373279597,0.1187743202,0.1205078231,0.1018775851,0.2454246894,0.1538430418,0.2362282302,0.2048174722,0.154062116,0.1413672784,0.1669495791,0.1825065664,0.2191715864
67.5,0,0,0,0,0,0.1715700938,0.1388928556,0.08085378985,0.1727662255,0.1375146042,0.1186910485,0.1203079084,0.1018170696,0.2454315759,0.1540932321,0.2359502035,0.2049616369,0.1541719743,0.141104932,0.1670745153,0.1824575097,0.2189364645
68,0,0,0,0,0,0.1715754729,0.1390136678,0.08088611406,0.1727361998,0.1375430096,0.1186738665,0.1203346831,0.1018239033,0.2454977748,0.1541729168,0.2358110913,0.204991405,0.154071171,0.1411652193,0.1670195003,0.1822762821,0.2185047796
68.5,0,0,0,0,0,0.1716238287,0.1390845781,0.08081155018,0.1727243811,0.1373263025,0.118615409,0.120258896,0.1016628015,0.2454725478,0.1541326835,0.2355263565,0.2051338185,0.1539971052,0.1412839705,0.1671533609,0.1821578159,0.2181955359
69,0,0,0,0,0,0.1715835051,0.1389862175,0.08065098394,0.1726865344,0.1375597517,0.1187367304,0.1202437003,0.1017321319,0.2455011542,0.1540944277,0.2353038501,0.2051338788,0.1541597446,0.1412906108,0.1672346373,0.1823306971,0.2178508817
69.5,0,0,0,0,0,0.1717023485,0.1390368938,0.08072183439,0.1726448602,0.1376104392,0.1185691872,0.1202754154,0.1017382637,0.245434796,0.1540886568,0.2350804901,0.2051788167,0.1541728715,0.1412793818,0.1672232141,0.1822260604,0.2175490213
70,0,0,0,0,0,0.1718176585,0.1388861261,0.08077305815,0.1725128773,0.1375872154,0.1186614969,0.1203249964,0.1017582719,0.245452751,0.153991563,0.2349940893,0.205269769,0.1540436617,0.1413267492,0.1671122428,0.182177979,0.2172378668
70.5,0,0,0,0,0,0.1719362656,0.1388329359,0.08071431176,0.1725488079,0.1374547493,0.1185149995,0.1202976163,0.1017895471,0.2453660581,0.1539120693,0.2347895107,0.2052132987,0.1541338032,0.1411709954,0.1671106216,0.1821999726,0.2169272216
71,0,0,0,0,0,0.1717164523,0.1388010077,0.08071947455,0.1726023825,0.1371746596,0.1184156288,0.1202378249,0.1018739427,0.2452727047,0.154219218,0.2344966731,0.2051395015,0.1540236222,0.1409942697,0.167090637,0.1822361967,0.2165613294
71.5,0,0,0,0,0,0.1717928286,0.1388109415,0.08074711844,0.1725600615,0.1373604261,0.1184756988,0.1203085943,0.1017650635,0.2451486208,0.1541838309,0.2343074746,0.2050697855,0.1538873334,0.1411465317,0.1671828058,0.1822305481,0.2162918971
72,0,0,0,0,0,0.1715085755,0.1387761767,0.08044533457,0.1726158794,0.1373324699,0.1185468688,0.1204042835,0.1018005849,0.2450950151,0.1543990797,0.2340100052,0.205063275,0.1537695341,0.1412893653,0.1670259657,0.1822228874,0.2160429589
72.5,0,0,0,0,0,0.1714430361,0.1388340644,0.08055497952,0.172665122,0.1374788429,0.1187288374,0.1205084745,0.1017607729,0.2448226691,0.1542052081,0.2337876592,0.2051452458,0.1536337313,0.1414723606,0.1670365048,0.1820524973,0.2158643943
73,0,0,0,0,0,0.1712832091,0.1388439036,0.08064370248,0.1727884826,0.1375485814,0.1188474026,0.1205920478,0.101759663,0.2448066436,0.1542994959,0.2336506455,0.20513733,0.1536858189,0.1414511722,0.1669505049,0.1820009048,0.2155360196
73.5,0,0,0,0,0,0.1714069994,0.1386104896,0.0806302647,0.1727673002,0.1373736828,0.1188415321,0.120552479,0.1017754371,0.2449582763,0.154227334,0.2333645881,0.205181299,0.1536638784,0.1414315886,0.1671671997,0.181966145,0.2152747949
74,0,0,0,0,0,0.1716297923,0.1386550297,0.08073866385,0.172724836,0.1374067597,0.1189312588,0.1205891313,0.1018367573,0.2448541596,0.1543175934,0.2332753332,0.2051770506,0.1536727191,0.1416565304,0.1671649636,0.1818728449,0.2151950932
74.5,0,0,0,0,0,0.1717477856,0.1387695082,0.08069237198,0.1727021668,0.1373820435,0.118824061,0.1206713803,0.1019291508,0.2448226499,0.1543044216,0.2331908332,0.2050635551,0.1538889937,0.1415226792,0.1671424142,0.1819104033,0.2151727726
75,0,0,0,0,0,0.1717682352,0.1387464057,0.08050891299,0.1729530941,0.1375470958,0.1190871105,0.1206884761,0.1018850526,0.2447382184,0.1543397182,0.2330858968,0.2051802456,0.1536072148,0.1414687011,0.1672735752,0.1818386009,0.2149786214
75.5,0,0,0,0,0,0.1717508998,0.1388389331,0.08046991598,0.1729661023,0.1376798025,0.1190677391,0.1207206866,0.101916817,0.2448339509,0.1542728689,0.2328663873,0.2050549592,0.1535681954,0.1413885467,0.1673444841,0.1816550283,0.2148582993
76,0,0,0,0,0,0.1719721046,0.1388860961,0.08043919836,0.1728965699,0.1376363606,0.119013592,0.1206742098,0.1018956396,0.2450336168,0.1542397839,0.2328572033,0.2050558559,0.153567366,0.141525158,0.1672108505,0.1815383427,0.2147141743
76.5,0,0,0,0,0,0.1721417515,0.1388211133,0.08024119307,0.1729548413,0.1378081629,0.1190502074,0.1206855285,0.1020224568,0.2450105121,0.1540956323,0.2327316197,0.2049548997,0.153557846,0.1415726059,0.1670491072,0.1813013749,0.2145830598
77,0,0,0,0,0,0.1719075106,0.1390141889,0.08049356397,0.1728851046,0.1376961901,0.1189817599,0.1206519579,0.1018910512,0.2450799312,0.1541033122,0.2327401823,0.2050786721,0.1536734566,0.1414890812,0.1667988756,0.1811637255,0.2144461669
77.5,0,0,0,0,0,0.171921714,0.1390011221,0.08053833303,0.1730275711,0.1377231179,0.1187583225,0.1206275661,0.1018705974,0.2449962656,0.1539982745,0.2325010214,0.205038868,0.1536765927,0.1415254499,0.1668090098,0.1812132106,0.2142955953
78,0,0,0,0,0,0.1719307947,0.1391058481,0.08047019695,0.1731276922,0.1375797782,0.1188301671,0.1207012643,0.1019857522,0.2449050865,0.1540124159,0.2324701237,0.2047911665,0.1537194354,0.141482756,0.166752901,0.1809864771,0.2139390629
78.5,0,0,0,0,0,0.1718711331,0.1389722738,0.0805741259,0.1731654235,0.1375572822,0.1188851323,0.1208627858,0.1020593768,0.2449091538,0.1539227723,0.2321235902,0.2048278238,0.1536498746,0.141480349,0.1668461975,0.1809194547,0.2136792303
79,0,0,0,0,0,0.1717398853,0.1388680313,0.0805565819,0.1731591408,0.1373950057,0.1187131672,0.120950966,0.1020964983,0.2449666941,0.1538948897,0.2320761302,0.2049492807,0.1537745973,0.1415387491,0.1669400163,0.1808668792,0.2135234672
79.5,0,0,0,0,0,0.1717690455,0.1389429585,0.0805378122,0.1729602393,0.1374820278,0.118691311,0.1209153252,0.1019665909,0.2448727173,0.1539704436,0.2320058737,0.2047377523,0.1537661302,0.1415247937,0.1671717147,0.1809027508,0.2132686578
80,0,0,0,0,0,0.1717838386,0.1388081504,0.0804886122,0.1729409111,0.1373584958,0.1186171961,0.1209736666,0.1018549494,0.2448584814,0.1539210504,0.2318208299,0.2047132187,0.1538278478,0.1414692732,0.1672751195,0.1810263274,0.2128889186
80.5,0,0,0,0,0,0.1718340287,0.1389209646,0.08066344814,0.1728154402,0.1373849222,0.1185163581,0.1210436319,0.1018904805,0.244806048,0.1539701804,0.2317309764,0.2047626901,0.1538965744,0.1413590854,0.1673126526,0.1809081741,0.2125765471
81,0,0,0,0,0,0.1719362252,0.1388410803,0.08056268896,0.1727993787,0.1374178495,0.1184452678,0.1209546929,0.102014176,0.2449054488,0.1540088852,0.231602196,0.2046806327,0.1539104286,0.1412454831,0.1671758262,0.1808718585,0.2124528648
81.5,0,0,0,0,0,0.1720343666,0.1386598167,0.08055278142,0.1727917481,0.1373287416,0.1183945025,0.1208502593,0.1018901402,0.244743136,0.154084247,0.2315415901,0.2045796111,0.1538505303,0.1411839241,0.1671742295,0.1808109283,0.2122899071
82,0,0,0,0,0,0.1719183902,0.1387535286,0.08060976115,0.172734471,0.1373356466,0.1183645839,0.1208150162,0.1018221158,0.2447135125,0.1541665102,0.2312536886,0.2048082758,0.1537371277,0.141266765,0.1673206627,0.1806876644,0.2119652687
82.5,0,0,0,0,0,0.1717042265,0.1388264696,0.08068425229,0.172697359,0.1375040254,0.1185916979,0.1207467444,0.101662173,0.244851054,0.1542349682,0.2311606862,0.2048565032,0.1538695249,0.1414704709,0.1673451191,0.1805342858,0.2117328144
83,0,0,0,0,0,0.171778491,0.1387408947,0.08059607574,0.1727815939,0.1375529741,0.1184702838,0.1206763067,0.1015957663,0.2448421185,0.1541455235,0.2312532701,0.2049112615,0.1540976672,0.1415072907,0.1672860338,0.1803397657,0.2115079708
83.5,0,0,0,0,0,0.1716392768,0.1388613605,0.08049271525,0.1728162302,0.1377706838,0.1186538092,0.1208002074,0.1016249228,0.2448482521,0.1539813889,0.2310402644,0.204859754,0.1540548362,0.1414645919,0.1673145187,0.1804318241,0.2112449948
84,0,0,0,0,0,0.1714555189,0.1388465711,0.08059231138,0.1728079548,0.1378697643,0.1185684337,0.1209158287,0.1015890035,0.2447293434,0.1540610033,0.2308438419,0.204879397,0.1539528956,0.1416287252,0.1672955419,0.180585865,0.2111128498
84.5,0,0,0,0,0,0.1714398375,0.138776438,0.08072259016,0.1729761207,0.1378629222,0.1187098847,0.1208448285,0.1015504915,0.2447583461,0.1538811512,0.2306860837,0.204964201,0.1539824116,0.1414430879,0.1672835936,0.1805593053,0.2109941766
85,0,0,0,0,0,0.1714271765,0.1387929846,0.08082057341,0.1729958413,0.1377966429,0.1186224397,0.1207866842,0.1016675134,0.2446595399,0.153862409,0.2306194793,0.2049632861,0.1539076526,0.1415034479,0.1674465523,0.1806713145,0.2108436355
85.5,0,0,0,0,0,0.1714395445,0.1388982203,0.08061812905,0.1729315272,0.1376246123,0.1185242428,0.1207970774,0.1017613507,0.2444938343,0.153735901,0.2303334465,0.2048479319,0.153923241,0.1414611339,0.1675916225,0.1808057221,0.2108297965
86,0,0,0,0,0,0.1714577883,0.1386933202,0.08065804596,0.1728031657,0.1376101365,0.1186387593,0.1207083253,0.1017852471,0.2444563682,0.1538181108,0.2301497211,0.2048953754,0.1537685564,0.141452481,0.1673731521,0.1805381915,0.2105922845
86.5,0,0,0,0,0,0.1716021583,0.1387640503,0.08051146809,0.1728657073,0.1375879974,0.1186813705,0.1207915522,0.1018223971,0.2443727276,0.1537474041,0.2299620622,0.2049128854,0.153805359,0.1414702753,0.1672217082,0.1803454814,0.210292647
87,0,0,0,0,0,0.1715385404,0.1384701466,0.08043642383,0.1729427718,0.1376920097,0.1188103652,0.1208262682,0.1018136948,0.2444030465,0.153862321,0.2298698486,0.2048328493,0.1538234659,0.1411739729,0.1674096533,0.1803376742,0.2101096723
87.5,0,0,0,0,0,0.1716094597,0.1387603413,0.08046210073,0.1729486377,0.137544824,0.1189096685,0.1209188023,0.1016473649,0.2444120507,0.154005395,0.2296105278,0.2049471251,0.1538575328,0.1412096635,0.1671910387,0.1804177692,0.2097656619
88,0,0,0,0,0,0.1715932828,0.1387113108,0.08058768423,0.1729971021,0.1374610754,0.1189895069,0.1210629122,0.1015342666,0.244240499,0.1538368076,0.229534184,0.2049747496,0.1537453047,0.1412381563,0.1670657591,0.1803080495,0.2095657095
88.5,0,0,0,0,0,0.1716063988,0.1388903146,0.08053439193,0.172930405,0.1373962868,0.1187748609,0.1210174345,0.1016064955,0.2442352023,0.1538206467,0.2293900064,0.2050225094,0.1535893736,0.1411558593,0.1669314819,0.1805766322,0.2092400902
89,0,0,0,0,0,0.1715157402,0.13904261,0.08041199841,0.1729064492,0.1376193588,0.1186998528,0.1209291672,0.1016509644,0.2443305117,0.1540348531,0.2292153644,0.20516076,0.1535681216,0.1412196869,0.1669390845,0.1804771065,0.2090068632
89.5,0,0,0,0,0,0.1714901971,0.1389468626,0.08048089646,0.1729219146,0.1375363224,0.1187205559,0.1209379392,0.1017682177,0.2444082142,0.1539823573,0.2290486627,0.2050764178,0.1537167309,0.141254744,0.1670107355,0.1804486944,0.2088023415
90,0,0,0,0,0,0.1715827002,0.1388583122,0.08043046468,0.1730076128,0.1375996687,0.1188000077,0.1208479393,0.1016629447,0.2443964351,0.1542354833,0.2288043093,0.2051278921,0.1538447159,0.1412358229,0.1669718452,0.1804749876,0.2087673593
90.5,0,0,0,0,0,0.1713624725,0.1387064617,0.08044450127,0.1728138352,0.1375707228,0.1188881579,0.1206319055,0.1017910168,0.2444020502,0.1542273162,0.2286703776,0.2052116096,0.1539652929,0.1411993216,0.1669611624,0.1804114353,0.208566651
91,0,0,0,0,0,0.171483007,0.1389340931,0.08050056764,0.1727547897,0.1374118111,0.1187198096,0.1206581568,0.1017471023,0.2444114138,0.1541471419,0.2286085188,0.2051952141,0.1538532224,0.1412092904,0.1668893917,0.1805075924,0.2082385115
91.5,0,0,0,0,0,0.1714396834,0.1389765209,0.08040181374,0.1729322894,0.1372906897,0.1186742814,0.120788189,0.1016394603,0.2445704764,0.154285258,0.228429135,0.2051609026,0.1537241832,0.1410761871,0.1669067449,0.1804310028,0.2080290881
92,0,0,0,0,0,0.1712570379,0.1389113204,0.08044600737,0.1730756846,0.1372347364,0.1186995537,0.1208050979,0.1017518933,0.2446831751,0.1541854288,0.2282677008,0.2051805411,0.1537597687,0.1411755903,0.1670244342,0.180297352,0.2079641371
92.5,0,0,0,0,0,0.1716376832,0.1389753084,0.08076688375,0.1730890209,0.1373252727,0.1187732779,0.1209598087,0.1018820669,0.2447727123,0.1543436208,0.2280890154,0.205166044,0.153741422,0.1413353357,0.1668938263,0.1803968322,0.2078161163
93,0,0,0,0,0,0.1715681257,0.1390284983,0.0807715473,0.1731425549,0.1372235235,0.1191317457,0.1209326073,0.1018916324,0.2447514938,0.1544146961,0.2280373928,0.2051222782,0.1536823884,0.141384094,0.1668546854,0.1804191088,0.2076183283
93.5,0,0,0,0,0,0.1716528002,0.138927499,0.08078263828,0.1730234094,0.1372300048,0.1189771604,0.1208441627,0.102030971,0.2446732515,0.1545103095,0.2280849633,0.2051003386,0.1536704394,0.1414517749,0.166949405,0.1804253718,0.2074352862
94,0,0,0,0,0,0.1717612861,0.1387730616,0.08068078578,0.1728389984,0.1373390852,0.1187663143,0.1208671408,0.1019181983,0.244632397,0.1545670714,0.2279925951,0.2051649605,0.1535483697,0.1415351267,0.1669185423,0.1804606765,0.2072407065
94.5,0,0,0,0,0,0.1717618065,0.138766239,0.08064862903,0.1728180017,0.1374598602,0.1187379424,0.1208924797,0.1019217182,0.2446008703,0.1547267439,0.2278388684,0.2049217169,0.1535648429,0.1412978184,0.1668972312,0.1805150357,0.2072111768
95,0,0,0,0,0,0.1718720696,0.1388873059,0.08079368247,0.1728463767,0.1373446245,0.1187418426,0.1208002168,0.101944941,0.2444935731,0.1547984751,0.2276969697,0.2049097405,0.1536138649,0.1413754268,0.1669654949,0.1805863535,0.2070451496
95.5,0,0,0,0,0,0.1719393199,0.1389293029,0.08061510858,0.172871639,0.1373883445,0.1188768849,0.1207856267,0.1018460942,0.2445503582,0.1547095599,0.2275926825,0.2048564343,0.153780169,0.1414041315,0.166983081,0.180581004,0.2069633914
96,0,0,0,0,0,0.171989645,0.1388326543,0.08057848164,0.1726403434,0.1373004889,0.1189478591,0.1206254255,0.1018601768,0.2445546983,0.1547108194,0.2275039969,0.2047568457,0.1535569805,0.1414932059,0.1670399008,0.1804979283,0.2068226458
96.5,0,0,0,0,0,0.171845826,0.1390042162,0.08057118767,0.1725398001,0.1375416288,0.1188436724,0.1206817506,0.1020774758,0.2446816358,0.1544144838,0.2272989856,0.2048810717,0.1536771026,0.1413981707,0.167150082,0.1805083819,0.2067021921
97,0,0,0,0,0,0.1716645472,0.1389884703,0.08065010291,0.1725041832,0.1376747053,0.1189005057,0.1208551423,0.1019425373,0.2444845958,0.1544530593,0.2271862053,0.204745357,0.1535891393,0.1414224714,0.1669253872,0.1806020044,0.2066087077
97.5,0,0,0,0,0,0.171536657,0.1390862829,0.08064885453,0.1724504746,0.1374496424,0.1187152966,0.1207679058,0.1017940914,0.2445228997,0.1545981699,0.2271604582,0.2047451653,0.1536632607,0.1414681361,0.1670164414,0.1803588488,0.20632179
98,0,0,0,0,0,0.1714628638,0.1389259878,0.08070701402,0.1724575418,0.137215427,0.1186813152,0.1207425935,0.1018847566,0.2445844894,0.15460977,0.2270048231,0.2048762605,0.1536242754,0.1414132607,0.1670955026,0.180295974,0.2063021544
98.5,0,0,0,0,0,0.1715200289,0.1388110904,0.08072512084,0.1723010381,0.1374023583,0.118562268,0.1208190425,0.1018959896,0.2445738097,0.154557698,0.2268488234,0.2048844171,0.1535880064,0.1413769604,0.1669189776,0.1801487049,0.2063179406
99,0,0,0,0,0,0.1717047029,0.1388689709,0.08073353428,0.1724637592,0.1374614263,0.1185552067,0.1207086853,0.1018051487,0.2445397355,0.1544666653,0.226821984,0.2049521673,0.1536393339,0.1413401509,0.167064752,0.1799302396,0.2060962806
99.5,0,0,0,0,0,0.1715757473,0.1387619806,0.08076603942,0.1724938269,0.1374126669,0.1187048714,0.1208185955,0.1016428906,0.2445172093,0.1544633945,0.2268498567,0.2049390487,0.1536314405,0.1412713109,0.1670785702,0.1797588593,0.2058970109
100,0,0,0,0,0,0.1715898341,0.1386988101,0.08070102166,0.1726023298,0.1374200046,0.1184855706,0.1206378115,0.1017231061,0.2444670525,0.1545128027,0.2266435797,0.2050023705,0.1536929887,0.1412673288,0.166993766,0.1797338137,0.205755278
100.5,0,0,0,0,0,0.1716155822,0.1386831828,0.0805881158,0.1725086114,0.1375482434,0.1183844852,0.1206849024,0.101801028,0.2445184578,0.1543920175,0.2265250795,0.2050491104,0.1536364673,0.1413489516,0.1670306771,0.179807095,0.2055143459
101,0,0,0,0,0,0.1715023771,0.1386001118,0.08069969848,0.1726182633,0.1374962273,0.1183951707,0.1207133753,0.1018366461,0.2444963466,0.1541957597,0.2262595832,0.205035638,0.1536033539,0.1413630673,0.1671904914,0.1799085559,0.205375411
101.5,0,0,0,0,0,0.1715248923,0.138679933,0.08095950468,0.172654738,0.13753745,0.1183736818,0.1206748072,0.1017973904,0.2443373204,0.1541464442,0.2261044576,0.2050061881,0.153654057,0.1413724529,0.1673504235,0.1797526894,0.2051997412
102,0,0,0,0,0,0.1714797454,0.138653069,0.0809470507,0.1727338606,0.1374484034,0.1184390344,0.1207214005,0.1017826621,0.2444572242,0.1542340078,0.2260400491,0.2050591933,0.1538255551,0.1414318799,0.1672895407,0.1796467299,0.2050826442
102.5,0,0,0,0,0,0.1714172853,0.1386344437,0.08097931336,0.1727939843,0.1373646829,0.1182692277,0.120856729,0.1017126827,0.2444493447,0.1543659348,0.2259358547,0.2048641975,0.1536360608,0.1414312758,0.1672480097,0.179574293,0.2051774126
103,0,0,0,0,0,0.1713744843,0.1386104917,0.08089180767,0.1729363504,0.1373967897,0.1182969729,0.120958512,0.1018373112,0.2444237024,0.1545015047,0.2258406685,0.2046761273,0.1536252006,0.1413381384,0.167241629,0.1794415533,0.2053213385
103.5,0,0,0,0,0,0.1713721725,0.1387294648,0.08092427803,0.1729149423,0.1374195996,0.118448044,0.1209926102,0.1019189643,0.2445432584,0.1543547472,0.2257408383,0.2046904217,0.1536929936,0.1412959383,0.1672538955,0.1793809876,0.2052732972
104,0,0,0,0,0,0.1714074341,0.1387447346,0.08077598169,0.1727715048,0.1374709714,0.1185322751,0.1209003279,0.1018119001,0.2446246115,0.1541332688,0.2257276129,0.2047675463,0.1537398886,0.1414790474,0.1672909665,0.1793013544,0.2051585752
104.5,0,0,0,0,0,0.1715738005,0.1387989508,0.08069460692,0.172722079,0.1375340217,0.1186806759,0.1209126374,0.1017947122,0.2446345167,0.1538987283,0.2258610714,0.2048046313,0.1536070147,0.1414890961,0.1673855344,0.1793682015,0.2050998818
105,0,0,0,0,0,0.1715899424,0.1389285653,0.08072423088,0.1728243951,0.1374855687,0.1186543152,0.1207905691,0.1018137469,0.244682979,0.1538441197,0.225812895,0.2048345238,0.1537623969,0.1413876417,0.1672589501,0.179566656,0.2048616736
105.5,0,0,0,0,0,0.1715716371,0.1387800553,0.08080240608,0.1729110447,0.1376287943,0.1187216995,0.1207261808,0.1018440697,0.2446078396,0.1539397126,0.2257317566,0.2048655338,0.1538892342,0.1413549025,0.1672981074,0.179324328,0.2045667773
106,0,0,0,0,0,0.1715879802,0.1387748383,0.08086761145,0.1727986041,0.1375836857,0.1187845507,0.1207175204,0.1017417338,0.244630243,0.1538719233,0.2256337434,0.2050092192,0.1537706104,0.1414395092,0.1672282089,0.1793600934,0.2044774587
106.5,0,0,0,0,0,0.1716792353,0.1390127237,0.08081725455,0.1726962262,0.1375894558,0.1187502434,0.1206867491,0.1017900864,0.2445076763,0.1537408045,0.2256348718,0.2048815075,0.1536611709,0.1414618222,0.1670618767,0.179351985,0.2043261042
107,0,0,0,0,0,0.1716741149,0.1390595061,0.08080756095,0.1727143559,0.137787177,0.1187320905,0.120755216,0.101773803,0.244565308,0.1537198669,0.2255936198,0.2048909243,0.1537994612,0.1412075607,0.1672737313,0.1793970105,0.2041961009
107.5,0,0,0,0,0,0.1717755563,0.1389576898,0.08081841702,0.1726662521,0.1375970343,0.1189173013,0.1205388203,0.1017569432,0.2446025731,0.1538121697,0.2256006611,0.2048985327,0.1538709774,0.1414791403,0.167131782,0.1795117637,0.2041850849
108,0,0,0,0,0,0.1717858553,0.1388905741,0.08070903384,0.1726814843,0.1377897887,0.1188529561,0.1206008477,0.1018310947,0.2444171212,0.1537897231,0.2254297012,0.2048602199,0.1539372127,0.1415309832,0.1669900579,0.1793584316,0.2039402471
108.5,0,0,0,0,0,0.1718610071,0.1390766039,0.08059322715,0.1727091868,0.1375897193,0.118851437,0.1206905866,0.1018846196,0.244257441,0.1538023399,0.2254174403,0.2049154296,0.1541124833,0.1416122742,0.1671517551,0.1792251156,0.2038449771
109,0,0,0,0,0,0.1719492973,0.1390318167,0.08066579178,0.1726295641,0.1374767226,0.1188551034,0.1208798773,0.1017500823,0.2443672344,0.1539869373,0.2254048506,0.2050106767,0.1541048593,0.1417031421,0.1670859174,0.1792942697,0.203808873
109.5,0,0,0,0,0,0.1717086378,0.139108403,0.08072013242,0.1729453156,0.1375469217,0.1187995092,0.1207046114,0.1017232816,0.2442738526,0.1537990736,0.2252524456,0.2051460867,0.1541163944,0.1416539711,0.1671029012,0.1792246001,0.203747625
110,0,0,0,0,0,0.1716008632,0.1390787412,0.0807508375,0.1731313714,0.1375075747,0.1187278867,0.120648188,0.1018770279,0.2442943713,0.1539244039,0.2252287971,0.2052471869,0.1538271192,0.1415503694,0.1670928437,0.1793147345,0.2036115758
110.5,0,0,0,0,0,0.1715858236,0.1392933793,0.08080309677,0.1731486788,0.1375916323,0.1184303154,0.1208658935,0.1018605334,0.2440678937,0.1539487561,0.2253561202,0.2053030344,0.153866323,0.141676153,0.1670345001,0.1791969395,0.2035922624
111,0,0,0,0,0,0.1716603394,0.1392037573,0.08088302079,0.173056352,0.1374126716,0.1183530135,0.1207609478,0.1017982788,0.2440134122,0.1536115755,0.225198492,0.2051737438,0.1539291738,0.1417784644,0.1669269236,0.1792110586,0.2036311262
111.5,0,0,0,0,0,0.1717327453,0.1392094416,0.08072084115,0.173052253,0.1373308989,0.1184697816,0.1207895792,0.1017127459,0.2441536732,0.1535524407,0.2251704784,0.2051585584,0.1537954812,0.1416831513,0.166918451,0.1792078256,0.2035272154
112,0,0,0,0,0,0.1717296249,0.1391302475,0.08076400076,0.1730331675,0.1371637736,0.1183751744,0.1206878535,0.1016598619,0.2441844935,0.1536358163,0.2249861186,0.2050048639,0.1539709533,0.1417491374,0.1668237299,0.1792092401,0.2035751786
112.5,0,0,0,0,0,0.1716287854,0.1389140503,0.0806272006,0.1728962,0.137299353,0.1183905312,0.1205815429,0.101607164,0.2442187205,0.1537276979,0.2249472645,0.2048495685,0.1539620641,0.1418070894,0.1667155782,0.1793688398,0.2034561231
113,0,0,0,0,0,0.1716534576,0.1387824478,0.08052260527,0.1729394812,0.1371731765,0.1185445468,0.1207354519,0.1014934143,0.24414433,0.1538371748,0.2248376334,0.2048815406,0.1538568369,0.1418554969,0.166674894,0.1794919266,0.2033232446
113.5,0,0,0,0,0,0.1717228969,0.1388333797,0.08046025006,0.1728436112,0.1371944674,0.1186804758,0.1206656869,0.1015310724,0.2441454408,0.1538265722,0.224664806,0.2050221904,0.1539263379,0.1417371425,0.16663843,0.1794561249,0.2033121192
114,0,0,0,0,0,0.1716795041,0.1388651506,0.08044835572,0.1727004437,0.1371738734,0.1186738896,0.1206022441,0.1015809913,0.2441085806,0.153814906,0.2247440455,0.2050561808,0.1538086275,0.1417855028,0.1665995891,0.17932123,0.2032206394
114.5,0,0,0,0,0,0.1718059364,0.1387682315,0.08040532129,0.1727636044,0.137408081,0.1187061913,0.1206628182,0.1016095818,0.2439446404,0.1540800913,0.2246209364,0.2050562637,0.153835882,0.1416870018,0.1665937426,0.1792878646,0.2030452506
115,0,0,0,0,0,0.1717957103,0.1387329903,0.08041069573,0.1726534642,0.1375535834,0.1189327143,0.1206701204,0.1017330205,0.2439218342,0.1540175323,0.2244505425,0.2050599343,0.1538113638,0.141544393,0.1667184166,0.1794016144,0.2030210147
115.5,0,0,0,0,0,0.1717509177,0.1387026873,0.0805620416,0.1727180104,0.1375884855,0.1185940405,0.1205246233,0.1016843151,0.2438729713,0.1537386101,0.2243581589,0.2049944841,0.1538971459,0.1416004927,0.1666737495,0.1796271458,0.2030419428
116,0,0,0,0,0,0.1716587116,0.1385499413,0.08062271465,0.1728620653,0.1376189216,0.1186262495,0.1205543015,0.1016408448,0.2438859074,0.1536949093,0.224487009,0.2049740895,0.1538797555,0.1414006031,0.1666633112,0.1796612945,0.2031359043
116.5,0,0,0,0,0,0.1715541376,0.1388952017,0.08077680358,0.1727949832,0.1374460846,0.1185441296,0.1205425863,0.1017761271,0.2438493117,0.153765793,0.2244712539,0.2049729529,0.1539800996,0.141423735,0.1665950497,0.1795901958,0.2030957714
117,0,0,0,0,0,0.1715889463,0.1390452196,0.08088951914,0.1729259819,0.137614438,0.1185522283,0.1205330111,0.1018181169,0.2439416348,0.1536866185,0.2245717042,0.204948882,0.1538662802,0.1413814864,0.1666531584,0.1795660853,0.2029428556
117.5,0,0,0,0,0,0.1715502858,0.1389863413,0.08081806728,0.172849688,0.1376920428,0.1182928887,0.1204549843,0.1018566063,0.2440559361,0.1537791771,0.2245663048,0.2048968325,0.1537581905,0.1413607709,0.1667210482,0.1795803312,0.2029712381
118,0,0,0,0,0,0.1715941905,0.1388993637,0.0808591887,0.1728581746,0.1376739213,0.1183066623,0.120374433,0.1019543223,0.2441522446,0.1538939749,0.2247027551,0.205033422,0.1538579634,0.1413174408,0.1666733589,0.1796678195,0.2026649032
118.5,0,0,0,0,0,0.1715126821,0.1388131026,0.08070559373,0.1728673913,0.1375150582,0.1183989948,0.1204007053,0.1018205608,0.2440673584,0.153975581,0.224604187,0.2049107921,0.153778536,0.141432403,0.166806581,0.1794905202,0.2028592776
119,0,0,0,0,0,0.1717275367,0.1387961105,0.08077571314,0.1728756407,0.1375719662,0.1184411133,0.1204793992,0.1019018276,0.2440444821,0.1539329822,0.2244434218,0.2047579825,0.1538506536,0.1414238134,0.166936647,0.1794959206,0.2027664714
119.5,0,0,0,0,0,0.1718027206,0.1388701339,0.08068195429,0.1729029862,0.1376405883,0.1184187466,0.1203674004,0.1018785207,0.2440639759,0.1539194669,0.2243861009,0.2046359574,0.1539375916,0.1412850977,0.1668550284,0.1795946701,0.2028653535
120,0,0,0,0,0,0.1715840411,0.1388689438,0.08092138724,0.1729379385,0.1377206596,0.1185833735,0.1205055357,0.1019529589,0.2440128377,0.1539445512,0.2242914532,0.204725758,0.1541013026,0.1413839132,0.1669412922,0.1795777109,0.2029053872
120.5,0,0,0,0,0,0.1716481976,0.1388060728,0.08085341811,0.173030407,0.1377623125,0.1188405562,0.1203707204,0.1018889542,0.2440795535,0.153959062,0.2241203846,0.2046865906,0.1541887825,0.1412749018,0.1668885579,0.1797075595,0.2029211748
121,0,0,0,0,0,0.1715732858,0.1387506877,0.08072324439,0.1730448511,0.1377711353,0.1189092619,0.1202866758,0.1019950017,0.2442578677,0.1540855269,0.2240501814,0.204655167,0.1541365399,0.1414741409,0.1666971303,0.1797625375,0.2029188881
121.5,0,0,0,0,0,0.1713954538,0.1389026706,0.08058235704,0.1731636069,0.1377929025,0.118990675,0.1204142872,0.1019153205,0.2443034673,0.1540459955,0.224086871,0.2045546522,0.1541233446,0.1415951799,0.1666543768,0.1799210847,0.2029072234
122,0,0,0,0,0,0.1714901542,0.1388584351,0.08067292303,0.1730960814,0.137737644,0.1187295395,0.1202781611,0.1017437499,0.2443579436,0.1540561448,0.2241593408,0.2046266548,0.1539476069,0.1416195643,0.1666386239,0.1798501179,0.2028331758
122.5,0,0,0,0,0,0.1714608358,0.1388114694,0.0809245111,0.173091944,0.1378179309,0.1187116404,0.1205209833,0.1017856377,0.2443707323,0.1538215035,0.2241633903,0.2047997688,0.1538482485,0.141482015,0.1666086981,0.1800396421,0.2028279975
123,0,0,0,0,0,0.1715649462,0.1389134211,0.08086256768,0.1731411269,0.1376234457,0.1185899332,0.120506497,0.1018054836,0.2444167362,0.1539929823,0.2240899801,0.2049389244,0.1537889361,0.1415157384,0.1666641806,0.1800426792,0.2027752011
123.5,0,0,0,0,0,0.1717393994,0.138937816,0.08079059981,0.173069662,0.1375613704,0.1184830495,0.120592736,0.1018212265,0.2442932339,0.1539952183,0.2239670148,0.2048719545,0.1537130071,0.1414602849,0.1666394685,0.1799407986,0.2026940888
124,0,0,0,0,0,0.1716871067,0.1389716614,0.08077252317,0.1731761749,0.1375159512,0.1185204722,0.120436948,0.101761637,0.2441417248,0.1540417993,0.2237601698,0.2048096824,0.1538257363,0.141532494,0.1668015044,0.1799138627,0.2024239057
124.5,0,0,0,0,0,0.1715500823,0.1390362157,0.08068126448,0.173120885,0.1375695265,0.1184946865,0.120426789,0.101588632,0.2441947265,0.1540818965,0.2237172733,0.2050446175,0.1539830819,0.1414199445,0.1669082807,0.1795931436,0.2023834313
125,0,0,0,0,0,0.1715451385,0.1390875723,0.08057572344,0.1729890708,0.1375491971,0.1187397684,0.1205557225,0.1014095459,0.2440326627,0.1542069984,0.2236787476,0.2051943311,0.1536465805,0.1413436097,0.1669188247,0.1795296668,0.2023476454
125.5,0,0,0,0,0,0.1714424575,0.1392554637,0.08058658717,0.1728293394,0.1374738936,0.1187265051,0.1204793256,0.1015534498,0.2439946033,0.1541623871,0.2236294201,0.205004897,0.1537520162,0.1414111334,0.1669956754,0.1794412823,0.2022943261
126,0,0,0,0,0,0.1715795788,0.1392777531,0.08082576717,0.1728142821,0.1375108411,0.1187064513,0.1205420194,0.1016212267,0.2440601822,0.1542103201,0.2236628032,0.2049286747,0.1538688628,0.1415585106,0.1667658961,0.1794849054,0.2020789686
126.5,0,0,0,0,0,0.1716488133,0.1392257892,0.08087895837,0.1728004733,0.1375366608,0.1187291478,0.120355238,0.1017785822,0.2441113902,0.1541034026,0.2237116718,0.2050579939,0.1538903307,0.1416899291,0.1666647424,0.1796147127,0.2019736898
127,0,0,0,0,0,0.1716356245,0.1391406649,0.08055248078,0.172734936,0.1375242895,0.1188296061,0.1204557199,0.101662736,0.2441779697,0.1541852455,0.2236432638,0.205093401,0.1537058812,0.1417836202,0.1666791767,0.1795718608,0.2020768343
127.5,0,0,0,0,0,0.1714582504,0.139170669,0.08040950803,0.1726446121,0.1375314206,0.1189301352,0.1203842166,0.1017399326,0.2441520555,0.1540767704,0.2237060503,0.2050026207,0.1538651181,0.1416364589,0.1666085311,0.1794858071,0.2021683832
128,0,0,0,0,0,0.1713902565,0.1391172993,0.08027954584,0.1725678583,0.1374617373,0.118973391,0.1206794329,0.1016658876,0.2440751554,0.1542223422,0.2237003523,0.2048679521,0.1539266563,0.1414860892,0.1665272466,0.17943643,0.2022801781
128.5,0,0,0,0,0,0.1714683366,0.1390993019,0.08035719226,0.1726249035,0.1374031526,0.1190463705,0.1207670473,0.1016443623,0.2440303402,0.1542702867,0.2236808237,0.2049578838,0.1538125523,0.1414475549,0.1664866298,0.1795472068,0.2021719576
129,0,0,0,0,0,0.1715868395,0.1389948724,0.08030774071,0.1727312536,0.1374556297,0.118862947,0.1206841845,0.1017276279,0.2440474082,0.1540445322,0.2235362246,0.2050805528,0.153831696,0.1413230437,0.1665421022,0.1792370338,0.2020253113
129.5,0,0,0,0,0,0.1716448699,0.1390376581,0.08050376803,0.1726610763,0.1374480314,0.118872346,0.1208851037,0.1016922824,0.2441069718,0.1541623842,0.2234332318,0.205121969,0.1536958149,0.1413704504,0.1667955165,0.179122964,0.2018796972
130,0,0,0,0,0,0.1716154939,0.1390382939,0.08043494046,0.1726836884,0.1374991977,0.1188179127,0.1209752296,0.1015706201,0.2439618549,0.1540023311,0.2235722202,0.2050215351,0.153449802,0.1413536496,0.1666508799,0.1791268846,0.2018283144
130.5,0,0,0,0,0,0.1716650043,0.1390514437,0.08053297048,0.1727563581,0.1375875025,0.1188284849,0.1208096026,0.1014747725,0.2439897509,0.1540818008,0.223533351,0.2050259132,0.1536068815,0.1413411411,0.1666460264,0.1792206886,0.2016526994
131,0,0,0,0,0,0.17160263,0.1388567568,0.08056322533,0.1726505277,0.1376247034,0.1187784239,0.1207256673,0.1015621432,0.2439564069,0.1542697087,0.2235740306,0.2052093318,0.1536374566,0.1413587032,0.1668082862,0.1793764118,0.2017200234
131.5,0,0,0,0,0,0.1716667453,0.1388923688,0.08060619503,0.1726845446,0.1376846707,0.1188692145,0.1206635321,0.1017438396,0.244100304,0.1541664918,0.2235110143,0.2050958668,0.1535804201,0.1412684984,0.1668804267,0.1793998408,0.201644434
132,0,0,0,0,0,0.1715965717,0.1388460735,0.08061974084,0.1726485497,0.1376063347,0.1186350432,0.1206768738,0.1015946119,0.2441012187,0.1541484195,0.2234173745,0.2050735708,0.1534463664,0.1414406562,0.1670453968,0.179539592,0.20176254
132.5,0,0,0,0,0,0.1713415897,0.1390399997,0.0806021228,0.1726088352,0.1377083479,0.1187511951,0.1207635598,0.1016686757,0.2441512845,0.1539354311,0.2234304114,0.2048870128,0.1536265356,0.1414560222,0.1670408457,0.1795943269,0.2017459395
133,0,0,0,0,0,0.1714861133,0.1387907097,0.08063267953,0.1727858952,0.1376850119,0.1188441264,0.1206618278,0.1016723973,0.2441057811,0.1540436445,0.2234752923,0.2047839587,0.1536417123,0.1414910536,0.1670543052,0.1796042468,0.2017107492
133.5,0,0,0,0,0,0.1714898613,0.138857794,0.08052240199,0.1728391398,0.1375235215,0.1189680962,0.1207762316,0.1017574266,0.2441537658,0.1539477682,0.2231657004,0.2048095421,0.153760353,0.1416093031,0.1668713631,0.1796957349,0.201743813
134,0,0,0,0,0,0.1714852919,0.138921059,0.08060225272,0.1729964771,0.1374234839,0.1190396548,0.120712344,0.1016676536,0.2442805066,0.1541685349,0.2231174358,0.20464556,0.1538708,0.1414927379,0.1668665585,0.1798117421,0.2017756941
134.5,0,0,0,0,0,0.1715328839,0.1389798606,0.08062332828,0.1728113303,0.1374524939,0.118888606,0.1206654543,0.1015935332,0.2442174656,0.1539979018,0.2230760216,0.2049039935,0.1537708981,0.1416250305,0.1670155772,0.1797480454,0.2017288641
135,0,0,0,0,0,0.1715593985,0.139029347,0.08075134131,0.1729543457,0.1374119901,0.118814503,0.1207205433,0.1017603599,0.2442180877,0.1540907894,0.2230648086,0.2047550077,0.1537677965,0.1416345618,0.1668737953,0.179790006,0.2016300384
135.5,0,0,0,0,0,0.1716395939,0.1389318656,0.08059129064,0.1728879256,0.1376256609,0.1188213563,0.1207348019,0.1017045738,0.2442003001,0.1537501637,0.2230023222,0.2048399399,0.1538547993,0.1416052028,0.1668675176,0.1797665165,0.2016712355
136,0,0,0,0,0,0.1715003628,0.1388618692,0.08069814914,0.1728419959,0.1375466793,0.1189906905,0.1208224687,0.1015833751,0.2441914187,0.153732844,0.2229186966,0.2048933103,0.1536849854,0.1417579659,0.1668675865,0.1796023406,0.2015841349
136.5,0,0,0,0,0,0.1714483115,0.1389508546,0.08060522332,0.1729257585,0.137587693,0.1189470149,0.120700419,0.1017169637,0.2443120998,0.1536379445,0.2228482384,0.2049671701,0.1537015864,0.1416516399,0.1670564816,0.179595495,0.2015814064
137,0,0,0,0,0,0.1713473696,0.1389744309,0.08065366156,0.172981523,0.1375367762,0.1189297417,0.1207201162,0.1017563511,0.2443171126,0.1536209987,0.2228631276,0.2050011995,0.1536668815,0.1418456028,0.1669075712,0.1797467933,0.2016055883
137.5,0,0,0,0,0,0.1716155285,0.1387852873,0.08069286875,0.1728023822,0.137504883,0.1189182887,0.1207617203,0.1016798063,0.2441559871,0.1538144605,0.2227273178,0.2051996053,0.1538649114,0.1418259122,0.1668455472,0.1798017127,0.2015627421
138,0,0,0,0,0,0.1717005585,0.1388193658,0.08069396482,0.1728100019,0.1373757416,0.1187650654,0.1206969007,0.1017861589,0.2441794184,0.154006571,0.2226416843,0.2051115269,0.1539978411,0.1417946078,0.1668111796,0.1796301757,0.2016026086
138.5,0,0,0,0,0,0.171734207,0.1389346417,0.08054412406,0.1727977681,0.1374912438,0.1186487956,0.1209111055,0.1019782652,0.2441222058,0.1539683811,0.2227747276,0.2052796967,0.1538839566,0.1418703856,0.1669561983,0.1795725014,0.2014366481
139,0,0,0,0,0,0.1717750298,0.1392565245,0.08068743534,0.1728508598,0.1375118025,0.118551967,0.121096555,0.10211037,0.244099853,0.1539192291,0.2228312112,0.2053836831,0.1539569937,0.1418436289,0.1669817055,0.179512538,0.201514968
139.5,0,0,0,0,0,0.1718078596,0.1392975495,0.08075890448,0.172762051,0.1375350224,0.1184997412,0.1211761539,0.1019583659,0.2440810804,0.153857366,0.2228479547,0.2053791898,0.1538582807,0.1418324343,0.1671007168,0.1796541312,0.2014845255
140,0,0,0,0,0,0.1716841903,0.139254473,0.08080546558,0.1726396086,0.1376787107,0.1185700943,0.121117116,0.1019839832,0.2440371232,0.1537298383,0.2228430374,0.2053555769,0.1538860723,0.1417727248,0.1670162814,0.1795879381,0.2015453678
140.5,0,0,0,0,0,0.1718387118,0.1389039821,0.08077852953,0.1725330889,0.1377246056,0.1186688448,0.120919086,0.1018761491,0.2440339046,0.1538045995,0.2227568033,0.2052478312,0.1537701735,0.1416539698,0.1670563998,0.1796172696,0.2014283486
141,0,0,0,0,0,0.1717590995,0.1388579148,0.08065560344,0.1725469228,0.1377250073,0.1186383965,0.1204878438,0.1019749024,0.2441438843,0.1538561405,0.2227487685,0.2052070621,0.1536104637,0.1415556183,0.1671195214,0.1795703711,0.201447866
141.5,0,0,0,0,0,0.171730313,0.1388561053,0.0805203105,0.1724250615,0.1376225228,0.1187246075,0.1206306105,0.1019037335,0.244008089,0.1538210334,0.2226575179,0.2053238511,0.1537677252,0.141554326,0.1670861482,0.1794891818,0.201360097
142,0,0,0,0,0,0.1717674448,0.1389349769,0.0806072039,0.1724769185,0.1376159616,0.1187343565,0.120722156,0.1018571701,0.2440302397,0.1539111201,0.2227808723,0.2052369362,0.1536028874,0.1416102151,0.1671325451,0.1795647226,0.2010624388
142.5,0,0,0,0,0,0.1714888842,0.1388580835,0.08055078721,0.1725294002,0.1377717685,0.1188223708,0.120761264,0.1018499046,0.2440430332,0.1537884362,0.222866088,0.2051844525,0.1537074606,0.1416492245,0.1671535301,0.1797015729,0.201172659
143,0,0,0,0,0,0.1716029824,0.138773185,0.08061705275,0.1725803433,0.1377040633,0.1187850236,0.1208814898,0.1018699873,0.2440328498,0.1537402087,0.2228918501,0.2049807569,0.153726305,0.1416589782,0.1671696063,0.1795870317,0.2011411004
143.5,0,0,0,0,0,0.1714517533,0.1387658848,0.08049632783,0.1726824196,0.1376828843,0.1188187451,0.1207685468,0.1018532526,0.2439916672,0.1537858522,0.2227895413,0.2051197844,0.1536655421,0.1416567257,0.1672419576,0.1797039945,0.2010299508
144,0,0,0,0,0,0.1714998433,0.1388624177,0.0806221958,0.1727235601,0.1377884725,0.1187997257,0.1209325979,0.101696835,0.2438687048,0.1539027096,0.2226879455,0.2050570142,0.1534193165,0.1415411888,0.1670888042,0.1795360242,0.2010963043
144.5,0,0,0,0,0,0.1714587757,0.1389452201,0.08055948078,0.172804991,0.1378336584,0.1187374221,0.1208050922,0.1017808479,0.2439099534,0.153967453,0.2228129988,0.2049802056,0.1533670387,0.1415155304,0.1669851195,0.1795715271,0.2009862381
145,0,0,0,0,0,0.1716301992,0.1389302113,0.0805423381,0.1728341989,0.1377526407,0.11863635,0.1207246297,0.1017859771,0.2439875349,0.1537410483,0.2227601662,0.2049733669,0.1533873976,0.1415141708,0.1670625768,0.1796214404,0.2009442521
145.5,0,0,0,0,0,0.1716697904,0.1389003662,0.08059587352,0.1730074917,0.1379147324,0.1186861708,0.1208340048,0.1016361213,0.2440978527,0.1537323574,0.2227307611,0.2052256882,0.1535878718,0.1415470527,0.1671509233,0.1798524249,0.2006788473
146,0,0,0,0,0,0.171656968,0.138827723,0.08068031102,0.17297963,0.1377401465,0.1186648527,0.1208613137,0.1015777714,0.2440553915,0.153723317,0.2225429962,0.2052993819,0.1535516341,0.1415493523,0.1669232452,0.1798355534,0.2007038889
146.5,0,0,0,0,0,0.1716238704,0.1386969819,0.08046754471,0.1728923911,0.1376185324,0.1187598045,0.1209328532,0.1016096589,0.2440721337,0.1536793154,0.2226840478,0.205285124,0.1535373296,0.1415237117,0.1669956978,0.1799908794,0.2005910042
147,0,0,0,0,0,0.1716662249,0.1387391241,0.08037223311,0.172827032,0.1377430073,0.1188712621,0.1208700566,0.1016423665,0.2440540588,0.1537220478,0.2227517806,0.2051933978,0.1534902327,0.1416584582,0.1668987521,0.1799640377,0.2006827444
147.5,0,0,0,0,0,0.1717506753,0.1386138616,0.08059308301,0.1727599077,0.1379181201,0.1188650905,0.1208181752,0.1014551073,0.2440931675,0.1537494775,0.2229129481,0.2052388127,0.1535725729,0.1417654428,0.1668943004,0.1799502886,0.2007839677
148,0,0,0,0,0,0.1717586461,0.1387547947,0.08070005128,0.1728613714,0.1376883452,0.1189263755,0.120755507,0.1015562001,0.2439773504,0.1538006189,0.2229396682,0.205336758,0.1534453456,0.1418414964,0.1669083746,0.1799472383,0.2006695404
148.5,0,0,0,0,0,0.1717047139,0.1387061224,0.0806642748,0.1726838036,0.1375662042,0.1187977149,0.1205967274,0.1015668821,0.2440352383,0.1539203188,0.2229124044,0.2053225696,0.1536042958,0.1417236749,0.1669565583,0.1799551065,0.2006794127
149,0,0,0,0,0,0.171575531,0.1386259309,0.08030093465,0.1727254047,0.1376230768,0.1190408409,0.1207016899,0.1016645664,0.2439963687,0.1538014312,0.2228102475,0.2051309619,0.1536727111,0.1417133865,0.1670003272,0.1800998499,0.2008769612
149.5,0,0,0,0,0,0.1715857654,0.1385805476,0.08038342173,0.1727468685,0.1376167881,0.1188383301,0.1206438684,0.1015818453,0.243925992,0.1538708269,0.2226985299,0.2049965708,0.1537636391,0.1416973506,0.167016906,0.1801124962,0.2006704627
150,0,0,0,0,0,0.171619308,0.138593734,0.0804315219,0.1726517081,0.1375736117,0.1188197329,0.1207231569,0.1015771385,0.2438528365,0.1538922523,0.2226682098,0.2049049281,0.1536693148,0.1414871622,0.1671389809,0.1800772909,0.2007583042
150.5,0,0,0,0,0,0.1717059437,0.1386208573,0.08047796984,0.1727482497,0.137511277,0.1188073927,0.120564606,0.10168896,0.2437269044,0.1538032014,0.2226682571,0.2050028721,0.1535300554,0.1416437299,0.167017798,0.1801524646,0.2006808727
151,0,0,0,0,0,0.1717331,0.138832037,0.08035258189,0.1729892941,0.1373887707,0.1188444988,0.1204815484,0.1017159103,0.2436646038,0.153807348,0.2226871526,0.2049755919,0.1535717436,0.1418298967,0.1669396273,0.1802192369,0.2006336563
151.5,0,0,0,0,0,0.1717659966,0.1388975813,0.08051754861,0.1729701512,0.1372461812,0.1189403792,0.1204177064,0.101692015,0.2435941683,0.153790166,0.2226797555,0.2050098581,0.1536258989,0.1417537819,0.1669145108,0.1802239391,0.2007714217
152,0,0,0,0,0,0.1717387052,0.1389249892,0.08052522022,0.1728108,0.137301171,0.1190755257,0.1204284706,0.1018560216,0.2436536484,0.1538386584,0.2225904486,0.2048338404,0.1537037957,0.1417088365,0.1668370983,0.1803892221,0.2007356489
152.5,0,0,0,0,0,0.1718722497,0.1386947031,0.08039172587,0.1728708138,0.1373212073,0.1191607373,0.1206523896,0.1019180581,0.2435821324,0.1539270744,0.2225378274,0.2048074701,0.1538640769,0.1417728763,0.1667420377,0.1802166052,0.2008415941
153,0,0,0,0,0,0.1717578963,0.1387429904,0.08049404149,0.1728444776,0.137366287,0.1190914863,0.1205794996,0.1018106193,0.2436457883,0.1539237925,0.2225264522,0.2050039273,0.1537891135,0.1415121452,0.1667890834,0.1802499228,0.2008981249
153.5,0,0,0,0,0,0.1718133391,0.1387729644,0.08055467995,0.1727101376,0.1373326067,0.1190651727,0.1205589725,0.1018268426,0.2436004709,0.1539053614,0.2225193332,0.2049719134,0.1537383649,0.1413912317,0.1666985413,0.1803317947,0.200980073
154,0,0,0,0,0,0.1717811056,0.1386438449,0.08071561286,0.1726357319,0.1373625103,0.1189193784,0.1207246085,0.1016783475,0.2438196366,0.1538968368,0.222329466,0.2051096795,0.1536867861,0.1415204584,0.1667985462,0.1803822361,0.2009651453
154.5,0,0,0,0,0,0.1716986123,0.1387417517,0.08067740195,0.1728120857,0.1375584133,0.1188011516,0.1207592009,0.1017274904,0.2437652614,0.1539816325,0.2223984027,0.2049765238,0.1538368904,0.141591027,0.1668778326,0.1804120354,0.2011710333
155,0,0,0,0,0,0.171603543,0.1388394377,0.0807358213,0.1728207907,0.1376091547,0.1187380644,0.1206720509,0.1018749526,0.2437857762,0.1538053459,0.2222703361,0.2049687083,0.1539680817,0.1415263762,0.1668169873,0.1805030697,0.2011510565
155.5,0,0,0,0,0,0.1717325035,0.1388122261,0.08100913164,0.172938014,0.1376965721,0.1185631277,0.120688612,0.1019522644,0.2438641867,0.1537458633,0.2223099393,0.2049786482,0.1539190273,0.1416996422,0.1669079014,0.1803957035,0.2011587914
156,0,0,0,0,0,0.1716365699,0.139011567,0.08087283257,0.1728847161,0.1377186838,0.1186039011,0.1205743443,0.1020085795,0.2439716986,0.1538144061,0.2223656605,0.204862866,0.1538728639,0.1414701308,0.1669480293,0.1802608413,0.201035078
156.5,0,0,0,0,0,0.1715333942,0.1389540754,0.08071497734,0.1728556054,0.1376756775,0.1185648616,0.1205107445,0.1020425012,0.2438732864,0.1538752286,0.2224253603,0.2048596805,0.1538894429,0.1414582735,0.1671136,0.1802995206,0.2011724052
157,0,0,0,0,0,0.1714702619,0.1389294759,0.08082554975,0.1728486359,0.1375803815,0.1185359396,0.1206283811,0.1022519841,0.2439612673,0.1538906495,0.2224329568,0.2049555857,0.1536673342,0.1415789111,0.1671490505,0.1803775745,0.2010703551
157.5,0,0,0,0,0,0.1714605816,0.1388891849,0.08079132794,0.1727684061,0.1376018005,0.1185987796,0.1206491985,0.1022051832,0.2439602981,0.1538650393,0.2224612074,0.2049318209,0.1536784909,0.1416253714,0.1669753301,0.1804020865,0.200932514
158,0,0,0,0,0,0.1715247793,0.1389847889,0.08069518423,0.1727369436,0.1375800814,0.1186569021,0.120784507,0.1021435396,0.2438392457,0.1537147149,0.2224415419,0.2049983027,0.1537178597,0.1414604666,0.166915986,0.1804188575,0.2009288879
158.5,0,0,0,0,0,0.1714631968,0.1386578914,0.08077717187,0.1726984069,0.1376633743,0.1186664209,0.1206573614,0.1019138805,0.2437218047,0.1537551033,0.2223870789,0.2048822446,0.1538468113,0.1414183206,0.1669359844,0.1805035002,0.2009823755
159,0,0,0,0,0,0.1714632094,0.1387668177,0.0808193234,0.1728143463,0.137544789,0.1185883324,0.1207812397,0.1017560088,0.2437600182,0.1537277804,0.2223271956,0.2048716077,0.1537217821,0.1414535646,0.1667784255,0.1805176735,0.2008760326
159.5,0,0,0,0,0,0.1715587528,0.1388010404,0.08064016808,0.1728653317,0.1374068267,0.1188261445,0.1208848123,0.1018656238,0.243796251,0.153801498,0.2222963245,0.2048541158,0.1538821447,0.1415223582,0.1667282217,0.1804464983,0.2008508149
160,0,0,0,0,0,0.1716551845,0.1388299852,0.08051579212,0.1728378825,0.1374093019,0.1187822723,0.1207146458,0.1019286545,0.2438524316,0.1537570142,0.2223564543,0.204782075,0.1538050135,0.1416177759,0.1668329559,0.1805921643,0.20077127
160.5,0,0,0,0,0,0.1716473113,0.1387817376,0.08046683548,0.1726841758,0.1373899313,0.1188446434,0.1206838189,0.101900302,0.2439173404,0.1537536316,0.2221896846,0.2047131792,0.153932341,0.1415253015,0.1668467794,0.1807038325,0.2008614059
161,0,0,0,0,0,0.1716117396,0.1387522867,0.0803864443,0.1725553193,0.1375545207,0.1186518349,0.1205551575,0.1016947611,0.2439147497,0.1539011371,0.2221769608,0.2046373588,0.1539760954,0.1415061025,0.166922827,0.1805131993,0.2008015596
161.5,0,0,0,0,0,0.1715486289,0.1387720393,0.0804362816,0.1725347115,0.1375827066,0.1187246781,0.120573672,0.1018776394,0.2438914386,0.1540768606,0.2221823592,0.2047142761,0.1540071922,0.1414279124,0.1670064302,0.1805716635,0.2007171219
162,0,0,0,0,0,0.171543657,0.1387414323,0.08055380783,0.1726440759,0.1376171138,0.1188320752,0.1205482797,0.1018628686,0.2440102761,0.154045009,0.2221217495,0.2046231354,0.1539213537,0.1415718715,0.1668746394,0.1804293641,0.2009174144
162.5,0,0,0,0,0,0.1716275472,0.1387895652,0.08050986446,0.1726624126,0.1376506826,0.118708243,0.1205325907,0.1018743777,0.243796745,0.1542086845,0.2223051497,0.2047974,0.1541070653,0.1414974754,0.1669087408,0.1802823388,0.2008826385
163,0,0,0,0,0,0.1714809995,0.1389882969,0.08058919317,0.172701529,0.1374563962,0.1187517054,0.1206065788,0.1017818538,0.243879569,0.1540941529,0.2221385804,0.20474172,0.1539494221,0.1416146421,0.1668783863,0.1801651854,0.2008510602
163.5,0,0,0,0,0,0.1714163135,0.1388908002,0.08048767566,0.1725877792,0.1372362489,0.1186561026,0.1208489568,0.1018110241,0.2438990906,0.1537688341,0.2220241155,0.2049669579,0.1540515112,0.1414454718,0.1671173779,0.1803845357,0.2008569424
164,0,0,0,0,0,0.1715020366,0.1385793162,0.08052138191,0.1726317248,0.1372605274,0.1186639509,0.1207852286,0.1016767011,0.2438743582,0.1537640528,0.2220771228,0.2048673052,0.1540515451,0.1414440043,0.1670583096,0.1805736999,0.2010035655
164.5,0,0,0,0,0,0.1714695909,0.1387797623,0.08062085654,0.1727001275,0.1371608353,0.1187198313,0.1206304275,0.1018116634,0.2438946959,0.1538018708,0.2221223506,0.2049224191,0.1541560414,0.1416102623,0.1670673791,0.1805730788,0.2010936684
165,0,0,0,0,0,0.1715696338,0.1386701957,0.08074210392,0.1726445881,0.1372242077,0.1186387238,0.1207531996,0.1017820754,0.2439108003,0.1537569467,0.2220659349,0.2050168111,0.1540631691,0.1415272275,0.1670893513,0.1805226039,0.2010255286
165.5,0,0,0,0,0,0.1717369091,0.1386971074,0.08063669591,0.1726230908,0.1373112102,0.1184241898,0.1207079292,0.1018512004,0.2438072953,0.1536667631,0.222103696,0.2048571214,0.1539244653,0.1415411375,0.1671438049,0.1804156303,0.2009839423
166,0,0,0,0,0,0.1717713282,0.1388422058,0.08059506951,0.1727432918,0.1373147805,0.1184023535,0.120619011,0.1017862286,0.2437166724,0.153666499,0.2219417185,0.2049266798,0.1539474435,0.1414560187,0.1672446765,0.1803736752,0.2010382153
166.5,0,0,0,0,0,0.1718371481,0.1387008973,0.08059580338,0.1725826243,0.1374821749,0.1184940694,0.1208060601,0.1017799314,0.2438041807,0.1536492491,0.2219521377,0.2051484712,0.1538958856,0.1413984225,0.1671633678,0.1802533737,0.2009064059
167,0,0,0,0,0,0.1718800332,0.1386732189,0.08069970222,0.1726919421,0.1375151912,0.1185753547,0.1208250141,0.1016856487,0.2438691996,0.1538630853,0.2219485369,0.2051487538,0.1537918342,0.1414327239,0.1672191331,0.1804185067,0.2009210139
167.5,0,0,0,0,0,0.171748601,0.1387731123,0.08070374146,0.172796287,0.1373751248,0.1184827278,0.1208618543,0.1016222006,0.2439167092,0.154008687,0.2219635229,0.2050829844,0.153630474,0.141448207,0.1670665252,0.1804881869,0.2009164146
168,0,0,0,0,0,0.171752806,0.1386480711,0.08068341732,0.1727050239,0.137298578,0.118388946,0.1208403637,0.1018043199,0.2439772974,0.1538054938,0.2220334648,0.2049581224,0.1535931456,0.1414635099,0.1669638016,0.1803828006,0.2011484022
168.5,0,0,0,0,0,0.1717367716,0.1385175932,0.08063734014,0.1729909112,0.1372764211,0.1183873982,0.1208652197,0.1018145496,0.2440468426,0.1537539662,0.2219689569,0.2049704785,0.1534751164,0.1414883742,0.1669465801,0.1805207007,0.201163336
169,0,0,0,0,0,0.1715149833,0.138448002,0.08075112359,0.1729001476,0.1373195007,0.1184839975,0.1209751108,0.1017855379,0.244101366,0.1536762094,0.2220089505,0.2049106537,0.1535264601,0.1414968895,0.1671019816,0.1805117736,0.2010787144
169.5,0,0,0,0,0,0.17144942,0.1385569008,0.08062632098,0.1728426776,0.1373171335,0.1184769422,0.1208680843,0.1018545345,0.2441127986,0.1536759204,0.2220523952,0.204828548,0.1537071489,0.1415813658,0.1671914614,0.1805214325,0.2012670688
170,0,0,0,0,0,0.1714723958,0.1386413133,0.08072262908,0.1727498174,0.1374368551,0.1185685282,0.120778784,0.1017488133,0.2440006656,0.1537554777,0.2220864504,0.2048385398,0.1537166847,0.1416141688,0.1669147612,0.1807266312,0.2012453729
170.5,0,0,0,0,0,0.1715532849,0.1389110131,0.08077301252,0.1728541007,0.1373499074,0.1185292715,0.1206915281,0.1017398112,0.2440332249,0.1537809696,0.2221191178,0.2050102055,0.1538779543,0.1415769274,0.1670092062,0.1806575329,0.2012863157
171,0,0,0,0,0,0.1716415962,0.1389729212,0.08060287557,0.1727717501,0.1373036421,0.1186986145,0.1206563815,0.101484358,0.2440546471,0.1536622299,0.2219585763,0.2050216599,0.1539368058,0.1417004043,0.1670353577,0.1807806334,0.2014039111
171.5,0,0,0,0,0,0.1715870906,0.1391076935,0.08094020558,0.1728011017,0.1374416982,0.1185446272,0.120582567,0.1014367084,0.2441716962,0.1537273278,0.2216781849,0.2049282972,0.1540210839,0.1414719952,0.1669798372,0.1806040669,0.2012676918
172,0,0,0,0,0,0.1715931729,0.1391344413,0.08097354231,0.1728643886,0.1375217509,0.1186917074,0.1206521793,0.1015737345,0.2442886998,0.1538203398,0.2216859058,0.2047742637,0.1538472232,0.1415519342,0.1670203242,0.1806645917,0.2012741648
172.5,0,0,0,0,0,0.1715429823,0.1392065554,0.08092844996,0.1728025335,0.1376212798,0.1186200473,0.1206227005,0.1016035934,0.2443411325,0.1539150626,0.2217340236,0.2049609028,0.1538650988,0.1414071096,0.1669419479,0.1804872805,0.2011818922
173,0,0,0,0,0,0.1716114027,0.1391443692,0.08083788392,0.1727317511,0.13762693,0.1185903973,0.1206071658,0.1016175769,0.2442622897,0.1538056271,0.2217485041,0.2048494862,0.1540693006,0.1416209142,0.1669583941,0.18042577,0.2010721226
173.5,0,0,0,0,0,0.171650482,0.1390531792,0.08062974947,0.1727019706,0.1377425512,0.118591789,0.1206399508,0.1015516943,0.2444323364,0.1539283102,0.2216921325,0.2049274535,0.1540725576,0.1416485096,0.1670126228,0.1804407945,0.2010377998
174,0,0,0,0,0,0.1717615549,0.1391503908,0.08049660224,0.1726048148,0.1376195553,0.1187055361,0.12078377,0.1016509239,0.2443596157,0.1538764296,0.2217609346,0.2047632659,0.1539358925,0.1416579792,0.1671095464,0.1803421545,0.2011023861
174.5,0,0,0,0,0,0.1716339229,0.1390858601,0.0806489112,0.1727496586,0.1376370271,0.1186382433,0.1207773893,0.101584353,0.2443314518,0.1540668914,0.2216629145,0.2048200356,0.1540190563,0.1417950357,0.1670298651,0.1801783904,0.2010071433
175,0,0,0,0,0,0.171658424,0.1386798525,0.08070178882,0.1727754225,0.1375194882,0.1184899999,0.1206682201,0.1017196848,0.2441864922,0.1540489027,0.2217078391,0.2049110708,0.1539214048,0.141698178,0.1669983393,0.1801339921,0.2010596996
175.5,0,0,0,0,0,0.1717869366,0.1385880323,0.08054117505,0.1727657958,0.1375453714,0.1184006905,0.1205374031,0.1016415374,0.2442903301,0.1538601751,0.2217636261,0.2047832712,0.1539934528,0.1416970803,0.1669139559,0.1802450439,0.2010116011
176,0,0,0,0,0,0.171772846,0.1384599632,0.08066884185,0.1727764412,0.1375793414,0.118367307,0.1204886048,0.1015684133,0.2444173732,0.1538464922,0.221736577,0.2046044197,0.1538753806,0.1416560547,0.166907805,0.1802847114,0.201120711
176.5,0,0,0,0,0,0.1715767864,0.1387108642,0.08058509377,0.1729124113,0.137719283,0.1183665383,0.1206485701,0.1015850505,0.2445294379,0.1538932838,0.2217766826,0.2048473125,0.1538561535,0.1415345832,0.166817386,0.1803415328,0.2011503445
177,0,0,0,0,0,0.1714363194,0.1387142948,0.08066318657,0.1728379781,0.137690394,0.118460295,0.1205101419,0.1017461135,0.244549794,0.1538474689,0.2217325402,0.2049514246,0.1538237937,0.1414020613,0.166657731,0.1803510947,0.2012316911
177.5,0,0,0,0,0,0.1713903721,0.1388996999,0.08070887431,0.1729488133,0.1378036077,0.1184611801,0.120467031,0.1017767426,0.244532686,0.1537973415,0.2217133757,0.2049241999,0.1537726125,0.1413331847,0.1667111494,0.1804198265,0.2011159789
178,0,0,0,0,0,0.1715570677,0.1388403758,0.08056176023,0.1728867143,0.1376519534,0.1183911119,0.1204146006,0.1016514342,0.2445333361,0.153683651,0.2217155551,0.2050000303,0.1537509147,0.1414834467,0.1667695885,0.180708552,0.2011637791
178.5,0,0,0,0,0,0.1716956631,0.1389641641,0.08039324463,0.1728868647,0.1377318481,0.1185336048,0.1202941251,0.1014773488,0.2444778566,0.1537138413,0.2217173772,0.2051140957,0.1536384816,0.1415971108,0.1668219776,0.1806353726,0.2011028481
179,0,0,0,0,0,0.1716697702,0.1389989228,0.08039366737,0.1728759892,0.1376369769,0.118715677,0.1203706958,0.1017092077,0.2444498145,0.1537230453,0.2218689934,0.2050364282,0.1538423836,0.1416458459,0.1667371805,0.1806647157,0.2010807793
179.5,0,0,0,0,0,0.1717618614,0.1387417776,0.08057684166,0.172865428,0.13755289,0.1185536511,0.1203534792,0.1016414186,0.2445578032,0.1537587177,0.2219147213,0.2051449005,0.1538691884,0.1418080087,0.1667969038,0.1807631106,0.2013305604
180,0,0,0,0,0,0.1716602966,0.1386390013,0.08072315929,0.1729206276,0.1374527443,0.1185205243,0.120305942,0.1016398981,0.2444300753,0.1537670359,0.2219647874,0.2051460591,0.1538794461,0.1417740667,0.1670118391,0.1806813039,0.2014192687
180.5,0,0,0,0,0,0.1716029221,0.138781651,0.08064262425,0.172857412,0.1374974589,0.1184900958,0.120595069,0.1017691999,0.2444848822,0.1536740406,0.2220320561,0.2052518389,0.1540058433,0.1419068927,0.1668396478,0.1809359662,0.2013272934
181,0,0,0,0,0,0.1716630742,0.1388606369,0.08072355559,0.1727668794,0.137350352,0.1183468095,0.1206477123,0.1016810531,0.2446050476,0.1538578933,0.2219995116,0.2052680104,0.1539567331,0.1418345358,0.1670008987,0.1807952301,0.2013562531
181.5,0,0,0,0,0,0.1715053346,0.1388928239,0.08073751119,0.1728695077,0.1375426071,0.1182780233,0.1205096993,0.1014908316,0.2444250448,0.1535938919,0.2220756039,0.2051276371,0.1540574092,0.1416385206,0.1669151266,0.1807370965,0.2015782527
182,0,0,0,0,0,0.1714745352,0.1390532759,0.0806573732,0.1728754444,0.1375723176,0.1183831258,0.1205761768,0.1016454257,0.2444098667,0.153719856,0.222073006,0.2050650529,0.1540591978,0.1416774125,0.1669198573,0.1806428929,0.2015419851
182.5,0,0,0,0,0,0.1716391052,0.1390682932,0.08061706245,0.1729168884,0.1376357698,0.1183217098,0.1206900261,0.1015607183,0.2443171336,0.1538446743,0.2221524903,0.2050393356,0.153795586,0.1417816163,0.1668814653,0.1806273372,0.2016111084
183,0,0,0,0,0,0.1715083805,0.1390566585,0.08067904319,0.1728989457,0.1377786903,0.1183507631,0.1207274355,0.101573806,0.2442700333,0.1539420129,0.222066924,0.2049140532,0.1537182258,0.1418058482,0.1669824222,0.1807425608,0.2015522122
183.5,0,0,0,0,0,0.1715692897,0.1391931922,0.08073879421,0.1730791947,0.1375946962,0.1183937478,0.1206608317,0.1016982686,0.2441546316,0.153973758,0.2220698073,0.2049420296,0.1537239294,0.1417692961,0.16696793,0.1806147388,0.2017308293
184,0,0,0,0,0,0.1715862012,0.1389599265,0.08068874873,0.1729677419,0.137407661,0.1187472473,0.1207589642,0.1016378427,0.2441735652,0.1537958472,0.2220153368,0.204840234,0.1537657824,0.1416302823,0.166981657,0.1808033956,0.2016989956
184.5,0,0,0,0,0,0.1717179269,0.1387863093,0.08059308064,0.1729898263,0.1373696775,0.1187098957,0.1207785872,0.1016198992,0.2442603111,0.1536711398,0.2220187481,0.2048990115,0.153822591,0.1416948108,0.1669180253,0.1808710322,0.2017590944
185,0,0,0,0,0,0.1716226417,0.1387222231,0.08068020167,0.17298509,0.1374991908,0.1189657142,0.1209014795,0.101777269,0.244209785,0.1537755092,0.2220271929,0.2048520745,0.1536643435,0.1416435327,0.166869124,0.1809196011,0.2016199871
185.5,0,0,0,0,0,0.1716486248,0.138863533,0.08046520387,0.1730214991,0.1376609358,0.1187445136,0.1208880355,0.1018583769,0.2441150529,0.15389992,0.2219725155,0.2048183878,0.1536234212,0.1413446607,0.1667941547,0.1808732867,0.2015422839
186,0,0,0,0,0,0.1717083574,0.1389181837,0.08061963736,0.1731358598,0.1378748849,0.1188302762,0.1209372638,0.1018511412,0.2440573722,0.1538746963,0.2219914339,0.2049736624,0.1535264324,0.1414965444,0.166863099,0.1809654014,0.2017061792
186.5,0,0,0,0,0,0.1715603585,0.1388368654,0.08063061433,0.1732462278,0.137982085,0.1188659945,0.1207860323,0.1017494029,0.2440436498,0.1540185768,0.2221097176,0.2051105798,0.1535062585,0.1415741781,0.166947675,0.1809783069,0.2016123027
187,0,0,0,0,0,0.1715392745,0.139022666,0.08038773336,0.173020008,0.137830006,0.1190831546,0.1208664279,0.1018421561,0.2439991113,0.1543024007,0.2221061457,0.2051534437,0.1536925581,0.141521234,0.166967468,0.1808996825,0.2015398635
187.5,0,0,0,0,0,0.1715026522,0.1389863675,0.08042067529,0.1729261391,0.1377906056,0.118923342,0.1210491973,0.1017961626,0.2439832428,0.1543825622,0.2221446481,0.2052459223,0.153779886,0.1412624627,0.1669744731,0.1808049339,0.201491182
188,0,0,0,0,0,0.1714429265,0.139141956,0.08042121399,0.1727622158,0.1376382502,0.1189977427,0.1209570655,0.1017167503,0.2440534253,0.1544033201,0.2222352638,0.2051697727,0.1538053524,0.141264242,0.1669144245,0.1807129717,0.2014733742
188.5,0,0,0,0,0,0.1715417832,0.139239673,0.08045037813,0.1729159017,0.1375718818,0.1187798414,0.1209875568,0.1017446132,0.2441364575,0.1545841243,0.222259105,0.204948299,0.1538983644,0.1413344129,0.1668126585,0.1807479074,0.2013853795
189,0,0,0,0,0,0.1715594577,0.1391753344,0.08067026555,0.1727887103,0.1375188667,0.1188903049,0.1208268616,0.101854092,0.2440069787,0.1545810378,0.2223465896,0.2048119672,0.153950896,0.141432361,0.1669621945,0.1807038873,0.2014795823
189.5,0,0,0,0,0,0.1714865103,0.1390559117,0.08069873111,0.1728453969,0.1375838694,0.1187435273,0.1208935405,0.1017449464,0.2438194738,0.1544550612,0.2223611761,0.2048736386,0.1538532501,0.1413526081,0.1669907458,0.1806029254,0.2014484851
190,0,0,0,0,0,0.1715947865,0.1388613404,0.08068393796,0.1730383787,0.1374509078,0.1186157701,0.1207866432,0.1016962695,0.2438119574,0.1546720732,0.2224756965,0.2047760891,0.1537403143,0.1411219124,0.1670239881,0.1804099893,0.2014741503
190.5,0,0,0,0,0,0.1715378513,0.1389300619,0.08065220724,0.1730673788,0.137355944,0.1186683736,0.1207401772,0.1016397476,0.2438699706,0.1545851253,0.2225116607,0.2046602427,0.1537762258,0.1411107482,0.1669689962,0.1805432849,0.2014858198
191,0,0,0,0,0,0.1716102669,0.1388769522,0.08074136679,0.1729584604,0.1374987642,0.1184431076,0.1206235977,0.1015328205,0.244004867,0.1543461683,0.2224666707,0.2047103618,0.1537814076,0.1412366064,0.1668740787,0.1803961477,0.2016302168
191.5,0,0,0,0,0,0.1714435764,0.138889118,0.08082074913,0.1729658491,0.137601983,0.1184008936,0.1206055622,0.1014943345,0.2440839159,0.1541261497,0.2224986443,0.2046332677,0.1536952416,0.1412936493,0.1671585178,0.1804468321,0.2015716495
192,0,0,0,0,0,0.1714781763,0.1388711705,0.08067370073,0.1729208816,0.1374104446,0.1185555824,0.1205051854,0.1016048122,0.2440712552,0.1541567595,0.2223828854,0.2046131674,0.1538480803,0.1414306539,0.1671895001,0.1804466229,0.2013210655
192.5,0,0,0,0,0,0.1714984845,0.1389384699,0.08069123815,0.1729580365,0.1373942659,0.1187246344,0.1206858783,0.1017010038,0.2440931758,0.15434986,0.2223890071,0.2047221817,0.1539598913,0.141307327,0.1671245188,0.1806089409,0.2013666602
193,0,0,0,0,0,0.1714260909,0.1389327941,0.08052566939,0.1728133975,0.1372361265,0.1188239508,0.1206196858,0.1015595379,0.2441672285,0.1543132204,0.2223964323,0.2046151788,0.154012682,0.1413100131,0.166984001,0.1805704637,0.2013458886
193.5,0,0,0,0,0,0.1714057476,0.1389862647,0.08064236152,0.1728553794,0.137207001,0.1186838205,0.1204010161,0.1015051645,0.2441797155,0.1543218504,0.2224258499,0.2048477153,0.15406545,0.1411454076,0.166957921,0.180604343,0.2013383566
194,0,0,0,0,0,0.1715878238,0.1389841663,0.08081284613,0.1728421293,0.1375038975,0.1188024677,0.1204370257,0.101323619,0.2442190859,0.1541739736,0.2224651582,0.2050118783,0.1542460782,0.1411697249,0.1667745132,0.1804906298,0.2014080127
194.5,0,0,0,0,0,0.1714699553,0.1388018524,0.08077055429,0.1729889483,0.1376042073,0.1187137731,0.1205764878,0.1014126174,0.2442175506,0.1541704419,0.2224059079,0.2048328286,0.1541508996,0.1413152917,0.1668345531,0.1804792153,0.2012915656
195,0,0,0,0,0,0.1715039419,0.1389008878,0.08070123559,0.1728537002,0.1374312507,0.1186398495,0.1206758584,0.1013210611,0.2441514288,0.154284415,0.2224361109,0.2048996542,0.1541861899,0.1415413718,0.1666914927,0.180575783,0.2012562375
195.5,0,0,0,0,0,0.1715158686,0.1387745777,0.08077257706,0.1731615079,0.1372983945,0.1188037082,0.1207144584,0.1016013438,0.2440176577,0.1542186475,0.2223955631,0.2048823733,0.1541545235,0.1413514976,0.1665711686,0.1805031221,0.2013626518
196,0,0,0,0,0,0.1714372911,0.1386901006,0.08065351029,0.1730223746,0.1372383822,0.1186859536,0.1207106722,0.1014983556,0.2440910106,0.15409461,0.2222872441,0.2049836341,0.1541152515,0.1412971325,0.1666357171,0.1805407146,0.2013360577
196.5,0,0,0,0,0,0.1715225135,0.1387610721,0.0809343128,0.1730541252,0.1373896127,0.1186105819,0.1208168024,0.101444768,0.2440097659,0.1540339129,0.2222319847,0.2048554899,0.1540250441,0.1412493539,0.1668389762,0.1805757918,0.2012382045
197,0,0,0,0,0,0.1714889549,0.1388219922,0.08083158398,0.1731189677,0.1375399734,0.1187004465,0.1208183723,0.1014293941,0.2439760593,0.1539004422,0.2223259975,0.204812586,0.1540973263,0.1411806004,0.1669481917,0.180475677,0.2011824309
197.5,0,0,0,0,0,0.1716067115,0.1389400591,0.08097254067,0.1729912697,0.1373727141,0.1188782208,0.1206852086,0.1015401214,0.2439063308,0.1541367122,0.2222775289,0.2047877557,0.1541205636,0.1413273634,0.1669014506,0.1806381382,0.2009788455
198,0,0,0,0,0,0.1718144624,0.1387968356,0.08093788602,0.1730211558,0.1374025928,0.118738954,0.1205658614,0.1014981998,0.2438040813,0.1540360654,0.2221960147,0.2046725353,0.1539985598,0.1414601334,0.166922926,0.180668347,0.201101455
198.5,0,0,0,0,0,0.1715746105,0.1387073175,0.08092555658,0.1730775318,0.1374417638,0.1186931111,0.1205326576,0.1015138787,0.2439552487,0.1539922151,0.2220722953,0.2046125713,0.1539954867,0.1415164236,0.1667535948,0.1805785759,0.2009564328
199,0,0,0,0,0,0.1715559476,0.1389917268,0.08083928958,0.1732155661,0.1373835987,0.1187509737,0.1203594537,0.1015092303,0.2439507905,0.1540754678,0.2218517614,0.2047197042,0.1539261527,0.1414794562,0.1667034062,0.180605769,0.2010915486
199.5,0,0,0,0,0,0.1714362639,0.138962958,0.0807144877,0.1732061696,0.137322317,0.1187167923,0.1203102017,0.1016460295,0.2438888119,0.1540515168,0.2218400987,0.2048616722,0.1539662826,0.1414339678,0.1667963604,0.1806690273,0.2009187552
200,0,0,0,0,0,0.1713863223,0.1390635739,0.08071915572,0.1732775831,0.1375838186,0.1185616352,0.1205177467,0.1017586306,0.2437190217,0.1541089491,0.2217785178,0.2049452761,0.1540687718,0.141525702,0.1669550175,0.1807766172,0.2007660644
200.5,0,0,0,0,0,0.1715982679,0.1388712287,0.08070479708,0.173262706,0.1376920871,0.1186697727,0.1205805785,0.1019901117,0.2437479149,0.1541748826,0.2216000655,0.2051095963,0.1538492093,0.1415226403,0.1670180482,0.1807498041,0.2008318024
201,0,0,0,0,0,0.1715821198,0.1388053112,0.08070003362,0.1732972578,0.1375823185,0.118626166,0.1205014169,0.1019442529,0.2438556578,0.1539348303,0.2215531771,0.2052243885,0.1539654216,0.1415251215,0.1670641536,0.1806752485,0.2007703578
201.5,0,0,0,0,0,0.1714620511,0.1388801132,0.08054135386,0.1731991411,0.1377149357,0.1185127815,0.1205662621,0.1017997999,0.2438636242,0.1538290134,0.2215231205,0.2052690391,0.1539486658,0.1416889133,0.1671182359,0.1807184683,0.2006888435
202,0,0,0,0,0,0.1715682866,0.1386984904,0.08046123632,0.1730790029,0.1377140742,0.1187316882,0.1204580078,0.1017862055,0.2437443361,0.1539215808,0.2214774613,0.2051903989,0.1539682016,0.1417079033,0.166948387,0.180578537,0.2005923066
202.5,0,0,0,0,0,0.1715991599,0.13864557,0.08039785498,0.1730116576,0.1376624951,0.1187980142,0.120502471,0.101804729,0.243800691,0.1538928532,0.2215258236,0.2052859777,0.1540092964,0.1415310631,0.1672585052,0.1804473465,0.2006356095
203,0,0,0,0,0,0.1714426104,0.1388248688,0.08065425117,0.172985431,0.1377568267,0.1188544342,0.1203667836,0.1019177658,0.2437669557,0.1539560432,0.2215449068,0.2049465356,0.1540115752,0.1416531043,0.166956584,0.1803584964,0.2003590286
203.5,0,0,0,0,0,0.1714209419,0.1386320772,0.08070002408,0.1728846684,0.1378488099,0.1186975583,0.1203760964,0.1018878379,0.2437458149,0.1540301386,0.2214286099,0.2048919644,0.1539050315,0.1417364892,0.1668789154,0.1807102077,0.2003803392
204,0,0,0,0,0,0.1714281794,0.1387399357,0.08089253252,0.1728569297,0.1377017948,0.1185923933,0.1204228041,0.1020237102,0.243697417,0.1540570036,0.2214362569,0.2048370402,0.1540478589,0.1415317779,0.1668338855,0.180751927,0.2004658515
204.5,0,0,0,0,0,0.1714820365,0.1388898968,0.08073373457,0.1729047739,0.1375705887,0.1185857717,0.1205323395,0.1018982831,0.243801683,0.1539612409,0.2214138502,0.2048711229,0.1539536179,0.1414288469,0.1668574072,0.1807148693,0.200334842
205,0,0,0,0,0,0.1714157009,0.1388932012,0.08062887074,0.173023179,0.137588854,0.1188212556,0.1205549058,0.1017604409,0.2436962471,0.1539351184,0.2214449962,0.2048627609,0.1539364352,0.1414758034,0.1668738192,0.1808870308,0.2001856338
205.5,0,0,0,0,0,0.1715520288,0.138815466,0.08061035132,0.1730303975,0.137339024,0.1188185029,0.1205368763,0.1015853173,0.2436372714,0.153872717,0.2214540232,0.2048363604,0.1539084437,0.1415079791,0.1669659678,0.1809351429,0.2003694384
206,0,0,0,0,0,0.1716754944,0.1390193592,0.08060230508,0.173135499,0.1372574841,0.1186950005,0.1206519564,0.1015517988,0.2437816284,0.1540667942,0.2213414392,0.2047820277,0.153958635,0.1414932365,0.16689802,0.1806434067,0.2003815021
206.5,0,0,0,0,0,0.1716298217,0.1388973266,0.08083267856,0.1727471564,0.1373192462,0.1188231723,0.1205216719,0.1016213348,0.2436304246,0.1540247591,0.2212353763,0.2047961301,0.153996845,0.1416428187,0.1669981239,0.1807126183,0.2003829977
207,0,0,0,0,0,0.1717866052,0.1390029884,0.08070357559,0.1728445784,0.1375179485,0.1187097397,0.1205305943,0.1015545021,0.2436260836,0.1540437179,0.2212634742,0.2048202082,0.1539155427,0.1415232668,0.1670005073,0.1807079112,0.2003278422
207.5,0,0,0,0,0,0.1717430575,0.1391172163,0.08067534591,0.1728629059,0.1375168916,0.1186535939,0.1205843605,0.1017013893,0.2436137591,0.154019308,0.2213440349,0.2048565881,0.1537499582,0.1414863857,0.1669251376,0.1807128584,0.2003478875
208,0,0,0,0,0,0.1717163639,0.1389903797,0.08062558047,0.172798822,0.1374938116,0.1186523069,0.1206998744,0.1019058739,0.2437207264,0.1538796071,0.2213169677,0.2048849959,0.1538919525,0.1414123152,0.1669894496,0.1806352197,0.2004338282
208.5,0,0,0,0,0,0.1717470032,0.1390075327,0.08050950828,0.172944884,0.1373215937,0.1185557408,0.1207472974,0.1017760876,0.2436441216,0.1539448303,0.2214269988,0.2047846034,0.1539805636,0.1412631696,0.1669114069,0.1805525814,0.2004915102
209,0,0,0,0,0,0.171721141,0.1388720976,0.08062311785,0.1728338801,0.1374568497,0.1185968947,0.1208059491,0.1018168744,0.2436970064,0.1539406492,0.2214682211,0.2048665245,0.1540127843,0.1412518285,0.1668762024,0.1803634808,0.2005756031
209.5,0,0,0,0,0,0.171771672,0.1389899179,0.08061047452,0.1727845494,0.1374931224,0.1186201372,0.120969801,0.101706162,0.2437835403,0.1539359739,0.2214025206,0.2048194455,0.1538957062,0.1412263508,0.1668920563,0.1805228806,0.2005476599
210,0,0,0,0,0,0.1718348872,0.138810983,0.08056689703,0.172693176,0.1374350903,0.1186729869,0.1208942443,0.101616768,0.2436884038,0.1539038841,0.2214974266,0.2047906931,0.1537740097,0.1414989128,0.1669001384,0.1805572897,0.2005202724
210.5,0,0,0,0,0,0.1717381865,0.1389077172,0.08069609378,0.1726706671,0.1373429607,0.118737848,0.12079255,0.1016110801,0.2436487169,0.1537044322,0.2215241356,0.2047424606,0.1539123051,0.141476095,0.1669579507,0.1805499637,0.2005405101
211,0,0,0,0,0,0.1717661728,0.1387361374,0.08079848348,0.173027774,0.1373569995,0.1187142595,0.1207796769,0.1018186294,0.2437300189,0.1538212731,0.221502909,0.2049122391,0.1537598699,0.1412881808,0.1670036003,0.1805991969,0.20035585
211.5,0,0,0,0,0,0.17171634,0.1386588907,0.08069142149,0.1729801698,0.1374318472,0.1185989876,0.1206821294,0.1018043445,0.2437253308,0.1536790075,0.221676978,0.2049145615,0.1538109779,0.1411506097,0.1670287874,0.1806899985,0.2004307393
212,0,0,0,0,0,0.1717674573,0.138667815,0.08079458841,0.1728993981,0.1375558926,0.118732519,0.1206585956,0.1017023687,0.2436943539,0.1537437159,0.2215089945,0.2049250557,0.1536540776,0.1411203298,0.1673289771,0.180676411,0.2003636201
212.5,0,0,0,0,0,0.1717765971,0.1386948418,0.08058952779,0.1728938057,0.137492991,0.1188340751,0.1207494625,0.1017805411,0.2436949107,0.153787372,0.2215065042,0.2048399704,0.1536957899,0.1410100713,0.167338216,0.1806165627,0.2003692382
213,0,0,0,0,0,0.171735219,0.138685658,0.08072930661,0.17303866,0.1377030735,0.1189274068,0.1206299417,0.1017302817,0.2437140744,0.1536158169,0.221601486,0.2047729149,0.1537916569,0.1410967746,0.1673482229,0.1804767611,0.2003392935
213.5,0,0,0,0,0,0.1715751017,0.1387124885,0.08061167979,0.1729285381,0.1375515701,0.1188486894,0.1204271084,0.1017936659,0.2436807948,0.1535817178,0.221717055,0.2047691209,0.1536294485,0.1412386848,0.1672489853,0.1805191473,0.2002960946
214,0,0,0,0,0,0.1715357175,0.1386677571,0.08056741477,0.1729173029,0.1377232531,0.1187527162,0.1204469554,0.1019363738,0.2437003273,0.153652983,0.2217019038,0.2048747716,0.1535817267,0.1413773365,0.1675282176,0.1806427053,0.2002608857
214.5,0,0,0,0,0,0.1716769737,0.1386906243,0.08049267601,0.1728608386,0.1377136446,0.1186819081,0.12035091,0.1019063998,0.2439124019,0.1536386487,0.2216464216,0.2049623939,0.1537704709,0.1411546145,0.1674460906,0.1805195462,0.2000887535
215,0,0,0,0,0,0.1715639318,0.1387451923,0.08065734287,0.1727745144,0.1377727835,0.1188246446,0.1203070782,0.1017845925,0.2440211344,0.1535619055,0.2216299888,0.2049796318,0.1537474125,0.1411024527,0.1675213649,0.180441263,0.2000357719
215.5,0,0,0,0,0,0.1716708222,0.1389120633,0.08061292898,0.1728340448,0.1377722167,0.1187901376,0.1203145298,0.1016896398,0.2440894004,0.1534453935,0.2215578824,0.2048846772,0.1539106628,0.1410915002,0.1674078872,0.1803885489,0.2000026069
216,0,0,0,0,0,0.1717192137,0.1389648031,0.08040093204,0.1728647577,0.1377836381,0.1188119406,0.1203385582,0.1016934216,0.2440500856,0.153427172,0.221696077,0.2049088574,0.1541245239,0.1410594833,0.1674555067,0.1802993495,0.2000040472
216.5,0,0,0,0,0,0.1717182496,0.1388875644,0.08037278345,0.1729766001,0.1377853586,0.1188581184,0.1205137083,0.1017687521,0.2442028479,0.1536516856,0.2217332908,0.2048212096,0.1542922889,0.1410285465,0.1674588533,0.180266059,0.1999763281
217,0,0,0,0,0,0.1716726562,0.1389517766,0.08034151822,0.1728771857,0.1376073289,0.1187571432,0.1203925561,0.101803373,0.2441732458,0.153728772,0.2217491913,0.2047983447,0.1542980907,0.1411705478,0.167419392,0.1802682869,0.1999253419
217.5,0,0,0,0,0,0.1717010298,0.1389078369,0.08045970351,0.1728048479,0.1376681595,0.1187313247,0.1205129782,0.1017256815,0.2442333123,0.1539327813,0.2216913036,0.2046886264,0.154093976,0.1411027901,0.1672410682,0.1803293275,0.199864425
218,0,0,0,0,0,0.171768949,0.1390092681,0.08049602634,0.1729647839,0.1377242121,0.1189344154,0.1205353172,0.1016294224,0.2441665251,0.1541355719,0.2216370638,0.2049321126,0.154077773,0.1413036887,0.1671815481,0.1802578569,0.1998149433
218.5,0,0,0,0,0,0.1717189422,0.1390044429,0.08059838123,0.1729508815,0.1375887737,0.118978119,0.1206794038,0.1017885184,0.2442330082,0.1541498108,0.221510156,0.204900216,0.1541343431,0.1413597672,0.1670733724,0.1800810941,0.1998962998
219,0,0,0,0,0,0.1715612869,0.1390239808,0.080643538,0.172859923,0.1374062416,0.1191078439,0.1208130407,0.1018422345,0.2440880221,0.1540972108,0.2214562534,0.2049510169,0.1541406245,0.141326041,0.1668405658,0.1800384483,0.2000340839
219.5,0,0,0,0,0,0.1713339736,0.1388464547,0.08052316963,0.1728026775,0.1374786963,0.1191107881,0.1208238438,0.101719901,0.2441237044,0.1540722751,0.2215205507,0.2050751856,0.1540909605,0.1413516972,0.1668023349,0.179969476,0.2000227994
220,0,0,0,0,0,0.1714879676,0.1388455188,0.08058445069,0.1729082877,0.1374947901,0.1189059817,0.1206800971,0.1017497888,0.2442979002,0.1541105988,0.2215606272,0.2051264685,0.154101691,0.1413146475,0.166886321,0.1800764742,0.2000102033
220.5,0,0,0,0,0,0.1713911797,0.1388575549,0.08038811844,0.1727746972,0.1374917545,0.1187870169,0.1206659197,0.1017417582,0.2442470653,0.1541762469,0.2215102022,0.2050236903,0.1542478865,0.1414561908,0.1668569047,0.1801823457,0.200003898
221,0,0,0,0,0,0.1714636852,0.1387476523,0.0804406944,0.1730571747,0.1374059054,0.1186190573,0.1206484744,0.1017019264,0.2442785416,0.1541556143,0.2215173341,0.2050839296,0.1541136032,0.1415193722,0.1668441768,0.1802056984,0.1999566778
221.5,0,0,0,0,0,0.1716092027,0.1387944721,0.08069877913,0.173105047,0.1374288936,0.1185686603,0.1205013556,0.1017772228,0.2442212237,0.1540429121,0.2214783233,0.205114144,0.1542151839,0.1413809811,0.166938641,0.1801379624,0.2000129679
222,0,0,0,0,0,0.1717178558,0.1387318679,0.08064003909,0.1730268102,0.137564335,0.1188927143,0.1204685015,0.1017362,0.2441860993,0.1539885506,0.2215805646,0.2051418327,0.1542842362,0.1414020881,0.1669471684,0.180141023,0.1999284451
222.5,0,0,0,0,0,0.1716157345,0.1388361897,0.08074854583,0.1728117638,0.1375575752,0.1188369837,0.1205859576,0.1017725158,0.2440635893,0.1540809498,0.2216409644,0.2051074473,0.1545302455,0.1414511401,0.1667658033,0.1801029211,0.1998555212
223,0,0,0,0,0,0.1716987245,0.1386804914,0.08066252607,0.1727045676,0.1375435285,0.1187521631,0.1205459334,0.1017922915,0.2441605899,0.1541543881,0.2216893817,0.2050870802,0.1545298861,0.1414901568,0.1667425956,0.1800327637,0.1997993601
223.5,0,0,0,0,0,0.1717696785,0.1388573431,0.08066241693,0.1727856867,0.1373970479,0.1189269226,0.1205308573,0.1017755052,0.2440996426,0.1539240681,0.2216848156,0.2051309678,0.1544175524,0.1414616371,0.1667406777,0.1802337131,0.199796229
224,0,0,0,0,0,0.1715108327,0.1387969682,0.08063400761,0.1727781939,0.1373666262,0.1190010816,0.1207305218,0.101663173,0.2441522724,0.1539843669,0.2217739323,0.2052809011,0.154387566,0.141426314,0.1668508299,0.1803437068,0.1996942838
224.5,0,0,0,0,0,0.1716264265,0.1386724254,0.08067921109,0.1726398418,0.1372523503,0.1188545721,0.1207339602,0.1016737166,0.2441981165,0.1540508735,0.2217478695,0.2052260833,0.1541751884,0.1414923689,0.1667864665,0.1803605339,0.1996407822
225,0,0,0,0,0,0.171532986,0.1387659875,0.08074227155,0.1726639406,0.1373650249,0.1190184738,0.1206706271,0.1018177962,0.2441840925,0.1541040282,0.221865215,0.205172438,0.153979034,0.1416012354,0.1667814756,0.1804247363,0.1994459212
225.5,0,0,0,0,0,0.1716014858,0.1388774755,0.08075540254,0.1727211384,0.137484279,0.1189726392,0.1207509753,0.1018449777,0.2441950479,0.1540608229,0.2218989653,0.2051104616,0.1538365766,0.1416358236,0.1666806742,0.1804746295,0.1994764818
226,0,0,0,0,0,0.1718225276,0.1388039652,0.0808192862,0.1727705666,0.1376478638,0.1189367564,0.1206886731,0.1019557874,0.2440386838,0.1542530155,0.2219254714,0.2049991516,0.153854516,0.1413493587,0.1669886607,0.1803755646,0.1995195099
226.5,0,0,0,0,0,0.1716512382,0.1388831819,0.08071361699,0.1728216029,0.1377839931,0.1187918752,0.1206204509,0.1019671029,0.2441487382,0.1544691886,0.2219278448,0.2048575291,0.1538340487,0.1412345649,0.1670398641,0.1803808491,0.1995209499
227,0,0,0,0,0,0.1716092386,0.1388494531,0.08067859511,0.1729111369,0.1377549066,0.1188430038,0.1207314087,0.101983714,0.2441379402,0.1544136399,0.2220587586,0.2048655601,0.1538560506,0.1412851433,0.1671018713,0.1803247381,0.1995103619
227.5,0,0,0,0,0,0.1715934875,0.1388463002,0.08103190219,0.1727536634,0.137730436,0.1186959131,0.1205901156,0.1019641389,0.244181215,0.1542428158,0.2220748478,0.2048613722,0.1539844815,0.1410709158,0.1671293568,0.1803198036,0.199403331
228,0,0,0,0,0,0.1715827251,0.138766737,0.08089183644,0.172725976,0.137696822,0.1188698026,0.1206817122,0.1017269238,0.2443306262,0.1541539951,0.2219446862,0.2049485677,0.1539825789,0.141013887,0.1669433174,0.1801575984,0.1996043451
228.5,0,0,0,0,0,0.1715847965,0.1386735276,0.08071902069,0.1728377542,0.1376343575,0.1189250258,0.120682518,0.1017632984,0.2443940083,0.1540314371,0.2221280323,0.205068595,0.1538427078,0.1411353508,0.1670398683,0.1799891177,0.1996384811
229,0,0,0,0,0,0.1715667095,0.1387132691,0.08045269148,0.1728833388,0.1375460483,0.1187923271,0.1208146153,0.1017168529,0.2443901487,0.15402171,0.2220174338,0.2051444022,0.1539113864,0.1411675506,0.1671119382,0.1800632024,0.1997958495
229.5,0,0,0,0,0,0.1716063874,0.1388604097,0.08056962325,0.1729416262,0.1375126439,0.1188375512,0.1207397212,0.1017098794,0.2444582841,0.1541583334,0.2220168316,0.2050809023,0.1539482791,0.1411753515,0.166882561,0.1801857441,0.1997150076
230,0,0,0,0,0,0.1716706906,0.1389134612,0.08049749975,0.1729792826,0.1374293238,0.1186514365,0.1209299096,0.1016493475,0.2444733209,0.1541194808,0.2220468491,0.2050336533,0.1540645986,0.1412364392,0.1668777729,0.1802749052,0.1997314292
230.5,0,0,0,0,0,0.1716412714,0.1388073696,0.0805357828,0.1729508646,0.1374592595,0.1186119648,0.1210784499,0.1017463795,0.2444731189,0.1540555993,0.2220080889,0.2049393645,0.1540179941,0.1412664396,0.1666431154,0.1801094593,0.1998734211
231,0,0,0,0,0,0.171619145,0.1388143634,0.08034161252,0.1728664082,0.1374897454,0.118684905,0.120936354,0.101989962,0.2444860638,0.1542156835,0.2220381036,0.2049020616,0.1539892663,0.1412351088,0.1665771053,0.1798433659,0.1999094539
231.5,0,0,0,0,0,0.171612007,0.1391076257,0.08036365788,0.1729119369,0.1375232903,0.1187324335,0.1208620871,0.1021623393,0.2443157508,0.1541526004,0.2220464396,0.2048982944,0.1540447505,0.1413852385,0.1665107524,0.1797435125,0.1999377605
232,0,0,0,0,0,0.171636949,0.1390548516,0.0803683626,0.1729328967,0.137516042,0.118607538,0.1207167881,0.1020785711,0.2443833453,0.1541346034,0.2220466302,0.2048801869,0.1538752313,0.1413456369,0.1663023306,0.1797577578,0.1998765693
232.5,0,0,0,0,0,0.1716830821,0.1388924974,0.08038534211,0.1727994,0.1374063663,0.1184334041,0.1207571795,0.1019625882,0.244415197,0.1539465446,0.2220293683,0.2048706363,0.1539566452,0.1414989294,0.1663403345,0.1798349203,0.2000039576
233,0,0,0,0,0,0.1716167685,0.1388625184,0.08051166508,0.1727485585,0.1374064681,0.1185759503,0.1206392009,0.1020745794,0.2443740964,0.1539578278,0.2221270055,0.2049067674,0.1540360357,0.1412340979,0.1664969762,0.1799782473,0.2000914141
233.5,0,0,0,0,0,0.1715756237,0.1389330153,0.08048889662,0.172655578,0.1373327986,0.1186941483,0.1205713746,0.102010999,0.2443372401,0.154041722,0.2221367425,0.2049613175,0.1539377008,0.1413650926,0.1664784041,0.1801186855,0.1998587151
234,0,0,0,0,0,0.1716292117,0.1388504518,0.08059567543,0.1725514391,0.1375366547,0.1185632305,0.1206513971,0.1018444458,0.2443053805,0.1539911941,0.2222763752,0.2048522168,0.1540494529,0.1413516606,0.1664737718,0.1800981244,0.1998846277
234.5,0,0,0,0,0,0.1715665614,0.1388625118,0.08055277661,0.1725029016,0.1375127474,0.1184703629,0.1207140132,0.1019978763,0.2443751376,0.1537272182,0.2222098092,0.2048150386,0.1539468559,0.1413604245,0.1666430936,0.1800897426,0.1999201509
235,0,0,0,0,0,0.1715231498,0.1387793576,0.08060465502,0.1726676412,0.1377535054,0.1185068772,0.1206055443,0.1020759057,0.2443331109,0.153613212,0.2221914031,0.2048529017,0.1537792584,0.1413431183,0.1667506923,0.180065349,0.2000323763
235.5,0,0,0,0,0,0.1714392839,0.1385998623,0.08057272877,0.172701845,0.1379828136,0.1184476616,0.1205949613,0.1020712386,0.2443648912,0.1536889063,0.2221235247,0.2048824257,0.1536881751,0.1412725945,0.1668587007,0.18002814,0.2000581146
236,0,0,0,0,0,0.171560717,0.1388368204,0.08046540093,0.1725953738,0.1378870683,0.118528305,0.1204622806,0.1019194318,0.2442685506,0.1537561469,0.2221863104,0.2049640987,0.1537486049,0.1412910629,0.1668750755,0.18012212,0.2001013318
236.5,0,0,0,0,0,0.1714734675,0.1389136234,0.0804477438,0.1726484141,0.1376258894,0.1185738908,0.1205021656,0.1017988131,0.2442886794,0.1537123639,0.2221648364,0.2048735128,0.1538323649,0.1412631597,0.1667534953,0.1800408811,0.199991123
237,0,0,0,0,0,0.1715360133,0.1389775352,0.08039589616,0.1726205753,0.1375533808,0.1186682636,0.1205413546,0.1017934274,0.2443547981,0.1535176824,0.22209517,0.2048021295,0.1538141271,0.1411462624,0.1668351273,0.1800653468,0.1999648772
237.5,0,0,0,0,0,0.1714895621,0.1390321506,0.08081022037,0.1726538304,0.1376080663,0.1186509854,0.1206042093,0.1018705079,0.2443398923,0.1535989866,0.2220122957,0.2047817061,0.1538153353,0.1412484492,0.1668690487,0.179951281,0.2000649939
238,0,0,0,0,0,0.171396763,0.1389791024,0.08071049143,0.1728506114,0.1377074156,0.1186750098,0.1206364461,0.1019589532,0.2443164335,0.1537269734,0.2220376332,0.2048947615,0.1536049598,0.1412622272,0.1668278401,0.1798699898,0.2001295504
238.5,0,0,0,0,0,0.1714372489,0.138930492,0.08071558703,0.1728683622,0.1378504727,0.1186120995,0.1207647969,0.1019194744,0.2444335951,0.1535352328,0.2220283065,0.2048436023,0.1537060877,0.1413577271,0.1668188367,0.1801740328,0.200177888
239,0,0,0,0,0,0.1715629628,0.1389222965,0.08081337384,0.1729134447,0.1377022908,0.1185821327,0.1206113221,0.1018477844,0.2445240054,0.1535137813,0.2219914836,0.2049244814,0.1537558668,0.1413602951,0.1667784963,0.1802830882,0.200286737
239.5,0,0,0,0,0,0.1715337147,0.1391100639,0.08078586247,0.1729281755,0.1375517525,0.1185676356,0.1206663767,0.1020101079,0.244503721,0.1537154932,0.2218789592,0.2049100502,0.1537220638,0.1412510855,0.166861664,0.180308388,0.200446246
240,0,0,0,0,0,0.1718013576,0.1390278656,0.08087653383,0.172942627,0.1376311947,0.1185793152,0.1206000577,0.1019448684,0.2446373866,0.15371458,0.2219100995,0.2049912891,0.1537409576,0.1411851482,0.1668283569,0.1803003259,0.2004663491
240.5,0,0,0,0,0,0.1717989709,0.1390683911,0.0806214469,0.1728142305,0.1375797182,0.1185842778,0.1206810737,0.1018180769,0.2446731065,0.1537029917,0.2219806089,0.205011315,0.1538094908,0.141149476,0.1668438252,0.1804018173,0.2005514912
241,0,0,0,0,0,0.1719539095,0.139181279,0.08062664992,0.1729238466,0.1376801504,0.118463317,0.1209979231,0.1017236999,0.244693056,0.153740519,0.2219439881,0.2050482154,0.1537494758,0.1413848658,0.1668071258,0.180360052,0.2006437248
241.5,0,0,0,0,0,0.1717834698,0.1391009728,0.08067658665,0.1728796617,0.1376104919,0.1186089706,0.1211361761,0.1017047387,0.244619923,0.1537487757,0.2219877482,0.20500524,0.1537472877,0.1413894064,0.1669029025,0.1801078399,0.2005753426
242,0,0,0,0,0,0.1718158401,0.1390800785,0.08052191972,0.172764941,0.1375086522,0.1184745153,0.1209949675,0.1018085892,0.244560395,0.1536683584,0.2219762895,0.2049039413,0.1539248976,0.1413240274,0.166844488,0.1800760816,0.2004821781
242.5,0,0,0,0,0,0.1716884424,0.1391561942,0.0805871255,0.1726773705,0.1372558612,0.1184285228,0.1211851044,0.1018562168,0.2446429464,0.1538148778,0.2218425302,0.2049372756,0.1538515982,0.1411762301,0.1668611184,0.1802115367,0.2004939885
243,0,0,0,0,0,0.17174387,0.1390793027,0.08063847585,0.172754674,0.1375238457,0.1184766722,0.1212404895,0.1017287406,0.2447982839,0.1539540137,0.221813142,0.2048500329,0.1538322702,0.1413432691,0.1669075607,0.1801482479,0.2005040463
243.5,0,0,0,0,0,0.1715770869,0.139079552,0.08076521703,0.172694423,0.1374552683,0.1185705974,0.1210642609,0.1018225701,0.2448457712,0.1539105479,0.2217470209,0.2048383665,0.1537510194,0.1414047168,0.1670625883,0.1803158321,0.2005399475
244,0,0,0,0,0,0.1717034706,0.1390199847,0.08084890186,0.1728389563,0.1373481883,0.1185200587,0.1209875542,0.1016680162,0.2448015105,0.153949901,0.2216685474,0.2048070177,0.153605555,0.1414478388,0.1670568586,0.1802923507,0.2006590348
244.5,0,0,0,0,0,0.1716455062,0.13888226,0.08086640209,0.1726397427,0.1374259387,0.1185796897,0.121006232,0.1015154968,0.2448857672,0.1539515305,0.2217595717,0.2046982847,0.1536210301,0.1414226416,0.1669923937,0.1802264332,0.2007915499
245,0,0,0,0,0,0.1717074644,0.1388915708,0.08080265185,0.1726898933,0.1375528146,0.1188050707,0.121117313,0.1014846442,0.2449086952,0.153784312,0.2218426077,0.2047732384,0.1538194485,0.1413685302,0.1670187076,0.1801586435,0.2006097699
245.5,0,0,0,0,0,0.1716745002,0.1389190049,0.08064971527,0.1727725333,0.1375882209,0.1187259783,0.1210806721,0.1015261099,0.2448066598,0.1536722415,0.2217928385,0.2048039845,0.1538573124,0.1413301306,0.1670203369,0.1800588093,0.2007032444
246,0,0,0,0,0,0.1716346577,0.1389205227,0.08070494553,0.1726885392,0.1376416128,0.1187570693,0.1208772006,0.1015260648,0.2447175716,0.153849862,0.2217918513,0.2048712889,0.1539835477,0.1413712107,0.1671963927,0.1802150539,0.200678686
246.5,0,0,0,0,0,0.1717460246,0.1387519092,0.08066783671,0.1726344624,0.1374805316,0.1189262913,0.1206636398,0.1017259677,0.2447143049,0.1539303483,0.2219333937,0.2049099848,0.1537655354,0.141275608,0.1670442748,0.1803232604,0.2007620532
247,0,0,0,0,0,0.1717811332,0.138769653,0.08052633689,0.1727089806,0.1374758716,0.1188408758,0.1208218402,0.101869036,0.2445839759,0.1541358566,0.2218731453,0.2049686115,0.1536906757,0.1413016168,0.1670306377,0.1803974754,0.2006689852
247.5,0,0,0,0,0,0.1717853874,0.1388395335,0.08060957857,0.1726814709,0.1376216066,0.1186250626,0.1207787937,0.1018820403,0.2444637384,0.1543194636,0.2217734034,0.2048434521,0.1536724127,0.1414028801,0.167117978,0.1804196742,0.2006196722
248,0,0,0,0,0,0.1717378743,0.1390205416,0.08055884533,0.1725946183,0.1374888747,0.1186980462,0.1206778214,0.1017338069,0.2443966019,0.1543214751,0.2218555524,0.2048806172,0.1537280332,0.1413499247,0.1671627245,0.1805865821,0.2006479382
248.5,0,0,0,0,0,0.1717907484,0.1390458812,0.08080241421,0.1725742588,0.1375999172,0.1185855892,0.1207798857,0.1017459263,0.244514767,0.1542422261,0.2217978497,0.2048774633,0.1538545907,0.1413343136,0.1672222078,0.1807520622,0.2006638043
249,0,0,0,0,0,0.1716144364,0.1388182198,0.08083648989,0.1727226265,0.137715459,0.11856943,0.1207611632,0.1018321001,0.244501015,0.1540823559,0.2216617751,0.2049271337,0.1539027507,0.1413824426,0.1671928714,0.1807390341,0.2006650364
249.5,0,0,0,0,0,0.1716707393,0.1388347646,0.08090685477,0.1728135155,0.1376624201,0.1187025116,0.1207197639,0.1017855502,0.2444929069,0.1539300503,0.2215614609,0.204995996,0.1540605103,0.1413720069,0.1672212092,0.1806602271,0.2006948054
250,0,0,0,0,0,0.1716239993,0.1388985112,0.08098653695,0.1729136232,0.1374284901,0.1187306983,0.1207266681,0.1018458661,0.2445543317,0.1538902788,0.2214666208,0.2047888076,0.1540004411,0.1414760074,0.1671737372,0.1808676646,0.2007054817
250.5,0,0,0,0,0,0.1716333474,0.1387977344,0.08090980556,0.1728393886,0.1375647191,0.1187947734,0.1207025578,0.1018397795,0.244396898,0.1538972892,0.2214902413,0.2048238727,0.154052566,0.1415949141,0.1670592005,0.1808291919,0.2006159872
251,0,0,0,0,0,0.1717111838,0.1390066953,0.08106359279,0.1727911353,0.1376159433,0.1187181983,0.120554202,0.1017729245,0.2443121555,0.1540008647,0.2214545112,0.2047730114,0.1540950639,0.1412840144,0.1673398546,0.1809058336,0.200536263
251.5,0,0,0,0,0,0.1719663301,0.1390650023,0.08085437268,0.1728439086,0.1375149858,0.1187698286,0.1205646334,0.1019191166,0.2442198967,0.1538679393,0.2215424796,0.2049750666,0.1538942988,0.1411994789,0.1672605252,0.1811136941,0.2004394153
252,0,0,0,0,0,0.1718847455,0.1389433449,0.08086063024,0.1726593722,0.1375169148,0.1190625864,0.1205213395,0.1019074344,0.2442056533,0.1537671252,0.2215322048,0.204897405,0.15390471,0.1412919042,0.1671963373,0.1811874514,0.2004714497
252.5,0,0,0,0,0,0.1717265035,0.13888935,0.08081561556,0.1727650321,0.1372917496,0.119152488,0.1205996776,0.1020344642,0.2442121154,0.1537675105,0.221477385,0.205036251,0.1535753963,0.141397034,0.1672798611,0.1811907549,0.2003752096
253,0,0,0,0,0,0.1717716986,0.1389384134,0.08079605767,0.1727496346,0.1373481091,0.1188345783,0.120426972,0.1018701537,0.2442243256,0.1539744356,0.2214494499,0.205227478,0.1538160507,0.1415429958,0.1672502245,0.181099752,0.2003117578
253.5,0,0,0,0,0,0.1717838237,0.1389404841,0.0808458043,0.1728538268,0.137290918,0.1188582639,0.1204455575,0.1018047714,0.2441194491,0.1536895228,0.2214884333,0.205152564,0.153764538,0.1416463622,0.1673190487,0.1810730252,0.2003555952
254,0,0,0,0,0,0.1716935513,0.1390669188,0.08086586187,0.172761531,0.1371824407,0.1187926812,0.1204724171,0.101734516,0.2440859514,0.1535330459,0.2214400759,0.2051672432,0.1538375917,0.1416305137,0.1673798522,0.1810762426,0.2003400908
254.5,0,0,0,0,0,0.1715737916,0.1391032202,0.08092167843,0.1726392467,0.1375410968,0.1188717659,0.1205360186,0.1017214592,0.2440172323,0.1535489069,0.221452645,0.2052312734,0.1537381859,0.1417752638,0.1673032918,0.1809584385,0.2004207823
255,0,0,0,0,0,0.171638734,0.1391370751,0.08096104144,0.1727329174,0.1375453022,0.1189217365,0.1205007447,0.1017729957,0.2440450503,0.1536626859,0.2211459288,0.2051919758,0.1538760675,0.141681186,0.1673412094,0.1810007983,0.2003112592
255.5,0,0,0,0,0,0.1715608861,0.1390175983,0.08078783426,0.1728914705,0.1375830889,0.1188966696,0.1205257693,0.1017671972,0.2441412192,0.1537676125,0.2212051143,0.2052340646,0.1537203771,0.1416250356,0.16740317,0.1809928399,0.2002648348
256,0,0,0,0,0,0.1715976482,0.1389114464,0.08086917413,0.172848066,0.1374738301,0.118775904,0.1206860862,0.1016899055,0.244083403,0.1537743484,0.2212610514,0.2052450981,0.1536753029,0.1418049714,0.1674019372,0.180910965,0.2003097609
256.5,0,0,0,0,0,0.1715355782,0.1389454943,0.08070237119,0.1728907259,0.1374859154,0.1188082723,0.1205017661,0.101565768,0.244094617,0.1536162823,0.2213272584,0.2052294018,0.1538354115,0.1418379292,0.1673084525,0.1809960867,0.2002165383
257,0,0,0,0,0,0.1714650863,0.1389221405,0.08055279809,0.1728227391,0.1374775464,0.1191430095,0.1204782086,0.1016661496,0.2440189523,0.1537129101,0.2212599263,0.205111685,0.1536692316,0.1419156305,0.167189451,0.1808242984,0.2002077818
257.5,0,0,0,0,0,0.171426067,0.1387618123,0.08062837507,0.1728299858,0.1374781691,0.1191615351,0.1207654065,0.101847362,0.2441455437,0.153594448,0.2213926626,0.2050803841,0.1536568318,0.1418312576,0.1673005767,0.1807882082,0.2002318112
258,0,0,0,0,0,0.1715884746,0.1389313873,0.08071838361,0.1728314439,0.1373496851,0.1189378596,0.1209380759,0.1018757896,0.2441768309,0.15363664,0.2214196697,0.2047851242,0.1537183376,0.1418366323,0.1674523236,0.1806355292,0.2002321766
258.5,0,0,0,0,0,0.1715179422,0.1390504344,0.08060477485,0.1727001214,0.1372683271,0.1188128418,0.1209005359,0.1018552554,0.2442178118,0.1536512632,0.2214399625,0.2050118917,0.153622179,0.1417762809,0.16746263,0.180630131,0.2000509639
259,0,0,0,0,0,0.1714757506,0.138975726,0.08083904842,0.1726272088,0.1374501777,0.1187929037,0.1211482782,0.1017543477,0.2442088592,0.1535359137,0.2213526859,0.2049611653,0.1535740802,0.1417622547,0.1674704205,0.1806329162,0.2000728247
259.5,0,0,0,0,0,0.1715394716,0.138867828,0.08066481266,0.1726720255,0.1376173975,0.1188489343,0.1210533361,0.1017645725,0.244190587,0.1538058446,0.2213453679,0.2049229699,0.1535079539,0.1417068659,0.1674225034,0.1805903131,0.2001034743
260,0,0,0,0,0,0.1715098791,0.1388288241,0.0806170233,0.1725518618,0.1377870109,0.1189207714,0.1208699814,0.1016719769,0.2442159448,0.1538901803,0.2211984083,0.2049493717,0.1535242028,0.1417201023,0.1671409088,0.1804605397,0.2001627361
260.5,0,0,0,0,0,0.1716552305,0.1387384031,0.08051305081,0.1726208379,0.1377783294,0.1188009134,0.1208169667,0.1017259581,0.2441082675,0.1538866492,0.2210390877,0.2050371494,0.1535796576,0.1415306346,0.1670022384,0.1805992575,0.2000149102
261,0,0,0,0,0,0.1716818773,0.138885315,0.08041675884,0.1725654729,0.1377724593,0.1187084044,0.1206486701,0.1016813124,0.2439183446,0.1536790766,0.2210971043,0.2049821107,0.1535507387,0.1416236739,0.1670959673,0.1806076321,0.1999628199
261.5,0,0,0,0,0,0.1717811798,0.1387800704,0.08050172252,0.1725290119,0.1376277188,0.1187075559,0.1206397106,0.1016064647,0.243969334,0.153683731,0.22104323,0.2050760207,0.1535123112,0.1415456246,0.1672347448,0.1806950592,0.1999178723
262,0,0,0,0,0,0.1718255964,0.1388309471,0.08039132377,0.1726503947,0.1375941206,0.1186733314,0.1206816407,0.1016512971,0.2440544466,0.1538743403,0.2210353528,0.205120806,0.1535595011,0.1414626034,0.1672661806,0.1807879536,0.1997259253
262.5,0,0,0,0,0,0.1720493494,0.1387861687,0.08049386868,0.1726117587,0.1374215044,0.1188742359,0.120485527,0.1016161445,0.2440428388,0.1538389898,0.2210919703,0.2050641352,0.1537338373,0.1414778935,0.1672183554,0.1807959638,0.1997448269
263,0,0,0,0,0,0.172027928,0.1389936249,0.08051165128,0.1725319108,0.1375376216,0.1186765484,0.1204691152,0.101751225,0.244104415,0.1538631392,0.2212418029,0.2049621592,0.1537405693,0.1416355573,0.1671041482,0.1809251693,0.199738641
263.5,0,0,0,0,0,0.1720094239,0.1389772719,0.08056993373,0.1724211479,0.1375599455,0.1187668011,0.1205642843,0.101580417,0.2441489586,0.1537159449,0.2212756649,0.2049135948,0.1538636617,0.1415155289,0.1670628955,0.1809520396,0.1997670248
264,0,0,0,0,0,0.1719588316,0.1390334259,0.08047071659,0.1724294675,0.1376426995,0.1187075487,0.1203601438,0.1016761566,0.2442607848,0.153649775,0.2212041285,0.2047120917,0.1538991084,0.1416716559,0.1671581906,0.1809208609,0.1997585295
264.5,0,0,0,0,0,0.1718321618,0.1388519134,0.08069153824,0.1725014342,0.1376219013,0.1186020112,0.1205744722,0.1016499234,0.2442308426,0.1537488335,0.2211224142,0.2047929765,0.1539291068,0.1417192536,0.1671469648,0.1810771519,0.1998454595
265,0,0,0,0,0,0.171805971,0.1387570954,0.08054330454,0.1726713555,0.1377031779,0.1185100325,0.1208062434,0.1017287905,0.2441927514,0.1535735505,0.2211651761,0.204830302,0.1539701026,0.1416984204,0.1670860499,0.1809934412,0.1998031444
265.5,0,0,0,0,0,0.1716828651,0.1388170076,0.08056491286,0.1726751054,0.137558543,0.1184011517,0.120748104,0.1018014757,0.2441601484,0.1534015576,0.2211524904,0.2048606382,0.1541170465,0.1418234558,0.1670953599,0.1807382915,0.2000925605
266,0,0,0,0,0,0.171687712,0.1389814654,0.08067883349,0.1728902009,0.1376553537,0.118397988,0.1207187859,0.1018499516,0.2441983678,0.1535505678,0.2212624952,0.2049748084,0.1539864025,0.1416966794,0.1670033847,0.1806875036,0.2000705563
266.5,0,0,0,0,0,0.1716871614,0.1390954595,0.08075848519,0.1731062975,0.1375455833,0.1184955732,0.1207512678,0.1020045101,0.2443167033,0.1536348488,0.2212865964,0.205012945,0.1538741815,0.1416783144,0.16698149,0.1808691983,0.2000393973
267,0,0,0,0,0,0.1716371264,0.1388652604,0.08065468695,0.1731014184,0.1375128392,0.118294683,0.1207167194,0.1020354721,0.244432962,0.1537581102,0.2215410482,0.2049886753,0.1539750107,0.1416553261,0.1669491437,0.1808743592,0.2001300377
267.5,0,0,0,0,0,0.1715668536,0.1387430048,0.08068096086,0.1729436549,0.1373923925,0.1185179262,0.1206663175,0.1019897582,0.2445223681,0.1537546822,0.2214436055,0.205014877,0.1538651132,0.1416360106,0.1668747618,0.1808732457,0.200015005
268,0,0,0,0,0,0.1716918819,0.1387789586,0.08049706999,0.1729598392,0.1375705922,0.1185706347,0.1206027619,0.102019256,0.2445678939,0.1538553416,0.2215236883,0.2049573318,0.1538964489,0.141605173,0.1668396101,0.1808105757,0.2001885299
268.5,0,0,0,0,0,0.1715786313,0.1388924153,0.08042837199,0.1729390412,0.1373465588,0.1188032603,0.120422349,0.1017944077,0.2445289528,0.1538372512,0.2216784175,0.2050311589,0.1538866038,0.141627416,0.1668858597,0.1805040731,0.2002980186
269,0,0,0,0,0,0.1716714454,0.1389412432,0.08054322488,0.1728031352,0.1373500882,0.1189274953,0.1205904336,0.1016666856,0.2446256936,0.1536887471,0.2216157839,0.2050664623,0.153951668,0.1417351022,0.1668969818,0.1803931543,0.200225711
269.5,0,0,0,0,0,0.1717396323,0.1388209182,0.0806787837,0.1727689351,0.1372203622,0.1188188109,0.12071827,0.1015996407,0.2446164855,0.1537715636,0.2216612315,0.2051593287,0.1539609627,0.1415912011,0.166810484,0.180307447,0.2003608031
270,0,0,0,0,0,0.1717232233,0.1388906797,0.08052692554,0.1728260574,0.1373781306,0.1187366845,0.1207711302,0.1015998747,0.2446954608,0.1539337124,0.2214773244,0.2051800336,0.1539515672,0.1415340065,0.1666382228,0.1803084047,0.2003946612
270.5,0,0,0,0,0,0.1717838083,0.1388507476,0.08047621514,0.1728902295,0.1373374205,0.1186022814,0.1206471849,0.1016878501,0.2446161864,0.1539710245,0.2213873198,0.2050805577,0.1538735527,0.1415290984,0.1667238913,0.1804351494,0.2001973417
271,0,0,0,0,0,0.1715360138,0.1390110263,0.08045206652,0.1728742035,0.1376208622,0.118772893,0.120884012,0.1017906482,0.2446606933,0.1539778726,0.2213602279,0.2051996518,0.1538505628,0.1414941036,0.1666796634,0.1805586037,0.2001548718
271.5,0,0,0,0,0,0.171456154,0.1389782228,0.08046831085,0.1729530848,0.1374181535,0.1186416642,0.1207431074,0.1019122871,0.2445888909,0.1540704401,0.2212635382,0.2052654234,0.1537167404,0.141470619,0.1667076571,0.1806914434,0.2003634724
272,0,0,0,0,0,0.1716164848,0.1388807343,0.08061774889,0.1728485607,0.1376518686,0.1185434519,0.1205114219,0.1018677318,0.2445704931,0.1540302649,0.2212168112,0.2053397694,0.1538856972,0.1416813915,0.1667444631,0.180752292,0.2002425918
272.5,0,0,0,0,0,0.1716230528,0.1387161433,0.08073669204,0.1726879906,0.137538116,0.1184510046,0.1204195125,0.1018952641,0.2445982131,0.1541411997,0.2211633383,0.2052101604,0.1536571134,0.1415331489,0.1668809529,0.1805728969,0.2003668843
273,0,0,0,0,0,0.1715098421,0.1387647194,0.08068756591,0.172720145,0.1375936602,0.1184722399,0.1201538617,0.1018863174,0.2444977465,0.1541419421,0.2211640836,0.2052008327,0.153670946,0.1414189389,0.1669069023,0.1806988951,0.2003503157
273.5,0,0,0,0,0,0.1717183453,0.1388899735,0.0807482168,0.172535095,0.1374987431,0.1183438188,0.1203343533,0.1018180061,0.2444069763,0.1541449051,0.2209737884,0.2050804361,0.1537471634,0.1412285373,0.166912796,0.1807735199,0.2004323122
274,0,0,0,0,0,0.1715716135,0.1391103054,0.08057780237,0.1726365776,0.1375669001,0.1185041163,0.1202492299,0.1018876918,0.2442161089,0.1541642888,0.2209938047,0.204983026,0.1537854611,0.1411223818,0.1669811005,0.1808141009,0.2004446804
274.5,0,0,0,0,0,0.1717448239,0.1390549973,0.08076126365,0.1726792986,0.1374820192,0.1185814729,0.120276394,0.1019460599,0.244251196,0.1541609307,0.221230813,0.2049794792,0.1538236691,0.1413313144,0.1669966099,0.1809041564,0.2002969651
275,0,0,0,0,0,0.1717527063,0.1389322067,0.08088879259,0.1726613737,0.1375848898,0.1186357856,0.1203752338,0.1019935378,0.2442088987,0.1542983765,0.2211590809,0.2050887974,0.1537983628,0.1414283983,0.1669782577,0.1808431821,0.2002271641
275.5,0,0,0,0,0,0.1719813834,0.1390609962,0.08074175706,0.1726790265,0.1375619594,0.1184674563,0.1203410667,0.1020478154,0.2441175465,0.1542043438,0.2211900788,0.2050998154,0.1538523443,0.1412881378,0.1670843505,0.1809371682,0.2002258027
276,0,0,0,0,0,0.1719567565,0.139087835,0.08070776046,0.1726671591,0.1374688054,0.1185804498,0.1203856369,0.1020378294,0.2441115403,0.154071014,0.2210764463,0.2051016692,0.1539224256,0.1410889624,0.1671016613,0.1809057231,0.2002797436
276.5,0,0,0,0,0,0.1719350975,0.1390638828,0.08087898838,0.1728003751,0.1374426739,0.1184894449,0.120516568,0.1019540833,0.2441272285,0.1540257701,0.2210845355,0.2050860101,0.154026169,0.1410384477,0.1669860519,0.1807353141,0.200200219
277,0,0,0,0,0,0.1716749853,0.1390079931,0.08080688678,0.1728689499,0.1375503723,0.1184653807,0.1205059355,0.1019475494,0.2441202248,0.1541305146,0.2209680175,0.2050155694,0.1538642022,0.1410902779,0.1669904946,0.1805984005,0.2002171179
277.5,0,0,0,0,0,0.1717291734,0.1390678528,0.0807205389,0.1728584691,0.137674367,0.1187423837,0.120369794,0.1019349166,0.2441087432,0.1539980507,0.2209888177,0.2051872618,0.1537156342,0.1411408808,0.1670777371,0.1806654399,0.200116212
278,0,0,0,0,0,0.1716993429,0.138931771,0.08052009054,0.1727357695,0.1376872022,0.1188954232,0.1202632369,0.1018864726,0.2442262394,0.1539909838,0.2208823846,0.2052353402,0.1537887421,0.1413249113,0.1669925281,0.1808079639,0.2000009083
278.5,0,0,0,0,0,0.1714975824,0.1388717522,0.08053008266,0.1728229248,0.1375590204,0.1189662648,0.1201358232,0.1019211355,0.2440168021,0.1538558383,0.2210162781,0.20512951,0.1537647034,0.1412911394,0.1670708443,0.180784746,0.2000531607
279,0,0,0,0,0,0.1716848122,0.1386163499,0.08070224913,0.1728906585,0.1376282981,0.119029642,0.1203262765,0.1018337236,0.2440451317,0.153870034,0.2210369183,0.2052027123,0.1537709745,0.1414095609,0.1670681038,0.1807552572,0.2000743111
279.5,0,0,0,0,0,0.1716023264,0.1386452622,0.0804940619,0.1728282239,0.1376091676,0.1190202418,0.1204215413,0.1019448145,0.2440622049,0.1539512334,0.2210068862,0.2053496429,0.1536871636,0.141574776,0.1670704911,0.1807327433,0.200065975
280,0,0,0,0,0,0.1715554879,0.1387267176,0.08056551632,0.1727530754,0.1375847049,0.1189104082,0.1204847419,0.1016943136,0.2441177711,0.1540606534,0.2208898466,0.2050707283,0.153724277,0.1418469054,0.1670614267,0.1807352076,0.2000372573
280.5,0,0,0,0,0,0.1716005136,0.1387096192,0.0805613284,0.1727415606,0.1377061659,0.1187348678,0.12044032,0.1017612613,0.2443094301,0.153981038,0.2209911346,0.2050676781,0.1538551357,0.141737158,0.167072534,0.1806630298,0.2001083228
281,0,0,0,0,0,0.1716574872,0.1387408232,0.08056880787,0.1728626194,0.1377255827,0.1187645244,0.120583169,0.101752984,0.2441850831,0.1541796663,0.2208642511,0.2050431169,0.1539613979,0.141623629,0.1669915864,0.1804805003,0.2002527037
281.5,0,0,0,0,0,0.1715947661,0.1386398904,0.08062485611,0.1728437829,0.1376468347,0.1186172037,0.1205604951,0.1017583667,0.24413543,0.1541332817,0.2209975337,0.2051347559,0.15401422,0.1415605258,0.1671017316,0.1804603006,0.2000785769
282,0,0,0,0,0,0.171580868,0.1387115126,0.08059754918,0.1727800531,0.1376605772,0.1187663408,0.1204783362,0.1017810401,0.2441697501,0.1540343699,0.2209042685,0.2049438005,0.1539085379,0.1415067408,0.167026237,0.1806129834,0.200059106
282.5,0,0,0,0,0,0.1716075161,0.1389466526,0.08047790057,0.1728580392,0.1375752086,0.118705913,0.1205772305,0.1018686977,0.2442183096,0.1540523628,0.2208198251,0.2049343618,0.1538660771,0.1413437868,0.1670728202,0.1805374264,0.2002028434
283,0,0,0,0,0,0.1716611397,0.1388571389,0.08053001911,0.1728090818,0.1375281436,0.1189171999,0.1206647228,0.1016634192,0.2440629348,0.1541490526,0.2206584978,0.2050515752,0.1537661837,0.1413823533,0.1671912526,0.1803570765,0.2000716647
283.5,0,0,0,0,0,0.1716505299,0.1388213819,0.08049261769,0.172616462,0.1376559695,0.1188443731,0.1206946598,0.1016466099,0.2442052653,0.1541277151,0.2206032787,0.2051441642,0.1535528164,0.1414072898,0.1671972451,0.1804069308,0.2001399768
284,0,0,0,0,0,0.1716424706,0.138842487,0.08057697848,0.1724880617,0.1376608867,0.1187451455,0.1208030303,0.101635993,0.2442253237,0.1540530394,0.2206251334,0.2050990159,0.1534734787,0.1412679549,0.1672608828,0.1804352717,0.2001093312
284.5,0,0,0,0,0,0.1716675708,0.1388046734,0.08059855279,0.1725698672,0.1374327966,0.1186753743,0.1206698243,0.1017713656,0.2441656259,0.153902051,0.2206064452,0.2050999847,0.1535001995,0.141229269,0.1670550913,0.1803157131,0.1999872468
285,0,0,0,0,0,0.1718581131,0.1387946838,0.08059020717,0.1727925077,0.1374555562,0.1188304276,0.1207011308,0.1017150297,0.2441636645,0.1538955657,0.2206743529,0.20501407,0.1535211234,0.1411856188,0.1670507258,0.1802040013,0.2000712479
285.5,0,0,0,0,0,0.1718239402,0.1388042703,0.08056267069,0.1728879493,0.1374619573,0.1188041684,0.1206942577,0.1016813402,0.2442731908,0.1540258522,0.2205177065,0.2050120891,0.1536381619,0.1413483377,0.1669662753,0.1801995471,0.1999823764
286,0,0,0,0,0,0.1717576528,0.1386971199,0.08060825283,0.172949674,0.1374545006,0.118620012,0.120552022,0.1017441395,0.2441808897,0.153969737,0.2203893554,0.2047855108,0.1536927843,0.1414238941,0.1670908465,0.1804632651,0.1998334935
286.5,0,0,0,0,0,0.1717301914,0.1389597641,0.08070795264,0.1728929476,0.1373847903,0.1186131672,0.1205169009,0.1016686761,0.2442856081,0.1540237011,0.2203584242,0.2047251703,0.153814283,0.1414600078,0.1669471334,0.1806460283,0.1999131855
287,0,0,0,0,0,0.17191218,0.1389585718,0.08079895647,0.1729750904,0.1374600273,0.1186134689,0.1205842421,0.1016962283,0.2442804604,0.1538261892,0.2203859649,0.2048736302,0.1539564509,0.1414545481,0.1669803718,0.1808174077,0.199895328
287.5,0,0,0,0,0,0.1718082506,0.1389805972,0.08054896398,0.1728304131,0.1375468694,0.1185026932,0.1205324309,0.1019987168,0.244208531,0.1537709547,0.2204438423,0.2049332742,0.1538934629,0.1416713532,0.1668796257,0.1809266942,0.199671743
288,0,0,0,0,0,0.1717784767,0.1390386198,0.08038545838,0.172838333,0.1374934086,0.1185986706,0.120733428,0.1019948389,0.2442795513,0.1538378096,0.2204815241,0.2049442582,0.1538383692,0.1414373152,0.1669268984,0.180820938,0.1997952937
288.5,0,0,0,0,0,0.1719493476,0.1390567705,0.08055169578,0.1727871076,0.1375549351,0.1185433757,0.1207526698,0.1018778701,0.2442187201,0.1537674156,0.2204622228,0.2048966582,0.1538962385,0.1414211616,0.1670536197,0.1808427707,0.1996929562
289,0,0,0,0,0,0.1718866271,0.1391003226,0.0804881973,0.1727981576,0.1375355443,0.1184741669,0.1206918736,0.1018481948,0.2441156116,0.1536046034,0.2202666946,0.2049446858,0.1539358288,0.1414077959,0.1669010171,0.180676414,0.1996673713
289.5,0,0,0,0,0,0.1718430804,0.1390524956,0.08047053345,0.1728831729,0.1376594356,0.118637819,0.1206642427,0.101728359,0.2442971584,0.1536662116,0.2202657395,0.2048412325,0.1540543146,0.1412676055,0.1669674923,0.1808127851,0.1996247886
290,0,0,0,0,0,0.1717510102,0.1390471065,0.0805126979,0.1729677975,0.1375215242,0.1186751015,0.1206498696,0.1017218001,0.2443646837,0.1538447389,0.2204794599,0.2049587046,0.1540141915,0.1411695122,0.166888706,0.1809999365,0.1996796335
290.5,0,0,0,0,0,0.1717102769,0.1389142272,0.0806365584,0.1728394616,0.1374576401,0.118825803,0.1206515006,0.1016374067,0.2444703824,0.1539226204,0.2206629783,0.2048149819,0.1540483728,0.1412227296,0.1668599356,0.1809111526,0.1996043119
291,0,0,0,0,0,0.171649447,0.1390175141,0.08069241688,0.1728789265,0.1373761697,0.1188887191,0.1206104039,0.1015955599,0.2444509858,0.1537076162,0.2206024666,0.2050104983,0.1540234448,0.1414526164,0.1667253173,0.1807811595,0.1996197543
291.5,0,0,0,0,0,0.1716938848,0.1388807056,0.08056676365,0.1728559611,0.1372099547,0.1187874245,0.1206032746,0.10155515,0.2444068549,0.1538434783,0.2207477441,0.2048653764,0.1540126269,0.1415096109,0.1667574242,0.1808506151,0.1996469429
292,0,0,0,0,0,0.1716490762,0.1387462131,0.08047977982,0.1728611161,0.1371661234,0.1188491091,0.1205420153,0.1016487335,0.2443951675,0.1537854781,0.2207453999,0.2047922972,0.1540535997,0.141599752,0.1668954498,0.1807659826,0.199563007
292.5,0,0,0,0,0,0.1717351177,0.1387942248,0.08034043994,0.1728717092,0.1371815577,0.1187971302,0.1206741885,0.1017864918,0.2445454703,0.1538708071,0.2207132474,0.2048103879,0.1541535511,0.1416396153,0.1668180351,0.1808715828,0.1994728655
293,0,0,0,0,0,0.1717272939,0.1386611072,0.08020102347,0.1727032049,0.1371347861,0.1188958073,0.1207073101,0.1016542905,0.2444301264,0.153905054,0.2208162332,0.2048804842,0.1543102712,0.1416359515,0.1668685591,0.1804927309,0.199437774
293.5,0,0,0,0,0,0.1717906019,0.13871006,0.08017210549,0.1727058953,0.1372665484,0.1189070859,0.1207882261,0.1017161055,0.2443014232,0.1539420684,0.2208632473,0.2049569118,0.1541698022,0.1415914255,0.1666336488,0.180380603,0.1993977644
294,0,0,0,0,0,0.1717495927,0.1388090326,0.08041951574,0.1727849168,0.1373936373,0.1189651705,0.1206910435,0.1018242164,0.2442028466,0.1541921129,0.2209252704,0.2049363572,0.1543395624,0.1417083039,0.1665951836,0.1801855997,0.1994238486
294.5,0,0,0,0,0,0.171682729,0.1388755344,0.08061909206,0.1727993345,0.137622142,0.1188135294,0.1207081593,0.1018704128,0.2441730305,0.1541335603,0.2208291176,0.2048921462,0.1541803162,0.1417275492,0.166645679,0.1800760694,0.1993807797
295,0,0,0,0,0,0.1718271608,0.1386608052,0.08047759526,0.1728632911,0.1375836743,0.1187953619,0.1208374351,0.1017590112,0.2441534097,0.1540507879,0.2207941785,0.2049875154,0.154234063,0.1415886124,0.1667453899,0.1800597425,0.1993574454
295.5,0,0,0,0,0,0.1718883861,0.1385463597,0.08038829597,0.1728303333,0.1374357339,0.1184136214,0.1207320946,0.1017660964,0.2441750573,0.153863584,0.2206716981,0.2048580413,0.1543029746,0.1414678699,0.1667005158,0.1799972744,0.1994462132
296,0,0,0,0,0,0.1718528266,0.1386231836,0.08023828169,0.1727611778,0.1374673421,0.11846096,0.120712502,0.101761239,0.2441226392,0.1539240989,0.2205897134,0.2050073548,0.1542307059,0.1414862666,0.1666971094,0.1798445626,0.1993793359
296.5,0,0,0,0,0,0.1715898196,0.1386906684,0.08035121381,0.1726998953,0.1371946592,0.1184351193,0.1208270096,0.1018593131,0.244152704,0.1537641241,0.2207060506,0.2051389958,0.1543370291,0.1413493507,0.1667321257,0.1799794726,0.1993709522
297,0,0,0,0,0,0.1716852908,0.1388742688,0.08040185173,0.1728419587,0.1373844998,0.1184731938,0.1208470583,0.1018892686,0.2441633265,0.1538483786,0.2207624184,0.2052071769,0.1542094481,0.1414855106,0.1668837556,0.1799292778,0.199487883
297.5,0,0,0,0,0,0.1719240723,0.1389737697,0.08055202061,0.1727765048,0.137294162,0.1185408622,0.1207886245,0.1018526238,0.2441484606,0.1539373365,0.2209071681,0.2052343276,0.1542550579,0.1415027922,0.1668910128,0.1801200157,0.1995317606
298,0,0,0,0,0,0.1718690592,0.1387015487,0.08067368537,0.1729898622,0.1375319775,0.1185403435,0.1208436908,0.1018704736,0.2440787397,0.1538292159,0.2208235426,0.2051505155,0.1542355687,0.141540399,0.1668988644,0.1802110068,0.1995162375
298.5,0,0,0,0,0,0.1717922456,0.1386587269,0.08065679211,0.1730942866,0.137518018,0.1185772084,0.120697768,0.1017351112,0.2440873565,0.1537637393,0.2208252155,0.2052516545,0.1542161542,0.141394917,0.1669555306,0.1799382563,0.1995171494
299,0,0,0,0,0,0.1718587505,0.1388347197,0.08074518493,0.1729580429,0.1375503508,0.1185692599,0.1207779257,0.1018298897,0.2441049957,0.1537393412,0.2208506076,0.2050870219,0.1540181412,0.1410285597,0.1668859413,0.179791552,0.1994720035
299.5,0,0,0,0,0,0.1717598544,0.138842319,0.08063024719,0.1729073845,0.1373862814,0.1185318244,0.1206412218,0.1018262357,0.244137492,0.1536860243,0.2208911055,0.2049818083,0.1541918248,0.1411337698,0.1668817478,0.1795316751,0.199484233
300,0,0,0,0,0,0.1716753424,0.1388436516,0.08058655634,0.1729330186,0.1374474348,0.118379842,0.1207174917,0.1018503454,0.2441489211,0.1536890472,0.2207747889,0.2051117179,0.1541922963,0.1410491299,0.1669214943,0.1795672821,0.1994430918
300.5,0,0,0,0,0,0.1716450218,0.1388894305,0.08053387941,0.1727009917,0.1374902854,0.1185993109,0.1207262234,0.1018618971,0.2440461531,0.1536867677,0.2208661903,0.205024741,0.1541952909,0.1410255242,0.1668224113,0.1797863761,0.1995953559
301,0,0,0,0,0,0.1715613772,0.1386939904,0.08057250264,0.1727239321,0.1375105035,0.1185994451,0.1206322315,0.1017660139,0.2441017023,0.1538237372,0.2208629117,0.2049578209,0.1542487145,0.1413251751,0.1668661029,0.1797844964,0.1995574483
301.5,0,0,0,0,0,0.1715153322,0.1389294801,0.08055885887,0.1728348493,0.1376023,0.118666432,0.1205814952,0.1017901507,0.2441314962,0.1539691616,0.221126768,0.2049126168,0.1542266629,0.1414552548,0.1670007016,0.1800308202,0.199542135
302,0,0,0,0,0,0.1715397603,0.1389814211,0.08048219178,0.1728764732,0.1376499794,0.1184998095,0.1206621174,0.1019034897,0.2442300316,0.1539280709,0.2211381196,0.2048928238,0.1541364432,0.1414705217,0.1671341172,0.1802110201,0.1996166004
302.5,0,0,0,0,0,0.1715554421,0.1389418456,0.08050109828,0.1728536355,0.1376360432,0.1185697022,0.1207386091,0.1016929832,0.2442103156,0.1539471797,0.221246819,0.2049717075,0.1540995447,0.1414484869,0.1671127788,0.1802374604,0.199527995
303,0,0,0,0,0,0.171480356,0.1388521377,0.08062734497,0.1729318768,0.1375057712,0.1185666337,0.1207483533,0.1018349002,0.2442855058,0.1540184087,0.2212282821,0.2050244818,0.1540569667,0.1413444785,0.1672729075,0.180068707,0.199408432
303.5,0,0,0,0,0,0.1714313886,0.1389050713,0.08069823262,0.1728976249,0.1376081336,0.1186055801,0.1207681397,0.1018281038,0.2443375095,0.15386007,0.2212693179,0.204940941,0.1541035117,0.1412189666,0.1672502175,0.1800088496,0.1991889547
304,0,0,0,0,0,0.1714660503,0.1388113469,0.08069511314,0.1727829257,0.1376088988,0.1184849353,0.1205892219,0.1017638353,0.2443352584,0.1538058023,0.2213279345,0.2049706915,0.1542091758,0.1413198733,0.1671819115,0.1801080283,0.1990849364
304.5,0,0,0,0,0,0.1713365184,0.1388080872,0.08072475877,0.1730153369,0.1375970874,0.1186094515,0.1206066981,0.1019279399,0.2441337851,0.1538796865,0.2214398035,0.2050071223,0.154161694,0.1414468082,0.1673638183,0.1799070499,0.1990874968
305,0,0,0,0,0,0.1713710642,0.1387586209,0.08094728676,0.1730298871,0.1376116228,0.1186269056,0.1204788478,0.1019826936,0.2441552045,0.1537921879,0.2214697042,0.2049368109,0.1540464614,0.1414948363,0.1673496873,0.1800071417,0.1992386852
305.5,0,0,0,0,0,0.1714950767,0.1388732268,0.08095282706,0.1729929109,0.1374064004,0.1184809176,0.120582732,0.1019541609,0.2441058696,0.1539450809,0.2214928799,0.2048762752,0.1539107846,0.141592237,0.1672941103,0.1800229082,0.1993446682
306,0,0,0,0,0,0.1716778892,0.1389124065,0.08094702366,0.17293989,0.1376765852,0.1186804112,0.1205188188,0.1018620775,0.2439984749,0.153921669,0.2214691133,0.2050332052,0.1538469947,0.1415121679,0.1672882263,0.1800647245,0.1994808148
306.5,0,0,0,0,0,0.1715930781,0.13883966,0.08098390419,0.1728727947,0.1377143857,0.1188336302,0.1204284956,0.1017802692,0.244067824,0.1540654961,0.2215112065,0.2050010245,0.1539091598,0.1414460411,0.1673352032,0.1800384108,0.1996137452
307,0,0,0,0,0,0.1716513167,0.1387989866,0.08075047163,0.1728884271,0.1378515557,0.1189157158,0.120475139,0.1018908082,0.2439850374,0.154052904,0.2214652762,0.204956993,0.1537454472,0.1413289575,0.1674273601,0.1802165429,0.1997824207
307.5,0,0,0,0,0,0.1716353044,0.1391242908,0.08069667543,0.1728626251,0.1378446057,0.1187044551,0.1205155086,0.1019574877,0.2441566815,0.153911369,0.2213918735,0.2049049276,0.1537664031,0.141287574,0.1674308502,0.1801621492,0.1996561981
308,0,0,0,0,0,0.1716355013,0.1389906129,0.08065369783,0.1728643266,0.1378234669,0.1188194495,0.1204315203,0.1021950013,0.244146878,0.1538759302,0.221431159,0.2049810294,0.1537758308,0.1414099532,0.1670573565,0.1800974872,0.1997432809
308.5,0,0,0,0,0,0.1716432601,0.1389815548,0.08066916331,0.1729288396,0.1376144822,0.1188544547,0.1204562215,0.1021592357,0.2441970051,0.154029297,0.2213031675,0.2051217301,0.1538509455,0.1415436883,0.1669667069,0.1802027309,0.1998081901
309,0,0,0,0,0,0.171562587,0.1387586219,0.08082381697,0.1730006433,0.1376031933,0.1186822613,0.1204437013,0.1018309826,0.244179742,0.1539548265,0.2212788407,0.2051421529,0.1538540067,0.1415786067,0.1668047257,0.1801455916,0.1997961196
309.5,0,0,0,0,0,0.1716091377,0.1388709683,0.08063988136,0.1729055325,0.1374693153,0.1187214405,0.1205135639,0.1018257455,0.2442238538,0.1541332157,0.221349788,0.205193616,0.1541563626,0.1416830643,0.166765939,0.1801130934,0.1996946567
310,0,0,0,0,0,0.1717266335,0.1389327778,0.08077662875,0.1728849451,0.1375440549,0.1186224128,0.1207106513,0.1018135471,0.2442527977,0.1539927084,0.2213384889,0.2052180525,0.1543073189,0.1416993875,0.1667621106,0.1801613773,0.1994759595
310.5,0,0,0,0,0,0.1716869292,0.1391476749,0.08054260184,0.1730735905,0.1376015522,0.1186630164,0.120698395,0.1018586595,0.2442249839,0.1538399095,0.2214200427,0.205276793,0.1541817247,0.1417454731,0.1668222887,0.18028897,0.199527917
311,0,0,0,0,0,0.1715168081,0.138948288,0.08037794292,0.1731637167,0.1376452235,0.1189491193,0.1205900932,0.1018589153,0.2441823833,0.1538212909,0.2213984765,0.2050909176,0.1540535552,0.1417398677,0.1668159288,0.1804592254,0.1994308845
311.5,0,0,0,0,0,0.1714451934,0.1389422495,0.08049272026,0.1730487676,0.1375022112,0.1188199679,0.1205919293,0.1017336638,0.2441373214,0.1538756077,0.2213283115,0.2049849697,0.1541597049,0.1416495796,0.1668445865,0.1804819972,0.1994623918
312,0,0,0,0,0,0.1716222396,0.138971758,0.08047210492,0.1729464084,0.137468186,0.118942157,0.1205861721,0.1018148608,0.2440977685,0.154073301,0.2213114348,0.204874371,0.1540415574,0.1417015817,0.1667995383,0.1807055759,0.1996206228
312.5,0,0,0,0,0,0.1715360187,0.1390040206,0.08069140598,0.1728854729,0.1373808056,0.1187427576,0.1206987115,0.1017292771,0.243973909,0.154150346,0.2213242865,0.2047928206,0.1539180553,0.1415777489,0.1667596245,0.1806156958,0.1996381421
313,0,0,0,0,0,0.1715170338,0.1389294532,0.08065283037,0.1727811984,0.1373393805,0.118596833,0.1207470519,0.1017140783,0.2438855116,0.1540583405,0.2214682563,0.204880186,0.1538672226,0.1414746152,0.1667183358,0.180884335,0.1998161165
313.5,0,0,0,0,0,0.1716304844,0.1389652448,0.08075541983,0.1727657716,0.1374583248,0.118589487,0.1208350304,0.101728121,0.2438290402,0.1539650659,0.2215430072,0.204852381,0.1539172396,0.1413824433,0.166848114,0.1808423514,0.1996921763
314,0,0,0,0,0,0.1717426961,0.139106195,0.08068204501,0.1726482597,0.137364217,0.1186474598,0.1208045877,0.1015602307,0.2437675011,0.1540462663,0.2215358885,0.2048786803,0.1538613427,0.1412040428,0.1667785367,0.1810181733,0.1997915411
314.5,0,0,0,0,0,0.1715660405,0.1391048556,0.0806982976,0.1724522445,0.1372852422,0.1188882309,0.120837867,0.1015464648,0.2439039802,0.1540186932,0.2215007834,0.2049627018,0.1539434756,0.1412044313,0.1669633601,0.18106974,0.1998630361
315,0,0,0,0,0,0.1715522173,0.1391139519,0.08078573141,0.1727966014,0.1371921337,0.1190106998,0.1207864216,0.1017244598,0.2439223398,0.1540998997,0.2214011609,0.2049634699,0.1539626422,0.1411162498,0.166958504,0.1809892603,0.1998454523
315.5,0,0,0,0,0,0.1716376065,0.1390768788,0.08080012632,0.1728313902,0.1370599645,0.1189977796,0.1207556776,0.101703623,0.2439908543,0.1541234581,0.2215097191,0.2050729662,0.1538282696,0.1413256468,0.1668883104,0.1812078129,0.1997810074
316,0,0,0,0,0,0.1716028861,0.1390269351,0.08093815803,0.1725624981,0.137219143,0.1188284379,0.1208059764,0.1017577848,0.2439557721,0.1541266983,0.2215227748,0.2049661495,0.1538035725,0.1412890029,0.167053483,0.1811053728,0.1998120691
316.5,0,0,0,0,0,0.171620461,0.1391138699,0.08078245715,0.1724618344,0.1373673721,0.1188563996,0.1209053758,0.1018497939,0.2439629806,0.1541777098,0.2216138646,0.205047001,0.1538008957,0.1413514046,0.1672696982,0.181009244,0.1998434289
317,0,0,0,0,0,0.1715817187,0.1390591722,0.08086034138,0.1726373866,0.1373272582,0.1189031464,0.1208497732,0.1017572754,0.2438702836,0.154149853,0.2217415107,0.2050603302,0.1538786045,0.141279849,0.1671677034,0.1808777129,0.1996761863
317.5,0,0,0,0,0,0.1716888615,0.1390319902,0.08096096627,0.1726429263,0.1373239911,0.1187090525,0.1207700856,0.1018208743,0.2438504558,0.1541232538,0.2216721783,0.2051170732,0.1539297585,0.1414556218,0.1670295646,0.1809742705,0.199697498
318,0,0,0,0,0,0.1716806799,0.1389772725,0.08089964462,0.172585536,0.1372722373,0.1186671023,0.1205887515,0.1018364646,0.2438552276,0.154194728,0.2218558956,0.2050113127,0.153791969,0.1412663,0.1669924824,0.1811565397,0.1995885732
318.5,0,0,0,0,0,0.1716823477,0.1388547396,0.08090726933,0.1725103442,0.1371712705,0.1187533271,0.1205793747,0.1018813158,0.2439665476,0.1542452786,0.2216197483,0.2049581933,0.1537273691,0.1411646969,0.166878233,0.1811192993,0.1995350493
319,0,0,0,0,0,0.1717562401,0.1388274006,0.08063306491,0.1724977744,0.1370052341,0.118636438,0.120465168,0.1019461449,0.2438240747,0.154495595,0.2215851305,0.2050697029,0.1537118907,0.1411570816,0.1667975142,0.1809723856,0.1996144537
319.5,0,0,0,0,0,0.1716712544,0.138988742,0.08084443544,0.1724675505,0.1371218314,0.1187523635,0.1205178647,0.1018790011,0.2438794116,0.1542784112,0.2217595456,0.205097125,0.1537961785,0.1412975242,0.1668346245,0.1810437925,0.1994887128
320,0,0,0,0,0,0.1715982721,0.1390003215,0.08073386639,0.1724461448,0.137256153,0.1188934578,0.120592725,0.1016535912,0.2439667041,0.1541312707,0.2218221629,0.2050517295,0.1536448219,0.1414341723,0.1668312698,0.1811767972,0.1994440084
320.5,0,0,0,0,0,0.1715106585,0.13896792,0.08070716633,0.172528039,0.137405365,0.118860388,0.1206246725,0.1015409232,0.2440209254,0.1540371906,0.2218366749,0.2050200806,0.1536886598,0.1415569836,0.1667003954,0.1810947348,0.1994993629
321,0,0,0,0,0,0.171546997,0.1387456314,0.08061112137,0.172636734,0.1372701463,0.1188927505,0.1204538266,0.101547388,0.2439504966,0.1540453399,0.2218126011,0.2051089164,0.1537970516,0.1415087609,0.1666842646,0.1811118708,0.199578926
321.5,0,0,0,0,0,0.1717067117,0.1388450457,0.08053784059,0.1727065699,0.1372908868,0.1187473395,0.1204340072,0.1015116951,0.2439347738,0.1540634206,0.2216378062,0.2049300317,0.1538063782,0.1414642858,0.1666235167,0.1810417519,0.1996222396
322,0,0,0,0,0,0.171797202,0.1388239131,0.08059402385,0.1725313213,0.1374901827,0.1186818659,0.1204383506,0.1016996798,0.2439124864,0.1539792295,0.2217474932,0.2049649768,0.1538455407,0.1414590995,0.1666642078,0.1808628717,0.1997438648
322.5,0,0,0,0,0,0.1718091804,0.1389195615,0.08065483856,0.1726727703,0.1375404959,0.1185529518,0.1204106907,0.101842957,0.2440060611,0.1539454888,0.2216106823,0.2049644473,0.153712394,0.1412651341,0.1666314088,0.1808917358,0.1997074411
323,0,0,0,0,0,0.1718350061,0.1388502349,0.08062460857,0.1727355881,0.1373164734,0.1187449645,0.1203275458,0.1019100719,0.2439512012,0.1538586743,0.2216491428,0.2048530485,0.1535525178,0.1415083882,0.166749068,0.1809936118,0.1997125627
323.5,0,0,0,0,0,0.1715920308,0.1386986341,0.08062380355,0.173059405,0.1373569428,0.1186867597,0.1203881629,0.1019276937,0.2440116083,0.1539118533,0.2215650928,0.2048716525,0.1535496337,0.1414571279,0.166785989,0.181086334,0.1997550895
324,0,0,0,0,0,0.1715551288,0.1387757006,0.08051348282,0.1731364887,0.1375324186,0.1186006483,0.1205055006,0.1018868459,0.2439878335,0.153526171,0.2216432068,0.2051626251,0.1535818198,0.1413825401,0.1668547166,0.1811694683,0.1996847988
324.5,0,0,0,0,0,0.1715361005,0.1388971048,0.08048795915,0.1729525047,0.1374782556,0.1185644966,0.1206046349,0.1018310284,0.2439669774,0.1535168255,0.2216583452,0.2052620659,0.1535564343,0.1412924083,0.1668430866,0.1811523754,0.1997710632
325,0,0,0,0,0,0.1717151798,0.1388553681,0.08050888361,0.1729361549,0.1374764601,0.1185462018,0.1204650469,0.1019129435,0.24396421,0.1536403082,0.2216272375,0.2053240008,0.1536701974,0.1412355384,0.1668090292,0.1811783192,0.1997660067
325.5,0,0,0,0,0,0.1716949759,0.1389490396,0.08054198692,0.1729562213,0.1373612912,0.1185647148,0.1204395208,0.1018152012,0.2439615458,0.1536114755,0.2215969332,0.2052530161,0.153639282,0.1412195172,0.1667693589,0.1810863853,0.1995768779
326,0,0,0,0,0,0.1716620894,0.1389192406,0.08058139819,0.1728886289,0.1374810876,0.1186222326,0.1203311233,0.1017792319,0.2440321033,0.1534314225,0.2216701305,0.2054108617,0.1537013178,0.1411816961,0.1668695878,0.1808043111,0.1994522021
326.5,0,0,0,0,0,0.1716574108,0.1390809656,0.08075617557,0.1730062793,0.1374507434,0.118611803,0.1202275183,0.1018511732,0.2439953425,0.1535848784,0.2217616142,0.205327518,0.153547035,0.1412897169,0.1666714271,0.1809755339,0.1994481077
327,0,0,0,0,0,0.1717028518,0.1391583612,0.0807410241,0.1728969029,0.1374591835,0.1187395573,0.1205183825,0.101914065,0.2440139204,0.153516169,0.2217058868,0.2052881457,0.1534992006,0.1414467087,0.1667192996,0.180867588,0.1994746916
327.5,0,0,0,0,0,0.1716436132,0.1390650352,0.08077452283,0.1728096745,0.1376729963,0.118860225,0.12052858,0.1018822893,0.2440815584,0.1536027353,0.2216206594,0.2050797712,0.1535777243,0.141404472,0.1666549213,0.1808487775,0.1995579392
328,0,0,0,0,0,0.1715349882,0.1391784961,0.08092012338,0.1727810703,0.1375434899,0.1186618598,0.120450485,0.1018506355,0.2441867153,0.1535207757,0.2216196489,0.2051225454,0.1536070435,0.1413797106,0.1667354544,0.1808385439,0.1995669863
328.5,0,0,0,0,0,0.1715630385,0.1392843383,0.08096156228,0.1727976753,0.1375369094,0.1185049509,0.1205274718,0.1018685908,0.2443364835,0.1534914653,0.221610661,0.2050226147,0.15379138,0.141361597,0.1667760617,0.1807245844,0.1997422469
329,0,0,0,0,0,0.1716053374,0.139011962,0.08086250088,0.1725666576,0.1373850926,0.1185915591,0.1207683252,0.1018681078,0.244266762,0.1534736636,0.2214732303,0.2051669278,0.1538216459,0.1414037965,0.166914677,0.1805614184,0.1995909279
329.5,0,0,0,0,0,0.1715675993,0.139185019,0.0808102325,0.1725942042,0.1374127537,0.1186366687,0.120538766,0.1018884786,0.2443618868,0.1535069648,0.2214741024,0.2052172621,0.1537621634,0.1413760311,0.1669240415,0.1807071485,0.1996861032
330,0,0,0,0,0,0.1715402522,0.1391708658,0.0810026922,0.1724436375,0.1373878133,0.1186606723,0.1205766446,0.1018657295,0.244508702,0.1534830626,0.2215473509,0.2051335985,0.1537311364,0.1413639323,0.1669314469,0.1806067024,0.1996044251
330.5,0,0,0,0,0,0.171694141,0.1390541196,0.08100387246,0.1724931722,0.1374519522,0.1187589241,0.1206919775,0.1018111885,0.2445055028,0.1535317659,0.2216533023,0.2051199615,0.1539994241,0.1414462528,0.1668675019,0.1806368655,0.1994262876
331,0,0,0,0,0,0.1717281485,0.1390779417,0.08086306977,0.1725225056,0.1373761392,0.1188155804,0.1205816843,0.1017615877,0.2445152899,0.1534636949,0.2216380495,0.2051050511,0.1537696695,0.141378033,0.1669018437,0.1808167534,0.1995245845
331.5,0,0,0,0,0,0.1717774504,0.1390118898,0.08094148407,0.1725519869,0.1375959443,0.1189560784,0.1207572485,0.1018808794,0.2445914887,0.1535189582,0.221547017,0.2050587272,0.1538253818,0.1415181717,0.1667602628,0.1807888941,0.1995756013
332,0,0,0,0,0,0.1716359123,0.1389282471,0.08089022612,0.1725782221,0.1377484127,0.1188149354,0.1208532595,0.1019166742,0.2447383458,0.1536692778,0.221665331,0.2051834334,0.1537468103,0.1414676426,0.1666238288,0.1807189105,0.1996277907
332.5,0,0,0,0,0,0.1716514725,0.1389634195,0.0808893035,0.1726631665,0.1377654763,0.1188830957,0.1208568489,0.1019301608,0.24476127,0.1535646855,0.2215413022,0.2051357339,0.1536755121,0.1415350728,0.1665609118,0.1807449612,0.199749527
333,0,0,0,0,0,0.1716243639,0.1390815872,0.08082748012,0.172548399,0.137805558,0.1190040025,0.1208626771,0.1019961303,0.244667515,0.1536699233,0.2214350776,0.2049513274,0.1535917338,0.1415373934,0.1663425044,0.1806072609,0.1997208313
333.5,0,0,0,0,0,0.1716095222,0.1389004029,0.08085783262,0.1726353053,0.1377092668,0.1189542844,0.1208898785,0.102031517,0.2446983786,0.1536473361,0.2215577989,0.204933852,0.1535349193,0.1414707864,0.1665359147,0.1804626411,0.199675842
334,0,0,0,0,0,0.1715963517,0.1388879888,0.08077720954,0.1727761526,0.1376309378,0.118826972,0.1210015401,0.1020103967,0.2447474033,0.1535378577,0.2216930742,0.2050243723,0.1533002412,0.1415184697,0.1667268926,0.180346574,0.1996088187
334.5,0,0,0,0,0,0.1716259322,0.1388971901,0.08064446986,0.1727284602,0.1375922201,0.1189086494,0.1208657114,0.1019479664,0.2447822452,0.153708544,0.2215976598,0.2050242514,0.1532423652,0.1415429033,0.1668505245,0.1805057555,0.1996398262
335,0,0,0,0,0,0.171716938,0.1388377608,0.08059209236,0.1729214969,0.1376651693,0.118770689,0.1207952482,0.1020643488,0.2446955414,0.1538009528,0.2215975916,0.2052176133,0.1535342501,0.141549632,0.1671298761,0.1803549758,0.199628017
335.5,0,0,0,0,0,0.171751284,0.1386726201,0.08054003353,0.1729595027,0.1375582239,0.1186074746,0.1208448555,0.1019750422,0.2446252948,0.1537325838,0.2215731874,0.2050171395,0.1535892446,0.1415030985,0.1670784189,0.1804291123,0.1995841818
336,0,0,0,0,0,0.1716854155,0.1387069466,0.08073830786,0.1728575612,0.1374735849,0.1185585052,0.1209028327,0.1019768631,0.2446288494,0.1537339702,0.2216054727,0.2049612906,0.1535459954,0.1414280232,0.1669730787,0.1803226749,0.1996090928
336.5,0,0,0,0,0,0.1717259578,0.1387039158,0.08094977167,0.1728473147,0.1374556186,0.1185517869,0.1207798188,0.101957578,0.2447172994,0.1538814172,0.2215729619,0.2048552687,0.153591476,0.1414448533,0.1669136076,0.1803501806,0.1997938589
337,0,0,0,0,0,0.1717092301,0.1387575684,0.08078244906,0.1728594095,0.1373679789,0.1184228003,0.120617325,0.1019654851,0.2447843829,0.1537826903,0.2215843439,0.204975631,0.1535995212,0.1413674921,0.1669144045,0.1804294768,0.2000319108
337.5,0,0,0,0,0,0.171727761,0.1388237213,0.08098991232,0.1727748771,0.1373156755,0.118368539,0.1204990181,0.1019836645,0.2448451936,0.1537703991,0.2214818787,0.2050956565,0.1537606862,0.1413207282,0.1670328543,0.1806148233,0.2001246289
338,0,0,0,0,0,0.1717494273,0.1388546687,0.08087748076,0.1727224371,0.1374730224,0.1183867996,0.1204905145,0.1019287019,0.2447009039,0.1537802415,0.2215156482,0.2049049066,0.153753992,0.1413635416,0.1671294901,0.1807999071,0.1999851959
338.5,0,0,0,0,0,0.1716655478,0.1390237719,0.08100129568,0.1726166595,0.1374294366,0.118490153,0.1204398709,0.1019058733,0.2446348728,0.1538098115,0.2214486983,0.2049932213,0.1536212812,0.141293194,0.1671369579,0.1809122623,0.1999456695
339,0,0,0,0,0,0.1716367423,0.1390778808,0.08086381629,0.1726831485,0.1374681826,0.1185779083,0.1205197504,0.1017070549,0.2446567747,0.1538852446,0.2215178315,0.2050502801,0.1538077938,0.1412666577,0.1669225383,0.1807134301,0.2000223737
339.5,0,0,0,0,0,0.171580761,0.1390233309,0.08080803339,0.1727563023,0.1376196227,0.1187564434,0.1204474119,0.1017730757,0.24476601,0.1537892457,0.2215786703,0.2050872329,0.1539384013,0.1411916459,0.1669819524,0.1808245926,0.1999619275
340,0,0,0,0,0,0.1716740671,0.1389526828,0.0805983951,0.1727200316,0.1375403209,0.1187748756,0.1204212139,0.1016838367,0.2446965446,0.153665417,0.2214917235,0.2053429338,0.1539061851,0.1412202622,0.1670351273,0.180992861,0.1999459551
340.5,0,0,0,0,0,0.1715319027,0.1390297579,0.08080775055,0.172688288,0.1375215932,0.1187180939,0.1204585133,0.1018632267,0.2446518357,0.1537194802,0.2215158879,0.2052781938,0.1539886303,0.1410629608,0.1671115171,0.1808955465,0.1998628408
341,0,0,0,0,0,0.1715400422,0.1390253484,0.08092726426,0.1726220596,0.1374317476,0.1185674896,0.1206457028,0.1018020156,0.2445714945,0.1536318724,0.2216352439,0.2052453137,0.1539551737,0.1411588029,0.1671075791,0.1808128234,0.1997938918
341.5,0,0,0,0,0,0.1715206371,0.1391364151,0.08079966268,0.1725833557,0.1373478664,0.1188037622,0.1206422688,0.1017310924,0.2446548358,0.153603133,0.2216382803,0.2052770222,0.1537202917,0.1412958276,0.1671730332,0.1807193938,0.1997524942
342,0,0,0,0,0,0.1715002478,0.1389412529,0.08092067887,0.1726538996,0.1374502644,0.1187739486,0.1204475312,0.1017390545,0.2446246816,0.1537043359,0.2217882396,0.2052971607,0.1535496123,0.1413669312,0.1671074916,0.1806572983,0.1996125008
342.5,0,0,0,0,0,0.1715916287,0.1389034423,0.08093081249,0.1724331485,0.1373001265,0.1187627104,0.1205192938,0.1017718249,0.2445371056,0.1537227232,0.2218521766,0.205202356,0.1536555816,0.1414824691,0.1670119025,0.1806286959,0.1995371035
343,0,0,0,0,0,0.1715964813,0.1388473747,0.08081029232,0.1723917147,0.13740576,0.1187831897,0.120578236,0.1017725506,0.2444582484,0.1536229072,0.2219543797,0.2051815393,0.1536612658,0.1414850559,0.1669219317,0.1806209045,0.1995305684
343.5,0,0,0,0,0,0.1716412299,0.1388175004,0.08071895782,0.1726264682,0.1373412972,0.1189231078,0.1206399313,0.1017438944,0.2445118339,0.1537235444,0.2218729273,0.2050645085,0.1536937995,0.1416957619,0.1668078256,0.1804936947,0.1994965492
344,0,0,0,0,0,0.1716824234,0.1389212021,0.0805811791,0.1727053694,0.1374647005,0.1188311608,0.1206352583,0.1017818723,0.2446288629,0.1536311434,0.2219134124,0.2050285447,0.1537367484,0.1418079579,0.1667157255,0.1805909867,0.1994147254
344.5,0,0,0,0,0,0.1717764562,0.1388780066,0.08062153312,0.1726954993,0.1374070868,0.1189681268,0.1203017824,0.1018440379,0.2446836685,0.1537163941,0.2219992343,0.204885851,0.1536236807,0.1417391959,0.1665422192,0.1806694572,0.1994093268
345,0,0,0,0,0,0.1717468563,0.138927326,0.08082598162,0.1727879494,0.1374859119,0.1189010896,0.1204096419,0.1015964126,0.2446526832,0.1538894446,0.2218823187,0.2049607213,0.1537177873,0.1417400152,0.1665570027,0.1807977282,0.1993621837
345.5,0,0,0,0,0,0.171815217,0.1388043724,0.08061013336,0.1728290758,0.1374827638,0.1186866307,0.1204055511,0.1017154279,0.2446157559,0.1538965265,0.2218851304,0.2050959965,0.1536742394,0.1416124356,0.1665704421,0.1810406547,0.1993414939
346,0,0,0,0,0,0.1717596287,0.1387578597,0.08049750313,0.1727956801,0.1375164297,0.1189566067,0.1205055874,0.1018001897,0.2445670173,0.1540827076,0.2218646021,0.204962206,0.1537226903,0.1415405723,0.1664626289,0.1809942154,0.1993659545
346.5,0,0,0,0,0,0.1718148905,0.1388968491,0.08065447143,0.1727145057,0.1375536065,0.1187852402,0.1205365743,0.1017857967,0.244442615,0.154069014,0.2219725807,0.2049833809,0.1538518807,0.1414983715,0.1665451842,0.1808193627,0.1994274964
347,0,0,0,0,0,0.1716243686,0.1389930299,0.08074723619,0.1727332136,0.1374604896,0.1188021739,0.1205099716,0.1016353685,0.2444441988,0.154117616,0.2219756642,0.205006295,0.1540552758,0.1414165925,0.1665653885,0.1808454053,0.1996217424
347.5,0,0,0,0,0,0.1714169925,0.1390119142,0.08086826431,0.1727202167,0.1374887954,0.1185282599,0.1207491792,0.1018208209,0.2444355588,0.1539353692,0.2219175626,0.2050049138,0.1540511811,0.141266391,0.1665027361,0.1810497944,0.1994634056
348,0,0,0,0,0,0.1714773044,0.1388894527,0.08072750249,0.1727475433,0.1374657514,0.1185854851,0.1208539115,0.1017712886,0.2445677056,0.1538966156,0.2218662468,0.2050560776,0.1541221094,0.1415473664,0.1666692942,0.1810352414,0.1994273962
348.5,0,0,0,0,0,0.1715942779,0.1387857912,0.08069657543,0.1728063287,0.1374852435,0.1185690926,0.1208978327,0.1017102007,0.2444870856,0.1539634603,0.2218360659,0.2051145437,0.154117357,0.1416921118,0.1666915341,0.1810435248,0.1994903917
349,0,0,0,0,0,0.1716317173,0.1388893388,0.08082398818,0.172892231,0.1375784565,0.1185906328,0.120928504,0.1016130452,0.2443910643,0.1538498422,0.2218114761,0.2051072002,0.1541628979,0.1418079628,0.1667838729,0.1810266353,0.1995028984
349.5,0,0,0,0,0,0.1714504795,0.1387171784,0.08088761868,0.172725654,0.1376288468,0.1185652927,0.1208385213,0.1016288939,0.2444455375,0.1538248151,0.2217976263,0.2050911567,0.1541657891,0.1417633055,0.1668391989,0.1808925889,0.1993788173
350,0,0,0,0,0,0.1714537277,0.1387729247,0.08091116591,0.1728470512,0.137448804,0.1184683276,0.1207159542,0.1015447088,0.2443035024,0.1538770947,0.2216722116,0.2051260624,0.1540201989,0.1417888048,0.1669863113,0.1808540214,0.1993483013
350.5,0,0,0,0,0,0.1715180694,0.1388538519,0.08080924131,0.1729156,0.1372699993,0.1186099623,0.1208091668,0.1015723625,0.244268381,0.1538980103,0.2215387979,0.2050998817,0.1540707464,0.1417383791,0.1669095793,0.1809445298,0.1993720019
351,0,0,0,0,0,0.1714230371,0.1388234413,0.08077060398,0.1729990533,0.1372702144,0.1187348968,0.1207895371,0.1013860639,0.2443580113,0.1536995039,0.2216726526,0.2050523456,0.1540572448,0.1416511519,0.1669504154,0.1810374755,0.1992766759
351.5,0,0,0,0,0,0.1713642361,0.13871573,0.08090534092,0.1730376618,0.1373839299,0.118616151,0.1207046918,0.1014934556,0.2443162746,0.1537262562,0.2216012512,0.2050451815,0.1540103135,0.1416425913,0.1669714942,0.1810558108,0.199445282
352,0,0,0,0,0,0.1714007419,0.1388920882,0.08076140611,0.172800418,0.1373520325,0.1186425857,0.1206254493,0.1015235088,0.2443259531,0.1535944719,0.2215412748,0.205097902,0.1540427972,0.1415591849,0.1671273818,0.1810248932,0.19948792
352.5,0,0,0,0,0,0.1714467073,0.1387167929,0.08069548255,0.1728163481,0.1373033704,0.1186321473,0.1206059309,0.1015917747,0.2444869927,0.1536311831,0.2215104509,0.2049870096,0.1539610723,0.1415202624,0.1670637425,0.1810337653,0.1995659003
353,0,0,0,0,0,0.171555471,0.1387527914,0.08056515339,0.1726543862,0.1373441917,0.1185928018,0.1205482527,0.1016181095,0.2445728598,0.1535750753,0.2215515054,0.204967813,0.1536228848,0.1413969894,0.1668936974,0.1810540807,0.199545349
353.5,0,0,0,0,0,0.171662424,0.1387605682,0.08046849701,0.1727731008,0.1374232242,0.1187930609,0.1204731869,0.1016786102,0.2446666507,0.153700228,0.2217493309,0.2050469737,0.1537381416,0.1413223986,0.1669729978,0.1810406287,0.1996804256
354,0,0,0,0,0,0.1716365835,0.1387590515,0.08040099246,0.1727477124,0.1374066343,0.1187325852,0.1206978529,0.1017976755,0.244680052,0.1537358866,0.2216205715,0.2049506348,0.1539773348,0.141383685,0.1669304657,0.1812480928,0.1998688246
354.5,0,0,0,0,0,0.1715081379,0.1388571059,0.08043891755,0.1727424115,0.1374825862,0.1186991276,0.120819095,0.1017875633,0.244660898,0.1535585378,0.2215979528,0.2049578002,0.1538240728,0.1411661788,0.1669704439,0.1812290555,0.2000048952
355,0,0,0,0,0,0.1714661042,0.1387264278,0.08046305372,0.1728126332,0.1374843668,0.118670612,0.1209195136,0.1019785243,0.2446641238,0.1536591365,0.2218289485,0.2048406277,0.1538551791,0.14134146,0.1669268815,0.1810114168,0.2001425584
355.5,0,0,0,0,0,0.1714912752,0.1386893165,0.08046295445,0.1728088278,0.1374963955,0.1186898894,0.1209435582,0.1020337625,0.2447265351,0.1539866797,0.2218331923,0.2046892884,0.1537011509,0.1413194895,0.1670231701,0.1808583362,0.200127581
356,0,0,0,0,0,0.1714733844,0.138774558,0.08028164499,0.1728351125,0.1375255682,0.1186971384,0.121012389,0.1019733317,0.2446911328,0.1539537029,0.2218360199,0.2047309008,0.1537698411,0.1413596752,0.1669577165,0.1808617546,0.2001104989
356.5,0,0,0,0,0,0.1717217201,0.1387324161,0.08029636182,0.1730923672,0.1374003599,0.1187383492,0.1208831778,0.1019627725,0.244751464,0.1541678587,0.2217927968,0.204596191,0.1538396141,0.1414059301,0.1669856182,0.1808970918,0.2002111089
357,0,0,0,0,0,0.1717689421,0.1387108948,0.08057249963,0.172931469,0.1374160348,0.118740544,0.1207474928,0.1018460004,0.2446145383,0.1542046471,0.2218170517,0.2048443278,0.1539757283,0.1414674325,0.1669081375,0.1808956046,0.200231441
357.5,0,0,0,0,0,0.1716365534,0.1389615758,0.08070369476,0.1729306939,0.137472945,0.1188009119,0.120852159,0.1018792356,0.2445184019,0.1544181907,0.2219549708,0.2047579013,0.1540290288,0.1414170056,0.1669499775,0.1810321551,0.2003581286
358,0,0,0,0,0,0.1716322074,0.138983345,0.08052339209,0.1728238048,0.137486141,0.1186125223,0.1207516521,0.1018368347,0.2445000958,0.1540067698,0.2219951378,0.2046511156,0.1539841137,0.141250939,0.1670572422,0.1810161374,0.2003550251
358.5,0,0,0,0,0,0.1716467843,0.1391256924,0.08054287509,0.1728766287,0.1374944447,0.1185395833,0.1207557013,0.1018029821,0.2444145472,0.154067099,0.2218965034,0.2047860664,0.1539234301,0.141280067,0.1670486561,0.1810534964,0.2003502441
359,0,0,0,0,0,0.1715587641,0.1391728357,0.08070816302,0.1727721756,0.1374349575,0.1187409467,0.1207291976,0.1017683345,0.2444605781,0.1540936913,0.2219090979,0.2048870925,0.1540524961,0.1413542564,0.1670516767,0.1811145662,0.2003308303
359.5,0,0,0,0,0,0.171560034,0.1390792365,0.08070916881,0.1727249508,0.1375439696,0.1186072227,0.1208968671,0.1017790951,0.2444307826,0.1539919706,0.2220587731,0.2047918569,0.153942778,0.1412639315,0.1669736452,0.1809006067,0.2004728735
360,0,0,0,0,0,0.1715467372,0.1389548131,0.08050176009,0.1728711146,0.1375597227,0.1184626684,0.1207801271,0.101679979,0.2444712948,0.1539945593,0.222036634,0.2049704434,0.1539407754,0.1411294221,0.1668504258,0.1807798795,0.2004678301
360.5,0,0,0,0,0,0.1716038595,0.1388868013,0.08068895777,0.172972322,0.1378002946,0.1185873457,0.1207979093,0.1016277478,0.2444280528,0.1539065693,0.2220603911,0.2049946629,0.1539207799,0.1410828994,0.166991927,0.1808783664,0.2005061292
361,0,0,0,0,0,0.1716520093,0.1388154462,0.08064360294,0.1731240154,0.137809354,0.1185243305,0.1209240527,0.1016680756,0.2444500351,0.1539611254,0.221949164,0.2050544565,0.1540289597,0.1411767028,0.1670444243,0.1809608817,0.2004359899
361.5,0,0,0,0,0,0.1716108047,0.1388214297,0.08077418849,0.1730227411,0.1377319338,0.1185964459,0.1209237137,0.101836088,0.2445360282,0.1540194351,0.2220225075,0.2050517087,0.1538958069,0.1413298396,0.1671285621,0.1809755332,0.2004823882
362,0,0,0,0,0,0.1716836405,0.1388036099,0.08076937211,0.1728827785,0.1376815429,0.1183939027,0.1208393166,0.1019091299,0.2445914076,0.1538739839,0.2219451654,0.2049980431,0.1541643643,0.1413151952,0.1670529075,0.1809078219,0.2004346757
362.5,0,0,0,0,0,0.1717213659,0.1387527702,0.08068555752,0.1728820569,0.1377554208,0.118478001,0.1207468021,0.1019409556,0.244575223,0.1539403621,0.2218915046,0.2048412759,0.1540918948,0.141189791,0.1671114995,0.1808470993,0.2003685555
363,0,0,0,0,0,0.1716659635,0.1389073443,0.08071314752,0.1728815035,0.1377321115,0.1183937638,0.1207813536,0.1019181098,0.2445530544,0.1540093863,0.22186217,0.2048530571,0.1540948135,0.1411961355,0.1672324733,0.1808197276,0.2004141767
363.5,0,0,0,0,0,0.1716801994,0.1387554478,0.08075375253,0.1729282952,0.137631404,0.1185479743,0.1207929697,0.1020157101,0.2445326007,0.1538959676,0.2219705907,0.2048305162,0.1541446626,0.1412007929,0.167132636,0.1808879519,0.2005452766
364,0,0,0,0,0,0.1715940654,0.1387821983,0.08084047756,0.1729055394,0.1374840275,0.118564854,0.1207844889,0.1020257218,0.2444526446,0.1540701459,0.2218357965,0.2048816672,0.1541121348,0.1412700804,0.167096723,0.1810528688,0.2006110567
364.5,0,0,0,0,0,0.1714342729,0.1388552768,0.08075359718,0.1729112367,0.1374469158,0.1185905851,0.1208380852,0.1018151391,0.2444652392,0.1539394709,0.2217153992,0.2048368697,0.1541672298,0.1414797714,0.167161326,0.1811234385,0.2005291344
365,0,0,0,0,0,0.1715841173,0.1388695935,0.08071222472,0.1730875019,0.1375102572,0.1185565456,0.1208616203,0.1018924684,0.244516583,0.1537570993,0.2217334089,0.2049232791,0.1540898697,0.1414949494,0.1670190717,0.1810249871,0.2004722976
365.5,0,0,0,0,0,0.1717373387,0.1387313928,0.08064390879,0.1729287083,0.1376063548,0.1186895258,0.1206913741,0.1019182036,0.2445815135,0.1538249058,0.2217180469,0.2049938276,0.1539556078,0.1414535323,0.1672024236,0.1810378263,0.2004229579
366,0,0,0,0,0,0.1716771954,0.1388320555,0.08057109549,0.1729011756,0.1376222747,0.1187822409,0.1207688085,0.1019431371,0.2444625519,0.1538079995,0.2218130892,0.2050455456,0.1541576474,0.1413924307,0.1673263334,0.1811573813,0.2003047588
366.5,0,0,0,0,0,0.1714640354,0.1389619894,0.08067046163,0.1728971592,0.1376685117,0.1186934095,0.1206744559,0.1020063752,0.2444786974,0.1537455794,0.2218381392,0.2050628747,0.1542735161,0.1413480183,0.1672828418,0.1812465058,0.2004035941
367,0,0,0,0,0,0.1713848585,0.139038875,0.0805579546,0.1729049678,0.137524684,0.1187094182,0.1204020647,0.1019882838,0.2444852127,0.1536630483,0.2218436679,0.2049654833,0.1543354836,0.1412387886,0.167234929,0.1811768531,0.2004587442
367.5,0,0,0,0,0,0.1714221382,0.1390728975,0.08059294372,0.1728572765,0.1375539529,0.1188110938,0.1206448851,0.1022322769,0.2443836913,0.153554705,0.2220966916,0.2047927392,0.1542409604,0.1412606261,0.1672106454,0.181167647,0.2003733348
368,0,0,0,0,0,0.1713774306,0.1391099808,0.08067503705,0.17291048,0.1376729382,0.1188467312,0.1206374908,0.1021435185,0.2443818873,0.1535937057,0.2221649902,0.2047625743,0.1540785763,0.1412659007,0.1672707415,0.1811697507,0.200260915
368.5,0,0,0,0,0,0.1716230655,0.1389257551,0.08075033254,0.1728429362,0.1375843123,0.1188609817,0.1206757567,0.1021211699,0.244390043,0.1536790579,0.2220464844,0.2047831526,0.1540081635,0.1412337741,0.1674292144,0.1811624266,0.200302686
369,0,0,0,0,0,0.1715304824,0.1389311383,0.0806559269,0.1727850031,0.1376322606,0.1189984378,0.1206507897,0.102117633,0.2444391566,0.1538544711,0.2220236395,0.2048334621,0.1538338642,0.1411021816,0.1673479459,0.1810851159,0.2002065988
369.5,0,0,0,0,0,0.1713900396,0.138961313,0.08071711119,0.1729034367,0.1378080616,0.1188194567,0.1207513463,0.1019732619,0.244372529,0.1539304908,0.2219260155,0.2048699705,0.1538254508,0.1410986444,0.1671888009,0.1810370646,0.2001762664
370,0,0,0,0,0,0.1713596482,0.1388929949,0.08067942589,0.1727871389,0.1378553316,0.1189346531,0.1206462675,0.1018204993,0.2443713787,0.1539879516,0.2221541773,0.2048663752,0.1539732638,0.141241285,0.1672130262,0.1808744072,0.2000975583
370.5,0,0,0,0,0,0.1715153158,0.1388996031,0.08064936514,0.1728096542,0.1378227543,0.118718383,0.1206501177,0.1018036966,0.2444128449,0.1538650332,0.2221934638,0.2048868443,0.1539539299,0.1411713315,0.1672512731,0.180827579,0.2000634448
371,0,0,0,0,0,0.1715623074,0.1389018608,0.0805238559,0.1727672866,0.137572957,0.1187107052,0.1206822804,0.1018989381,0.2443055433,0.1538990464,0.2223067169,0.204965068,0.1540706418,0.1411426288,0.1672466419,0.1808591161,0.2000371335
371.5,0,0,0,0,0,0.1716192204,0.139034477,0.08059501745,0.1728751265,0.1378068601,0.118556931,0.120577375,0.1018083698,0.2441915246,0.1538860938,0.2222387314,0.2050502462,0.1540088691,0.1412464315,0.1671992077,0.1809794182,0.1998362285
372,0,0,0,0,0,0.1714472734,0.1390936142,0.08051929816,0.1732288945,0.1377831814,0.1184632049,0.1206345244,0.1016984544,0.2441558532,0.153736572,0.2221459512,0.2050286229,0.1541510961,0.1411518488,0.1671813587,0.1808246028,0.1998770821
372.5,0,0,0,0,0,0.1715548301,0.1392599602,0.08075994157,0.1733294627,0.1377409369,0.1184658299,0.1204682845,0.1016816001,0.2441722406,0.1539404849,0.2220968199,0.2049308815,0.1541195171,0.1411673628,0.1670480822,0.180819626,0.1998455306
373,0,0,0,0,0,0.1716004814,0.1390893169,0.08077004588,0.1732838102,0.1377978494,0.1184042495,0.1205775083,0.1016541484,0.2441647288,0.1539661194,0.2219104303,0.2049768919,0.1541206522,0.1412771513,0.1670565675,0.1806846906,0.1999506277
373.5,0,0,0,0,0,0.1716581886,0.1390415726,0.08078974445,0.1733009337,0.1378756055,0.1184717654,0.1205955456,0.101693168,0.2441645677,0.1539498813,0.2219321779,0.2048898549,0.1541142388,0.1412399771,0.1669961212,0.1805500383,0.1999801891
374,0,0,0,0,0,0.1715454386,0.1390001981,0.08070156578,0.1733340549,0.137734921,0.1184436749,0.1203075399,0.1018024222,0.2441075762,0.1539408177,0.2219128941,0.2049375364,0.1538623472,0.1411959412,0.1670376876,0.1804163105,0.19998943
374.5,0,0,0,0,0,0.1715011477,0.1389542203,0.08060327007,0.173480354,0.1376091203,0.1184939413,0.1204499741,0.1016276989,0.2439968248,0.1540584895,0.2219723226,0.2048873853,0.153869003,0.1411684519,0.1669781453,0.1804658321,0.1998634673
375,0,0,0,0,0,0.1714568814,0.1390268352,0.0805492692,0.1733308495,0.1374203508,0.1184664803,0.1205003102,0.1017913569,0.2440258978,0.1539608707,0.2219067518,0.2047978009,0.1538077562,0.1412167397,0.1670242256,0.1804104291,0.1999226455
375.5,0,0,0,0,0,0.1716546696,0.139116784,0.08061464827,0.1732422475,0.1373582322,0.1185173042,0.1206635615,0.1018500875,0.2440706031,0.153994022,0.2219249914,0.2046288426,0.153742082,0.1413085426,0.1670096086,0.1803918881,0.1999077289
376,0,0,0,0,0,0.1715705444,0.1389261592,0.08053517777,0.1733221557,0.1373838085,0.118533689,0.1206270178,0.101861509,0.2440352884,0.1540579451,0.2219403143,0.2046755652,0.1537107905,0.1411561438,0.1670422063,0.1805241891,0.199807145
376.5,0,0,0,0,0,0.1717259158,0.1388172202,0.08057780692,0.1733634654,0.1370965234,0.1186133561,0.1205620782,0.1016240854,0.2440106562,0.1540900205,0.2219481631,0.204814767,0.153766033,0.1411711375,0.1670257897,0.1805853988,0.1999253975
377,0,0,0,0,0,0.1716193626,0.1385759709,0.08066504184,0.1734967745,0.1371343918,0.1187984484,0.1206856309,0.1015673703,0.243994364,0.1540519311,0.2218168177,0.2047269812,0.1539015384,0.1410580578,0.1669880168,0.1806570044,0.1998808083
377.5,0,0,0,0,0,0.1717768744,0.1385598265,0.08079108751,0.1733739669,0.1369980842,0.1188553766,0.120593867,0.1016124238,0.243947863,0.1540677948,0.2216792954,0.2046632995,0.154030179,0.1412400162,0.1669083561,0.1807776739,0.1999322305
378,0,0,0,0,0,0.1717529686,0.1386972528,0.08070117449,0.1730396565,0.1371257256,0.1187836501,0.1204425156,0.1017929202,0.2439110705,0.1540372614,0.2217848285,0.2047551608,0.1540847648,0.1412439165,0.1670236869,0.1806996807,0.1999218152
378.5,0,0,0,0,0,0.1717297148,0.1387521026,0.08065159829,0.1732517936,0.1372765218,0.118709162,0.1203324702,0.1018151682,0.244024974,0.1539477699,0.2217993633,0.2048510038,0.154106028,0.1412748249,0.1670971238,0.1807310336,0.1998744369
379,0,0,0,0,0,0.1717746293,0.1389528095,0.08069927793,0.1731966954,0.1373760248,0.1187830243,0.1204804635,0.1018525529,0.2440732942,0.1540125214,0.2218762082,0.2049708939,0.1539486203,0.1412979639,0.1669676777,0.1808466833,0.2000427701
379.5,0,0,0,0,0,0.1717875909,0.1390962142,0.08057440769,0.1731927411,0.1373496156,0.1187360589,0.1204449065,0.1018192632,0.2439882489,0.1539444581,0.2219637165,0.2051156293,0.1539122906,0.1412899202,0.166898589,0.1809052589,0.2000451434
380,0,0,0,0,0,0.1719184004,0.139020491,0.08040133802,0.1731185101,0.1372783779,0.1185860221,0.1205435438,0.1017605936,0.2440093006,0.1537599285,0.2220309417,0.2051019006,0.1537262818,0.1413968893,0.1667473433,0.1810633593,0.199997705
380.5,0,0,0,0,0,0.1716876151,0.139004603,0.08039614607,0.1731368117,0.1373933173,0.1184886324,0.120483459,0.1017862427,0.243945989,0.1537744388,0.22203376,0.205130589,0.1537297303,0.1413482332,0.1669894035,0.1811653731,0.1999930134
381,0,0,0,0,0,0.1717738717,0.1388476068,0.08074424419,0.1732247972,0.137468556,0.1185041072,0.1204625458,0.1018026282,0.2440069446,0.1539089068,0.2218591106,0.2051041097,0.1535325061,0.1414700886,0.1669760856,0.1810265688,0.2001052829
381.5,0,0,0,0,0,0.1716841514,0.1389163993,0.08075441648,0.17327268,0.1375148244,0.1185816959,0.1207989485,0.1018596435,0.2441245427,0.1539822719,0.2218128227,0.2051695741,0.153583662,0.1415021394,0.1668959032,0.1809918628,0.1999754164
382,0,0,0,0,0,0.1715943618,0.1387900492,0.08088362685,0.1731266846,0.1375383775,0.1186332227,0.1208762258,0.1019571243,0.2441960783,0.1538544012,0.2218901844,0.2050922281,0.1535799781,0.1413505715,0.16682316,0.1809682488,0.2001450881
382.5,0,0,0,0,0,0.1716369549,0.1387654893,0.08091225403,0.1729663753,0.1375675323,0.1186420793,0.1206024953,0.1019003915,0.2442221349,0.1537615969,0.221962287,0.2053096546,0.1533433712,0.1415178803,0.1668092106,0.1809345656,0.200077376
383,0,0,0,0,0,0.171493539,0.1388202763,0.08077407938,0.1729842812,0.1376164632,0.1185667152,0.1205470942,0.1019405268,0.2441570547,0.153856717,0.2219637402,0.2052871478,0.1535501662,0.1417338025,0.1666855399,0.1810276817,0.1999724583
383.5,0,0,0,0,0,0.1715307372,0.1389291118,0.08059050016,0.1729621728,0.1376646253,0.1187186163,0.1206296688,0.1019202554,0.2441385498,0.1537618925,0.2218882378,0.2051860242,0.1534062972,0.1415101151,0.1668182894,0.181191353,0.1998415556
384,0,0,0,0,0,0.1714652771,0.1387489659,0.08057352235,0.1728203399,0.1376609355,0.1187796061,0.1207899791,0.1019146311,0.2440202057,0.1538073014,0.2218362048,0.2051029093,0.1534447798,0.1415353417,0.1669163197,0.1811845515,0.1997172356
384.5,0,0,0,0,0,0.1714069488,0.1387332486,0.08062701162,0.1727586485,0.1376934607,0.1186557651,0.1206832983,0.1016762698,0.2440462065,0.1538801032,0.2218618357,0.205114274,0.15349625,0.1417137897,0.1669401225,0.1811667939,0.1996625903
385,0,0,0,0,0,0.1714094738,0.1387979197,0.08062508158,0.1729049427,0.1376796937,0.118724777,0.1206388042,0.1016410932,0.2440549138,0.1539813092,0.2218352393,0.2049838629,0.1535198657,0.1417409018,0.166919608,0.1811246966,0.1995636825
385.5,0,0,0,0,0,0.1714849652,0.1387735116,0.08068612934,0.1727500093,0.1376899124,0.1186216858,0.1207335445,0.1017550324,0.2440678911,0.153974013,0.2218106929,0.205064683,0.1536226051,0.1418003411,0.1668933418,0.1810143435,0.1995454835
386,0,0,0,0,0,0.171451828,0.1388044191,0.08084757542,0.1728148405,0.137700733,0.1182639476,0.1207655825,0.1018499586,0.243925941,0.1538742511,0.2219057767,0.2049946546,0.1536475359,0.1417736471,0.1668080758,0.18113357,0.1996374462
386.5,0,0,0,0,0,0.1715517913,0.1388093716,0.08082157948,0.1729192503,0.1377088476,0.11835975,0.1206815132,0.1018577552,0.2438213443,0.1539465382,0.2219091636,0.205042294,0.1538252144,0.1416567284,0.1665612633,0.1811013688,0.1996462549
387,0,0,0,0,0,0.1717594698,0.1388619405,0.08089605498,0.1729346262,0.1376284466,0.118608932,0.1207119771,0.1018716024,0.2438521121,0.153995009,0.2218659229,0.2051720665,0.1537219095,0.1415503257,0.1665613074,0.1808439702,0.1995853545
387.5,0,0,0,0,0,0.1717162975,0.1389351113,0.08097637482,0.1730149513,0.1376325285,0.1186354912,0.1207592947,0.1017899137,0.24392788,0.1538759475,0.2220130692,0.2051435456,0.1537252682,0.1414368716,0.1665586659,0.1810340582,0.199641663
388,0,0,0,0,0,0.1717944457,0.1387738788,0.08083625426,0.1730942727,0.1378771495,0.1185113409,0.1206720837,0.1018851413,0.2439821583,0.1538641101,0.2219981145,0.205144789,0.1538246408,0.1415715502,0.1667850752,0.1811635172,0.1996577895
388.5,0,0,0,0,0,0.1718044379,0.1389743424,0.08070294538,0.173042705,0.137961949,0.1185965909,0.1206020848,0.1017050733,0.2440910767,0.1539415349,0.2218805141,0.2051222272,0.1537951799,0.1415713526,0.166585028,0.1812648938,0.1995555724
389,0,0,0,0,0,0.171869156,0.1389181632,0.080641975,0.1728664881,0.1379867623,0.1186350599,0.1206970073,0.1017639214,0.2441724811,0.1538297055,0.2219739111,0.2051922084,0.153831626,0.141491744,0.1666416376,0.1811914389,0.1997331162
389.5,0,0,0,0,0,0.1716308426,0.1389793742,0.08080089171,0.1729465249,0.1380734337,0.1186004408,0.1207152123,0.1016995945,0.2441933788,0.1539047791,0.2219365991,0.2051760582,0.1539600512,0.1413500208,0.1668172532,0.1812529933,0.1996366019
390,0,0,0,0,0,0.1715000603,0.1389337584,0.08065737978,0.1728881499,0.1381117419,0.1184428776,0.1208731562,0.1016731498,0.2441006968,0.1539786678,0.222066854,0.2051885113,0.1538508779,0.1413346987,0.1667598824,0.1811134179,0.1996930262
390.5,0,0,0,0,0,0.1714691396,0.1391399266,0.0806234382,0.1729879313,0.1379368981,0.118546275,0.1208618962,0.1016230454,0.2441574219,0.1540427332,0.2219707411,0.2049999813,0.1537315146,0.1412611496,0.1667414286,0.1810725656,0.1997296318
391,0,0,0,0,0,0.1715467565,0.1390940733,0.08063619782,0.1730662887,0.1380352242,0.1187682949,0.1208510098,0.1016758342,0.2441109421,0.1538725872,0.2220153256,0.205081985,0.1538104302,0.1414125867,0.1666352699,0.1809059414,0.1997269499
391.5,0,0,0,0,0,0.1714712143,0.1391965605,0.08054735733,0.1729232968,0.137842086,0.1187273991,0.1209998756,0.1018220801,0.2441432328,0.1536701899,0.2218818395,0.2049999453,0.1536521141,0.1412726022,0.1665362991,0.1809874758,0.1996633497
392,0,0,0,0,0,0.1715856484,0.1392422729,0.08057533669,0.1727943066,0.1377579169,0.1185166675,0.1209274134,0.1017067333,0.2442445906,0.1535546732,0.2217260887,0.2049981673,0.1537646262,0.1411791551,0.166712611,0.1809058205,0.1994619103
392.5,0,0,0,0,0,0.1716276099,0.1391987293,0.0805163066,0.1727451012,0.1379150604,0.1185438658,0.1207927331,0.1016769863,0.2441562391,0.1535772377,0.2217341529,0.2050394008,0.1538620013,0.1411241567,0.1667145192,0.1809006733,0.1996110015
393,0,0,0,0,0,0.171700281,0.1390030899,0.08057428414,0.172888455,0.1378997606,0.1185320917,0.1209198617,0.101538143,0.2440832951,0.1535865943,0.2217561232,0.2049966412,0.1538794182,0.1413304324,0.1668124148,0.1809319577,0.1994650169
393.5,0,0,0,0,0,0.171824931,0.1388304306,0.08052467477,0.1729846378,0.1378367246,0.118499722,0.1208475898,0.1017187479,0.2441526592,0.1535936661,0.2215835046,0.2050556422,0.153717962,0.1414237462,0.1667240036,0.1809173291,0.1994157279
394,0,0,0,0,0,0.1719169129,0.138928561,0.08060200122,0.1731813537,0.1378334244,0.1185731725,0.1208627092,0.1016948474,0.2440366883,0.1534677797,0.2215667995,0.2050451704,0.1537480261,0.1414282892,0.1665724748,0.1808734815,0.1993956608
394.5,0,0,0,0,0,0.1718903255,0.1387682007,0.08063237981,0.1730348769,0.1378043027,0.1186206233,0.1209030993,0.1016924279,0.2441131758,0.1536796313,0.2217236563,0.2048789032,0.1538622487,0.1415212687,0.1665922044,0.1808886477,0.1994793877
395,0,0,0,0,0,0.1718448991,0.1387289912,0.08062505654,0.1730428783,0.1378723569,0.118405826,0.120833228,0.1016847646,0.2440655042,0.1537183133,0.221600882,0.2048743007,0.1538062423,0.1414884036,0.1666771046,0.1809489127,0.1995509241
395.5,0,0,0,0,0,0.1717480186,0.138711195,0.08073956244,0.1731145692,0.1378834037,0.1185548597,0.120981753,0.1015794769,0.2439672938,0.1536334053,0.221658294,0.2048117614,0.1538975877,0.141438744,0.1665870768,0.1809804229,0.1996012975
396,0,0,0,0,0,0.1718097902,0.1386605051,0.08082336993,0.1731240484,0.1376015911,0.1186998406,0.1208738986,0.1016038696,0.2440561276,0.1538400858,0.2215909142,0.2050560554,0.1538927568,0.1415535038,0.166324665,0.1809550023,0.1996232621
396.5,0,0,0,0,0,0.1717601873,0.1388052961,0.0809522453,0.1730367142,0.1375586613,0.1185995221,0.1209430377,0.1016380459,0.2440170091,0.1539282112,0.2215466904,0.2051424008,0.1537437605,0.1415565116,0.1664946496,0.1809388972,0.1995422925
397,0,0,0,0,0,0.1716085579,0.1387320658,0.08080323919,0.1731080176,0.1375768058,0.1186865639,0.1207914995,0.101691239,0.2441629263,0.153776926,0.2216244347,0.2050894141,0.1535947555,0.1416279065,0.1664409864,0.1809441713,0.1994529709
397.5,0,0,0,0,0,0.1714901402,0.1388341311,0.08093108016,0.1730313574,0.1376941215,0.118682117,0.1208612027,0.1016149439,0.244193534,0.1539311387,0.2214327497,0.2050210241,0.1535080142,0.1415417884,0.1666006821,0.1808468089,0.1994821882
398,0,0,0,0,0,0.1714905167,0.1389976663,0.08090312518,0.1729266003,0.1376651112,0.1186351403,0.1208417299,0.1016467647,0.2441968703,0.1541207957,0.2215418446,0.2051212809,0.1534800426,0.1415474966,0.166602805,0.1806882126,0.1994264312
398.5,0,0,0,0,0,0.1714589503,0.1390315555,0.08059359926,0.1729754485,0.1378061892,0.1186962538,0.1209386048,0.1017396281,0.2441710843,0.154244122,0.2215865032,0.2049715995,0.1534648026,0.1414638762,0.1664837454,0.1806817243,0.1994974951
399,0,0,0,0,0,0.1715351293,0.1390745635,0.08057928745,0.1729201734,0.137679675,0.1188798507,0.1207433876,0.1017313925,0.2441901674,0.1541022399,0.2216218046,0.2050224481,0.1532705894,0.1415855977,0.1664925213,0.1806572884,0.1995148852
399.5,0,0,0,0,0,0.1715276109,0.1390754212,0.08056982701,0.1729153674,0.1375806732,0.1190292983,0.1207970486,0.1018214328,0.2443439495,0.1541699042,0.2215775945,0.2050083671,0.1535232695,0.1415601568,0.1665594755,0.1806813662,0.1995711064
400,0,0,0,0,0,0.1714800742,0.1389635282,0.08070697607,0.172987778,0.1374455335,0.1189786527,0.1208990668,0.10190243,0.2442679862,0.1540427682,0.2215259691,0.2050849841,0.1537436927,0.1414135124,0.1665407025,0.1807476145,0.1994872776
400.5,0,0,0,0,0,0.1715948833,0.1388253438,0.08062747522,0.1729060897,0.1373640725,0.118720617,0.12076954,0.1017312136,0.24435133,0.1540140785,0.2213558924,0.2050952559,0.1537367277,0.1415963298,0.1664222863,0.1808087089,0.1994244952
401,0,0,0,0,0,0.1717586298,0.1387816994,0.0806039989,0.1728781375,0.1372536653,0.1187901667,0.1207722846,0.1016766442,0.2442977028,0.1540197436,0.2212481694,0.2051767985,0.1537654044,0.1417335338,0.1665621828,0.1805997378,0.199355165
401.5,0,0,0,0,0,0.171887547,0.138694753,0.08058877466,0.1727686638,0.1371600106,0.1189433233,0.1206145366,0.1017625489,0.24426399,0.154259868,0.2213161053,0.2051666427,0.1540409444,0.1416005095,0.1666655769,0.1805647119,0.1993471002
402,0,0,0,0,0,0.171703813,0.1387794692,0.08060914348,0.1729624601,0.1372752296,0.1187835782,0.1207238422,0.1016785964,0.2442643547,0.1541597488,0.2213442916,0.2051708707,0.154192983,0.1415953221,0.1667193198,0.1805613472,0.1992940318
402.5,0,0,0,0,0,0.1718298823,0.1386671221,0.08082886019,0.1728974451,0.1373541563,0.1186954644,0.1208109319,0.1014261817,0.2442535775,0.1540897052,0.2211210003,0.2051171803,0.1541395801,0.1415488232,0.1668530041,0.1804210385,0.1992637421
403,0,0,0,0,0,0.1717564283,0.1386105698,0.08084068414,0.1728732979,0.1373946282,0.1186347224,0.1207182396,0.1014479813,0.244301254,0.1542812135,0.2208254569,0.2050915635,0.1542567019,0.1415405967,0.1667930376,0.1804096806,0.1992978656
403.5,0,0,0,0,0,0.1716379174,0.1385283233,0.0807270904,0.1728375013,0.1372401244,0.1187715343,0.1207545246,0.1016964569,0.2443410648,0.1544176633,0.2208921353,0.2050097121,0.1541714232,0.1415953607,0.1668042239,0.1802807164,0.1991657593
404,0,0,0,0,0,0.1715487877,0.138778932,0.08066610765,0.1729028007,0.1375236186,0.118760296,0.1207227732,0.101733248,0.244441871,0.1542537665,0.2209254886,0.2048781128,0.1540922082,0.1416206738,0.1668094584,0.1803316874,0.1992498313
404.5,0,0,0,0,0,0.1714729658,0.1389089371,0.08064619138,0.1728746687,0.1375049184,0.1188161495,0.1207079881,0.1017484254,0.244536942,0.1542945256,0.2208551057,0.2048709309,0.1539920873,0.1414830563,0.1666917993,0.180340086,0.1992939927
405,0,0,0,0,0,0.171461599,0.1388464724,0.08070737772,0.1730647194,0.1375439915,0.1190489903,0.1207114842,0.1017551874,0.2444666464,0.1545239217,0.2208628826,0.204951139,0.1538915442,0.1413806903,0.1667040295,0.1802585492,0.199451129
405.5,0,0,0,0,0,0.1717609577,0.1388642392,0.08052481577,0.1730882266,0.1375895852,0.1188647448,0.1205970281,0.1017888359,0.2442313967,0.1543584979,0.2207204692,0.2049785018,0.1539689772,0.1414860149,0.1667129631,0.1801658226,0.1993892733
406,0,0,0,0,0,0.1718411636,0.1390722065,0.08057970712,0.1729903198,0.1375686007,0.1189893281,0.1207658587,0.1018418153,0.2442604913,0.1541141171,0.2208095657,0.2050723006,0.1539784535,0.1414230225,0.1666038003,0.1800448097,0.1996277267
406.5,0,0,0,0,0,0.171765816,0.1390065258,0.08078182589,0.1729279522,0.1375384054,0.118932698,0.1206105679,0.1019450486,0.2442757023,0.1538847439,0.2209580935,0.2049678161,0.1538692016,0.1414597381,0.1666213049,0.180019189,0.1995267604
407,0,0,0,0,0,0.1717674096,0.1390826743,0.08051851959,0.1729086287,0.1375917731,0.1187725737,0.1206218623,0.1019803722,0.2443322504,0.153947717,0.2209869349,0.2049333978,0.153824047,0.141475886,0.1667443609,0.1800928061,0.1994907999
407.5,0,0,0,0,0,0.1717371103,0.1389368155,0.08074894179,0.1729880543,0.1372955353,0.1186525875,0.1208906649,0.101933363,0.2443028097,0.1539846511,0.221003618,0.2049412678,0.153850394,0.1415339044,0.166864186,0.1801912146,0.199415335
408,0,0,0,0,0,0.1715764501,0.1389279925,0.08057371851,0.1729415149,0.1374676592,0.1187700959,0.1210118066,0.1019857977,0.2442856606,0.1538811397,0.220910685,0.2050459919,0.1538372783,0.1415625732,0.1666994317,0.1803706349,0.199606147
408.5,0,0,0,0,0,0.171596649,0.1391571626,0.08052687259,0.1727591014,0.137471328,0.1186586342,0.121018296,0.1018114975,0.2442914372,0.1538124637,0.2207875526,0.2049191028,0.1539834231,0.1416262002,0.1666066102,0.1802033813,0.1997884833
409,0,0,0,0,0,0.1715939827,0.1390489568,0.08064976898,0.1726463797,0.1375192212,0.1185356742,0.1208903813,0.1018410783,0.2443635419,0.1539493709,0.2207477456,0.2048502569,0.1539634095,0.1414443617,0.1666682353,0.1801207263,0.1998197936
409.5,0,0,0,0,0,0.1715612027,0.1390534904,0.08058631179,0.1725001959,0.1376048908,0.1184443602,0.1209954712,0.1017689268,0.2443194459,0.1540896685,0.2207589218,0.2048428477,0.1540604896,0.141217004,0.1667503034,0.1801548982,0.199806198
410,0,0,0,0,0,0.171557642,0.1389863124,0.08048531489,0.1725527327,0.1375321552,0.1184947518,0.1209588904,0.1017951971,0.2441749723,0.1540176834,0.2207022529,0.2049450922,0.1541470095,0.1412293809,0.1668180209,0.1802779619,0.19982617
410.5,0,0,0,0,0,0.1715927556,0.1388335083,0.08052637115,0.1726540373,0.1375494182,0.11851451,0.1209947713,0.1016486945,0.2442997573,0.1538090176,0.2205686983,0.2049786437,0.1540870488,0.1412588599,0.1667461006,0.180175805,0.1998380207
411,0,0,0,0,0,0.1717092817,0.1389926021,0.08061774091,0.1725978179,0.1374227963,0.1184261,0.1208599583,0.1015337548,0.2442492022,0.1539695311,0.2206833577,0.2049711683,0.1539544308,0.1413414706,0.1667277914,0.1803720265,0.1999507995
411.5,0,0,0,0,0,0.1717400053,0.1390060452,0.08058460722,0.1726178515,0.1376760576,0.1186332058,0.1208299197,0.1015535438,0.2441888982,0.1541032946,0.2207201385,0.2048255314,0.1539585411,0.1414810859,0.1667348903,0.1804761301,0.199994136
412,0,0,0,0,0,0.171538828,0.1389772866,0.08053582243,0.1726472288,0.1376172023,0.1187261677,0.1208610715,0.1014344596,0.2443082409,0.1541642912,0.2207116229,0.2048932821,0.1540135979,0.141439477,0.16667838,0.1804005954,0.1999090681
412.5,0,0,0,0,0,0.1716103029,0.1390328546,0.0805177059,0.1726256518,0.1376172428,0.1186852879,0.1206411884,0.1014746997,0.2443001943,0.1540839854,0.2207309758,0.2049961977,0.1538683755,0.1413617341,0.1666572896,0.1803063345,0.1999571527
413,0,0,0,0,0,0.1716669901,0.1390403269,0.08057690673,0.1726835964,0.1377030994,0.1187131646,0.1206552572,0.101605241,0.2442867025,0.1540504478,0.2206592121,0.2050498378,0.1538503554,0.1413715741,0.1668084413,0.1802656019,0.199891219
413.5,0,0,0,0,0,0.1717226613,0.1389077992,0.08070351823,0.172604569,0.1376761404,0.1186886165,0.1206044616,0.1017370506,0.2443048473,0.153892174,0.2205826516,0.20506623,0.1538241606,0.1412757532,0.1669942966,0.1804023167,0.1999667308
414,0,0,0,0,0,0.1716070477,0.1388527788,0.08071060477,0.1726917249,0.1377059355,0.118800042,0.1205084484,0.1016885444,0.2444280108,0.15390477,0.2206640324,0.2050582735,0.153735793,0.1415778026,0.166764043,0.1801842474,0.2000415985
414.5,0,0,0,0,0,0.1715038868,0.1387200047,0.08077446111,0.1727597597,0.1376305473,0.1186820707,0.1205593516,0.1017675865,0.2444229828,0.1540930696,0.220744562,0.2049988214,0.1537122761,0.1415032781,0.1668300853,0.1803555433,0.2002023563
415,0,0,0,0,0,0.1714476208,0.1388254797,0.08069797916,0.1727409572,0.1377225915,0.1186893591,0.1205379989,0.1018467228,0.2443638137,0.1540923739,0.2207174309,0.2049252188,0.1538144804,0.1415736018,0.1666766953,0.1803527832,0.2001296815
415.5,0,0,0,0,0,0.1714952812,0.1388173405,0.08050203163,0.1728383206,0.1377370005,0.1186095931,0.1203172329,0.1019778645,0.2442674659,0.1541838923,0.220800386,0.2049792047,0.1539156594,0.1414595505,0.1667187826,0.1802856802,0.2001263506
416,0,0,0,0,0,0.1715347397,0.1388110945,0.08059921721,0.1730208165,0.1377897864,0.1188287243,0.1202631095,0.1019278374,0.2442539951,0.1544479329,0.2208338892,0.2048019145,0.1540056152,0.1415082408,0.1668112066,0.1803405543,0.2000999903
416.5,0,0,0,0,0,0.1716361476,0.138756248,0.08078468056,0.1731206843,0.1378864461,0.1188669237,0.120340711,0.1018070931,0.2442056282,0.1545117403,0.2208339329,0.2049019405,0.1541649592,0.1414316923,0.1668958698,0.1802140168,0.2001787095
417,0,0,0,0,0,0.1715803283,0.1386921858,0.08069085562,0.1728839277,0.1376707187,0.1188775344,0.1203754787,0.1017326002,0.2443086663,0.1544415049,0.220972411,0.2049108543,0.1542064937,0.1414820086,0.166965265,0.1802384406,0.2002750944
417.5,0,0,0,0,0,0.1713757606,0.1388067265,0.08081370066,0.1727723258,0.1375766238,0.1190097583,0.1205750008,0.1017208732,0.2441725758,0.1543813472,0.2209309703,0.2049604151,0.1542448772,0.141228266,0.1669236162,0.1801862763,0.2002802475
418,0,0,0,0,0,0.1713810005,0.1388212807,0.08074924528,0.1726331518,0.137622612,0.1188946071,0.1205492986,0.1019467853,0.2442205095,0.154251228,0.2209054722,0.2050935341,0.1540120701,0.1412971876,0.166642053,0.1802533114,0.2003182786
418.5,0,0,0,0,0,0.1715327648,0.1388785504,0.08084890957,0.1727133502,0.1376825485,0.1188957923,0.1205283832,0.1019048203,0.2442010807,0.1543178407,0.220881845,0.2052783311,0.153893777,0.141376729,0.1666637582,0.1803938398,0.2003045017
419,0,0,0,0,0,0.1715529023,0.138847063,0.08057515119,0.1726772724,0.1376300256,0.1188856778,0.120580764,0.1018866913,0.2442405354,0.1539829229,0.2208944806,0.2052256,0.1538587268,0.1412962249,0.1666791829,0.1802221508,0.200471265
419.5,0,0,0,0,0,0.1717111281,0.1389319556,0.08073831215,0.1728778608,0.1374562428,0.1188889975,0.1206442871,0.1018742255,0.2441841768,0.1538177479,0.2208249286,0.2053001873,0.1540185039,0.14112567,0.1668800452,0.1800846993,0.200391981
420,0,0,0,0,0,0.1718263639,0.1389601663,0.08092659609,0.1731321888,0.1374842022,0.1187847111,0.1207450912,0.1018137981,0.2441815257,0.153941095,0.220874452,0.2052372571,0.1539733089,0.1413019273,0.1667671663,0.1802263616,0.2003369987
420.5,0,0,0,0,0,0.1717410013,0.138990657,0.0809545008,0.1730662029,0.1375261727,0.1187778346,0.1206043397,0.1016722148,0.2441979466,0.1540501898,0.2209903197,0.2051565045,0.1540063152,0.1414268039,0.1668407581,0.1804207617,0.2005487071
421,0,0,0,0,0,0.1718462707,0.1388612606,0.08081547137,0.1730239478,0.1376209083,0.1188303164,0.1205506773,0.1016999092,0.2443018273,0.1539737087,0.2209826755,0.2049905332,0.1539001116,0.1414510355,0.1668280706,0.1802729963,0.2004987728
421.5,0,0,0,0,0,0.1719510023,0.1387707711,0.08075497077,0.1728549767,0.137649239,0.1186992147,0.1207595562,0.1016669016,0.2442306891,0.1540368183,0.2210644725,0.2048927067,0.1538818072,0.1414048457,0.1670073963,0.1801920304,0.2005736402
422,0,0,0,0,0,0.1718901292,0.139055539,0.08054940897,0.1727516099,0.1377098493,0.1187550061,0.1208538646,0.1015487159,0.244170611,0.1540222625,0.2210949528,0.204989449,0.1539378965,0.1414647807,0.1667110013,0.180318346,0.2007472797
422.5,0,0,0,0,0,0.1718617189,0.1391185584,0.08049700906,0.1728098229,0.137656531,0.1184801112,0.1209631239,0.1015685919,0.2440630385,0.1540157119,0.2211229015,0.2050504048,0.1537539165,0.1414199003,0.1666160798,0.1805524549,0.2008563737
423,0,0,0,0,0,0.1716950809,0.1390763043,0.08069104836,0.1729714805,0.1377502244,0.118478115,0.120924192,0.1014705815,0.2441644308,0.1541265657,0.2211247414,0.205008639,0.1538069482,0.1416086294,0.1665941736,0.1803485092,0.2008914708
423.5,0,0,0,0,0,0.1718229788,0.1389096201,0.08065682345,0.1730250714,0.1377610613,0.1185808025,0.1208848694,0.1014528195,0.2441672879,0.1541123122,0.221252478,0.2050343153,0.1537682453,0.1415483724,0.1666320685,0.1805624906,0.2006767537
424,0,0,0,0,0,0.1717785352,0.1388948542,0.08071805585,0.17307428,0.1379275065,0.1188436398,0.1207896127,0.1015024605,0.2440725185,0.1541679929,0.2212063455,0.2051831281,0.1537233616,0.1416062416,0.1667718705,0.1806443237,0.2007407437
424.5,0,0,0,0,0,0.1716675716,0.1388413393,0.08067526308,0.1729949573,0.1378024806,0.1187091328,0.1208091898,0.1017007589,0.2439169936,0.1539605297,0.2213381575,0.2050447088,0.1537974255,0.1415043771,0.1669568607,0.1806532017,0.2006863745
425,0,0,0,0,0,0.1716431159,0.1389016815,0.08064497154,0.1730222991,0.1378133393,0.1185707812,0.1209046226,0.101724817,0.2439993043,0.1539473151,0.2213423415,0.2052142294,0.1536622928,0.141360223,0.1669957969,0.1806609287,0.2006297573
425.5,0,0,0,0,0,0.1717423754,0.1388610437,0.08083896593,0.1729132748,0.1376604401,0.1183901173,0.1209806301,0.1018280991,0.2440486337,0.1539335149,0.2212475772,0.2051507199,0.1538548698,0.1412497569,0.1670284421,0.1805564589,0.2006239673
426,0,0,0,0,0,0.1716921692,0.1390463785,0.08085498398,0.1729281212,0.1375739681,0.1183398552,0.1209237409,0.101761138,0.2440951031,0.1540313937,0.2213635827,0.2049408796,0.1539621386,0.1410968286,0.1670646922,0.1805679025,0.2005190553
426.5,0,0,0,0,0,0.17184034,0.1390135745,0.08066441454,0.1730466428,0.137556514,0.1181838439,0.120895786,0.1018869294,0.2441166279,0.1540664799,0.2212485899,0.2049314172,0.1539215997,0.1411710959,0.16705374,0.1806027964,0.2004680746
427,0,0,0,0,0,0.1717227892,0.1392346933,0.08057672517,0.1730531513,0.1376922524,0.1180261282,0.1208677669,0.1018952261,0.2440506119,0.1540634141,0.2212141072,0.2048320793,0.1539547952,0.1411812251,0.1668393483,0.1805084432,0.2005136968
427.5,0,0,0,0,0,0.1716729993,0.1389351365,0.08059439153,0.1730367189,0.1376846395,0.1184515932,0.1208917685,0.1018740346,0.2439313042,0.1542221073,0.221179216,0.2049401282,0.1539402472,0.1411441153,0.1667678156,0.1804945933,0.2006165062
428,0,0,0,0,0,0.171600477,0.1388137115,0.08051118625,0.1731833872,0.1374624939,0.1185560008,0.1208688903,0.1018469665,0.2440012104,0.1541595755,0.2209846782,0.2049410664,0.1540763377,0.1411473445,0.1667566731,0.1803633983,0.2006127695
428.5,0,0,0,0,0,0.171678292,0.1387097726,0.08062632424,0.1731436538,0.1374634781,0.1184861257,0.1207476654,0.1016949538,0.2440031958,0.1538762078,0.2208031237,0.2048286608,0.1539626101,0.1412222835,0.1667650157,0.1801172569,0.2005997045
429,0,0,0,0,0,0.17161414,0.1387919105,0.08063732117,0.1730921753,0.1375128623,0.1183666784,0.1207084224,0.1017434358,0.2439886215,0.1537575784,0.2207553798,0.2048959017,0.1539001663,0.1411810361,0.1669132471,0.1800768881,0.2003700069
429.5,0,0,0,0,0,0.1715082415,0.1388134834,0.08063611355,0.1730045663,0.1374898873,0.1181261589,0.1205064074,0.1018874094,0.2439712314,0.1536912017,0.220713227,0.2048992829,0.1537937907,0.1413130672,0.1671302543,0.1800876398,0.2002592837
430,0,0,0,0,0,0.1716953149,0.1388235887,0.08056714549,0.1731048793,0.1374333727,0.118433215,0.1205670496,0.1018783621,0.243859588,0.1537232743,0.2207008142,0.2049270649,0.1536243474,0.141258186,0.1669921209,0.1800139832,0.2003536456
430.5,0,0,0,0,0,0.1716629106,0.1389929653,0.08055891628,0.1729051995,0.137406461,0.118478229,0.1206521164,0.1019661422,0.2438414676,0.1536240089,0.2207763538,0.2050354513,0.1536747873,0.1414307228,0.1670974164,0.1800946623,0.2003077106
431,0,0,0,0,0,0.1716290907,0.1389773945,0.08055383299,0.1729468247,0.1373333959,0.1186169962,0.120523542,0.1019775359,0.2439176822,0.153815976,0.2207092846,0.2050911979,0.1537264287,0.1415711023,0.1669213846,0.17999291,0.2002590505
431.5,0,0,0,0,0,0.1716948581,0.1390106182,0.08071847025,0.1727940076,0.1371363831,0.1185033802,0.1206164252,0.1021659598,0.2441875369,0.1537915618,0.220758305,0.2050870083,0.153855276,0.141468871,0.1670456051,0.1798352069,0.2000759837
432,0,0,0,0,0,0.1716352754,0.1389248753,0.08056565759,0.1727821977,0.1373110835,0.118498812,0.1205679276,0.1020362833,0.2441801602,0.1537162459,0.220699733,0.204987486,0.1539297526,0.1415154995,0.1669819696,0.1796922834,0.1999435044
432.5,0,0,0,0,0,0.1715828027,0.1390556236,0.08039112933,0.1727780882,0.1374962542,0.1184845148,0.120549034,0.1019840797,0.2441743561,0.1536683895,0.220722176,0.2049017821,0.1540795574,0.1414551295,0.1670143687,0.1795321487,0.1999868004
433,0,0,0,0,0,0.1715600975,0.1389334667,0.0805850155,0.1728634984,0.1374265573,0.118648677,0.1205900069,0.1018104665,0.2442424331,0.1536469878,0.2208892383,0.2047757623,0.1540973777,0.1414807785,0.167071862,0.1795884379,0.1999038191
433.5,0,0,0,0,0,0.1715186744,0.1389719983,0.08059756631,0.1728182638,0.1373762965,0.118724327,0.1205389549,0.1016096662,0.244109253,0.15383174,0.2207904147,0.2048257783,0.1540940207,0.1413854538,0.1669441162,0.1796484902,0.1997550754
434,0,0,0,0,0,0.1716221062,0.1388953629,0.08064204064,0.1728815863,0.1373395369,0.1186128757,0.1206320478,0.1015219348,0.2440778586,0.1537575341,0.2210207962,0.2047063491,0.1541301945,0.141490712,0.1668809078,0.1795378701,0.1997972795
434.5,0,0,0,0,0,0.1717364695,0.1390174784,0.08064643717,0.1727252146,0.1373090416,0.1188145308,0.1205886058,0.101413094,0.2440405488,0.1537646724,0.2211511477,0.2048993014,0.1539482124,0.141439134,0.1668799757,0.1793890527,0.199574982
435,0,0,0,0,0,0.1716454572,0.1388201453,0.08071147801,0.1726914645,0.1374671804,0.118605138,0.1207206397,0.1014860207,0.2439968873,0.1536738352,0.2211237295,0.2049596872,0.1539534688,0.1413981069,0.1668401751,0.1792325176,0.199606151
435.5,0,0,0,0,0,0.171662923,0.1387585528,0.08071553901,0.1727056191,0.1374401595,0.1185288275,0.1208529121,0.1014981991,0.2439658467,0.1535629632,0.2211374014,0.2049702803,0.1538796566,0.1417926136,0.166864867,0.1791255695,0.19960984
436,0,0,0,0,0,0.1717605993,0.1385973607,0.08070707966,0.1727957942,0.1374876065,0.1185140705,0.1207495116,0.1016051519,0.2440897904,0.1536409078,0.2211152223,0.2049301256,0.1540305069,0.1416340837,0.1670663402,0.179248111,0.1996880135
436.5,0,0,0,0,0,0.1716908083,0.1386553372,0.08074998236,0.1727797906,0.1373833964,0.1186950022,0.1205952194,0.1017217442,0.2440519455,0.1536031444,0.2211580815,0.2049337401,0.1543224475,0.1414783508,0.1671647031,0.1791987048,0.1997347691
437,0,0,0,0,0,0.1716027373,0.1387626813,0.08065592661,0.1728456428,0.1374311807,0.1187419202,0.1205741787,0.1017590583,0.2440312336,0.1538705695,0.2210505362,0.2050612329,0.1541628288,0.1414659202,0.1671644664,0.1793747909,0.1996177906
437.5,0,0,0,0,0,0.1716513734,0.138666589,0.08062350583,0.1728181815,0.1374853654,0.1187187147,0.1204407967,0.1017297773,0.2440150907,0.1540256406,0.2209152477,0.2051735331,0.1542313774,0.1413706815,0.1670863063,0.1796082884,0.1995910996
438,0,0,0,0,0,0.1717347388,0.1386310583,0.08076543622,0.1726281638,0.1374770668,0.1186615358,0.1204664835,0.1017098927,0.2439735169,0.1540485062,0.2208146682,0.205236271,0.1542509249,0.1415690253,0.1670044816,0.17959399,0.1996577145
438.5,0,0,0,0,0,0.1717144964,0.1386315275,0.08067461276,0.1726038109,0.1372595169,0.1187767756,0.1205868392,0.1015507813,0.2440272924,0.1540159941,0.2208384945,0.2052670438,0.1541610855,0.1414843862,0.1669942145,0.179678505,0.1997197781
439,0,0,0,0,0,0.1717930441,0.1387353524,0.08064383743,0.1725588611,0.1371734041,0.1186640542,0.120648473,0.1016587587,0.2442349414,0.1540278395,0.2206333835,0.2050728798,0.1541551414,0.1416347365,0.1670572012,0.1797642472,0.1998312866
439.5,0,0,0,0,0,0.1718939036,0.1388404612,0.08079641206,0.1726882698,0.137361874,0.1185406678,0.120698857,0.1017414027,0.2442308635,0.1541339453,0.2207195995,0.2051352666,0.1540606806,0.1416924932,0.1672399723,0.1797632268,0.1998201021
440,0,0,0,0,0,0.1719076615,0.1389385061,0.08065090189,0.1727830144,0.1374042577,0.1186081413,0.1206601398,0.1018248319,0.2443144042,0.1541133115,0.2206982461,0.2050737613,0.154117258,0.1416248111,0.1671906861,0.1799437198,0.1996113832
440.5,0,0,0,0,0,0.1718262696,0.1391182079,0.08054775247,0.1725987775,0.1374333584,0.1187026699,0.1205867177,0.1018601793,0.2443401381,0.1540042419,0.2207137903,0.2051678333,0.1541513165,0.1415939061,0.1673630478,0.179939601,0.1997733469
441,0,0,0,0,0,0.1717690328,0.1388394976,0.08066236559,0.1726588342,0.1374520848,0.1185716385,0.1205532883,0.1020070621,0.2444804848,0.1540444445,0.2207476305,0.2050770238,0.1540818826,0.1415369426,0.1674785649,0.1799090746,0.199731422
441.5,0,0,0,0,0,0.1718100329,0.1389010515,0.08063101696,0.1727503194,0.137424402,0.1185507977,0.1205968552,0.1018919764,0.2443304898,0.1539766804,0.2209101456,0.2050509216,0.1538771483,0.1415379524,0.1673135298,0.179946009,0.1998022022
442,0,0,0,0,0,0.1718120681,0.1389431018,0.08055864516,0.1727174112,0.1374409856,0.1185635796,0.1205495706,0.1017852842,0.2443492028,0.1539537397,0.2211121493,0.2050871716,0.153953395,0.1416005373,0.167391915,0.1799867703,0.1996175904
442.5,0,0,0,0,0,0.1717881938,0.1390811411,0.08079314078,0.172751067,0.1376818005,0.1185893316,0.1207146745,0.1017515984,0.244313098,0.1540730417,0.2211632449,0.2051288627,0.1536574394,0.141578137,0.1672333177,0.180072632,0.1995578793
443,0,0,0,0,0,0.1716602812,0.1390764597,0.08085600184,0.1728020254,0.1375218868,0.1186748486,0.1208109412,0.10183687,0.2443674745,0.1541360729,0.2210300121,0.2049543116,0.1536299549,0.1416680574,0.1672949899,0.1801150414,0.199627074
443.5,0,0,0,0,0,0.171733501,0.1391547993,0.08080281221,0.1727564026,0.137738199,0.1188359817,0.1206975197,0.101765935,0.2444087712,0.1542239027,0.2211423985,0.2049576433,0.1536762603,0.1414923748,0.167290603,0.1801934301,0.1993935716
444,0,0,0,0,0,0.1716879704,0.1391710264,0.08089673891,0.172665077,0.1376214064,0.1188910339,0.1205395835,0.1015971615,0.2444283775,0.1540945233,0.221074974,0.2048145391,0.1536792603,0.1414056649,0.1671814442,0.1799977193,0.1993384336
444.5,0,0,0,0,0,0.1716742932,0.1392468353,0.08076999563,0.1726390987,0.1376461107,0.1187221416,0.1206827913,0.1016495656,0.2444087736,0.1540408766,0.2211609731,0.204699311,0.1538416792,0.1413923206,0.1670140012,0.1801407393,0.1993049886
445,0,0,0,0,0,0.1717409574,0.1390847012,0.08078813896,0.1728901638,0.1374487559,0.1187526263,0.1206053646,0.1017241846,0.2444009572,0.1539190838,0.2211228453,0.2047344454,0.1538640999,0.1413732154,0.1669477942,0.1803372908,0.1992741002
445.5,0,0,0,0,0,0.1717158453,0.1393063656,0.08067560152,0.1729308983,0.1374477961,0.1187906847,0.1208232267,0.1016549454,0.244317209,0.1539268789,0.2209597112,0.2048605602,0.1540203312,0.1413870436,0.1669448683,0.1801587646,0.1994214111
446,0,0,0,0,0,0.1717422841,0.1393256337,0.08058111202,0.1729733148,0.1372583658,0.1186978754,0.1207339301,0.1016811501,0.244304193,0.1539775104,0.2209027632,0.204877352,0.1540276409,0.1413354024,0.1669491367,0.1804126491,0.1994036326
446.5,0,0,0,0,0,0.1715546815,0.1392300806,0.08064799228,0.1730386111,0.1373513547,0.1186106704,0.1207536066,0.1017979062,0.2443298793,0.1540980939,0.2208910847,0.2049796542,0.1537549665,0.1413145485,0.1669604922,0.1805000492,0.1992746491
447,0,0,0,0,0,0.1716566928,0.138930445,0.08058755952,0.1731057414,0.1375963376,0.1186179329,0.1207448493,0.1019333732,0.2442707095,0.1541113249,0.2208514805,0.2049795759,0.153733462,0.1414520609,0.1670683617,0.18029996,0.1992037912
447.5,0,0,0,0,0,0.1714823359,0.1388378369,0.08056151527,0.1732240973,0.1377547033,0.1184894724,0.1208142081,0.1019042512,0.2441304493,0.1541743426,0.2208130748,0.2048459675,0.1536242398,0.1414229744,0.166974065,0.1802682928,0.1991969713
448,0,0,0,0,0,0.1714765632,0.1389845818,0.08055122925,0.1731081047,0.1377223883,0.1185057181,0.1208468139,0.1018006776,0.2443603306,0.1540868798,0.2208095223,0.2048653662,0.153625286,0.1416122621,0.1669492723,0.180090757,0.1992690331
448.5,0,0,0,0,0,0.1715033282,0.1389170356,0.08068134943,0.173069948,0.137507058,0.1185964092,0.1208513304,0.1017637877,0.244363283,0.1542005168,0.2207144011,0.2050432973,0.1535402471,0.1417843922,0.1668697937,0.1801045716,0.199556111
449,0,0,0,0,0,0.1713807546,0.1388640268,0.0805569427,0.1730610626,0.1375469023,0.1186552631,0.1208171375,0.1017019262,0.2443399046,0.1540993453,0.2208297554,0.2051651687,0.1535561606,0.14168504,0.1668925781,0.1803942951,0.1994271561
449.5,0,0,0,0,0,0.1715385556,0.1389107953,0.08058509649,0.1731197222,0.1377675287,0.1185705389,0.1207755671,0.1016965154,0.2442460734,0.1540412556,0.2207518974,0.2051855124,0.153571786,0.1417426564,0.1670186984,0.1800825992,0.1993594189
450,0,0,0,0,0,0.1716762937,0.138889247,0.08058525869,0.1731459141,0.1375998634,0.1185503349,0.1207969664,0.1017057145,0.2442447403,0.1539769608,0.2208152551,0.2051598618,0.1534487419,0.1417037148,0.1670889684,0.1801613225,0.1994355257
450.5,0,0,0,0,0,0.171700229,0.138974349,0.08061553431,0.1732361125,0.1376158295,0.1185895099,0.1208543765,0.101624557,0.2441300277,0.1539260154,0.2206986246,0.2052278615,0.1536808411,0.1417764558,0.167237972,0.1803016062,0.1993457341
451,0,0,0,0,0,0.1716717676,0.1387855695,0.08068034495,0.1732022638,0.1376918718,0.1184617639,0.1208227126,0.1017128021,0.2439650807,0.1538663544,0.2209030104,0.2051021881,0.1537296663,0.1417564469,0.1672362264,0.1803642822,0.1992834876
451.5,0,0,0,0,0,0.1716732487,0.1389414434,0.08061042429,0.1730846201,0.1377314214,0.1186000172,0.1208074912,0.1016141019,0.2440621545,0.1538868653,0.2207643579,0.2049382601,0.1537302938,0.1416744532,0.1671465153,0.1802564611,0.1992730421
452,0,0,0,0,0,0.1718521514,0.1389054894,0.08068884926,0.1730011823,0.137704791,0.1186943307,0.1207550419,0.1015128933,0.2441067572,0.1539561895,0.2208629474,0.2048569805,0.1536261644,0.1416364291,0.1671389371,0.1800914586,0.1993611492
452.5,0,0,0,0,0,0.1716520602,0.1388481755,0.08069497338,0.173140094,0.1376820987,0.1185549868,0.1207384097,0.101575885,0.2441248197,0.1537475441,0.2209047095,0.2048784299,0.1537724616,0.141665133,0.1671016727,0.1801163317,0.1993556692
453,0,0,0,0,0,0.1719069494,0.1389674283,0.08057535212,0.1730045314,0.1377430903,0.1184700355,0.1207268645,0.101497104,0.244026502,0.1537268102,0.2207577543,0.2048191691,0.153666175,0.1416478659,0.1671444452,0.1798846907,0.1994172936
453.5,0,0,0,0,0,0.1718813307,0.1389979231,0.08061671551,0.1730201867,0.1377744575,0.1185698806,0.1208698269,0.1014992033,0.2439484695,0.1537033983,0.2209534805,0.2048155471,0.1535818885,0.1415119155,0.1670479376,0.1798626235,0.1994544437
454,0,0,0,0,0,0.1718275811,0.138913072,0.08056793445,0.1729918301,0.137681747,0.1185826715,0.120848531,0.101540092,0.2439524095,0.1535768535,0.2210660722,0.2048727576,0.1535792581,0.1415604216,0.1673117657,0.1798395837,0.1994732968
454.5,0,0,0,0,0,0.1718116281,0.138983346,0.08071727723,0.1728255991,0.1376582806,0.1186073873,0.1209464205,0.1014564495,0.2439047264,0.1536513168,0.2209932895,0.2049831722,0.1537039273,0.1413487002,0.1673027697,0.1797976779,0.1995362842
455,0,0,0,0,0,0.1717621258,0.1389322331,0.08073546983,0.1727892571,0.1378403694,0.1186252594,0.1207781946,0.101539325,0.2439596023,0.1537710085,0.2209681523,0.2050408466,0.1535875614,0.1412977873,0.1671546046,0.1798205466,0.1995306898
455.5,0,0,0,0,0,0.1717877577,0.1389791404,0.08065246066,0.1728740122,0.1377949829,0.1186957513,0.120749231,0.1016177218,0.2439073682,0.1535606286,0.2208270287,0.2049895252,0.1535013302,0.141341801,0.1670535414,0.1798312438,0.1995853559
456,0,0,0,0,0,0.1717991037,0.138964877,0.08062553561,0.1727898375,0.1378426696,0.1187918084,0.1207438134,0.1017657165,0.2438361977,0.1535771238,0.2208917307,0.2050008891,0.1537192621,0.1412521527,0.1670357619,0.1800898214,0.1995602028
456.5,0,0,0,0,0,0.1717791118,0.1389938771,0.08076414071,0.1729132274,0.1378622871,0.1185979997,0.1208867412,0.1016735926,0.2439035066,0.1536499431,0.2209979656,0.2049668548,0.1535359123,0.1413216241,0.1671073752,0.1800447577,0.1996358618
457,0,0,0,0,0,0.1717444214,0.1390322801,0.08050662421,0.1729118997,0.1377345684,0.1186445322,0.1207919549,0.1016555349,0.2439287775,0.1537469705,0.2211224074,0.2047549552,0.1534410823,0.1412594025,0.1672093749,0.180019423,0.1995717813
457.5,0,0,0,0,0,0.1717384103,0.1391547703,0.0806421407,0.1727664955,0.1378268671,0.1186113316,0.120643207,0.10176418,0.2437920218,0.15387311,0.2210959296,0.2047409253,0.1534027538,0.141293863,0.1673538869,0.1799434505,0.1996512633
458,0,0,0,0,0,0.171614463,0.1392700825,0.08073557783,0.1728016148,0.1378094201,0.1186992057,0.1206780831,0.1019169642,0.2437993689,0.1540454353,0.2210960535,0.2048783477,0.1534360888,0.1413376677,0.1674421895,0.1799179614,0.1996574173
458.5,0,0,0,0,0,0.1716847686,0.1392052985,0.08084284832,0.1727769049,0.1376483207,0.1188677714,0.1206694206,0.1018268005,0.2438661803,0.1539846913,0.2210069366,0.2049071595,0.1535906626,0.1414714465,0.1673527908,0.1799874727,0.1996048037
459,0,0,0,0,0,0.171618967,0.1390093845,0.08081316418,0.1728217244,0.1375690671,0.118815566,0.1205250259,0.1017519019,0.2438860581,0.154051356,0.2210650044,0.2048096543,0.1535397512,0.141482915,0.1673390041,0.1800379163,0.1997079564
459.5,0,0,0,0,0,0.1715849869,0.1389013326,0.08064541124,0.17286078,0.1376030094,0.1186266309,0.1205466683,0.1017165714,0.2438772235,0.1541313981,0.2209391658,0.2047412353,0.1535748703,0.1415942994,0.1672546393,0.1800562813,0.1996192693
460,0,0,0,0,0,0.1715826396,0.1390052157,0.08054126998,0.1728985587,0.1377151282,0.1186579574,0.1205696896,0.1016429562,0.2438165407,0.1541407197,0.2209308539,0.2048840661,0.1536602562,0.1416156637,0.167207829,0.1798967327,0.1996545595
460.5,0,0,0,0,0,0.1716048697,0.1390453574,0.08049295865,0.1728410196,0.137743244,0.1186724895,0.1205982761,0.101588004,0.2439723914,0.1541075037,0.2207960333,0.2049587097,0.1534955569,0.1414815254,0.1669894955,0.1797333202,0.19963672
461,0,0,0,0,0,0.1717726457,0.1390510382,0.08058563174,0.1727171976,0.1375044174,0.1186862026,0.1204828718,0.1016055096,0.2439327232,0.1539955668,0.2208706063,0.2049238601,0.1534261322,0.1415754101,0.166893915,0.1797815519,0.1995940285
461.5,0,0,0,0,0,0.1717834965,0.1389020208,0.08052644819,0.1727217501,0.1376213927,0.1186728889,0.1203608369,0.1015413592,0.2439400497,0.1541107933,0.2208804269,0.2049607448,0.1534345563,0.1416977705,0.1669701641,0.179760788,0.1995593392
462,0,0,0,0,0,0.1716530053,0.1388421949,0.08071556188,0.1726433841,0.1375104149,0.1185149499,0.120187844,0.1016826334,0.243897779,0.1541109537,0.2208289533,0.2049621564,0.1536402165,0.1416590447,0.16705626,0.1799372316,0.19948855
462.5,0,0,0,0,0,0.1715685074,0.1388476457,0.080621475,0.1726953123,0.1374754071,0.1186817538,0.1204332564,0.1015798481,0.2438691799,0.1541496277,0.2208937882,0.2049249933,0.1537738699,0.1415038039,0.1670779858,0.1799805414,0.1994043766
463,0,0,0,0,0,0.1714736388,0.1388441462,0.08055383724,0.1727021388,0.1374645711,0.1186359933,0.1203864433,0.101603406,0.2439514755,0.1539970828,0.2210080718,0.2048371935,0.1537575583,0.1414898741,0.1669718884,0.1800488903,0.1994672823
463.5,0,0,0,0,0,0.1715534593,0.1389018448,0.08077954571,0.1727236042,0.1373490222,0.1185052503,0.1205613125,0.1016188732,0.2439934219,0.1539815963,0.2210347158,0.2048291161,0.15353608,0.1415904839,0.166908422,0.1800508803,0.1995097039
464,0,0,0,0,0,0.1714437198,0.1388871061,0.08067715406,0.1727665002,0.1375242122,0.1185910725,0.1204371593,0.101557781,0.2440691041,0.1539226917,0.2208758242,0.204853265,0.1536620558,0.1415688315,0.1670538523,0.1798445714,0.199253786
464.5,0,0,0,0,0,0.1715006393,0.1387715096,0.08070572749,0.1729373406,0.1376246337,0.118754972,0.1207384672,0.1015305329,0.2442298605,0.1538524764,0.2208436114,0.204889999,0.1536885299,0.1415041465,0.1668978829,0.1799330421,0.1993427598
465,0,0,0,0,0,0.1714890203,0.1387596423,0.08065638534,0.1730301249,0.1374671951,0.1188443386,0.1209299726,0.1014807274,0.2443094011,0.1539968596,0.220952831,0.2048271551,0.1537510361,0.1413443032,0.1668786145,0.1798611538,0.1992617394
465.5,0,0,0,0,0,0.1714845866,0.1388260909,0.08072272786,0.1728991193,0.1374003225,0.118784884,0.120941702,0.1016397092,0.2443322296,0.1541402249,0.2210337894,0.2047699443,0.1538767398,0.1415515172,0.1669541065,0.1797234376,0.1993602717
466,0,0,0,0,0,0.1713864751,0.1387826023,0.08060217027,0.172863064,0.1372276545,0.1187135009,0.1209389653,0.1016028869,0.2443495588,0.1541126492,0.221189498,0.2046595879,0.1538067314,0.1414716314,0.1667742709,0.1797334134,0.1994288223
466.5,0,0,0,0,0,0.171420885,0.1388425038,0.0808057161,0.1728276591,0.1373757355,0.1187488317,0.1210030191,0.1016833384,0.2443140336,0.1539894745,0.2212042566,0.2047007929,0.1539299817,0.1415398936,0.1667624776,0.1797511641,0.1994946609
467,0,0,0,0,0,0.1715129265,0.1389332012,0.08102379783,0.1726175233,0.1372005051,0.1187370518,0.1210399809,0.1016440777,0.2441902903,0.1539067471,0.2211831385,0.204851053,0.1538947736,0.1416367058,0.1668647844,0.1797966807,0.1994710735
467.5,0,0,0,0,0,0.1713779951,0.1389658509,0.08075803127,0.1726474795,0.1372513736,0.1187853721,0.1210273885,0.101636541,0.2441129998,0.1539158892,0.2211945378,0.204881969,0.1538629889,0.1416072905,0.1668764029,0.1797562423,0.1994889875
468,0,0,0,0,0,0.1714368325,0.138894049,0.08067691487,0.1727865717,0.1374106286,0.1185264832,0.1210792519,0.1017897859,0.2442438135,0.1540309726,0.2211110924,0.2048435359,0.154022751,0.1416680407,0.166897624,0.1798145647,0.1995000867
468.5,0,0,0,0,0,0.1715096025,0.1388817458,0.08069258931,0.1727690741,0.137679435,0.1185068492,0.1210375143,0.1017962197,0.2442138049,0.1539881429,0.2211319154,0.2050603504,0.1540088665,0.1414259561,0.1668964224,0.1796516294,0.1993575344
469,0,0,0,0,0,0.1714747593,0.1388587072,0.08074782685,0.1726619553,0.13755626,0.1186577934,0.1208777245,0.1017785837,0.2440735924,0.1538461456,0.2209827308,0.2049557811,0.1540376813,0.1414424529,0.1668044861,0.1799231974,0.1993459584
469.5,0,0,0,0,0,0.1715659346,0.1389106988,0.08067761318,0.1726468338,0.137593955,0.1186035361,0.1209271877,0.1018714003,0.2440314078,0.1538670716,0.2209182124,0.2049622986,0.15398978,0.1412938368,0.1667177547,0.1800372774,0.1992647834
470,0,0,0,0,0,0.171616595,0.1389829424,0.08065033347,0.1727245818,0.1376812651,0.1186410555,0.1209805013,0.1019045182,0.2441053264,0.1538077055,0.22111589,0.2049618227,0.154008992,0.1411314277,0.1667461275,0.1799840937,0.1993494693
470.5,0,0,0,0,0,0.1717374823,0.1388785891,0.08077142754,0.1727913343,0.1378017215,0.1186375188,0.1208411737,0.1017464656,0.2440396998,0.1536314325,0.2211087309,0.2047344278,0.1538834637,0.1412002711,0.1669446293,0.1798073072,0.1993307896
471,0,0,0,0,0,0.1717518219,0.1388235329,0.08072929661,0.1727798647,0.1378884993,0.1185275329,0.1209577251,0.1016912476,0.2440951532,0.1535435812,0.2209742392,0.2047225943,0.1539023024,0.1412366815,0.1669831222,0.1798742702,0.1993562535
471.5,0,0,0,0,0,0.171771234,0.1388397309,0.0807581041,0.1728348139,0.1378622811,0.1185990924,0.1209636614,0.1016665896,0.2440759587,0.1534558787,0.2208907563,0.2048072221,0.153911939,0.1413042291,0.1667911992,0.1799162315,0.1993621652
472,0,0,0,0,0,0.1718772593,0.1389928896,0.08046684927,0.1728755596,0.1377286853,0.1187923198,0.1208381954,0.1015289444,0.2438616505,0.1535176663,0.2209895332,0.2049083492,0.1540822826,0.1412919541,0.1668417511,0.1797530457,0.1993834907
472.5,0,0,0,0,0,0.1716832064,0.1389918059,0.08037406631,0.1729198921,0.1376602035,0.1187902156,0.1207868639,0.1015188348,0.2438699626,0.1536397403,0.2209508497,0.2049141979,0.1540806664,0.1412247258,0.1668140428,0.1797585055,0.199214312
473,0,0,0,0,0,0.1716608821,0.1389882564,0.0804594041,0.172850289,0.1376868649,0.1187491202,0.1207082645,0.1015204597,0.2438428765,0.1537445541,0.2210670032,0.2050584729,0.1540730211,0.1414646521,0.1667605077,0.1795523095,0.1992778549
473.5,0,0,0,0,0,0.1716726369,0.1389061953,0.08055853328,0.1729182075,0.1376537602,0.1186739491,0.1207988496,0.101437066,0.2439119091,0.1538558254,0.2209349822,0.2050768559,0.1538415114,0.1415040087,0.1667531324,0.1796017511,0.1993063904
474,0,0,0,0,0,0.1716788658,0.1390039032,0.08050860584,0.1729042746,0.1377928338,0.1187257254,0.1206957632,0.1014868466,0.2437735094,0.1538301875,0.2210093034,0.2050268167,0.153970679,0.1414339368,0.1668129181,0.1797370707,0.199298028
474.5,0,0,0,0,0,0.1718017668,0.138765004,0.0805032319,0.1730149983,0.1377508479,0.1186799086,0.1208295855,0.1014388389,0.2439606745,0.1540453967,0.2210829263,0.2049788184,0.1540484046,0.1414991023,0.1668018738,0.1796814306,0.1993928978
475,0,0,0,0,0,0.171764021,0.1388501721,0.08052587673,0.1730367346,0.1377425894,0.1185857401,0.1208450068,0.1014985478,0.2439184957,0.1541401669,0.2210011797,0.2049772365,0.1539785256,0.1413510954,0.1668008378,0.1797020593,0.1994323229
475.5,0,0,0,0,0,0.1717870151,0.1387993042,0.08080849076,0.1730683158,0.1375772093,0.118686118,0.1208298616,0.101495831,0.243986251,0.1539623312,0.220939273,0.2049053528,0.1537769202,0.1412706911,0.1668933845,0.1798079569,0.1994662318
476,0,0,0,0,0,0.1717118214,0.1387062014,0.08073022554,0.1730981416,0.1377620546,0.1186646441,0.1209668562,0.101579233,0.2440213247,0.1539650083,0.2209227048,0.20514014,0.1535576894,0.1413026479,0.1669907758,0.1799761251,0.1993537771
476.5,0,0,0,0,0,0.1716407962,0.1387035573,0.08055616575,0.1731007787,0.137832513,0.1185591563,0.1210088935,0.1016533143,0.2440280176,0.1538723796,0.2210121465,0.2049620046,0.1536100058,0.1411797362,0.1670668135,0.1801290964,0.1993203526
477,0,0,0,0,0,0.17169791,0.1387455378,0.08080401372,0.1732337347,0.1375973852,0.1186275671,0.121075714,0.1016847528,0.243956159,0.1537113099,0.2210170556,0.2050648864,0.153692098,0.141341364,0.16701415,0.1799852297,0.1992273841
477.5,0,0,0,0,0,0.1716454969,0.1388316013,0.08071798822,0.1732778796,0.1374683874,0.1185797692,0.1209742417,0.1018464229,0.2441240698,0.1536907344,0.2208472504,0.2051286272,0.1536613346,0.1414041392,0.1668530498,0.1800513837,0.1992346008
478,0,0,0,0,0,0.171649765,0.1388943111,0.08083315262,0.1731256611,0.1374832454,0.1187389043,0.1209812595,0.1017576943,0.2439801015,0.1534926997,0.2209193412,0.2049420199,0.1537634641,0.1414787067,0.1669059118,0.1800295047,0.1992881269
478.5,0,0,0,0,0,0.1715081009,0.1389543753,0.08078730832,0.1730824848,0.1373803538,0.1187029669,0.1209037885,0.1018800483,0.243918437,0.1533924487,0.2209364363,0.204894059,0.153957704,0.1415193779,0.1668812775,0.1800594053,0.1992387549
479,0,0,0,0,0,0.1714173546,0.1390478389,0.0810639523,0.1730228042,0.1373169994,0.1186273895,0.1207464113,0.1019090219,0.2440608963,0.1534329705,0.2209602064,0.204812236,0.1542719831,0.1415656299,0.1668361347,0.1799516379,0.1991313522
479.5,0,0,0,0,0,0.1713881474,0.139115618,0.08117508602,0.1730029365,0.1372359164,0.1184617979,0.1207173317,0.1019082317,0.2439144301,0.1535622034,0.2211369033,0.2048801679,0.1542706814,0.1416726663,0.1668782489,0.1799056748,0.199153366
480,0,0,0,0,0,0.1715449225,0.1390912292,0.08107635333,0.1730529452,0.1372494151,0.1185620531,0.1208265258,0.1018220946,0.2439439055,0.1535645372,0.2211740739,0.204830966,0.1539420755,0.1415227353,0.1668489509,0.1799834747,0.1990531709
480.5,0,0,0,0,0,0.1716217799,0.1389497607,0.08092241988,0.1730917914,0.1373159953,0.118645385,0.1206457878,0.1017160644,0.2439727545,0.1536229177,0.2212685838,0.204799073,0.1539134667,0.1414348928,0.166755782,0.1800214662,0.1988342801
481,0,0,0,0,0,0.1716719805,0.1388856112,0.08077483298,0.1731725409,0.1374221357,0.1185276725,0.1208945363,0.1017820706,0.2438927319,0.1535967277,0.2213076186,0.2047771738,0.1538147165,0.1413377638,0.1667864238,0.1803080849,0.1988369056
481.5,0,0,0,0,0,0.1714794583,0.1387951663,0.08081848892,0.1732113568,0.1374340004,0.1184263079,0.1206420194,0.1016490579,0.2438033938,0.1536946021,0.2211296246,0.2047183253,0.1539396843,0.1413953862,0.1667401163,0.1802450742,0.1985655311
482,0,0,0,0,0,0.1714307288,0.1388802973,0.08060135957,0.1729062868,0.1375283306,0.1185390176,0.1206373558,0.1016588995,0.2437732961,0.1536618296,0.221047919,0.2047406909,0.1539513109,0.1415454534,0.1668470916,0.1801218389,0.1986132413
482.5,0,0,0,0,0,0.1711834454,0.1388071103,0.08073134052,0.1730322492,0.1375750994,0.1184542975,0.1205694511,0.1017647285,0.2436648134,0.153574783,0.220927005,0.2048823186,0.1538975791,0.141413311,0.1668493536,0.180125919,0.1987013284
483,0,0,0,0,0,0.1713037314,0.1388730586,0.08077147417,0.1727895259,0.1378388026,0.1184430572,0.1206062903,0.1018023859,0.2436808622,0.1536198453,0.2208350852,0.2049711115,0.1540329821,0.1414921008,0.1668696177,0.1800780395,0.1988647016
483.5,0,0,0,0,0,0.1714363552,0.1388554318,0.08089522716,0.1727632518,0.1378360203,0.1184334562,0.1206977179,0.1018006885,0.2437371231,0.1536945353,0.2211070776,0.2048502126,0.1539380621,0.1414786285,0.1669626953,0.180028802,0.19896037
484,0,0,0,0,0,0.1715026694,0.1389026658,0.0807069623,0.1726871737,0.1376071875,0.1185237957,0.1208546268,0.10196332,0.2437578124,0.1535320614,0.2212272398,0.2049591042,0.1540024311,0.1416222691,0.1669528196,0.1799202708,0.1987983018
484.5,0,0,0,0,0,0.1715789064,0.1387736735,0.08061546361,0.1727117511,0.1376124385,0.1185254927,0.120822441,0.1017687381,0.243898664,0.1536010318,0.2212108549,0.2048059366,0.1539666497,0.1415660376,0.1668086348,0.1802138109,0.1988430584
485,0,0,0,0,0,0.171526713,0.1389285462,0.08064180011,0.1727798257,0.1377980094,0.1185451652,0.1206257763,0.1016152247,0.2440495926,0.1536539609,0.2211751081,0.2048910868,0.1540106376,0.1414173957,0.1667672761,0.1803635229,0.1988209373
485.5,0,0,0,0,0,0.1716405775,0.138831551,0.08074854491,0.1727960715,0.1374858613,0.1186308048,0.1206276135,0.1014145281,0.2441387724,0.1536434193,0.2211056135,0.2048806028,0.1539445956,0.1414157093,0.1667370802,0.180531111,0.1987521416
486,0,0,0,0,0,0.1718152194,0.1389111126,0.08069222279,0.172906016,0.1375486615,0.1187902176,0.1208256778,0.1014070097,0.2441197753,0.1537381072,0.221222645,0.2050559093,0.1539514131,0.1415281758,0.1667299796,0.1805038679,0.1987891851
486.5,0,0,0,0,0,0.1717805197,0.1388946395,0.0808019596,0.1730064053,0.1375570779,0.1187496771,0.1207976625,0.1016749386,0.2440778266,0.1535513469,0.2212688169,0.2049537779,0.154234052,0.1415687687,0.1667401672,0.1807027349,0.1988746458
487,0,0,0,0,0,0.1717589695,0.1387475641,0.08072957043,0.1730535905,0.1375403244,0.1186523883,0.1207148148,0.1017554597,0.2439995261,0.1535945154,0.2211864933,0.2049599534,0.1540991186,0.1414547156,0.1667625132,0.1805045609,0.1989691131
487.5,0,0,0,0,0,0.1717929973,0.1387830895,0.08049670258,0.1730495695,0.1374516148,0.1185392902,0.1206909543,0.1017550231,0.2440617992,0.1536311356,0.2212475146,0.2048959493,0.1539813108,0.141390658,0.1668333549,0.1805024961,0.1989022801
488,0,0,0,0,0,0.1716311241,0.1387410349,0.0804407078,0.1731174906,0.1376273141,0.1185558926,0.1206577309,0.1018104018,0.24404709,0.1535939721,0.2211341709,0.2050192328,0.1540253277,0.1414648343,0.1669205692,0.1803111306,0.1989686416
488.5,0,0,0,0,0,0.1717699866,0.1388382581,0.08053331843,0.173159775,0.137684539,0.1184530922,0.120655864,0.101859506,0.2441060064,0.1535287838,0.2210990004,0.2050373488,0.1541092017,0.1415515061,0.1669215524,0.1804491605,0.198947338
489,0,0,0,0,0,0.1717378296,0.1386590329,0.08067608868,0.1730708227,0.1376418102,0.1183341194,0.120654232,0.1020154868,0.2441229101,0.1536463224,0.2211316367,0.2048803819,0.1540733586,0.1412683265,0.1669345527,0.180503219,0.1988712677
489.5,0,0,0,0,0,0.1718732554,0.138628447,0.08072006168,0.1730373726,0.1376946296,0.1185750165,0.1206964887,0.1020768947,0.2439923192,0.1535631115,0.2211152276,0.2048565679,0.1540416054,0.1412911251,0.1669215802,0.1806415865,0.198780561
490,0,0,0,0,0,0.1718441746,0.1386590822,0.08086140369,0.1730379641,0.1378524696,0.1187276024,0.1206473709,0.1020112747,0.2440033332,0.1535061897,0.2210868209,0.2048673464,0.154108411,0.1413644465,0.1667929798,0.1805735174,0.1988139921
490.5,0,0,0,0,0,0.171592304,0.1385408454,0.08075812123,0.1728498905,0.1380063719,0.1186183525,0.1207538661,0.1021098557,0.2440635512,0.1536586514,0.2209835478,0.2049085169,0.1542374714,0.1413299324,0.1667964854,0.1804368042,0.1988307873
491,0,0,0,0,0,0.1716282195,0.1386266535,0.08073772952,0.1728969676,0.1378717376,0.1186427613,0.1206817196,0.1020643932,0.2440366639,0.1536861641,0.2210309712,0.2050971067,0.1541923193,0.1414161711,0.1668889807,0.1802819913,0.199017668
491.5,0,0,0,0,0,0.1715827661,0.1386130511,0.08066613743,0.1728217942,0.1377983145,0.1187572469,0.1207377102,0.1019926613,0.2440881713,0.1537309034,0.2209811893,0.2050748538,0.1542176751,0.1415007626,0.1670453346,0.1803783431,0.1988802353
492,0,0,0,0,0,0.1715982312,0.1388392358,0.08050992559,0.1727281857,0.137742901,0.1189840394,0.120885298,0.1020190192,0.2439896799,0.1538133803,0.2209673583,0.2052699559,0.1541165157,0.1415167658,0.1671521496,0.1803015612,0.1989275038
492.5,0,0,0,0,0,0.1715261074,0.1385982129,0.08056110083,0.1726496274,0.1374776967,0.1189627241,0.1209596965,0.1018687211,0.2439711565,0.1538259166,0.2209334588,0.2052160761,0.1542252892,0.1415943538,0.167232775,0.1803216234,0.1989395361
493,0,0,0,0,0,0.1716294903,0.1387004691,0.08056259265,0.1726442726,0.1376295454,0.1190064972,0.1209645391,0.1019556141,0.2439366335,0.1538892934,0.2209505299,0.2050665329,0.1540788773,0.1416060595,0.1671236861,0.1802649508,0.1991013938
493.5,0,0,0,0,0,0.1716379625,0.1387574338,0.08054105518,0.1727360717,0.1376086017,0.1188774423,0.120772003,0.1019118021,0.2440451456,0.1541196024,0.2209481806,0.2049824966,0.1539924627,0.1416244206,0.1671359324,0.1803052371,0.1991741664
494,0,0,0,0,0,0.1716371074,0.1388842547,0.080738783,0.1728172046,0.1376183737,0.1187696042,0.1206030261,0.1018425379,0.2440763151,0.1540379785,0.2208464908,0.2050697459,0.1539152243,0.141627445,0.1670742075,0.1802437968,0.1991650678
494.5,0,0,0,0,0,0.1717246898,0.1389033814,0.08060911129,0.1728487774,0.1376117187,0.1188956187,0.1206202928,0.1018349621,0.2440307346,0.1539530155,0.2208203924,0.205038854,0.1540225733,0.1415385376,0.1670397891,0.1804639275,0.1991774375
495,0,0,0,0,0,0.1717996535,0.1389078729,0.08076775964,0.1727490675,0.1376044423,0.1187311853,0.12060658,0.1018556769,0.2440337716,0.1540066882,0.2209967361,0.2051029768,0.1538736711,0.1416014854,0.1669683119,0.1804371221,0.1992039969
495.5,0,0,0,0,0,0.1718384639,0.1388053387,0.08078985043,0.1727403936,0.1374761523,0.1186372309,0.1206161729,0.1017597459,0.2439439191,0.1539027709,0.2211078094,0.2049620086,0.1541251343,0.1415595634,0.1668819661,0.1802996027,0.199268297
496,0,0,0,0,0,0.171710539,0.1390051209,0.08066538276,0.1727483064,0.137807486,0.1185414873,0.120629396,0.1018453626,0.2439544097,0.1536543228,0.2211519428,0.2048465132,0.1540659,0.1416228079,0.1668767094,0.1801892054,0.1992927832
496.5,0,0,0,0,0,0.1717640682,0.1389565749,0.08066650433,0.1727925843,0.1378011211,0.1186728028,0.1206043441,0.1019027052,0.2439664566,0.1537474785,0.2212636541,0.2048523321,0.1539023173,0.1415606098,0.1669321614,0.1802639274,0.1993408006
497,0,0,0,0,0,0.1717700091,0.1391147354,0.08064269887,0.1728992152,0.1375764715,0.1188404595,0.1206182274,0.1018121536,0.2438877543,0.1538301039,0.2211708356,0.2048929662,0.1539439672,0.1415897645,0.1669778547,0.1802547232,0.1993769844
497.5,0,0,0,0,0,0.1717145314,0.139158397,0.08053367335,0.1727644596,0.1374854134,0.1189090574,0.1205668388,0.1018253719,0.2437636902,0.1538765393,0.2210581739,0.2048624856,0.1540851808,0.1416584496,0.1669491113,0.1801848577,0.1993294168
498,0,0,0,0,0,0.171735141,0.139107146,0.080518703,0.1728622947,0.137376194,0.1188997195,0.120464674,0.101734566,0.2438366512,0.1539924933,0.2210188995,0.204998782,0.1538711915,0.1416236843,0.1669365865,0.1802956923,0.1992298655
498.5,0,0,0,0,0,0.171729726,0.1390453681,0.08072344029,0.1728285189,0.1374027027,0.1187346651,0.1207338573,0.1017862728,0.243776738,0.1538827222,0.2208836133,0.2048432936,0.1538608881,0.1416020414,0.1669666682,0.1803675886,0.1992542984
499,0,0,0,0,0,0.1718645415,0.1390929812,0.0807304478,0.1728971205,0.1372491583,0.1186582664,0.1208056115,0.1017676774,0.2438446719,0.1539431811,0.2209020904,0.2050010948,0.1539452874,0.1416110472,0.1671646319,0.1803436887,0.1993071137
499.5,0,0,0,0,0,0.1719039668,0.1390673418,0.08070789225,0.1728608099,0.1373685149,0.1187095988,0.1207309737,0.1016963213,0.2437398541,0.1538783233,0.2208907994,0.2049050322,0.1539874238,0.1417535307,0.1671001112,0.180435843,0.1993169458
500,0,0,0,0,0,0.1716415887,0.1389771415,0.08059005377,0.1727693531,0.1374145068,0.1186858853,0.1207048021,0.1016052946,0.2437055986,0.153898444,0.2208640075,0.2049736838,0.1540164567,0.1415524928,0.1671284035,0.1803156563,0.1994439404
