time,TNFR,IL1R,CD40,LTB,BAFFR,TRAF2_5,TRAF6,TRAF2_3,Btx,TAK1_TAB,NEMO_IKKa_IKKb,IkBa_release_signal,p50_p65,TNFa,p100,Phenotype_canonical,NIK,IKKa_noncanonical,p100_RelB,p52,BAFF,Phenotype_noncanonical
0,1,1,1,1,1,0,0,0,0,0,0,0,0,0,0,0,0,0,0,0,0,0
0.5,1,1,1,1,1,0.07462346913,0.2533167066,0.2123148857,0.02983930429,0.02711693709,0.008296876453,0.0005980970117,2.43085506e-05,1.984748088e-06,9.462093611e-07,3.424991923e-07,0.02551271971,0.001710451332,7.733100511e-05,4.464856034e-06,6.848425576e-06,4.125968551e-08
1,1,1,1,1,1,0.1321367298,0.4119042708,0.3472124269,0.0872288265,0.08152616552,0.04623660738,0.006989996298,0.0005922041538,0.0001011714517,4.721801123e-05,1.747820505e-05,0.07836673085,0.01065406954,0.0009759071343,0.0001161027956,0.0001797014772,2.216822718e-06
1.5,1,1,1,1,1,0.175940109,0.5153088658,0.4349545356,0.1463746045,0.1381902356,0.1080854103,0.02505506566,0.00329311898,0.0008866671372,0.0004034702807,0.0001547231652,0.1364529807,0.02787421788,0.003890548204,0.0007166756032,0.001118004663,2.111267595e-05
2,1,1,1,1,1,0.2098835939,0.5797965435,0.4878538958,0.1987789519,0.1885860933,0.1785407392,0.05534676397,0.01001849604,0.003753210466,0.001686684573,0.0006643156634,0.1923194034,0.05140964849,0.00963666359,0.002440982611,0.003831373742,9.962660151e-05
2.5,1,1,1,1,1,0.2351134065,0.6224320728,0.5225426114,0.2418455225,0.2330837621,0.2458375073,0.09332004774,0.02185297862,0.01078367805,0.004744718698,0.001924697713,0.2414234773,0.07845639423,0.0185937372,0.00602285116,0.009513222183,0.0003185850233
3,1,1,1,1,1,0.2538448472,0.6496924512,0.5459963736,0.2750073732,0.2653344341,0.3045838602,0.1352078313,0.03819825939,0.023774679,0.01039772857,0.004289292243,0.2803754221,0.1064388238,0.03066177242,0.01215833285,0.01925523556,0.0007949017686
3.5,1,1,1,1,1,0.2718879996,0.6663413315,0.5608371417,0.2985062823,0.2898555076,0.3523678289,0.1763775043,0.05906260474,0.04427918801,0.01871940547,0.008191174999,0.3136301377,0.134842722,0.04570537293,0.02168817444,0.03407738448,0.00168501141
4,1,1,1,1,1,0.2818659741,0.6773786877,0.5693390694,0.3162640369,0.309799617,0.3902533921,0.2175204728,0.08245592033,0.07266342284,0.03010036575,0.01372403191,0.3398072298,0.1612228873,0.06288332771,0.03412022583,0.05400160522,0.00318341221
4.5,1,1,1,1,1,0.2886749092,0.6844670746,0.5726174929,0.3273151427,0.3245102302,0.4183690167,0.2513680742,0.106916582,0.1086355002,0.04467055779,0.02119887577,0.362680805,0.1862699223,0.0820168882,0.0500343817,0.0791284581,0.0053899277
5,1,1,1,1,1,0.2965758688,0.6913442025,0.5764600435,0.3374171093,0.3337017171,0.4435075089,0.2815901261,0.1317954302,0.1499841149,0.06057473164,0.03031333649,0.3764280294,0.208603747,0.1019584244,0.06809334067,0.1102959636,0.008459014572
5.5,1,1,1,1,1,0.3031710943,0.6912139512,0.5794606019,0.3466163921,0.3413971514,0.460072519,0.3079178349,0.1551851889,0.1958503494,0.07812769457,0.04120517683,0.3849956363,0.2287171414,0.1225587903,0.09039048817,0.1456619737,0.01251194362
6,1,1,1,1,1,0.3073833654,0.6920473857,0.5809739919,0.3523069139,0.3478004747,0.4752348565,0.3316211585,0.177855488,0.2451833544,0.09775457569,0.05385441425,0.3950983442,0.2444021951,0.1424679799,0.1146338639,0.1832738244,0.01781552625
6.5,1,1,1,1,1,0.312641873,0.6940518133,0.5808849038,0.3554772442,0.3521105694,0.4837830901,0.3484743972,0.2006441708,0.2949194302,0.116413749,0.06725429864,0.4044863822,0.2588997423,0.1622433135,0.1409351349,0.2241543564,0.02431268212
7,1,1,1,1,1,0.3161269243,0.693664122,0.5839828539,0.3606344784,0.3537219561,0.4909275035,0.3644760575,0.2194341959,0.3452610611,0.1352935997,0.08256365273,0.4126097928,0.2720094595,0.1805873487,0.1683552516,0.2638477886,0.03200304774
7.5,1,1,1,1,1,0.3190316556,0.6938262275,0.584507146,0.3622161478,0.3558058051,0.4938039896,0.3746943492,0.2352926925,0.3912989292,0.1531701352,0.09777210562,0.4183299705,0.2825472753,0.1989438553,0.1950431485,0.305331983,0.041337823
8,1,1,1,1,1,0.3180982954,0.6955815505,0.5838947992,0.3628021422,0.3573848018,0.4977178018,0.3847228898,0.2486073024,0.4345441755,0.1688193976,0.1136331799,0.4189779222,0.289787993,0.214193513,0.2236701741,0.3458916961,0.05124715273
8.5,1,1,1,1,1,0.317752765,0.6947100241,0.5815316552,0.3638868365,0.3575637791,0.4989845816,0.3927397494,0.2622630591,0.47766829,0.1834499044,0.1307437298,0.4219801678,0.2990442502,0.2297098363,0.2498664199,0.3877759482,0.0621239203
9,1,1,1,1,1,0.3187983713,0.6915712358,0.5824218083,0.3656035568,0.3591626697,0.5026775244,0.3983231221,0.2731902899,0.5197714652,0.196219698,0.1465395235,0.4218658223,0.3044926439,0.2439754244,0.2757875495,0.4291021472,0.07458436515
9.5,1,1,1,1,1,0.3210276026,0.6901990572,0.5838196596,0.365917108,0.3632288073,0.5032870474,0.4022412409,0.2832200985,0.5551447742,0.2087405195,0.1624407367,0.4255019924,0.3098121883,0.2541527848,0.3011642017,0.471545432,0.08656255273
10,1,1,1,1,1,0.3185999233,0.690599477,0.5852182018,0.3663257343,0.3645994497,0.5031622803,0.4022434545,0.2911363979,0.5866364628,0.2199756063,0.1782495525,0.4290138682,0.3136722877,0.2649666604,0.3225601578,0.5082453377,0.1002590094
10.5,1,1,1,1,1,0.3202101004,0.6911672936,0.5850967381,0.367347892,0.3635841879,0.5023933828,0.4061374268,0.2959829026,0.6125732094,0.2308099841,0.1940481471,0.4301719527,0.3163112035,0.2741698539,0.3435476072,0.539895529,0.114913303
11,1,1,1,1,1,0.3221577051,0.6916948157,0.5866934078,0.3639988251,0.3654893668,0.5074126189,0.4104567162,0.3042243119,0.641297489,0.2390675433,0.211948116,0.4298716751,0.3218858764,0.2808189995,0.363847783,0.569244463,0.1300518606
11.5,1,1,1,1,1,0.3235714319,0.6936670379,0.5847876888,0.3642694389,0.3637201287,0.507924128,0.4140590437,0.3088058949,0.6631929179,0.2475463638,0.229922512,0.4277110147,0.3226937296,0.2878422032,0.3803245786,0.5959792823,0.1457816797
12,1,1,1,1,1,0.3236085956,0.6951761906,0.5825585594,0.361670012,0.3626447233,0.5075409918,0.4155477829,0.3135475793,0.6833784899,0.2540848345,0.2470690545,0.4277879259,0.3203164748,0.293358094,0.395054217,0.6172890186,0.161175092
12.5,1,1,1,1,1,0.323852874,0.6942965463,0.5824007603,0.3601072476,0.3624559309,0.5061633635,0.4144421116,0.3149383817,0.7026781678,0.2593437994,0.2624267428,0.429054505,0.3228376724,0.2981508162,0.4103346413,0.6388446089,0.1776936615
13,1,1,1,1,1,0.3204567007,0.6937355683,0.5835843024,0.3639213642,0.3610059794,0.5061671715,0.415281662,0.3195567844,0.7177887125,0.2632296583,0.2791053358,0.4301815555,0.3239103093,0.2985536811,0.426306681,0.6600827737,0.19476229
13.5,1,1,1,1,1,0.3216345066,0.6931690469,0.583518683,0.3649459261,0.3597669324,0.5067119143,0.4178985201,0.3212496376,0.7334536374,0.2680239853,0.2947896916,0.4307142303,0.3231841845,0.3017783857,0.4378194266,0.680011754,0.2078568931
14,1,1,1,1,1,0.321215329,0.6949129471,0.5844363444,0.3655667424,0.3617508646,0.5041259787,0.4176982043,0.3241543081,0.7465072169,0.2717637831,0.308836107,0.4317212739,0.3255747158,0.3072816167,0.4488603622,0.6969840301,0.2234165401
14.5,1,1,1,1,1,0.319863703,0.6950380717,0.5840134885,0.363428682,0.3659380379,0.5070984331,0.4196574373,0.3249919028,0.7585136296,0.276560883,0.3265098018,0.4342254932,0.3269858326,0.3114019694,0.4578113376,0.7113015567,0.2384428315
15,1,1,1,1,1,0.3219896462,0.6954422979,0.5839313807,0.3655124643,0.3652577889,0.5091843631,0.4189772526,0.3270380884,0.7685447865,0.2818905552,0.3438373129,0.4336631581,0.3297004273,0.312802589,0.4668592576,0.7244849967,0.2522731048
15.5,1,1,1,1,1,0.3233049263,0.6967447173,0.5852876495,0.3643433492,0.3640627777,0.5052870862,0.4191739224,0.327636829,0.7758411337,0.2835788305,0.3603939336,0.4327776078,0.3303150797,0.3144818398,0.4740695983,0.7365025404,0.2692837867
16,1,1,1,1,1,0.3217005386,0.6951994296,0.5840502314,0.3654921157,0.3650233377,0.5029205971,0.4158127759,0.3290950558,0.784237839,0.285440384,0.372318903,0.4331824059,0.3293164574,0.3146212844,0.479143981,0.7451721084,0.2829053857
16.5,1,1,1,1,1,0.320416051,0.696085282,0.5833025235,0.3660505082,0.3644415571,0.5050180713,0.4152512877,0.3290704998,0.7903804397,0.2852474497,0.3871643894,0.4304317097,0.3291366301,0.3151902541,0.4869127657,0.7543298306,0.2985806736
17,1,1,1,1,1,0.3212385749,0.6964693163,0.5852844171,0.3676464172,0.3645322855,0.5075840137,0.4170815063,0.3291802817,0.7962270435,0.287627808,0.3986212266,0.431092212,0.330515164,0.3190872688,0.493187351,0.7603015711,0.3120980245
17.5,1,1,1,1,1,0.3232987792,0.6963133458,0.5850521532,0.3666045478,0.3630682089,0.5057859418,0.419825543,0.3291792937,0.8008843256,0.2858957771,0.4109579267,0.4299265102,0.3307729117,0.3196138213,0.497847515,0.7655889075,0.3262028025
18,1,1,1,1,1,0.3193970804,0.6974761012,0.5818063466,0.3649510028,0.3629943341,0.5046459527,0.4190033478,0.3297716427,0.8052589344,0.2897192561,0.4225145418,0.4286472099,0.3306881848,0.3225466459,0.5028712353,0.7718562196,0.3399573838
18.5,1,1,1,1,1,0.3185159554,0.6967306585,0.5827860806,0.361634426,0.3616474022,0.503784919,0.4190835538,0.3295417692,0.807016359,0.2904944357,0.4337238852,0.4281252818,0.3307851618,0.323336022,0.5102656115,0.7765824024,0.3532140044
19,1,1,1,1,1,0.3192196001,0.6956073499,0.5820055186,0.3630914601,0.3598772041,0.503634018,0.4186636888,0.3292035322,0.808170033,0.2896147044,0.4459938341,0.4298343069,0.330369634,0.3259684281,0.50903284,0.7826371848,0.3665372564
19.5,1,1,1,1,1,0.3182460237,0.6959776448,0.5828352795,0.3608842101,0.3628319578,0.5042031664,0.419375848,0.3292954308,0.8116148551,0.2896003762,0.4560042004,0.4299449053,0.3318644405,0.3256482423,0.5125566914,0.7887704272,0.379269954
20,1,1,1,1,1,0.319622619,0.6945389419,0.5835863816,0.3609497467,0.3606259991,0.5035964474,0.4176692365,0.3329622663,0.8131552275,0.2927052797,0.4660985827,0.428248866,0.3307422416,0.3237115075,0.512957239,0.792212497,0.3915050995
20.5,1,1,1,1,1,0.319515155,0.6937616043,0.5864704821,0.3625959154,0.3610975551,0.5049711687,0.4193516904,0.3341708846,0.8155971738,0.2917261284,0.4748823526,0.4289016299,0.3316990999,0.3241432093,0.5133470138,0.795555952,0.4040150307
21,1,1,1,1,1,0.3196156263,0.6911793933,0.5862412397,0.364199667,0.3622321112,0.504554295,0.4211407225,0.331035529,0.8188862307,0.2936176473,0.4849283615,0.4293467445,0.3295085801,0.3255218471,0.5130503625,0.79841573,0.4168989285
21.5,1,1,1,1,1,0.3217033075,0.6904083363,0.5844052022,0.3628419044,0.3611467176,0.5048416631,0.4203072362,0.3281262049,0.8214698538,0.2936907025,0.4935195174,0.4289656348,0.328071511,0.3251979571,0.5143017233,0.8011015976,0.4271729984
22,1,1,1,1,1,0.3208307976,0.6931614389,0.5849221726,0.3638079193,0.3593860626,0.5068351675,0.4192178071,0.3281964155,0.8222543937,0.2905232896,0.499693203,0.4315618703,0.3304892427,0.3244708886,0.5145376267,0.8062017799,0.4353984816
22.5,1,1,1,1,1,0.3208070427,0.6946029404,0.5875191349,0.3643471334,0.3583782101,0.5078862899,0.4191834223,0.3287718335,0.823430775,0.2925580146,0.5103145302,0.433406728,0.3317523065,0.3229759803,0.5153389906,0.8072682476,0.4465893288
23,1,1,1,1,1,0.3222061447,0.6953132631,0.5859944918,0.3658583889,0.3588797964,0.5066633175,0.4199516808,0.3309719066,0.8248380011,0.292115719,0.516627696,0.4318752053,0.3300879513,0.3220481687,0.5163817129,0.8083763562,0.4558410698
23.5,1,1,1,1,1,0.3228516845,0.694000353,0.5889209987,0.3627622667,0.3586307837,0.5064918962,0.4216660357,0.3289409031,0.8254119929,0.291447981,0.5258737114,0.4307532039,0.3296053966,0.3222355457,0.5170791468,0.8101079372,0.4632125781
24,1,1,1,1,1,0.3211034946,0.6934741673,0.5866926158,0.3615835333,0.3605797858,0.5046972918,0.4207132911,0.3292418545,0.8268633472,0.288633439,0.5326195097,0.4284057965,0.3294206638,0.3238296501,0.5167118308,0.8109698989,0.4683081669
24.5,1,1,1,1,1,0.3212289251,0.6928641318,0.5853170015,0.3644482246,0.3623037404,0.5018118608,0.4212453093,0.3295138693,0.8271492843,0.2884490768,0.5399370899,0.4290549496,0.3333864919,0.3240541729,0.5206232178,0.8119172196,0.4756055668
25,1,1,1,1,1,0.3221749996,0.6927073881,0.5849136957,0.3657574708,0.3610559641,0.5053338567,0.4207048145,0.3288858905,0.826979724,0.2886067689,0.5485222641,0.4313075459,0.3336504563,0.3229497399,0.5220765616,0.8145519339,0.4877978108
25.5,1,1,1,1,1,0.322372975,0.6909669995,0.5838880291,0.3662055012,0.3619816925,0.5066519168,0.4191070718,0.3301182009,0.8279333606,0.2885702473,0.5538414334,0.4301130526,0.3334445084,0.3212634978,0.5248223364,0.816143534,0.496249127
26,1,1,1,1,1,0.3199525651,0.6924510161,0.5856087436,0.3650283727,0.3628239898,0.5076777399,0.4203285035,0.3317545899,0.8275888085,0.2889504224,0.5616418433,0.4296416561,0.3321208197,0.3223670016,0.524465012,0.8156139307,0.5041314394
26.5,1,1,1,1,1,0.3179569619,0.6942457231,0.5857271921,0.3641530284,0.3607148315,0.5074928133,0.4214771564,0.3312786151,0.8281362918,0.2908806832,0.5706742377,0.4306198067,0.3305681431,0.324097506,0.5217000685,0.816356875,0.514067846
27,1,1,1,1,1,0.3177066177,0.695757997,0.5865294444,0.3662046747,0.3588447764,0.5031495801,0.4201284049,0.3327133138,0.8291476546,0.2894360736,0.5740102061,0.4299666412,0.3302968889,0.3249075899,0.5216473373,0.8172899191,0.5167052845
27.5,1,1,1,1,1,0.3194787319,0.6954965197,0.5839496301,0.3669124029,0.3612131594,0.5038106161,0.4214370768,0.3304105397,0.8285502549,0.2918890126,0.5775910873,0.4326560144,0.3302165147,0.3243170403,0.5245523794,0.8169189384,0.5272316401
28,1,1,1,1,1,0.320520058,0.6948707732,0.5843610591,0.3669884535,0.3633641659,0.5017834508,0.4193285261,0.3316583532,0.8280962469,0.292418983,0.5829078164,0.431577568,0.3295407032,0.3229649788,0.5260162557,0.8186545604,0.5330856235
28.5,1,1,1,1,1,0.3206159002,0.695105079,0.5830365218,0.3659600697,0.3634627302,0.5025303677,0.4182058039,0.3319482784,0.8294456311,0.2933367948,0.5882869432,0.4325285367,0.3298482629,0.3231876059,0.5262331212,0.8190878441,0.5430143768
29,1,1,1,1,1,0.3230932007,0.6925760459,0.5846245471,0.3640233332,0.3652281032,0.5047571831,0.4204975566,0.3326419067,0.8300157299,0.2951246472,0.5919382866,0.4353270818,0.3309281363,0.3230076105,0.5267542563,0.8180997193,0.548754181
29.5,1,1,1,1,1,0.3204658636,0.6911726113,0.5836147267,0.36451703,0.3637243102,0.5063398956,0.4194048242,0.3308229022,0.8307526561,0.2936428418,0.5954871841,0.4356572225,0.3306306825,0.3222101555,0.5272663272,0.8196678581,0.5579659959
30,1,1,1,1,1,0.3213177646,0.6940863854,0.5848447133,0.3646028109,0.3644630763,0.5073727893,0.418510733,0.3279303821,0.8300563275,0.2910087235,0.6004432424,0.4329762959,0.3289922008,0.3218509348,0.5265096011,0.8188019131,0.5624826735
30.5,1,1,1,1,1,0.3225101992,0.6946353452,0.5869813205,0.3639981534,0.3641819298,0.505226993,0.4191154149,0.333235567,0.8310588122,0.2929501804,0.6008260571,0.4317901522,0.3298367045,0.3222749525,0.5271026231,0.8191081148,0.5671145616
31,1,1,1,1,1,0.322476148,0.69477678,0.5877991766,0.362246854,0.3632915348,0.5049379151,0.419949594,0.3320182584,0.831884355,0.2918594195,0.6064783529,0.4315492693,0.3305199789,0.3223276937,0.5274909185,0.8176114532,0.5724124048
31.5,1,1,1,1,1,0.3217263292,0.694180429,0.5871584651,0.3620168634,0.36254044,0.5056976309,0.4195521295,0.3302369408,0.8341247472,0.291635908,0.6107917723,0.4321133549,0.332283766,0.3214447765,0.5281531429,0.8183016103,0.5788713728
32,1,1,1,1,1,0.3222481002,0.6944063703,0.5859842977,0.3644699516,0.3647127441,0.5071106387,0.4210420266,0.3284800242,0.8335704457,0.2906157161,0.6174248474,0.432547444,0.3319952211,0.3203898455,0.5262301544,0.8189597957,0.5819285374
32.5,1,1,1,1,1,0.3202037989,0.6962188416,0.5837330996,0.3667448849,0.3623638135,0.5075788343,0.4177826306,0.3294833443,0.8355157887,0.2903754394,0.6201922487,0.4309453216,0.333278079,0.3225677819,0.5259435608,0.8192628216,0.5895750509
33,1,1,1,1,1,0.3206021291,0.69545122,0.5834463362,0.3670951236,0.362890373,0.507632772,0.4183538526,0.3288261848,0.8359436377,0.2894588529,0.6246638561,0.4305921374,0.3324952892,0.3247077543,0.5270499697,0.8182350628,0.5941929512
33.5,1,1,1,1,1,0.321388611,0.6938794421,0.5845641189,0.3678885073,0.3647364871,0.5090901084,0.4191701961,0.3284562791,0.8360736792,0.2914392182,0.6299162635,0.4304118725,0.3338225409,0.3238243084,0.5270190845,0.8188103445,0.6006109953
34,1,1,1,1,1,0.3207394063,0.693593844,0.5837530411,0.3656486065,0.3642649243,0.5078887436,0.4187809734,0.3287477018,0.8351795427,0.2921305389,0.6312766602,0.4293849342,0.3353943833,0.3237717696,0.5287596127,0.8191288815,0.6085759876
34.5,1,1,1,1,1,0.3229389665,0.6935957289,0.5817346089,0.3656381763,0.3653406768,0.5048075002,0.4177979073,0.3303427182,0.8344527507,0.2919933478,0.6348210526,0.4307683248,0.3358508178,0.324605916,0.5307750664,0.8196607641,0.6083756646
35,1,1,1,1,1,0.3240659508,0.6937085777,0.5829622991,0.3630886272,0.3615182378,0.5034380629,0.4177484523,0.3287173621,0.8333859618,0.2887312592,0.6360403313,0.4291360459,0.3364785977,0.3260634355,0.5282404841,0.8191297898,0.6148687169
35.5,1,1,1,1,1,0.3214659418,0.6949180901,0.5817957175,0.363177119,0.362586565,0.5027014142,0.4170483664,0.328145991,0.8324515645,0.2881846772,0.6388139454,0.4301559449,0.3371956996,0.3254253649,0.5273407131,0.8180863373,0.6197790776
36,1,1,1,1,1,0.3222330166,0.6955581944,0.5840722675,0.3637710637,0.3621748964,0.5036114088,0.416196529,0.32781283,0.8313474429,0.2876567816,0.6426870696,0.4295747845,0.3353750547,0.3259086468,0.5298458858,0.8202404507,0.6234358097
36.5,1,1,1,1,1,0.3223759131,0.692494181,0.5855310494,0.3628590829,0.3614453345,0.5042111321,0.4204288834,0.3278447741,0.8324811596,0.2888594667,0.643350235,0.429401102,0.3362827681,0.3256614239,0.5291773093,0.8198434103,0.6284674483
37,1,1,1,1,1,0.3225600732,0.6922442161,0.5861024563,0.3636213891,0.3612792119,0.5044167717,0.4193219999,0.3282631219,0.8315520013,0.2889638045,0.6450428259,0.4314697308,0.3341774612,0.323178083,0.5311484474,0.8196156152,0.6335784341
37.5,1,1,1,1,1,0.3231188342,0.6945511497,0.5879119059,0.3630336079,0.3619077619,0.5053903519,0.4190827667,0.3283122059,0.8297098119,0.2888727296,0.6481141487,0.4317034612,0.3343302785,0.3228791956,0.5316927138,0.8184591104,0.636454224
38,1,1,1,1,1,0.3238034759,0.6947399469,0.5866965684,0.363783986,0.3622158827,0.5064124541,0.4206121906,0.3276833234,0.8292103717,0.2901140655,0.6500111462,0.4344336289,0.3341051514,0.32381433,0.5309231189,0.8185064049,0.6388963355
38.5,1,1,1,1,1,0.3231835978,0.695672069,0.5862820526,0.3654993787,0.3624999232,0.5074071021,0.4216668871,0.3302367074,0.8288982917,0.2899719856,0.653217286,0.4348242957,0.3335036864,0.323758298,0.5326715707,0.8182767018,0.6402152646
39,1,1,1,1,1,0.3222718676,0.6963637897,0.585888843,0.3654210881,0.3616959324,0.5089143312,0.4188052094,0.3280683128,0.8310523929,0.2893625957,0.6568079864,0.4329366355,0.333118261,0.3235265907,0.5343775473,0.8184010877,0.6426712028
39.5,1,1,1,1,1,0.3208799567,0.6949918391,0.586602095,0.3650863309,0.3628370396,0.508739189,0.4190390468,0.3284823119,0.8305046534,0.2908564293,0.6570449439,0.4323644516,0.3316977471,0.3219199999,0.5313076559,0.8191927653,0.64502095
40,1,1,1,1,1,0.320746263,0.6962923845,0.5882966039,0.3663547562,0.3619983555,0.5060494187,0.4158965035,0.3314851498,0.8289285067,0.2933948934,0.6584626581,0.4338770993,0.3318884266,0.3243219057,0.5262433114,0.8195817281,0.6508232758
40.5,1,1,1,1,1,0.3208767571,0.6967675138,0.5875909883,0.3670494387,0.3639789073,0.5060834296,0.4172617678,0.3292252428,0.8291197399,0.2943551966,0.6611686689,0.4314273004,0.3307163564,0.3232001696,0.526085989,0.8189142217,0.6521987439
41,1,1,1,1,1,0.321595289,0.6974469575,0.5865983447,0.3678112348,0.3643418119,0.5037373861,0.4186865758,0.3294648405,0.8286812863,0.2917249496,0.6630620191,0.4308589524,0.3309803126,0.3256560658,0.5246590035,0.8189575782,0.6546393601
41.5,1,1,1,1,1,0.3210840929,0.6953506696,0.5866202992,0.3678194169,0.364080462,0.5054898246,0.4177723258,0.329382556,0.8280906556,0.2937648681,0.6649575108,0.4332865902,0.3334703687,0.3260705311,0.5247897134,0.8186274374,0.6572776272
42,1,1,1,1,1,0.3198692426,0.6939507932,0.586361566,0.3646587752,0.3619517989,0.5058139068,0.416316171,0.3294231324,0.8281700566,0.2917148919,0.6639858434,0.431258307,0.3336827481,0.3247426442,0.5261420886,0.8205181354,0.6595099183
42.5,1,1,1,1,1,0.3190849328,0.6940665459,0.5877728101,0.3666877777,0.3631811715,0.5061592717,0.4146960413,0.3293906285,0.8299818753,0.2926965337,0.6662398045,0.4295081217,0.334238904,0.3273219565,0.5260882367,0.8200966881,0.6622940959
43,1,1,1,1,1,0.3173492439,0.6925641053,0.5866937213,0.3649085306,0.3612095716,0.5072651899,0.4145695601,0.3300497521,0.8304358535,0.2911117374,0.6686033831,0.4296310228,0.3352136886,0.3271353294,0.5281315941,0.8196252391,0.6648630659
43.5,1,1,1,1,1,0.3206231963,0.6945562215,0.5819146389,0.3635975014,0.3605737411,0.5061545681,0.416045077,0.3304072887,0.830435439,0.2896567273,0.6689381217,0.4302330053,0.3335208727,0.3278236473,0.5253127716,0.8189376909,0.6711529661
44,1,1,1,1,1,0.3223698078,0.6945300045,0.5851022208,0.3622170995,0.3595179476,0.5064790253,0.4165696043,0.3293794015,0.8303267186,0.2934015756,0.6742258365,0.4290108081,0.3329327752,0.3274523726,0.5311188138,0.8195781519,0.6758839528
44.5,1,1,1,1,1,0.3241766181,0.6943693053,0.585145677,0.3625661442,0.3615357351,0.5066416688,0.4152588898,0.3296121617,0.8311549297,0.291357528,0.676893605,0.4281249623,0.3302121317,0.327102796,0.5259977919,0.8204021447,0.6757145564
45,1,1,1,1,1,0.3241230416,0.6947106191,0.5863322843,0.3660527917,0.3641566861,0.5046013042,0.4146568275,0.3294736727,0.8318043182,0.2899078863,0.679994096,0.4287657212,0.3308758821,0.3273501319,0.5274225755,0.8196935388,0.675828082
45.5,1,1,1,1,1,0.325326194,0.6961626915,0.5855864327,0.3685573978,0.364355457,0.5036049664,0.4181172401,0.3306206624,0.8320032932,0.2893866641,0.6821567178,0.4299404021,0.3311032092,0.3268368041,0.5280647523,0.8198642883,0.6762826338
46,1,1,1,1,1,0.3236044733,0.6948653651,0.584252736,0.3649328302,0.3630045145,0.5048654043,0.4156569249,0.3310978965,0.8311989792,0.2898018268,0.6835934097,0.4292450679,0.3315983168,0.3236428949,0.529907146,0.8198927992,0.6778573916
46.5,1,1,1,1,1,0.3239499166,0.6947831637,0.583203819,0.3663042981,0.3639728218,0.5050803869,0.4147468348,0.3320586237,0.8311413554,0.2903909795,0.6827898202,0.4272606206,0.331198712,0.3246197579,0.5292590054,0.8216021626,0.6806656272
47,1,1,1,1,1,0.3244254157,0.6941193519,0.5855495858,0.3677125603,0.362125541,0.5075834623,0.4151280869,0.3318813339,0.8313981717,0.2898125734,0.6824695226,0.4272614682,0.3317694741,0.3242055671,0.5280977387,0.8198286231,0.6808526844
47.5,1,1,1,1,1,0.3235658575,0.6942595367,0.5862488189,0.367329388,0.3606359839,0.5075437855,0.41692041,0.3315200028,0.8340482194,0.2898550806,0.6819509138,0.427385973,0.3329189755,0.3250437321,0.5279346452,0.8197607676,0.6828149363
48,1,1,1,1,1,0.3247143804,0.6949013776,0.5854465444,0.3641432567,0.3614505878,0.5081954844,0.4178028371,0.3291755983,0.8341128646,0.2908280139,0.683878113,0.427153165,0.3335597435,0.325671633,0.5267074209,0.8208859939,0.6843238202
48.5,1,1,1,1,1,0.3231177832,0.6940791792,0.5850109996,0.3669006599,0.3622572907,0.509218287,0.4166902646,0.3284545801,0.8338881113,0.2908022517,0.6836466569,0.4278746292,0.3334305691,0.323894648,0.5277422963,0.8223843518,0.6853651507
49,1,1,1,1,1,0.325512209,0.6936723165,0.5832485865,0.3647980451,0.3597255317,0.509554664,0.4178719239,0.3303938412,0.8340653356,0.2911210104,0.6826913698,0.4296307204,0.33264991,0.3229352072,0.5296035107,0.8217389871,0.6861189377
49.5,1,1,1,1,1,0.321803579,0.692672727,0.5851172539,0.3657643259,0.3609490965,0.5076935108,0.4193443671,0.3300011376,0.835170039,0.2918809455,0.6857430774,0.431691629,0.3313683262,0.3255938791,0.5279995735,0.8219196373,0.6884156151
50,1,1,1,1,1,0.3221391653,0.6930069761,0.5861020738,0.3663462233,0.3622758945,0.5088809208,0.4187460293,0.3299577988,0.835727309,0.2907098393,0.6847823332,0.4301977598,0.3292991748,0.325612055,0.5294213156,0.8199817142,0.6905293947
50.5,1,1,1,1,1,0.3208658975,0.6934675325,0.5863901517,0.3629569603,0.3625069707,0.5079641601,0.4199225958,0.3290914185,0.8354150773,0.2892433725,0.685421654,0.4261224544,0.3275324052,0.3272259639,0.5288606835,0.8208355319,0.6906212118
51,1,1,1,1,1,0.3214595575,0.6937377666,0.585842325,0.3663836585,0.3603085709,0.5066670607,0.4179831833,0.3282415012,0.8350374046,0.2886117987,0.6873017085,0.4267262656,0.3285093742,0.3261098452,0.531008521,0.8205719432,0.6912140813
51.5,1,1,1,1,1,0.3217932106,0.6967638904,0.5864309015,0.3654303091,0.3582902606,0.5043969963,0.4165486766,0.3276132622,0.8348195989,0.2868880223,0.6871708856,0.4257353198,0.3323221671,0.3238472463,0.5302375437,0.8194023508,0.69179719
52,1,1,1,1,1,0.3213799313,0.6959768045,0.5848874485,0.3640385321,0.3609943722,0.5044500413,0.4135442207,0.3273577046,0.8354294684,0.2878106261,0.6885357823,0.4286175528,0.332598259,0.3227334546,0.5315954158,0.8182892592,0.6925508985
52.5,1,1,1,1,1,0.3216289397,0.6950893591,0.582553537,0.3638686583,0.3618011341,0.5052210232,0.4126784079,0.3276089895,0.8358619431,0.2895377034,0.6915579218,0.429671655,0.3341479254,0.3237049219,0.5300365246,0.819518596,0.693886515
53,1,1,1,1,1,0.3195038289,0.695538823,0.5802811236,0.3620026445,0.3622892087,0.5073550704,0.4169418202,0.3277985329,0.836343737,0.2919943808,0.6948736672,0.4303694264,0.334840234,0.3245327982,0.5310350235,0.818758069,0.6961330951
53.5,1,1,1,1,1,0.3215873426,0.6958336635,0.584119928,0.3601058831,0.3620034382,0.5085915566,0.4159972318,0.3268503298,0.8358714675,0.2935787677,0.6956502715,0.4297396562,0.3334971177,0.32475242,0.5280867817,0.8181199583,0.7000742058
54,1,1,1,1,1,0.3211626427,0.6963007395,0.5839251763,0.3602695099,0.3639893609,0.5046717949,0.4155662706,0.3265313964,0.8375891787,0.2912570135,0.6935794857,0.429466004,0.3351148897,0.3275533579,0.5305047371,0.8191639446,0.6993664245
54.5,1,1,1,1,1,0.3216110601,0.6972872272,0.5840318933,0.3635051128,0.3643190138,0.5048315667,0.4149432373,0.3279984385,0.8370209168,0.2920843638,0.6973649556,0.4301597235,0.3350548882,0.3255269954,0.5326491411,0.8187622094,0.6986490989
55,1,1,1,1,1,0.3189910569,0.6962207911,0.5842025045,0.3608957813,0.3648156268,0.5081544449,0.4147755164,0.3261883506,0.8367033381,0.290749798,0.699433513,0.4318102037,0.3347800172,0.3245662899,0.5318823541,0.8179053731,0.6973941192
55.5,1,1,1,1,1,0.3173121667,0.6959274491,0.5839117709,0.3642780671,0.3638975865,0.5074593874,0.4156568197,0.325686505,0.8361855429,0.2919430827,0.7009874647,0.4292657215,0.3361925923,0.3239763607,0.5329839685,0.8162038329,0.6984387588
56,1,1,1,1,1,0.319957019,0.6955201729,0.5851759848,0.3650684232,0.3632205047,0.5096781417,0.4166458202,0.3268120586,0.835395015,0.2933477061,0.7009113191,0.431042064,0.3338796811,0.3248883105,0.5322636951,0.8169951884,0.6999223776
56.5,1,1,1,1,1,0.3188994872,0.6951874172,0.5844590512,0.3644110954,0.3621676723,0.5084597982,0.4168582629,0.3282715293,0.8338644432,0.2924147991,0.7031437629,0.4311371033,0.3356206375,0.3268772173,0.5329436322,0.8166841907,0.6999400977
57,1,1,1,1,1,0.3173942371,0.6947648127,0.5843981725,0.3629919083,0.3624079778,0.5066861745,0.4178626266,0.3281983246,0.8351053352,0.2917457389,0.7035472638,0.4303651456,0.3355790001,0.3277497946,0.5319796009,0.8190300986,0.7017537358
57.5,1,1,1,1,1,0.316539354,0.695093947,0.5866215067,0.3623251246,0.3630107781,0.5070059761,0.4169538568,0.3254555245,0.8345313161,0.2928060073,0.7048335293,0.4300997914,0.3370678808,0.3268161228,0.5296824775,0.8180729117,0.7003870358
58,1,1,1,1,1,0.3163507306,0.6946600051,0.586309187,0.3621152864,0.3616683242,0.5074814411,0.4160852927,0.3258950871,0.8344532315,0.2900092138,0.706499924,0.4332172934,0.3377398006,0.3291493406,0.5300098925,0.8172657431,0.7020211384
58.5,1,1,1,1,1,0.3167443237,0.6946422691,0.5858414217,0.362864727,0.3611633291,0.5068755772,0.4163804873,0.3286240916,0.8337057935,0.287919436,0.7066956435,0.4342873305,0.3346137455,0.3283772417,0.5307127317,0.8174568387,0.7027219663
59,1,1,1,1,1,0.3175677137,0.692753387,0.5861456623,0.3634649625,0.3606833305,0.5047996378,0.4147301979,0.3300602536,0.8331535955,0.2884477626,0.7096386386,0.4319208877,0.3340581923,0.3275978094,0.5316635167,0.818562186,0.7049089565
59.5,1,1,1,1,1,0.3202186594,0.693776448,0.5860455719,0.3632959425,0.3593929395,0.5077992176,0.4160812713,0.3293488625,0.8326432428,0.2868842256,0.7089022218,0.4295044273,0.3324993098,0.3253210175,0.5308254418,0.8198537648,0.7049370383
60,1,1,1,1,1,0.3183290387,0.6930558238,0.5873667961,0.3639595852,0.3604974525,0.5063327193,0.4150679945,0.3304261754,0.8340362775,0.2882307166,0.7080025951,0.4263670251,0.3304914757,0.3245578314,0.5315943247,0.8204741265,0.7047184124
60.5,1,1,1,1,1,0.3194681496,0.6935226483,0.5870569517,0.3652560368,0.3636037977,0.5043191914,0.4150450307,0.3298567369,0.8338568773,0.2875316185,0.7089260667,0.4292935176,0.3301119918,0.3248494027,0.5307541607,0.8224422223,0.7064095735
61,1,1,1,1,1,0.3203278449,0.6960765509,0.5869738092,0.3658868189,0.3638665743,0.5033049054,0.4139359086,0.3302216438,0.8322506643,0.2873805822,0.7090568467,0.4290861114,0.3312241026,0.3230040723,0.5312788548,0.8196611862,0.7081752212
61.5,1,1,1,1,1,0.3175425445,0.695090316,0.5900785298,0.3639415011,0.3627829043,0.5029895322,0.4140894909,0.3295219987,0.8326549822,0.2878502303,0.7096243745,0.4261544181,0.3309623463,0.3225240998,0.5326285137,0.8195781253,0.7073452985
62,1,1,1,1,1,0.3181102471,0.697455468,0.587894677,0.3641825777,0.3612815139,0.5042237994,0.4156731462,0.3302834345,0.8321553533,0.2890528915,0.7108901291,0.4294512494,0.3294085574,0.323081762,0.5324254671,0.8178537566,0.7088088921
62.5,1,1,1,1,1,0.3181099254,0.6971935276,0.5864923238,0.3624899424,0.361982391,0.5029776248,0.4155020932,0.3274871021,0.8336674013,0.2919181973,0.7091886867,0.4315149996,0.33152435,0.3246430615,0.5314948564,0.818761945,0.7138570981
63,1,1,1,1,1,0.3172429158,0.6984510349,0.5871714755,0.3649771349,0.3618720716,0.5007216367,0.4150662913,0.3262069286,0.8331464775,0.2917198376,0.7105513262,0.4263277983,0.3328676851,0.3226438569,0.5295634579,0.8210960738,0.7161364321
63.5,1,1,1,1,1,0.3170954884,0.6956326377,0.5863116969,0.3634553893,0.3602319466,0.5030956231,0.4144296975,0.3253073456,0.8333086361,0.2912145627,0.7086439611,0.4267620694,0.3326042863,0.3227709246,0.5312167114,0.8216794137,0.7169452541
64,1,1,1,1,1,0.3194633223,0.6950522789,0.5873089639,0.3641012092,0.3622325174,0.5030636623,0.4144536264,0.3272139382,0.8332481075,0.289714485,0.7084073269,0.4270835512,0.3327229854,0.3225094531,0.5319353336,0.8208338671,0.7171978508
64.5,1,1,1,1,1,0.3209309356,0.6960222703,0.5862084373,0.3649813795,0.3624121626,0.5061446442,0.4138351451,0.3257283526,0.832811635,0.2893445909,0.7089387687,0.4254341705,0.334042025,0.3240960149,0.5317382801,0.8215559959,0.7160254975
65,1,1,1,1,1,0.32094975,0.6942882109,0.5860594746,0.3628161768,0.3620486436,0.507780784,0.4133340957,0.3255970808,0.831903725,0.2900733663,0.7086243779,0.4272616493,0.3308640961,0.3214151176,0.5309286136,0.8207216084,0.7187600288
65.5,1,1,1,1,1,0.3200876335,0.6932127063,0.5837960829,0.3631415361,0.3621264176,0.5082853555,0.4131238874,0.3250135315,0.8319170216,0.2889828022,0.7094912597,0.4289898066,0.3316847078,0.3195245576,0.5286604966,0.8186629864,0.719933376
66,1,1,1,1,1,0.3194018166,0.6956130212,0.5823941607,0.3616422308,0.3623355439,0.5075789401,0.4141491115,0.323747683,0.832138095,0.2901918101,0.7068646019,0.4302499403,0.3308105277,0.3202495918,0.530299895,0.8202200195,0.7166862061
66.5,1,1,1,1,1,0.3202335641,0.695685752,0.5827188321,0.362713708,0.3633010973,0.5062076411,0.4146633817,0.3274238914,0.8330465674,0.289899606,0.7069163518,0.4298785242,0.330859771,0.3231396742,0.5303049961,0.820070007,0.7154879824
67,1,1,1,1,1,0.3201817572,0.6966671953,0.5801150205,0.364082458,0.3628572896,0.5063520301,0.4199062979,0.3262443459,0.8335925857,0.2877731824,0.7097169588,0.4284274965,0.3312281277,0.3249961996,0.5301892239,0.8191777038,0.7167957016
67.5,1,1,1,1,1,0.322131435,0.6955548224,0.5817585604,0.3652629177,0.3628627915,0.5046316344,0.417629338,0.3257921507,0.8334932206,0.2873208034,0.7097888574,0.4265947859,0.3326402883,0.3258484933,0.5313473784,0.8186596581,0.7192366629
68,1,1,1,1,1,0.3208440521,0.6945938733,0.582146401,0.3671997726,0.3617865074,0.5058179616,0.4175131685,0.3253448148,0.8357707611,0.2884341522,0.7086393765,0.4293849443,0.3338245968,0.324021843,0.5322330202,0.8194942748,0.7182855959
68.5,1,1,1,1,1,0.3207654144,0.6935832566,0.5840593877,0.3670759708,0.3620171577,0.5071042501,0.4179028911,0.3256818749,0.8348282267,0.288547252,0.7095078606,0.4259455405,0.3307485612,0.3241196172,0.530849504,0.8187712584,0.7196042011
69,1,1,1,1,1,0.3207278592,0.6930738625,0.5839321462,0.3672940447,0.3631321779,0.5066760373,0.4201867587,0.3260301304,0.8350330876,0.291563537,0.7097733098,0.4246764077,0.3311927815,0.324674973,0.5301025025,0.8193316575,0.7204335193
69.5,1,1,1,1,1,0.3214166844,0.6963286696,0.5811604969,0.3690601153,0.363843128,0.5081112578,0.4204828225,0.3279913865,0.8337776693,0.2927509009,0.7105684411,0.4272404571,0.3309493073,0.3258075862,0.5304967548,0.8202205861,0.7192828663
70,1,1,1,1,1,0.3224565497,0.6977423566,0.5818082449,0.3679906805,0.3621775719,0.5068640393,0.4213183904,0.330884957,0.8344173496,0.2929767089,0.7110042099,0.4252480018,0.3323833665,0.3257624362,0.5334358071,0.8204732746,0.7188776845
70.5,1,1,1,1,1,0.3223510477,0.6970462864,0.5808061934,0.3680023865,0.3622582373,0.5042966402,0.4192754403,0.3317416076,0.8352694647,0.2940176773,0.7128954507,0.4277333728,0.3305795431,0.3269721561,0.5346311766,0.8214301658,0.7212230162
71,1,1,1,1,1,0.3217357562,0.6954196497,0.5824802393,0.3679533444,0.3608011261,0.5075733572,0.4179583715,0.3291538057,0.8336597926,0.2920735657,0.7110836361,0.4255231974,0.331105151,0.3280048723,0.534594459,0.8203508401,0.7232643869
71.5,1,1,1,1,1,0.3215930502,0.6941178415,0.5832823423,0.3677033859,0.3606047884,0.5052305686,0.4166458135,0.330920487,0.832300244,0.2897762631,0.7110776142,0.4275916793,0.3306220137,0.3259232699,0.53435065,0.8205905149,0.7259889375
72,1,1,1,1,1,0.3221174809,0.6954034368,0.5824588864,0.3675088028,0.3615840878,0.5053462029,0.4164845753,0.3294002261,0.8317073918,0.2887296242,0.7118437221,0.4261746004,0.3304423977,0.3244845205,0.5318926876,0.8212229263,0.7251380549
72.5,1,1,1,1,1,0.3223182525,0.6959737999,0.5821334459,0.3654315879,0.3593191786,0.5042014166,0.4155150572,0.3302625363,0.8337663549,0.2910984344,0.7147508729,0.4275206832,0.3300778133,0.3248581998,0.5349006768,0.8203059926,0.7259205724
73,1,1,1,1,1,0.3230785572,0.695154531,0.5816446064,0.3653610419,0.3591533662,0.5043511927,0.4168161999,0.3283366663,0.8342279412,0.2925722878,0.7142696181,0.4278496001,0.3278162943,0.3270491444,0.5363059913,0.8220654325,0.7263010951
73.5,1,1,1,1,1,0.3235520101,0.6942595869,0.5809425078,0.3644066854,0.3609681279,0.5044105207,0.4158427874,0.3288944172,0.834016745,0.2918272189,0.7136963341,0.4303981507,0.3280026522,0.3284729154,0.5332454877,0.822079294,0.7278638195
74,1,1,1,1,1,0.3234621188,0.695260588,0.582663745,0.3646862962,0.3610794837,0.5070814298,0.4165052199,0.3288594675,0.8352614339,0.2919379665,0.7120563824,0.4290063738,0.3284351972,0.3262777652,0.534246867,0.8219560492,0.726906136
74.5,1,1,1,1,1,0.321828906,0.694172799,0.5826465388,0.3672481363,0.3634427077,0.5092573839,0.4170873503,0.3298836861,0.8343766032,0.290237849,0.7133624832,0.4274045979,0.3277345566,0.3249344756,0.5326013914,0.8222739548,0.725141368
75,1,1,1,1,1,0.3190789555,0.6933395675,0.5836741932,0.3652906606,0.3623657488,0.5103627233,0.4184253519,0.3283822617,0.8337909678,0.2901799226,0.713759289,0.4280357776,0.327045624,0.3273524709,0.5323218628,0.8235764877,0.7276829834
75.5,1,1,1,1,1,0.3207307098,0.6934667578,0.5838665611,0.3658858067,0.3604894313,0.5084781738,0.4185307146,0.3296162864,0.8345788686,0.2912591506,0.71292399,0.4287269679,0.3249739614,0.3252732147,0.5325953208,0.8233676488,0.727556509
76,1,1,1,1,1,0.3219020211,0.6949076298,0.5840290758,0.3658785801,0.3619180023,0.5061825321,0.4160431577,0.3296072911,0.8351403573,0.2926893434,0.7155699193,0.4286091927,0.3257464507,0.3254837819,0.5323287397,0.8225080225,0.7304001578
76.5,1,1,1,1,1,0.3224176976,0.6944071182,0.581936714,0.3655208598,0.3609458139,0.5077796097,0.414789604,0.3286778859,0.8355769067,0.2927115706,0.7180174945,0.4287171541,0.3272102092,0.3224222908,0.5296961975,0.8210633181,0.7302077906
77,1,1,1,1,1,0.3227922023,0.6971890244,0.5838302828,0.3643511318,0.3580421789,0.5060584797,0.4142217289,0.3269104066,0.8355709635,0.2910391667,0.7171799672,0.430975475,0.3279243303,0.3229473363,0.5275914055,0.8213422517,0.7319092596
77.5,1,1,1,1,1,0.3233325633,0.6954634109,0.5828075724,0.3655149695,0.3580782565,0.5053739978,0.4169594262,0.3265966225,0.8352271386,0.2901315158,0.717559621,0.4299949832,0.3295560881,0.3234729139,0.5294564429,0.820649229,0.7319828163
78,1,1,1,1,1,0.3221022537,0.694818042,0.5839716248,0.3647440184,0.3591333848,0.5043762371,0.4147906711,0.3294040366,0.8356417102,0.2904769768,0.7194536363,0.4294436947,0.3321307245,0.3221699803,0.5298608138,0.8207020218,0.734427973
78.5,1,1,1,1,1,0.3229393849,0.6954210096,0.5839825932,0.3659571085,0.3607134979,0.5060431539,0.4141945232,0.330671011,0.8334914952,0.2922890998,0.7218630911,0.4308055559,0.3315322664,0.3224669828,0.5300272438,0.8195376838,0.7349639992
79,1,1,1,1,1,0.3241536738,0.6954339349,0.5865737971,0.3659711837,0.3588243456,0.5082499252,0.4170350746,0.3292306598,0.8329634063,0.2934862884,0.7196812668,0.4308493227,0.3298598118,0.3221629567,0.5297473903,0.8200616634,0.7349596098
79.5,1,1,1,1,1,0.3234080981,0.6937133373,0.5853565759,0.3659788685,0.3595785263,0.5083715958,0.4160230331,0.3283432859,0.8345262073,0.2921339984,0.7207490391,0.4316117515,0.3328488852,0.3208680789,0.5313064188,0.8202368101,0.7345257926
80,1,1,1,1,1,0.3225388423,0.6928345724,0.5837381703,0.3660182848,0.360415757,0.5099288736,0.4186746365,0.3282934141,0.8362749763,0.2926209431,0.7181229817,0.4315417022,0.3341307462,0.3208880327,0.5303693016,0.8199943459,0.7352762813
80.5,1,1,1,1,1,0.3216436461,0.6925942197,0.584246003,0.3660201563,0.3589507133,0.5123541486,0.4199041193,0.3284537332,0.8354584693,0.2936437738,0.7174487446,0.4315042221,0.3327008883,0.3217963241,0.5318835914,0.8203302983,0.7348172284
81,1,1,1,1,1,0.3227561418,0.6928011756,0.5840843546,0.366370031,0.3619010599,0.5105686004,0.4217699155,0.3301424972,0.8348348068,0.2921258912,0.7200188722,0.4317037362,0.3326070158,0.3218836359,0.5332999051,0.8209368513,0.7335059425
81.5,1,1,1,1,1,0.3242694168,0.6944645837,0.5853414175,0.3658209987,0.3630435021,0.5088810741,0.4192724033,0.3279303828,0.8341704722,0.2898112739,0.7202945537,0.431106279,0.3312485413,0.3238631905,0.5327395098,0.8219007331,0.7345786355
82,1,1,1,1,1,0.3218577387,0.6943411286,0.5853918717,0.3662363317,0.3620842962,0.5088317772,0.4202226357,0.3272598309,0.8337166274,0.2899332414,0.7217840512,0.4287389535,0.3295133397,0.3224832988,0.5346334302,0.8220777607,0.7332550053
82.5,1,1,1,1,1,0.319561803,0.6937071903,0.5840832642,0.3654547717,0.3624106095,0.5082634327,0.4229321522,0.3277003737,0.8326168583,0.2878454846,0.7222741227,0.4300156549,0.3319169088,0.3221201276,0.536409096,0.8190207529,0.7346908409
83,1,1,1,1,1,0.3223351431,0.6940625092,0.5856570816,0.3674942499,0.3614430075,0.5072123921,0.4231777242,0.3276600931,0.8320715408,0.2878134625,0.7233891877,0.4301709298,0.333400609,0.3200113654,0.5357078546,0.8185743785,0.7344708133
83.5,1,1,1,1,1,0.318601032,0.6939974682,0.5856308707,0.365127178,0.3632218177,0.5072988403,0.4219195831,0.3295053336,0.8341422202,0.28871857,0.7225780512,0.4332135308,0.333487654,0.3206028446,0.5365783522,0.8181090828,0.7328883514
84,1,1,1,1,1,0.3176225797,0.6937462909,0.5856196463,0.3679510817,0.3637560955,0.5052461932,0.4227016848,0.3285538019,0.8329209673,0.289515163,0.7220747973,0.4324510509,0.3342402632,0.3223620926,0.535449683,0.8201559674,0.7325399554
84.5,1,1,1,1,1,0.3184520026,0.6922207412,0.5846314097,0.3663622488,0.3642496934,0.5051481258,0.4232882545,0.328963749,0.8322800899,0.2908072383,0.7224269261,0.4283574675,0.3338540328,0.3206271737,0.5339976161,0.8195040389,0.7320998164
85,1,1,1,1,1,0.3189793328,0.6930095417,0.583774775,0.3669637139,0.3620737413,0.5065149526,0.4195394017,0.330258706,0.8334730414,0.2911424632,0.7235780849,0.4286635469,0.3343314612,0.3208781705,0.5331996435,0.8199193058,0.7320917373
85.5,1,1,1,1,1,0.3232998158,0.6941192264,0.5854620181,0.3669457444,0.3647046824,0.5043834175,0.4201572308,0.3283162214,0.8333557086,0.2899804237,0.72426039,0.4266350953,0.332628764,0.3218387674,0.5313600736,0.8195147717,0.7320478088
86,1,1,1,1,1,0.3226665633,0.6930579854,0.5840908261,0.3677377824,0.3637898342,0.503468166,0.4212683764,0.3277076867,0.8354875871,0.2901258912,0.7214331455,0.4270080075,0.3327267239,0.3225014469,0.5329609074,0.8194160193,0.7300870105
86.5,1,1,1,1,1,0.3223589135,0.693289764,0.5841572916,0.3659594869,0.364691187,0.5048564373,0.421943079,0.3289818232,0.836015397,0.2923117284,0.7204568319,0.4240661938,0.332190344,0.3249835235,0.5311613362,0.8203857578,0.7303634071
87,1,1,1,1,1,0.3225008017,0.6929998285,0.5844819195,0.3654166604,0.3628538779,0.5068191343,0.4205193637,0.3252038833,0.8350468378,0.2914139595,0.7207429179,0.4250515955,0.3291336854,0.3239967176,0.5296514341,0.820336031,0.7320137977
87.5,1,1,1,1,1,0.3216837734,0.6937438522,0.5838431575,0.3651134794,0.3627408362,0.5057984136,0.4202196863,0.3280668944,0.8358517093,0.2918515113,0.7210668419,0.4249153355,0.3283321936,0.3240511161,0.5314034578,0.8201200106,0.7332858862
88,1,1,1,1,1,0.319823283,0.6930439167,0.5847327222,0.3671500222,0.363080188,0.5092767792,0.4175829755,0.3295651525,0.8379139582,0.2909575678,0.7206818225,0.4247306586,0.3281050188,0.3232707259,0.5316126887,0.8193861193,0.7318996169
88.5,1,1,1,1,1,0.3215453417,0.695238021,0.5849154127,0.367394995,0.3632061946,0.5057081198,0.4166785812,0.3306032597,0.8374384241,0.2920130669,0.7191853405,0.4279951799,0.3275362585,0.3241290233,0.5342685298,0.820290357,0.7319288766
89,1,1,1,1,1,0.3212440659,0.6971155598,0.5865452228,0.3672981255,0.3631495513,0.5059741156,0.4177135429,0.3309875707,0.8377161681,0.2897992956,0.7201786258,0.430922658,0.327845619,0.3250955122,0.5330736099,0.8211102054,0.7304849314
89.5,1,1,1,1,1,0.3247114007,0.6960338082,0.5859570906,0.36843004,0.3609184152,0.506798285,0.4150369191,0.3301162629,0.8374011426,0.2920950431,0.7179281883,0.4335047211,0.3283476584,0.3280795274,0.5339657268,0.8220290846,0.729480605
90,1,1,1,1,1,0.327519387,0.6948137388,0.5883576234,0.367510503,0.3612274704,0.5085698801,0.4159609939,0.3308323092,0.8349877586,0.2926754408,0.7202289601,0.432370746,0.330096769,0.3271090569,0.5318176803,0.8219430308,0.7326067555
90.5,1,1,1,1,1,0.3263105004,0.6960504989,0.5879543265,0.3690219669,0.3619583127,0.5079147554,0.4150926571,0.3274487905,0.8363950706,0.2909930713,0.7210579895,0.4297700166,0.3305604708,0.3266786929,0.5307485749,0.8221174253,0.731853901
91,1,1,1,1,1,0.3256102856,0.6943371533,0.586034361,0.3679108017,0.3622174913,0.5100281338,0.4162865881,0.3267848902,0.8354359535,0.290772245,0.7171578938,0.4305909039,0.3321062704,0.3260452187,0.5318125772,0.8220765222,0.7310885656
91.5,1,1,1,1,1,0.3261243808,0.6928796859,0.5839151422,0.3667188071,0.3618466508,0.5096819617,0.4162912299,0.3274195366,0.8357209438,0.290042651,0.7169570498,0.4337110795,0.3323369227,0.3223902557,0.529441125,0.8223614079,0.7315524357
92,1,1,1,1,1,0.3252973455,0.6937567478,0.584991033,0.3671251942,0.3628813391,0.5083088372,0.4159371015,0.3256363113,0.83638751,0.28876129,0.7175894696,0.4335020256,0.331810103,0.3227974456,0.5284382227,0.8235222621,0.7310923189
92.5,1,1,1,1,1,0.32446614,0.6955706868,0.5849215644,0.3656516546,0.3642578519,0.5069281324,0.415946749,0.3257020429,0.8338671732,0.2873162756,0.7186021351,0.4342728658,0.331723309,0.324571914,0.5311489115,0.8217231674,0.7316704565
93,1,1,1,1,1,0.3243279295,0.6956258417,0.5816298604,0.3649074222,0.3664171104,0.5064771206,0.4164390173,0.3258505321,0.8356135644,0.288152011,0.7188285468,0.4332941846,0.3350978873,0.3233544013,0.5307643513,0.8224740123,0.7293836393
93.5,1,1,1,1,1,0.3248022005,0.6953799674,0.582090158,0.3660917856,0.3625022653,0.5039464224,0.4172414028,0.3252166623,0.8355419856,0.2903031017,0.7175387527,0.4336393159,0.3387872506,0.3239661549,0.5329127992,0.8216816224,0.7303929051
94,1,1,1,1,1,0.3231648965,0.6966787164,0.5848687603,0.3653989487,0.3634868606,0.5039230215,0.4161221454,0.3288835744,0.8348043476,0.2917620436,0.7172571553,0.4330266479,0.3372848216,0.324257434,0.5348357463,0.8218410362,0.728516901
94.5,1,1,1,1,1,0.3233241998,0.6951319882,0.5858263052,0.3623691374,0.3625919646,0.504566105,0.416780509,0.3293370488,0.8335584644,0.2895988378,0.7206658889,0.4347327158,0.3377257749,0.3231862408,0.5358285695,0.8220693456,0.7280003502
95,1,1,1,1,1,0.3256109156,0.6933416086,0.5870095833,0.363153037,0.3650989714,0.5031999354,0.41595109,0.3301511102,0.8344970151,0.2880521432,0.7199159408,0.4343393541,0.3364020186,0.3254076921,0.5364675936,0.8211400313,0.7286274789
95.5,1,1,1,1,1,0.3250731293,0.6926578599,0.5860323343,0.3610276273,0.3643009123,0.5011576588,0.4171822081,0.3289620742,0.8341639742,0.2888694887,0.7197144673,0.4348822722,0.3370830715,0.3256495897,0.5340298848,0.8220292242,0.7297776716
96,1,1,1,1,1,0.3221401271,0.6931459897,0.5856535193,0.3627690287,0.3636837081,0.5009075393,0.4173599871,0.3292002146,0.8356171402,0.2903817111,0.7190805125,0.4332855427,0.3357747022,0.3249334556,0.5343825375,0.8218487995,0.7299298375
96.5,1,1,1,1,1,0.3222433102,0.6943795343,0.5852809803,0.3628078754,0.3628339095,0.5014070252,0.417938278,0.3307085512,0.833474447,0.292346896,0.7181942527,0.4336244608,0.3332088467,0.3266198091,0.5340713809,0.8218579067,0.7308700636
97,1,1,1,1,1,0.3246245769,0.6943725509,0.5848534598,0.3635946951,0.3639880683,0.5031261041,0.4185786669,0.3313133717,0.8341394635,0.2926886391,0.7164574639,0.4330889557,0.3313059343,0.3272772529,0.5338057443,0.8219042249,0.7317687418
97.5,1,1,1,1,1,0.3258454523,0.6956884201,0.5846897674,0.3648162697,0.3650049982,0.5060098353,0.4183164482,0.3315791238,0.8333448504,0.2909725945,0.7146665033,0.4341048763,0.331513697,0.3279488576,0.531158849,0.8211277515,0.731810174
98,1,1,1,1,1,0.3255440089,0.6944505245,0.5831941277,0.3654010146,0.3632496843,0.5071868898,0.4184483329,0.3323310254,0.8327049494,0.2923701022,0.7189046263,0.4349387446,0.3338698306,0.3267209401,0.531473953,0.8217795408,0.7309232505
98.5,1,1,1,1,1,0.3256000145,0.696156929,0.5831586293,0.3635592635,0.3633686818,0.5074419454,0.4190183529,0.3301685957,0.8318233653,0.2925822926,0.7178989829,0.4360459264,0.3345837677,0.3242949295,0.5306660713,0.8232588887,0.7327219311
99,1,1,1,1,1,0.3259723029,0.6962132835,0.5825289754,0.3656371938,0.365244546,0.5095300047,0.4189977162,0.3291849527,0.8313419454,0.2913421251,0.7170012771,0.4335309971,0.3351923774,0.3240997345,0.5274138396,0.8244155813,0.7325304807
99.5,1,1,1,1,1,0.3233688005,0.6943202838,0.583103068,0.3669693932,0.3669330072,0.5103385789,0.4155203456,0.3303531354,0.831624947,0.2899485154,0.7167195162,0.4325698086,0.3345452334,0.3255023005,0.5303430728,0.8248524724,0.7315107943
100,1,1,1,1,1,0.3211017905,0.6933449399,0.5853091655,0.3653498059,0.3671843049,0.5108153868,0.4182632601,0.3292715495,0.8318291992,0.2883458442,0.7146601926,0.4301944512,0.333984648,0.3243504244,0.5323516411,0.823460513,0.7319117421
100.5,1,1,1,1,1,0.3214661347,0.6942095054,0.5856965305,0.3655470515,0.3646787774,0.5092354883,0.4188465595,0.3274536032,0.8322236236,0.2882143665,0.7175755089,0.4305579758,0.3359440897,0.3234123658,0.5315728125,0.8235952641,0.7313337704
101,1,1,1,1,1,0.3232177289,0.6927918301,0.5862092821,0.3657185363,0.3622674442,0.5090043333,0.4187249233,0.3256411934,0.8326430451,0.2872265393,0.7155197195,0.4321707176,0.3339534224,0.3259878747,0.5339340378,0.8235624609,0.7306332875
101.5,1,1,1,1,1,0.3200592168,0.6939065254,0.5834850455,0.3675597099,0.3609814143,0.5077856691,0.4218623598,0.3275794448,0.8308062028,0.2858254718,0.7159362137,0.4308610642,0.3345310662,0.3265714065,0.536824153,0.8220021154,0.730482177
102,1,1,1,1,1,0.320861886,0.6911435439,0.5844495893,0.3669141019,0.3617161976,0.5102379618,0.4221390443,0.329716856,0.8303900995,0.2873993506,0.7158313362,0.4316266678,0.3310970941,0.3268958475,0.5352440139,0.8233971337,0.7290882079
102.5,1,1,1,1,1,0.3189443855,0.692737158,0.5836154573,0.3673175769,0.3622033329,0.5063070704,0.4198542737,0.3279637178,0.832708642,0.2886610378,0.7158784533,0.4324505199,0.3309892097,0.3248038966,0.5367596583,0.8237415764,0.7322785777
103,1,1,1,1,1,0.316372637,0.6956083726,0.5832831018,0.3643653339,0.3610527268,0.5039292593,0.4196010084,0.3279518775,0.8321780923,0.2919525509,0.7169819207,0.4292166285,0.3301760522,0.3223252359,0.5371076299,0.823495382,0.7320688949
103.5,1,1,1,1,1,0.317904404,0.6944283501,0.5840102057,0.3629245131,0.3604871449,0.5069409616,0.4208653794,0.327218732,0.8321407766,0.2931619732,0.7181414398,0.4302008829,0.3297215679,0.3220621567,0.5367766082,0.8229197051,0.7328804257
104,1,1,1,1,1,0.3182548149,0.6949975321,0.5854359306,0.365431139,0.3618878525,0.5068889575,0.4183446718,0.3288257944,0.8316046262,0.2922785112,0.7174633263,0.4302100331,0.3283364631,0.3216968126,0.5360329266,0.8211158905,0.7309513228
104.5,1,1,1,1,1,0.3183179385,0.694776196,0.5891468927,0.3638104583,0.3647874225,0.5075499563,0.4223946339,0.3273992501,0.8297412202,0.2929912593,0.7188372893,0.4304877919,0.3303336009,0.322445667,0.5381483059,0.8213871952,0.7309530133
105,1,1,1,1,1,0.3172405373,0.6939306649,0.5908614851,0.3651634026,0.3610652862,0.5107389462,0.4214346313,0.3259076659,0.8300543451,0.293993223,0.7182402269,0.4302313907,0.3286065067,0.3220337467,0.5353735738,0.8182260189,0.7298337088
105.5,1,1,1,1,1,0.3188184958,0.6950703394,0.5911221235,0.3625535837,0.3609797399,0.5102390205,0.4196760528,0.3240255835,0.8312254953,0.2957165363,0.7188278689,0.4288745999,0.3290899891,0.3230961404,0.5300705762,0.8188771864,0.7295378285
106,1,1,1,1,1,0.3215718236,0.695038797,0.5876614962,0.3626710836,0.3611770156,0.5108878342,0.4190346433,0.3246278339,0.8324420536,0.2928868217,0.7172330995,0.4274432876,0.330260373,0.3222704661,0.5310076842,0.8195412205,0.7289959333
106.5,1,1,1,1,1,0.3236138173,0.6949666435,0.5839873962,0.3633072911,0.3609208609,0.5098084105,0.4170379232,0.3255252991,0.8323709185,0.2907117907,0.7163166899,0.4282039667,0.3308491504,0.3241913865,0.5319598828,0.8185614901,0.7296737303
107,1,1,1,1,1,0.3218943599,0.6961800509,0.585193092,0.3648963864,0.363017237,0.5094537288,0.4190464333,0.3279811345,0.8313718209,0.2900953264,0.7156523046,0.4281847277,0.3331326662,0.3243998909,0.5345883869,0.8196130151,0.7294615065
107.5,1,1,1,1,1,0.3201429253,0.6969948501,0.5856851409,0.368763013,0.3652875805,0.5097245677,0.4165770811,0.3299638377,0.831420639,0.293273446,0.7155935486,0.4288339767,0.3343361522,0.3254761526,0.5351685908,0.8200309971,0.7314423172
108,1,1,1,1,1,0.319770102,0.6958368015,0.5855273895,0.3656064874,0.3644608522,0.5091940478,0.4204142134,0.3279271862,0.8322764649,0.293582808,0.716675667,0.428317289,0.3355979309,0.3258431175,0.5349363261,0.8190904618,0.7343479213
108.5,1,1,1,1,1,0.3219840755,0.6969830687,0.584888992,0.3674222063,0.3637354792,0.509750817,0.4176178656,0.3265633091,0.832040979,0.2939538659,0.7173482727,0.424314382,0.3325084956,0.3262756691,0.5340861129,0.8190069868,0.7325526685
109,1,1,1,1,1,0.3207995272,0.6955547719,0.5852068989,0.3657882103,0.3642522558,0.5112950322,0.4165098856,0.3247646386,0.8325747982,0.2919081207,0.7182338928,0.4250639664,0.3331902737,0.3258861484,0.5307419214,0.8198345052,0.7315411257
109.5,1,1,1,1,1,0.3213288435,0.6929365891,0.5858619749,0.3649716621,0.3633544757,0.5100581224,0.415099299,0.3234251804,0.8334040087,0.2904975288,0.7188731365,0.4269662306,0.3337133849,0.325754077,0.531059001,0.8204837281,0.7298833951
110,1,1,1,1,1,0.3214531607,0.6926689516,0.5816381608,0.3641552556,0.3610464543,0.5077781395,0.41449587,0.3245893006,0.8322124026,0.2871808969,0.719384304,0.4278604746,0.3306026306,0.3232458358,0.5339827728,0.8200992681,0.7298679807
110.5,1,1,1,1,1,0.3175822032,0.6911996176,0.5858176397,0.3646037618,0.3589793373,0.5068742521,0.41529822,0.3254661739,0.834147064,0.2855047905,0.718261849,0.4297143918,0.3293723087,0.3241888764,0.5335187109,0.8197274765,0.7307880815
111,1,1,1,1,1,0.3184113565,0.6938425656,0.5854472171,0.3660248327,0.3604144219,0.507647693,0.4159758775,0.3260905937,0.8342235688,0.2847714161,0.7158785255,0.4295776063,0.3273277942,0.3249908244,0.530956288,0.8206942744,0.7311990558
111.5,1,1,1,1,1,0.3189139042,0.6940288225,0.5843831087,0.36684728,0.3612012052,0.5079767275,0.4139074794,0.325025665,0.8343358793,0.2882600984,0.7159098425,0.4287254868,0.3281819285,0.3221189575,0.5292439638,0.8197927395,0.733028903
112,1,1,1,1,1,0.3177357565,0.6932946597,0.5843536803,0.3688041178,0.3595637398,0.5061933107,0.4153505094,0.3266722784,0.8345959587,0.2882441432,0.7160134437,0.4274887195,0.3282530828,0.323101014,0.5299241813,0.8195299241,0.7317611532
112.5,1,1,1,1,1,0.3182825003,0.6937920409,0.5818339162,0.3661341465,0.3588810976,0.5089044999,0.415280797,0.3278266893,0.834263035,0.2902038715,0.7152540292,0.4258303589,0.3279339503,0.3251362469,0.5281291516,0.8200576004,0.7336385154
113,1,1,1,1,1,0.3189024003,0.6956699354,0.5843682156,0.3649469031,0.3606393996,0.5070251274,0.4173492502,0.3258954591,0.8338597605,0.2892830172,0.7149109257,0.4302140037,0.3285690815,0.3256826584,0.5288865442,0.8194898364,0.7325753
113.5,1,1,1,1,1,0.3193258787,0.6961692154,0.5846755867,0.3641577066,0.3605828943,0.5087104985,0.4152033803,0.3286692241,0.8341116326,0.2906610255,0.7142507046,0.4306326651,0.3288006487,0.3235546729,0.5291413878,0.8196874865,0.7321220251
114,1,1,1,1,1,0.317292957,0.6960866056,0.5841820266,0.363142877,0.3611698197,0.5083774284,0.4152978542,0.3292040301,0.834012638,0.2901530286,0.7143544588,0.4326620357,0.3286045393,0.3228269136,0.5294731334,0.8205457714,0.7326040913
114.5,1,1,1,1,1,0.3195527105,0.6944265664,0.5837587944,0.3616104391,0.3612287841,0.5098994933,0.4173433512,0.3305384183,0.8334733608,0.289127813,0.7158934338,0.434318508,0.3268199758,0.3229777152,0.5291320955,0.8208635384,0.7316735006
115,1,1,1,1,1,0.3183125828,0.6951946606,0.5837752817,0.3614453596,0.3625738551,0.5095916315,0.4188636026,0.3312458144,0.8354923476,0.2902801602,0.7187797364,0.4335589918,0.3274236365,0.3244605107,0.5283108779,0.8203701372,0.7294332867
115.5,1,1,1,1,1,0.3165198487,0.6946082849,0.581052723,0.3629930533,0.3648661692,0.5079685197,0.4163450772,0.3328000506,0.8356110127,0.2896022735,0.7195079375,0.4331734807,0.3299579157,0.3267075263,0.5292364256,0.8208707865,0.7301828094
116,1,1,1,1,1,0.3184617058,0.6959351222,0.5810844468,0.3649892853,0.3627411316,0.5101086101,0.4163289309,0.3316578442,0.835047642,0.2908879181,0.720688416,0.4316313907,0.3297379406,0.3256270892,0.529727142,0.8203215921,0.73181721
116.5,1,1,1,1,1,0.3182908946,0.693059525,0.5832546413,0.3648255413,0.3636853546,0.507776775,0.4168883102,0.3312810228,0.8342109533,0.2902112941,0.7209907347,0.4319023854,0.329166399,0.326582842,0.5288064276,0.8181016731,0.7323945433
117,1,1,1,1,1,0.3202080015,0.6945715216,0.5829004854,0.3660687551,0.3615836424,0.5090619576,0.4201401271,0.3304720936,0.8350461368,0.290485443,0.7225058221,0.429308339,0.3278358529,0.3248418538,0.5314653932,0.8191477026,0.7308806707
117.5,1,1,1,1,1,0.3209045963,0.6951241495,0.5834584858,0.3669635579,0.362142529,0.5096913839,0.4175152239,0.3289160822,0.8350153053,0.2936539627,0.7209296541,0.4299823641,0.3295677789,0.326130525,0.53408873,0.8198107322,0.7309356626
118,1,1,1,1,1,0.3233066566,0.6955804513,0.58441092,0.3673431947,0.3617934344,0.5117681005,0.4170207471,0.329379782,0.8332185545,0.2934255429,0.7212559854,0.4306601767,0.329533551,0.3272206477,0.5331509607,0.8206579183,0.7329898337
118.5,1,1,1,1,1,0.3226046362,0.694006088,0.5837105133,0.3662038577,0.3635643683,0.5094874268,0.4192777484,0.3286925712,0.8326617855,0.2924255293,0.7207632441,0.4292777442,0.328792261,0.3283467509,0.5313954573,0.8218628835,0.7343650719
119,1,1,1,1,1,0.3215126899,0.6940776841,0.584152324,0.3649573373,0.364525544,0.5082790001,0.4181876818,0.3272563178,0.8329293036,0.2907618259,0.7205453812,0.4277425646,0.3291255288,0.328179376,0.531854919,0.822809108,0.7342826135
119.5,1,1,1,1,1,0.3210450308,0.6935840815,0.5844953791,0.3667344516,0.3615263332,0.5081998346,0.4171515885,0.326828062,0.8315108261,0.2899879784,0.7205301139,0.4283149309,0.3283426126,0.3243910776,0.5328179204,0.8231672518,0.7348793992
120,1,1,1,1,1,0.3223992941,0.6938597437,0.5845029277,0.364931098,0.3617614078,0.5083235373,0.4185837931,0.3289932985,0.8306724656,0.2900952424,0.7207055699,0.4296485817,0.3314921122,0.3229239864,0.5340378609,0.8224230771,0.7345144686
120.5,1,1,1,1,1,0.319269371,0.6944028418,0.5811824038,0.3651052776,0.363485922,0.5072173998,0.4186042798,0.3282916334,0.8310684439,0.2914515284,0.7209091439,0.4330680691,0.3324392136,0.3251003773,0.5347336919,0.822720292,0.7356632787
121,1,1,1,1,1,0.3198462589,0.6953503778,0.5827644881,0.3648570133,0.3624494552,0.5053944316,0.4154800933,0.3293348041,0.8306334859,0.2921074978,0.7223462221,0.4335325771,0.3322248842,0.3222740611,0.5345295237,0.823312979,0.7376255837
121.5,1,1,1,1,1,0.3174155281,0.6955319326,0.5823978203,0.3633860769,0.3616542471,0.5046585621,0.4193703242,0.3290121766,0.8311703546,0.2923965148,0.7237899799,0.4324374484,0.3347440735,0.3219090535,0.5323143643,0.8228603261,0.7374660497
122,1,1,1,1,1,0.3191451493,0.6943470975,0.5838452313,0.3610306886,0.3644436308,0.5065214781,0.4187715306,0.3293154586,0.8311937553,0.293576531,0.7223751958,0.4319888268,0.3337035886,0.322730283,0.528035843,0.8239554787,0.7366998717
122.5,1,1,1,1,1,0.3189716584,0.6938120086,0.5839228511,0.363845303,0.3605248446,0.5049658486,0.4188525454,0.3279763718,0.8309973324,0.2933254937,0.7233260147,0.4348724849,0.3322760866,0.3225231152,0.5281557165,0.8216281501,0.736202079
123,1,1,1,1,1,0.3166310707,0.6930794113,0.5853140476,0.363760401,0.3611539139,0.5063848872,0.4189041682,0.3304813132,0.8307646532,0.2930254644,0.7253852401,0.4342548505,0.334890756,0.3225925964,0.5307027716,0.8221275357,0.7347784593
123.5,1,1,1,1,1,0.316160158,0.6921201235,0.5850415437,0.3646529984,0.3602057268,0.507383631,0.4201196427,0.3294307913,0.8316869757,0.2926452132,0.7251184637,0.4307185089,0.334913073,0.3229546198,0.5294519629,0.8222656372,0.737749883
124,1,1,1,1,1,0.3175330312,0.6933398515,0.5863644987,0.3659617415,0.3609268868,0.5089331076,0.4227395704,0.3291176206,0.8327982274,0.2934866142,0.7262925697,0.4312917737,0.3335382898,0.3211417638,0.5299550014,0.8226073927,0.7404204285
124.5,1,1,1,1,1,0.3182174801,0.6928656873,0.5845170352,0.3667678135,0.3614360958,0.508319345,0.4235307744,0.3295810824,0.8331283801,0.291923502,0.7256722064,0.4299438325,0.3324967988,0.3227723056,0.5331055914,0.8225657898,0.7404048307
125,1,1,1,1,1,0.3200308106,0.693703619,0.5860730435,0.3667679297,0.3596832595,0.5100832737,0.4223736177,0.32764177,0.8325672586,0.2903409553,0.724400763,0.4305171661,0.333683401,0.3234888855,0.5328028072,0.8226629026,0.7419001383
125.5,1,1,1,1,1,0.3197436917,0.6964355275,0.5841890965,0.366044608,0.3611068157,0.5085441346,0.4223113402,0.3324292072,0.8318402804,0.2926769698,0.723510723,0.4303298516,0.3333743912,0.3232292884,0.5345113126,0.8225307219,0.7422286678
126,1,1,1,1,1,0.3211751105,0.695060133,0.5870273854,0.3657468251,0.3600163051,0.5072234307,0.4228874881,0.332003609,0.8326249739,0.2936055313,0.7241994791,0.4291776986,0.3310164061,0.3239047627,0.5335104697,0.8213675459,0.7413419828
126.5,1,1,1,1,1,0.3201520593,0.6936462522,0.5858389517,0.3688352008,0.3586264997,0.5077284298,0.4216709609,0.3346063778,0.8331410919,0.2936487542,0.7229367848,0.4273465175,0.3301796069,0.322426534,0.5317203769,0.8228236308,0.7400925473
127,1,1,1,1,1,0.323211428,0.6944747433,0.5848792684,0.3655635368,0.3591690421,0.5050337967,0.4212598717,0.334593769,0.8323122416,0.2937474407,0.7242467119,0.4285138314,0.3299684599,0.3253839572,0.5344842724,0.822458905,0.7385065049
127.5,1,1,1,1,1,0.3199862365,0.693538018,0.5862403329,0.3664023539,0.3565291675,0.5061814131,0.4192559407,0.3363091717,0.8334365511,0.2947550008,0.7247245218,0.4320782021,0.3290035616,0.3251513095,0.533692178,0.8226219539,0.7406545908
128,1,1,1,1,1,0.3209691237,0.6957588048,0.5832377155,0.3651030366,0.3584377342,0.5073545505,0.4182164758,0.3332981306,0.8334743769,0.2915156601,0.7236588697,0.4314626498,0.3289192055,0.3235427163,0.5347865319,0.821937484,0.7429974292
128.5,1,1,1,1,1,0.3172122906,0.6930764802,0.5847853614,0.3626253433,0.3611562801,0.5048772773,0.4186073701,0.3315529936,0.8347601241,0.2919751035,0.7255037762,0.4304227121,0.3276835953,0.3222191193,0.5305243263,0.8233740673,0.7418784723
129,1,1,1,1,1,0.3169357126,0.6941540983,0.583863495,0.3642649728,0.3634103793,0.5018891011,0.4167565406,0.3314092188,0.8343796788,0.2896803013,0.7284847905,0.4300006239,0.3293371545,0.3222650795,0.5300019037,0.8222266337,0.7418595991
129.5,1,1,1,1,1,0.3143181219,0.6939198148,0.5830231717,0.3662404986,0.3627023261,0.5044187179,0.4170554632,0.3278529821,0.8355083675,0.2913193784,0.726964984,0.4321375967,0.3314740157,0.3241900021,0.5309620158,0.8219898196,0.7398951798
130,1,1,1,1,1,0.3156267339,0.6926821792,0.584057258,0.3675680938,0.3619961416,0.5040192156,0.4166896155,0.3280558035,0.8354919172,0.2899226858,0.7252706194,0.4305374872,0.3312912206,0.3218468504,0.5287936547,0.8208107517,0.7387861269
130.5,1,1,1,1,1,0.3176249874,0.6928304543,0.5805987181,0.3653565069,0.3613144567,0.5061489924,0.4167706863,0.3273515668,0.8339465666,0.2914638701,0.7247211036,0.4304965969,0.3340169978,0.3191365863,0.5267451979,0.8200786283,0.7384961735
131,1,1,1,1,1,0.3204160505,0.6923242043,0.5821650381,0.3648637752,0.3623615343,0.5075032148,0.4192611134,0.330457865,0.8325851454,0.291547253,0.7263416308,0.4319677284,0.3337574522,0.3224651036,0.5255103494,0.8206672168,0.738365698
131.5,1,1,1,1,1,0.3207725374,0.6937205377,0.5830659649,0.3624388799,0.3639268374,0.5067619588,0.4192289295,0.3304885531,0.8314018568,0.2914547969,0.726017409,0.4328001623,0.3333321733,0.3214255328,0.5260806299,0.8198591635,0.7401425221
132,1,1,1,1,1,0.3205610133,0.6935574109,0.5826697548,0.3628737019,0.3656921928,0.507042433,0.4180837098,0.3301727128,0.8312855522,0.2905372012,0.7246961378,0.434025197,0.3340427128,0.3225787334,0.5258963352,0.8199654455,0.7381358682
132.5,1,1,1,1,1,0.3200531711,0.6949253268,0.5847685315,0.3642867983,0.3655944748,0.5087048035,0.4175322327,0.3294369357,0.8326712918,0.2906671793,0.7234516771,0.433984862,0.3364652681,0.3244967537,0.5281632956,0.8212988093,0.7375761085
133,1,1,1,1,1,0.3201392529,0.6944867956,0.5836566228,0.3652202549,0.3653422012,0.5101102036,0.4183224234,0.3291223984,0.8326816498,0.2902324255,0.7250237891,0.4314029257,0.3380482159,0.3260750636,0.5307392453,0.8199212242,0.737493
133.5,1,1,1,1,1,0.3193440014,0.6947255841,0.5835923859,0.3642807033,0.3637540947,0.5094334559,0.4176034732,0.3284773893,0.8335510921,0.2878273465,0.7258229648,0.4337495266,0.3393957828,0.3252703764,0.5354923959,0.819353003,0.7350433563
134,1,1,1,1,1,0.3190149833,0.6938950331,0.5825354391,0.3646477816,0.362329217,0.507160138,0.417417752,0.3272352182,0.835262701,0.2900926663,0.7237792856,0.4342039205,0.3400646215,0.3254445253,0.5344752179,0.8185606972,0.7343143218
134.5,1,1,1,1,1,0.3211264169,0.694170011,0.5827984433,0.3650329086,0.362729325,0.5061473245,0.4171719172,0.3277422868,0.8334926681,0.2887264881,0.7249515982,0.4300290485,0.3405246197,0.3236067031,0.5341389089,0.820251368,0.7339161748
135,1,1,1,1,1,0.3210640799,0.6928176149,0.582376555,0.3645667511,0.3639132486,0.5059919378,0.4156525281,0.3297479623,0.8317168938,0.289535556,0.7248217305,0.4310205402,0.3405706163,0.3232071244,0.5332060639,0.8200586576,0.7336942081
135.5,1,1,1,1,1,0.319454457,0.6928486197,0.5828408595,0.3659042811,0.3609903901,0.5037356504,0.4169738221,0.3289846636,0.8306202004,0.2887553044,0.7235514117,0.4296062476,0.3403898138,0.3225157325,0.5311103464,0.8180001536,0.735973702
136,1,1,1,1,1,0.3194753651,0.6945832062,0.5826055662,0.3676349314,0.3591853201,0.5046461377,0.4178649396,0.3265692623,0.8314488441,0.2871113475,0.7218607534,0.4304501756,0.3389900461,0.324542989,0.5300774718,0.817852952,0.7356389079
136.5,1,1,1,1,1,0.3198489,0.6940683929,0.584000265,0.367711424,0.3602195136,0.506648293,0.4176430035,0.3286650147,0.8298617103,0.2858086004,0.7217158142,0.4280077495,0.3384670914,0.3253756825,0.5298807765,0.818746256,0.7357957744
137,1,1,1,1,1,0.3201422989,0.6955396052,0.5850128477,0.3649638428,0.3609111854,0.5083697433,0.4179583856,0.3311658403,0.8292267292,0.2867329971,0.7207632799,0.4292546122,0.3366880287,0.325387448,0.5288554647,0.8193178708,0.7366083465
137.5,1,1,1,1,1,0.3208467344,0.695071006,0.5847581145,0.3631429466,0.3588539681,0.5072246158,0.4184387174,0.3285146764,0.8293921711,0.2870496408,0.7205416114,0.4267813268,0.333723892,0.3252498404,0.5303546481,0.8214157146,0.7379907575
138,1,1,1,1,1,0.3181378347,0.6946331325,0.5874808786,0.3639460146,0.3584253443,0.5073705337,0.4194652221,0.3299753712,0.8302344586,0.2864820791,0.7206289733,0.4274006059,0.332738536,0.325835803,0.5318173403,0.8215678025,0.7394925529
138.5,1,1,1,1,1,0.3185399056,0.6938516165,0.5840715088,0.36679307,0.3576508736,0.5052251876,0.4171264053,0.3274480632,0.8315703827,0.2865965777,0.7203098923,0.4273761461,0.3358784202,0.3275690641,0.5334558728,0.8203419197,0.7384604252
139,1,1,1,1,1,0.3175817981,0.6949113161,0.5845782319,0.3641254898,0.3599756944,0.5039891301,0.4173311592,0.3261788758,0.8300932023,0.2875545711,0.721448002,0.4241140157,0.3341577014,0.3279769011,0.5335687463,0.8205683826,0.7357703515
139.5,1,1,1,1,1,0.3178332636,0.6943334979,0.5825042597,0.363958609,0.3586676766,0.504844833,0.4162029885,0.3242647863,0.8309494423,0.2890416124,0.7224337322,0.423551229,0.3334809882,0.3283275957,0.5356878708,0.8199585033,0.7370523614
140,1,1,1,1,1,0.3177179145,0.6959545085,0.5827866361,0.3638628698,0.3583270712,0.5050964202,0.4190235071,0.3273625795,0.8295590409,0.2890028369,0.7225169066,0.423348127,0.332848671,0.3268593595,0.534153036,0.8213415361,0.7380327111
140.5,1,1,1,1,1,0.3168677694,0.6932627536,0.5853033167,0.3636943684,0.3592956761,0.5056173332,0.4172187002,0.3295454354,0.8306677394,0.2907996316,0.7230385212,0.4255420325,0.3345592258,0.3257646,0.5347215264,0.8214475958,0.7366580781
141,1,1,1,1,1,0.3168211036,0.6954187224,0.584203508,0.3652632886,0.3568226371,0.5078941416,0.4165160434,0.3301248068,0.8309924729,0.2946144803,0.7211765895,0.4252080972,0.333366081,0.3251962729,0.5317608815,0.8217443165,0.7361294158
141.5,1,1,1,1,1,0.3185784385,0.6945633392,0.5847346681,0.3663899041,0.358362856,0.5061445953,0.414151643,0.3298526559,0.8318248894,0.296498414,0.7213135302,0.4282377118,0.3313405031,0.3248041595,0.5318461698,0.8200677018,0.7376570791
142,1,1,1,1,1,0.3197077787,0.6964233092,0.5854330506,0.3667038938,0.3575460873,0.5064395957,0.4159432037,0.3275799888,0.8310739821,0.2980530141,0.7208266747,0.4306506725,0.32910411,0.3236202653,0.5289824898,0.8209504139,0.7355791228
142.5,1,1,1,1,1,0.3205422275,0.6933205694,0.5859889808,0.3631646345,0.3582387587,0.505636086,0.4181702456,0.325912869,0.8323405656,0.2980209317,0.7215964475,0.4290573282,0.3300720542,0.3217015067,0.5279020059,0.8214593245,0.7343663916
143,1,1,1,1,1,0.3199895026,0.6924418484,0.5883883444,0.3648063329,0.360879375,0.5035885691,0.4152386846,0.326651257,0.8333846532,0.2979304452,0.7211136171,0.4294819341,0.3312503996,0.3224105622,0.5314626851,0.821594956,0.7352125755
143.5,1,1,1,1,1,0.3195353449,0.693767382,0.5868896215,0.3663269726,0.3613019227,0.5078815541,0.4152971379,0.3248270692,0.8335096457,0.2932169702,0.7201535038,0.4296663017,0.3311642058,0.3231165966,0.5287072918,0.8213539885,0.7364563971
144,1,1,1,1,1,0.3181475734,0.6942302375,0.5849976758,0.3664045066,0.3624147933,0.5061216707,0.4180687226,0.3239482917,0.8317059353,0.2921831556,0.7195639002,0.4272013549,0.332349091,0.3218658113,0.5305853268,0.8197372948,0.737247572
144.5,1,1,1,1,1,0.3195090518,0.6948921573,0.5863873594,0.3658801256,0.3612828177,0.5076953538,0.4174082915,0.3244269869,0.8312632323,0.2936274721,0.7191507545,0.4288652197,0.3280336962,0.321428875,0.5313632524,0.820426121,0.7351652083
145,1,1,1,1,1,0.3193599199,0.6935317365,0.5861060922,0.3643996257,0.3630305294,0.5074815794,0.4178991428,0.3274279597,0.8311013343,0.2925155666,0.7186793207,0.4312263698,0.3274772555,0.320985757,0.5312438402,0.8208495714,0.7364584993
145.5,1,1,1,1,1,0.3177616818,0.6929180876,0.5870764928,0.3655540279,0.3629813392,0.505908397,0.4180968274,0.3263790967,0.8300563661,0.2898359226,0.7177253173,0.4304858004,0.3278126811,0.323593208,0.5344686813,0.8214351701,0.7372671421
146,1,1,1,1,1,0.3189480515,0.6952021115,0.5882723701,0.3656986575,0.3619919295,0.5052257023,0.4186096339,0.3281063951,0.8296778394,0.2899411793,0.7180528789,0.433122017,0.3296230624,0.3242911947,0.5312428381,0.8198895806,0.7370884945
146.5,1,1,1,1,1,0.3200209469,0.6935863249,0.5848320671,0.3651048926,0.3623932122,0.5059583046,0.4173878821,0.3280687673,0.8291922986,0.2881512669,0.7155566743,0.4345935507,0.332010349,0.3227544727,0.5309725756,0.8195733262,0.7378849978
147,1,1,1,1,1,0.3214476217,0.6949510441,0.5859178569,0.3679307751,0.3664303871,0.5082634824,0.4171419601,0.3300605084,0.8302063955,0.2856037105,0.7171988275,0.4330756421,0.3325977868,0.3220817797,0.5302685354,0.8208688314,0.738625045
147.5,1,1,1,1,1,0.3257071273,0.6964334278,0.5868202879,0.3662429784,0.366790539,0.5096652831,0.4178691596,0.3296837385,0.8306794742,0.286315797,0.7170735763,0.4351899168,0.3321052607,0.3231320932,0.5317342695,0.8201567746,0.7419925199
148,1,1,1,1,1,0.3239897621,0.6971984151,0.5857156862,0.3667156216,0.3656791533,0.5117114252,0.417310043,0.3294706874,0.8300143642,0.289186753,0.7189469021,0.4322999518,0.3318972981,0.3257521473,0.5322698,0.8215846932,0.7422731568
148.5,1,1,1,1,1,0.3216220071,0.6964424157,0.586009441,0.3670121909,0.3661911443,0.509775686,0.4196910132,0.3303672253,0.8310804425,0.2914860428,0.7190994934,0.4303392644,0.3330802291,0.3272697396,0.5309231793,0.8209282016,0.7419945606
149,1,1,1,1,1,0.3206613804,0.6957485731,0.5846826337,0.3648373817,0.365561857,0.511460646,0.4210992513,0.3283156378,0.8303910339,0.2927091511,0.720816607,0.4315178401,0.3325617377,0.3253283363,0.5311585639,0.8200555698,0.7442000835
149.5,1,1,1,1,1,0.3219446662,0.6949689868,0.5845470709,0.3667761047,0.3647867968,0.5113177343,0.4211248751,0.3305033273,0.8327977322,0.2933973757,0.7221138654,0.4309764949,0.3343082535,0.3250641013,0.5307794871,0.8214460655,0.7465224427
150,1,1,1,1,1,0.3209497137,0.6956814871,0.5854892657,0.3656498286,0.3628506428,0.5095387388,0.4213671213,0.3304088467,0.8316577899,0.2919263018,0.7240325738,0.4333146922,0.3333583736,0.325461225,0.5289285227,0.8211977281,0.7440826338
150.5,1,1,1,1,1,0.3224942405,0.6949386819,0.5860449428,0.3649293201,0.3650735163,0.5105337535,0.4203882025,0.3302926382,0.8324315708,0.2906688663,0.723310296,0.4347680489,0.3320961339,0.3247666033,0.5273116719,0.8215023236,0.7435450093
151,1,1,1,1,1,0.3242836041,0.6974700119,0.5861309751,0.3643545482,0.3633757751,0.5102889885,0.4198105085,0.3285048185,0.8321006544,0.2890607128,0.7225596364,0.4330216549,0.3331947835,0.3251256278,0.5286800621,0.8207435329,0.7459183127
151.5,1,1,1,1,1,0.3225762135,0.695510358,0.5886642494,0.3650230313,0.3628057065,0.5077854198,0.4215185037,0.3307449698,0.8329866771,0.2897423307,0.7248224389,0.4315934571,0.3358730441,0.3273161666,0.5270211856,0.820586542,0.7471825268
152,1,1,1,1,1,0.3230377812,0.6948293778,0.5913727091,0.3645271696,0.3611596701,0.5070018518,0.4201559108,0.329506307,0.832329457,0.2921203664,0.7240026184,0.4325139291,0.3337254777,0.3280372905,0.5275195575,0.8219451915,0.7471912318
152.5,1,1,1,1,1,0.3211290071,0.6916828273,0.5893391847,0.3643679025,0.3621057749,0.5064932087,0.4229692996,0.3304593405,0.8317356795,0.2929692141,0.7250033873,0.4318096243,0.3340542593,0.327438998,0.5287605555,0.8220091076,0.7466020577
153,1,1,1,1,1,0.3195934836,0.6918900328,0.5861532656,0.3624273841,0.3626217366,0.5067009797,0.4201332072,0.3285488098,0.8321779444,0.2900764079,0.7247644116,0.4324358685,0.333067499,0.3275204185,0.5269724327,0.8218906693,0.7455453129
153.5,1,1,1,1,1,0.320800128,0.6917735327,0.5835330892,0.3616584206,0.3609261771,0.5078122641,0.4198896793,0.3271770983,0.83201666,0.2872065428,0.7259207059,0.4310317292,0.3309152739,0.3245490771,0.5265847824,0.8217475279,0.7460263388
154,1,1,1,1,1,0.3201300945,0.6923616407,0.5854682808,0.3606369525,0.3588548892,0.5051732298,0.4222914982,0.325858249,0.8315449888,0.2876063222,0.7256596739,0.4287292438,0.3300500508,0.3249970305,0.5230945839,0.8218863874,0.7460267409
154.5,1,1,1,1,1,0.3186416577,0.6949564152,0.5861592671,0.3598556319,0.3573998748,0.5041854331,0.4209808734,0.3270453071,0.8316183281,0.2875820179,0.7264767031,0.4272544417,0.3320767009,0.3256782125,0.5226024053,0.820463767,0.7453297111
155,1,1,1,1,1,0.3182673117,0.6953806694,0.584182868,0.3627471207,0.361697258,0.5041063931,0.4205171248,0.3269039787,0.8326901486,0.2890529922,0.7263632334,0.4286571864,0.3321923095,0.3249980832,0.5244132037,0.8221113961,0.7458076755
155.5,1,1,1,1,1,0.3200082863,0.6934250584,0.5825439511,0.3615002277,0.3658893377,0.5045772947,0.417581398,0.3282008296,0.8306441452,0.2912537474,0.7264835243,0.4286977296,0.3297552447,0.3248874292,0.5255344088,0.822755126,0.7456468978
156,1,1,1,1,1,0.3201848882,0.6937325554,0.5839614643,0.3607904988,0.3676714518,0.5036441016,0.4174050546,0.3275715607,0.8315728815,0.2907839214,0.7252050551,0.4284683367,0.3298177448,0.3256602753,0.5257523521,0.8236425127,0.746579989
156.5,1,1,1,1,1,0.3208490794,0.6947814381,0.5831550433,0.3628129508,0.3649232939,0.5056477224,0.4185739574,0.3272985636,0.8327388699,0.2895511452,0.7219889296,0.4306913433,0.3289249632,0.3269539235,0.5252058716,0.8236806043,0.7468124646
157,1,1,1,1,1,0.3210561497,0.6939705852,0.5787888537,0.3604521083,0.3633206077,0.5041874106,0.4176895122,0.3281782674,0.8319302111,0.2887830995,0.7224419058,0.4281526846,0.3299720134,0.3241849814,0.5251489885,0.8241911041,0.7460320511
157.5,1,1,1,1,1,0.3214841569,0.6942061267,0.5806403703,0.3633329427,0.3621279952,0.5058788589,0.4194147915,0.3313901747,0.8311086864,0.290567759,0.7227692555,0.4275165203,0.3269094672,0.3239361386,0.52607888,0.8234139114,0.7476051298
158,1,1,1,1,1,0.3207324631,0.6935632686,0.584360547,0.3627679962,0.3629375266,0.505785198,0.4168928309,0.3323726886,0.8321366908,0.288652599,0.7240390881,0.4321492856,0.3276663078,0.3232283156,0.5288552077,0.8213691157,0.7466971265
158.5,1,1,1,1,1,0.3220925602,0.6934158211,0.5849452044,0.3635443856,0.3613399761,0.5044321533,0.4174472654,0.3320453802,0.8326981379,0.2907623164,0.7252568099,0.4315913849,0.330967964,0.3223633592,0.527329248,0.8202397797,0.7445326905
159,1,1,1,1,1,0.3212479873,0.693221675,0.5847796517,0.3641557695,0.3614356366,0.5070025498,0.4162040448,0.3314185366,0.8336074027,0.2919644909,0.7246497686,0.4298106673,0.3333567484,0.3221040676,0.5289818376,0.8190574234,0.7443118559
159.5,1,1,1,1,1,0.321289306,0.6921926838,0.5847125684,0.3632532737,0.3603716676,0.5095655137,0.414184696,0.3332704511,0.8338640006,0.2921573282,0.7253758907,0.4302328842,0.3323022562,0.3248587294,0.5320485211,0.8190546139,0.7430227768
160,1,1,1,1,1,0.3191655661,0.6935376311,0.585575157,0.3645151711,0.3612034119,0.5067963588,0.4139021692,0.3322922603,0.832025548,0.2894646979,0.7234590026,0.4298526649,0.3335907238,0.3230421179,0.5336560998,0.8202997215,0.741800338
160.5,1,1,1,1,1,0.3220053715,0.6928816215,0.5861193558,0.3640602658,0.3612148311,0.5071564095,0.414326044,0.3325667988,0.8320880331,0.2882938328,0.7236346324,0.4304441586,0.3365764866,0.3204984073,0.5346442134,0.821109159,0.7415380127
161,1,1,1,1,1,0.3206837456,0.693434071,0.5851594982,0.3637831367,0.3643281221,0.5075868885,0.4160036005,0.3321966438,0.831960007,0.2891596502,0.72452443,0.4300901843,0.3309221177,0.3199182331,0.5343676644,0.8211932475,0.7389608605
161.5,1,1,1,1,1,0.3199481134,0.6907206327,0.5840576068,0.3654239672,0.3633709108,0.5080819524,0.4155297334,0.3320202674,0.8325665003,0.2896573799,0.7221485201,0.4296085563,0.3307766058,0.3198268977,0.5327420534,0.8191343769,0.7405443993
162,1,1,1,1,1,0.32313159,0.6940206585,0.5841886226,0.3633641855,0.3614860088,0.5068006281,0.4170766488,0.3299630233,0.8327135629,0.2903387535,0.7222388677,0.4311182596,0.3301822672,0.3217968571,0.5300857121,0.8187272819,0.7402179847
162.5,1,1,1,1,1,0.3200243357,0.6939014575,0.5846191063,0.3646944394,0.3585678925,0.5066683126,0.4145366596,0.3279639206,0.8322034442,0.2896866166,0.7238944774,0.4316850748,0.3299558556,0.3205923411,0.5331772684,0.8174807879,0.7417587007
163,1,1,1,1,1,0.3225982654,0.694251267,0.5859599085,0.365277525,0.3593932541,0.5048322742,0.41574006,0.3260657924,0.8325082898,0.289901389,0.7215897308,0.4327278565,0.3297147617,0.3215205297,0.5344763448,0.8178086069,0.7396902715
163.5,1,1,1,1,1,0.3229538023,0.6938158537,0.5868357197,0.3661045216,0.3607115595,0.5041986732,0.4120210949,0.3262140697,0.8321457299,0.2879296312,0.7228802226,0.4332284912,0.3304438918,0.3216991555,0.5345675599,0.8176311944,0.7387931694
164,1,1,1,1,1,0.3217196125,0.694653204,0.5866868357,0.3650229839,0.3594202968,0.5023364462,0.4110808629,0.3264586096,0.8322924597,0.2873219444,0.726140986,0.4319124914,0.3300728187,0.3217316378,0.5338624586,0.8176968627,0.7387333256
164.5,1,1,1,1,1,0.322424855,0.6954865959,0.5840875164,0.3642792753,0.3585032841,0.5033428472,0.4121839363,0.3262321749,0.8316173062,0.2881478243,0.7261173247,0.4363059334,0.3300004742,0.3226377381,0.5335168867,0.818187055,0.7391099947
165,1,1,1,1,1,0.323191207,0.6961704633,0.5849122009,0.3617923745,0.359589905,0.5040518796,0.4136756444,0.3270806104,0.8306189167,0.2891348095,0.724645485,0.4362150814,0.33249403,0.3207182499,0.5307663913,0.8187742033,0.7394342663
165.5,1,1,1,1,1,0.3242345904,0.6919411933,0.5857579637,0.3631148143,0.3584497851,0.5033202193,0.4160433676,0.3281535127,0.8284116095,0.2877751285,0.726104879,0.435930574,0.3345813379,0.3182567719,0.5334049346,0.820659484,0.738586733
166,1,1,1,1,1,0.3263651413,0.6929710241,0.5852070023,0.3651153728,0.3589433963,0.5021904082,0.4167242453,0.3295634434,0.8282853497,0.2877411592,0.7273406382,0.4353822508,0.3366763261,0.3192284012,0.5319060018,0.8196124573,0.7417160816
166.5,1,1,1,1,1,0.324202793,0.6945822851,0.5835401093,0.361989015,0.3614420579,0.5028264139,0.415072613,0.3303618962,0.8281761125,0.2898482651,0.7273986399,0.4353587778,0.3360819262,0.3198866976,0.5320644436,0.8190804644,0.7416317078
167,1,1,1,1,1,0.3237762886,0.6972235831,0.5858949208,0.3626348337,0.3622872111,0.503574875,0.4150386798,0.333529273,0.8287318476,0.2886990972,0.7287571133,0.4339822454,0.3358751953,0.3200358327,0.5309850846,0.8182493976,0.7408661207
167.5,1,1,1,1,1,0.3231560339,0.6990722535,0.5850760477,0.3640444684,0.3628885057,0.5050785358,0.4157200667,0.3316602245,0.8292542587,0.2883205784,0.7289496799,0.4342387325,0.3362966919,0.3215189214,0.5319283415,0.8188225972,0.7404660741
168,1,1,1,1,1,0.3226986054,0.6959694186,0.5828063263,0.3648892079,0.3643151384,0.5044491827,0.4189533353,0.3299386803,0.8305175356,0.2898970944,0.7300919749,0.4327553725,0.3370484674,0.32089474,0.5292944148,0.8204946483,0.7412701223
168.5,1,1,1,1,1,0.3208976536,0.6981905704,0.5839742685,0.3654261841,0.3649531578,0.5049994329,0.421847383,0.3325154894,0.8307087692,0.2903202263,0.7293272062,0.4318500849,0.3353025244,0.3215975359,0.5310637795,0.8196068094,0.7408831726
169,1,1,1,1,1,0.3201885516,0.6984376015,0.5827878484,0.3656696016,0.3639013565,0.5051491657,0.4179308791,0.3315787029,0.8298838886,0.2898718802,0.7262322424,0.4306285162,0.3348507557,0.3239644129,0.5274899745,0.8197536265,0.7392182382
169.5,1,1,1,1,1,0.3186720133,0.6970652511,0.5822255831,0.3665399655,0.3631228914,0.5061832225,0.4185199364,0.33075135,0.8295919931,0.2903646368,0.7254463397,0.4321623617,0.3358875566,0.3242878996,0.5279755757,0.8189897403,0.7384750982
170,1,1,1,1,1,0.3196377782,0.6963363004,0.580725731,0.3663232692,0.3662036617,0.5073807717,0.4204193812,0.3315541113,0.8313147467,0.2895598725,0.7246467987,0.4321187242,0.3363358301,0.3245728083,0.5292733842,0.8189375436,0.7394662342
170.5,1,1,1,1,1,0.3191652884,0.6961574667,0.5830831714,0.3670663021,0.3650353506,0.5061998533,0.42028063,0.3311828476,0.8315646931,0.2903124196,0.7259903935,0.4323642029,0.3351072591,0.3217516796,0.5290050439,0.8189077614,0.7384959606
171,1,1,1,1,1,0.3191806691,0.6956058815,0.5825814631,0.365410804,0.3648447467,0.5057942754,0.4205092796,0.3321690684,0.832904144,0.2926541234,0.7267409859,0.4294476166,0.3340631985,0.3213986312,0.5272718369,0.8189636654,0.7399319174
171.5,1,1,1,1,1,0.3162506129,0.6936741581,0.5857602464,0.3671270499,0.3639786419,0.5061945192,0.4187346001,0.3301802001,0.8329923083,0.2954308685,0.7276360167,0.4276969665,0.3330441257,0.3239667581,0.525775953,0.8194401486,0.7398173311
172,1,1,1,1,1,0.3195743482,0.6912598268,0.5848835077,0.3655656143,0.3645402972,0.509561116,0.4180345506,0.32911875,0.8324580032,0.2967821802,0.7275662624,0.4296087438,0.3308717848,0.3237173967,0.5275212045,0.8194752732,0.7400339094
172.5,1,1,1,1,1,0.3210985477,0.6925876963,0.5843616816,0.3643200188,0.3654609121,0.5087637571,0.419592725,0.3289443993,0.832258218,0.2965954337,0.7266843391,0.4291220098,0.3301817454,0.3244586034,0.5261568573,0.8188644601,0.7400851848
173,1,1,1,1,1,0.3207147565,0.6950477575,0.5840919239,0.3638505502,0.3650777961,0.5101550029,0.4204820147,0.3288130198,0.8331523072,0.2974942122,0.7269688463,0.4271143881,0.3314588198,0.325525325,0.5244541246,0.8198233908,0.7378512417
173.5,1,1,1,1,1,0.3222225939,0.6967799196,0.5851988149,0.3638350464,0.3651496886,0.5085186377,0.41752498,0.3297512662,0.8314072301,0.2980256315,0.7281557241,0.4279878072,0.3280843796,0.3243554881,0.5277256142,0.8184706075,0.7413323893
174,1,1,1,1,1,0.3209330676,0.6958939542,0.5834872167,0.3610677199,0.3633823894,0.5037074893,0.4179554505,0.3283687391,0.8314717016,0.2969573345,0.7283141457,0.429416789,0.3294574332,0.3265560036,0.5289871943,0.8177765851,0.7412904677
174.5,1,1,1,1,1,0.319980314,0.6947827902,0.584070685,0.3621158975,0.3637763807,0.5039342277,0.4179414299,0.3276131068,0.8319220733,0.2945720524,0.7301554758,0.4288800647,0.329318298,0.3289705916,0.5293079356,0.8195812568,0.7397781461
175,1,1,1,1,1,0.3200915774,0.6941093479,0.5834731902,0.3632031311,0.3612191877,0.5059517772,0.4166042303,0.3275802176,0.8336361745,0.2923251564,0.7281112144,0.4285942576,0.3278201236,0.3287013704,0.5306960337,0.8208765311,0.7405494505
175.5,1,1,1,1,1,0.3190805642,0.6938329753,0.5865710462,0.3651194013,0.3608398612,0.5075072589,0.4188148087,0.3260340251,0.8335076521,0.2909757741,0.729966649,0.4276961409,0.3258008165,0.3302735339,0.5326053603,0.8201598486,0.7423542536
176,1,1,1,1,1,0.3212357668,0.6932415261,0.5859272192,0.3624589733,0.3621247357,0.5077577205,0.4176560799,0.3266544351,0.8338283994,0.2882827612,0.7309536053,0.4279660856,0.3267938225,0.329536704,0.5351735521,0.8213191719,0.7431478304
176.5,1,1,1,1,1,0.3213353915,0.6937575121,0.5881014076,0.3634600809,0.3623592456,0.5060572454,0.419253901,0.327785813,0.8354866722,0.2878644945,0.7297515722,0.427514885,0.3257545343,0.3275592374,0.5363766482,0.8217568563,0.743222259
177,1,1,1,1,1,0.3219326232,0.6957480446,0.5876233898,0.3656158847,0.3607025008,0.507346453,0.4168898094,0.3274156142,0.8350991288,0.2894931676,0.7282610957,0.4271277947,0.3293302424,0.3251810315,0.5357112349,0.8217323471,0.7436225309
177.5,1,1,1,1,1,0.3217450789,0.6956421363,0.5858815984,0.3667340932,0.3601909572,0.507509134,0.4160079254,0.3250513528,0.8342070818,0.2890489273,0.7273225658,0.4289775995,0.3294167514,0.323569234,0.5330708658,0.8218745007,0.7431252183
178,1,1,1,1,1,0.3215561751,0.6965431618,0.5859328123,0.3659867431,0.3614310942,0.5057508096,0.4156568948,0.3264628604,0.8334992819,0.2881419891,0.7263925171,0.4292136326,0.3285741543,0.3240764596,0.5318772668,0.820903925,0.7427635808
178.5,1,1,1,1,1,0.3194082555,0.696909786,0.5831896045,0.3645049589,0.3629629536,0.5049016729,0.4180391137,0.3268881364,0.8332308141,0.2862531124,0.7258339055,0.4291610701,0.3274308266,0.3235932223,0.5319867816,0.822975456,0.7420911887
179,1,1,1,1,1,0.3186375031,0.6951775711,0.5826502297,0.36604285,0.3629839213,0.5065127599,0.4162852744,0.3264122493,0.8349069677,0.2860277562,0.7255274095,0.4289802445,0.3278342316,0.3222355528,0.5306578826,0.8239621223,0.7430799868
179.5,1,1,1,1,1,0.3194294221,0.6947594465,0.58320594,0.3661103477,0.3638259599,0.5049739324,0.4159015626,0.326957423,0.8356370648,0.2859900112,0.7232144531,0.4309195325,0.3289506706,0.3224965289,0.5276393454,0.8227270982,0.7434087542
180,1,1,1,1,1,0.3176628426,0.6959649799,0.5847941662,0.3638593874,0.3645102303,0.5044852445,0.417791308,0.3260733599,0.835294017,0.2843978787,0.7223905484,0.4281866898,0.331856455,0.3228206486,0.5293029219,0.8220341249,0.744601941
180.5,1,1,1,1,1,0.3185000003,0.6966918049,0.58465658,0.366323559,0.3630621439,0.507501929,0.4188385441,0.3267040104,0.8351277149,0.2848821812,0.7229012645,0.4285217016,0.3314860518,0.3225318146,0.5273908437,0.8216450586,0.7442177227
181,1,1,1,1,1,0.3204256141,0.6977261933,0.5856552431,0.365290704,0.3632118361,0.5055678563,0.4163834036,0.3247232539,0.8352788686,0.2871577876,0.7250273341,0.4287283095,0.3313215942,0.3224830821,0.5277184623,0.8211749083,0.7449176684
181.5,1,1,1,1,1,0.3203236139,0.6990201616,0.5868627285,0.3665927548,0.3644698386,0.5050452224,0.416245061,0.3249489567,0.8334153694,0.2880772777,0.7235675116,0.4301646282,0.3322117388,0.3240366502,0.5293976634,0.8216028769,0.7478763659
182,1,1,1,1,1,0.3180251095,0.6962816082,0.5882007882,0.3647309203,0.3651882545,0.5079876328,0.4174810437,0.3260433376,0.8351234701,0.2881746909,0.7231177495,0.4323397475,0.331017854,0.3234445032,0.5308520395,0.8207182903,0.7449212129
182.5,1,1,1,1,1,0.3184253036,0.6936235239,0.5894153815,0.3655511789,0.3627083212,0.5082775425,0.4192060169,0.32909196,0.8346620984,0.2883458136,0.7251495772,0.4338368662,0.3307167115,0.3239182413,0.5302586463,0.81877069,0.7443895834
183,1,1,1,1,1,0.3189584003,0.6928086936,0.587715864,0.3675191764,0.3647164242,0.5081396318,0.4194142069,0.330057238,0.8360257547,0.2921006015,0.7257552029,0.4339216596,0.3305328872,0.322301843,0.5319800894,0.8184077567,0.7435883457
183.5,1,1,1,1,1,0.3200215789,0.6929139552,0.5841863705,0.3684335782,0.3642059992,0.5091781066,0.4212021822,0.3313279735,0.8363503399,0.2956557537,0.7247559072,0.4325524412,0.3309195052,0.3254761198,0.5314228603,0.8175684414,0.7420674971
184,1,1,1,1,1,0.3199357227,0.69554366,0.5842805903,0.3659306041,0.362753148,0.5099069138,0.4222836978,0.3298455224,0.8366328402,0.2933230945,0.7263641878,0.4339479061,0.328666367,0.3260201271,0.5310991915,0.8188955263,0.7433569628
184.5,1,1,1,1,1,0.3215343437,0.6938038308,0.5860324438,0.3658058141,0.3625120247,0.5077053195,0.4212661509,0.3286780546,0.8364665438,0.290752921,0.72535699,0.432643498,0.3273503352,0.3244118835,0.5301262313,0.8188506392,0.7439115496
185,1,1,1,1,1,0.3199328877,0.6924935957,0.5853069942,0.3645850999,0.3602059558,0.5068270295,0.421965862,0.3302678476,0.8349566836,0.2928241541,0.7267868937,0.4339350098,0.3281818278,0.3260219586,0.5286586077,0.8183998161,0.7447222429
185.5,1,1,1,1,1,0.3197175777,0.6948110679,0.5844617239,0.3642041067,0.3607955655,0.5078202528,0.4226525659,0.3306050121,0.8341008614,0.2943019667,0.7256930142,0.4351163695,0.3270016183,0.3264753901,0.524421985,0.8180843588,0.747737607
186,1,1,1,1,1,0.3201048316,0.6925618336,0.5816679956,0.3665899927,0.3612747738,0.5107270845,0.4216561323,0.3290835167,0.8341376726,0.292811057,0.7269337319,0.4360058506,0.3259967454,0.3268229242,0.5257418374,0.820373154,0.7453114049
186.5,1,1,1,1,1,0.3224244654,0.6955202485,0.5842926659,0.3648448032,0.362917567,0.5114647139,0.4214449322,0.3300039694,0.8331973445,0.2924689586,0.7277164892,0.4334890416,0.3285670086,0.3251838466,0.5259857262,0.8214468019,0.7442920192
187,1,1,1,1,1,0.322942091,0.6948384041,0.5829430997,0.3655166954,0.3639522973,0.5097938268,0.4241168943,0.3298983826,0.8337132631,0.2928712066,0.7310765445,0.4332202856,0.3285328278,0.3239320389,0.524270901,0.8229556308,0.7447148043
187.5,1,1,1,1,1,0.3221379319,0.6939433527,0.5854733433,0.365033082,0.3605762521,0.5072179095,0.4202298668,0.3279572975,0.8328221886,0.2936341155,0.7285281051,0.4306428896,0.3290533673,0.3223481984,0.5251731481,0.8222805938,0.7450948384
188,1,1,1,1,1,0.3222189064,0.6959568828,0.5852268102,0.3659114538,0.360459186,0.5079410214,0.420081543,0.3290845201,0.8325643924,0.2940052573,0.7309548648,0.4292463009,0.3276569804,0.3236684685,0.5249342848,0.8236914056,0.747365909
188.5,1,1,1,1,1,0.3229445773,0.6970629591,0.5848382229,0.3646413488,0.3612974552,0.5082352035,0.417849103,0.3297558288,0.8334136869,0.2911338485,0.7317863195,0.4299584023,0.3284072086,0.3241894043,0.5256435699,0.8235158157,0.7466538288
189,1,1,1,1,1,0.3210979013,0.6956213811,0.5836041409,0.3672513371,0.3622340192,0.5088543588,0.4203539209,0.3288562576,0.8332164919,0.2893309262,0.7325349828,0.4317829454,0.3252282461,0.3251292191,0.5262458649,0.8240836221,0.7422552685
189.5,1,1,1,1,1,0.3203547268,0.6953699971,0.5824054976,0.3662119672,0.3630848888,0.5100742138,0.4175240271,0.3293955444,0.8341300393,0.2914223987,0.7312250016,0.4339415158,0.3266844207,0.3242050751,0.526216889,0.82256561,0.7422103884
190,1,1,1,1,1,0.3209315432,0.6968992591,0.5819645891,0.3669401606,0.3635625855,0.5099846188,0.4177884907,0.3273958634,0.8325158748,0.2915176654,0.7284277076,0.4321643164,0.3285468585,0.3240307662,0.5270375773,0.8233426932,0.7407484516
190.5,1,1,1,1,1,0.3206326506,0.6956966481,0.5845671316,0.3650195424,0.364539476,0.5102515804,0.4173723673,0.328079454,0.8316333227,0.2915313432,0.728977131,0.4315956695,0.3310304562,0.3248734915,0.5270784376,0.8227715725,0.7392027321
191,1,1,1,1,1,0.3200820867,0.6950386084,0.5861235781,0.3667045051,0.3662634893,0.5081411503,0.414278984,0.3309561754,0.8318844412,0.2915209644,0.727543215,0.4290068433,0.3317252742,0.323530548,0.5276516287,0.820611121,0.7404189092
191.5,1,1,1,1,1,0.3195671299,0.6949982171,0.5856067289,0.364354717,0.3648398779,0.5093584072,0.4168627214,0.3282211962,0.8330753033,0.293396707,0.7250654953,0.4298351559,0.3328816718,0.3244776153,0.5290193918,0.8209963096,0.7392396088
192,1,1,1,1,1,0.3219438818,0.6937500634,0.5854789339,0.3645241553,0.364178579,0.5079251734,0.4199014982,0.3275601846,0.8343751871,0.2928440219,0.7270094916,0.4297971848,0.3364287082,0.3243508485,0.5272782735,0.820405878,0.7414230947
192.5,1,1,1,1,1,0.3220020815,0.6933702777,0.5848015476,0.3646349741,0.3625283485,0.5102508967,0.4206283518,0.3312268576,0.8352105615,0.293399486,0.7275979575,0.430100815,0.3342270325,0.3248992995,0.5286530382,0.820424972,0.7421631915
193,1,1,1,1,1,0.3211177342,0.6955741456,0.5853427671,0.3662112017,0.3616510833,0.5103231848,0.4239711585,0.3326546036,0.8348730899,0.2925437246,0.7282369073,0.4309837039,0.3297348564,0.3248332287,0.5297208715,0.8218875508,0.7423191307
193.5,1,1,1,1,1,0.3205980114,0.6933273696,0.5873139088,0.3647163304,0.3602150235,0.5107209174,0.4222335291,0.33219325,0.8354095552,0.2924221049,0.7292289727,0.4329369801,0.3321362628,0.3258586342,0.5313592396,0.820987578,0.7439655295
194,1,1,1,1,1,0.3221502066,0.6936959739,0.5831023969,0.3635061486,0.362594276,0.5083783322,0.4215224244,0.3298300669,0.8344919178,0.2933462089,0.7258228897,0.4320957784,0.3345375245,0.3237070163,0.5315154482,0.8182942823,0.7443413039
194.5,1,1,1,1,1,0.3226855425,0.6943857299,0.5845966554,0.3623292807,0.3634268054,0.5112343524,0.4199411593,0.3299703961,0.8345362929,0.2924858492,0.7258062836,0.432044716,0.3331860852,0.323384501,0.5316748754,0.816691275,0.7418010576
195,1,1,1,1,1,0.3208468751,0.694784639,0.5863498468,0.3616874707,0.3646449785,0.5106356855,0.4202368534,0.3303199479,0.8321921435,0.2913775023,0.7258874326,0.4318234974,0.3316769129,0.3234942527,0.5336803946,0.8180713172,0.7397567562
195.5,1,1,1,1,1,0.3189423198,0.6954542908,0.5864957668,0.3620878224,0.3652955751,0.507898065,0.4208402021,0.3310622355,0.8339077569,0.2926456248,0.7261695413,0.431883875,0.3290931156,0.3259840909,0.5353927298,0.8162535467,0.7413738222
196,1,1,1,1,1,0.3201032156,0.6963876646,0.5846672673,0.3632963728,0.3626670531,0.5052580877,0.4196911081,0.3331589642,0.8341663819,0.2932317811,0.7253409531,0.4302289543,0.3307459026,0.3253316853,0.5331251899,0.8162839535,0.7414474597
196.5,1,1,1,1,1,0.3223755372,0.6952999626,0.5848954354,0.3664033428,0.364653454,0.5046120542,0.4179682428,0.3331948143,0.8324783587,0.292762687,0.7248665546,0.4312216311,0.3304161739,0.3271756917,0.5314272582,0.8160531829,0.7418349478
197,1,1,1,1,1,0.3226460648,0.6931280653,0.5862573492,0.3655412899,0.365051946,0.5076374255,0.4176797633,0.3343965819,0.8321758522,0.2934976605,0.7251186634,0.4302191615,0.3297298937,0.3246414693,0.5289429911,0.816440484,0.7417945954
197.5,1,1,1,1,1,0.3220486828,0.6942914267,0.5833408433,0.3664629542,0.3632352933,0.5068682163,0.4197153669,0.3327515105,0.8341324157,0.2933422818,0.7273944474,0.4282028964,0.3300315447,0.3265968057,0.52952829,0.8168079291,0.741828979
198,1,1,1,1,1,0.3215227696,0.6947332798,0.5830277727,0.3668299794,0.359790978,0.5080313115,0.4198330528,0.3346311235,0.8337511913,0.2929440183,0.7273500959,0.4281222973,0.3307914252,0.324784111,0.5307674886,0.8169285367,0.7409588624
198.5,1,1,1,1,1,0.3193550338,0.6933198629,0.5823285582,0.3652282624,0.3600490551,0.5056673735,0.4179075389,0.331314118,0.8353160936,0.2934870889,0.7291841983,0.4284656795,0.3334120084,0.3233226269,0.5305735652,0.8186754602,0.7421569909
199,1,1,1,1,1,0.3206752282,0.6927010453,0.5826797029,0.3652576899,0.362079818,0.5050295916,0.4166724089,0.33053362,0.8345938243,0.293395045,0.7307156896,0.4302682014,0.3328834335,0.3265407429,0.5315793088,0.8183977793,0.7416369553
199.5,1,1,1,1,1,0.3189764719,0.6926226337,0.5843322983,0.3668536171,0.363098167,0.5071444826,0.4176272787,0.3316924394,0.8337897579,0.2935195656,0.7310053557,0.4306252367,0.3333178474,0.3266956332,0.5319624315,0.8186927718,0.7392711015
200,1,1,1,1,1,0.3173688293,0.6929960971,0.5866419511,0.3668972036,0.3629989017,0.5061772434,0.4179892765,0.329751428,0.8335472662,0.2926199659,0.7299817891,0.4300562167,0.3325520404,0.3266263812,0.5344840486,0.8179660293,0.739216442
200.5,1,1,1,1,1,0.3193929886,0.6920983143,0.5856302684,0.3657221705,0.3636914984,0.5077722628,0.4197062757,0.3296978403,0.8343310281,0.2935466532,0.7301595246,0.428550212,0.3332739551,0.3258921154,0.5347449042,0.8195399364,0.7383978446
201,1,1,1,1,1,0.3193289846,0.6933099044,0.5852038064,0.3668406784,0.3631558465,0.5087217279,0.4220611934,0.3280553575,0.8340569336,0.2924403537,0.7300955018,0.4287634291,0.3312369344,0.3277059623,0.5361223132,0.8179503291,0.7389297608
201.5,1,1,1,1,1,0.3201145216,0.6920524804,0.5852999782,0.3653256601,0.3602807853,0.5067876592,0.4213089729,0.3269903666,0.8341015113,0.2944294214,0.7319536292,0.4293143861,0.3326483377,0.3269491466,0.5345896433,0.8180018948,0.7376732757
202,1,1,1,1,1,0.3184312745,0.6940272509,0.5866928641,0.3637143706,0.3594978399,0.5052200632,0.420390168,0.3254875786,0.8328522559,0.2946145117,0.7322786947,0.4296377401,0.3297824746,0.3264562862,0.5349971173,0.8182094944,0.7390797347
202.5,1,1,1,1,1,0.3186196872,0.69477544,0.5880966593,0.3640205949,0.3591830044,0.501740295,0.4198829293,0.3285495578,0.8336576287,0.2968844281,0.7337908384,0.429692501,0.3316475336,0.3270962867,0.5342773213,0.8187443413,0.7408561114
203,1,1,1,1,1,0.3199231325,0.694305599,0.5841412648,0.3632306305,0.360187714,0.5026824852,0.417990573,0.3292620208,0.834058476,0.2948718748,0.7330995903,0.4314764715,0.3315805254,0.3239785627,0.5338258441,0.8177472827,0.7419618218
203.5,1,1,1,1,1,0.320572642,0.6932858713,0.5817452867,0.3636097161,0.3587724224,0.5024378218,0.4206646123,0.3297936747,0.8346361984,0.2922083328,0.7316386567,0.4313199028,0.3308844706,0.3247036488,0.5347554434,0.8181040618,0.7406283952
204,1,1,1,1,1,0.3187630495,0.6953618333,0.5816617486,0.3633144056,0.3625594441,0.5015688222,0.4201575785,0.3302576182,0.8342467735,0.2902326071,0.7310755352,0.4305125044,0.3321507456,0.3259642534,0.5355183369,0.8171171933,0.7417186356
204.5,1,1,1,1,1,0.3187587744,0.6947140739,0.5834670324,0.3637935199,0.3641088131,0.5033611946,0.4185614304,0.3314372708,0.8332288197,0.2912864368,0.7301962024,0.4319140804,0.3331468413,0.3253365103,0.5356991686,0.8169338736,0.7410975678
205,1,1,1,1,1,0.3185569122,0.6953076856,0.5812815175,0.3634830649,0.3623133503,0.5036011581,0.4174726501,0.3308884985,0.8336418509,0.2922926086,0.7288600187,0.4335034778,0.335364568,0.3254150313,0.5345509094,0.8168439205,0.7409630715
205.5,1,1,1,1,1,0.320469037,0.6943886062,0.5817504246,0.3624269252,0.3616236644,0.5052604248,0.4179054444,0.3318201184,0.8330200011,0.2914136126,0.7287837902,0.4303755772,0.3356059035,0.3274345816,0.5327585615,0.817196971,0.7396766857
206,1,1,1,1,1,0.3217267158,0.6944509954,0.5845451946,0.3625649337,0.3638547107,0.5060933189,0.4151689842,0.3322813609,0.8342050717,0.2916257905,0.7284415789,0.4291259078,0.3352219588,0.323825917,0.5301922245,0.8166125591,0.7378924031
206.5,1,1,1,1,1,0.3194586213,0.694056547,0.5834067912,0.3634391443,0.3619496122,0.5076735501,0.4147845386,0.3308225441,0.8349747499,0.2927277118,0.7295594704,0.4294918404,0.3365921154,0.3226333227,0.5322510126,0.8176850103,0.737347778
207,1,1,1,1,1,0.3211468104,0.6934129268,0.5852385105,0.3641458359,0.3612869012,0.5040112667,0.4168579509,0.3294023153,0.8349963001,0.2931815258,0.7268730694,0.4260109106,0.3330282742,0.3232429575,0.5336258923,0.8174799934,0.7380901301
207.5,1,1,1,1,1,0.3211619089,0.6949810167,0.5860211304,0.3665164186,0.3616020811,0.5026679585,0.4180187903,0.3283494176,0.8346183595,0.2932498138,0.7273578808,0.4276012401,0.3322789822,0.3237131833,0.5309367386,0.818745433,0.7378831229
208,1,1,1,1,1,0.32152903,0.6963224146,0.5859931708,0.3658502445,0.3645675841,0.5050191946,0.4192812067,0.3290255971,0.8334065834,0.2936225707,0.7277227509,0.4288240217,0.3312672086,0.3226947284,0.5321525776,0.8175186535,0.7384971478
208.5,1,1,1,1,1,0.3211251459,0.6944382584,0.5873464988,0.3652672423,0.3656591676,0.5051476065,0.4188000837,0.3284357294,0.8332418657,0.2923967904,0.7297351542,0.4282609673,0.3308906527,0.3245545613,0.5311227029,0.817953603,0.7373456592
209,1,1,1,1,1,0.3229763527,0.6932338353,0.5862409947,0.3654128188,0.3644772566,0.5040615838,0.4155036023,0.3276031744,0.8333949879,0.2924163716,0.7310901817,0.4297345143,0.3313435727,0.3252990999,0.5319241307,0.817365246,0.7413817706
209.5,1,1,1,1,1,0.3225476443,0.6929225055,0.5837966175,0.3662251822,0.3633134779,0.5044785402,0.4156670257,0.3267201476,0.8330224629,0.2915596522,0.7293862903,0.4284423637,0.3304050341,0.3253995092,0.5326286215,0.819102151,0.7387907667
210,1,1,1,1,1,0.3216327845,0.6929621828,0.5848796074,0.3649619391,0.3644015339,0.5039431892,0.416301374,0.3244967604,0.8332766343,0.292410324,0.7276395872,0.4264555217,0.3270070445,0.3240928063,0.53328071,0.8185232577,0.7385717937
210.5,1,1,1,1,1,0.3198208077,0.6934723238,0.584372806,0.365141086,0.3619976174,0.5054265977,0.4120299049,0.3250133961,0.8332633649,0.2913746738,0.7293984612,0.4277267148,0.3289774541,0.3255646464,0.5308866795,0.8199153664,0.7347928135
211,1,1,1,1,1,0.318812586,0.6951943934,0.5860428929,0.3661482711,0.3627156151,0.5057341375,0.4142605996,0.323550585,0.8323620945,0.2892913838,0.7282082229,0.4295370178,0.3304413081,0.3250271332,0.530884336,0.8195424328,0.7358963038
211.5,1,1,1,1,1,0.317902133,0.6956157962,0.5857628403,0.3654393323,0.3630146804,0.505330362,0.4126181956,0.3229763451,0.8336616165,0.2871861694,0.7266742262,0.4291356467,0.3299876248,0.3231457973,0.5303750821,0.8186424218,0.7359875572
212,1,1,1,1,1,0.3196731535,0.6961371066,0.5843636046,0.3680187729,0.363312965,0.5071935084,0.4147446068,0.3235248045,0.8330423887,0.2848182305,0.7263943692,0.431632847,0.3294544244,0.3231100203,0.5305701386,0.8187275558,0.7340413244
212.5,1,1,1,1,1,0.319437992,0.6945613601,0.5858800598,0.3680441214,0.3623924836,0.5063614487,0.416855438,0.3269157663,0.833587943,0.2868843977,0.7264563869,0.4328379024,0.3302425039,0.3235904277,0.5324151274,0.8178790454,0.7320488788
213,1,1,1,1,1,0.3183812982,0.6935574881,0.5876908509,0.3659439276,0.3612647252,0.5055428673,0.4159774122,0.3246335727,0.831818143,0.2870802958,0.7267319779,0.4305737698,0.332439257,0.3235733938,0.534436709,0.8169935148,0.7332040217
213.5,1,1,1,1,1,0.321289646,0.6935242725,0.586537511,0.3679246852,0.3628284214,0.5066663739,0.4177291431,0.3273781886,0.8321512065,0.2857941263,0.725077757,0.4313434245,0.3333084317,0.3234274095,0.5368519181,0.8175748472,0.7345681705
214,1,1,1,1,1,0.3220968444,0.6926715361,0.5881634886,0.3685667882,0.3617512218,0.5066687579,0.4193240706,0.3250933643,0.8332490474,0.2854200877,0.7274742275,0.432857694,0.3303213592,0.322995032,0.5333429575,0.8186921197,0.7315298635
214.5,1,1,1,1,1,0.3207139126,0.6922294024,0.585878548,0.3670671904,0.3605821578,0.5063452332,0.4183477826,0.3269258451,0.8348591089,0.2866281888,0.7282010421,0.4334468833,0.3309548198,0.3244009271,0.534113457,0.8186079378,0.7319650117
215,1,1,1,1,1,0.3204190906,0.692553719,0.5851727877,0.3646882049,0.3626477458,0.5086964856,0.4198616583,0.3266805676,0.8337119492,0.2878454683,0.7299861792,0.4324672163,0.3301678544,0.3210794271,0.5355097727,0.8187313921,0.7309991409
215.5,1,1,1,1,1,0.3207787086,0.695161736,0.5833745942,0.3625852336,0.3619001598,0.5089395897,0.4205171653,0.3296073462,0.8330926235,0.2879602196,0.7282665903,0.4314747076,0.327651979,0.3231841576,0.532362534,0.8183304098,0.730978362
216,1,1,1,1,1,0.3211889249,0.6946748608,0.5821551975,0.3621861977,0.3619975327,0.5089317653,0.4205399796,0.3335941748,0.8329403369,0.2887023778,0.7251021956,0.4316400815,0.326832979,0.3217233487,0.533174616,0.8195287387,0.7337901232
216.5,1,1,1,1,1,0.3199165277,0.6918594588,0.579676996,0.3598163358,0.3606833967,0.5068904186,0.4194991515,0.3317500008,0.8322490287,0.2913261622,0.7265684046,0.4325359576,0.3268519712,0.3198637805,0.5309880992,0.8195355933,0.7346420343
217,1,1,1,1,1,0.3220461105,0.6935104874,0.5823871802,0.3617829777,0.3630386316,0.5035750986,0.4209534538,0.3321014329,0.8339138273,0.2924146088,0.7273493915,0.4312602347,0.3293872504,0.3176858185,0.5262822,0.8201275114,0.7354655478
217.5,1,1,1,1,1,0.3211804627,0.6947133619,0.5838976353,0.3625951225,0.3615990122,0.5050920028,0.4217479078,0.3317166424,0.8339517122,0.2901714605,0.7262943752,0.4309023029,0.3276998394,0.3174007502,0.5268941668,0.8191032877,0.7372837461
218,1,1,1,1,1,0.3223398586,0.6943597356,0.5834063806,0.3637662188,0.3613917463,0.5052611689,0.419953688,0.3326217036,0.8346360745,0.2909427662,0.726306322,0.4306359107,0.327153512,0.3183889324,0.5274373178,0.8191021645,0.7351146082
218.5,1,1,1,1,1,0.3207978055,0.6954695008,0.5839546906,0.3633312857,0.3614696248,0.5064619577,0.4194943973,0.332237721,0.8337860874,0.2912762603,0.7299885053,0.4307007953,0.3305038364,0.3187100443,0.5297206757,0.8188044757,0.7363442115
219,1,1,1,1,1,0.321503022,0.6991056572,0.5816083479,0.3660150406,0.361724981,0.5044042525,0.4173138736,0.3323770705,0.8345049114,0.2920258595,0.7304450179,0.4328487865,0.3317996384,0.3211155059,0.5287538862,0.8181031683,0.7346713304
219.5,1,1,1,1,1,0.321714257,0.6980903414,0.5830004516,0.3658156065,0.3630439211,0.5086944684,0.4180455108,0.3299851296,0.8338294364,0.2927830137,0.7303650961,0.431022162,0.3320760207,0.3226654696,0.5276141435,0.8181207839,0.7355895721
220,1,1,1,1,1,0.320845713,0.696161338,0.5832762585,0.3655916371,0.3634700579,0.5056175638,0.415234374,0.3297844086,0.8338178233,0.2935968314,0.7309669306,0.4300206292,0.3325497044,0.3225474829,0.5286851894,0.8178681743,0.7339363171
220.5,1,1,1,1,1,0.3188596126,0.6954956629,0.5835680968,0.3665223032,0.3613005038,0.5073757558,0.4163171131,0.3280228912,0.8333145381,0.2939394371,0.7319078187,0.4292346959,0.3324314662,0.3228536591,0.5291829016,0.8170642214,0.7351907148
221,1,1,1,1,1,0.3196413323,0.6942432153,0.5832321699,0.364719629,0.3597316462,0.5078196598,0.4156178689,0.3287778565,0.8320231994,0.2916052778,0.7331271022,0.428458926,0.3323000791,0.3242687859,0.5284155465,0.8171854983,0.7358415708
221.5,1,1,1,1,1,0.3178962199,0.6955516353,0.5818869746,0.3656306,0.3602068519,0.5057921988,0.4148721213,0.3297182846,0.8324948451,0.2918831331,0.7344576478,0.4280344315,0.3335933474,0.3235092943,0.5311965453,0.818664598,0.7386712225
222,1,1,1,1,1,0.316433556,0.6948600355,0.5832434815,0.365255763,0.3609018227,0.5072040216,0.4150263252,0.332950228,0.8335362302,0.2937624554,0.7360209977,0.4291612731,0.3324840429,0.3249908296,0.5318658065,0.8191317575,0.7379614893
222.5,1,1,1,1,1,0.3165000176,0.6945031194,0.5834219583,0.366567435,0.3611334699,0.5069443344,0.414873498,0.3316727687,0.8345973886,0.2949328136,0.7325875248,0.4302759805,0.3309643997,0.3246296879,0.5328392903,0.8197900862,0.7399062797
223,1,1,1,1,1,0.3173667979,0.6944778599,0.5868739941,0.3641839784,0.3625425408,0.5074527202,0.4188896962,0.3304480239,0.8342403349,0.2930152587,0.7326302652,0.4306846916,0.3296140274,0.325328315,0.5331019141,0.8177467088,0.7393448134
223.5,1,1,1,1,1,0.315115059,0.6958857363,0.5859779726,0.3645161031,0.3621378317,0.5081737682,0.4188296189,0.3285032397,0.8345859775,0.2929679594,0.7334757799,0.4323742411,0.3276923976,0.3248298004,0.5335206507,0.8182579838,0.7392131793
224,1,1,1,1,1,0.3174815187,0.6976725633,0.5884861995,0.3662011951,0.362314736,0.5081214646,0.4203744972,0.3275631301,0.8350041428,0.2931613421,0.7330127341,0.4334358571,0.3299981195,0.3231092767,0.5338426223,0.8190675873,0.7378633177
224.5,1,1,1,1,1,0.3201945107,0.6960919972,0.5870836955,0.3658263625,0.3606085746,0.5071560189,0.4225707371,0.3289447009,0.8343841593,0.2942394146,0.7328745932,0.4364334497,0.3298664184,0.3223372449,0.5326500769,0.8170867567,0.7404324278
225,1,1,1,1,1,0.3230644669,0.6964569702,0.588391406,0.3661324296,0.3614799179,0.5066132827,0.4194677238,0.3295207313,0.834198365,0.2920625663,0.7336221736,0.435097141,0.33048579,0.3221100476,0.5324759865,0.8166443245,0.7403170561
225.5,1,1,1,1,1,0.3225662642,0.6946102386,0.5862873698,0.3685686989,0.3633709673,0.507673255,0.4202524707,0.3294257049,0.8337859319,0.290861492,0.730368683,0.4350711903,0.3295415384,0.3226421532,0.5323513948,0.8177600072,0.7362639206
226,1,1,1,1,1,0.3235805101,0.6942456436,0.5860210266,0.3672124658,0.3620799024,0.5078081287,0.4207591964,0.3305568293,0.8319937711,0.2910069617,0.7303168594,0.4357819295,0.3300621253,0.3224612474,0.5324202913,0.8187232672,0.7383591373
226.5,1,1,1,1,1,0.3230313322,0.6950082243,0.5854739038,0.3659045504,0.3637873772,0.5086738676,0.4193230679,0.3303963701,0.8320544303,0.2917555416,0.7266878163,0.4335605121,0.3300342956,0.3230575868,0.5345181745,0.8185292844,0.7390103525
227,1,1,1,1,1,0.321912663,0.6951955637,0.5880789563,0.3670352313,0.3625654825,0.5095194455,0.4201364762,0.331686741,0.8324781843,0.2900004973,0.7285811871,0.4305704247,0.3298037936,0.3219186187,0.5350399965,0.8187433382,0.738881988
227.5,1,1,1,1,1,0.3199522846,0.692305812,0.5853680835,0.3664764945,0.3621514477,0.5066459391,0.4194001924,0.3335464067,0.8333492226,0.2895067684,0.7313593216,0.4311316328,0.3292879025,0.3227949369,0.5331818527,0.8196923921,0.7397123514
228,1,1,1,1,1,0.3216762809,0.6937113082,0.585642628,0.36736311,0.3624360258,0.5046106172,0.417584415,0.3333166377,0.8339145556,0.2898243894,0.7338066388,0.4312910348,0.3282909004,0.3205498206,0.5314514518,0.8194782707,0.7421648323
228.5,1,1,1,1,1,0.3218747844,0.695082709,0.5852076005,0.3683234367,0.3633180744,0.5056610619,0.4171176182,0.332353252,0.8336099944,0.2918477479,0.7356537936,0.4310987458,0.3287558085,0.3229151334,0.5306680849,0.8195861725,0.7409662838
229,1,1,1,1,1,0.3223558006,0.6980908808,0.583220707,0.3684724561,0.3629461214,0.5083002978,0.4166140048,0.3327329059,0.8323298185,0.2937058431,0.7339974546,0.430640443,0.3310140463,0.3249476534,0.5279039989,0.8214786996,0.7401035715
229.5,1,1,1,1,1,0.3228631829,0.6951252534,0.5852479387,0.3677939896,0.3649480861,0.5079109454,0.4164485955,0.334785591,0.8317440738,0.2917971854,0.7363678147,0.4325691287,0.3306668214,0.3227581819,0.5278299167,0.8226464492,0.7381514164
230,1,1,1,1,1,0.3212528921,0.6950659291,0.5831507908,0.3651058746,0.3643759322,0.5075600169,0.4178329066,0.3353349851,0.8322058009,0.2901079113,0.7360995428,0.432505679,0.328921198,0.3215861769,0.5262362522,0.82244233,0.7378805302
230.5,1,1,1,1,1,0.3218779259,0.6959247705,0.5850065377,0.3684097196,0.3636840387,0.5100429894,0.4182815145,0.3318015501,0.8308557495,0.2922012576,0.7351994532,0.4303294352,0.3296584985,0.3219376067,0.5305772722,0.8232306693,0.7404963062
231,1,1,1,1,1,0.320471632,0.697036565,0.5845276269,0.3657962809,0.3629921419,0.5112818047,0.4177289789,0.3314844729,0.8304282479,0.291404412,0.7368121018,0.4313497117,0.3318810115,0.3227483112,0.5271229991,0.8251580085,0.7390589381
231.5,1,1,1,1,1,0.3189628363,0.6979558158,0.5833050155,0.365442925,0.3619596947,0.5105880086,0.4175234411,0.3301209131,0.8305955916,0.2922370109,0.7377533539,0.4312541703,0.3332890245,0.3216509045,0.5296040451,0.8240675788,0.7390410621
232,1,1,1,1,1,0.3196603024,0.6969530581,0.5841698299,0.3642359774,0.3636921106,0.5076279677,0.4176256932,0.3285965827,0.8299271699,0.2916697428,0.7353306665,0.4337137893,0.3332338971,0.3234039973,0.5314480495,0.824604247,0.7383565607
232.5,1,1,1,1,1,0.3216039103,0.6972756339,0.5838306745,0.3635331752,0.3623006179,0.5078272609,0.4170624544,0.3309648779,0.8298070875,0.290557899,0.7366446283,0.4334588044,0.3351887949,0.3224884233,0.5319901554,0.823498112,0.7395425276
233,1,1,1,1,1,0.3197882443,0.697321978,0.5844683622,0.3638958215,0.3617321372,0.5073749073,0.4198973785,0.3280739802,0.8297309258,0.2891882152,0.7348267427,0.4332775337,0.3336967224,0.3200475704,0.5311451367,0.820590306,0.7398695984
233.5,1,1,1,1,1,0.3186674802,0.6982514023,0.583406239,0.3626714767,0.3610054153,0.5066376586,0.4174580611,0.3289313101,0.8305397853,0.2874713918,0.7345589989,0.4321171286,0.3321172451,0.3195078924,0.5313995684,0.8206472258,0.7387846842
234,1,1,1,1,1,0.3203877227,0.6960035004,0.5833749788,0.3629688592,0.3601153879,0.506041112,0.4164979755,0.3307387227,0.8320893663,0.288207623,0.736417093,0.4332144089,0.334420836,0.3203067762,0.5309183762,0.8211595005,0.7388744132
234.5,1,1,1,1,1,0.320010264,0.6947479921,0.5817163983,0.3630872318,0.3623962873,0.5055719571,0.4168962697,0.3330300276,0.8323910889,0.2884633689,0.7371864341,0.4331604978,0.3341782826,0.3189809805,0.5274464573,0.8207169353,0.7377484929
235,1,1,1,1,1,0.318516506,0.6964028267,0.582142628,0.3626825214,0.3609336902,0.5048140401,0.4170160825,0.330688308,0.8332256961,0.2908118834,0.7390543134,0.432567569,0.3321382129,0.3184945536,0.5277883671,0.8172786084,0.7371248608
235.5,1,1,1,1,1,0.3198325516,0.696785246,0.5820113604,0.3640051346,0.3601233751,0.5046122177,0.4164355581,0.3297248187,0.8334849504,0.2872280722,0.7390877685,0.4324951019,0.3323130548,0.3185230141,0.5273110575,0.8167497871,0.7347488751
236,1,1,1,1,1,0.3215232203,0.6956047744,0.5830864626,0.3634323397,0.3590403485,0.5043331671,0.4163207245,0.3297015901,0.8343643489,0.2894521288,0.7370174556,0.4306564902,0.3336559021,0.3186406512,0.5281876177,0.8164527526,0.7337846914
236.5,1,1,1,1,1,0.3193996282,0.694810853,0.5861765058,0.3640074668,0.3578675451,0.5062161673,0.4160319049,0.3285421125,0.83343351,0.290241674,0.7366118017,0.4301930271,0.3340896832,0.3200406199,0.5295045661,0.8172297502,0.7319693619
237,1,1,1,1,1,0.3201334536,0.693915714,0.5839742365,0.3663006345,0.3597372021,0.506198074,0.4148332739,0.3286980615,0.8324506569,0.2932211944,0.7354924799,0.4300252874,0.3334343673,0.3225460283,0.529501989,0.8179349168,0.7331459942
237.5,1,1,1,1,1,0.3214142624,0.6940980855,0.5854981389,0.3658301151,0.364342407,0.5060751605,0.4184812626,0.3303537308,0.8307311092,0.2926978884,0.7352154452,0.4312535984,0.3327534481,0.3231499647,0.5282244192,0.8170992521,0.7342936693
238,1,1,1,1,1,0.321499711,0.6935569392,0.5844816426,0.365589799,0.3656434607,0.5067704544,0.4175249784,0.3306631102,0.8304924087,0.2928934592,0.734478176,0.4307894756,0.3325217318,0.3229731038,0.5264821484,0.8162154365,0.7348421886
238.5,1,1,1,1,1,0.3186711562,0.6917576876,0.5844165679,0.3640994422,0.3628757467,0.5069783655,0.4174810031,0.328616729,0.8317873099,0.291641892,0.7320437582,0.4327153874,0.3328977694,0.3213979352,0.5259558948,0.8150255328,0.7349187142
239,1,1,1,1,1,0.3185210738,0.6907888166,0.5840743331,0.3655297551,0.3645457816,0.5042039181,0.4162104587,0.3288718419,0.8312091858,0.2908000437,0.7345194435,0.4330499983,0.3322636485,0.3225311353,0.5280371422,0.8158757312,0.7359068187
239.5,1,1,1,1,1,0.3194974018,0.6912575186,0.584207148,0.3657887237,0.3637861955,0.5057788044,0.4186852624,0.3297332493,0.8311656466,0.2907362677,0.7337203818,0.4329789285,0.334054206,0.3239129385,0.5285190646,0.8158652676,0.7352440584
240,1,1,1,1,1,0.3182325003,0.6933484434,0.5837108913,0.3655544027,0.3629158904,0.5053530024,0.4158280088,0.3287488349,0.8322897946,0.2904854865,0.734280005,0.4332635635,0.3346296997,0.3245450877,0.5313340243,0.8165197532,0.7325027949
240.5,1,1,1,1,1,0.3191938295,0.6932530663,0.5855549055,0.3662767658,0.3615732357,0.5071019801,0.417975753,0.3273103503,0.8334718739,0.2905343165,0.7328799667,0.4311232591,0.3355256143,0.323321407,0.530061237,0.8171902919,0.7322928608
241,1,1,1,1,1,0.3201261173,0.6932080015,0.5843307813,0.3657802098,0.3590954481,0.5074381715,0.4189336276,0.3268113807,0.8346657081,0.2887874582,0.7323460688,0.4326401929,0.3359542689,0.3260742793,0.5293988866,0.8191327053,0.7339663814
241.5,1,1,1,1,1,0.321745326,0.6946099627,0.584262451,0.3681780679,0.3608248152,0.5068599449,0.4235031923,0.3287718325,0.8342008146,0.2879153959,0.7277149233,0.432599257,0.3342837675,0.3256501788,0.5306252113,0.8210120684,0.7329438776
242,1,1,1,1,1,0.3220890388,0.6949111297,0.5818415327,0.3650619282,0.3625828314,0.5062043648,0.4249796113,0.3291283678,0.8345742787,0.2874953492,0.7276740026,0.4305901387,0.3351477336,0.326604996,0.5317923255,0.8207883061,0.7349536448
242.5,1,1,1,1,1,0.3209431371,0.6961521465,0.5859919398,0.3638047603,0.3635515015,0.5071226226,0.4226434727,0.332255458,0.8342650085,0.2888477784,0.7260787645,0.4300542363,0.3332281939,0.3226814633,0.5293143804,0.8228825472,0.7324496755
243,1,1,1,1,1,0.321412532,0.6946171166,0.5843492851,0.3649381431,0.3636563411,0.5050244479,0.4251165409,0.333018901,0.8333543706,0.2892303658,0.7285405135,0.4281746781,0.3293482948,0.3220173214,0.528745451,0.8222931542,0.7333555122
243.5,1,1,1,1,1,0.3205932676,0.6966233305,0.5856352689,0.3645801188,0.3631825971,0.5073275275,0.4218478354,0.3322606154,0.833785833,0.2860518538,0.7295957644,0.4267355522,0.3306447912,0.3223277719,0.5331266521,0.8222698868,0.7334373069
244,1,1,1,1,1,0.3206074029,0.6969704788,0.5853429578,0.3643644648,0.364408399,0.5056928782,0.4192461487,0.3324266953,0.835179399,0.2876209717,0.7298861909,0.4276160707,0.3318329055,0.3232544761,0.5336899311,0.8227292355,0.7349978371
244.5,1,1,1,1,1,0.3205492514,0.6959812668,0.583224876,0.3643424301,0.3655122345,0.5059561808,0.418649421,0.3319949989,0.8337419649,0.2879867865,0.7309528127,0.4275859757,0.3312633813,0.3228905068,0.5334313921,0.8226415341,0.7351231528
245,1,1,1,1,1,0.3191730106,0.695188002,0.5855412261,0.362905838,0.3633512444,0.5061947517,0.4199540396,0.3323059576,0.8349462348,0.2893990619,0.7318806084,0.4271339311,0.3323548067,0.3239220937,0.5348306019,0.8214662172,0.7360298762
245.5,1,1,1,1,1,0.3182096917,0.6942103015,0.5865752207,0.3650200791,0.3626214754,0.5046575258,0.42211094,0.3317247723,0.8339177435,0.2876783045,0.731648383,0.4285763027,0.331672856,0.3226296198,0.5323033316,0.8222423127,0.7333559782
246,1,1,1,1,1,0.3177219071,0.6952719983,0.5859491746,0.3692920855,0.3603591908,0.5031541721,0.4191977411,0.3334081995,0.833629314,0.2893150883,0.731529203,0.432489858,0.3310930886,0.3206408462,0.5310201784,0.8210689092,0.7310321815
246.5,1,1,1,1,1,0.3188118243,0.6950492962,0.5863629224,0.3688595682,0.361004441,0.5074987382,0.4203930829,0.3366447716,0.8331376625,0.291673123,0.7318282177,0.4332266551,0.3266199845,0.3207673485,0.5280516195,0.8205120834,0.731693557
247,1,1,1,1,1,0.3211685543,0.6945825001,0.5877142276,0.3682379284,0.3619431987,0.5086595879,0.4207790952,0.336831442,0.8350974875,0.2943379653,0.7302201806,0.4308581576,0.3281084946,0.3230733013,0.5241565922,0.8214821493,0.7315856321
247.5,1,1,1,1,1,0.320895337,0.6963116285,0.5867271202,0.3699653082,0.359770019,0.5112397006,0.4191003408,0.3361425785,0.8362235475,0.2945139922,0.7320182169,0.430572549,0.3293692557,0.32452489,0.5255062707,0.8228433648,0.7324588259
248,1,1,1,1,1,0.32229744,0.6942699976,0.5838062723,0.3689236488,0.3617148767,0.5105395975,0.4190359929,0.3336339674,0.8360384618,0.2951677881,0.7316755057,0.4293802401,0.3332250616,0.3240549311,0.5234352087,0.8238112002,0.7340830367
248.5,1,1,1,1,1,0.3210145688,0.6934686427,0.5847245859,0.3694020951,0.3610043046,0.5107266251,0.4201420434,0.3314358213,0.8371788662,0.2944444957,0.7326732565,0.4276710494,0.3363790914,0.3243519866,0.5221677299,0.8236513152,0.7332765617
249,1,1,1,1,1,0.3209264594,0.6964157182,0.5846696628,0.3672149189,0.360120689,0.5094469812,0.4217090373,0.3291744642,0.8364875382,0.2931750847,0.732662255,0.4285150934,0.3334230101,0.3238488206,0.522018639,0.8223105985,0.7330207689
249.5,1,1,1,1,1,0.3229392279,0.6962870777,0.5850429163,0.3675432664,0.3605098264,0.5098871733,0.420273251,0.330724686,0.8375110634,0.2906010841,0.7326111673,0.4290657647,0.3310139102,0.3227615197,0.5251650878,0.8230302723,0.7322596978
250,1,1,1,1,1,0.320457229,0.6988546787,0.5851918185,0.3664091811,0.3614700721,0.5058978491,0.42169171,0.3287223913,0.837357966,0.2914606635,0.7317575385,0.4305049223,0.3297859778,0.3207970139,0.526633626,0.8217416864,0.7338734694
250.5,1,1,1,1,1,0.3199733144,0.6980791854,0.5832677976,0.3647400655,0.3622566009,0.5061426858,0.4187133514,0.3298029734,0.8368051318,0.2918522053,0.73108612,0.430358764,0.3306122818,0.3207037111,0.5279069307,0.821013274,0.7339807041
251,1,1,1,1,1,0.3187940044,0.6968813154,0.5809875309,0.365508965,0.3616946188,0.5077143197,0.4170674837,0.3296145808,0.8348179223,0.2912107518,0.7333229991,0.430210217,0.3286559839,0.320717415,0.5283043466,0.8193721729,0.7323388955
251.5,1,1,1,1,1,0.3178759866,0.6973739888,0.5811246857,0.3631063499,0.3605763019,0.5055887405,0.4187398287,0.3282506331,0.8336138506,0.2892474524,0.7319006071,0.4285924393,0.3292795622,0.3203594836,0.5279743987,0.8196089196,0.7338508389
252,1,1,1,1,1,0.3176461331,0.6952343258,0.5801023103,0.3622873141,0.3611602927,0.5058588188,0.4193295907,0.328297479,0.8332226066,0.2895879102,0.7313744144,0.4294257911,0.3315443067,0.3203255696,0.5278565655,0.8200667307,0.7346547756
252.5,1,1,1,1,1,0.3204500754,0.6945003837,0.5810099138,0.360736154,0.362659742,0.5063643447,0.4178548565,0.3285884124,0.8321262179,0.2911216958,0.7308139673,0.4287224392,0.3345449318,0.3207290921,0.5298753515,0.8187957749,0.7329369089
253,1,1,1,1,1,0.3185695016,0.6936896129,0.5830065928,0.3601223702,0.3630654752,0.5082274024,0.4207905889,0.3281061287,0.8302155546,0.28921435,0.7309180476,0.4288778643,0.3336347571,0.3213926234,0.530543245,0.8183248425,0.730500561
253.5,1,1,1,1,1,0.3208243711,0.6943242668,0.5840581249,0.3584262006,0.3635640667,0.5090728916,0.4219397156,0.3273636897,0.8296068267,0.2906603073,0.7307673938,0.4310223415,0.3302697065,0.3221590721,0.5308381735,0.8200611468,0.7293896195
254,1,1,1,1,1,0.320745935,0.6942731545,0.584556875,0.3603556,0.361260389,0.5068627842,0.420040439,0.3304804564,0.8300744884,0.29131563,0.7296428426,0.4314074485,0.3324584931,0.3218090813,0.5307372996,0.8218203777,0.7285717763
254.5,1,1,1,1,1,0.3211801476,0.6935320407,0.5850462888,0.360625502,0.3606322275,0.5077603069,0.4197980024,0.3311141823,0.831063717,0.2909494334,0.7283707007,0.428505783,0.3328833734,0.3232321665,0.5316170746,0.8220140718,0.7268659176
255,1,1,1,1,1,0.3212242109,0.6933197608,0.5851908035,0.3641880321,0.3631739385,0.5075610925,0.4186485795,0.3315071337,0.830999318,0.2911500269,0.7277255462,0.4317667957,0.3337165655,0.323482151,0.5302397797,0.8228252511,0.7273533389
255.5,1,1,1,1,1,0.3229848351,0.6941518792,0.5847421663,0.3645420151,0.3625296361,0.5075929218,0.417013151,0.3303982635,0.8297741129,0.2900928221,0.7294952423,0.4306346102,0.3336534038,0.3262714314,0.5294387464,0.8224689886,0.7256379131
256,1,1,1,1,1,0.3227996853,0.6948380579,0.5858842913,0.3644850449,0.3620891239,0.5059709641,0.4162452139,0.3305419913,0.8296903501,0.2905073338,0.728694109,0.4266358102,0.3333857535,0.3276512967,0.5279234646,0.8224525265,0.7263462136
256.5,1,1,1,1,1,0.3199796782,0.6952114356,0.58588786,0.3656766318,0.3625607799,0.5045430792,0.4179199326,0.3305560725,0.8312176101,0.2897884262,0.7271417365,0.4291161602,0.334718855,0.3293250657,0.5295726085,0.8227890789,0.7259289768
257,1,1,1,1,1,0.3210050103,0.6935746153,0.5836657272,0.3668914612,0.3638917868,0.506131826,0.4197505493,0.3320281372,0.8319900988,0.2887434977,0.7278472371,0.4298793881,0.3342624755,0.3293881695,0.5307316961,0.8226419949,0.7232502275
257.5,1,1,1,1,1,0.3207865984,0.6939165528,0.5822715998,0.3668701338,0.3650705748,0.5044737574,0.4182904635,0.3310575113,0.8332620785,0.2905514779,0.7262719214,0.4329665805,0.3356034065,0.3269366939,0.5332651791,0.8242805948,0.7236548725
258,1,1,1,1,1,0.3206995026,0.6951317391,0.5833516497,0.3658872887,0.3664041408,0.507290657,0.4180381552,0.3307967459,0.8339910895,0.2904973312,0.7261208312,0.4321824835,0.3334630083,0.3258997425,0.53475896,0.8247844309,0.7252708143
258.5,1,1,1,1,1,0.3212200172,0.6933563981,0.5842763667,0.3642744477,0.3637412563,0.5055036778,0.4175822784,0.3291546609,0.8336017342,0.2917126155,0.727739418,0.4334760001,0.3343260582,0.3271893474,0.533467545,0.825187197,0.7277126528
259,1,1,1,1,1,0.3197538944,0.6937846563,0.5846238817,0.3643674394,0.3632562576,0.5044520269,0.4157734466,0.3290367968,0.833463858,0.2909337151,0.7265229941,0.4356243674,0.3355163728,0.3255038055,0.5345403825,0.8250734436,0.7271664043
259.5,1,1,1,1,1,0.3215954783,0.6958559004,0.5831584787,0.3633375932,0.3596467166,0.5038483421,0.4162718154,0.3294813126,0.8316676079,0.289046111,0.7250264708,0.4357108132,0.3314935137,0.3239162736,0.5318750096,0.8270198869,0.728548185
260,1,1,1,1,1,0.3199820729,0.6952291892,0.5856954919,0.364594189,0.3620255387,0.5052796913,0.4201563586,0.328214269,0.8317670145,0.2901823509,0.7233657672,0.4358938692,0.3333174592,0.3240247709,0.5318437027,0.8267391093,0.7290170594
260.5,1,1,1,1,1,0.3192253103,0.6947381479,0.5850753305,0.3635977179,0.3624221929,0.5058070534,0.4180171427,0.3294309362,0.8322838408,0.2903228112,0.721474028,0.4309406525,0.3330103032,0.3235061014,0.5338705708,0.8251946516,0.7278688532
261,1,1,1,1,1,0.3187154756,0.6925384986,0.5842482801,0.362433093,0.362431326,0.5034598456,0.4177603582,0.3294552101,0.8314237834,0.2889979209,0.7228605626,0.4310015162,0.3326446928,0.3218228073,0.5342768049,0.8241241588,0.7299450816
261.5,1,1,1,1,1,0.3200773668,0.6915112917,0.5840217592,0.363065492,0.3635346482,0.5081346517,0.4160692442,0.3296342421,0.8309478696,0.2903361529,0.7226729528,0.4306500326,0.3308577597,0.321401296,0.5325796028,0.8251085568,0.7313312965
262,1,1,1,1,1,0.3223985337,0.6918261196,0.5817075626,0.3618363699,0.3627974791,0.5056526045,0.4180078019,0.3287369877,0.8312270895,0.293029734,0.7225411395,0.4312599187,0.3294708879,0.3214383374,0.5300443934,0.8241614636,0.7308476479
262.5,1,1,1,1,1,0.3225572764,0.6925197771,0.5817781552,0.3610754559,0.3638107385,0.5056161812,0.4152280953,0.3283810644,0.8318165613,0.2903462195,0.7230528604,0.4303746739,0.3304397398,0.320664554,0.5327231879,0.8242002026,0.7346036444
263,1,1,1,1,1,0.3203820423,0.6931952437,0.5803690559,0.3612266279,0.3615612528,0.5073423904,0.414844664,0.3295761583,0.8308557719,0.2899580154,0.7224944782,0.4281464279,0.3307208213,0.3205745879,0.5327282259,0.8242989424,0.7348838869
263.5,1,1,1,1,1,0.3217439146,0.6934111675,0.579347583,0.360748729,0.3630166971,0.5080701427,0.414589677,0.3313945083,0.8308658709,0.2890683034,0.7226960223,0.4271396839,0.3316548403,0.321695329,0.5341039885,0.824155314,0.7353088652
264,1,1,1,1,1,0.3213010771,0.6933404591,0.582612251,0.3620711655,0.3640517214,0.5055481841,0.4182458987,0.3289753688,0.8304382819,0.2898164617,0.72359286,0.4277629494,0.3333775373,0.3208312271,0.5322546694,0.8241795567,0.7342151245
264.5,1,1,1,1,1,0.3206845397,0.6946711343,0.5871112301,0.3619483901,0.3633691776,0.5025735811,0.4198072762,0.3288349079,0.8299804157,0.2895684766,0.7228019094,0.4289803039,0.3349990963,0.3221835514,0.5309356152,0.825655532,0.7338339851
265,1,1,1,1,1,0.3196924997,0.6932944519,0.5875940891,0.3657928341,0.3628808005,0.5053919481,0.4182207174,0.3288145149,0.828308837,0.2883562466,0.7241857795,0.4297429304,0.3364449134,0.3222349882,0.5307589919,0.8239019204,0.7343561811
265.5,1,1,1,1,1,0.3204624153,0.6941774337,0.5892212063,0.3684186121,0.3628658045,0.5037760623,0.420894922,0.3262437847,0.8281519034,0.2917574126,0.7257589518,0.4305260201,0.3341498223,0.3207124181,0.5290875948,0.8224542322,0.7331276814
266,1,1,1,1,1,0.3220641131,0.6945328066,0.5871675856,0.3661048691,0.3606534409,0.5072278386,0.4187379196,0.3252863445,0.8277667677,0.2891287585,0.7257970146,0.432296815,0.3331198434,0.3230242733,0.532271989,0.8220507215,0.7324318777
266.5,1,1,1,1,1,0.3233278879,0.6936721812,0.5871742264,0.3642320149,0.3606134332,0.5071820826,0.4179759451,0.324972646,0.8274165914,0.2875756765,0.7259713659,0.4322763094,0.3341423622,0.3209128016,0.5308729783,0.8213996511,0.7335465831
267,1,1,1,1,1,0.3214450454,0.6950240468,0.5882334683,0.364264999,0.3617963681,0.5065006557,0.4163510503,0.3225926694,0.8275064799,0.2872503679,0.7272166198,0.4325341471,0.3330265246,0.3196641202,0.5297476113,0.8205968949,0.7330171326
267.5,1,1,1,1,1,0.3213076498,0.695011294,0.5866728968,0.3637606104,0.3624144612,0.5053457003,0.4141474373,0.3232514858,0.8272434762,0.2877659735,0.7259021221,0.4312555102,0.3307488201,0.318913336,0.5280303912,0.8197259183,0.7333066048
268,1,1,1,1,1,0.3225768901,0.6948876194,0.5856267712,0.3662177178,0.3621718082,0.5050300727,0.4162229374,0.3240717339,0.827824052,0.2872893663,0.7242413587,0.4308657941,0.3308933712,0.3208018687,0.52814969,0.8193373806,0.7358918802
268.5,1,1,1,1,1,0.3221354701,0.6948976072,0.5851565373,0.3664692029,0.3635332142,0.5059653007,0.4167683814,0.3224847171,0.8272436244,0.2879413607,0.7227292318,0.4328613924,0.3329010771,0.3229101313,0.5237068939,0.8199214223,0.7368787907
269,1,1,1,1,1,0.3183268986,0.6928316348,0.584926562,0.3664803525,0.3618401217,0.5051038628,0.4170109471,0.3264902929,0.8272859942,0.2862473964,0.7226033535,0.4314379226,0.3339665226,0.3237343953,0.5238817605,0.8186934492,0.7374713648
269.5,1,1,1,1,1,0.3178177415,0.6926201707,0.5867150074,0.3658324813,0.3624507908,0.5054846352,0.4156311125,0.3254716947,0.8295085663,0.2888111306,0.7208697815,0.4292097816,0.3334184093,0.3216815061,0.5262823461,0.8189342263,0.7378745566
270,1,1,1,1,1,0.3185038322,0.6926984556,0.585904686,0.3660513458,0.363281193,0.5059219681,0.4165112078,0.3247246185,0.8281792696,0.2880111696,0.7232407853,0.4310227763,0.3330674414,0.3214712114,0.525035671,0.8186450433,0.7388144701
270.5,1,1,1,1,1,0.3168062607,0.6923985915,0.5864697944,0.3640798948,0.361328219,0.5043284691,0.4134240074,0.3232438065,0.8287753619,0.2854304042,0.7234103121,0.4296881353,0.3329533308,0.3197746257,0.5257117802,0.8195596235,0.7397790859
271,1,1,1,1,1,0.3167832014,0.692447675,0.5867255053,0.3656719927,0.3626996596,0.507062102,0.4141114369,0.3239811773,0.8278374716,0.287497501,0.7229166864,0.428322812,0.334503846,0.3202279594,0.5256510188,0.8188145699,0.7400661713
271.5,1,1,1,1,1,0.3191262856,0.6926402765,0.5861023998,0.3657316256,0.3615940506,0.5073714987,0.416311028,0.3257536995,0.8296261618,0.2871485031,0.7262590492,0.4300426669,0.3336982484,0.3187635166,0.5238264662,0.8195900781,0.7409462558
272,1,1,1,1,1,0.3201144456,0.6938794848,0.5865156476,0.363997797,0.3626446742,0.5103401059,0.4183861405,0.326409265,0.8305588972,0.2896419024,0.7282810928,0.430022288,0.3326696235,0.3221164537,0.5255002732,0.8184616043,0.742047145
272.5,1,1,1,1,1,0.3216333303,0.6937577599,0.5852158268,0.3650368285,0.3620701572,0.5098089611,0.4169090526,0.3292494126,0.8304171063,0.2905679065,0.7270935365,0.4287573789,0.3319212557,0.3222370039,0.5268207414,0.8190164973,0.7414273613
273,1,1,1,1,1,0.3205972016,0.6967075987,0.5851529211,0.3650017049,0.3623136904,0.511418225,0.4166167151,0.3296484316,0.8312910068,0.2899623614,0.7256256182,0.428130333,0.3330048466,0.3232631726,0.5267530892,0.8186229815,0.7402526636
273.5,1,1,1,1,1,0.3207317472,0.6958612872,0.586256501,0.367534758,0.3624452206,0.5108918165,0.4169622925,0.3302545073,0.8313735613,0.2897191672,0.7263592383,0.4278893087,0.3312790229,0.3232556549,0.5261358994,0.8176609037,0.7372686767
274,1,1,1,1,1,0.3196565173,0.6943301131,0.58701684,0.3672328503,0.3602920421,0.5103990531,0.4154034551,0.3324122546,0.832525298,0.2904325538,0.7271120139,0.4262441902,0.3296155666,0.3218624952,0.5270869081,0.8188178709,0.7362158533
274.5,1,1,1,1,1,0.3188079198,0.6931529879,0.5876380123,0.3661133405,0.3594771855,0.50960066,0.4153692243,0.3309407979,0.8313715136,0.2914663773,0.7271112065,0.4276919981,0.3307304559,0.3191441364,0.5285818364,0.8183327947,0.7363208612
275,1,1,1,1,1,0.318824235,0.6921851814,0.5883449424,0.367940726,0.3582794718,0.5101375962,0.4190532582,0.3313725294,0.8320989606,0.2923561275,0.7267887361,0.4288790119,0.3308476173,0.3207070594,0.5269455745,0.8192814644,0.7357769818
275.5,1,1,1,1,1,0.3194730256,0.6929064867,0.5867458973,0.3682590854,0.3604876338,0.5117837191,0.4192613409,0.3288035857,0.8333072531,0.2914539147,0.728075104,0.4307837104,0.3314783869,0.321808714,0.5257646001,0.8204687103,0.7372357503
276,1,1,1,1,1,0.3183502344,0.6919167864,0.5871784846,0.3661102654,0.3621958483,0.5102170896,0.4201025515,0.3276972356,0.8326670514,0.2917384003,0.7288435767,0.4321664288,0.3327060773,0.3238720852,0.526411832,0.8199185604,0.734837807
276.5,1,1,1,1,1,0.3205699332,0.6935389704,0.5857154186,0.3660212041,0.3636695008,0.5117282256,0.4156186499,0.3280042411,0.8332754648,0.2905963197,0.7294895204,0.4338304822,0.3344996786,0.325911665,0.52469813,0.8206113631,0.7357921438
277,1,1,1,1,1,0.3201290264,0.6937398585,0.5841799131,0.3662439222,0.3625843754,0.5123425784,0.4177769924,0.3264502748,0.8353032126,0.2901005803,0.7285333296,0.4332426976,0.3351209359,0.3265479979,0.5245035383,0.8215726345,0.7350835964
277.5,1,1,1,1,1,0.3184270564,0.6961343905,0.5835913179,0.3678370287,0.3596523271,0.5107584266,0.4185687351,0.3281840537,0.835812557,0.2921610688,0.7271426348,0.4321303228,0.336143657,0.3258130889,0.5261279875,0.8223031289,0.7342434954
278,1,1,1,1,1,0.3196852089,0.6950658351,0.5835842671,0.3687025755,0.3594261955,0.5101960041,0.4202424376,0.3287366448,0.8353927314,0.2915289289,0.7277002727,0.4285086946,0.3332415639,0.3278479036,0.5288797534,0.8228170161,0.7329131632
278.5,1,1,1,1,1,0.3206586917,0.6938072711,0.5852355721,0.3674288545,0.3611220824,0.5102078383,0.4194448056,0.3292951509,0.8351340135,0.2914053823,0.7289407026,0.4281417471,0.3341539626,0.3299718712,0.5285641341,0.8230076213,0.7338779591
279,1,1,1,1,1,0.3215995338,0.692402056,0.5876212208,0.3705197287,0.3626685838,0.5103499075,0.4182389354,0.3294889626,0.834536994,0.2906130879,0.7289737266,0.427542361,0.3331354221,0.3274702402,0.5306487947,0.823849377,0.735669103
279.5,1,1,1,1,1,0.3225249762,0.6912379147,0.5876890534,0.3680344979,0.3660138599,0.5093167099,0.4199946066,0.3281219912,0.8343743341,0.291190493,0.7301671525,0.4287033498,0.3346878565,0.3276219885,0.5289666108,0.8248170667,0.7348947318
280,1,1,1,1,1,0.3233808765,0.6912854351,0.5858028517,0.3659667805,0.3663445077,0.5099018974,0.4181294359,0.3272438415,0.8346690855,0.2887674477,0.7306978512,0.4284875983,0.3341536128,0.3255745333,0.5297767357,0.8235065507,0.7329007554
280.5,1,1,1,1,1,0.3219727244,0.6918435772,0.5840483692,0.3662717717,0.3653877432,0.5086026901,0.4173891982,0.3276912439,0.8333241293,0.2877983732,0.7305114915,0.427839345,0.3336705921,0.3267458891,0.5298104095,0.8237377614,0.7334231374
281,1,1,1,1,1,0.3206958984,0.6931885277,0.5866616395,0.3640351454,0.3643391193,0.5048287191,0.4171385541,0.3290934486,0.8339264141,0.2875382918,0.7296017587,0.4271308429,0.3313865015,0.3250882839,0.5275064573,0.8224533445,0.7345041637
281.5,1,1,1,1,1,0.3195820357,0.6919994461,0.5841402196,0.3643383966,0.3637716087,0.5054568303,0.4177027695,0.3268375592,0.8341520232,0.2885085027,0.7292832952,0.4291836852,0.33169607,0.3264943473,0.5290343738,0.8233769858,0.7357737843
282,1,1,1,1,1,0.3194173015,0.6944568988,0.5837823983,0.3658210279,0.3631969035,0.5073922455,0.4169750287,0.3283336857,0.8346545696,0.288260656,0.7305187742,0.4299696569,0.3347025197,0.3276528409,0.5270233059,0.8229076745,0.7360263744
282.5,1,1,1,1,1,0.3199007245,0.6950753199,0.5846424165,0.365921426,0.3657303246,0.508301851,0.4192213347,0.3265863657,0.8337997623,0.2889835307,0.7308768455,0.4308353832,0.3333010889,0.3261789677,0.5263433597,0.8241137445,0.7349366904
283,1,1,1,1,1,0.3203437773,0.6933377345,0.5853871024,0.3665882134,0.3637672982,0.5096658726,0.4180260883,0.3283014892,0.8333893743,0.2872320622,0.7280065339,0.4325783531,0.3344376469,0.3255873009,0.5265287108,0.8250635893,0.7345533227
283.5,1,1,1,1,1,0.3222834945,0.6938819741,0.5836270801,0.3641353983,0.366642206,0.5095600374,0.4161142716,0.3287119917,0.8326099534,0.287257196,0.7318936483,0.4319880185,0.3329324458,0.3255548586,0.5276028724,0.8249841942,0.7340390228
284,1,1,1,1,1,0.3237547198,0.6931168124,0.5825675493,0.3648581211,0.3626659195,0.5071126836,0.4168383839,0.3273017315,0.8323032237,0.2864878466,0.7328968463,0.4331693564,0.3342309992,0.3268423885,0.5276020929,0.8258427296,0.7334775443
284.5,1,1,1,1,1,0.3221959161,0.6944405637,0.5849729896,0.3639147467,0.3619233147,0.5081864193,0.4170274289,0.3291901117,0.8327894372,0.2887596917,0.732458472,0.4348145487,0.335346789,0.3268877391,0.5303166367,0.8249623748,0.7322905951
285,1,1,1,1,1,0.3226803999,0.6963352435,0.5845472632,0.3637985191,0.3642720598,0.5095085425,0.4170987868,0.3311554045,0.8320651681,0.2886161527,0.7332934029,0.4345312359,0.3339136182,0.3239981663,0.5310063683,0.8248646006,0.73162817
285.5,1,1,1,1,1,0.3243529299,0.694018875,0.5854002324,0.3655223875,0.3648036056,0.5075659513,0.4185638327,0.3320608408,0.8329020219,0.290247927,0.7323877375,0.4320608491,0.3314571844,0.3245455948,0.5307017292,0.8235605392,0.7309920027
286,1,1,1,1,1,0.3262108199,0.6945441564,0.5830981613,0.3660399142,0.3634665317,0.5059226687,0.4189733569,0.3292836648,0.8324664971,0.2914023865,0.7309528394,0.4333452314,0.3335345488,0.3239209178,0.5312551666,0.8222928135,0.7318603935
286.5,1,1,1,1,1,0.3260684125,0.6930734029,0.5843681356,0.3647732326,0.3621208278,0.5064494357,0.4192019242,0.3283111525,0.8343921996,0.2921159107,0.7310680292,0.4307255598,0.335761983,0.3237906408,0.5317462691,0.8199527595,0.7325497937
287,1,1,1,1,1,0.3239561502,0.6949562545,0.5843077332,0.3645384445,0.3637088935,0.5044166891,0.4193068914,0.3261468426,0.8342905124,0.2898199583,0.7320428177,0.4309419056,0.3364412613,0.3247945962,0.5324990057,0.8199193916,0.7330150254
287.5,1,1,1,1,1,0.3228898302,0.6945848046,0.5842056523,0.36551997,0.3643398521,0.5060478938,0.4198602278,0.3268574532,0.8342778882,0.2887163784,0.7332475814,0.4316267178,0.3349260357,0.323032895,0.5339270406,0.81944243,0.7328388926
288,1,1,1,1,1,0.3224485607,0.6935025212,0.5845936562,0.3659392148,0.3634647114,0.5075330109,0.4203531892,0.3266353927,0.8339244758,0.2892365463,0.7319817161,0.4313910261,0.3356935203,0.3224628738,0.5324064928,0.819619268,0.7303969436
288.5,1,1,1,1,1,0.3219592645,0.6971272352,0.5849648228,0.3662535209,0.3614172159,0.5073269275,0.4200275088,0.3265531106,0.833777295,0.2876860866,0.7297748018,0.43109202,0.3337517351,0.3218677109,0.5279792679,0.8189856027,0.728827622
289,1,1,1,1,1,0.3214148781,0.6984273783,0.5832338436,0.3643829661,0.3608622895,0.5048976448,0.4193096023,0.3288468914,0.8331974353,0.2888435302,0.7285646008,0.4330942092,0.3329397157,0.320069608,0.5289722804,0.819372669,0.7316326968
289.5,1,1,1,1,1,0.3225359484,0.6958365633,0.5836279699,0.3635710822,0.3647639434,0.5046891203,0.4184067857,0.329083003,0.8338388746,0.2891092622,0.7286734282,0.4316272097,0.3343124962,0.3219076237,0.5272624739,0.8192705993,0.7309401725
290,1,1,1,1,1,0.3231943181,0.6966948884,0.582600308,0.3625038421,0.3665244316,0.5039890938,0.41714554,0.3298790009,0.8360446338,0.2901628127,0.7275025459,0.4294148717,0.3341315526,0.3218546386,0.528399169,0.8186754805,0.7315367856
290.5,1,1,1,1,1,0.3243807201,0.6976655308,0.5834506444,0.3633320564,0.3659960699,0.5060888776,0.4184105121,0.3301694128,0.8361053136,0.2911149578,0.7279537378,0.4293859047,0.3329668672,0.3194282848,0.5278628455,0.8171545444,0.7315172005
291,1,1,1,1,1,0.3242590211,0.6966143134,0.5844395424,0.3657536718,0.3646900839,0.5060429213,0.4166645531,0.3303934909,0.8369325781,0.2924809731,0.7256624939,0.4313378428,0.3307601761,0.3200074282,0.5277845984,0.8144230295,0.7314793414
291.5,1,1,1,1,1,0.3253098182,0.6951242007,0.5855405385,0.3657944599,0.3663486531,0.5044319115,0.4190914542,0.3267126977,0.8357590366,0.2925831974,0.7239113311,0.4286701189,0.3314550351,0.3208233213,0.5276047782,0.815459386,0.7268041601
292,1,1,1,1,1,0.3235766237,0.6937575581,0.5874499392,0.3624842395,0.3665761977,0.5018771151,0.4210714601,0.3306818764,0.8356069967,0.2913753293,0.7240717872,0.4265640531,0.3294018223,0.3206853285,0.5270874342,0.8150801844,0.7243420991
292.5,1,1,1,1,1,0.3240820628,0.6921651707,0.5861743724,0.3633446875,0.3649206559,0.5027159163,0.4205516403,0.3304303608,0.8331602026,0.2890049584,0.7230589827,0.4276131808,0.3294401528,0.322878154,0.5255764344,0.8137695066,0.7229079027
293,1,1,1,1,1,0.3237464358,0.694028003,0.5842359294,0.365620957,0.3649913206,0.5040188902,0.4202225252,0.3280041957,0.83240638,0.2900120538,0.7239907702,0.4280046202,0.3299016254,0.3205254762,0.5290195417,0.814622814,0.7245932437
293.5,1,1,1,1,1,0.3206443882,0.6914691375,0.584754568,0.365318645,0.3661237912,0.5064215835,0.41966666,0.3278408999,0.8334310137,0.2906169494,0.7258975555,0.4282593025,0.3294456072,0.3220692233,0.5285671561,0.8152646395,0.7256616232
294,1,1,1,1,1,0.3210945347,0.6923682749,0.5841512468,0.3648842268,0.3644266369,0.5055367797,0.4184773502,0.3293194787,0.8333129118,0.2925156699,0.7293687241,0.4296039008,0.3281826871,0.3217068647,0.5273123769,0.8176065912,0.7264731099
294.5,1,1,1,1,1,0.3207772655,0.6923995876,0.5805755724,0.3668578926,0.3616045652,0.5040638695,0.4209970841,0.3302125015,0.8339333398,0.291596155,0.7283324336,0.4309356917,0.3312148843,0.3197967101,0.5272908359,0.8178871467,0.7278401893
295,1,1,1,1,1,0.3214888821,0.6933954785,0.5808574388,0.3675524981,0.3615820899,0.5056894109,0.4171672924,0.3313283407,0.8351966929,0.2900660195,0.727571197,0.4306221622,0.3324238388,0.3191935138,0.5273410541,0.8175580076,0.7300212811
295.5,1,1,1,1,1,0.3219455264,0.6934075585,0.5836791995,0.3666824684,0.3615471022,0.5068405874,0.4170579964,0.3304731539,0.8360218827,0.2886651913,0.7278472445,0.428700006,0.3324873216,0.3195720287,0.5284067004,0.8180469726,0.7307407651
296,1,1,1,1,1,0.3226113973,0.6929715836,0.5848163205,0.3670749788,0.3594785935,0.5064727437,0.4163047121,0.3291291806,0.83454943,0.2889758733,0.7278278534,0.4276073189,0.331887326,0.3188027296,0.5273462532,0.8167527363,0.729503388
296.5,1,1,1,1,1,0.3218525074,0.6933369502,0.5854735919,0.3662676757,0.3588211917,0.5064322985,0.4145402903,0.3272657359,0.8360247993,0.2888765991,0.7265653737,0.4314864551,0.3308380359,0.3195490948,0.5260190114,0.815733244,0.7315934588
297,1,1,1,1,1,0.3238931608,0.6924442774,0.5838795262,0.3648188617,0.3586540042,0.5091566387,0.4136407851,0.3280597671,0.8357183608,0.2908773994,0.7255964578,0.4304170364,0.3319394343,0.3231317228,0.5262919689,0.8152909036,0.7315251401
297.5,1,1,1,1,1,0.3256879223,0.6918324525,0.5839942229,0.3612671174,0.3598634145,0.5084660271,0.4133902451,0.32745875,0.8349212202,0.2901266336,0.7258331929,0.4301189551,0.3305007803,0.3253409129,0.5254714692,0.8156754568,0.7316163925
298,1,1,1,1,1,0.3252829048,0.6913223561,0.5830808767,0.3633809271,0.3607746122,0.5078178049,0.4133807803,0.3270889587,0.8329294808,0.2902193669,0.7244118198,0.4340024547,0.3318415454,0.3261532837,0.5265908682,0.8158723452,0.7324738103
298.5,1,1,1,1,1,0.3233891876,0.6908490363,0.5835573049,0.3640911122,0.362309822,0.5081291131,0.412160637,0.325478589,0.8329298181,0.2906291375,0.7268131524,0.4325482671,0.3337977986,0.3257757149,0.5270090768,0.8180257138,0.7307540164
299,1,1,1,1,1,0.3228954471,0.6922555521,0.5851133125,0.3635392462,0.3624649306,0.5094757962,0.4124093414,0.324489004,0.8330666684,0.2897845282,0.7264180313,0.4302452781,0.3321532123,0.3251113678,0.5318691976,0.8173467243,0.7299313616
299.5,1,1,1,1,1,0.3243515289,0.6930831248,0.5847114662,0.3650787775,0.360619059,0.5059156865,0.4154255429,0.3274071788,0.8331665429,0.2907526612,0.7242966116,0.43088687,0.3319788178,0.3251588423,0.5309055737,0.8176787827,0.7295115782
300,1,1,1,1,1,0.3247517498,0.6944311387,0.5842572106,0.3619658097,0.360591918,0.5068390412,0.4171793525,0.3281908248,0.8335127853,0.2918377389,0.7248719673,0.4275284218,0.3322790822,0.3243558492,0.5309820186,0.8174407901,0.7299361944
300.5,1,1,1,1,1,0.3236606357,0.6930409246,0.5860850153,0.3621339045,0.3604480904,0.5084257126,0.4156781669,0.3306517049,0.8339656546,0.2912603816,0.7237807324,0.4282262087,0.3324711507,0.3256247846,0.5303870519,0.818717159,0.7265485381
301,1,1,1,1,1,0.3244740689,0.6930137208,0.5850887787,0.3638357145,0.3599468395,0.5066019201,0.4161566351,0.3294365663,0.8353025015,0.2900620154,0.7210858337,0.4297139449,0.3334001281,0.3254180787,0.5342874368,0.820027136,0.7270865768
301.5,1,1,1,1,1,0.3233497922,0.695278675,0.5870917014,0.3643306907,0.3616153199,0.5076762785,0.419413017,0.3304644594,0.8344040213,0.2910908808,0.7224868108,0.431314574,0.3325027091,0.3239595,0.5367406097,0.8195668618,0.727250937
302,1,1,1,1,1,0.3214185683,0.6945356198,0.5862749392,0.3654022862,0.3604645493,0.5046492787,0.4192029907,0.3272464342,0.8337732358,0.2910096666,0.7216219721,0.4313350923,0.3318684969,0.3227619799,0.5334285504,0.8201648344,0.7275981752
302.5,1,1,1,1,1,0.3225469856,0.6957221639,0.5845589462,0.3661636134,0.3600217379,0.5034907548,0.418411794,0.3278160814,0.8338936935,0.2898969724,0.7219473631,0.4341763022,0.3335353262,0.3258578658,0.535398592,0.8207091689,0.7260575679
303,1,1,1,1,1,0.322872922,0.6949832572,0.5850678134,0.3658532651,0.3596621172,0.5028851148,0.4203509397,0.3293076453,0.8338204568,0.2896108637,0.7234296792,0.4327218791,0.3317405942,0.3268644941,0.5320041311,0.8209166117,0.7255112075
303.5,1,1,1,1,1,0.3217639955,0.6969056464,0.5839135845,0.3672557721,0.361498188,0.5037895456,0.4177727877,0.3293255518,0.8334605659,0.290841782,0.7245176454,0.4335731808,0.3320345943,0.3266900433,0.5323728175,0.8228838052,0.7267982391
304,1,1,1,1,1,0.3241173942,0.6925217765,0.5867204551,0.36568018,0.3617936704,0.5033001656,0.4185427888,0.3284602214,0.8339779052,0.2917934959,0.725460606,0.4331946078,0.3342021819,0.3261114555,0.534037907,0.8245061375,0.7295031303
304.5,1,1,1,1,1,0.3254697918,0.6924297332,0.5843948595,0.3658125146,0.3632923589,0.5029928086,0.4185028828,0.3295816208,0.8332401483,0.2906053556,0.7254924826,0.4314019228,0.3318705289,0.3258599897,0.5374575448,0.8269284592,0.7295274755
305,1,1,1,1,1,0.3265620821,0.6950796501,0.5823682757,0.3644861885,0.3628692698,0.5032237894,0.4166201799,0.3290057527,0.8326836619,0.2898355623,0.7229961414,0.4294998638,0.3304819775,0.3266979654,0.5371097835,0.8266984713,0.7295020405
305.5,1,1,1,1,1,0.3251656017,0.6939161386,0.5836831135,0.3631386635,0.3627289911,0.5041981622,0.4163346273,0.3275824557,0.8324236938,0.2900703119,0.7221712777,0.432065811,0.3302872487,0.3269884488,0.5363663461,0.8252331005,0.73022319
306,1,1,1,1,1,0.3243236442,0.6965001662,0.5846993742,0.3639968204,0.3645753959,0.5078464223,0.4146847504,0.3272668886,0.8324484978,0.2879854404,0.7211992195,0.4304644563,0.3310360259,0.3286995423,0.5387029338,0.8250884207,0.7296638258
306.5,1,1,1,1,1,0.3227564031,0.6954524522,0.5865891943,0.3649684452,0.3644179655,0.5074661784,0.4152608297,0.3277574742,0.8329329338,0.2887269375,0.7212510374,0.4345811035,0.3327232097,0.3242798161,0.5378700323,0.8250403448,0.7296849847
307,1,1,1,1,1,0.3239406504,0.6955336028,0.5871285031,0.3640260441,0.3634494064,0.5072916364,0.4134123831,0.3270642792,0.831567893,0.289778412,0.7226167674,0.4348692994,0.3336918517,0.3237225573,0.5349839245,0.8230294189,0.729011147
307.5,1,1,1,1,1,0.3237784196,0.6950347953,0.5859082963,0.3641181006,0.3614889446,0.508967012,0.4184106074,0.3272611172,0.8319700917,0.2884636726,0.7250804131,0.4341819925,0.3342528828,0.3229659769,0.5365717702,0.8231092454,0.7303231998
308,1,1,1,1,1,0.3238821418,0.6948928683,0.5845017658,0.3651460757,0.3618171156,0.5069348064,0.4193041853,0.3248346838,0.8321546891,0.2896457794,0.7255280284,0.4329451535,0.3331807079,0.320955011,0.5361637598,0.8226929606,0.7308590443
308.5,1,1,1,1,1,0.3251513592,0.6949430815,0.5853271529,0.3630389446,0.3605042501,0.5048569471,0.4204656041,0.3251873952,0.8321229093,0.2878634475,0.7237526356,0.4337179768,0.3336901638,0.318548366,0.5334206379,0.8220373181,0.729501498
309,1,1,1,1,1,0.3254930231,0.6955192243,0.586252284,0.3625975011,0.3622971476,0.5060998786,0.4188999354,0.3237383398,0.8306852401,0.2885943127,0.7215797215,0.4328377904,0.3327140299,0.3188985732,0.5324167738,0.8213983983,0.7296345814
309.5,1,1,1,1,1,0.3254793948,0.6965183013,0.5869231128,0.3629444545,0.3633264648,0.5068511433,0.4170700812,0.3235174078,0.8304853663,0.2914612504,0.7219044012,0.4338186719,0.3333568296,0.3213722393,0.5312829244,0.820910048,0.7303976988
310,1,1,1,1,1,0.3265617837,0.6973890665,0.5866060555,0.36159489,0.3624617572,0.5085346626,0.416774017,0.3227539281,0.8294556202,0.2900285382,0.7198918205,0.4332814947,0.3345309379,0.3198987815,0.5306436574,0.81980872,0.7296851564
310.5,1,1,1,1,1,0.324477836,0.6974200467,0.5853289169,0.3651203524,0.3631972186,0.5095325602,0.4184646378,0.325608657,0.828766998,0.287634545,0.717506349,0.4301821078,0.3342429111,0.319137658,0.5317291032,0.8182756529,0.7307372016
311,1,1,1,1,1,0.3228727025,0.6969176871,0.5844743693,0.3648588562,0.3639718561,0.5107113712,0.4197842007,0.326132748,0.8286265993,0.2891074433,0.7169355857,0.4289666624,0.3336736699,0.3236182443,0.5316735524,0.8177966854,0.7299468912
311.5,1,1,1,1,1,0.3221987369,0.6965181017,0.5827260092,0.3646301466,0.3610610483,0.5094677329,0.4242980268,0.3259861071,0.830073288,0.2869497904,0.7174015452,0.4293989738,0.3344711235,0.3250945673,0.5316286239,0.8173444411,0.7291594965
312,1,1,1,1,1,0.3218560955,0.6979225496,0.5827052899,0.3638901996,0.3621318528,0.5073965869,0.4245675406,0.3253135721,0.8315718379,0.28805928,0.7176077463,0.4282106179,0.3334724372,0.323105599,0.5335470227,0.819066631,0.7296595926
312.5,1,1,1,1,1,0.3191479745,0.6951301807,0.5828900857,0.3644669529,0.3610707852,0.5083679724,0.4221766286,0.3265574132,0.8311459009,0.2849140147,0.7200313873,0.4279243675,0.3314232862,0.3237513904,0.5325515853,0.8185533449,0.7299313137
313,1,1,1,1,1,0.3223179017,0.694437104,0.5822236923,0.3648889417,0.3631401241,0.5099216832,0.4226474627,0.327564937,0.832343591,0.2863255514,0.7212222786,0.4284265255,0.3306725092,0.3254204304,0.5330810068,0.8207384734,0.7286237388
313.5,1,1,1,1,1,0.3237633036,0.6929530665,0.5844717018,0.3688536144,0.3615067238,0.5085085812,0.4226923832,0.3283460606,0.8303529406,0.2875459377,0.7206566543,0.4294600566,0.3288466777,0.3250669323,0.5326447944,0.8187073452,0.7274356613
314,1,1,1,1,1,0.3218719841,0.6947066829,0.5835669236,0.3677253604,0.3641560026,0.5082323079,0.4223194895,0.3277875501,0.8324117506,0.2896588893,0.7225870325,0.4319556461,0.3283415104,0.3229795275,0.5339470089,0.8192121949,0.7264057608
314.5,1,1,1,1,1,0.32346929,0.6935845978,0.5846322653,0.3667500265,0.3632383327,0.5078121035,0.4216596985,0.3288241194,0.8344387153,0.2901998954,0.72122752,0.4304610492,0.328622307,0.3231270905,0.5325468315,0.8201296062,0.7274747519
315,1,1,1,1,1,0.3227312092,0.6942103039,0.587180923,0.3675157478,0.3637771825,0.5092216902,0.4228696654,0.32942024,0.8349929888,0.2903325037,0.7209278986,0.4319003067,0.3295940246,0.3242709332,0.5324343715,0.8206820593,0.726785473
315.5,1,1,1,1,1,0.3238884064,0.6945506901,0.5855288165,0.368488999,0.3652836796,0.5062032716,0.4201727621,0.3288631065,0.8356910904,0.2907598598,0.7226242674,0.4304457802,0.3284933924,0.3233133931,0.5316849479,0.8220390599,0.7278048625
316,1,1,1,1,1,0.3232323209,0.6962550004,0.587029667,0.3668642454,0.3665130474,0.505613357,0.4222689043,0.3285682096,0.836357787,0.292261352,0.7233966591,0.4278354689,0.3287899771,0.3221492622,0.5311458193,0.8224446178,0.724968449
316.5,1,1,1,1,1,0.3209585087,0.6921336988,0.5844681658,0.369324889,0.365884822,0.5059823958,0.4239757653,0.3299820213,0.8376477967,0.2916712387,0.721648294,0.4300496645,0.3290275048,0.3190616371,0.5314805494,0.8218679269,0.7250306329
317,1,1,1,1,1,0.3219690523,0.6942250985,0.5878156639,0.3704966936,0.3640545421,0.5077211742,0.4222241592,0.3293513042,0.8371056094,0.2903890164,0.7244971421,0.4322371889,0.3305825352,0.3201459999,0.5320484698,0.8218396068,0.7256276404
317.5,1,1,1,1,1,0.3207838449,0.693254638,0.5870238488,0.367411271,0.3625296458,0.5066679252,0.4220885676,0.3280717839,0.8374465046,0.2894302737,0.7228959268,0.4318469899,0.332602951,0.3226213134,0.531857465,0.8222596849,0.7246195993
318,1,1,1,1,1,0.3183257118,0.6948560319,0.5887452116,0.3673730568,0.3604857997,0.5074903806,0.422109877,0.3275254575,0.8370029997,0.2918402187,0.7228829593,0.4315175662,0.333014385,0.3226288457,0.5324465675,0.8207747495,0.7251854727
318.5,1,1,1,1,1,0.3185183662,0.6925983412,0.5857354137,0.3674310928,0.3602312609,0.5082448559,0.4231027107,0.3273486145,0.8374913188,0.2932260157,0.7258030657,0.431869599,0.3340687033,0.3239520406,0.5324689438,0.821176436,0.7273197478
319,1,1,1,1,1,0.319988413,0.6960202945,0.584520372,0.3632702014,0.3592878623,0.5073253927,0.4198450753,0.3284894644,0.8363510439,0.2931638333,0.7262031326,0.4330181864,0.3323828113,0.3249858901,0.5343923428,0.8205047817,0.727299047
319.5,1,1,1,1,1,0.3223709318,0.6938732044,0.5826857715,0.3662869877,0.359584033,0.5065104644,0.4198114364,0.328670284,0.8368829949,0.2930054491,0.7256946013,0.4316173305,0.3353778761,0.3248483528,0.5328151895,0.8210522415,0.7290670861
320,1,1,1,1,1,0.3234357647,0.6945476734,0.5845901271,0.3668006968,0.3609271948,0.509138661,0.4220477111,0.3295718833,0.8372587291,0.2919658759,0.7266642525,0.4306716209,0.3344553738,0.3247965897,0.5327782951,0.8215260875,0.7284722886
320.5,1,1,1,1,1,0.3228291492,0.6973114775,0.5837148078,0.3677334937,0.3597856388,0.5085971505,0.4211166073,0.3310232808,0.8355619682,0.2943521664,0.7260707618,0.4311976192,0.3355173272,0.3260632395,0.5298976482,0.8213806246,0.7291326796
321,1,1,1,1,1,0.3192476787,0.695499684,0.5847076689,0.3656930584,0.359439219,0.5043932776,0.4218876664,0.3324566928,0.8371456866,0.2942608582,0.724030151,0.4344572358,0.3338143249,0.3243173355,0.5315063713,0.8211843174,0.7290256955
321.5,1,1,1,1,1,0.3173883939,0.6959286224,0.5837756373,0.3652061071,0.360842508,0.5075926043,0.422347488,0.3288838795,0.8346201781,0.2924253974,0.7230546577,0.4351868916,0.3323461769,0.3264646174,0.5321766583,0.8211538345,0.7286934253
322,1,1,1,1,1,0.3178537273,0.6947670974,0.5827434023,0.3653298495,0.3605617931,0.5062899367,0.4239804255,0.3312446788,0.8338176781,0.2911834469,0.7239891422,0.4341042881,0.3325286389,0.3245439036,0.5323323665,0.8202324599,0.7280878317
322.5,1,1,1,1,1,0.3194948087,0.6933692319,0.5865295565,0.3666063362,0.3592180201,0.5063447348,0.4230207534,0.3323663326,0.8318595753,0.2912470409,0.7238037683,0.4328403344,0.3340508746,0.3247459766,0.5317489998,0.8203934826,0.7272769962
323,1,1,1,1,1,0.3210793,0.6909551523,0.5858824461,0.3658965706,0.358623159,0.5052179482,0.4215849971,0.3320036393,0.8336919791,0.2900094236,0.7240027709,0.4340601605,0.3365381916,0.3238770109,0.5308293501,0.821354734,0.7274944711
323.5,1,1,1,1,1,0.3212201542,0.6918806148,0.5847094687,0.3677357216,0.3606215552,0.5027784481,0.4200867459,0.3284904826,0.8337558491,0.2916241871,0.7245193649,0.4344136369,0.3372014098,0.3256778136,0.5301650757,0.8226041217,0.7280499794
324,1,1,1,1,1,0.3220676882,0.6931833783,0.5867203466,0.3670679148,0.3607384827,0.5052794022,0.4173036758,0.3299727921,0.8343096037,0.2895077813,0.7233785346,0.4360969691,0.3368815461,0.3252782673,0.5300630195,0.8227797409,0.728123861
324.5,1,1,1,1,1,0.3212981526,0.6946564765,0.5866662213,0.3678495815,0.3588312673,0.5054268126,0.4173908836,0.3262942029,0.8353421087,0.2895622856,0.7245167709,0.4347263406,0.3369408039,0.3228541894,0.5299754091,0.8203816368,0.7292849206
325,1,1,1,1,1,0.3229375895,0.6966970114,0.5883130568,0.3674779591,0.3594958328,0.5041329004,0.4156522718,0.328785932,0.8344849993,0.2892350515,0.7249351515,0.4326336542,0.336952276,0.322307654,0.5317325568,0.8210146403,0.7291267551
325.5,1,1,1,1,1,0.3240573039,0.6931621382,0.5837495158,0.3670139531,0.3585327262,0.5028254217,0.4129242307,0.3276351712,0.8348657923,0.2915911047,0.7259796173,0.4333026127,0.3365423651,0.3219957032,0.5306308051,0.8214246035,0.7317724212
326,1,1,1,1,1,0.3242334318,0.6943263983,0.5856509132,0.3646806639,0.3597525075,0.5017062927,0.4119161198,0.3280077849,0.8351865231,0.2918926938,0.7264746554,0.4321662211,0.3342378426,0.321981978,0.5310809438,0.8227694572,0.7306732847
326.5,1,1,1,1,1,0.3238099305,0.6935696977,0.5861608354,0.3673030123,0.3568346679,0.4993989965,0.409880101,0.3287600624,0.8365326327,0.2923088573,0.7268796882,0.4314994562,0.3350431639,0.3242622534,0.530520753,0.8214159386,0.7322666494
327,1,1,1,1,1,0.3260617067,0.6943517501,0.5838495729,0.3682858343,0.3611590222,0.5029467112,0.4117064377,0.3269023153,0.8356742686,0.2913362857,0.7259518058,0.4323047401,0.3344984808,0.3249147569,0.5305884849,0.8210825302,0.7323942592
327.5,1,1,1,1,1,0.3235753565,0.6930055785,0.5847788191,0.3684522791,0.3617082673,0.5038590103,0.4121115906,0.3265539607,0.8354393543,0.2927254836,0.726889561,0.4316849019,0.3350745766,0.3259157446,0.5295137116,0.8205293208,0.7302228967
328,1,1,1,1,1,0.3237849398,0.6937882114,0.5855884168,0.3657413056,0.3595145894,0.5060164509,0.4160315481,0.3256461494,0.8341835417,0.2922971705,0.7249092099,0.4321728582,0.3341688672,0.3271351387,0.5291191636,0.8207907187,0.7294861408
328.5,1,1,1,1,1,0.3250726998,0.6933888403,0.5841965878,0.362604927,0.3591867963,0.5065262884,0.4170957058,0.3249646471,0.8357126269,0.2909296513,0.7222387578,0.4302378874,0.3332028541,0.3269959986,0.533631173,0.8216688458,0.7306058583
329,1,1,1,1,1,0.3240379872,0.6938275061,0.5846950963,0.3619623693,0.3607119169,0.5052168013,0.4165479904,0.3258772627,0.8368922291,0.2902380061,0.7206992597,0.4294243626,0.3306171762,0.3258555075,0.5331059597,0.8219404947,0.7307863256
329.5,1,1,1,1,1,0.3223454907,0.6932838588,0.5845458555,0.3619866675,0.3592790241,0.5065406757,0.4184783159,0.3267162815,0.8367869789,0.2912738592,0.722993684,0.4290425495,0.3312210063,0.3272955414,0.5341647481,0.8209484118,0.7309889452
330,1,1,1,1,1,0.3198826147,0.6928117926,0.5873232431,0.3624825112,0.357926976,0.5039318732,0.4176272499,0.3273704954,0.8350165838,0.2894972288,0.7223521987,0.430073378,0.3319772337,0.3239555387,0.5314800861,0.8202891552,0.7334884329
330.5,1,1,1,1,1,0.3193001995,0.6932402774,0.5865672979,0.3619189959,0.3591407406,0.5052561039,0.4167551894,0.3268326075,0.8344505127,0.2871869433,0.7229160988,0.4293354037,0.3325081404,0.3258178524,0.5320245667,0.8228259359,0.7343825741
331,1,1,1,1,1,0.3185573169,0.6946277964,0.5861839678,0.3634244336,0.3592447148,0.5026949615,0.4176479874,0.3272081611,0.8330731919,0.2890373949,0.7236402718,0.4303613558,0.3332000647,0.3250915358,0.5320740259,0.8247219496,0.7333324717
331.5,1,1,1,1,1,0.3190783857,0.6930243662,0.5853436651,0.3635165529,0.3563437664,0.5024812326,0.4171059193,0.3260981309,0.8313785858,0.2887392351,0.722233675,0.4300553246,0.3323094448,0.3247886623,0.5339252769,0.8245748654,0.7329741466
332,1,1,1,1,1,0.319077816,0.6912578113,0.5856747363,0.3649035982,0.3573825192,0.506151079,0.4168975393,0.3270854812,0.8314817984,0.2888025654,0.7233617882,0.435163734,0.3317311648,0.325760898,0.5343807344,0.8227386162,0.7319401977
332.5,1,1,1,1,1,0.3222319244,0.6929870316,0.5854824751,0.3624105366,0.356881402,0.5051785743,0.4164864135,0.327531442,0.831547101,0.290042396,0.7204267202,0.4381498361,0.333875831,0.3254122821,0.5334278673,0.822409677,0.7310710768
333,1,1,1,1,1,0.3225139066,0.693294595,0.5858699993,0.36447852,0.3592294504,0.5062194354,0.4147702332,0.3254022238,0.8307435471,0.2893898543,0.722432499,0.4378987215,0.3342280893,0.3261262088,0.5327091908,0.8226574702,0.733075381
333.5,1,1,1,1,1,0.323808569,0.6938791856,0.5850490297,0.3649393802,0.3611278153,0.5058078927,0.4155154938,0.3243121111,0.8309906455,0.2883548001,0.7215091004,0.4365685485,0.3348013467,0.3253392469,0.5338826214,0.8226469919,0.7323991277
334,1,1,1,1,1,0.3227835092,0.6915063548,0.5847564267,0.3651276293,0.3618460327,0.5061569505,0.4175788289,0.3228125331,0.8311777875,0.2889179273,0.7208689594,0.4347373156,0.334130852,0.3238366607,0.5328578305,0.8235792586,0.7318116586
334.5,1,1,1,1,1,0.3248801381,0.6938198032,0.5848557698,0.3658887243,0.3637518756,0.5071828343,0.4183857021,0.3225682716,0.8316737964,0.2874249037,0.7217903592,0.4345311057,0.3319311321,0.3235813865,0.5330665077,0.82495726,0.7339039173
335,1,1,1,1,1,0.322629073,0.6951611007,0.5837301227,0.3649174362,0.3625652757,0.5110621768,0.4200442249,0.3255449621,0.8307454942,0.2880644892,0.7227798209,0.4332884694,0.3325247414,0.3213492687,0.5341005671,0.8236444333,0.7350034635
335.5,1,1,1,1,1,0.3210087766,0.6958453584,0.5864813488,0.3631884862,0.3612325858,0.5109977424,0.4188326872,0.3266598586,0.8307976044,0.2870990402,0.7217388943,0.4327029672,0.3338520908,0.3198257009,0.5304753379,0.8228246077,0.7369019953
336,1,1,1,1,1,0.3219348612,0.694155009,0.5890806909,0.3612754983,0.3635135106,0.5074524005,0.4201457592,0.327173904,0.8305472727,0.2880429121,0.7225078734,0.4313862168,0.3339117681,0.3208191736,0.5274193196,0.8223486102,0.7365509206
336.5,1,1,1,1,1,0.3248499091,0.6953860923,0.5875291895,0.3644178977,0.3634947924,0.5096274901,0.4171715953,0.3266321958,0.8316762863,0.2895231981,0.7227538337,0.4337384093,0.3343710706,0.3214684282,0.5261346715,0.8218938388,0.7365898866
337,1,1,1,1,1,0.3252926701,0.6967888756,0.5883631229,0.3654464673,0.3652706849,0.5113796982,0.4181278865,0.3285757604,0.8317353812,0.2886681695,0.7242744905,0.4333371687,0.3337655049,0.3214514142,0.5291476688,0.8228728319,0.7361317354
337.5,1,1,1,1,1,0.324043506,0.6940878995,0.5871372255,0.3634544729,0.365381587,0.510364373,0.4186318111,0.3291159132,0.8305021852,0.2864921359,0.7234968745,0.4326299707,0.3331163201,0.3234256391,0.5284427189,0.8221151232,0.7365763842
338,1,1,1,1,1,0.3241836035,0.6947499602,0.5879402245,0.3624873566,0.3647092345,0.5094889446,0.4182238083,0.3274364704,0.8324261965,0.2891266403,0.7227149495,0.430568761,0.3334153793,0.3229320655,0.5285995423,0.8220047214,0.736898482
338.5,1,1,1,1,1,0.3238852311,0.6957518016,0.5858490541,0.3634089938,0.3642053808,0.5053096784,0.4182267847,0.3269179626,0.8329245665,0.2920341102,0.7234923351,0.4349666454,0.3316126794,0.3215864672,0.528625445,0.8231982521,0.7374579697
339,1,1,1,1,1,0.3231066298,0.6948957266,0.5849671563,0.3632418831,0.3647729182,0.5058174798,0.4194587838,0.327493649,0.8323265263,0.2927788014,0.7233495708,0.4370904084,0.3311430008,0.3230457825,0.5299722279,0.8237873774,0.7385043604
339.5,1,1,1,1,1,0.324387049,0.6956347233,0.584841031,0.3643813405,0.36249401,0.5073010752,0.4166160053,0.3267830145,0.8315784462,0.2921022245,0.7234076519,0.4336121842,0.3307637304,0.3244261463,0.5298985878,0.8229384524,0.7392600601
340,1,1,1,1,1,0.3230311508,0.6928340808,0.5832635335,0.3639540159,0.3633355977,0.5072648707,0.416190404,0.3257091742,0.8333367596,0.2915683894,0.7253726004,0.4322355542,0.3315696185,0.3262220598,0.530926419,0.8197650642,0.7394058013
340.5,1,1,1,1,1,0.3220523771,0.6947996362,0.58111776,0.363744311,0.3624976693,0.5063032408,0.4165602566,0.3256513448,0.8347493911,0.2916647144,0.7274175439,0.4306338998,0.3321085921,0.3245514277,0.5290697568,0.8207552814,0.7389605607
341,1,1,1,1,1,0.3212466186,0.6945369137,0.5822057234,0.3671970587,0.3618449317,0.5058899006,0.4169623444,0.3264521292,0.8354653461,0.2918768643,0.7278964794,0.4308196565,0.3318735041,0.3248210789,0.5308544797,0.8213157399,0.7398205675
341.5,1,1,1,1,1,0.3233754316,0.6943244177,0.5827386853,0.3668063488,0.3618848812,0.50677955,0.4170149434,0.3268573074,0.8342566314,0.2928728692,0.729076558,0.4299799136,0.3315922896,0.3250121221,0.5330681196,0.8204497217,0.739964421
342,1,1,1,1,1,0.3221231453,0.6946142098,0.5848920476,0.367581475,0.3627345309,0.5067960191,0.417672949,0.3266251985,0.8331006542,0.2920422537,0.7285869256,0.4288782218,0.330888392,0.3243101758,0.5306084068,0.8202076119,0.7392211215
342.5,1,1,1,1,1,0.3231710577,0.6930677909,0.5844632518,0.3674509408,0.3622388781,0.5071970813,0.416333381,0.3251102465,0.8312242225,0.2914810607,0.7277453705,0.428772141,0.3329678837,0.3223719613,0.5315358597,0.8196030275,0.7408655637
343,1,1,1,1,1,0.3234913289,0.693442289,0.5827316725,0.3663379595,0.363011712,0.5063503377,0.4186175525,0.3276282078,0.831781975,0.2915989475,0.7290281784,0.4271532158,0.3302306071,0.3245345332,0.5304751565,0.8194912334,0.7378210558
343.5,1,1,1,1,1,0.3248334754,0.6935113639,0.5827889995,0.3658812779,0.3637702527,0.5054413551,0.4172015209,0.3283438147,0.8318462434,0.2887817578,0.7269216798,0.425679667,0.3304832087,0.321852073,0.5323134612,0.8200536798,0.7382269438
344,1,1,1,1,1,0.3243292363,0.6932009067,0.5854506137,0.3671576376,0.3635105648,0.5055304347,0.4169052532,0.3303322996,0.8326463261,0.2894012547,0.7241409499,0.4256928944,0.3301299055,0.3229336728,0.5312044846,0.8197735388,0.7383330456
344.5,1,1,1,1,1,0.3238793196,0.6951284153,0.5869944813,0.3682593052,0.3641914255,0.503357299,0.4184112237,0.3313208857,0.8323796854,0.2885685722,0.7235490992,0.4268725146,0.3306819155,0.3238112382,0.530060853,0.8182862258,0.7390059166
345,1,1,1,1,1,0.3237394951,0.6954291423,0.5848167953,0.3673181089,0.3627879481,0.5032055831,0.4175100878,0.333271557,0.832295925,0.2869388633,0.723630038,0.4251874668,0.3301584325,0.3234854014,0.532233796,0.8191468557,0.7377725406
345.5,1,1,1,1,1,0.3238746478,0.6973426894,0.5856626842,0.3654202927,0.3619975668,0.5035868572,0.4172555372,0.3340718787,0.8317670092,0.2875979657,0.7237902875,0.4286975949,0.3275776409,0.3230528465,0.5337601479,0.8194742764,0.7372725266
346,1,1,1,1,1,0.3227742542,0.6961749444,0.5863175435,0.3677490169,0.3647604649,0.50308973,0.4171915423,0.3346162388,0.8324699624,0.289343105,0.7244900358,0.4247779716,0.3307536716,0.3229990223,0.5315350952,0.8181128636,0.7408963426
346.5,1,1,1,1,1,0.3229542256,0.6946263383,0.5890904364,0.3672791322,0.3634443331,0.5032002565,0.4160619896,0.3331000961,0.8321207903,0.2887392756,0.7220764339,0.4250014568,0.3311595252,0.3228631374,0.5314061277,0.8180727565,0.740601952
347,1,1,1,1,1,0.3225077768,0.6964313581,0.5874886226,0.3650497319,0.3643367762,0.5055720629,0.4173044955,0.3306316466,0.8324266125,0.2888677015,0.7213665928,0.4260221745,0.3292597984,0.3229958836,0.5331665469,0.8181850197,0.7393332131
347.5,1,1,1,1,1,0.3239116505,0.6958477103,0.5875638528,0.3652350258,0.3647600549,0.5051268591,0.4172821201,0.3293058336,0.8320489804,0.2896813997,0.7191920017,0.4269571777,0.3322402012,0.3239337412,0.5324129029,0.8193809038,0.7380945014
348,1,1,1,1,1,0.32263755,0.6975618436,0.5868018652,0.3632489953,0.3643426548,0.5068304387,0.4168379976,0.328437976,0.8332789467,0.2884182067,0.719930188,0.4280276918,0.3311013918,0.3235442803,0.5328838549,0.8188307062,0.7380369167
348.5,1,1,1,1,1,0.3233689827,0.6952465626,0.585768943,0.3634063745,0.3642240364,0.5068941195,0.4165337944,0.3264894056,0.8327638812,0.289049176,0.7205996848,0.4302199806,0.3316315823,0.3245871199,0.5334982325,0.81929107,0.7388874234
349,1,1,1,1,1,0.3222635031,0.6958661065,0.585451655,0.3628226375,0.3636719142,0.5068158743,0.4180825522,0.3234742174,0.8322345966,0.2905304313,0.7191316762,0.4313010014,0.3305325145,0.3279364584,0.5331177014,0.8189321177,0.7409114946
349.5,1,1,1,1,1,0.3232798299,0.6948041941,0.5866888508,0.3662893101,0.3610509011,0.5051982627,0.4193011408,0.3258333689,0.8313527052,0.2888475013,0.7225395087,0.4315427168,0.3326761734,0.3271856602,0.5331097375,0.8200832877,0.7402897857
350,1,1,1,1,1,0.3236642868,0.695801432,0.5863833965,0.3651774183,0.3616634995,0.5056871352,0.4162196719,0.3290507358,0.8320406579,0.2900587145,0.7246366934,0.4312682391,0.3338065545,0.3246801303,0.5309243987,0.818391577,0.7389689431
350.5,1,1,1,1,1,0.3252942714,0.6943222613,0.584894226,0.3671795324,0.3623518699,0.5084364623,0.4113508365,0.327396867,0.8324161586,0.2929322819,0.7244132749,0.4344083118,0.3348463395,0.3257268356,0.5308834704,0.8177213489,0.738519772
351,1,1,1,1,1,0.3235789764,0.6934542207,0.5852465254,0.3670951286,0.3661482439,0.5094157915,0.411692024,0.3279647343,0.8329725817,0.2917248076,0.7242887907,0.4326034282,0.3369796503,0.32515221,0.5324458591,0.81970454,0.739064625
351.5,1,1,1,1,1,0.3242594817,0.6936053897,0.5847708339,0.3644790477,0.3659309627,0.5069964961,0.4139188009,0.3263411796,0.8329389285,0.2925231289,0.7238890499,0.4313476453,0.3382251955,0.3256342754,0.5324706077,0.8196274848,0.7385848056
352,1,1,1,1,1,0.3260727908,0.6958084708,0.5844838999,0.3652659329,0.3661544602,0.5079208452,0.41115452,0.3282310033,0.8324614708,0.2920822905,0.723529182,0.4333378918,0.3379998473,0.3269264896,0.5308375969,0.8187676025,0.7382642924
352.5,1,1,1,1,1,0.3260532717,0.6937636755,0.583052315,0.3620966873,0.3639998506,0.5105383291,0.4145622439,0.3267616143,0.8311307652,0.2915764875,0.7227441469,0.432830285,0.3375657743,0.3274737211,0.5294367707,0.8199836604,0.7379050373
353,1,1,1,1,1,0.3250873685,0.6942816007,0.5823406385,0.3637130957,0.3641838648,0.5089587494,0.4156379084,0.3277022537,0.8307014796,0.2900776674,0.7234013473,0.4333334681,0.3384227374,0.3295914104,0.5322716884,0.8199152153,0.7365563567
353.5,1,1,1,1,1,0.321654121,0.6958561898,0.584525586,0.3637480728,0.3642733192,0.5087427961,0.417983786,0.3258920817,0.83029357,0.2882901097,0.725032134,0.4368847812,0.3401600542,0.3279596068,0.5322517859,0.8193838097,0.7353319688
354,1,1,1,1,1,0.3225148635,0.6952837093,0.5837251591,0.364174402,0.3642007324,0.5070683705,0.4185022753,0.3271231717,0.8299201956,0.2897681493,0.7237055937,0.4347048372,0.3405121964,0.3290949806,0.5365846604,0.8178623478,0.7352157315
354.5,1,1,1,1,1,0.3203693094,0.6928926832,0.5867053635,0.3644887425,0.3628568856,0.5073173304,0.4173624685,0.3303933928,0.8297316434,0.2902575409,0.7238055135,0.4361977524,0.3393018605,0.3273593089,0.5369796112,0.819630047,0.734727322
355,1,1,1,1,1,0.3224019855,0.6932983516,0.5890899951,0.3643494056,0.3613188112,0.504446112,0.416685978,0.3290175232,0.8318985521,0.289368029,0.7243257845,0.4367106965,0.3379802857,0.3288380246,0.5368669812,0.8189300574,0.7357360223
355.5,1,1,1,1,1,0.3245338763,0.6924678335,0.5892200504,0.3646915003,0.360990304,0.5046597458,0.4163708292,0.3281405605,0.8335669711,0.2912580551,0.7234990536,0.4340816376,0.3368598856,0.3283731076,0.5343584974,0.819770964,0.7348934274
356,1,1,1,1,1,0.3252411703,0.6951076497,0.5862575534,0.3657709175,0.3617967108,0.5077929986,0.4175609523,0.3284740947,0.8342392798,0.2918717769,0.7241629265,0.4357529721,0.3355600676,0.3289116349,0.5349741705,0.8208026418,0.7347801991
356.5,1,1,1,1,1,0.3265048575,0.6958257732,0.5865512216,0.3651246379,0.3627175618,0.505767957,0.4201442216,0.3297394632,0.8334412706,0.2916131752,0.7226466532,0.4356612584,0.3338217343,0.3264765666,0.5352718827,0.8197410026,0.7346375155
357,1,1,1,1,1,0.3256394235,0.6960794468,0.5830319352,0.3636085245,0.3611368603,0.5066807493,0.4184487826,0.3310610424,0.8331654252,0.2918432974,0.7243730036,0.4331764256,0.3337650112,0.3256486952,0.5367453655,0.8210849666,0.7344159287
357.5,1,1,1,1,1,0.3273518797,0.6946533633,0.5837434834,0.362397571,0.3616254182,0.5047602446,0.4155512169,0.3293194365,0.8323419146,0.2923579009,0.7245432057,0.4341905869,0.3331886711,0.325437958,0.5349995402,0.8213738706,0.7325632066
358,1,1,1,1,1,0.3274174559,0.6951765345,0.5842642176,0.3630761533,0.3601113353,0.5041193155,0.4152436224,0.3274487733,0.8327763291,0.2907836455,0.7241788472,0.4349711142,0.3333084969,0.3247811791,0.535265837,0.8224585174,0.7299276681
358.5,1,1,1,1,1,0.3265195368,0.6945114384,0.5848935635,0.3629397482,0.3618699103,0.5071976453,0.4165499404,0.3280081453,0.834275264,0.2920028391,0.722397661,0.4342823952,0.3366331834,0.3258069818,0.5338940462,0.8231221696,0.7290823398
359,1,1,1,1,1,0.3264403332,0.6944489331,0.5858445013,0.3643476862,0.3612128246,0.506426816,0.4156719475,0.328021259,0.8349248696,0.2914821023,0.7206678828,0.4338723455,0.3351902754,0.3269744766,0.5318658619,0.8236762217,0.7317989339
359.5,1,1,1,1,1,0.3251482811,0.6942003753,0.5847923474,0.3654509185,0.36120306,0.5049122867,0.4171120129,0.3281539501,0.8341261138,0.2913302188,0.7209973641,0.433640877,0.3364796565,0.3257723962,0.5331602683,0.8249230041,0.7329477301
360,1,1,1,1,1,0.3267641554,0.6940555809,0.5840215093,0.3663358052,0.3610839074,0.5044278426,0.4169637805,0.3285050436,0.8336516415,0.2930774065,0.7213071203,0.4317658247,0.3347448925,0.3236355753,0.5335613899,0.8251984618,0.7345835162
360.5,1,1,1,1,1,0.3246277922,0.6972690355,0.5837479071,0.3650710013,0.3635493622,0.5051109557,0.4158027115,0.3318865918,0.8342753893,0.2932335403,0.719914442,0.4308058353,0.3342719708,0.3242706902,0.5325804414,0.8251817976,0.7342571129
361,1,1,1,1,1,0.3206510595,0.6975888961,0.5853035292,0.3647259616,0.3619758254,0.5043026918,0.4168990245,0.3325091462,0.8329297777,0.2910640107,0.7225943923,0.4309843697,0.3329102711,0.324366594,0.5314954775,0.8242407574,0.7361189311
361.5,1,1,1,1,1,0.3221827001,0.6972596892,0.5842367592,0.3673081871,0.3625383184,0.5042625803,0.4186563489,0.330584146,0.8341104344,0.2903026848,0.7242256255,0.4314734808,0.3303912014,0.3245775702,0.5312933514,0.8214558873,0.7349185604
362,1,1,1,1,1,0.3222649843,0.6941418969,0.5850731748,0.3655997249,0.3595780111,0.5071641859,0.4171634213,0.3311250995,0.8343163182,0.291163425,0.7228098981,0.4307686076,0.3300317792,0.3237156017,0.5306379701,0.8213229542,0.7360034048
362.5,1,1,1,1,1,0.3219679992,0.6934505075,0.5854826155,0.365808047,0.3606677903,0.5075720414,0.4193704584,0.3324559302,0.8345872279,0.2910298654,0.7234699136,0.4278694027,0.331821251,0.3235275092,0.5311151831,0.8201868404,0.7361104407
363,1,1,1,1,1,0.3227475557,0.6959042913,0.5851469433,0.3642054855,0.3602477972,0.5055844866,0.4166250218,0.3332156748,0.8348392548,0.2893241052,0.7250476422,0.4288910649,0.329751776,0.3233323146,0.5309542137,0.819799151,0.7340452392
363.5,1,1,1,1,1,0.325083106,0.6936473467,0.5855803449,0.3630579131,0.3612838028,0.5039978663,0.4143448492,0.3304712654,0.8352955638,0.2888535954,0.724974032,0.4325871893,0.3280916026,0.3220134713,0.5290745224,0.8185001545,0.7356634053
364,1,1,1,1,1,0.3254877766,0.693535165,0.5881770655,0.3605303785,0.359150756,0.5037214535,0.4130521442,0.329868272,0.8352047662,0.2897193068,0.7283560753,0.4326675357,0.330079292,0.3202207238,0.5292198313,0.8190016993,0.735952315
364.5,1,1,1,1,1,0.3224954491,0.6919045982,0.5848522989,0.3618829493,0.3621868993,0.5017744402,0.4154988074,0.3298705819,0.83413013,0.2904309703,0.7257117445,0.4318596929,0.3309442785,0.3211991535,0.5280764621,0.8193763119,0.737599745
365,1,1,1,1,1,0.3239649827,0.6926239229,0.5860298531,0.365633466,0.363621658,0.498486426,0.4175540012,0.3290840479,0.834700474,0.2905180417,0.7249576604,0.4314251347,0.3296616693,0.3243106918,0.5302363002,0.8202827238,0.7387055162
365.5,1,1,1,1,1,0.3227939965,0.692735795,0.5863667333,0.3652793155,0.3637514545,0.5001963677,0.4160957688,0.3275834662,0.8347046853,0.2908347435,0.7254698835,0.430815474,0.332244344,0.3238688564,0.5281597419,0.8198372696,0.7376637624
366,1,1,1,1,1,0.323817698,0.6926319072,0.5835289555,0.3660887483,0.364798654,0.5036065468,0.4158876059,0.3242611675,0.8341965825,0.2899322013,0.7264207587,0.4304575399,0.3298937921,0.3230916054,0.527226724,0.8188915384,0.7374700143
366.5,1,1,1,1,1,0.3215948369,0.6940497466,0.5828699414,0.3637865864,0.3620261427,0.5065327442,0.4174972089,0.3232971734,0.8333367571,0.289693843,0.727571552,0.4316182431,0.3298010482,0.3243367355,0.5294683419,0.8196210703,0.7345327814
367,1,1,1,1,1,0.3205010608,0.6942670435,0.5861465803,0.3648784648,0.3649622629,0.5067937263,0.4173748689,0.3240415003,0.834428755,0.2895730952,0.730407548,0.4292325789,0.32717198,0.3219997735,0.5283912733,0.8205024715,0.7342843483
367.5,1,1,1,1,1,0.3196552049,0.6943494004,0.5843849623,0.36427679,0.3636935194,0.5058063469,0.4173812627,0.3231992836,0.8351165013,0.2897334866,0.7308322166,0.4317875337,0.328716512,0.3219601159,0.5280812119,0.8205557361,0.7329376905
368,1,1,1,1,1,0.3182359853,0.6954458971,0.5830311181,0.3633520668,0.3622918334,0.5069566204,0.4184796084,0.3247079917,0.8361355248,0.2913987218,0.7304193526,0.4297001432,0.3306125692,0.3209074837,0.5309450031,0.8204291366,0.7319532191
368.5,1,1,1,1,1,0.3184087591,0.6938240333,0.58585703,0.3635465134,0.3622491571,0.5061624456,0.4188504074,0.3271264872,0.8360045434,0.290815672,0.7305979436,0.4302245724,0.330988921,0.3247599645,0.5342156241,0.8210605645,0.7313330261
369,1,1,1,1,1,0.3177504307,0.6924945843,0.5868471446,0.3646978896,0.3619031357,0.5074428611,0.4179070566,0.3280303446,0.836718893,0.2919251535,0.7284540039,0.4300406292,0.3308192601,0.3228981482,0.5335223693,0.8208343972,0.7311685908
369.5,1,1,1,1,1,0.3202287375,0.6933509627,0.5866464571,0.3647823045,0.3620447268,0.5055605205,0.4153431352,0.3281227415,0.8353334183,0.29126955,0.7292033929,0.4299526308,0.332498858,0.3235122625,0.5365126258,0.8210807546,0.7320406271
370,1,1,1,1,1,0.3202320519,0.6934658032,0.5837422642,0.3635624877,0.3602128869,0.5072302048,0.4159610073,0.3284777636,0.8362638653,0.2900880479,0.7263363723,0.4318028214,0.3339159903,0.3241631533,0.5347629614,0.8208857892,0.734191125
370.5,1,1,1,1,1,0.3231410854,0.692371672,0.5838839625,0.3625513899,0.3603432701,0.5060754405,0.4183063346,0.3286765933,0.8377203224,0.2890334342,0.7257258577,0.4328734695,0.3360610762,0.3240000717,0.533414454,0.8207399172,0.7342183587
371,1,1,1,1,1,0.3233515811,0.6927171989,0.5845258129,0.3624483405,0.3610174074,0.5016883236,0.4170471569,0.3320864196,0.8368728165,0.2882377019,0.7246572945,0.4305443631,0.3343604579,0.3224011927,0.5332415776,0.8214461144,0.7354976295
371.5,1,1,1,1,1,0.3226060097,0.6938027292,0.5852412427,0.3626590113,0.3619862868,0.5043029288,0.4160316572,0.3307542218,0.8360998307,0.2868302951,0.7229241303,0.4312557707,0.3354370144,0.3213405138,0.5339969017,0.8224405085,0.7343645821
372,1,1,1,1,1,0.322771791,0.6927865212,0.5850696705,0.3635327306,0.3643333677,0.5043013781,0.4175397301,0.3277417151,0.8340703576,0.2883820721,0.7250207501,0.4284983745,0.333793465,0.3210137002,0.5336065288,0.8218363975,0.734127826
372.5,1,1,1,1,1,0.3221692383,0.6943144909,0.5853993586,0.3641803299,0.36239058,0.5046472258,0.41744606,0.3284295197,0.83291889,0.2884181179,0.7239069656,0.4251862914,0.3313971329,0.3199842379,0.5314156082,0.8226956614,0.7342118875
373,1,1,1,1,1,0.3226936387,0.6946652858,0.5842224063,0.3653381112,0.3645646608,0.5051378199,0.4169866852,0.3262805584,0.8319697394,0.2867042144,0.7247998932,0.4283635851,0.3311001574,0.3227960453,0.5326499578,0.8230981329,0.7326728164
373.5,1,1,1,1,1,0.323290137,0.6943289345,0.5863422302,0.3662957609,0.3672534371,0.5058479481,0.4187757532,0.3253555198,0.8321639703,0.2854744774,0.725183672,0.4274772686,0.3300817322,0.3226838181,0.5339556805,0.8234919041,0.7335997666
374,1,1,1,1,1,0.3255156858,0.6943478601,0.5858826328,0.3653703143,0.365530142,0.5083662105,0.4211824809,0.3279185769,0.8327991672,0.2873407418,0.7249351894,0.4287331389,0.3292799366,0.3234869728,0.5328303897,0.8248631348,0.7337992273
374.5,1,1,1,1,1,0.324158241,0.693562548,0.585092578,0.3652940819,0.3667515489,0.5093793971,0.420512259,0.3284192406,0.8337445744,0.2858021217,0.7263054886,0.4276453054,0.3289738247,0.3220712835,0.5310749015,0.8239377557,0.7361297923
375,1,1,1,1,1,0.3244119145,0.6928467918,0.5859636464,0.3679071211,0.3637719266,0.5084503819,0.4200922376,0.3298747563,0.8337133328,0.286256356,0.7261921764,0.4299785528,0.3316106625,0.3218398075,0.5309486404,0.8240561467,0.7359116772
375.5,1,1,1,1,1,0.327029295,0.6971340306,0.5845004581,0.3687555432,0.3644843446,0.5090908296,0.4217420214,0.3321163333,0.8349441412,0.2873151179,0.724519484,0.431004346,0.3326104297,0.3223402258,0.5316561214,0.8219988196,0.7363763328
376,1,1,1,1,1,0.3254626388,0.6965335158,0.5822416405,0.3698708881,0.3644679408,0.5076786174,0.423491126,0.3326347032,0.8341467667,0.2886220688,0.7228221359,0.4314112918,0.3317197888,0.3227509828,0.5286989491,0.8223688705,0.7369706758
376.5,1,1,1,1,1,0.3242543069,0.6963239898,0.5826971442,0.3659611134,0.3637001079,0.5080875434,0.4228690538,0.3312331185,0.8363603432,0.2898654956,0.7224207523,0.4318182195,0.3330389864,0.3241037493,0.5277758173,0.8227282695,0.7374659738
377,1,1,1,1,1,0.3249446147,0.6957173871,0.580463238,0.3675985104,0.3611103895,0.5095991925,0.4193374699,0.3325258141,0.8358083332,0.2898530406,0.7239110259,0.4304791344,0.3336504357,0.324231576,0.5282315266,0.8228803345,0.7391440713
377.5,1,1,1,1,1,0.3238763519,0.6958598293,0.5838859838,0.3659432961,0.3616656296,0.5105696597,0.4197926542,0.3292484403,0.8353495199,0.2892726946,0.7245884877,0.4301862335,0.3344381791,0.3267879773,0.5274049178,0.8218589606,0.7394273432
378,1,1,1,1,1,0.3226693831,0.6937744184,0.5815255421,0.3666478716,0.3604041033,0.5097886999,0.4190596889,0.3325786343,0.8351370743,0.2878755969,0.7257779685,0.4316242655,0.3339337703,0.3261221523,0.5300745108,0.8215222287,0.7394551909
378.5,1,1,1,1,1,0.3211747561,0.693396547,0.5823970296,0.366975444,0.3619143221,0.5098641212,0.4186284225,0.3326354219,0.8343172069,0.2899730239,0.7241485208,0.4285086495,0.3334957594,0.3260204317,0.530733979,0.8226652871,0.7401084296
379,1,1,1,1,1,0.3195705498,0.6940687099,0.5843778311,0.3643491199,0.361079112,0.5110176052,0.4175489257,0.3309665172,0.8346143615,0.2896513611,0.7236656925,0.4301598305,0.3318556044,0.3252351574,0.5299307288,0.8207677698,0.7397880257
379.5,1,1,1,1,1,0.3201952389,0.6938422068,0.5833119658,0.3631377839,0.3614355066,0.508823582,0.4194974443,0.332651717,0.8340850077,0.2905852008,0.723521926,0.4303615182,0.3328934979,0.3256944688,0.5305002005,0.821727586,0.7386004732
380,1,1,1,1,1,0.322755512,0.6953316194,0.5823697728,0.3637143409,0.3624964911,0.507835536,0.4189931779,0.3336004851,0.8351357721,0.2915645207,0.7242038389,0.4266862723,0.3353513225,0.3275961479,0.5335955607,0.8203974621,0.7392529737
380.5,1,1,1,1,1,0.3201223255,0.6956487402,0.5843876633,0.3624887822,0.3609691462,0.5070089552,0.419683888,0.330778945,0.83467135,0.2916977356,0.723212202,0.4276113188,0.3345267413,0.3277013308,0.531721528,0.8212940393,0.7389801609
381,1,1,1,1,1,0.3195055051,0.6952366093,0.5851107528,0.3633652092,0.3594271962,0.5068424578,0.416716839,0.3328158424,0.8350963982,0.2924863826,0.7204690782,0.4287846026,0.3337712625,0.3264586652,0.5304292924,0.8224369123,0.7357371234
381.5,1,1,1,1,1,0.3195968467,0.6942237418,0.5833831309,0.3617859157,0.3609610315,0.5073069238,0.4196738704,0.3303305467,0.8348461027,0.2927403462,0.7195194893,0.4280093864,0.3326438936,0.3275902961,0.5310029111,0.8203590761,0.7321569412
382,1,1,1,1,1,0.3196008867,0.6938052876,0.5834984495,0.3642492625,0.3607379155,0.504785648,0.4209815324,0.3304154363,0.8368963156,0.2933639615,0.719657804,0.4272622538,0.3316912271,0.3282392811,0.5303127665,0.8205154398,0.7321607908
382.5,1,1,1,1,1,0.3196408577,0.6944849986,0.5869713713,0.3668938207,0.3603911621,0.5030938547,0.4211510431,0.3288695934,0.8357420895,0.2910959185,0.720602661,0.4282791315,0.3333154551,0.3291787117,0.5304376161,0.8205808785,0.7310322652
383,1,1,1,1,1,0.3172709132,0.6936187731,0.5855918368,0.3672728613,0.3619567428,0.5040413745,0.4195683899,0.3298226637,0.8362086117,0.2912832979,0.7193344419,0.4295295301,0.3331161298,0.3276800501,0.5287888055,0.8213425116,0.7299158251
383.5,1,1,1,1,1,0.3188205446,0.6935398636,0.5834185028,0.367072971,0.3628470376,0.5063935643,0.4174637463,0.328639149,0.8377589315,0.2902866274,0.7186136174,0.4300382477,0.3332339603,0.3276617307,0.5325475465,0.8203507012,0.7318790009
384,1,1,1,1,1,0.3202149036,0.6920213327,0.581948653,0.3683784252,0.3602085656,0.5054622706,0.4166260378,0.3286044412,0.8382452171,0.2902902787,0.717357128,0.4311470921,0.3349897566,0.3260218469,0.5320435753,0.8220652642,0.7305935012
384.5,1,1,1,1,1,0.3190924965,0.6918092512,0.5812677147,0.3687459584,0.3597996013,0.5058449815,0.4168913219,0.3283628285,0.8373813185,0.2893489733,0.7204298029,0.4293954406,0.3377638951,0.3257033022,0.5323599933,0.821117709,0.7297848815
385,1,1,1,1,1,0.317849962,0.692850682,0.5795513623,0.3669434214,0.3590380545,0.5071730845,0.4150355243,0.3286172057,0.8363497329,0.2892863253,0.7228562096,0.427004511,0.3377557483,0.3267343556,0.5330419163,0.8212438313,0.7292144112
385.5,1,1,1,1,1,0.3186523718,0.6920993939,0.5810217558,0.3664181376,0.3595610617,0.5080647165,0.4139124112,0.3265578981,0.8375997189,0.289794156,0.7232417623,0.4243184965,0.3367907276,0.3232278434,0.533311326,0.8206446498,0.7288279638
386,1,1,1,1,1,0.3183886815,0.693013676,0.5807714535,0.3664677563,0.3595867771,0.5056603695,0.4161720207,0.3265170463,0.8364454988,0.290055461,0.7225369251,0.4243138197,0.3320436607,0.3263756954,0.5337000977,0.8236934169,0.728669984
386.5,1,1,1,1,1,0.3197940076,0.6936748761,0.5851281745,0.366680145,0.3614983617,0.5077297552,0.4178382429,0.3266017634,0.83397008,0.2906047182,0.7202407597,0.4260869574,0.3328428524,0.3263248579,0.5340082484,0.8237403944,0.7306204474
387,1,1,1,1,1,0.3205296473,0.6925459995,0.5849989727,0.365115209,0.3618333871,0.5076722268,0.4180098678,0.3269174249,0.8334325105,0.2909636316,0.7191890738,0.4244786956,0.3322206787,0.3257191383,0.5360429692,0.8246265153,0.7301637507
387.5,1,1,1,1,1,0.3203636498,0.6930987698,0.5838692741,0.3666008703,0.361256549,0.5069023312,0.4177955409,0.3279780217,0.8352844146,0.2922662014,0.7220686986,0.4224954945,0.3325798392,0.3240075956,0.5345283905,0.825731876,0.7318959378
388,1,1,1,1,1,0.3233500044,0.6943896598,0.5844990933,0.3672961252,0.3636054467,0.5065315818,0.4171959674,0.3286359045,0.8337561822,0.2912764869,0.7205407939,0.4225249156,0.3313846843,0.3231980445,0.533434207,0.8251150776,0.7332775552
388.5,1,1,1,1,1,0.3244445989,0.6950242104,0.5840503296,0.367779682,0.363048515,0.5067365118,0.4153713886,0.3283479112,0.8333617145,0.2921831899,0.7179575429,0.4231258837,0.3300074816,0.3241130453,0.5342170001,0.8228870541,0.7349368516
389,1,1,1,1,1,0.3253806562,0.6955162961,0.5836701266,0.3680110325,0.3611604786,0.5106377731,0.4171629395,0.3306401662,0.8344200412,0.2915285765,0.7181553969,0.4270725852,0.3292967196,0.3226138086,0.5325779496,0.823300828,0.7337798725
389.5,1,1,1,1,1,0.3226671655,0.6970626463,0.5808557499,0.3678068811,0.3612866201,0.5095913162,0.4185008841,0.3288872084,0.8340188463,0.2935039405,0.7190091082,0.4274676758,0.3293665158,0.3216516709,0.5322209433,0.8221036386,0.7345696595
390,1,1,1,1,1,0.3241145901,0.6951812762,0.5839281691,0.3670615756,0.3619062073,0.5106191867,0.4190375978,0.3266188268,0.8340929351,0.2927598952,0.719382297,0.4271344888,0.3305801225,0.3232100373,0.5270330692,0.8206662724,0.7346562274
390.5,1,1,1,1,1,0.3240052011,0.6929085564,0.5871447076,0.3673728119,0.3621003806,0.5079622025,0.4176451966,0.3254357786,0.83281913,0.2905772069,0.7196863859,0.4277576717,0.330128865,0.3232393153,0.5250577914,0.8209405053,0.733117299
391,1,1,1,1,1,0.3221055002,0.6948692513,0.5876665798,0.3675810508,0.36239747,0.5070153929,0.4167600448,0.3269922804,0.831158659,0.2885974555,0.7203078926,0.4258266095,0.3283144195,0.3236715564,0.526014179,0.8215257639,0.7341422548
391.5,1,1,1,1,1,0.3235187341,0.6956671354,0.5835922644,0.366481774,0.3625300771,0.5060940328,0.4167713137,0.3266145614,0.8310315762,0.2889612595,0.7194882436,0.4254261695,0.3273152979,0.3236531749,0.5261221992,0.8209514319,0.7349206687
392,1,1,1,1,1,0.3246314267,0.694238765,0.5837082129,0.367377689,0.360394263,0.5049188765,0.4192145185,0.326208091,0.8310495622,0.2888197161,0.7191639123,0.4275954097,0.3273601056,0.3225783458,0.5238408235,0.8228919774,0.7361866481
392.5,1,1,1,1,1,0.3238054392,0.697389437,0.5828956629,0.3663542778,0.3631095966,0.5049159029,0.4211691832,0.3282774534,0.8314434721,0.2901260222,0.7220092866,0.4265750223,0.3264072885,0.3206727772,0.5260342187,0.8240766755,0.7363235984
393,1,1,1,1,1,0.3251319313,0.6956214861,0.5845970887,0.3679791083,0.363519608,0.5035643476,0.4188112722,0.3266776322,0.8307311798,0.2885015385,0.7228686679,0.4269636541,0.3268695303,0.3205615014,0.5297280687,0.8222870232,0.7363023635
393.5,1,1,1,1,1,0.3247022764,0.6960654109,0.5844820577,0.3668568018,0.3624466106,0.5026874326,0.4171071026,0.3249962003,0.8327560453,0.2883833857,0.7229572847,0.4280916234,0.3243375537,0.3184686262,0.5291118257,0.8226742019,0.7362092168
394,1,1,1,1,1,0.3271054901,0.6971269733,0.5848094375,0.3651459138,0.3624548386,0.5054614204,0.4180443641,0.3248596744,0.832181331,0.2895203881,0.7242844062,0.4271777629,0.3248232345,0.3227328611,0.5282122288,0.8202442033,0.7358063899
394.5,1,1,1,1,1,0.3257961612,0.6962125912,0.5832563327,0.3651594465,0.3658257107,0.5074079341,0.4188761181,0.3255608785,0.8312106066,0.2881038362,0.726080247,0.4262189688,0.3282224506,0.323157354,0.529719852,0.8228293994,0.737338883
395,1,1,1,1,1,0.3248726189,0.6961946053,0.5843683814,0.3661452366,0.3658979455,0.5095088926,0.4177211578,0.3279247091,0.8320460789,0.2900720976,0.7257007096,0.4271984619,0.3279665051,0.3237525672,0.529573918,0.8225348617,0.739459687
395.5,1,1,1,1,1,0.3239439161,0.6962670039,0.5844667302,0.364410133,0.3619616702,0.5104393983,0.419176642,0.3264337148,0.8311843547,0.2915389402,0.724303626,0.4284520006,0.3280819169,0.3244314346,0.5305164175,0.8225464147,0.739822824
396,1,1,1,1,1,0.322409608,0.6949602616,0.5847999516,0.3646228358,0.3628976811,0.5098997706,0.4214201784,0.3261124724,0.8325034639,0.2925527844,0.724587729,0.4300247158,0.3269913064,0.3239738905,0.5293108239,0.8222776473,0.7373519751
396.5,1,1,1,1,1,0.3203561721,0.693942015,0.5828992189,0.3629270525,0.3615792308,0.5062474941,0.4216895577,0.3265598071,0.8341825724,0.2916808484,0.7258210572,0.4282639266,0.3302006165,0.3232356041,0.5293616746,0.8211882714,0.7387303904
397,1,1,1,1,1,0.3182483828,0.6938064072,0.5798821342,0.3676616071,0.361855582,0.5056405425,0.4213278228,0.3262700452,0.8346038386,0.2910401051,0.7267849932,0.4285182954,0.3289026122,0.3245973909,0.532086881,0.8203655551,0.7393260051
397.5,1,1,1,1,1,0.3166382731,0.695250164,0.5848174415,0.3672747486,0.362474383,0.5065024831,0.418070348,0.329707591,0.8343665677,0.2947338838,0.725028429,0.4275600287,0.3311146452,0.3241152183,0.5309015515,0.8210409434,0.7396499599
398,1,1,1,1,1,0.3158517703,0.6933860848,0.5838038466,0.3692845325,0.3613021723,0.507522191,0.4182321165,0.3286532122,0.8338668969,0.2947379307,0.7223928044,0.4284389805,0.3320567646,0.3240188659,0.5314114418,0.8213421598,0.7396425932
398.5,1,1,1,1,1,0.3160635065,0.6946647742,0.5828401994,0.3692456299,0.3608148931,0.5060487542,0.4177848812,0.3270142015,0.8356054255,0.2944624926,0.721879865,0.4285594072,0.3319596959,0.324432059,0.5337689012,0.8213841907,0.7382599025
399,1,1,1,1,1,0.319901158,0.696562032,0.5867007267,0.3680898964,0.3607775534,0.5071213513,0.4144925678,0.3243307571,0.8351617901,0.2918500896,0.7228708751,0.43068345,0.3317899449,0.3253229776,0.5332174361,0.8220446621,0.740315532
399.5,1,1,1,1,1,0.3186464932,0.6952601779,0.5867158027,0.3679403633,0.3608487919,0.5046931378,0.4135990497,0.3256220664,0.8344161734,0.2901843113,0.7246737593,0.4285106056,0.3327633848,0.3231373928,0.5304418241,0.8217739075,0.7415294409
400,1,1,1,1,1,0.3196988488,0.6956116867,0.5859021529,0.3686580739,0.363049289,0.5055104868,0.4154539652,0.3237425186,0.832574289,0.2906563643,0.7223633382,0.4259996271,0.3310624411,0.3238468504,0.5303680504,0.8203947916,0.7409014814
400.5,1,1,1,1,1,0.3179339064,0.6948114255,0.5838644475,0.3674714905,0.3618609778,0.5074590125,0.417253554,0.3237978423,0.8328468741,0.2924701842,0.7229042845,0.4273917539,0.3298499184,0.3238362082,0.5323709738,0.8207741102,0.7405559879
401,1,1,1,1,1,0.3197572109,0.6937095908,0.5851347298,0.367843864,0.3620285397,0.5077734606,0.4174174527,0.3241089864,0.8338767653,0.2922120742,0.724078779,0.4288486437,0.3305110868,0.3238065835,0.533019441,0.8200283851,0.7390917051
401.5,1,1,1,1,1,0.3187339847,0.6931571582,0.5827364012,0.3667462427,0.3632197727,0.5064604188,0.4148835143,0.3249825162,0.8352522828,0.2895911023,0.7240666692,0.4254260818,0.3306534721,0.3264824003,0.5313929627,0.8209067284,0.7393283839
402,1,1,1,1,1,0.3211254443,0.6917135566,0.5828482824,0.3666916405,0.363910548,0.507682871,0.4162582125,0.3259275728,0.8340648087,0.2884538769,0.7226720732,0.4277444695,0.3294960268,0.3267810043,0.5333069701,0.8223712622,0.7380570147
402.5,1,1,1,1,1,0.3222280532,0.6933406885,0.5814139756,0.3669502211,0.3618697149,0.5071001995,0.4164867809,0.3286619348,0.833605364,0.2884916396,0.7226345429,0.4304905665,0.3287239051,0.3262201666,0.5357260363,0.8236489777,0.7363190732
403,1,1,1,1,1,0.3214438317,0.6933167488,0.5826281487,0.3672907415,0.359882084,0.5060108615,0.413512249,0.3291005467,0.8348709816,0.2910634983,0.7222186932,0.4293068328,0.3269158702,0.3240991867,0.5333115476,0.8238103722,0.7371103603
403.5,1,1,1,1,1,0.3214354258,0.6924930557,0.5825651812,0.3695666183,0.3604030245,0.5079440597,0.4149369978,0.3274994418,0.8327531721,0.2911790008,0.7221565971,0.4266427746,0.3292622701,0.3246337048,0.5308021979,0.8236552011,0.7379385834
404,1,1,1,1,1,0.3174492951,0.6932648857,0.5855579264,0.368029873,0.3604754683,0.5068479712,0.4151762585,0.3260440104,0.8321210363,0.2899742156,0.722532059,0.4269701004,0.327519937,0.3242095494,0.5310984007,0.8239153379,0.7381710742
404.5,1,1,1,1,1,0.3190767937,0.6939203487,0.5875988311,0.3675354557,0.360892786,0.5046501342,0.4185664848,0.3259072173,0.8322387495,0.2898437784,0.7227907197,0.4282054692,0.3279901906,0.3207396325,0.5283610286,0.8217981773,0.7377991731
405,1,1,1,1,1,0.3182820671,0.6945816268,0.5865208437,0.3668989972,0.3614207899,0.5047131691,0.4168760812,0.3297184815,0.8310665477,0.2869054576,0.7242377654,0.42804404,0.3273205463,0.321281039,0.5304811988,0.8232140076,0.738247537
405.5,1,1,1,1,1,0.3192922334,0.6927365921,0.586751141,0.3674246967,0.3613654861,0.5045532847,0.4179827316,0.3289715856,0.8303429839,0.2904676954,0.7250563267,0.4302591419,0.3294868101,0.3199167169,0.5307747122,0.8220161215,0.7369554693
406,1,1,1,1,1,0.3181574884,0.6935379901,0.5879372479,0.3699947442,0.3623819394,0.5040467104,0.4156958453,0.3262882745,0.8324134214,0.2910026156,0.7235502275,0.4311996544,0.3302532161,0.3204910341,0.5305630137,0.8217659797,0.7374214819
406.5,1,1,1,1,1,0.3167416322,0.6920730383,0.5854233848,0.3676925605,0.3623281104,0.5058632994,0.4148349477,0.3276957121,0.8315120945,0.29112548,0.7216674663,0.4304369159,0.3340941702,0.3221323957,0.5314409434,0.8214949738,0.7358362329
407,1,1,1,1,1,0.3176948982,0.692877369,0.5839973925,0.3661030497,0.3619046302,0.5040487631,0.4124373142,0.3294511077,0.8323447157,0.2919133539,0.7185910642,0.4303191349,0.3322340124,0.3225206844,0.5293553389,0.8214079704,0.7352845941
407.5,1,1,1,1,1,0.3192457592,0.6930043016,0.5839144528,0.3665435859,0.3616156644,0.5066219024,0.4124842122,0.3253544289,0.831256554,0.2918026062,0.7191820922,0.4305261211,0.33407125,0.3249702401,0.529871871,0.8223944929,0.7335150398
408,1,1,1,1,1,0.3202406164,0.6917339993,0.5840983046,0.3661087803,0.3611208418,0.508339533,0.417274207,0.3249759392,0.8307041445,0.2888934074,0.7203360031,0.4282658452,0.3336487378,0.3267845995,0.5267142029,0.8222904407,0.7327862141
408.5,1,1,1,1,1,0.3224245433,0.6921759396,0.5879420992,0.3644677912,0.3614820147,0.5067635892,0.4171485936,0.3251311835,0.8306267276,0.2890930734,0.7209814723,0.4297488432,0.3336398069,0.3254822107,0.5263746711,0.8213019525,0.7322886992
409,1,1,1,1,1,0.3225687438,0.6927863086,0.5863651565,0.3646284737,0.3612175184,0.5067667919,0.4191354954,0.3250750669,0.8304984857,0.2895238063,0.7208681856,0.4290464844,0.3362203605,0.324734128,0.5291880696,0.8227958578,0.73368882
409.5,1,1,1,1,1,0.3201890297,0.6935953152,0.5853594452,0.3637224736,0.3616905179,0.5088484468,0.4196793817,0.327081655,0.8308430648,0.2894475699,0.7224895189,0.4272591619,0.3357819161,0.3244914797,0.5259259487,0.8240104751,0.7344986825
410,1,1,1,1,1,0.3234121318,0.6936490114,0.5858536591,0.3665963566,0.3623141772,0.5075743351,0.4172534172,0.3302202147,0.8304374967,0.2886556644,0.7201711819,0.4289311753,0.336053095,0.3252878451,0.5294279911,0.8244382876,0.7332740976
410.5,1,1,1,1,1,0.3251875686,0.6930205422,0.5852103582,0.3648889337,0.3603043354,0.5070341654,0.4183578457,0.3309567616,0.8314995178,0.288592295,0.7196017833,0.4300187652,0.3363392593,0.3254569406,0.5290821137,0.8248910589,0.7321898586
411,1,1,1,1,1,0.3255079999,0.6940055214,0.5849201229,0.365029068,0.3607771684,0.507664653,0.4178890437,0.3287597965,0.8320624373,0.2893544737,0.7209243494,0.4313807464,0.3359381911,0.3233173109,0.5284594723,0.8235522883,0.7316087939
411.5,1,1,1,1,1,0.3222119327,0.6919817661,0.582190964,0.367077651,0.359615752,0.5050235392,0.4179216397,0.3284856929,0.8330296647,0.2888160766,0.7193233392,0.431250076,0.3346717848,0.3236373831,0.5283605703,0.8220073039,0.7329265394
412,1,1,1,1,1,0.3213495745,0.695067669,0.5816056341,0.3637632319,0.3620193354,0.5061299962,0.4195123924,0.3305623909,0.8332682485,0.2869785229,0.7206553885,0.4327545108,0.3347529103,0.3236516178,0.5290705992,0.8217593481,0.7312715359
412.5,1,1,1,1,1,0.3220866584,0.6960662501,0.5826645079,0.3650558437,0.3637724507,0.5040210612,0.4194336891,0.3295944225,0.8325720186,0.2871286,0.7226569874,0.4286366493,0.335178661,0.3250582131,0.5316388215,0.8205123344,0.7301452298
413,1,1,1,1,1,0.3236071004,0.6947417149,0.582401783,0.3666904742,0.3634799213,0.5069409891,0.420754307,0.3271232462,0.8339331757,0.2885917102,0.7218097943,0.4287788256,0.3354179571,0.3273709067,0.5320037909,0.8224692206,0.7308388112
413.5,1,1,1,1,1,0.3231748649,0.6972111237,0.5838696178,0.3644197497,0.364410789,0.5062611846,0.4187600692,0.3268881294,0.8332143347,0.2877695141,0.7207523549,0.4284022175,0.3358408257,0.3247926655,0.5302496296,0.8204467699,0.7322243558
414,1,1,1,1,1,0.3226132911,0.6975797015,0.5829601593,0.3634440221,0.3622778153,0.5060918239,0.4186483374,0.3272302014,0.8334047265,0.291501712,0.7199553385,0.4298521241,0.3352051628,0.3273536369,0.5277490163,0.8194724537,0.7307398165
414.5,1,1,1,1,1,0.32250558,0.6966489497,0.5836846442,0.3658397271,0.3652692036,0.5061103902,0.4151131583,0.3260496867,0.8335018565,0.2902253885,0.7208085129,0.427143253,0.3337283358,0.3269325819,0.5294639248,0.8192571725,0.7343779124
415,1,1,1,1,1,0.322332549,0.6967503631,0.5850667788,0.3650819955,0.3658646479,0.5069212183,0.4144355125,0.3266949435,0.8334477951,0.2900436911,0.7227827341,0.4279773132,0.3356142753,0.3253215098,0.52894534,0.8185978184,0.7336403516
415.5,1,1,1,1,1,0.3224846071,0.693616689,0.583734775,0.3652131011,0.3654115647,0.5065143978,0.4107869943,0.3236039152,0.8333530811,0.2891256116,0.7258833241,0.4260812085,0.3369457233,0.3252074785,0.5312398827,0.8196361041,0.735410141
416,1,1,1,1,1,0.3209544003,0.6943786884,0.583339589,0.3654246998,0.3631892981,0.5082180693,0.4107671739,0.3231459247,0.832643859,0.2889039412,0.7266542233,0.4274329587,0.3342641612,0.3240427709,0.5277586404,0.8199667447,0.7360088982
416.5,1,1,1,1,1,0.3185846928,0.6950351692,0.5831843942,0.3657089619,0.362046856,0.5076889118,0.4145383924,0.3247065147,0.8302073579,0.2886815343,0.72761274,0.4270442913,0.3315666336,0.3255153922,0.5278866808,0.8188570396,0.7352933353
417,1,1,1,1,1,0.3201899435,0.6955989153,0.5849104437,0.365493052,0.3597925949,0.5084061106,0.4159580677,0.3257666978,0.8306278092,0.2887646008,0.7264365432,0.4257847812,0.332793151,0.3255174788,0.5292320673,0.8182573957,0.734726177
417.5,1,1,1,1,1,0.3219149258,0.6940867838,0.5831486136,0.363025593,0.3592639355,0.5072102272,0.41706386,0.3259165874,0.8295519601,0.2905031632,0.7248254419,0.4279776702,0.3342479892,0.3243209102,0.5277140707,0.8183945895,0.7355005047
418,1,1,1,1,1,0.3216529933,0.6927807049,0.5816149399,0.3613726946,0.358981132,0.5061364871,0.4158385513,0.3278004722,0.8301505474,0.2899763948,0.7241994281,0.4269353345,0.3327370707,0.3236744995,0.5291970618,0.8188047514,0.734106355
418.5,1,1,1,1,1,0.3197013898,0.6930601248,0.5832054015,0.3632993261,0.361483435,0.5049242114,0.4175394825,0.3271566652,0.8303731088,0.2904265385,0.7226703116,0.4275997998,0.3314488942,0.3239590872,0.5321665949,0.8197086446,0.7325813677
419,1,1,1,1,1,0.3187740719,0.6944200344,0.583843587,0.3637444191,0.3607301363,0.5060718372,0.4180082068,0.3255863702,0.8292335854,0.2906659514,0.720796958,0.4291495889,0.3292483878,0.3268437177,0.5335907595,0.8191729075,0.731827463
419.5,1,1,1,1,1,0.3188568893,0.6921834356,0.5828024665,0.3624778442,0.3622005327,0.5049876836,0.4191900473,0.3262392247,0.8305040659,0.2892933004,0.7204208932,0.4292585795,0.3309377584,0.3258894551,0.5332639664,0.8194864928,0.7308889198
420,1,1,1,1,1,0.3194272622,0.6916299605,0.5813910793,0.3626260724,0.3626771457,0.5063033127,0.4211181722,0.3264139158,0.8308211644,0.2887844428,0.7203311499,0.4283626828,0.3315605815,0.3246130567,0.5315524344,0.8187575019,0.7323116333
420.5,1,1,1,1,1,0.3183811187,0.6917339022,0.5837741029,0.3649762834,0.3623094698,0.5092430751,0.418561099,0.3249942415,0.8309853884,0.2903246634,0.7216046389,0.4285285511,0.3312501145,0.3236807466,0.5315604144,0.8172078201,0.7343625282
421,1,1,1,1,1,0.3184345127,0.6912301501,0.5847339811,0.3666034101,0.3633843935,0.5077830192,0.4208887873,0.3258133462,0.8332853834,0.2889255202,0.7219369159,0.4305394317,0.3312012819,0.3230155177,0.5318481537,0.8170128556,0.737598878
421.5,1,1,1,1,1,0.3211141794,0.6915227306,0.5857809157,0.3638339864,0.3639442809,0.5068874787,0.4186518268,0.3255716395,0.831548518,0.2877683948,0.723989573,0.4319041729,0.3333417305,0.3235569802,0.5294375812,0.818780785,0.7354239071
422,1,1,1,1,1,0.3202681742,0.689985929,0.5858873189,0.3660525168,0.3637356468,0.5071075877,0.4178910994,0.3260797874,0.8309782894,0.2891365266,0.7224599109,0.4336673663,0.332671042,0.3245251689,0.5259551302,0.8196162302,0.7336043047
422.5,1,1,1,1,1,0.3228294329,0.6906440429,0.5860167773,0.3632553623,0.3626448903,0.5047020643,0.4193625719,0.3265343728,0.8314294786,0.2873220992,0.7253900637,0.434558432,0.33379922,0.3243358212,0.5270964587,0.8196397318,0.734881393
423,1,1,1,1,1,0.3236626324,0.6912722556,0.5847829353,0.3639154959,0.3608748059,0.5050664285,0.4169327564,0.3273635208,0.8313923882,0.288654756,0.7250391699,0.4342308159,0.3332161562,0.3253761982,0.5269159249,0.8193206665,0.7330596688
423.5,1,1,1,1,1,0.3234775491,0.6907108895,0.5840237134,0.3645181135,0.3617742942,0.5068377756,0.4182313649,0.3282401742,0.8317930855,0.2880761344,0.724718243,0.4336759197,0.3336307659,0.3259687049,0.5285380713,0.8202643661,0.7342674348
424,1,1,1,1,1,0.3229784205,0.6933674605,0.5849382552,0.3638253295,0.3630694127,0.5079319413,0.4176275757,0.3286964883,0.8323194601,0.2893904624,0.7225768298,0.4336631338,0.3341226216,0.3251189609,0.5289783516,0.8209972129,0.7341911838
424.5,1,1,1,1,1,0.3230502679,0.6945040441,0.584698579,0.3649304322,0.3619920053,0.5089335488,0.4200133542,0.3290325018,0.8329279387,0.2885784685,0.7234213926,0.4369177025,0.3328372974,0.3241694399,0.527618931,0.8216637257,0.7350836909
425,1,1,1,1,1,0.3239323402,0.6946288194,0.584985493,0.3657170187,0.3602367269,0.5079319661,0.4198480787,0.328270262,0.8321213363,0.2876136314,0.7229011676,0.4346012299,0.3313216444,0.3236326116,0.5305678954,0.8208817382,0.7330964063
425.5,1,1,1,1,1,0.3222042013,0.6954287463,0.5865339556,0.3636014104,0.3596732719,0.5079574208,0.4216193907,0.3304723639,0.8307929893,0.2879274837,0.7220982666,0.4379908926,0.3322702359,0.3239085678,0.5278342278,0.8203494412,0.7335382713
426,1,1,1,1,1,0.3223260534,0.6947792166,0.5875672214,0.3670889116,0.3593931489,0.509278158,0.4216221097,0.329147081,0.8319640422,0.2876644263,0.7234393337,0.4369258199,0.3338543056,0.3259276987,0.5292105892,0.8194341284,0.731790572
426.5,1,1,1,1,1,0.3212030442,0.6974346427,0.5876356184,0.3650972898,0.3595254236,0.5065053023,0.4224572767,0.3319349192,0.8310474365,0.2881237586,0.7250131246,0.4340024822,0.3328115161,0.3222553054,0.5317206153,0.819296707,0.7323011349
427,1,1,1,1,1,0.3212315453,0.6954944513,0.5875291612,0.3650382804,0.361218701,0.5043449227,0.4219474117,0.3299696393,0.8307961827,0.2886521256,0.7247336145,0.4322023221,0.3326243764,0.3232808539,0.5305459731,0.8211453245,0.7324961581
427.5,1,1,1,1,1,0.3186319632,0.6924048737,0.588330596,0.3640760667,0.3595183563,0.5034729239,0.4192657445,0.3278168377,0.8313530701,0.2894046844,0.7233884305,0.4295810676,0.3333240142,0.3224341381,0.5302433361,0.8207949223,0.7332095725
428,1,1,1,1,1,0.3189435196,0.6929310314,0.5886758064,0.3657812644,0.3606853852,0.5059797228,0.4211985159,0.3270679124,0.8323689506,0.2895726397,0.7219887075,0.4307807951,0.3324567794,0.3236074578,0.5305872746,0.8231070852,0.7356145638
428.5,1,1,1,1,1,0.3182670119,0.6917267196,0.587442777,0.3666810512,0.3617412301,0.5046961827,0.4202537076,0.3250498018,0.8313558772,0.2912914183,0.7203857113,0.4309829928,0.3316949481,0.3209740385,0.5290025961,0.8227488868,0.7366144225
429,1,1,1,1,1,0.3165269472,0.6934041962,0.5883292832,0.3670966143,0.3611450208,0.5069982448,0.4227976226,0.32493327,0.8315588908,0.2905538834,0.7219872362,0.4324286614,0.3322603531,0.3206821167,0.5300574513,0.8204658464,0.738119884
429.5,1,1,1,1,1,0.3197568348,0.6917946028,0.5870550346,0.363337808,0.3598635063,0.5063198286,0.4225023432,0.3255723877,0.8303999342,0.2925326421,0.7208362253,0.4333740672,0.3326068283,0.3200903453,0.5304814432,0.8201317087,0.7365490403
430,1,1,1,1,1,0.319077246,0.6924345106,0.5879157442,0.3653329535,0.3582410757,0.5088759724,0.4204339888,0.3247237491,0.830440675,0.2954392316,0.723328325,0.4318595773,0.3308491983,0.3209425371,0.5276326609,0.8201146967,0.7375605182
430.5,1,1,1,1,1,0.3179819561,0.6936497248,0.5857873454,0.3659658086,0.3597692989,0.510229602,0.4195037873,0.3265747932,0.8314871491,0.2946646383,0.7231295902,0.4313570225,0.3320417712,0.320676212,0.5298957412,0.8181121862,0.7374781282
431,1,1,1,1,1,0.3175020614,0.6933071124,0.5868444718,0.3677601055,0.3574949002,0.5083228627,0.4179525923,0.3256434477,0.8327753381,0.2941307999,0.7218244007,0.4303278396,0.3310807182,0.3231471946,0.5314362181,0.8195964652,0.740540259
431.5,1,1,1,1,1,0.3182288947,0.6945858255,0.585145973,0.3666515672,0.3566278307,0.509216462,0.4167237112,0.3240593289,0.8327583017,0.2929037679,0.7216215854,0.4276746795,0.3304812232,0.3243306455,0.5315871909,0.8194247229,0.7390773199
432,1,1,1,1,1,0.3199890391,0.694821181,0.5844875399,0.365019041,0.3576158297,0.5100838579,0.4153927223,0.3241249147,0.8322160908,0.2912353323,0.722441826,0.4248921658,0.3296086853,0.3239072014,0.5329837175,0.8190005291,0.7410872442
432.5,1,1,1,1,1,0.3194852444,0.6969847194,0.5854300349,0.3643792878,0.3599683776,0.5108962581,0.4158479352,0.3271001992,0.8315330478,0.2890814307,0.7220610473,0.4275165513,0.3312936301,0.3256041604,0.5343109852,0.8184164804,0.7406707575
433,1,1,1,1,1,0.3202030781,0.6967702965,0.5852610114,0.3616104138,0.3615798997,0.5084459581,0.4156037424,0.3277656764,0.8327108204,0.2890450077,0.721877896,0.4296856134,0.3348409895,0.3248002272,0.5337209091,0.8180596529,0.7399634204
433.5,1,1,1,1,1,0.3193297628,0.6950088037,0.5836699809,0.3599272697,0.3607851646,0.5076352004,0.4199677106,0.3291710647,0.8330648363,0.2885926056,0.7199052084,0.4278436307,0.3346756282,0.323899163,0.5327440209,0.8183374614,0.7403453395
434,1,1,1,1,1,0.3207269341,0.6944010282,0.5857965092,0.3626427478,0.3592505742,0.5073186863,0.4198198373,0.3264109765,0.8328437325,0.2890398234,0.7196336267,0.4288679413,0.3345354231,0.3228233918,0.5280863052,0.8186928614,0.7399681851
434.5,1,1,1,1,1,0.3205396503,0.6926594097,0.5871038977,0.3618787568,0.3626583158,0.5060237362,0.4198146786,0.326769882,0.8318426173,0.287988849,0.7182277518,0.4310738643,0.3353285929,0.3247225124,0.5293509184,0.8184637234,0.7391927353
435,1,1,1,1,1,0.3212351641,0.6921279239,0.5863827452,0.3627835053,0.3629370181,0.5055049786,0.4195528582,0.3270388647,0.8308834505,0.2902574276,0.718360259,0.4307771641,0.3345211869,0.3241651429,0.5267259001,0.8209755895,0.7406514148
435.5,1,1,1,1,1,0.3204733795,0.6929573547,0.5858871767,0.3622222437,0.3617873101,0.5066004257,0.4207009512,0.3298776679,0.8304429899,0.2902149826,0.7178800263,0.4309267341,0.3340268361,0.3247323388,0.5246375729,0.820887446,0.738663831
436,1,1,1,1,1,0.3211787287,0.6935825875,0.585667077,0.3616359845,0.3629744679,0.5039379567,0.4171889154,0.3294349731,0.8307981165,0.2909461063,0.7182064648,0.4293217056,0.3337131407,0.3274106063,0.526900421,0.8212627885,0.7393634976
436.5,1,1,1,1,1,0.319732522,0.6943463753,0.5844930024,0.3631196161,0.3604449168,0.5042045965,0.4166433511,0.3286609242,0.8302502154,0.2900636638,0.717930276,0.4276488938,0.3340895924,0.3281666531,0.5286522831,0.8199231839,0.7359101647
437,1,1,1,1,1,0.3180958689,0.696503871,0.5840882814,0.3652494396,0.3593512983,0.5075993594,0.4175058133,0.3296727879,0.8299723273,0.2888719492,0.7175814484,0.4281401065,0.3326721971,0.327080502,0.5280724128,0.8188840394,0.7343474679
437.5,1,1,1,1,1,0.3176948749,0.6952698358,0.5872222827,0.3656553854,0.3604899493,0.5097153354,0.4191910547,0.3284599232,0.8302562375,0.2890789374,0.7184602086,0.4314967432,0.3327618004,0.329569781,0.5283543999,0.8191628161,0.7353047309
438,1,1,1,1,1,0.3202018384,0.6943474286,0.5875275791,0.3672844414,0.3594472043,0.5063848883,0.4203255359,0.3280329825,0.8321927314,0.2915618396,0.7183366216,0.4317461501,0.3318315182,0.327596581,0.5293836482,0.8199706042,0.7340291065
438.5,1,1,1,1,1,0.3231168597,0.6941682842,0.5874067473,0.3680178319,0.3595974758,0.5064727273,0.4172288392,0.32708004,0.8341661519,0.2899202646,0.7196280572,0.4293884207,0.3309858403,0.3250916598,0.53067722,0.8209776437,0.7348464041
439,1,1,1,1,1,0.3217287903,0.6938702985,0.5845807392,0.3685575812,0.359967771,0.5058475705,0.4195668953,0.3270641699,0.8332777655,0.2915054373,0.7212246069,0.4327323487,0.3296203813,0.3237076604,0.5292548074,0.8212263975,0.7373611851
439.5,1,1,1,1,1,0.3227413561,0.6934038366,0.583352672,0.3651924497,0.3594208363,0.5062545361,0.4193448445,0.3285219588,0.8329841209,0.291624084,0.7212993701,0.4315612501,0.3313874916,0.3253863902,0.5300283873,0.8202820763,0.7360979371
440,1,1,1,1,1,0.3222302573,0.6960456544,0.5828313842,0.3661612245,0.360363576,0.5039821368,0.4203039623,0.3279795726,0.8339329805,0.2915902861,0.7222575969,0.4318648241,0.332662509,0.326979719,0.530074611,0.8215674842,0.7373398503
440.5,1,1,1,1,1,0.32258479,0.6972592171,0.5823185461,0.365005848,0.362041303,0.5033429981,0.4176087988,0.3284570736,0.8359090987,0.2935157108,0.724548444,0.428555081,0.3352067422,0.3259997489,0.5285247458,0.8217300438,0.7361129073
441,1,1,1,1,1,0.3218464363,0.6960535117,0.5841821357,0.3637511091,0.3610914409,0.5044885077,0.4167603478,0.33115765,0.8358353719,0.2963194755,0.7254248748,0.4280752204,0.3309610831,0.3235153755,0.5278180079,0.822084832,0.7355865321
441.5,1,1,1,1,1,0.3200994926,0.6943677162,0.5837004338,0.3652732614,0.3598472646,0.5069110224,0.4149311119,0.3304153313,0.8361646307,0.2914508344,0.7281537125,0.4268674394,0.3308710361,0.3227651652,0.53270562,0.8231410541,0.7341410385
442,1,1,1,1,1,0.3184837652,0.6942953712,0.5835603296,0.3666219777,0.3626360353,0.5056431973,0.4172699404,0.3299753207,0.8360362953,0.2904945984,0.7274377912,0.4279407189,0.3310432067,0.323347784,0.5331743089,0.8223131799,0.7331056618
442.5,1,1,1,1,1,0.3184136523,0.6945907469,0.5850481122,0.3643357931,0.3615865821,0.5080944062,0.4176463255,0.3292297437,0.8362553438,0.2900527476,0.7276621119,0.4274700298,0.330570335,0.3241587665,0.5344554251,0.8216247011,0.7344665692
443,1,1,1,1,1,0.3180960374,0.69406211,0.5869622049,0.3663578361,0.3618554661,0.5085459872,0.4172658405,0.3295150941,0.8372304474,0.2894502704,0.7256280067,0.4293189019,0.3287960038,0.3242892077,0.5345940227,0.8209077164,0.7345435808
443.5,1,1,1,1,1,0.3183620784,0.6941511064,0.5869495355,0.3661989287,0.3624320502,0.5115814777,0.4166825624,0.3298118174,0.8367826708,0.2886815267,0.7264751675,0.4300508819,0.3304053127,0.3225044292,0.536020501,0.8215231978,0.7350669437
444,1,1,1,1,1,0.3203736295,0.6949089583,0.5865936857,0.3657987449,0.367248396,0.51021632,0.4152243434,0.3295730058,0.8358218248,0.2915033753,0.7245542285,0.4285137083,0.3325845246,0.325647533,0.5374702578,0.8210710968,0.7347266583
444.5,1,1,1,1,1,0.3203313568,0.6940574676,0.5872416007,0.3652299408,0.3671472277,0.5103700668,0.4168331984,0.3295139141,0.8347849666,0.2924905284,0.7233599888,0.4287959966,0.3305668087,0.3258987255,0.5372785383,0.8232360519,0.7359438883
445,1,1,1,1,1,0.3228201297,0.6959143515,0.5846217718,0.3643358809,0.361705205,0.5118858731,0.4211799228,0.3304629152,0.8345099589,0.2927666184,0.7227107712,0.4324856211,0.3297329562,0.3263940106,0.5330607908,0.82274349,0.7372379006
445.5,1,1,1,1,1,0.3214329333,0.6951727435,0.5831871411,0.3640696648,0.3635962451,0.508415742,0.4215115225,0.3282129699,0.8326159333,0.2912086343,0.7244360472,0.4316300788,0.3298764259,0.3245053787,0.5339026754,0.8225681135,0.736903949
446,1,1,1,1,1,0.32254592,0.6956740655,0.5818661878,0.3644117799,0.3626326348,0.5082830635,0.4197163578,0.3278593974,0.832216994,0.2886964508,0.723723672,0.4308305276,0.3309291858,0.3249722812,0.5362904095,0.8235669874,0.7364523406
446.5,1,1,1,1,1,0.3221980288,0.6946765309,0.5809421375,0.3651911562,0.3623800447,0.5072474296,0.4216634178,0.3304774806,0.8309815891,0.2893416515,0.7213318043,0.4302424542,0.3317921453,0.3242103773,0.5344313666,0.8227744454,0.7370315525
447,1,1,1,1,1,0.3208290847,0.6932572975,0.5820842492,0.3654656723,0.3627090104,0.5051946767,0.418092497,0.3297589485,0.8310533176,0.2896249037,0.7201835206,0.4267716102,0.3322576038,0.324770138,0.5324999801,0.8223324682,0.7382712292
447.5,1,1,1,1,1,0.3241214484,0.6925876164,0.581958778,0.3641982269,0.3608815791,0.5046736327,0.4156817549,0.330039358,0.830756896,0.2910945696,0.7192847456,0.4284533162,0.3339618621,0.3252023553,0.5311456489,0.8227251556,0.7374894808
448,1,1,1,1,1,0.3224700938,0.6913460844,0.5834906219,0.3640175069,0.3606542266,0.5053863139,0.4175262979,0.3314435788,0.8308494412,0.2887727052,0.7206070693,0.4326352332,0.33472948,0.3267526889,0.5311386083,0.8230760655,0.7363371225
448.5,1,1,1,1,1,0.3208896093,0.6906496587,0.5819652374,0.3649009001,0.3587154114,0.5057591674,0.4166184464,0.3317201042,0.8316673172,0.2901102245,0.720385634,0.4333158708,0.3341922196,0.3250632933,0.5295257707,0.8227637133,0.7352658988
449,1,1,1,1,1,0.3217691177,0.690578015,0.5833192533,0.3651466639,0.359768753,0.5065625424,0.4143143355,0.3341311341,0.8330926658,0.2905099641,0.7176439174,0.4330513148,0.3335589795,0.3257924691,0.5296093641,0.8236966255,0.7359580287
449.5,1,1,1,1,1,0.3230318653,0.6910592075,0.5840255512,0.3641291879,0.3617290154,0.5064530262,0.4161292045,0.3334141685,0.8340745857,0.2917466263,0.7196109216,0.4325883827,0.3331209049,0.3227260215,0.5296580283,0.8251542467,0.7368036482
450,1,1,1,1,1,0.322812477,0.6921900615,0.5828388035,0.3633684147,0.3618875679,0.5075190434,0.4148918935,0.3337038089,0.8350330646,0.2939370514,0.7194864421,0.4325973048,0.3347973009,0.3248127865,0.5304163824,0.8260109886,0.7344589594
450.5,1,1,1,1,1,0.3239592263,0.6928938161,0.5808931651,0.3653702202,0.3617658808,0.5061578178,0.4186223456,0.3332517668,0.8350148229,0.2944923803,0.7184359507,0.4309722935,0.3328356068,0.3239799315,0.5284201777,0.8254486909,0.7367493947
451,1,1,1,1,1,0.3233010348,0.6927081239,0.5827671176,0.3660028303,0.3611185354,0.5084446311,0.4174087716,0.3355178764,0.833332343,0.2976044284,0.7182195195,0.4339644168,0.3339007975,0.3252597633,0.5273633782,0.8242379683,0.7386047481
451.5,1,1,1,1,1,0.3221922229,0.6910684847,0.5811539511,0.3669107103,0.361435841,0.5088830313,0.4185474884,0.3345633386,0.8336667799,0.2967658017,0.7182239432,0.4315263164,0.3340398074,0.3278134525,0.5255022262,0.8231882359,0.7360426086
452,1,1,1,1,1,0.3207330894,0.6925002706,0.5795730329,0.3647806006,0.3618107912,0.5075432335,0.4190468631,0.331452703,0.8349636748,0.2928971271,0.716696133,0.4326997269,0.3352170206,0.3269577926,0.5255906104,0.8231780548,0.7371282019
452.5,1,1,1,1,1,0.3191824868,0.6937207813,0.5812832962,0.3660944542,0.3607711791,0.506307955,0.419175816,0.3294180942,0.8356772493,0.2924501124,0.7180016875,0.4330533109,0.3339260335,0.3281503131,0.5277949479,0.8230989746,0.734834544
453,1,1,1,1,1,0.3204599846,0.6940255591,0.5832152095,0.3649563299,0.3638542309,0.5060042013,0.4168978113,0.3300925525,0.8355558346,0.2914595864,0.7175067089,0.4327088256,0.3352870469,0.3269903056,0.5275675729,0.8212942164,0.7333009794
453.5,1,1,1,1,1,0.3192322135,0.6941023086,0.5816383899,0.366054894,0.3620973168,0.5062441767,0.4192649499,0.3297275901,0.8369597021,0.2911902591,0.7165063877,0.4326923962,0.3340645246,0.3261851773,0.5264618047,0.8202951911,0.7314298966
454,1,1,1,1,1,0.3207186382,0.6944216977,0.5845966506,0.3665868526,0.3610746104,0.5069596546,0.4197248497,0.3292038831,0.83686623,0.2906454502,0.7160825601,0.4295496395,0.3323252566,0.3266836076,0.5291963426,0.8195688817,0.7315106147
454.5,1,1,1,1,1,0.3199756752,0.6941584594,0.585921745,0.3625688549,0.3601792399,0.5071889677,0.4185450339,0.331808317,0.8375981593,0.2902407526,0.7186112276,0.428401903,0.3327889033,0.3222565855,0.5275564416,0.8191776321,0.7337883184
455,1,1,1,1,1,0.3220302907,0.6924839967,0.5858653539,0.3625160647,0.3605998403,0.5072848716,0.4204854982,0.3299606334,0.836152179,0.2889513139,0.7198455785,0.4304588239,0.3308709779,0.3219962718,0.5278525627,0.818413159,0.7341870492
455.5,1,1,1,1,1,0.3215286913,0.6912926706,0.5861006829,0.3624572794,0.3588560192,0.5095229061,0.4207028632,0.3278505118,0.8360153749,0.2880785929,0.7202842938,0.4311907285,0.3302308097,0.3235851748,0.531262932,0.8175590555,0.732709785
456,1,1,1,1,1,0.3222207025,0.6920399244,0.5866680107,0.3635372214,0.3599075908,0.5065212572,0.4172722998,0.3293417083,0.8354168956,0.2890428777,0.7223843808,0.4314632688,0.3305929855,0.3249515091,0.5316278113,0.8181246211,0.7335000684
456.5,1,1,1,1,1,0.3204004422,0.6938925137,0.5849476482,0.3652697817,0.3594495925,0.5082955131,0.4173457288,0.3282641788,0.8351335263,0.2892434136,0.7212162454,0.4319796123,0.3296716943,0.3258465858,0.5304020804,0.817294835,0.7361686026
457,1,1,1,1,1,0.3187240766,0.6946024995,0.5849699877,0.3652241089,0.3588847094,0.507248111,0.4197631165,0.3275472816,0.8357092485,0.2897121226,0.7230823202,0.4334109652,0.3324010686,0.3249809803,0.531919533,0.819102551,0.7365473832
457.5,1,1,1,1,1,0.3202445645,0.693837202,0.5860585989,0.3670416963,0.3606244754,0.5048906515,0.4158828247,0.3242808258,0.8350820269,0.2912742917,0.724753336,0.4318847619,0.3355607841,0.3265429133,0.5303104591,0.8208711923,0.7345530618
458,1,1,1,1,1,0.3189766634,0.6923290246,0.5857143732,0.3671270335,0.3618214192,0.5058789993,0.4172805973,0.3236212922,0.8344633432,0.2911960253,0.725160159,0.4345896631,0.3354286896,0.3274697107,0.5300308672,0.8220146847,0.7349692953
458.5,1,1,1,1,1,0.3203017751,0.69368069,0.5873633605,0.3673470887,0.3636588565,0.5083826959,0.4182413694,0.3251124864,0.8329400467,0.2908208396,0.7254942828,0.4355168742,0.3340642763,0.3278935847,0.532342274,0.822770936,0.7342439342
459,1,1,1,1,1,0.3210519175,0.6947255683,0.5888590895,0.3668474246,0.3646144015,0.5076484732,0.4201572003,0.3259800882,0.8315035648,0.2913303327,0.7247173071,0.4365083474,0.3323084001,0.3280229848,0.5344091214,0.8242286444,0.7343445712
459.5,1,1,1,1,1,0.3185282503,0.6920206363,0.5874971621,0.3672038942,0.3642817589,0.5093283278,0.4199567948,0.3257032502,0.8310027113,0.2930548163,0.7246099942,0.4333587718,0.3329999319,0.325586786,0.5339022968,0.8224344369,0.7353974964
460,1,1,1,1,1,0.3175794363,0.6919890905,0.5879866743,0.3676124457,0.3653049084,0.5103024124,0.4211273183,0.3257786778,0.8316150167,0.2942593298,0.7235171213,0.4332052376,0.3325393708,0.3240103356,0.5353086892,0.8217702712,0.7357285752
460.5,1,1,1,1,1,0.3182070197,0.6953234241,0.5873297383,0.3652538051,0.3634183893,0.5098165127,0.4188553537,0.326080618,0.8312411984,0.29039034,0.723485983,0.4302603472,0.333224915,0.3222396102,0.5341003339,0.8207899583,0.7353729045
461,1,1,1,1,1,0.3190368934,0.6947794892,0.5868579044,0.3627548217,0.3630759586,0.5086662823,0.419209844,0.3270767195,0.8333667287,0.2888932441,0.7224403533,0.4311975058,0.333246718,0.3199457062,0.5321369398,0.8209667476,0.7357939293
461.5,1,1,1,1,1,0.3193070887,0.6956999606,0.5885509611,0.3640437349,0.3623776162,0.5094521365,0.4207165272,0.3283420275,0.8332743613,0.2884112903,0.7232927589,0.4304832988,0.3324185304,0.3186490353,0.532598571,0.8197766271,0.7359899988
462,1,1,1,1,1,0.3197658547,0.6961680388,0.5866105527,0.3650446486,0.3638367712,0.5082482717,0.4193053043,0.3316336768,0.8337474872,0.2871731879,0.7208386461,0.4294903533,0.3335926948,0.3200765679,0.5339623061,0.8183327234,0.7347634836
462.5,1,1,1,1,1,0.3193342612,0.6979680206,0.5866204423,0.3643752658,0.3645795919,0.5066251524,0.4162266701,0.3308704943,0.8339090534,0.2877470888,0.7241591916,0.4278076013,0.3344140049,0.324122897,0.5329341083,0.8182035059,0.7330211613
463,1,1,1,1,1,0.3205947917,0.6970342706,0.5872245076,0.3641456309,0.3615635331,0.5061281427,0.4161636906,0.3302061219,0.8334023914,0.287989037,0.7223209269,0.4280970734,0.3332182753,0.3233075673,0.5322852637,0.8192248042,0.7321328046
463.5,1,1,1,1,1,0.3216199565,0.6963069102,0.587038401,0.3625716212,0.3600727795,0.5068115188,0.4155905156,0.3290762903,0.83418201,0.287503427,0.7216316899,0.4303035107,0.3352334859,0.3215086002,0.5334502327,0.8202586539,0.7337186897
464,1,1,1,1,1,0.3208467207,0.6969891379,0.5831474125,0.3614566825,0.359172418,0.5062438519,0.4181271882,0.3302434723,0.834631037,0.289002741,0.7213368498,0.4301724202,0.3354036839,0.3236832318,0.5324852215,0.8194844074,0.7356704678
464.5,1,1,1,1,1,0.3207855347,0.6951756133,0.5854970282,0.3625223062,0.3604827059,0.5069575959,0.417056875,0.3321641422,0.8353002382,0.2892972717,0.7225765385,0.4308653889,0.3348955359,0.3225440413,0.5333844478,0.8191086019,0.7330661584
465,1,1,1,1,1,0.3240697515,0.6954189547,0.5844026446,0.3609408759,0.3616222681,0.5066842376,0.4162201439,0.3297466608,0.8338272882,0.2896223057,0.7227771873,0.4306696077,0.3361254695,0.3233392027,0.5338913451,0.8173739864,0.7342572438
465.5,1,1,1,1,1,0.3252930438,0.6961273,0.5849895387,0.363550663,0.3631419064,0.5070561416,0.4195448279,0.3284758154,0.8337892429,0.2883876988,0.7228518472,0.4342355239,0.3361386363,0.3228631025,0.5311297805,0.8156395348,0.7312109974
466,1,1,1,1,1,0.3229553276,0.6941934449,0.5828826909,0.3636474275,0.3646428236,0.5082599842,0.4201453173,0.3301391756,0.8359859583,0.2871551172,0.7218722174,0.4333776349,0.3358759882,0.325764542,0.5292229637,0.8168065491,0.7325060462
466.5,1,1,1,1,1,0.3211936216,0.695964263,0.5827283046,0.3646574438,0.3625713991,0.5073409136,0.4203461643,0.3307709796,0.8346652927,0.2892145002,0.7231017145,0.4338370629,0.3349150556,0.3270775748,0.5290295956,0.8168966356,0.7311123106
467,1,1,1,1,1,0.3208504143,0.6956574537,0.582714949,0.3650402487,0.3626362283,0.5078278007,0.418375317,0.333191685,0.8346523123,0.2896889454,0.7225157242,0.4314710927,0.3338189662,0.3264274058,0.529190267,0.8177133341,0.7314689156
467.5,1,1,1,1,1,0.3213822424,0.6952044267,0.5825056037,0.3629507974,0.362228127,0.5096230154,0.4165618452,0.3315942095,0.8342891065,0.2925993376,0.7221632491,0.4318169157,0.3340578234,0.3280011604,0.5292770949,0.8182959347,0.730180621
468,1,1,1,1,1,0.3222457686,0.6958956558,0.5844169249,0.3625010303,0.3622469499,0.5084564674,0.4198646504,0.3317933609,0.8346595682,0.2898119781,0.7217477601,0.4296748566,0.3329136518,0.326915413,0.5290984953,0.8208692746,0.7309198915
468.5,1,1,1,1,1,0.3222920776,0.6940899676,0.5833328685,0.3642730186,0.3630506498,0.505779689,0.4171057563,0.3303931969,0.83388294,0.2889726576,0.7213082884,0.4302909521,0.3328834149,0.3236590255,0.5302299236,0.8204250635,0.7307472552
469,1,1,1,1,1,0.3222833702,0.6928417294,0.5832132877,0.3644733014,0.3638109992,0.5083109342,0.4192186698,0.3318301866,0.8330288996,0.2888764678,0.7229773703,0.4294419637,0.3320098807,0.3249243003,0.5318549108,0.8193789508,0.7287407276
469.5,1,1,1,1,1,0.3212718866,0.6903052379,0.5845792641,0.3664979615,0.3622842299,0.5083896742,0.4166697167,0.3312456117,0.8347166479,0.2895146517,0.7238998179,0.4301543421,0.3322249411,0.3248993832,0.5315980471,0.8201380563,0.7299425573
470,1,1,1,1,1,0.3231670768,0.6917176497,0.5850610095,0.3646839677,0.3626192876,0.5069332448,0.4161368867,0.3313680131,0.8345733346,0.2897727293,0.7210428417,0.4309415582,0.3346129347,0.3251969658,0.5310741787,0.8199900296,0.7321309855
470.5,1,1,1,1,1,0.32284501,0.694224496,0.5855157091,0.3634216868,0.3590644035,0.5051787895,0.4161074974,0.3299062626,0.8355783619,0.2918260556,0.7202650122,0.4305642101,0.3359075747,0.3258716345,0.5345695632,0.8219275254,0.7300725312
471,1,1,1,1,1,0.3249514498,0.6943783358,0.5861934325,0.3636916248,0.3608990593,0.5064429932,0.4157850291,0.3293516229,0.8338382953,0.2928899157,0.7196946919,0.4306667255,0.3347165658,0.3242682928,0.5340818816,0.8219912046,0.7299220786
471.5,1,1,1,1,1,0.3255775099,0.6938136111,0.585196744,0.3657764813,0.3584637633,0.5093543766,0.418119914,0.3290193255,0.8331994066,0.291212862,0.7182203621,0.4318480477,0.3362967381,0.325046969,0.5355323796,0.8213458775,0.7321673826
472,1,1,1,1,1,0.3235397099,0.6943927814,0.5841094012,0.3626734906,0.3603942036,0.5068035228,0.4178052351,0.3290118953,0.8321079242,0.2914080307,0.717187809,0.4322848624,0.3374297951,0.3241478042,0.5347877681,0.8206981549,0.731184289
472.5,1,1,1,1,1,0.3212974795,0.6949144375,0.5870641254,0.3641019556,0.3606783798,0.5052708439,0.4167793988,0.3284818528,0.8322993534,0.2924960367,0.7161459502,0.433081386,0.3383431085,0.3239489983,0.5316224537,0.8213798157,0.730277852
473,1,1,1,1,1,0.3237468268,0.6927058124,0.587196346,0.3658539215,0.3601485169,0.5064230537,0.4148206324,0.326863319,0.8320165486,0.2907842273,0.717426323,0.4325541723,0.3362738372,0.3245804741,0.5345871819,0.8222005062,0.729778169
473.5,1,1,1,1,1,0.3230858618,0.6929296206,0.5884584711,0.3662764956,0.3617974539,0.5081270018,0.413955567,0.3274575828,0.8333262055,0.2922253592,0.7172010958,0.4309276398,0.3346774017,0.3250536444,0.5322892739,0.8225108137,0.7292231803
474,1,1,1,1,1,0.3258207465,0.6921043461,0.5887609603,0.3649946621,0.3619480588,0.5083318372,0.4147634412,0.3278325214,0.8331531729,0.2928861969,0.7171485018,0.4307658245,0.3334700063,0.3259309736,0.5296378023,0.8210941169,0.7293075368
474.5,1,1,1,1,1,0.3240848623,0.6928045086,0.5883908399,0.3651708903,0.3631751804,0.508578929,0.4168401443,0.3275339665,0.8328898565,0.2952322998,0.7170930024,0.4287708951,0.3325955162,0.3242476588,0.52908472,0.8218941018,0.7327175146
475,1,1,1,1,1,0.3210418282,0.6936279792,0.5845367895,0.3651780291,0.3613249599,0.5082553512,0.4182017866,0.3266691919,0.831782482,0.2930582735,0.7159741423,0.4312372889,0.3338936744,0.3235589013,0.5274976356,0.8214164492,0.7332030123
475.5,1,1,1,1,1,0.322852762,0.695980077,0.5833861015,0.3630050541,0.3624169237,0.5085432677,0.4169168927,0.3263082201,0.8310931128,0.2937976137,0.7160144224,0.4320023747,0.3322793019,0.3217208913,0.5246626346,0.8223631692,0.7333115551
476,1,1,1,1,1,0.3242489515,0.696789974,0.5847682398,0.3629307081,0.362804002,0.5062498095,0.4174748652,0.3268777605,0.8286107738,0.2938883111,0.714394169,0.4310667285,0.3349507337,0.3248505668,0.5250704009,0.82133021,0.7313240806
476.5,1,1,1,1,1,0.3235637396,0.6953363158,0.5864904656,0.3648852017,0.36338936,0.509572037,0.4165824593,0.3291294285,0.8301459856,0.2908470304,0.7133512273,0.4308673134,0.3350912119,0.3275584418,0.5245133195,0.8209587792,0.7331563664
477,1,1,1,1,1,0.3216480027,0.6945322387,0.5850461073,0.3635982649,0.3622028042,0.5094875602,0.4181584829,0.3280307399,0.8305984947,0.2914737986,0.7127516768,0.4311924324,0.3350014443,0.3286125799,0.528498632,0.8205883322,0.7329130963
477.5,1,1,1,1,1,0.3210680245,0.6959885308,0.5841420389,0.3646059996,0.3618601192,0.5096091421,0.4204845702,0.3274377123,0.8319182777,0.2897570235,0.7138710252,0.4311241493,0.3350875079,0.3285240777,0.5294022832,0.8212437352,0.730454041
478,1,1,1,1,1,0.3210369655,0.6986668528,0.5833880455,0.3631512587,0.362288627,0.506744387,0.4193751386,0.3292091517,0.8318163904,0.2907277308,0.7133706599,0.4291955984,0.3348415561,0.3281019059,0.5319562024,0.8208401828,0.7297617776
478.5,1,1,1,1,1,0.321027396,0.6979194114,0.583573333,0.362989892,0.3641360633,0.5071900614,0.4170369431,0.3285927579,0.8316962998,0.2912535591,0.7121302905,0.4301048675,0.3331515471,0.3272470266,0.5298046762,0.819310367,0.7278173159
479,1,1,1,1,1,0.3225982989,0.6969413379,0.582293696,0.3627768834,0.3637766833,0.5052322539,0.4157868621,0.3315711078,0.8321935603,0.2898674087,0.713679605,0.4290356174,0.3321158216,0.3278513493,0.5306943421,0.8188451227,0.7279661624
479.5,1,1,1,1,1,0.3212885111,0.6964759631,0.5846385187,0.3641229933,0.3617164705,0.5057142545,0.4164046558,0.3293873243,0.8315695042,0.2906265773,0.7122167161,0.4290675788,0.3325519016,0.3253178641,0.5310894938,0.8188753263,0.7292344457
480,1,1,1,1,1,0.3219610775,0.6968635186,0.5831882197,0.3653866266,0.362773713,0.5039489962,0.4131194247,0.3274417328,0.8314529149,0.2928064486,0.7111846776,0.430190343,0.3321019912,0.3234413079,0.5299569906,0.8195429512,0.7285922435
480.5,1,1,1,1,1,0.3232328388,0.6949864342,0.5853035535,0.3651341049,0.361439194,0.5048497104,0.41518194,0.3251653895,0.8331009415,0.2911877598,0.7135453908,0.4281568278,0.3310546889,0.3235824942,0.5289840825,0.821069417,0.7294890862
481,1,1,1,1,1,0.3232122215,0.695559727,0.5860140157,0.366801081,0.3616744629,0.5050649645,0.4156715181,0.3253847192,0.8321068268,0.2901267227,0.7115184926,0.4291658121,0.3318380052,0.3240571925,0.5281101867,0.8211195398,0.7297529154
481.5,1,1,1,1,1,0.3231712784,0.6966399427,0.5862906319,0.3647867156,0.3611040424,0.5069422952,0.4138336749,0.3256196424,0.8327192299,0.287460742,0.7133380022,0.4286476388,0.3322406448,0.3241376024,0.526237671,0.8193008309,0.7285492976
482,1,1,1,1,1,0.322368828,0.6961487618,0.5883438403,0.3656053854,0.3602781278,0.5069812804,0.4137242291,0.3231990589,0.8339353758,0.2877670951,0.714755355,0.4286272959,0.3314910322,0.3225636311,0.5257298043,0.8193334621,0.7275344422
482.5,1,1,1,1,1,0.3242986953,0.6949746312,0.5869541701,0.3654452226,0.3617603239,0.5081286228,0.4119646987,0.3260587568,0.8335831696,0.28742026,0.7144589382,0.4291566461,0.3307725079,0.3223126045,0.527154473,0.8190420691,0.7292163626
483,1,1,1,1,1,0.3237359206,0.6944998289,0.5896691417,0.3648415205,0.3618613518,0.5049860235,0.4123487805,0.3267673979,0.8333947632,0.2886407404,0.7139767995,0.428588036,0.3313470407,0.3266349062,0.5304340943,0.8202158499,0.7254799861
483.5,1,1,1,1,1,0.324468676,0.6953365279,0.5894539152,0.3651452525,0.3613323551,0.5063147249,0.412367121,0.3258787131,0.8321074908,0.2892065439,0.7133468593,0.4306232714,0.3308872869,0.3249051873,0.5304379098,0.8208753532,0.7270120185
484,1,1,1,1,1,0.3230600051,0.6920960705,0.5893966164,0.3645127177,0.360552267,0.5069500352,0.4141947381,0.3257351952,0.8309048548,0.2890807707,0.7127922426,0.4304185635,0.3314191779,0.3251167595,0.5314374205,0.8202735224,0.7276869094
484.5,1,1,1,1,1,0.3212038492,0.6925823377,0.5885255693,0.3642792829,0.360771531,0.505808655,0.4137492215,0.3264062209,0.8324675746,0.2861916209,0.7141278983,0.4313346357,0.330672247,0.3259333766,0.5309382061,0.8204719716,0.7272490211
485,1,1,1,1,1,0.3198717875,0.6932832567,0.5854883543,0.3635597101,0.3592188739,0.5059510701,0.4151427705,0.3255512137,0.8306017197,0.2880554724,0.7144248246,0.4327610216,0.3306273129,0.3224601854,0.5319490895,0.8201504247,0.7258462486
485.5,1,1,1,1,1,0.3210648958,0.6942881716,0.585295779,0.364530107,0.360475412,0.5038359316,0.4162805866,0.3257441045,0.8314344722,0.2884198462,0.7136303224,0.4344306342,0.3316257193,0.3233568922,0.5301183399,0.8203052838,0.72612268
486,1,1,1,1,1,0.3216534147,0.6930458098,0.5859354641,0.3666269724,0.3604664978,0.5008733094,0.4195788665,0.3231192964,0.8325006513,0.2892173948,0.7146321762,0.4363236404,0.3323684708,0.3241276015,0.5319513269,0.8186401106,0.725253749
486.5,1,1,1,1,1,0.3219184919,0.6942818032,0.5864576976,0.3647500897,0.3605539771,0.4998160031,0.4166378911,0.3262011922,0.8332855111,0.2902456396,0.7161529543,0.4336068245,0.3332019315,0.3243539158,0.5339305603,0.819277161,0.7238690452
487,1,1,1,1,1,0.3192893515,0.6929859172,0.5855451911,0.3631473424,0.3609015381,0.5016502789,0.4172887263,0.3269164732,0.8327488729,0.2891467946,0.7187479013,0.4328816435,0.3336272506,0.3248472556,0.5313531251,0.8169657057,0.7261629929
487.5,1,1,1,1,1,0.3199614053,0.6940346265,0.5819469459,0.362972634,0.3633709188,0.5043533838,0.4157277645,0.3291217797,0.8334322352,0.2907640804,0.7197570914,0.4312252988,0.3370627166,0.3235543674,0.5292151197,0.8178625392,0.7257604137
488,1,1,1,1,1,0.3224338257,0.6945244999,0.5802070061,0.3615263296,0.362039154,0.5062003765,0.4181207538,0.3301093695,0.8330986278,0.2913752245,0.7212401766,0.4312947959,0.3377603967,0.323339104,0.5267588282,0.8182685269,0.725100789
488.5,1,1,1,1,1,0.3204549493,0.6944053041,0.5849679553,0.3607609923,0.3643266322,0.5046367637,0.4193588373,0.3298044413,0.8332141397,0.2905439928,0.7236927366,0.4277421359,0.3352865874,0.3225625235,0.523788751,0.8178502624,0.7255816761
489,1,1,1,1,1,0.3194557626,0.6939284167,0.5827569181,0.3625485649,0.3646170586,0.5021255578,0.4205038977,0.3311370004,0.8320801273,0.2928246753,0.7243518937,0.4273296783,0.3346196636,0.3216645639,0.5238157676,0.8186180098,0.7262032117
489.5,1,1,1,1,1,0.3205663758,0.6933595699,0.582168968,0.3639942995,0.3637208531,0.5014299243,0.4197737518,0.3302068953,0.8330163436,0.2918236434,0.7264259331,0.4272312177,0.3342209609,0.323216317,0.5214109696,0.8187575707,0.7251256703
490,1,1,1,1,1,0.3198328362,0.6939124465,0.5841120118,0.3642264679,0.3637559582,0.5028183249,0.4199469185,0.3270783007,0.8335448211,0.2909589578,0.7283216206,0.4303117018,0.3340195257,0.3226336223,0.5236719299,0.8176869188,0.7241265923
490.5,1,1,1,1,1,0.3191315528,0.6952977441,0.5857633164,0.3655234901,0.3635194016,0.5036957659,0.4179860192,0.3296177148,0.8341473067,0.2912712479,0.7265342121,0.4295396823,0.3328159011,0.32372666,0.5248920067,0.81954946,0.7252121973
491,1,1,1,1,1,0.3183966754,0.6928225284,0.5870473376,0.3662892168,0.361712287,0.5057978766,0.4197149143,0.3310407737,0.8324629477,0.2938289638,0.7245459236,0.4321345069,0.3341864077,0.3251757192,0.5240333339,0.819756744,0.7271389959
491.5,1,1,1,1,1,0.3213667601,0.6944328185,0.5859519166,0.3651676503,0.3625808175,0.506144677,0.4187352908,0.3303025695,0.8315894349,0.2918755124,0.7263133787,0.4331648925,0.3322428358,0.3266354844,0.5272986413,0.8185608902,0.725672099
492,1,1,1,1,1,0.3204496354,0.6948835018,0.5832244055,0.3674700071,0.3625861587,0.507145023,0.4170754667,0.330003875,0.8324869825,0.2939370765,0.7266188308,0.4306439333,0.3333697528,0.3258309328,0.5283388937,0.8193576025,0.7294049023
492.5,1,1,1,1,1,0.3201139985,0.6946564057,0.5842210647,0.3685555697,0.3591858561,0.5058527413,0.4162104114,0.3287693789,0.83243165,0.2916836067,0.727488135,0.4319061446,0.3322151408,0.3238400698,0.5282939716,0.8195518735,0.7311817993
493,1,1,1,1,1,0.3213988464,0.6943276801,0.5856555867,0.3680325047,0.3597886519,0.505058381,0.4185645005,0.3272751947,0.8317025991,0.2889352821,0.7280201715,0.4328517421,0.3332731648,0.3256168769,0.527518451,0.8209078677,0.7301458941
493.5,1,1,1,1,1,0.3202584619,0.69250444,0.5864417314,0.3693792288,0.3602416195,0.5075756618,0.4188547274,0.3242371548,0.8317029059,0.2884698479,0.7261523385,0.4347381371,0.3354041874,0.3256455892,0.5280688966,0.8207507328,0.7286516208
494,1,1,1,1,1,0.3213507073,0.6940326635,0.5850100029,0.3675158588,0.3632414147,0.5081263283,0.416973145,0.3231473114,0.8309684477,0.2898422994,0.7270360257,0.435774983,0.3354105021,0.3263318001,0.5290061937,0.8218227641,0.7270844067
494.5,1,1,1,1,1,0.3228671019,0.6967337871,0.5837969665,0.3705051885,0.364995981,0.5071926031,0.4170482221,0.3218828521,0.8328030092,0.2908280452,0.7249313176,0.4333020157,0.3345237271,0.3264385037,0.5282373219,0.8233236539,0.7289515505
495,1,1,1,1,1,0.3201320861,0.6936395391,0.5850701509,0.3676194158,0.3629510404,0.5113019457,0.4166071096,0.3236360748,0.8323014763,0.2893649189,0.7243299158,0.4309932342,0.3363087384,0.326810713,0.5274656379,0.8250399402,0.7286517182
495.5,1,1,1,1,1,0.3207925918,0.6937075425,0.583476355,0.3669829361,0.363091706,0.5117888496,0.4145563679,0.3248548859,0.8318268987,0.2894934331,0.7258123073,0.4312433653,0.3381243735,0.3253793414,0.527338958,0.8249903943,0.7294076649
496,1,1,1,1,1,0.3219148051,0.6942429965,0.5833291182,0.3648665736,0.3619413232,0.5092258774,0.4127035503,0.3233893528,0.8330648591,0.2894187215,0.722729844,0.4312744399,0.3374481835,0.3266898056,0.5295571301,0.8244869468,0.7300267858
496.5,1,1,1,1,1,0.3194762192,0.697375142,0.5843976329,0.3654794393,0.3629525196,0.5085847866,0.4145308038,0.3237317604,0.8323249285,0.2895252311,0.7248333175,0.4325842174,0.3366426729,0.3263466575,0.5290246984,0.8237339306,0.730129401
497,1,1,1,1,1,0.3223399437,0.6977015421,0.585428995,0.3653677268,0.3661144541,0.5067981907,0.4135935556,0.3228583069,0.8327076684,0.2903964132,0.725029734,0.4334581223,0.3350805152,0.3240576135,0.5319660523,0.8250416528,0.731801567
497.5,1,1,1,1,1,0.3220822242,0.6969267926,0.5857752801,0.3654586684,0.3635366387,0.5053329953,0.4150025619,0.3212587384,0.8312255762,0.2911447862,0.7237075526,0.4329430661,0.3323754752,0.3240264301,0.532984776,0.8249334411,0.732080361
498,1,1,1,1,1,0.3237170213,0.6954066854,0.5857872032,0.3650060509,0.3646957675,0.5062633314,0.4165014259,0.3221028614,0.8321050883,0.2893723047,0.7224789351,0.4319212277,0.332410549,0.3265502037,0.5326456678,0.8218271465,0.7337199828
498.5,1,1,1,1,1,0.3234329591,0.6951499999,0.5852596144,0.3640439964,0.366180129,0.5085484757,0.4159327452,0.3234719108,0.8320903218,0.2894584548,0.7227217398,0.4333939514,0.332301176,0.3267184559,0.5325243416,0.8213487738,0.7324782029
499,1,1,1,1,1,0.3225532774,0.6948432163,0.5841570969,0.3665852081,0.3636937127,0.5073119163,0.4159540609,0.323181038,0.8316510747,0.2889283218,0.7222599902,0.4310522324,0.3307620766,0.3264149777,0.5302949971,0.8216694738,0.7334487201
499.5,1,1,1,1,1,0.3234445781,0.6943353036,0.5849942387,0.3669195669,0.3637617741,0.5061287536,0.4164564029,0.3235037757,0.8327244937,0.2905020145,0.722744702,0.4305191266,0.3314992279,0.3254892001,0.5305275159,0.8217897257,0.7341381804
500,1,1,1,1,1,0.3203873043,0.6934467856,0.5843104453,0.3657232861,0.3649344192,0.5055367214,0.4159733342,0.3254233653,0.8332483876,0.2911807017,0.7234899406,0.4284235196,0.3322567056,0.3262565942,0.5265899763,0.8225658718,0.7334366613
