time,TNFR,IL1R,CD40,LTB,BAFFR,TRAF2_5,TRAF6,TRAF2_3,Btx,TAK1_TAB,NEMO_IKKa_IKKb,IkBa_release_signal,p50_p65,TNFa,p100,Phenotype_canonical,NIK,IKKa_noncanonical,p100_RelB,p52,BAFF,Phenotype_noncanonical
0,0,0,0,0,0,0,0,0,0,0,0,0,0,0,0,0,0,0,0,0,0,0
0.5,0,0,0,0,0,0.06122471026,0.04610666663,0.0311616122,0.01548246929,0.01573884484,0.002853887219,0.0002950895637,1.860312414e-05,1.167320732e-06,1.103695242e-06,7.766415675e-07,0.01458534852,0.001957661081,0.0001830730305,1.250968913e-05,1.130837011e-05,7.586312963e-07
1,0,0,0,0,0,0.1018132857,0.07353835031,0.04683281767,0.04334609742,0.04171024334,0.01485852312,0.003176087908,0.0004170249586,5.560225895e-05,5.133284969e-05,3.743000033e-05,0.04029039681,0.01083030748,0.00209225394,0.0002965246035,0.0002721455757,3.766623612e-05
1.5,0,0,0,0,0,0.1291748892,0.09110070245,0.05519417708,0.07067584777,0.06522022913,0.03267262535,0.01054140602,0.002155766538,0.0004603275388,0.0004123676432,0.0003125095725,0.06482804283,0.02551074943,0.007437316593,0.001637124193,0.001521334003,0.0003255793353
2,0,0,0,0,0,0.14794695,0.1029960322,0.06053371766,0.09398903403,0.08356843715,0.05118880891,0.02175984624,0.006088640702,0.001842546361,0.00159454589,0.00127125222,0.08533981404,0.04276974776,0.01643887408,0.004937211635,0.004665302427,0.001372801307
2.5,0,0,0,0,0,0.161003326,0.1117898504,0.06421507071,0.1126836462,0.09739198897,0.06756012993,0.03498655862,0.01238758801,0.004963676422,0.004157820341,0.003486746021,0.1013530603,0.06015651965,0.02831494625,0.01070837225,0.01028615002,0.003884378982
3,0,0,0,0,0,0.1700148099,0.1180886099,0.06712648995,0.1276154296,0.1077733146,0.08103483463,0.04824435771,0.0205093385,0.0104094449,0.008414626742,0.007444788006,0.1136357526,0.07643211634,0.04163289428,0.01878537694,0.01855389211,0.0085471319
3.5,0,0,0,0,0,0.1767350184,0.1230279723,0.06922296502,0.1391972928,0.1159876692,0.09120525305,0.06063031181,0.02962185756,0.01837077466,0.01433854659,0.01338502268,0.123167861,0.09063587953,0.05539377267,0.0287394506,0.02922279357,0.0157522255
4,0,0,0,0,0,0.1815513237,0.1268604411,0.0708550336,0.1484138575,0.1223684785,0.09866455532,0.07141977668,0.0389999249,0.02861065327,0.02161198142,0.02131601328,0.1305255614,0.1028071815,0.06847686154,0.03972873913,0.04169459097,0.02558430829
4.5,0,0,0,0,0,0.1848240006,0.129496876,0.07215607959,0.1555146805,0.1274650046,0.1039955584,0.08047758547,0.04783770863,0.04081420861,0.02985607796,0.03106764092,0.1363312233,0.1131079038,0.08051521611,0.05097746732,0.05530332249,0.03779477
5,0,0,0,0,0,0.1873202614,0.1316276713,0.07324487417,0.1614858865,0.1316865675,0.1076222757,0.0877040864,0.05605741929,0.05439261659,0.03844647949,0.04224687817,0.1410049123,0.1216550281,0.09108727547,0.06209562812,0.06969747145,0.05195718897
5.5,0,0,0,0,0,0.1890771627,0.1331437495,0.07396531773,0.1660305829,0.1351661981,0.1101086156,0.09344349407,0.06322543367,0.0688939564,0.04711600986,0.05450501868,0.1445512322,0.1289068354,0.1002915522,0.07240916053,0.08420145399,0.067411411
6,0,0,0,0,0,0.1903899073,0.1345016829,0.07449447409,0.169798787,0.1381310191,0.111690852,0.09783910434,0.06923400514,0.08373996018,0.05570279389,0.06733413711,0.1475103419,0.1349435485,0.1080193749,0.08192622031,0.0984633983,0.08364270748
6.5,0,0,0,0,0,0.1912806374,0.1355677753,0.07478263558,0.1730884909,0.1409513333,0.1127263054,0.1011919207,0.07405645935,0.09829261033,0.06363629233,0.08048901618,0.1496233138,0.1397266817,0.1143044792,0.09014651527,0.1122310151,0.1000914823
7,0,0,0,0,0,0.1918913103,0.1362328992,0.07519401811,0.1757083211,0.1430246286,0.1133461591,0.1038173985,0.07807616126,0.1126250756,0.0708891927,0.09355103071,0.1515904159,0.1438817857,0.1193993792,0.09765064938,0.1252318372,0.1160670292
7.5,0,0,0,0,0,0.1924704969,0.1366370696,0.07536019128,0.1780095906,0.1446431327,0.1138397334,0.1056836255,0.08133630021,0.1261690422,0.07766445967,0.1066047321,0.1532890778,0.1473138685,0.1234513026,0.1038919008,0.1371557194,0.1317388253
8,0,0,0,0,0,0.1927566818,0.136866076,0.07572752794,0.1798962558,0.1461774351,0.1139476369,0.1072703728,0.08384111644,0.1386500941,0.0838356814,0.1188074106,0.1544715476,0.1502565787,0.1265358317,0.1094015729,0.1480832355,0.1466611369
8.5,0,0,0,0,0,0.1929364477,0.1370458109,0.07575052702,0.1814613602,0.1471398989,0.113990112,0.1082734926,0.08563125245,0.1505111131,0.08942928767,0.1303989869,0.1554213466,0.1527350387,0.1287893816,0.114324045,0.1572952325,0.1605621277
9,0,0,0,0,0,0.193074405,0.1372004812,0.07573585319,0.1829220382,0.1480764914,0.1138415424,0.109187791,0.0871728403,0.1613940334,0.09445820622,0.1416247849,0.1562639669,0.1550020165,0.1306762206,0.1184246664,0.1658772591,0.1733988391
9.5,0,0,0,0,0,0.1932797282,0.1373264664,0.07575675885,0.183876246,0.1488224183,0.1137254569,0.1096145644,0.08832900912,0.1709395921,0.09895242391,0.1519612512,0.1569115736,0.1567756734,0.1321923822,0.1218875359,0.1734786363,0.185017906
10,0,0,0,0,0,0.1935329955,0.1373597316,0.07565589426,0.1845540737,0.1495882062,0.1135834854,0.1099785461,0.08910867483,0.179710571,0.1028730824,0.1617705083,0.1576426702,0.1584989141,0.1332409874,0.1249562332,0.1799742453,0.1957336633
10.5,0,0,0,0,0,0.1936601523,0.1373799029,0.07562896819,0.1853841172,0.1499122107,0.1133458667,0.1103174451,0.08973398696,0.1874698941,0.1061754324,0.1707733586,0.1582035072,0.1597969745,0.1339653338,0.1278420468,0.1853158695,0.2054589241
11,0,0,0,0,0,0.1937750699,0.1374272267,0.07597321945,0.1862286335,0.1504418268,0.1129864762,0.1103579931,0.09014217196,0.1944766027,0.109146073,0.1789573545,0.15876049,0.1607943082,0.1346743117,0.1302939931,0.1899528519,0.2143264431
11.5,0,0,0,0,0,0.1936664415,0.137195714,0.07590826859,0.1867873883,0.1509759531,0.1128531846,0.1103269121,0.09027435992,0.200894056,0.111803419,0.1866839727,0.159161927,0.1617628091,0.1349300595,0.1323401856,0.1938234261,0.2221937268
12,0,0,0,0,0,0.1936612275,0.1372040655,0.07579240072,0.1871433836,0.1512637783,0.1125097942,0.1102259226,0.09043218561,0.2064597572,0.1140013131,0.193357598,0.1593805258,0.1626795797,0.1354734083,0.1343416958,0.1968429693,0.2289099802
12.5,0,0,0,0,0,0.1935823517,0.1373493259,0.07602773173,0.1875815333,0.1514277271,0.1124251928,0.1102241097,0.090409174,0.2111537596,0.1161027751,0.1997311302,0.1595925432,0.1632976405,0.135525217,0.1360101137,0.1994509497,0.2348195132
13,0,0,0,0,0,0.1935113947,0.137223532,0.07584805967,0.1879486022,0.1517192359,0.1122056075,0.1101854496,0.09046050802,0.2154967705,0.1178667201,0.2053457512,0.1599187536,0.1639070994,0.135799396,0.1374872478,0.2012982675,0.2398638464
13.5,0,0,0,0,0,0.1934584041,0.1372861328,0.07589475273,0.1881414623,0.1520284584,0.1120333422,0.110106076,0.09056637949,0.2192294594,0.1196475293,0.210403903,0.159976777,0.1645114004,0.1359071218,0.1388106429,0.2027906022,0.2445055589
14,0,0,0,0,0,0.1934269147,0.1372251274,0.0758314144,0.1884488016,0.1521531666,0.1118300663,0.1101388247,0.09057105412,0.2223329256,0.1210148308,0.2150124373,0.1600967511,0.1649090629,0.1359942224,0.1400131643,0.2039121794,0.248382332
14.5,0,0,0,0,0,0.1935558224,0.1372562453,0.0758998598,0.1886801763,0.1521913714,0.1115382508,0.1100560463,0.09046757885,0.2252640664,0.122275193,0.2190176466,0.1602477519,0.1654395172,0.135970527,0.1410352848,0.2045548382,0.2516500925
15,0,0,0,0,0,0.1937585927,0.137358011,0.07610449361,0.1889977794,0.1522880264,0.1113869562,0.1100808814,0.09039267798,0.2277041563,0.1234077889,0.2227679732,0.160301043,0.1659709065,0.1357450056,0.1419404767,0.2050068819,0.2543638924
15.5,0,0,0,0,0,0.1936318938,0.1372424746,0.07620360657,0.1892963146,0.1524038021,0.1113113847,0.1100558675,0.09041383687,0.2297334385,0.1244008697,0.2262625743,0.160468158,0.1662060376,0.1357487352,0.1429152633,0.204974084,0.2565845781
16,0,0,0,0,0,0.1936274696,0.1373654445,0.07612781384,0.1892035565,0.1523051949,0.1112719084,0.1100901709,0.09013780126,0.2315002625,0.1251309281,0.2292439294,0.1606101272,0.1665982878,0.1357093227,0.1435942745,0.2049175775,0.2582235925
16.5,0,0,0,0,0,0.1937595997,0.1375518417,0.07606895989,0.1892668662,0.1521783327,0.1111908473,0.1099019778,0.08998598916,0.2330275155,0.1259693662,0.2319546664,0.1607514822,0.1668845627,0.1357041881,0.1444069285,0.2045916148,0.2596580268
17,0,0,0,0,0,0.1936480383,0.1374897384,0.07614043897,0.1894713743,0.1521053778,0.1110972586,0.1098013329,0.08997978864,0.2344376768,0.1268716374,0.2344278864,0.1609019363,0.167178987,0.1357251066,0.1451432557,0.2040820401,0.2606594398
17.5,0,0,0,0,0,0.193607465,0.1373804883,0.07610658751,0.1896967319,0.1522054076,0.1108765633,0.109835128,0.08981237494,0.2353168359,0.1275922238,0.236686684,0.161013552,0.1673182056,0.1357920311,0.1457117771,0.2034569763,0.2613262112
18,0,0,0,0,0,0.1935424614,0.1375180803,0.07599256488,0.1898449576,0.1523224754,0.110670312,0.1098451382,0.08969482048,0.2363587172,0.1278957505,0.2385404165,0.1609012769,0.167455734,0.1356857764,0.1460966161,0.2026158291,0.2614330015
18.5,0,0,0,0,0,0.1935796049,0.1376652045,0.07610903822,0.1898081526,0.1523195529,0.1107803551,0.1097819698,0.08951358282,0.237140602,0.1284491703,0.2401080221,0.1610050857,0.1677500867,0.135486716,0.1467012632,0.2018011416,0.2614592358
19,0,0,0,0,0,0.193746118,0.1376736695,0.07615986947,0.1898006042,0.1524395428,0.1109045539,0.1097837098,0.08954693652,0.2379536737,0.1288193534,0.2416904043,0.1609982048,0.1675753438,0.1352386983,0.1471226559,0.2008468663,0.2614028177
19.5,0,0,0,0,0,0.1937069288,0.1375031126,0.07615260197,0.1897954079,0.1524382634,0.1107695094,0.1097482363,0.08950386204,0.2384871978,0.1291413551,0.2430085555,0.1608213687,0.1676879699,0.1353971159,0.147362617,0.1998384627,0.2608674901
20,0,0,0,0,0,0.1937045682,0.1374233462,0.07614639014,0.1897676505,0.1522443878,0.1106774123,0.1097043264,0.08949544798,0.2388367095,0.1297950938,0.2441592813,0.1609225719,0.1678010573,0.1354062619,0.1476317631,0.1989184185,0.2604986677
20.5,0,0,0,0,0,0.1935780356,0.137404802,0.07597014818,0.1899134784,0.1522477685,0.1106918901,0.1096134975,0.08947353365,0.2391224962,0.1302258857,0.2451690769,0.1609496764,0.1679448027,0.1354197258,0.1479469449,0.1979361536,0.259674204
21,0,0,0,0,0,0.1935257558,0.1373885531,0.07583488561,0.1899710935,0.1522192322,0.1106284403,0.1095785762,0.08942559613,0.2392400088,0.1304212317,0.2460212266,0.1608227999,0.1679357683,0.1354282451,0.1483177114,0.1970397307,0.2588590309
21.5,0,0,0,0,0,0.1935478046,0.1373402438,0.07590701102,0.1899996512,0.152124909,0.1107643024,0.109505494,0.08952462527,0.2393560979,0.1307250221,0.2467624141,0.160834602,0.1680374957,0.135494418,0.1485251161,0.1958645999,0.257897718
22,0,0,0,0,0,0.193496271,0.137430187,0.07592155454,0.1899060117,0.1523782856,0.1106756523,0.1095483415,0.08930093009,0.2394281195,0.1310556061,0.2473986698,0.1607836917,0.1680931416,0.1355073116,0.1487566485,0.1950212651,0.2568309795
22.5,0,0,0,0,0,0.1934422892,0.1372803416,0.07589927764,0.1899018767,0.1524571617,0.1106985414,0.1094103073,0.08931397814,0.2393885251,0.1311961899,0.2478104675,0.1607614139,0.168151405,0.1354371774,0.1488304737,0.1940846282,0.2557610338
23,0,0,0,0,0,0.1934605573,0.137315772,0.0760350167,0.1897978021,0.1524908565,0.1105198619,0.1094670135,0.08937245626,0.2393702465,0.1314858197,0.248254614,0.1607606181,0.1683074462,0.1352780262,0.1490803686,0.1929281529,0.2545462049
23.5,0,0,0,0,0,0.1934225217,0.1371621784,0.07591700032,0.1898400538,0.1524391072,0.1104884936,0.109477714,0.08938431466,0.2390832285,0.1314131886,0.2486303404,0.1607403309,0.1682882464,0.1352797315,0.1493129712,0.1919122471,0.2531773456
24,0,0,0,0,0,0.193366385,0.137089323,0.07594051305,0.1899885519,0.152478862,0.1103506957,0.1095284593,0.08933871439,0.2389155619,0.1314540867,0.2489080268,0.1608200532,0.1683566756,0.1351919319,0.1492267933,0.1908191781,0.2517452091
24.5,0,0,0,0,0,0.1931880221,0.1372527133,0.07593863521,0.1901242718,0.1524677404,0.110321222,0.1095883979,0.08934234294,0.2386399462,0.1317248928,0.2489961204,0.1607494374,0.1685033179,0.1351668766,0.1492480437,0.1899202799,0.2502502821
25,0,0,0,0,0,0.1933106515,0.1373914558,0.07572341295,0.1900681334,0.1526541721,0.1104026513,0.1095236483,0.08932250508,0.2384455696,0.1318590107,0.2490789004,0.1606452286,0.168576173,0.1351377658,0.1494351945,0.1888568802,0.2486436416
25.5,0,0,0,0,0,0.1935253365,0.137371373,0.07568475133,0.1900505676,0.1525353457,0.1104477741,0.1094356817,0.08932461495,0.2382174968,0.1319099236,0.2491735649,0.1605272,0.1686143297,0.1352636662,0.1497969489,0.1879452032,0.2471102586
26,0,0,0,0,0,0.1934904205,0.13720467,0.07573564933,0.1899895656,0.1526216529,0.1104848638,0.1095145237,0.08910001726,0.2379572256,0.1320475194,0.2490910988,0.1606912526,0.1686347933,0.1352149688,0.1499049782,0.1869190755,0.2456286525
26.5,0,0,0,0,0,0.1936052864,0.1372084099,0.07571358341,0.1900302837,0.1523791194,0.110241142,0.1095383414,0.08905462887,0.2376307016,0.1322957939,0.2490289132,0.1606133301,0.1687199309,0.1351501015,0.1499258064,0.1858528439,0.2440468741
27,0,0,0,0,0,0.1935391278,0.1372648495,0.07575706506,0.1900121247,0.1523745387,0.1103333579,0.1095771177,0.08901214211,0.2374516175,0.1323884933,0.2491140945,0.1606184802,0.1686195614,0.1350096423,0.1502110792,0.1848590686,0.2424769138
27.5,0,0,0,0,0,0.1932756546,0.1373202041,0.07579614956,0.190092085,0.1524405853,0.1102820005,0.1095851046,0.08915369906,0.2373394793,0.132276943,0.2490681693,0.1606521076,0.1685261417,0.1349667026,0.1503895724,0.1839555917,0.2409895648
28,0,0,0,0,0,0.193183988,0.1372604073,0.07579850094,0.1902154776,0.1524910678,0.1103387193,0.109456442,0.08915643475,0.2371574775,0.132394997,0.248864125,0.1604871557,0.1685009082,0.1351602134,0.1503808309,0.1830628116,0.239538294
28.5,0,0,0,0,0,0.193394621,0.137264139,0.07585708858,0.1901096104,0.1523640435,0.1103056241,0.1094932327,0.0890883547,0.2368616003,0.1324311614,0.2486796052,0.1604709289,0.1687562025,0.135152109,0.1504993712,0.1822483487,0.2379262649
29,0,0,0,0,0,0.1935719816,0.1373695837,0.07573243302,0.1902235716,0.152400854,0.1104169716,0.1093422325,0.08908969895,0.236448242,0.1325759097,0.2484418397,0.1604567134,0.1687629376,0.1348438032,0.1504172016,0.1815433406,0.2364873959
29.5,0,0,0,0,0,0.1934973381,0.1371381791,0.0757419449,0.1900861156,0.1524456086,0.1105951829,0.1094057174,0.0892967746,0.2360718102,0.1326061741,0.2481437407,0.1605622727,0.1688813219,0.1348190088,0.1504061185,0.1808484427,0.2348314635
30,0,0,0,0,0,0.1936192746,0.1370509078,0.07584048864,0.1902705734,0.1523440729,0.1104946536,0.1093265779,0.08931887952,0.2356815833,0.1326254025,0.247733016,0.1604705204,0.1688732218,0.1347179609,0.1503507006,0.1802529323,0.233331761
30.5,0,0,0,0,0,0.1936047492,0.1372173626,0.07582370849,0.1901757637,0.1524878784,0.1106236133,0.1093539707,0.0892338697,0.2353930254,0.1327367075,0.2475037455,0.1603083553,0.1686884806,0.1347252191,0.1503890148,0.1793846157,0.2317595875
31,0,0,0,0,0,0.1934895176,0.1373967495,0.07582666479,0.190285513,0.1522792873,0.1106579558,0.1093326439,0.08901933807,0.2350928426,0.132911889,0.2470231468,0.1605458491,0.168827709,0.1347646753,0.1503610912,0.1786493239,0.2303105967
31.5,0,0,0,0,0,0.1934591681,0.137322212,0.07605445088,0.190260779,0.1523189258,0.1107809243,0.1092851171,0.08904347,0.234815706,0.1329565374,0.2468291395,0.1604337131,0.168826499,0.1348281096,0.1503225722,0.1779476138,0.2286831924
32,0,0,0,0,0,0.1934995002,0.1373659274,0.07610862019,0.1901419152,0.1522786064,0.110659147,0.1092666764,0.08922244916,0.2344565374,0.1330944823,0.2463993329,0.1604474444,0.1688014372,0.1350411891,0.1503324963,0.1772700283,0.2270885949
32.5,0,0,0,0,0,0.1935217322,0.1374436452,0.07606232445,0.1903559733,0.1523874821,0.110666169,0.1092373466,0.08924013579,0.2342448862,0.1331995732,0.2460799052,0.1601910497,0.1690004172,0.1349878827,0.1505956792,0.1767033203,0.225527037
33,0,0,0,0,0,0.1935232031,0.1374029048,0.07588129538,0.1903138518,0.1525044211,0.1109169741,0.1093950469,0.0891978271,0.2338697214,0.1332274419,0.245715939,0.1601396404,0.1689794583,0.1349360839,0.1505950369,0.1762536606,0.2239894474
33.5,0,0,0,0,0,0.1936470275,0.1373173724,0.07587981242,0.1902682572,0.1523653542,0.1105015765,0.1094993063,0.08930603861,0.2335248541,0.1333222129,0.2452472577,0.1600937616,0.1690738905,0.1349590008,0.1505994452,0.1758294889,0.2224548344
34,0,0,0,0,0,0.1935622344,0.1373321322,0.07605860584,0.1903486762,0.1524795018,0.1105176157,0.1095197541,0.08913215113,0.2332708202,0.133549936,0.2448089684,0.1600808025,0.1691027647,0.1349069105,0.1505583983,0.175032216,0.2211917647
34.5,0,0,0,0,0,0.1935062291,0.137296372,0.07605496743,0.1902907586,0.1524728793,0.1103864965,0.1094033919,0.08909573663,0.2329154018,0.1335180325,0.2443791272,0.1602057343,0.169000294,0.134891759,0.1504983347,0.1743851268,0.2198028352
35,0,0,0,0,0,0.1935391993,0.1374014052,0.0760831379,0.1903083523,0.1525714103,0.1102696997,0.1094526854,0.08918922713,0.2327864953,0.1335440253,0.2438535319,0.1602745317,0.1690453121,0.1349664477,0.1504314978,0.1738583968,0.2184139998
35.5,0,0,0,0,0,0.1936128987,0.137330172,0.07601645396,0.1902954347,0.1526738568,0.1103733617,0.1093916102,0.08931537739,0.232630061,0.1334434297,0.2434241619,0.1601817524,0.1689318168,0.1349200809,0.150494222,0.1732824882,0.217212234
36,0,0,0,0,0,0.1935358713,0.1372479827,0.07600385328,0.1904285376,0.1527067631,0.1102757983,0.1095133496,0.08935455524,0.2321864941,0.1335043199,0.2429877581,0.1603039431,0.1688268444,0.1349041016,0.1505303076,0.1727180337,0.2158956909
36.5,0,0,0,0,0,0.1936131786,0.1371313119,0.07581558624,0.1904439963,0.1527282761,0.1105195364,0.1094669565,0.0893528143,0.231899176,0.1337212937,0.2426192786,0.1603969042,0.168887483,0.134886803,0.1504501111,0.1722073635,0.2144118258
37,0,0,0,0,0,0.1935993373,0.1371454582,0.07582884769,0.1904164591,0.152579494,0.1104142336,0.1093410349,0.08937806047,0.231611725,0.1336827783,0.2421441976,0.1605313573,0.1689173294,0.134992599,0.1506028435,0.171662282,0.2131064521
37.5,0,0,0,0,0,0.1936563841,0.1371809085,0.07588854809,0.1903339446,0.1525792897,0.1104978756,0.1094280457,0.08938341724,0.2312618308,0.1336753574,0.2417669474,0.1605918538,0.168837223,0.1349539062,0.1506965808,0.171252926,0.2117112479
38,0,0,0,0,0,0.1934035374,0.1371214565,0.0761552803,0.190216051,0.1525174621,0.110539875,0.1094391993,0.08942792671,0.2308938668,0.1335673361,0.2411514519,0.1606933951,0.1687839348,0.1349840987,0.1508883712,0.1709775859,0.2104217706
38.5,0,0,0,0,0,0.1933214148,0.1374410982,0.07601448265,0.1903343543,0.1523274936,0.1104903977,0.1094485841,0.0893396701,0.2306417384,0.1334547067,0.2405684369,0.160774444,0.1686870707,0.1348388413,0.1508571161,0.1707539126,0.2092129405
39,0,0,0,0,0,0.1931984288,0.1372662755,0.0760716723,0.1903444293,0.1522730768,0.1102465056,0.1094720909,0.08938430294,0.2304683446,0.1335148651,0.2400083545,0.1607130979,0.1684824211,0.1348435824,0.1509080631,0.1703243781,0.2080740186
39.5,0,0,0,0,0,0.1932682892,0.1371290063,0.0761207738,0.1902472633,0.1522816861,0.1103560073,0.1093660153,0.0892838313,0.2302698197,0.1334714819,0.239661781,0.160699867,0.1684910722,0.1345995832,0.1508558779,0.1697925847,0.2069476072
40,0,0,0,0,0,0.1933487438,0.1372131287,0.07619271576,0.1901873064,0.1522288959,0.1101638055,0.1094196329,0.08937496497,0.2300979695,0.1337228428,0.2393122363,0.1607448986,0.1685999463,0.1343985218,0.1507980565,0.1696649799,0.2057284694
40.5,0,0,0,0,0,0.1933354736,0.1373612909,0.07614371752,0.1902991498,0.1522267222,0.1101950088,0.1092886502,0.08933428726,0.2297571944,0.1338383404,0.238869341,0.160802632,0.1685624747,0.1345291057,0.1505379333,0.1691945224,0.2045450572
41,0,0,0,0,0,0.1933523299,0.1373562853,0.07615649567,0.190184295,0.1523638359,0.1102512434,0.1093037298,0.08927361058,0.229524131,0.1337512797,0.2382796549,0.160659993,0.1683956795,0.1345650297,0.1504706235,0.1688501689,0.2034305933
41.5,0,0,0,0,0,0.1933863335,0.1372746584,0.07612764971,0.1902062607,0.1524373443,0.1102636214,0.1092344625,0.08935062611,0.2293080898,0.1337155685,0.2378439166,0.1608279421,0.1684979888,0.1345648652,0.1504441863,0.1683530289,0.2023098188
42,0,0,0,0,0,0.1932212318,0.1372995188,0.07619933522,0.1902971305,0.1523230885,0.1102721943,0.1094934752,0.08940703617,0.2290959763,0.133772533,0.2372798241,0.1608958221,0.16873554,0.1346606691,0.150393546,0.1680658366,0.2011350658
42.5,0,0,0,0,0,0.1932261426,0.1371614353,0.07595422195,0.1903640363,0.1524091663,0.1103696594,0.1094758756,0.08943834762,0.2288771022,0.133684611,0.2367853487,0.1608282212,0.1687902702,0.1346648054,0.1502626981,0.1676120366,0.2002255573
43,0,0,0,0,0,0.1934095459,0.1371661749,0.07590104211,0.1903882065,0.1523907433,0.1104479482,0.1093769046,0.08953021104,0.2286693461,0.1337166957,0.2362605946,0.1607760862,0.1688184098,0.1348170909,0.1504539138,0.1672546927,0.1992244517
43.5,0,0,0,0,0,0.1932025764,0.1370929625,0.075829093,0.1904091328,0.152325873,0.1103932882,0.1095730777,0.08943244427,0.2284051129,0.1337870582,0.2357956847,0.1606267704,0.1686666239,0.1347896597,0.1503619291,0.1669430866,0.1984031518
44,0,0,0,0,0,0.1932947845,0.1370591067,0.0759512079,0.1901790971,0.1524251433,0.1103130531,0.1096059786,0.08944775172,0.228180655,0.1338350433,0.2353434105,0.1603944984,0.1689022977,0.1347435561,0.1504783054,0.1665193723,0.1973838893
44.5,0,0,0,0,0,0.1933986016,0.1371109489,0.07599440965,0.1903002921,0.1525026607,0.1104493887,0.1096860838,0.08945713511,0.2280112273,0.1338667045,0.2348335711,0.1603269536,0.1688142102,0.1348415063,0.1503289827,0.1660956787,0.1964136912
45,0,0,0,0,0,0.1935140284,0.1371540156,0.07620493406,0.1904775343,0.15251736,0.1105524943,0.1096296098,0.08947519902,0.2277104642,0.1338216698,0.2343351835,0.1604874686,0.1689192565,0.134756154,0.1500415307,0.1658753652,0.1953422308
45.5,0,0,0,0,0,0.1934737701,0.1371415808,0.07629587524,0.190595327,0.1525638299,0.1104869253,0.1096037528,0.08939308246,0.2274682521,0.133876421,0.2339368723,0.1604208947,0.168869419,0.1348628753,0.1501717499,0.1656836758,0.194500934
46,0,0,0,0,0,0.193298057,0.1372522853,0.07616898432,0.19040458,0.1525948573,0.1104124251,0.1096303849,0.08935162048,0.2274056127,0.1339720491,0.2334367657,0.1603944755,0.1688326622,0.1350027699,0.15010328,0.1655904321,0.1935648131
46.5,0,0,0,0,0,0.1931899328,0.1374171925,0.07599481167,0.1904745594,0.1526506149,0.1104167879,0.1096113848,0.08935825601,0.2272235089,0.1338653478,0.2330240015,0.1604917419,0.1687614064,0.1348031929,0.1501571683,0.1654853229,0.1926383825
47,0,0,0,0,0,0.1932275177,0.1374227613,0.0759178743,0.1905494092,0.1525477233,0.110588404,0.109638768,0.08929357555,0.227079691,0.1337021721,0.2325261029,0.1604631732,0.1689184055,0.1346595012,0.1500117579,0.1653091083,0.1917431978
47.5,0,0,0,0,0,0.1932552084,0.1372497069,0.07603020925,0.1903957656,0.1526015439,0.1106030497,0.1095207585,0.08938685325,0.2269706634,0.1336001637,0.2320806844,0.1606762307,0.1688444884,0.1347437181,0.1501565963,0.1651714763,0.190820663
48,0,0,0,0,0,0.1932231102,0.1372853159,0.07592982999,0.1902808758,0.1526205212,0.1101387201,0.1092698247,0.08955524955,0.226754104,0.1337261099,0.2318533514,0.1605938904,0.1688160831,0.1348388229,0.1499821121,0.1648270147,0.1899876528
48.5,0,0,0,0,0,0.1932755348,0.1371627412,0.07595207785,0.1902127036,0.1525565034,0.1100760563,0.1092835984,0.08958082888,0.2265634093,0.1336927626,0.2314723621,0.1604548521,0.1689190446,0.134780723,0.1501220926,0.1647652921,0.1893386743
49,0,0,0,0,0,0.1933937764,0.1371047165,0.07580536801,0.1901889253,0.1524456803,0.1102105145,0.10926273,0.08966915349,0.2263270294,0.1339548697,0.2309933493,0.1604065579,0.1690621104,0.1347541172,0.1504127004,0.1644449537,0.1886871936
49.5,0,0,0,0,0,0.1934037509,0.1371044861,0.0757161486,0.1902281454,0.1523494833,0.1104088542,0.1092188007,0.08964903836,0.2261838973,0.1340548107,0.2306314639,0.1604365788,0.1690398476,0.1346918657,0.150307995,0.1641680188,0.1877649699
50,0,0,0,0,0,0.193422216,0.1372413438,0.07581662986,0.1901496684,0.1524952993,0.1104949731,0.1091719763,0.08944754101,0.2261149354,0.1341524236,0.230247466,0.160462369,0.1690609151,0.1348779428,0.1503317608,0.1640476414,0.1870555555
50.5,0,0,0,0,0,0.1933688356,0.1373648988,0.07591323155,0.1901437734,0.1524315324,0.1103394644,0.1093677104,0.08923055562,0.2258320237,0.1341863518,0.2298747623,0.1605768702,0.1691356937,0.1349662091,0.1502784143,0.1640293441,0.1861919832
51,0,0,0,0,0,0.1933561069,0.1375521122,0.07597930128,0.1899691475,0.1524921261,0.1103643653,0.1093753303,0.08933167739,0.2257346041,0.1341331901,0.2291569306,0.1604558944,0.169187946,0.1351222433,0.1502669593,0.1637865013,0.1855668347
51.5,0,0,0,0,0,0.1932377745,0.1374487281,0.07590077194,0.1898721243,0.1524474077,0.1104178054,0.1094741303,0.0893153107,0.2256924571,0.13410612,0.2288721032,0.1603680079,0.1689933263,0.135148452,0.1502579552,0.1636347189,0.1848868068
52,0,0,0,0,0,0.1932346322,0.1374356846,0.07583182124,0.1898447823,0.1522537691,0.1104249304,0.109402554,0.08935726377,0.2255064939,0.1339680997,0.2285874164,0.1604053603,0.1691455367,0.1349786487,0.1501528262,0.1631906249,0.1840042434
52.5,0,0,0,0,0,0.1932881681,0.1372442437,0.07591115515,0.1898636611,0.1525133023,0.1104266151,0.1093757237,0.08938892388,0.225236418,0.1338716435,0.2281150422,0.1604642471,0.1691559767,0.1348876376,0.1501200746,0.1629104113,0.1832527137
53,0,0,0,0,0,0.1933530778,0.1372639094,0.07598402733,0.1898740316,0.1526297375,0.1104352912,0.1093401468,0.08929143483,0.2250334582,0.1336895458,0.2278301945,0.1605758101,0.1692024979,0.1349162634,0.1501430137,0.1627192694,0.1827128323
53.5,0,0,0,0,0,0.1932234193,0.1373374095,0.07602455946,0.1898865953,0.152540358,0.1104933009,0.1095106242,0.08944148083,0.225015358,0.133756623,0.2272112116,0.1604581649,0.1689465015,0.1349728834,0.1502717367,0.1625657336,0.1819913913
54,0,0,0,0,0,0.1933155794,0.1372863903,0.075966116,0.1898051469,0.1525499775,0.1106164279,0.1094047729,0.08928598737,0.2248559392,0.1336717863,0.2268436698,0.1604660166,0.1689577495,0.1348551242,0.150346399,0.1625293863,0.1814571135
54.5,0,0,0,0,0,0.1934437179,0.1372421475,0.07600555306,0.1899437742,0.1526123463,0.1104916744,0.109461157,0.08918561543,0.2246717631,0.133790578,0.2263936908,0.1605084741,0.1688982277,0.1350103749,0.1503655919,0.1624210261,0.1808796578
55,0,0,0,0,0,0.1935561456,0.1372150412,0.07589055532,0.1901397667,0.1527075042,0.1103840202,0.1094813605,0.08922537653,0.2245759576,0.1339770894,0.2258818186,0.1606939713,0.1689217415,0.1351253331,0.1505310739,0.1622577622,0.1802572536
55.5,0,0,0,0,0,0.1934792371,0.1373110406,0.07603096768,0.1902022347,0.1526975972,0.1103706114,0.1095334659,0.0891781506,0.2245613847,0.133825255,0.2255778134,0.1607018741,0.1689193898,0.1351592222,0.150390727,0.16214407,0.179599029
56,0,0,0,0,0,0.1934401442,0.1373548097,0.07585838026,0.190106114,0.1526448775,0.1101117367,0.1091752268,0.08916246092,0.2243961928,0.1338915875,0.2252503127,0.1607741006,0.1688679545,0.1350226083,0.1503621917,0.1620714827,0.1790290935
56.5,0,0,0,0,0,0.1933958728,0.1374108696,0.07591828768,0.1901278692,0.1526901199,0.1102398482,0.1093151358,0.08924370314,0.224176797,0.1338707537,0.2248784989,0.1605178785,0.1688185496,0.1349967379,0.1504278832,0.1620149744,0.1787045807
57,0,0,0,0,0,0.1934398432,0.1373810598,0.07600011838,0.1901996079,0.1524240795,0.110272825,0.109273192,0.08927091205,0.2241926267,0.1338663104,0.2247040096,0.1604452375,0.1688705316,0.1350056492,0.1505119645,0.1617087102,0.1782261882
57.5,0,0,0,0,0,0.1934339646,0.1374265159,0.07617262471,0.1900226498,0.1522991296,0.1102351702,0.1092076723,0.08923084599,0.2240516715,0.1337962868,0.2243176551,0.16034881,0.1687540595,0.1350278876,0.1505128368,0.1615742214,0.1777853685
58,0,0,0,0,0,0.1934241621,0.1374815408,0.07602611448,0.1901643218,0.1524063889,0.1102673222,0.1093679029,0.08911948277,0.2240886029,0.1337826998,0.2240335698,0.1603358043,0.1687651184,0.1350232826,0.1505506412,0.1614955026,0.1771794872
58.5,0,0,0,0,0,0.1932827539,0.1373966505,0.07603030658,0.1901736705,0.1523925661,0.1102877299,0.1094652871,0.0891976912,0.2238982981,0.1337826991,0.2238072741,0.1605281015,0.1687708736,0.1349830015,0.1505116727,0.1613488825,0.1768372305
59,0,0,0,0,0,0.1931674015,0.1374168761,0.07597618754,0.1901420486,0.1523813812,0.1104819774,0.1094582631,0.08916356893,0.2238367309,0.133684478,0.223678275,0.1606890988,0.1687839267,0.1347855182,0.1505240484,0.1614303317,0.1762548175
59.5,0,0,0,0,0,0.1932792046,0.1373918712,0.07604579759,0.1901913741,0.1523152902,0.110409863,0.1093988728,0.08902966212,0.2239107693,0.133676826,0.2233748593,0.1606973031,0.1687157305,0.1349399437,0.1504892476,0.1613076908,0.1758326185
60,0,0,0,0,0,0.1931225111,0.1373510403,0.0762080576,0.1902032363,0.1522984029,0.1102237026,0.1093093134,0.08892108403,0.2237922362,0.1334729537,0.2229309886,0.1606382682,0.1688483255,0.1348260494,0.1504137601,0.1609218797,0.1752984295
60.5,0,0,0,0,0,0.1930663409,0.1371697905,0.07627860842,0.1901962941,0.1522440192,0.1099064292,0.1093683394,0.08889427933,0.2238994231,0.1335977925,0.2226232254,0.1605260859,0.1689940206,0.1349588246,0.150429134,0.1608111685,0.1748435243
61,0,0,0,0,0,0.1930878138,0.1370632906,0.0761480501,0.1902046845,0.1525676885,0.1101731819,0.1092630717,0.08892878393,0.2237950835,0.1335953991,0.2221962491,0.160556079,0.1689501387,0.1350011277,0.1503464625,0.1604044646,0.174288318
61.5,0,0,0,0,0,0.1932139638,0.1371740597,0.07611162587,0.1901235422,0.1525173851,0.1102673773,0.1094234644,0.08901349329,0.2237148848,0.1335441608,0.2218790666,0.1605132031,0.1689825744,0.134949278,0.1504726984,0.1601574362,0.1736541005
62,0,0,0,0,0,0.1933360207,0.1372828291,0.07603760244,0.1901714328,0.1525831649,0.110350732,0.1095848223,0.08916374107,0.223638882,0.1335897493,0.221697155,0.1605531084,0.1690106272,0.1347955093,0.1503980534,0.1600454273,0.1732012715
62.5,0,0,0,0,0,0.1933687319,0.1372579372,0.0759420151,0.1900922868,0.152504892,0.1102943487,0.1098170887,0.0892863776,0.2236073083,0.1335676711,0.2213087222,0.1605185261,0.1690752467,0.134884105,0.1504257827,0.1598886175,0.1727335595
63,0,0,0,0,0,0.1932775562,0.137325575,0.07594975224,0.1901253993,0.1523907796,0.1102385576,0.1096397079,0.08930134641,0.2234784883,0.1335342847,0.2208892044,0.1606423219,0.1691691794,0.1348065281,0.1503930916,0.1597623746,0.1723292021
63.5,0,0,0,0,0,0.1934247831,0.1372223725,0.07601666904,0.1899746398,0.1523948214,0.1102022013,0.10974085,0.089341301,0.223464026,0.1336391594,0.220740832,0.16063892,0.1689721564,0.1347560025,0.1504308198,0.1597796137,0.1717205377
64,0,0,0,0,0,0.1935753003,0.1374081437,0.07602380169,0.189914065,0.1524205658,0.1100257926,0.1095006588,0.08954674708,0.2234106396,0.1338695873,0.2204540363,0.1605043086,0.1689203914,0.1349434344,0.1503728733,0.1597371201,0.1713383035
64.5,0,0,0,0,0,0.1935406522,0.1373840565,0.07604547673,0.1899518227,0.152383496,0.1102426071,0.1095204824,0.08949079517,0.2234253468,0.1336997592,0.2200356412,0.1604536671,0.1690801363,0.1349308281,0.1503160742,0.1598816332,0.171008102
65,0,0,0,0,0,0.1935323351,0.137528561,0.07606375915,0.1900458138,0.1523807779,0.1102791466,0.1093760093,0.08945159964,0.2234557745,0.1339700925,0.2197060374,0.1604679696,0.168978945,0.1350601316,0.1502808093,0.159878262,0.1704421805
65.5,0,0,0,0,0,0.1934737372,0.1374779509,0.07581420879,0.1900187498,0.1522807588,0.1105128121,0.1094179774,0.08934962625,0.2234673535,0.1338869409,0.2193152088,0.1607535689,0.169095634,0.1350798005,0.1502729311,0.1598687296,0.1702381342
66,0,0,0,0,0,0.1932146632,0.1374897806,0.07590124166,0.1900312775,0.1523726218,0.1104028242,0.1095273952,0.08942595208,0.2234931968,0.133980819,0.2189564669,0.1607153431,0.1691891602,0.1349434964,0.1503073797,0.1598770464,0.1697365503
66.5,0,0,0,0,0,0.1933468671,0.1375492473,0.07590607744,0.1901426926,0.1525550666,0.1103691193,0.1093263498,0.08943245424,0.2234329775,0.1339143643,0.2186379894,0.1607897978,0.169166805,0.1348953709,0.1501949102,0.1597946796,0.1692799779
67,0,0,0,0,0,0.1933105903,0.137412072,0.07590699446,0.1900598841,0.1526716885,0.1103699589,0.1094252605,0.08930580849,0.2233846521,0.1339528358,0.2183259355,0.1606624777,0.1690836275,0.1347427391,0.1502482298,0.1597576161,0.168973291
67.5,0,0,0,0,0,0.1935019339,0.1374095538,0.07587775846,0.1899880408,0.1526333325,0.1104008283,0.1094962767,0.08908082133,0.2234040123,0.1338535719,0.2180261354,0.160546267,0.1690160018,0.1346675603,0.1503147586,0.1596437105,0.1685007733
68,0,0,0,0,0,0.1933908361,0.1375439726,0.07577634713,0.1901546025,0.1525499463,0.1101906204,0.1094877616,0.08898750335,0.2234408255,0.1338072561,0.2177965063,0.1603929933,0.168932584,0.1346916579,0.15024949,0.1597329575,0.1682905999
68.5,0,0,0,0,0,0.1934043912,0.1373895417,0.07584556159,0.1901105756,0.1524543219,0.110334187,0.1094547655,0.08905457313,0.2232784489,0.1338175728,0.2174533391,0.1603866989,0.1688910208,0.1348171446,0.1501709445,0.1596056502,0.168114288
69,0,0,0,0,0,0.1933135348,0.1374182198,0.07598662758,0.1900988804,0.1525314361,0.1102290647,0.1093219585,0.08885958812,0.2231220684,0.1337918381,0.2171080854,0.1604411644,0.1688327609,0.1347601658,0.1500263487,0.1595644631,0.1679640108
69.5,0,0,0,0,0,0.1934316824,0.1373649755,0.07568936814,0.1901157223,0.1525885791,0.1101365727,0.1093170861,0.08894234248,0.2230367968,0.133599185,0.2171433963,0.160254284,0.1688139261,0.1348198483,0.15017576,0.1593920868,0.1677329246
70,0,0,0,0,0,0.1933580963,0.1374252371,0.07582394538,0.1901493769,0.1524664591,0.1103765094,0.1093904302,0.08886258134,0.2230388274,0.1334144333,0.2168403653,0.1602590011,0.1688927763,0.1348777243,0.1502673317,0.1592890694,0.1674384021
70.5,0,0,0,0,0,0.1933209129,0.1372406662,0.07586434867,0.1901627995,0.1523763457,0.1103742899,0.1092390403,0.08866269357,0.2230212067,0.1335584551,0.2165672509,0.1602578814,0.1690918907,0.13492698,0.1502897084,0.1594263934,0.1669494091
71,0,0,0,0,0,0.1932241725,0.1371643916,0.07591351493,0.1902364182,0.1523673964,0.1105190071,0.109198585,0.08878298786,0.2229139668,0.1337737628,0.2164422969,0.1604207391,0.1691450769,0.1348045776,0.1500981947,0.1596379243,0.1665873026
71.5,0,0,0,0,0,0.193361645,0.1370234806,0.07586498626,0.1902146411,0.1521585609,0.1102394757,0.1091142954,0.08887618585,0.2229566673,0.1337733577,0.2162476176,0.1604226692,0.1690698486,0.1347644406,0.1502236846,0.1596894363,0.1661474669
72,0,0,0,0,0,0.1933127558,0.1369868232,0.07607590802,0.1902323147,0.1520393188,0.1100444523,0.1091946639,0.08891130097,0.2227803079,0.1337366972,0.2160416875,0.1603761179,0.1688765404,0.1348420359,0.1501526154,0.1597633427,0.1659993985
72.5,0,0,0,0,0,0.1933362686,0.1368640895,0.07616810427,0.1899913438,0.1520319675,0.1100606947,0.10928499,0.08909695849,0.22291334,0.1339798307,0.215856661,0.1602629507,0.1688475032,0.1347528736,0.1502008918,0.1599680891,0.1657146797
73,0,0,0,0,0,0.1931995391,0.1368962745,0.07613904555,0.1899681369,0.1521514613,0.1101657223,0.1093219781,0.08923673456,0.2228486073,0.1339170094,0.2155366292,0.1603595029,0.1689597368,0.1348786892,0.1500137433,0.1598009293,0.1656851283
73.5,0,0,0,0,0,0.1932561735,0.1370849949,0.07614365249,0.1899663465,0.1522040768,0.1102292938,0.1091765076,0.08908636224,0.2228635594,0.1339422212,0.2154940316,0.1604413694,0.1690787835,0.1349111585,0.1499542126,0.1597675301,0.1652995035
74,0,0,0,0,0,0.1932603978,0.1372116156,0.07602321084,0.1898516743,0.1522746335,0.1106244311,0.1093005373,0.0891907263,0.222902481,0.1339041831,0.215194849,0.1602866338,0.1691256672,0.1349345745,0.1502071123,0.1597891707,0.1650393901
74.5,0,0,0,0,0,0.1932119235,0.137239413,0.0759596793,0.1898940601,0.1523451627,0.1105656936,0.1094149609,0.089255784,0.2228970382,0.1338766106,0.21515427,0.1602375377,0.1691197023,0.134981921,0.1503064528,0.1599994543,0.1647174722
75,0,0,0,0,0,0.1932636023,0.1373231774,0.0758345636,0.189913393,0.1523797989,0.1106865816,0.1094772075,0.08925636868,0.2228827939,0.1338563747,0.2151075047,0.1601438712,0.1690524195,0.1349455426,0.1502961592,0.1599122345,0.1643097685
75.5,0,0,0,0,0,0.1934033914,0.1373406045,0.0758645389,0.1899085778,0.1524728295,0.1106682791,0.1094803073,0.0892182412,0.2228495855,0.1338003854,0.2148631761,0.1602431662,0.1690981371,0.1349280024,0.1504100834,0.1598114235,0.1640200357
76,0,0,0,0,0,0.193441723,0.1371682619,0.07579522587,0.1899634321,0.1523569231,0.1105211425,0.1095032785,0.08926642951,0.2229231689,0.133721935,0.2149059375,0.1601165116,0.1690422668,0.1348125165,0.1502846229,0.1600009412,0.1638768776
76.5,0,0,0,0,0,0.1934883012,0.1372294439,0.0757310827,0.1899195671,0.1522663471,0.1106134836,0.1095825957,0.08931776307,0.2228109295,0.1337028935,0.2147073668,0.1601604752,0.1690893514,0.1348398351,0.1502963895,0.1601044687,0.1637763961
77,0,0,0,0,0,0.1934762012,0.1370734932,0.07575650082,0.1900053226,0.1522800104,0.1107291753,0.1096447994,0.08924791642,0.2227538278,0.1338650337,0.2144892049,0.1602884952,0.1691486248,0.1347100763,0.1501887881,0.1598154919,0.1635221822
77.5,0,0,0,0,0,0.1934571183,0.1371741431,0.07589778187,0.1900369732,0.1522837538,0.11085959,0.1095312827,0.08927674518,0.2227799181,0.1339436536,0.2143871361,0.1604443561,0.1693144878,0.134727123,0.1501958813,0.1597770063,0.1632267034
78,0,0,0,0,0,0.1933857775,0.1371998796,0.07591582787,0.1899273264,0.1522457458,0.1108723888,0.1096994956,0.08925272498,0.2227476859,0.1338581217,0.214102399,0.160357196,0.1693307949,0.1347642794,0.1500932855,0.1597964465,0.1628915213
78.5,0,0,0,0,0,0.1934354887,0.1372293208,0.07579590928,0.189944408,0.1523173591,0.1106648646,0.1096729254,0.0892122494,0.2225851206,0.1337051331,0.2141177935,0.1605242392,0.1693545974,0.1346422046,0.1501855158,0.1598460752,0.1627533266
79,0,0,0,0,0,0.1934772809,0.1373162711,0.07589125075,0.1900448042,0.1522819938,0.1106659519,0.1097240266,0.08911507707,0.2226650986,0.1336278126,0.2138496526,0.160599346,0.1693679328,0.1346647263,0.150193553,0.1596141935,0.1626885611
79.5,0,0,0,0,0,0.1934012445,0.1372238302,0.07605656224,0.1900444667,0.1523675219,0.1106246496,0.1096092405,0.08909983731,0.2225717813,0.1335300699,0.2135594296,0.1604285214,0.1694976628,0.1347982963,0.1501350244,0.1594515819,0.1622583636
80,0,0,0,0,0,0.1934036024,0.1370594773,0.07590536046,0.1900868504,0.1523613301,0.1105414365,0.1094468479,0.08897528664,0.2225739893,0.1335167716,0.2133825258,0.1602918185,0.1694454429,0.1350043476,0.1501183585,0.159366894,0.1620847951
80.5,0,0,0,0,0,0.1933664905,0.1371287232,0.07600740406,0.1900543174,0.1523009641,0.1105591048,0.1093083104,0.08906912382,0.2226574367,0.1333971754,0.2133723501,0.1603384233,0.1692694841,0.135168776,0.1503570532,0.1593089837,0.1622254026
81,0,0,0,0,0,0.193205513,0.1372910635,0.07574956295,0.189927681,0.1523861893,0.1106252747,0.109292729,0.08917350395,0.222769692,0.1333587471,0.2131169107,0.1605620226,0.1691315672,0.1350281128,0.150304507,0.1592969712,0.1621461632
81.5,0,0,0,0,0,0.1932593647,0.1374726075,0.07564057891,0.1898788698,0.152298965,0.1106311334,0.1092616901,0.08917952137,0.222791549,0.1335076029,0.2130106464,0.1604573068,0.1692424275,0.1349086832,0.1501721058,0.1593996692,0.1618097431
82,0,0,0,0,0,0.1932200919,0.1375175398,0.07585051318,0.1898303756,0.1522487179,0.1106323361,0.1092100885,0.08929972315,0.2226572127,0.1336564939,0.2128070647,0.1604617817,0.1693179248,0.1348957292,0.1502711203,0.1593937742,0.1616193181
82.5,0,0,0,0,0,0.1933046846,0.1376417512,0.07584071817,0.1897331181,0.1522657145,0.110556852,0.1093538511,0.08914699516,0.2226319477,0.1338764471,0.2125286085,0.1605709317,0.1693728327,0.1350019073,0.150398704,0.1594698115,0.1612913188
83,0,0,0,0,0,0.193229315,0.1376281013,0.0757920523,0.1898654079,0.1524361893,0.1105980277,0.1092741678,0.08912004199,0.2226944039,0.133857515,0.2123517194,0.1606442328,0.1691797863,0.1349466457,0.1503098441,0.159275736,0.161338929
83.5,0,0,0,0,0,0.193232338,0.1376072091,0.07580666265,0.1898551747,0.1524285863,0.110567104,0.109311738,0.08923244032,0.2227028581,0.1339200233,0.2120825193,0.1604252306,0.1690138952,0.1349022797,0.1504072283,0.1592040354,0.1611712587
84,0,0,0,0,0,0.193246926,0.1375644938,0.07573612331,0.189825707,0.1523796766,0.1104665516,0.1094037944,0.08928041365,0.222623888,0.1339364048,0.2119149024,0.16046606,0.168998008,0.1347991694,0.1502496349,0.1592010163,0.1608116709
84.5,0,0,0,0,0,0.1930977372,0.1375237855,0.07574921312,0.1899975476,0.1524253591,0.1104388994,0.1095033757,0.08915304693,0.2227240279,0.1341649461,0.211638574,0.1604840316,0.1688630129,0.1349068767,0.1502545784,0.1592687568,0.1605795481
85,0,0,0,0,0,0.1929945529,0.1374841441,0.07593631852,0.1901338128,0.1525345769,0.1105960173,0.1096720135,0.08912609827,0.2226925207,0.1341014301,0.2116371269,0.1604642915,0.1687561556,0.134777361,0.1504907394,0.1590410254,0.1606167086
85.5,0,0,0,0,0,0.1930599565,0.1374325834,0.07604602052,0.190085328,0.1524983425,0.1104363329,0.1095257249,0.0892694187,0.2227492444,0.1341142161,0.2113346001,0.1604108631,0.1686538601,0.1346261895,0.1504355847,0.1590186744,0.1605775538
86,0,0,0,0,0,0.1931487808,0.1370997577,0.07594750489,0.1903791102,0.1521666455,0.1105046612,0.1092717331,0.08923164462,0.2227062996,0.1340204192,0.2112620792,0.1605035711,0.168654789,0.134546654,0.1504292053,0.1589010405,0.1603616281
86.5,0,0,0,0,0,0.1931411094,0.1370409272,0.07592488953,0.1903905484,0.1521938664,0.1105676687,0.1093572086,0.08920850141,0.2227765725,0.1340111925,0.2111122257,0.1605799369,0.168904259,0.1345897272,0.1504036465,0.1589905319,0.1600397859
87,0,0,0,0,0,0.1931490689,0.1369992118,0.07593067699,0.1903329142,0.1523266584,0.1106033545,0.109110876,0.089244143,0.2225689204,0.1339400825,0.2108713719,0.1606672454,0.169061898,0.1345525948,0.150385425,0.1589459331,0.1598369784
87.5,0,0,0,0,0,0.1933685958,0.1371223908,0.07598480677,0.190382378,0.1525019068,0.1105176225,0.109143713,0.08921763784,0.222717561,0.133928325,0.2106985031,0.1606147909,0.1690014672,0.1346463582,0.1503113086,0.1590065141,0.159645225
88,0,0,0,0,0,0.1932993105,0.1371585557,0.07621883177,0.1902958928,0.1524645988,0.1105335875,0.1092747555,0.08926678142,0.2226610429,0.1340109051,0.2103456663,0.1605063545,0.1689417355,0.1346000852,0.1503255471,0.1591563879,0.1594267934
88.5,0,0,0,0,0,0.1932443802,0.1372276473,0.0762422937,0.190362574,0.1523280859,0.1104947009,0.1094050253,0.08918152829,0.2228248182,0.1336100317,0.2101509764,0.1603371565,0.1690585225,0.1346834181,0.1502133893,0.1593030846,0.159188655
89,0,0,0,0,0,0.1931888363,0.1372855066,0.07596601427,0.190117487,0.1522882321,0.1105838922,0.109446232,0.08913281517,0.2227786337,0.1336307073,0.2102262917,0.1602811879,0.1691332528,0.134643372,0.150374095,0.1591942524,0.1589494468
89.5,0,0,0,0,0,0.1932186809,0.1372457993,0.07591777087,0.1901509433,0.1523553751,0.1106205826,0.1093407994,0.08909283156,0.222710879,0.1336456139,0.2101405238,0.1601874511,0.169020955,0.1346052388,0.1503256879,0.1590821919,0.1589949234
90,0,0,0,0,0,0.1934091209,0.1372774558,0.07594633981,0.1901416826,0.1524265045,0.1103738211,0.1092339866,0.08914034086,0.2225104745,0.1334909081,0.2101179071,0.1603790254,0.1690209662,0.1344620881,0.1502635132,0.1588791521,0.1588365788
90.5,0,0,0,0,0,0.1932619977,0.1373037295,0.07589088732,0.1900345817,0.1523911881,0.1104103766,0.1092508109,0.08913037279,0.2225725823,0.133559913,0.2099736134,0.1605212512,0.1690546467,0.1344629356,0.1502569479,0.1590304656,0.1587366229
91,0,0,0,0,0,0.1932427456,0.1373250506,0.07593512687,0.1900156629,0.1524375524,0.1104155119,0.1093000429,0.08922200306,0.222667852,0.1335735105,0.209967503,0.1604453128,0.1690145438,0.134517913,0.150328526,0.159059671,0.158677864
91.5,0,0,0,0,0,0.193255358,0.1372599543,0.07578268232,0.1899771838,0.1522987347,0.1103084968,0.1094659822,0.08922579321,0.222771071,0.1333767242,0.2097458927,0.160496841,0.1689302675,0.1345636521,0.1502965839,0.1587975242,0.1585664126
92,0,0,0,0,0,0.1932547004,0.1371629713,0.07597852032,0.1899465667,0.1523093728,0.110510325,0.1094219789,0.08938929168,0.2226201209,0.1333408999,0.2096164571,0.1605325442,0.1689282869,0.1345913308,0.1499886554,0.1588445355,0.1581925955
92.5,0,0,0,0,0,0.1931813371,0.1371659743,0.07601479209,0.189989671,0.1522142953,0.110547457,0.1094775185,0.08948207339,0.222657537,0.1331725538,0.209708003,0.1604996236,0.1690517533,0.1345319126,0.1499988061,0.1589175972,0.1582234128
93,0,0,0,0,0,0.1932554129,0.1373480532,0.07588350484,0.1899731827,0.1522858035,0.1106226356,0.1095581568,0.08944546769,0.2226375321,0.1332099383,0.209610737,0.1605335392,0.169131874,0.134378369,0.1499875733,0.1589173333,0.1579799432
93.5,0,0,0,0,0,0.1933548179,0.1373978603,0.07598010577,0.1899869587,0.1523658331,0.1106582225,0.109610832,0.08928725058,0.2224272751,0.1333304539,0.2094678251,0.1606494713,0.1690875512,0.1344382699,0.1499809401,0.1590386508,0.1577452237
94,0,0,0,0,0,0.1934244629,0.1374074509,0.07581516512,0.1900116363,0.1523970234,0.1107144701,0.109496651,0.08936420453,0.2223862556,0.1333144195,0.2093720349,0.1606177168,0.1691476234,0.1344870361,0.1498837773,0.1591047574,0.1576167011
94.5,0,0,0,0,0,0.1934612973,0.1376797089,0.07583897604,0.1900224236,0.1524511785,0.1106839945,0.1096532091,0.08920622431,0.2225688188,0.1335678012,0.2092747581,0.1605769782,0.1689368573,0.1346909844,0.1499075395,0.1591740731,0.1575187463
95,0,0,0,0,0,0.1932576723,0.1376044007,0.07596546139,0.1900404215,0.1525727493,0.1106651479,0.1096065793,0.08923160507,0.2225695209,0.133560556,0.209171203,0.1604941661,0.1690071887,0.1349601198,0.1500898945,0.1590544642,0.157185752
95.5,0,0,0,0,0,0.1932958265,0.1376602393,0.07584550135,0.189937367,0.1525870017,0.1105378968,0.109679446,0.08925827678,0.2225836071,0.1335801426,0.2090163034,0.1605109458,0.1689981751,0.1349292391,0.150281889,0.1590603761,0.1569583449
96,0,0,0,0,0,0.193214012,0.1374613812,0.07577014203,0.1900709062,0.1526201906,0.1105880937,0.1095753624,0.08915643622,0.2224912518,0.1336252955,0.2087155576,0.1606345053,0.1690970504,0.1349243069,0.1503759535,0.1591209609,0.1566811665
96.5,0,0,0,0,0,0.1931645791,0.1374608376,0.07574706704,0.1900541486,0.1526226662,0.1105541546,0.1096166412,0.08916238955,0.2227315096,0.1336753387,0.2085767397,0.1604876415,0.1691473793,0.1350814379,0.1502590877,0.1590667119,0.1565658939
97,0,0,0,0,0,0.1932901056,0.1374687688,0.07591859606,0.189939995,0.1525445752,0.1104467281,0.1095988588,0.08926718208,0.2228231648,0.1335836726,0.2084740998,0.1605786516,0.1690555976,0.1350465688,0.1502922597,0.1591646194,0.1564309022
97.5,0,0,0,0,0,0.1932101063,0.1372700767,0.0758876991,0.189847609,0.1525619202,0.1102453363,0.1094394051,0.0893468785,0.2227354595,0.1335544744,0.2082015366,0.1604262647,0.1690241998,0.1350719781,0.1503857569,0.1594125142,0.1563817485
98,0,0,0,0,0,0.1931317648,0.1371173313,0.07594180407,0.1897369709,0.1525853846,0.1105708364,0.1093862979,0.08934818345,0.2227942033,0.1336297692,0.2081636026,0.1603580425,0.168989947,0.1351028849,0.1504112244,0.1595504607,0.1563145169
98.5,0,0,0,0,0,0.1931858606,0.1371680669,0.07583921898,0.1897051257,0.1524080438,0.1107367104,0.1094805909,0.08930100446,0.2225854693,0.1336861017,0.2080696929,0.1603012707,0.1687341398,0.1350025353,0.1505883683,0.1594435336,0.1563700936
99,0,0,0,0,0,0.1931494434,0.137189347,0.07570768323,0.189871195,0.1523955126,0.1105413321,0.1096711836,0.08926945274,0.2226262253,0.1335597122,0.2080617754,0.1602574317,0.1686967458,0.1349068518,0.150615387,0.159478098,0.1562614655
99.5,0,0,0,0,0,0.1930614485,0.1373541176,0.07588762785,0.1896656529,0.1524750053,0.110652917,0.1096809551,0.08923745746,0.2225632867,0.1337039118,0.2080281016,0.1602767004,0.168619493,0.1350024804,0.1505262084,0.1593690018,0.1561447793
100,0,0,0,0,0,0.1932048381,0.1374039151,0.07595740322,0.1897227655,0.1524173467,0.1104776566,0.1095460853,0.08925960107,0.2224637651,0.1338373648,0.2081611109,0.1603090686,0.1686219154,0.1350033152,0.1505018428,0.1594164899,0.1561191474
100.5,0,0,0,0,0,0.1931494688,0.137389202,0.07594094512,0.1898286699,0.1523340884,0.110293436,0.109558556,0.08952781699,0.2223122398,0.1339682528,0.2080952409,0.1602685574,0.1687680558,0.1349839085,0.1505143172,0.1592594302,0.1562824416
101,0,0,0,0,0,0.1932246341,0.1373959854,0.07595861488,0.1898816975,0.1523510057,0.1104429708,0.1094053636,0.0895396283,0.2224284183,0.1339037978,0.2078307043,0.1603102471,0.1687043728,0.1351408398,0.1504301371,0.1593349681,0.1562424576
101.5,0,0,0,0,0,0.1931678665,0.1372895968,0.07589099894,0.1898945703,0.1524965174,0.1105007918,0.1095065427,0.08953941095,0.2224269957,0.1341125399,0.2078170936,0.1602715887,0.1686048869,0.135149133,0.1504141157,0.1592053098,0.1563204577
102,0,0,0,0,0,0.1931042221,0.1372209084,0.07574370097,0.190025504,0.15246945,0.1107049133,0.1093447685,0.08944421472,0.222454066,0.1340052586,0.2077069256,0.1603022029,0.1687741738,0.1348684278,0.1505520348,0.1593836743,0.1560672897
102.5,0,0,0,0,0,0.1931191955,0.1373153468,0.0759374139,0.1901215364,0.1523949258,0.1105823556,0.1094446588,0.08933517397,0.2224275139,0.1338460844,0.2076743042,0.160243921,0.1686525208,0.1349565156,0.1505045825,0.1595485399,0.155824581
103,0,0,0,0,0,0.1932333322,0.1373644388,0.07603651762,0.1900443665,0.1525380646,0.1104569452,0.1095011715,0.08942006313,0.2224155258,0.1338173212,0.2078203386,0.1603931844,0.1686843018,0.1348879415,0.1503396626,0.1596294516,0.1559244651
103.5,0,0,0,0,0,0.1933420503,0.1374335545,0.07595211364,0.1901283509,0.1523308308,0.1104928303,0.1094930965,0.08928403624,0.2223713039,0.1337270389,0.2077309749,0.1604447091,0.1688531048,0.1348953487,0.1504786459,0.1596196199,0.1559684898
104,0,0,0,0,0,0.1933217916,0.1374491846,0.07593782194,0.1899734999,0.1523332554,0.1105573571,0.1094294672,0.08925446967,0.2225048816,0.1335914939,0.2076201703,0.1602251626,0.1689534976,0.1347999985,0.1504140744,0.1596250293,0.1559383266
104.5,0,0,0,0,0,0.1933218482,0.1374008202,0.07598557643,0.1902093441,0.1525214882,0.1106539979,0.109476966,0.08937883072,0.2225574104,0.1335532948,0.2074942642,0.1602971409,0.1688303914,0.1346013619,0.1505034992,0.1596355198,0.155888391
105,0,0,0,0,0,0.1934248209,0.1373587891,0.07596391838,0.1903167589,0.1524905605,0.1104329852,0.1094090815,0.0893341477,0.2226606632,0.1336523232,0.2074592849,0.1602421619,0.168808534,0.1347994078,0.1504246169,0.1595963927,0.1557876306
105.5,0,0,0,0,0,0.1933393112,0.1374735326,0.07583358479,0.1902060094,0.1526447137,0.1104281453,0.1094033153,0.08933934086,0.2225129348,0.1335189519,0.2075015337,0.1602837804,0.168762805,0.1347974522,0.150316413,0.1594375996,0.1556282692
106,0,0,0,0,0,0.1933920354,0.1374609186,0.07585120025,0.1901977792,0.1527040314,0.1104802482,0.1093388319,0.08939363009,0.2224421285,0.1334858135,0.2073563021,0.1603214771,0.1687413681,0.1347612356,0.150074534,0.1592689814,0.1554297937
106.5,0,0,0,0,0,0.1934661308,0.1371960834,0.07572255443,0.190163583,0.1526601733,0.1104963729,0.1092963038,0.08933948237,0.2225357226,0.1334990738,0.2071911279,0.1602177647,0.1685823764,0.1346452634,0.1501864432,0.1593208883,0.155219742
107,0,0,0,0,0,0.1934793341,0.1371794496,0.07591279883,0.1902026379,0.1526304992,0.1105496872,0.1093577332,0.08927806815,0.2225023292,0.1336337114,0.2071989705,0.1604274843,0.168750869,0.1346411281,0.1501732363,0.1594059707,0.1552468417
107.5,0,0,0,0,0,0.1933897714,0.1373157892,0.07602124362,0.1902249049,0.1526429972,0.1106039751,0.109398061,0.08916422042,0.2225105134,0.1337221555,0.2070172511,0.160477436,0.1687975482,0.13465904,0.1503573518,0.1594593679,0.1552696743
108,0,0,0,0,0,0.1933525442,0.1373233498,0.0761451674,0.1901525606,0.1527549853,0.1106066172,0.1094759991,0.08911963489,0.2225012046,0.1337495902,0.2069303288,0.1604185164,0.1688915571,0.1345541421,0.1502853446,0.1593607476,0.154991751
108.5,0,0,0,0,0,0.1932536789,0.1373337347,0.07621832049,0.1899923544,0.1527135907,0.1105533919,0.1093722636,0.08923631877,0.2223561195,0.1338243898,0.2069491696,0.1603642456,0.168948205,0.134727906,0.1502732196,0.1593327881,0.1551002774
109,0,0,0,0,0,0.1932274957,0.1373063812,0.07614871999,0.1901133291,0.1524528847,0.1104313272,0.1093372762,0.08939201095,0.2223156794,0.1337475653,0.2068371886,0.1604254784,0.1687990548,0.1346720995,0.150268284,0.1593312526,0.15484247
109.5,0,0,0,0,0,0.19339823,0.1372793258,0.07604507274,0.1903005573,0.1524236436,0.1106250232,0.1095010339,0.08938724306,0.2221703281,0.133767208,0.2067768142,0.160425345,0.168877914,0.1347593098,0.150204259,0.1593705843,0.1547096949
110,0,0,0,0,0,0.1933678673,0.1373810183,0.07598534268,0.190225222,0.1523619801,0.1106343631,0.1096110423,0.08948686209,0.2220415312,0.1338721111,0.2069008756,0.1603822866,0.1691071151,0.134796875,0.1503369623,0.1594491576,0.1547270803
110.5,0,0,0,0,0,0.1933049278,0.1374796902,0.07593263288,0.1901384383,0.152537602,0.1105540181,0.1096300396,0.08939347629,0.2219462962,0.1337994314,0.2067271981,0.1603930509,0.169144441,0.1349434787,0.1504383963,0.1591940155,0.154693077
111,0,0,0,0,0,0.1933159831,0.1375229705,0.07582834022,0.1902129876,0.1524777334,0.1105282192,0.1096055957,0.08927362065,0.221875904,0.1337561502,0.2065187024,0.1605169965,0.1693447815,0.1350746686,0.1504156574,0.1590968979,0.1546421207
111.5,0,0,0,0,0,0.1932494439,0.1374092247,0.07597037798,0.1903038143,0.1525671763,0.1107091257,0.1095241022,0.08931111174,0.2217853968,0.1337929519,0.2064564674,0.1604917635,0.1692667405,0.1349459533,0.1504968133,0.1589442423,0.1544121978
112,0,0,0,0,0,0.1931814617,0.1372919068,0.0760089815,0.1901694922,0.1523959757,0.1105092972,0.1093266992,0.08931975303,0.2217911349,0.1337595566,0.206358535,0.1603962772,0.1691757031,0.1348408227,0.1504822117,0.1589139352,0.1541689452
112.5,0,0,0,0,0,0.1932841402,0.1372042669,0.07596227592,0.1901380794,0.1524093221,0.1105336564,0.1093777722,0.08922800058,0.221648023,0.1337916465,0.2062637,0.1603031536,0.1691055437,0.1348329344,0.1503329901,0.1588031962,0.1541498795
113,0,0,0,0,0,0.1932149254,0.1373214991,0.07603883982,0.1899900377,0.1522233995,0.1104770455,0.1094488216,0.0891976924,0.2216050742,0.1339481758,0.2061114799,0.1604502955,0.1689357427,0.1347896201,0.1504732496,0.1589150042,0.1541116137
113.5,0,0,0,0,0,0.1933534875,0.1373621051,0.07598341591,0.1899951719,0.1522937597,0.1104129312,0.1093788347,0.08933523913,0.2215551645,0.1339355609,0.2061031065,0.1606587738,0.1689699533,0.1348039188,0.1504328516,0.158971079,0.154094238
114,0,0,0,0,0,0.1932944274,0.1372710705,0.07593113532,0.1899074546,0.152177302,0.11042551,0.1094713592,0.08931749654,0.2215193208,0.1340244403,0.2061494458,0.1606038922,0.1688783967,0.1349600955,0.150249691,0.1590818485,0.1541517898
114.5,0,0,0,0,0,0.1934878156,0.1373406078,0.07594339838,0.1899090426,0.152314168,0.1104888328,0.1095940347,0.0892789081,0.2213876936,0.1341181082,0.2059876577,0.1607067062,0.1687114446,0.1348484437,0.1502851389,0.1591320681,0.1541813109
115,0,0,0,0,0,0.1935211965,0.1372033526,0.07590148883,0.1897866745,0.1522877435,0.1102997522,0.1095761773,0.08928971816,0.221432553,0.1341247782,0.2059391352,0.1606059403,0.1687045709,0.1348847732,0.1504292635,0.1591115293,0.1539800122
115.5,0,0,0,0,0,0.1933726795,0.1374354519,0.07569680396,0.189768454,0.152278092,0.1104023635,0.1096360707,0.08913646338,0.2216053797,0.1340886542,0.2059253283,0.1605988427,0.1687179927,0.134786014,0.1503171623,0.159133344,0.1539832986
116,0,0,0,0,0,0.1932233143,0.1373968858,0.07588100465,0.1897983103,0.1522750181,0.1104066483,0.1095282938,0.08899221539,0.2215730589,0.1337711331,0.2058361161,0.160692236,0.1685887559,0.1349329012,0.1503675386,0.1591127373,0.1539336127
116.5,0,0,0,0,0,0.1932663557,0.1374796976,0.0759137202,0.1898799345,0.1524425689,0.1104598149,0.1096237569,0.0891267784,0.2214646866,0.1336639718,0.2056661509,0.1606994254,0.1685510949,0.1348763637,0.1502944879,0.1592619308,0.1537690724
117,0,0,0,0,0,0.1932130337,0.1373138927,0.07613589877,0.1900022343,0.1525445334,0.1103246416,0.1096909837,0.08911100394,0.2215608091,0.1336535251,0.2056821268,0.160664343,0.1685234233,0.1348050605,0.1502244508,0.1592027813,0.1535714365
117.5,0,0,0,0,0,0.1933949908,0.1373838982,0.07596573056,0.1899974509,0.1526324126,0.1101897212,0.1096778367,0.08907602561,0.2216723198,0.1334854976,0.2056035991,0.1605836837,0.1684818798,0.1348106709,0.150329123,0.1592891749,0.1534499421
118,0,0,0,0,0,0.193407852,0.1374214499,0.07599217298,0.1899423343,0.1526926775,0.1102541838,0.1097012284,0.08913886761,0.2217193526,0.1334109456,0.2054193798,0.1604095768,0.1685702084,0.1347192852,0.1501279794,0.1591961978,0.1531719578
118.5,0,0,0,0,0,0.1933151032,0.1374961644,0.0759388737,0.1898982751,0.1528041597,0.1104923255,0.1095546064,0.08925852798,0.2217477336,0.1333383905,0.2054145059,0.1604122569,0.1685346316,0.1348277553,0.1503262395,0.1590823465,0.1532041555
119,0,0,0,0,0,0.1932048041,0.13735104,0.07605001716,0.1898786458,0.1529734104,0.1105468605,0.1094044109,0.08923338828,0.2218705331,0.1334336426,0.2052834301,0.1604407809,0.1683879102,0.1347166349,0.1504298587,0.1590686296,0.153225295
119.5,0,0,0,0,0,0.1933565712,0.1374094587,0.07613727321,0.1900691013,0.1527836637,0.1105461069,0.1093715347,0.08938571803,0.2220476758,0.1333891199,0.2052404205,0.1603854186,0.1687480912,0.1348590103,0.150436284,0.1589133985,0.153066416
120,0,0,0,0,0,0.1932960425,0.1373489087,0.07602443322,0.1901672899,0.1526590444,0.1105783755,0.1092747764,0.08943617455,0.2221344439,0.1333161656,0.2054209306,0.1602626607,0.1688795921,0.1348432334,0.1505164797,0.1589806121,0.152954697
120.5,0,0,0,0,0,0.1931736137,0.1372938975,0.07600920769,0.1903140168,0.1528438721,0.1104820776,0.10932635,0.08936963341,0.2221625814,0.1333902707,0.2053974998,0.1602523698,0.1687794342,0.1346758659,0.1504558262,0.1589860098,0.1527089406
121,0,0,0,0,0,0.1932627878,0.1373817266,0.07592130046,0.1902139955,0.1528860155,0.1104502451,0.1094981254,0.08932500128,0.2221857604,0.1335324378,0.2053885974,0.1602394519,0.1688662204,0.1347807074,0.1503761767,0.1588564363,0.1526466174
121.5,0,0,0,0,0,0.1932570728,0.1373400016,0.07596689196,0.1902607549,0.1526559323,0.110437351,0.109410675,0.08935670064,0.2220548468,0.1336021154,0.2054970127,0.1603603664,0.1689942151,0.1348693609,0.1505005578,0.1590201187,0.1524849719
122,0,0,0,0,0,0.1933760779,0.1374127125,0.07590715573,0.1903346648,0.1525621279,0.1105405815,0.1093789481,0.0894213632,0.2221282125,0.1336491136,0.2053087824,0.1603798993,0.1691435043,0.1349921003,0.1504824724,0.1591654248,0.1524578887
122.5,0,0,0,0,0,0.1931375647,0.1374249746,0.07596333009,0.1902717868,0.1525402467,0.1104680356,0.1093427438,0.08937558563,0.2221983019,0.1338069542,0.2053471353,0.160270246,0.1691809817,0.1349898227,0.150316338,0.1589977033,0.1523760193
123,0,0,0,0,0,0.1932293193,0.1375113349,0.07588616368,0.1902808911,0.1524996513,0.1103297347,0.1093522377,0.08936439644,0.2221897315,0.1337179532,0.205413729,0.1602987851,0.1692471804,0.1350124551,0.1501226655,0.1590103086,0.1521883685
123.5,0,0,0,0,0,0.1933457869,0.1375091658,0.0757678805,0.190363814,0.1522281447,0.1103363888,0.1092665034,0.08934361166,0.2220114087,0.1337756365,0.2055420691,0.1604571205,0.1691837749,0.1350811104,0.1500519293,0.159031252,0.1521053071
124,0,0,0,0,0,0.193547231,0.1374791908,0.0757917943,0.1902570598,0.1520939914,0.1102026083,0.1092664281,0.08939742891,0.2219974295,0.1333505065,0.2053356317,0.1603923918,0.1691337083,0.1349031951,0.1498885285,0.1588947341,0.1520683857
124.5,0,0,0,0,0,0.1934356703,0.137324406,0.07576241262,0.190170926,0.1521613389,0.1103543902,0.1092062477,0.08927928331,0.2220959924,0.1333243942,0.2053425229,0.1601946739,0.1690800175,0.13468347,0.1499718566,0.1589140151,0.152240836
125,0,0,0,0,0,0.1932828877,0.1374021712,0.07569577664,0.1902700384,0.1522247247,0.110300885,0.1092118494,0.0892615566,0.222081408,0.1334177705,0.2053672255,0.1602586797,0.1691276029,0.1345742519,0.1498576159,0.1589731742,0.1523164809
125.5,0,0,0,0,0,0.1933470443,0.1373973953,0.07573518663,0.190068364,0.1523560102,0.1103662783,0.1092206286,0.08924238037,0.2221449685,0.1335471124,0.2052316936,0.160095739,0.1689897357,0.134529659,0.1497533288,0.1589338034,0.1522475594
126,0,0,0,0,0,0.1933067268,0.1373336814,0.07578392196,0.1901197704,0.152484041,0.1104782557,0.1093021659,0.08929414765,0.2222353067,0.133648948,0.2052019058,0.160077476,0.1687359599,0.134636711,0.1499807382,0.1589558954,0.1522447498
126.5,0,0,0,0,0,0.1933200785,0.1372226374,0.07571918082,0.1900901778,0.1524328668,0.1106025421,0.1092795506,0.08927327894,0.2221735755,0.133932205,0.205133987,0.1602150574,0.1686769413,0.1346837762,0.1501771661,0.1589709168,0.1523970808
127,0,0,0,0,0,0.1932368443,0.1374992161,0.07566287297,0.1902242059,0.1523329615,0.1105267692,0.1092670094,0.0893575194,0.2223870405,0.1340749595,0.2050136417,0.1602897201,0.1686498496,0.1346717177,0.1501157486,0.1587967807,0.1524986863
127.5,0,0,0,0,0,0.1933017403,0.1375367734,0.07581238134,0.1902739452,0.1523563125,0.1106399819,0.1093316296,0.08925627077,0.2224203564,0.1339729629,0.2050023663,0.160179202,0.168727775,0.1346780683,0.1501269188,0.1588314386,0.1524966217
128,0,0,0,0,0,0.1933218174,0.1375538837,0.07588508833,0.1901529138,0.1524302762,0.1105278222,0.1093214597,0.08944968921,0.2223990199,0.1338358197,0.2049057713,0.1601803281,0.168857489,0.1346014776,0.1501066004,0.1589541787,0.152467239
128.5,0,0,0,0,0,0.1932315107,0.1375996143,0.07595550818,0.1901205676,0.1523920428,0.1106128713,0.109285917,0.08945045233,0.2224712771,0.1340265394,0.204915215,0.1603104494,0.1690883181,0.1346890998,0.1503343513,0.1590010492,0.1524556591
129,0,0,0,0,0,0.1933776888,0.137447116,0.07601910077,0.1902440565,0.1524837813,0.1105484898,0.1092687209,0.08945293066,0.2224211836,0.13403077,0.2049583338,0.1603746156,0.1689829977,0.1349930987,0.1502968079,0.1592030614,0.1522478577
129.5,0,0,0,0,0,0.1933837596,0.1374390772,0.07595943165,0.1902216453,0.1525072238,0.110681413,0.1090980271,0.08937591951,0.2223833497,0.1341349295,0.2047920634,0.1603072591,0.1688185127,0.134962116,0.1503093087,0.1591737687,0.1521279508
130,0,0,0,0,0,0.1933164414,0.1375561501,0.07588870468,0.1902112176,0.1524746874,0.1106808085,0.1092408674,0.08922270791,0.2222972508,0.1341524689,0.2048074639,0.1603619443,0.1688618623,0.1350208673,0.1503467514,0.1592498369,0.152241289
130.5,0,0,0,0,0,0.19339321,0.137389633,0.07603241784,0.190299073,0.1525350011,0.1106972435,0.1093496942,0.08924298958,0.2224910637,0.1340616423,0.2047999248,0.1602025622,0.1689190593,0.135014068,0.1502345667,0.1591314378,0.1521702678
131,0,0,0,0,0,0.1931992087,0.1373668145,0.07600609789,0.1901626721,0.152448306,0.1107323413,0.1094485973,0.08925393155,0.2224150651,0.133956842,0.2046893771,0.160136899,0.1689256167,0.1347834778,0.1500477623,0.1590763412,0.1521309011
131.5,0,0,0,0,0,0.1932394519,0.137404133,0.07585151706,0.1899356955,0.1525985247,0.1106493862,0.1093651741,0.08922176603,0.2224199226,0.1339868523,0.2045843568,0.1601767923,0.1689000353,0.1347022851,0.1501513856,0.1591011122,0.1519812026
132,0,0,0,0,0,0.1932064433,0.1374699449,0.0758391132,0.18995567,0.1525874208,0.1105732282,0.1093948634,0.08919835556,0.2222013806,0.1340171306,0.2045333516,0.1603754961,0.1689593922,0.1346899347,0.1502918646,0.1589460186,0.1518555393
132.5,0,0,0,0,0,0.1931910574,0.1374802706,0.07571664881,0.1899607504,0.1526296287,0.1103721201,0.1093961687,0.08926571638,0.2222805322,0.1337376174,0.2043573126,0.1602984537,0.1689237136,0.1344535662,0.1502604031,0.158969343,0.1518932847
133,0,0,0,0,0,0.1932810242,0.1374943325,0.07572858087,0.1901578463,0.1524666957,0.1102666863,0.1093862998,0.0891844199,0.2221767645,0.1338188801,0.2044848114,0.1601903479,0.1689897116,0.1345290216,0.1502138955,0.1589999868,0.151709115
133.5,0,0,0,0,0,0.1933599697,0.1375520649,0.07595536626,0.1902566202,0.1522953246,0.1105379745,0.1093044367,0.08926135771,0.222061545,0.1337913448,0.2044881249,0.1602868855,0.1691957785,0.1346277073,0.1500984901,0.158943711,0.1517053395
134,0,0,0,0,0,0.1932571998,0.1375047926,0.07604502423,0.1901730933,0.1522113464,0.1105998537,0.1092329518,0.08928053789,0.2219633354,0.1337259482,0.2044501559,0.160294197,0.1690834585,0.1345952086,0.1500066253,0.1589875184,0.1516904759
134.5,0,0,0,0,0,0.1933038826,0.1374415775,0.07579079015,0.1901749195,0.1523772295,0.1106530174,0.1093582509,0.08938923759,0.2219844339,0.1337275441,0.2042657824,0.1603932389,0.1689249581,0.1347160229,0.1499419991,0.1589387295,0.1516033235
135,0,0,0,0,0,0.1932326048,0.1374548239,0.07587027784,0.1902354582,0.1525033941,0.1105762601,0.1095532549,0.08932989303,0.2221622652,0.1335898629,0.2040807457,0.1605302414,0.1690312062,0.1345835987,0.1498565938,0.1588963592,0.1515834058
135.5,0,0,0,0,0,0.1933575813,0.1373126414,0.07611949601,0.1902074258,0.1524875392,0.1104803877,0.1095637113,0.08935299753,0.2221418063,0.133580022,0.2041737417,0.1605720889,0.1691109276,0.1346566205,0.1499823908,0.1589600634,0.1516491021
136,0,0,0,0,0,0.1934161825,0.1372345433,0.07618448796,0.1901846437,0.1525701001,0.1102278459,0.1095330734,0.08933234137,0.2221470459,0.1336840452,0.2041683279,0.1606756295,0.1692170555,0.1346640349,0.1500676004,0.1589189537,0.1514116049
136.5,0,0,0,0,0,0.1934395265,0.1371258547,0.07611117258,0.1900284524,0.1526071243,0.1101933355,0.1094405212,0.08923010253,0.2222527759,0.13358641,0.2041156025,0.1605253816,0.1692365709,0.1347915164,0.150031613,0.1590226955,0.151397202
137,0,0,0,0,0,0.1933901615,0.1369920657,0.0760419429,0.1899876195,0.1527895825,0.11000632,0.1092855517,0.08939468965,0.2223603916,0.1334444198,0.2042018609,0.1605823555,0.1689999139,0.1348442542,0.1501034187,0.1588817104,0.1515199182
137.5,0,0,0,0,0,0.1935668199,0.1371412176,0.07603593404,0.1900641312,0.1526535194,0.1100547648,0.1093514908,0.08943482294,0.222329562,0.1335153078,0.2041501568,0.1605112628,0.1689716947,0.1347598353,0.1500963486,0.1587803834,0.151662498
138,0,0,0,0,0,0.1934065382,0.1370876952,0.07625811644,0.1900883578,0.152737157,0.1098616121,0.1093258631,0.08932787819,0.2222509927,0.1333467609,0.203975154,0.1604844979,0.1689971987,0.1346889883,0.1502266682,0.1588025643,0.1517891458
138.5,0,0,0,0,0,0.1934095008,0.1370908699,0.0759817915,0.1899492437,0.1526135916,0.1099953272,0.1093380199,0.08923195764,0.2223940404,0.1332914332,0.2039718849,0.1603143091,0.1688152643,0.1346601195,0.1502129979,0.1589379945,0.1518671274
139,0,0,0,0,0,0.1934260811,0.1371266774,0.07605874859,0.1898436068,0.1526078012,0.110031527,0.1093735993,0.08922692861,0.2222278748,0.1331989808,0.2038454697,0.1604648492,0.1689092349,0.1344994325,0.1502678157,0.1590656846,0.1520058311
139.5,0,0,0,0,0,0.1934857795,0.1371190058,0.07598401894,0.1899459826,0.1526304202,0.1102447848,0.1092688941,0.08923418797,0.2221060417,0.1333498317,0.2037476331,0.1606067154,0.1688372845,0.1345656468,0.1502865969,0.1591310949,0.1518782224
140,0,0,0,0,0,0.1933943991,0.1371587523,0.07599351565,0.1900204842,0.1524110457,0.1101522219,0.1092974395,0.08933562703,0.2220155518,0.1331924917,0.2037927498,0.1605484264,0.1689962113,0.1344149638,0.15030051,0.159096506,0.1519344536
140.5,0,0,0,0,0,0.1932959659,0.1371940507,0.07605447073,0.1899626001,0.1526347938,0.1100027574,0.1092677241,0.08919969923,0.2219568211,0.1333621985,0.2037506472,0.1605859606,0.1690186323,0.1344825507,0.1503316314,0.1589127579,0.1519258556
141,0,0,0,0,0,0.1933368342,0.1371661627,0.07599569848,0.1899977374,0.1525722208,0.110056898,0.1093459382,0.08930021626,0.2218819917,0.1334758367,0.2035707914,0.1605475283,0.1692498499,0.1346652017,0.1502268463,0.158852684,0.1517743999
141.5,0,0,0,0,0,0.1933968705,0.1370825216,0.07571060578,0.1898668666,0.1525989635,0.1101221751,0.1092203515,0.08928775293,0.2217440824,0.1336026763,0.2035542412,0.1604869896,0.1692233172,0.1346379929,0.1501928651,0.1587338296,0.1517592089
142,0,0,0,0,0,0.1935224284,0.1371202176,0.0757340429,0.1899847192,0.1524523496,0.1102616517,0.109354473,0.08934775679,0.221555523,0.133697168,0.2035520882,0.1604199358,0.1691413384,0.1346942641,0.1504522431,0.1587668992,0.1516971625
142.5,0,0,0,0,0,0.1934377502,0.1371693971,0.07593552674,0.1899313504,0.1524321184,0.1105412536,0.1093253562,0.08948782093,0.221519556,0.1336003275,0.2035700402,0.16054557,0.1691781851,0.1347260615,0.1502736389,0.1588292824,0.1519712436
143,0,0,0,0,0,0.1932348722,0.137320004,0.07590018456,0.1898415258,0.1524004658,0.1104832981,0.1094037724,0.0893941369,0.2216383215,0.1335955715,0.2034684653,0.160467011,0.1693176833,0.1347044418,0.1500060823,0.1587749712,0.1520300769
143.5,0,0,0,0,0,0.1930978837,0.1371883454,0.07590043505,0.1899137176,0.1523317741,0.1102903422,0.1091800638,0.08949132443,0.2216209412,0.1335419254,0.2035121403,0.1606051828,0.169380001,0.1347504536,0.1499756748,0.1588636868,0.1520847895
144,0,0,0,0,0,0.1930918422,0.1372775226,0.07591230701,0.1899958058,0.1523779769,0.1103861775,0.1091423185,0.08966031663,0.2216437049,0.1335450394,0.2034565992,0.1606031203,0.1691849085,0.1345972252,0.1500813135,0.1589721628,0.1520012754
144.5,0,0,0,0,0,0.1932197803,0.1371807282,0.07599780425,0.1901710923,0.1522908069,0.1104042561,0.1091441884,0.0897665662,0.2217097984,0.133464323,0.2033357201,0.1606720469,0.1690814473,0.1347638579,0.1501062616,0.1590182255,0.1521828228
145,0,0,0,0,0,0.1932349848,0.1374609236,0.07610221841,0.1902473478,0.1522080439,0.1103229751,0.1092109443,0.0898604702,0.221814419,0.1336103937,0.2033872022,0.1607390249,0.1688081532,0.1347022963,0.1501512286,0.1589295112,0.1518351966
145.5,0,0,0,0,0,0.1931636635,0.1374759667,0.07620654786,0.1901851421,0.1522254101,0.1104514258,0.1091370982,0.08980657584,0.2218243017,0.1336344511,0.2033257529,0.1606088551,0.1688204117,0.1346333496,0.1500603619,0.1589868786,0.1519042677
146,0,0,0,0,0,0.1930252957,0.1374182313,0.07615486377,0.1900702978,0.1522728088,0.1106619781,0.1091907052,0.08931831145,0.2217916324,0.1335626145,0.2032164998,0.1604467589,0.168821076,0.1347220256,0.1502423777,0.1589637038,0.1519260617
146.5,0,0,0,0,0,0.1930051757,0.13738234,0.07603556175,0.1901888304,0.1524440389,0.1104926483,0.1092757669,0.0893102474,0.2217388304,0.1334475831,0.2032936454,0.160368234,0.1688404012,0.1347366952,0.1501446881,0.1590710217,0.15184506
147,0,0,0,0,0,0.1930852302,0.1373297297,0.07603195776,0.1901034963,0.1524641293,0.1105404239,0.1094313177,0.08912949662,0.2216480591,0.1335327369,0.2030760937,0.1603522454,0.1687826066,0.1348807676,0.1502110824,0.158942446,0.1517793256
147.5,0,0,0,0,0,0.1932448647,0.1373006709,0.07601231819,0.1900249657,0.1525988653,0.1105910119,0.109409894,0.08922987647,0.2217133168,0.1335153377,0.203130248,0.1603514985,0.1688529698,0.1347541601,0.1501178374,0.1588487232,0.1517496395
148,0,0,0,0,0,0.1932040191,0.1375326437,0.0759022741,0.1900362258,0.1525555286,0.1104952668,0.1094771128,0.08936249482,0.2217410886,0.1336017339,0.2031186499,0.1602232765,0.1688593908,0.1346653801,0.1502084762,0.1589525733,0.1517183367
148.5,0,0,0,0,0,0.193243284,0.137376845,0.07604655651,0.1900397903,0.1524742695,0.1103152884,0.1095964642,0.08939605852,0.2217481863,0.1339177311,0.2031203078,0.1602973052,0.1690011015,0.134674586,0.150244309,0.1589292854,0.1515455665
149,0,0,0,0,0,0.1931963503,0.1373783646,0.07601729886,0.1901033144,0.1525269493,0.1104483029,0.1095952826,0.08930867504,0.2217560874,0.1339861986,0.203233148,0.16051964,0.1690192884,0.1345953803,0.1502090173,0.1589678041,0.1513628535
149.5,0,0,0,0,0,0.1932316779,0.1374676409,0.07595125256,0.1899508224,0.1525175822,0.1103619065,0.1095080739,0.08927126604,0.221749351,0.1339531868,0.2033182611,0.1604858295,0.1691287599,0.1346022035,0.1502623586,0.1589529729,0.1514569976
150,0,0,0,0,0,0.1933068199,0.1375149375,0.07590883397,0.1900936896,0.1525517273,0.1104737549,0.1095791979,0.08938161561,0.2217150822,0.1341010289,0.2032218784,0.1605924583,0.1692811782,0.134822761,0.1503748554,0.1591288051,0.1515568671
150.5,0,0,0,0,0,0.1933678805,0.1374958348,0.07601021783,0.1900175015,0.1526404078,0.1104928425,0.1096554402,0.08941157837,0.2217475101,0.1341697788,0.2031539202,0.1606112869,0.1691906884,0.134849564,0.1504300905,0.1590761797,0.1515271468
151,0,0,0,0,0,0.1934367459,0.1375307621,0.07604386341,0.190013273,0.1527489418,0.1104695676,0.1096511283,0.08942900776,0.2218231452,0.1342381625,0.2031673225,0.1607175114,0.1689779768,0.1347362903,0.1504632647,0.1590644203,0.1514427006
151.5,0,0,0,0,0,0.1932913163,0.1373891247,0.07597692476,0.1900843716,0.1525598948,0.1105539064,0.1094989708,0.08935988327,0.2218019748,0.1340997691,0.203246218,0.1606879598,0.1691763868,0.1348217787,0.150487729,0.159041232,0.1515650989
152,0,0,0,0,0,0.1932721006,0.137312369,0.07600418898,0.1902628871,0.1524939626,0.1104745946,0.1094570896,0.08943287378,0.2218060828,0.1339670787,0.2032364818,0.1606083753,0.1690350818,0.1348390335,0.1504011043,0.1590398525,0.1516983443
152.5,0,0,0,0,0,0.1931987832,0.137285895,0.07600432186,0.190187815,0.1525260103,0.1103384934,0.1092633899,0.08943235747,0.2219030564,0.1338720488,0.2032184646,0.1606792874,0.1688987196,0.1351304598,0.1502254273,0.1590063774,0.1517872553
153,0,0,0,0,0,0.193312057,0.1371688669,0.07613776728,0.1901906286,0.1524432394,0.1101287135,0.1092066723,0.08930751028,0.2218591159,0.1338508503,0.2033677509,0.1606569648,0.1691649307,0.1350133623,0.1501519633,0.1589432807,0.1518236616
153.5,0,0,0,0,0,0.193429168,0.1371671465,0.07613951681,0.1899851046,0.152504433,0.1102288642,0.1093233811,0.08923883831,0.2218725082,0.1337917416,0.2031868378,0.1606189165,0.1693402803,0.1349683603,0.1501152254,0.1588381695,0.1517219379
154,0,0,0,0,0,0.1934456467,0.1371693019,0.07617144798,0.1898436593,0.1524913417,0.1101852125,0.1094160876,0.08933474108,0.2220551723,0.133591089,0.2032142667,0.160511773,0.1692508691,0.1347621404,0.1502640955,0.1587088166,0.1518271052
154.5,0,0,0,0,0,0.1932153448,0.137190536,0.07608366256,0.1898673002,0.1527129876,0.110048091,0.1093671632,0.08942375842,0.2220824067,0.1336353227,0.2032879864,0.1603736695,0.1692594152,0.134806616,0.1503978255,0.1589456655,0.1518132004
155,0,0,0,0,0,0.193184018,0.1371628375,0.0759333036,0.189921163,0.1526808944,0.1101442372,0.1091820907,0.08938676551,0.2219486111,0.133666436,0.2033797448,0.1603422453,0.1691126677,0.1346324781,0.1505759788,0.1588547839,0.1516719417
155.5,0,0,0,0,0,0.1932934323,0.1374269972,0.0758383091,0.1900010649,0.1525289783,0.1103029702,0.1091832829,0.08944527013,0.2219729181,0.1336955973,0.2033736388,0.1602848616,0.1690912465,0.1348899788,0.1504957609,0.1587568758,0.1515107005
156,0,0,0,0,0,0.1933861407,0.137415119,0.07595890992,0.1900579386,0.1524982334,0.1100999699,0.1091892559,0.08933038438,0.2218933324,0.1338701177,0.2033331374,0.1602897211,0.1691445597,0.1348353421,0.150524423,0.1585855667,0.1511264241
156.5,0,0,0,0,0,0.1935188718,0.1372496525,0.07592228638,0.1902463751,0.1525394741,0.1102683583,0.1092688321,0.08917253543,0.2218093097,0.1339029656,0.2033067326,0.1603748299,0.1689898637,0.1350228288,0.1504097835,0.1585754156,0.1511845945
157,0,0,0,0,0,0.1935000649,0.1371462161,0.07586763023,0.1901300232,0.1524334084,0.1104310791,0.1092922723,0.08914509998,0.2217359839,0.1339531703,0.2032145988,0.1603739612,0.1689734488,0.1349235242,0.1505348277,0.1585601337,0.1512762175
157.5,0,0,0,0,0,0.1934291143,0.1370121789,0.07583682558,0.1902239674,0.152471307,0.110496146,0.1092378011,0.08947571445,0.221874972,0.1338751358,0.2031154381,0.1602904685,0.1689011301,0.1348523562,0.150554615,0.158444936,0.1512188077
158,0,0,0,0,0,0.1933881992,0.1371351735,0.07576463046,0.1903074931,0.1524275321,0.1104704516,0.1091213393,0.08954719698,0.2219269231,0.1339449085,0.2030023549,0.1601879711,0.1689183799,0.1349318496,0.150435383,0.1586381838,0.151418052
158.5,0,0,0,0,0,0.1934763524,0.1371299341,0.07584378886,0.1903150184,0.1525827346,0.1103677199,0.1091684553,0.08962687744,0.2220498264,0.1340290136,0.202874332,0.1601183081,0.1687712695,0.1348536424,0.1505979857,0.1586564913,0.1514269363
159,0,0,0,0,0,0.1933432238,0.1371064723,0.07575562497,0.1902628252,0.152601227,0.110492498,0.1091475689,0.08945304122,0.2220087844,0.1339914306,0.2028592484,0.1601222979,0.1690130052,0.1348139229,0.1506849212,0.1586844901,0.151348637
159.5,0,0,0,0,0,0.1931765215,0.1370590734,0.0759406533,0.1901895629,0.1523898501,0.1102903712,0.109181296,0.08947450843,0.2218685385,0.1339544169,0.2027822211,0.1601512915,0.169058631,0.1347391188,0.1506878052,0.1587940213,0.1512190956
160,0,0,0,0,0,0.1933631954,0.1371761214,0.07587122647,0.1900973775,0.1524446187,0.1104817466,0.1092837896,0.08953470022,0.2217663265,0.1341767747,0.2029708235,0.1603441793,0.1691251048,0.1348123568,0.1505372067,0.1589302278,0.1512573917
160.5,0,0,0,0,0,0.1935064584,0.1370813951,0.0759733824,0.1901168837,0.1526221751,0.1103527783,0.1093771568,0.0896220541,0.2217106397,0.1341411853,0.2028824902,0.160376795,0.1692434468,0.1348266875,0.1504509273,0.1588016853,0.1509639627
161,0,0,0,0,0,0.1934319711,0.1370272603,0.07609997367,0.1901072309,0.1525589139,0.1103268801,0.1093297986,0.08957020802,0.2216864036,0.1339471766,0.2028700882,0.1603854465,0.169266974,0.1347305993,0.1505039823,0.158749811,0.1510050437
161.5,0,0,0,0,0,0.1931469069,0.1370472644,0.07595405464,0.190009315,0.1526614009,0.1103675513,0.1092372693,0.08937569247,0.2218018823,0.133848837,0.2029708855,0.1604108046,0.1691963807,0.1347507019,0.1506405233,0.1585865157,0.1509657604
162,0,0,0,0,0,0.193198453,0.1372562683,0.0756834466,0.1900099024,0.1527097954,0.1105744417,0.1093170599,0.08929624912,0.2217759925,0.1339641467,0.203128745,0.1604479046,0.1689692124,0.1347442702,0.1504369921,0.1584915365,0.1507527851
162.5,0,0,0,0,0,0.1931870367,0.1372188529,0.07573355201,0.1899757738,0.1525418704,0.1106603207,0.1093854817,0.08924223137,0.221806741,0.1337671319,0.2030926557,0.1603704113,0.1688802263,0.1347050606,0.1503174905,0.1586774474,0.1506994666
163,0,0,0,0,0,0.1932567635,0.1371368938,0.07601136182,0.1898382386,0.1524652858,0.1108390398,0.1094633095,0.08926881495,0.2218557943,0.1336735191,0.2031636161,0.160437652,0.169040507,0.1346736863,0.1503766783,0.158568301,0.1506048933
163.5,0,0,0,0,0,0.1932496265,0.1371937427,0.07589104987,0.1898325883,0.1523345013,0.1109252885,0.1095249362,0.08918442522,0.2218726237,0.1335033663,0.2032679401,0.16045405,0.1689819885,0.1345972985,0.1504834224,0.1583564228,0.1506750389
164,0,0,0,0,0,0.1931961506,0.1373457288,0.07596068866,0.1898119779,0.1521723009,0.1108526331,0.1095959812,0.0891538522,0.2217793796,0.1333986109,0.2032626694,0.1604735845,0.1690931259,0.1344713454,0.1504414346,0.1585062222,0.1506491938
164.5,0,0,0,0,0,0.1932058001,0.1375349806,0.07598234676,0.1899290954,0.152119995,0.1105504898,0.1096568788,0.08923814272,0.2217700662,0.1335573713,0.203355959,0.160501389,0.1691928167,0.1344443158,0.1503501399,0.1585557163,0.1505623875
165,0,0,0,0,0,0.1931946103,0.1374270108,0.07595663126,0.1900746294,0.1521909543,0.1103499411,0.109588051,0.08931742806,0.2218374372,0.1335646203,0.203220425,0.1605153554,0.1692135247,0.1343620752,0.1503143172,0.1585688354,0.1505651508
165.5,0,0,0,0,0,0.1934304707,0.1374980739,0.07585215632,0.1899768398,0.1520865251,0.1104930491,0.1095099977,0.08910947574,0.221704362,0.1335213535,0.2032058182,0.1605814913,0.1692459687,0.1343147036,0.1503902222,0.1585279885,0.1503351077
166,0,0,0,0,0,0.1933729529,0.1372838799,0.07598239139,0.1899939469,0.152128531,0.1105179268,0.1094888601,0.08906906877,0.2215232816,0.1334845434,0.203184633,0.1605732096,0.1693049744,0.1344068187,0.1502808548,0.1585343162,0.1503174934
166.5,0,0,0,0,0,0.1933038356,0.1371931036,0.07597559614,0.19004272,0.1522470673,0.110570834,0.1093288367,0.08901745553,0.2214236547,0.1335125937,0.2031640562,0.1604915429,0.1692400166,0.1345212731,0.150197503,0.158646452,0.150423036
167,0,0,0,0,0,0.1933668832,0.1373452285,0.07605133228,0.1899608878,0.1521958079,0.1103738934,0.1092906858,0.08914551518,0.2216205046,0.1333572738,0.2031179551,0.1604885268,0.169140671,0.1346324486,0.1501466742,0.158610795,0.1504088814
167.5,0,0,0,0,0,0.1933630509,0.137323617,0.07620431023,0.1899713837,0.1522194163,0.1103459634,0.1094550281,0.08907960782,0.2216498262,0.1331495043,0.2030683241,0.160471949,0.1691719204,0.1345062883,0.1502745149,0.1587247646,0.150554953
168,0,0,0,0,0,0.1932819168,0.1374574725,0.07602323902,0.1900470565,0.1520838438,0.110444849,0.1094948516,0.08915625004,0.2217951467,0.1331170012,0.2030016045,0.1602868723,0.1691256669,0.1343437099,0.150225965,0.1586244468,0.1504774477
168.5,0,0,0,0,0,0.1933167442,0.1373082465,0.07625050186,0.1900258775,0.1521753127,0.110227087,0.1094513493,0.08917030428,0.221700423,0.133115945,0.2030485291,0.1601837658,0.1689888799,0.1343462658,0.1501552504,0.1584331818,0.1504409555
169,0,0,0,0,0,0.1933777929,0.1373698482,0.0761261058,0.1899736373,0.1523039241,0.1104391316,0.109467546,0.08923180307,0.2216758179,0.1331578226,0.2029050117,0.1601706026,0.1689271807,0.1343781134,0.1499970776,0.1583268759,0.1503806754
169.5,0,0,0,0,0,0.1933163262,0.1372973238,0.07593534263,0.18975101,0.1523016798,0.1104443173,0.109360431,0.08919417222,0.221691311,0.1332433283,0.2029666326,0.1601291779,0.1689358994,0.1344383483,0.1498752129,0.1582707864,0.1501617676
170,0,0,0,0,0,0.1931933993,0.1373116725,0.07606232115,0.1899397214,0.1524144503,0.1103938395,0.1094050527,0.08925281462,0.2217213168,0.133221982,0.2028532645,0.1602383019,0.1689778767,0.1345381064,0.1498616571,0.1582599371,0.1500402199
170.5,0,0,0,0,0,0.1932467881,0.137222421,0.07612728814,0.1900035973,0.1524086317,0.1102015888,0.1094581102,0.08922687043,0.2216905315,0.1332609633,0.2030183266,0.1603524845,0.1688982457,0.1346437072,0.1499174722,0.1582582263,0.1501260187
171,0,0,0,0,0,0.1931508181,0.1371473362,0.07623602239,0.1900112143,0.1523101116,0.1102883276,0.1094740101,0.0893829446,0.2217984205,0.1333497867,0.2030605521,0.1604415484,0.1687798629,0.1345974261,0.1500240824,0.1581973826,0.1500864313
171.5,0,0,0,0,0,0.1932587703,0.1372268167,0.07609000802,0.190070887,0.1524918091,0.1102144621,0.1094103704,0.08943899398,0.2217897288,0.1334969194,0.2029966338,0.1605423068,0.168830534,0.1346395026,0.1501183672,0.1582101098,0.1499982211
172,0,0,0,0,0,0.1934099446,0.1374104966,0.07610767587,0.1901381685,0.1524566645,0.1103120709,0.1093699609,0.08940433735,0.2218451596,0.1333790867,0.2029296994,0.1607382259,0.1687920207,0.1345136585,0.1502184964,0.158093278,0.1499869282
172.5,0,0,0,0,0,0.1933960088,0.1372726545,0.07590881578,0.1899894199,0.152298426,0.1104421373,0.1095793543,0.08938995141,0.2218794556,0.1334384333,0.2028774796,0.1605976058,0.1685962211,0.1345066591,0.149989896,0.1582875271,0.1498878003
173,0,0,0,0,0,0.1933028483,0.1373246876,0.07591842293,0.1900504703,0.1522234729,0.1105115554,0.1095462276,0.08921200766,0.2219681331,0.1334240041,0.2028138156,0.1605142771,0.1687284852,0.1344261271,0.1500347617,0.1585012319,0.1497778856
173.5,0,0,0,0,0,0.1935078044,0.1372438279,0.07598478452,0.1899957691,0.1523851983,0.1105190836,0.109485527,0.08927459824,0.2221133344,0.1334340123,0.2027524756,0.1604804858,0.1686201613,0.1347146186,0.1500458399,0.1587413064,0.1498218301
174,0,0,0,0,0,0.1934631421,0.1372149917,0.07594835406,0.1897983238,0.1524155633,0.1104344954,0.1095475135,0.08927442202,0.222106437,0.1335578926,0.2026347737,0.160527722,0.1687499672,0.1348118308,0.1501058409,0.1586550736,0.1497650325
174.5,0,0,0,0,0,0.1934854699,0.137134613,0.07605760606,0.1899062476,0.1524096091,0.1104400813,0.1094033702,0.08914226074,0.2219741274,0.1335286506,0.2027607365,0.1604197421,0.1688473334,0.13463493,0.1501779213,0.1587032542,0.1497720067
175,0,0,0,0,0,0.1933897602,0.137186866,0.07596134847,0.1901072388,0.1523435114,0.1105023279,0.1094784513,0.0891002923,0.2220059602,0.1333635285,0.2028387584,0.1604795792,0.1689431369,0.1346663164,0.1501425273,0.158734816,0.1496401098
175.5,0,0,0,0,0,0.1933063563,0.1370354235,0.07594035893,0.1900094244,0.1522258161,0.1104121618,0.1094985364,0.08910833933,0.2221256198,0.1333920426,0.2028421873,0.1604934777,0.1690765804,0.1346046106,0.1502060279,0.1588243718,0.1495940284
176,0,0,0,0,0,0.1930848052,0.1371673115,0.07598425247,0.190010179,0.1525170588,0.1103896503,0.1095144421,0.08911760419,0.2221846571,0.1335457708,0.2029712626,0.1604815608,0.1691306217,0.134637597,0.1503248285,0.1588562118,0.1494656702
176.5,0,0,0,0,0,0.1931468516,0.1370586697,0.07596698598,0.190046778,0.1524370126,0.110120292,0.1095790138,0.0890844166,0.2221567498,0.1335855291,0.202879645,0.1605442025,0.1691837697,0.1346107984,0.1501523681,0.1587248807,0.1492326709
177,0,0,0,0,0,0.1929933655,0.1370068348,0.07591773733,0.1900041174,0.1523036137,0.1102490391,0.1094865668,0.08914142397,0.2222606187,0.1335152128,0.2029282923,0.1606680641,0.1691083494,0.1346975278,0.1500873543,0.1588084744,0.149305235
177.5,0,0,0,0,0,0.1930807133,0.1369287114,0.07602572133,0.1900246236,0.1524132787,0.1102903757,0.1093249534,0.08923731645,0.2221573972,0.133574056,0.2029811519,0.1606546585,0.169038111,0.1346053431,0.1502250834,0.158782237,0.1492092699
178,0,0,0,0,0,0.1930687449,0.1370925117,0.07607275291,0.1900740651,0.1523741578,0.1102830165,0.1093769732,0.08919925387,0.2221437028,0.1337747187,0.2027677931,0.1605703638,0.1690554012,0.134600443,0.1500264526,0.1588960145,0.1492109844
178.5,0,0,0,0,0,0.1931222821,0.1372546298,0.07603627775,0.1900270286,0.1523181488,0.1103144816,0.1093520295,0.08914631669,0.222282232,0.1336703335,0.2027963727,0.1605524422,0.1692133006,0.1344229222,0.1499553643,0.1586820719,0.1493080027
179,0,0,0,0,0,0.193294342,0.1373248482,0.07612093939,0.1898975648,0.1523550299,0.110252558,0.1094874181,0.08906776763,0.2221098315,0.133681047,0.2026965645,0.1604413119,0.1692317808,0.134501512,0.1500410236,0.1586616626,0.1491297724
179.5,0,0,0,0,0,0.193299236,0.1371897131,0.0760562908,0.1897530399,0.1522731463,0.1103362706,0.1093492967,0.08930416121,0.2220274777,0.1337748824,0.20273038,0.1603457269,0.1692380688,0.1344735007,0.1499344463,0.1587773735,0.1492260329
180,0,0,0,0,0,0.1932378991,0.1372280521,0.07603984363,0.1897635547,0.152388346,0.1103270876,0.109521331,0.08897456697,0.2220973336,0.1336370718,0.2027870783,0.1604398705,0.1692473081,0.1343490177,0.1498949431,0.1587008325,0.1491081752
180.5,0,0,0,0,0,0.1934810861,0.137270816,0.07598771698,0.1897066822,0.152465649,0.1102579663,0.1094032002,0.08903335478,0.2220589092,0.1336312432,0.202904978,0.1605605559,0.1692131028,0.1345459933,0.1499012655,0.1587289432,0.149159667
181,0,0,0,0,0,0.193469203,0.1373428234,0.0759712548,0.1898016952,0.1523037695,0.1103224466,0.1093888681,0.08914741254,0.2220759312,0.1336624251,0.2029308654,0.1605945255,0.1692918567,0.1346237403,0.1499058405,0.1586870208,0.1489557556
181.5,0,0,0,0,0,0.1934126856,0.1374206435,0.07604654417,0.1899325729,0.1524975997,0.1103885298,0.1094321773,0.08915413524,0.2220723717,0.1335932329,0.2027732084,0.1607548555,0.1694875307,0.134744947,0.1499359959,0.1587712385,0.1491476737
182,0,0,0,0,0,0.1934566843,0.1375417893,0.07616908804,0.1900622499,0.1525106413,0.1105609251,0.1093614032,0.08927380287,0.222043595,0.1336022854,0.2026990499,0.1608052851,0.169537969,0.134877628,0.1498038638,0.1588042312,0.1492910307
182.5,0,0,0,0,0,0.1935043159,0.1374863506,0.07621668422,0.1899496374,0.1527071277,0.1106064859,0.1093061233,0.08924699657,0.222120183,0.1335468083,0.2026356881,0.1606462822,0.1694141266,0.134838183,0.14984519,0.1588449054,0.1492124802
183,0,0,0,0,0,0.1934714552,0.1375338161,0.07609158,0.1899784568,0.1526126204,0.1105203721,0.109439146,0.08925384117,0.2220776158,0.133802707,0.2027173424,0.1605800556,0.1694465495,0.1347891599,0.1498165896,0.1587240932,0.1492521731
183.5,0,0,0,0,0,0.1934793722,0.1375137512,0.07605853798,0.1900632438,0.1524988437,0.1105906847,0.1093911334,0.08919160779,0.2218825698,0.1336710323,0.2027797957,0.1605693684,0.1695168132,0.1348648368,0.149731547,0.1586978557,0.1495019435
184,0,0,0,0,0,0.1935742573,0.1376541041,0.07600265442,0.1902648435,0.1524136803,0.1105505154,0.1094140036,0.0892358278,0.2218517637,0.1335269425,0.2027765,0.1604446612,0.1692670658,0.1347632496,0.149858082,0.1587282936,0.1496452394
184.5,0,0,0,0,0,0.1935617951,0.1376220671,0.0759193036,0.1900154883,0.15246862,0.1104565868,0.1095807134,0.08918414546,0.2217778742,0.1331856101,0.2028397433,0.1604774642,0.1690719883,0.1345377943,0.1499138399,0.1586357363,0.1494902203
185,0,0,0,0,0,0.1935444139,0.1374440433,0.07592215314,0.1902813333,0.152317113,0.1103242555,0.1094186898,0.08926232463,0.2221531748,0.1330641349,0.2028644713,0.160274418,0.1690006072,0.1347637354,0.1499658961,0.1586887681,0.1494109709
185.5,0,0,0,0,0,0.1935766166,0.1374515767,0.07590681538,0.1902609872,0.1523822707,0.11042179,0.1095077052,0.08904264594,0.2220767863,0.1330074432,0.202915554,0.1603562226,0.1690069823,0.1347878573,0.1501389918,0.1585690987,0.1494287888
186,0,0,0,0,0,0.1934918207,0.1374680817,0.07584330903,0.1902190203,0.1525567326,0.1104486055,0.1095481477,0.08904896497,0.2221307744,0.1331674689,0.2029514618,0.1603414181,0.1689815891,0.1347677006,0.1500819051,0.1585307056,0.1495139438
186.5,0,0,0,0,0,0.1933210545,0.1373968179,0.07593633948,0.1901430005,0.1526060175,0.1105367192,0.1094938099,0.08916553933,0.2220328032,0.1332359033,0.2028809285,0.1603262247,0.1691272007,0.1350648529,0.1501549133,0.158668622,0.1496597938
187,0,0,0,0,0,0.1933224533,0.1372273834,0.07580859608,0.1901140831,0.1526124155,0.1104203596,0.1094475651,0.08920211784,0.2219899783,0.1332653949,0.2028016039,0.1604750132,0.169105372,0.1351860804,0.1500585379,0.1589701445,0.1498014491
187.5,0,0,0,0,0,0.1932580047,0.1373897914,0.07580484735,0.1902280328,0.1525105764,0.1104812558,0.1094812772,0.08919443503,0.22199442,0.1332839401,0.2029442326,0.1604325495,0.1691887437,0.1350402726,0.1500067406,0.1589805179,0.1497714395
188,0,0,0,0,0,0.1930970116,0.1372674633,0.07585669041,0.1901712665,0.152394819,0.110405481,0.1093476947,0.08912529751,0.2219397181,0.1332193127,0.20303787,0.1604674121,0.1689091597,0.1350378587,0.1499873367,0.1589293457,0.1497275994
188.5,0,0,0,0,0,0.1932619548,0.1372556952,0.07573351061,0.1902747617,0.1522824606,0.1104799375,0.1093501476,0.08898157144,0.221969039,0.1333265588,0.2029084421,0.1605224677,0.1690190493,0.1350177736,0.1501765787,0.1588661648,0.1497407393
189,0,0,0,0,0,0.1932743063,0.1371979916,0.07583120623,0.190174526,0.152184096,0.1103041662,0.109274456,0.08906949216,0.2219531028,0.1331840978,0.2029004855,0.1605302261,0.1691240145,0.1348298616,0.150152162,0.1588609586,0.1497344485
189.5,0,0,0,0,0,0.1932816362,0.1373305345,0.07586802834,0.1900478653,0.1521247166,0.1101179648,0.1091970273,0.08913448293,0.2219417837,0.133347812,0.2030339928,0.1605179076,0.1691151353,0.1347987336,0.150208377,0.1587277352,0.1496899008
190,0,0,0,0,0,0.1932728976,0.1372046472,0.07603051799,0.1900393451,0.1522152432,0.1102991051,0.1092883413,0.08923209833,0.2221106995,0.1333900038,0.2031433163,0.1606873203,0.1691180343,0.1348853463,0.1502099363,0.158641935,0.1497284424
190.5,0,0,0,0,0,0.1932248599,0.1372002701,0.07603128575,0.1901255519,0.1522002934,0.110373836,0.1092806754,0.08920841595,0.2220497846,0.1333511928,0.2031314496,0.1606166819,0.1689855565,0.1349357152,0.1501407969,0.1585040239,0.1497193758
191,0,0,0,0,0,0.1932948353,0.1373636749,0.07608264026,0.190116145,0.1523523454,0.1104461327,0.1092318345,0.08919357568,0.2220919698,0.1333225659,0.2031127909,0.1606127346,0.1689031117,0.1350600429,0.1501047103,0.1584198375,0.1495342386
191.5,0,0,0,0,0,0.1932130307,0.1374154885,0.0760562048,0.1900278461,0.1522934048,0.1102719059,0.1092756397,0.08927250841,0.2220291222,0.1330048375,0.203009243,0.1606769914,0.1687689437,0.1349473138,0.1501289048,0.1585181389,0.1495331297
192,0,0,0,0,0,0.1933334478,0.1374230759,0.07600860135,0.1900298993,0.1522656989,0.1099847857,0.1093825365,0.08929703888,0.2219325958,0.1330068551,0.2030368168,0.1606200963,0.1689486511,0.1345889523,0.1502217573,0.1585772738,0.1494537847
192.5,0,0,0,0,0,0.1934518211,0.1376165976,0.07607905146,0.1901484321,0.152293119,0.1100860351,0.1094857743,0.08926280376,0.2218934982,0.133123738,0.2029127028,0.1607809305,0.1689427874,0.1345305824,0.150109655,0.1585508781,0.149792037
193,0,0,0,0,0,0.193374953,0.1374719997,0.07595879701,0.1901602303,0.1523736382,0.1100275963,0.1094559762,0.08937103551,0.2217744823,0.1332224693,0.2028482849,0.1607709972,0.1688939986,0.1345230555,0.1503898529,0.1584579118,0.1496596513
193.5,0,0,0,0,0,0.1931795039,0.1372895984,0.07606981722,0.1901613222,0.1523902314,0.1100716544,0.1095153207,0.0893570426,0.2218444928,0.1331800232,0.2027698759,0.16061662,0.1688150789,0.1346505977,0.1504848635,0.1584321175,0.1497117387
194,0,0,0,0,0,0.1931618118,0.1375957918,0.07605128282,0.1901428969,0.1522716907,0.1101606277,0.1095473804,0.08931091509,0.2219021316,0.1333036368,0.2027386545,0.1606370515,0.1686368279,0.1346890626,0.1503068032,0.1583424458,0.1495816465
194.5,0,0,0,0,0,0.193178188,0.1376139676,0.0760401755,0.1900294143,0.1523321466,0.1104357535,0.109490189,0.08916515718,0.2219914744,0.1333841009,0.2027029885,0.1606954673,0.1687313087,0.1347428451,0.150317263,0.158349651,0.1496512555
195,0,0,0,0,0,0.1933218436,0.1376596896,0.07588805423,0.189890862,0.1523189158,0.1104819027,0.1095171562,0.08914742286,0.2220977167,0.1333556894,0.202690024,0.1607670458,0.1687952294,0.1348154232,0.1502713392,0.1582897295,0.1495233361
195.5,0,0,0,0,0,0.1934374935,0.1377120319,0.07586803357,0.1899860412,0.1523193823,0.1105065741,0.1095440446,0.08912304914,0.2221989777,0.1333144497,0.2027666581,0.1607235697,0.1689986057,0.1346693855,0.1501290259,0.1582462144,0.149360693
196,0,0,0,0,0,0.19348396,0.1376096116,0.07575594235,0.189905588,0.152189582,0.1104381246,0.1095571247,0.08921385675,0.2221717225,0.1336221466,0.2027898192,0.1606574944,0.1689317879,0.1347080106,0.1501901739,0.1582072699,0.1493250736
196.5,0,0,0,0,0,0.1936443541,0.1375288576,0.07586799368,0.1899783484,0.152090396,0.1105367286,0.1095033169,0.08921736785,0.2221897289,0.1335716356,0.2028019229,0.160543817,0.1689099457,0.1346885658,0.1502361436,0.1582994141,0.1494979481
197,0,0,0,0,0,0.1935662819,0.1375005083,0.07573312899,0.1900198648,0.1521782236,0.11056963,0.1096117184,0.08942320077,0.2219856302,0.133369474,0.2027757092,0.1603746628,0.1690454077,0.134764368,0.1501179187,0.1583025196,0.1495940668
197.5,0,0,0,0,0,0.1935878538,0.1376062889,0.07589168096,0.1899722144,0.1522651369,0.1103162337,0.1095192749,0.08935881263,0.2219342302,0.1336069059,0.2028110151,0.160332612,0.1689482705,0.1345123415,0.1502431552,0.1581980932,0.1496809705
198,0,0,0,0,0,0.1936006623,0.1376343506,0.07585513573,0.190004813,0.152329731,0.110198778,0.1096913041,0.08946084042,0.2218634224,0.1332430641,0.2028811253,0.1603983577,0.1690990552,0.1345788237,0.1502284503,0.1582970242,0.1495396256
198.5,0,0,0,0,0,0.1935259532,0.137376584,0.07587442047,0.1901162121,0.1525188927,0.1101757714,0.1096667971,0.08953862775,0.2218540848,0.1332193198,0.2030821344,0.1604627969,0.1690590954,0.1345282184,0.1501941525,0.1582462126,0.1497208945
199,0,0,0,0,0,0.1935292613,0.1373868214,0.07573592157,0.1898822455,0.1527127947,0.1100042501,0.1097148328,0.08951371932,0.2218649972,0.1332457112,0.2029905586,0.1604575222,0.1691221263,0.1347597775,0.1501831643,0.1582444058,0.1496180452
199.5,0,0,0,0,0,0.1934274738,0.137303067,0.07588979136,0.1899050335,0.152749004,0.1101869846,0.1097388971,0.0894040089,0.2218440475,0.1332466451,0.202747422,0.1604926477,0.1690026935,0.1346982862,0.1501017243,0.1583669667,0.149597321
200,0,0,0,0,0,0.1935201832,0.1371312159,0.07586148665,0.1899546448,0.1526687724,0.1102262158,0.1096220443,0.08935216407,0.2216149064,0.1333803977,0.2027275806,0.1605531007,0.1690531678,0.1346217721,0.1500158719,0.1583015655,0.149280575
200.5,0,0,0,0,0,0.1935402179,0.1371805411,0.07565486176,0.1899477085,0.1526462912,0.1100911571,0.1095733117,0.08940330033,0.2216536526,0.1335310974,0.2027252677,0.1605986901,0.1689927975,0.1346940964,0.1500197148,0.1581683185,0.1492056719
201,0,0,0,0,0,0.1934522448,0.1372886055,0.0759464002,0.1899715182,0.1528111324,0.1100647041,0.1095178162,0.08938660078,0.221674793,0.133635068,0.2027166222,0.1607197159,0.1690037394,0.134607669,0.1500531542,0.158347698,0.1492490743
201.5,0,0,0,0,0,0.1933758517,0.1371573533,0.07583823413,0.1896897611,0.1527390525,0.1102739784,0.109528362,0.08939511648,0.2217524794,0.1335414864,0.202732657,0.1605034956,0.1690144358,0.134634849,0.150255463,0.1582685498,0.1492934959
202,0,0,0,0,0,0.1932544071,0.137237855,0.07572829823,0.1897388432,0.1525752585,0.1103908829,0.1094543546,0.08943128792,0.2216446892,0.133551586,0.2026818012,0.1604074702,0.1689261747,0.1346128795,0.1502603839,0.1582756749,0.1492196639
202.5,0,0,0,0,0,0.1932347401,0.1372694012,0.07572583379,0.1898598401,0.1526027447,0.1102912585,0.1094343073,0.08944828251,0.2216424238,0.1335134584,0.2026299911,0.1604096996,0.1689164261,0.1346579294,0.1501976728,0.1581459435,0.1494104542
203,0,0,0,0,0,0.1932467708,0.137343421,0.07570110997,0.1899660733,0.1528144597,0.1104994571,0.1094932869,0.08929395524,0.2217853422,0.1333860628,0.2024427767,0.1605257981,0.1689416643,0.1347222635,0.1499255535,0.1579862532,0.1493775464
203.5,0,0,0,0,0,0.1933719982,0.1374599007,0.07587126355,0.1899328495,0.1528006592,0.1103078592,0.1095718693,0.08923285848,0.2217607098,0.1333397831,0.2024072336,0.1603960162,0.1690727027,0.1347635675,0.1499672385,0.1578923327,0.1491656281
204,0,0,0,0,0,0.1933002863,0.1376154212,0.0758833,0.1900028014,0.1526153595,0.1105924778,0.1093944063,0.08928016424,0.2216980595,0.133312931,0.2022881357,0.1603627044,0.1691908537,0.1346856212,0.1500907963,0.1576253474,0.1491560602
204.5,0,0,0,0,0,0.1931942144,0.1376179182,0.0760172723,0.1899420575,0.1525695886,0.1103899576,0.1092727634,0.08945315997,0.2217194029,0.1333006268,0.2022521686,0.160286952,0.1692443348,0.1346130789,0.1501301421,0.1577585603,0.149031571
205,0,0,0,0,0,0.1933478298,0.1374202209,0.07580207042,0.1900092111,0.1524627263,0.1104394613,0.1094618178,0.08937299669,0.2218541176,0.1333404994,0.202200331,0.1603398432,0.1693462629,0.1346968743,0.149982498,0.1578854522,0.1490454277
205.5,0,0,0,0,0,0.1932845591,0.1375799921,0.07581041502,0.1901054299,0.1524313634,0.1104228259,0.1095054321,0.08950664654,0.2219964705,0.1333413631,0.2021798319,0.1605337007,0.1693788809,0.1347111453,0.149987429,0.157803321,0.1491421192
206,0,0,0,0,0,0.1932126364,0.137494413,0.07595394997,0.1902999129,0.152445206,0.110247123,0.1094156758,0.08941465232,0.2219702801,0.1334296273,0.20232624,0.1607261808,0.1692814213,0.1347216754,0.15006211,0.1578895857,0.1491943642
206.5,0,0,0,0,0,0.1932817048,0.1376512133,0.07573219027,0.1900688596,0.1524375012,0.1101627984,0.1093014022,0.08927477017,0.2220027199,0.1333915684,0.2022504108,0.1606350931,0.1690425103,0.1346541646,0.150027042,0.1579505522,0.1494066373
207,0,0,0,0,0,0.1932596647,0.1374645584,0.07591172131,0.1898567196,0.1524263988,0.1103623541,0.109186542,0.08916384146,0.2218913832,0.1334586716,0.2020533972,0.1606473298,0.1689930284,0.134725751,0.1500800051,0.1579334618,0.1492257532
207.5,0,0,0,0,0,0.1931411349,0.1374384433,0.07609625108,0.1897393356,0.1523105096,0.1104332088,0.1092472178,0.08910589847,0.2218017215,0.1334979515,0.2018453549,0.1606736237,0.1689602083,0.1348162624,0.1500789635,0.157780336,0.1491861184
208,0,0,0,0,0,0.1932436773,0.137342381,0.07589580273,0.1897714108,0.1522727249,0.1103831996,0.1092747634,0.08905072498,0.2216914801,0.1336016415,0.2017187678,0.1605498161,0.1690307251,0.134797782,0.1501979045,0.1579664371,0.149276438
208.5,0,0,0,0,0,0.193293483,0.137265044,0.07587351928,0.1897876522,0.1523063715,0.110389841,0.1092250514,0.0890093318,0.2217070065,0.1335076093,0.201634012,0.1606833468,0.169015417,0.1347800808,0.1502585894,0.1579569422,0.1491919104
209,0,0,0,0,0,0.1931249657,0.1373599249,0.07584205615,0.1897348717,0.1521863209,0.1103848066,0.1090895896,0.08904203389,0.2216064746,0.1335982758,0.2016024866,0.16058616,0.1687899258,0.1348269152,0.1503436516,0.1581010534,0.1491631396
209.5,0,0,0,0,0,0.1930549356,0.1374291725,0.07580204468,0.189617412,0.1523325918,0.1104084089,0.109070875,0.08904885335,0.2214507926,0.1334689012,0.201591213,0.1604398082,0.1687484306,0.1346781366,0.1501865692,0.1580421265,0.1491694465
210,0,0,0,0,0,0.1931184201,0.1375012314,0.07573898404,0.1897024744,0.152447116,0.110448743,0.1091581738,0.08910349773,0.2214748122,0.1336206429,0.2016091486,0.1604413389,0.1688667123,0.1347271536,0.1501138294,0.1581736897,0.1491909778
210.5,0,0,0,0,0,0.193147688,0.137623812,0.0757619142,0.1897407865,0.1525627315,0.1104818656,0.109275808,0.08906648338,0.2214071081,0.1334957361,0.2016550656,0.1603276527,0.1687969817,0.1349642698,0.1501178754,0.1583425792,0.1491735328
211,0,0,0,0,0,0.1932331558,0.1374460295,0.07575586911,0.1895252121,0.1526399908,0.1104427006,0.1093234752,0.0890106634,0.2213748367,0.1334674018,0.2013721779,0.1605119659,0.1687743793,0.1349538544,0.1501283826,0.158359469,0.1490308771
211.5,0,0,0,0,0,0.1931742505,0.1375081334,0.07589475858,0.1896310397,0.1526746215,0.1104699643,0.1092914405,0.08902783961,0.2214928232,0.1334828075,0.2014720841,0.1605595153,0.1687168907,0.1350711389,0.1502000062,0.1585707903,0.1492483222
212,0,0,0,0,0,0.1931763848,0.1374202425,0.07581660761,0.189568469,0.15274628,0.1104515828,0.1092614018,0.08907739572,0.2214994293,0.1338646223,0.2014960541,0.1604399162,0.168731664,0.1349344493,0.1501211614,0.1585130834,0.1490760928
212.5,0,0,0,0,0,0.1932935037,0.1375028039,0.07587639089,0.189790737,0.1526371931,0.1104859491,0.1091987701,0.08912676446,0.2216419299,0.1337315858,0.2013977906,0.1605240266,0.1686514794,0.1350677302,0.1499813243,0.1586276481,0.1489429857
213,0,0,0,0,0,0.1931534471,0.1374944054,0.07599640731,0.1898082244,0.1524954824,0.1105719368,0.109310957,0.08909883095,0.2216576049,0.1337252998,0.2013121132,0.1606704139,0.168706337,0.1350903324,0.1499678882,0.1585617517,0.148786179
213.5,0,0,0,0,0,0.1932839634,0.1374601427,0.07606970361,0.1898653081,0.1526676381,0.110339872,0.1094908648,0.08916036917,0.2217633474,0.1336605969,0.201471487,0.1606662849,0.1687244382,0.1349993808,0.1500925397,0.1586317253,0.1487273874
214,0,0,0,0,0,0.1931919712,0.1374352744,0.07593964795,0.1901124437,0.1526852903,0.1104570697,0.1093417101,0.08927216273,0.221574068,0.1336587956,0.2015432376,0.1605536819,0.1687722846,0.1349122966,0.150054404,0.1585121109,0.148953981
214.5,0,0,0,0,0,0.1932463441,0.1372081577,0.07566311014,0.1902291805,0.1527211818,0.1103609672,0.109371624,0.08924224929,0.2218294267,0.1337943846,0.2014387872,0.1605219546,0.1687712256,0.134976592,0.1501420017,0.1585778136,0.1487746921
215,0,0,0,0,0,0.1932527605,0.1370799835,0.07582004281,0.1902098379,0.1527504255,0.1102804669,0.1094863267,0.08904792372,0.2218021582,0.1337107316,0.201401583,0.1604318814,0.1688506891,0.1350797595,0.1501012423,0.1583903397,0.1488521944
215.5,0,0,0,0,0,0.193287169,0.1371225914,0.07598047049,0.1901355453,0.1528304404,0.1104791628,0.109558563,0.08910718422,0.2218735481,0.1337308538,0.2015556724,0.1604535312,0.1690434083,0.1351502357,0.150051554,0.1584019955,0.1488983007
216,0,0,0,0,0,0.1932619133,0.1374078665,0.07580668005,0.1901162716,0.1527651575,0.1103434149,0.1094880452,0.08911928303,0.2217392067,0.133707653,0.2016501969,0.1603446842,0.1690730429,0.1348807711,0.1502337851,0.1584895936,0.14896089
216.5,0,0,0,0,0,0.1932994462,0.1372893761,0.07563290055,0.1900516133,0.1527918154,0.1105214788,0.1094684654,0.08922460115,0.2216357946,0.1338425488,0.2016278465,0.1603308786,0.1690216818,0.1350136454,0.1502580919,0.1585477204,0.1490395169
217,0,0,0,0,0,0.1932209639,0.137387165,0.07561475062,0.1902417204,0.1527151271,0.110457544,0.1092981579,0.08937367556,0.2216804861,0.1335915212,0.2017404353,0.1603543978,0.169134119,0.1350124135,0.1504503914,0.1587434726,0.1490787472
217.5,0,0,0,0,0,0.1931416153,0.1373738018,0.07544420486,0.1900413922,0.1526349983,0.1105090809,0.1093559413,0.08924354489,0.2217092005,0.1333884344,0.2015717811,0.160264915,0.1694591658,0.135019954,0.1506080926,0.1587761329,0.1488854042
218,0,0,0,0,0,0.1932396617,0.1373921941,0.07553404135,0.1900437758,0.1529269788,0.1105117141,0.1094088957,0.08916857898,0.2217431372,0.1335861921,0.2015410788,0.1604531206,0.1695298393,0.1350627482,0.1507619368,0.1588222277,0.148685503
218.5,0,0,0,0,0,0.1933692272,0.1373142039,0.07572967985,0.1899684145,0.152700403,0.1104431033,0.1096714956,0.08918249547,0.2216353116,0.1336109701,0.2015475311,0.1602386052,0.1693783851,0.1349862563,0.1506840557,0.1590909173,0.1486603717
219,0,0,0,0,0,0.1933939952,0.1373367577,0.07583891407,0.1900137899,0.1527523085,0.1104119354,0.1097253797,0.08925382823,0.2216690078,0.1337922886,0.2014034858,0.160379979,0.169202036,0.135014558,0.1505672418,0.1590362917,0.1487188311
219.5,0,0,0,0,0,0.1932421082,0.1373381115,0.07586297668,0.189922017,0.1526709075,0.1104929913,0.1097686928,0.08921646141,0.2216520646,0.1337005277,0.201470845,0.1605397694,0.1690013777,0.1351906262,0.1506463661,0.1589971838,0.1486806868
220,0,0,0,0,0,0.1933241076,0.1374478004,0.07592209519,0.1898160396,0.1525253729,0.1104487408,0.1098356914,0.08933195547,0.2216250925,0.1336548038,0.2013729512,0.160431375,0.1689045844,0.1349654469,0.1504258604,0.1589063178,0.1485661579
220.5,0,0,0,0,0,0.1932742745,0.137362923,0.0759794731,0.1899580893,0.152500108,0.1103133341,0.1096790987,0.08925969703,0.2218455019,0.1335626173,0.2014171585,0.1602031446,0.1689933669,0.1350381287,0.150609024,0.1589575323,0.1485057261
221,0,0,0,0,0,0.1934707806,0.1374627206,0.07577919919,0.1897618942,0.15248871,0.1104403709,0.1094343768,0.08930508296,0.2218492995,0.1334811045,0.2015212453,0.1602256435,0.1689541594,0.1348088486,0.1505778241,0.1588771572,0.1483773673
221.5,0,0,0,0,0,0.1934267242,0.1373577858,0.0758262579,0.1897313139,0.1523781899,0.1104701687,0.1093877338,0.0892463489,0.2218629141,0.1334296657,0.2015304389,0.160413639,0.1687046621,0.1347227535,0.1505811803,0.1588286677,0.1482903704
222,0,0,0,0,0,0.1933954636,0.1373061752,0.07603060843,0.1898764787,0.1523957274,0.1103841796,0.1093027015,0.08912740185,0.22182106,0.1334800181,0.2015355748,0.1603727254,0.1688536427,0.1345600807,0.1507158164,0.158627134,0.1484043587
222.5,0,0,0,0,0,0.1932679331,0.1375203051,0.07581294399,0.1899962661,0.1523032233,0.1104284439,0.1094295692,0.08920163049,0.2217680906,0.1334356592,0.2016554635,0.1604887051,0.1687677787,0.1345757612,0.1506094249,0.1586020074,0.1484421956
223,0,0,0,0,0,0.193173176,0.1375378475,0.07591709997,0.1900132658,0.1523226676,0.1104211338,0.1093864303,0.08932745545,0.2215958916,0.1333772696,0.2015433224,0.1606770913,0.1688305227,0.1346223327,0.1505928406,0.1585407837,0.1484281191
223.5,0,0,0,0,0,0.193219901,0.1375234475,0.07581707666,0.189982536,0.1522524706,0.1102186034,0.1095258642,0.08928582532,0.2215219303,0.1333820911,0.2016957336,0.1604470926,0.168762561,0.1346650323,0.1506763756,0.158576229,0.1485609385
224,0,0,0,0,0,0.1933043508,0.137331018,0.0757287352,0.1899989273,0.1523721286,0.1101078108,0.1094111497,0.08936679316,0.2215174638,0.1334749174,0.2014930758,0.1604909798,0.1688256122,0.1345784616,0.1508478218,0.1586107352,0.1483005819
224.5,0,0,0,0,0,0.1934100196,0.1372829052,0.07572828122,0.1900297463,0.1521823669,0.1101947031,0.1094441456,0.08938053148,0.2217240256,0.1334044101,0.2014356117,0.1603687063,0.1688794596,0.1345462415,0.1506420407,0.1585710305,0.1482086707
225,0,0,0,0,0,0.1935433643,0.1371350164,0.07589053628,0.1899789076,0.1522901139,0.1103175137,0.1092577716,0.08929905526,0.2216847582,0.1332913279,0.2014762767,0.1605076854,0.16884411,0.1346605547,0.1505302451,0.1585110295,0.1484069674
225.5,0,0,0,0,0,0.1935464083,0.1373383125,0.0758830593,0.1898017015,0.1522865563,0.1103227257,0.1093678322,0.08930119917,0.2217323705,0.1333523655,0.2015044802,0.1604597116,0.1686927881,0.1346085935,0.1505044294,0.1584075252,0.1484145389
226,0,0,0,0,0,0.1935310632,0.1374269114,0.07591869835,0.1899083912,0.1522667802,0.1103346142,0.1095156238,0.08925005186,0.2216690643,0.1333358139,0.2015012529,0.1604773925,0.168766479,0.1344697173,0.1505855686,0.1584075448,0.1484180525
226.5,0,0,0,0,0,0.1934642562,0.137376644,0.07604355705,0.1898246774,0.1523569539,0.110287941,0.1096225488,0.08933859367,0.2215197715,0.1333626979,0.2015798211,0.1603651874,0.1685505604,0.1346924866,0.1506027239,0.1585135359,0.1484743603
227,0,0,0,0,0,0.1936027884,0.1373052922,0.07610044463,0.1898328478,0.152433914,0.1102590314,0.1094269407,0.08929917268,0.2215153717,0.133409952,0.2015815914,0.1602682422,0.1683875175,0.1347058908,0.1506360697,0.1585305643,0.1485597659
227.5,0,0,0,0,0,0.1936715214,0.1373297631,0.07611893922,0.1898551131,0.152407254,0.110270902,0.1093024122,0.08940486034,0.2215164445,0.1333450739,0.2015942985,0.1602199752,0.1684892988,0.1347028131,0.150552668,0.1585404987,0.1483023543
228,0,0,0,0,0,0.1933909555,0.1374063509,0.07631528144,0.1899122906,0.1524465189,0.1101652549,0.1093862688,0.08947622363,0.2215649736,0.1335716577,0.2015611159,0.1603267824,0.1685599689,0.1346494584,0.1505180811,0.1586058298,0.148527183
228.5,0,0,0,0,0,0.1933618915,0.1375403023,0.0761629255,0.1899439798,0.1524066095,0.1102326363,0.1093467786,0.08947893089,0.2215784371,0.1335434876,0.2016929518,0.1602076339,0.1685995677,0.1349183718,0.1504380359,0.1587194599,0.1486109878
229,0,0,0,0,0,0.1934390439,0.1374307368,0.07606033483,0.1898805508,0.1525941525,0.1102068378,0.1092172664,0.08939584417,0.2215229503,0.1335330522,0.201386822,0.1603133271,0.1686588248,0.1348849206,0.150499082,0.1586829656,0.1486569547
229.5,0,0,0,0,0,0.193431954,0.1374463085,0.07585996923,0.1898929698,0.1527244621,0.1102390198,0.1091869962,0.08929474864,0.221427709,0.1338216558,0.2013898046,0.1603615091,0.1687086975,0.1349588076,0.1505208721,0.1586910083,0.1485953937
230,0,0,0,0,0,0.1935495428,0.137311614,0.07585548729,0.1899762423,0.1527479713,0.1102826715,0.10918983,0.0892155426,0.2214029166,0.1338335272,0.2013126404,0.160432049,0.1686690204,0.1350207519,0.1504074158,0.1588310406,0.1485076577
230.5,0,0,0,0,0,0.1934971357,0.1372097744,0.0759404043,0.1899886589,0.1526904006,0.1101195366,0.1094095639,0.08928601314,0.2214604667,0.1338696029,0.201433104,0.1604654692,0.1683157759,0.1348193035,0.15033059,0.1588960043,0.148787974
231,0,0,0,0,0,0.1933659347,0.1372674414,0.07593812871,0.1899674118,0.1526907896,0.1101296373,0.1093494027,0.08930365696,0.2214113391,0.1340002587,0.2017128996,0.1603665845,0.1683439186,0.1348224681,0.1501373819,0.1588586601,0.1486812607
231.5,0,0,0,0,0,0.1933763442,0.1372202664,0.07589176806,0.1900906297,0.1526072173,0.1103336475,0.1094107438,0.08932028611,0.2212285982,0.134115599,0.201796695,0.1604565534,0.1683556293,0.1347633323,0.1501913173,0.1590453203,0.1487918295
232,0,0,0,0,0,0.1934380447,0.1372303284,0.07603812403,0.1902101267,0.1525351433,0.1104384785,0.1094768937,0.08928022708,0.2211157181,0.1340461227,0.2017927759,0.1602543308,0.1685147332,0.1347121839,0.1504172955,0.1589176074,0.1489123486
232.5,0,0,0,0,0,0.1933927009,0.1374116237,0.07611423475,0.1901701309,0.1526405177,0.1103815992,0.1095359357,0.08914445267,0.221188911,0.1340890609,0.2017888815,0.1603627057,0.168589464,0.1346367054,0.1506816539,0.1588801704,0.1490344307
233,0,0,0,0,0,0.1933351255,0.1374109079,0.07615005466,0.1901715325,0.1526170668,0.1104820223,0.1096417908,0.08920830098,0.2213358189,0.134137496,0.2018662572,0.1603139252,0.1686126279,0.1348508188,0.1506618247,0.1587802167,0.1490886084
233.5,0,0,0,0,0,0.193246055,0.1374118157,0.0761306185,0.1899901685,0.152512114,0.1103175045,0.1097666453,0.08924664246,0.2214668945,0.1342345531,0.2017532295,0.1603658694,0.1686905133,0.1348969195,0.1506327955,0.1586234397,0.1491219571
234,0,0,0,0,0,0.1934070283,0.1374028517,0.075868214,0.1901372769,0.1525419774,0.1101287725,0.1096517307,0.08912941055,0.2214455997,0.1340699887,0.2017070322,0.1601608966,0.1685295652,0.1349850712,0.1504568061,0.1586150934,0.1491298631
234.5,0,0,0,0,0,0.1934896389,0.1373139561,0.07581348343,0.1900971282,0.1524435152,0.1101824296,0.1093946505,0.08926704258,0.2214418662,0.1339511653,0.2016400226,0.160287566,0.1685703762,0.1350612516,0.1505579165,0.1587653159,0.1491570359
235,0,0,0,0,0,0.1934643456,0.1372117174,0.07572523102,0.189994801,0.152355466,0.1102382157,0.109319174,0.08916684239,0.2215602267,0.1338249751,0.2015645841,0.1602485022,0.1686953208,0.1348742749,0.1505401083,0.1589200628,0.1489997312
235.5,0,0,0,0,0,0.1934107063,0.1372511277,0.07589286148,0.1899917072,0.1524453405,0.1101324651,0.1091634345,0.08919655803,0.2214950588,0.134055482,0.2015641603,0.1602304555,0.1687146849,0.1349388129,0.1503612581,0.15894027,0.1489051988
236,0,0,0,0,0,0.1934195786,0.1373700434,0.07579142746,0.1902041461,0.1522366488,0.1103110745,0.1092669933,0.0890137281,0.2213802662,0.13399151,0.201536415,0.1602320772,0.1689002309,0.1348791254,0.1502468036,0.1589127965,0.1491124111
236.5,0,0,0,0,0,0.1934264968,0.1373796909,0.07590655123,0.1902812446,0.1523497828,0.1102604218,0.1093100198,0.08903506273,0.2212276716,0.1339021576,0.2014794604,0.1600432104,0.1688568809,0.1349272635,0.1505094693,0.1590268869,0.14915634
237,0,0,0,0,0,0.193407015,0.1373969861,0.07593274221,0.1901288349,0.1523106292,0.1102525366,0.1093432139,0.08929387573,0.2214662368,0.1340775865,0.2013223908,0.1600699383,0.1688822516,0.1349384611,0.1504862789,0.1590237627,0.1493507531
237.5,0,0,0,0,0,0.193272217,0.1373206656,0.07580999825,0.1900197688,0.1525354473,0.110298774,0.1093279991,0.08923343509,0.2214283026,0.1340443292,0.201520923,0.1602664452,0.1689014192,0.1348214628,0.1505222042,0.1592724053,0.1493615695
238,0,0,0,0,0,0.1932765185,0.137362001,0.07573105934,0.1899567288,0.1525900592,0.1102442066,0.1094449897,0.08913473937,0.2214002363,0.1339224666,0.2013846968,0.1602674255,0.1689395894,0.1347477135,0.1503891273,0.1594727517,0.1494292402
238.5,0,0,0,0,0,0.1932630706,0.1375181487,0.07586202407,0.1900982022,0.1526207636,0.1103085713,0.1094599013,0.08928410171,0.2213675598,0.1337481539,0.201342797,0.1604249958,0.1689382159,0.1347899487,0.1505534459,0.159433828,0.149452137
239,0,0,0,0,0,0.1932589748,0.13763835,0.07571324031,0.1901054624,0.1526569486,0.1103183365,0.1094408873,0.08913724897,0.2213300534,0.133633497,0.2012713119,0.160365659,0.1688624709,0.1346890292,0.1506754506,0.1594028117,0.1493417701
239.5,0,0,0,0,0,0.1933187191,0.1376017308,0.07581775477,0.1901844795,0.1525737989,0.1103425961,0.1094583984,0.08918623122,0.2213039857,0.1335943727,0.2011518782,0.160309574,0.1686755466,0.1347706207,0.1508213901,0.1594055529,0.149349026
240,0,0,0,0,0,0.1934575375,0.1375275984,0.07569888436,0.1902047499,0.1525878984,0.1103645732,0.1094884844,0.08904261796,0.2214404904,0.1335177683,0.2014167817,0.160400567,0.1687923872,0.1347067043,0.1507256567,0.1592383248,0.1494164616
240.5,0,0,0,0,0,0.1934600582,0.1373893782,0.07576409894,0.190139345,0.1525646989,0.1104525344,0.1095376402,0.08928909721,0.2214725653,0.1333728178,0.2016089323,0.1604937197,0.1690460131,0.1350094428,0.1506950409,0.1591848063,0.1494041298
241,0,0,0,0,0,0.193271106,0.1373563627,0.07600830127,0.1900814895,0.1525928287,0.1104751184,0.1096366002,0.08938634277,0.2213795655,0.1335043936,0.201537465,0.160490109,0.168964389,0.1350527698,0.1506481402,0.1592410364,0.1492621459
241.5,0,0,0,0,0,0.193293443,0.1372361781,0.07597284073,0.1901083602,0.152489701,0.1103928452,0.1095118209,0.08937353273,0.2212988078,0.1334293278,0.2015971879,0.1604697789,0.1688724001,0.1349748893,0.1505804466,0.1591391817,0.1492109435
242,0,0,0,0,0,0.1932745053,0.1372904515,0.07609566798,0.1902255603,0.1524502572,0.1103045898,0.1095572885,0.08939644608,0.2215288077,0.1334766587,0.2015859928,0.1604671961,0.1687299571,0.1348003135,0.1506274314,0.15924876,0.1494176579
242.5,0,0,0,0,0,0.1932945961,0.1374124075,0.07607987584,0.1902282373,0.152439522,0.1103986144,0.109500077,0.08921921922,0.2214554895,0.1334569087,0.2014670437,0.1603371402,0.1687480524,0.1347593142,0.1503084358,0.1593853842,0.1492726115
243,0,0,0,0,0,0.1933005156,0.1373215468,0.0760434884,0.1902148051,0.1523594493,0.1102177304,0.109394453,0.08913843578,0.2215549778,0.1336066447,0.201354541,0.1602265039,0.1688997985,0.1346684698,0.1504572372,0.1594175731,0.1490619476
243.5,0,0,0,0,0,0.1932713183,0.1373989455,0.07595916854,0.1902325146,0.152381927,0.1103780395,0.1094120414,0.08936795118,0.2214794692,0.1333317589,0.2013426657,0.1602802536,0.1687416545,0.1346796094,0.1503221566,0.159427548,0.1491249094
244,0,0,0,0,0,0.1932579857,0.1371921965,0.07584709319,0.1900065962,0.152317278,0.1103933132,0.1093790124,0.08929091065,0.2214082389,0.1333215697,0.2012209245,0.1603785527,0.1689346859,0.1347168577,0.1503167354,0.1591682006,0.1491482185
244.5,0,0,0,0,0,0.1931851961,0.1372105124,0.07584517074,0.1899031636,0.1523604286,0.1103968986,0.1093496791,0.08928752993,0.2214918911,0.1333604627,0.2014151437,0.160245352,0.1689638755,0.1346242492,0.1504516704,0.1591020251,0.1492913317
245,0,0,0,0,0,0.1931389208,0.1371421995,0.07591547787,0.1898608243,0.1522279123,0.1102475904,0.1092704923,0.08924400026,0.2214135122,0.133473833,0.201493831,0.1600749244,0.1689274255,0.1346871794,0.1505456378,0.1592064512,0.149135053
245.5,0,0,0,0,0,0.193440794,0.1372724989,0.07598191304,0.1899074129,0.1521887529,0.1102018102,0.1091139938,0.08915654826,0.2213590493,0.1335250957,0.2014350097,0.1600357706,0.1688117631,0.1347648584,0.150596595,0.159360861,0.1492110524
246,0,0,0,0,0,0.1934776986,0.1373981996,0.07571789542,0.189992368,0.1523058539,0.1103320493,0.1092061075,0.08911347969,0.2214418998,0.1336437511,0.201389104,0.1600577895,0.1689024738,0.1347920081,0.1504509783,0.1593322619,0.1490206701
246.5,0,0,0,0,0,0.1935119225,0.1373545763,0.07584955936,0.1899749346,0.1524060806,0.1103450471,0.1093979757,0.08910413326,0.2214889238,0.1334854536,0.2012899585,0.1599583419,0.1689472084,0.1347580836,0.1504914269,0.1591740264,0.1490262508
247,0,0,0,0,0,0.1933570282,0.1375278671,0.07599612865,0.1900146569,0.1523705441,0.1103903303,0.1094603296,0.08912195001,0.2216153404,0.133699378,0.2013284369,0.1601004694,0.1690205317,0.134738992,0.150340181,0.1592717312,0.1491266549
247.5,0,0,0,0,0,0.1932758441,0.1372925707,0.07604268299,0.1900447334,0.152394961,0.1104529094,0.1094913841,0.08916773523,0.2217284354,0.1335770611,0.2014107365,0.1601874826,0.1689605541,0.134800523,0.1501126087,0.1592830754,0.1491317739
248,0,0,0,0,0,0.1932160687,0.1374364946,0.07604240538,0.1900004033,0.1522164862,0.1102587036,0.1094889883,0.08904935565,0.2218368109,0.1336297824,0.2014220221,0.1603098984,0.1690263393,0.134900181,0.1501626045,0.1591696437,0.1490943404
248.5,0,0,0,0,0,0.1931617337,0.1375685264,0.07600348267,0.1899899113,0.1523040781,0.1103100996,0.1096562452,0.08906523324,0.221853606,0.1334947265,0.2013519239,0.1603984361,0.1691077914,0.134850025,0.1500874232,0.1591462534,0.1492847837
249,0,0,0,0,0,0.1932267784,0.137319517,0.07601565553,0.1899036418,0.1524438458,0.1103020163,0.1096025537,0.08903600867,0.2218883049,0.1334931496,0.2013444337,0.1604401643,0.1691737121,0.1350192411,0.1502460224,0.1590760421,0.1493343855
249.5,0,0,0,0,0,0.1931880983,0.1374701367,0.07603927687,0.1898795778,0.1525011427,0.110383045,0.1095414585,0.08897054752,0.2218282347,0.133546467,0.2013710056,0.160420587,0.169168572,0.1349486768,0.150140038,0.1590773439,0.1493975058
250,0,0,0,0,0,0.1931725197,0.137331786,0.07588279434,0.1899187694,0.1524199538,0.1104750853,0.1095652482,0.08911041167,0.2218579351,0.1336085612,0.2014996849,0.160434147,0.1691412098,0.1349538988,0.1501450967,0.1589875932,0.1493711335
250.5,0,0,0,0,0,0.1931799924,0.1373115892,0.07578252291,0.1900601456,0.1525749307,0.1105319629,0.1094246727,0.0892607838,0.2219010726,0.1337833277,0.2015857073,0.1605779254,0.1690367504,0.1347934977,0.1501542728,0.158928461,0.1493867002
251,0,0,0,0,0,0.1932507071,0.137352165,0.07591185213,0.1900330685,0.1524612491,0.1104877891,0.1095117132,0.08934402444,0.2220219784,0.1338915768,0.2016649436,0.160452246,0.1690258274,0.1350625385,0.1502042714,0.1588809183,0.1495079219
251.5,0,0,0,0,0,0.1931146655,0.1374129717,0.07573095082,0.190063863,0.152407581,0.11042236,0.1094449024,0.08942602943,0.2218946994,0.1339256565,0.2016725105,0.1604734566,0.1688941083,0.1349767095,0.1502143721,0.1590386227,0.1494435378
252,0,0,0,0,0,0.1932561187,0.1372247521,0.07574892341,0.1900695003,0.1523900929,0.1104640474,0.1093261503,0.08932760841,0.2219779022,0.1337264947,0.201666071,0.1603925672,0.1689307404,0.135122591,0.1502981605,0.1590454797,0.1494666501
252.5,0,0,0,0,0,0.193454761,0.1372583346,0.07562678611,0.1902168045,0.1524986943,0.1102931479,0.1094782661,0.08934578668,0.2219917686,0.1336573209,0.2016646503,0.1603370366,0.169023991,0.1349273969,0.1502929458,0.1589440847,0.1493875257
253,0,0,0,0,0,0.1934925976,0.1372619021,0.07564975017,0.1901581601,0.1525299596,0.1103155144,0.1094460264,0.08927079053,0.2219196007,0.1337085839,0.2016548782,0.1604261332,0.1689059409,0.1347689454,0.1500480065,0.1591259109,0.1494116066
253.5,0,0,0,0,0,0.1935337783,0.1373942497,0.0758130283,0.1899212779,0.1525834882,0.1103711924,0.109392228,0.08915670548,0.2219522589,0.1337505834,0.2017518214,0.1605291024,0.1689600359,0.1349378583,0.1502700417,0.1592316213,0.1491901162
254,0,0,0,0,0,0.1933959374,0.137311134,0.07585717777,0.1898483423,0.1526045486,0.1103439047,0.109347488,0.08929176905,0.2218783924,0.1337601077,0.2017253273,0.16035821,0.1687047665,0.1348068841,0.1504203674,0.1592065839,0.1491698768
254.5,0,0,0,0,0,0.1932825788,0.1372017724,0.07581361784,0.1899429204,0.15269518,0.1101684903,0.1092033182,0.08946157394,0.2218895901,0.1336340673,0.2016760785,0.1603045287,0.1685736805,0.1347693703,0.1504529034,0.1591369248,0.1493045107
255,0,0,0,0,0,0.1931040016,0.1373661749,0.07585330755,0.1899135706,0.1526029045,0.1102453917,0.1091747309,0.08934724982,0.2217907735,0.1337857983,0.2015928244,0.1603855472,0.1685938115,0.1349246914,0.1506007758,0.1591308766,0.1493673489
255.5,0,0,0,0,0,0.1932047656,0.1372457745,0.0758262782,0.1900590553,0.1528141083,0.1104515488,0.1093472586,0.08939644058,0.2218772513,0.1336752938,0.2016903198,0.160421981,0.1686404321,0.1348710243,0.150505181,0.1592300396,0.149473978
256,0,0,0,0,0,0.1932673409,0.137232414,0.07580380742,0.1899521666,0.152895052,0.1105270586,0.109332731,0.08922759573,0.2217344675,0.1335066589,0.2018381433,0.1606483823,0.168804377,0.1347181161,0.1506989711,0.1593705251,0.1495320125
256.5,0,0,0,0,0,0.1932378001,0.137225137,0.07583279157,0.1899412697,0.1528076661,0.1103313884,0.1093065942,0.08910821612,0.2217737026,0.133577036,0.2018683313,0.160644627,0.1689407712,0.1345941843,0.1505495663,0.1592541515,0.1496574441
257,0,0,0,0,0,0.1931683864,0.1372151008,0.07562733101,0.1901403669,0.1528367116,0.1103778783,0.1092244306,0.08910923401,0.2217151664,0.1336062842,0.2017281709,0.1605974788,0.1688807904,0.1345622025,0.1504413443,0.159224798,0.1497194076
257.5,0,0,0,0,0,0.193290428,0.137305507,0.07586245912,0.1900602689,0.1527298899,0.1103214217,0.1093235708,0.08897140101,0.2215957973,0.1335522661,0.2018033457,0.1605933169,0.1689355921,0.1345921472,0.1504692694,0.1592748743,0.1496652012
258,0,0,0,0,0,0.1932895086,0.1372756535,0.07619938852,0.1900793416,0.1526412667,0.1104215807,0.10939984,0.08897377989,0.2217547661,0.1335212911,0.2016627921,0.1606270557,0.1689031664,0.1346218989,0.1505454092,0.1593369646,0.1496688274
258.5,0,0,0,0,0,0.1933088638,0.1372526199,0.07596298258,0.190155079,0.1526865349,0.1104764117,0.1095465963,0.08897578799,0.22177735,0.1335128914,0.2017505878,0.1605995246,0.1690715836,0.1347237374,0.1505666597,0.1593636579,0.1497052405
259,0,0,0,0,0,0.1933340542,0.1372856405,0.07602305518,0.1900561561,0.1525016599,0.1104238587,0.1093268217,0.08905102957,0.2218576912,0.1332842429,0.2017819765,0.160527071,0.1691350078,0.1348393836,0.1503574975,0.1593429423,0.1496763482
259.5,0,0,0,0,0,0.1933930678,0.1374767777,0.07606956064,0.1899702207,0.1525080874,0.1102945384,0.109424339,0.08909150639,0.2218421242,0.1332302712,0.2017608566,0.160511503,0.1691539107,0.1348636852,0.1503943604,0.1592124689,0.1494681871
260,0,0,0,0,0,0.1933253318,0.1374896657,0.07615056011,0.1898220138,0.1525467697,0.1103277741,0.1094723233,0.08905043585,0.2217446698,0.1334400109,0.2018468284,0.1605599143,0.1691062786,0.1349390542,0.1503878575,0.159085987,0.1495174298
260.5,0,0,0,0,0,0.1933286534,0.1375608066,0.07615610528,0.1899962432,0.1525025019,0.1103150425,0.1093514741,0.08902549023,0.2218053333,0.1335481392,0.2018291759,0.1606531333,0.1692341536,0.1349005971,0.1503032073,0.1590101011,0.1493524517
261,0,0,0,0,0,0.1934306235,0.1374522915,0.07593923199,0.1900504407,0.1526589739,0.1103550979,0.1092388887,0.08904545914,0.2218866694,0.1333842863,0.2020287755,0.1605549366,0.1691346431,0.1348720721,0.1504028617,0.1590080114,0.1493466525
261.5,0,0,0,0,0,0.1935191644,0.1373912357,0.07594409686,0.1899439253,0.1525818551,0.1105776869,0.1094211875,0.08921041793,0.2218580493,0.1332844657,0.2022018672,0.1604934439,0.1690803046,0.1347586609,0.1504354608,0.1589699005,0.149372681
262,0,0,0,0,0,0.1936059305,0.1372188544,0.07574197174,0.1899236737,0.1526252199,0.1107129176,0.1093995755,0.08929854036,0.22185519,0.1334742095,0.2020815453,0.1605291886,0.1691491249,0.1348165,0.1504938244,0.1590672502,0.149152927
262.5,0,0,0,0,0,0.1933754158,0.137190402,0.0755876742,0.1898787975,0.1524871114,0.1104430729,0.1093028732,0.08926130323,0.221899865,0.1334185313,0.2020021374,0.1602979899,0.1690904847,0.134817423,0.1505753867,0.1589095764,0.1491173602
263,0,0,0,0,0,0.1932982632,0.1373001023,0.07550704148,0.1898807285,0.1525252716,0.1104143958,0.1092020806,0.08932009982,0.2220178926,0.13352069,0.2020679293,0.1604455742,0.1689894469,0.134896674,0.1505136987,0.1591442806,0.1488907465
263.5,0,0,0,0,0,0.1933736644,0.1372072391,0.07574040052,0.1898660746,0.1525248627,0.1104686846,0.1090862376,0.08915067922,0.2220473976,0.1335702625,0.2020232461,0.1603710297,0.168893179,0.1349139186,0.1506562503,0.1591045893,0.1488393628
264,0,0,0,0,0,0.1933890025,0.1373164453,0.07591676712,0.1901667868,0.1523854894,0.1102794003,0.1091328722,0.08920020067,0.2219412226,0.1335347744,0.20208938,0.1604449153,0.1690239593,0.1348670125,0.1505895993,0.1593196418,0.1486785215
264.5,0,0,0,0,0,0.1934571618,0.137320202,0.07597028433,0.1902098802,0.1524393435,0.1102370421,0.1092161972,0.08929020937,0.2219342649,0.1336601203,0.2021907146,0.1604556871,0.1691363144,0.1348565323,0.1504281533,0.1592278612,0.1486215269
265,0,0,0,0,0,0.1936298131,0.1373594486,0.07602704408,0.1902014144,0.1525310617,0.1103987067,0.109217722,0.08937637438,0.2218194991,0.1338333664,0.2020847008,0.1604837304,0.1692259244,0.1348710522,0.1503477074,0.1591565983,0.1486351322
265.5,0,0,0,0,0,0.1937562524,0.1371808101,0.07590733805,0.1902200999,0.1526045885,0.1104235175,0.1092626146,0.08934154058,0.2217091811,0.1338207568,0.2021036669,0.1606506364,0.1692117222,0.1348534306,0.1505001559,0.1592823875,0.148726177
266,0,0,0,0,0,0.1938025178,0.1374259426,0.07587904509,0.1903188077,0.1524546592,0.1103849543,0.1093813828,0.0893598848,0.221814703,0.1337363064,0.2022441069,0.1607769683,0.168982897,0.1347648377,0.1505774751,0.1594847706,0.1490661007
266.5,0,0,0,0,0,0.1936437518,0.1375041855,0.07588984577,0.1902658642,0.1524562333,0.1103232426,0.1093088724,0.08925009516,0.221884957,0.1337977371,0.2021253832,0.1606675535,0.1690663117,0.1349747154,0.1505790522,0.1594999128,0.1490765283
267,0,0,0,0,0,0.1935407873,0.1374764968,0.07582649255,0.1901752894,0.1524817825,0.1104024741,0.1094553854,0.08920876744,0.221965405,0.1338591063,0.2021236256,0.1603790669,0.1691099822,0.1348705163,0.150482569,0.159730008,0.14909032
267.5,0,0,0,0,0,0.1933785156,0.1375999884,0.07599869453,0.190147858,0.1524514107,0.1102512821,0.1094097669,0.08923807251,0.2218688175,0.1336598205,0.2021991032,0.1602202844,0.1688718431,0.1348555397,0.1505469801,0.159724481,0.1491698798
268,0,0,0,0,0,0.1934904135,0.1375840735,0.07594235329,0.1901718135,0.1524847863,0.1102942188,0.1094639568,0.08927996686,0.2218087283,0.1337819863,0.2021648162,0.1602626656,0.1689402459,0.134948887,0.1503569787,0.1597228841,0.1491188744
268.5,0,0,0,0,0,0.1934866484,0.1376016785,0.07597463607,0.1903359049,0.1525973616,0.1102722415,0.1093881956,0.08931898451,0.2217912761,0.1337013171,0.2022222586,0.1604323383,0.1687404269,0.1348810272,0.1503822145,0.1597547962,0.1490415466
269,0,0,0,0,0,0.1933535127,0.1376739596,0.07613440405,0.1902300853,0.1524955109,0.1104972379,0.1093869198,0.08925108262,0.2216661272,0.133617858,0.2021785275,0.1601962264,0.1687578475,0.1350006379,0.150585425,0.1597641695,0.1490885798
269.5,0,0,0,0,0,0.1933704381,0.1378308869,0.07610737165,0.1901311931,0.1525510879,0.1103847653,0.1094304352,0.0893518159,0.2217230995,0.1334023301,0.2020994376,0.1602141449,0.1686906741,0.1349822558,0.1506616216,0.1598120756,0.1490456354
270,0,0,0,0,0,0.1933497515,0.1376756582,0.07597723256,0.1901965414,0.1525605113,0.1103744391,0.1096981771,0.08933264296,0.2218622948,0.1336587964,0.2021298464,0.1602248991,0.1687189096,0.1350440068,0.1506317627,0.1597558516,0.1493129252
270.5,0,0,0,0,0,0.1932843585,0.1376999831,0.075915488,0.1901916275,0.1524882129,0.1102857809,0.1095535319,0.08917279596,0.221708224,0.1337153435,0.2020719959,0.1602884346,0.16879679,0.1352082223,0.1507258455,0.1599161047,0.149291905
271,0,0,0,0,0,0.1932356415,0.1375985242,0.07597256429,0.1901311534,0.1525850056,0.1101368899,0.1095386369,0.08907932301,0.2218015724,0.133806035,0.2020290643,0.1604056215,0.1689098424,0.1350618908,0.1507320174,0.1600217963,0.1494699131
271.5,0,0,0,0,0,0.1932316176,0.1376031255,0.07586428623,0.1902672519,0.1524279349,0.1101610874,0.109535834,0.0891258065,0.2219279075,0.1336801771,0.2021081775,0.1604021716,0.1687922327,0.1349822003,0.1506841236,0.1598926183,0.1495460931
272,0,0,0,0,0,0.1932887255,0.1378834642,0.07593490593,0.1902820743,0.1524397526,0.110024221,0.1096339281,0.08902920588,0.2217460278,0.1336194575,0.2021608733,0.1602958894,0.1686678415,0.1348735654,0.1504993968,0.1599393527,0.1496350254
272.5,0,0,0,0,0,0.1934067564,0.1377061981,0.0759774118,0.190153926,0.1525220444,0.1103192505,0.1094429126,0.08908696874,0.221864046,0.1337702554,0.2022597424,0.1601709153,0.1687982297,0.1348412679,0.1504646805,0.1598090102,0.1496581687
273,0,0,0,0,0,0.1935556806,0.1375175083,0.07603405314,0.1901058152,0.152372112,0.1104238744,0.1095100147,0.08921090963,0.2218748143,0.1336860997,0.2022759901,0.1602930175,0.168714028,0.1348685545,0.1505582684,0.1597496611,0.1494942006
273.5,0,0,0,0,0,0.1935664877,0.1376040365,0.07631167535,0.1901482962,0.152475796,0.1104497698,0.1094155041,0.08920611559,0.2218693287,0.1338656355,0.2022581698,0.1603622705,0.1685561917,0.1348993938,0.1503888618,0.15983793,0.1493825463
274,0,0,0,0,0,0.193520691,0.1376290422,0.07619334541,0.1900679047,0.1523219038,0.1102927722,0.1094729372,0.08926122261,0.2218395465,0.133865846,0.2023133555,0.1604017598,0.1685907063,0.1349802137,0.1504171808,0.1597933217,0.149556014
274.5,0,0,0,0,0,0.1934939174,0.1376347709,0.07599722297,0.190016228,0.15230834,0.1101930029,0.1095495499,0.08936400113,0.2217168023,0.1339117734,0.2023066735,0.1604600749,0.1685675519,0.135033414,0.150211982,0.1596966478,0.1495187665
275,0,0,0,0,0,0.1934107287,0.1374885282,0.07583307097,0.1899871105,0.1522874874,0.1103352457,0.1096190106,0.08941252271,0.2215601517,0.1340163962,0.2024596683,0.1605773859,0.1685380838,0.13501584,0.1499886934,0.1596618022,0.1494479676
275.5,0,0,0,0,0,0.1934200359,0.137396919,0.07590743485,0.1900623957,0.1524173626,0.1102087429,0.1095253927,0.08941597686,0.2216819329,0.1340897187,0.2024011801,0.1605148927,0.1685558956,0.1351656132,0.1499289743,0.159532139,0.1493862235
276,0,0,0,0,0,0.193363148,0.1372763031,0.07598249264,0.1900882571,0.1523746462,0.1102041023,0.1095825581,0.08939494294,0.2217382508,0.1339844142,0.2024537724,0.1603971296,0.1687761802,0.1351139494,0.1499786197,0.1595545798,0.1494565448
276.5,0,0,0,0,0,0.1932857163,0.1374110162,0.07595012626,0.1900149261,0.1523404241,0.1104709262,0.109468023,0.0894515015,0.2216051164,0.1340394218,0.2025169335,0.1604541515,0.1689060112,0.1349657906,0.1498851218,0.1593471293,0.1493889975
277,0,0,0,0,0,0.1933418875,0.1372099866,0.07590797754,0.1902298178,0.1524465293,0.1103664677,0.1094417706,0.08933595763,0.2216551216,0.1341043425,0.2024627995,0.1603523436,0.1690039986,0.1347695743,0.1500462534,0.1592643342,0.1495594117
277.5,0,0,0,0,0,0.1933624923,0.1373754278,0.07603406756,0.1902349128,0.1524760509,0.1101932244,0.1094864285,0.08923739251,0.2216719201,0.1341040742,0.2024980835,0.160206751,0.1688431206,0.134781382,0.150085175,0.1593321651,0.149642359
278,0,0,0,0,0,0.1932855507,0.1375961987,0.07583249788,0.1901842284,0.1524142405,0.1100083904,0.1093642859,0.08915420636,0.221778991,0.1340581663,0.2025168239,0.1603508236,0.1687200552,0.1346835756,0.150011699,0.1593404317,0.149730687
278.5,0,0,0,0,0,0.1933408934,0.1375275627,0.07603201086,0.1902465429,0.1522858566,0.1099945025,0.1093108869,0.0890882302,0.2217524994,0.1340311398,0.2025669732,0.1602682477,0.1689780344,0.1346024028,0.1500601819,0.1594209553,0.1498712145
279,0,0,0,0,0,0.193271401,0.13749399,0.07583806946,0.1903539511,0.1523136206,0.1101784802,0.1095930752,0.08921974825,0.2215386067,0.1341927436,0.2025107159,0.1601469245,0.1689787596,0.1345401031,0.1501121445,0.1594614266,0.1499348938
279.5,0,0,0,0,0,0.193401802,0.1373969588,0.07581921966,0.1901979546,0.1524912326,0.1102238004,0.1093954341,0.08918600813,0.2214786652,0.1342136561,0.2025044796,0.160127482,0.1689712969,0.1346663309,0.1501408548,0.1594201428,0.1498029508
280,0,0,0,0,0,0.1934158305,0.1372739946,0.07584972114,0.1899489158,0.1524211048,0.1103670204,0.1095936818,0.08926499377,0.221476645,0.1342431675,0.2024570723,0.1601992247,0.1692330092,0.1347461564,0.1500973643,0.1593763686,0.1497192149
280.5,0,0,0,0,0,0.1935138017,0.1372202698,0.07567057165,0.1899889829,0.1524757839,0.1104423785,0.1096844055,0.0893037887,0.2216343112,0.1340983735,0.2023386009,0.1603240039,0.1692888129,0.1349229722,0.1499878126,0.1594714975,0.1498114653
281,0,0,0,0,0,0.1935463611,0.1372818694,0.07570317698,0.1900181959,0.1525852639,0.1102849074,0.1094843459,0.08922507645,0.2216527592,0.1341415977,0.2021837024,0.1606476821,0.1693777901,0.1348045233,0.1500023358,0.1595155677,0.1501417635
281.5,0,0,0,0,0,0.193536805,0.1375095188,0.07583545782,0.1901363706,0.1526309887,0.1104104436,0.1095836538,0.08916916631,0.2215389719,0.1339963761,0.2020394031,0.1604720088,0.1694955822,0.1347852403,0.1500594291,0.1595090189,0.1503827412
282,0,0,0,0,0,0.1934734483,0.1374394473,0.07591116641,0.1902613331,0.1525526042,0.1105694814,0.1095466265,0.08916198201,0.2214629082,0.1339199595,0.2021260474,0.1605292307,0.1694635847,0.1348295553,0.150255236,0.1594214476,0.1505892094
282.5,0,0,0,0,0,0.1934479846,0.1374830242,0.07593019598,0.1902963852,0.1526112123,0.1104986587,0.1094991008,0.089148203,0.2215766976,0.1336504954,0.2022931396,0.1605626446,0.1694818532,0.1348799689,0.1503291997,0.1593345719,0.1505080283
283,0,0,0,0,0,0.193417831,0.1372881627,0.07591432517,0.1902859297,0.1526406273,0.1106748627,0.1092704943,0.08917249626,0.2214235913,0.1335848432,0.2022555177,0.1605775906,0.1693028275,0.1348866944,0.1503914853,0.1594079537,0.1505316103
283.5,0,0,0,0,0,0.1935299049,0.1374773188,0.0758450876,0.1901759049,0.1525035393,0.1105959745,0.1092670111,0.08918052811,0.2214442285,0.1336424074,0.2022743379,0.160490776,0.1691906619,0.1349312583,0.1502992285,0.1593815529,0.1505724781
284,0,0,0,0,0,0.1936488871,0.1374422459,0.07577413819,0.1900195459,0.1526172448,0.1103924047,0.1092914586,0.08924857483,0.221369687,0.1336470041,0.2022503484,0.1605018203,0.1690673851,0.1349335088,0.1502177019,0.159311145,0.1506314914
284.5,0,0,0,0,0,0.1935085594,0.1373659494,0.07569005696,0.1900165202,0.1524870172,0.1102483647,0.1093086335,0.08921016178,0.2213708455,0.1338269893,0.2022860031,0.1606354427,0.16898375,0.134852773,0.1503400252,0.1592775242,0.1505074968
285,0,0,0,0,0,0.1934516436,0.1373194761,0.07568943916,0.1899143643,0.152668567,0.1104009787,0.109346531,0.08930795093,0.2215178912,0.1336882845,0.202245726,0.1604475199,0.1690343917,0.1348741355,0.1503515443,0.1593586487,0.1505301076
285.5,0,0,0,0,0,0.1933924186,0.1374642541,0.07582263225,0.1900678786,0.1527249102,0.1103062601,0.1093317253,0.08928272365,0.2215034189,0.1337648598,0.2022790809,0.1604649618,0.1689993191,0.1350415951,0.1504397631,0.159257244,0.1502005213
286,0,0,0,0,0,0.1934585642,0.1374014502,0.07590765926,0.1899348506,0.1525557625,0.1103944134,0.1093166459,0.08920652663,0.2214773176,0.133812794,0.2024332722,0.1605487522,0.1689884756,0.135056826,0.1504029525,0.1592975233,0.1503873123
286.5,0,0,0,0,0,0.1933477677,0.1372710443,0.07576129595,0.189888207,0.1524466528,0.1103897376,0.1091711804,0.08926923915,0.2214701691,0.1339342224,0.2025902839,0.1604172218,0.1689684216,0.1351493822,0.1503440715,0.1593850528,0.1504218077
287,0,0,0,0,0,0.193426522,0.1372690913,0.07577961538,0.1898461704,0.1525340612,0.11030504,0.1092158677,0.08921645365,0.2214101041,0.1337321319,0.2025494371,0.1605285706,0.1690844776,0.1351543762,0.1502698952,0.159391498,0.1502784415
287.5,0,0,0,0,0,0.1935315496,0.1371438384,0.07572187747,0.189627414,0.1524165659,0.1104674398,0.1092674068,0.08934133143,0.221519395,0.1336521957,0.2028030306,0.1606341623,0.1691329567,0.1350904951,0.1501653952,0.1593492631,0.1503514324
288,0,0,0,0,0,0.1935213155,0.1372210358,0.07602641669,0.189808954,0.1524799681,0.1104564009,0.109267683,0.08941569612,0.2214980537,0.1336061309,0.2027797794,0.1606351167,0.1689690398,0.1348984269,0.1502319473,0.1595445177,0.1504585986
288.5,0,0,0,0,0,0.1935591897,0.1372197624,0.07596916571,0.1899605816,0.1526033961,0.1102905828,0.1094623162,0.08950878185,0.2215135071,0.1336821886,0.2028215915,0.1604223877,0.1691689875,0.1348364402,0.1504341123,0.1596332525,0.1503893641
289,0,0,0,0,0,0.1934265013,0.1372346924,0.07599807758,0.1900155887,0.1526156588,0.1104065766,0.1095442825,0.08949377811,0.2215483185,0.1335445746,0.2027464882,0.1607427347,0.1691904006,0.1348649068,0.1506071422,0.1594635701,0.1502126296
289.5,0,0,0,0,0,0.1933679829,0.1371868454,0.07606881983,0.189950433,0.1524859425,0.1104431322,0.1095248712,0.08931070687,0.2216262683,0.1334934597,0.2028349244,0.1607583205,0.1692996847,0.1346845523,0.1505950123,0.159358807,0.1501196096
290,0,0,0,0,0,0.193324611,0.1371837784,0.07607421239,0.1899289844,0.152550753,0.1104680955,0.1093772957,0.08921959161,0.2216984989,0.1334976568,0.2027478967,0.1607915497,0.1693150747,0.1346149624,0.1505390464,0.1593499544,0.1499369496
290.5,0,0,0,0,0,0.1933477726,0.1372641105,0.07601328056,0.1900152632,0.1523831758,0.1103687864,0.1094713192,0.08926872332,0.2216708973,0.1337844348,0.202782096,0.1607340395,0.169271144,0.1346804947,0.1505718685,0.1595524731,0.1501322041
291,0,0,0,0,0,0.1934158088,0.137318376,0.07602322888,0.1899065979,0.1524126747,0.1104706956,0.1094886359,0.08927564607,0.2215874049,0.1336438824,0.2026682896,0.1606307423,0.1692951513,0.1347270277,0.1504802098,0.1596504228,0.1501119549
291.5,0,0,0,0,0,0.1934220851,0.1373296895,0.07596024399,0.1899273553,0.1526012958,0.11048253,0.109561791,0.08907338367,0.2216001376,0.133601527,0.202687447,0.1605771063,0.1692406114,0.1348713956,0.1504103005,0.1596184525,0.149979992
292,0,0,0,0,0,0.1932952097,0.1374281529,0.0760868754,0.1898394629,0.1525833523,0.1103161417,0.1095587502,0.08919109644,0.2214011094,0.1336196013,0.2027747945,0.1606878589,0.1691818661,0.1346948041,0.1503496135,0.1595315625,0.1499465007
292.5,0,0,0,0,0,0.1933071139,0.137437174,0.07596585284,0.1898178364,0.1527662086,0.110323549,0.1095699266,0.08904301109,0.2215971128,0.1339185162,0.2028741352,0.1607052526,0.1692106573,0.1346172735,0.1503695154,0.1595424913,0.1500123077
293,0,0,0,0,0,0.1933687437,0.1372752089,0.07598030002,0.189932279,0.152886603,0.1104188657,0.109594734,0.08906270366,0.2216664302,0.1337334505,0.2027409441,0.1608497301,0.1693490055,0.1346028341,0.1503634387,0.1594007525,0.1500512949
293.5,0,0,0,0,0,0.1933366839,0.1372518019,0.07597995022,0.1899304701,0.1527305743,0.1103427751,0.1096765645,0.08911341841,0.221769655,0.1337393004,0.2028536546,0.1607220709,0.1693019143,0.1346412978,0.1502982924,0.1594934472,0.1498721956
294,0,0,0,0,0,0.1933445497,0.1373864505,0.07603934107,0.1899131562,0.1526592244,0.1104146631,0.1095424166,0.08917600459,0.2216249815,0.1336477404,0.2028960569,0.1607275544,0.1694397157,0.1344877632,0.1502799337,0.1596468709,0.1500869658
294.5,0,0,0,0,0,0.1932827944,0.137338996,0.07601864019,0.1898382192,0.1525757384,0.1102639531,0.1093968727,0.08912313391,0.2218136479,0.1337548701,0.2026486013,0.1607928407,0.169525103,0.1344923083,0.1505047884,0.1595587225,0.1500697096
295,0,0,0,0,0,0.19331419,0.1373756308,0.07606693868,0.1899444903,0.1526836929,0.1103563013,0.1094412135,0.0891223885,0.2216345034,0.1338208154,0.2027464653,0.1606236663,0.1694045691,0.1342982155,0.150562255,0.159570913,0.15010027
295.5,0,0,0,0,0,0.1933714003,0.137475691,0.07606393188,0.1899000115,0.1525595429,0.110310875,0.1094276926,0.08910813936,0.2217274507,0.133761828,0.2028218311,0.1605212693,0.1692106949,0.1343824399,0.1504940598,0.1595928307,0.1500589139
296,0,0,0,0,0,0.193399002,0.1374451398,0.07608894875,0.1900683713,0.1525494431,0.1100888444,0.1093561737,0.08909522034,0.2216973283,0.1337540436,0.2028156114,0.1605596815,0.1690927144,0.134327638,0.1504418595,0.1596291789,0.1499908702
296.5,0,0,0,0,0,0.1935948915,0.1373665658,0.0762177989,0.190138779,0.1526815167,0.1101419597,0.1094256137,0.08910689239,0.2215948737,0.1338371883,0.2029136856,0.1605362805,0.1691288398,0.1344398316,0.1502579373,0.1594133289,0.1501402752
297,0,0,0,0,0,0.1934899611,0.1374180395,0.07613519524,0.1900418686,0.1525924692,0.1101724542,0.1094688721,0.08911061235,0.2215985056,0.1339019672,0.2030202512,0.1604228748,0.1692772514,0.1344645859,0.1504133249,0.1592065572,0.1502347204
297.5,0,0,0,0,0,0.1934400552,0.1373162203,0.07595732457,0.1900879562,0.1523309547,0.1100633863,0.1092969609,0.08924796873,0.2214173782,0.1338044333,0.2030284567,0.160435331,0.1692939486,0.134516364,0.1506192624,0.1591235557,0.1503293657
298,0,0,0,0,0,0.1934957818,0.1372628932,0.0759793392,0.1902404834,0.1523086907,0.1100159127,0.1093904917,0.08937380006,0.2214965681,0.1340456277,0.2031096238,0.1603378602,0.169268183,0.1343350148,0.1504510928,0.1590907122,0.1502671088
298.5,0,0,0,0,0,0.1934163331,0.1372158791,0.07597291654,0.1904245871,0.1523172115,0.1102066287,0.109473658,0.08923635949,0.2215349873,0.1338459028,0.2031411772,0.1604605132,0.1691464226,0.1342320706,0.1503267746,0.159014292,0.1504490781
299,0,0,0,0,0,0.1932488144,0.1373656767,0.07591372181,0.1903296153,0.1522903679,0.1102974552,0.1094563161,0.08922881171,0.2214926549,0.1338414012,0.2032215732,0.1604464494,0.1691180506,0.1344060973,0.1503618839,0.1590612772,0.1504597591
299.5,0,0,0,0,0,0.1933137453,0.1374151199,0.07594248926,0.1902885744,0.1522908259,0.1104306814,0.1094744703,0.08925292424,0.2215040273,0.1337008659,0.2030478667,0.1603932236,0.1691964669,0.1345132431,0.150316148,0.1590592846,0.1505319529
300,0,0,0,0,0,0.1932796373,0.1372965618,0.07579300343,0.1901976345,0.1521896174,0.1103784328,0.1095493412,0.08928420962,0.2215364641,0.1336734361,0.2030462259,0.1604722313,0.1691078454,0.1345550099,0.1502599277,0.1589434573,0.1506660799
300.5,0,0,0,0,0,0.1932690828,0.1372270845,0.0757667099,0.1901599112,0.1522334445,0.1101608374,0.1095316675,0.08927087252,0.2214744479,0.1335457153,0.2031252012,0.1604413771,0.1690201882,0.134520528,0.1501984504,0.1589658383,0.1509988504
301,0,0,0,0,0,0.1933866077,0.1373603107,0.07580190755,0.1900777992,0.1522730392,0.1102566159,0.1095491149,0.08931965217,0.2214345032,0.1336206544,0.2030233205,0.1605683991,0.1689551669,0.13440349,0.1501429533,0.158922563,0.1509468662
301.5,0,0,0,0,0,0.1933643385,0.1372968522,0.0757746095,0.1900930963,0.1523744236,0.1102644052,0.1094915557,0.08936770399,0.2216183301,0.1336475641,0.2028376558,0.1606173802,0.1689950798,0.1342935586,0.15015291,0.1588974573,0.1509142919
302,0,0,0,0,0,0.1933791563,0.1372176746,0.07585054308,0.1900986197,0.1524259222,0.1104900197,0.1093854023,0.08923568697,0.2215352307,0.1335975714,0.2027182114,0.1607401375,0.1690405849,0.1343539188,0.1501024482,0.1590009777,0.1510209501
302.5,0,0,0,0,0,0.1932140125,0.1370892787,0.07602429252,0.1901926597,0.152523993,0.1103520357,0.1094679942,0.08927573419,0.2215711033,0.133588915,0.2026076147,0.1606261091,0.1690361435,0.1342724627,0.1500914628,0.1589481235,0.1511888576
303,0,0,0,0,0,0.1931361116,0.1371485569,0.07598428897,0.1901925428,0.1525174103,0.1103057932,0.1093965958,0.08914910698,0.2215716843,0.1334630725,0.2024311578,0.1605668607,0.1688051188,0.1344605464,0.1501504669,0.1591686803,0.1511069809
303.5,0,0,0,0,0,0.193117183,0.1371563191,0.07605376298,0.1901877646,0.1526600548,0.1102432214,0.1093595281,0.08920247736,0.2215681086,0.1335527048,0.2025002838,0.1604775978,0.1687409416,0.1344821196,0.1501556875,0.1592107845,0.1509466251
304,0,0,0,0,0,0.1929410281,0.1371115627,0.0761340757,0.1901702168,0.1525673868,0.1102137304,0.1093536567,0.08918263833,0.2215439836,0.1337599445,0.2024662374,0.1603378729,0.168669205,0.1343802075,0.1501744826,0.159025838,0.151038574
304.5,0,0,0,0,0,0.1930191096,0.1371006876,0.07595442462,0.1901209326,0.1525376428,0.1103419396,0.1092773811,0.08908158557,0.2214677655,0.1337226167,0.2023991368,0.1603659882,0.1687963829,0.1344955191,0.1501468701,0.1589007692,0.1511548165
305,0,0,0,0,0,0.1929667237,0.137143306,0.07600866325,0.190116504,0.1524047873,0.1103288606,0.109190474,0.08916319357,0.2215001388,0.1335791903,0.2024186333,0.1602877539,0.1689551314,0.1344893215,0.1500771419,0.1588295226,0.1512868817
305.5,0,0,0,0,0,0.1929970912,0.1371516034,0.07585640045,0.1900599905,0.1525282169,0.1103415547,0.1092666504,0.08910143304,0.2215855608,0.1335779235,0.2023490728,0.1603793419,0.1688750621,0.1345627363,0.1503211401,0.1587371902,0.1512496936
306,0,0,0,0,0,0.1930611622,0.1372526235,0.07586821724,0.1900430229,0.1524166866,0.1100936299,0.1093829998,0.0890795142,0.22151324,0.1333291432,0.2023844351,0.1604683529,0.1689899544,0.1345883221,0.150350486,0.1587439855,0.1513228991
306.5,0,0,0,0,0,0.1930831317,0.1372831067,0.07594550687,0.1901076268,0.1523532918,0.110223768,0.1093149439,0.08920568738,0.2215298177,0.1333943155,0.2024480279,0.1605347289,0.1691133203,0.134778932,0.1504358437,0.1588056952,0.151253466
307,0,0,0,0,0,0.1933279731,0.1373650324,0.07587321649,0.1900263932,0.1523750765,0.1103046809,0.1092773901,0.08932002064,0.2216991275,0.1334461227,0.2022437577,0.1605675217,0.1690787706,0.1348159616,0.1503288148,0.1586743602,0.1513659466
307.5,0,0,0,0,0,0.1933711696,0.1373212548,0.07584266104,0.1901125797,0.1522922088,0.1103594389,0.1093310752,0.08945693459,0.221759493,0.1333281098,0.2023955802,0.160484752,0.1689904641,0.1346398992,0.1502463802,0.1584868405,0.1513288423
308,0,0,0,0,0,0.1933431384,0.1374545755,0.07593837724,0.1900745213,0.1523838806,0.1105696583,0.1094253421,0.08935106945,0.2217694849,0.1333440873,0.2023111181,0.160457381,0.1691607753,0.1345685033,0.1502464407,0.1586349756,0.1514062205
308.5,0,0,0,0,0,0.1932633105,0.137536356,0.07588807947,0.1899044842,0.152459265,0.1104951671,0.1094352212,0.08943293715,0.2218794944,0.1333616243,0.2023177318,0.1605974766,0.1692518429,0.1344790142,0.1502767335,0.1587924545,0.1513343423
309,0,0,0,0,0,0.1933229861,0.1375124456,0.07598025812,0.1899271262,0.1524403532,0.1102638202,0.1095088205,0.08945892168,0.2217792314,0.1335213201,0.2024185567,0.1602683395,0.1692393678,0.1346555851,0.1504609029,0.1588969605,0.1513010704
309.5,0,0,0,0,0,0.1933600528,0.1373910869,0.07594592861,0.1900256933,0.1524827024,0.1103025916,0.1094975017,0.08952962404,0.2218856388,0.133353516,0.202404312,0.1602328609,0.1693213856,0.1346818146,0.1504999046,0.1589995656,0.1513680588
310,0,0,0,0,0,0.1935202304,0.1373082521,0.07583025399,0.189982793,0.1525287045,0.1103355022,0.1095357312,0.08944269827,0.2219303916,0.1331661843,0.2024279387,0.1601919983,0.1692332184,0.1345083577,0.1504829545,0.1589464645,0.1514482643
310.5,0,0,0,0,0,0.1935027731,0.1373031816,0.07569238044,0.1900323914,0.1524529942,0.1104138165,0.1095559485,0.08956713387,0.221953212,0.1331878235,0.2022545714,0.1601158473,0.1692357892,0.1346977949,0.150474166,0.1593124416,0.1514421028
311,0,0,0,0,0,0.193525285,0.1372225224,0.07604955398,0.1899008495,0.1522865449,0.1104586709,0.1095195334,0.08954514109,0.2219887811,0.1333626062,0.2023694737,0.1601136727,0.1693051498,0.1347566753,0.1504017221,0.1592896951,0.1512502452
311.5,0,0,0,0,0,0.1934566736,0.1369808396,0.075957244,0.189894411,0.1524454267,0.1105962888,0.109582223,0.08950762994,0.2220207357,0.1332244808,0.2024810619,0.1603265046,0.1694042917,0.1346554435,0.1504112767,0.159348695,0.1510036559
312,0,0,0,0,0,0.1934450903,0.1369744099,0.07596088878,0.1899052665,0.1525521947,0.1107010655,0.1095621855,0.08950075603,0.2220924051,0.1333707286,0.2024744516,0.1604114581,0.1692190938,0.1347266565,0.1505513821,0.1593401733,0.1510300509
312.5,0,0,0,0,0,0.1932910572,0.1370977717,0.07590633587,0.1900323276,0.1525358183,0.1107065128,0.1094562507,0.08942952457,0.2222358642,0.1334938001,0.2024468355,0.1603443192,0.1692363036,0.1347381973,0.1506167284,0.1594445512,0.1507330582
313,0,0,0,0,0,0.1934184891,0.1371860835,0.07571342299,0.1900635627,0.152538128,0.1104448109,0.1095254843,0.08937049027,0.2223174982,0.1335500694,0.2022646886,0.1601955354,0.1692705434,0.1347487071,0.1506608779,0.1593550355,0.1507216922
313.5,0,0,0,0,0,0.1934531473,0.1373842292,0.07588014531,0.1899823784,0.1523662324,0.1103409944,0.1094899719,0.08941243488,0.2222208209,0.1334133124,0.2023258376,0.160255122,0.1691171142,0.1346562199,0.1504254637,0.1592000967,0.1508771575
314,0,0,0,0,0,0.1932625705,0.1374766587,0.07594690391,0.190107286,0.1522112361,0.1102630617,0.1093658203,0.08932636619,0.2220590515,0.1332703106,0.2022687419,0.1602715033,0.1689790838,0.1347472797,0.1504287788,0.1593864833,0.1509470136
314.5,0,0,0,0,0,0.1933650517,0.1374287176,0.0759692749,0.1901253429,0.1523092195,0.110325795,0.109410456,0.08930104386,0.2220196784,0.1332189392,0.2022827537,0.1603069375,0.1690043763,0.1347196887,0.1503483981,0.1590972135,0.1508053932
315,0,0,0,0,0,0.1935505885,0.1373615619,0.07615381934,0.190260066,0.1523646233,0.1104233947,0.1094718308,0.08932094478,0.2220653532,0.1332748214,0.2022506992,0.1603339286,0.1690310334,0.1348485502,0.1504857003,0.1593051832,0.1507645225
315.5,0,0,0,0,0,0.1933728232,0.1373254343,0.07600000928,0.1901871861,0.1525077141,0.1100631929,0.109454822,0.08931052072,0.2220773891,0.133353592,0.202412708,0.1603063038,0.1692078074,0.1348140256,0.1502501229,0.1594253093,0.1506702969
316,0,0,0,0,0,0.1931897621,0.1371789158,0.07587026406,0.1901762269,0.1525498902,0.1103618558,0.109374603,0.08927052919,0.2221092192,0.1332063917,0.2025456629,0.1602925408,0.1690850091,0.1348442327,0.1501579843,0.1593582799,0.1506530274
316.5,0,0,0,0,0,0.1933888253,0.137358413,0.07586196855,0.1900723558,0.1525052358,0.1103740034,0.1092797269,0.08929047333,0.2220958983,0.1331389528,0.2024035711,0.16034899,0.1690775019,0.1348811024,0.1505102904,0.1594502954,0.1506098575
317,0,0,0,0,0,0.1933035972,0.1374514778,0.07605543133,0.1901085337,0.1526786943,0.1103286795,0.1091942948,0.08931332583,0.2220331038,0.133200402,0.2023837706,0.1603516274,0.169124359,0.1346304227,0.1505619424,0.1592349349,0.1505138121
317.5,0,0,0,0,0,0.1933553716,0.1374737198,0.07600674448,0.1900656378,0.1526367712,0.1102057657,0.1091239677,0.08934606587,0.2219037876,0.1334096922,0.2024470689,0.1604535968,0.1689403708,0.1345629503,0.1504562139,0.1591959034,0.1503157811
318,0,0,0,0,0,0.1931717931,0.1374233749,0.07595196243,0.1899970304,0.1525049308,0.1104141843,0.1091286914,0.08931230487,0.2218191414,0.1334949096,0.2023648051,0.1605797569,0.1690326028,0.1345284522,0.1504400859,0.1592639591,0.1504721859
318.5,0,0,0,0,0,0.193083339,0.1374617542,0.07595755182,0.1899423459,0.1525828095,0.1106100571,0.1092250946,0.08930784508,0.22176702,0.133305265,0.2024520218,0.1604777421,0.1691418578,0.1343573234,0.1502051152,0.1592685154,0.1505618155
319,0,0,0,0,0,0.1930968137,0.1371623398,0.07603219937,0.1900773807,0.1525502502,0.1103452428,0.1091177396,0.0892430308,0.2217362979,0.1333485531,0.2025720981,0.1605174472,0.1690072072,0.1343128685,0.1502489154,0.159271357,0.150500941
319.5,0,0,0,0,0,0.1930139665,0.1372714687,0.07613383734,0.1900647498,0.1525796321,0.1101607791,0.1092481822,0.08910436383,0.2214749512,0.1332898453,0.202551087,0.160501116,0.1689708185,0.1345890498,0.1501561078,0.1592332293,0.150589312
320,0,0,0,0,0,0.1930727411,0.1371048415,0.07609760477,0.1900196062,0.1526490804,0.1100831551,0.1091999623,0.08924169494,0.2213601724,0.1334515168,0.2025615414,0.1606077425,0.1690220099,0.1345688028,0.1503685448,0.1592381592,0.1506710419
320.5,0,0,0,0,0,0.1931011044,0.1371560819,0.07602104104,0.1900060172,0.1524804163,0.1101421203,0.1094489323,0.08918027587,0.2212884344,0.1335156863,0.2025077264,0.1605368973,0.1690001226,0.1346065459,0.15040377,0.1591754277,0.1505946143
321,0,0,0,0,0,0.1930918437,0.1373384505,0.07618013726,0.1899890363,0.1524087966,0.1100727038,0.1093160385,0.08928827415,0.2212657745,0.1334659435,0.2024774523,0.1605500227,0.1690997195,0.1345018752,0.1503394896,0.1591007192,0.1506590851
321.5,0,0,0,0,0,0.1929617239,0.1373163659,0.07608912896,0.1900121757,0.1525079209,0.110175189,0.1092442822,0.08931687329,0.2211494074,0.1333342516,0.2023659212,0.1603686285,0.1690868403,0.1344088397,0.150240804,0.1590758899,0.1507189377
322,0,0,0,0,0,0.1930925653,0.1371879503,0.07618664218,0.189855108,0.1523387244,0.1102082082,0.1092588095,0.08926195685,0.2212728158,0.1334545231,0.2024259748,0.1603581986,0.169178102,0.1345580253,0.1501951396,0.1591419849,0.1507869886
322.5,0,0,0,0,0,0.193128928,0.137202292,0.07616974236,0.1898139375,0.1523936949,0.1102352346,0.109224193,0.08916090853,0.2213202275,0.1331686827,0.2023362314,0.160470695,0.1691528677,0.1344307238,0.1502155867,0.1592115548,0.150783162
323,0,0,0,0,0,0.1932215054,0.1371677855,0.07592604127,0.189990141,0.1524063861,0.1102263225,0.1092612404,0.08913523035,0.2212734087,0.1332321868,0.2022622437,0.160398635,0.1690333756,0.1343948222,0.1502637333,0.1593501661,0.150939457
323.5,0,0,0,0,0,0.1933103525,0.1370800894,0.07592184085,0.1899446195,0.1522145329,0.1102548592,0.1092761829,0.08935182009,0.2214110538,0.1333382544,0.2022259674,0.1605249486,0.1691185063,0.1346702536,0.1503406744,0.1592936742,0.1511348145
324,0,0,0,0,0,0.1932604521,0.1373005338,0.07591990607,0.1899234317,0.1522931161,0.1102806008,0.109343778,0.08940476369,0.2215221842,0.1333907938,0.2023848271,0.1605126328,0.1692629505,0.1345785106,0.1503537059,0.1594666244,0.1511080007
324.5,0,0,0,0,0,0.1932309833,0.1373071829,0.07587091496,0.1900359395,0.1521563606,0.1104701725,0.1092988672,0.08927623829,0.2215054227,0.1334689715,0.202337557,0.1607276167,0.1690544953,0.1346531864,0.1503021103,0.1595241349,0.1511149401
325,0,0,0,0,0,0.1934153066,0.1372167489,0.07593333537,0.1900904689,0.1521773001,0.1103759934,0.1092550769,0.08911403811,0.2215058194,0.1334511081,0.2023369404,0.1606617083,0.1691090413,0.1346519674,0.1504864365,0.1595303417,0.1510892748
325.5,0,0,0,0,0,0.1933474394,0.1373141065,0.07587222288,0.1900413225,0.1521712466,0.1102679261,0.1093191353,0.08895380083,0.2215474407,0.1334011496,0.2021918915,0.1605390019,0.1692377262,0.134652366,0.1504008134,0.1593902857,0.1509881866
326,0,0,0,0,0,0.1932557107,0.1375560705,0.07596432909,0.1900592837,0.1523312346,0.1103806775,0.1093100553,0.08909488231,0.2214514816,0.133514039,0.2021792169,0.1605242846,0.1690576965,0.1344425234,0.1504882662,0.1593284264,0.1510932724
326.5,0,0,0,0,0,0.1931458454,0.1375148636,0.07580862396,0.1898914599,0.1524709442,0.1103922705,0.1093270712,0.08920850794,0.2213957718,0.1336803652,0.2022755346,0.1604891665,0.1689730528,0.1345899804,0.1504074038,0.1593149283,0.1510816319
327,0,0,0,0,0,0.1932550224,0.1374151226,0.07578961614,0.1898439116,0.152438925,0.1105922516,0.1093534208,0.08911327822,0.2214068885,0.133604014,0.2021356013,0.1605791464,0.1690155104,0.1346082841,0.1504109446,0.1593025174,0.1510106081
327.5,0,0,0,0,0,0.1931073323,0.1376554284,0.07585000039,0.1900169236,0.1524061917,0.1104466412,0.1092178661,0.08911893108,0.2215465281,0.1336980897,0.2021871498,0.1604281936,0.1688304956,0.1346007645,0.1505336386,0.1594558596,0.1512325655
328,0,0,0,0,0,0.1931278382,0.1375960543,0.07583357495,0.1901125081,0.1523908041,0.1106770165,0.1093134873,0.08919596544,0.2216261846,0.1337426706,0.202165551,0.1605387168,0.1688388273,0.1346740968,0.1504912706,0.1594116725,0.1511813882
328.5,0,0,0,0,0,0.1931900458,0.1377727053,0.07583693522,0.1901449946,0.1524185072,0.1107581032,0.1094257133,0.08921838313,0.2216262449,0.1338186102,0.2022452577,0.1604206423,0.1687500779,0.134752129,0.1504836864,0.1592423919,0.1512820714
329,0,0,0,0,0,0.1933185689,0.1375259516,0.07582885396,0.1901250102,0.1523700536,0.1104149788,0.1093713689,0.08918867786,0.2217890304,0.1337988336,0.2022646483,0.160282349,0.1686941755,0.1348736709,0.1504052681,0.1592190444,0.1513976487
329.5,0,0,0,0,0,0.1932311112,0.1374164881,0.0760694277,0.190037416,0.1525172302,0.1104184999,0.1094718346,0.08922208832,0.2217378521,0.1336591542,0.2021080517,0.1604034177,0.1687062407,0.1348979572,0.1502762702,0.1593225032,0.1511107095
330,0,0,0,0,0,0.1933655746,0.1372896523,0.0760075841,0.1901810097,0.1525725722,0.110297351,0.1093289125,0.0892412413,0.2217056043,0.1335620963,0.202136367,0.160420011,0.1687480757,0.1347207079,0.1500462246,0.1593227092,0.1511413279
330.5,0,0,0,0,0,0.1933063319,0.1374343493,0.07576894875,0.1903338391,0.1524401657,0.1101967405,0.1093053389,0.08908008901,0.2216967919,0.1335356176,0.2021089205,0.1602153346,0.16873894,0.1349505707,0.1500139787,0.1593622853,0.1512906057
331,0,0,0,0,0,0.1933046117,0.1374199511,0.07590555002,0.1901593632,0.1525365449,0.1102461297,0.1093248947,0.08904746577,0.2218291152,0.1335546254,0.2021799955,0.1601812126,0.1687591338,0.1348310045,0.1500753251,0.1595226853,0.1511635838
331.5,0,0,0,0,0,0.1932937837,0.137526782,0.07589723705,0.1900086302,0.1525352823,0.1101711969,0.1093809911,0.08925443152,0.2218311633,0.1336984229,0.2022573745,0.160254918,0.168724502,0.1348154501,0.1500626484,0.1594677564,0.1510668069
332,0,0,0,0,0,0.1932361767,0.1374845778,0.07601524299,0.1899619132,0.1525253387,0.1101531773,0.1094446744,0.08909226654,0.221711234,0.1335690009,0.2023492426,0.1604991256,0.168725469,0.1347110886,0.1501951276,0.1592258693,0.1511358962
332.5,0,0,0,0,0,0.19340444,0.1375534118,0.07627883403,0.1901014453,0.1525833764,0.1102497952,0.1093942023,0.08896565094,0.2216226549,0.1337889807,0.2022602226,0.1603348892,0.1689343742,0.134862016,0.1501644677,0.1592918542,0.1511161155
333,0,0,0,0,0,0.1933224988,0.1376318601,0.07607957856,0.1900109759,0.1525040017,0.1102654167,0.1094863022,0.08920869252,0.2217575834,0.1334848005,0.2023801571,0.1603378251,0.1688860704,0.1348682293,0.1501876384,0.1592757976,0.1509240416
333.5,0,0,0,0,0,0.1934007045,0.1376176084,0.07588518717,0.1900707032,0.1524856228,0.1103278867,0.1096624203,0.08915601269,0.2217634839,0.1333632823,0.2024361925,0.160274651,0.1689339509,0.1349094137,0.1501087303,0.159263957,0.1507746846
334,0,0,0,0,0,0.1934777115,0.1375978885,0.07602764352,0.1900169127,0.1525182485,0.1102621529,0.1093993237,0.08928465643,0.2217479999,0.133208085,0.2024484682,0.1602298281,0.1687735142,0.134953945,0.1500577114,0.1591653667,0.1508296294
334.5,0,0,0,0,0,0.1934435589,0.1375284374,0.07590867809,0.1901209519,0.1526878872,0.1102980126,0.1093439842,0.08933645408,0.2216050491,0.1334204792,0.2024333956,0.1603129079,0.1687745775,0.1348884183,0.1500656365,0.1593106111,0.1506844282
335,0,0,0,0,0,0.1934116806,0.1374692042,0.07595325558,0.1901929748,0.1524146507,0.1103363576,0.1092598599,0.08931895033,0.221659339,0.1330870547,0.2024713452,0.1602572988,0.1687176506,0.1350613112,0.1502385628,0.1593372704,0.1506491849
335.5,0,0,0,0,0,0.1932668862,0.1374797039,0.07589840346,0.1900448951,0.1523971451,0.1101469572,0.1090893187,0.08935545009,0.2217376732,0.1330550337,0.202629878,0.1603433622,0.1687140396,0.1346737256,0.1501935692,0.159328372,0.1506581268
336,0,0,0,0,0,0.1934004654,0.1374411071,0.07600979202,0.190175263,0.152475603,0.1102189899,0.1093674868,0.08921662076,0.2218022619,0.1332519447,0.2023985607,0.1603019177,0.168863105,0.1346268731,0.1501538332,0.1593498752,0.1508087893
336.5,0,0,0,0,0,0.1934787853,0.1375128068,0.07598641923,0.1901860883,0.1523482449,0.1102139539,0.1092842503,0.08926085532,0.2218445938,0.1332161985,0.2023373542,0.1603831497,0.1689636292,0.1349237239,0.150086341,0.1593805437,0.1509797017
337,0,0,0,0,0,0.1933568829,0.1374908739,0.07603918644,0.1901468773,0.1522578007,0.110073472,0.1093875145,0.08923314805,0.2217318045,0.1330415068,0.2025128079,0.1604652562,0.1688915947,0.1349735973,0.1503008927,0.1594748111,0.1509710502
337.5,0,0,0,0,0,0.1934040313,0.137552235,0.07589141064,0.1900525845,0.152118182,0.1103433287,0.1093883763,0.08918334248,0.2216500134,0.1333187513,0.202598173,0.1604879508,0.1687742613,0.1349012968,0.1501879034,0.1592721064,0.1508983185
338,0,0,0,0,0,0.1934411426,0.1374883912,0.07575069386,0.1901942956,0.1523493476,0.1104032133,0.109465484,0.08921702619,0.2216110893,0.1333206213,0.2027049847,0.1604248341,0.1690716333,0.1348390594,0.150214656,0.1591361672,0.1509697255
338.5,0,0,0,0,0,0.1934365902,0.1374302021,0.07567994059,0.190047541,0.1524059945,0.110542965,0.1095574063,0.08919577687,0.2216331485,0.133481502,0.2027938884,0.1603462257,0.168894115,0.1348853596,0.1503039226,0.1593358289,0.1508587913
339,0,0,0,0,0,0.1935650765,0.1374572021,0.07560722998,0.1900248963,0.1525042713,0.1103590771,0.1094504203,0.08920777187,0.2216456638,0.1334547975,0.2026972851,0.1603556002,0.169078148,0.1349550635,0.1502653652,0.1594194294,0.1508528762
339.5,0,0,0,0,0,0.1937327455,0.1374684989,0.07556320997,0.1900460123,0.15251463,0.1102213474,0.1094750071,0.08927523286,0.2214968888,0.1335311275,0.2028856012,0.1603378113,0.1689521122,0.1350885558,0.1503480578,0.1593028782,0.1506727517
340,0,0,0,0,0,0.1938810268,0.1373934284,0.07563269986,0.1899446299,0.1525112505,0.1102164091,0.1094857165,0.0892331464,0.2216090965,0.1336653606,0.2029130197,0.1602684435,0.1690447261,0.1349320825,0.1504614763,0.1591676158,0.1505822455
340.5,0,0,0,0,0,0.1937453493,0.1373213504,0.07567762971,0.1900619745,0.1525749447,0.1105495428,0.1097037947,0.08911862569,0.2215206043,0.1336646421,0.2029122589,0.1603130412,0.1690416822,0.13494913,0.1503882391,0.1591342288,0.1504921298
341,0,0,0,0,0,0.1935874933,0.137321211,0.0758600278,0.1900409509,0.1525906179,0.1102905593,0.1095143216,0.08921641332,0.2215404172,0.1336254657,0.2027862941,0.1602513419,0.1689053696,0.1350509884,0.1502838416,0.1590703372,0.1505735722
341.5,0,0,0,0,0,0.1935219519,0.1372569293,0.07616352453,0.1900819094,0.1526248301,0.1103129532,0.1095974725,0.08909662762,0.2215298712,0.1334735426,0.2028428572,0.1601895078,0.1689222101,0.1350859671,0.1502215002,0.1589931965,0.1506686697
342,0,0,0,0,0,0.1934509007,0.1372878231,0.07614279075,0.1900150749,0.1525076137,0.1103038386,0.1096359897,0.0891054163,0.2214627295,0.1334377285,0.2030086673,0.1602453401,0.168849307,0.1347874369,0.150214221,0.158953489,0.1505278798
342.5,0,0,0,0,0,0.1933551589,0.1372659289,0.0760404267,0.1898077736,0.1525506423,0.110383218,0.1095757353,0.08916271976,0.2213121207,0.1335571706,0.2029867602,0.1603304842,0.1690303469,0.1349159148,0.1499861672,0.1589731103,0.1504279873
343,0,0,0,0,0,0.1934477624,0.1373006152,0.07589107181,0.1897196088,0.1526115264,0.1104573699,0.1093694014,0.0893013548,0.2211626626,0.1334267531,0.2030593058,0.160283635,0.1690343242,0.1350177464,0.1499753962,0.159058034,0.1504116882
343.5,0,0,0,0,0,0.1935146737,0.1371928059,0.07608434133,0.189782532,0.1524867563,0.1103630033,0.1093707189,0.08951409427,0.2213816984,0.1335223628,0.2029196676,0.1602356793,0.1690561013,0.134939197,0.1499860267,0.1590157661,0.1504213663
344,0,0,0,0,0,0.1933595299,0.1373380632,0.07601745581,0.1897363211,0.1524460433,0.110288742,0.109347893,0.08948579232,0.2213517789,0.1336352248,0.2030486542,0.1602561438,0.168865251,0.1349950533,0.1498107556,0.1591428037,0.1504180717
344.5,0,0,0,0,0,0.1934206332,0.1373247103,0.07599740077,0.1899058227,0.1524686382,0.1103538474,0.1092411528,0.08945743216,0.2214841248,0.1338279695,0.203300936,0.1603694582,0.1687779191,0.1349194509,0.1498526055,0.1590904751,0.1506751106
345,0,0,0,0,0,0.1933602728,0.1374623462,0.07595459041,0.1899132939,0.1522826053,0.1103291951,0.1092389017,0.08952327068,0.2215686978,0.1339575018,0.2033415999,0.160370281,0.1688143675,0.1347040178,0.1497553614,0.1589764882,0.1507167728
345.5,0,0,0,0,0,0.1934469891,0.13746037,0.07598215871,0.1900954349,0.1522758043,0.110298529,0.1092823489,0.08961538445,0.2213577956,0.1338460517,0.2035443913,0.1602174097,0.1689509213,0.1348457773,0.1496893044,0.1590266146,0.1509121656
346,0,0,0,0,0,0.193409459,0.1375083844,0.07605170442,0.1899514607,0.1521694056,0.1104384332,0.1093600277,0.08952833872,0.2216247384,0.1339050335,0.2034514245,0.1601669115,0.1690530048,0.1348215197,0.1498189526,0.1590088986,0.1507135998
346.5,0,0,0,0,0,0.1933549208,0.1372833613,0.07623221013,0.1899533364,0.1522196183,0.1104546664,0.1094088902,0.08940937915,0.2216266826,0.1337466798,0.2034599,0.1602601366,0.1689708768,0.1348862566,0.1499685094,0.1588636307,0.1505530336
347,0,0,0,0,0,0.1933660593,0.1373182344,0.07629416898,0.1897807136,0.1521296268,0.1103811755,0.1094091716,0.08941144798,0.2217488313,0.1336634828,0.2035177528,0.1603412021,0.1692241174,0.1348491754,0.1500660264,0.1588183727,0.1505286658
347.5,0,0,0,0,0,0.1934706931,0.1372768502,0.07616578104,0.189830754,0.1521857533,0.1102735327,0.1095454461,0.08945714685,0.2216942105,0.1334707918,0.2034715656,0.1604046742,0.1691763045,0.1348540683,0.1501723713,0.1587320717,0.1505521502
348,0,0,0,0,0,0.1933896318,0.1371514273,0.07609449756,0.1898384627,0.1523757365,0.1103269609,0.1096736103,0.08944292396,0.2217203494,0.133650255,0.2033988918,0.1605557335,0.1691905164,0.1347892784,0.1501474177,0.1587623647,0.1506717236
348.5,0,0,0,0,0,0.1933859486,0.1373213476,0.07603567921,0.1900137365,0.1524176035,0.1104434075,0.1096139413,0.08947841925,0.2217489135,0.1335832118,0.2034255995,0.1605099057,0.1690684821,0.134745312,0.1502176599,0.1585894567,0.1507409136
349,0,0,0,0,0,0.1934096855,0.1373053789,0.07597480833,0.1900040964,0.152447224,0.1105805467,0.109521322,0.08929304887,0.2216548385,0.1334867559,0.2032155139,0.1605502143,0.1689832334,0.1349837145,0.1503119221,0.1586550065,0.1507495563
349.5,0,0,0,0,0,0.1933693471,0.137313005,0.07614118981,0.1900907726,0.1523831718,0.1103882677,0.1094718347,0.08933729915,0.2214826335,0.1335880365,0.2033642856,0.1604906352,0.1689693272,0.1348642218,0.1502781205,0.1586906751,0.1508141387
350,0,0,0,0,0,0.1934274749,0.1373534691,0.07625979753,0.1901484625,0.1522575054,0.1104823094,0.1094643236,0.08924448984,0.2215653218,0.1337321093,0.2034392952,0.1604000569,0.1689781322,0.1348439338,0.1502126286,0.1586956235,0.1507310767
350.5,0,0,0,0,0,0.1934117644,0.1374245157,0.0761205633,0.1899864771,0.1523823662,0.1106369403,0.1093545687,0.08942742474,0.2216364423,0.1336821601,0.203548555,0.1603855128,0.1686949358,0.1349234238,0.1501587306,0.1585903492,0.1506817206
351,0,0,0,0,0,0.1934852813,0.1373102345,0.076261282,0.1899582491,0.1525439457,0.110663589,0.1093263088,0.08952334359,0.221507626,0.1337006054,0.2035183402,0.1602412478,0.1687333433,0.1348729152,0.1500491195,0.1586271709,0.1504266718
351.5,0,0,0,0,0,0.1935597634,0.1373082628,0.07601754915,0.190141722,0.1525514657,0.1105776352,0.1094012644,0.08948343861,0.2215616599,0.1336831802,0.2035537867,0.1603515402,0.1686813587,0.1350485105,0.1502122191,0.1587268399,0.1504337761
352,0,0,0,0,0,0.1935833802,0.137341933,0.07593316172,0.1899415851,0.152494208,0.1104592659,0.109329255,0.08932408223,0.2215010779,0.1337484948,0.2037062603,0.1605236293,0.1687031755,0.1347801209,0.1502924804,0.158801466,0.1503552286
352.5,0,0,0,0,0,0.1934618839,0.1372717658,0.07594902254,0.1899494624,0.1524283912,0.1103275142,0.1094884877,0.08918458325,0.2214449333,0.133737807,0.2036420207,0.1604447093,0.1688434382,0.1348779926,0.1501428506,0.1586626942,0.1503573047
353,0,0,0,0,0,0.1934015333,0.1372718741,0.07584090837,0.1899994906,0.1524898837,0.1102063139,0.109571364,0.08911217839,0.2215176307,0.1338009565,0.2034999879,0.1603618858,0.1687504478,0.1349369702,0.149989994,0.1585478337,0.1499983773
353.5,0,0,0,0,0,0.1935340442,0.1372739141,0.07600893825,0.1899756928,0.1526142518,0.1102486781,0.1095341711,0.08911484607,0.2216278525,0.1337502271,0.2034815656,0.1605731335,0.1687471492,0.1348668624,0.1501308027,0.158613377,0.1498775075
354,0,0,0,0,0,0.1935584243,0.1372996964,0.07601210969,0.1901196422,0.1525540437,0.1104099314,0.1094329858,0.08923516903,0.2216406982,0.1336722177,0.2033122598,0.1606088183,0.1687093758,0.1348001779,0.1498930884,0.1587885694,0.1501277973
354.5,0,0,0,0,0,0.1934720729,0.1370787767,0.07600483531,0.1901041748,0.1524881585,0.1104949467,0.109375292,0.08926228364,0.2215815408,0.1337220338,0.2032879481,0.1605812798,0.1687994469,0.1349119725,0.1499767665,0.1588439953,0.1501473789
355,0,0,0,0,0,0.1933819953,0.1372023353,0.0758159519,0.1902062104,0.152341048,0.1104384748,0.109316808,0.0892083991,0.2215658107,0.1337494625,0.2033812358,0.1604714348,0.1689415272,0.1347755875,0.1500087228,0.1587336552,0.1502705724
355.5,0,0,0,0,0,0.1935095769,0.1371932914,0.07620804297,0.1903345122,0.1521006875,0.1104247995,0.1095257313,0.08911836826,0.2215155024,0.1336472377,0.2033175371,0.1604903023,0.1689540187,0.1348588713,0.1500121519,0.1585768889,0.1502824355
356,0,0,0,0,0,0.1934362652,0.1372236724,0.07601633171,0.1902034468,0.1522075583,0.110377646,0.1093295193,0.08918577947,0.2214951199,0.1337027714,0.2032356909,0.1604768976,0.1690283461,0.1350593808,0.1500926226,0.1586297714,0.1502317178
356.5,0,0,0,0,0,0.1933567254,0.1373522689,0.07609350429,0.1902460079,0.1522490363,0.1102284827,0.109393307,0.08920377782,0.2216903264,0.1334694077,0.2032507081,0.1604773417,0.169140351,0.1348942454,0.1501387584,0.1585090732,0.1502745269
357,0,0,0,0,0,0.1933041866,0.1373334668,0.07599509179,0.1902821956,0.1521967599,0.1101233613,0.1094556251,0.08924598664,0.2218171939,0.1333476102,0.2032819836,0.1604061343,0.1691079816,0.1348467965,0.1501171797,0.158465805,0.1503171136
357.5,0,0,0,0,0,0.1933502629,0.1372213038,0.07612086344,0.1902652913,0.1524919886,0.11014842,0.1094375295,0.08927082444,0.2218230158,0.1334493757,0.2033556603,0.1605700528,0.1692413462,0.1348320294,0.1500548628,0.1584939342,0.1504428838
358,0,0,0,0,0,0.1933483318,0.1373097982,0.07594295656,0.1903784916,0.1525766382,0.1103206837,0.1096098763,0.08924916982,0.2218710946,0.1334771799,0.203334057,0.1606355119,0.1691848419,0.1346550053,0.1501374606,0.158603866,0.1505036332
358.5,0,0,0,0,0,0.1934300984,0.1372202392,0.07601148245,0.1902497374,0.1526234649,0.1103682794,0.1096503931,0.0892076381,0.2219490159,0.1335741002,0.2033214867,0.1606389734,0.1690870031,0.1346535082,0.1501648758,0.1587132391,0.150451403
359,0,0,0,0,0,0.1933391673,0.1373320756,0.0760270487,0.19024746,0.152632004,0.110572718,0.1096608001,0.08901158001,0.2220470733,0.1337857136,0.2032979502,0.1606458039,0.1690814593,0.1347099752,0.1501953263,0.1587469335,0.1504707651
359.5,0,0,0,0,0,0.193523995,0.1373312001,0.07618469789,0.1902959307,0.152533554,0.1104856368,0.1096904079,0.08910544915,0.2221640072,0.1334888181,0.2032125918,0.1607065207,0.1690042559,0.1347093634,0.15019697,0.1587769258,0.1503104284
360,0,0,0,0,0,0.193434159,0.1372252123,0.07602922659,0.1902853873,0.1524500578,0.1105294593,0.1096668927,0.08900448875,0.2221426483,0.1333580824,0.203123323,0.1604911428,0.168998714,0.134610719,0.1501703225,0.1588115476,0.1499327802
360.5,0,0,0,0,0,0.1933665459,0.137231292,0.07617261936,0.1901822091,0.1523987014,0.1105436741,0.1094197885,0.08911659529,0.2221394868,0.1331844228,0.2031002207,0.1603255827,0.1689989721,0.1346483019,0.1502582739,0.158815542,0.1500695611
361,0,0,0,0,0,0.1932313825,0.1372266125,0.0760154702,0.1901749005,0.1524542631,0.1105791171,0.1094889808,0.08916879351,0.2219487803,0.1332582781,0.2032387454,0.1602976476,0.1689945282,0.1348211224,0.1502652404,0.1589587452,0.1502347008
361.5,0,0,0,0,0,0.1934503928,0.1372001117,0.07590950703,0.1903531644,0.1523275164,0.1105249492,0.1094783062,0.08921965305,0.2220111443,0.1332762145,0.2032868424,0.1603523585,0.1691323105,0.1348209153,0.1501416396,0.1589111742,0.1501760079
362,0,0,0,0,0,0.1933594492,0.1371289519,0.07586680644,0.1904499441,0.152327096,0.1105516443,0.1093896588,0.08911098853,0.221908431,0.1334700792,0.2032781695,0.1603922601,0.169102275,0.1346786369,0.1501659858,0.1589563095,0.1503218063
362.5,0,0,0,0,0,0.1933646017,0.1373674123,0.07601470916,0.1903610937,0.1523754756,0.1104423977,0.1093516174,0.08919121194,0.2219062779,0.1335092395,0.2033382578,0.1605319098,0.1691059982,0.1349567113,0.15005073,0.1588521702,0.1502163384
363,0,0,0,0,0,0.1934194107,0.1372902437,0.07589652977,0.1901674651,0.1523349254,0.1105322013,0.109441123,0.08930915636,0.2218989376,0.1335178604,0.2033674644,0.1605575945,0.1690904671,0.1349207001,0.1500496938,0.1588693845,0.1502203528
363.5,0,0,0,0,0,0.1932832679,0.1372936823,0.07601336598,0.189931997,0.1523306166,0.1105320487,0.1092916776,0.08925189021,0.2219167532,0.1334412437,0.2034290464,0.1604167431,0.1692184653,0.1350493742,0.1499972563,0.1588568896,0.1502632416
364,0,0,0,0,0,0.1932309232,0.1372691481,0.07600597336,0.1898500436,0.1523828985,0.1105591776,0.1092007209,0.08915971541,0.2218718035,0.1335454337,0.2033344475,0.1606241734,0.1690003096,0.1351538482,0.1500534742,0.1588605734,0.1502932824
364.5,0,0,0,0,0,0.1932427091,0.1373503405,0.07590452972,0.1897249298,0.1524163985,0.1106669529,0.1093133472,0.08931402427,0.2219560473,0.133348107,0.2033351925,0.1605944923,0.1689888366,0.1352167617,0.1499624794,0.158656253,0.1502870571
365,0,0,0,0,0,0.1932284938,0.1373258755,0.07594674535,0.1898588345,0.1522449204,0.1105080536,0.1093888412,0.08920011789,0.2221271384,0.1332247559,0.2032896586,0.1605219765,0.169134793,0.1352444949,0.1500555792,0.1586096255,0.1502695079
365.5,0,0,0,0,0,0.1933109771,0.1374087042,0.07609594099,0.1899757484,0.152289378,0.1103833468,0.1094834383,0.08912817331,0.2219545089,0.1330559838,0.203238399,0.1605673623,0.1690888551,0.1349307972,0.1499822339,0.1586088809,0.1501694974
366,0,0,0,0,0,0.1932316009,0.1373237978,0.07618857554,0.1900121505,0.1523436268,0.1101612095,0.1095159915,0.08908684877,0.2219661931,0.1331336652,0.2032566663,0.1604088148,0.1689922536,0.1351022085,0.1500911875,0.1586158014,0.1500185519
366.5,0,0,0,0,0,0.1933225604,0.1372899542,0.07586458773,0.1900899237,0.1523546148,0.1099847573,0.1094543256,0.0890082526,0.2219121151,0.1331766298,0.203196978,0.1604272006,0.1689562057,0.1350904181,0.1500199359,0.1587927294,0.149954386
367,0,0,0,0,0,0.1933528444,0.1372734205,0.07603421127,0.1901681236,0.1522253793,0.1100151049,0.1094761674,0.0889589264,0.2220652901,0.1332850697,0.2032173187,0.1605731141,0.1688705236,0.1349348865,0.1500606046,0.1589451631,0.1499081784
367.5,0,0,0,0,0,0.1932534269,0.1373595184,0.07598097914,0.1902087811,0.1522620163,0.1099571297,0.1094527711,0.08907650284,0.2219275821,0.1332333132,0.2032341867,0.1603974461,0.1688612375,0.1348340175,0.1499848434,0.1587695268,0.1500358358
368,0,0,0,0,0,0.1932412275,0.1374110751,0.07599571743,0.1900878843,0.1523673236,0.1100417975,0.1094567851,0.08910373038,0.221921416,0.1332658038,0.2033152758,0.160432113,0.168946184,0.1349557005,0.1501509828,0.1585748041,0.149991755
368.5,0,0,0,0,0,0.1932881594,0.1373051138,0.07597076504,0.1900597335,0.1522383308,0.1100437009,0.1091653426,0.08911439436,0.2219705351,0.1333032531,0.203391707,0.1603220645,0.168987432,0.1349680508,0.1499989467,0.1586263248,0.1500316461
369,0,0,0,0,0,0.1932278842,0.1373829992,0.07583500894,0.1900960862,0.1522771148,0.1100990018,0.109132604,0.08916691632,0.2220482349,0.1333951827,0.2033868612,0.1603436935,0.1688523489,0.1347175644,0.1501283461,0.1585568554,0.1498938756
369.5,0,0,0,0,0,0.193299937,0.137474832,0.07586852077,0.1900819426,0.1524658637,0.1100236046,0.1090424247,0.08917432868,0.2221178051,0.1333686769,0.2033751605,0.1604661226,0.1688923253,0.1345788696,0.150085462,0.1586056708,0.1497974593
370,0,0,0,0,0,0.1933196681,0.1373786382,0.07605333304,0.1901774988,0.1523516484,0.1100615767,0.1091057996,0.08927255989,0.2220557963,0.1332296323,0.203414355,0.1603892934,0.1689833116,0.1346839713,0.1501233083,0.1586927017,0.14969627
370.5,0,0,0,0,0,0.1933943396,0.1373099237,0.07599722901,0.1900643863,0.1521532645,0.1102643355,0.1090974211,0.08917792529,0.2220730529,0.1332588525,0.203562721,0.1603977556,0.1690728118,0.1348432565,0.1502663494,0.1587448215,0.1495437625
371,0,0,0,0,0,0.1933388381,0.1372448365,0.07605597429,0.1901855758,0.1522666034,0.1102332496,0.1091848593,0.08914474309,0.2220239088,0.1329725402,0.2035870948,0.1604830599,0.1690065169,0.1349968215,0.1500243051,0.1587793425,0.1496973561
371.5,0,0,0,0,0,0.1932695177,0.1374256868,0.07605079696,0.1901999328,0.1522476185,0.1103749664,0.1092037096,0.08920790668,0.2219697774,0.1330643214,0.2035738812,0.1602800438,0.1690991295,0.1348297087,0.1500186608,0.1587688717,0.149604435
372,0,0,0,0,0,0.1932852956,0.1375309684,0.0761173349,0.1903591808,0.1524729516,0.1105010286,0.1091911521,0.08913180994,0.2220203918,0.1327985487,0.203498307,0.1604269915,0.1690890149,0.1348464717,0.1499941553,0.1586769223,0.1494785979
372.5,0,0,0,0,0,0.1933761194,0.1375235648,0.07594552942,0.1903121815,0.152364984,0.1105874909,0.1091840421,0.08935110494,0.2218331841,0.132890223,0.2033144835,0.1605135187,0.1690723664,0.1348638198,0.1500059844,0.1587826387,0.1494708932
373,0,0,0,0,0,0.1932767796,0.1375199884,0.07595848359,0.1904226705,0.1522595261,0.1106066866,0.10921076,0.08933705574,0.2218975609,0.1330522888,0.2031966699,0.1605766505,0.1690623399,0.1347041019,0.1500441238,0.1587355528,0.1495059612
373.5,0,0,0,0,0,0.1932291393,0.1373091415,0.07602947408,0.1903463562,0.1523185657,0.11047736,0.1091297263,0.089163772,0.221824426,0.1330162422,0.2032424395,0.1604049673,0.1690871536,0.1347030116,0.1499154323,0.1586923783,0.1496788619
374,0,0,0,0,0,0.1932289985,0.1374315914,0.0759351793,0.1902423345,0.1521973037,0.1104967435,0.1093351634,0.08931826998,0.2218206587,0.1331376352,0.203266078,0.1604757823,0.1690078381,0.1347832164,0.1500374605,0.1587605276,0.1497957416
374.5,0,0,0,0,0,0.1932542767,0.1374661182,0.07599345377,0.1902564371,0.1522148942,0.1106026595,0.1093752259,0.08934408806,0.2219892996,0.13329302,0.203183906,0.1604742433,0.1690627308,0.1348953299,0.1501511689,0.1588770172,0.1497275651
375,0,0,0,0,0,0.1933349766,0.1372490559,0.07594177769,0.1902510709,0.1522309887,0.1105140637,0.1094698764,0.08931653022,0.2220579567,0.1332557757,0.2031157934,0.1603188416,0.1690485122,0.1348070887,0.1503582532,0.1589048219,0.1497355557
375.5,0,0,0,0,0,0.1934060351,0.1373106755,0.07594073324,0.1902635407,0.1523189358,0.110440149,0.109482329,0.08927024637,0.2220287085,0.1333028001,0.2032522426,0.1602907678,0.1690508398,0.1347640241,0.1502347977,0.1589911406,0.1497349011
376,0,0,0,0,0,0.1934073803,0.1372683181,0.07620004883,0.1901961663,0.1523982987,0.1103816573,0.1095757373,0.08920622867,0.2219878327,0.1332664194,0.2031647075,0.1603190158,0.169050607,0.1346716191,0.1503153236,0.1591959623,0.149842481
376.5,0,0,0,0,0,0.1934124527,0.1373446169,0.07630668686,0.1901367868,0.1523691549,0.1102398312,0.1095918116,0.08920633489,0.2220372061,0.133390949,0.20313949,0.1604131832,0.1690274437,0.134650572,0.1502789984,0.1593013422,0.1497895872
377,0,0,0,0,0,0.1934192125,0.1374550686,0.07626754199,0.1900320904,0.1523024471,0.1102091267,0.109487964,0.0892641235,0.2221384912,0.1334571777,0.2032329781,0.1603168792,0.1689152832,0.1346813845,0.1503844056,0.1590351205,0.1498511704
377.5,0,0,0,0,0,0.1933827721,0.1372972542,0.07618663852,0.1898499721,0.152383309,0.1100917912,0.1093706562,0.08925222472,0.222165007,0.1334262668,0.2035015435,0.1604906999,0.1690017884,0.1347852563,0.1504499391,0.1589368973,0.1499306706
378,0,0,0,0,0,0.1933962148,0.1372602683,0.07603022616,0.1898994462,0.1522962018,0.1100924254,0.1094841227,0.0893102201,0.222078203,0.1333915501,0.2032481822,0.1605695127,0.1690629901,0.1348159784,0.1505565054,0.1588787723,0.1499595939
378.5,0,0,0,0,0,0.1933868305,0.1370166367,0.07599501097,0.1898803527,0.1522092865,0.1100816893,0.1095948744,0.08934207549,0.2220804082,0.1332346404,0.2032517422,0.1604217879,0.1692857575,0.1348778187,0.1504164461,0.1589307091,0.1500422988
379,0,0,0,0,0,0.1934332626,0.1369333699,0.07605348455,0.1898941259,0.1523111091,0.1102424386,0.1096862105,0.08932564861,0.2222121242,0.1331549603,0.2031794791,0.1605780377,0.1691974185,0.1348390194,0.1505223861,0.158933882,0.1500651226
379.5,0,0,0,0,0,0.1933906141,0.1369636049,0.07599647678,0.1898793653,0.1524429811,0.1103419505,0.109684357,0.08935420182,0.2222053171,0.1333567583,0.2033501636,0.1605687158,0.168899262,0.1345885768,0.1504977469,0.1589691171,0.150058596
380,0,0,0,0,0,0.1933715929,0.1369680001,0.07621224867,0.1899214947,0.1525783853,0.110501766,0.1096204826,0.08944847179,0.2221582014,0.1333529966,0.2031981294,0.1606303545,0.1688257332,0.1344666388,0.1503919389,0.15894076,0.1498932904
380.5,0,0,0,0,0,0.193419859,0.1369752808,0.07627470899,0.1900203824,0.1527337999,0.1104190952,0.109554329,0.08963396425,0.2222786725,0.1333143201,0.2029718644,0.1605995002,0.168934634,0.1346777111,0.1503724936,0.1588241596,0.1498282998
381,0,0,0,0,0,0.1934472516,0.136940014,0.07631143787,0.1899389135,0.1526009717,0.1104352916,0.1094820213,0.08956905625,0.2221869019,0.1333786085,0.2029066258,0.1606340546,0.1689813854,0.134600982,0.1503379434,0.1588919119,0.1498548272
381.5,0,0,0,0,0,0.1932980203,0.1369670119,0.07629189586,0.1900869611,0.1526847952,0.1102800834,0.1093084175,0.08950171146,0.2222668124,0.1333659238,0.2029390019,0.160673035,0.1690239996,0.1344715578,0.1504015392,0.1588881008,0.149864117
382,0,0,0,0,0,0.1933058692,0.1369420121,0.07614824373,0.1898794129,0.1526127817,0.1102999255,0.1092558731,0.08938576073,0.222396289,0.1334992605,0.2030518104,0.1606713088,0.1689029234,0.1342994349,0.1505530388,0.1589306485,0.1499026024
382.5,0,0,0,0,0,0.1933434735,0.1370772486,0.07594362387,0.1899119294,0.1523883286,0.1102143614,0.1092662717,0.08930200948,0.2222810095,0.1334901602,0.2030363682,0.1606958552,0.1690313996,0.1343211494,0.1505136414,0.1587206126,0.1496772237
383,0,0,0,0,0,0.1933338488,0.1371398523,0.07609553865,0.1899507245,0.1525781732,0.1104250739,0.1092944896,0.08926668855,0.2222524745,0.133606699,0.2027661731,0.1607330042,0.1690427399,0.1343158608,0.1504904698,0.1587922017,0.1496751076
383.5,0,0,0,0,0,0.1933922126,0.1369030934,0.07613837333,0.1900176302,0.152531554,0.110437955,0.1094125357,0.08920789193,0.2223051757,0.1335464086,0.2027876801,0.1606337913,0.1691023672,0.1343881529,0.1504933439,0.158898524,0.1497416343
384,0,0,0,0,0,0.193436079,0.1370760743,0.07597567842,0.1899923386,0.1526463732,0.1103776629,0.1095351464,0.08929181594,0.2222906484,0.1336147415,0.2028293982,0.1604606779,0.1689578803,0.1345371192,0.1504548558,0.158969061,0.1495354019
384.5,0,0,0,0,0,0.1934606883,0.1372002386,0.07586997802,0.1898923657,0.1525305784,0.1102751611,0.1095439138,0.08923064723,0.2223968504,0.1335590153,0.2027528657,0.1604999451,0.1688320828,0.1346368068,0.1504766949,0.1590282469,0.1496144945
385,0,0,0,0,0,0.1935133374,0.1373178462,0.07607602556,0.189971612,0.1525608532,0.1099998378,0.1095062738,0.08917592676,0.2223642353,0.1337512527,0.2027355399,0.1605122456,0.1686881396,0.1347271988,0.1503956679,0.1590829223,0.1496010923
385.5,0,0,0,0,0,0.1934484521,0.1373844443,0.07602399536,0.1900227206,0.1526564294,0.1101670811,0.1095721249,0.08910255588,0.2223753642,0.1337125614,0.2026861123,0.160470438,0.1685413126,0.1349051611,0.1503519665,0.1592830286,0.1495725574
386,0,0,0,0,0,0.1933366608,0.1373212178,0.07602721875,0.1899132951,0.1526318303,0.1103617962,0.1093932231,0.08924584758,0.2224582044,0.1336118073,0.2026139928,0.1604214761,0.1685148495,0.134935277,0.1503047711,0.1593149965,0.149561707
386.5,0,0,0,0,0,0.1934752909,0.1373475982,0.07613735299,0.1899797294,0.1526457195,0.1104465525,0.1092161884,0.08924348285,0.2225440088,0.1335632842,0.2024605447,0.1604051865,0.1685828868,0.1351651482,0.1503679518,0.1592578325,0.1496219338
387,0,0,0,0,0,0.193450446,0.1372033372,0.07602727361,0.1898700972,0.1525631302,0.1103372084,0.1092445926,0.08928957157,0.2225230435,0.1338788465,0.2026040044,0.1602973976,0.16867166,0.1350096465,0.1502302084,0.1590649638,0.1496216996
387.5,0,0,0,0,0,0.1933915226,0.1373794128,0.07595471288,0.1898862014,0.1526227883,0.1100923343,0.109208779,0.08918905706,0.2224741225,0.1339342404,0.2025262525,0.1602980415,0.168620208,0.1348773771,0.1502854834,0.1589895974,0.1494036754
388,0,0,0,0,0,0.1932532631,0.1374831124,0.07596394617,0.1898992526,0.1526620882,0.1099721779,0.1093566429,0.08924491641,0.222383486,0.1338335021,0.2024918987,0.1603146032,0.1686050012,0.1348491087,0.1503281812,0.1588753828,0.1492555502
388.5,0,0,0,0,0,0.1931709945,0.1375884634,0.07611146357,0.189770927,0.1525086996,0.1099526643,0.1092479257,0.08910123656,0.2222868861,0.1337186734,0.202321586,0.1603737199,0.1686749411,0.1347892259,0.1503399288,0.1588706551,0.1492471422
389,0,0,0,0,0,0.1932118088,0.1376273065,0.07601534835,0.1898554714,0.1523506066,0.109907472,0.1092125556,0.08915470475,0.2221876868,0.1336234255,0.2023168201,0.1603088173,0.1688904812,0.134679808,0.1502708928,0.15895997,0.1490286313
389.5,0,0,0,0,0,0.1932823508,0.1376087916,0.07599529393,0.1897325549,0.1521895859,0.1101293137,0.1091507904,0.08914084885,0.222166699,0.1336072628,0.202272182,0.1600468389,0.1689883609,0.1346362477,0.1500851747,0.1589111616,0.1488875601
390,0,0,0,0,0,0.1933630722,0.1374824658,0.07605267782,0.1897122339,0.1522888742,0.1101042462,0.1091380465,0.08906284438,0.2222282479,0.1335050972,0.2023164665,0.1601306992,0.1687748554,0.1346419773,0.1502569722,0.158817138,0.148793601
390.5,0,0,0,0,0,0.1933786077,0.1375174022,0.07625915748,0.1897952785,0.152261141,0.1100567801,0.1091609059,0.08910471195,0.2223074596,0.1334594862,0.202376093,0.160265221,0.1689004876,0.134839032,0.1502376916,0.1587712238,0.1487457118
391,0,0,0,0,0,0.1934697357,0.1374875704,0.0763473357,0.1898477428,0.1522126348,0.1100237257,0.1090811249,0.08919269294,0.2221737068,0.1333175771,0.2023352667,0.1602661638,0.1689241233,0.1348837255,0.1501578017,0.158859524,0.1486036594
391.5,0,0,0,0,0,0.1935448615,0.1374923371,0.07628163642,0.1898768758,0.1523366133,0.1101401638,0.1092214038,0.08919087764,0.2220836432,0.1333974893,0.2024145147,0.1603556535,0.1686292012,0.1348653683,0.1500363653,0.1590565121,0.1486639984
392,0,0,0,0,0,0.1934403015,0.1374895996,0.07612763584,0.1899191674,0.1522793974,0.1101909613,0.1091357984,0.08919580981,0.2220426473,0.1335183865,0.2024505845,0.1604491903,0.1683270465,0.135063999,0.1501936626,0.1590976687,0.1486790204
392.5,0,0,0,0,0,0.1934488939,0.137368569,0.07626281003,0.1897908096,0.1524845273,0.1102676205,0.1092696538,0.08924065113,0.2221128656,0.1334578782,0.2024466895,0.1604653639,0.1683572858,0.1349781249,0.1501099592,0.1591694258,0.1487701847
393,0,0,0,0,0,0.1935528567,0.1374310543,0.07625983841,0.1898082911,0.1523497302,0.1104140066,0.1093236633,0.08913611784,0.2220585521,0.1334130414,0.2023952076,0.1604802184,0.1686777684,0.1350110963,0.1499786512,0.1591192819,0.1489241618
393.5,0,0,0,0,0,0.193552676,0.1374788793,0.07608511024,0.1898897124,0.1522948423,0.1105321271,0.1091686645,0.08928252453,0.2219121044,0.1334104431,0.2023374737,0.1605740665,0.1687663841,0.1348462733,0.1500286669,0.1590044327,0.149013803
394,0,0,0,0,0,0.1936161528,0.1374449416,0.0760392503,0.189824465,0.1522916982,0.1106297084,0.1092114267,0.08916395545,0.2219369403,0.1334201766,0.2023675904,0.1606913252,0.168886486,0.1350077717,0.1501473136,0.159087757,0.1490861868
394.5,0,0,0,0,0,0.1934769631,0.1373458724,0.07596136643,0.1897864002,0.1523049262,0.1105951131,0.1092181242,0.08912205493,0.2221534534,0.1333370707,0.20237032,0.1605955339,0.1689496753,0.1351031474,0.1500228954,0.1590184699,0.1489939434
395,0,0,0,0,0,0.1935262914,0.1375083401,0.07593726998,0.1897048443,0.1521739681,0.1106333069,0.1094255701,0.08913998721,0.222061556,0.133503849,0.202322988,0.1606750915,0.1690276584,0.1351454838,0.1499715232,0.1589721118,0.1488255423
395.5,0,0,0,0,0,0.1933238913,0.1373598822,0.07607983238,0.189899351,0.1522154403,0.1104993083,0.1094211201,0.08916747457,0.2219663917,0.1337296301,0.2023620251,0.1605721253,0.1691274616,0.1349219152,0.150234895,0.1589072495,0.1489282873
396,0,0,0,0,0,0.1935058407,0.1372959247,0.07598980605,0.1898434808,0.1525064682,0.1104816025,0.1094619433,0.08924208075,0.2219315914,0.133613236,0.2021940137,0.1607158287,0.1691320799,0.1350100459,0.1502872955,0.1588250816,0.1489254464
396.5,0,0,0,0,0,0.1935750339,0.1373826422,0.07589850823,0.1899421768,0.1524566195,0.1104104413,0.1094497144,0.08925226315,0.2217565898,0.1337052225,0.2023076133,0.1605824778,0.1691602042,0.134915336,0.1503340219,0.1588307697,0.1490311949
397,0,0,0,0,0,0.1935860814,0.1374267542,0.0758999433,0.1900089071,0.1524070675,0.1105073995,0.1092878464,0.08918197137,0.221623192,0.1337309189,0.2024581136,0.1604644974,0.1691972932,0.1347548638,0.1503862793,0.1587871875,0.1488681819
397.5,0,0,0,0,0,0.1936287602,0.1374986252,0.0759810836,0.1899765193,0.1523682326,0.1104065412,0.1093193343,0.08948284474,0.2217696743,0.1339347104,0.2026249481,0.1604587112,0.1692656661,0.1346458051,0.1502529086,0.1588107185,0.149049474
398,0,0,0,0,0,0.1935067345,0.137377081,0.07581972923,0.1899261744,0.1523299043,0.1103095261,0.1091395709,0.08950929869,0.2218421202,0.1337464853,0.2025817632,0.1605704956,0.1693170904,0.1347059008,0.1501490307,0.1588361903,0.149223709
398.5,0,0,0,0,0,0.1934555871,0.1373357897,0.07585197729,0.1898231868,0.1522829715,0.1103019946,0.1092944617,0.08942595704,0.2217698596,0.1339305397,0.2025090015,0.1605169237,0.1692623019,0.1346327494,0.1503561431,0.1589275471,0.149103365
399,0,0,0,0,0,0.1933957314,0.1372575327,0.07580963448,0.1897861871,0.1521160872,0.1103465223,0.1092421047,0.08947404889,0.2216891547,0.133791795,0.2023352449,0.1604333858,0.1690019245,0.1346597885,0.1503562972,0.1591014313,0.1492607319
399.5,0,0,0,0,0,0.1933008411,0.137189344,0.07589185676,0.1899373373,0.152069197,0.1102480233,0.1095456924,0.08940583511,0.2216780047,0.1336293519,0.2023599783,0.1605572052,0.1689719763,0.1346180499,0.1504009992,0.1590502177,0.1492702399
400,0,0,0,0,0,0.1934003971,0.1371988439,0.07595367988,0.1898899696,0.1520404175,0.1102483972,0.1096428258,0.08950609278,0.2216532636,0.1335555157,0.2023400387,0.1605235864,0.1690410138,0.1346370718,0.150289378,0.159171848,0.1492505576
400.5,0,0,0,0,0,0.1935332613,0.1371676803,0.0760647631,0.1898636403,0.1521704756,0.1102705595,0.1097700108,0.08943807182,0.2214472641,0.1334840841,0.2023588565,0.1605745638,0.1690670454,0.1348620455,0.1504066713,0.1592677788,0.1492062529
401,0,0,0,0,0,0.1935775829,0.1371828193,0.07581966573,0.1897747196,0.1524278644,0.1103449997,0.1097694397,0.08948016684,0.221626597,0.1336488305,0.2023763869,0.1607350835,0.1689515279,0.1348828046,0.1504048199,0.1591764248,0.1493993308
401.5,0,0,0,0,0,0.1935616928,0.1372266316,0.07581059521,0.1897559935,0.1524898158,0.1103984569,0.1096464206,0.08943961309,0.2215296384,0.1336444314,0.2025121273,0.1605136852,0.1690843707,0.134639283,0.1504531452,0.1588371005,0.1492755886
402,0,0,0,0,0,0.1936584603,0.137446914,0.07582877292,0.1898582507,0.1525599232,0.110527661,0.10962305,0.08938647052,0.2215914619,0.1335710343,0.2022657101,0.1603611661,0.1689773971,0.1346605676,0.150423823,0.1590243856,0.149288258
402.5,0,0,0,0,0,0.193686103,0.1374545563,0.07604589724,0.1898837297,0.1526380436,0.1104564164,0.1097390762,0.08938333817,0.221512686,0.1334820995,0.2022278939,0.1603347164,0.1689185728,0.1348070026,0.1503520203,0.1589114833,0.1493706862
403,0,0,0,0,0,0.1936007548,0.1374471967,0.07611747959,0.1900296091,0.1526489927,0.1105120437,0.109731126,0.08940973624,0.2216176523,0.1336190607,0.2020679304,0.1603390879,0.1690741749,0.134841544,0.1502319078,0.1589373209,0.1493505457
403.5,0,0,0,0,0,0.1935069276,0.1374874207,0.07617626498,0.1900379607,0.1525564162,0.1103773722,0.1098798878,0.08952239032,0.2215765813,0.1336683914,0.2022801526,0.160307055,0.1689945983,0.1350657187,0.1503232334,0.1589917783,0.1491977822
404,0,0,0,0,0,0.193696416,0.137446541,0.07610154477,0.1900438002,0.1525894258,0.1103908571,0.1098504224,0.08945676238,0.2216577739,0.1337173275,0.2022732742,0.1604649606,0.1688654303,0.1350985106,0.150222672,0.1590782742,0.1492100562
404.5,0,0,0,0,0,0.1937678339,0.1375171975,0.07596557964,0.1901419541,0.1525206399,0.1104036447,0.1098679267,0.08950276287,0.2217356109,0.1336852289,0.202141686,0.1605300338,0.1689739439,0.1350087053,0.1503196954,0.1589862834,0.1491439404
405,0,0,0,0,0,0.1936935243,0.1375597727,0.07592981926,0.1901206874,0.1525558386,0.1106279629,0.1097725637,0.0894632233,0.221679419,0.1338974619,0.2020911663,0.1604963166,0.1690833589,0.134903332,0.150270232,0.1590285878,0.1490486093
405.5,0,0,0,0,0,0.1936286459,0.1373645263,0.07598584267,0.1900671467,0.1525572975,0.1106409423,0.1095467984,0.08947851386,0.22166784,0.1339666221,0.2018797,0.1604714125,0.1690335568,0.1347668616,0.1502342898,0.1591633479,0.1491219379
406,0,0,0,0,0,0.1936157446,0.1374381233,0.07594832327,0.1901072998,0.1524573476,0.110360419,0.1094912617,0.08947046974,0.2217377784,0.1339276041,0.2018558111,0.1605211505,0.1689559618,0.1347662305,0.1500987776,0.1591601934,0.1490771753
406.5,0,0,0,0,0,0.1936266818,0.1373829796,0.07598437227,0.1901203703,0.152358213,0.1102721469,0.1094355258,0.08940214294,0.2218093987,0.1337773953,0.2018508881,0.1606221937,0.1688102352,0.1348039596,0.1503855178,0.159132798,0.1489947565
407,0,0,0,0,0,0.1935686394,0.137444825,0.07608620229,0.1900127299,0.1521706314,0.1102156335,0.1093752326,0.08942001802,0.2217746846,0.1337312973,0.2019707894,0.1604876422,0.1687512354,0.1347994042,0.1501458458,0.1592339137,0.1490033432
407.5,0,0,0,0,0,0.1935089759,0.137530515,0.07607089909,0.1900668045,0.1521553359,0.1102769648,0.1094463158,0.0893202782,0.2217847257,0.1336409807,0.2020887819,0.1604790142,0.1687077272,0.1348291318,0.1501267172,0.1592330654,0.1489951897
408,0,0,0,0,0,0.1934481751,0.1376402898,0.07617197712,0.1900984605,0.1521170904,0.1104000861,0.109540722,0.08914761435,0.2218740408,0.1339092953,0.2021123551,0.1603131737,0.1688311561,0.1347896327,0.1501692722,0.159335172,0.1491509854
408.5,0,0,0,0,0,0.1934266129,0.1375623691,0.07610690343,0.1901947376,0.1523122379,0.1103503782,0.1094979579,0.08901713633,0.2218165441,0.1339610522,0.2021806489,0.1603971625,0.1688996011,0.1347963377,0.1500535452,0.1591872239,0.1491019502
409,0,0,0,0,0,0.1934395055,0.1375118475,0.07612980476,0.1901060432,0.1525089572,0.1103800221,0.1094932165,0.08906883964,0.2217348993,0.1338779271,0.202261306,0.16043651,0.1689538443,0.1350026369,0.1500688749,0.1590859349,0.1490416108
409.5,0,0,0,0,0,0.1934621627,0.1375890486,0.07593163622,0.1900098865,0.1525245805,0.1102471068,0.1094496139,0.08915447401,0.2217644623,0.1337469945,0.2022583072,0.1604884255,0.1687863381,0.1351192291,0.1500217385,0.1591882532,0.1490903306
410,0,0,0,0,0,0.1935028806,0.1375255204,0.07596409545,0.1898838901,0.1525977506,0.1102113485,0.1094910749,0.0891030247,0.2217437413,0.1335171548,0.2022754306,0.1602902373,0.1687573268,0.1349889083,0.1500353475,0.1591770447,0.149268571
410.5,0,0,0,0,0,0.1935279348,0.1372109614,0.07606430611,0.1899299411,0.1524842001,0.1103179461,0.1095564636,0.08901978805,0.2216851814,0.1336423843,0.2023277626,0.1601298099,0.1687199779,0.1349908073,0.1500982142,0.1591500134,0.1492927784
411,0,0,0,0,0,0.1935939215,0.1371958624,0.07607256926,0.189936331,0.1524166424,0.1101976761,0.109435971,0.08913754547,0.2216344582,0.1335873549,0.2022959251,0.1601529325,0.1688134785,0.1350124428,0.1501228738,0.1593636513,0.1495422532
411.5,0,0,0,0,0,0.1933978389,0.1372779307,0.07602333112,0.1897910603,0.1524631412,0.1102492953,0.1093463623,0.08920531318,0.22170483,0.1336409424,0.2022316151,0.1602567731,0.1689996724,0.1350485769,0.1501189746,0.1593929045,0.1495125321
412,0,0,0,0,0,0.1933217041,0.1371935212,0.07616980177,0.1898621543,0.152547328,0.1101912798,0.1092163647,0.089246482,0.22150992,0.1337846204,0.2021448573,0.1603804306,0.169034039,0.1350555646,0.1500523798,0.159309301,0.1495816713
412.5,0,0,0,0,0,0.1932885716,0.1372165372,0.07600893669,0.1899225998,0.1524849181,0.1103682059,0.1092134898,0.08930773249,0.2215886213,0.1335722064,0.2021512906,0.1603192588,0.1689998189,0.1350312586,0.1499985224,0.1593441566,0.149556917
413,0,0,0,0,0,0.1934218405,0.1371946842,0.07598916158,0.1899182672,0.1522946443,0.1105488823,0.1092380952,0.08928905184,0.2216213992,0.1334135753,0.2019432841,0.1602661124,0.169275317,0.1351069917,0.1500987074,0.1593311229,0.1495217686
413.5,0,0,0,0,0,0.1935289715,0.1374030275,0.07597813114,0.1899326941,0.15242595,0.1104336353,0.109266832,0.08932629401,0.2214543807,0.1335095596,0.2020024787,0.160325969,0.1692320654,0.1349389953,0.1499890879,0.1593221118,0.1495885477
414,0,0,0,0,0,0.193532753,0.1374881998,0.07608939052,0.1899428495,0.1524545239,0.1105277628,0.10914858,0.08932407837,0.2214555065,0.1333663608,0.2019268905,0.1602443517,0.169359653,0.1349612787,0.1500748267,0.1593692536,0.1496037007
414.5,0,0,0,0,0,0.1933873528,0.1372865754,0.07595225536,0.1898845439,0.1524978339,0.1105046702,0.1092242985,0.08919865567,0.2214428137,0.1334779307,0.201570236,0.1603250315,0.1692912018,0.1347175092,0.1501104396,0.1593309651,0.1497227021
415,0,0,0,0,0,0.1936371939,0.1372350988,0.0759504104,0.1899436061,0.1524383008,0.1104219551,0.1093840461,0.08909567601,0.2214634241,0.133634088,0.2014686606,0.1603181895,0.1693170644,0.1347926996,0.1498910418,0.1591483965,0.149774055
415.5,0,0,0,0,0,0.1936223379,0.137336077,0.07592198578,0.1900078389,0.1525305403,0.1102925978,0.1094192163,0.08906478423,0.2214617392,0.1333412019,0.2014626667,0.1602679186,0.1693188584,0.1347780705,0.1498130468,0.1592112177,0.1499363459
416,0,0,0,0,0,0.1934375168,0.1375548239,0.07616778934,0.1899837425,0.1525168914,0.1103198578,0.1094039936,0.08921439697,0.2214961616,0.1336216678,0.2016747739,0.1602264229,0.1691356217,0.1347617535,0.1500127216,0.1591901081,0.1500105511
416.5,0,0,0,0,0,0.1933656906,0.1374385577,0.07613199348,0.1901131407,0.1526202422,0.1103557949,0.1095547784,0.08922831109,0.221420622,0.1333498921,0.2016284492,0.1602808872,0.1692483387,0.1347796411,0.1500246363,0.1592405963,0.1499118029
417,0,0,0,0,0,0.1933266144,0.1373017714,0.07613876598,0.1901617882,0.15278466,0.1102459299,0.1093645497,0.08928290831,0.2215380653,0.1334565291,0.2016683934,0.1601706032,0.1692851929,0.1348999735,0.1500593934,0.1591637668,0.1501046834
417.5,0,0,0,0,0,0.1933144545,0.1374209225,0.07604272571,0.1902359967,0.1527630249,0.1102018292,0.1093119216,0.0892801837,0.2214685378,0.1336267017,0.2017605704,0.1603395689,0.169220239,0.1348086819,0.150026047,0.1592251467,0.1500423571
418,0,0,0,0,0,0.1934444299,0.1373954539,0.07599570468,0.1902293725,0.1526710738,0.1103808898,0.1095219537,0.08932249839,0.2214991284,0.1337852227,0.2017171225,0.1602281697,0.1691210061,0.1347368953,0.1500406375,0.1592674474,0.1503143436
418.5,0,0,0,0,0,0.1934785204,0.1374284179,0.07610532115,0.1901597791,0.1526014721,0.11022673,0.1095686907,0.08924438718,0.2215714513,0.1337422479,0.2017175678,0.1603278726,0.1691813404,0.1346137267,0.1501326635,0.1594213905,0.1500623594
419,0,0,0,0,0,0.1932460779,0.1374475092,0.07597989548,0.1901495812,0.1527241764,0.1101454023,0.1096724177,0.08929042441,0.2216162608,0.133709276,0.2015909727,0.1604238637,0.1690701282,0.1345957121,0.1502464553,0.1593877542,0.1500699709
419.5,0,0,0,0,0,0.1930089033,0.1374886004,0.07616077797,0.1901897532,0.1527087881,0.110235363,0.1094639906,0.08929967245,0.2216617545,0.1338085904,0.2017135479,0.1603156551,0.1691855557,0.1346543296,0.1502925124,0.1594533277,0.1501073341
420,0,0,0,0,0,0.1932390183,0.1376070782,0.0762264067,0.1900316439,0.1525673415,0.1102230321,0.1093782489,0.08921764094,0.2216689955,0.1337419446,0.2016986249,0.1601589508,0.1691912679,0.1345079005,0.1503740072,0.1593836823,0.1500672309
420.5,0,0,0,0,0,0.1933225113,0.1374700801,0.07605358648,0.1898919165,0.152471096,0.1103484515,0.109569925,0.08923743531,0.2217099373,0.1337130312,0.2017787543,0.1600220163,0.1691121774,0.1345805781,0.1503719357,0.1594605832,0.1502093248
421,0,0,0,0,0,0.1933386728,0.1374525902,0.07602641439,0.1900910722,0.1524751791,0.1101379437,0.1094916804,0.08920837559,0.2216250489,0.1338651981,0.2017999471,0.160062819,0.168958145,0.1346608221,0.1504099526,0.1595720634,0.1501827215
421.5,0,0,0,0,0,0.1934882204,0.137373038,0.076160508,0.1901149287,0.1523732236,0.1102554858,0.1093903007,0.08924359879,0.2216710943,0.1337489165,0.2017030135,0.1601687142,0.1689493813,0.1346758573,0.1502272226,0.1595531577,0.1500438155
422,0,0,0,0,0,0.1934817466,0.1374039414,0.07617813161,0.1899689731,0.1524124871,0.1103531863,0.1093481135,0.08927514715,0.2218053819,0.1336950795,0.2018077581,0.1603120004,0.1689063738,0.1345767767,0.150390967,0.1595187647,0.1500879411
422.5,0,0,0,0,0,0.193443563,0.1374007206,0.07615650222,0.1899041854,0.1524614009,0.1103951346,0.1091524942,0.08916777452,0.2219650104,0.133497736,0.2018537893,0.160551811,0.1691682556,0.1348280713,0.1502709558,0.1595613202,0.1500782952
423,0,0,0,0,0,0.1933755551,0.1373367746,0.07576236439,0.1900017976,0.152430677,0.1104236284,0.1092605414,0.08918593952,0.2220066369,0.1337162731,0.2019320851,0.1605670202,0.1690711184,0.1348588888,0.150146636,0.1595483553,0.1502421111
423.5,0,0,0,0,0,0.1933249748,0.1374631465,0.0758001837,0.1900404307,0.1523447026,0.1103772616,0.1091939072,0.08913151779,0.2219553989,0.1333727481,0.2020651086,0.160531911,0.1691217687,0.134900342,0.1500410966,0.1594840056,0.1502627599
424,0,0,0,0,0,0.193407313,0.1374133558,0.07592945297,0.1899878343,0.1523586969,0.110477039,0.1092962625,0.08912369439,0.2219089213,0.1333986015,0.2020904418,0.1605839033,0.1691019938,0.1348742818,0.1500128074,0.1592254351,0.1501335468
424.5,0,0,0,0,0,0.1932127092,0.1372126859,0.07599687103,0.1901462014,0.1524915163,0.1105857305,0.1092914167,0.08918623324,0.2218134418,0.1334510214,0.2020248813,0.1604404521,0.1690946789,0.1348649162,0.1502915252,0.159345571,0.1501168558
425,0,0,0,0,0,0.1931698531,0.1373757744,0.07622312028,0.1902321559,0.1525330395,0.1106492532,0.1092753291,0.08917950642,0.2217164694,0.1334445083,0.2019245734,0.1602626506,0.1691189096,0.1346956554,0.1504052239,0.1592794062,0.1499224552
425.5,0,0,0,0,0,0.1931187408,0.1373049429,0.07610143137,0.190171229,0.1526627821,0.1106653586,0.1092806009,0.08915064083,0.2217993226,0.1334474472,0.2018808372,0.1603402905,0.1691557044,0.1347715457,0.1503132037,0.1592859536,0.1497197634
426,0,0,0,0,0,0.1930966902,0.1373357432,0.07592829998,0.1900851455,0.1527098637,0.110362646,0.109372625,0.08913294777,0.22195962,0.1336392257,0.2016588294,0.1603922344,0.16899875,0.1347221196,0.1503306324,0.1593524876,0.1498664152
426.5,0,0,0,0,0,0.1931368849,0.1372986396,0.07615634009,0.1900716281,0.1524422276,0.1105049686,0.1093406212,0.0890874797,0.2218421417,0.1334503881,0.2018294747,0.160363249,0.1689665873,0.1345346978,0.1502888359,0.1594151931,0.1497856076
427,0,0,0,0,0,0.1932915704,0.1373116978,0.07618338048,0.1901990127,0.152588888,0.1105027008,0.109347171,0.08912559346,0.2220225281,0.133469861,0.2017590241,0.1604894859,0.1687890149,0.1343753987,0.1501256569,0.1593004433,0.1496882716
427.5,0,0,0,0,0,0.1932165742,0.1372316176,0.07606429387,0.1901984119,0.1526371462,0.1105122675,0.10947513,0.08920831009,0.2219314859,0.1337761739,0.2018210314,0.1604092261,0.1687975238,0.1343707489,0.150275685,0.1592403955,0.149726531
428,0,0,0,0,0,0.1930047354,0.1374223823,0.07597760287,0.1901847959,0.1528109492,0.1105471861,0.1094642199,0.08915808745,0.2218708466,0.1338493661,0.2018199468,0.1604501148,0.1688759016,0.1344052846,0.1502956714,0.1593083647,0.149786557
428.5,0,0,0,0,0,0.1930862599,0.1373860021,0.0759245447,0.190209039,0.1528455435,0.1104320076,0.1095739166,0.08923275928,0.2219234229,0.1336987938,0.2018283888,0.1604966398,0.1688527846,0.1345039419,0.1501613905,0.1594187336,0.1499458906
429,0,0,0,0,0,0.1932334288,0.1374365836,0.07585400795,0.190101642,0.1528180823,0.110531933,0.1095596059,0.08923002961,0.2218786204,0.133789152,0.2017298123,0.1604915516,0.1686892531,0.1345107154,0.1501303718,0.1592020748,0.1499446283
429.5,0,0,0,0,0,0.1932179823,0.1376260494,0.07591525709,0.1900991451,0.1528244681,0.1104585458,0.1094916187,0.08925283027,0.2218710952,0.1338083872,0.2015045574,0.1605465197,0.1687792226,0.1344630925,0.1500998103,0.1592728785,0.1500365843
430,0,0,0,0,0,0.193241027,0.137584057,0.07576272149,0.190231705,0.1528155086,0.1103154207,0.1094575004,0.08922664474,0.2219368189,0.1337329727,0.2014848079,0.1603626132,0.1688498319,0.1342428186,0.150199727,0.1592071428,0.1500812827
430.5,0,0,0,0,0,0.1932871239,0.1372941159,0.07585285061,0.1902169195,0.1527717338,0.1103015884,0.1093236307,0.08920383618,0.2219642956,0.1337470128,0.2015493146,0.1605092874,0.1691272004,0.1341859148,0.1503455156,0.1590819795,0.1500040014
431,0,0,0,0,0,0.1932753513,0.1373603711,0.07587668508,0.1903174419,0.1524884784,0.110244424,0.1091809188,0.0892405788,0.2217967789,0.1338463197,0.2015829253,0.1605301832,0.1690445138,0.1343998843,0.1503867816,0.1592716326,0.1499648703
431.5,0,0,0,0,0,0.1932631157,0.1373698908,0.0759701528,0.1902924826,0.1524941735,0.1103334708,0.1093500113,0.08922321157,0.2217572563,0.1337226373,0.2014760799,0.1605222446,0.16895472,0.1344785031,0.1504619707,0.1591424701,0.1497124817
432,0,0,0,0,0,0.1932004023,0.1375123704,0.07600315917,0.1902613405,0.1526093916,0.110415015,0.1094720655,0.08927438798,0.2217035692,0.1335715927,0.2015322986,0.1605230343,0.1689808817,0.1345839202,0.150558439,0.1589738663,0.1498266193
432.5,0,0,0,0,0,0.1930476661,0.1375705688,0.07580976591,0.1902351583,0.1523729627,0.1102968084,0.1096210945,0.08915463776,0.2216677638,0.1335365038,0.2017182687,0.1606510969,0.1688684751,0.134659078,0.1505492658,0.1590270512,0.1497557752
433,0,0,0,0,0,0.1932348788,0.137659926,0.07596346566,0.1902478371,0.1525024598,0.1102232624,0.1095391715,0.08920066497,0.2216651022,0.1337179896,0.2016064393,0.1605828272,0.1688361958,0.1345968559,0.1504863657,0.1590292396,0.1496015196
433.5,0,0,0,0,0,0.1934330117,0.1376228155,0.07583821821,0.1900243628,0.1526572754,0.1102289633,0.1093569572,0.08933767926,0.221717444,0.133756287,0.2016347878,0.1603356482,0.1688131594,0.1343190589,0.1503520649,0.1590176116,0.149574984
434,0,0,0,0,0,0.1934699341,0.1374483479,0.0756685478,0.1899542931,0.152547339,0.1103484164,0.1094132122,0.08940129528,0.2217232959,0.1338238564,0.2015576243,0.1603901584,0.1689984757,0.1344971803,0.1503921738,0.1590423474,0.1494911499
434.5,0,0,0,0,0,0.1934092404,0.1373621677,0.07579477541,0.1900196209,0.1526524824,0.1105184269,0.1093252295,0.08937927673,0.2219746705,0.1338830592,0.2014713578,0.1603406428,0.16911352,0.1346123611,0.1505482321,0.1589939447,0.1495051919
435,0,0,0,0,0,0.1932558736,0.1373207822,0.07576021958,0.189967971,0.1525414501,0.1105811353,0.1094482657,0.08939389395,0.2219241325,0.133794405,0.2014643828,0.1602828701,0.1688829632,0.1346724574,0.1505028297,0.1591472844,0.1492890189
435.5,0,0,0,0,0,0.1931076205,0.1371307228,0.07572047732,0.1900776635,0.1524907934,0.1105089919,0.1096654074,0.08934095914,0.2219573543,0.1337948897,0.2014697071,0.1604094333,0.1688920587,0.1346705531,0.1507058112,0.1591845753,0.1492367992
436,0,0,0,0,0,0.1932328749,0.1372662916,0.07587804875,0.1900067007,0.1524530641,0.1106603968,0.1095144129,0.08925793248,0.2217885125,0.1338502936,0.2015739322,0.160492955,0.1688641631,0.1348174784,0.1506961169,0.1593069829,0.1491729297
436.5,0,0,0,0,0,0.1931866974,0.1372727146,0.07588548865,0.1900642433,0.1524531273,0.1105892945,0.1092793737,0.08926332552,0.2219138921,0.1340471465,0.2015563015,0.1603111653,0.1688475964,0.1348671247,0.1505550184,0.159166622,0.1490874704
437,0,0,0,0,0,0.193096041,0.1372651351,0.07574079185,0.190115864,0.1525892956,0.1107248139,0.1094120511,0.08903298049,0.2218024372,0.1339599286,0.2015351403,0.1604792418,0.1687140324,0.1346954574,0.1505251056,0.1589635293,0.1488370879
437.5,0,0,0,0,0,0.19314858,0.1374370897,0.07578115703,0.1903241541,0.1526542303,0.1108003663,0.1096012721,0.0890095266,0.2218419647,0.133954827,0.2014182627,0.1604468746,0.1688580253,0.1348638,0.1505113203,0.1590409451,0.1490621464
438,0,0,0,0,0,0.1931695475,0.1374348774,0.07593064176,0.1902434286,0.1527242239,0.1107368391,0.1094190007,0.08922966034,0.2217873324,0.1338903426,0.2014462602,0.1603686973,0.1688487324,0.1345608194,0.1505486178,0.1589895877,0.1491843352
438.5,0,0,0,0,0,0.1932792098,0.1373203014,0.07606525659,0.1901239265,0.1524959431,0.1106185029,0.1094144739,0.08915078338,0.2218006117,0.134062732,0.2013814345,0.1603255151,0.1688716381,0.1346593112,0.1505106799,0.159017455,0.1490970709
439,0,0,0,0,0,0.1932999402,0.1374297849,0.07583121307,0.1900544995,0.1522831215,0.1105837956,0.1093416857,0.08919825717,0.2218149369,0.1340115101,0.2012647546,0.1603888703,0.1688568074,0.1344074123,0.1503740028,0.1589229819,0.1491821508
439.5,0,0,0,0,0,0.19323338,0.1375410614,0.0760545747,0.1901228329,0.1521750499,0.1105737268,0.1094759065,0.08930984703,0.2216958695,0.1340719733,0.2012473149,0.1604374573,0.1689550645,0.1343331654,0.1504484485,0.1589736123,0.1492134392
440,0,0,0,0,0,0.1932696348,0.1374964809,0.0760184224,0.1900369809,0.1523971483,0.110517214,0.109495683,0.08924217336,0.2216936698,0.134185514,0.2012240419,0.1605631182,0.1687697976,0.1345190284,0.1504181105,0.159121582,0.1493953382
440.5,0,0,0,0,0,0.1932081234,0.1373941666,0.07605954661,0.1899387624,0.1523911289,0.1103330706,0.1096783093,0.0891963215,0.221699268,0.1340113412,0.2012449044,0.1604969611,0.1688510344,0.1345581974,0.1504568957,0.1591713595,0.1494565697
441,0,0,0,0,0,0.1931559447,0.137327083,0.07605648152,0.18992574,0.1524716551,0.1101870712,0.1096824238,0.08915282035,0.2216908793,0.1339942237,0.2012723567,0.1602319806,0.1687002525,0.134438568,0.1505310881,0.1592193506,0.1492682774
441.5,0,0,0,0,0,0.1931159121,0.1371796297,0.07589834365,0.1898906355,0.1522094852,0.1103763713,0.1097628458,0.08916889718,0.2215511482,0.133838698,0.2013448645,0.1602029883,0.1687032763,0.1345371172,0.1504914929,0.1592205019,0.1493191786
442,0,0,0,0,0,0.1931479131,0.1372548338,0.07592658557,0.1899364827,0.1522813186,0.1103499915,0.1096548807,0.08921856273,0.2215819528,0.1337463809,0.2012550655,0.1603433728,0.1686428929,0.1346422204,0.1504346799,0.1592448475,0.1494130711
442.5,0,0,0,0,0,0.1932242815,0.1373665158,0.07591402035,0.1898253504,0.1523601033,0.1103134397,0.109659865,0.08927832918,0.2215283281,0.1335761778,0.2012509585,0.1601947348,0.1688066992,0.1348338182,0.1503985602,0.1592301825,0.1493241783
443,0,0,0,0,0,0.1933812362,0.1373698407,0.07592783816,0.1897744954,0.1523352691,0.1104808698,0.1094810609,0.08925845796,0.2216148458,0.133720542,0.2011651321,0.1602247838,0.1689574512,0.1347978212,0.1503998442,0.1591746284,0.1492705686
443.5,0,0,0,0,0,0.1933919365,0.1373117972,0.07597439312,0.1897776269,0.152401211,0.1105073832,0.1094207297,0.08936141604,0.2218619478,0.1337511008,0.2011720472,0.1602784972,0.1688506203,0.1347503526,0.1504427416,0.1592112256,0.1491739846
444,0,0,0,0,0,0.1934077179,0.1372226736,0.07585668389,0.1897125172,0.1524275708,0.1104432195,0.1093931614,0.08920960232,0.2219226609,0.1337873978,0.2012122726,0.1602787544,0.1689216909,0.1348517493,0.1506108467,0.159229288,0.1493016455
444.5,0,0,0,0,0,0.1933309588,0.1375218189,0.07578572172,0.1896982745,0.1524440655,0.1104857168,0.1094378305,0.08923718423,0.2218805041,0.1337594298,0.2013295717,0.1604184274,0.1689982045,0.1349087152,0.1505516048,0.1591568681,0.1490703123
445,0,0,0,0,0,0.1932909594,0.1375849516,0.07594929577,0.18982671,0.1525223809,0.1103923556,0.10961801,0.08932937733,0.2217994463,0.1337210007,0.2013004227,0.1605373934,0.1689953317,0.1349492548,0.150394447,0.1591719531,0.1490129932
445.5,0,0,0,0,0,0.193352609,0.1375418851,0.07585235947,0.190081054,0.1525692034,0.1102065879,0.1096541343,0.08929108349,0.2218974474,0.1336408043,0.2013077782,0.1604343879,0.1688965868,0.134876653,0.1503018146,0.159242424,0.1491750935
446,0,0,0,0,0,0.1933261364,0.137525999,0.07584648546,0.1900412663,0.1526003561,0.1103466105,0.1095488291,0.08925135735,0.2219762715,0.1337034504,0.2011334388,0.1603909479,0.1690976906,0.1347908071,0.1502611338,0.1591568113,0.1493252179
446.5,0,0,0,0,0,0.193335103,0.137399528,0.07585469793,0.1901124292,0.1522625038,0.1102600219,0.1094427712,0.08927654361,0.2219826688,0.1338222277,0.2010461492,0.1605231119,0.1690302853,0.1347809407,0.1503514573,0.1590336027,0.1494451206
447,0,0,0,0,0,0.1933046942,0.1374498819,0.07580590296,0.1899522342,0.1522395095,0.110384257,0.109468635,0.08942492924,0.2220533295,0.1337346808,0.2009219034,0.1606474475,0.1690914162,0.134834612,0.1505015481,0.1590679999,0.1493424689
447.5,0,0,0,0,0,0.193219547,0.1373983306,0.07600413106,0.189969329,0.1522616454,0.1104309273,0.109346305,0.08943955012,0.2221270705,0.1337129305,0.2008891565,0.1603140351,0.1689340198,0.1347592867,0.1505491497,0.1590075293,0.1496376918
448,0,0,0,0,0,0.1931211542,0.1373664899,0.07576620605,0.1900971022,0.152455876,0.1102797868,0.1094687973,0.08942725991,0.2221326451,0.1337464312,0.2009895783,0.160299642,0.1688583513,0.1347899799,0.1505134158,0.1589800613,0.1497949204
448.5,0,0,0,0,0,0.1932337717,0.1374056976,0.07586196016,0.1900309716,0.1525688223,0.1104601148,0.1094400642,0.08941705926,0.2222366269,0.1338655887,0.2010778669,0.1603064503,0.1688833371,0.1348307692,0.1504448673,0.1589452324,0.1498049111
449,0,0,0,0,0,0.1933332831,0.1372419374,0.07578472865,0.1899174215,0.1524929685,0.1102146214,0.1093602076,0.08928817719,0.2221120561,0.1336606728,0.2010116584,0.1603714474,0.1688566959,0.1351288172,0.1505832758,0.1588045323,0.1495667947
449.5,0,0,0,0,0,0.1933374794,0.1373379186,0.07582908088,0.1898930948,0.1525949489,0.110263551,0.1094828156,0.08924609143,0.2220648514,0.1336841607,0.2011022759,0.160539719,0.1689998589,0.1349827974,0.150655701,0.1590018072,0.1494545123
450,0,0,0,0,0,0.1932657218,0.1372974805,0.07564538037,0.1899556813,0.1526616482,0.1103602714,0.1094276024,0.08947419609,0.2221031358,0.1337673297,0.2011412991,0.1605781035,0.169133548,0.1349479015,0.1506601784,0.1591824536,0.1495165495
450.5,0,0,0,0,0,0.1932125391,0.1373865323,0.07601946188,0.1898587656,0.1526534341,0.110389092,0.1094652844,0.08944304782,0.2221493534,0.1337040845,0.2010302584,0.1604233742,0.1691704984,0.1349874044,0.1504918076,0.1592323488,0.1494531997
451,0,0,0,0,0,0.1931228937,0.1374190711,0.07617894092,0.1898058672,0.1526966791,0.1103625013,0.1094425489,0.08946214162,0.2219268889,0.1336843392,0.2011909484,0.1601659276,0.1690899958,0.1350581859,0.1505630856,0.1592374743,0.1494285252
451.5,0,0,0,0,0,0.193160161,0.1374492175,0.07606096991,0.189736719,0.1524244334,0.1103303172,0.109363702,0.0894104122,0.2219128777,0.1337143225,0.2012492097,0.1603688231,0.1692097718,0.1347384754,0.1505845549,0.1593635378,0.1493221045
452,0,0,0,0,0,0.1931656008,0.1373485453,0.07600912502,0.189731653,0.1523046255,0.1104194636,0.1093873536,0.08951690878,0.2220285091,0.1336381908,0.2013584842,0.1604411145,0.16908279,0.1347579427,0.1503248867,0.1593149267,0.1493621982
452.5,0,0,0,0,0,0.1930777491,0.1373166848,0.07610849707,0.1899191542,0.1523991431,0.1104377489,0.1095058211,0.08948335536,0.2220269296,0.1334908259,0.2014713131,0.160313863,0.1691260346,0.1347512263,0.1504895192,0.1593610231,0.1490615906
453,0,0,0,0,0,0.1932073725,0.1375416408,0.07606663693,0.1900742923,0.1524187971,0.1105006563,0.1095509073,0.0894487705,0.2220907272,0.1333400956,0.2014988306,0.1601644372,0.1691113929,0.1346940337,0.1504010432,0.1592829129,0.1493921146
453.5,0,0,0,0,0,0.1933926048,0.1374146153,0.07587931105,0.1900370075,0.1525714973,0.1105107747,0.1096063187,0.08946276637,0.2221170643,0.1332643858,0.2016225937,0.1602396683,0.1691791817,0.1345783272,0.1502365586,0.1593110045,0.1492039463
454,0,0,0,0,0,0.1935544407,0.1373836779,0.07584554688,0.1900567183,0.152421867,0.1105889444,0.1096524368,0.0895295628,0.2219934198,0.1332178673,0.2014679705,0.1602271986,0.1690754555,0.1345090454,0.1502399136,0.1593676556,0.1492085778
454.5,0,0,0,0,0,0.1934428454,0.1373165394,0.07595347452,0.190244638,0.1523213502,0.1105487491,0.1097249412,0.08937630582,0.2220820728,0.1334869397,0.2014389074,0.1603123951,0.1690390705,0.1345660307,0.1502389191,0.1595381005,0.1494066015
455,0,0,0,0,0,0.193425922,0.1373089532,0.07578218544,0.1901285714,0.1525201641,0.1104892462,0.1095776262,0.08943192621,0.2221092834,0.1334734537,0.2014644743,0.1602421031,0.1689495048,0.134495926,0.1502104416,0.1591943048,0.1494683785
455.5,0,0,0,0,0,0.1934020992,0.1374188826,0.07587799371,0.1901022241,0.1524569962,0.1105177245,0.1095741952,0.08938737022,0.2222434528,0.1335023263,0.2014989191,0.1603169379,0.1689900038,0.1343138935,0.1500929963,0.1593147783,0.1493341981
456,0,0,0,0,0,0.1932892486,0.1373710442,0.07575453075,0.1901394176,0.1524817379,0.1103660688,0.1094618711,0.08952255041,0.2222167543,0.133638525,0.2012881507,0.1603783675,0.1690200678,0.1343474144,0.1503212317,0.1594048059,0.1494425746
456.5,0,0,0,0,0,0.1933818357,0.1374643147,0.07568671809,0.1901378559,0.1524721988,0.1105626076,0.1096798496,0.08953067299,0.2222428385,0.1338439209,0.2014011076,0.1601534942,0.1691618157,0.1342979053,0.1505126719,0.159301183,0.1493486015
457,0,0,0,0,0,0.193237702,0.1375498792,0.07596879033,0.1899645564,0.152492418,0.1104846214,0.1095809589,0.08956196786,0.222156581,0.1337668979,0.2013849202,0.1600451201,0.1691313277,0.1345517805,0.1505289109,0.1594695686,0.1492755927
457.5,0,0,0,0,0,0.1931775144,0.1374933094,0.07612739409,0.1899065039,0.1526536646,0.110164699,0.1094983279,0.08945842645,0.2220451576,0.1336639722,0.2013778746,0.1601559842,0.1692825667,0.134699929,0.1504906865,0.1593889569,0.1491674465
458,0,0,0,0,0,0.1932267007,0.1373777249,0.07617432913,0.1899096252,0.1524677944,0.1103955213,0.1096759607,0.089322732,0.2219091615,0.1335219356,0.2013377976,0.1601653925,0.1693262936,0.1346061618,0.1505425776,0.1593145869,0.1492241279
458.5,0,0,0,0,0,0.1934038291,0.1374160396,0.07614254253,0.1899805865,0.1523185875,0.1103528171,0.1094737172,0.08929324147,0.2219846266,0.1334364115,0.2014143217,0.1602158694,0.1694216602,0.1345965719,0.1506162615,0.1590747419,0.1492381115
459,0,0,0,0,0,0.1932853906,0.13753103,0.07596773664,0.190065151,0.1523625346,0.1101785792,0.1094737757,0.08920707938,0.2221908461,0.133664267,0.2014130535,0.1600917704,0.1693823151,0.1346000363,0.1505950093,0.159222539,0.1490544079
459.5,0,0,0,0,0,0.1931820529,0.1375318996,0.07599216726,0.1900742338,0.1524091845,0.1100845265,0.1094128607,0.08921748326,0.2221972682,0.1336356896,0.2013528785,0.1602436765,0.1694652237,0.134563834,0.1506140714,0.1590285072,0.1491904255
460,0,0,0,0,0,0.1932313161,0.1373197536,0.07597321178,0.1901519637,0.1524873086,0.1099204236,0.109437304,0.08916518377,0.2221882252,0.1337884685,0.2013526363,0.1601218779,0.1693012249,0.1343065799,0.1507156656,0.1589432899,0.1491812602
460.5,0,0,0,0,0,0.1931761232,0.137275033,0.07588331313,0.1899405009,0.1524025642,0.1100440303,0.1095930781,0.0890995324,0.2222145749,0.1339984493,0.2013455126,0.1601098183,0.1692772179,0.1343465591,0.150639199,0.1588577419,0.1493017388
461,0,0,0,0,0,0.1932531867,0.137245004,0.07580842678,0.1899763154,0.1523307063,0.1101865454,0.1094428156,0.08920118375,0.2222425755,0.134181126,0.2015061235,0.160069694,0.1692344543,0.1342758351,0.1504736873,0.1588443799,0.149219603
461.5,0,0,0,0,0,0.1933088924,0.137258778,0.07575192457,0.1899736264,0.1522322089,0.1101708652,0.1094790884,0.08927789247,0.222019456,0.1341072219,0.2013995155,0.1602377134,0.169240711,0.1344260588,0.1504242395,0.1589367845,0.1493581316
462,0,0,0,0,0,0.1932605293,0.137072217,0.07594464633,0.1901285097,0.1522211113,0.1101138905,0.109229038,0.08926845504,0.2220263808,0.1339688463,0.2015657515,0.1604025162,0.1692975106,0.1344960155,0.1505315402,0.1589437115,0.1493850109
462.5,0,0,0,0,0,0.1932964038,0.1372065124,0.07602362784,0.190162379,0.1521384023,0.1101524523,0.1091571897,0.08926346039,0.2219783717,0.1338151997,0.2016089139,0.1603175284,0.1693453833,0.134578432,0.150445748,0.1590552386,0.1493994467
463,0,0,0,0,0,0.1931978394,0.1370350384,0.07603381371,0.1901727122,0.1522262053,0.1102408653,0.1092536919,0.08924303258,0.2218722659,0.133659936,0.201765363,0.1602191089,0.1692007839,0.1346392172,0.1504224242,0.1590701021,0.1494512805
463.5,0,0,0,0,0,0.193307441,0.1369779091,0.07611740247,0.1902730175,0.1524163751,0.1102909215,0.1092448371,0.08924732926,0.2219112907,0.1336089629,0.2017877045,0.1603678499,0.1692724203,0.1344604196,0.1505008327,0.1591381242,0.1493817737
464,0,0,0,0,0,0.1933620509,0.1370358696,0.07606242672,0.1902743219,0.1523635797,0.1101608916,0.1093308205,0.0892383945,0.2219001655,0.1336456956,0.2019840122,0.1604738893,0.1691795924,0.1346113996,0.1502743569,0.159107381,0.1493849171
464.5,0,0,0,0,0,0.1933574924,0.1371980046,0.07608070639,0.1902540167,0.1524774301,0.1102061784,0.1093124748,0.08914067301,0.2218258497,0.1338152944,0.2020153832,0.160428393,0.1692784298,0.1345565912,0.1502819924,0.158990769,0.1494855601
465,0,0,0,0,0,0.1934287161,0.1372032008,0.07600235647,0.1903198029,0.152640542,0.1102010798,0.1094028291,0.08907571951,0.2217931795,0.133859935,0.2018976389,0.160420305,0.1692437517,0.1344745833,0.150237621,0.1588391795,0.1495676371
465.5,0,0,0,0,0,0.1933321473,0.1371620795,0.07600807522,0.1903385274,0.1525462791,0.1102397843,0.109438074,0.08913093863,0.2217270004,0.133652674,0.2018923579,0.1604751822,0.1689970576,0.1344658021,0.150168042,0.158819565,0.1493480613
466,0,0,0,0,0,0.1932714145,0.1372622069,0.07611494888,0.1903189032,0.1525068021,0.1102558359,0.109515866,0.08907667321,0.2218558307,0.1338650737,0.2018628779,0.1602892493,0.1691188303,0.1344378912,0.1501802926,0.1588598954,0.149335447
466.5,0,0,0,0,0,0.1932454947,0.1372159367,0.07600121934,0.1903917421,0.1524491851,0.1103314707,0.1093581339,0.08908723661,0.2219211254,0.1338585897,0.2020502772,0.1604053134,0.1690428064,0.1344160149,0.1499687159,0.1589134035,0.1492825448
467,0,0,0,0,0,0.1932238488,0.137360418,0.07593881301,0.1905379107,0.1523963772,0.1103915444,0.1093960921,0.08905667495,0.2219073112,0.1337986258,0.2020001374,0.1601534038,0.1690179589,0.1344939793,0.1499715835,0.1589610353,0.1494547728
467.5,0,0,0,0,0,0.1932731051,0.1373869167,0.07586995054,0.1905469226,0.1523839293,0.1102427737,0.1093586744,0.08924346988,0.2219582871,0.1336460485,0.2020761847,0.1602877212,0.1690120149,0.1343024651,0.1500165611,0.158996103,0.1495357582
468,0,0,0,0,0,0.1933345575,0.1373842497,0.07581978608,0.1904400041,0.1524499168,0.1101123049,0.1092791241,0.0891791166,0.2218704337,0.1335747186,0.201903078,0.1601018576,0.1690395644,0.1343447532,0.1499587429,0.159080123,0.1495433712
468.5,0,0,0,0,0,0.193365176,0.1372139258,0.07585010242,0.190314562,0.1523958233,0.1101959303,0.1093153805,0.08902971654,0.2218471823,0.1338136503,0.2017678966,0.1601744707,0.1688937766,0.13444051,0.1501869874,0.1589795279,0.1495260289
469,0,0,0,0,0,0.1933856971,0.1374167655,0.07604388025,0.1902177206,0.1523892027,0.1103391199,0.1093428361,0.08915324171,0.2218139879,0.1337435371,0.2019048872,0.1602251612,0.1689395968,0.1343629027,0.1501661347,0.1587736271,0.1494521036
469.5,0,0,0,0,0,0.1935181097,0.1372738368,0.07614204524,0.1901524358,0.1522423712,0.1103631423,0.109249511,0.08915175562,0.2216609027,0.1336320455,0.2019327177,0.1602471759,0.1689492275,0.1346643496,0.1501504152,0.158749795,0.1494184967
470,0,0,0,0,0,0.1935600936,0.1372683771,0.07607082626,0.1903981108,0.1524696138,0.1104690667,0.1090533247,0.08917911674,0.2217030246,0.1333333596,0.2018956576,0.1603272373,0.1690394463,0.1347058489,0.1499543713,0.1588402269,0.1491591366
470.5,0,0,0,0,0,0.1935966619,0.1373250735,0.07601989581,0.1903214002,0.1523360455,0.110475983,0.1090326194,0.08924085627,0.2216645771,0.1335129151,0.2019082595,0.1603319733,0.1691472704,0.1347243184,0.1499692545,0.1588744474,0.149221966
471,0,0,0,0,0,0.1936138352,0.1373557338,0.07602019035,0.1902517906,0.1522726869,0.1102743779,0.1090880846,0.08921341334,0.2217022383,0.1335731119,0.2018795666,0.160383878,0.169047119,0.1347641551,0.1499271986,0.1587885692,0.1493029973
471.5,0,0,0,0,0,0.1935991307,0.137458045,0.0759261158,0.190102919,0.1525116159,0.1102376596,0.1090814386,0.08922942277,0.2216708781,0.1334745627,0.2019523555,0.1603580776,0.1689281497,0.1347753798,0.150059485,0.158790351,0.1492963471
472,0,0,0,0,0,0.1934897239,0.1375212813,0.07589773277,0.1900645412,0.1526353088,0.110163491,0.1090918203,0.08912444255,0.2217270219,0.1334877029,0.2019789868,0.160429931,0.1687652486,0.1346956235,0.1500976603,0.1587822141,0.1494006353
472.5,0,0,0,0,0,0.193398667,0.137541272,0.07576186397,0.1899535038,0.1523387325,0.1105751327,0.109110553,0.08926429725,0.2217611177,0.1335830861,0.2019143227,0.1606982235,0.1688040545,0.1348756722,0.1501978801,0.1588931591,0.149689808
473,0,0,0,0,0,0.1933798478,0.1376767354,0.07581744582,0.1899674046,0.1522340279,0.1105890145,0.1092841284,0.08929126565,0.221692961,0.1336984895,0.2020474476,0.16065789,0.1687785527,0.1348274581,0.1502600072,0.1589761972,0.1498511328
473.5,0,0,0,0,0,0.193185157,0.13749087,0.07599191982,0.1899548545,0.152485386,0.1106852715,0.1092822585,0.08915621293,0.2216433444,0.133669212,0.2019474449,0.1606075001,0.1688774245,0.1349237961,0.1501396615,0.158935965,0.1497418533
474,0,0,0,0,0,0.1933284329,0.1374087411,0.07576962752,0.1899829437,0.1523948941,0.1105951006,0.1094498391,0.08933449421,0.2217475687,0.1336422722,0.201953237,0.1605729043,0.1689915079,0.1348713009,0.1501383237,0.158825961,0.149797727
474.5,0,0,0,0,0,0.1932995135,0.1374630621,0.07583335029,0.1899198569,0.1524882507,0.1105521745,0.109295037,0.08935528427,0.2216906745,0.1337420486,0.2020088027,0.1606332141,0.1692024949,0.1349192799,0.1501798689,0.1589621955,0.1499260105
475,0,0,0,0,0,0.1932191912,0.1373295049,0.07589375364,0.1900644454,0.152328829,0.1105783889,0.1093487044,0.08945167873,0.2216813039,0.1337974171,0.2019678267,0.1607962573,0.1693039477,0.1350257979,0.1501276324,0.1591085604,0.1497741257
475.5,0,0,0,0,0,0.1932551735,0.1373902259,0.07583048576,0.1899583592,0.1524699705,0.1104963559,0.1092184647,0.08948816457,0.2218257134,0.1340067725,0.2022398126,0.1608929721,0.1692246468,0.1350970909,0.1502342443,0.1590362393,0.1498547312
476,0,0,0,0,0,0.1932955815,0.1374116368,0.07578806516,0.1901174793,0.1525093232,0.1104640825,0.1092844108,0.0893278674,0.2217019817,0.1340635201,0.2021512859,0.1608761686,0.1690618972,0.1349288455,0.1501706886,0.1589335613,0.1498767201
476.5,0,0,0,0,0,0.1932133693,0.1373293081,0.07595039715,0.1901125054,0.1523977238,0.110504004,0.1095451175,0.0891666066,0.221795967,0.1336632187,0.20226899,0.1607963336,0.1690775559,0.1349612915,0.1500826691,0.1588651354,0.1497469766
477,0,0,0,0,0,0.1933685053,0.137486386,0.07603460703,0.1900245555,0.15231368,0.1105143196,0.1094318203,0.08912407157,0.221833966,0.1337157098,0.2022547103,0.160639775,0.1691948088,0.1347469809,0.1502008737,0.1589133637,0.1495978005
477.5,0,0,0,0,0,0.1933424193,0.137513978,0.0760181401,0.1900486206,0.1524466811,0.1105397707,0.1094381691,0.08918565237,0.221750718,0.1335260189,0.2022209043,0.1605683479,0.1691351926,0.1345736406,0.1502273504,0.1588502761,0.1496636638
478,0,0,0,0,0,0.1933934821,0.137609504,0.07596384859,0.1900631861,0.1524893941,0.1105746206,0.1094474826,0.08931842474,0.2215840944,0.1335045965,0.2021494056,0.1605945657,0.1690626429,0.1345394034,0.1502217837,0.1589357482,0.1495938209
478.5,0,0,0,0,0,0.1932576048,0.1376278126,0.0760593633,0.1899128081,0.1524399611,0.1106762522,0.1093461256,0.08938995323,0.2215643094,0.1335631398,0.2021936919,0.1605580672,0.1691001881,0.1346722701,0.1501673886,0.1589328579,0.1496010259
479,0,0,0,0,0,0.1933199104,0.1375147707,0.07600533279,0.1899848008,0.1525414367,0.1105754818,0.1092185693,0.08927209122,0.221589352,0.1336528394,0.2021725779,0.1605264381,0.1688834696,0.1347275683,0.150152563,0.1590691229,0.1496770298
479.5,0,0,0,0,0,0.1932786632,0.1374115414,0.07619210522,0.1899676385,0.1523606526,0.1104368498,0.1092520728,0.0891610805,0.221579677,0.1337844058,0.2021530904,0.1604511698,0.168801504,0.1347928483,0.1501032863,0.1590645864,0.1497975829
480,0,0,0,0,0,0.1934035573,0.1374052041,0.07610917024,0.1898195342,0.1523504645,0.110425732,0.1092305449,0.08918477705,0.2217631977,0.1338128442,0.2021463937,0.1604382601,0.1690638674,0.134798287,0.1501013729,0.1589938321,0.1497444224
480.5,0,0,0,0,0,0.1934977436,0.1371768284,0.07592920248,0.1897376373,0.1524568174,0.1102924771,0.1093087017,0.08927690676,0.2217091643,0.1337710376,0.2021837358,0.1605161207,0.1688017233,0.134825005,0.1500653782,0.1590738613,0.1497811683
481,0,0,0,0,0,0.1932528415,0.1372865182,0.07601619338,0.1896897187,0.1527247666,0.1103197342,0.1092505989,0.08913628959,0.2216485327,0.1338093955,0.2021144145,0.1605710394,0.1688335701,0.1347210876,0.1502707514,0.1591151039,0.1496399499
481.5,0,0,0,0,0,0.1931154262,0.1372851825,0.07582257574,0.1898170948,0.1526140424,0.1102933378,0.109331345,0.08926615514,0.2216044135,0.1337313251,0.2021196208,0.1606703769,0.1689212712,0.1347943055,0.1502013789,0.1591531445,0.149422728
482,0,0,0,0,0,0.1932816161,0.1372370786,0.07604141165,0.1897717825,0.1525686973,0.1102664976,0.1094768561,0.08929587317,0.2215128367,0.1338415336,0.2020085313,0.160585066,0.1687080212,0.1347679254,0.1501960786,0.1590647303,0.1494547478
482.5,0,0,0,0,0,0.1932819738,0.1371093448,0.07578588976,0.1898677018,0.1525096883,0.1103261127,0.1094335195,0.08933735447,0.2213229575,0.1338196566,0.2020070282,0.1605409754,0.1686190524,0.1347169295,0.1500263725,0.1593720329,0.1496414068
483,0,0,0,0,0,0.193350457,0.1370999814,0.07549527761,0.1898731443,0.1523250354,0.1104786772,0.1094143894,0.08918589831,0.2214751856,0.1337387471,0.2020795946,0.1605459558,0.168575226,0.1348206116,0.1500519712,0.1592699734,0.1497139777
483.5,0,0,0,0,0,0.1933774358,0.1372171082,0.07550187013,0.1900224937,0.152456353,0.1104118083,0.1093502583,0.08921881388,0.2214769032,0.133685785,0.2022142261,0.1603686592,0.1686502211,0.134800515,0.1501349013,0.1592171388,0.1495924808
484,0,0,0,0,0,0.1932751328,0.1371909518,0.07566107838,0.1900109183,0.1524278869,0.1105245125,0.1095168222,0.08920574024,0.2214943079,0.1338849276,0.2021695108,0.160354146,0.1686456625,0.1346865774,0.1502571373,0.1593066255,0.1496394376
484.5,0,0,0,0,0,0.1933865703,0.1371688741,0.07582364771,0.1900983293,0.1524310468,0.110647928,0.1095032983,0.08923296994,0.2214978239,0.1335253675,0.2021021126,0.1604494891,0.1686677389,0.1346696083,0.1501755152,0.1592022529,0.1495750642
485,0,0,0,0,0,0.1932367225,0.1373704697,0.07592550777,0.1901384405,0.1522605993,0.1106912053,0.1093786513,0.08918788532,0.2213448182,0.1336825743,0.202232414,0.1604061771,0.1687031995,0.1349693132,0.1502347553,0.159242217,0.1496643896
485.5,0,0,0,0,0,0.1933862229,0.1374348162,0.07595887195,0.1901689882,0.1524497389,0.1106238556,0.1094769119,0.08926159099,0.2216090585,0.133723114,0.2020939385,0.1604502312,0.1686912077,0.1348796458,0.1501838669,0.1593517256,0.1499101844
486,0,0,0,0,0,0.1933177424,0.1375139141,0.07604625296,0.1902008522,0.1524094507,0.1104165885,0.1093220184,0.08942804373,0.2215763139,0.1337994281,0.2019497272,0.1605312963,0.1687907226,0.1349858034,0.1501106312,0.1594361344,0.1500029725
486.5,0,0,0,0,0,0.193286278,0.1375294957,0.07599006714,0.1901829991,0.1523515162,0.110342907,0.1093326528,0.08945281054,0.2214832697,0.1338933647,0.2018831595,0.1603147388,0.1688400683,0.1351477473,0.1499985017,0.159546925,0.1499202267
487,0,0,0,0,0,0.1933471295,0.1375071086,0.07600795156,0.1901292605,0.1523805864,0.1102405941,0.1092481065,0.0894472752,0.2214971047,0.1337719488,0.2019127138,0.1603030993,0.1688005196,0.1351240407,0.15012743,0.1595312186,0.1498591882
487.5,0,0,0,0,0,0.193316438,0.1373453239,0.07603403073,0.1900807889,0.1523475473,0.1101610634,0.1092371279,0.08940365016,0.2215842231,0.1337693416,0.2019940879,0.1603786531,0.1689355438,0.135218062,0.1502656711,0.1594840093,0.1499684543
488,0,0,0,0,0,0.1934185218,0.1373685215,0.07614317146,0.1900431548,0.1524495831,0.1104072135,0.1093153762,0.08913521051,0.2214764695,0.1336168659,0.2019931428,0.1604448397,0.1689308677,0.135097127,0.1503918873,0.1593206651,0.149895033
488.5,0,0,0,0,0,0.1933242382,0.1374840002,0.0761519865,0.1899834262,0.1524950687,0.1102966024,0.1094277552,0.08922104226,0.2214560931,0.1335542506,0.2021261593,0.1604369659,0.1687437346,0.1351758282,0.1504484872,0.1591611456,0.1498953951
489,0,0,0,0,0,0.1933959628,0.1376383801,0.0763790247,0.1900773024,0.1523742192,0.1103942856,0.1094175147,0.08936189767,0.2214349414,0.1334138549,0.2022933953,0.1603249778,0.1689573073,0.1351971167,0.1504644865,0.1589822644,0.1498013041
489.5,0,0,0,0,0,0.1933176961,0.1374846571,0.07631591981,0.1900426323,0.1525110076,0.1103201876,0.1093463598,0.08929067388,0.2214230918,0.1334580862,0.2024390853,0.1603052309,0.1690866305,0.1351912655,0.1505552832,0.158915159,0.1497947785
490,0,0,0,0,0,0.1933821064,0.1374514722,0.07629308393,0.1900710806,0.1524243842,0.1103644384,0.1094933622,0.08929218612,0.2214186362,0.1335356093,0.2024194425,0.160229194,0.1690220077,0.1352610758,0.1505720598,0.1589593751,0.1497850101
490.5,0,0,0,0,0,0.1933995635,0.1375136287,0.07637330599,0.1900253362,0.1523603862,0.1103830599,0.1095870405,0.08929210304,0.2214874357,0.1336141354,0.20233264,0.1602217615,0.1689001467,0.1352892472,0.1504479411,0.1589682208,0.149712186
491,0,0,0,0,0,0.1933152224,0.1374663738,0.07630615097,0.1901087695,0.1523547104,0.1103207508,0.1096618181,0.08940033139,0.2214709593,0.133568008,0.2024910937,0.1601346805,0.1688964612,0.1351684179,0.1502970231,0.1591797144,0.1497557769
491.5,0,0,0,0,0,0.1933899129,0.1373284311,0.07627355067,0.1902282228,0.1522591755,0.1101847068,0.1094914872,0.08936768819,0.2214473273,0.1336520336,0.2024976239,0.1602062131,0.1688739915,0.1352462026,0.1503335628,0.1593177341,0.1497289461
492,0,0,0,0,0,0.1933868243,0.1372673629,0.07620331264,0.1900101627,0.1523562754,0.1101868149,0.1095273649,0.08946425999,0.2214715736,0.1337960119,0.202570923,0.1602667366,0.1687428861,0.1352768249,0.1504273773,0.1592922528,0.1498352947
492.5,0,0,0,0,0,0.1934438245,0.1373161282,0.07605791185,0.1900013671,0.1524691891,0.1100984354,0.1096205231,0.08944629998,0.2213876178,0.1336776262,0.202500792,0.160432578,0.16866871,0.135235489,0.1504006008,0.159293971,0.1499929338
493,0,0,0,0,0,0.1932969407,0.1373107848,0.07605614638,0.1900729871,0.1525482291,0.1102526955,0.1097134875,0.08941136738,0.2215202281,0.1336584763,0.2023891329,0.1602602184,0.1687052241,0.1352270641,0.150267994,0.1591928939,0.1498915278
493.5,0,0,0,0,0,0.1934655325,0.1372688858,0.07618758657,0.1900581935,0.1523874352,0.1103255545,0.109671389,0.08924095892,0.2216520477,0.1333995786,0.2024926139,0.1602346464,0.168708259,0.1350271984,0.1501719064,0.1592529112,0.1500845405
494,0,0,0,0,0,0.1935780787,0.1372974785,0.07609429902,0.1900190244,0.152244384,0.1103013251,0.1095746995,0.08923406154,0.2217266236,0.1332789904,0.2024808871,0.1604156716,0.1686576472,0.1348623627,0.1500225752,0.1591180358,0.1500622271
494.5,0,0,0,0,0,0.1934685826,0.1373433456,0.07595743598,0.1900255089,0.1523789799,0.1103048904,0.1095013658,0.08929837235,0.2216382523,0.1333667905,0.2021735092,0.1602660661,0.1686002977,0.1347644572,0.1499820887,0.1590409285,0.1499802915
495,0,0,0,0,0,0.1933930627,0.1372746437,0.07595440162,0.1901684225,0.152319179,0.1103763725,0.1095195802,0.08932524318,0.2217306055,0.133277797,0.2022475356,0.1604992959,0.1685879543,0.1348483562,0.1501670949,0.1590936379,0.1500005766
495.5,0,0,0,0,0,0.193564715,0.1372567505,0.07609203016,0.1900770141,0.1524469844,0.1104854398,0.1096030973,0.08929742227,0.2217968468,0.1335146699,0.2022032857,0.1603872861,0.1687851424,0.1348175881,0.1502767033,0.1590450049,0.1500602924
496,0,0,0,0,0,0.1934585131,0.1372828785,0.07604316218,0.1900956408,0.1524673781,0.1104021505,0.1094475561,0.08926784371,0.2218827575,0.1334666937,0.2022576115,0.1602078677,0.1688300843,0.1347415613,0.1501736094,0.1589505599,0.1503206543
496.5,0,0,0,0,0,0.1936038489,0.1373260539,0.07618300975,0.1901660522,0.1525174423,0.1104374356,0.1094994339,0.0892152569,0.2216963902,0.1332883324,0.2024185855,0.1600319224,0.168666247,0.13491177,0.1502402717,0.158828102,0.1503268033
497,0,0,0,0,0,0.193621637,0.1373168876,0.0758311742,0.1901559194,0.1524634995,0.11040768,0.1096413874,0.08906013981,0.2217064251,0.1334002873,0.2023329394,0.1600716287,0.168643139,0.1349182507,0.1503238029,0.1588474454,0.1503740798
497.5,0,0,0,0,0,0.1936973966,0.137270774,0.07604087979,0.1901458817,0.1524618518,0.1103726044,0.1096946068,0.0890499123,0.2217057998,0.1335199773,0.2022559015,0.1602458283,0.1685581848,0.134832641,0.1505419488,0.1588325414,0.1502356892
498,0,0,0,0,0,0.1937340733,0.1372390397,0.07597691461,0.1900932526,0.1525768298,0.1103774543,0.1096948861,0.08904232886,0.2219613743,0.1333760989,0.2024030247,0.1603879765,0.1687545061,0.1347846349,0.150480322,0.1588501465,0.1502974379
498.5,0,0,0,0,0,0.1937426615,0.1371637174,0.07598558665,0.1900471044,0.1524521503,0.1102934483,0.1097307974,0.08911213135,0.2219805642,0.1333160166,0.2023856328,0.1604810124,0.1688972603,0.1347513334,0.1503965113,0.1587605521,0.1503022563
499,0,0,0,0,0,0.1936096793,0.1373907105,0.07607221575,0.1901947578,0.152446058,0.1103042752,0.1097035579,0.08920474185,0.2220341922,0.1334505269,0.2025359634,0.1604576026,0.1688791683,0.1348867445,0.1504181729,0.1588078418,0.1504233547
499.5,0,0,0,0,0,0.1935684214,0.1372507154,0.0759290185,0.1900337006,0.1526039372,0.1101230615,0.1097276975,0.0893609583,0.2219475244,0.1333931195,0.2025262043,0.16049645,0.1690164391,0.134973337,0.150528773,0.1586782195,0.1505722699
500,0,0,0,0,0,0.1935869293,0.1372394205,0.07599404151,0.1900842091,0.1524910603,0.1101561231,0.1095148806,0.08929146648,0.2218682474,0.133356927,0.202680802,0.1606966057,0.1691162581,0.1348779834,0.15062324,0.1586202084,0.1505328793
