time,TNFR,IL1R,CD40,LTB,BAFFR,TRAF2_5,TRAF6,TRAF2_3,Btx,TAK1_TAB,NEMO_IKKa_IKKb,IkBa_release_signal,p50_p65,TNFa,p100,Phenotype_canonical,NIK,IKKa_noncanonical,p100_RelB,p52,BAFF,Phenotype_noncanonical
0,1,1,1,1,1,0,0,0,0,0,0,0,0,0,0,0,0,0,0,0,0,0
0.5,1,1,1,1,1,0.1290065653,0.1984402494,0.2391752026,0.02440158047,0.03414921207,0.004829801654,0.0003206104406,1.729276386e-05,6.906948384e-07,7.337872886e-07,8.309353148e-07,0.02720196488,0.002232022147,0.0001266607625,6.28261664e-06,6.992309173e-06,2.879116533e-07
1,1,1,1,1,1,0.2208015572,0.3295294266,0.391768494,0.07288660909,0.1006612894,0.02724945466,0.003636798425,0.0004001497681,3.369869423e-05,3.492244068e-05,4.064733739e-05,0.08062254564,0.01309895247,0.001517319176,0.0001541357382,0.0001747254653,1.469045583e-05
1.5,1,1,1,1,1,0.2867289187,0.4166497158,0.4893689467,0.1254368062,0.1710397519,0.06482827782,0.01284202918,0.002153333313,0.0002871782803,0.0002890252165,0.0003463705281,0.1375155492,0.03260743798,0.005744343861,0.0008894307521,0.00102545378,0.0001318253964
2,1,1,1,1,1,0.3344661501,0.4751291586,0.5522824625,0.1739394028,0.234404195,0.1096016202,0.02820392475,0.00635308043,0.00119388312,0.001165714904,0.001440183094,0.1895162946,0.0577067228,0.01364353205,0.002842157869,0.003332298724,0.0005811889229
2.5,1,1,1,1,1,0.3691118935,0.514497408,0.5928978092,0.2157031608,0.2876302271,0.154749149,0.04813949546,0.01353098051,0.003345876292,0.003160127152,0.00403825195,0.2337648633,0.08522706968,0.02517308143,0.006574612072,0.007840147025,0.001737933689
3,1,1,1,1,1,0.3944432309,0.5411740127,0.6192548226,0.2504136452,0.3307907402,0.1965086109,0.0703506883,0.02350691088,0.007314656136,0.006697191438,0.008847662587,0.2702922213,0.1128782826,0.0399062627,0.01244048044,0.01510167551,0.004058837947
3.5,1,1,1,1,1,0.4132015902,0.5593669871,0.6367750668,0.2786042617,0.365124754,0.2330375839,0.09279939357,0.03564105526,0.01350224503,0.01197337945,0.01635156123,0.2997132187,0.1392139601,0.05709847916,0.02050445515,0.02531249019,0.008012073319
4,1,1,1,1,1,0.4270825624,0.5718335577,0.6480202765,0.301395053,0.3918792619,0.2638365387,0.1142097612,0.04904017514,0.02210087365,0.01892555873,0.02679047455,0.3230416582,0.1634503268,0.07608262916,0.03063834606,0.0385404093,0.01396804159
4.5,1,1,1,1,1,0.437626739,0.5807825067,0.6555098529,0.3194811741,0.4128530387,0.2890307044,0.1337535486,0.06297417566,0.0329531887,0.02735892339,0.04008675061,0.3415518077,0.185083349,0.0961474521,0.04262715822,0.05450047876,0.02221556317
5,1,1,1,1,1,0.4456514113,0.5870601757,0.6602723762,0.3339497021,0.4294895351,0.3097804261,0.1510909907,0.07663977037,0.04589440218,0.03688843999,0.0559613524,0.3564272452,0.2041153621,0.1166783595,0.05598403025,0.07304407194,0.03283309791
5.5,1,1,1,1,1,0.4517712426,0.5913987718,0.6637076583,0.345549846,0.4421350762,0.3265431917,0.166030323,0.08957872777,0.06062464485,0.04717145223,0.07398122605,0.368188893,0.220672719,0.1370562629,0.07039103658,0.09351488739,0.04580981097
6,1,1,1,1,1,0.4561109372,0.5944218053,0.665971627,0.3547297925,0.4520629354,0.3399571508,0.1787213325,0.1015966577,0.07662121969,0.05779443071,0.09368700799,0.3775737197,0.2352750367,0.1568824511,0.08545440977,0.1156530831,0.06097232805
6.5,1,1,1,1,1,0.4596559049,0.5966328257,0.6675310604,0.3621918614,0.4593240971,0.3504123055,0.1893075015,0.1124332963,0.09361139788,0.06835703762,0.1147148675,0.3852204966,0.2477985532,0.1759069653,0.1006266576,0.1388610852,0.0781274023
7,1,1,1,1,1,0.462321862,0.5983950286,0.6683772447,0.3681353227,0.4654248578,0.3584898113,0.1980054423,0.1219523779,0.1111579678,0.0788400655,0.1364261534,0.3914238448,0.2585236981,0.1938064366,0.11571627,0.1628594186,0.0969732039
7.5,1,1,1,1,1,0.4642112579,0.5996680683,0.669363202,0.3728953119,0.4700700603,0.365196649,0.2053211379,0.1301138487,0.1289729634,0.08883382849,0.1586034512,0.3962820211,0.2675779244,0.2103896786,0.1303269905,0.1871303208,0.1172054135
8,1,1,1,1,1,0.4662808651,0.600743334,0.669666159,0.3766823801,0.4737075105,0.3704742864,0.2112141148,0.1373275848,0.1468209083,0.09818267536,0.1808998689,0.400104107,0.2753115687,0.2258978807,0.1444894627,0.2115951401,0.1382116543
8.5,1,1,1,1,1,0.4673300243,0.6016771102,0.6700731428,0.3798490922,0.4765256767,0.374372269,0.2159959814,0.1435084934,0.1644150079,0.1069900594,0.2028190479,0.4032782266,0.2820335172,0.2398820823,0.1578301824,0.2359023456,0.1601001634
9,1,1,1,1,1,0.468474247,0.602209758,0.6701552811,0.3823119904,0.4788257267,0.3778086793,0.219870608,0.1487141477,0.1815998102,0.1150397365,0.2244083223,0.4060492451,0.2877317068,0.2526658582,0.1705210999,0.2595338624,0.1824776991
9.5,1,1,1,1,1,0.469179584,0.6025346636,0.6704427568,0.3842841957,0.4804073754,0.3803923157,0.2232439414,0.1531082298,0.198341461,0.1224246064,0.2455292311,0.4081550209,0.2927405619,0.2641168874,0.1824173038,0.2825041314,0.205083531
10,1,1,1,1,1,0.4699128191,0.6028243835,0.6705170409,0.3862041253,0.4816311813,0.382370243,0.2258316121,0.1567459685,0.2143321089,0.1290815277,0.2659947206,0.4101694336,0.2969367292,0.2743007883,0.1931595628,0.304530542,0.2276728188
10.5,1,1,1,1,1,0.4704011725,0.6029930819,0.670589423,0.3876317916,0.4828392571,0.3841279451,0.2278892169,0.1597563595,0.2298518801,0.1351852947,0.2857112736,0.411510052,0.3006516128,0.2833471916,0.2031410559,0.3258490461,0.2499573223
11,1,1,1,1,1,0.4711420837,0.6032956194,0.6708251708,0.3888527795,0.4835538085,0.3854996887,0.2296454883,0.1624561423,0.2445234038,0.1406365488,0.3045275746,0.4126779773,0.3039658283,0.2915530082,0.2122093831,0.3460374942,0.2719609543
11.5,1,1,1,1,1,0.4714527398,0.6036408203,0.670926175,0.3897695318,0.484144177,0.3861000983,0.2309786966,0.1644837578,0.2585267109,0.1453127031,0.322681495,0.4139028568,0.3068009608,0.2987581472,0.2205356662,0.3655028965,0.2935942272
12,1,1,1,1,1,0.4717923401,0.603763305,0.6709008412,0.390390609,0.4848664015,0.3870328246,0.2320447592,0.1661224811,0.2719854552,0.1497386049,0.3399695592,0.4148154843,0.309252198,0.3052756154,0.2282363325,0.3837451189,0.314575883
12.5,1,1,1,1,1,0.4718437971,0.6036035606,0.6709166826,0.3911348776,0.4850873021,0.3876446178,0.2329653217,0.167519021,0.2845392894,0.1536007909,0.3565094606,0.4155352803,0.3112686883,0.3108524242,0.2349636566,0.4009887341,0.3350917082
13,1,1,1,1,1,0.4719237408,0.6037129739,0.671063151,0.3917739864,0.4854507205,0.3880130076,0.2335760056,0.1687275352,0.296504598,0.1569244225,0.3720886185,0.4165136319,0.3129845491,0.3157607955,0.2411258363,0.4170948147,0.3545907432
13.5,1,1,1,1,1,0.4722143787,0.6037853406,0.671036155,0.3922459645,0.4858810299,0.3884776612,0.2342328702,0.1698954596,0.3077759478,0.1599304604,0.3872293467,0.4170234974,0.314486035,0.3201940831,0.2469494358,0.4322672404,0.3734897932
14,1,1,1,1,1,0.4723144986,0.6036148957,0.6712215595,0.3925078726,0.4857516986,0.3885875491,0.2347077704,0.1706536803,0.3182662944,0.162663889,0.401469245,0.4177734955,0.3160226054,0.3239437336,0.2517685657,0.4465596354,0.3917772787
14.5,1,1,1,1,1,0.4722889141,0.6038149619,0.6711065253,0.3930818509,0.4859619511,0.3890498271,0.235082282,0.1712136798,0.3281036898,0.1650707101,0.4146821965,0.418196551,0.3171078565,0.3273421948,0.2562774443,0.4599337384,0.4092118427
15,1,1,1,1,1,0.4723542406,0.6037948295,0.6712512863,0.3933485416,0.4863493657,0.3889653014,0.2353638397,0.1718082854,0.3373053569,0.167132097,0.4273120917,0.418397636,0.3181437079,0.3303948218,0.2604640065,0.472746132,0.4260161608
15.5,1,1,1,1,1,0.4724176815,0.6035838076,0.6712716101,0.3937187897,0.4863905497,0.3891763988,0.2356315635,0.1721119246,0.346245002,0.169025468,0.439155077,0.4188582654,0.3189386118,0.3329093799,0.2642887105,0.4845921778,0.4419624721
16,1,1,1,1,1,0.4724452154,0.6038040736,0.6713184528,0.3940102368,0.486853928,0.3894464373,0.2357376209,0.1724804951,0.354682795,0.1708227151,0.4504110471,0.4190777336,0.3197770425,0.3348319193,0.267392076,0.4958022232,0.4574311684
16.5,1,1,1,1,1,0.4725090095,0.6039474739,0.6711565635,0.3940717727,0.4870492542,0.3895623057,0.2359482413,0.172889739,0.362349873,0.1722858997,0.4611694396,0.4193819926,0.3204546314,0.3366674796,0.2702931136,0.5060546294,0.471928035
17,1,1,1,1,1,0.4725681447,0.6041088151,0.6707455744,0.3941920213,0.4870069229,0.389755776,0.2360576476,0.1730558326,0.3698385765,0.1737045953,0.4712805828,0.4195921719,0.3211267836,0.3387016155,0.2728112761,0.5156503093,0.4859199898
17.5,1,1,1,1,1,0.4726516808,0.604065319,0.6708045303,0.3943205825,0.486908325,0.3898685466,0.2361098921,0.1732649188,0.3769582885,0.1748066523,0.4813161579,0.4197505218,0.3218625744,0.3405134737,0.2751630478,0.5245048852,0.4991441857
18,1,1,1,1,1,0.4729049579,0.6038504654,0.670861794,0.3942624357,0.4869265825,0.3900162606,0.2360076864,0.1735311251,0.3835757773,0.1759972928,0.4906198088,0.4197040521,0.3226620449,0.3418660793,0.2772441529,0.5328898664,0.5118237868
18.5,1,1,1,1,1,0.4729772599,0.6038170402,0.6710709085,0.3943246608,0.4868546443,0.3897978876,0.235946217,0.1735217339,0.3899397749,0.1769557839,0.4994254152,0.4199167608,0.3229628472,0.3430951658,0.2790075996,0.5405377477,0.5236361273
19,1,1,1,1,1,0.4728178869,0.603890985,0.6711513033,0.3945019528,0.4869162199,0.3899063902,0.2361811321,0.1734867128,0.3957844,0.1776186744,0.5077326438,0.4200786145,0.323497825,0.3442451741,0.2807577858,0.5482277824,0.5349772029
19.5,1,1,1,1,1,0.4729397391,0.6039493745,0.6710049541,0.3942449216,0.4870643821,0.3899905616,0.2360211655,0.1737474167,0.4012043567,0.1783623467,0.5157210138,0.4201139037,0.3240069117,0.3449860109,0.282218071,0.5549761755,0.5456611857
20,1,1,1,1,1,0.4728429015,0.6041019661,0.6711418009,0.3943739741,0.4871004657,0.3899206211,0.2361503315,0.1738236833,0.4061395985,0.1789827833,0.5230503262,0.4203915482,0.3241567183,0.3460893823,0.2836722393,0.5615117236,0.556035621
20.5,1,1,1,1,1,0.4727129486,0.6042228334,0.6711184523,0.3943438591,0.4870299304,0.39017833,0.236324205,0.1737723689,0.4111527754,0.1794648655,0.5304837955,0.4205592186,0.3244122573,0.3468142497,0.2847021502,0.5675157976,0.5659293629
21,1,1,1,1,1,0.4728296057,0.6042526178,0.6710149071,0.3944582735,0.4870802271,0.3901196838,0.2363368487,0.1738349823,0.4158669063,0.17983878,0.5372177541,0.4206268518,0.3245649306,0.3473830364,0.2857908527,0.5728329455,0.5753750999
21.5,1,1,1,1,1,0.47278195,0.6042514151,0.6710654016,0.394600367,0.4869628055,0.3901628524,0.2363298533,0.1738783636,0.4202050893,0.1803600886,0.5436553457,0.4207402793,0.3249524214,0.3478300457,0.2866444101,0.5780347543,0.5844688715
22,1,1,1,1,1,0.4727040974,0.6042938075,0.6709445195,0.3943845373,0.4870810709,0.3900608684,0.236277183,0.1739083485,0.4241775568,0.1807517061,0.549729399,0.4207444902,0.3251758307,0.3481613023,0.28767204,0.5827532247,0.5928824678
22.5,1,1,1,1,1,0.472935799,0.6043942313,0.6711299376,0.3942940554,0.486835184,0.3900662676,0.236338672,0.1739091535,0.4280304859,0.1811422727,0.5554426225,0.4206636279,0.3253252637,0.3486311964,0.2883496143,0.5871629386,0.6008205366
23,1,1,1,1,1,0.4727718053,0.6043615734,0.6710109333,0.3943400586,0.4869612066,0.3899590804,0.2364905495,0.174027769,0.4314346749,0.1815225848,0.5608192125,0.420796137,0.3253491445,0.3491187144,0.289035257,0.5913036825,0.6084133603
23.5,1,1,1,1,1,0.4729057175,0.6043781886,0.6711121399,0.3942694987,0.4869906205,0.3897618986,0.236590815,0.1738847513,0.4351052232,0.1817303988,0.5661867371,0.4209324757,0.3255635442,0.3494326927,0.2896901124,0.5954551571,0.6155723082
24,1,1,1,1,1,0.472819477,0.6042728967,0.6713756865,0.3943602073,0.4870072233,0.389547322,0.2366518312,0.1739670463,0.4380784126,0.1818991808,0.5712061486,0.4209711986,0.3258536095,0.3498450524,0.2902851652,0.5991120696,0.6225395784
24.5,1,1,1,1,1,0.4727437396,0.6041455355,0.6712959716,0.3943943493,0.4869138163,0.3895046519,0.2365655724,0.1739199271,0.4413591702,0.1821675351,0.5760575628,0.4209016752,0.3260452284,0.3498737524,0.2907172263,0.6026347926,0.6291374276
25,1,1,1,1,1,0.4728569171,0.6041358131,0.671176334,0.3943123582,0.4870280413,0.3896524926,0.2365047579,0.1739278107,0.4443851259,0.1824254842,0.5806824529,0.4210504458,0.3260996571,0.3499718783,0.2910326157,0.605970667,0.635477057
25.5,1,1,1,1,1,0.4729911008,0.6040607606,0.6711436705,0.3941998166,0.4868365708,0.3896927054,0.2363638511,0.1739580113,0.4470389303,0.1825632269,0.5849945623,0.4209837399,0.3259781246,0.3502439163,0.2914160784,0.6089203798,0.6413770108
26,1,1,1,1,1,0.4731465398,0.6042057508,0.6708268158,0.3943294026,0.4869126335,0.3898957706,0.2363459033,0.1738479575,0.4497538355,0.1828704064,0.5889752869,0.4209779307,0.326295008,0.3502810631,0.2916628671,0.6118477677,0.6469113709
26.5,1,1,1,1,1,0.4732921386,0.6040201969,0.6708225187,0.3943950303,0.4867861221,0.3901664046,0.2364250629,0.1737559809,0.4522856376,0.1829083922,0.5929796867,0.4210547048,0.3264290532,0.350605158,0.29208734,0.6144529962,0.65219769
27,1,1,1,1,1,0.4730945086,0.6042007859,0.6708426661,0.3942116363,0.4869323597,0.3902905011,0.2364176893,0.1737666936,0.4545866646,0.1831738392,0.5967398497,0.4209551723,0.3265489608,0.3509187161,0.2924040285,0.6169389632,0.6571983108
27.5,1,1,1,1,1,0.4729325725,0.604263815,0.6708461959,0.3943125788,0.4869035774,0.3899717164,0.2364598123,0.1737316947,0.45686392,0.1831200319,0.6004863122,0.4210933134,0.3265459289,0.3510871762,0.2926495931,0.619377291,0.6622573613
28,1,1,1,1,1,0.4727134733,0.6041430667,0.6708685263,0.3944757219,0.4869858787,0.3899489282,0.2363282926,0.1736328605,0.4589356609,0.1832293142,0.603861764,0.4211886116,0.3266788191,0.3509041969,0.2928303028,0.621584011,0.6668927204
28.5,1,1,1,1,1,0.4729018722,0.6040660384,0.6708956123,0.3944025702,0.4869897792,0.3899877565,0.2363833205,0.173770957,0.4610464327,0.1834243033,0.6071220879,0.4211294739,0.3267892639,0.3511664931,0.2930667202,0.6237048776,0.6712126004
29,1,1,1,1,1,0.4730135159,0.6041581384,0.6707978781,0.3944299131,0.4868322529,0.3897964848,0.2362786705,0.1739649398,0.4627860226,0.1835864835,0.6101706288,0.421256045,0.3267959853,0.3512718309,0.2932693798,0.6255843675,0.675481307
29.5,1,1,1,1,1,0.4730253025,0.6041633212,0.6709681442,0.3943026493,0.4869952428,0.3897741035,0.2361984937,0.1738662824,0.4646252042,0.1835155389,0.6132086743,0.421396421,0.3269903908,0.3513819101,0.2935806249,0.6275012068,0.6794145766
30,1,1,1,1,1,0.4731315155,0.603919446,0.6711910411,0.3943032334,0.4870898794,0.3895904527,0.2362517858,0.1739302992,0.4660817349,0.1836732591,0.6160104851,0.4213486107,0.3270085129,0.3512594152,0.2934773425,0.6291774474,0.6833780493
30.5,1,1,1,1,1,0.4729880481,0.6041976237,0.6709903486,0.3942617751,0.4869247391,0.3897113852,0.2362848016,0.1739301919,0.467762211,0.1837316932,0.6186728643,0.4214714765,0.3269811668,0.3514614328,0.293508047,0.6309249219,0.6869886725
31,1,1,1,1,1,0.4728571208,0.6041230166,0.6711077459,0.3943088868,0.4868047999,0.3899253625,0.2361823,0.1736784734,0.469203204,0.1837836965,0.6213409549,0.4214679183,0.3268459954,0.3515828933,0.2935340753,0.6324183758,0.6905183909
31.5,1,1,1,1,1,0.4730286795,0.6042051463,0.6711622847,0.3943702306,0.4867447286,0.390030713,0.2363437101,0.1737661502,0.4704726213,0.1838058644,0.623985274,0.4215534282,0.3268927752,0.3517167756,0.2935633519,0.6338389121,0.6938174465
32,1,1,1,1,1,0.4729326085,0.6044242176,0.6710460909,0.394529284,0.4869206153,0.3900566201,0.2363348397,0.1738033521,0.4718331874,0.1838002309,0.6263512478,0.421318406,0.3271235905,0.3517977574,0.2935068675,0.6351541965,0.6970174801
32.5,1,1,1,1,1,0.4727695961,0.6043560263,0.6711351915,0.3946964775,0.4870118493,0.3902152419,0.2363208356,0.1738928637,0.4730697689,0.183911326,0.6285353653,0.4214821762,0.3272387487,0.3519397799,0.293844001,0.636634436,0.700038845
33,1,1,1,1,1,0.4728517042,0.6044153946,0.6711543273,0.3946638854,0.4869655178,0.3900339859,0.2363705066,0.1737773722,0.4740825492,0.1840302431,0.6308930532,0.4214830026,0.3272117233,0.3520242464,0.2938953786,0.6379725772,0.7032003696
33.5,1,1,1,1,1,0.4729149746,0.6041195033,0.6711109826,0.3946487601,0.4869610116,0.3901718227,0.2362220363,0.1738255584,0.4753166752,0.1840255149,0.633161612,0.4214715593,0.3273412605,0.3519718629,0.2938163755,0.6392087161,0.7060405742
34,1,1,1,1,1,0.4730006596,0.6042432203,0.6710941438,0.3945134184,0.4869157251,0.3899951493,0.2362706893,0.1737708785,0.4763598916,0.1840419644,0.6352825576,0.4214130557,0.327352815,0.3518478717,0.2940415442,0.6402162574,0.7087897201
34.5,1,1,1,1,1,0.4729643441,0.6042249485,0.6710929993,0.3943664661,0.4869247507,0.3902723223,0.2362396115,0.1737800255,0.4773129624,0.1841329098,0.6373187721,0.4214954002,0.3273267432,0.3518411419,0.2941901599,0.6412096,0.7112926059
35,1,1,1,1,1,0.4730312493,0.6044059315,0.6711712835,0.3943376202,0.4869187062,0.3903336917,0.2362006,0.1737480348,0.4783651663,0.1841247375,0.6391533127,0.4218736129,0.3271248916,0.3516289791,0.2943049363,0.6421569555,0.7136978208
35.5,1,1,1,1,1,0.4729768038,0.6043328053,0.6712633259,0.3945788086,0.4871981902,0.3902459542,0.2361348041,0.1738385269,0.4791449627,0.1840841935,0.6413563811,0.4217555952,0.3274528386,0.351515736,0.2944663632,0.6430683597,0.7160985003
36,1,1,1,1,1,0.4729788561,0.6041838223,0.670965483,0.3945143712,0.4870737806,0.3900890099,0.2362189874,0.1738809261,0.4801388301,0.1840674534,0.6432231442,0.4216750007,0.3275870052,0.3517243046,0.2943649853,0.6438367883,0.7183710713
36.5,1,1,1,1,1,0.4729325951,0.6043519677,0.6708820724,0.394408379,0.4870238442,0.3900449116,0.2364674519,0.1738974176,0.4811533824,0.1841043467,0.6448512768,0.4216559703,0.3275305854,0.3522072823,0.294364296,0.6444188988,0.7203795831
37,1,1,1,1,1,0.4728991158,0.6043538135,0.6709345958,0.394390072,0.4871071278,0.3902928829,0.236382507,0.1738496229,0.4819962794,0.1841191474,0.6466028543,0.4214318864,0.3274810327,0.35220774,0.2944906927,0.6453056045,0.7223663584
37.5,1,1,1,1,1,0.472847872,0.6043379136,0.671036779,0.3942564489,0.486835853,0.3903673513,0.2365193364,0.173904716,0.4830157543,0.1841963902,0.648198269,0.4214904687,0.3273542613,0.3522154533,0.2945747471,0.6460566335,0.7240032946
38,1,1,1,1,1,0.4729121679,0.604390786,0.6710168138,0.3945057797,0.4867899409,0.3903612149,0.2365102202,0.1739576884,0.4838087435,0.1842161058,0.6497751793,0.4214034128,0.3273603456,0.3522273125,0.2948293242,0.6469525048,0.7259860554
38.5,1,1,1,1,1,0.4729183722,0.6042240613,0.6709837049,0.3946414099,0.4870450102,0.3902435072,0.2365466622,0.174054045,0.484546772,0.1842711418,0.6513649103,0.4214898643,0.3274031176,0.3523964388,0.2947532439,0.6474379628,0.7277780276
39,1,1,1,1,1,0.4728106489,0.6041006601,0.6708513958,0.3946822342,0.4871283954,0.3901956111,0.2366057944,0.1741540963,0.4850127744,0.1842783428,0.6529787337,0.421392567,0.3274553039,0.3523598942,0.2948020228,0.6478249653,0.7295092672
39.5,1,1,1,1,1,0.47264834,0.6041466936,0.6708384483,0.3946026482,0.4870418062,0.3902369999,0.2365595932,0.174287372,0.4856369049,0.184315612,0.6541071856,0.4216089715,0.3275825794,0.3524644364,0.2947493669,0.6484695472,0.7311425648
40,1,1,1,1,1,0.4726456946,0.604288993,0.6708033473,0.3942770804,0.4871000798,0.3902803694,0.2365177508,0.1742951601,0.4862190891,0.1843988832,0.6554284663,0.4214701912,0.3275049424,0.352760596,0.2950318076,0.6489534076,0.7327497147
40.5,1,1,1,1,1,0.4726280846,0.6042996195,0.671181369,0.3942552343,0.4869783545,0.3903197806,0.2365473408,0.1743480149,0.4867700582,0.1845011776,0.6567326259,0.4217721282,0.3276067108,0.35275294,0.2949728439,0.6496558018,0.7342655675
41,1,1,1,1,1,0.4728108213,0.6044761526,0.6713339762,0.3944565036,0.4868677264,0.3902876458,0.2365497089,0.1742890346,0.4874005968,0.1845411983,0.6579781629,0.4217774644,0.3275872754,0.3526101246,0.2946811813,0.6502917249,0.735589275
41.5,1,1,1,1,1,0.472831647,0.6045963997,0.6713033078,0.3944025188,0.48693818,0.3902282239,0.2367313456,0.1743567619,0.4880355859,0.1846988006,0.6592195013,0.4218045602,0.3276644366,0.3527142408,0.2946530869,0.6506787096,0.7369680131
42,1,1,1,1,1,0.4729231211,0.604504068,0.6711786638,0.3943567777,0.4869750931,0.3901407035,0.2365368999,0.1742494795,0.4885367397,0.1845201822,0.6602963889,0.4218561752,0.3273904699,0.3529018591,0.2949297511,0.6510544665,0.7384263616
42.5,1,1,1,1,1,0.472872905,0.6042958184,0.6713490553,0.3944454101,0.4868086094,0.3903639622,0.23646291,0.1743131536,0.4888626729,0.1845098555,0.6614166451,0.4219566188,0.3274852455,0.352858909,0.2949538956,0.6516035843,0.7396722221
43,1,1,1,1,1,0.4729409633,0.6044140485,0.6711826429,0.3945470754,0.4867709158,0.3899451089,0.236480876,0.17403135,0.489212347,0.1844586018,0.6623062056,0.4222020187,0.3274082187,0.3528826586,0.2948770956,0.6518135644,0.7409287584
43.5,1,1,1,1,1,0.4729103042,0.6043536866,0.6712410573,0.3944866075,0.4869355672,0.3899239422,0.2365110867,0.1739947832,0.489570215,0.1844742061,0.663523822,0.4222434607,0.3274656053,0.3525549683,0.2951595963,0.6522680228,0.7419497743
44,1,1,1,1,1,0.4728092217,0.6043959946,0.6711346147,0.3943993542,0.4868589103,0.3899124093,0.2363254179,0.1739288059,0.4900462311,0.1845134181,0.6643972869,0.4222589985,0.3273939184,0.352707088,0.2952408472,0.6524378741,0.7430343823
44.5,1,1,1,1,1,0.4727475365,0.6044497041,0.6710492935,0.3944356669,0.4869256427,0.3898056833,0.236331567,0.1739991019,0.4903306705,0.1845800234,0.6653420529,0.4221244601,0.327483511,0.3525751256,0.2953426376,0.6528014424,0.7442894588
45,1,1,1,1,1,0.4726820838,0.6043504381,0.6710742857,0.3946275316,0.4872833289,0.3897220876,0.2363710051,0.1740456634,0.490572291,0.1845319333,0.6662494099,0.4221037446,0.327531925,0.3526267085,0.2953208128,0.6529573135,0.745250035
45.5,1,1,1,1,1,0.4727683573,0.6043111001,0.6709375958,0.394433004,0.4872077808,0.3897150309,0.2364026061,0.174014671,0.4911979707,0.1844935213,0.6671707413,0.4219393274,0.3275305719,0.3525366972,0.2952799612,0.6532368418,0.7463169139
46,1,1,1,1,1,0.4726873944,0.6043730459,0.6708187132,0.3944537717,0.4870202432,0.3896903778,0.2365155941,0.1741284165,0.491546491,0.1844551199,0.6678800545,0.4221574619,0.3274231686,0.3527296295,0.2951386114,0.6535110227,0.7474343507
46.5,1,1,1,1,1,0.4728340199,0.6043563563,0.6709132632,0.3945743281,0.4871707177,0.389902554,0.2364281546,0.1740813723,0.4917464786,0.1845064225,0.6687628132,0.4220459636,0.3275532145,0.3527408745,0.2949751008,0.6539318621,0.7484969605
47,1,1,1,1,1,0.4728158003,0.6043458466,0.6708832076,0.3945906354,0.4870331444,0.3901363912,0.2364602613,0.1739863359,0.4921174028,0.1844392127,0.669643338,0.422059615,0.3276124997,0.3526493804,0.2949927056,0.6541726342,0.749546523
47.5,1,1,1,1,1,0.4727861591,0.6044862356,0.6708100736,0.3946778035,0.487023174,0.3900467996,0.2364594082,0.1738323995,0.4925338291,0.1844190441,0.6705705109,0.4220183572,0.3278113396,0.3525145273,0.2950719697,0.6544617529,0.7505667683
48,1,1,1,1,1,0.4728084104,0.6046221313,0.6707333302,0.3946417933,0.4869024731,0.390296522,0.2362691341,0.1737799485,0.4926573634,0.1844958391,0.6713049491,0.4219562522,0.3278775595,0.3526090079,0.2950461134,0.654768319,0.7514432807
48.5,1,1,1,1,1,0.4726782906,0.6045331274,0.6706732893,0.3947582266,0.4868064788,0.3903545341,0.2362804224,0.1738103827,0.4931634521,0.1844344779,0.6719111702,0.4217749761,0.3279980862,0.3527882243,0.2951365689,0.6550038551,0.7521435104
49,1,1,1,1,1,0.4726104071,0.6044044201,0.6706896302,0.3947345912,0.4868690376,0.3903640341,0.2363114638,0.1737769843,0.4933584884,0.1843314086,0.6727586092,0.4217777435,0.3278006143,0.3527385792,0.2953181009,0.6552359742,0.7530392309
49.5,1,1,1,1,1,0.4725596606,0.6044213731,0.6709199555,0.3946840835,0.4869927064,0.3902132679,0.2363320037,0.1738715383,0.4934439035,0.1844177253,0.6735736301,0.4216663484,0.3276513845,0.3528063064,0.294970946,0.6555031587,0.7536818672
50,1,1,1,1,1,0.4727774511,0.6043885466,0.6708343996,0.3947180559,0.4868247164,0.3902928876,0.2364621005,0.173907283,0.4936691341,0.1844511978,0.6744836111,0.4217341,0.3275306987,0.3528218317,0.295093286,0.6556812457,0.754319895
50.5,1,1,1,1,1,0.4728144524,0.604299321,0.6706991815,0.3945040329,0.4869941599,0.3901186439,0.2363309979,0.1739608948,0.4939787979,0.1844345126,0.6752576,0.421846536,0.3276291192,0.3529055558,0.2950253051,0.6558681308,0.7551187529
51,1,1,1,1,1,0.4729159871,0.6043157816,0.6707545805,0.3945655022,0.4870184211,0.3902013585,0.2364383691,0.174029347,0.4941461954,0.1845442863,0.6757058159,0.4218209055,0.3276707913,0.3528269066,0.2950483455,0.6561693063,0.7557898921
51.5,1,1,1,1,1,0.4729613267,0.6043570988,0.6707725401,0.3945075728,0.4871416904,0.3902683587,0.2364349731,0.1739206764,0.4945470996,0.1844133045,0.6762155956,0.4217169689,0.3276334625,0.3528236425,0.2950469961,0.6563679515,0.7565602965
52,1,1,1,1,1,0.4730254991,0.6043013538,0.6708082485,0.3943497106,0.4870360615,0.3902889145,0.2364104797,0.1738068687,0.4946042066,0.184479564,0.6770755282,0.4217183471,0.3277555837,0.3528393706,0.2951900726,0.6565619754,0.7570714235
52.5,1,1,1,1,1,0.4729767527,0.604300191,0.6707454333,0.3943371976,0.4869379498,0.3900541553,0.2364704457,0.1738265949,0.4947870142,0.1845611679,0.6776780234,0.4218410924,0.3278346561,0.3527531892,0.2950689703,0.6569434272,0.7576294522
53,1,1,1,1,1,0.4730566191,0.6044675322,0.6707569744,0.3944578601,0.4871983045,0.3902620362,0.2364632008,0.1738565534,0.4949994069,0.1843466536,0.6782615426,0.4218776344,0.3276536466,0.3526423857,0.2952157651,0.6571312487,0.7579993552
53.5,1,1,1,1,1,0.4730817004,0.6042122298,0.6707463797,0.3945632246,0.4871366282,0.390267242,0.2366286659,0.17384455,0.4951672738,0.1844570381,0.6788014835,0.4217876619,0.3276648732,0.3527362778,0.2952729781,0.6572570139,0.7585514714
54,1,1,1,1,1,0.4735165799,0.6042504789,0.6706838663,0.3947496356,0.4871833651,0.3901579727,0.2365534945,0.1738764134,0.4952714029,0.1843266915,0.6794769426,0.4215777906,0.32768582,0.3528015573,0.2950676711,0.6572512483,0.7590521838
54.5,1,1,1,1,1,0.4732928944,0.6043438264,0.6706842112,0.3947548593,0.4871754005,0.3900942017,0.2365267602,0.1740711117,0.4952710852,0.1843458875,0.6799710922,0.4213465243,0.3277883237,0.3527382285,0.2952927118,0.6573683748,0.7595429215
55,1,1,1,1,1,0.4732529921,0.6044425975,0.6705866786,0.3946697883,0.4870173416,0.3900890791,0.2363418354,0.1739772889,0.4954275469,0.1842832404,0.6805725274,0.42149462,0.3277323496,0.3524360231,0.2953469898,0.657483983,0.760196089
55.5,1,1,1,1,1,0.4731400308,0.604500777,0.6707843655,0.3944609326,0.4869485477,0.3900060968,0.2362900601,0.1739276183,0.4957332166,0.1842878975,0.6811999951,0.4213828347,0.3275567081,0.3524317667,0.2951943915,0.6575247617,0.7607436803
56,1,1,1,1,1,0.4731033057,0.6045439316,0.6709984969,0.3945331023,0.4869949832,0.3900358849,0.2362334151,0.1738771063,0.4957901289,0.1843404496,0.6817198691,0.4213349587,0.3275821932,0.3526107917,0.2953253357,0.6576994901,0.7614367028
56.5,1,1,1,1,1,0.4729693037,0.6043746116,0.6709252782,0.3944089604,0.4869719433,0.3902074277,0.2363722437,0.1738023162,0.4958378513,0.1844395541,0.6823133883,0.4212937606,0.327536398,0.352765334,0.2954430433,0.6577888212,0.76196885
57,1,1,1,1,1,0.4732446267,0.6044089596,0.6707360715,0.3944088566,0.4871318219,0.3900949746,0.2364549136,0.1737695621,0.4958646301,0.1843835061,0.6827640392,0.4213740548,0.3276277905,0.3526944012,0.295553588,0.6578343886,0.7623044273
57.5,1,1,1,1,1,0.4732887543,0.6044222848,0.6706032907,0.3945869952,0.4869297158,0.3899834227,0.2364297613,0.1737862405,0.49611204,0.184314704,0.6833632673,0.4213533844,0.3276127706,0.3526538706,0.2955597256,0.6578880197,0.7627102321
58,1,1,1,1,1,0.4732155868,0.6043455037,0.6708125762,0.3945191012,0.4869130251,0.3899886239,0.2364740877,0.173872142,0.4963424101,0.1842530005,0.6838594079,0.4214340785,0.3275633675,0.3525667609,0.2954975069,0.657902663,0.7630071417
58.5,1,1,1,1,1,0.4730519999,0.6043454282,0.6710576856,0.3942996396,0.4871012386,0.3900996968,0.2365673772,0.1738379841,0.4963989907,0.1843496963,0.6841350049,0.4213488449,0.3277504106,0.3524526802,0.2954873088,0.6578752154,0.7633058179
59,1,1,1,1,1,0.4732653657,0.6042017122,0.6711055775,0.3944359583,0.4871813201,0.3899690565,0.2366466288,0.173989234,0.4965187972,0.184548008,0.684532833,0.4216891765,0.3276889058,0.3524539556,0.2954353079,0.6580225533,0.7637577242
59.5,1,1,1,1,1,0.4732401474,0.6043088223,0.6711834013,0.3944071891,0.4873452065,0.3900193246,0.2367441603,0.1739447522,0.4965089899,0.1845674048,0.6850257058,0.421771807,0.3278312729,0.3526503902,0.2950959521,0.6580935619,0.7642900338
60,1,1,1,1,1,0.4730037069,0.6044423792,0.6712438511,0.3943923977,0.4873925282,0.3899933593,0.2367280013,0.1740074585,0.4966845252,0.1846609801,0.6853233499,0.4216816449,0.3279129175,0.3526325926,0.2949731499,0.6581208683,0.764615937
60.5,1,1,1,1,1,0.4728786577,0.6044709292,0.6710566081,0.3944489794,0.4873655252,0.3900774504,0.2366900293,0.1739582479,0.4966691089,0.1847477757,0.68566278,0.4216136186,0.3277461255,0.3526773729,0.2950257403,0.6584233817,0.7649544428
61,1,1,1,1,1,0.4729060765,0.6043464945,0.6709942178,0.3945207882,0.4872487906,0.390063594,0.2366983943,0.1740893292,0.4966023578,0.1847975057,0.6859741513,0.4214920433,0.3275317563,0.3525208687,0.2947277583,0.6585171686,0.7651191035
61.5,1,1,1,1,1,0.4729295974,0.6043126385,0.6711291434,0.394552247,0.4872341014,0.3899033264,0.2365249932,0.1741474063,0.496891988,0.1848176935,0.686435139,0.4214081479,0.327549323,0.3526308282,0.2948247667,0.6583910404,0.7654511974
62,1,1,1,1,1,0.4731242218,0.6041558077,0.6711869892,0.3943567554,0.4871916576,0.3901253354,0.2363932118,0.174056601,0.4971802594,0.1848369212,0.6869141367,0.4215549731,0.3275905772,0.3525868423,0.2948259243,0.6584853572,0.7656863447
62.5,1,1,1,1,1,0.4730075161,0.604133824,0.6710545519,0.3944057462,0.4872768634,0.3901215198,0.2363829389,0.1742109307,0.4972493259,0.1847719419,0.6871705938,0.4218158654,0.327714238,0.3524553631,0.2949168855,0.6585221146,0.7660124204
63,1,1,1,1,1,0.4729909443,0.6040500453,0.6708953936,0.3944621897,0.4872022262,0.3899777797,0.2365672139,0.174071353,0.4974296019,0.1847960427,0.6875687826,0.4218800621,0.3276844167,0.3524398125,0.2949206304,0.6584474755,0.7663242912
63.5,1,1,1,1,1,0.473126295,0.6042794763,0.6708937101,0.3945258985,0.4871230196,0.3902292804,0.236598647,0.1741137685,0.4976215679,0.1846913742,0.6877519681,0.4217823028,0.3277630154,0.352474313,0.2947349009,0.6586186416,0.7667699605
64,1,1,1,1,1,0.4732003003,0.6041934626,0.6709500448,0.3942347801,0.4871348348,0.3901203209,0.2366057695,0.1739663929,0.4977706549,0.1845336832,0.6881754939,0.421720748,0.3278063274,0.3524713775,0.2948879227,0.6587523602,0.7670822432
64.5,1,1,1,1,1,0.472951818,0.604142931,0.6709495003,0.3943523044,0.4871238229,0.3902089397,0.2364952056,0.1739916812,0.497831872,0.184613747,0.6883683049,0.4218816526,0.3280513778,0.3525033682,0.2948399243,0.6585232473,0.7675820704
65,1,1,1,1,1,0.4730142687,0.6041807552,0.6709679197,0.3944279371,0.4871002812,0.3902956344,0.2363504319,0.1739604028,0.4979533399,0.1847734553,0.6887492987,0.4219221338,0.3280626003,0.3526037684,0.2949661528,0.6586309907,0.7677776949
65.5,1,1,1,1,1,0.472929387,0.6041676664,0.6710698575,0.3945319601,0.4872183066,0.3901304112,0.2362925059,0.1739215731,0.4978331428,0.1848916566,0.6889739585,0.4218068695,0.3279604494,0.3526488383,0.2950415429,0.6588207234,0.7681014174
66,1,1,1,1,1,0.472915168,0.6039821594,0.6711033931,0.3945031312,0.486937048,0.3901619747,0.2362674848,0.173754232,0.4980951863,0.1850130153,0.6892167707,0.4217287712,0.3277676447,0.3525340753,0.294791435,0.658852359,0.7686052497
66.5,1,1,1,1,1,0.4728593814,0.6042217246,0.6711568301,0.3944306007,0.486885132,0.3901959759,0.2363483659,0.1738371268,0.4980179977,0.1850454769,0.6893155928,0.4216879084,0.3275304919,0.3525296409,0.2947778406,0.6588383855,0.7686014329
67,1,1,1,1,1,0.4728629268,0.6043689245,0.6710960067,0.3943445498,0.4871102644,0.3901436136,0.2363741848,0.1739257748,0.4982086798,0.1850774916,0.6896117118,0.4213812994,0.3275826353,0.3524304171,0.2948583512,0.6589503433,0.7688963363
67.5,1,1,1,1,1,0.4729663466,0.6045129444,0.6710399102,0.3943281579,0.4870784642,0.3900454889,0.2362387798,0.1739237575,0.4985717913,0.1848824654,0.6900499597,0.4214057442,0.3276196581,0.3522665804,0.2950340252,0.6588904814,0.7691303019
68,1,1,1,1,1,0.4729380027,0.60449477,0.6709585376,0.3943020552,0.4871727011,0.3902117004,0.2364267342,0.1740229877,0.4987311856,0.1849609737,0.6902882358,0.4215838916,0.3276380122,0.3523867953,0.2950533304,0.6589526195,0.7694241351
68.5,1,1,1,1,1,0.4730728979,0.6046585019,0.6709311451,0.3940609783,0.4872044189,0.3901741325,0.2366331237,0.1740588566,0.4988935239,0.1849394402,0.6904860424,0.421625929,0.3275856382,0.3525300466,0.2949821258,0.6588860001,0.7696656616
69,1,1,1,1,1,0.4733186334,0.6043635784,0.6709910753,0.3943118633,0.487101017,0.3901437227,0.2365079828,0.1738578736,0.49896207,0.185007924,0.6907475669,0.421737991,0.3277799913,0.3524853494,0.2947611941,0.6588589781,0.7699944886
69.5,1,1,1,1,1,0.4734110569,0.6044316047,0.6709086634,0.3941371874,0.4867845201,0.390135769,0.2363303144,0.1738380529,0.4987534825,0.1848821508,0.6910757519,0.4217278823,0.3277351775,0.3523861544,0.2947482866,0.6590641567,0.7700921085
70,1,1,1,1,1,0.4732030212,0.6043900668,0.6707779132,0.3940947761,0.4868040563,0.3901433035,0.2363303833,0.1739020148,0.4986669111,0.1847309823,0.6914149793,0.4217491061,0.3278544433,0.3523369142,0.2946195643,0.6589781436,0.7701594079
70.5,1,1,1,1,1,0.4731196878,0.6043708496,0.6708343753,0.3943871609,0.4868578001,0.3900463291,0.2363747322,0.1737841107,0.4987912465,0.1846445349,0.6916323174,0.4217562995,0.3278632163,0.3523630901,0.2948035318,0.6588029626,0.7702476271
71,1,1,1,1,1,0.4731735569,0.6044784046,0.6709091884,0.3944849409,0.4870263343,0.3900199694,0.2364179787,0.1738330406,0.4987966621,0.1847098212,0.691688617,0.421763651,0.3277569631,0.3523931904,0.2949772061,0.6589484406,0.7704896569
71.5,1,1,1,1,1,0.4733092065,0.6046184231,0.6709484713,0.3945340292,0.48696736,0.3901143195,0.2363152295,0.1738968015,0.4985861841,0.1846399631,0.691851424,0.4217082452,0.327652692,0.3522296676,0.2952625927,0.6588652947,0.7707189017
72,1,1,1,1,1,0.4732489485,0.6045092976,0.6710582645,0.3943485739,0.4870474975,0.3899997794,0.2361582996,0.1739565789,0.4985258452,0.1845296187,0.6919852689,0.4217175743,0.3277110403,0.3520942473,0.2951731565,0.6589836523,0.770884877
72.5,1,1,1,1,1,0.4730175501,0.6045147432,0.6710375472,0.394371377,0.4869970877,0.3897698032,0.2363892929,0.1738042664,0.4987421927,0.1844607044,0.6921865052,0.4215836105,0.327826538,0.3520312045,0.2952514508,0.6591206994,0.7710093444
73,1,1,1,1,1,0.4729591535,0.604644052,0.6710033379,0.3945347998,0.4867383932,0.3898464555,0.2363885164,0.1738077835,0.4987679219,0.1844834007,0.6925018102,0.4217139791,0.3280371435,0.3522502918,0.2952980986,0.6592437506,0.7711129212
73.5,1,1,1,1,1,0.4729871007,0.6044618507,0.6712297441,0.3944314704,0.4869321211,0.3899089298,0.2364615062,0.1739235324,0.4989166399,0.1844062589,0.6926699428,0.4217008133,0.327733837,0.3522943587,0.2951796997,0.6591568415,0.7711609995
74,1,1,1,1,1,0.4728919312,0.6045185312,0.6711998411,0.3945213828,0.4868107404,0.3899147174,0.236378775,0.1739887321,0.4989768523,0.1845540152,0.6928699245,0.4215486373,0.3276827501,0.3524126346,0.2950986602,0.6593387255,0.7712577438
74.5,1,1,1,1,1,0.4730224188,0.604625467,0.6711303143,0.3943755729,0.4868680093,0.3898887894,0.2365317159,0.174038005,0.4992167933,0.1846339635,0.6931522562,0.4213942399,0.3276835203,0.3523616451,0.2950408129,0.6593448014,0.7717070044
75,1,1,1,1,1,0.4730124048,0.6046708076,0.6709298147,0.3942088544,0.4868026273,0.3898477623,0.2364719309,0.1738148324,0.4993451077,0.1846092278,0.6933743716,0.4213765558,0.3275447594,0.3524761012,0.2949282897,0.6592810704,0.772019997
75.5,1,1,1,1,1,0.4729724179,0.6045590624,0.6710382925,0.394301555,0.4872373991,0.3900121073,0.2363903565,0.1738012179,0.4995155445,0.1846084382,0.6936242412,0.4214227681,0.3276986271,0.3525266543,0.2950100697,0.6592341013,0.7720365085
76,1,1,1,1,1,0.4729152015,0.6044961685,0.6709397964,0.3942364931,0.4870159266,0.3901863288,0.2365251505,0.1738951247,0.4993401303,0.1847234523,0.6937684482,0.4213356939,0.3278882386,0.3527746519,0.2951387671,0.6589803699,0.7721838302
76.5,1,1,1,1,1,0.4729217362,0.6045965601,0.6710837179,0.3942051644,0.4869878481,0.3900177625,0.2364979159,0.1740292035,0.4991469826,0.1846748231,0.6939739281,0.4214445345,0.3277609896,0.3525928309,0.2951228346,0.6589608713,0.7724016677
77,1,1,1,1,1,0.4730211627,0.6045330369,0.6709051368,0.3942576178,0.4870848032,0.3901084682,0.2364195466,0.173973954,0.4991481154,0.1846859734,0.6942723173,0.4215379281,0.3278349514,0.3523304786,0.2952417333,0.6590273444,0.7725671597
77.5,1,1,1,1,1,0.4731706373,0.6044523477,0.6709364997,0.3943555058,0.4870236124,0.3901642353,0.2363834588,0.1739692864,0.4992679264,0.1847179432,0.6945575823,0.4215382656,0.3277638892,0.3523523717,0.2950456961,0.6591098112,0.7726252963
78,1,1,1,1,1,0.4732317613,0.6041858021,0.6710173636,0.3941966724,0.4870366912,0.3899929298,0.2363763502,0.1740154823,0.4995290567,0.1845810845,0.6945913872,0.4218243823,0.3278087767,0.3525731765,0.2951359287,0.6591625694,0.772833035
78.5,1,1,1,1,1,0.4729663088,0.6041819471,0.671107227,0.3942769336,0.4871741501,0.3901057464,0.2364471971,0.1739433928,0.4995717342,0.1846358033,0.6947852195,0.4217668435,0.3277025151,0.352501577,0.2951179166,0.6594189781,0.7728643817
79,1,1,1,1,1,0.4728559053,0.6042648557,0.6712486245,0.3942353601,0.4872509205,0.390054147,0.23651416,0.173950401,0.4996527214,0.1846818827,0.6951098019,0.4219398112,0.3276341692,0.3524247366,0.294954631,0.6595820663,0.7730470176
79.5,1,1,1,1,1,0.4727344908,0.6044338254,0.6712754358,0.3943624167,0.4871571084,0.3899643741,0.2363228697,0.1739315868,0.4995458669,0.1846633759,0.6955130921,0.4216892867,0.3277110363,0.3522422262,0.2948180842,0.6596391192,0.7731884708
80,1,1,1,1,1,0.47278423,0.6044002571,0.6711318854,0.3943165362,0.4871665702,0.3899580121,0.2363320556,0.1738270201,0.4997371135,0.1847025269,0.6955097401,0.4215536687,0.3275904204,0.3521824043,0.2948867011,0.6596481018,0.7733622004
80.5,1,1,1,1,1,0.4728851586,0.6042730131,0.6711151484,0.3943282458,0.4874110034,0.3898356782,0.2363557875,0.1737208105,0.4998217258,0.1846414136,0.6956365678,0.4217472944,0.327597154,0.3521542846,0.2949026161,0.659635271,0.77335275
81,1,1,1,1,1,0.4727459835,0.6044571042,0.6711540574,0.3942890168,0.4871082281,0.3898446621,0.2362866601,0.1737566398,0.4999251726,0.1845422563,0.6958822457,0.4216876694,0.3275621169,0.3521861921,0.2948974631,0.6595002985,0.7735418516
81.5,1,1,1,1,1,0.4726999054,0.6045507856,0.6711097398,0.3940602432,0.4871502481,0.3896045192,0.2362389131,0.1737789751,0.4998329106,0.1846368427,0.6961431863,0.4218674389,0.3279075714,0.3520983838,0.2950781643,0.6595428594,0.7736060385
82,1,1,1,1,1,0.4728223917,0.6046328474,0.6710498648,0.3942014206,0.4870418006,0.3896827355,0.2361589426,0.1737956135,0.4998002987,0.1845430862,0.6962756088,0.4216779136,0.3281877962,0.3520864811,0.2948732267,0.6594050115,0.7736782025
82.5,1,1,1,1,1,0.4729831154,0.6046002741,0.6713669745,0.394381211,0.4870616966,0.3897145304,0.2361553355,0.1738474074,0.4996686817,0.1847711813,0.6965076314,0.4217416277,0.3281935829,0.352220219,0.2948446186,0.6595012833,0.773894112
83,1,1,1,1,1,0.4728855468,0.6045117489,0.6712685893,0.3942791393,0.4869799498,0.3896560342,0.2361781591,0.1738452764,0.4995808024,0.1847733858,0.6965936549,0.4218161727,0.3280642532,0.3520993397,0.2948879097,0.6594092977,0.7739408514
83.5,1,1,1,1,1,0.4728085569,0.6046048127,0.6712783236,0.3943607155,0.4870252665,0.3899674299,0.2363154093,0.1737607923,0.4997169894,0.1846784507,0.6967987592,0.4219491553,0.3280260346,0.3519570878,0.294947615,0.6594810314,0.7740086942
84,1,1,1,1,1,0.4729085776,0.6044747339,0.6710771696,0.3944652016,0.4869939599,0.3899564529,0.2361924297,0.1737858528,0.4997347435,0.1846266989,0.6969398254,0.4221831285,0.3280463475,0.351990847,0.294790981,0.6593601097,0.7740515591
84.5,1,1,1,1,1,0.4729628696,0.6044557092,0.6712292295,0.3944703382,0.4870895202,0.3898901836,0.2364728221,0.1737541949,0.4996061155,0.184737019,0.6971621989,0.4219978855,0.3282333668,0.3520746142,0.2948736043,0.6595367985,0.7740364121
85,1,1,1,1,1,0.4730728225,0.6043951241,0.6710475714,0.394462598,0.4868851164,0.3899894867,0.2364044623,0.1738829418,0.4995897861,0.1847780117,0.6971651653,0.421967206,0.3280911665,0.3522052606,0.2948683127,0.6594548838,0.7739998162
85.5,1,1,1,1,1,0.4731513788,0.6045445861,0.670984389,0.3944558793,0.4867599834,0.3898780607,0.2364303212,0.1739390071,0.4996978012,0.1849950799,0.6972810016,0.4219828736,0.3281160669,0.3523299882,0.2948782535,0.6594180335,0.7740356995
86,1,1,1,1,1,0.472988955,0.6046430432,0.6708877331,0.3941896891,0.4867538694,0.3898741273,0.2363174551,0.1739981181,0.4999836984,0.1847930799,0.6971587062,0.4221738339,0.3280136242,0.3522787719,0.2949624007,0.659523629,0.7741968078
86.5,1,1,1,1,1,0.4728880423,0.6043603832,0.6710737508,0.3941465057,0.4868648327,0.3899808319,0.2365201164,0.1738887726,0.4999954061,0.1848567855,0.6972980644,0.4221232479,0.3280369854,0.3523689653,0.2949002598,0.6593677777,0.7742713805
87,1,1,1,1,1,0.4727197922,0.6042888397,0.6711055053,0.3943667361,0.486891654,0.389990555,0.2364513817,0.1738043309,0.5002292568,0.1847692408,0.6974250289,0.4219585955,0.328016395,0.3523022031,0.2949809174,0.6593436439,0.7742166027
87.5,1,1,1,1,1,0.472873917,0.6042494086,0.6710749089,0.3943401658,0.4868914568,0.3899065541,0.2365405624,0.1738600691,0.5002346119,0.1848298878,0.6974073772,0.4217434721,0.3280002937,0.3524698292,0.2951727998,0.659361122,0.7743587883
88,1,1,1,1,1,0.4728556035,0.6043551352,0.6710238085,0.3945360355,0.4868923534,0.389929163,0.2365078604,0.1738356535,0.5001549674,0.1847727069,0.6974756506,0.4219263056,0.3279531195,0.3523644838,0.2950546208,0.6593644777,0.7744975234
88.5,1,1,1,1,1,0.4727837604,0.6042868724,0.6709336898,0.3944983398,0.4869589755,0.3897808471,0.2362995056,0.173821094,0.5001059279,0.1846541794,0.697736147,0.4220489526,0.3280260626,0.352242694,0.2949701412,0.6592757535,0.7744922084
89,1,1,1,1,1,0.4727472451,0.6044553764,0.6710989156,0.3943396857,0.4870527891,0.38971809,0.2364200372,0.1736651852,0.5000120331,0.1847621948,0.6978703905,0.421830326,0.3279431118,0.3523830107,0.2949429145,0.659218339,0.7746850125
89.5,1,1,1,1,1,0.4728564822,0.6044488335,0.6710940836,0.3944261052,0.487117845,0.3897972687,0.2364557252,0.1736797282,0.5000860578,0.1847250597,0.6979548313,0.4216990357,0.3279704582,0.3522465985,0.2949807989,0.6592416237,0.7746813632
90,1,1,1,1,1,0.4730363195,0.6044901358,0.6710178137,0.3944418808,0.4869176676,0.3898856379,0.2364971803,0.1737534052,0.499994316,0.1846771137,0.6979876847,0.4216922094,0.3280055336,0.3524195411,0.2949768112,0.6591948861,0.7747786511
90.5,1,1,1,1,1,0.4728490461,0.604659586,0.6709544935,0.3943392754,0.4869500002,0.389830269,0.2364695073,0.1738559845,0.4998121133,0.1846481291,0.6980688485,0.4215414876,0.3281568386,0.3524211213,0.2950146854,0.6591528444,0.7748352502
91,1,1,1,1,1,0.4729016006,0.6046862435,0.6708246542,0.3940986887,0.4871796858,0.3900543687,0.2363934321,0.1739586126,0.4998911385,0.1845134673,0.6982674366,0.4216372743,0.3281595152,0.3524601347,0.2952076015,0.6590034091,0.7748754185
91.5,1,1,1,1,1,0.4727521835,0.6041760952,0.670803807,0.3940004469,0.4870363986,0.3899948747,0.2364588029,0.1739902498,0.4999549477,0.1845583688,0.6984194662,0.4218847273,0.3279951001,0.3524727437,0.2951288176,0.6589705489,0.7749780775
92,1,1,1,1,1,0.4727538765,0.6042827543,0.6707728706,0.3941106368,0.4870038106,0.3900716963,0.2364294992,0.1739979037,0.499934787,0.1844884711,0.6985124476,0.4218403369,0.3281014468,0.3525231605,0.2950696785,0.6590248839,0.7750587289
92.5,1,1,1,1,1,0.4726921671,0.6043435193,0.6707753249,0.3941338442,0.4869480667,0.3898474109,0.2365715155,0.1738864335,0.4998802386,0.1845586936,0.6986437818,0.421632557,0.327996676,0.3525019058,0.2952011527,0.6589929836,0.7751445598
93,1,1,1,1,1,0.4728865813,0.6043440143,0.6708579286,0.3942702051,0.4870596341,0.3898636032,0.2364443049,0.1738895452,0.4998841557,0.1845182488,0.6986440197,0.4216496306,0.3279807229,0.3524220767,0.2952128412,0.6590177974,0.775302449
93.5,1,1,1,1,1,0.4730057953,0.6044214155,0.6707732766,0.394419948,0.4871884918,0.3898470402,0.2364476984,0.1739010661,0.4998569626,0.1845779327,0.6987268031,0.4215832804,0.3279157753,0.3524838781,0.2951314443,0.6591603394,0.7753537562
94,1,1,1,1,1,0.4728662759,0.6044015004,0.6709050171,0.3942735678,0.486961686,0.3898670378,0.236443725,0.1737619292,0.4997843096,0.1844850781,0.6986791298,0.4215079145,0.3279024562,0.3525250651,0.2950652364,0.6592560429,0.7754584613
94.5,1,1,1,1,1,0.4728420596,0.6042862667,0.6710656534,0.3942300279,0.4869815158,0.3899023168,0.2363196395,0.1738648123,0.4998175144,0.1844586054,0.6989227132,0.4216720808,0.3279526779,0.3524046071,0.2950682251,0.6593431149,0.7754849636
95,1,1,1,1,1,0.4727799797,0.604459426,0.6710606878,0.3942702495,0.4870920992,0.3898969703,0.2361391927,0.1739096064,0.5000498612,0.1844745179,0.6988608735,0.4216746756,0.327893732,0.3525645054,0.294940107,0.6595359728,0.7754267938
95.5,1,1,1,1,1,0.4728412462,0.6043742719,0.6710889358,0.3942113384,0.48700709,0.3898773172,0.2361910707,0.1737257176,0.5000951306,0.1844791101,0.6990673798,0.4215577262,0.3280757495,0.3523849145,0.2948857855,0.6596520832,0.7755887739
96,1,1,1,1,1,0.4728466171,0.6042381714,0.6712223637,0.3942617379,0.4869643212,0.3898058187,0.2361523209,0.1735895604,0.5001201035,0.1844262286,0.6991752242,0.4215603318,0.3280826265,0.3523536974,0.2947490088,0.6597747646,0.7756651672
96.5,1,1,1,1,1,0.47286995,0.6042030334,0.6712083202,0.3942838249,0.4871337449,0.3896315387,0.2362646151,0.1737347733,0.50013149,0.1844490197,0.6992199437,0.421673248,0.3279803173,0.3525099818,0.2948130296,0.6599575544,0.7757875775
97,1,1,1,1,1,0.4728164361,0.6043271824,0.6708229952,0.3943976103,0.4872611701,0.3900124844,0.2363473905,0.1738491905,0.5000188979,0.1844170075,0.6991391859,0.4219722974,0.3281767973,0.3525433607,0.2949514206,0.6597874971,0.7757910286
97.5,1,1,1,1,1,0.4727907887,0.6044375993,0.6709595926,0.3943549308,0.4871796308,0.3900887497,0.236242568,0.1737743931,0.4999237467,0.1844733623,0.6991649152,0.4216399993,0.3283048705,0.3524769513,0.2950278236,0.6597653311,0.7756962306
98,1,1,1,1,1,0.4728835881,0.604363824,0.6709883191,0.3943422493,0.4874110621,0.3901952564,0.2362250703,0.1737933978,0.4998238067,0.1843432535,0.6991096317,0.421624865,0.32813488,0.3524100618,0.2950908306,0.6598620076,0.7758115407
98.5,1,1,1,1,1,0.4730665021,0.6041980041,0.6708113718,0.3944791392,0.4874032394,0.3900791124,0.2362237014,0.1738010104,0.4997292961,0.1842591167,0.6990823898,0.4216256593,0.32791701,0.3525345135,0.295185361,0.6598379981,0.7759208532
99,1,1,1,1,1,0.4731477307,0.6042705728,0.6710413963,0.3946076693,0.4873047237,0.3900430215,0.236339958,0.1737933956,0.4999356198,0.1844056538,0.6991956608,0.4217698332,0.327838462,0.3525734633,0.2951221645,0.6597852831,0.7760014851
99.5,1,1,1,1,1,0.4732466178,0.6042632756,0.6711455393,0.3944770537,0.4872215871,0.3900510799,0.2363738092,0.1738208868,0.5000006727,0.1845195999,0.6991592044,0.4215440325,0.3277533318,0.3526248799,0.2951143074,0.6597306647,0.77609217
100,1,1,1,1,1,0.4731508443,0.604368396,0.6712024572,0.3944910179,0.4871858384,0.3900079422,0.2365096674,0.173897592,0.5001291058,0.1844665818,0.6993041731,0.421765638,0.3277413596,0.3525417735,0.2950014457,0.6599154061,0.7761535284
100.5,1,1,1,1,1,0.4730136199,0.6043505846,0.6710861788,0.39461592,0.487331693,0.3901472015,0.2363884276,0.1739288717,0.500083838,0.1844683849,0.6994456415,0.421745393,0.3279468622,0.3524996411,0.2951071318,0.6598283382,0.7761057773
101,1,1,1,1,1,0.4731470929,0.6043760636,0.671353355,0.3945008231,0.4875679017,0.3902445519,0.2363856111,0.1738118651,0.5000522918,0.184553568,0.6995647967,0.4218481002,0.3280366013,0.352500196,0.2949186462,0.6596292029,0.7762389633
101.5,1,1,1,1,1,0.4727528677,0.6043381765,0.6713551674,0.3944585016,0.4875344974,0.3901576449,0.2364497879,0.1738709347,0.4999965022,0.184445552,0.6996024753,0.4218906562,0.327916619,0.3525657279,0.2948363757,0.6597519832,0.7762933905
102,1,1,1,1,1,0.4729438485,0.6045125677,0.6712936885,0.3946235997,0.4872215838,0.3901006314,0.2364265665,0.1739000162,0.5000074478,0.1845888025,0.6994962216,0.4218955728,0.3279014599,0.3526217763,0.2949125836,0.6598493303,0.7764273439
102.5,1,1,1,1,1,0.4726946453,0.6044081534,0.6713200294,0.3948356009,0.4871706057,0.3901821854,0.2365189897,0.1738615319,0.4998268836,0.1847917715,0.6995742163,0.4220963557,0.3278720933,0.3526507708,0.2948887954,0.6601111301,0.7764936399
103,1,1,1,1,1,0.4726513229,0.6044868931,0.6711033221,0.3949288521,0.4870848966,0.3901411255,0.2364859953,0.1738662735,0.4999526351,0.1847704597,0.6997328179,0.421985615,0.3279554687,0.3526774755,0.2949925296,0.659857009,0.7766419022
103.5,1,1,1,1,1,0.4727502251,0.6046211396,0.6709544579,0.39473362,0.4869883525,0.3902991477,0.2365561006,0.1740452891,0.4998140678,0.1848200163,0.6998022607,0.4221212155,0.3281134331,0.3526065637,0.2950584321,0.6599288579,0.7765741192
104,1,1,1,1,1,0.4727347235,0.6044898025,0.6709036007,0.3948310016,0.4871205996,0.3901962418,0.2366168767,0.1740230518,0.4996095119,0.1847659424,0.6998061784,0.4220281923,0.3279535651,0.3526302921,0.2949444571,0.6597488139,0.7766016906
104.5,1,1,1,1,1,0.4728635632,0.6045655409,0.6708933783,0.3944917462,0.487071783,0.3901664161,0.2364510439,0.1739774656,0.4996451255,0.1848125929,0.6998906532,0.422191034,0.3279515096,0.3527708816,0.2950266437,0.6596741631,0.776599025
105,1,1,1,1,1,0.4728969059,0.6044657842,0.6709782497,0.3945048397,0.4871115341,0.3901414878,0.2364311937,0.1740119936,0.4995493196,0.1846318768,0.7000136382,0.422230809,0.3281018325,0.3528448345,0.2950017331,0.6597930277,0.7767279629
105.5,1,1,1,1,1,0.4728753437,0.604389221,0.6709646018,0.3942980238,0.4871850069,0.3900992305,0.2362949903,0.1739893634,0.4996245181,0.1844048484,0.7000546713,0.4219952588,0.3278695906,0.3529717403,0.2950723421,0.6598932039,0.7767393554
106,1,1,1,1,1,0.4727741947,0.6045462202,0.6707849743,0.3943659139,0.4870845524,0.390130858,0.2362300476,0.1740865686,0.4998234284,0.1846771074,0.7002395458,0.4221521376,0.3280236762,0.3530499588,0.2949530577,0.6599072781,0.7767969732
106.5,1,1,1,1,1,0.4727086795,0.6044621894,0.6707311842,0.3945399148,0.4869956915,0.3901258465,0.2363956678,0.174098089,0.49967556,0.1845721563,0.7002107225,0.4221136801,0.3279641826,0.3528949855,0.2952204386,0.6597315317,0.7769315127
107,1,1,1,1,1,0.4729898404,0.6045146816,0.6708420277,0.3945102287,0.48715735,0.3901309658,0.2363597014,0.1739988799,0.4998556197,0.1845031103,0.7003148867,0.4220463931,0.3279291737,0.3528947577,0.2954131481,0.6597917107,0.7770825608
107.5,1,1,1,1,1,0.4730606768,0.6045793896,0.6708747813,0.394252512,0.487064626,0.3903809562,0.2365062733,0.1739609647,0.4998482287,0.1845499611,0.7003281035,0.4220276461,0.3278083581,0.3529775313,0.2955733825,0.659659294,0.777096618
108,1,1,1,1,1,0.4728676022,0.6045027124,0.6709819229,0.3943165014,0.4871430044,0.3904808962,0.2365373477,0.1739998399,0.4999362772,0.184484215,0.700253355,0.4220009253,0.3277921684,0.3528598199,0.2956903142,0.6596720443,0.7770880153
108.5,1,1,1,1,1,0.4728599985,0.6046291598,0.6710746337,0.394376978,0.4872044631,0.3903228664,0.2365340878,0.1739462335,0.5001598254,0.1846389513,0.700197086,0.4221282037,0.3277367973,0.3528406343,0.2954390018,0.6596489832,0.7773510579
109,1,1,1,1,1,0.4728875976,0.6044509145,0.6710223627,0.3944059782,0.4873055924,0.3900247413,0.2365266073,0.1739272348,0.500128203,0.1845995541,0.7002592597,0.4222390793,0.327933632,0.3527462669,0.2954715415,0.6594021866,0.7775399323
109.5,1,1,1,1,1,0.4730135808,0.6044248349,0.6712320409,0.3944114414,0.487363492,0.3900521795,0.2364552067,0.1740938613,0.5002348922,0.1846834833,0.7003018234,0.4223676767,0.3280087367,0.3526299268,0.2952172346,0.6592375627,0.7775376945
110,1,1,1,1,1,0.4730278512,0.60432914,0.6710386115,0.3944402484,0.4872262523,0.3900376301,0.2365565793,0.1740224338,0.5004238841,0.1846705727,0.7005183188,0.4223800581,0.3280026204,0.3525151874,0.2951308937,0.6590623091,0.7777467756
110.5,1,1,1,1,1,0.4730809943,0.6043371062,0.6708727067,0.3943589514,0.4869942045,0.3900309981,0.2365727694,0.1740193997,0.5003007792,0.1846993715,0.7005078758,0.4221696496,0.3280367563,0.3525406909,0.2952321502,0.6591001241,0.777869524
111,1,1,1,1,1,0.4731866481,0.6043962074,0.6709259254,0.3944144124,0.4871312161,0.3902994512,0.2365116901,0.1740698262,0.5004072983,0.1848151804,0.7005350496,0.4220380318,0.3279691568,0.3525886736,0.2952581539,0.6590869282,0.7778694994
111.5,1,1,1,1,1,0.4731341927,0.6043177716,0.670956174,0.3944055838,0.4871278384,0.3904022063,0.2365768244,0.1739046773,0.5002041963,0.1848989979,0.7006612188,0.4219851024,0.3281318649,0.3526173406,0.295324198,0.6589313451,0.7778616467
112,1,1,1,1,1,0.4729875469,0.6045122724,0.6711162596,0.3946264636,0.4871586611,0.3901614884,0.2365408305,0.173920524,0.5001528102,0.1849390711,0.7007546093,0.42188353,0.3281533599,0.3525469607,0.2953357183,0.6591135985,0.7778563026
112.5,1,1,1,1,1,0.4729347993,0.6045067734,0.6710620535,0.3945062911,0.4870815232,0.3902542804,0.2365189319,0.1739462033,0.5001597154,0.1848167365,0.7007045263,0.4220013075,0.3280932972,0.3524718531,0.2954768687,0.6590618067,0.7778570101
113,1,1,1,1,1,0.4728388843,0.6044829781,0.6709787801,0.394504079,0.48723893,0.3903905369,0.2364061887,0.1738825365,0.5003304153,0.1847910128,0.7008208468,0.4220492034,0.3279032391,0.3524032668,0.2952754798,0.6590859102,0.7778502122
113.5,1,1,1,1,1,0.4729944512,0.6045493026,0.6710211982,0.3944918015,0.4870890252,0.3901150761,0.2364362556,0.1737986969,0.5000347993,0.1847035225,0.7008982952,0.4221865439,0.3279923423,0.352432441,0.2953859632,0.6591960936,0.7777398655
114,1,1,1,1,1,0.4729742252,0.6045165623,0.6710014624,0.394419498,0.4871925334,0.3900619462,0.2364419803,0.1736663801,0.5000141596,0.1846382358,0.7010671554,0.4221170085,0.3281800255,0.3523747864,0.2953474504,0.6592236805,0.7777064451
114.5,1,1,1,1,1,0.4731173232,0.6044306938,0.6710659914,0.3942724083,0.4870490083,0.3900472481,0.2365091654,0.1737172897,0.5000156665,0.1845467722,0.7009143739,0.4220989955,0.3280867063,0.352238726,0.2952664968,0.6593151401,0.7776831478
115,1,1,1,1,1,0.4731670012,0.6045275658,0.6710212927,0.3941663465,0.4870717055,0.3899563897,0.2363164601,0.1736901871,0.4998399043,0.1845973301,0.7008790042,0.4220209601,0.3280666133,0.3521874794,0.2952872016,0.6593293644,0.7778800908
115.5,1,1,1,1,1,0.4729641181,0.60442473,0.6708083226,0.3942362914,0.4869385172,0.3900314469,0.2363110938,0.1736783743,0.4995979634,0.1845624066,0.7008592237,0.4219630485,0.3281100841,0.3521224055,0.295225656,0.6593101493,0.7779039155
116,1,1,1,1,1,0.4729238454,0.6043163235,0.6708034988,0.3943778104,0.4869448899,0.3898349012,0.2363322602,0.1736423709,0.4994911601,0.1845245233,0.7006786359,0.4219637809,0.3281197222,0.3520458249,0.295155072,0.6591496553,0.7778157898
116.5,1,1,1,1,1,0.4728052665,0.6041748934,0.6709193124,0.3943215021,0.4868633085,0.3896902238,0.2364404738,0.1736158191,0.4994431917,0.1845573232,0.7007525288,0.4217573764,0.3283581071,0.3519219486,0.295062754,0.6593778908,0.777795342
117,1,1,1,1,1,0.4727504287,0.6041574301,0.6708917441,0.3942357901,0.4870137359,0.3896322147,0.2362563178,0.1736598091,0.4994581607,0.1845205374,0.7007769786,0.4217286451,0.3282706213,0.3519390032,0.2950236706,0.6592539168,0.7778482968
117.5,1,1,1,1,1,0.4727939381,0.6044189092,0.6708435889,0.394284451,0.487068116,0.3898497877,0.2362385302,0.1736287791,0.4996585144,0.1844960057,0.700618071,0.4218752911,0.3282825232,0.3521240556,0.2948144723,0.6591467353,0.7779319687
118,1,1,1,1,1,0.4726799603,0.6042769532,0.6709044155,0.394361902,0.4873129946,0.3897149211,0.2361574918,0.1737012623,0.5000948545,0.1843912106,0.7007586909,0.421721655,0.3280834565,0.3519931814,0.2949378812,0.6590915293,0.7777981243
118.5,1,1,1,1,1,0.4726508503,0.6042719251,0.6709927871,0.3943347087,0.4872343368,0.3899412529,0.2360724306,0.1737202449,0.5000920967,0.1845492649,0.7009570892,0.421658974,0.3281473851,0.3518443399,0.2949912796,0.6591936317,0.7778875036
119,1,1,1,1,1,0.4729096015,0.604295379,0.6711128379,0.3944009627,0.4870922076,0.3901249317,0.2359132312,0.1736449807,0.4997964287,0.1844324362,0.7009036492,0.4214756451,0.3280056783,0.3518761285,0.2948721715,0.6592011963,0.7778889876
119.5,1,1,1,1,1,0.473114357,0.6044752876,0.6711036441,0.394489945,0.48698168,0.3902544194,0.2362023524,0.1735790007,0.4997099506,0.1842085389,0.7009589989,0.4215203983,0.3280176472,0.351887347,0.2949098961,0.6592101416,0.7780148083
120,1,1,1,1,1,0.4731811886,0.6044394047,0.6710183686,0.3945284151,0.4869875637,0.3903257575,0.2364661593,0.1736901425,0.4997920424,0.1843445649,0.7009519187,0.4217192569,0.3280004993,0.3521687595,0.294965023,0.659305815,0.7779876902
120.5,1,1,1,1,1,0.4729757206,0.6045482467,0.6710670045,0.394348845,0.4871112012,0.3901097537,0.2364070871,0.1737413302,0.4998782956,0.1843696629,0.7009716418,0.4219925494,0.3279629023,0.3523550123,0.294921972,0.6593360583,0.7780659153
121,1,1,1,1,1,0.4728891181,0.6043293123,0.6709909431,0.3944614987,0.4870606251,0.3902468242,0.236410807,0.1737276181,0.5000772177,0.1843277921,0.7009465346,0.4219767105,0.3280078467,0.3522130788,0.2949364112,0.6591521524,0.7780530998
121.5,1,1,1,1,1,0.4727868847,0.6042889178,0.6708999675,0.3944577191,0.4866721963,0.390455669,0.2366326391,0.1738130401,0.500188549,0.1843540282,0.7011067793,0.4220287492,0.3280379847,0.3522833817,0.2948455776,0.6593063368,0.7778271901
122,1,1,1,1,1,0.4728876209,0.6044268485,0.6710454471,0.3943791664,0.4867277783,0.3902875626,0.2366529784,0.1739215798,0.5000701872,0.1844264399,0.7011654962,0.4219937689,0.3279830448,0.3524752042,0.2948236832,0.6593219144,0.7777616315
122.5,1,1,1,1,1,0.4727857648,0.6042255798,0.6709746131,0.3943594963,0.4867697979,0.3901892847,0.2365800276,0.1739596457,0.4999471799,0.1845619854,0.701294188,0.4219228227,0.3281210773,0.3524751224,0.2949072099,0.659390916,0.7777282659
123,1,1,1,1,1,0.4728104053,0.6042913267,0.6711706165,0.3944849688,0.4868726967,0.3900509142,0.2364920402,0.1740058888,0.500004492,0.1847394542,0.7015241901,0.4219013396,0.3279835434,0.3521819787,0.2947362768,0.6593865635,0.7776841425
123.5,1,1,1,1,1,0.4728623151,0.6044258442,0.6711084911,0.3944521684,0.4870657547,0.3899667098,0.2366199386,0.1740318613,0.5000451063,0.1847175389,0.7015020739,0.4217343944,0.3278821315,0.3522753519,0.2948521964,0.659413603,0.777730478
124,1,1,1,1,1,0.4729389823,0.6045361846,0.6712302289,0.3945738571,0.4868656913,0.3900719088,0.236504911,0.1742121342,0.5001013481,0.1847720903,0.7016503081,0.4216166673,0.3281313937,0.3523076224,0.2948195801,0.6594691461,0.7776317309
124.5,1,1,1,1,1,0.4726983183,0.6046803303,0.6712658188,0.3946480468,0.4868840976,0.3898614028,0.2365894734,0.174068813,0.500117927,0.1848914039,0.701833062,0.421841374,0.3281472037,0.3524245984,0.295018108,0.6594525649,0.7776918254
125,1,1,1,1,1,0.4727572531,0.6045070511,0.6711429678,0.3946995723,0.4871109605,0.3899854481,0.2368134142,0.1740686202,0.5000808819,0.184882403,0.7017820709,0.4218401225,0.3282492119,0.3525963733,0.2947844925,0.6594159465,0.7777873444
125.5,1,1,1,1,1,0.4729108338,0.6043187085,0.6712939725,0.3947404543,0.4872683438,0.3901326915,0.2366781997,0.173994207,0.4999913863,0.1847444813,0.7019401139,0.421737952,0.3284689053,0.3526165817,0.2948406811,0.6595039587,0.7777015381
126,1,1,1,1,1,0.4728921708,0.6044984929,0.6711028135,0.3948494195,0.4872143959,0.3902153432,0.2366580433,0.1740603235,0.4999346678,0.184844924,0.702026819,0.4217496115,0.3283259066,0.3525646334,0.2948943266,0.6593798322,0.7776988782
126.5,1,1,1,1,1,0.472831698,0.6046180324,0.6709085522,0.3948126501,0.4872953117,0.3902189182,0.2366075741,0.1737902983,0.5000325353,0.1847695111,0.7021489276,0.4217034801,0.3282180082,0.3527412809,0.294964128,0.659259084,0.7778646467
127,1,1,1,1,1,0.4728413451,0.6043447961,0.6709812201,0.3948990442,0.4872690112,0.3901865358,0.2365699819,0.1737757292,0.4998979506,0.1846425052,0.7023222041,0.4216868896,0.3283720185,0.3527410242,0.2948885632,0.6593469059,0.7777728826
127.5,1,1,1,1,1,0.4729448338,0.6042780507,0.6710544079,0.3947571292,0.4871559033,0.3902339289,0.2367374892,0.1737754967,0.4999606213,0.1845720449,0.7021690437,0.4217550211,0.3283633739,0.3528798424,0.2949490964,0.6596193557,0.7777144258
128,1,1,1,1,1,0.472941557,0.6043254005,0.6709770728,0.3945835,0.4870465172,0.3901558399,0.2366621419,0.1737985701,0.499829806,0.1846514201,0.7021937662,0.4216050843,0.328359393,0.3528531514,0.2947723015,0.6596570674,0.7778126563
128.5,1,1,1,1,1,0.4730872291,0.6040507891,0.6709934718,0.3946906424,0.4871972316,0.390203079,0.2368225439,0.1738985564,0.4998194585,0.1846498747,0.7023050287,0.4216282342,0.3283884254,0.3528540597,0.2947847675,0.6596987918,0.7777575319
129,1,1,1,1,1,0.4730089811,0.6039202386,0.6711681058,0.3945435695,0.4871389536,0.3899648447,0.2367449407,0.1739656537,0.4997663109,0.184593074,0.7022911123,0.4219967394,0.3284023942,0.3527099212,0.2947768153,0.6596327606,0.7778090633
129.5,1,1,1,1,1,0.4728459055,0.6042836603,0.6709736311,0.3945311312,0.4870303554,0.3898365106,0.2365700155,0.173959626,0.4996499109,0.1845778994,0.7023659766,0.421993613,0.3282474152,0.3528850654,0.2949325567,0.6595202455,0.7779353214
130,1,1,1,1,1,0.4726533234,0.6043897279,0.6710908805,0.3942191334,0.4870259306,0.3896960545,0.2365266293,0.1738978083,0.4994322351,0.1844835071,0.7023728064,0.4218543338,0.3280767909,0.3526790907,0.295090292,0.6592490159,0.7781777961
130.5,1,1,1,1,1,0.4726556751,0.6046482967,0.6711700961,0.3941600132,0.4871827029,0.3896569885,0.2365600954,0.1738268353,0.4995271268,0.184565888,0.7024627967,0.4219198889,0.3280706133,0.3525846304,0.29514439,0.6590728185,0.778257187
131,1,1,1,1,1,0.4726638661,0.6043736591,0.6710068773,0.3941339701,0.4872334963,0.3899433192,0.2364596429,0.1738223048,0.4996635946,0.1846683328,0.7023532042,0.4218210601,0.3281220943,0.3525587376,0.2951164132,0.6591047977,0.7784028582
131.5,1,1,1,1,1,0.4729070888,0.6042690803,0.6712207891,0.3942122102,0.4871150136,0.3898439462,0.2363824521,0.1737866137,0.4997650088,0.1846440053,0.7022245224,0.4219457157,0.328297442,0.3525396088,0.2951133325,0.6590785849,0.7785147125
132,1,1,1,1,1,0.4729645823,0.6043757832,0.6710738461,0.3941899408,0.4870973594,0.3899067178,0.236301803,0.1738901919,0.4999653462,0.1847195963,0.702423302,0.421911626,0.3280363641,0.3526302254,0.2953304425,0.6591720444,0.7785689926
132.5,1,1,1,1,1,0.4730191302,0.6042863961,0.6710450586,0.394326405,0.4871562543,0.3899755431,0.2365332399,0.173815405,0.4999102583,0.184565642,0.70251274,0.4217596268,0.3278923964,0.3528295761,0.2952311282,0.6590973749,0.7784907941
133,1,1,1,1,1,0.4730147081,0.6042162288,0.6709079542,0.394249741,0.4871178851,0.3899909421,0.2365934235,0.1739010349,0.4998632994,0.1846053303,0.7024417052,0.4215392602,0.3279552316,0.3530072792,0.2952204559,0.6588141687,0.7783991572
133.5,1,1,1,1,1,0.4730123655,0.6042947327,0.6711220794,0.3940895779,0.4868322552,0.3900713901,0.2365462397,0.1739315501,0.4998152625,0.1845943937,0.7025245972,0.4215496967,0.3280943958,0.3527753239,0.2951554372,0.6590271383,0.7784549341
134,1,1,1,1,1,0.472896734,0.6041246988,0.6710935882,0.3941663098,0.4866009479,0.3900503388,0.2363230833,0.1738780472,0.4998724006,0.1846193969,0.702288484,0.4215005316,0.3281499327,0.3526093575,0.2950865714,0.659204077,0.7787598162
134.5,1,1,1,1,1,0.4726689369,0.604062301,0.6711102417,0.3943271594,0.4865521976,0.3898646636,0.2364246627,0.1739206946,0.4999998898,0.1847247896,0.7023126973,0.4216250716,0.3281093016,0.3526491554,0.2952299166,0.6592866542,0.778728778
135,1,1,1,1,1,0.4726622512,0.6042702569,0.6711129193,0.3941564673,0.4866442961,0.3897373953,0.2364970812,0.1738196395,0.499819083,0.1848047181,0.702277778,0.4218840672,0.3281048835,0.3527795063,0.2953478444,0.6591008812,0.7786141692
135.5,1,1,1,1,1,0.4729114292,0.6045888982,0.6712797945,0.3941428019,0.4868727448,0.3897836742,0.2365693074,0.1739015583,0.4997240921,0.1848085318,0.7022816546,0.4219923652,0.3281886149,0.3528280748,0.295351735,0.6590171949,0.7787017313
136,1,1,1,1,1,0.4729175877,0.6046054185,0.6709957924,0.3943258667,0.4869491903,0.3897390522,0.2366477368,0.1738476814,0.4998532324,0.1848660008,0.7024738547,0.4220185931,0.3282496801,0.3529949092,0.2952796924,0.6592921957,0.7787251586
136.5,1,1,1,1,1,0.4727321885,0.6044119348,0.6709933966,0.3945021573,0.4870692742,0.3898174608,0.236483972,0.1739877181,0.499747376,0.1847541067,0.702296076,0.4219563865,0.3281846243,0.3529041484,0.2953192489,0.6593944791,0.7788542153
137,1,1,1,1,1,0.4729295415,0.6044111482,0.6711006903,0.3945652335,0.4872228493,0.3898303583,0.2363866993,0.1739513523,0.4998358052,0.1847236379,0.7024569344,0.4219837973,0.328169071,0.3528221487,0.2952783929,0.6597094112,0.7789196407
137.5,1,1,1,1,1,0.4729221596,0.6043910924,0.6708950849,0.3943250052,0.4872228125,0.3898263593,0.2362487547,0.1739093263,0.5000105316,0.1847594186,0.702330713,0.4220247777,0.3282353256,0.3527646287,0.2953823444,0.6597812508,0.7789448754
138,1,1,1,1,1,0.4726900713,0.6043986959,0.6710426888,0.3945802559,0.4871678814,0.3897572328,0.2361787568,0.1737905131,0.4999467561,0.1848112409,0.702483941,0.4221756446,0.3282122465,0.352665275,0.2953082461,0.6598096263,0.7789455687
138.5,1,1,1,1,1,0.4727138112,0.6044102743,0.6710100258,0.3944851589,0.4873358519,0.389940242,0.2363368664,0.1738186509,0.5001391565,0.1848742923,0.7025175018,0.4220449215,0.3282733687,0.3527012864,0.295045826,0.6597400127,0.779171115
139,1,1,1,1,1,0.4727607622,0.6044434723,0.6710867677,0.3946482256,0.4870433902,0.3901138468,0.2363008803,0.1737405635,0.5002783554,0.1847918095,0.7024509061,0.422038824,0.3283385555,0.3525191558,0.2951474679,0.6600189324,0.7792188815
139.5,1,1,1,1,1,0.4731477178,0.604320649,0.6711665907,0.3946405883,0.4868278438,0.390018128,0.2361713069,0.1739040927,0.5002432886,0.1846739812,0.7024567252,0.4218812015,0.3283883611,0.352560438,0.2952750806,0.6599549119,0.7791196882
140,1,1,1,1,1,0.4729400328,0.6041582737,0.671057886,0.3944613811,0.4866873206,0.3899958486,0.23626972,0.1739288233,0.5003407689,0.1847471217,0.7025052983,0.4219159911,0.3281819669,0.3527039277,0.29533149,0.6599962266,0.7792443171
140.5,1,1,1,1,1,0.4729162014,0.6042855278,0.6711004612,0.3943624368,0.4865337364,0.3901439454,0.2362969615,0.1739699378,0.5004068867,0.1846982819,0.7026656229,0.4219488915,0.3281563466,0.3529111558,0.2952328706,0.6599743794,0.7792126683
141,1,1,1,1,1,0.4729439967,0.60432828,0.6710360508,0.3944673314,0.4864953328,0.3900448017,0.23632661,0.1739580391,0.5003068283,0.1847775941,0.7026926881,0.4215892929,0.3282304057,0.3529030827,0.2952500825,0.6599046995,0.7793765238
141.5,1,1,1,1,1,0.4727054506,0.6040852024,0.6709657297,0.3944244185,0.4867405183,0.3899428729,0.2363932184,0.1740631916,0.5003222218,0.1848755421,0.7028643926,0.4215473194,0.3280480598,0.3529066567,0.295325706,0.6599810172,0.7794704339
142,1,1,1,1,1,0.4727329754,0.6043066686,0.6709954485,0.3943539313,0.4867743338,0.3898925688,0.2362331723,0.173912889,0.5004330688,0.1849217742,0.7028709782,0.4216145296,0.3280806065,0.3527142181,0.2954000738,0.6601983943,0.7795132376
142.5,1,1,1,1,1,0.4726608501,0.6043238879,0.6712280792,0.3946439409,0.4866887578,0.3900302827,0.2362748729,0.1740503382,0.5003707768,0.1849548386,0.7029141152,0.4217643132,0.3281358512,0.352575956,0.2954437408,0.6603133962,0.7793632855
143,1,1,1,1,1,0.4726954572,0.6043103966,0.6711587487,0.3946046507,0.4867538411,0.3898788697,0.2364047602,0.1739132363,0.500179659,0.1849779677,0.7030302295,0.421718763,0.328129446,0.3525172698,0.2952154167,0.6601932128,0.7793012202
143.5,1,1,1,1,1,0.4727473002,0.6043174766,0.6711406732,0.3944547139,0.4870082721,0.3897894862,0.2363387079,0.1739065786,0.5003858992,0.1849139755,0.7027506945,0.4217752662,0.3280822742,0.3524275541,0.2952651162,0.6603648264,0.7794419465
144,1,1,1,1,1,0.4728110203,0.6043643236,0.6711735768,0.3942203067,0.4870405312,0.389931532,0.2363538972,0.1738721145,0.5004412235,0.1848499616,0.7027067116,0.4217367042,0.3280689828,0.3525603296,0.2953032156,0.6602608108,0.7795125303
144.5,1,1,1,1,1,0.472840871,0.6043961295,0.6711740652,0.394036879,0.4871431777,0.3900064441,0.2363589814,0.17401088,0.5003787258,0.184870962,0.7025628139,0.4216745275,0.328120802,0.3524551865,0.2954126875,0.6601821019,0.7793951555
145,1,1,1,1,1,0.4729349775,0.6042448739,0.6710861061,0.394193823,0.4872551708,0.3899198873,0.2363564942,0.1739539208,0.500240274,0.1847896847,0.7025653661,0.4218979853,0.3281403102,0.3524241584,0.2954157684,0.6600685127,0.7793124876
145.5,1,1,1,1,1,0.4730352156,0.6044578141,0.6711569975,0.3941951458,0.487173729,0.3899648547,0.2364439823,0.1738828697,0.5000521599,0.1848257092,0.7023158989,0.4219401196,0.3281127007,0.3526210155,0.2953500704,0.6599794295,0.7793723121
146,1,1,1,1,1,0.4731537952,0.6043762549,0.6711858985,0.3942376406,0.4870701653,0.3897443823,0.2363297966,0.1739063013,0.4999805858,0.1848245749,0.7023115424,0.421718982,0.3279424945,0.3527243375,0.2955431573,0.6600658653,0.7794423753
146.5,1,1,1,1,1,0.4731297555,0.60432688,0.6710730373,0.3940685355,0.4869657593,0.3898855963,0.236324507,0.173775098,0.5001526034,0.1846940659,0.7023626871,0.4217629324,0.3280044159,0.3526765067,0.2954325271,0.6601196008,0.7794842725
147,1,1,1,1,1,0.4730763021,0.6043409997,0.6712337815,0.3939855582,0.4868620916,0.3898694948,0.236249491,0.1737831025,0.4998490409,0.1847906393,0.702429555,0.4217815075,0.328087585,0.3525130739,0.2953747538,0.6600053501,0.7796221958
147.5,1,1,1,1,1,0.4729687016,0.6042392885,0.6711643905,0.3942391123,0.4869555695,0.39022721,0.2363892245,0.1738044089,0.4998916135,0.1847874826,0.7024522046,0.422085946,0.3280053672,0.3523209016,0.2952735203,0.6598033514,0.7798234154
148,1,1,1,1,1,0.4729564365,0.6041587392,0.6709996255,0.3941865584,0.4868180702,0.3903270694,0.236394254,0.1738523979,0.4996779463,0.1846752856,0.702391467,0.4220231642,0.3281164866,0.3523386977,0.2952628609,0.6599625807,0.7797771392
148.5,1,1,1,1,1,0.4731842196,0.6044755049,0.6709266993,0.3941850291,0.4867552637,0.3903125302,0.2364186677,0.1738546599,0.4996483619,0.1846037416,0.70236019,0.4219985541,0.3280744782,0.3523975019,0.2952685661,0.6598260006,0.7797053117
149,1,1,1,1,1,0.4727930385,0.6044589891,0.6710285306,0.3942527658,0.4868746393,0.3903025881,0.236459337,0.173800578,0.499802737,0.1846036071,0.7023936221,0.4220706944,0.3279891754,0.3525946656,0.2951113419,0.6598437743,0.7797400947
149.5,1,1,1,1,1,0.4728256328,0.6044027015,0.6707943126,0.3941831674,0.4869123912,0.3899925998,0.2363904943,0.1737822877,0.4997339864,0.1846138571,0.7024162724,0.4220006632,0.3279567599,0.3528275021,0.2950075148,0.6598399132,0.7796863641
150,1,1,1,1,1,0.4727601921,0.6044005037,0.6711150554,0.3942588554,0.4868631871,0.3900137045,0.2363093828,0.1736801192,0.4997890877,0.1845547341,0.702533957,0.421806017,0.3279948675,0.3526376918,0.2949771722,0.6598253222,0.7796594176
150.5,1,1,1,1,1,0.4726383015,0.6043801525,0.6713277885,0.3943725371,0.4871450357,0.3902292434,0.2363181356,0.1737072123,0.4996473497,0.184545316,0.702429997,0.4216992781,0.3279762175,0.3524770844,0.2950311627,0.6598117046,0.7796214958
151,1,1,1,1,1,0.4728089728,0.6044499757,0.6713602179,0.3944759713,0.4873510047,0.3901295305,0.2364092864,0.1737360778,0.4997097072,0.184638715,0.7023175213,0.4215727744,0.3279420287,0.3524215459,0.2950425237,0.6599184027,0.7795779471
151.5,1,1,1,1,1,0.4728384041,0.6042631264,0.6712165338,0.3946330146,0.4872998789,0.3901815317,0.2366572148,0.1737107087,0.4997826598,0.1847018894,0.7024746589,0.4216973987,0.3279855386,0.3525813572,0.2951744482,0.6598465674,0.7794862983
152,1,1,1,1,1,0.4728515931,0.6043841775,0.6710278255,0.3945862242,0.4871141061,0.3902742202,0.2366566567,0.1736361973,0.4996669175,0.18469138,0.702507507,0.4217805123,0.3279027378,0.352717786,0.2950924644,0.660116294,0.7795610825
152.5,1,1,1,1,1,0.4730119677,0.6044316715,0.6707990241,0.3944265314,0.487164963,0.3901095657,0.2364752953,0.1736917309,0.4995490285,0.1847630593,0.7025042843,0.4219675752,0.3277391752,0.3526219241,0.2952286576,0.6601488945,0.7796302323
153,1,1,1,1,1,0.4728134289,0.6044681673,0.670932022,0.3942971326,0.4870444383,0.3900426704,0.2364830427,0.1736370394,0.4994719604,0.1845939947,0.7024496463,0.421874884,0.3277740034,0.3524278497,0.2952169076,0.6599460913,0.779590465
153.5,1,1,1,1,1,0.4728202732,0.6045130336,0.6710119967,0.3943767711,0.4868570406,0.390114784,0.2365144127,0.1737630908,0.4993523747,0.1846802063,0.7024242406,0.4217312919,0.3278599946,0.3525895048,0.2951728267,0.6601241036,0.7795980538
154,1,1,1,1,1,0.4728358271,0.6045102346,0.6710543949,0.394505459,0.4867990779,0.3901111464,0.2364146897,0.1737894357,0.4994009454,0.1846220161,0.7025015761,0.421657986,0.3277411226,0.3526285669,0.2952019874,0.6600976123,0.7795394922
154.5,1,1,1,1,1,0.4728062502,0.6045599049,0.6710449487,0.3944417681,0.4868140879,0.3899105961,0.2362904898,0.1738255024,0.4994912348,0.1847336672,0.7025254324,0.4217542365,0.3278497557,0.3522692891,0.2951363833,0.660214302,0.7794796748
155,1,1,1,1,1,0.4727926834,0.6043936006,0.6711029508,0.3944241345,0.4868036291,0.3899582099,0.2362010373,0.1737427285,0.4994776169,0.1848980425,0.7025507063,0.4217456113,0.3278508612,0.3521776371,0.2951658581,0.6602175799,0.7795176512
155.5,1,1,1,1,1,0.4728421454,0.6042265996,0.6711397441,0.3944176004,0.486772722,0.3900988243,0.2361690835,0.1738554231,0.499682153,0.1849828235,0.7026736183,0.4218851497,0.3279186078,0.3521705858,0.2953403956,0.6599827718,0.7794824454
156,1,1,1,1,1,0.4730024154,0.6043353697,0.6711877819,0.3945502813,0.4867925705,0.3899888775,0.2362547682,0.173843424,0.4996633417,0.1849018444,0.7026065874,0.4219349127,0.3277416304,0.3522854645,0.2953442352,0.6599145747,0.7795052865
156.5,1,1,1,1,1,0.4730261272,0.6043164844,0.670964221,0.3943532254,0.4866881619,0.3899759445,0.2363830202,0.1738918483,0.4994922746,0.18494177,0.7027412095,0.4219950147,0.3281307497,0.3523138474,0.2950625686,0.6598518957,0.7795352743
157,1,1,1,1,1,0.4727460191,0.6042088382,0.6712044459,0.3943719328,0.4868270201,0.3901151456,0.2362810959,0.1739111561,0.4995494301,0.1849053573,0.702688414,0.4219183438,0.3280112732,0.3521058755,0.2950327272,0.659729391,0.779601734
157.5,1,1,1,1,1,0.4727231702,0.6041288552,0.6712104044,0.3944724409,0.4868077358,0.3900389057,0.2363533113,0.1739849846,0.4996763027,0.1847721538,0.7028361358,0.4219636594,0.327923254,0.3520930389,0.2952050632,0.6598752426,0.7795287086
158,1,1,1,1,1,0.4727996036,0.6042482689,0.6710769972,0.3943932798,0.4869347524,0.3900634103,0.2364702836,0.1739639841,0.4995201492,0.1846341876,0.7027008191,0.4220049146,0.3279480463,0.3518648945,0.2952992504,0.6597728075,0.7793811032
158.5,1,1,1,1,1,0.4728193958,0.604362975,0.6709521841,0.3943662834,0.4868931365,0.3899661271,0.2364182575,0.173936157,0.4997249684,0.1847183892,0.7028041494,0.4217658052,0.3280485682,0.3519193695,0.2951911454,0.6596514044,0.7795301854
159,1,1,1,1,1,0.4728229639,0.604396229,0.6710356986,0.3944912475,0.4870038883,0.3900636725,0.2365038078,0.1738179954,0.499596633,0.1846344838,0.7027407306,0.4217048791,0.3281023194,0.3517565707,0.2951608377,0.6596636056,0.7795987568
159.5,1,1,1,1,1,0.4729586303,0.6042783733,0.671013825,0.3943682544,0.4871239706,0.3899774074,0.2365944475,0.173816787,0.4996339999,0.184647483,0.7027466562,0.4216970961,0.3281320519,0.3519329023,0.2951321676,0.6595444718,0.7796047341
160,1,1,1,1,1,0.4728604906,0.6044902469,0.6709765043,0.394422018,0.4868998882,0.3898932534,0.2367244014,0.1738427068,0.4995564497,0.1846617814,0.7026570777,0.4216179695,0.3281990918,0.3522625909,0.2950232764,0.6593549241,0.7797624987
160.5,1,1,1,1,1,0.4728953754,0.6044994613,0.670763947,0.3944117891,0.4870154117,0.3901309606,0.2366273572,0.174056833,0.4995961665,0.1847331415,0.7025792306,0.4215443391,0.3284709531,0.3524158822,0.295217305,0.6592240477,0.7798700669
161,1,1,1,1,1,0.4730378491,0.6044013112,0.6708759402,0.394563979,0.4869809983,0.3902038229,0.236634216,0.1740009165,0.4996127359,0.1846995522,0.7025858828,0.4215735491,0.3281227125,0.3524412954,0.2953194709,0.6592823853,0.7798606547
161.5,1,1,1,1,1,0.4729240488,0.6044868293,0.6708851146,0.3944372277,0.4870334603,0.3903079628,0.2365372064,0.1741612244,0.4998922017,0.1847077605,0.7025499504,0.4214503322,0.3280004509,0.3524226926,0.2953395846,0.6592238073,0.7799022025
162,1,1,1,1,1,0.4729063967,0.6043914988,0.6709104649,0.3945281183,0.4868959721,0.3903726035,0.2365673279,0.174112253,0.5001062896,0.1847029569,0.7026080096,0.4214618304,0.3278314506,0.3522367412,0.2950587802,0.6590691029,0.7799422755
162.5,1,1,1,1,1,0.4729350502,0.6041636453,0.6710912516,0.3945903871,0.4867463603,0.3901532759,0.2365508746,0.1740944643,0.4999949439,0.1846929718,0.702632525,0.4212900701,0.3277556991,0.3524039874,0.295128404,0.6591454124,0.7798498274
163,1,1,1,1,1,0.4730653429,0.6040625326,0.671117746,0.3946414936,0.4870696269,0.3903435968,0.236573753,0.1741232458,0.500103977,0.1846915964,0.7027109364,0.421297014,0.3276429372,0.3522339043,0.2952151158,0.6593316059,0.7798909105
163.5,1,1,1,1,1,0.4730087022,0.6042339912,0.6711159213,0.3945186216,0.487097244,0.390140664,0.2364793928,0.1739301428,0.5002042893,0.184678163,0.7026031531,0.4214459365,0.3277777216,0.3522727032,0.2951636766,0.659394587,0.7800818646
164,1,1,1,1,1,0.472935837,0.6043451211,0.6709891425,0.3943336044,0.4872607651,0.3902690422,0.2365317938,0.1739728018,0.5002928225,0.1847999851,0.7025230754,0.4214294718,0.327959413,0.3525807557,0.2950649735,0.6595059114,0.7802516324
164.5,1,1,1,1,1,0.4729842,0.604310172,0.6710090345,0.3942700783,0.4872055321,0.3901295742,0.2364792342,0.1740435024,0.5001997098,0.1848521108,0.7024752359,0.4215060129,0.3279338908,0.3526592483,0.2951088965,0.6594208313,0.7801583907
165,1,1,1,1,1,0.472857947,0.6044284667,0.6710551866,0.3942641302,0.4868230393,0.3901459413,0.2364643484,0.1741770101,0.5000208567,0.1848737908,0.7024523075,0.4213288646,0.3279163084,0.3526971303,0.2951793313,0.6593119676,0.7802828362
165.5,1,1,1,1,1,0.4730250298,0.6044723054,0.6708949142,0.3943010863,0.4868997555,0.3901348628,0.236523468,0.1741334924,0.5000317786,0.184787761,0.702686502,0.4213711167,0.328043994,0.3528840975,0.295150078,0.6593186934,0.7802135576
166,1,1,1,1,1,0.4727803389,0.6046615367,0.6709885605,0.3942103528,0.4870487761,0.3903443112,0.2365369162,0.1740391604,0.5000847642,0.1847785823,0.7027508373,0.4218060547,0.32770092,0.3527883742,0.2950351727,0.6594674168,0.780247777
166.5,1,1,1,1,1,0.4726629851,0.6044396232,0.6710084878,0.3942046535,0.4872465408,0.3905828149,0.236610674,0.1740491772,0.4999864476,0.1847466779,0.7029076964,0.4216119076,0.3276965657,0.3526579058,0.2950946645,0.6594302397,0.7801694312
167,1,1,1,1,1,0.4727219694,0.6043582533,0.67125126,0.3943778404,0.4870505435,0.390386599,0.2366944854,0.1741380674,0.5000504188,0.1848617444,0.7029080857,0.4216187399,0.3276688722,0.3527113128,0.295044165,0.6594372546,0.7801562279
167.5,1,1,1,1,1,0.4727950666,0.6042664565,0.6709508842,0.394405981,0.4870309127,0.3903330844,0.2366984728,0.1742361431,0.5000125068,0.1847763242,0.7030060297,0.421522712,0.3279554901,0.3526813658,0.294966174,0.6593073732,0.7800939087
168,1,1,1,1,1,0.4727333025,0.6043656405,0.6707909027,0.3944470423,0.4868114758,0.3901677004,0.2367780641,0.1741903423,0.4999647436,0.1847020133,0.7029876981,0.4214430062,0.3278983118,0.3529942539,0.294820494,0.6591041477,0.7799542584
168.5,1,1,1,1,1,0.472551159,0.6043743816,0.6709435134,0.3944125544,0.4868687439,0.3901614899,0.2367916557,0.1741723771,0.5000862835,0.1848314968,0.7031180329,0.4214617886,0.3278157184,0.3530386944,0.2949700167,0.6593203029,0.7800040276
169,1,1,1,1,1,0.4725614973,0.6043403184,0.6710682461,0.3942185236,0.4869836451,0.3900195526,0.2365940115,0.1740598224,0.5000577297,0.1849017142,0.7030699742,0.4214660734,0.3276353014,0.3528168994,0.2950580878,0.6594085633,0.7799735774
169.5,1,1,1,1,1,0.4724958989,0.604387687,0.6710168104,0.3940810318,0.4872973185,0.3902109202,0.2365606695,0.174039616,0.5000482412,0.1848594623,0.7030333598,0.421647317,0.327714705,0.352684374,0.295175727,0.6594825018,0.7799604803
170,1,1,1,1,1,0.4725124785,0.6043799776,0.6711235494,0.3940773599,0.4874955765,0.3902515949,0.236437649,0.1739896495,0.4999700526,0.1848743052,0.7029021012,0.4216190377,0.3276031033,0.3528782402,0.2950651106,0.65932421,0.7798822685
170.5,1,1,1,1,1,0.4727695822,0.6043339691,0.6711805625,0.3942075306,0.4874633878,0.3902062443,0.2364027942,0.1739848306,0.4998435074,0.1848637601,0.7029418667,0.4216537215,0.3278551969,0.3527870567,0.2952490949,0.6593688985,0.7798326778
171,1,1,1,1,1,0.4726876314,0.6041953252,0.6709640156,0.3941436721,0.4873339514,0.389945338,0.2363985908,0.1739952245,0.4998710822,0.1848051815,0.7030034607,0.4216269968,0.3275803247,0.3527832943,0.2952189816,0.6593882905,0.7800368503
171.5,1,1,1,1,1,0.4727337393,0.6042175299,0.6710879604,0.3942494948,0.4872193757,0.3900168814,0.2364695019,0.1739806589,0.4999196733,0.1849286498,0.7029804689,0.421802189,0.3277464693,0.3527196269,0.2950197695,0.6596632929,0.7801254153
172,1,1,1,1,1,0.4727101274,0.6043633542,0.6711762797,0.3943798874,0.4872810112,0.389857981,0.236307107,0.1739051945,0.5000244661,0.1849521735,0.7029320908,0.4217833207,0.3277786701,0.3528344474,0.2949852679,0.6599390138,0.7801064705
172.5,1,1,1,1,1,0.4727430924,0.6045379968,0.6711625514,0.3943808858,0.4871219367,0.389910081,0.236305474,0.1739530751,0.5000871428,0.1848424846,0.7029329224,0.421862354,0.3277541799,0.3528589509,0.2950816893,0.6597442446,0.7800606483
173,1,1,1,1,1,0.4728374412,0.604473392,0.6711427726,0.3943570549,0.4872529386,0.3899441188,0.2362613846,0.1739320498,0.5001435101,0.1847794526,0.702848568,0.4219025128,0.3276013891,0.3528655872,0.2951153017,0.6597014751,0.7800345086
173.5,1,1,1,1,1,0.4728511161,0.604441964,0.6711527547,0.3942585613,0.4871739335,0.3899564761,0.2364689682,0.1740254386,0.5000641626,0.1848466251,0.702866012,0.4218337902,0.3275565624,0.3528099736,0.2953930897,0.6596247296,0.7801674107
174,1,1,1,1,1,0.4729420148,0.6046628977,0.6712008167,0.3941829709,0.4873190583,0.3899443159,0.2364382798,0.1738422909,0.5001208035,0.1848370752,0.7028381726,0.4219675898,0.3276987097,0.3524786792,0.2952039237,0.6595036643,0.7801698811
174.5,1,1,1,1,1,0.4728756969,0.604600655,0.6713410954,0.3942824765,0.4874400761,0.3899423075,0.2365562507,0.1738256337,0.5001911835,0.1848607067,0.7027429664,0.421823268,0.3278025124,0.3524860405,0.2951411734,0.6593595335,0.7802855218
175,1,1,1,1,1,0.4731221337,0.6045925136,0.6711287447,0.3945401843,0.4873920144,0.3901668136,0.236606016,0.1738054283,0.5001274707,0.1849012082,0.7029626437,0.4218216909,0.3278299646,0.3523453386,0.295120335,0.6592835566,0.7802765645
175.5,1,1,1,1,1,0.473098678,0.6045146989,0.6709922937,0.394464861,0.4872254913,0.3901477582,0.2368012582,0.1736933134,0.5001879021,0.1848693181,0.7027281984,0.4218669478,0.3277345584,0.3524620666,0.2951417772,0.6594923835,0.7800354136
176,1,1,1,1,1,0.4729957801,0.6044671282,0.670891621,0.3945817553,0.4870673121,0.3901466718,0.2368066897,0.173711076,0.500204773,0.1848498307,0.702717823,0.4217976355,0.3277536073,0.3524223562,0.2949641873,0.659504353,0.7800000049
176.5,1,1,1,1,1,0.4729798329,0.6047102054,0.6712185014,0.3943976881,0.4870895177,0.3901864505,0.2367843452,0.1737179393,0.500284781,0.1847891777,0.7028219354,0.421600435,0.3277648682,0.3527650981,0.2948452329,0.6595602956,0.7801431177
177,1,1,1,1,1,0.4728028992,0.6046746313,0.6710178082,0.3945370818,0.4868172227,0.3901486843,0.2366881163,0.1736594907,0.5003764215,0.1847388614,0.7027939325,0.4214675714,0.3277801824,0.3526843742,0.2951415013,0.6597872507,0.7801812788
177.5,1,1,1,1,1,0.4728954836,0.604533125,0.6708788993,0.3943893934,0.4869888795,0.3901505631,0.2366055035,0.1736031738,0.5004232721,0.184586036,0.702683183,0.4213923745,0.32769362,0.3526827143,0.295058041,0.6598893767,0.7801835715
178,1,1,1,1,1,0.4729372909,0.6046621686,0.6711184088,0.394410726,0.4870890649,0.3899777338,0.2365914034,0.1736958005,0.5003750403,0.1847705252,0.7026071736,0.4213345068,0.3277096857,0.3525913393,0.2950434717,0.659670122,0.7801919912
178.5,1,1,1,1,1,0.4729220292,0.6045334417,0.671048379,0.3942853025,0.487154985,0.3900519623,0.2363110028,0.173670365,0.500354186,0.1848597463,0.7026026291,0.4217657995,0.3277674107,0.3526280831,0.2950342584,0.6597357369,0.780112085
179,1,1,1,1,1,0.4728249876,0.6044203867,0.671003411,0.3943438508,0.4869935659,0.3899671929,0.2363402155,0.1737064606,0.5002337977,0.1846769199,0.7027421144,0.4217922719,0.3279965543,0.3525562456,0.2951824382,0.6596481703,0.7800580556
179.5,1,1,1,1,1,0.4728373226,0.6043442521,0.6708518612,0.3941433209,0.4869005968,0.3899942184,0.2363444975,0.173701239,0.5002092898,0.1847300391,0.7027651619,0.4216660114,0.3279183689,0.352546026,0.295334242,0.6596370789,0.7800979724
180,1,1,1,1,1,0.4728477937,0.6043746554,0.6708825137,0.3941989304,0.4869249379,0.3900790586,0.2363897882,0.1737042509,0.4999197385,0.1846005516,0.7026432732,0.421846133,0.3279050274,0.3525183642,0.2952413876,0.6597975962,0.7801248692
180.5,1,1,1,1,1,0.4729755101,0.6044829511,0.6711292128,0.3944801493,0.4869902024,0.3899776695,0.236491279,0.1738543434,0.5001154994,0.1844771526,0.7027344713,0.4219979481,0.3278871637,0.3525757346,0.2951530158,0.6598755687,0.7800791644
181,1,1,1,1,1,0.4728258772,0.6044963231,0.6710844505,0.3945766318,0.4869768177,0.3900671065,0.2363771446,0.1739932479,0.4999108196,0.1846284966,0.7028508321,0.42202247,0.3277209375,0.3527018485,0.2950218934,0.6600058643,0.7799247517
181.5,1,1,1,1,1,0.4728394979,0.6045204905,0.6710357479,0.3947004658,0.486967022,0.3899967984,0.2366305798,0.1740489788,0.4998705866,0.1846378031,0.7028827356,0.4219103493,0.3277811582,0.3525753901,0.2950780628,0.659836773,0.7799618792
182,1,1,1,1,1,0.473045328,0.6043656767,0.6709738873,0.3948166464,0.4869922691,0.3898151566,0.2365220714,0.1740510661,0.4999165126,0.1846006497,0.7029319879,0.4219549605,0.3278161771,0.3523330814,0.295031256,0.6599971895,0.779980096
182.5,1,1,1,1,1,0.4731069561,0.6043527393,0.6709485684,0.3947314368,0.4872004617,0.3901136679,0.236642154,0.1739853793,0.499870574,0.1846835728,0.7030871741,0.4219899061,0.3279233034,0.3524203594,0.2948863367,0.6599599511,0.7798362441
183,1,1,1,1,1,0.4731207578,0.604484512,0.6710445322,0.3946649328,0.487212177,0.3901065641,0.2364789748,0.173997272,0.4999689147,0.1845451678,0.7031344519,0.4217760578,0.3279351241,0.352424587,0.2946975683,0.6600744298,0.7799758642
183.5,1,1,1,1,1,0.4730536201,0.604513094,0.6710961014,0.3945628678,0.4871819305,0.3898804071,0.2363868996,0.1738182279,0.5000805443,0.184651694,0.7031254527,0.4215505018,0.327866003,0.3524780547,0.2948806648,0.65995979,0.7800372185
184,1,1,1,1,1,0.4729223954,0.604482241,0.671125485,0.394306133,0.487099436,0.3897535317,0.2363726695,0.1737864268,0.5001592009,0.1846814068,0.7032679664,0.4216389141,0.3278378221,0.3525955389,0.2949167855,0.6600578265,0.7801041796
184.5,1,1,1,1,1,0.4728106179,0.6044035239,0.6710684522,0.3941817204,0.4872656361,0.3897947057,0.2364259133,0.1737040283,0.5000953468,0.1846120162,0.7032570102,0.4217372734,0.3277348183,0.3524818609,0.2949089958,0.6599879315,0.7802792694
185,1,1,1,1,1,0.4728643044,0.6044394466,0.6710961856,0.3943414779,0.4870263852,0.3895367932,0.2363620295,0.173793963,0.5002380412,0.1847150305,0.7032074023,0.4216919838,0.3277102216,0.3523836535,0.2949205541,0.659934982,0.7803926855
185.5,1,1,1,1,1,0.4727758396,0.6044191649,0.6709653683,0.3945998068,0.4870402092,0.3894900892,0.2362918247,0.1738189726,0.5005207311,0.1847207214,0.7030596609,0.4216490793,0.3277428696,0.3523456804,0.2950050075,0.6598622546,0.7803058363
186,1,1,1,1,1,0.4724925179,0.6042304045,0.6710370258,0.3946120671,0.4870945497,0.3896148485,0.2362345525,0.1739483447,0.5006600273,0.1847637043,0.7031428745,0.4214987265,0.3275453147,0.3523951077,0.2949673598,0.6598178541,0.7802526466
186.5,1,1,1,1,1,0.4726024728,0.6043643296,0.6709137935,0.3943506813,0.4870942473,0.3898556758,0.2362524582,0.1738358775,0.500652671,0.1848890292,0.703252858,0.4216885821,0.3274632657,0.3525752256,0.295069321,0.6597606805,0.7801758
187,1,1,1,1,1,0.4725363553,0.6044452974,0.6708306883,0.3942788591,0.4871654709,0.3900160742,0.2362468439,0.1737215317,0.5004850578,0.1847570849,0.7032595247,0.4219280444,0.3276573267,0.3525530849,0.2951383787,0.6598566801,0.7800680202
187.5,1,1,1,1,1,0.4726717504,0.6044527124,0.6709934486,0.3943308103,0.4872851455,0.3900025858,0.2363710153,0.1737417775,0.5004531159,0.1847294641,0.7031790549,0.4219656904,0.327877211,0.3523877111,0.295027637,0.6599005706,0.7800380937
188,1,1,1,1,1,0.4726392862,0.6044942889,0.6710139648,0.3942887654,0.4873774141,0.3900724687,0.2365036588,0.1737743706,0.5002684816,0.1846201415,0.7031568905,0.4217924627,0.3279447322,0.3525222946,0.2949248186,0.6600093962,0.7799522357
188.5,1,1,1,1,1,0.4727783897,0.6046107914,0.6710504041,0.3939962894,0.4873922947,0.390098963,0.2363635355,0.1736965863,0.5001861826,0.1846068299,0.7031464725,0.4217887283,0.3279307502,0.3522883814,0.2949928458,0.6599042412,0.7797728294
189,1,1,1,1,1,0.4728204108,0.6043208721,0.6710318524,0.3942386406,0.4873201844,0.3900557823,0.236354879,0.1736428043,0.5000302058,0.1845110232,0.7031958174,0.4217082917,0.3279599526,0.3526626544,0.2950036087,0.6597653228,0.7798072444
189.5,1,1,1,1,1,0.4726414895,0.604318202,0.6710864948,0.3942348841,0.487337745,0.3901673976,0.2364228274,0.1736870108,0.5001319535,0.184430955,0.7034119289,0.4214821516,0.3279030498,0.3528440661,0.2952724227,0.6597044942,0.7798155232
190,1,1,1,1,1,0.472715043,0.6042276316,0.6710593283,0.3944269251,0.4874257024,0.390318656,0.2365745156,0.1738528059,0.4999295838,0.1844320954,0.7035102839,0.4214677523,0.3277125809,0.3527294837,0.2952781949,0.6595521118,0.7796929379
190.5,1,1,1,1,1,0.4726921984,0.6042220283,0.6711619394,0.3943983882,0.4872056691,0.3903467662,0.2366726061,0.1738738084,0.5002316214,0.1844707362,0.7034254491,0.4213424264,0.3275573867,0.3524332464,0.2952410623,0.6594895097,0.7797589884
191,1,1,1,1,1,0.4728493959,0.6043697165,0.671184382,0.3943550288,0.4872154216,0.3901936195,0.2365951827,0.173871677,0.5003845102,0.1844668318,0.7035585263,0.4213499132,0.3276419398,0.3523530322,0.2951934927,0.6596267992,0.7798760425
191.5,1,1,1,1,1,0.4727693982,0.6041819553,0.6709447542,0.3946095523,0.4871758252,0.3900242094,0.2366947355,0.1739379532,0.5003891895,0.1843311661,0.7035415333,0.4214713783,0.3278441471,0.3521652825,0.2952212004,0.6594115271,0.7796748084
192,1,1,1,1,1,0.4727185445,0.6045656589,0.671027849,0.3946688227,0.4874770305,0.39007762,0.2367106139,0.1740496017,0.5004098455,0.1843691963,0.7034427308,0.4214943623,0.3278409384,0.3523929806,0.2950535513,0.6595298327,0.7794957162
192.5,1,1,1,1,1,0.4726765323,0.6044343295,0.6712041304,0.3947644001,0.4872603519,0.3900013395,0.2365694254,0.1740380164,0.5005463635,0.1844876626,0.7033278901,0.421503168,0.3280883888,0.3522836585,0.2950747549,0.6594050788,0.7795202116
193,1,1,1,1,1,0.4725788457,0.6042644851,0.6711821583,0.3947023962,0.4872107671,0.3899031213,0.23637281,0.1739307045,0.5004451156,0.1844330921,0.7033257133,0.4216263874,0.3282648128,0.3522767432,0.2952476552,0.6594237245,0.7796391513
193.5,1,1,1,1,1,0.4727371291,0.6041553015,0.671196385,0.3945804532,0.4870628574,0.3899349567,0.2364410315,0.1740878508,0.5004944162,0.1842789566,0.7035017895,0.421461238,0.3282276774,0.3524380679,0.2953089401,0.6593836486,0.7795993585
194,1,1,1,1,1,0.4726259443,0.6042761826,0.6711864954,0.3946973127,0.4869834161,0.3899744395,0.236358399,0.1740593993,0.5002371499,0.1844239509,0.7034548761,0.4215988747,0.3280209611,0.3523439548,0.2952561479,0.6594421971,0.7795973636
194.5,1,1,1,1,1,0.4727197124,0.6042910307,0.6714629138,0.3945063324,0.4870051607,0.3901029429,0.2364425934,0.1739499954,0.5002089093,0.1846144398,0.7034222365,0.4214373686,0.3280183812,0.3524249455,0.2952305733,0.6592692812,0.7795894802
195,1,1,1,1,1,0.4727060044,0.6041477882,0.6714185759,0.3942941106,0.4868688667,0.3902299991,0.2365970826,0.1739341502,0.5001483553,0.1843994776,0.7034974891,0.4213436443,0.3279774801,0.3523579074,0.2951948302,0.6593577521,0.7796262787
195.5,1,1,1,1,1,0.4726964577,0.604193201,0.6712559196,0.3943475808,0.4868777069,0.3899938586,0.2364384686,0.1739622438,0.5002423796,0.1843938291,0.7035925023,0.4212959316,0.328008369,0.3523566159,0.2951436852,0.6593563277,0.7795765665
196,1,1,1,1,1,0.4729132394,0.6043247601,0.6711917044,0.3944353453,0.4868495815,0.389953339,0.2363050784,0.173939005,0.4999713568,0.1843988211,0.703727249,0.4214603433,0.3277864429,0.3523581689,0.2951418952,0.6592583906,0.7796168674
196.5,1,1,1,1,1,0.4728970405,0.6044913796,0.6710662594,0.3945004074,0.4868606913,0.389933449,0.2362582211,0.1738057436,0.5000245153,0.1844585271,0.703890904,0.4215701095,0.3276220639,0.3522872144,0.2950673085,0.6592333947,0.7794941593
197,1,1,1,1,1,0.4729369116,0.6046303223,0.671123325,0.3945046126,0.4869875095,0.3898447596,0.236535469,0.1735261454,0.4999563058,0.1844389524,0.7039025318,0.4213915296,0.3275990801,0.3520499749,0.2950574268,0.6591663449,0.7794724876
197.5,1,1,1,1,1,0.4726749504,0.6045556387,0.6711576553,0.3944858237,0.4871313458,0.3900758269,0.23655552,0.1737040497,0.4998780624,0.1843760948,0.7037450086,0.4215816932,0.3275013683,0.3521263617,0.2949954639,0.6592389912,0.7795074117
198,1,1,1,1,1,0.4728206597,0.6045468684,0.671008912,0.394409254,0.4871808703,0.3901290053,0.2362753822,0.1738529604,0.4999275239,0.1844196604,0.7038434082,0.4215448369,0.3273496971,0.3521432286,0.2948114767,0.6592200949,0.7795230008
198.5,1,1,1,1,1,0.4727532004,0.6044600816,0.6708966885,0.394432743,0.4871494332,0.389988851,0.2363450071,0.1737781658,0.4998288012,0.1844960065,0.7038785965,0.4215863557,0.3272155119,0.3521999571,0.2947946097,0.6592270142,0.7794350931
199,1,1,1,1,1,0.4726078589,0.604597749,0.6710473444,0.3943126959,0.4872088554,0.3900508599,0.2362300121,0.1738166359,0.4998351881,0.1845272543,0.7038191106,0.4215902722,0.3273157336,0.3520952536,0.2949432402,0.6591953664,0.7794957871
199.5,1,1,1,1,1,0.4727179034,0.6045860293,0.6708998679,0.3942934149,0.4869403632,0.3900897862,0.2363751196,0.1738248329,0.4997514884,0.1845145724,0.7039128365,0.4216912666,0.327300297,0.3522088908,0.2948481268,0.6592366269,0.7794416095
200,1,1,1,1,1,0.4725817641,0.6044922158,0.6709282657,0.3942770363,0.4868321647,0.3901190179,0.2365415204,0.1738514319,0.4996024705,0.184584085,0.7039457249,0.4216942613,0.3272483522,0.3521885073,0.2948432294,0.659069409,0.7793984694
200.5,1,1,1,1,1,0.4727742021,0.6044740608,0.671056721,0.3942411624,0.4869082545,0.3901053577,0.2364372107,0.1739210899,0.4995860303,0.1845570085,0.7037916322,0.4214343147,0.3273382454,0.3523501621,0.2948395295,0.6589514504,0.7794919923
201,1,1,1,1,1,0.4727702768,0.6044193291,0.671115727,0.3944164042,0.4870019784,0.3899397579,0.2364260124,0.1740956205,0.4995251259,0.1845354208,0.7038158136,0.4216051192,0.3274344224,0.3524226929,0.2947601368,0.6590615687,0.7795484477
201.5,1,1,1,1,1,0.4728670923,0.6045054785,0.6711745336,0.3943583628,0.4871762904,0.3899415445,0.2363445595,0.1740533461,0.4997729723,0.1845806891,0.7038570428,0.4216150416,0.3275494503,0.3522742721,0.2948314696,0.6587923585,0.7794668483
202,1,1,1,1,1,0.4727702307,0.6043700396,0.6708968166,0.3944502472,0.4872000238,0.3901736549,0.2365599333,0.1739081097,0.4998478424,0.1845797045,0.7037774298,0.421873696,0.3275196177,0.352346777,0.2948574816,0.6586585732,0.7795079305
202.5,1,1,1,1,1,0.4727744431,0.6043740424,0.670806919,0.3943606413,0.487112558,0.3903037624,0.2365596181,0.1740407877,0.499980503,0.1846018295,0.7037459651,0.4218451681,0.3275780396,0.3523651101,0.2950342266,0.6586388975,0.7796212554
203,1,1,1,1,1,0.4728258119,0.6041951347,0.6710537761,0.3944750072,0.486961164,0.3902318704,0.236668695,0.1737274091,0.5001020522,0.1847987116,0.7037996992,0.4216757156,0.3274452898,0.3525249808,0.2949687872,0.6587511998,0.7796763517
203.5,1,1,1,1,1,0.4726930936,0.604280608,0.6711267336,0.3945143547,0.487084426,0.3903901166,0.2367197793,0.1737730494,0.4999725404,0.1847649498,0.7038432012,0.4217208696,0.3274233844,0.352620595,0.2950131611,0.6589031452,0.7797405205
204,1,1,1,1,1,0.472683672,0.6042753963,0.6710240071,0.3945950934,0.486903884,0.3899966897,0.2366819021,0.1738337128,0.4997516074,0.1845581936,0.7039485873,0.4216286141,0.3276978096,0.352481555,0.2949045609,0.6590674534,0.779682345
204.5,1,1,1,1,1,0.4728921365,0.6045081652,0.6710485346,0.3944413309,0.4871026769,0.3901301241,0.2365877679,0.1737897166,0.4995756121,0.1845767084,0.7038217065,0.4217127141,0.3275506041,0.3524754746,0.2951428814,0.6592319273,0.7796396055
205,1,1,1,1,1,0.4729204288,0.6043714998,0.6710445824,0.3944534678,0.4870500438,0.3901985121,0.23661856,0.1737644107,0.4997165578,0.1845595664,0.7038787352,0.4217414124,0.3277404652,0.352374878,0.2949655197,0.6590900842,0.7795666805
205.5,1,1,1,1,1,0.4729532572,0.6042792271,0.6711341347,0.3943839685,0.4868451075,0.3901345538,0.2365481276,0.1737730697,0.4998071082,0.1845629802,0.7040297795,0.4218312924,0.3277255326,0.3524885573,0.2949994236,0.6590181989,0.7794519524
206,1,1,1,1,1,0.4729753957,0.6043599486,0.6709419318,0.3943116582,0.4867669784,0.3901334395,0.2366603224,0.173876173,0.500066723,0.1847641809,0.704030097,0.4220084368,0.3278758677,0.3524167273,0.2949617417,0.6589978053,0.7794771961
206.5,1,1,1,1,1,0.472837038,0.6042876569,0.6708187547,0.3944752771,0.4867882438,0.3898991872,0.2364575019,0.173931537,0.50001493,0.1846541644,0.7041759386,0.4219229246,0.3279375527,0.3524615886,0.2950294449,0.6587319076,0.7793703394
207,1,1,1,1,1,0.4728849248,0.6042671711,0.671020839,0.3943423256,0.4865666012,0.3899847351,0.2363678209,0.1740050766,0.4999860002,0.18471029,0.7042251339,0.4220730532,0.3278371741,0.3524939953,0.2951519408,0.6590938571,0.7795155879
207.5,1,1,1,1,1,0.4727102577,0.6042324237,0.6709818696,0.394282599,0.4866205776,0.3901212547,0.2362219422,0.1738942864,0.4998109762,0.1847168121,0.704260346,0.4219116675,0.3278601614,0.3525662411,0.2953307,0.6591362732,0.779646115
208,1,1,1,1,1,0.472843975,0.6043697791,0.6711321757,0.3944400725,0.4866935259,0.3900290251,0.2361644656,0.173687628,0.4996813144,0.1847063668,0.7042759609,0.4220480019,0.3281227652,0.352541886,0.2953345343,0.6590065007,0.7794974373
208.5,1,1,1,1,1,0.4730815446,0.6043666219,0.6710767654,0.3942833469,0.486730623,0.3898450416,0.2360566566,0.1737107382,0.4997353404,0.1847460741,0.7042334224,0.4217208759,0.3281111092,0.3523647106,0.2951727203,0.6590368423,0.7795426514
209,1,1,1,1,1,0.4730871909,0.6044621493,0.6709285062,0.3943198651,0.4866990468,0.3898758751,0.2361700026,0.173871764,0.4996920273,0.1846142715,0.7042586149,0.4215759822,0.327908696,0.3523038576,0.2951684362,0.658972681,0.7794837053
209.5,1,1,1,1,1,0.472947022,0.6042493198,0.6711320593,0.3944802744,0.4868994152,0.3897247001,0.2360813208,0.1737804532,0.4998398777,0.1846264215,0.7043745235,0.4218119273,0.3277232939,0.352207373,0.2952378407,0.6590543991,0.7793778998
210,1,1,1,1,1,0.4729676641,0.6041871175,0.6711920021,0.394450361,0.4867468105,0.389960032,0.2360409485,0.1739150579,0.4996821591,0.1845788535,0.7044027455,0.4216015176,0.3276737296,0.3522683044,0.2953422296,0.659017414,0.7793135735
210.5,1,1,1,1,1,0.4730726945,0.6043000762,0.6711669428,0.3943170697,0.4868202757,0.3899488253,0.2359895763,0.1737027515,0.4995259578,0.1845592704,0.7044203692,0.4215569592,0.3277265221,0.3522614444,0.2952958257,0.6592053903,0.7794117398
211,1,1,1,1,1,0.4732036863,0.603972996,0.6711022799,0.3943670627,0.4868923326,0.3899314771,0.2361073596,0.1736170938,0.4995158062,0.1844120175,0.7045101994,0.4215399082,0.3279682699,0.3523093742,0.2953984102,0.6595744309,0.7795184662
211.5,1,1,1,1,1,0.4728504691,0.60418284,0.6711518878,0.3943796199,0.4869053819,0.3900369703,0.2362297089,0.1737760256,0.4995139239,0.1845405123,0.70433817,0.4216895682,0.3276638699,0.3522058118,0.2953733977,0.6593301467,0.779384347
212,1,1,1,1,1,0.4728315651,0.6041119881,0.6712371385,0.3945434798,0.4869131906,0.3901557339,0.2362933223,0.1737139584,0.4993521205,0.1846054408,0.704251072,0.4215978334,0.3276086822,0.3522937563,0.2952031056,0.6593106827,0.7793194704
212.5,1,1,1,1,1,0.4728196933,0.604272694,0.6709044413,0.3944590306,0.4869795113,0.3899177832,0.2363682135,0.1737499917,0.4993376106,0.1844351024,0.7041221147,0.4214891751,0.327684689,0.3522048501,0.2951252462,0.6593310454,0.779196995
213,1,1,1,1,1,0.472752108,0.6043315944,0.6709231792,0.3943635449,0.4870816638,0.3901256736,0.2364025033,0.1736431571,0.4992704648,0.1844876343,0.7040519484,0.4214559626,0.3274753676,0.3521043819,0.2950274249,0.6594857388,0.7792537719
213.5,1,1,1,1,1,0.4726392906,0.6043206381,0.6711962561,0.3944503672,0.4869060503,0.3900765381,0.2364797112,0.1737278188,0.4992877848,0.1844604293,0.7039354367,0.4215960366,0.3276840011,0.3520137091,0.2951391084,0.6592821759,0.7794194477
214,1,1,1,1,1,0.4727006749,0.6043782233,0.6711249074,0.3945695348,0.4868977361,0.3899196625,0.2363689776,0.1738876145,0.4994044825,0.1845048758,0.703919584,0.4215360207,0.3277588959,0.3522665381,0.2950935129,0.6594129419,0.7793189846
214.5,1,1,1,1,1,0.4728156458,0.6043649507,0.6710035874,0.3943766584,0.4870403806,0.3900631277,0.2366117434,0.1739071135,0.4994880284,0.1843608706,0.7038949709,0.421542845,0.3276698978,0.3523048704,0.2950152744,0.6594959335,0.7794734487
215,1,1,1,1,1,0.4727129892,0.6042739833,0.6709630733,0.3946148411,0.4871496997,0.3899841544,0.2366228186,0.1738208823,0.4994651111,0.1844465761,0.7038125728,0.4217215026,0.327575639,0.3522251418,0.2949209935,0.6594612879,0.7795784587
215.5,1,1,1,1,1,0.4727554674,0.6043510026,0.6708095928,0.3945475612,0.4871267461,0.3899189947,0.2364864062,0.1739226843,0.4995047882,0.1843747782,0.7037749434,0.4215804307,0.3276520127,0.3522751573,0.2950261063,0.6593439962,0.7797815831
216,1,1,1,1,1,0.4728733507,0.6043196535,0.6711332633,0.394440773,0.4870844291,0.3898819851,0.2364344031,0.1738808253,0.4995366996,0.1843412423,0.7037039919,0.4216295807,0.3276564511,0.3522253528,0.2948863161,0.659165952,0.7798372708
216.5,1,1,1,1,1,0.473024449,0.6043854072,0.6709925093,0.3944929883,0.4870400095,0.3898676408,0.2364242878,0.1740428819,0.4996901827,0.1843580058,0.7037741005,0.4217429033,0.327679592,0.3521362473,0.2948318982,0.6592769054,0.7797958751
217,1,1,1,1,1,0.4731052969,0.604556318,0.6707485326,0.3946674933,0.4870638542,0.3896388686,0.2364016961,0.1740701207,0.4994993121,0.184434204,0.7037277852,0.4216539384,0.3275578259,0.3522488258,0.294768611,0.6595644092,0.7798441134
217.5,1,1,1,1,1,0.4731550019,0.6045449887,0.6709273581,0.3945347662,0.4871390667,0.3898375608,0.2364321193,0.1741174242,0.4997422883,0.1847163298,0.7038747822,0.4216263213,0.3278576536,0.3521517963,0.2948900637,0.6595916932,0.7798770742
218,1,1,1,1,1,0.4732211033,0.6045232229,0.6707586535,0.3945149348,0.4870659025,0.3897357735,0.2365321261,0.1741464176,0.4997190645,0.1847146468,0.7039025922,0.4216423406,0.3277374197,0.3523591046,0.2949863168,0.6594426882,0.7797204589
218.5,1,1,1,1,1,0.4731038255,0.6042778345,0.6707515293,0.3943115057,0.4871355928,0.3896444891,0.2365098632,0.1741768594,0.4998621028,0.1847677502,0.7039879735,0.4217114766,0.3278318087,0.3524546718,0.2950089813,0.6594416391,0.7799242742
219,1,1,1,1,1,0.4732257684,0.6043605073,0.6707569087,0.3942489481,0.4872279096,0.3897217322,0.2364755359,0.174144156,0.5000536035,0.1847746271,0.7039753567,0.4217327595,0.327842807,0.3524379547,0.2951717681,0.6594341249,0.7800101288
219.5,1,1,1,1,1,0.4730456968,0.6043712042,0.6707611454,0.3942769136,0.4871534349,0.389639973,0.2363451902,0.1742388106,0.5001384288,0.1848743526,0.7040276392,0.4216987601,0.3277532245,0.3525946352,0.2952237581,0.6591817325,0.7800732393
220,1,1,1,1,1,0.4730762773,0.6045355781,0.6709184387,0.3941585517,0.4874307617,0.3897613072,0.2361890916,0.1740965939,0.5003356299,0.1847760355,0.7038661682,0.4216429535,0.3277006592,0.3527286335,0.2952611234,0.6593233614,0.7800864752
220.5,1,1,1,1,1,0.4731534906,0.6044905836,0.6709538681,0.3942196236,0.4872123377,0.3900010046,0.2362570692,0.173962942,0.5006469484,0.1846262398,0.703863593,0.4215006751,0.3274951322,0.3526800633,0.295184554,0.6592720169,0.7802979595
221,1,1,1,1,1,0.4731714627,0.6044818002,0.6712883151,0.3943339915,0.4870423235,0.3899287347,0.2363602113,0.1740650264,0.5006276408,0.1846456423,0.7038321851,0.4214306964,0.3275630203,0.3525431006,0.2952974026,0.6590571032,0.780365397
221.5,1,1,1,1,1,0.4729523074,0.6045002335,0.6711174601,0.3943016717,0.4869531041,0.3899954275,0.2362834529,0.1740142718,0.5003089396,0.1846404278,0.703839759,0.4213043257,0.3277278513,0.3524964186,0.2952405794,0.6592650148,0.7802896369
222,1,1,1,1,1,0.4730806539,0.6043819149,0.6710438251,0.3945335406,0.4868787987,0.3900603355,0.23637254,0.1740310277,0.5001023547,0.1847556397,0.7037104306,0.4213566893,0.3279119909,0.3524798972,0.2952478422,0.6592486396,0.7800932022
222.5,1,1,1,1,1,0.4730270019,0.604386322,0.6710296068,0.3946662411,0.4869787718,0.389999437,0.2365927375,0.1739486467,0.5001145496,0.1847468564,0.703611197,0.4214200923,0.328063444,0.3525056646,0.2953841596,0.659377716,0.7801171457
223,1,1,1,1,1,0.4730985684,0.604402616,0.6710175658,0.3945055994,0.4868755006,0.3900180751,0.2366162078,0.173962522,0.5000597068,0.1848878684,0.7034280229,0.4215345198,0.3281284328,0.3524752321,0.2954984409,0.6594160497,0.7800670764
223.5,1,1,1,1,1,0.4730912235,0.6042729998,0.6709916588,0.3945246597,0.4867970974,0.390097251,0.2365261036,0.1740641554,0.4999700958,0.1848757856,0.7034520301,0.4215388917,0.328057283,0.3525449193,0.2956422422,0.6593290614,0.7799737762
224,1,1,1,1,1,0.4731211736,0.6043711121,0.6709481222,0.3943865969,0.4870521593,0.3899987,0.2365950309,0.1741639248,0.4998279342,0.1849260384,0.7033128418,0.4216086153,0.3280111144,0.3524399909,0.2955758865,0.6593106952,0.779846015
224.5,1,1,1,1,1,0.4729486205,0.6045377289,0.6710605128,0.3944300939,0.4868938887,0.3901433673,0.2365401551,0.1741578581,0.4996348637,0.1848997101,0.70349507,0.4217946836,0.3279061101,0.3525392123,0.295408989,0.6595058965,0.7796587791
225,1,1,1,1,1,0.4729781115,0.6045670239,0.6709339143,0.3945718017,0.4869799836,0.3899995065,0.2364870088,0.1741363771,0.4996773068,0.1847902174,0.703280899,0.4217827814,0.3279376359,0.3524647092,0.2954929115,0.6595813435,0.7795629696
225.5,1,1,1,1,1,0.4731596387,0.6044080764,0.6708010093,0.3945661445,0.4869694961,0.3898440385,0.2362660897,0.1740233811,0.4997121753,0.1849063825,0.7034859654,0.4219220474,0.3278818622,0.3525266514,0.2954681568,0.6594939523,0.7796341689
226,1,1,1,1,1,0.4729781293,0.6044222136,0.6707924082,0.394592151,0.4869138897,0.3901199653,0.2363932024,0.1739794443,0.4995380627,0.1848382051,0.7036586586,0.4218623056,0.3282080166,0.3523750925,0.2953955453,0.6593175052,0.7795606668
226.5,1,1,1,1,1,0.472893056,0.6045962181,0.6709834164,0.3944697688,0.4870474248,0.3901344098,0.2364813862,0.1739760726,0.4993909332,0.1847517312,0.7037472149,0.421883927,0.3281142404,0.352575591,0.2953726971,0.6592959787,0.7797101148
227,1,1,1,1,1,0.4729643496,0.6046031145,0.6707878524,0.3944399417,0.4869232629,0.3901185832,0.2364367226,0.1740134917,0.4995388065,0.1847625812,0.7037365443,0.42177797,0.3279328287,0.352628512,0.2953692733,0.6595218053,0.7796531212
227.5,1,1,1,1,1,0.4728676618,0.6046078652,0.6708720852,0.3943047132,0.4870856665,0.3901220278,0.2364227715,0.1738586706,0.4996617681,0.1847033694,0.7036230132,0.4217091707,0.327716729,0.3526145112,0.295297605,0.6593699064,0.779725488
228,1,1,1,1,1,0.473087894,0.6045174282,0.6707991569,0.394519064,0.4870947966,0.3899731721,0.236243343,0.1738359075,0.4997190496,0.1847837208,0.7037052225,0.421823322,0.3279249977,0.3525917677,0.2951034138,0.6594010334,0.7795188676
228.5,1,1,1,1,1,0.4730877641,0.6044725298,0.6707063179,0.3946226672,0.4871101853,0.3897414603,0.2361443246,0.1738461184,0.499689738,0.1848488341,0.7036956838,0.4220818404,0.3280468863,0.3525382181,0.2951139267,0.6595583771,0.7794455119
229,1,1,1,1,1,0.4729404346,0.604389354,0.6708129376,0.3947864063,0.4868028645,0.3899237004,0.2363048185,0.1738148179,0.4995283754,0.1847303066,0.7034728302,0.4219015329,0.3281429169,0.3522773888,0.2951447991,0.6597047631,0.7793572141
229.5,1,1,1,1,1,0.4729152553,0.6044622944,0.6711020158,0.3948413661,0.4868897158,0.3899335547,0.2362679883,0.1737896002,0.4993980053,0.1846820739,0.7035547539,0.4220209386,0.3281818158,0.3523964954,0.2952223825,0.6596227008,0.7793038838
230,1,1,1,1,1,0.4730860008,0.604376135,0.6710184478,0.3949673843,0.4870625132,0.3900501816,0.2360571142,0.1737452603,0.4995987691,0.1846843667,0.7035356392,0.4220133649,0.3282656644,0.3524514513,0.2952554616,0.6596221285,0.7793010113
230.5,1,1,1,1,1,0.4729218717,0.6043549003,0.6709413615,0.3946961042,0.4871086497,0.3901355532,0.2360776173,0.1736951095,0.4994870831,0.1846347193,0.7035134054,0.422010611,0.3282205228,0.3524414914,0.2952223103,0.6598255914,0.7791428091
231,1,1,1,1,1,0.4728770405,0.6044124941,0.6709191874,0.3945775285,0.487049116,0.3900524175,0.236026028,0.1735826418,0.4994897508,0.1845210955,0.7034132426,0.4220261161,0.3283346317,0.3525441079,0.2953265699,0.6596763147,0.7792320268
231.5,1,1,1,1,1,0.472895478,0.604429399,0.6710391931,0.3943794608,0.4868588067,0.3900951816,0.2361058056,0.1736193595,0.4995429838,0.1846023859,0.7034670961,0.422157684,0.3282615844,0.3524496572,0.2954012841,0.6595617677,0.7792484987
232,1,1,1,1,1,0.4727974408,0.6046616919,0.6708744486,0.3944669135,0.4871201338,0.3903944794,0.2363136986,0.1737086034,0.4995588599,0.1844595255,0.7033478977,0.4221000521,0.3284358707,0.352422439,0.2953924939,0.6595515204,0.7792500397
232.5,1,1,1,1,1,0.4728325105,0.6043392313,0.6709427977,0.3944654816,0.4872010883,0.3903578569,0.2362647553,0.1737113806,0.4993800462,0.1844358297,0.7034391457,0.422113925,0.3283005343,0.3523786162,0.2953281715,0.6596159598,0.7792834287
233,1,1,1,1,1,0.4727919434,0.604306678,0.6709619854,0.3943856183,0.4871390743,0.3900717714,0.2362629939,0.1737388466,0.499324013,0.1844467589,0.7032610814,0.421995942,0.3283329516,0.3522641711,0.2954087289,0.6596610204,0.7793548093
233.5,1,1,1,1,1,0.4728484752,0.6041990446,0.6711341108,0.3943866163,0.4872742965,0.3900317473,0.2362678767,0.1737540558,0.4993826978,0.1843504462,0.7032435753,0.4217881253,0.3279796094,0.352400034,0.295389549,0.6596276775,0.7793782438
234,1,1,1,1,1,0.4728084468,0.6041807049,0.6711259724,0.3943516563,0.4872581703,0.3900275275,0.2363342998,0.1735705831,0.499496831,0.1843715783,0.7033378741,0.4217788634,0.3279764301,0.3521698212,0.2954729791,0.6597496088,0.7792409241
234.5,1,1,1,1,1,0.4729622642,0.6044700369,0.6710185174,0.3943732347,0.4872870108,0.3901181252,0.2363700422,0.1738038495,0.4996714723,0.1843442664,0.703396948,0.4219381706,0.3279455698,0.3520575999,0.2955578884,0.6598807558,0.7792220197
235,1,1,1,1,1,0.4730027838,0.6044940393,0.6709842449,0.3942447682,0.4873294119,0.3900194366,0.2362948696,0.1737903063,0.4996771842,0.1845187651,0.7033052646,0.4218613865,0.3281291994,0.3521203381,0.2954700135,0.6599233247,0.7792491659
235.5,1,1,1,1,1,0.473137341,0.604447488,0.6706708211,0.3945183491,0.4874428215,0.3899004424,0.2362302659,0.1738007328,0.4997623525,0.1845142601,0.703322797,0.4218391051,0.328210016,0.3520450484,0.2953946648,0.6598615388,0.7793026354
236,1,1,1,1,1,0.4730760045,0.6044749791,0.670768593,0.3945138268,0.4875374834,0.3902518241,0.2361498584,0.1738501254,0.4998719653,0.1845276989,0.7033683786,0.4216695423,0.3282727898,0.3520425281,0.2953479749,0.659902222,0.7793066659
236.5,1,1,1,1,1,0.4730788899,0.6045447622,0.6708254873,0.3944788258,0.4876564053,0.3901127303,0.2362513748,0.1738330724,0.4997722155,0.1845542859,0.7032903477,0.421681019,0.3282415951,0.3521634001,0.2953023738,0.6601385458,0.7792371525
237,1,1,1,1,1,0.4733159222,0.6047356328,0.6709399569,0.3944514537,0.4874925501,0.3899971902,0.2360417899,0.1738937428,0.4998592656,0.1846264704,0.7033567282,0.4216549774,0.328128789,0.3521808183,0.2953253825,0.6599250165,0.779294387
237.5,1,1,1,1,1,0.4734693207,0.6046420312,0.6708412491,0.3942211232,0.487584988,0.390050484,0.2361924423,0.1738785816,0.4997961848,0.1846924572,0.7035129136,0.4216871272,0.32834743,0.3520662203,0.295008671,0.6600560294,0.7793963481
238,1,1,1,1,1,0.4731879484,0.6045914673,0.6708527883,0.3944241849,0.4876158749,0.3901415241,0.2361492733,0.1739487568,0.499847168,0.1847438745,0.7034384659,0.4218098857,0.3283910433,0.3520516617,0.2950889644,0.6603121386,0.7793464873
238.5,1,1,1,1,1,0.4733868882,0.6046140442,0.67077238,0.3944105789,0.4876808513,0.3902361136,0.2361523314,0.1739327428,0.4997947133,0.1844991129,0.7034205198,0.4217922374,0.3284030196,0.351965902,0.2950591536,0.660161866,0.7795684304
239,1,1,1,1,1,0.4731917976,0.6045418836,0.6708645252,0.3945021509,0.4876438016,0.3901945141,0.2362424196,0.1738541469,0.4998474551,0.1844862325,0.7035146077,0.4219214162,0.3282400607,0.3520216145,0.2950623604,0.6601490294,0.7796887759
239.5,1,1,1,1,1,0.4732392469,0.6046311301,0.6708122911,0.3944480285,0.4877580647,0.3902480525,0.23626487,0.1738053953,0.4999608049,0.1843401691,0.7034854307,0.4220118375,0.3283081931,0.3522815614,0.2950512422,0.6603468132,0.7797458295
240,1,1,1,1,1,0.4731808271,0.6045768393,0.6709947123,0.3943648098,0.4875654859,0.3901395649,0.2362772896,0.1738348769,0.4998806027,0.1844202692,0.7035514972,0.4221894951,0.3282935593,0.352344115,0.2952954746,0.6603865322,0.7797576812
240.5,1,1,1,1,1,0.4732176785,0.604472718,0.670797658,0.3944263533,0.4872683178,0.3901257359,0.2363904539,0.1738206255,0.4997695201,0.1844690644,0.7035677205,0.4220741215,0.328409782,0.3525063693,0.2952188428,0.6605917073,0.7797295142
241,1,1,1,1,1,0.4730655056,0.6045999944,0.6709499523,0.3944717541,0.487240209,0.3900144984,0.2364208906,0.1737415116,0.4997297436,0.1844850989,0.7036289822,0.4217654916,0.3284460591,0.3525885398,0.2952226045,0.6607355473,0.7797377967
241.5,1,1,1,1,1,0.4729584973,0.6044729322,0.6707971893,0.3944338039,0.4872292436,0.3900359087,0.2362703086,0.1738061048,0.4998851644,0.1844935871,0.7035539297,0.4216626696,0.3283648845,0.3524979436,0.2951814997,0.6605917874,0.7795359712
242,1,1,1,1,1,0.4730316958,0.6045443996,0.6707705057,0.3943315222,0.4869849196,0.390003176,0.236253542,0.1737619483,0.5001776863,0.1844640273,0.7035062436,0.4219317054,0.3282310302,0.3525086782,0.2949001529,0.6605669496,0.7794404183
242.5,1,1,1,1,1,0.4728546654,0.6044399181,0.6706162976,0.3941597869,0.4868895657,0.3898747164,0.2362905823,0.1737865072,0.500121773,0.1844108826,0.7035814236,0.4217796965,0.3281762799,0.3523116848,0.2949195458,0.6606593673,0.7794890476
243,1,1,1,1,1,0.4729537887,0.6046259249,0.6707287481,0.3943069681,0.4869504485,0.3899745516,0.236189771,0.1736574452,0.4999978823,0.1844469431,0.7036927716,0.4216417815,0.3283105683,0.3526301308,0.2949581442,0.660450096,0.7794520048
243.5,1,1,1,1,1,0.4730730227,0.6046414453,0.670821535,0.3945409768,0.4870974273,0.3898115827,0.2362328331,0.1736536535,0.5000970147,0.1845256991,0.7035837842,0.4218392933,0.3281763094,0.352533195,0.2949932042,0.660474352,0.7795447667
244,1,1,1,1,1,0.4729306705,0.6046538765,0.6709406404,0.3944545482,0.4869776301,0.3897403493,0.2361684576,0.173888169,0.4998072646,0.1844623178,0.7036741055,0.4217268638,0.3280867797,0.3526293396,0.2950275323,0.6603574362,0.7796312371
244.5,1,1,1,1,1,0.4729691692,0.6045738627,0.6707691023,0.3944705811,0.4868361835,0.3898023565,0.2361435992,0.1738619423,0.4997171011,0.1846692781,0.7036763469,0.4215381978,0.328095971,0.3526386008,0.2951390212,0.6602972812,0.7797247202
245,1,1,1,1,1,0.4729319163,0.6044830138,0.6707982661,0.3942640207,0.4870716122,0.3897482901,0.236308772,0.1738119389,0.499443107,0.1844909945,0.703646412,0.4215004644,0.3279096266,0.3526523737,0.2951859969,0.6601952911,0.7797314204
245.5,1,1,1,1,1,0.4730131851,0.6044372718,0.6709236005,0.3941233012,0.4870954916,0.3896832364,0.2363933297,0.1737900093,0.4996882054,0.1846093862,0.7035581914,0.4217030301,0.3278945253,0.3528351728,0.2951734194,0.6600019007,0.7797448274
246,1,1,1,1,1,0.4731733563,0.604589609,0.6709162357,0.394245763,0.487080785,0.3897705991,0.2362678852,0.1736893593,0.4996011741,0.1846607816,0.7036052217,0.421766994,0.3279600502,0.3526528789,0.2950785037,0.6599590171,0.7797278854
246.5,1,1,1,1,1,0.4730335656,0.6045440452,0.6709362638,0.3944045385,0.4871239662,0.3898172821,0.2362649326,0.1737980839,0.4996497936,0.1846478765,0.7036280771,0.4218400769,0.3280024093,0.3528342751,0.2951359926,0.6599997133,0.7796362453
247,1,1,1,1,1,0.4729341448,0.6045687008,0.6708635798,0.3942656289,0.48721393,0.3897924013,0.236303235,0.1738485753,0.4997086812,0.1846021503,0.7035260398,0.4218383749,0.3280020786,0.3527364143,0.2951912753,0.6599534235,0.7796115748
247.5,1,1,1,1,1,0.4729246072,0.6047443946,0.6709184469,0.3943611037,0.4873118188,0.3897250689,0.2363254374,0.1738450363,0.4997052221,0.1846146344,0.7033294316,0.4218924445,0.327997902,0.3526783721,0.2953483096,0.6598751788,0.7797499292
248,1,1,1,1,1,0.4729860937,0.6047059321,0.6708891153,0.3943499932,0.4873280931,0.3899863042,0.2364419313,0.1737870734,0.4997085276,0.1846843649,0.7032199786,0.4219160741,0.3283105032,0.35266002,0.2953193629,0.6598757422,0.7798746341
248.5,1,1,1,1,1,0.473122305,0.6046795232,0.6708173258,0.3942843893,0.4873948987,0.3900877222,0.236319552,0.1738310415,0.4996704217,0.1846659435,0.7029665235,0.4219070228,0.3282005126,0.3525605205,0.2951116403,0.6598910079,0.779814916
249,1,1,1,1,1,0.4731578089,0.6046562159,0.6709077167,0.3942132879,0.4873215433,0.3901333803,0.2364722687,0.1738719433,0.4995817893,0.1846745344,0.7027264073,0.4218126894,0.3280903409,0.3526496988,0.295243666,0.659937819,0.7799362813
249.5,1,1,1,1,1,0.472973504,0.6046571137,0.6710030469,0.3942176949,0.4873413952,0.3898274868,0.2366036518,0.173944253,0.4996088644,0.1847703148,0.7028443279,0.4217531491,0.3280485021,0.3523958135,0.2950864367,0.6601131346,0.7798641138
250,1,1,1,1,1,0.4729113105,0.6046101532,0.6709619457,0.3941484661,0.4873354074,0.3898789948,0.2365063105,0.1738706252,0.499714221,0.1848236478,0.703079918,0.4220321488,0.3282267767,0.3525176007,0.2952059215,0.6599865419,0.7797613721
250.5,1,1,1,1,1,0.4728002092,0.6044478643,0.6709091788,0.3943631238,0.4874952631,0.3900473856,0.2365582305,0.1739731632,0.4998629154,0.1848903716,0.7030572577,0.4219550585,0.328201904,0.3525664095,0.2950775257,0.6600429962,0.77971708
251,1,1,1,1,1,0.4730903348,0.6044570268,0.6710272933,0.3943735198,0.4876400594,0.3899567616,0.2365150717,0.1739446374,0.4997241997,0.1848541991,0.7033186029,0.4219560151,0.3281604806,0.3526334976,0.2950539501,0.6600401801,0.7796929317
251.5,1,1,1,1,1,0.4730103749,0.6043894624,0.6709607707,0.3943034471,0.4875411739,0.3901742357,0.2364781923,0.1738917358,0.4995771667,0.1847600729,0.7032617032,0.4219916912,0.3280073531,0.3527858169,0.2951158691,0.6603059112,0.7797787012
252,1,1,1,1,1,0.472801281,0.6042614022,0.6709271521,0.3944556733,0.4873397856,0.3901062871,0.236471595,0.1738772276,0.4996112837,0.184808162,0.7031207821,0.4219996669,0.327990345,0.3526978122,0.2950935187,0.6603140946,0.7798685605
252.5,1,1,1,1,1,0.4727680899,0.6042500527,0.670985892,0.3944595921,0.4872954864,0.3900973995,0.236371659,0.1738380857,0.4995772753,0.1847580776,0.703324986,0.4218727975,0.3279839959,0.3527209877,0.2951900399,0.6604735117,0.7799749402
253,1,1,1,1,1,0.4727487863,0.604476266,0.6709437158,0.3942838126,0.4872183128,0.3901114694,0.2363873208,0.1736714591,0.4995094694,0.1846306779,0.7033040728,0.4217283008,0.3277690692,0.3528283648,0.2949747085,0.660630332,0.7799838659
253.5,1,1,1,1,1,0.4728065001,0.604460092,0.6709397838,0.3943436908,0.4870037835,0.3901529897,0.2364710002,0.1736725335,0.4994212002,0.1846696688,0.7032621204,0.4216849712,0.3279245397,0.3528254611,0.2949277416,0.6606527472,0.7798748248
254,1,1,1,1,1,0.4728141229,0.6044018436,0.6709688501,0.3945299714,0.4871368395,0.390212347,0.2365199918,0.1736609509,0.4994914614,0.1846490582,0.7032512814,0.4217700577,0.3280639852,0.3526646222,0.2949964068,0.6607747817,0.779746959
254.5,1,1,1,1,1,0.472809067,0.604564709,0.6710315749,0.3945295555,0.4872073853,0.3901110704,0.2365525013,0.1738164187,0.4996786735,0.1846259181,0.7033696649,0.4218258853,0.3280354527,0.3526399868,0.2949930765,0.6606050883,0.779779578
255,1,1,1,1,1,0.472724764,0.6044780041,0.6711355183,0.3946059163,0.4871140287,0.3900155307,0.2364365325,0.1737414723,0.5000098062,0.1847307576,0.7032288449,0.4220056085,0.3280492659,0.3526700205,0.2952915641,0.6604977666,0.7799402247
255.5,1,1,1,1,1,0.4726976243,0.604552076,0.6711644219,0.3946984653,0.4870279206,0.3900463524,0.236489363,0.1737621813,0.5001498948,0.1848707553,0.7031845104,0.4220411569,0.3281656864,0.3529046117,0.2950723762,0.6605603214,0.7799011077
256,1,1,1,1,1,0.4725917181,0.6045812025,0.671195624,0.3947282048,0.4870522183,0.3900689063,0.2364636099,0.1737527996,0.5000663044,0.1847171495,0.7032667172,0.4222382161,0.3283018234,0.3528825446,0.2951591774,0.6605413557,0.7799903047
256.5,1,1,1,1,1,0.4726465641,0.6043790515,0.6711531699,0.3946803738,0.4870413099,0.3900604471,0.2364288235,0.1737671866,0.5001039494,0.1848209447,0.7032100729,0.4220971149,0.3282575041,0.3530627446,0.2952223729,0.6604293133,0.7802259998
257,1,1,1,1,1,0.4724525857,0.6045521622,0.6711688481,0.3947347894,0.487003133,0.3900637877,0.2364576148,0.1738078818,0.500365424,0.1849000469,0.7032326792,0.4219823773,0.3280891228,0.3529523145,0.2952558004,0.6603148043,0.7803138489
257.5,1,1,1,1,1,0.4723694468,0.6044241283,0.6712019322,0.3944631919,0.4871265285,0.3902045222,0.2364916663,0.1738918695,0.5005340503,0.1848282714,0.7031635307,0.4218188254,0.3280454493,0.3529800442,0.2951694514,0.6603440735,0.7805098203
258,1,1,1,1,1,0.4724919584,0.6044527213,0.6709725495,0.3943900637,0.4871638749,0.3902011575,0.2364681727,0.1738716404,0.5004715577,0.1848631813,0.7032004983,0.4217614215,0.3279603143,0.3528040018,0.2951376647,0.6602313942,0.7802588412
258.5,1,1,1,1,1,0.4725305929,0.6044308029,0.6709528912,0.3943619068,0.487427598,0.3902281221,0.2366212572,0.1739322419,0.5005586841,0.1848491686,0.7031229608,0.4218181252,0.3281197834,0.3528274401,0.2949948981,0.6602439631,0.7801544335
259,1,1,1,1,1,0.4726607446,0.6045847212,0.671072167,0.3940125145,0.4874596741,0.3903675782,0.2367495557,0.173922249,0.5008059726,0.1848983557,0.7030748116,0.4219319271,0.3280437904,0.3526848963,0.2950933498,0.6601833163,0.7800941189
259.5,1,1,1,1,1,0.4727482963,0.604329664,0.6710721007,0.3940606245,0.4872467381,0.3902190619,0.2367016835,0.174064509,0.5006950925,0.1849751835,0.7032114193,0.4218420013,0.328103647,0.352620869,0.2950833164,0.6604290526,0.7797871695
260,1,1,1,1,1,0.472646272,0.6045537751,0.6708729285,0.3942689376,0.4870524893,0.3901748309,0.236746168,0.1739842463,0.5007080245,0.184892467,0.7031544027,0.4216559757,0.3279503205,0.352806047,0.2949109926,0.6604657335,0.7796466834
260.5,1,1,1,1,1,0.4730169131,0.6044172198,0.6710153818,0.3943720908,0.486919359,0.3899823961,0.2366793116,0.1739185792,0.500688329,0.1849422376,0.7031787132,0.4216788752,0.3278010733,0.3527097965,0.2948575457,0.6603270576,0.7795415711
261,1,1,1,1,1,0.4732307057,0.6046075665,0.6711591095,0.3943388246,0.4868857147,0.3900048564,0.2366726764,0.1738546434,0.5007238254,0.1848947362,0.703216409,0.421589832,0.3277129793,0.3524852658,0.2950908178,0.6602826822,0.7797218223
261.5,1,1,1,1,1,0.4730942107,0.6046340679,0.6711640287,0.3943910321,0.4869463379,0.3897288017,0.236612585,0.1740184695,0.5007505982,0.1849165281,0.7031574312,0.4215365259,0.3278624907,0.352430748,0.2950251133,0.6603218586,0.779907955
262,1,1,1,1,1,0.4730302461,0.6044442462,0.671145326,0.3945849774,0.4870276354,0.3897601106,0.2365781452,0.1738684762,0.500736981,0.1849030456,0.7032451338,0.4215687356,0.3277009084,0.3524483282,0.2949591075,0.6603998605,0.7799666305
262.5,1,1,1,1,1,0.4730731895,0.6045666452,0.6712658843,0.3945968517,0.4869747247,0.3898534185,0.2365222236,0.1738951766,0.5005248336,0.1849690178,0.7032499167,0.4216322117,0.327562345,0.3526358382,0.2951123364,0.6604582738,0.7800234297
263,1,1,1,1,1,0.4730760374,0.6043177163,0.6713381344,0.3946985999,0.4869114781,0.3899588303,0.2364296857,0.1739114506,0.5001793146,0.1848307947,0.7032821498,0.4214800874,0.3276665136,0.3527981045,0.2951258842,0.6604821709,0.7800546622
263.5,1,1,1,1,1,0.4730624311,0.6044139173,0.6710648254,0.3946258624,0.4870730162,0.3899471987,0.2363036895,0.1739151614,0.5001858631,0.1847720043,0.7033567052,0.4217126906,0.3277078532,0.3526127883,0.2953682246,0.6603928906,0.7798541757
264,1,1,1,1,1,0.4730823388,0.6043787271,0.6710542855,0.3946189523,0.487246025,0.3897645903,0.2362561215,0.1738278437,0.5003469151,0.1847555684,0.7034976559,0.4215333892,0.3277766664,0.3525300674,0.295030434,0.66045686,0.7799276949
264.5,1,1,1,1,1,0.4730076536,0.6042661283,0.6709355337,0.3947110995,0.4873375678,0.389848135,0.2363311363,0.1739583306,0.5003740225,0.1848968067,0.7034800037,0.4217115606,0.3277835443,0.3524542383,0.2951584167,0.6603491553,0.77991056
265,1,1,1,1,1,0.4729562189,0.6042870363,0.6709381338,0.3946722549,0.4871673092,0.390017021,0.2361949679,0.1739295888,0.5003468567,0.1849536996,0.7034827509,0.4216601539,0.3278636207,0.352417016,0.2950445725,0.6600974607,0.779901797
265.5,1,1,1,1,1,0.4729239308,0.6043857794,0.6709538783,0.3945511945,0.4873499526,0.3900832477,0.2364773961,0.17378946,0.5002161205,0.1848977643,0.7032659306,0.4218614035,0.3279581143,0.3524213206,0.2948601761,0.6600548381,0.7796868936
266,1,1,1,1,1,0.4726459294,0.6044865664,0.6710681296,0.3944293421,0.4872983323,0.390204797,0.2364182752,0.1738905872,0.4998860961,0.1846431875,0.7031366559,0.4218432903,0.3279444145,0.3524723903,0.294817078,0.6600403969,0.7797734794
266.5,1,1,1,1,1,0.472535081,0.6043842881,0.6711636554,0.3944507773,0.4870292179,0.3901245072,0.2365170536,0.1739196097,0.4999977106,0.1847462426,0.7031692335,0.4218668186,0.3281250359,0.352578104,0.2947769613,0.6600606264,0.7798141105
267,1,1,1,1,1,0.4727956903,0.6044441296,0.6710205694,0.3944475715,0.4870123367,0.390018867,0.2364192312,0.173864469,0.499915444,0.1845538787,0.7031308371,0.4219191105,0.3284297587,0.3526535628,0.2948666006,0.6601272752,0.7797205551
267.5,1,1,1,1,1,0.4725931325,0.6043095469,0.6710241701,0.3944533058,0.4868825555,0.3896415361,0.2363012172,0.1740256944,0.4998844671,0.184631637,0.7030191246,0.4217929452,0.3284085875,0.3527031444,0.2949901534,0.660033133,0.7797631746
268,1,1,1,1,1,0.4726719228,0.6042369589,0.6710000532,0.3943982206,0.4868184005,0.3896910195,0.2362896912,0.1739238552,0.4998023556,0.1847941711,0.7028717175,0.4217783992,0.3282537965,0.3527053299,0.294915743,0.6600938014,0.7798507087
268.5,1,1,1,1,1,0.4727493104,0.6041576927,0.6709482751,0.3944727735,0.4867816126,0.3896793365,0.2363425508,0.1740453977,0.4998012361,0.1847512676,0.7027453227,0.4219290006,0.3281849842,0.3529498026,0.2948379324,0.6601519422,0.7799093667
269,1,1,1,1,1,0.4728279605,0.6040482075,0.670979379,0.3943659779,0.4868540206,0.3899593017,0.2361586189,0.1739872444,0.4996744512,0.1846777637,0.7028762523,0.4219409067,0.3281795901,0.3526974955,0.2948442984,0.6601808269,0.780178571
269.5,1,1,1,1,1,0.4728647948,0.6042641673,0.6710011664,0.3944150863,0.4869463453,0.390156807,0.236273381,0.1739009673,0.4996696623,0.184606916,0.7027353941,0.4218544184,0.3281310539,0.3526748503,0.2950041626,0.6600711349,0.7802165464
270,1,1,1,1,1,0.472727201,0.6045245164,0.6710015944,0.3942303101,0.4868830789,0.3899440677,0.2361949684,0.17385497,0.4997499981,0.1846300252,0.7027088966,0.421946699,0.3279289069,0.3524790275,0.2949534645,0.6601326766,0.7800927427
270.5,1,1,1,1,1,0.4727168029,0.6044885402,0.6710154374,0.3941133633,0.4871413494,0.3900946913,0.2363583907,0.1738775476,0.4999867807,0.1844822309,0.7028095444,0.4221343886,0.3279256403,0.352365702,0.2950629672,0.660325091,0.7799735622
271,1,1,1,1,1,0.472966387,0.6045098612,0.6708830475,0.3941667109,0.4868971407,0.3900538717,0.2363196623,0.1738142131,0.5000535836,0.1845302833,0.7027247744,0.4220854442,0.32815719,0.352407912,0.2950364108,0.6604044162,0.7799467876
271.5,1,1,1,1,1,0.4727723379,0.6045955869,0.6708292834,0.3941216981,0.486846104,0.3901706496,0.2362748344,0.1738120562,0.5000490919,0.1846235409,0.7027177713,0.4219429622,0.3281422039,0.3523879448,0.2949704616,0.6603206195,0.7801092944
272,1,1,1,1,1,0.472775195,0.6045281983,0.6708715051,0.3942121081,0.4867748558,0.3899347595,0.2363817588,0.1737723567,0.499925106,0.1845452815,0.7027671345,0.4218025789,0.3279719108,0.3523801878,0.2947372209,0.6602174708,0.7802901728
272.5,1,1,1,1,1,0.4727557939,0.6045948777,0.6709402546,0.3942960513,0.4868345722,0.3899909358,0.2365722354,0.1738427881,0.4997883168,0.1845852308,0.7026330498,0.4218196302,0.3281079456,0.3521554054,0.2949191062,0.6602661864,0.7804469673
273,1,1,1,1,1,0.4727843821,0.6045122433,0.6711554879,0.3941016299,0.4870363866,0.3899015458,0.2365547652,0.1736800734,0.4999740025,0.1845727839,0.7025975505,0.4216445975,0.3281422102,0.3523640906,0.2951108388,0.6600624246,0.7803915816
273.5,1,1,1,1,1,0.4728044696,0.6045231036,0.6710733713,0.3940752928,0.4869847873,0.3900793865,0.2364686372,0.1738908029,0.4999000287,0.184582078,0.7026091526,0.4217247923,0.3278990451,0.3526781731,0.2951759994,0.6599583162,0.7804967076
274,1,1,1,1,1,0.4728436273,0.6045017954,0.6710666636,0.3942485505,0.4869631599,0.3898625874,0.2361481062,0.1737970718,0.500221917,0.1846516564,0.7025101732,0.4217595851,0.3279185885,0.3524626178,0.2951073277,0.6597243284,0.7805515924
274.5,1,1,1,1,1,0.4728368295,0.6044206953,0.6710870175,0.3942918269,0.4867306902,0.3899089812,0.2361358287,0.1737340629,0.500235862,0.1846570157,0.7026842982,0.4217155039,0.3276535437,0.3523109607,0.2950673176,0.6598543663,0.7804968864
275,1,1,1,1,1,0.4728237032,0.604443487,0.6711609529,0.3945546097,0.4866387189,0.389825908,0.2362372037,0.1736761932,0.5003884227,0.1847700266,0.7024678931,0.4215695319,0.3274984246,0.3522322361,0.2952942284,0.6600051417,0.7805927832
275.5,1,1,1,1,1,0.4728777558,0.6043228619,0.6709069492,0.3944539019,0.4866526317,0.3897720285,0.2361048006,0.1737717255,0.5005863422,0.1847855911,0.7025336015,0.4213268431,0.3273945121,0.3522323112,0.2953562445,0.6600744524,0.7805203321
276,1,1,1,1,1,0.4726590988,0.6041882514,0.6708084806,0.394218847,0.4867323674,0.3895149099,0.2361966323,0.1738359684,0.5005096621,0.1847811137,0.7026639713,0.4214436596,0.3274123316,0.3521462394,0.2952915626,0.6603369892,0.7805439988
276.5,1,1,1,1,1,0.4728375712,0.6044502339,0.6709014136,0.3941189293,0.4866883457,0.3895851757,0.236248315,0.1738785531,0.5005198645,0.1848029336,0.7027645274,0.4218105894,0.3276349522,0.3523753688,0.2953242078,0.6601076538,0.7804572469
277,1,1,1,1,1,0.4729863821,0.6043752769,0.670996357,0.3941526983,0.4868118255,0.3895232947,0.2361813103,0.1739065784,0.5003117242,0.1847825351,0.7027145736,0.4217914894,0.3277157766,0.3524331662,0.2950804449,0.6600740228,0.7804409124
277.5,1,1,1,1,1,0.4729866938,0.6043445261,0.6711034866,0.3942871761,0.486855701,0.3895889307,0.2361238742,0.17399176,0.5002703318,0.1848002304,0.7028931157,0.4217751683,0.3276072216,0.3524863652,0.2951204868,0.6600948945,0.7805182469
278,1,1,1,1,1,0.4729524902,0.6042333696,0.6712000225,0.3942509789,0.4868975406,0.3896385486,0.2362365288,0.1739828122,0.5003104215,0.1848396554,0.7028233428,0.421611816,0.3275117066,0.3525872275,0.2950409502,0.6601002502,0.7803943934
278.5,1,1,1,1,1,0.4731833595,0.604208034,0.6710119297,0.3941539204,0.4868009769,0.3898651446,0.2361491937,0.1740423679,0.5001322668,0.1848850962,0.7027362273,0.4217238192,0.3275839809,0.3524704642,0.2950753367,0.6599702792,0.7802399416
279,1,1,1,1,1,0.4731400824,0.6043675626,0.6708514595,0.3942748444,0.4867503,0.3898236872,0.2362478747,0.174045394,0.5002119419,0.184937049,0.7028854001,0.4217938756,0.3275401568,0.352259929,0.2951552964,0.6598225251,0.7802337177
279.5,1,1,1,1,1,0.4731084361,0.6043120159,0.6709484923,0.3944687907,0.4868788035,0.3899355822,0.2362611319,0.1739820809,0.5002366248,0.1849567636,0.7030658788,0.4216369609,0.3276901575,0.352531807,0.2950387822,0.659834375,0.7805216705
280,1,1,1,1,1,0.4730531718,0.6044082371,0.6711184666,0.3945220169,0.4870581962,0.3900065087,0.2362921036,0.173786733,0.5001200536,0.1850294725,0.703161751,0.4216891312,0.3278298805,0.3525538945,0.2950811675,0.6598190392,0.7803481423
280.5,1,1,1,1,1,0.472968434,0.6044894733,0.6711909223,0.3944008023,0.4870177275,0.3899127149,0.2362079531,0.1737966693,0.5000431619,0.1850076725,0.7030976902,0.4215377402,0.3276341853,0.3524426063,0.2951320696,0.6599576937,0.7803383244
281,1,1,1,1,1,0.4729200265,0.6044828608,0.6711267031,0.394402427,0.4868993277,0.3898834549,0.2362349692,0.1736504429,0.5001262933,0.1848537676,0.7029759113,0.4216254496,0.3278325715,0.3523886716,0.295041863,0.6598613932,0.7803684736
281.5,1,1,1,1,1,0.4729021209,0.604435567,0.6709749224,0.3944581292,0.4870037157,0.3903506948,0.2363424234,0.173616117,0.5001802021,0.1846173983,0.7029700606,0.421865098,0.3277874682,0.3524724236,0.29506506,0.6598219469,0.7804513114
282,1,1,1,1,1,0.4728716172,0.6044267866,0.6709877423,0.3944250756,0.487153007,0.3900568202,0.2363071925,0.1736812171,0.4999657453,0.1843443569,0.70294102,0.4219091219,0.3280443201,0.3525759788,0.2950370281,0.6601120589,0.7804055311
282.5,1,1,1,1,1,0.4728748196,0.6045596539,0.6710158774,0.3942368718,0.4872904246,0.3899291084,0.236188134,0.1736674048,0.4998650689,0.1843385048,0.7028091059,0.4217223646,0.3278269581,0.3524952078,0.2950021421,0.6600172071,0.7803927324
283,1,1,1,1,1,0.4728704667,0.6045904346,0.6709718428,0.3942650076,0.4872289806,0.3899022348,0.236312255,0.1736421231,0.4998657988,0.1845746816,0.7028585912,0.4216309461,0.3276320774,0.3524834626,0.2947820847,0.6602089716,0.7803573382
283.5,1,1,1,1,1,0.4728878202,0.6044909925,0.6710064779,0.3940373906,0.4872412062,0.3898285192,0.236265288,0.1735993638,0.499945895,0.1845905073,0.7028287753,0.4217526403,0.3276391967,0.3526156408,0.2950113132,0.660379775,0.7800895707
284,1,1,1,1,1,0.4728835478,0.6044394655,0.6710273465,0.3940601505,0.4873532041,0.38984177,0.2362847726,0.1736706063,0.4998750473,0.1844370192,0.7028826504,0.4217375293,0.3275682667,0.3524571602,0.2949987606,0.6603103737,0.7800821934
284.5,1,1,1,1,1,0.4729916857,0.6043144762,0.6712391796,0.3940800812,0.4872965964,0.3898967889,0.2363673659,0.1736213745,0.4999031081,0.1844641316,0.702693865,0.4213823249,0.32771119,0.3526536088,0.2949121889,0.6602681803,0.7800337802
285,1,1,1,1,1,0.4731505118,0.604199654,0.671153402,0.3940117964,0.4873863256,0.3900524252,0.2363908132,0.1735947839,0.4999049724,0.1845125518,0.7026488572,0.4215308795,0.3276465873,0.3525152597,0.2949965118,0.6603330806,0.7800640007
285.5,1,1,1,1,1,0.4730981847,0.6041929123,0.6711646962,0.3943048101,0.4873098571,0.3899081654,0.2362851169,0.1735140017,0.4998036551,0.1845622326,0.7026735022,0.4216682462,0.3277219612,0.3524482158,0.2950608794,0.6601311589,0.7800477347
286,1,1,1,1,1,0.4731835575,0.6043601344,0.6710620366,0.3943018259,0.4871299855,0.3898927629,0.2362852413,0.1737059706,0.5000256356,0.1845523176,0.7027899401,0.4216912177,0.3277629058,0.3524882736,0.2949938823,0.6601846603,0.7798922977
286.5,1,1,1,1,1,0.4732287408,0.6044450903,0.6712282088,0.394291107,0.4870513579,0.3899545429,0.2361307143,0.1737080393,0.4998375904,0.1847377814,0.702724584,0.4216754631,0.327684963,0.3524397782,0.2950750656,0.6600710916,0.7799304382
287,1,1,1,1,1,0.4731119912,0.6044519829,0.6709823605,0.3943869648,0.4870232217,0.3899781675,0.2362781256,0.1737539492,0.4998983287,0.1848309662,0.7028289916,0.4218764603,0.3277209138,0.3523573148,0.294897756,0.6600102549,0.7799453457
287.5,1,1,1,1,1,0.473165438,0.6043855702,0.670921532,0.3943257198,0.4867463895,0.3900550288,0.2363567887,0.1738637121,0.5000270405,0.1848313249,0.7030250618,0.4217507744,0.3277730196,0.3521385048,0.2949844637,0.6601683782,0.7801025163
288,1,1,1,1,1,0.4730413151,0.6046328846,0.6709144027,0.3942567158,0.4869544213,0.3900820091,0.2362874574,0.1737573819,0.5001790923,0.1849018398,0.7029859123,0.4218948704,0.3277632918,0.3521728321,0.2948911565,0.6604543872,0.780124561
288.5,1,1,1,1,1,0.4731546695,0.6044898654,0.6708683212,0.394369503,0.4868639454,0.3900811062,0.2360936131,0.1738183354,0.5003628319,0.1848858675,0.7030692577,0.422015474,0.3276417457,0.3522845508,0.2949628054,0.6603674883,0.7801552619
289,1,1,1,1,1,0.4731066337,0.6045025885,0.6708983984,0.3943858973,0.4868134268,0.3899463306,0.2362124132,0.1738152872,0.5001510653,0.1848058965,0.7030616267,0.4221265443,0.3275774955,0.3523703158,0.2949153394,0.6602390706,0.7802140383
289.5,1,1,1,1,1,0.4729218629,0.6045526374,0.6709096756,0.3943514941,0.4868184838,0.390036933,0.2362391111,0.1737968069,0.5004192071,0.1848667893,0.7029085245,0.4220808917,0.3274872315,0.3523332767,0.2950626293,0.6603106095,0.7801749498
290,1,1,1,1,1,0.4730175444,0.6045837284,0.6709791094,0.3942197212,0.4867031596,0.3900115802,0.2362358762,0.173820637,0.5003759428,0.1850186234,0.7030504182,0.4219481975,0.3276863004,0.3523884696,0.2951865137,0.6603638912,0.7802051904
290.5,1,1,1,1,1,0.4728914473,0.6043008878,0.6709727625,0.3941460657,0.4868075372,0.3900778864,0.2362788843,0.1737078273,0.5003279107,0.1849788732,0.7031162502,0.4219791613,0.3276613975,0.3520938217,0.295315688,0.6603217515,0.7801477038
291,1,1,1,1,1,0.4729535327,0.6044154652,0.6708462042,0.3942088986,0.4867582,0.3902229952,0.2362513985,0.1737611779,0.5003966519,0.1848502229,0.703021212,0.4220746841,0.3276712288,0.352086943,0.2952174313,0.6604613621,0.7800651268
291.5,1,1,1,1,1,0.4729576019,0.604337639,0.6708214957,0.3940217296,0.4868356083,0.3901681479,0.236281464,0.1738778936,0.5002630706,0.1846754742,0.7030642736,0.4219968899,0.3277109464,0.3521277448,0.2951493643,0.6605024313,0.7799488328
292,1,1,1,1,1,0.4727961634,0.6042285008,0.6708809765,0.3939156323,0.486852403,0.3899704401,0.2361752412,0.1737903947,0.500200691,0.1845826361,0.7028705544,0.4221006571,0.3275174904,0.3521548259,0.2950793701,0.6606180039,0.7799095598
292.5,1,1,1,1,1,0.472972403,0.6041401922,0.67060337,0.3940451965,0.4867541968,0.3899570437,0.236357974,0.173702014,0.5001638712,0.1845956768,0.7030309495,0.4220531595,0.3275797505,0.3520016581,0.2951396607,0.6606825329,0.7799066111
293,1,1,1,1,1,0.4726801331,0.6042789703,0.6707825908,0.3940357584,0.4867593931,0.3900694021,0.2362774812,0.1736051355,0.5001153535,0.1847522994,0.7030695103,0.4220109523,0.3276195423,0.3520777315,0.294975005,0.660526389,0.7798285007
293.5,1,1,1,1,1,0.4729495215,0.6042912001,0.6707022116,0.3942165266,0.4866783697,0.3903052538,0.2363506506,0.1737521273,0.5002431543,0.1847728469,0.702880607,0.421972667,0.3275872202,0.3521534605,0.2949962117,0.6605364232,0.7797531827
294,1,1,1,1,1,0.4729375754,0.604416865,0.6709362879,0.3942271893,0.4865374699,0.3901270654,0.2362885742,0.1737037452,0.5002995079,0.1847489185,0.7029946959,0.4219710638,0.3275667897,0.3521394436,0.2948767906,0.6606191967,0.7798018899
294.5,1,1,1,1,1,0.4728789184,0.6043154401,0.6710395194,0.3944765891,0.4866107615,0.390094397,0.236301404,0.1737322321,0.5001914713,0.1846428354,0.70310614,0.4222431778,0.3275801191,0.3521277882,0.2947840954,0.6607215942,0.7796926668
295,1,1,1,1,1,0.4728851417,0.6042327816,0.6709169817,0.3944627005,0.486868703,0.3898806637,0.2364144198,0.1738893294,0.5002075267,0.1845881701,0.7032171154,0.421903213,0.327774088,0.3522192278,0.2948246167,0.6607242063,0.7796991027
295.5,1,1,1,1,1,0.472893003,0.6045015516,0.6709594579,0.3946247309,0.4867186055,0.3897863307,0.236392694,0.1737559399,0.5004022066,0.1844963417,0.7031748927,0.4219378045,0.3277770458,0.3521558585,0.2948158871,0.6605805714,0.779787762
296,1,1,1,1,1,0.4729378643,0.604465407,0.6710562265,0.3946191146,0.486867058,0.3897736838,0.2365327155,0.1736740644,0.5003108827,0.184646944,0.7032471527,0.4220805841,0.3278998209,0.3523134518,0.2947886795,0.6605178587,0.7797738497
296.5,1,1,1,1,1,0.4729354309,0.6045780838,0.6709248874,0.3946751982,0.4870370393,0.3897540838,0.2366350857,0.17378045,0.5001605936,0.1845704609,0.7032544075,0.4221667277,0.3277779013,0.3523300444,0.2947173762,0.6603970743,0.7796960816
297,1,1,1,1,1,0.4729337775,0.6046430647,0.6710249095,0.3945796288,0.4869112486,0.3899703586,0.2365228898,0.1737329821,0.5002623375,0.1845001552,0.7033459873,0.4220850214,0.3278037813,0.3523576516,0.294840935,0.6602265907,0.7794822562
297.5,1,1,1,1,1,0.4729124896,0.6044215121,0.6709528719,0.3944295767,0.4870926112,0.3899331338,0.2365793859,0.1736315336,0.5001502538,0.184514661,0.7033277745,0.42210892,0.3277231359,0.3522412393,0.2949073405,0.6602374262,0.7794902154
298,1,1,1,1,1,0.473036708,0.6044794829,0.6709132577,0.394372605,0.4869829566,0.3898803079,0.2363841454,0.173693652,0.5001405664,0.1844207491,0.7033741303,0.422118751,0.3276670091,0.3522806811,0.2950039136,0.6603273878,0.7794469721
298.5,1,1,1,1,1,0.4728104923,0.6044467573,0.6710336057,0.3944258541,0.4869766245,0.389948434,0.236381118,0.1738292824,0.5000889654,0.1843995571,0.7034428028,0.422153932,0.3276609171,0.3521190987,0.2949709754,0.6604518363,0.7793575883
299,1,1,1,1,1,0.4728922318,0.6044187178,0.6712806907,0.3941674505,0.4867024536,0.390047146,0.2363789439,0.1737262245,0.5000226636,0.1844754446,0.7034807136,0.4221420637,0.3276907635,0.3521949901,0.2950324517,0.660121186,0.7795033524
299.5,1,1,1,1,1,0.4728771767,0.6043581942,0.6711838726,0.3942060454,0.4868325282,0.3902486592,0.2363975428,0.1737796042,0.5003146147,0.1844880174,0.7033125797,0.4220043249,0.3278126667,0.3519496062,0.2949110866,0.6600094658,0.7794485326
300,1,1,1,1,1,0.4729549423,0.6044799642,0.6710634547,0.3943001579,0.4868270934,0.3901389074,0.2365040783,0.1737826941,0.5003227469,0.1843654502,0.7034565862,0.4221209048,0.3280955957,0.3520576888,0.2948398535,0.6601024897,0.7795585001
300.5,1,1,1,1,1,0.4727666352,0.6043803221,0.6710923743,0.3944766162,0.4870202655,0.3900233435,0.2364175981,0.1737333108,0.5004190885,0.1843657196,0.7033819987,0.4221959961,0.3280567833,0.3520773559,0.2948218869,0.660111642,0.7795757381
301,1,1,1,1,1,0.4726962178,0.604416077,0.6711334841,0.3944781973,0.4867632586,0.3898304529,0.2362608548,0.1737700306,0.5003395884,0.1844776152,0.7034902418,0.4220815293,0.3279515675,0.3522121029,0.294881905,0.6600916036,0.7794316384
301.5,1,1,1,1,1,0.4727109382,0.6042646143,0.6711905692,0.3944174378,0.4869021677,0.3899673421,0.2363021179,0.1736606224,0.5005556688,0.1844002072,0.7034853035,0.4218801847,0.3280899504,0.3523454155,0.2949916037,0.660273027,0.7793313031
302,1,1,1,1,1,0.4727068416,0.6042488985,0.6711742191,0.3946765001,0.4869579335,0.3902012496,0.2362745233,0.173776983,0.5005568476,0.1844469795,0.7036242822,0.4218404182,0.3279167208,0.3523856285,0.2951476499,0.6603621729,0.7793833056
302.5,1,1,1,1,1,0.4727630711,0.6045420337,0.6714404947,0.3945552734,0.4871296306,0.3902898465,0.2363749832,0.1738678365,0.5004292949,0.1845927972,0.7038549228,0.4220652124,0.3278207837,0.3525642503,0.2951297633,0.6604748741,0.7794542417
303,1,1,1,1,1,0.4727737621,0.60451506,0.6711700118,0.3945215895,0.4872468729,0.390231898,0.2365129455,0.1739158044,0.5003214588,0.1846704048,0.7036912917,0.4220838493,0.3277822234,0.3528250958,0.2950844915,0.6604957185,0.7794622364
303.5,1,1,1,1,1,0.4728255124,0.604251903,0.6708619358,0.3943429465,0.4872366047,0.390248524,0.2364568552,0.1737772005,0.5002949469,0.1848216453,0.7037064003,0.421814569,0.327808313,0.3528327329,0.2952071572,0.6604121982,0.7795101196
304,1,1,1,1,1,0.4728405593,0.6042675883,0.6709539749,0.3943570869,0.4872379588,0.3902432026,0.2365115114,0.1738384714,0.5003781711,0.1848179318,0.7037691052,0.4215039698,0.3278901313,0.3530339247,0.2951027076,0.6603822929,0.779701559
304.5,1,1,1,1,1,0.47314465,0.6041313122,0.6708469295,0.3943077691,0.4870700621,0.3901579298,0.2364016756,0.173787993,0.5003871699,0.1847009836,0.7039418906,0.4213991537,0.3278159376,0.3529144278,0.2949668319,0.6604784088,0.7796407239
305,1,1,1,1,1,0.4729148686,0.6041551818,0.6709654601,0.3942766607,0.4871648945,0.3902029266,0.236478458,0.1737311277,0.5004386426,0.1847072279,0.7037856158,0.4215691364,0.3278130954,0.3529176791,0.2950921691,0.6601112613,0.7795614114
305.5,1,1,1,1,1,0.4729167931,0.6041290731,0.6709842348,0.394484162,0.4870069781,0.3902287229,0.2364391275,0.1739183669,0.5004431387,0.1845746268,0.703852227,0.4216955469,0.3281007723,0.3528631944,0.2950319921,0.6600538517,0.7793219828
306,1,1,1,1,1,0.4727956565,0.6041038824,0.6710331244,0.3944614421,0.4869982611,0.3902179949,0.2364204297,0.1739290847,0.5003634784,0.1846080347,0.7037318451,0.4215865566,0.3281108056,0.3530488875,0.2949805906,0.6600983408,0.7793208098
306.5,1,1,1,1,1,0.472837305,0.6040921712,0.671135694,0.3942948382,0.4869371374,0.3902017168,0.236621278,0.173989611,0.5002176594,0.1846738284,0.7038340008,0.4216614603,0.3280122875,0.3531256248,0.295052964,0.659872205,0.779367886
307,1,1,1,1,1,0.4729074285,0.6041929739,0.6712473975,0.3945444055,0.4870419694,0.390252102,0.2365880752,0.1740050721,0.5002644766,0.1846553067,0.7038821276,0.421626898,0.327978563,0.3530260653,0.2952443949,0.660065042,0.7793575765
307.5,1,1,1,1,1,0.4730764764,0.6043813106,0.6709812416,0.3945774463,0.4870981991,0.3902866215,0.2366491411,0.1739688128,0.5002771166,0.184669672,0.7039607155,0.4217779847,0.3280553308,0.3528595354,0.2953415691,0.659974517,0.7795282999
308,1,1,1,1,1,0.4731130367,0.6043023461,0.6709092998,0.3943671349,0.4871372306,0.3903722007,0.2365790969,0.1739598068,0.5004883699,0.1846916565,0.7040172297,0.4217204216,0.3278876011,0.3527659497,0.2952587993,0.6599986399,0.7795723677
308.5,1,1,1,1,1,0.4729643898,0.6043679702,0.6707625455,0.3942726857,0.4872241481,0.3902812768,0.2365995093,0.1739556928,0.5004761051,0.18472862,0.7040510177,0.4218196826,0.3278550367,0.3528742403,0.295249386,0.6599512717,0.7796379432
309,1,1,1,1,1,0.4730754228,0.6042452511,0.6710374547,0.394526171,0.4872832185,0.3901180078,0.2365246933,0.1739621977,0.5002867879,0.1846639991,0.7040294654,0.4216223136,0.3279606705,0.3528158571,0.2952436491,0.6600424728,0.779719149
309.5,1,1,1,1,1,0.4729698892,0.6043020585,0.6708997995,0.3945617814,0.4874132888,0.3899929605,0.2364863512,0.1739655171,0.5003170775,0.1846105878,0.7040683238,0.4219027474,0.3278117084,0.352728166,0.2951575546,0.660007586,0.7795707095
310,1,1,1,1,1,0.4729243861,0.6042636757,0.6708350817,0.394166175,0.4874810156,0.3901394642,0.2363662366,0.1738146373,0.5003746117,0.1846504379,0.7041047121,0.421783896,0.3277767455,0.3524822244,0.2951200664,0.6599376942,0.7795693487
310.5,1,1,1,1,1,0.4731397849,0.604223306,0.6708340737,0.3942284668,0.4873057464,0.3900811332,0.2362884174,0.1738777351,0.5002185446,0.1846831729,0.7039150893,0.4218179344,0.3278446102,0.3524609471,0.2950621874,0.6599952805,0.7797808808
311,1,1,1,1,1,0.4728541277,0.6042969484,0.6708977103,0.3940502235,0.4871753319,0.3900705581,0.2362424646,0.1739656694,0.5002845407,0.1846868887,0.7038633346,0.4218077646,0.327942157,0.3524666829,0.2951940897,0.6600895569,0.7795703466
311.5,1,1,1,1,1,0.472926889,0.6045233345,0.6709736865,0.3940228413,0.4871293781,0.3900382491,0.2363466523,0.1739514558,0.5003880311,0.1846219831,0.7037110039,0.4219423888,0.3278982811,0.3525500693,0.2950467567,0.6599933686,0.7794566651
312,1,1,1,1,1,0.4727568288,0.604603691,0.6710538471,0.3939235733,0.4871773175,0.3899152196,0.2362156695,0.1740306608,0.5005186814,0.1846062644,0.703706069,0.4220240441,0.3280215725,0.3524875985,0.2949786506,0.6599618726,0.7795246168
312.5,1,1,1,1,1,0.4727979531,0.6044450489,0.6710605539,0.3939642991,0.4872052663,0.3898952845,0.2363785764,0.1740367569,0.5006821128,0.1846881089,0.7036372671,0.4218906203,0.3279568826,0.3526388221,0.2950571931,0.6598355281,0.7795705629
313,1,1,1,1,1,0.4729457099,0.6042019918,0.6709688632,0.3941269982,0.4870886613,0.3898903555,0.2364304477,0.1738559093,0.500735937,0.1846320655,0.7036252762,0.4217743518,0.3279437862,0.3524569955,0.2951783982,0.6600356039,0.7795292881
313.5,1,1,1,1,1,0.4730931962,0.6040375195,0.6711094665,0.3943157521,0.4872083929,0.3897063952,0.2363964015,0.1738811605,0.50068721,0.1845637255,0.7036792826,0.4219880032,0.3279000479,0.3524090056,0.2951031347,0.6600114021,0.7795740889
314,1,1,1,1,1,0.4729530912,0.6041335289,0.6711516879,0.3943448168,0.4870689407,0.3895059651,0.2362716424,0.1738579084,0.5006459412,0.1846586306,0.7036023847,0.4217824159,0.327876438,0.3523965798,0.295165554,0.6597273503,0.7796912247
314.5,1,1,1,1,1,0.4730454605,0.6042259176,0.6710887799,0.3941767973,0.4869823657,0.3896081582,0.2362949941,0.173660776,0.5005641649,0.1846502122,0.7034888997,0.4219010494,0.3278225527,0.352416147,0.2950154562,0.659932147,0.7795711386
315,1,1,1,1,1,0.4729532691,0.6043276371,0.6708625822,0.3940633543,0.4870552663,0.389592348,0.2362800925,0.1736598982,0.5004871151,0.1847063145,0.7035592063,0.4218900083,0.3276376957,0.3524056887,0.2949117424,0.6600222719,0.7797107227
315.5,1,1,1,1,1,0.4729405713,0.6042470509,0.6711259279,0.3940856225,0.4870600404,0.3895932118,0.2362850261,0.1737533528,0.5004675533,0.1846135636,0.7036779665,0.4218228926,0.3278456183,0.3522808732,0.2947476641,0.6601136602,0.7798781133
316,1,1,1,1,1,0.4730306175,0.6043779961,0.6710047257,0.3940816259,0.4872882428,0.3896336912,0.2362664563,0.1736586011,0.5006030077,0.1846118956,0.7034255104,0.421693276,0.3277294764,0.3522760943,0.2947490412,0.6600780486,0.7799402527
316.5,1,1,1,1,1,0.473148399,0.6042528766,0.6710352714,0.3941891897,0.4872135982,0.3897269714,0.2363768421,0.173751488,0.5004179187,0.1846259577,0.7037020036,0.4218109375,0.3278669308,0.3524138397,0.2948709807,0.6601003099,0.7799251517
317,1,1,1,1,1,0.473072798,0.6042199514,0.6710842824,0.3940846348,0.4874607267,0.3897056853,0.2363484878,0.1736853834,0.5003975481,0.1845207678,0.7036870646,0.4218270109,0.3279483301,0.3526707437,0.2950488144,0.6600549299,0.7798910321
317.5,1,1,1,1,1,0.4730419571,0.6043140641,0.6711790617,0.3942432554,0.487274339,0.389716429,0.2363179593,0.1737062785,0.500151887,0.1846312128,0.7036844619,0.4219610857,0.3276656541,0.3527406596,0.2950288164,0.660020981,0.7798585569
318,1,1,1,1,1,0.4730609224,0.604183641,0.6709642948,0.39421653,0.487070556,0.3898998893,0.2364309504,0.1738439173,0.5002323894,0.1845211489,0.7035654082,0.4218352739,0.3276802711,0.3527615395,0.2950770177,0.6600688777,0.7799225961
318.5,1,1,1,1,1,0.4730875809,0.6041200028,0.6710542799,0.394415246,0.4871380202,0.3898683247,0.2363072194,0.173836184,0.5003039578,0.1845103263,0.7036473357,0.421812221,0.3277158348,0.3526500229,0.2951099726,0.6599409955,0.7799269309
319,1,1,1,1,1,0.472795722,0.6042461963,0.6710136706,0.3943871528,0.4868542702,0.389814454,0.2362461381,0.173798923,0.5002065788,0.1845359925,0.7036184718,0.4219964669,0.3278100703,0.3526073808,0.2950950083,0.6598695433,0.7798519641
319.5,1,1,1,1,1,0.4727235747,0.6043497055,0.6708619855,0.3941524347,0.4869634857,0.389743508,0.2362613269,0.1737314368,0.5002768191,0.1844797928,0.7035267692,0.421956596,0.3277427753,0.3525202264,0.2949019608,0.6598473935,0.7797573413
320,1,1,1,1,1,0.4729054194,0.6044028225,0.6707411416,0.3940421744,0.486868697,0.3897596435,0.2363362573,0.1737047764,0.5005664069,0.1844175185,0.7035091582,0.4218803373,0.3277941082,0.3523710036,0.294941146,0.659565734,0.7796315765
320.5,1,1,1,1,1,0.472519833,0.6043904107,0.6709022949,0.3940985548,0.4870010544,0.3896998016,0.2363578202,0.1737877327,0.5007340991,0.1845010746,0.703659805,0.4219309085,0.3277428003,0.3524039981,0.2949526032,0.6593875381,0.7794449949
321,1,1,1,1,1,0.4724571755,0.604577888,0.6710816896,0.3942059609,0.486936148,0.3898403727,0.2363766809,0.1736971391,0.5008789475,0.1844245501,0.7036771394,0.4220266428,0.3278106859,0.3526080818,0.2948620237,0.6596381101,0.7792992745
321.5,1,1,1,1,1,0.4724684573,0.6045098877,0.6710778628,0.394246919,0.4872213213,0.3898682792,0.2363696427,0.1736137477,0.5007506817,0.1843709577,0.7035868736,0.4218771737,0.3277856711,0.3525300491,0.2949856028,0.6597015386,0.7793701579
322,1,1,1,1,1,0.4725399352,0.6045090608,0.6711581026,0.3944554657,0.4871932496,0.3897965181,0.2363753385,0.1737057133,0.5006765322,0.184340447,0.7035546719,0.4217492803,0.3279494275,0.3524947423,0.2949054709,0.6596771159,0.7793506275
322.5,1,1,1,1,1,0.4727468461,0.6044134113,0.6710519528,0.39443646,0.4871330707,0.3897963311,0.236437783,0.1736620173,0.5008824816,0.1841456697,0.7036791193,0.4215725923,0.3280214644,0.3524865918,0.2948369428,0.6597615212,0.7793160762
323,1,1,1,1,1,0.4726609481,0.6044688501,0.6710479032,0.3945942787,0.4872611306,0.3899031997,0.2363393232,0.1737579052,0.500964854,0.1842242448,0.7035967049,0.4215069456,0.3280563247,0.3525457546,0.2950091451,0.6597216709,0.7791284619
323.5,1,1,1,1,1,0.4728538632,0.6044820758,0.6710654934,0.3946902092,0.4871819447,0.3899350441,0.2363443651,0.1737834932,0.5009552697,0.1842656565,0.7036848709,0.4216805078,0.3279202412,0.3526405366,0.2951172137,0.659646804,0.7791563294
324,1,1,1,1,1,0.4728601364,0.6044394808,0.6710001821,0.3948071671,0.4873286096,0.3900922926,0.2363717073,0.1738311123,0.5008248359,0.1843263238,0.7036675852,0.4213945539,0.3277642159,0.3526257791,0.2952730922,0.6594817228,0.7791875839
324.5,1,1,1,1,1,0.4729722284,0.6044284235,0.6708913888,0.3948866129,0.4874570229,0.3900688246,0.2363241855,0.1738335453,0.5007681969,0.1844740453,0.7037324597,0.421490949,0.3277579962,0.3525796711,0.2952718123,0.6595480266,0.7792323024
325,1,1,1,1,1,0.4729988661,0.6045140097,0.6710694012,0.3946960817,0.4874859535,0.3902746919,0.2363548247,0.173788,0.5005732801,0.1844070726,0.7037063364,0.4215900001,0.3278392376,0.3524827659,0.295127564,0.659587125,0.7793540408
325.5,1,1,1,1,1,0.4730591609,0.6043698632,0.6711733856,0.3947989095,0.4874807608,0.3902756966,0.2362846818,0.1737524525,0.5006538459,0.1844125442,0.7036790149,0.4217646964,0.3278902201,0.3525278315,0.2950355224,0.6594541211,0.7793014141
326,1,1,1,1,1,0.4730184566,0.6044730451,0.6711138907,0.3945659053,0.4875164719,0.3904436376,0.2364236989,0.1738280022,0.5006848866,0.1844914656,0.7038285106,0.4218437778,0.3278209062,0.3525255362,0.2950770933,0.6594789331,0.7791768095
326.5,1,1,1,1,1,0.473022262,0.6043268021,0.6712686852,0.3946892113,0.4873604892,0.3902113439,0.2365982526,0.17401723,0.5007392217,0.1845251119,0.7038727012,0.4219460606,0.3279533434,0.3523454008,0.2950174078,0.6595304414,0.7791456546
327,1,1,1,1,1,0.4728684455,0.6044027481,0.6713220538,0.3944648831,0.4873409932,0.3903620645,0.2366214462,0.1741609174,0.5006665793,0.1846594753,0.7039125296,0.4218423243,0.3279778524,0.3523050414,0.2950691567,0.659650887,0.7791389935
327.5,1,1,1,1,1,0.4727801358,0.6044482743,0.6709871895,0.3943610322,0.4872911094,0.3903051034,0.2367992086,0.1741149935,0.5005744919,0.1848233823,0.7041187466,0.4219656692,0.3279978089,0.3524011461,0.295022921,0.6595565876,0.7790089087
328,1,1,1,1,1,0.4728244417,0.6043942713,0.6708782006,0.3946035938,0.4873228214,0.390347733,0.2369038889,0.1741466145,0.5008005997,0.184848059,0.7040070708,0.4219881844,0.3279742878,0.3522660291,0.2950558511,0.6593517224,0.7790640086
328.5,1,1,1,1,1,0.4729332269,0.6044669009,0.6709141953,0.3946570042,0.4873471777,0.3903450877,0.2369395938,0.1740964411,0.500682582,0.1848189261,0.7039826596,0.4217942916,0.3281228459,0.352318129,0.2949023949,0.6592616028,0.7789235621
329,1,1,1,1,1,0.4728686832,0.6045541099,0.670776448,0.3945160164,0.4874491721,0.3902867212,0.2367937345,0.1740135363,0.5008350336,0.1847241574,0.7040777145,0.4217986715,0.3279457805,0.3523525744,0.294675706,0.6593185445,0.7790417216
329.5,1,1,1,1,1,0.472788778,0.60441215,0.6709863606,0.394494583,0.4873556854,0.3901085391,0.2365955387,0.1740976286,0.5008199981,0.1845691408,0.7041283028,0.421821275,0.3280287983,0.3524786681,0.2948092863,0.6592716944,0.7790587833
330,1,1,1,1,1,0.4726887663,0.6044319761,0.6711185778,0.3941684336,0.4873248937,0.3900602839,0.2364668985,0.1738651885,0.500717949,0.1846060836,0.7041436178,0.4216856686,0.3276535613,0.3524080236,0.2948401084,0.6591541766,0.7790371596
330.5,1,1,1,1,1,0.472504498,0.6044319479,0.6709286532,0.3942037512,0.487404454,0.3901662612,0.2364607297,0.1739759027,0.50072807,0.1845602512,0.7041406387,0.4216920288,0.3276364319,0.3525729802,0.294751002,0.6592688151,0.7792047986
331,1,1,1,1,1,0.4725940395,0.604456136,0.670924211,0.3943644062,0.4873458943,0.390159978,0.2365115998,0.1739416801,0.5010011058,0.1844358658,0.7042736178,0.4216783572,0.3277053395,0.3525517671,0.2949912615,0.6593119535,0.7792037834
331.5,1,1,1,1,1,0.4723921887,0.6043483611,0.6710609032,0.3943531598,0.4871419044,0.3903562544,0.2364973712,0.1740533457,0.5009314865,0.1844754822,0.7041250174,0.4218243759,0.3277490774,0.3527185182,0.2950716771,0.6591613445,0.7792723796
332,1,1,1,1,1,0.4725455382,0.6044849376,0.6711186237,0.3944507489,0.4873556319,0.3903336937,0.2365018256,0.1738910294,0.5007599908,0.1845827126,0.7041948954,0.4219397716,0.3277111954,0.3526253867,0.2951450016,0.6592153728,0.77935464
332.5,1,1,1,1,1,0.4727050332,0.6046939689,0.6711578309,0.394649253,0.4874246469,0.3904399202,0.236516727,0.1739087875,0.5006850718,0.1845701067,0.7040799112,0.4219924822,0.3277407533,0.352331675,0.2953328844,0.6595017342,0.7792560786
333,1,1,1,1,1,0.4729246298,0.604755441,0.6710802767,0.3947298009,0.4874882704,0.3901799301,0.2364703554,0.1739324423,0.5008129559,0.1846366221,0.7041591152,0.4219759523,0.3275278525,0.3523293115,0.2952217157,0.6596067162,0.7792087901
333.5,1,1,1,1,1,0.4730561729,0.6047062407,0.6707529556,0.3948803315,0.4873805637,0.3902320622,0.2364325325,0.1739042132,0.5006690055,0.1846532957,0.7039651558,0.4220425647,0.3275305009,0.3522920502,0.2952247043,0.6596920478,0.7793601428
334,1,1,1,1,1,0.4731014711,0.6046294398,0.67072477,0.3946689651,0.4876585838,0.3902979357,0.2363542677,0.1738858381,0.5007224769,0.1847519995,0.7039378899,0.4219790243,0.3275993753,0.3521448459,0.2951774383,0.6596856044,0.779350344
334.5,1,1,1,1,1,0.4728686382,0.6047262929,0.6709084539,0.3948070904,0.4876142676,0.390365189,0.236499842,0.1739004481,0.5008052104,0.1848192999,0.7039969049,0.4218825533,0.3277027014,0.3525522653,0.2953392123,0.6596791599,0.7795235556
335,1,1,1,1,1,0.4726941239,0.6046580768,0.6708891307,0.3946867263,0.4871958232,0.390411706,0.2364430349,0.1739570776,0.5007958398,0.1848673082,0.7039268959,0.4218186376,0.3278189117,0.3523161127,0.2953582658,0.6597044943,0.7796549492
335.5,1,1,1,1,1,0.4728990383,0.604598886,0.6707948919,0.3946463889,0.4871005483,0.3902330227,0.2364200887,0.1738378717,0.5008697827,0.1848840131,0.7037732263,0.4217301179,0.3277514255,0.3523595397,0.2952533457,0.6596628469,0.7797927049
336,1,1,1,1,1,0.4727920241,0.6047384364,0.6708810624,0.3944912988,0.4870412709,0.3904043703,0.2365679718,0.1739318265,0.5010601432,0.1849531219,0.7036753482,0.4218656545,0.3278326893,0.352557777,0.2950545654,0.6596903725,0.7798609737
336.5,1,1,1,1,1,0.4728655618,0.6046674567,0.6709300876,0.3945919176,0.4870689973,0.3900299299,0.2365101389,0.1741433798,0.5010069323,0.1849072993,0.703802637,0.4217266424,0.3278394215,0.3525167088,0.2951375057,0.6597995043,0.779923812
337,1,1,1,1,1,0.4728849096,0.6046700212,0.6711605618,0.3945483638,0.4872192359,0.3900034182,0.2364890158,0.1741619932,0.5010727181,0.1850180369,0.7038218945,0.4215837589,0.3277287026,0.3526992959,0.2950703189,0.6598332712,0.7799194162
337.5,1,1,1,1,1,0.4729079353,0.6047210187,0.6710873356,0.3945381849,0.4873933305,0.3900319897,0.2363688362,0.1742511258,0.5007738983,0.1850764035,0.7037699142,0.421447959,0.327754101,0.3527016344,0.2949490023,0.6598177483,0.7798164275
338,1,1,1,1,1,0.4727054629,0.6047476555,0.6711786913,0.3943239573,0.4872871375,0.3898769308,0.2363364626,0.1740741404,0.5008315685,0.1850321271,0.7037893553,0.4215383822,0.3277898814,0.3525596822,0.2949932523,0.6595834592,0.7798103922
338.5,1,1,1,1,1,0.4726321983,0.6047355112,0.6709963134,0.3940943751,0.4872110319,0.3899392323,0.2364137738,0.174021601,0.5007183944,0.1849602434,0.7038902645,0.4217515831,0.3276338263,0.3525690779,0.2950782344,0.6598474612,0.779913373
339,1,1,1,1,1,0.4727677958,0.6046547345,0.6709885699,0.3940639015,0.4871090048,0.3899356806,0.236504094,0.1739064815,0.5005747386,0.184980064,0.7038399043,0.4217010072,0.3275779941,0.3522769217,0.2952318786,0.659839559,0.7798071189
339.5,1,1,1,1,1,0.4729425328,0.6046208713,0.6710120442,0.3943648802,0.4869780207,0.3899855279,0.2365456943,0.1739547849,0.5006976128,0.185072091,0.703906525,0.4216068491,0.3276320659,0.3519907129,0.2952489503,0.6597456069,0.779839929
340,1,1,1,1,1,0.4727688793,0.6044632982,0.6710459347,0.3944987996,0.4869814944,0.3900952862,0.2364942005,0.1739727634,0.5005819302,0.1848936614,0.7038005153,0.421520319,0.3277276771,0.3521622351,0.2950608057,0.6598917972,0.7797404922
340.5,1,1,1,1,1,0.4727578877,0.6043221081,0.671069412,0.3944327391,0.4867368186,0.3899956813,0.2363519231,0.1739247709,0.5009044671,0.184875895,0.7037305979,0.4213541927,0.3277493644,0.3522113043,0.2948695347,0.6599208069,0.7795065427
341,1,1,1,1,1,0.4727532412,0.6044948785,0.6708718543,0.394240639,0.4867029995,0.389939494,0.2363587507,0.1739728032,0.5007734352,0.1848701463,0.7035711528,0.4212943292,0.3275810358,0.3521257786,0.2947231663,0.6601127519,0.7794685904
341.5,1,1,1,1,1,0.4727047599,0.6042920156,0.6708164971,0.3944103692,0.486848987,0.3899706749,0.2362145483,0.1739512697,0.5006835851,0.1847878755,0.7035486959,0.4214382653,0.3275979413,0.352098586,0.2947433009,0.6599721894,0.779413765
342,1,1,1,1,1,0.472688798,0.6042890902,0.6707154285,0.3945189962,0.4868708892,0.3901367938,0.2362979732,0.1740691059,0.5005176424,0.184826966,0.7035850138,0.4216949152,0.3275126522,0.3523352694,0.294810232,0.65986475,0.7793201045
342.5,1,1,1,1,1,0.472718566,0.6041708106,0.6707592691,0.3944571954,0.4868555734,0.3899952757,0.2362488576,0.174087407,0.5003348405,0.1846993858,0.7037144738,0.4218150609,0.3274774917,0.3526140619,0.2947894627,0.6598045324,0.779340922
343,1,1,1,1,1,0.472723018,0.6041580518,0.6708974293,0.3945832529,0.4869907501,0.3902091375,0.2361040625,0.1740081225,0.5003313787,0.184813177,0.7037333942,0.4216798916,0.327412166,0.3525551961,0.2948900716,0.659736544,0.7792896332
343.5,1,1,1,1,1,0.4727977036,0.6041560111,0.6710009983,0.3943708286,0.4870316184,0.3901378832,0.2362050707,0.1740780511,0.5003697866,0.1847152795,0.7038620474,0.4218073143,0.3275922221,0.3524849294,0.29493197,0.6595046059,0.7793553785
344,1,1,1,1,1,0.4729689253,0.604182988,0.6709440003,0.3942361315,0.4870799973,0.3898831225,0.2363572375,0.1739839701,0.5003241941,0.1846406825,0.7038532746,0.4218685117,0.3276803349,0.3524517394,0.2950654195,0.6595553304,0.7792938272
344.5,1,1,1,1,1,0.4731102353,0.6042321872,0.6709092449,0.3942013604,0.4870178801,0.3897263307,0.2363800003,0.1739566328,0.5004772525,0.1845952484,0.7037749993,0.4218165444,0.3276701954,0.3523402368,0.2948950348,0.6594232635,0.7793433723
345,1,1,1,1,1,0.4730534265,0.6042633485,0.670916043,0.3943754599,0.4870627415,0.3896822169,0.2363388016,0.1739858295,0.5005480664,0.184622831,0.7038518661,0.4218167821,0.3276845562,0.3524346808,0.2950033696,0.6595240958,0.7793207645
345.5,1,1,1,1,1,0.4728432299,0.6041465073,0.6710081527,0.3945108697,0.4871159976,0.3895951433,0.2365254344,0.1738879725,0.500390926,0.1846473353,0.703692074,0.4219023387,0.3279532172,0.3524638938,0.2951207718,0.6595524989,0.7794833536
346,1,1,1,1,1,0.4725624762,0.6041930655,0.6709824491,0.3943422507,0.4871128559,0.389739205,0.2364831685,0.173937939,0.5003874357,0.1845639339,0.7035907461,0.421939946,0.3280361976,0.3522285101,0.2950901847,0.6594811026,0.7795809959
346.5,1,1,1,1,1,0.4724362816,0.6044087409,0.671031259,0.3941874134,0.4872681937,0.3897915197,0.2365093472,0.173979497,0.5004422433,0.1845390941,0.7035995834,0.4218080683,0.3277659649,0.3523132165,0.2950764448,0.6592022361,0.7795810984
347,1,1,1,1,1,0.4726017648,0.6044567333,0.6710926415,0.3943813821,0.4872701426,0.3897252786,0.2365405927,0.1740527625,0.5004583936,0.1846827354,0.7036452791,0.4218289339,0.327852475,0.3523602844,0.2950214976,0.6592615943,0.7797355129
347.5,1,1,1,1,1,0.4727773525,0.604586594,0.6710345667,0.3945648197,0.4869678614,0.3897562056,0.2364327454,0.1739598235,0.5003530853,0.1847558142,0.7035487533,0.421848364,0.3278949907,0.3523566011,0.2950126971,0.6592756285,0.7796795399
348,1,1,1,1,1,0.4726569629,0.6047866538,0.6712395297,0.394333451,0.4870709247,0.3897222778,0.2362865568,0.1738708149,0.5003367072,0.1848010886,0.7035924466,0.4218129705,0.3277294466,0.3524138293,0.2949116922,0.6593286454,0.7798303333
348.5,1,1,1,1,1,0.4727013376,0.6045574759,0.6710576803,0.3944168595,0.4870630248,0.3898711327,0.2362838768,0.1738411918,0.5004072461,0.1847571346,0.7036120232,0.4218701491,0.327854512,0.352405532,0.2949261172,0.659522834,0.7798454742
349,1,1,1,1,1,0.4728364834,0.6043473019,0.6711141672,0.3943593667,0.4871471544,0.3898398628,0.2363846573,0.1738925008,0.5002958933,0.1847917945,0.703692985,0.4219300703,0.3279657848,0.3525187621,0.295037122,0.6596446769,0.7799591921
349.5,1,1,1,1,1,0.4729339567,0.6042373036,0.6709980168,0.3943799781,0.4871859615,0.3898703068,0.2363218138,0.1738424903,0.5003730386,0.1846882255,0.7037421609,0.4216728953,0.3280761423,0.352418299,0.2951246074,0.6597578547,0.7799259787
350,1,1,1,1,1,0.473014552,0.6042474024,0.6709088652,0.39443767,0.487216241,0.3899590348,0.2364403964,0.173926221,0.500061412,0.1847818587,0.7038146712,0.4214885317,0.3279493289,0.3525493403,0.2954234049,0.659564572,0.7799278439
350.5,1,1,1,1,1,0.4730782225,0.6042859252,0.6708008398,0.3944799229,0.4874202941,0.3899797076,0.2364180672,0.1739169834,0.4999318765,0.1847811493,0.7037969696,0.4213622582,0.3279639596,0.352631836,0.2954563751,0.6595244494,0.7798084921
351,1,1,1,1,1,0.4732284144,0.6041233673,0.6708391565,0.3943145718,0.4873366221,0.3899575031,0.2363799106,0.1738739566,0.5001058106,0.1848258504,0.7038765594,0.4215727441,0.3278641757,0.3526582941,0.2953719176,0.6596082202,0.7797019003
351.5,1,1,1,1,1,0.4732005719,0.6042032406,0.6709947739,0.3942401368,0.4874649552,0.389992161,0.2362715002,0.1739987411,0.5000883214,0.1848861145,0.7040348707,0.4216936157,0.3280107148,0.352689466,0.2953345961,0.6597000315,0.7795945837
352,1,1,1,1,1,0.4732434086,0.604202187,0.6711346554,0.3943171958,0.4873182455,0.3902377829,0.2361760949,0.1739675777,0.5000903693,0.1849541705,0.7039411899,0.4215997279,0.3280653646,0.3525248612,0.2953633004,0.6596699246,0.7796284519
352.5,1,1,1,1,1,0.4728908624,0.604257184,0.671108495,0.3944798465,0.4872993059,0.3900329082,0.2361156903,0.1737452483,0.5001496071,0.1849642114,0.7039085689,0.4214177106,0.3278221724,0.3525164333,0.2954487443,0.6595685692,0.7796645286
353,1,1,1,1,1,0.4729010838,0.6044045144,0.671026116,0.3944905748,0.4871094375,0.3900191437,0.2361048316,0.173662591,0.5000688307,0.1848520937,0.7039736898,0.4217027291,0.3279084135,0.3523845414,0.2952970855,0.6594597588,0.7797647168
353.5,1,1,1,1,1,0.472852626,0.6043541019,0.6709993146,0.3944775405,0.4869331202,0.3899162182,0.2362824375,0.1737584357,0.5002083897,0.1847287314,0.7039352882,0.4216603961,0.3277326805,0.352129698,0.2951838831,0.6596267291,0.7795938886
354,1,1,1,1,1,0.4728208532,0.6043965511,0.670765439,0.3944778484,0.4868729557,0.3898541522,0.2363680025,0.1736294357,0.5002553966,0.1846972849,0.7038384305,0.4216405626,0.3277775604,0.351952478,0.2952130855,0.6595721005,0.7796421553
354.5,1,1,1,1,1,0.4728018505,0.6043201292,0.6707706511,0.3944982283,0.4870181024,0.3898616431,0.2364771254,0.1736754095,0.5000510338,0.1848026844,0.7037724646,0.4218063799,0.3276520752,0.3521847913,0.2951015644,0.6595125541,0.7796615842
355,1,1,1,1,1,0.4728970386,0.6042250648,0.6707946348,0.394240897,0.486840501,0.38993533,0.2363622325,0.173751998,0.4999522442,0.1846166343,0.7038955285,0.4218898086,0.3278227511,0.3521921162,0.2950725687,0.6595251713,0.7796872437
355.5,1,1,1,1,1,0.4728866091,0.6039446308,0.6709526561,0.3943717752,0.4866869405,0.3899717382,0.236125536,0.1736748483,0.4997703857,0.1845809468,0.7039678899,0.4219301733,0.3277576085,0.3521628749,0.2949915022,0.6595301687,0.7796675535
356,1,1,1,1,1,0.4730328931,0.604210518,0.6711223799,0.3944436445,0.4866921012,0.3898821879,0.2361007471,0.1736218377,0.499850316,0.1844624066,0.7039582149,0.4220180259,0.327801588,0.3519028791,0.2950307719,0.6595802802,0.7797515561
356.5,1,1,1,1,1,0.4728894101,0.6042127365,0.6709380998,0.394529741,0.4868706932,0.3900094881,0.236084741,0.1735797331,0.4994429433,0.1844330966,0.7037812697,0.4220858348,0.3277153119,0.3519610931,0.2949803051,0.6595807729,0.7799135415
357,1,1,1,1,1,0.4728512491,0.6044198247,0.6710393401,0.3945804282,0.4868085759,0.3900440509,0.2361790996,0.1736893474,0.499395029,0.1845055422,0.7036621469,0.4221365857,0.3277645734,0.35201416,0.2949290384,0.6597132063,0.7799302905
357.5,1,1,1,1,1,0.4727981129,0.6043139605,0.6710209159,0.3946212062,0.4869772185,0.3900273716,0.2362089002,0.1737064768,0.4995157752,0.184630285,0.7038217838,0.4220053389,0.3277663223,0.3519987585,0.2947781997,0.6599590552,0.7799293709
358,1,1,1,1,1,0.4728328993,0.6042738226,0.6711256596,0.394591868,0.4870450249,0.3899744757,0.2361950771,0.1737849749,0.499564066,0.1845683295,0.7040706124,0.4217695035,0.3276907069,0.3519517215,0.2948667429,0.6598589343,0.7798076484
358.5,1,1,1,1,1,0.4727346946,0.6043927401,0.6711893031,0.3944743654,0.4872062408,0.3900994254,0.2360820815,0.1737743517,0.4997191336,0.1844315337,0.7040776253,0.4216547596,0.327594272,0.3520581477,0.2950488552,0.659695325,0.7797481517
359,1,1,1,1,1,0.4727212743,0.6043276222,0.6712011881,0.3944292487,0.4872356673,0.390060294,0.2360432669,0.1736612708,0.4997051071,0.1843802788,0.7041340154,0.4215715411,0.3276010934,0.3522315814,0.2952104575,0.6596650376,0.7798343158
359.5,1,1,1,1,1,0.4729870663,0.6042869645,0.6712156899,0.3945309743,0.4871710175,0.3900279288,0.2359444458,0.173633589,0.4996471134,0.1844400125,0.7040434622,0.4216937787,0.3277150091,0.3521153377,0.2949290514,0.6595664868,0.7798314575
360,1,1,1,1,1,0.4729533752,0.6042709093,0.6710799359,0.3944045693,0.487336166,0.3900514704,0.2359619531,0.1738170011,0.4995929911,0.1845975976,0.704060752,0.4216999064,0.3278378248,0.3521555756,0.2950340512,0.6595401091,0.7799260212
360.5,1,1,1,1,1,0.4729110465,0.6042773435,0.6712737305,0.3944644013,0.4870148403,0.3900133437,0.2361951087,0.1735022517,0.4995621459,0.1844246984,0.7040137576,0.4219436964,0.3277672589,0.3523197495,0.2950508966,0.6593543537,0.7799810236
361,1,1,1,1,1,0.4729372838,0.604470792,0.6712872766,0.394492521,0.4871793648,0.3899421914,0.2362993212,0.1736470871,0.499577227,0.1843271133,0.7041750045,0.4219869433,0.3278849074,0.3522519958,0.2952001469,0.6592235424,0.7799492388
361.5,1,1,1,1,1,0.4730247703,0.6041344485,0.670962396,0.3942506723,0.4872413078,0.3901588496,0.236093257,0.1735498638,0.4996044081,0.1842169376,0.7041221487,0.4219490988,0.3276843319,0.3522992235,0.2951702541,0.6591739878,0.7798164091
362,1,1,1,1,1,0.4731332513,0.6044244566,0.6711145432,0.3942348878,0.4868774809,0.3901509394,0.2361756204,0.173555177,0.4996078773,0.1842147236,0.7040967399,0.4218292179,0.3279486025,0.3518778833,0.2951643119,0.6591403242,0.7797134402
362.5,1,1,1,1,1,0.47316568,0.6042426347,0.6710959638,0.394343865,0.4867987721,0.3900064678,0.2361712547,0.1737031974,0.4994551794,0.1843559652,0.7040892613,0.4216930666,0.3281487902,0.3517224164,0.2950524121,0.6592553909,0.7797325797
363,1,1,1,1,1,0.4732014541,0.6041793931,0.6710849829,0.3943037849,0.4868529637,0.3901678263,0.236449339,0.1737273576,0.4994688135,0.1842978807,0.7040233604,0.4218116584,0.3281147277,0.3516418149,0.294982441,0.6593190035,0.7797761482
363.5,1,1,1,1,1,0.473077168,0.6040334719,0.6710283624,0.39421511,0.4869648276,0.3900303102,0.2364262616,0.1737681602,0.4994825227,0.1843637902,0.7040261394,0.4217279446,0.3280438449,0.3517578902,0.295007351,0.6594750815,0.7798275364
364,1,1,1,1,1,0.4729792974,0.6041460095,0.6710267435,0.39442849,0.4869248982,0.3899516645,0.2363361922,0.1737959509,0.4993406151,0.1844108225,0.7038447324,0.4216812347,0.3279111091,0.3516323879,0.2948289843,0.6595588381,0.7798755379
364.5,1,1,1,1,1,0.4730393758,0.6042995115,0.6713371571,0.3944482624,0.4869147053,0.3898480064,0.2363271555,0.1738224313,0.4994054056,0.1844238115,0.7037388911,0.4218999398,0.3278040254,0.3519335132,0.2949716439,0.6593628767,0.7798574299
365,1,1,1,1,1,0.4729072486,0.604275736,0.6713975868,0.3942712946,0.4868620695,0.3900482514,0.2364272244,0.1738256853,0.4993234965,0.1843985512,0.703689789,0.4221035627,0.3277960615,0.351897131,0.2950148639,0.6593348189,0.7799658978
365.5,1,1,1,1,1,0.4728609626,0.6043214034,0.6711291559,0.394182486,0.4869483852,0.3901142222,0.2363255635,0.1738595424,0.4993852478,0.1843444055,0.7036357647,0.4219933392,0.3277667981,0.3521244104,0.2949138049,0.6593453204,0.7800243318
366,1,1,1,1,1,0.4729127282,0.6045289906,0.6711519922,0.39419925,0.4870153453,0.3902402123,0.2363696966,0.1738011619,0.499462254,0.1843876051,0.7036814073,0.4220655844,0.3277521035,0.3523943374,0.2950616462,0.6594744987,0.7800524557
366.5,1,1,1,1,1,0.4727005524,0.6042724288,0.6709168443,0.3942370001,0.4867665951,0.3902830052,0.2362132243,0.1738454931,0.4995357435,0.1843942741,0.7036759408,0.4223224917,0.3278503916,0.3521962541,0.2950265744,0.6595933475,0.779939535
367,1,1,1,1,1,0.4727859058,0.6043218947,0.6709650399,0.3943543686,0.486897715,0.3901944075,0.2363958937,0.1739053963,0.4995861708,0.184518039,0.70355916,0.4221992793,0.3276935841,0.3522792279,0.2949592975,0.6596978885,0.7801532238
367.5,1,1,1,1,1,0.4728894278,0.6042236006,0.6710135565,0.3942942974,0.4870831902,0.3902176569,0.2362651392,0.1739171056,0.4997186243,0.1846510654,0.7034736946,0.4221452905,0.3277483485,0.3523532315,0.2950565367,0.659990384,0.7801748011
368,1,1,1,1,1,0.4729393804,0.6044425437,0.6710194305,0.394295946,0.487075138,0.3901850615,0.2363123792,0.1738789619,0.4998052379,0.1847323878,0.703575719,0.4221372558,0.3278769292,0.3523562621,0.295005092,0.6600753422,0.7800603048
368.5,1,1,1,1,1,0.4730753122,0.6045259808,0.6709344887,0.3942045886,0.4871665938,0.3901584448,0.2364285611,0.1739898759,0.4998327087,0.1847703007,0.7035039863,0.4220002495,0.3277010706,0.3525698126,0.2950921919,0.6602762513,0.7798560032
369,1,1,1,1,1,0.4731219259,0.6045873147,0.6710688796,0.3941009447,0.4870245647,0.3902047371,0.236447674,0.1739958131,0.4999921767,0.1848420432,0.7036559089,0.4221784215,0.3275895106,0.3522443701,0.2951763555,0.6604142587,0.7801058151
369.5,1,1,1,1,1,0.473179329,0.6043472107,0.6709904053,0.3942265203,0.4871994562,0.38987784,0.2363228472,0.1740202813,0.5000825846,0.1846537735,0.7038173723,0.4220131746,0.3277494647,0.3523728952,0.2953317108,0.6604613796,0.7799783116
370,1,1,1,1,1,0.4731682262,0.604345855,0.6709610613,0.3941979828,0.4874007562,0.3900241809,0.2362706548,0.1740147053,0.5000028458,0.1846341596,0.7039641584,0.4219477207,0.3277434635,0.3524266026,0.2951785598,0.6603546855,0.7800290395
370.5,1,1,1,1,1,0.4729926929,0.6044283637,0.6709676017,0.3943441617,0.4874501704,0.3898465901,0.2364004404,0.1740035204,0.4998960304,0.1847892579,0.7038867987,0.4217755048,0.3276914413,0.3523079582,0.2951363937,0.6603990179,0.7800557947
371,1,1,1,1,1,0.4731075008,0.6044275495,0.6708331434,0.394402715,0.4873792938,0.3898589393,0.2363078936,0.1739431548,0.499975893,0.1847663615,0.7038548092,0.4216807397,0.3276046499,0.3522981964,0.2951243964,0.6603277224,0.7799090963
371.5,1,1,1,1,1,0.4730599626,0.6044715,0.6708003595,0.3943493473,0.4871656351,0.389778226,0.2363074581,0.173986906,0.4998474121,0.1846872302,0.7039068115,0.4214664003,0.3276360081,0.3524022374,0.2950568963,0.6604893563,0.7798711825
372,1,1,1,1,1,0.4730615085,0.6044848046,0.6708129104,0.3944365032,0.4872214593,0.3898518109,0.2362514841,0.1739787008,0.4998717713,0.1845060496,0.7038113626,0.4212840217,0.3273764711,0.3522650193,0.2949155202,0.660444517,0.7797935842
372.5,1,1,1,1,1,0.4731414251,0.6045062403,0.6708600815,0.3945621368,0.4872310148,0.3899448385,0.23619046,0.1739250541,0.4997565467,0.184618772,0.7037411316,0.4212006303,0.3274733777,0.3521905587,0.2948043588,0.6603236669,0.7797124356
373,1,1,1,1,1,0.4732024098,0.6045536786,0.6709311137,0.3945169091,0.4872240924,0.3898349868,0.2364017288,0.173958754,0.4996085004,0.1846220426,0.7037782758,0.4212973743,0.327628669,0.3522472998,0.2947275185,0.6603206296,0.7796833096
373.5,1,1,1,1,1,0.4729734772,0.6045276275,0.6711188965,0.3944703951,0.4871658355,0.3896926238,0.2363467379,0.1739084971,0.4995267564,0.1846282846,0.7036928342,0.4213621468,0.3275314457,0.3520567197,0.2947248612,0.6600951822,0.77958578
374,1,1,1,1,1,0.4729718112,0.6044507945,0.6709601675,0.3944055273,0.4872820935,0.3896937982,0.2361729884,0.1739253608,0.4996522641,0.1846523732,0.7035178802,0.4214557452,0.3276185775,0.3520516156,0.2946637869,0.66001181,0.7795944251
374.5,1,1,1,1,1,0.4727446548,0.6043248907,0.671136346,0.3944324673,0.4873764996,0.3897494185,0.2362387494,0.1738515774,0.499555041,0.1845979263,0.7035518633,0.4214864857,0.3276491051,0.3521713908,0.2948269819,0.6600773586,0.7797068376
375,1,1,1,1,1,0.4728600027,0.6042845488,0.6709396475,0.3944027077,0.4873104165,0.3899879022,0.2361640091,0.173823382,0.499518819,0.1846675549,0.7036902353,0.4215551415,0.3275602637,0.3522737213,0.2948463231,0.6599833967,0.7799866495
375.5,1,1,1,1,1,0.473011567,0.6040823189,0.671009509,0.3943171673,0.4874279249,0.389888347,0.2361150607,0.1738854187,0.4995107209,0.1847122181,0.7037431198,0.4218680704,0.3277571974,0.3524116153,0.2949542722,0.6600501722,0.7801335169
376,1,1,1,1,1,0.4728475333,0.6042063528,0.6709792924,0.3943147985,0.4872017369,0.3899922167,0.2361784003,0.1738256435,0.4994775886,0.1845701135,0.7038098604,0.4218528552,0.327906025,0.3525155379,0.2948694247,0.6601840957,0.7800536007
376.5,1,1,1,1,1,0.4727671309,0.6041988961,0.6710122728,0.3944836947,0.4869437895,0.3902163514,0.2363748144,0.1738399852,0.4992276438,0.1845017326,0.7037916001,0.4219362572,0.3278314365,0.3525859012,0.2949907696,0.6602507708,0.780118129
377,1,1,1,1,1,0.4730166868,0.6042203099,0.6707603509,0.3943965768,0.4871769108,0.3900414968,0.2364235807,0.1738935844,0.4990868776,0.184487593,0.7037488518,0.4220049551,0.3279019008,0.352226927,0.2950398171,0.6605646169,0.7802624085
377.5,1,1,1,1,1,0.4732415701,0.6042219774,0.6709378724,0.3945538334,0.4871593001,0.3901513583,0.2365258406,0.1740368772,0.4991566197,0.1844372137,0.7035595893,0.4217324149,0.3278001578,0.3523576166,0.2950498265,0.6606603059,0.7802991893
378,1,1,1,1,1,0.47311376,0.6042681763,0.6708858564,0.3945541567,0.4871670001,0.3901268823,0.2364613427,0.1739428321,0.4992646503,0.1843993908,0.7035213882,0.4218144276,0.3278059905,0.3521991363,0.2949791089,0.6606077312,0.7801054418
378.5,1,1,1,1,1,0.4732964859,0.6041858601,0.6709135924,0.3946172043,0.4871810247,0.3902098864,0.2364871022,0.1739470279,0.4993066504,0.1844533785,0.7034295235,0.4216672114,0.3279440099,0.3521056264,0.2947918857,0.6605437619,0.7801851254
379,1,1,1,1,1,0.47312256,0.604185316,0.6708491704,0.3948599842,0.4873115325,0.3900734543,0.236600115,0.1740098506,0.4994017433,0.1843655434,0.7035842726,0.4217634771,0.3277626999,0.3520938983,0.2948071942,0.6606212594,0.7801194057
379.5,1,1,1,1,1,0.4732146415,0.6041802308,0.6708495593,0.3947900809,0.4871015038,0.390042866,0.2364989318,0.1740014781,0.4997088716,0.1842630419,0.703457083,0.4214921827,0.3278229751,0.3521946173,0.2948429911,0.6606978732,0.7800899714
380,1,1,1,1,1,0.4733397927,0.604247389,0.6710627233,0.394699267,0.487052514,0.3898766677,0.2363933988,0.1739543175,0.4996566269,0.184423618,0.7035499928,0.4216622305,0.3277906366,0.3523122101,0.294770546,0.6606858106,0.7802567525
380.5,1,1,1,1,1,0.4732294149,0.6042162679,0.6708101324,0.3946227475,0.4873300523,0.3900213071,0.2363259239,0.1740229101,0.4996917831,0.1844540477,0.7035082587,0.4218295711,0.327893946,0.3522330302,0.294830372,0.6606029932,0.7804230004
381,1,1,1,1,1,0.4731616153,0.6043338071,0.670707741,0.3948117728,0.4872554973,0.3901506636,0.2363230431,0.1740098097,0.4996633695,0.1845410754,0.7034189496,0.4217109195,0.3276619318,0.3520719087,0.2948369323,0.6605348846,0.7802701876
381.5,1,1,1,1,1,0.4728044244,0.6041730479,0.6708015024,0.3947611693,0.4875045616,0.3902164499,0.2364836788,0.1738396433,0.4997302298,0.1845176168,0.7035768931,0.4216732421,0.327549791,0.3522172628,0.2949113184,0.6604466825,0.7801951535
382,1,1,1,1,1,0.4727397379,0.6041106327,0.6708393355,0.3947793356,0.4871959816,0.390052371,0.2365427648,0.1737371331,0.499654079,0.1844489515,0.703416595,0.4215139549,0.3276720088,0.3521597866,0.2950506845,0.660255151,0.7802176406
382.5,1,1,1,1,1,0.4727228961,0.6040379807,0.6708938306,0.3947587409,0.4870413796,0.389916032,0.2366174766,0.1738994456,0.4994669608,0.1845674439,0.703362528,0.4216265566,0.3276790314,0.352212382,0.2950224896,0.6606173167,0.7802219091
383,1,1,1,1,1,0.4727153273,0.6042123985,0.6709495481,0.3946574947,0.4872000238,0.3898808033,0.2366530421,0.1738116445,0.4994303881,0.1844558876,0.7036091892,0.4216147003,0.3279355369,0.3522911067,0.295081641,0.6604785414,0.7801037955
383.5,1,1,1,1,1,0.4729480517,0.6042337081,0.670898659,0.3944316714,0.4870918238,0.3899455563,0.2367910854,0.1739300318,0.4996684024,0.1845768567,0.7036847161,0.4215899055,0.3277862389,0.3522794767,0.2951575139,0.6603769802,0.7800829021
384,1,1,1,1,1,0.4729122501,0.6043558699,0.670977037,0.3945447964,0.487026871,0.39022567,0.2368339657,0.1738736386,0.4995676129,0.184461952,0.7037973285,0.4216060316,0.3276615182,0.3522633952,0.2950358072,0.6601920787,0.7801508278
384.5,1,1,1,1,1,0.4726900937,0.6044216983,0.6708327233,0.394615092,0.4869364088,0.390298554,0.2367495834,0.1738515527,0.4996854125,0.1844198081,0.7036683174,0.4217266622,0.3277361814,0.3523173963,0.2948613523,0.6600892225,0.7802346907
385,1,1,1,1,1,0.4725838903,0.6044464677,0.6709859708,0.3943840621,0.4871995183,0.3902579275,0.2365796376,0.1740049918,0.4998043965,0.1844728241,0.703859673,0.4217347761,0.3278528018,0.3523290343,0.2947762802,0.6600411275,0.780326697
385.5,1,1,1,1,1,0.4727551168,0.6045420854,0.6707896327,0.3943553129,0.4873144668,0.3901301802,0.2366919726,0.1738455615,0.4997215556,0.1845951851,0.7039986209,0.421691624,0.328005941,0.3522108,0.2948823891,0.6599957939,0.7805761088
386,1,1,1,1,1,0.4727264749,0.6044557564,0.6709726291,0.3943713713,0.48731576,0.3900327437,0.236753919,0.1738788697,0.4998578369,0.1845841684,0.7040051866,0.4216406652,0.3280409595,0.352348082,0.2948423661,0.6599273303,0.7806608381
386.5,1,1,1,1,1,0.4727655964,0.6045293998,0.6709618001,0.3943028783,0.4872893615,0.3898513971,0.2369406576,0.1739720238,0.4999159602,0.1846498106,0.703774097,0.4214027399,0.3278093723,0.3523264912,0.2949755732,0.6597698643,0.7806184407
387,1,1,1,1,1,0.4727716454,0.6045629616,0.6710176563,0.3942293375,0.487319543,0.3899468163,0.236742881,0.1740388279,0.4998211316,0.1846954361,0.7037027934,0.4213855779,0.3279117354,0.3525013394,0.2948290461,0.6597755409,0.7806325721
387.5,1,1,1,1,1,0.4728261355,0.6045518885,0.6709099804,0.3941328534,0.4871152186,0.3899416682,0.2367583265,0.17402591,0.4999643078,0.18480313,0.7038731338,0.4215411544,0.3277800336,0.3527131284,0.2948506608,0.65977414,0.7806615375
388,1,1,1,1,1,0.4730270918,0.6044617616,0.6709424717,0.3942733797,0.4872159593,0.3901995135,0.2366716506,0.1740882106,0.499930534,0.1848219876,0.7040323623,0.4217381149,0.3277884136,0.3526266024,0.2947915845,0.6598263009,0.7805063266
388.5,1,1,1,1,1,0.4730683981,0.6044933667,0.6709856187,0.3945216031,0.4872345158,0.3901368714,0.2365892458,0.1740843688,0.5001307469,0.1848823187,0.7041404079,0.4217310181,0.3277999188,0.3527246279,0.2946336171,0.6597875582,0.7803530669
389,1,1,1,1,1,0.4730515198,0.6044882108,0.6711529476,0.3945645605,0.4873113144,0.3900455953,0.2365327476,0.1740225388,0.5001163542,0.1848093798,0.7041545161,0.4217895082,0.3277515515,0.3526256435,0.2947193353,0.6598197313,0.7804033272
389.5,1,1,1,1,1,0.4730480018,0.604309485,0.6711219407,0.3945006472,0.4874061658,0.3899754422,0.2366925334,0.1740433959,0.5001919324,0.1847997959,0.7041096865,0.4218634106,0.3275507178,0.3527771678,0.2947721447,0.6598554475,0.7803923976
390,1,1,1,1,1,0.4727581401,0.6043192691,0.671004272,0.3944515413,0.4874470417,0.3898535931,0.2365495092,0.1740008585,0.5002369392,0.1848187333,0.7043098128,0.4221501577,0.3277365223,0.3527829257,0.2948987556,0.6599205187,0.7803742703
390.5,1,1,1,1,1,0.4727260439,0.6043624358,0.6709822244,0.3945037219,0.4875049668,0.3900582804,0.2367935293,0.1740575375,0.5003699748,0.1847955497,0.7041910949,0.422162452,0.3280064437,0.3527335766,0.2949218292,0.6599071443,0.7803597513
391,1,1,1,1,1,0.4727279273,0.6043377084,0.6708298092,0.3945310899,0.4874068741,0.3900023917,0.2364935591,0.1739898444,0.5005230097,0.1848040851,0.7040942483,0.4221135388,0.3278955731,0.3528336173,0.2949876947,0.6599552516,0.7803320386
391.5,1,1,1,1,1,0.4727867098,0.6046605519,0.6708844944,0.3944667859,0.487338353,0.390106775,0.2365642082,0.1739832107,0.5006852476,0.1848666794,0.7040269637,0.4220165581,0.3278131883,0.3525355595,0.2949202484,0.6598853106,0.7803522117
392,1,1,1,1,1,0.4728122099,0.6047001434,0.6711573272,0.394361814,0.487288352,0.3899719539,0.2367033,0.1739082426,0.500827186,0.1849753168,0.7041500706,0.4219532822,0.327798203,0.3525782015,0.2950466846,0.6599265775,0.7803813559
392.5,1,1,1,1,1,0.47267562,0.6044254393,0.6709851921,0.3944220554,0.4873208871,0.3898509521,0.2365056314,0.1739778157,0.5009471037,0.1849864068,0.7041201143,0.4219291471,0.3280405674,0.3522586692,0.2949688214,0.6598802775,0.780344152
393,1,1,1,1,1,0.4724952056,0.6042773519,0.6708510085,0.3944769219,0.487392858,0.3899611543,0.2364931042,0.1740586446,0.5008953809,0.1850754483,0.7039837919,0.4221065689,0.3280108839,0.3522706125,0.2948458962,0.6599083009,0.7804056463
393.5,1,1,1,1,1,0.4726885616,0.6041604064,0.6706714816,0.394267788,0.4873053927,0.3899059228,0.2364310101,0.1740703216,0.5008263093,0.1848495692,0.7041630367,0.4221019504,0.3278798197,0.352568782,0.2947868652,0.6597218655,0.7804683591
394,1,1,1,1,1,0.4728540646,0.6041773782,0.6706910367,0.3941869633,0.4870345446,0.389814733,0.2363984075,0.1740011866,0.5010333743,0.1849659279,0.7041062954,0.4221564415,0.3279052724,0.3525697861,0.2950710257,0.6597623894,0.7806629105
394.5,1,1,1,1,1,0.472504063,0.6040778886,0.6708085184,0.3941320112,0.4870553384,0.3899938733,0.2363623348,0.1738826047,0.5007921827,0.1850526253,0.7040367651,0.422264194,0.3279872988,0.3525712116,0.2950211211,0.6596678975,0.7806523219
395,1,1,1,1,1,0.4726853835,0.6041970036,0.6708164471,0.3940360936,0.487127463,0.3899113699,0.2365438576,0.1739277299,0.5007195259,0.1849074328,0.703996046,0.4220566946,0.3278500471,0.3527759268,0.2951537037,0.6594887151,0.7806888366
395.5,1,1,1,1,1,0.4729174815,0.6040793585,0.6708298866,0.3941260599,0.4872807826,0.3899070812,0.2364974471,0.1738870465,0.5005945464,0.1848840435,0.7041301347,0.4218775791,0.3280452445,0.3525275256,0.2948879757,0.6593337279,0.7805375042
396,1,1,1,1,1,0.4729458348,0.6041746885,0.6709260711,0.3943694917,0.4871884372,0.3900377069,0.2365155729,0.1739055185,0.5005288908,0.1847042503,0.704055041,0.4216837539,0.3281305036,0.3524649927,0.2949435652,0.6593276809,0.7805379548
396.5,1,1,1,1,1,0.4730413729,0.604236541,0.6706852977,0.3943814984,0.4870823423,0.3900164787,0.2364611176,0.1738550258,0.5002920462,0.1846802635,0.7041190605,0.4217926267,0.3280174801,0.3525736608,0.2950656941,0.6594792862,0.7804263977
397,1,1,1,1,1,0.472803283,0.604220606,0.6708865188,0.3944933997,0.4870456842,0.3900607781,0.2364564096,0.1739811835,0.5002251086,0.18478051,0.7041296797,0.4218450085,0.3279710463,0.3523855852,0.2951713895,0.6593762973,0.7804638939
397.5,1,1,1,1,1,0.4727825639,0.6042591168,0.6708492492,0.3943603809,0.4873661702,0.3900434084,0.2365149803,0.1739250489,0.5002529131,0.1848097992,0.704247549,0.4218838612,0.3281200117,0.3522846923,0.2952374743,0.6593642299,0.7803232229
398,1,1,1,1,1,0.4729810257,0.6041832462,0.6708512937,0.3942534584,0.4874413218,0.390082063,0.2365295978,0.1738798847,0.500267507,0.184893575,0.7041089042,0.4218126514,0.3279938753,0.3523405699,0.2951143682,0.659246643,0.780397235
398.5,1,1,1,1,1,0.4729940022,0.6042183913,0.6707612067,0.3942032477,0.4874135601,0.3899866925,0.23642626,0.1740340597,0.5002598724,0.184917898,0.704020072,0.4216600187,0.3278593184,0.3525572158,0.2951347174,0.6591957419,0.7804801497
399,1,1,1,1,1,0.4730915716,0.604155528,0.6708508365,0.3942018151,0.4873436145,0.3900649623,0.2364865915,0.1741013826,0.5001072537,0.1849522192,0.7038629522,0.4215390299,0.3280549927,0.3525353369,0.2952693751,0.6590821793,0.7804857742
399.5,1,1,1,1,1,0.4732538474,0.6044754257,0.6711008386,0.394380758,0.4873871549,0.3898523519,0.2365036869,0.1741735542,0.5001205723,0.1850614838,0.703949255,0.4216778156,0.3278250077,0.3525930475,0.2951509742,0.6592101063,0.7805370677
400,1,1,1,1,1,0.4730888089,0.6045384826,0.6709805856,0.3944562874,0.487175904,0.390016697,0.2366778979,0.1741924358,0.499980575,0.1851152924,0.7036907092,0.4217515964,0.327876897,0.3524172117,0.2950718487,0.6591265234,0.7806475206
400.5,1,1,1,1,1,0.4730811893,0.6044087718,0.671022179,0.3944755157,0.4872582366,0.390186756,0.2366178368,0.1739625136,0.5000601029,0.1852539852,0.7038409122,0.4216171421,0.3279718647,0.3526030426,0.2947773227,0.6592387401,0.7804916343
401,1,1,1,1,1,0.4730943488,0.6043208994,0.6711269137,0.3944143601,0.4872132993,0.3899932032,0.2365689535,0.1738442192,0.5001321885,0.185348748,0.7038355732,0.421745838,0.3279672495,0.3525570495,0.2948518683,0.6590070542,0.7804430429
401.5,1,1,1,1,1,0.4730802368,0.6043713134,0.6710454145,0.3945514301,0.4870954379,0.3900773999,0.236463863,0.1737764162,0.5000493038,0.1852791028,0.7038380665,0.4217957064,0.3279682762,0.3527015554,0.29482372,0.6591477492,0.7803677268
402,1,1,1,1,1,0.4731024941,0.6045937694,0.6706921383,0.3944501056,0.487223358,0.390028927,0.236475654,0.173749016,0.5001868809,0.1852761955,0.7037470689,0.4217680322,0.328004151,0.3527918768,0.2949732539,0.6589204492,0.7803617321
402.5,1,1,1,1,1,0.4730461535,0.604690625,0.6708741741,0.3943868438,0.4872530964,0.390024602,0.2365679025,0.1738316346,0.5001281369,0.1851820091,0.7038756653,0.4218319685,0.3280112286,0.3528805503,0.2949266381,0.6588568082,0.7802486698
403,1,1,1,1,1,0.4728815881,0.6047291882,0.6709375085,0.3943452001,0.4870644463,0.3898137499,0.2366958728,0.1738526889,0.5001380417,0.1850980514,0.703831614,0.421777978,0.3279147411,0.3529540754,0.2949793801,0.658732085,0.7801914719
403.5,1,1,1,1,1,0.473059768,0.6045379074,0.6708673658,0.3941842549,0.4870072604,0.3900549696,0.236783118,0.1739297431,0.5001245143,0.1852536865,0.7037793674,0.4220052549,0.3279253638,0.3528330738,0.2949443367,0.6586024663,0.7800643645
404,1,1,1,1,1,0.4731549299,0.6045995799,0.6708380472,0.394375225,0.4870263494,0.3899069139,0.2366403084,0.1739579251,0.5003857549,0.1850774453,0.7036993274,0.4218684398,0.3279129939,0.3529801551,0.2950934224,0.6584465035,0.7800472233
404.5,1,1,1,1,1,0.4731961469,0.6045389425,0.671001219,0.3944661984,0.4870055062,0.3900853964,0.2363572504,0.1740024177,0.5003264399,0.1850131709,0.7039448158,0.4218388548,0.3277698079,0.3529374957,0.2952581859,0.6584965542,0.780074527
405,1,1,1,1,1,0.4730704758,0.6043890802,0.6708894718,0.3943583091,0.4870003022,0.390042671,0.2362011305,0.1739062255,0.5004596611,0.1849579821,0.7041359751,0.4218198932,0.3277479744,0.3530248901,0.2951972394,0.6587408016,0.7801079521
405.5,1,1,1,1,1,0.4729269437,0.6044995216,0.6709661018,0.3945273263,0.4870750566,0.3901328587,0.2361801279,0.1738395155,0.5003801322,0.1848786589,0.7038588676,0.4219287589,0.327757843,0.3529686313,0.2950292271,0.6587822414,0.7800791779
406,1,1,1,1,1,0.4729505173,0.6046120426,0.6709928562,0.3945907505,0.4870558189,0.3903783978,0.2362796215,0.1737658651,0.5004503574,0.1849431952,0.7038379005,0.4219100857,0.32767104,0.3529340037,0.2948627228,0.6587874917,0.7801262731
406.5,1,1,1,1,1,0.4728466074,0.6043364347,0.6710183962,0.3945338174,0.4870679097,0.3899302524,0.2363482205,0.1737438508,0.5003628868,0.1850699182,0.703765872,0.4218601251,0.3277028402,0.3530035739,0.2951395759,0.6589031492,0.7800904859
407,1,1,1,1,1,0.4729657729,0.6042400363,0.6710600706,0.394447197,0.4870930697,0.3899606537,0.2363814622,0.1737705441,0.5004368464,0.184942466,0.7037169357,0.4217694548,0.3279089672,0.3529661752,0.295046208,0.6588037334,0.7799795351
407.5,1,1,1,1,1,0.4730452926,0.6043229555,0.6710562058,0.3944063258,0.4871936678,0.3897535557,0.2363168664,0.1737406268,0.5003731367,0.1848147999,0.7036053517,0.4216831599,0.3278385761,0.3528429015,0.2950262108,0.6588617999,0.7799480088
408,1,1,1,1,1,0.4730914579,0.604403667,0.6710889355,0.3944004356,0.4870948685,0.3898186287,0.2364044849,0.173759937,0.5004441518,0.1847109829,0.7035547891,0.4215814682,0.3277625387,0.3529815493,0.2950530029,0.658897965,0.779976546
408.5,1,1,1,1,1,0.4731634672,0.6044985349,0.6709805656,0.3942955503,0.4871317237,0.3897285013,0.236333099,0.1738837746,0.5004767075,0.1847837227,0.7037038069,0.4215360421,0.3277577371,0.3527068406,0.2951098363,0.6587982841,0.779846465
409,1,1,1,1,1,0.4730865812,0.6044938695,0.6708134173,0.3942958739,0.4872000849,0.3895886247,0.2361289759,0.1739166828,0.5005933565,0.1847171787,0.7038458542,0.4214662182,0.3276066122,0.3525136068,0.2951636245,0.6589340808,0.7797767162
409.5,1,1,1,1,1,0.4729905561,0.6044200192,0.6709929842,0.3943716162,0.4871000857,0.3895200008,0.2362104883,0.1737997725,0.5005443018,0.1847382701,0.7038318456,0.4215192599,0.3275490272,0.3527281849,0.2953066025,0.658895322,0.7799051822
410,1,1,1,1,1,0.4730230191,0.6043389436,0.6709751528,0.3943807295,0.4870824539,0.389647564,0.2360832771,0.1738066776,0.5004759728,0.1847240547,0.7037171941,0.4217145051,0.3274800925,0.3528003499,0.2953870821,0.65864039,0.7799413219
410.5,1,1,1,1,1,0.4729009002,0.6044257776,0.6709893525,0.3942748776,0.4870595413,0.3896145425,0.2361991202,0.1736240623,0.5003908162,0.1846698434,0.7037756166,0.4216946185,0.3273425233,0.3526439482,0.2953418853,0.6587491983,0.7798994448
411,1,1,1,1,1,0.4726835155,0.6044063305,0.6710267093,0.3941746278,0.4871274201,0.3899679572,0.2362365049,0.1735774817,0.5002152571,0.1847420895,0.7038386139,0.4217324091,0.3275630578,0.3526445072,0.2952567419,0.6588427827,0.7799285261
411.5,1,1,1,1,1,0.4728125911,0.6042429413,0.6710974284,0.3942806775,0.4872134139,0.3900306206,0.2362362158,0.1737036273,0.5001468059,0.1846188984,0.7038960115,0.4217552471,0.3276757839,0.352354407,0.2950278345,0.6587758585,0.779832728
412,1,1,1,1,1,0.472999448,0.604541108,0.6709344347,0.3944223876,0.4871563155,0.3898255084,0.2362422365,0.1739473286,0.500235295,0.1845369799,0.7038882846,0.4215693668,0.327792521,0.3524665399,0.2950124747,0.6587277451,0.7797998032
412.5,1,1,1,1,1,0.4731600494,0.6043198684,0.6709310506,0.3942827473,0.4872526141,0.3901197203,0.2362772342,0.1739216515,0.5001549133,0.1844918316,0.7037182248,0.4215230546,0.327920161,0.3525008253,0.2952039648,0.6588316869,0.7797825576
413,1,1,1,1,1,0.4731201327,0.6044291422,0.6708225372,0.3944187912,0.487228252,0.3901066939,0.2362113807,0.1737787368,0.5000718553,0.1845793735,0.7036505949,0.4216905899,0.3277747101,0.3522780542,0.2950453504,0.6589594544,0.7799704498
413.5,1,1,1,1,1,0.4731007675,0.6043327388,0.6706148734,0.3942542185,0.4870646758,0.3899621996,0.2362957326,0.1736878962,0.5002181977,0.1845887885,0.7037696158,0.421760355,0.3275360936,0.3519688768,0.2951071689,0.6588632941,0.7799220838
414,1,1,1,1,1,0.4729688337,0.6043694609,0.6706343039,0.3942316781,0.4870941784,0.3900478289,0.2363114518,0.1736138809,0.5000844464,0.184509332,0.7038423018,0.4217316791,0.3276353349,0.352060469,0.2951636605,0.6590553016,0.7798643845
414.5,1,1,1,1,1,0.472905692,0.6043192347,0.6707379308,0.3943655968,0.4871818303,0.3900436147,0.2364086737,0.1736382987,0.5001076916,0.1845485793,0.7038403771,0.4216896706,0.3276501057,0.3522518034,0.2951959606,0.6589327082,0.7799174908
415,1,1,1,1,1,0.4730375591,0.6043831291,0.670861906,0.3943907652,0.4871345532,0.389936072,0.2363227826,0.173686171,0.5000947012,0.1845443023,0.7039781061,0.4215941095,0.3277854042,0.3521830629,0.2952764125,0.6590612901,0.7797639715
415.5,1,1,1,1,1,0.472882415,0.6043860573,0.6709672859,0.3942873015,0.4869807065,0.3898189895,0.2365165832,0.1736423831,0.500043473,0.1845360974,0.7039824615,0.4218032959,0.3280605316,0.3523074538,0.2953145073,0.6589496803,0.7796274442
416,1,1,1,1,1,0.4727974622,0.604253378,0.6709733541,0.3942631332,0.4869460239,0.3897852074,0.2363156456,0.1736700296,0.4999679886,0.1845389206,0.7038296128,0.4215681315,0.327892778,0.351930714,0.2953882811,0.6589822867,0.7796739561
416.5,1,1,1,1,1,0.4728745225,0.6045022599,0.670865169,0.3943059104,0.4869583767,0.3899137085,0.236243794,0.1737787278,0.4998563498,0.1845621935,0.7037700488,0.4215645801,0.3278355144,0.351928503,0.2953668643,0.6591274096,0.7796790636
417,1,1,1,1,1,0.4729878965,0.6043165294,0.6710444081,0.3943347432,0.4864418927,0.3898790095,0.2363307406,0.1739027828,0.4998280381,0.1846456588,0.7037649991,0.421588029,0.3279431109,0.3519026905,0.2951783239,0.6592068032,0.7797726822
417.5,1,1,1,1,1,0.4729151377,0.6042365798,0.6709785355,0.394270122,0.4866612136,0.3899984273,0.2363711033,0.1738435444,0.4996372402,0.1845619072,0.7036754463,0.422016476,0.3280825331,0.3520372187,0.2950017606,0.659338398,0.7798297053
418,1,1,1,1,1,0.4727057904,0.6042381561,0.6709788904,0.394410638,0.4867336853,0.3897851429,0.2362103823,0.1740301952,0.4996595857,0.1846714454,0.7036299813,0.4218224676,0.3278954607,0.3521339664,0.2949805539,0.6592616175,0.7797627983
418.5,1,1,1,1,1,0.4729081521,0.6042137172,0.670945528,0.3945988844,0.4868307344,0.389781158,0.2363277763,0.1739200318,0.4997733953,0.1846296384,0.7038729442,0.4216102312,0.3277727595,0.3521867008,0.2948394054,0.6591203541,0.7798085357
419,1,1,1,1,1,0.4729372875,0.6044273139,0.6710926088,0.3942862006,0.486756348,0.3897549633,0.236352414,0.1739349042,0.4997632883,0.1846197172,0.7037243608,0.4216505425,0.3278284915,0.3522538637,0.2948015166,0.6591879163,0.7797443067
419.5,1,1,1,1,1,0.47270712,0.6043673943,0.6711510928,0.3944551696,0.486750898,0.3897902826,0.2366202456,0.173807145,0.4999749398,0.1846862728,0.7036859393,0.42152774,0.3277041056,0.3521710327,0.2947733202,0.6592588659,0.7797338908
420,1,1,1,1,1,0.4727402325,0.6043486719,0.6711631654,0.3943600124,0.4871253812,0.3899810675,0.2364336995,0.1739178961,0.4997138508,0.184728654,0.703675353,0.4214657584,0.3277237516,0.3523025172,0.2948073113,0.6592786718,0.7797279846
420.5,1,1,1,1,1,0.4727646188,0.6045545718,0.6711286865,0.3942836546,0.4871912437,0.3900657893,0.2365475176,0.1739442009,0.4997467398,0.1846408063,0.7036825544,0.4214785304,0.3277781828,0.3521856344,0.2948730327,0.6590802948,0.7798073599
421,1,1,1,1,1,0.4728828445,0.6045597454,0.6712378668,0.394304562,0.4871232093,0.3900492869,0.2364268252,0.1739079348,0.4995682905,0.1845356144,0.7034583314,0.4212951633,0.3279412096,0.3522183967,0.2949279731,0.6590519615,0.7798125204
421.5,1,1,1,1,1,0.4728645686,0.6044177213,0.671340745,0.3943880328,0.4872808645,0.3898967997,0.23635522,0.173892983,0.4996924617,0.1844242505,0.7035158716,0.4214069779,0.3277777902,0.3523130555,0.2949633677,0.6590668455,0.7798488756
422,1,1,1,1,1,0.4727961212,0.604467322,0.6712315093,0.3945222565,0.4871076312,0.3900281454,0.2364904656,0.1738746958,0.4997596494,0.1846092355,0.7034971748,0.4215190687,0.3276758435,0.3524428693,0.2950709949,0.6592729029,0.7798961649
422.5,1,1,1,1,1,0.4728646748,0.604350987,0.6709500403,0.3943820962,0.4872137956,0.3899398338,0.2364235604,0.1739062448,0.4999722738,0.1846087057,0.7034752474,0.4213868427,0.327650902,0.3524755674,0.2949576041,0.6594629733,0.7798052945
423,1,1,1,1,1,0.4728490616,0.604427285,0.670907122,0.3944734237,0.4871418415,0.3898710779,0.2365567295,0.1738587076,0.4998131117,0.1846578523,0.7034736064,0.4214475555,0.3277539627,0.3523639448,0.2950083701,0.6592911197,0.7799266006
423.5,1,1,1,1,1,0.4725800684,0.604416574,0.6709894322,0.3944097969,0.4871297755,0.3897874305,0.2364007509,0.173834076,0.499957311,0.1847079269,0.7031590981,0.4214517851,0.3277686526,0.3523953474,0.2951409621,0.6593127157,0.7799284458
424,1,1,1,1,1,0.4727031026,0.6042257934,0.6707126437,0.3943269579,0.4870458298,0.3898552048,0.2364610266,0.1739021928,0.4999543223,0.1847899981,0.7031110868,0.4214785098,0.3277126857,0.3523915038,0.2951932518,0.659260802,0.7798340376
424.5,1,1,1,1,1,0.4728704134,0.6042977248,0.6710393651,0.3943518297,0.4873309052,0.3902183623,0.2364500426,0.1739320104,0.5002052425,0.1847733456,0.7030159843,0.4215441232,0.3276991947,0.3522311124,0.2951025426,0.659333023,0.7797740929
425,1,1,1,1,1,0.4728192561,0.6042889617,0.6710203575,0.3943625789,0.4874355934,0.3901767446,0.2365414911,0.1738213242,0.500344921,0.1847310721,0.7029031908,0.4215459709,0.327696773,0.3523965281,0.2950730145,0.6594000799,0.7798550728
425.5,1,1,1,1,1,0.4730624973,0.6044456451,0.6711967768,0.394407888,0.4874804128,0.3901124907,0.236511945,0.1737997928,0.500103939,0.1847124213,0.7029189945,0.4214387539,0.3277215477,0.3522483978,0.2949623665,0.6595364382,0.7801190468
426,1,1,1,1,1,0.4730110685,0.6044845418,0.6712083068,0.3942861367,0.4874681246,0.3900070594,0.2367174518,0.1739577715,0.4997767521,0.1847200821,0.7029190964,0.4214470065,0.3276906627,0.3522392599,0.2949292885,0.6595941782,0.7800663532
426.5,1,1,1,1,1,0.4730921887,0.6044657349,0.6712789047,0.3943724139,0.4874713014,0.3900347988,0.2368639501,0.1740505008,0.4997185303,0.1847335692,0.7029772938,0.421577796,0.3279030023,0.3523595676,0.2949341215,0.6595733058,0.7801626697
427,1,1,1,1,1,0.4729764867,0.6044655356,0.6712355124,0.3945206834,0.4872242756,0.3899076728,0.2365346198,0.1740694367,0.4997770587,0.1847342169,0.7030598299,0.4215928241,0.3278913663,0.3524748522,0.2951523608,0.659722512,0.7802729086
427.5,1,1,1,1,1,0.47302102,0.6042821502,0.6709267455,0.3943235899,0.4871516105,0.3899200841,0.2365246674,0.1741885876,0.49974236,0.1848752365,0.7031155064,0.4217380796,0.3278152894,0.3525366835,0.2951540325,0.6596404172,0.7801678569
428,1,1,1,1,1,0.4729133404,0.6043042839,0.6709068469,0.3944352896,0.4873054796,0.390162067,0.2365457959,0.1739686031,0.4998599604,0.1846796277,0.7030002513,0.4217112476,0.3279017914,0.3524246739,0.2951711537,0.6595927343,0.7803953026
428.5,1,1,1,1,1,0.4729689906,0.6042676672,0.6708656984,0.3944014631,0.487246926,0.3900677745,0.2365659486,0.1740986699,0.499708312,0.1848816532,0.7029184107,0.4216425299,0.3279419954,0.3523889077,0.2952753078,0.6595522253,0.7804465786
429,1,1,1,1,1,0.4730893154,0.6043680461,0.6709544495,0.3942798756,0.4872173186,0.3899975891,0.2366432007,0.174074804,0.4996403036,0.1849994133,0.7030570081,0.4215789088,0.3279396981,0.3523254806,0.2952443823,0.6593378619,0.7803264417
429.5,1,1,1,1,1,0.4731484663,0.6043205109,0.6708064175,0.3941533813,0.4873174743,0.3900686638,0.2366113718,0.1739089966,0.4997826193,0.185084408,0.7030479772,0.4215331502,0.3277373135,0.3524857072,0.2952504328,0.6593542139,0.7804046204
430,1,1,1,1,1,0.4731396843,0.6045757479,0.6709757537,0.3940296564,0.4874165163,0.3901067299,0.2367028434,0.1740127522,0.4996694648,0.1850135199,0.703004756,0.4216093923,0.3278546628,0.3523721544,0.2951501558,0.6594095434,0.7803709552
430.5,1,1,1,1,1,0.4731036077,0.6045643281,0.6709461638,0.3942112228,0.4873996949,0.3900909245,0.2366544892,0.1739106528,0.4997975533,0.1849362442,0.7030149695,0.4216724913,0.327775891,0.3524199014,0.2949279921,0.6594500625,0.7802660706
431,1,1,1,1,1,0.4732236722,0.6045478808,0.6710048644,0.3941859205,0.4871365469,0.389859819,0.2365537531,0.1739829158,0.4996488079,0.1849896199,0.7029561148,0.4216445096,0.3279299112,0.3524707715,0.2950294125,0.6595655053,0.7801756997
431.5,1,1,1,1,1,0.4729855871,0.6045922106,0.671058335,0.3941876383,0.4870335241,0.3898474724,0.2365242155,0.1739904894,0.4996544378,0.1849562419,0.7029176734,0.4218275983,0.3278333076,0.3523938235,0.2950620285,0.6597623846,0.7802143747
432,1,1,1,1,1,0.4730797859,0.6045259618,0.670929642,0.3942692943,0.4870599386,0.3897858157,0.2365790288,0.1741438312,0.4996151966,0.1850019522,0.7029818448,0.4216384707,0.3276288308,0.3524266288,0.2950251035,0.6598455935,0.7801709282
432.5,1,1,1,1,1,0.4729952193,0.604595047,0.6710106067,0.3944051651,0.4870307289,0.3898614024,0.2365860796,0.1741417963,0.4997982159,0.1849318119,0.7030389763,0.4215709979,0.3276993522,0.352342018,0.2950197585,0.6598821162,0.7801217777
433,1,1,1,1,1,0.4731154673,0.6046500434,0.6710669637,0.394526463,0.4868255466,0.3898409672,0.2364740043,0.1741138448,0.4997904694,0.1849482427,0.7030844359,0.4217148609,0.3278180122,0.352520713,0.2950599706,0.6597654739,0.7798491035
433.5,1,1,1,1,1,0.4729366469,0.604738229,0.671126616,0.3943436885,0.4870231585,0.3898034768,0.236510729,0.1741430857,0.4998202947,0.1850808859,0.7029065254,0.4219010014,0.3278216385,0.3522612251,0.2950363753,0.6597112808,0.7798185717
434,1,1,1,1,1,0.4730185231,0.6045837266,0.670978186,0.3943721255,0.4868926271,0.3897797234,0.2363307325,0.1739339758,0.4999781536,0.1851063757,0.703009749,0.4217087066,0.3281548886,0.3521331632,0.2951696895,0.6599864761,0.7798298927
434.5,1,1,1,1,1,0.4729365753,0.6045821469,0.6710267756,0.3944653999,0.4868702059,0.38966025,0.2362855027,0.1739266707,0.499982292,0.1848539356,0.7032339298,0.4216953105,0.3279891173,0.3521660654,0.2951084547,0.6599704617,0.7799794276
435,1,1,1,1,1,0.4729085524,0.6044553488,0.6710414846,0.3944586252,0.4871951648,0.3898270451,0.2362972735,0.1738544363,0.4999911227,0.1848331199,0.7034521,0.4215473148,0.3280316199,0.3522492998,0.2951907941,0.6599459173,0.7799813117
435.5,1,1,1,1,1,0.4727420098,0.6045361886,0.6708906395,0.394384624,0.4871473888,0.3898183212,0.2362773308,0.1739419251,0.5001633213,0.184934219,0.703396578,0.4214690062,0.3279340009,0.3522848176,0.2951068892,0.660091838,0.7801519148
436,1,1,1,1,1,0.4729715233,0.6046110426,0.6708199497,0.3945014878,0.4871325713,0.3898051016,0.2362718063,0.1739507315,0.5001562101,0.1847042281,0.7033575999,0.421539348,0.3277734456,0.3523071194,0.2951901608,0.6601410125,0.7799999888
436.5,1,1,1,1,1,0.4730807677,0.6042610018,0.6711129242,0.3946572363,0.4870443025,0.3899254638,0.2362492585,0.1739487864,0.5002350871,0.1848628018,0.7032146459,0.4217489641,0.3277391722,0.3520972066,0.2951413124,0.6599688495,0.7799420483
437,1,1,1,1,1,0.473168608,0.604444798,0.6710599323,0.3945664571,0.4869967579,0.3897974331,0.2363180815,0.1741283995,0.5002174888,0.1848829233,0.7030217885,0.421832814,0.3278497824,0.3521287248,0.295090235,0.6598052748,0.7798801443
437.5,1,1,1,1,1,0.4729755651,0.6046357866,0.6709816857,0.3946663591,0.4870926074,0.3900951312,0.2363732523,0.1739358428,0.5002415907,0.1849739174,0.7030214951,0.4218916307,0.3276953016,0.3518853504,0.2952075062,0.6598558482,0.7797607396
438,1,1,1,1,1,0.4729829096,0.604408143,0.6709259044,0.3946162655,0.4871167092,0.3900702273,0.2362895303,0.173891358,0.500186896,0.18490181,0.7032136647,0.4218634077,0.3278429684,0.3520814023,0.2951711029,0.6599002909,0.7797339901
438.5,1,1,1,1,1,0.4729649805,0.6043417391,0.6711280878,0.3945265089,0.48722467,0.3899086828,0.2361464451,0.1737450706,0.5002422771,0.1848010005,0.7034004565,0.4217607773,0.3280234558,0.3519365464,0.2950784122,0.6601339763,0.7798426834
439,1,1,1,1,1,0.4728454131,0.6044238412,0.671096715,0.3945099628,0.4871339585,0.389929088,0.2361628478,0.1737048855,0.5002480153,0.1846606947,0.7033369269,0.4217610095,0.3280203825,0.3519777871,0.2950260729,0.6598612091,0.7798232473
439.5,1,1,1,1,1,0.4728252241,0.6044474936,0.6710587727,0.3945845899,0.4869513713,0.3899576637,0.2363756609,0.1737133416,0.5000700116,0.1846451929,0.7033367855,0.4216427224,0.3279679735,0.3520832166,0.2950046278,0.6597997044,0.7799303401
440,1,1,1,1,1,0.4726562753,0.6042931526,0.6711045096,0.3944010587,0.4867365609,0.3898941741,0.2364108455,0.1737664803,0.5000393838,0.1846156751,0.703365541,0.4215433274,0.3279933121,0.3523291282,0.2949061584,0.6597022663,0.7799629683
440.5,1,1,1,1,1,0.4725529908,0.6040892541,0.6711443289,0.3945965132,0.4868598978,0.3899970467,0.2364616778,0.1738611415,0.500113245,0.1845230448,0.703497256,0.421698376,0.3278188145,0.3523869329,0.2949180118,0.6598158946,0.7798196412
441,1,1,1,1,1,0.4726456468,0.604341272,0.6708722488,0.3945832864,0.4868320829,0.3899442845,0.2363852739,0.1737186872,0.5001918484,0.1845704615,0.7035459664,0.4219115776,0.3278970065,0.3526178224,0.2951513941,0.6598188301,0.7799031387
441.5,1,1,1,1,1,0.4729048102,0.6044121001,0.6710905697,0.3943807648,0.4869196045,0.3900212096,0.2364293345,0.1737570713,0.500317647,0.1845315693,0.7035132344,0.4219464789,0.3280231814,0.3526044779,0.2950791568,0.6597976385,0.7800674179
442,1,1,1,1,1,0.4729257301,0.6045816099,0.6709967865,0.3942502719,0.4868312825,0.3900814678,0.2363745177,0.1737553157,0.5003086017,0.1845110962,0.703520327,0.4216858744,0.3279190616,0.3525959572,0.2952429864,0.6597041502,0.7800425461
442.5,1,1,1,1,1,0.4729479205,0.6047547419,0.6712869641,0.3943463465,0.4868636482,0.3902834674,0.2363408281,0.1738789896,0.4999679429,0.1845446156,0.7035250146,0.4217707232,0.3280380928,0.3526014895,0.2953329425,0.6597041612,0.7801243611
443,1,1,1,1,1,0.4727900015,0.6047441232,0.6710493011,0.3943186553,0.4868985828,0.3899930667,0.2364009693,0.173959985,0.4999676961,0.1844528106,0.7035859514,0.4218033807,0.3279776953,0.3525083273,0.2952524858,0.6595215555,0.7798973189
443.5,1,1,1,1,1,0.4728581239,0.6047720625,0.6710784613,0.394436748,0.4870783628,0.3899380704,0.2363901567,0.1740336761,0.500030353,0.1846048622,0.7035726427,0.4217700937,0.3280366981,0.3523287737,0.2950610667,0.65942263,0.7798177238
444,1,1,1,1,1,0.4729130392,0.6047498671,0.6713556386,0.3944380856,0.487143177,0.3899472657,0.2363640243,0.1739716725,0.5002714466,0.1845802397,0.7037139082,0.4217357636,0.3279742013,0.3524244704,0.2951790682,0.6593258353,0.7798779234
444.5,1,1,1,1,1,0.4730771071,0.6046872746,0.6714907131,0.3946458418,0.4872803152,0.3900914124,0.2363760186,0.17395011,0.5002851559,0.1845856831,0.7037769887,0.4218062336,0.3279147303,0.35257648,0.2952750428,0.6595058668,0.7798545891
445,1,1,1,1,1,0.4732482308,0.604611867,0.6712478069,0.3947161225,0.4873813099,0.3903117038,0.2363007534,0.1738969294,0.500239882,0.184586807,0.7038562792,0.4217092094,0.3277678332,0.3525674839,0.2953030347,0.6594510895,0.7798715614
445.5,1,1,1,1,1,0.4732158724,0.6046172358,0.6710277829,0.3947410458,0.4875547053,0.3901110686,0.236418697,0.1739225979,0.5001781467,0.184356716,0.7037204019,0.4218171699,0.3278162619,0.3525060523,0.2953228363,0.6594833283,0.7799863378
446,1,1,1,1,1,0.4729413912,0.6045192728,0.6711378109,0.3946316623,0.4875449762,0.3902574938,0.2366916774,0.1739084258,0.5003028168,0.1844176947,0.7038016275,0.4218393053,0.3278771452,0.352627644,0.295190034,0.6594707562,0.7799503796
446.5,1,1,1,1,1,0.472823143,0.6044179132,0.6708668325,0.3945517967,0.4873866852,0.3902018429,0.2366324326,0.1738975134,0.5000903111,0.1843247333,0.7037814523,0.4215925952,0.3280482804,0.3525690015,0.2953901821,0.6595876078,0.7798870448
447,1,1,1,1,1,0.472773353,0.604265377,0.67098538,0.3945646803,0.4872205139,0.3903249866,0.2364910848,0.1739980393,0.5000175538,0.1844638657,0.703752769,0.4216848221,0.3279456303,0.3524336768,0.2954659689,0.6598098966,0.7800081287
447.5,1,1,1,1,1,0.4729059905,0.6043041189,0.671139451,0.3945943528,0.487285793,0.390534578,0.236629216,0.1740001315,0.4999755418,0.1846286658,0.7035206837,0.4216687346,0.3278761529,0.352541633,0.2955434304,0.6598044539,0.7799167216
448,1,1,1,1,1,0.4725552661,0.6045938805,0.6711255193,0.3943809444,0.4871021636,0.3902826851,0.2365665721,0.1740142065,0.4998446413,0.1845762272,0.703614493,0.4220192319,0.3276804699,0.3525344229,0.2953306425,0.6598094584,0.7799603485
448.5,1,1,1,1,1,0.4726838924,0.6044052611,0.6712559948,0.3943972322,0.4870225879,0.3902909179,0.2364461433,0.1740052313,0.4997728322,0.1845625712,0.7037010301,0.4217760008,0.3277335019,0.3524558354,0.2954649365,0.659876202,0.7799883744
449,1,1,1,1,1,0.4727011881,0.6044382704,0.6710189372,0.3944023114,0.4869161254,0.3901047338,0.2364867589,0.1740425336,0.4999309134,0.1847148167,0.7037838052,0.421651759,0.3275237029,0.3523843168,0.295236349,0.6598124492,0.7799315682
449.5,1,1,1,1,1,0.4727347636,0.6043615299,0.6707290772,0.3944216499,0.4867896536,0.3901302611,0.2365956471,0.1738530869,0.5001863261,0.1848087011,0.7037750878,0.4216118711,0.3276611781,0.3522703991,0.2951811722,0.6596246116,0.7799457046
450,1,1,1,1,1,0.4729272986,0.6043532465,0.6706250617,0.3943464237,0.4868245701,0.3900300913,0.2364960791,0.1739128947,0.5000903278,0.1848072553,0.70376289,0.4215838483,0.3277221179,0.3522207549,0.2952718522,0.6595313722,0.7799402762
450.5,1,1,1,1,1,0.4728512545,0.6043201394,0.6707415304,0.3944543904,0.4868416406,0.3899706118,0.2365447724,0.173965121,0.5000182996,0.1848607721,0.7038250817,0.4214584856,0.3278198506,0.3524611543,0.2950851323,0.6595838951,0.7798985023
451,1,1,1,1,1,0.4729505998,0.6040969072,0.6709304583,0.3943040516,0.4871307339,0.3900490822,0.2364106312,0.1739528715,0.499986531,0.1848841068,0.7038256151,0.4217010961,0.3278028192,0.352330542,0.2951749595,0.6595524715,0.779786613
451.5,1,1,1,1,1,0.4729438145,0.6039061223,0.6710684553,0.394260559,0.4870573425,0.3900372463,0.2363943104,0.1739538894,0.5001385174,0.1847234263,0.703740333,0.4217511903,0.3278008879,0.3523429481,0.2951744073,0.6594751023,0.7797185593
452,1,1,1,1,1,0.4730202999,0.6039895351,0.6710658303,0.3944502961,0.4870760982,0.3901391904,0.2365045924,0.1739695586,0.5002107039,0.1846233359,0.7037811464,0.4215711265,0.3277904211,0.3521478148,0.295212564,0.6594676068,0.7796871008
452.5,1,1,1,1,1,0.4729884091,0.6042214659,0.6711613922,0.3945907113,0.4869142792,0.3901395681,0.2364823997,0.1738839235,0.500295848,0.1845876676,0.7037441654,0.4216938084,0.327830404,0.3522960413,0.2951522976,0.6595798313,0.7798174527
453,1,1,1,1,1,0.4729181597,0.6043056084,0.6711711123,0.3944262489,0.4869015142,0.3901998813,0.236441359,0.1738486482,0.5001883595,0.1844447107,0.7038721502,0.4217130777,0.3277288206,0.3524099206,0.2951150559,0.6597182574,0.7798664301
453.5,1,1,1,1,1,0.4730182438,0.6043848851,0.6710194498,0.3944900281,0.4869533688,0.390280718,0.2365129447,0.1739592035,0.5001630187,0.1846562781,0.7037919823,0.4216938125,0.3278282299,0.352542427,0.2949672839,0.6597212655,0.7798247619
454,1,1,1,1,1,0.4731678455,0.6042922712,0.6710105977,0.3943490712,0.4868699753,0.3902392567,0.2364458079,0.1739181554,0.5002620183,0.1846476073,0.703857208,0.4217263937,0.3276791211,0.3526260121,0.294770606,0.6596362304,0.7798469878
454.5,1,1,1,1,1,0.4731498743,0.6042353765,0.6710727856,0.3944614948,0.4869512961,0.3900153089,0.2364533271,0.1738717702,0.5003409571,0.1846690141,0.7038788607,0.4218662403,0.3278680756,0.3526351905,0.2947994978,0.659478974,0.7798648546
455,1,1,1,1,1,0.4731085983,0.6043846789,0.6711232729,0.3945236229,0.486939597,0.389976081,0.2364916245,0.1739542679,0.5004131976,0.1847860745,0.7037227096,0.4219439689,0.3279665879,0.3528465893,0.2947390815,0.6594175206,0.7799376873
455.5,1,1,1,1,1,0.4730524571,0.6044242511,0.6712081485,0.3944436695,0.4869267789,0.3900131574,0.23641489,0.1740074221,0.5002827904,0.184714831,0.7035548563,0.4218222145,0.3279950019,0.3529486502,0.2947893013,0.6595147574,0.7799826255
456,1,1,1,1,1,0.472941004,0.6044993115,0.6712389511,0.3943759341,0.4871103997,0.3898218988,0.2363517538,0.1740315203,0.5003494915,0.1846068476,0.7034609222,0.4218873591,0.3281059343,0.352831177,0.2948298879,0.6593549957,0.7800631013
456.5,1,1,1,1,1,0.4728367218,0.6045245687,0.6712073768,0.3941666877,0.4871549645,0.3900982553,0.2364066884,0.1739461774,0.5003027096,0.184636121,0.7035410338,0.4219490265,0.3280479009,0.3527680348,0.2948164614,0.6594210152,0.7802377294
457,1,1,1,1,1,0.472817763,0.6044458389,0.6711198492,0.3941067067,0.4870993359,0.3902361542,0.2367201802,0.1739645535,0.5001951411,0.1846860555,0.7035703643,0.4219483529,0.3281179393,0.3528349583,0.2948004372,0.6596718014,0.7800108893
457.5,1,1,1,1,1,0.4728430337,0.6045410249,0.6711063921,0.3941317344,0.4870222786,0.3901436973,0.2368892129,0.1739471557,0.5001364398,0.184716645,0.7034415812,0.4217721784,0.3281622886,0.3529186976,0.2948912654,0.6597434609,0.7798284064
458,1,1,1,1,1,0.4727965393,0.6044675184,0.6710718482,0.394244783,0.4871334469,0.3901063785,0.2367082344,0.1740016624,0.499994041,0.1847049257,0.7036035291,0.421746399,0.3281253698,0.3529143506,0.2949450644,0.6597776273,0.7798078454
458.5,1,1,1,1,1,0.4725893902,0.6043675359,0.6708932309,0.3943119047,0.4868061014,0.3901134315,0.2366766785,0.1739973141,0.500205315,0.1845958673,0.7036236774,0.4216962589,0.3280245928,0.3529058734,0.2948320354,0.6598347183,0.7797341123
459,1,1,1,1,1,0.4726763057,0.604174372,0.6708872845,0.3945403566,0.4870948836,0.3899816424,0.2367131483,0.1739742408,0.5001891069,0.1845354504,0.7036384806,0.4216840584,0.3282309599,0.3529696181,0.2950523883,0.6597430362,0.7798238893
459.5,1,1,1,1,1,0.4727852698,0.6043926677,0.6710561655,0.3944242185,0.4870795234,0.3899120584,0.2366292661,0.1738874186,0.5003021141,0.1846368214,0.7035443778,0.4211746893,0.3282123581,0.3529342255,0.2951342847,0.6598841603,0.7798549973
460,1,1,1,1,1,0.4730398622,0.6043284279,0.6711684294,0.3941677441,0.4870019237,0.3897619573,0.2364573306,0.1738633587,0.500321299,0.1845751899,0.7035799187,0.4213234589,0.328081533,0.352894793,0.2950099596,0.6599050395,0.7798218375
460.5,1,1,1,1,1,0.4730008445,0.6042775279,0.6711006446,0.3941546228,0.4868575025,0.3897909514,0.236445163,0.173986232,0.5002821461,0.1847643876,0.7034346146,0.4213768986,0.3281096453,0.3526857125,0.2949681619,0.6600781035,0.7799651389
461,1,1,1,1,1,0.4729958316,0.6041885677,0.6710697965,0.3940388329,0.4867647962,0.3896915064,0.2365045424,0.1738553067,0.5003058338,0.1848550048,0.7034588679,0.4215538711,0.3281429974,0.3526612902,0.2951236871,0.6601468845,0.7799939726
461.5,1,1,1,1,1,0.4727779512,0.6042249674,0.6710982637,0.3942799465,0.4870177177,0.3896308165,0.2365529502,0.1738946201,0.5000955627,0.1847773798,0.7034639864,0.4217534128,0.3280099196,0.3526675731,0.2949630922,0.6600446789,0.7801500309
462,1,1,1,1,1,0.4726823233,0.6042385493,0.6711258838,0.3945342637,0.4870067776,0.3896704854,0.2364967241,0.1739491708,0.5002926248,0.1847451131,0.7035034764,0.4217253991,0.3280854913,0.3525751661,0.2950661622,0.6599077905,0.7801948817
462.5,1,1,1,1,1,0.4727698505,0.6042419464,0.6710828417,0.3946068291,0.4870609153,0.3896920736,0.2365511394,0.1740125014,0.5004487572,0.1849010474,0.7036702359,0.4219225119,0.3280852894,0.3526242984,0.2950281874,0.659999153,0.7800542052
463,1,1,1,1,1,0.4726900358,0.6044362669,0.6711068904,0.3947827931,0.4870176401,0.3898420367,0.2363944639,0.1739950233,0.5004487922,0.1848924412,0.7037008474,0.4217341832,0.3281137069,0.3526241653,0.2949800672,0.66000637,0.780073214
463.5,1,1,1,1,1,0.4727963319,0.604459186,0.6710436395,0.3948076798,0.4871111863,0.3898730587,0.2364003039,0.1737843023,0.5004228064,0.1849530389,0.7035308122,0.42196456,0.3281455036,0.3527935174,0.2948450488,0.6599067708,0.7801314125
464,1,1,1,1,1,0.4728129938,0.6044267913,0.6709943644,0.3945885199,0.4871925866,0.3898671334,0.2364671716,0.173859118,0.5004286749,0.1849335411,0.7033102006,0.4220896909,0.3281050707,0.3528531611,0.2948925983,0.6596125328,0.7801635094
464.5,1,1,1,1,1,0.4727843572,0.6044591446,0.6710551116,0.3945830013,0.4870669049,0.3899866428,0.2364015623,0.1738462594,0.5002714723,0.1847248643,0.7033109841,0.4221307833,0.3283155837,0.3526860962,0.2948962635,0.6595353244,0.7800366133
465,1,1,1,1,1,0.4726498557,0.6046495723,0.6710674142,0.394401892,0.4872584125,0.3899771902,0.2364824576,0.1738347053,0.5002297574,0.1845497949,0.7031916146,0.4220370409,0.3282244407,0.3527097129,0.2948108133,0.6594438286,0.780021681
465.5,1,1,1,1,1,0.4725911718,0.604449933,0.6710501225,0.3945545258,0.4874290166,0.3899877305,0.2364362401,0.1738737831,0.5001559398,0.1846391875,0.7031549688,0.4218286986,0.3280974307,0.3529631899,0.2948910512,0.6596533013,0.7800146738
466,1,1,1,1,1,0.4724841242,0.6044419294,0.6712897323,0.3946311752,0.4873773378,0.3899775557,0.236546203,0.1739594862,0.4999181939,0.1845900229,0.7031893168,0.421887922,0.3280456182,0.3529993401,0.2949381544,0.6596665673,0.7800092062
466.5,1,1,1,1,1,0.472537719,0.6045871276,0.6711548632,0.394650943,0.4871687675,0.3900460797,0.2364187127,0.1739593966,0.5000926975,0.184553388,0.7032007434,0.4218429811,0.3279410973,0.3528310668,0.2949220384,0.6597300902,0.7801728975
467,1,1,1,1,1,0.4727009115,0.6046136491,0.6713186016,0.3945652613,0.4870622873,0.390079328,0.2365363717,0.1739847183,0.5000072069,0.184502434,0.7031967221,0.4218929689,0.3278477949,0.3526228922,0.2950033589,0.6597426791,0.7802993556
467.5,1,1,1,1,1,0.4726150754,0.6045204774,0.6712960038,0.3944910827,0.4868573938,0.3901814353,0.2366802812,0.1739344896,0.5000638146,0.1845333492,0.7032808279,0.4218079423,0.3280328846,0.3525547245,0.2950592962,0.659702326,0.7804613683
468,1,1,1,1,1,0.4724873583,0.6044942892,0.6713070708,0.3944923797,0.4870031039,0.3902791761,0.236785021,0.1740149795,0.5000592342,0.1845410707,0.7032937077,0.4218384934,0.327994838,0.3525034665,0.2950836391,0.659730335,0.7804642414
468.5,1,1,1,1,1,0.4725975055,0.6043563493,0.6712257837,0.3944861439,0.486822628,0.3902971733,0.2366910112,0.174020133,0.5001726091,0.1844808793,0.703481538,0.4217740149,0.3278418842,0.3522607657,0.2949942182,0.6595328053,0.780403816
469,1,1,1,1,1,0.4726353814,0.6042869636,0.6709465395,0.3944141824,0.4868775554,0.3902054546,0.2365910319,0.1740145243,0.500236133,0.1843662857,0.703488101,0.4218330985,0.3278927569,0.3524630508,0.2951717749,0.6595161833,0.7804849238
469.5,1,1,1,1,1,0.4726800844,0.6043757108,0.6709651192,0.3944829489,0.4868119319,0.3903328775,0.2365658524,0.1738983399,0.5003497333,0.1844833106,0.7036501607,0.4216763405,0.327761962,0.352274603,0.2951720871,0.6597077017,0.7805505354
470,1,1,1,1,1,0.4727302907,0.6046430463,0.6709539152,0.394405668,0.4867541254,0.3901264424,0.2365985737,0.1738756037,0.5005241504,0.1845760108,0.7036104248,0.4214610081,0.3278672463,0.3522284814,0.2950404162,0.6597302206,0.7805181698
470.5,1,1,1,1,1,0.4727545261,0.6046282469,0.6711061999,0.3943529636,0.4867178173,0.3901665883,0.2367744149,0.1739734729,0.5006012048,0.1845947171,0.7035640484,0.4215297572,0.3277535467,0.3522851421,0.2949513188,0.6597627551,0.7803045789
471,1,1,1,1,1,0.4728689452,0.6045115126,0.6710140942,0.3943857612,0.486851342,0.3902363434,0.2367524828,0.1740004722,0.5005446476,0.1845406097,0.7037782026,0.4214243809,0.327906461,0.3523382598,0.2950260515,0.659686362,0.7801917438
471.5,1,1,1,1,1,0.4727265209,0.6046324537,0.671068467,0.3946486573,0.4867907464,0.3901273678,0.2367361002,0.1739541666,0.5004928903,0.1846160512,0.7038327848,0.4214479706,0.3278765321,0.3524354488,0.2949170908,0.6596606783,0.7802918917
472,1,1,1,1,1,0.4727595938,0.604467795,0.6711806547,0.3944740594,0.486733756,0.3898834651,0.2366335804,0.1739968529,0.5003397466,0.1847111742,0.7039313395,0.421506481,0.3279238649,0.3525905487,0.2949243452,0.6597335687,0.7801987944
472.5,1,1,1,1,1,0.4728651783,0.6043533169,0.6711216086,0.3944869871,0.4869485687,0.3896024198,0.2367087864,0.1741278643,0.5004093642,0.18472732,0.7038404387,0.4216562352,0.3278672396,0.3527640446,0.2947893292,0.6598575726,0.7801744954
473,1,1,1,1,1,0.4728142088,0.6044413743,0.6710256326,0.3944248499,0.4868455783,0.3898862445,0.2367554688,0.1741743287,0.5005434051,0.1847062265,0.703825181,0.4216908422,0.3277989797,0.3526807929,0.2948174562,0.6600176256,0.7801810106
473.5,1,1,1,1,1,0.4730442736,0.6044717924,0.6710845531,0.3945060996,0.4872424406,0.3901748405,0.2367312281,0.1739975062,0.5005808784,0.1847407007,0.7039234718,0.4217994575,0.3278364448,0.3528784073,0.29479927,0.6601516356,0.7800717822
474,1,1,1,1,1,0.47279027,0.6045455384,0.6710398248,0.3946144158,0.4872507025,0.3900807339,0.2367219508,0.1739709384,0.5006850864,0.1846822182,0.7038316398,0.4218402897,0.3279049123,0.3528784541,0.2950261821,0.660214911,0.7799916998
474.5,1,1,1,1,1,0.4728174284,0.6045232215,0.6710801109,0.3946173272,0.4872218178,0.3902558956,0.2366212533,0.1740890781,0.5006249418,0.1847326069,0.7039363964,0.4218827248,0.3277987796,0.3528984074,0.2953930345,0.6601471496,0.7799731689
475,1,1,1,1,1,0.4729643555,0.6043260613,0.6710612729,0.3945687775,0.4874243758,0.3903227847,0.2366891154,0.174044993,0.5006896395,0.1846714108,0.7038319016,0.421902311,0.3276441383,0.3529535015,0.2955062793,0.6604102091,0.7799764293
475.5,1,1,1,1,1,0.4729318629,0.6043704459,0.6710655894,0.394725605,0.4873342897,0.3902018704,0.2367079483,0.1741265953,0.500658398,0.1848349716,0.7036015918,0.4217536227,0.3276231552,0.3527722161,0.2954344156,0.6603797962,0.7799095752
476,1,1,1,1,1,0.4730990804,0.604459365,0.6709647188,0.3946475118,0.4872041267,0.3900670608,0.2367420081,0.1740862403,0.500749791,0.1848969754,0.7035717918,0.4218795881,0.3277218982,0.3528837091,0.2952291935,0.6602786255,0.7797100353
476.5,1,1,1,1,1,0.4732075998,0.6043942071,0.6709445849,0.3944144136,0.4869131459,0.3899948597,0.236515098,0.1740027501,0.5007808021,0.1850038776,0.7037036842,0.4216976606,0.3275722094,0.3528349559,0.2952018211,0.6601754591,0.7796131077
477,1,1,1,1,1,0.473203042,0.6046315435,0.6708622127,0.3944494548,0.4870284818,0.3900955038,0.2363012342,0.1739746977,0.5005039583,0.1848352391,0.7037351552,0.4215900363,0.3276934759,0.3525946127,0.2953054293,0.6598387636,0.7796363168
477.5,1,1,1,1,1,0.4731787446,0.6046339523,0.6709181332,0.3945726228,0.4871244672,0.389988855,0.236314212,0.1739616642,0.500507653,0.184715843,0.7036003248,0.4214885268,0.3277240966,0.3526041757,0.2951960908,0.6598998398,0.779618606
478,1,1,1,1,1,0.4731811112,0.6046927625,0.6709603608,0.3945033264,0.4873546558,0.389785887,0.2362617688,0.1739927108,0.5006968265,0.1846922127,0.7035225606,0.4214886298,0.3277011529,0.3527992767,0.2951546482,0.659776182,0.7795928166
478.5,1,1,1,1,1,0.473424073,0.6047994952,0.6710652521,0.394417573,0.4872878104,0.3897026133,0.2364434729,0.1740586781,0.5006285575,0.184764602,0.7034191525,0.4215892248,0.3278633397,0.3529872797,0.2952021263,0.6595428255,0.7797047944
479,1,1,1,1,1,0.4730667277,0.6049037132,0.6710549673,0.3944710373,0.4873287029,0.3899416814,0.2364797131,0.1739282588,0.5005728697,0.1848892714,0.7034773549,0.4217155952,0.3278589689,0.3530791211,0.2952907092,0.6595358776,0.7795345086
479.5,1,1,1,1,1,0.4731043237,0.6047200027,0.6711556457,0.3941766184,0.4872825027,0.3899906989,0.2364617502,0.1738086034,0.5006115898,0.1848020625,0.7035505641,0.4217540886,0.3279730199,0.3529984453,0.2952093963,0.6595054314,0.7794342968
480,1,1,1,1,1,0.4729558496,0.6044152171,0.6712231665,0.3941618921,0.4870284143,0.3900977032,0.2366028912,0.173881475,0.5005747596,0.1846232825,0.7037584202,0.4218615311,0.3278486421,0.3529115894,0.2952259643,0.6596868789,0.7794186659
480.5,1,1,1,1,1,0.472877862,0.6044007314,0.6711869006,0.3942946126,0.486814742,0.3900476151,0.2364986143,0.1738564269,0.50052025,0.1846194505,0.7038598286,0.4219200139,0.3277633873,0.3527534839,0.2953886549,0.6595086723,0.7792813583
481,1,1,1,1,1,0.4728789019,0.6042282608,0.6710736595,0.3942126202,0.4867373942,0.3899165117,0.2364225653,0.1737895737,0.5002786549,0.1847900915,0.7038769344,0.4218765674,0.3276968895,0.3527000334,0.2954463619,0.6594812605,0.7793206801
481.5,1,1,1,1,1,0.4728160725,0.6043954319,0.6709726598,0.3941489919,0.4867517858,0.3899180217,0.2363905229,0.1737752458,0.5002702464,0.1846403137,0.7038093905,0.4219399042,0.3276779699,0.3527240805,0.2953853506,0.6592349861,0.7794007719
482,1,1,1,1,1,0.4730445858,0.6044554303,0.6709598542,0.3943615473,0.4869413778,0.3900089594,0.2362158432,0.1737669456,0.500481459,0.1847454631,0.7038002556,0.4220811675,0.3277905722,0.3526593904,0.2951384828,0.6591651526,0.7795545358
482.5,1,1,1,1,1,0.4731993548,0.6043588931,0.671074654,0.3944147971,0.487026438,0.3899996653,0.2362617324,0.1737657713,0.5005039692,0.1847539282,0.7037846673,0.4219365003,0.3278167161,0.3527174833,0.2951750567,0.6591916288,0.7795790218
483,1,1,1,1,1,0.4731290801,0.6043922879,0.6708084876,0.3942072479,0.4870208798,0.3899327322,0.2362475284,0.1738708498,0.500353496,0.1847646379,0.7037207514,0.4217509313,0.3278678755,0.3527919033,0.2951853399,0.6590421011,0.7796763435
483.5,1,1,1,1,1,0.472978196,0.6044020372,0.6710507168,0.3942642911,0.4869402577,0.3897432047,0.2361553475,0.1739531097,0.5004509761,0.1848358226,0.7038596051,0.4216204658,0.327797825,0.3526423863,0.2953401049,0.6593111683,0.7798275434
484,1,1,1,1,1,0.4730621417,0.6044164075,0.6709835356,0.3943537732,0.4869964208,0.3897464642,0.2362064512,0.1738340946,0.500484445,0.1847070984,0.7036915075,0.4214702034,0.3277880062,0.3524231051,0.2954736281,0.6592381704,0.7798598179
484.5,1,1,1,1,1,0.4730212271,0.6044922259,0.6709647471,0.3942535106,0.4870169314,0.3902776263,0.2362829017,0.1738039352,0.5004660892,0.1846081849,0.7036806707,0.4215185906,0.3276803067,0.352451209,0.295384679,0.6591640023,0.7797061915
485,1,1,1,1,1,0.4729317858,0.6045278436,0.6708944647,0.3944158629,0.4869434474,0.3900260262,0.2361012392,0.1738437606,0.5003774698,0.184732312,0.7034095686,0.4215734497,0.3279300834,0.3524894763,0.2953379897,0.659217233,0.7796821513
485.5,1,1,1,1,1,0.4729056741,0.6044246494,0.6707933806,0.394457809,0.486866258,0.3899047071,0.2362588699,0.1737822098,0.5004077835,0.1846393992,0.7032945586,0.4215410872,0.3279040577,0.352420531,0.2951938509,0.6591282613,0.7795812714
486,1,1,1,1,1,0.4727568914,0.6044665524,0.6709287888,0.3945300285,0.4870506178,0.3897606969,0.236485861,0.1738329328,0.5004799196,0.1845070153,0.7033575438,0.4216170827,0.3279187026,0.3524030763,0.2952040949,0.6591605227,0.7795998328
486.5,1,1,1,1,1,0.4728540587,0.6045587711,0.6709436732,0.3944475855,0.4871096534,0.3897482985,0.2365120087,0.1738212234,0.5000808726,0.1844907641,0.7032763029,0.4214600132,0.327863543,0.3522817562,0.2950893351,0.6591441728,0.7795751633
487,1,1,1,1,1,0.4729758384,0.6045729909,0.6707505519,0.3943787691,0.4872694724,0.3898021716,0.2364439685,0.1738510971,0.5002048327,0.1847071688,0.7033853845,0.4215371133,0.3278808947,0.3522133921,0.2951806556,0.6593424614,0.7794874883
487.5,1,1,1,1,1,0.473038247,0.604395318,0.6708211385,0.394440259,0.4872967268,0.3898397789,0.2365437922,0.1739206222,0.5002829214,0.1847754628,0.7034479652,0.4216209922,0.3279446201,0.3522255916,0.2951654951,0.6592285779,0.7795636069
488,1,1,1,1,1,0.4729814925,0.6044737513,0.6708318776,0.3944963328,0.4873491806,0.3898875466,0.2366464594,0.1739903527,0.5001519911,0.1846979412,0.7034573635,0.4217636627,0.3279085815,0.3521219339,0.2952079525,0.6591904617,0.7797320055
488.5,1,1,1,1,1,0.4727256608,0.6042610919,0.6710767697,0.3945565914,0.487259415,0.3900017182,0.2365463412,0.1738988982,0.5000278537,0.1847201199,0.7035216088,0.421866582,0.3279075073,0.3520373414,0.295110465,0.6593061965,0.779849602
489,1,1,1,1,1,0.4727814054,0.6043551181,0.6710302973,0.3946201696,0.4874043034,0.390133115,0.236407631,0.1738801342,0.5000744007,0.1846750794,0.703616923,0.4220024356,0.3279186447,0.3520521108,0.2951410949,0.6591574037,0.7799055007
489.5,1,1,1,1,1,0.4727503258,0.6042420177,0.6709605246,0.3948731953,0.487390327,0.3904839832,0.2363967283,0.1737696239,0.5002423986,0.18464705,0.7037231152,0.4219922029,0.3280343549,0.3520774058,0.2951210945,0.6591384471,0.7798278804
490,1,1,1,1,1,0.4728896234,0.6040500054,0.6709855691,0.3946591664,0.4872419506,0.3904504422,0.2364312674,0.1737813152,0.4998160711,0.1848122327,0.7037166125,0.4222657731,0.3281124374,0.3520975582,0.2950768201,0.6592011411,0.7797951433
490.5,1,1,1,1,1,0.4730403653,0.6041882572,0.6708520054,0.3946277844,0.4873205011,0.3903328381,0.2365947626,0.1739222579,0.4997300901,0.1846735559,0.7038219615,0.4221306024,0.3279684245,0.3521728939,0.2951048764,0.6592930163,0.7797540191
491,1,1,1,1,1,0.4727945929,0.6044375904,0.6709748205,0.3944823225,0.4874846694,0.3903593274,0.2366333361,0.1740491141,0.499667187,0.184794267,0.7038871021,0.4220718804,0.3278581761,0.3522352609,0.2952122701,0.6591098878,0.7797842938
491.5,1,1,1,1,1,0.4727198543,0.6045167638,0.6708248738,0.3945337196,0.4874088321,0.3903708515,0.2365254338,0.174143131,0.499506503,0.1847037221,0.703926264,0.4220552618,0.3277798959,0.3524493735,0.2952149821,0.6592263057,0.7797765154
492,1,1,1,1,1,0.4726982731,0.6047344113,0.671150597,0.3944411604,0.48742102,0.3903809838,0.2364937304,0.1739841746,0.4995582008,0.1848159845,0.7038361054,0.4220196651,0.3278053043,0.3523924139,0.2951982184,0.6591879246,0.7797570882
492.5,1,1,1,1,1,0.4725907678,0.6045766721,0.6710243279,0.394381564,0.4872830998,0.3905332778,0.2366985435,0.1738831683,0.4994998102,0.1848203178,0.7038588622,0.4220750746,0.3277018338,0.3524707588,0.2951216148,0.6592818025,0.7796048753
493,1,1,1,1,1,0.4725930259,0.6046008733,0.6709904959,0.3944001284,0.4874302344,0.3905348429,0.2367322369,0.1739921807,0.4994890475,0.1848670888,0.7039448474,0.4219030428,0.3277486827,0.3525190511,0.2951261258,0.6591724539,0.7796178066
493.5,1,1,1,1,1,0.4727096215,0.6046064848,0.6710743333,0.394417842,0.4873044778,0.3903597721,0.2366870879,0.1741077493,0.4993552993,0.1848961907,0.7039058244,0.4219812034,0.3279323731,0.3524018669,0.2952524644,0.6592776403,0.7794998348
494,1,1,1,1,1,0.4730109988,0.6044611343,0.6710722542,0.3943509203,0.4873224964,0.3903385706,0.2367113135,0.1740553791,0.4994099568,0.1848560692,0.703759633,0.4222470679,0.3277478905,0.3522917217,0.2953187836,0.6593723285,0.7794272809
494.5,1,1,1,1,1,0.4727101964,0.6044181949,0.6710590842,0.3942057544,0.4872505549,0.3903678567,0.2367761542,0.1739690856,0.4994733959,0.1848584976,0.7039078357,0.4221944498,0.3279106687,0.3524834578,0.2955665395,0.6594629256,0.779414376
495,1,1,1,1,1,0.4728041991,0.6043557573,0.6710318827,0.3939374609,0.487126983,0.390452236,0.2366515258,0.1740568965,0.4997546043,0.1846797834,0.7039870273,0.4221588532,0.3281236331,0.3525821275,0.2954703847,0.6595657272,0.7793137201
495.5,1,1,1,1,1,0.4730226665,0.6044838247,0.6710950303,0.3941947725,0.4871124467,0.3902569733,0.2368080237,0.1741207498,0.4998970616,0.1847467886,0.7038186905,0.422095347,0.328060086,0.3523550104,0.2953610713,0.6594739865,0.779339861
496,1,1,1,1,1,0.4729741839,0.6045985277,0.6710192899,0.3943899643,0.4869809027,0.3901804739,0.2365977356,0.1740032778,0.4997840507,0.1847970927,0.7037890608,0.4218659779,0.327831453,0.3522843066,0.2951880562,0.6594268792,0.7794030588
496.5,1,1,1,1,1,0.4730360837,0.6046566361,0.6710208382,0.394351859,0.4870615243,0.3902673612,0.2365887561,0.1741458217,0.5000036784,0.1848123814,0.7038441009,0.4221694062,0.327897114,0.3523249124,0.2952117745,0.6594371469,0.7794303243
497,1,1,1,1,1,0.4732089323,0.604671392,0.670933377,0.3943363807,0.4872327954,0.3902835175,0.2366380523,0.1741028432,0.5000253314,0.1847831877,0.7039512715,0.4218946613,0.3277737014,0.3523107446,0.2952748447,0.6595918005,0.7794184272
497.5,1,1,1,1,1,0.4729669437,0.6046906824,0.6707713075,0.3942346843,0.4872796505,0.3901207588,0.2364859413,0.1739438358,0.5002306359,0.1847136417,0.7040213311,0.4217020103,0.3278793435,0.3522772259,0.2952206795,0.6593838517,0.7794127082
498,1,1,1,1,1,0.472805488,0.6045303364,0.6709066899,0.3941136117,0.4873133046,0.3899807073,0.2363313092,0.1739611049,0.5000873107,0.1847778217,0.7042182716,0.4218228228,0.3276543497,0.3524997209,0.295065644,0.6594463226,0.7793851303
498.5,1,1,1,1,1,0.4727896758,0.6045015202,0.6709366324,0.3941598771,0.4871462639,0.3898755002,0.2363938929,0.1740605384,0.5000985494,0.1848573123,0.7040737543,0.4217146389,0.3276782086,0.3524498846,0.2951865235,0.6593390899,0.779328235
499,1,1,1,1,1,0.4727679957,0.6044314889,0.6706526609,0.3941573259,0.4871726626,0.3896504258,0.2363546427,0.1740034162,0.5001260356,0.184742745,0.7041538541,0.4214381929,0.3277103678,0.352637409,0.2952984123,0.6591609348,0.7794033335
499.5,1,1,1,1,1,0.4729093284,0.6046199006,0.6707510179,0.3940190764,0.4870604189,0.3898712309,0.2365147878,0.1739951265,0.5001195136,0.1846846452,0.704058668,0.421384914,0.3277779082,0.3524771468,0.295219729,0.6592541741,0.7793945076
500,1,1,1,1,1,0.4730082609,0.6044643043,0.6708687071,0.3941864854,0.4871175189,0.3897854851,0.2364287774,0.1739140447,0.5002122399,0.1847723289,0.7041643682,0.4213882666,0.3276649378,0.3524050799,0.2951634044,0.6591245037,0.7793342676
