time,TNFR,IL1R,CD40,LTB,BAFFR,TRAF2_5,TRAF6,TRAF2_3,Btx,TAK1_TAB,NEMO_IKKa_IKKb,IkBa_release_signal,p50_p65,TNFa,p100,Phenotype_canonical,NIK,IKKa_noncanonical,p100_RelB,p52,BAFF,Phenotype_noncanonical
0,1,1,1,1,1,0,0,0,0,0,0,0,0,0,0,0,0,0,0,0,0,0
0.5,1,1,1,1,1,0.136635405,0.2063813347,0.2538496452,0.0388825655,0.03898577193,0.009229085331,0.0003035122285,1.30601369e-05,6.329711949e-07,4.107951391e-08,1.076512256e-06,0.04217413902,0.005545457079,0.0004245172908,8.627100562e-06,4.229417468e-05,4.950721322e-07
1,1,1,1,1,1,0.2449998447,0.3333607027,0.4014657194,0.112377722,0.1102993953,0.050865323,0.003468094131,0.0003106076932,3.167248399e-05,1.993655956e-06,5.417854743e-05,0.1176728192,0.03039429072,0.004838114303,0.0002020547169,0.001024204169,2.448973994e-05
1.5,1,1,1,1,1,0.3306954763,0.4116194777,0.486488073,0.1862851383,0.1814946203,0.1172122854,0.0123158748,0.001695873906,0.0002748664141,1.666754493e-05,0.0004664935123,0.1898086578,0.0707242783,0.01724075182,0.001116385824,0.005754772914,0.0002125198335
2,1,1,1,1,1,0.4003668113,0.458173577,0.5381405051,0.2482725528,0.240171489,0.1921186716,0.02742787632,0.005165462434,0.00116277818,6.913134572e-05,0.00197562017,0.2490023064,0.1184219786,0.03902323553,0.003413938972,0.01802860141,0.0009188751685
2.5,1,1,1,1,1,0.455344691,0.4888458767,0.5646451703,0.3003396052,0.2856415735,0.2630293302,0.04643202771,0.01125282894,0.003349245114,0.0001928076039,0.005712544691,0.2942764239,0.1649035763,0.0680087921,0.007562035818,0.04065476441,0.002654691488
3,1,1,1,1,1,0.4956426065,0.5046675726,0.5814963984,0.3404546354,0.3204618812,0.3266703099,0.06883924347,0.02010151513,0.007561377609,0.0004188771051,0.01285881525,0.3288525136,0.2074648564,0.1012057301,0.01366742156,0.07448762596,0.006048982369
3.5,1,1,1,1,1,0.5305469713,0.5138066384,0.5901349844,0.3719337329,0.3433673302,0.3808937872,0.09149458786,0.031385934,0.01428190468,0.0007729399438,0.0243855474,0.355161686,0.2464717351,0.1347166929,0.02115111377,0.1177107775,0.01159290146
4,1,1,1,1,1,0.5563990262,0.5224699868,0.5962495304,0.3913742327,0.3619664735,0.4237976018,0.1122830653,0.0448664466,0.0240996887,0.001268722539,0.04074736241,0.3722514025,0.2780146864,0.169113827,0.03016510557,0.1697120855,0.01951213929
4.5,1,1,1,1,1,0.5759069489,0.5278084427,0.5983044396,0.4075769288,0.3767321122,0.4558154043,0.1318729624,0.05919133473,0.03737037299,0.001891942315,0.06264931983,0.385670728,0.3025083372,0.2021080619,0.04023170542,0.2254754366,0.03037118738
5,1,1,1,1,1,0.5914855525,0.5316421482,0.5989140456,0.4176021165,0.3864975847,0.4828710934,0.1502558249,0.07336436245,0.05356891293,0.002627357286,0.08928359169,0.3924112594,0.3203016636,0.2320058709,0.05059652649,0.2838064835,0.043966406
5.5,1,1,1,1,1,0.6064627607,0.5292592444,0.5993130152,0.4281301973,0.393748344,0.5005748488,0.1668281607,0.08686650848,0.07251208828,0.003487633971,0.1208937931,0.4018492837,0.3367539109,0.2563670971,0.06149520125,0.342397248,0.06083783899
6,1,1,1,1,1,0.6157496217,0.5302478651,0.6027566903,0.4352299991,0.3955214887,0.5196208275,0.180420333,0.1003675558,0.09332223366,0.004367760232,0.1555895444,0.4045408311,0.3460703115,0.277158694,0.07107488661,0.3969553254,0.07920491766
6.5,1,1,1,1,1,0.6243744593,0.5315437132,0.6015924123,0.4398708974,0.3989828457,0.5307085584,0.1929975505,0.1133872273,0.1159499612,0.00529720648,0.192842778,0.4073259735,0.3538524337,0.2962185901,0.080021719,0.4476062331,0.1000721062
7,1,1,1,1,1,0.630957593,0.5322167352,0.6019111485,0.4432410548,0.4035732897,0.5408827239,0.1998048961,0.1263260157,0.1406773533,0.006228725915,0.2331044806,0.407874135,0.361003331,0.3092237562,0.08943677388,0.495999653,0.1229447157
7.5,1,1,1,1,1,0.6364788517,0.5357642385,0.6003059023,0.4450850759,0.4054908729,0.5473907117,0.2090153263,0.1361953844,0.1664639367,0.00712693223,0.2745012128,0.4103647162,0.3675794042,0.3238496677,0.09645577642,0.5407255205,0.1461549547
8,1,1,1,1,1,0.6400816484,0.5363548317,0.6022366381,0.4450206653,0.4076659848,0.5530672748,0.2160527014,0.144469252,0.1934642921,0.00800060423,0.3121880947,0.4074436922,0.3737944331,0.3343688408,0.1037177839,0.5805134216,0.1700356857
8.5,1,1,1,1,1,0.6468611568,0.5358026707,0.6042217714,0.446251455,0.4081822176,0.5559683413,0.2214365057,0.1532736325,0.2186633379,0.008926349762,0.3497708505,0.4108657012,0.3734904517,0.3426795076,0.1109217047,0.6154061681,0.1950146397
9,1,1,1,1,1,0.6490110964,0.5359451427,0.602726156,0.4500627479,0.4087165764,0.5620857986,0.2256505828,0.1623200561,0.2454775626,0.009824484451,0.3881368018,0.4096206287,0.3765885493,0.3528324241,0.1162884325,0.6487910792,0.2214398288
9.5,1,1,1,1,1,0.6479809316,0.5360479112,0.602152046,0.4496387204,0.4075189569,0.5631015468,0.2306545402,0.1695151693,0.2718761833,0.01066009112,0.4242645523,0.4094220426,0.3764688151,0.3589609783,0.1196431172,0.6772715532,0.2474222332
10,1,1,1,1,1,0.6484561419,0.5339577499,0.603794261,0.4518123818,0.4065395589,0.5642795417,0.2347563504,0.1745483282,0.2958918977,0.011408426,0.4605311072,0.4085616595,0.3791100996,0.3639946233,0.1246876657,0.7006781996,0.2721180212
10.5,1,1,1,1,1,0.6494496239,0.5332874188,0.6040538712,0.450565523,0.4064464687,0.5632218888,0.2390549736,0.1797118256,0.3191975584,0.01205782702,0.4934930133,0.404994408,0.3782025753,0.3686806596,0.1281453491,0.7185680311,0.2963220531
11,1,1,1,1,1,0.6517114148,0.5347458185,0.6052236231,0.4511200411,0.40639862,0.5625974595,0.2398329141,0.184366356,0.3436746064,0.01268825438,0.5248267746,0.4075508418,0.3799352201,0.3716688985,0.1311426621,0.7367560804,0.3198242046
11.5,1,1,1,1,1,0.6508647054,0.5363791006,0.6049904284,0.4525336913,0.4074356311,0.5650074127,0.2405748329,0.1873362034,0.3664437709,0.01328656555,0.5536854515,0.407810804,0.3825953363,0.373896198,0.131791001,0.7521690609,0.3458265716
12,1,1,1,1,1,0.6492216859,0.5360922815,0.604828909,0.4522613122,0.4087829667,0.5682580338,0.2432988314,0.1890116982,0.3863316869,0.0137267965,0.5821778064,0.4109829411,0.3813136911,0.3753539792,0.134680486,0.7644572455,0.3667274453
12.5,1,1,1,1,1,0.652257511,0.5351386535,0.6041643341,0.4512333649,0.4078531447,0.5678696486,0.2436871245,0.191445537,0.4046975609,0.0141584158,0.6065048343,0.4158478028,0.3800908258,0.3771360333,0.1363996317,0.7770507793,0.3892531117
13,1,1,1,1,1,0.6535531997,0.5347819404,0.6046999056,0.4533036383,0.4091385738,0.566657641,0.2438866506,0.1948888993,0.4213121064,0.0146372661,0.6281405204,0.4153610173,0.3811389404,0.3770152898,0.1370900708,0.7872864206,0.4112390366
13.5,1,1,1,1,1,0.6534892414,0.5342219418,0.6034553342,0.4516656791,0.409297482,0.5678149663,0.2452061622,0.1954887261,0.4368549524,0.01504156538,0.6541604249,0.4158308122,0.3828828154,0.3787841861,0.1391715348,0.7952928785,0.4299820368
14,1,1,1,1,1,0.654979677,0.5342179691,0.6046147093,0.4525499447,0.4111922586,0.5670271427,0.2471234966,0.1973465769,0.4565645228,0.01520810423,0.6760979527,0.4129347263,0.3806832546,0.3788555951,0.1415480658,0.8018174849,0.4518202196
14.5,1,1,1,1,1,0.6555020057,0.5344263496,0.6007730249,0.4530304083,0.4095619981,0.5660651424,0.2467781247,0.2016349037,0.4717969742,0.01551230895,0.693794659,0.4137236185,0.3787011473,0.3805691309,0.1424775963,0.8075105941,0.4733430664
15,1,1,1,1,1,0.6560940823,0.5359235686,0.6015130207,0.4532933334,0.4109644882,0.5655505269,0.2476922447,0.2032377686,0.4859323515,0.01574881454,0.7111093544,0.4130615508,0.3838001265,0.3816005408,0.1420583994,0.8146164998,0.4957013846
15.5,1,1,1,1,1,0.6576992437,0.5354780193,0.602732686,0.4532050009,0.4101728045,0.5623589714,0.2486359412,0.2039436105,0.5023866943,0.01596475662,0.7274812733,0.411278882,0.3829890468,0.3820598092,0.1420661028,0.8197260829,0.5144843458
16,1,1,1,1,1,0.6560048472,0.5347438489,0.6020273747,0.4543027072,0.4085165955,0.5646445213,0.2454312634,0.204728498,0.5141366124,0.01608625834,0.7439277968,0.4130341058,0.3799070127,0.384513974,0.1431990064,0.8237866539,0.5300232765
16.5,1,1,1,1,1,0.6560794391,0.5352959003,0.6040537662,0.4514623008,0.4050133921,0.563575196,0.2465000717,0.2028201817,0.5260583615,0.0163779491,0.7582199062,0.4127199832,0.3803878888,0.3848620886,0.1456871241,0.8266643469,0.5449486028
17,1,1,1,1,1,0.6560469976,0.5335578452,0.6055872408,0.4524907705,0.4043178731,0.56343621,0.247434996,0.2033304726,0.5376084507,0.01646285372,0.7700968587,0.4141875355,0.3807918624,0.3867225905,0.1466393212,0.8300519767,0.5598320246
17.5,1,1,1,1,1,0.6560820359,0.5360340967,0.6046822656,0.4534509166,0.406696314,0.5615854901,0.2469456308,0.2034295238,0.5481960928,0.01657434644,0.7809208799,0.4161614779,0.3802228506,0.3861603497,0.1468489918,0.8349087542,0.5729418281
18,1,1,1,1,1,0.6579402076,0.5346062794,0.6048229057,0.454755475,0.4063943791,0.5622578654,0.2471047632,0.2041769616,0.5572002081,0.016647784,0.7911517886,0.4147594016,0.3822387805,0.387403363,0.1481218151,0.8379597743,0.5870462198
18.5,1,1,1,1,1,0.6555491763,0.5362842455,0.6049942523,0.4501020715,0.408103374,0.5629271571,0.2471716808,0.2032300243,0.5678931006,0.0167993904,0.8002454549,0.4149984019,0.381128178,0.3872093011,0.1484482369,0.840693485,0.599479535
19,1,1,1,1,1,0.6554188329,0.5357075684,0.6037763997,0.4479731124,0.409585254,0.5631490824,0.2460235357,0.2040732678,0.5784706893,0.01677148874,0.807919385,0.4114212436,0.3816319768,0.3863020295,0.1495935158,0.8397872743,0.6138911737
19.5,1,1,1,1,1,0.6557609584,0.5342278557,0.6014429318,0.448508986,0.4110024505,0.5649030396,0.2464418858,0.2047278565,0.5884524577,0.01667564697,0.8158115897,0.4110452074,0.3829954924,0.3876933957,0.1492644039,0.8432465893,0.6254536109
20,1,1,1,1,1,0.6557294859,0.5336879686,0.6021939502,0.4503016153,0.4092682287,0.5643769297,0.2448718694,0.2039492219,0.5955723999,0.01689117651,0.8227556699,0.4085535894,0.3843752822,0.3887066987,0.1487949094,0.8416035209,0.6367470468
20.5,1,1,1,1,1,0.6530737779,0.534866304,0.6028399999,0.4494937548,0.4090611885,0.564635964,0.2446221986,0.2017577357,0.6017085549,0.01678596986,0.8306094204,0.4097095405,0.3834330578,0.3884115429,0.1487468167,0.8428659231,0.6456239051
21,1,1,1,1,1,0.6534176966,0.5338828593,0.6044823128,0.451046396,0.4092363645,0.5682050509,0.2442861313,0.2022184113,0.6075125698,0.01683394186,0.8375672431,0.4110265797,0.3848092563,0.3889099297,0.1494403641,0.8431056416,0.6567185945
21.5,1,1,1,1,1,0.6559003971,0.5326900886,0.6046634337,0.4532336115,0.4098197007,0.5656842374,0.2445185005,0.2025095595,0.6103613593,0.01665215004,0.8423730513,0.4102271387,0.3820298232,0.3901218109,0.1499513969,0.8450439375,0.6665169126
22,1,1,1,1,1,0.6550689936,0.5339352183,0.6044307319,0.4544456278,0.4123430267,0.5667032782,0.244844205,0.2026624226,0.616532165,0.01655839582,0.8474291668,0.4094495732,0.3827031612,0.3891554942,0.1486728887,0.8464598678,0.6775901112
22.5,1,1,1,1,1,0.6537262411,0.5346688522,0.6033095544,0.4535361915,0.4096922651,0.5659839041,0.243981634,0.202952516,0.621049174,0.01662953241,0.851264817,0.4114815828,0.3816924104,0.3903310305,0.1484272619,0.8471699573,0.687282092
23,1,1,1,1,1,0.6533260271,0.536490962,0.6029027668,0.4505237955,0.4068640295,0.5659566407,0.244256868,0.2035429961,0.6268165131,0.01654607234,0.8563659732,0.4137588198,0.3814549067,0.3917851324,0.1487151769,0.8472443902,0.693321172
23.5,1,1,1,1,1,0.6524226802,0.5343971899,0.601717406,0.450880229,0.4082168405,0.5661365381,0.2451968845,0.2033275715,0.6334349921,0.01658854408,0.8587113371,0.4140876295,0.381334611,0.3900039303,0.1486303725,0.8481396813,0.6997697719
24,1,1,1,1,1,0.6541371973,0.5346611717,0.6032149293,0.452746238,0.4080837523,0.5640492821,0.2448804927,0.20350093,0.6388562871,0.01670730579,0.8602391356,0.4125988611,0.3810045576,0.390439967,0.1472797132,0.8485918986,0.7063829497
24.5,1,1,1,1,1,0.6548162192,0.5329319043,0.6035159285,0.451245465,0.4073405994,0.5663937485,0.2454725396,0.2051907903,0.6415921227,0.01689466716,0.8633115419,0.4128624178,0.3833071404,0.3870426822,0.1476291687,0.8497144163,0.7106159556
25,1,1,1,1,1,0.6567038434,0.5337808595,0.6018679216,0.452879331,0.4084619707,0.5652420272,0.2459095043,0.2042757231,0.6442440163,0.01685967385,0.8652943133,0.4111296836,0.3816237775,0.3890917645,0.1477856839,0.8485914652,0.7144548294
25.5,1,1,1,1,1,0.6554597707,0.5344244188,0.6042157219,0.4504661576,0.40860353,0.5672427151,0.2442416698,0.2036759334,0.6487761836,0.01684740864,0.8685217442,0.4116908913,0.379048966,0.3903359928,0.1465155392,0.8476473798,0.7185465629
26,1,1,1,1,1,0.6545460354,0.5328830807,0.6047489855,0.448450455,0.4087213258,0.5648786514,0.2429259356,0.205791979,0.6520189483,0.01681987809,0.8703935666,0.4138153968,0.380640837,0.3861413631,0.1473365023,0.8475107324,0.7232120396
26.5,1,1,1,1,1,0.6541004008,0.532344412,0.6041450077,0.4499882611,0.4093123608,0.5669618032,0.2435541503,0.2053729866,0.654336025,0.01686154739,0.8722757671,0.4110029302,0.3796408523,0.3869536283,0.1465801344,0.8492854568,0.7329986989
27,1,1,1,1,1,0.6532732196,0.533493961,0.6023460008,0.4514159911,0.4094637719,0.567772346,0.2450135776,0.2057455058,0.6551206899,0.01686827534,0.8748103089,0.4122515243,0.381310052,0.3870923965,0.1467419872,0.8493446741,0.7387740966
27.5,1,1,1,1,1,0.6541102701,0.5354553999,0.6011145918,0.450587372,0.4107519413,0.5641318906,0.246221152,0.2061908637,0.6611745429,0.01666872817,0.8756202526,0.4129051022,0.3831841607,0.3889117973,0.1474174265,0.8495239054,0.741991072
28,1,1,1,1,1,0.6565602799,0.5347864326,0.6012657638,0.4520964768,0.4088496909,0.5641860684,0.2467996602,0.2064490267,0.661306585,0.01680866104,0.8768760148,0.4107728256,0.3833044508,0.388687815,0.1477263593,0.8488706964,0.7446506
28.5,1,1,1,1,1,0.656331784,0.5342898561,0.6041722031,0.4530090569,0.4096193494,0.5638305022,0.2444118122,0.205482215,0.6633012965,0.01683351562,0.8768975663,0.4107918871,0.3794908035,0.3882021284,0.1483412354,0.8489648955,0.7501344635
29,1,1,1,1,1,0.6572610689,0.5350622533,0.6026735866,0.4534267001,0.4077948607,0.5645914078,0.2444725883,0.2049360174,0.6632924016,0.01707702276,0.8776821072,0.4115378721,0.3783393419,0.3890176553,0.1479560363,0.8495727188,0.7541865315
29.5,1,1,1,1,1,0.6557011651,0.5354515853,0.6019183962,0.4527277343,0.4116214057,0.5638202088,0.24439623,0.2039746012,0.6667993556,0.01715794394,0.8800947818,0.4130711981,0.380793741,0.3868820808,0.147520757,0.8507365189,0.7554487154
30,1,1,1,1,1,0.6552431691,0.5324894836,0.6015382768,0.4542615413,0.4122872902,0.5662454591,0.2433019817,0.2033163955,0.6684160932,0.01717576173,0.881866336,0.4127413427,0.3789837278,0.3850615498,0.1478556383,0.8493917601,0.7573918533
30.5,1,1,1,1,1,0.655436206,0.5340449881,0.6029432083,0.4515889657,0.4138633323,0.5661017859,0.2461489488,0.2023744266,0.6712202469,0.01700767357,0.8824920063,0.4100078226,0.3796512709,0.3870905362,0.1478138838,0.8494636258,0.7594125593
31,1,1,1,1,1,0.655430595,0.5342450818,0.6022280012,0.4493692999,0.4133727514,0.5645954409,0.2438747359,0.203839361,0.6732032584,0.0168869351,0.8839178942,0.4113427127,0.3827578615,0.3892137115,0.1485667931,0.8502333396,0.7615765087
31.5,1,1,1,1,1,0.6535142819,0.5321544392,0.6020184173,0.4500980266,0.4096968846,0.5655790934,0.2462214655,0.2034193308,0.6714974741,0.01681156509,0.8846378183,0.4116425184,0.3813948656,0.3866842657,0.1483264901,0.8510097873,0.7625756819
32,1,1,1,1,1,0.6535928012,0.5314957808,0.6044551217,0.4500926849,0.4100925247,0.5640009867,0.2463392642,0.2039607144,0.6764755496,0.01682563712,0.8856620259,0.414310148,0.3818272982,0.3876851647,0.1490565417,0.850882853,0.7633675283
32.5,1,1,1,1,1,0.652932008,0.5345918622,0.6026065375,0.4510191578,0.4069359216,0.5654872375,0.2440138903,0.205897202,0.6770589801,0.0167876733,0.8865478933,0.4153682451,0.3843295428,0.38522879,0.1481125848,0.8494467492,0.7653075748
33,1,1,1,1,1,0.6524474319,0.5343505144,0.6025352205,0.4495868805,0.4073850183,0.566058418,0.2450193334,0.2059333598,0.6754140302,0.01703308968,0.8871179327,0.4168069012,0.3844261515,0.3857982509,0.1478564441,0.8507686195,0.7676268507
33.5,1,1,1,1,1,0.6530788333,0.5338213238,0.6028614286,0.4499431214,0.4091629619,0.5651180105,0.2450451702,0.2079582065,0.6744171277,0.01705540311,0.8879545418,0.4174086582,0.3833782003,0.3859325125,0.1469389524,0.8513796448,0.7716120602
34,1,1,1,1,1,0.6523953819,0.5315890634,0.6043463305,0.4524496909,0.4096549007,0.565488925,0.245460343,0.2053323934,0.6742662687,0.01699294658,0.8887962792,0.4142219702,0.3856067502,0.3851418208,0.1475849725,0.8515355352,0.7721142761
34.5,1,1,1,1,1,0.652608775,0.5330331814,0.6043161955,0.4534663575,0.4088407171,0.5652632876,0.2435786645,0.2055149672,0.6743026787,0.01678972115,0.8896503204,0.4125457275,0.3838085321,0.3845818509,0.1479213665,0.8510359401,0.7760454732
35,1,1,1,1,1,0.6529653266,0.5341586093,0.6063290747,0.4538287869,0.4102079425,0.5653340859,0.2427134887,0.2043535938,0.6738185525,0.01686725272,0.8898334238,0.4121387604,0.3857276338,0.3862932466,0.1487139079,0.8513321086,0.7773405673
35.5,1,1,1,1,1,0.653014283,0.5321242436,0.604928757,0.4519011381,0.4116041387,0.5659501878,0.2440824097,0.2026418102,0.6771450864,0.01681243858,0.8899512592,0.4140254085,0.3841184895,0.3859229747,0.147468961,0.8525469419,0.7786892256
36,1,1,1,1,1,0.6569624852,0.5329819134,0.6018244062,0.4521505944,0.4088501054,0.5638832812,0.2441783406,0.2033622781,0.6783854128,0.01687387559,0.8903873887,0.4156007211,0.3846982132,0.3891506322,0.1480947066,0.851641426,0.7813918583
36.5,1,1,1,1,1,0.6558783539,0.5351422621,0.6015207369,0.4503750742,0.4096319159,0.5620306866,0.2432699852,0.2011742075,0.6797223549,0.01667001682,0.8914594627,0.4135553966,0.383528693,0.3894436079,0.147027374,0.8493624319,0.7839612525
37,1,1,1,1,1,0.656261853,0.533812255,0.602014221,0.4484793825,0.4102515536,0.5645073814,0.2426087285,0.202616965,0.6795908512,0.01673335519,0.8911516468,0.4120872857,0.3831970939,0.389147131,0.1469238197,0.8507459858,0.7859955609
37.5,1,1,1,1,1,0.6558401649,0.5340906113,0.6035429421,0.4510373143,0.4102024141,0.5626137277,0.2438065358,0.203269126,0.680623577,0.0166149056,0.8915916915,0.4123892095,0.3825387014,0.3905593936,0.1476900511,0.8520825232,0.7867572834
38,1,1,1,1,1,0.6582411079,0.5356533208,0.6036766514,0.4521819771,0.4075667516,0.5623900817,0.2434888266,0.2007697095,0.6807863659,0.01652980916,0.8921702384,0.4136735468,0.3818814354,0.391570176,0.1485194235,0.8524665792,0.7894554961
38.5,1,1,1,1,1,0.6593031045,0.5342095859,0.6018903504,0.4523475657,0.4086158359,0.5626135372,0.2465007593,0.2009666864,0.6831685016,0.01648925253,0.8916084917,0.4151178004,0.381523283,0.3895738317,0.1512042847,0.8492405973,0.7919014551
39,1,1,1,1,1,0.6581626675,0.5335593943,0.6022386351,0.4548483849,0.4104310776,0.5615680511,0.2461231115,0.2014103378,0.6819459097,0.01630061259,0.8913988707,0.4134163716,0.3817446632,0.3881929693,0.1523520256,0.8501494691,0.7943652929
39.5,1,1,1,1,1,0.6576030845,0.5328458855,0.6019797001,0.4544214364,0.4092695493,0.562136767,0.244768303,0.2020010729,0.6834112757,0.01626638246,0.8909044244,0.4102779427,0.3829014971,0.3870093381,0.1510917127,0.8506007137,0.7968871972
40,1,1,1,1,1,0.6565939127,0.5351119387,0.6050023943,0.4577344678,0.40784865,0.5633502818,0.243812529,0.2017780032,0.6810699086,0.01641376119,0.8904882799,0.4124245946,0.3833760772,0.3873611904,0.1515877516,0.8519342661,0.7982073943
40.5,1,1,1,1,1,0.6522219446,0.5352906087,0.6053873176,0.4561703486,0.4081160629,0.5615997737,0.2412813329,0.2012173804,0.6798285213,0.01643232601,0.8905095148,0.411026819,0.3803900611,0.3899334722,0.1507923237,0.8522547068,0.7979145067
41,1,1,1,1,1,0.6538650948,0.5347554501,0.6071430577,0.4565688281,0.4100615201,0.5616072222,0.2422817768,0.2016023269,0.6814991495,0.01651895977,0.8912376679,0.4109340317,0.3818564982,0.3875414517,0.1496584152,0.8521902665,0.7996032307
41.5,1,1,1,1,1,0.6546578601,0.5349991013,0.6030005211,0.4539468411,0.4094686853,0.5636328392,0.2426798254,0.2013259421,0.6802682673,0.01638249066,0.8915555568,0.4116289512,0.3807421964,0.3868580796,0.1483636229,0.8518185447,0.802319148
42,1,1,1,1,1,0.6544387808,0.5342301838,0.6046244718,0.4541036347,0.4079338767,0.562239539,0.2428790843,0.20288607,0.6788787605,0.01658647574,0.8930983171,0.4137644613,0.3823451218,0.3839810505,0.1474090529,0.8524955933,0.8043293324
42.5,1,1,1,1,1,0.654119063,0.5357828884,0.6069260387,0.4538651218,0.4098740616,0.5615411771,0.2427829753,0.201138464,0.6782539921,0.01648021516,0.8935433428,0.4132644906,0.3827952911,0.3832581853,0.1467800171,0.8528850419,0.8050050161
43,1,1,1,1,1,0.6542973392,0.5360398876,0.6045972505,0.4546345377,0.4078511335,0.563182274,0.2429554304,0.2014563673,0.6795245456,0.01650232891,0.8931966062,0.4122096503,0.3794109615,0.3849359464,0.1469902416,0.8520877087,0.806756971
43.5,1,1,1,1,1,0.6539424089,0.5353781478,0.6039416455,0.4543100537,0.4065874354,0.5631673605,0.2418837908,0.2005802485,0.6782758163,0.01634166248,0.8931334137,0.4134126009,0.3789357501,0.3873758956,0.1460232337,0.8515578685,0.8081392203
44,1,1,1,1,1,0.6544958327,0.5355536901,0.6020088309,0.4541509977,0.4098367422,0.5639227486,0.2430774887,0.2009775522,0.6794285279,0.01637377294,0.8933410406,0.4114193922,0.3785231563,0.3876713984,0.1470159373,0.8506897162,0.8077948501
44.5,1,1,1,1,1,0.6534499575,0.5364688114,0.6035135432,0.4509375158,0.4098973002,0.563374751,0.2430344607,0.2020134397,0.6804371598,0.01646480526,0.8918327198,0.4135490213,0.3802277018,0.3856354002,0.1472335669,0.8505329722,0.8077980015
45,1,1,1,1,1,0.6541139492,0.5348827109,0.6046991224,0.4519304892,0.4084180077,0.5646179644,0.2446399794,0.2011595508,0.6792430291,0.01652876572,0.8907140122,0.4129726197,0.3822021722,0.3833342928,0.1475196143,0.8506542589,0.8084055666
45.5,1,1,1,1,1,0.6518710018,0.5333565258,0.6061134698,0.4521313871,0.4075101224,0.5620759668,0.2447486076,0.2023361561,0.6772098772,0.01645357315,0.8905840062,0.415104635,0.3835793708,0.3846636717,0.1477454317,0.8519345087,0.808201132
46,1,1,1,1,1,0.656232573,0.5323850087,0.6058263263,0.4536571174,0.4072408431,0.561109984,0.2447645271,0.2033634491,0.678701714,0.01653084405,0.8908097914,0.4157236374,0.383146314,0.386413183,0.1473067759,0.8520192458,0.807764752
46.5,1,1,1,1,1,0.6561115311,0.5329733047,0.6020867053,0.4510538354,0.4071872119,0.5604433537,0.2443360979,0.2033604804,0.6809764196,0.01643559247,0.8910642911,0.4140127512,0.3824229181,0.3884242402,0.1466088996,0.8510504553,0.8094743549
47,1,1,1,1,1,0.6591137326,0.5367678718,0.6026557491,0.4497275924,0.4083158766,0.5626078502,0.2434793944,0.2034815779,0.6794813359,0.01659248781,0.8902012582,0.413437376,0.3818675853,0.3872292724,0.1464521536,0.8505213714,0.8085149282
47.5,1,1,1,1,1,0.6603768938,0.5350515668,0.6050039099,0.4519081662,0.4081258557,0.5631384592,0.241656488,0.2021029507,0.6773763194,0.01660474999,0.8902559331,0.4124701497,0.3828714167,0.3876153576,0.1458577634,0.8519063993,0.8101814919
48,1,1,1,1,1,0.659415568,0.5323922489,0.6053815392,0.4514821845,0.4104854151,0.5641268328,0.2422866543,0.2008021674,0.6768354669,0.01652919677,0.8893418402,0.4118726082,0.3822580229,0.3852895285,0.1467597935,0.8516835378,0.8104371808
48.5,1,1,1,1,1,0.6560974081,0.5299657844,0.6046324465,0.454136347,0.4105326628,0.5623354663,0.2429290428,0.2011610773,0.679302399,0.01630546646,0.8897301328,0.4131964477,0.3820923351,0.3865967631,0.1470577446,0.852494262,0.8109005723
49,1,1,1,1,1,0.6548595703,0.533101766,0.6025937841,0.4529353085,0.4094931537,0.5606474134,0.2432139006,0.2012685721,0.6786570628,0.01649946694,0.8896677554,0.4124368185,0.3815922009,0.3857618528,0.1467285844,0.8518072326,0.8120573889
49.5,1,1,1,1,1,0.6562882386,0.5324956867,0.6041921984,0.4529689406,0.4098704382,0.5633125283,0.2451540075,0.2007686013,0.6764288465,0.01668991099,0.8899900822,0.4132747071,0.3818809327,0.3870355747,0.1461785356,0.8503866306,0.8130578464
50,1,1,1,1,1,0.6579242511,0.5341748736,0.6022381307,0.4528785837,0.4105898084,0.5644603556,0.2439957759,0.2009411824,0.6761286153,0.01672816775,0.8901218962,0.4134370793,0.3802168265,0.3864281495,0.1463024339,0.8492455928,0.8121735654
50.5,1,1,1,1,1,0.6544703687,0.5345489082,0.6022405827,0.4515367357,0.4079559496,0.5642940529,0.2435500394,0.2020925019,0.6801052541,0.01663190172,0.8905445431,0.4128312679,0.3785395001,0.3864572079,0.1465383953,0.8498554715,0.8130769512
51,1,1,1,1,1,0.6575400082,0.5347116726,0.6018867749,0.4503690838,0.4092773199,0.5664754781,0.2438306754,0.202580482,0.6802915335,0.01679892568,0.8914528427,0.4121595652,0.3783912208,0.3839956097,0.1475419867,0.8498370523,0.8111779217
51.5,1,1,1,1,1,0.6557227031,0.5351246173,0.6046407518,0.4511857397,0.4112325683,0.5657425986,0.2431698141,0.2027838376,0.6806872666,0.01678375086,0.8917816762,0.4104017726,0.3767347733,0.3833901887,0.1462435406,0.8493273074,0.8117455387
52,1,1,1,1,1,0.6549035819,0.5351535704,0.6049871245,0.4517953333,0.4101741774,0.5654241549,0.2450698411,0.2040689216,0.6802473056,0.01671939691,0.8913717547,0.4125419101,0.3788301873,0.3852260979,0.1465090789,0.8494631806,0.8119825791
52.5,1,1,1,1,1,0.6541817128,0.5363438631,0.6035304403,0.4523037136,0.4097673475,0.5635685934,0.2443208148,0.2033612398,0.6815821155,0.01682994533,0.891643278,0.4117855068,0.3811433041,0.3849659218,0.146260389,0.851022522,0.8112209408
53,1,1,1,1,1,0.6551354737,0.5367848547,0.6024349981,0.4532935284,0.4081218815,0.5642750415,0.2443013941,0.2041096522,0.6794469848,0.01651648595,0.8915431718,0.4125973523,0.3818326261,0.3848524978,0.1463740191,0.8511765664,0.8114937904
53.5,1,1,1,1,1,0.6576797825,0.5349920291,0.6033442989,0.4534889408,0.4086763472,0.5658066364,0.2436042519,0.2038467445,0.6785390423,0.01666183121,0.8908738654,0.4133645069,0.3820658921,0.3849132841,0.1463434444,0.851040966,0.8126897517
54,1,1,1,1,1,0.6590340489,0.5372520988,0.6020422549,0.4509208519,0.406811185,0.566479217,0.2429070896,0.2024017658,0.6808515621,0.0165998239,0.8914830013,0.4142603721,0.3831696107,0.3858677106,0.1462505057,0.8505699327,0.8122703001
54.5,1,1,1,1,1,0.6577747343,0.5379880759,0.6004932364,0.4505675069,0.4079681472,0.5627779396,0.2432674721,0.201919895,0.6826866711,0.01669685247,0.8908950471,0.4116451998,0.3830293157,0.3869202493,0.14601928,0.8511570859,0.8117011492
55,1,1,1,1,1,0.6569217488,0.5370815039,0.6033472969,0.4512006629,0.4091428043,0.5606142344,0.2451344741,0.2024949013,0.686405357,0.01679134499,0.892113634,0.4111042365,0.3818296611,0.3888238312,0.1459519013,0.8495327504,0.81181891
55.5,1,1,1,1,1,0.6587164076,0.5351243546,0.6023718663,0.4468155158,0.4108008929,0.5630725152,0.2460672505,0.2029904508,0.6846726123,0.01682727098,0.892863581,0.4121015268,0.3807531728,0.3873790402,0.1469447571,0.8487650604,0.8129593056
56,1,1,1,1,1,0.6581098506,0.5333303608,0.6032535557,0.4480106147,0.4109957074,0.56447607,0.2459101272,0.2030578879,0.6841537764,0.01694613904,0.8918511203,0.4123820737,0.3803655414,0.3859539998,0.1480387811,0.8506054089,0.8143966505
56.5,1,1,1,1,1,0.6564215681,0.5315786877,0.6031013499,0.4466461062,0.4116768287,0.5656692809,0.2441341162,0.2037903236,0.6881656235,0.01722978054,0.8908143602,0.410831574,0.3780717727,0.3854395556,0.1471582222,0.8502937728,0.8142571469
57,1,1,1,1,1,0.6559975407,0.5335380387,0.6048157877,0.4480658927,0.4120062888,0.5638282481,0.243454068,0.2009491655,0.6875991011,0.01723192181,0.8912905309,0.4107853516,0.3791753407,0.3844742165,0.1473281887,0.8513811151,0.8138997157
57.5,1,1,1,1,1,0.6539659188,0.5367016817,0.6067276091,0.4494201235,0.4103002651,0.5653037093,0.2438665759,0.2011922365,0.6866971666,0.01708997031,0.8923841074,0.4127708403,0.3802201303,0.3840911876,0.1461049142,0.8491600392,0.8119842536
58,1,1,1,1,1,0.6518077406,0.5340009565,0.6058907265,0.4522463824,0.4098007361,0.5650960583,0.2438746936,0.2025075013,0.6876073815,0.017223731,0.8931747273,0.412978794,0.3808227293,0.3822045831,0.1470683563,0.8500301342,0.8109980044
58.5,1,1,1,1,1,0.6510783099,0.5341376338,0.6059509094,0.4536137178,0.4127286708,0.5636298812,0.240927559,0.1995703781,0.6866184478,0.01704885443,0.8942176423,0.4107246666,0.3798208405,0.384390188,0.1460975904,0.8510237895,0.8112321716
59,1,1,1,1,1,0.6506350391,0.5346686883,0.6054387595,0.4546876758,0.409714719,0.5653176544,0.2420532843,0.1996545369,0.6882958675,0.01695030706,0.894268691,0.4164656524,0.3813293384,0.3859377201,0.1469137938,0.8508174317,0.8109904022
59.5,1,1,1,1,1,0.6558196302,0.5342095479,0.6041053891,0.4551374549,0.4096189619,0.5652565148,0.2425809705,0.2009483457,0.6873206857,0.01684482786,0.8945128734,0.4167524185,0.3802810986,0.3862192705,0.1478903571,0.850598198,0.8099995151
60,1,1,1,1,1,0.6569877421,0.5356198289,0.6045469013,0.4531650125,0.4089149123,0.5646926194,0.2436605038,0.1999836324,0.6874773473,0.01693262553,0.8941858039,0.415449402,0.3808506573,0.387394578,0.1468668453,0.851282895,0.8105620272
60.5,1,1,1,1,1,0.6545342859,0.5348235878,0.6028649872,0.453557188,0.4096697565,0.5634325446,0.2448457158,0.2006705215,0.6876611503,0.01714585374,0.8927414098,0.4155805192,0.3813647107,0.3892176008,0.1481219512,0.84938583,0.809874265
61,1,1,1,1,1,0.656039746,0.5354077265,0.6019112905,0.4535551205,0.4119442987,0.5646057585,0.2459225514,0.2007932783,0.6898600587,0.01701322277,0.8927452401,0.4126743063,0.3835740006,0.3881654386,0.1480997454,0.8490611238,0.810353576
61.5,1,1,1,1,1,0.6535373217,0.5349293637,0.6015133328,0.4502902339,0.4126218811,0.5628180016,0.2451739806,0.2010891105,0.6900415251,0.01690682118,0.8928211764,0.4142771896,0.3823881528,0.3882010493,0.148525389,0.8484826856,0.8085349656
62,1,1,1,1,1,0.6546309806,0.5368613715,0.6035362241,0.4489723046,0.4108397805,0.5627115616,0.2431878434,0.1997567031,0.6895223322,0.01680023536,0.8932664289,0.4156225645,0.3825391186,0.3893101044,0.148605709,0.8494079723,0.8089434508
62.5,1,1,1,1,1,0.6559084422,0.5359786391,0.6036543474,0.4478553819,0.4114030248,0.5632024908,0.2460121026,0.2006607211,0.6892875445,0.01668894808,0.8933037508,0.4133940225,0.3815215017,0.3854545983,0.1480650504,0.8489669226,0.8102953406
63,1,1,1,1,1,0.6563776524,0.5369020856,0.6011624453,0.4480379806,0.4125877879,0.56661934,0.2448280587,0.201775001,0.6924146678,0.01672414134,0.8930766649,0.4136558977,0.3829881173,0.3851728885,0.1473993256,0.8482133571,0.8101124465
63.5,1,1,1,1,1,0.6590352522,0.5359513766,0.6014936381,0.4483901702,0.4110431966,0.5675002049,0.2455626639,0.201121938,0.6930069152,0.01672525065,0.8931850431,0.4096041815,0.3794433239,0.3874452952,0.1485378568,0.8494173499,0.8106048387
64,1,1,1,1,1,0.6588267445,0.5341884876,0.6018315002,0.4519224622,0.4095112338,0.5666938244,0.2455218866,0.1999943523,0.6901629489,0.01667898498,0.8950102998,0.4100135776,0.377910824,0.3899414129,0.1481354682,0.8480815606,0.8106441451
64.5,1,1,1,1,1,0.6575787448,0.5349029083,0.6023569488,0.4523821558,0.4100666762,0.5639106784,0.2444346457,0.2019283631,0.6913752213,0.01653152405,0.8940290656,0.4110145468,0.3785887727,0.3901541128,0.1475493684,0.8486381154,0.812307552
65,1,1,1,1,1,0.6565667916,0.5352153624,0.6017663843,0.4519920975,0.409948057,0.5676767544,0.243886605,0.202568743,0.6914567585,0.01662882854,0.8939814448,0.4105513534,0.380280091,0.3892959345,0.1472771071,0.8486080126,0.8121839429
65.5,1,1,1,1,1,0.6567017515,0.5356804269,0.6036903299,0.4506411108,0.4096622071,0.5690031926,0.2461159738,0.2031301261,0.691323165,0.01642976832,0.8948609203,0.4114786266,0.3800952685,0.3860777417,0.1467730859,0.8483185199,0.8119188534
66,1,1,1,1,1,0.6546362296,0.5345911057,0.6059677333,0.4511666332,0.4114877603,0.5637359372,0.2447929123,0.2040735843,0.6916578199,0.01650263364,0.8951847003,0.4138784751,0.3827933885,0.3876309466,0.1482480495,0.8479776003,0.8124523434
66.5,1,1,1,1,1,0.6554792206,0.5350476651,0.6048664795,0.4498725996,0.4121947518,0.5643720688,0.2449888,0.2046907425,0.6925398859,0.01677882931,0.8957075546,0.4137732702,0.3828454392,0.388597242,0.1480739642,0.8479311331,0.8129837752
67,1,1,1,1,1,0.6556318442,0.5332081332,0.6052155204,0.450609359,0.4092277493,0.5630860773,0.2436399707,0.2052138352,0.6921940357,0.016825477,0.8951635864,0.4122088612,0.3826825732,0.3877950527,0.1486405308,0.848796943,0.8143616552
67.5,1,1,1,1,1,0.6567771471,0.5328051187,0.6031470348,0.4537342103,0.4079571058,0.5640894189,0.2448498452,0.205134343,0.6922805635,0.01687887303,0.8961513391,0.4135749704,0.3845327329,0.386680363,0.1472491301,0.8503486225,0.8136032847
68,1,1,1,1,1,0.6561073268,0.5319053614,0.6020636736,0.4535042605,0.4088528405,0.5672763055,0.2453649774,0.2058601805,0.6923405882,0.01713909229,0.8969706179,0.4137650554,0.3841334335,0.3832905661,0.1470217884,0.8497089809,0.8117467805
68.5,1,1,1,1,1,0.6544506554,0.5327566749,0.6041605994,0.4553731777,0.4072646642,0.566303085,0.2443756619,0.2060011267,0.6916764961,0.01734575744,0.8962214065,0.4103664153,0.384591502,0.3827859138,0.1463064356,0.8502928199,0.8128715342
69,1,1,1,1,1,0.6565501124,0.536606707,0.6022335856,0.4558337824,0.4089389155,0.564820686,0.2444598951,0.2034973888,0.6890155864,0.01733021581,0.8947577859,0.4119801205,0.3817050789,0.3831726889,0.1445332874,0.8496193687,0.813639446
69.5,1,1,1,1,1,0.6566576253,0.535641305,0.6008307135,0.4515512865,0.410022877,0.564648867,0.2444911162,0.20625545,0.6875516065,0.0172342887,0.8948628471,0.4145709094,0.3805188398,0.3811942383,0.1446988382,0.8495018197,0.8142201283
70,1,1,1,1,1,0.6565229892,0.5332289171,0.6024492261,0.4514614252,0.4115397908,0.562850826,0.2436208777,0.2063168702,0.6890665651,0.01723137181,0.8946606268,0.4147531359,0.3803291356,0.3848182007,0.1464497499,0.8495917667,0.8141277725
70.5,1,1,1,1,1,0.6597863965,0.535777276,0.6022343619,0.4482693718,0.4092289944,0.5645857775,0.2464839141,0.2055982736,0.6884570059,0.01725606959,0.8946582354,0.415106585,0.3805253326,0.3858814054,0.1473479142,0.8509255629,0.8134884614
71,1,1,1,1,1,0.6579628962,0.5365553179,0.6025601818,0.4498973414,0.409514884,0.5618707476,0.2459872668,0.2064333541,0.6889712506,0.01734455863,0.8961461878,0.4132813654,0.3806245194,0.3854194081,0.1453096588,0.8501672491,0.811885287
71.5,1,1,1,1,1,0.6589652345,0.5341876928,0.6028529928,0.4501936489,0.4097251027,0.5628878193,0.2452147416,0.2048786498,0.690797182,0.01718179821,0.8952484341,0.4150349457,0.3815615397,0.3884439305,0.144764287,0.8501032637,0.8112506352
72,1,1,1,1,1,0.658877931,0.5340276575,0.6015590898,0.4534568504,0.4103935139,0.5631747769,0.2453511024,0.204291821,0.6904514657,0.01701277329,0.8948185382,0.4153885522,0.379324756,0.3885947497,0.144699539,0.8498544637,0.8108536589
72.5,1,1,1,1,1,0.6578112538,0.5347152363,0.6019257791,0.455639932,0.4124593123,0.5637703594,0.2444690398,0.2052407191,0.6902352721,0.01717460434,0.8949214858,0.4155298696,0.3800181161,0.3871917027,0.1459512136,0.8493894851,0.8097808733
73,1,1,1,1,1,0.660006918,0.534074703,0.6047142161,0.4540155013,0.4117521272,0.5669613778,0.2433181135,0.2046730369,0.689975942,0.01715162491,0.8939859121,0.4146605227,0.3814183727,0.3854298813,0.1489033077,0.8501452914,0.810625468
73.5,1,1,1,1,1,0.659877893,0.535501323,0.6048084307,0.4538520933,0.4104416888,0.5656696207,0.2433097131,0.2031858109,0.6870920989,0.01709861774,0.8941627185,0.4149645412,0.3817378447,0.3851277633,0.14701188,0.8494061209,0.8121611434
74,1,1,1,1,1,0.6561308168,0.5359900885,0.6040181433,0.4524802062,0.4075539783,0.5658291322,0.2443610309,0.2030791185,0.684555458,0.01695716449,0.8947738037,0.4148607986,0.3835121665,0.3837676218,0.1467565384,0.8500343379,0.8118171959
74.5,1,1,1,1,1,0.6571325002,0.5366702509,0.6021046738,0.4494592752,0.4069670873,0.5671187032,0.2462175696,0.2035354596,0.6865878449,0.01689367004,0.8953339316,0.4145359694,0.3847378379,0.3833288179,0.1462462263,0.8509509057,0.8129539806
75,1,1,1,1,1,0.655825644,0.5341660567,0.6020655294,0.4505460449,0.4084834244,0.5646989107,0.247439465,0.2030008398,0.6906294321,0.01665767051,0.8953008979,0.4125490618,0.3841464794,0.3803121765,0.1456738487,0.8507609318,0.8129477059
75.5,1,1,1,1,1,0.6567154198,0.5380136627,0.6037819732,0.4498192777,0.4077176076,0.5625887512,0.2446617701,0.2038004257,0.6894243418,0.01671838014,0.893464709,0.4118225723,0.3831344815,0.3832670389,0.145248658,0.8504800149,0.8141149883
76,1,1,1,1,1,0.6539007204,0.5343978231,0.6054447905,0.4519790022,0.4103359974,0.5638490986,0.2447273175,0.2031476418,0.6899271283,0.0167306803,0.8939851775,0.4139021448,0.3807551162,0.3842564193,0.1454754687,0.8502100524,0.81399795
76.5,1,1,1,1,1,0.6533025654,0.5341965329,0.6033698134,0.4555313959,0.410583919,0.5634128868,0.2428187818,0.202273847,0.6907260257,0.01675977499,0.8928386582,0.4138010385,0.3799099149,0.3832618551,0.1471953629,0.8496838376,0.8144652699
77,1,1,1,1,1,0.6530562895,0.5311499716,0.6027172771,0.457451961,0.4098842712,0.5662483365,0.2425023404,0.2015546066,0.692844457,0.01659864678,0.8930009987,0.415012902,0.3802615446,0.3822034238,0.1477345398,0.8494477445,0.8142366846
77.5,1,1,1,1,1,0.6540988736,0.5314777391,0.6000795638,0.4537166916,0.4105151382,0.5672599549,0.2443867118,0.2019073582,0.6906581864,0.0166771069,0.8931577573,0.4105985456,0.3811578219,0.384459753,0.1486567004,0.8500956323,0.8146985949
78,1,1,1,1,1,0.6547172219,0.5332801134,0.60103931,0.4509394959,0.4089602493,0.5658103973,0.243847922,0.2020039435,0.6906062217,0.01653494823,0.8933069315,0.4104998889,0.3814302444,0.384571294,0.1474174391,0.8488383377,0.8149318439
78.5,1,1,1,1,1,0.6551141131,0.5331414187,0.6044659552,0.4510172314,0.4077958595,0.5671412119,0.2434486702,0.2013806421,0.6943210379,0.01667072957,0.8935825728,0.4098415263,0.3816156999,0.3883030616,0.1479389621,0.8502964007,0.8158661522
79,1,1,1,1,1,0.6540261321,0.533332135,0.6045537367,0.4494507213,0.4094895565,0.566745538,0.2435384161,0.2003563834,0.6933237155,0.01661818405,0.8923937902,0.4090857698,0.3815727768,0.3877952766,0.1482461706,0.8520136521,0.8156782129
79.5,1,1,1,1,1,0.6509673956,0.5338906445,0.6038185879,0.4498366108,0.4105286587,0.563068309,0.2449081012,0.2010776794,0.6909283122,0.01655092676,0.8930645786,0.4103098473,0.3830306922,0.3889880922,0.1472045483,0.8516662929,0.8157334179
80,1,1,1,1,1,0.6519057875,0.5324231508,0.6037519271,0.4512412989,0.4103885569,0.5623364937,0.2457025301,0.2019105916,0.6882007329,0.01670230756,0.8923175565,0.410594157,0.3833966998,0.3884916814,0.1475115311,0.8514466713,0.8169327205
80.5,1,1,1,1,1,0.6508009991,0.5324618813,0.6041188014,0.4526665784,0.4084617505,0.5613078488,0.2453507042,0.2007237338,0.6862117188,0.01677238918,0.8915710344,0.411799373,0.3835454227,0.3870510914,0.1478289299,0.8500545761,0.8167502261
81,1,1,1,1,1,0.6521236477,0.5334818062,0.6052566545,0.4497543617,0.4092802073,0.5601465377,0.2432307728,0.2025360254,0.6851444934,0.0167917246,0.8920801666,0.4101304111,0.3819775758,0.3865537773,0.1479727263,0.8505836787,0.8194526698
81.5,1,1,1,1,1,0.653120228,0.5335417957,0.6035012751,0.4493652497,0.409851832,0.5629547552,0.242745489,0.2010016649,0.6873097015,0.01680419238,0.8915572493,0.4118888055,0.3801066738,0.387400053,0.1483292227,0.8519014956,0.8191695467
82,1,1,1,1,1,0.6535005665,0.5328430453,0.6013459852,0.4506733679,0.4092334688,0.5632005625,0.2436032318,0.2004192968,0.6904061673,0.01673642875,0.8921819313,0.4131262862,0.3804977504,0.3887086433,0.1487342847,0.8521968281,0.8179097307
82.5,1,1,1,1,1,0.6550481232,0.5324256496,0.6017447015,0.4499336467,0.4100194742,0.5656637988,0.2441102988,0.2008499258,0.6914725972,0.01662215019,0.8915153943,0.4069840075,0.3801893819,0.3911612611,0.149596831,0.8509068959,0.8187725454
83,1,1,1,1,1,0.6536026616,0.5342686164,0.6020484117,0.4520281858,0.4112837984,0.5656662089,0.2440784195,0.2003748867,0.6884623243,0.01659199716,0.8916965513,0.4075912905,0.3801853316,0.3910219943,0.1499503312,0.8509637611,0.8205442752
83.5,1,1,1,1,1,0.6539607931,0.5357200398,0.6040739128,0.4476904096,0.4101699241,0.5658413779,0.243598673,0.2016772942,0.6860447162,0.01662545373,0.8919840668,0.4073939145,0.3828565534,0.3915698643,0.149650377,0.851302241,0.8212347247
84,1,1,1,1,1,0.6534141068,0.5366872204,0.6044560512,0.449394234,0.4096172776,0.5641204923,0.2438867477,0.2024954027,0.6845747561,0.01660508162,0.8926006796,0.4065699136,0.3800773747,0.3918949464,0.1501427861,0.8516875477,0.8227516545
84.5,1,1,1,1,1,0.6540024494,0.5353446086,0.6054310584,0.4506929009,0.4120924273,0.5638009967,0.242651997,0.2034703835,0.6857835205,0.01663127404,0.8926198625,0.4089589587,0.3785839587,0.3906526756,0.1518639591,0.8510209021,0.8240550572
85,1,1,1,1,1,0.6536461425,0.5323662977,0.6034482029,0.4498417624,0.4091671182,0.5634769458,0.2434832329,0.2026531779,0.683706961,0.01650183457,0.89243147,0.4113527323,0.3763724162,0.3887589582,0.1504693247,0.8495925685,0.8232563834
85.5,1,1,1,1,1,0.6564164268,0.5325610906,0.6036168626,0.4502939099,0.407844714,0.5618570974,0.2449142942,0.1995609748,0.6837165412,0.01647974501,0.8926833268,0.4105301047,0.377785834,0.3876287805,0.1504130153,0.8510586833,0.8225841002
86,1,1,1,1,1,0.6553221947,0.5310590401,0.6016225694,0.4490871935,0.4081501584,0.5621712405,0.2439733848,0.1986989182,0.6830099987,0.01659266886,0.8916857994,0.4113517349,0.3780350796,0.3893632073,0.1487671591,0.8515440781,0.8214275157
86.5,1,1,1,1,1,0.6543945753,0.5304191218,0.6023949186,0.4474184229,0.4062200954,0.5623977736,0.2451981728,0.1987630194,0.6846916979,0.01664381612,0.8915284157,0.4132914704,0.378436383,0.3858278673,0.1477827057,0.8510790601,0.8214528903
87,1,1,1,1,1,0.6551173834,0.5303220432,0.6012843881,0.4471595359,0.4069312798,0.5618619907,0.2457815961,0.1992893275,0.6828766127,0.0166678486,0.8923193471,0.4137724649,0.3829135787,0.3847562452,0.1481221644,0.8511900921,0.8217593562
87.5,1,1,1,1,1,0.6560087231,0.5298355678,0.6030902496,0.4476813354,0.4099994289,0.5630490129,0.2444594005,0.2008010142,0.6851253074,0.01657673855,0.8904127136,0.415557482,0.3848204658,0.3862037988,0.1466844688,0.8504693603,0.8225981736
88,1,1,1,1,1,0.6561810387,0.5314606677,0.6053059682,0.4490405305,0.4092113107,0.5626887815,0.245339527,0.2004666694,0.6816383433,0.01653331365,0.8903132887,0.4146607441,0.3868461269,0.3857901031,0.1471449571,0.8515742997,0.8224884039
88.5,1,1,1,1,1,0.6558999913,0.5305339152,0.6051123888,0.4514790188,0.4101866589,0.5615790544,0.2464319858,0.2020188225,0.6845607779,0.0165835927,0.8914333929,0.4123742061,0.3869628135,0.3852407238,0.1463202838,0.8514903463,0.8216504071
89,1,1,1,1,1,0.655107467,0.5316044899,0.6030140047,0.451799312,0.4078398302,0.5618637479,0.2464482564,0.2015226415,0.6844417974,0.01640697649,0.8918133212,0.4135210337,0.3866452411,0.3876499691,0.1474830439,0.8512954608,0.8217461323
89.5,1,1,1,1,1,0.655117012,0.5336756934,0.6008788695,0.4506198928,0.4079177203,0.5635265778,0.2480632039,0.2013409261,0.6851894075,0.01650246608,0.8917451155,0.4135869909,0.3850373224,0.3850730632,0.148672808,0.8515031468,0.8218463574
90,1,1,1,1,1,0.6575517185,0.5337590594,0.6016844168,0.4492242843,0.4073376009,0.564708232,0.2470890577,0.2029198698,0.6834590786,0.0166181148,0.8909493735,0.4139386822,0.3862007956,0.3877780198,0.1482099177,0.8521501984,0.8234632682
90.5,1,1,1,1,1,0.6589979445,0.5341080242,0.6041682022,0.4490003009,0.4101631365,0.5643883303,0.246285007,0.2018699193,0.6831938212,0.0165724698,0.8911105314,0.4136519912,0.3853917746,0.3871010359,0.1485712587,0.8519776609,0.8231079155
91,1,1,1,1,1,0.654489814,0.5328707081,0.6047401061,0.4492585695,0.4092746092,0.5624388937,0.2450948385,0.2040557159,0.6839507494,0.0165391105,0.8912034313,0.412374375,0.384386038,0.3888616356,0.1494004692,0.8511972955,0.8244037811
91.5,1,1,1,1,1,0.6551109859,0.5330471295,0.6050668552,0.4517414408,0.4079576683,0.5620496754,0.2445070627,0.204298371,0.6849551334,0.01653697481,0.8911536099,0.4151097492,0.3825007945,0.3877574629,0.1489917852,0.8520782039,0.824212824
92,1,1,1,1,1,0.6543017465,0.5307948426,0.6065112412,0.4522400255,0.4085621212,0.5610074707,0.2446013381,0.2038129375,0.6854754878,0.01664566656,0.8905251847,0.4150685223,0.382394843,0.3877831888,0.1483811247,0.8517160597,0.8245822003
92.5,1,1,1,1,1,0.6536140335,0.5325326598,0.6044981068,0.4524504027,0.4093666312,0.5592486508,0.2420820468,0.2024849818,0.6850405923,0.01672399228,0.8901956298,0.4136258252,0.383707412,0.3890245492,0.1480705352,0.8511182746,0.8242578398
93,1,1,1,1,1,0.6529571584,0.5333913138,0.6060969814,0.4545524785,0.4100970992,0.5596368147,0.2429534748,0.201124707,0.6822374702,0.0167467282,0.8913507024,0.4123977658,0.3842843265,0.3894514137,0.1483755239,0.8512914763,0.8252674892
93.5,1,1,1,1,1,0.6530108961,0.5356048184,0.6045211112,0.4552053592,0.4113910453,0.5623781855,0.2433418838,0.2010763725,0.6818894762,0.01670950412,0.8908358716,0.4143849588,0.3848746028,0.388920792,0.1485193935,0.8508392694,0.8264456494
94,1,1,1,1,1,0.6524355093,0.535398412,0.6037915664,0.4538987736,0.4107705028,0.5618179234,0.2437574301,0.2011272056,0.6823309421,0.01679175669,0.8913176665,0.413038849,0.3833862184,0.3876593519,0.1476328974,0.850882609,0.8269578276
94.5,1,1,1,1,1,0.6546279215,0.5354836913,0.606827926,0.4547626187,0.4107313767,0.5619211091,0.24523464,0.2004954386,0.6817866091,0.01682916763,0.8908300205,0.4122172502,0.3812127324,0.3885651511,0.1480118676,0.851297751,0.8272044956
95,1,1,1,1,1,0.654534875,0.5357132317,0.6043002668,0.4540390165,0.4107967562,0.5610178093,0.2454104053,0.2028202939,0.6827976697,0.01674887417,0.8912892121,0.4155438912,0.38155573,0.3900353374,0.1480886424,0.8513297443,0.8265623356
95.5,1,1,1,1,1,0.6529127793,0.5357658075,0.6038226038,0.4564285605,0.4121197579,0.5627924227,0.244333859,0.2029764084,0.6815817932,0.01654565156,0.8911436127,0.4149995452,0.3823920127,0.3897193104,0.1496893339,0.8515879618,0.8260960377
96,1,1,1,1,1,0.6565015,0.5329646138,0.6026441656,0.4554714065,0.4104986779,0.5622690954,0.2424303523,0.2039746729,0.682064935,0.01660844483,0.8912268118,0.413485853,0.3832919396,0.3865997408,0.1491641914,0.8507706174,0.8271725858
96.5,1,1,1,1,1,0.6547714083,0.5332620626,0.6039607765,0.4548064414,0.408465503,0.5623686461,0.2415213859,0.2037009172,0.6850849894,0.01652466878,0.8908713817,0.4148263175,0.3816564253,0.3848997418,0.1499323623,0.8503890488,0.8246113856
97,1,1,1,1,1,0.6556556203,0.5334682274,0.603334456,0.4549119499,0.4126715342,0.5636997166,0.2410871851,0.2043674844,0.6812296966,0.01657843187,0.890724307,0.415251613,0.3852174708,0.3841372129,0.147888388,0.8511413219,0.8232782615
97.5,1,1,1,1,1,0.6561051817,0.533032125,0.6051008728,0.4545017923,0.4127805442,0.5628832026,0.2420533716,0.2033517267,0.6809136117,0.01669606867,0.8909804515,0.4141941753,0.3819698878,0.3834224812,0.1487549606,0.8520619684,0.8232368224
98,1,1,1,1,1,0.6581220109,0.5331935112,0.6052265635,0.4506908769,0.4099775521,0.5614588897,0.2426319764,0.2024672721,0.6817039713,0.01678033294,0.8899672575,0.4159580887,0.3802758139,0.383407701,0.1490037541,0.8495330796,0.8221042203
98.5,1,1,1,1,1,0.6574632755,0.5343245947,0.6041143364,0.4508708107,0.4079192481,0.5608847417,0.2442602187,0.2039875077,0.6818018786,0.01678173227,0.8914571706,0.4167220245,0.3785091526,0.3819621748,0.1488205107,0.849823422,0.8237128859
99,1,1,1,1,1,0.6613481741,0.5348185607,0.6034161363,0.44927991,0.4089171004,0.5620160539,0.2425440355,0.2032301851,0.6833045226,0.01691329417,0.8909680436,0.4157688041,0.3811660503,0.3841695811,0.1491673835,0.8516845503,0.8246415232
99.5,1,1,1,1,1,0.6602845301,0.5350455347,0.6035800725,0.4477261101,0.4076813676,0.5632311967,0.2439059869,0.2043960135,0.6805333883,0.0168803469,0.8908979983,0.4167259563,0.3805468409,0.3841037623,0.149135319,0.8519928898,0.8255080609
100,1,1,1,1,1,0.6587540462,0.5354297952,0.6029993792,0.4494145823,0.4102929986,0.5654567548,0.242501758,0.2046203272,0.682153714,0.01683812406,0.8908136854,0.4142430374,0.3828622483,0.3841284928,0.1471621198,0.850259838,0.8256919936
100.5,1,1,1,1,1,0.6574067036,0.5339910894,0.5994526352,0.450388436,0.4112203118,0.564455202,0.2453298457,0.2048439285,0.6848599783,0.01690914502,0.8911090467,0.4120007262,0.3820860799,0.3838684601,0.1476349607,0.8512756932,0.8261106456
101,1,1,1,1,1,0.6569054817,0.5333421555,0.6047617967,0.44952321,0.4095681135,0.5666878797,0.2436038963,0.2052960097,0.6850511393,0.01701929232,0.8925550672,0.4119429528,0.3815481907,0.3841776016,0.1478504496,0.8521705227,0.8259064767
101.5,1,1,1,1,1,0.6560040315,0.5341593675,0.6019613857,0.4512075571,0.4116966631,0.5679041119,0.2437145303,0.2044791335,0.6862279516,0.0169161454,0.8925281183,0.4105563493,0.3796735596,0.3865110457,0.1485264992,0.8503607234,0.8266188209
102,1,1,1,1,1,0.6563656581,0.5320964478,0.6037084807,0.4499138185,0.4119774858,0.567119451,0.2416744713,0.2035157088,0.6870442472,0.01682424414,0.8918847277,0.4112243462,0.3839428154,0.3854742292,0.1493094801,0.8494385354,0.8249952041
102.5,1,1,1,1,1,0.6572097902,0.5322734664,0.6036407339,0.4494199313,0.4085814718,0.5684663425,0.243757437,0.2040422928,0.687646483,0.01680333595,0.8920507639,0.4119084289,0.382211315,0.3822622776,0.1494279756,0.8499740749,0.8231685936
103,1,1,1,1,1,0.6553644569,0.5321591319,0.6041964475,0.4506623857,0.4080840798,0.5662289257,0.2428339337,0.2025498203,0.6875744545,0.01674541416,0.8915764197,0.4113546591,0.3808057448,0.3837593706,0.1492594706,0.849953088,0.8243094656
103.5,1,1,1,1,1,0.6563196236,0.5344882896,0.6053758603,0.4511512624,0.4076914902,0.5658190565,0.2443155446,0.2030165497,0.6905453096,0.01677593577,0.8930421271,0.4124780516,0.3801438079,0.387263846,0.1481732412,0.84994549,0.8232568916
104,1,1,1,1,1,0.6571809562,0.5325654062,0.6045487341,0.4492034217,0.407996222,0.5644728999,0.2424271137,0.2000226144,0.6910097098,0.0168995128,0.892287458,0.4110730975,0.3800637053,0.3878913588,0.1475532365,0.8492929368,0.8232240103
104.5,1,1,1,1,1,0.6562948833,0.5318518054,0.6054258714,0.4483603725,0.4107069128,0.5644857135,0.2441162067,0.2010551775,0.6911665722,0.01671951407,0.8926415743,0.4106944158,0.3767638736,0.387446289,0.1478446173,0.848855398,0.8232960287
105,1,1,1,1,1,0.6533866824,0.5315693165,0.6025313201,0.4478670858,0.4120573823,0.5655367662,0.2438487764,0.2005046785,0.6892560498,0.01670758884,0.8922308555,0.4110775836,0.3768147,0.3869528455,0.1479374117,0.8508538261,0.8227318435
105.5,1,1,1,1,1,0.6556814426,0.5329779962,0.6018143363,0.4499019592,0.4129923259,0.5643968968,0.2432526817,0.200837304,0.6855939132,0.01683539523,0.8913867584,0.4138674096,0.3755962232,0.385558562,0.1485384739,0.8509817706,0.8231121446
106,1,1,1,1,1,0.6571751089,0.5345681675,0.6025522771,0.4492402889,0.4079260336,0.5644127894,0.2438946251,0.2011985444,0.6839218829,0.01681458719,0.89204434,0.4131904148,0.3774604073,0.3845904718,0.1481732182,0.8512820633,0.8227797289
106.5,1,1,1,1,1,0.6565439577,0.5368044312,0.6025536681,0.4495633016,0.4078269706,0.5613372094,0.243822999,0.2008759662,0.6855043259,0.01673633709,0.8935146985,0.4126075501,0.378124654,0.3860838951,0.1492461529,0.8526078285,0.8231924911
107,1,1,1,1,1,0.6550403653,0.5364834475,0.6040738466,0.4495457315,0.4083271492,0.5600968312,0.2427182065,0.2008066655,0.6856106686,0.01663272129,0.8940427765,0.4135546156,0.3797140767,0.3847557261,0.148511958,0.8510895706,0.8240484044
107.5,1,1,1,1,1,0.6566943295,0.5354441744,0.602820831,0.4488331537,0.4075637631,0.5619532884,0.2445791194,0.1997287735,0.6844041787,0.01667777548,0.8925058238,0.4149843915,0.3804669547,0.3847268117,0.1470620277,0.8503508753,0.8230614755
108,1,1,1,1,1,0.6547156176,0.5378771238,0.6025429748,0.4512156385,0.405687885,0.5637287664,0.2446848161,0.2004352572,0.6848711142,0.01659081226,0.8933390107,0.4150741946,0.3805431471,0.383092384,0.1462117341,0.849988557,0.8205479367
108.5,1,1,1,1,1,0.6549854113,0.5360390407,0.6034066057,0.4514297266,0.4089524857,0.5645022742,0.2453420212,0.2006587783,0.6857623671,0.01637539355,0.8930140063,0.4111551815,0.3821116594,0.3838775231,0.1462715255,0.8497240267,0.8195350235
109,1,1,1,1,1,0.6550331658,0.5331740074,0.6008887639,0.4527969584,0.4080474272,0.5652897493,0.2459610936,0.2007542792,0.6898976033,0.01647805304,0.8931042065,0.4110980485,0.3820765909,0.3825911398,0.1452695567,0.8497074652,0.8200689731
109.5,1,1,1,1,1,0.6547900159,0.5344808738,0.6028847403,0.4520207561,0.409257248,0.5630743003,0.2459672684,0.2013403562,0.6875104559,0.01656769916,0.8931151162,0.4123815494,0.3841975449,0.3845269312,0.1444231235,0.8494586453,0.819625195
110,1,1,1,1,1,0.6535235887,0.5339712475,0.6034791457,0.4497800393,0.4080119781,0.5636298685,0.245997773,0.1997102723,0.6842509142,0.01654720181,0.8931025327,0.4118924321,0.3841382779,0.3833903395,0.1443559958,0.8494814835,0.8213969784
110.5,1,1,1,1,1,0.6524841554,0.5359475115,0.6039441134,0.4498264391,0.4086303577,0.560068161,0.2447184516,0.1998640574,0.6814298407,0.01661013609,0.8918338981,0.4111615933,0.3847891353,0.3847418808,0.1446232659,0.8489042037,0.8207545381
111,1,1,1,1,1,0.6519652796,0.5338954522,0.6054878274,0.4509345093,0.4087135611,0.5608949071,0.2440697604,0.201796784,0.6793861665,0.01654520014,0.8913097195,0.4123454687,0.3820925741,0.3869997739,0.1451056874,0.8500791387,0.8194903217
111.5,1,1,1,1,1,0.6499433089,0.535259662,0.6035951381,0.451794815,0.4085782623,0.5607391969,0.2436535382,0.2034049465,0.6821880487,0.01693100436,0.8913869808,0.4143226236,0.3840019381,0.3860017914,0.1458206176,0.8484697089,0.818958244
112,1,1,1,1,1,0.650220893,0.5344696989,0.6039668625,0.4539287769,0.4083092553,0.565265671,0.2424857749,0.2039322481,0.6805657448,0.01680882994,0.892100361,0.411520643,0.3836144162,0.3867887734,0.1460459376,0.8488874405,0.819151223
112.5,1,1,1,1,1,0.6517092485,0.5357333699,0.6014957869,0.4554272005,0.4093935171,0.5621786301,0.2437824411,0.2021831931,0.6793433561,0.01686689365,0.891952063,0.407591575,0.3839610592,0.3857646481,0.1462945427,0.8477721917,0.8203956268
113,1,1,1,1,1,0.6538245711,0.5371843478,0.6019384818,0.4539079774,0.4091776927,0.5607712686,0.2428913637,0.2015655477,0.6776942311,0.01678485489,0.8927121131,0.4072604718,0.3829892017,0.3866167938,0.1465275273,0.8480363937,0.8223938206
113.5,1,1,1,1,1,0.6540973033,0.5341960061,0.6033042642,0.4510046372,0.4096267393,0.5607293634,0.2438799538,0.2012005916,0.6793382143,0.01674100053,0.8928043038,0.407720728,0.3814308738,0.3864490171,0.1480696393,0.8481885952,0.8211650558
114,1,1,1,1,1,0.6549723476,0.5349929391,0.6039622901,0.4513412089,0.4081015181,0.5627294662,0.2418070173,0.2022864393,0.6764752482,0.01686202018,0.893329649,0.4108372228,0.3816482663,0.3845382925,0.1487269687,0.8485952928,0.8212993293
114.5,1,1,1,1,1,0.6545432116,0.5343813913,0.6004823149,0.4514311441,0.4086271495,0.561059712,0.2424069763,0.2024043944,0.676939132,0.01670255294,0.8925378625,0.4102440948,0.3808867347,0.3832765854,0.1476575376,0.8478885553,0.8199823916
115,1,1,1,1,1,0.652848369,0.5347116681,0.6026319257,0.4500614931,0.407106328,0.5610199071,0.2434742298,0.1996974037,0.6777454667,0.01694451831,0.8914539276,0.4118092287,0.3825587941,0.3817319874,0.1455324712,0.8481742485,0.8190920496
115.5,1,1,1,1,1,0.6555457107,0.5347249012,0.6018664522,0.4524778166,0.4074409512,0.5592626438,0.2422415171,0.2017710803,0.6770439703,0.01680723664,0.8905338199,0.4127342544,0.3853952564,0.3826166883,0.1457819461,0.8488379928,0.8185021948
116,1,1,1,1,1,0.6543075511,0.5364261764,0.6015663219,0.4489539778,0.4084437869,0.5608064136,0.242115034,0.2015612246,0.6770484802,0.0166132789,0.8902256834,0.4131146991,0.3835507836,0.3837146389,0.1468867708,0.8486958423,0.8182858882
116.5,1,1,1,1,1,0.6548021443,0.5343461428,0.603219693,0.4499660182,0.4073011914,0.5609952179,0.2426042211,0.2001858026,0.6785446598,0.01633417816,0.8894147799,0.4136892918,0.37936293,0.3811710826,0.1459348653,0.8495191996,0.8183933724
117,1,1,1,1,1,0.6543372846,0.5357372493,0.6023207157,0.4494709698,0.4076297453,0.560057479,0.2430630429,0.2009584376,0.6811252559,0.01633094709,0.8890773192,0.4118801561,0.3779396288,0.3811208698,0.1458586649,0.8497851791,0.8189230572
117.5,1,1,1,1,1,0.6557214535,0.5377518921,0.6036803929,0.4492334845,0.4056861815,0.5608900892,0.2419110624,0.2030342866,0.6815424632,0.01645546452,0.890270845,0.4143727367,0.3795801503,0.3835592748,0.1462064974,0.8498744061,0.8181214321
118,1,1,1,1,1,0.6552548747,0.5373852337,0.6034406319,0.448838335,0.406167377,0.560307163,0.2436139794,0.2022670795,0.679011292,0.01653104657,0.8895616778,0.4155682297,0.380831847,0.3853265633,0.1474525205,0.8512779679,0.8180216702
118.5,1,1,1,1,1,0.6557775753,0.5364949797,0.6048892974,0.4502885361,0.4061341988,0.5599915245,0.2427117255,0.2030466053,0.6794033733,0.01650632485,0.8909390014,0.4147338187,0.3817789226,0.3856071385,0.1479114189,0.8507407997,0.8158031306
119,1,1,1,1,1,0.6554837958,0.5356927895,0.6013988601,0.4515567165,0.4096313844,0.5613341158,0.2447292518,0.2043143521,0.6801892524,0.01662125206,0.8915793356,0.412753025,0.380926756,0.3860461469,0.1472541331,0.8495571454,0.8157403222
119.5,1,1,1,1,1,0.6554853008,0.5361854274,0.6014278892,0.4531851176,0.4117984352,0.5643553046,0.2448946615,0.2026128063,0.6808167725,0.01669090765,0.8912829062,0.4124921701,0.3787327657,0.3870797635,0.1484704675,0.8485219868,0.8151710595
120,1,1,1,1,1,0.6550625178,0.537589453,0.6020169673,0.4510925165,0.4107667239,0.5670018213,0.2445103565,0.2018551685,0.6834404789,0.01666717571,0.8915536435,0.4117172344,0.3788762465,0.3865182681,0.147991993,0.849687504,0.8181288957
120.5,1,1,1,1,1,0.6548567975,0.5370126022,0.6031984674,0.4540296776,0.4092720166,0.5658471116,0.244857197,0.2009276559,0.684164475,0.01658102471,0.8916311817,0.4122358176,0.3786108802,0.3883456843,0.148555096,0.8496673969,0.8174705083
121,1,1,1,1,1,0.6554542735,0.5376189574,0.6041428445,0.4534263189,0.4068644437,0.5657363721,0.2419419693,0.2020552091,0.6828113411,0.01658543312,0.892997042,0.4139997947,0.3803505633,0.3877582155,0.1501591485,0.8496917312,0.8179357186
121.5,1,1,1,1,1,0.6559640629,0.532917653,0.6058715237,0.4514200617,0.4061898588,0.5639366043,0.2443872805,0.2025290959,0.6829654017,0.01662397274,0.8928188352,0.4159292292,0.38345747,0.3878908259,0.1483358689,0.8498958583,0.8178668479
122,1,1,1,1,1,0.6578607353,0.5339719253,0.6039635676,0.4522747919,0.4089300683,0.5636273532,0.2447780759,0.2034345534,0.6829212583,0.01666108676,0.8932320639,0.4132879086,0.3831499316,0.3864108032,0.1486883009,0.8511962968,0.8197414758
122.5,1,1,1,1,1,0.6568115144,0.5371108015,0.6028047871,0.4540353408,0.4100656344,0.5646385703,0.2413478226,0.2045222408,0.6830645688,0.01666698448,0.8936740946,0.4131508481,0.3832880028,0.3848548324,0.1476751965,0.8510363492,0.8189085023
123,1,1,1,1,1,0.6572584797,0.5369437017,0.6017972938,0.4539420316,0.4117644053,0.5635140165,0.2393849275,0.2044346025,0.6831488363,0.01666657611,0.893839681,0.4113548049,0.3820056648,0.3868025233,0.1475202418,0.8505443219,0.8191461147
123.5,1,1,1,1,1,0.6594021471,0.5374067777,0.6033819049,0.4511626449,0.4099439038,0.563255438,0.2404397434,0.205847465,0.6827554665,0.01666589932,0.8941141555,0.4100988179,0.380780887,0.3848579626,0.1463120959,0.850108962,0.8183535538
124,1,1,1,1,1,0.656116244,0.5379123199,0.6048908779,0.4532869743,0.412013399,0.5642985637,0.2398399683,0.2053285657,0.6828853628,0.01653721808,0.8947679545,0.4106283168,0.382644764,0.3854579121,0.147478276,0.8498420087,0.8206350753
124.5,1,1,1,1,1,0.6562078985,0.5353385949,0.6027217338,0.4528907786,0.408497124,0.565739413,0.2413699297,0.2037726061,0.6821294664,0.01655171411,0.8945308427,0.4106272225,0.3839993155,0.383739502,0.1462286298,0.8489432761,0.8184338787
125,1,1,1,1,1,0.6565186182,0.5349730963,0.6019258504,0.4518817519,0.408273808,0.5617649768,0.2416896111,0.2038971258,0.6822060538,0.01664966707,0.8945776621,0.4088226615,0.3841344769,0.383331692,0.1468743307,0.8483049369,0.8186110698
125.5,1,1,1,1,1,0.6561064545,0.5352228253,0.6013628859,0.4498707891,0.4063096922,0.5628162398,0.2391045336,0.2021933914,0.6841200989,0.01653752718,0.8945946995,0.4107135343,0.3835757553,0.3841673385,0.1474569969,0.8483573271,0.8176598151
126,1,1,1,1,1,0.6561181978,0.5363924674,0.6023911262,0.4513108122,0.4089473939,0.5621966483,0.2410338938,0.202421535,0.6872710572,0.01642490243,0.8941539474,0.4141764693,0.3824036165,0.3871308606,0.1475040236,0.8475609623,0.8178263558
126.5,1,1,1,1,1,0.6550999762,0.5338091407,0.6036188614,0.4532395303,0.4095009865,0.5628034582,0.2426441191,0.201205889,0.6879896396,0.01636965529,0.8935759624,0.4140863471,0.3820952714,0.3853655798,0.1470779941,0.8475672733,0.8192872471
127,1,1,1,1,1,0.6560674216,0.5340034214,0.604369221,0.4526217121,0.4103789361,0.5633357511,0.2432456326,0.2014131855,0.6889602537,0.01636627848,0.8937581736,0.415457563,0.3844127633,0.3855517425,0.1474677671,0.8459787206,0.8183179395
127.5,1,1,1,1,1,0.6568934544,0.5363222212,0.6043636019,0.4515400584,0.4092422648,0.5634488929,0.2448558938,0.2011813869,0.6882956168,0.01644539788,0.892941637,0.4153451701,0.3852794941,0.3862601679,0.1453217686,0.8459291634,0.819732782
128,1,1,1,1,1,0.6566569576,0.5331520906,0.6020737981,0.4545962701,0.4079740079,0.5641289827,0.2435184291,0.2028483082,0.6859232099,0.01646648222,0.892557592,0.4171922067,0.3874271021,0.3867052705,0.1469740318,0.8484474736,0.8198265171
128.5,1,1,1,1,1,0.6559997277,0.5338881773,0.6037313545,0.4518381116,0.4058893572,0.5669972851,0.2440254163,0.2036415327,0.6849836262,0.01657671207,0.8919121286,0.4157294217,0.3862260686,0.3866952329,0.1471066904,0.848407753,0.8175283307
129,1,1,1,1,1,0.655856475,0.5346943048,0.6055467723,0.4531818795,0.4073776617,0.5634701686,0.244244438,0.2029898245,0.6856864468,0.01676685934,0.8908906319,0.4175171857,0.3879328906,0.3866207419,0.1470528601,0.8485071645,0.8186964246
129.5,1,1,1,1,1,0.6580659541,0.5315792502,0.6052290991,0.4536843681,0.4101136595,0.5636263056,0.2422733199,0.203177446,0.6876017058,0.01671401865,0.8922860692,0.4147237757,0.3855689181,0.3860362571,0.1479460455,0.8476551983,0.8175728933
130,1,1,1,1,1,0.6549304842,0.533101116,0.6050965576,0.4552310883,0.409115877,0.566248921,0.2441246554,0.2021417124,0.6868724492,0.0167214178,0.8924030277,0.4132197995,0.3841368336,0.385816101,0.1477377815,0.849549632,0.8166210108
130.5,1,1,1,1,1,0.6590111592,0.53224152,0.6025260439,0.4514422636,0.410413063,0.5682015567,0.2450648221,0.2020535241,0.6860657735,0.01669131475,0.8917473534,0.4175145917,0.3832845945,0.3865282236,0.1490655368,0.8499907542,0.8161437848
131,1,1,1,1,1,0.6598992715,0.5335388152,0.601174794,0.4516335755,0.4117023799,0.564442694,0.2459042709,0.2035326933,0.6880614123,0.01684119311,0.8921456223,0.4172787131,0.3836536373,0.385226861,0.1483491424,0.8494930939,0.8166374683
131.5,1,1,1,1,1,0.6593562737,0.5343663787,0.6003722258,0.4525716793,0.4091980153,0.5661403493,0.2462702687,0.2017496568,0.6895543751,0.01691694069,0.8928539183,0.4152503974,0.3863180807,0.383243842,0.1475617309,0.8506441478,0.8171073029
132,1,1,1,1,1,0.6605342078,0.5325121668,0.6017820884,0.4506625061,0.4084111876,0.5673948761,0.2451461895,0.2027360435,0.6890634926,0.0168569254,0.8925898224,0.41397538,0.3841368855,0.3871959139,0.1473983824,0.8506564037,0.8190176572
132.5,1,1,1,1,1,0.6594361514,0.5337265738,0.6010906393,0.4492773081,0.4099286776,0.5655986657,0.2453140075,0.2047651469,0.6876525458,0.01695826249,0.8930507805,0.4108665873,0.3847325238,0.3872109753,0.1484124404,0.8512389668,0.8165527195
133,1,1,1,1,1,0.661360758,0.5367001134,0.5994739576,0.4491205644,0.4105360305,0.5656680257,0.2462575797,0.2032790067,0.6885230499,0.01704170567,0.8918690073,0.4115086705,0.3815530172,0.385567748,0.1480515893,0.8504096751,0.8168158106
133.5,1,1,1,1,1,0.6601650791,0.5352084294,0.6000068421,0.4494452137,0.4100524374,0.5648091446,0.2452214206,0.205902838,0.6885820471,0.01710738458,0.8916820738,0.4121864454,0.3804419283,0.3848274703,0.1480740227,0.8515561827,0.8165239731
134,1,1,1,1,1,0.6609577245,0.5339083153,0.600913704,0.4502648159,0.4112333979,0.5648445499,0.2444355432,0.2045984977,0.6878319965,0.01701382648,0.8911809129,0.4108030497,0.3815418058,0.3849195442,0.1493999666,0.8506401499,0.8158685943
134.5,1,1,1,1,1,0.6594969047,0.5321343985,0.6022571071,0.4502000176,0.4089917401,0.5663537323,0.2446676365,0.2050359914,0.6861140443,0.01685671047,0.8919429655,0.4097985089,0.3831585719,0.3855533982,0.1484898494,0.8502521703,0.8166717612
135,1,1,1,1,1,0.6566721581,0.5326605785,0.6016737555,0.4522698527,0.4083778901,0.5662197233,0.2443127533,0.2035079783,0.6870206872,0.01690790525,0.8924522026,0.4109846186,0.3811652873,0.3866622512,0.1475652797,0.8492804202,0.8176953916
135.5,1,1,1,1,1,0.658676046,0.5317778889,0.6047857795,0.4519257313,0.4071415682,0.5655099196,0.2449925742,0.2041600552,0.687198229,0.01704730219,0.8922195982,0.4095475742,0.3813335817,0.3867405745,0.1465582056,0.8501359828,0.81795853
136,1,1,1,1,1,0.6566443603,0.5318869044,0.6052038736,0.4547254227,0.407568781,0.5652838946,0.2455276547,0.2045390854,0.6888021889,0.01691292456,0.8921966745,0.4109327646,0.3822228495,0.3872341238,0.1475320586,0.8509630331,0.817026605
136.5,1,1,1,1,1,0.6549434421,0.5337095559,0.6032302455,0.4524153481,0.4092201917,0.5634127023,0.2471005308,0.2027203744,0.688558979,0.01699272154,0.8925709071,0.4117501975,0.3808012896,0.3869978016,0.1468328339,0.8520691302,0.815426161
137,1,1,1,1,1,0.6564241472,0.5328260018,0.6050083382,0.4535084613,0.4091990925,0.5624056868,0.2468752299,0.2028335487,0.6905118934,0.01707367445,0.8922713228,0.4130277142,0.3796736361,0.3842866927,0.1462688176,0.8520042119,0.8153274552
137.5,1,1,1,1,1,0.6563215829,0.5345710425,0.607003866,0.455076013,0.4077262766,0.5664312214,0.2474380218,0.2029937306,0.6866150095,0.01696339419,0.892573445,0.4154650137,0.3790895889,0.3868981357,0.1461825559,0.8521168951,0.8165328352
138,1,1,1,1,1,0.6545474998,0.5339701748,0.6049477066,0.4520573912,0.4075788302,0.5651363003,0.2490756285,0.2037393375,0.6848108547,0.01703474847,0.8938235904,0.4155623994,0.3793487462,0.3875691967,0.1480631205,0.8510367232,0.8165442471
138.5,1,1,1,1,1,0.6550090917,0.5345782108,0.6047532872,0.4538506428,0.40755767,0.5659454851,0.2482632709,0.204628457,0.6856907944,0.01694791105,0.8951679322,0.4131988334,0.3813764526,0.3870800181,0.1478423549,0.8509337882,0.8148121756
139,1,1,1,1,1,0.6540608075,0.5342709457,0.604007763,0.4567163794,0.4069821501,0.5645327545,0.2479338391,0.206837699,0.685107332,0.0167937441,0.8943654057,0.4129424984,0.3826114506,0.3876762173,0.1470017005,0.851250318,0.8151748379
139.5,1,1,1,1,1,0.6539545536,0.5350629773,0.6033856673,0.45701248,0.4118559232,0.5621734016,0.2452886435,0.2055916825,0.6873201656,0.01665348761,0.8947594469,0.4148418914,0.3810581679,0.3871107929,0.145163481,0.8532648489,0.8154982985
140,1,1,1,1,1,0.6552013105,0.532591543,0.6039106878,0.4550635991,0.4100165277,0.5607504899,0.2450179566,0.2047443026,0.6884000055,0.01671645423,0.8937627976,0.4127516741,0.3813120233,0.3856895835,0.1466369901,0.8532625785,0.8169677021
140.5,1,1,1,1,1,0.6562177617,0.5321677177,0.6038315457,0.4529258232,0.4107492837,0.5620729201,0.2451152959,0.204515463,0.6896327973,0.01681018122,0.8947302751,0.4145331794,0.3811747673,0.385898646,0.1468456139,0.8518758211,0.8174680558
141,1,1,1,1,1,0.6542972026,0.5316762446,0.6058569588,0.4531313387,0.4074674357,0.5606311359,0.2447537222,0.2030753947,0.6881146859,0.01685906961,0.8948576726,0.4142916462,0.3826225729,0.3848201026,0.1473170867,0.8512451482,0.8180426099
141.5,1,1,1,1,1,0.6563835664,0.5339038438,0.6050419895,0.4538405063,0.4089277483,0.5619972112,0.2447446316,0.2040562552,0.6890276983,0.01691190104,0.8947338267,0.4117244229,0.3845075551,0.3869471342,0.1478934186,0.850453744,0.8187834896
142,1,1,1,1,1,0.6539543456,0.5315338213,0.6035059425,0.455668691,0.4094273394,0.5632805354,0.2446672908,0.2039622326,0.6871399897,0.01711068914,0.8952156509,0.4125680784,0.3851979884,0.3856806712,0.1484920704,0.849757875,0.8169800002
142.5,1,1,1,1,1,0.6528774037,0.5326345954,0.6022253566,0.4525240958,0.4104549815,0.5628225649,0.2452389003,0.2036690492,0.6878432566,0.01692541646,0.8948798019,0.411605477,0.3833079324,0.385399979,0.147612834,0.849988696,0.8191380128
143,1,1,1,1,1,0.6515229158,0.5321633031,0.6050321602,0.4525457256,0.4116641515,0.5636617403,0.2431151802,0.2029044986,0.6863404137,0.01683852886,0.8939524571,0.4127692349,0.381188255,0.3837186498,0.1484754686,0.8497113757,0.82069638
143.5,1,1,1,1,1,0.6513849659,0.5322204339,0.6064024829,0.4514100719,0.4121328513,0.563944039,0.244649611,0.2043312927,0.6856583528,0.01704250259,0.8933850696,0.4122122348,0.3813746595,0.3849306182,0.147633355,0.8502770446,0.8202388156
144,1,1,1,1,1,0.6512470738,0.5311666459,0.6065743204,0.4553738824,0.4101493213,0.5664309175,0.2422039084,0.2043516008,0.6854878351,0.01718613784,0.8930834217,0.4139000402,0.3806272684,0.385930313,0.1473921779,0.8519618593,0.8202477716
144.5,1,1,1,1,1,0.6506595942,0.5339922927,0.6062658261,0.4523728852,0.4081072145,0.5655967373,0.2423204055,0.2030174399,0.6867995271,0.01713100318,0.8926584369,0.4140322486,0.3786485358,0.386881952,0.1467153981,0.8523294898,0.8196977599
145,1,1,1,1,1,0.653565388,0.5373958925,0.6052010245,0.4536646633,0.4093786055,0.5659318922,0.2408383396,0.2040157768,0.6843110499,0.01715472081,0.8914632932,0.414071361,0.3782179568,0.389778727,0.1456942538,0.8510180555,0.818580521
145.5,1,1,1,1,1,0.654548033,0.5365201452,0.604292215,0.4541921746,0.4077851663,0.5648743728,0.2423466839,0.2028189209,0.6872030878,0.01697633796,0.8915299533,0.4157636999,0.3813302562,0.3880162541,0.1463230899,0.8515556953,0.8203763214
146,1,1,1,1,1,0.6561565635,0.5377633614,0.6009785392,0.4539943578,0.409078067,0.5641585694,0.2440457036,0.2025596566,0.6849985553,0.01671325016,0.8909506675,0.4138901227,0.3828158204,0.3871965104,0.1452566417,0.8498697019,0.8202725827
146.5,1,1,1,1,1,0.6565060946,0.5380602304,0.6012822339,0.4547403484,0.40981807,0.5634647416,0.242966721,0.2026254584,0.6839843383,0.01671877744,0.8909783497,0.4118354714,0.3817270787,0.3891606206,0.1456828688,0.8495924204,0.8215376414
147,1,1,1,1,1,0.657683442,0.5375344352,0.6011794124,0.4546435478,0.4102545074,0.5640319026,0.2451145073,0.2022517795,0.6840233825,0.01689529889,0.8910355253,0.4119134796,0.3780844626,0.3892040525,0.1464423731,0.8497569269,0.8203603794
147.5,1,1,1,1,1,0.6571141419,0.5364179469,0.6013800357,0.4542653245,0.4087996102,0.5653370999,0.2454183357,0.2011395515,0.6845658368,0.0169195912,0.8914038373,0.4105046448,0.3803009809,0.3894108306,0.147670882,0.8509530015,0.8198897886
148,1,1,1,1,1,0.6605580133,0.5349011126,0.6014397503,0.4543254208,0.4094141371,0.5682580971,0.2471931143,0.2012126661,0.6828383131,0.01687192128,0.8907342948,0.4104467177,0.3818136383,0.3889586603,0.1467830411,0.8528609226,0.8185432852
148.5,1,1,1,1,1,0.6585833001,0.5333097027,0.6010275296,0.4547886067,0.4074152263,0.5668049227,0.2491452416,0.2011461391,0.6811690408,0.01682743203,0.8911351368,0.4126649416,0.3822788342,0.3864557689,0.146083753,0.8524453036,0.8191993353
149,1,1,1,1,1,0.6578522301,0.5331984055,0.601127131,0.4534155209,0.4096602039,0.5679126749,0.248735284,0.2023971981,0.6821396368,0.01687698189,0.8900820411,0.4127674872,0.381765638,0.3873438775,0.1460854055,0.8510088224,0.8181962964
149.5,1,1,1,1,1,0.6553071816,0.5308830392,0.6013929127,0.4549755969,0.408279275,0.5669332401,0.2495216612,0.2056511572,0.6804972745,0.01686248872,0.8911048309,0.4129656792,0.381583345,0.3860280392,0.1452099647,0.8511986211,0.8185801048
150,1,1,1,1,1,0.6579671612,0.5316713636,0.6032158642,0.4550609954,0.4075294721,0.5656165462,0.2507948327,0.2054688064,0.6830169554,0.01704512718,0.89163513,0.4138552597,0.3809757395,0.3866600032,0.1456592376,0.8512819959,0.8188970977
150.5,1,1,1,1,1,0.6579749522,0.5362902326,0.6031914948,0.4542546817,0.4108596911,0.5647552101,0.2490800848,0.20596318,0.682366442,0.01710267494,0.8909469309,0.4124666297,0.3776269527,0.3875697999,0.1455719284,0.8520230634,0.818143017
151,1,1,1,1,1,0.6584137539,0.5395737609,0.6033489235,0.4569430336,0.4112720711,0.5666691922,0.2467584817,0.2074800244,0.6830259406,0.01703013512,0.8921491159,0.412197963,0.3793614771,0.3878538634,0.1444214392,0.8513044309,0.8183950485
151.5,1,1,1,1,1,0.6591027835,0.5382109274,0.6040492048,0.458169821,0.408911222,0.5669758204,0.2482163397,0.2052867961,0.6834540385,0.01723624117,0.8925283494,0.4118963344,0.3803190085,0.3903245435,0.1450369462,0.8493313579,0.8179744388
152,1,1,1,1,1,0.6586688754,0.5360597992,0.6036738105,0.4555437847,0.4094433471,0.5643282153,0.2468395196,0.2044578937,0.6838995539,0.01712893105,0.8929732914,0.4106086807,0.379712659,0.3893979131,0.1442212657,0.8504488394,0.8182315253
152.5,1,1,1,1,1,0.6597194131,0.5345434469,0.6045456982,0.4566905025,0.4079656995,0.5640986492,0.2458113662,0.2047137823,0.6835506843,0.01701519199,0.8932753168,0.4107157353,0.3802525893,0.3892799038,0.1455545645,0.8514637332,0.8176208988
153,1,1,1,1,1,0.6606643896,0.5332305448,0.6026562676,0.4521675451,0.4094938574,0.5651020956,0.2462451364,0.2036736656,0.683953117,0.01702854603,0.8938246688,0.4113897634,0.3772087166,0.38853755,0.1463997238,0.849324698,0.8156102703
153.5,1,1,1,1,1,0.6590945871,0.5338783911,0.6033224474,0.4524541409,0.409720781,0.5647559524,0.2442186582,0.2054536272,0.6860860449,0.0172011255,0.8936037653,0.4116803502,0.3750830826,0.3874799517,0.1472744928,0.8494371021,0.8176525277
154,1,1,1,1,1,0.6586066034,0.5313525774,0.6039836175,0.4520209453,0.4107099944,0.5666012344,0.2438524596,0.2040973374,0.6841893159,0.01701486382,0.8933208204,0.4124313386,0.3775414753,0.3848074858,0.1475734544,0.8504236976,0.8174252566
154.5,1,1,1,1,1,0.6596209487,0.5322554671,0.6040915551,0.4492176323,0.4090508955,0.5653974092,0.242320727,0.2044112214,0.6844383417,0.01705792807,0.8919538125,0.4120840905,0.3773313921,0.386003226,0.1482229564,0.8502827567,0.8200142072
155,1,1,1,1,1,0.6569178559,0.5321381148,0.6048312137,0.4488569038,0.4110749983,0.5657327955,0.2436927731,0.2032632264,0.682998262,0.01701340685,0.8929538443,0.4142991141,0.378385387,0.3870620197,0.1491348421,0.849628951,0.8197407693
155.5,1,1,1,1,1,0.6566519012,0.5335649122,0.6056366212,0.4498746844,0.4110888741,0.5646151456,0.2449696908,0.2040625672,0.6823595714,0.01679191767,0.8931979107,0.4118144209,0.3789885313,0.3848171097,0.149232437,0.8485395567,0.820480272
156,1,1,1,1,1,0.6558985298,0.5345134799,0.6049822726,0.4486511589,0.4104054726,0.5647752357,0.2448495626,0.2044671935,0.6799919769,0.01684028935,0.8925860065,0.4117255942,0.3814352705,0.385166397,0.1485790212,0.8492853236,0.8194643953
156.5,1,1,1,1,1,0.6566788358,0.5349678246,0.6043231325,0.448403609,0.4109878011,0.5648574702,0.2449553194,0.203852718,0.68227963,0.01686371018,0.8926250078,0.4110212363,0.3820461217,0.3864452251,0.1466647852,0.8492638441,0.8190493386
157,1,1,1,1,1,0.6578075937,0.5350228144,0.6059935512,0.4485065602,0.4137953385,0.5626336239,0.2466825329,0.2058811204,0.6843959746,0.01671235238,0.8911612853,0.4104691505,0.3809998531,0.3863222156,0.1481222441,0.8490645445,0.8178445828
157.5,1,1,1,1,1,0.6608198438,0.5337270688,0.6053028998,0.4501089953,0.4141564508,0.5599430246,0.2460696427,0.2043578124,0.6847505546,0.0166757288,0.8918892782,0.4115952858,0.3842398794,0.3859837509,0.1465022362,0.8489809294,0.8183802764
158,1,1,1,1,1,0.658972314,0.5319464026,0.6061188724,0.449088154,0.414039158,0.560496651,0.2438720413,0.2024742158,0.6870504207,0.01674904626,0.8932282023,0.41459958,0.3847237006,0.3861064608,0.1458723898,0.8484648525,0.8196593219
158.5,1,1,1,1,1,0.6574617614,0.5308481327,0.6065719325,0.45037889,0.4093659182,0.5610478687,0.244619157,0.2048815751,0.689944857,0.01683616182,0.8938825428,0.4161605883,0.3832405117,0.3897433415,0.1455830522,0.8491695875,0.8180060727
159,1,1,1,1,1,0.6576043252,0.5328905561,0.6063039122,0.4498948478,0.4088742106,0.5617469611,0.2422657394,0.2050345424,0.6894468257,0.01689087322,0.8939260886,0.415508573,0.3856828947,0.387795681,0.1463747852,0.8501003121,0.8183050535
159.5,1,1,1,1,1,0.6560895103,0.533119045,0.604828852,0.4502139936,0.4113721048,0.5644007284,0.2439927412,0.2044349856,0.6892289638,0.01681202264,0.8932651325,0.4122309052,0.3848444593,0.3888898194,0.1454245776,0.8500862747,0.817891899
160,1,1,1,1,1,0.6574570054,0.5343576773,0.6044804608,0.4510978211,0.4090375099,0.5643996428,0.2424350744,0.2038062666,0.691226398,0.01675335825,0.8922064834,0.4142203941,0.3825691807,0.3895860577,0.146100746,0.8497821847,0.8180205172
160.5,1,1,1,1,1,0.6558643868,0.5300457115,0.6041534275,0.4524394919,0.4100178987,0.5642165208,0.2429260724,0.2030769888,0.6902360307,0.01685252648,0.891508407,0.4129240318,0.3826762231,0.3883011187,0.1461537681,0.8500995663,0.8181201314
161,1,1,1,1,1,0.655861833,0.5314839671,0.6065453336,0.4541749737,0.4085905959,0.5638728875,0.2446962409,0.2019708073,0.6919599543,0.01689146773,0.8918436289,0.4141833357,0.3825539354,0.3891034569,0.148797755,0.8502458756,0.8176716344
161.5,1,1,1,1,1,0.6528197711,0.53302124,0.6054619602,0.4540720897,0.4086831184,0.5680798588,0.2448160396,0.2019637507,0.6893495819,0.01685100255,0.8909824458,0.4135735089,0.3816116568,0.3879635714,0.1497964058,0.8486654887,0.8178876137
162,1,1,1,1,1,0.6526039484,0.5319447539,0.6054111895,0.4520954445,0.4090388631,0.5649320233,0.2445186205,0.201935744,0.6879783308,0.01689266879,0.8913975413,0.4150043987,0.3814464838,0.3925829957,0.1494050644,0.8489490396,0.8190590838
162.5,1,1,1,1,1,0.6535935952,0.5337796345,0.6041342669,0.4513533635,0.4100452733,0.5620891944,0.2439594844,0.2016558354,0.6868164397,0.01697087282,0.8920277901,0.4130011867,0.3813547194,0.3937741983,0.1502789914,0.8481262349,0.8191309303
163,1,1,1,1,1,0.6543181727,0.5341539882,0.6053678416,0.4517154144,0.4095548375,0.5628561653,0.2433141221,0.2030166943,0.687279159,0.01694761154,0.8910723856,0.4142154339,0.3812350202,0.3919445832,0.1502378382,0.8471393984,0.8182976528
163.5,1,1,1,1,1,0.65448539,0.5345777826,0.6034706928,0.4500702565,0.4077657032,0.5631904383,0.2441987769,0.2029826165,0.6862193064,0.01681281083,0.891359516,0.4143082831,0.3834030236,0.3905555592,0.1505736726,0.847822319,0.818377106
164,1,1,1,1,1,0.656404084,0.5334244021,0.6027749615,0.4514867047,0.4106737897,0.5646439875,0.2445744689,0.2015287141,0.6852712126,0.01699852797,0.8920500211,0.4136162727,0.3839747317,0.3864049624,0.1511892927,0.8476588769,0.8188820849
164.5,1,1,1,1,1,0.6585206488,0.5356474845,0.6019038201,0.4481168376,0.410455107,0.5660141839,0.2445288917,0.2014447994,0.6829125213,0.01681103496,0.8920554391,0.4133024485,0.3830248655,0.3878529788,0.1506896792,0.8476211848,0.8192777292
165,1,1,1,1,1,0.6593455837,0.5368967931,0.6036980727,0.4493150313,0.4110671069,0.5636058101,0.2443423486,0.2038185697,0.681108077,0.01678148795,0.8938358845,0.412668885,0.3846362471,0.3884481616,0.1500915327,0.8471080552,0.8197561427
165.5,1,1,1,1,1,0.6574710994,0.53603367,0.6065256813,0.4489017585,0.4093246926,0.5660866557,0.2454249232,0.2021219119,0.6808230111,0.01668632262,0.8944350847,0.4155107761,0.381424097,0.3878465723,0.1510034674,0.8482753257,0.8211796848
166,1,1,1,1,1,0.658234395,0.5369034724,0.6066227224,0.4490603435,0.4119743994,0.5675487733,0.2455094465,0.2055631401,0.6814586692,0.01668872228,0.8951676681,0.4134738219,0.3822061666,0.3898656557,0.1493455205,0.8486229768,0.8213374669
166.5,1,1,1,1,1,0.6622280328,0.5358749507,0.6065725154,0.4503556982,0.4090412819,0.5663322399,0.2448047839,0.2027948063,0.6793208211,0.01673336013,0.8947198554,0.411952062,0.3804590872,0.3900397004,0.149625586,0.8484845581,0.8207770395
167,1,1,1,1,1,0.6608612017,0.534349197,0.6047071025,0.4512853504,0.4081460555,0.567752659,0.2451979416,0.2028127006,0.6794807231,0.0167293112,0.8939118565,0.4129665114,0.3819750139,0.3887924369,0.1491786506,0.8493566101,0.8218245532
167.5,1,1,1,1,1,0.658927322,0.5327907973,0.6055919317,0.4517184612,0.4067973198,0.5662358046,0.2458308224,0.2026166696,0.6817489173,0.01677943162,0.8937970339,0.4144592094,0.384173196,0.3868694095,0.1489297073,0.8494213484,0.8203708431
168,1,1,1,1,1,0.6594921664,0.534455967,0.6055224236,0.4525891812,0.4065258665,0.5670018668,0.2464661432,0.2041813688,0.6814870698,0.01690545719,0.8934436676,0.4133430678,0.3825215127,0.3853753354,0.1485000183,0.849970713,0.8191873854
168.5,1,1,1,1,1,0.6579199589,0.5343025908,0.6047326132,0.4522779255,0.4068108832,0.5668135057,0.2459600801,0.2043888329,0.6808994454,0.01693818559,0.8940770093,0.4123581611,0.3820407404,0.3854542615,0.1473446715,0.8495444544,0.8196723621
169,1,1,1,1,1,0.6579192835,0.5335410389,0.6057488376,0.45240067,0.4083730466,0.5649837053,0.2455650648,0.2044890443,0.6800819168,0.01696340065,0.8933995178,0.4114855898,0.3833965542,0.3846341889,0.148588459,0.849317437,0.8202535649
169.5,1,1,1,1,1,0.6579837605,0.5346776912,0.6067073959,0.4513846342,0.4104261584,0.567270596,0.2462500643,0.2050279177,0.6807853442,0.0170601468,0.8936330688,0.4117250903,0.3823850788,0.3837918612,0.1470480425,0.8481928983,0.8184422053
170,1,1,1,1,1,0.6577396329,0.5369705972,0.6043314913,0.4501158235,0.4101877529,0.5678608335,0.2451974715,0.2041768513,0.6803929061,0.01689612075,0.8937269544,0.4146633048,0.3811033657,0.384086434,0.1475192668,0.8504240341,0.818158957
170.5,1,1,1,1,1,0.6578998318,0.5388232541,0.6056308568,0.4482037788,0.4066915517,0.5668104544,0.2467237675,0.2040264235,0.6836543438,0.01681359353,0.8932845064,0.4127676669,0.3802522801,0.3860567005,0.1473081597,0.8515057537,0.8168673842
171,1,1,1,1,1,0.6573243041,0.5371248899,0.6043866054,0.4481876706,0.4056685543,0.5648627633,0.245910221,0.201063542,0.6810010792,0.01673311943,0.8929769829,0.4127538069,0.3781863921,0.3870436281,0.1467974401,0.8519362814,0.8174578661
171.5,1,1,1,1,1,0.6558180678,0.5356763831,0.6027226746,0.4494170379,0.4074925915,0.5626675312,0.245964197,0.2013208104,0.6818643079,0.01671281782,0.8926724212,0.4133934673,0.3807059916,0.3901099483,0.1486468007,0.852054068,0.818232137
172,1,1,1,1,1,0.6558705056,0.5358730663,0.6027866801,0.449216879,0.4076488693,0.5637636083,0.2436931716,0.2003976532,0.6805919366,0.0166788224,0.8928582196,0.411233017,0.3788742256,0.3883403218,0.1496616857,0.8523364122,0.8167957942
172.5,1,1,1,1,1,0.6537372345,0.5329278548,0.6007346001,0.4486890873,0.4082931453,0.5647212806,0.2435382739,0.201322728,0.6818422881,0.01667974687,0.8921145815,0.4133005419,0.3789201113,0.3887452395,0.1504629864,0.8519167706,0.8169319981
173,1,1,1,1,1,0.6527623739,0.5347102511,0.6038780231,0.4509161309,0.4082089973,0.5644912561,0.2425605135,0.2000614941,0.6804614914,0.01657869456,0.8927140782,0.4138679729,0.3782282737,0.3871876884,0.1507158707,0.8522552325,0.8171545965
173.5,1,1,1,1,1,0.6542429157,0.534951404,0.6036141239,0.4514238724,0.4101792026,0.5664755862,0.2419541677,0.1997236668,0.682521244,0.01635629798,0.8927167518,0.4122677574,0.3803217529,0.3857766185,0.1501717053,0.8519182031,0.817695898
174,1,1,1,1,1,0.6553355536,0.5317024179,0.6056159284,0.4533900169,0.4088798067,0.5664429377,0.2420010588,0.1993728003,0.6812880327,0.01632114599,0.8928916666,0.4114812139,0.3783704186,0.3844130183,0.1499231034,0.8518707114,0.8172216146
174.5,1,1,1,1,1,0.653179248,0.5338726025,0.6040047265,0.4541768262,0.4073207288,0.5659062685,0.2410805745,0.1988629442,0.6802916404,0.01632582927,0.8935629311,0.4134787576,0.3798513433,0.3813892364,0.1490982443,0.8513693452,0.8179430995
175,1,1,1,1,1,0.652153046,0.533963796,0.6010263304,0.4540392124,0.4084544393,0.5672199247,0.242653841,0.2002648688,0.6815561189,0.01635464916,0.893226634,0.4120745138,0.3828243983,0.3842796784,0.1487780342,0.8512713173,0.8192797713
175.5,1,1,1,1,1,0.6548794213,0.5326475134,0.6038053776,0.4529275191,0.4091103834,0.5661590237,0.2439285203,0.2011492533,0.6810537793,0.01630977491,0.8929103271,0.4118747892,0.3830417952,0.3848134507,0.1486439016,0.8495936579,0.8196762714
176,1,1,1,1,1,0.6535389193,0.5317404639,0.6038232889,0.452523478,0.4069322172,0.5655685828,0.2428966946,0.2016239359,0.6809172335,0.01638739859,0.8919974394,0.4127080587,0.3825923273,0.3854812242,0.1488437412,0.8504796662,0.8200565156
176.5,1,1,1,1,1,0.6530338472,0.5326730999,0.6055190819,0.4532346651,0.4065751336,0.5629329389,0.2450516035,0.2023931666,0.6815743168,0.01656793505,0.8906745881,0.4135083478,0.3793396324,0.3871930271,0.1484648291,0.8492971063,0.8185875353
177,1,1,1,1,1,0.654882045,0.532501292,0.6041267759,0.4528637857,0.4066849325,0.5628901021,0.2433801419,0.2032158572,0.6799512743,0.01660210426,0.8899896836,0.4141323069,0.3827634458,0.3877499217,0.1488416178,0.8502380114,0.8193670314
177.5,1,1,1,1,1,0.65410246,0.5323567646,0.6036746258,0.4517314607,0.4077185921,0.5620955038,0.2420913041,0.2043965046,0.6791202775,0.01646285979,0.8916823207,0.4126954287,0.3833160591,0.3894268642,0.1488664027,0.8499401162,0.8208180683
178,1,1,1,1,1,0.6542624943,0.5321835075,0.6040428331,0.4501698231,0.4083225785,0.5615516082,0.2423497187,0.2036977613,0.6770071752,0.01637079496,0.8915448342,0.409577859,0.3818392029,0.3873730616,0.1477309488,0.8506629178,0.8215601412
178.5,1,1,1,1,1,0.6550828466,0.5345765967,0.6042428836,0.4509531232,0.4098158512,0.5601876113,0.2435269695,0.2050236789,0.6785143283,0.01652614584,0.891193094,0.4109005335,0.380878045,0.3867223425,0.1475643066,0.8505375354,0.8230899952
179,1,1,1,1,1,0.6573229154,0.5359834158,0.6052402641,0.451144959,0.4093650488,0.5639925428,0.2440311278,0.2043394111,0.6780494331,0.01657982962,0.89100753,0.4111467975,0.381385376,0.3867622705,0.1478280999,0.849497299,0.8223187066
179.5,1,1,1,1,1,0.6584066499,0.5349516852,0.6019890336,0.4515361823,0.409640713,0.5651576581,0.2450162512,0.2028766732,0.6798594952,0.01674529182,0.8919651885,0.4125008322,0.3818666993,0.3855262396,0.1475982527,0.8486635008,0.8228883105
180,1,1,1,1,1,0.6577677627,0.5331533498,0.6034784095,0.4522043631,0.4079999342,0.5656642271,0.2460635974,0.2017762626,0.6788292316,0.01691598329,0.8920463768,0.4133087911,0.3823888366,0.3872728655,0.1481218131,0.8489808095,0.8216008706
180.5,1,1,1,1,1,0.6577903952,0.5345189908,0.6049926054,0.4507939315,0.4087821143,0.5659907526,0.2469029347,0.2043861424,0.6800398097,0.01694935088,0.8919695725,0.4129125266,0.3810409967,0.3859129828,0.1491253469,0.8495642282,0.8214991623
181,1,1,1,1,1,0.6570874346,0.5335515846,0.6080023189,0.4520148536,0.410944343,0.5640858392,0.2462576859,0.2056966879,0.6794363544,0.01691401063,0.8927741953,0.4124953483,0.3832197654,0.3872227112,0.1487017621,0.8488416419,0.8199062829
181.5,1,1,1,1,1,0.6546432168,0.5331164038,0.6059984327,0.4550245425,0.4092331722,0.564542162,0.2449342887,0.2058343572,0.6777581054,0.01696546015,0.893871587,0.4114209818,0.3805502502,0.3873377233,0.148181761,0.8488215571,0.8200594959
182,1,1,1,1,1,0.6524357627,0.5348080996,0.605657733,0.4509619427,0.4099640981,0.5661585731,0.2456438357,0.205771612,0.6771065838,0.01690734307,0.8938323528,0.4120431165,0.3808920645,0.3869669657,0.148476279,0.849821915,0.8209945886
182.5,1,1,1,1,1,0.6535703968,0.5374430916,0.6039514229,0.4524688736,0.4070107642,0.5648493628,0.2439950074,0.2047953759,0.6758711394,0.0170016281,0.893848878,0.4112661682,0.3794828918,0.3883243082,0.1484838836,0.8490058542,0.8219613905
183,1,1,1,1,1,0.65555676,0.5363676636,0.6041686449,0.4545827364,0.407832868,0.563301195,0.2437411846,0.2049355885,0.6754350583,0.0168733372,0.8942044468,0.4139423705,0.3789678995,0.3891801971,0.1487675967,0.847757604,0.8215196943
183.5,1,1,1,1,1,0.6545857018,0.5350047647,0.6047095221,0.4535407848,0.4084504243,0.564849974,0.2441486887,0.2047374728,0.6767282209,0.01682245313,0.8944659162,0.4129079791,0.3815161457,0.3872196216,0.1483101746,0.8482659525,0.8209740978
184,1,1,1,1,1,0.6564153394,0.5349989723,0.6054952408,0.4531448704,0.4095198894,0.5656541863,0.243289939,0.2066173598,0.6788303888,0.01692904346,0.8947319233,0.4112640293,0.3800645893,0.3847277844,0.1485423557,0.8481274334,0.8211967051
184.5,1,1,1,1,1,0.6595232328,0.5363748392,0.6041874871,0.4529330694,0.4093382869,0.5661195429,0.2431652487,0.20324786,0.6785760972,0.0170909405,0.8952057593,0.410577852,0.3798294892,0.384924228,0.1492308991,0.8484043453,0.822048125
185,1,1,1,1,1,0.6603758942,0.5364527548,0.6048001639,0.4530157209,0.4086872371,0.5640488816,0.2418012696,0.2044976877,0.6762846982,0.01724355375,0.8950386866,0.4111397083,0.3829743633,0.3865880027,0.1486460898,0.8495107717,0.8225924481
185.5,1,1,1,1,1,0.6605066154,0.5318586688,0.6058105426,0.452077927,0.4084774849,0.5662847939,0.2433232496,0.204344329,0.6789955975,0.01713686218,0.8953075138,0.4121410275,0.383835484,0.3850941604,0.148781541,0.8493317082,0.8239705134
186,1,1,1,1,1,0.6627613057,0.5323634564,0.6061534029,0.4509970549,0.4086355324,0.5657191733,0.2444257347,0.2039465618,0.6798190878,0.01701535827,0.8948638998,0.413827078,0.3824290033,0.3873946854,0.14848671,0.8491547071,0.8235990426
186.5,1,1,1,1,1,0.6624820283,0.5332762722,0.6062582766,0.4519953375,0.4085833034,0.5660580576,0.2445353231,0.2043747274,0.6796812731,0.01700480254,0.8962080702,0.4141177381,0.3822004359,0.3860489584,0.1489341554,0.8494822617,0.8242403516
187,1,1,1,1,1,0.6615898083,0.531080949,0.6072465187,0.4538286686,0.4081727735,0.5621591455,0.2457784162,0.2025345173,0.6819862546,0.01699430232,0.8962466014,0.4141827534,0.3829502015,0.3846896355,0.1478162286,0.8501152068,0.8229796352
187.5,1,1,1,1,1,0.6602219357,0.5312176618,0.6063630478,0.4529298529,0.4075886727,0.5614826073,0.2472420611,0.2040689191,0.6826536346,0.01673512578,0.8964123035,0.4155006945,0.3824213723,0.3854148191,0.1480875494,0.8502490522,0.8225293944
188,1,1,1,1,1,0.6623737576,0.5325254562,0.6054904359,0.4530889572,0.4059745658,0.5620118252,0.2470254187,0.2039070179,0.6825422776,0.01667639446,0.895911138,0.4152220153,0.3815302606,0.3844956962,0.1471104166,0.8503065875,0.8206673332
188.5,1,1,1,1,1,0.6610810231,0.5334769877,0.6057267602,0.4530113064,0.4024569077,0.5633822131,0.2463399404,0.2027108253,0.6827484983,0.01660771737,0.8936030376,0.4147403905,0.380164631,0.3842842215,0.1481498905,0.848787316,0.8214052431
189,1,1,1,1,1,0.6607120894,0.5319618988,0.6030941398,0.4534442578,0.4048957989,0.5615227078,0.2447739633,0.2032419692,0.6826652727,0.01673155294,0.8936307484,0.4177477523,0.3812089553,0.3871948816,0.1462626698,0.8492329138,0.820889379
189.5,1,1,1,1,1,0.6606242123,0.5337952804,0.6009554188,0.4528797142,0.4052728104,0.5639380268,0.244203958,0.2027231844,0.6795100645,0.01669625414,0.8934354032,0.4179861523,0.3818437757,0.3883914149,0.1475374124,0.8490409711,0.8204919187
190,1,1,1,1,1,0.6583925574,0.534100977,0.604054625,0.4517733751,0.4050173522,0.5625236093,0.2439783853,0.2019253743,0.6792345189,0.01684602211,0.8913052331,0.4147059472,0.3829796711,0.3861443755,0.1468869024,0.8484509025,0.8203573922
190.5,1,1,1,1,1,0.6583098667,0.5351698626,0.6044297887,0.4508275098,0.4056110908,0.5602170051,0.2442631023,0.2015643718,0.6799446561,0.01661905473,0.891707589,0.4135035783,0.382883053,0.3847939814,0.1477755931,0.8490228291,0.8193091106
191,1,1,1,1,1,0.6581398759,0.5338259222,0.6014272458,0.4521320949,0.4060172799,0.5618430269,0.241907761,0.2038537766,0.6791193737,0.01676732244,0.8921391676,0.4122146249,0.3818947092,0.38289211,0.1480179347,0.8482535724,0.8198119682
191.5,1,1,1,1,1,0.6552853974,0.5347084896,0.6037609437,0.452114882,0.4066554649,0.5633736147,0.2423269292,0.2031625754,0.6804785933,0.01686461062,0.8926248281,0.411407767,0.3814478718,0.3850239876,0.1473561725,0.848995545,0.8201323579
192,1,1,1,1,1,0.6576689969,0.5355691053,0.6047772098,0.4497797087,0.4075258687,0.563057904,0.2416159537,0.2021741771,0.6855443155,0.01676463881,0.8921384227,0.4110480048,0.3809951845,0.3820782885,0.1464723363,0.8484812968,0.8189839776
192.5,1,1,1,1,1,0.6584013401,0.5357620741,0.605777513,0.4514132865,0.4100198719,0.5639190169,0.2420074042,0.2018895843,0.684063033,0.01693599249,0.8913242577,0.4115404362,0.3804848087,0.3809990263,0.1461167997,0.8475015212,0.8180726357
193,1,1,1,1,1,0.6569463634,0.5366928193,0.6074444366,0.4516466939,0.4122325456,0.5638012306,0.2419036655,0.201275772,0.6839727949,0.01694675668,0.8908786098,0.4126156551,0.3811546912,0.3790006384,0.1461914572,0.8480791278,0.8186406536
193.5,1,1,1,1,1,0.6541065442,0.5355599571,0.6068391168,0.4503694136,0.4117593876,0.5623531768,0.2418171263,0.2034134121,0.6877419988,0.0169564158,0.8908805954,0.4114382812,0.3795068329,0.3778829506,0.1445453703,0.8498199356,0.817683505
194,1,1,1,1,1,0.6558122839,0.5340717514,0.6052407353,0.4501397738,0.409129361,0.5615577488,0.2430778166,0.202669141,0.6878769443,0.01703366855,0.8906069902,0.4110700874,0.3809117215,0.3787613109,0.1437565371,0.8493046428,0.8163874718
194.5,1,1,1,1,1,0.6570549469,0.5344404894,0.6031492663,0.4528660307,0.4066521915,0.5609727163,0.2431033712,0.2032854073,0.68780415,0.01691911183,0.8907889393,0.4144617133,0.3825595734,0.3776386908,0.1440818945,0.8491826733,0.8170422747
195,1,1,1,1,1,0.6570810723,0.5365147446,0.6015761967,0.4553681411,0.4066313184,0.5639549711,0.2438506426,0.2053104327,0.6847404101,0.01706856237,0.8914683259,0.4129052219,0.3845571796,0.3754951078,0.1442321847,0.8493141413,0.8160373943
195.5,1,1,1,1,1,0.6566476961,0.5380069353,0.6028163764,0.4558189127,0.4115115522,0.5628405675,0.2442802254,0.2031540389,0.6865678675,0.01699626646,0.8919246906,0.4122153959,0.3861065733,0.3767885313,0.1436947781,0.848265067,0.8162848173
196,1,1,1,1,1,0.6564835616,0.5367334624,0.6013957696,0.4537008069,0.4137689701,0.562240168,0.2449662842,0.2037287816,0.6877426037,0.01690964532,0.8918509262,0.4139592862,0.3864409264,0.3809375559,0.1457668766,0.8477860649,0.8168062182
196.5,1,1,1,1,1,0.6587556887,0.5356565444,0.6013911365,0.4565594638,0.4145246996,0.5657998543,0.245100093,0.2038180259,0.6879342617,0.01694889716,0.891122325,0.4127346588,0.3859898372,0.3813228369,0.1446691853,0.847482187,0.8180546797
197,1,1,1,1,1,0.6589361003,0.5371738848,0.6005421358,0.4566076555,0.4156827629,0.5663756689,0.2442848111,0.2030084528,0.6861162226,0.01714432981,0.8919366562,0.4120225631,0.3833353031,0.38259878,0.1454388172,0.8477761141,0.8183056045
197.5,1,1,1,1,1,0.6556229804,0.5351338075,0.6040860092,0.4531554683,0.4137694134,0.5654372613,0.2438995584,0.2029667226,0.6849170309,0.01718767684,0.8912616882,0.4111940846,0.3833801934,0.3824309687,0.1456018443,0.8484367511,0.8182414482
198,1,1,1,1,1,0.6552303685,0.5352139328,0.6022351274,0.4514659952,0.4099312556,0.5662798167,0.2451446759,0.2036000373,0.6842760024,0.01713173443,0.8908025462,0.4103763185,0.3839514715,0.3817971166,0.1460722584,0.8483237129,0.8165447237
198.5,1,1,1,1,1,0.6556217226,0.532237259,0.6031410084,0.4497381788,0.4100287285,0.5671624353,0.2478577172,0.2046382001,0.6831959223,0.01699059052,0.8900435391,0.4121193272,0.3816563371,0.3849414438,0.1447947839,0.8479013609,0.8183454809
199,1,1,1,1,1,0.6556133975,0.535279788,0.6022756832,0.4511699815,0.4081004889,0.5673421069,0.2477169316,0.2035329113,0.684332199,0.01703388892,0.8893393851,0.4123835158,0.3810098715,0.3863341969,0.14648685,0.846573295,0.8190866887
199.5,1,1,1,1,1,0.656820178,0.5366954618,0.6021155992,0.4515482433,0.4098855511,0.5641486508,0.248613045,0.2024945003,0.6841188371,0.01683463962,0.8904687649,0.4120907958,0.3814415848,0.3862457884,0.1463964823,0.8470240835,0.8195060885
200,1,1,1,1,1,0.6550870116,0.5339209725,0.6047852445,0.4509170923,0.4074554441,0.5641904141,0.2470669007,0.2012474565,0.6842654913,0.0168255621,0.8909387477,0.4117563664,0.3834971702,0.3865623461,0.1469344061,0.8473066647,0.819615865
200.5,1,1,1,1,1,0.6535282734,0.5325294196,0.6041645237,0.4542695245,0.4086133911,0.5642670027,0.2460698344,0.2006183897,0.6834500735,0.01665970693,0.8913335858,0.4125603489,0.3812496808,0.3868720048,0.1462490942,0.8464729818,0.8211698487
201,1,1,1,1,1,0.6549209576,0.5343215639,0.6030936893,0.4544674161,0.4097964269,0.5651280665,0.2468540236,0.2017551496,0.6834650184,0.01655357424,0.8918290676,0.4115067949,0.3825666052,0.3839223188,0.1466024944,0.8472505355,0.8219065726
201.5,1,1,1,1,1,0.655076083,0.5338270388,0.6069811346,0.4531539943,0.4082373907,0.566210316,0.2473008877,0.2020101566,0.684170477,0.01658804957,0.892200105,0.4108352648,0.3858250747,0.3875297723,0.1466361841,0.8470855485,0.8215976032
202,1,1,1,1,1,0.6536842641,0.5354116479,0.6065370907,0.4537051919,0.4087938032,0.5679668637,0.2477606362,0.2036363912,0.6844010076,0.01670179782,0.8929628559,0.4119576297,0.387741907,0.3859369447,0.1458377409,0.8471465972,0.821804293
202.5,1,1,1,1,1,0.6527770983,0.5346745512,0.6074232919,0.4534665053,0.4071343831,0.5677768995,0.2467581358,0.2034976212,0.6827734677,0.01681085535,0.8935993653,0.4123606215,0.3831180694,0.3862150955,0.1441287127,0.84720288,0.8226304813
203,1,1,1,1,1,0.6537389525,0.5349115277,0.6043897712,0.4533000217,0.4072026537,0.566025976,0.2463308593,0.2055059139,0.6812759968,0.01687480609,0.8936809226,0.416040114,0.3821509059,0.3867510358,0.1449819038,0.8479083375,0.8231536419
203.5,1,1,1,1,1,0.6530706939,0.534256776,0.6031230675,0.4507102521,0.4066451098,0.564709406,0.2467559663,0.2051778816,0.681093592,0.01690872962,0.8937125638,0.4135795962,0.3827731458,0.3858035231,0.1461511759,0.848156391,0.8216465998
204,1,1,1,1,1,0.6539166123,0.5335779446,0.6034448026,0.4468020021,0.4082942149,0.565893683,0.2463485308,0.2046592368,0.6826770992,0.01685062541,0.8942785278,0.4165899064,0.3821905832,0.3852843988,0.1473001811,0.848271887,0.8218156525
204.5,1,1,1,1,1,0.653885534,0.5339533335,0.6026838614,0.4479241375,0.4100761838,0.5637579869,0.2473409398,0.2039236888,0.6841829685,0.01695478919,0.8943918461,0.415548053,0.3815682477,0.3805477463,0.1486373867,0.8485987132,0.8203310043
205,1,1,1,1,1,0.6544667946,0.5347807289,0.6038282215,0.4497386067,0.4106708318,0.5631665938,0.2451440411,0.2037375457,0.6860561414,0.01666627846,0.8931336391,0.4160357245,0.3845806988,0.3806216266,0.1472212686,0.8493570785,0.8206978552
205.5,1,1,1,1,1,0.6577528989,0.5331969431,0.6038695371,0.4495794352,0.4137372246,0.5636641426,0.2430203769,0.2031987615,0.6856337209,0.01693233017,0.892928496,0.4148020907,0.3833902441,0.3822044329,0.1466665842,0.8485753926,0.8205429721
206,1,1,1,1,1,0.6593716809,0.5321870066,0.6066997977,0.4528406874,0.4116081107,0.5629238423,0.2437032787,0.2038215844,0.6841155949,0.01695024227,0.8927818065,0.4143446874,0.3825359442,0.3818554877,0.1469657248,0.8483986206,0.818630373
206.5,1,1,1,1,1,0.6598050104,0.5325230607,0.6058706993,0.4530825873,0.4113615572,0.5648549392,0.2438217561,0.2032671712,0.6854601557,0.01684492392,0.8915261861,0.4155827188,0.3844293859,0.3809529592,0.1467755877,0.8495791303,0.8183225954
207,1,1,1,1,1,0.6558233312,0.5345730699,0.6079536732,0.4542695635,0.4101430092,0.5662813474,0.2440622407,0.2031136539,0.6837474337,0.01680980406,0.8919467757,0.413891074,0.3842173669,0.3835108216,0.1459240613,0.851358568,0.8184842396
207.5,1,1,1,1,1,0.6554764039,0.5346986045,0.6034855374,0.4556328181,0.4111433367,0.5673802225,0.2433152794,0.203907928,0.6847932405,0.01682448902,0.8923824483,0.4143015568,0.3839313367,0.3828691588,0.146472879,0.8513155421,0.8184671648
208,1,1,1,1,1,0.655742815,0.5333972944,0.6043923137,0.4530555258,0.411480325,0.5665393139,0.2432614959,0.2038221876,0.6858532428,0.01689893499,0.8921139207,0.4144743711,0.3870503226,0.3819278202,0.1452731835,0.8505181136,0.8188518604
208.5,1,1,1,1,1,0.6560554294,0.534466921,0.6044436943,0.4522844188,0.4119143794,0.5640323369,0.2431840367,0.2051067099,0.6841230579,0.01694553986,0.8920784732,0.4127984822,0.3869158532,0.3825396932,0.1472121207,0.8504102935,0.8190089083
209,1,1,1,1,1,0.6563980866,0.5348006001,0.605153074,0.4532160728,0.4111310923,0.5656202832,0.2436349832,0.2043225683,0.6831724898,0.01692540198,0.8909382449,0.4146952216,0.3848471667,0.3823409711,0.1472746929,0.8505542883,0.818361683
209.5,1,1,1,1,1,0.6561701393,0.5360201484,0.6036198576,0.4526425616,0.4116628159,0.56330914,0.2424591182,0.2026903256,0.6840237371,0.0168244145,0.8916051575,0.4099521289,0.3826733199,0.3846830008,0.146672666,0.8508282922,0.8181496521
210,1,1,1,1,1,0.6589503952,0.5333635146,0.6053379488,0.4520755052,0.40966434,0.5626213452,0.2409972773,0.2042220812,0.6864209063,0.01686466476,0.8926484836,0.411779359,0.380386247,0.3865188845,0.1459197345,0.8496069962,0.8200872691
210.5,1,1,1,1,1,0.6597696412,0.5313372971,0.605012837,0.4504135047,0.4093958199,0.5627775987,0.241403227,0.2051832283,0.6875136448,0.01711968114,0.8924964337,0.4116811679,0.3815849711,0.3861743863,0.145702336,0.8496968146,0.8196405485
211,1,1,1,1,1,0.6578272523,0.5314090877,0.6058327534,0.4509007249,0.4106639391,0.5638502325,0.2419787752,0.2043778423,0.6885665245,0.01711324823,0.8930351655,0.4108917902,0.3824876054,0.3837360014,0.1449704868,0.8499632752,0.81830814
211.5,1,1,1,1,1,0.6580723538,0.5333835937,0.604513825,0.4516215777,0.4119029435,0.5640996994,0.242747757,0.2030501866,0.6872791652,0.01717308575,0.8930654533,0.4106088507,0.3809414911,0.3834538431,0.1458314049,0.8505598752,0.8178734785
212,1,1,1,1,1,0.6574347877,0.5341575717,0.6042600099,0.4534559876,0.4128548832,0.5627913661,0.2438393953,0.201675362,0.6846396745,0.01700157331,0.8924033603,0.4122039394,0.3807392515,0.3843602555,0.14579253,0.8516223573,0.8186116111
212.5,1,1,1,1,1,0.653909327,0.5369330058,0.6043935753,0.4543636835,0.4109972847,0.5638315559,0.2445975523,0.1998056752,0.6835712087,0.01692021919,0.8918679269,0.4125331124,0.3799961683,0.3841112276,0.1456842312,0.8508574723,0.8196188825
213,1,1,1,1,1,0.6551791118,0.5385851284,0.6043716279,0.4522588866,0.4132851242,0.5650378968,0.2436833676,0.2020628625,0.6821314027,0.01687572606,0.8920138315,0.4112312679,0.3812232118,0.3821111651,0.1452466404,0.8523207167,0.8191127328
213.5,1,1,1,1,1,0.6555782446,0.5373363362,0.6037783953,0.4530134854,0.409772019,0.5651345767,0.2420921533,0.2006733204,0.6862721552,0.01674665997,0.8911416218,0.4107740037,0.3800623784,0.3821227535,0.1448385932,0.8525728812,0.8203429165
214,1,1,1,1,1,0.655529715,0.5366649097,0.6044294786,0.4523634319,0.4084802191,0.5658081396,0.2409998274,0.2004378362,0.6865376502,0.01656154925,0.8916466616,0.4102299921,0.3796079778,0.3818495656,0.1445485943,0.8521495212,0.8205273552
214.5,1,1,1,1,1,0.6566100652,0.5355328297,0.6034449818,0.4510840223,0.40901126,0.5637696309,0.2420361843,0.1987026737,0.685575878,0.01650981067,0.8922189156,0.4126292264,0.3813059021,0.3831375114,0.1445213538,0.8521021196,0.8212900275
215,1,1,1,1,1,0.6564768722,0.536347773,0.6048985463,0.450811731,0.4091753165,0.5648804075,0.2429706169,0.1987811597,0.6855525512,0.01628177667,0.8918292028,0.4127248092,0.3818696226,0.382115801,0.145149282,0.8522805281,0.8205875553
215.5,1,1,1,1,1,0.6569511557,0.5355947863,0.6021021347,0.4511995324,0.4113966483,0.5653252734,0.2422168022,0.1975928786,0.6839739974,0.01625877491,0.8912552715,0.4114207836,0.3813715153,0.3822348776,0.1457340503,0.8526652809,0.8217522812
216,1,1,1,1,1,0.6567038139,0.5357780953,0.6019600661,0.4519960341,0.4132763939,0.5632319834,0.2424225538,0.1987497261,0.6832430867,0.01633847661,0.8906386077,0.4109945661,0.3832031702,0.3833264913,0.1447739157,0.8518310328,0.8220455132
216.5,1,1,1,1,1,0.6557453959,0.5340363555,0.6022165526,0.4502694609,0.4138704468,0.5629985063,0.2413372315,0.1994672757,0.6829179577,0.01635005233,0.8902813975,0.4117030634,0.3836871649,0.3859329763,0.1448511822,0.8512821968,0.8229735469
217,1,1,1,1,1,0.6533429912,0.5350227564,0.6026301101,0.4507773678,0.4121246005,0.5637795673,0.2423705103,0.2016149901,0.6835055431,0.01634832976,0.8898622989,0.4096047504,0.3823150645,0.3864930221,0.1452363032,0.8529524826,0.8220419003
217.5,1,1,1,1,1,0.6535412611,0.535423744,0.6030556309,0.4512525713,0.411010539,0.564515405,0.2418325918,0.2013034642,0.6838110029,0.0161624437,0.8901871229,0.4091741644,0.3810513803,0.3864425559,0.1467820721,0.8523933867,0.8218549706
218,1,1,1,1,1,0.652547994,0.535604943,0.6034911733,0.4504386806,0.4085064264,0.5637978032,0.2436537176,0.203443585,0.6795083384,0.01638614202,0.8901783243,0.4081962748,0.3800673387,0.3866564493,0.148404423,0.8509342725,0.8194596075
218.5,1,1,1,1,1,0.6540571695,0.5345278151,0.6026948728,0.4506980362,0.4091938373,0.5639000841,0.2431417236,0.2054240098,0.6798482268,0.01669630348,0.8893061667,0.4105883007,0.3825039791,0.3853481733,0.1474927841,0.8498970826,0.8189662343
219,1,1,1,1,1,0.6560895274,0.5325317513,0.6010439917,0.4512273425,0.4106378559,0.562368391,0.2426105166,0.2058727426,0.6814427372,0.01670640069,0.8885749948,0.4116843972,0.3803000057,0.3864359945,0.148730694,0.8499598756,0.8189534429
219.5,1,1,1,1,1,0.6549651384,0.5328142286,0.6025002929,0.4505885499,0.4107964449,0.5634773948,0.2429957163,0.2054958145,0.6805388355,0.01682403793,0.8898164041,0.4140843659,0.3802345501,0.3846587365,0.1492055685,0.8509071473,0.8187540578
220,1,1,1,1,1,0.65294768,0.5343702876,0.6018595495,0.451438282,0.408902858,0.5629586452,0.2426606621,0.2052144801,0.6814928563,0.01683073506,0.8908919124,0.4140021667,0.3817055222,0.3822308678,0.1491534416,0.8494588133,0.8194744689
220.5,1,1,1,1,1,0.6529680112,0.5350559025,0.6009429654,0.4515698948,0.4070269918,0.563092708,0.2454976644,0.2045061133,0.6836016808,0.01669892397,0.8909385482,0.4131294915,0.3817812538,0.3830102131,0.1473915541,0.8491391637,0.8196854211
221,1,1,1,1,1,0.6519889122,0.5338701053,0.6009378246,0.4510086169,0.4073647778,0.565127048,0.2447760518,0.2053044249,0.6835200547,0.01644110988,0.8896563241,0.4113228512,0.3809256945,0.3819101352,0.1466346059,0.8490062556,0.818293239
221.5,1,1,1,1,1,0.6523026587,0.5340897269,0.6028250663,0.451464845,0.4076537672,0.5659539045,0.2455137972,0.2058544041,0.6834547005,0.01655017807,0.8907894469,0.4110164598,0.3793302434,0.3809060509,0.1462006977,0.8494630459,0.8179879959
222,1,1,1,1,1,0.6517920796,0.5331385688,0.601981635,0.449964489,0.4097458045,0.5645952641,0.2474652068,0.2045866038,0.6846564102,0.0166712747,0.8899327394,0.4108883359,0.3818676547,0.3810249916,0.145628347,0.8497250911,0.8165835684
222.5,1,1,1,1,1,0.6523232601,0.5323209168,0.6042566648,0.4534519992,0.4102162079,0.5598794319,0.2448519941,0.2023563271,0.6858391916,0.01658444332,0.889498413,0.4117334325,0.3808362892,0.3844121945,0.145804407,0.8502714126,0.816667496
223,1,1,1,1,1,0.6530713502,0.5308824062,0.604631371,0.4525927711,0.4096835085,0.5602948103,0.2446780032,0.2038813166,0.6853241431,0.01675286681,0.8908388008,0.4141797542,0.3807784977,0.3857529223,0.1464348043,0.8494411496,0.8161743827
223.5,1,1,1,1,1,0.6549104631,0.5319521446,0.6055663944,0.4507411684,0.409886349,0.5600036831,0.2433514317,0.2038105656,0.6830589788,0.01676882947,0.8903974293,0.4130401751,0.3803081408,0.3846393231,0.146529727,0.8505013803,0.8149509596
224,1,1,1,1,1,0.6562280401,0.5336287404,0.6052327083,0.4519210429,0.411109296,0.562597203,0.2447296979,0.202759126,0.6819104672,0.01680160187,0.8915380883,0.4140146327,0.3799651374,0.3848052497,0.146765327,0.8505382878,0.815510495
224.5,1,1,1,1,1,0.6561765339,0.5333703925,0.6047110903,0.4526304488,0.4108618896,0.5615887329,0.2472646398,0.2019774126,0.6786487918,0.01677395095,0.890632034,0.4121401794,0.380671072,0.3869694872,0.1469311606,0.8519891296,0.8168769166
225,1,1,1,1,1,0.6594090191,0.5326093596,0.6011264765,0.4541099991,0.4071087675,0.5657008792,0.2459920417,0.202258737,0.6795881389,0.01674647114,0.8892297186,0.4125171374,0.3824484712,0.3895800578,0.1486196493,0.8522890316,0.8181369289
225.5,1,1,1,1,1,0.6569353699,0.5349066246,0.6030608366,0.4568751013,0.4075767551,0.5681200478,0.2448331424,0.2011623601,0.6813662784,0.01663775697,0.8894363404,0.412376416,0.3839565922,0.3880622943,0.1477763571,0.8510379048,0.8181867751
226,1,1,1,1,1,0.6556056777,0.5337738881,0.6062547135,0.4522997146,0.4100350358,0.5674698012,0.2443760469,0.2002817293,0.6819531153,0.01652562247,0.8908714954,0.4110164834,0.3832760119,0.3866504381,0.1469540608,0.8515724467,0.8167501282
226.5,1,1,1,1,1,0.6565508109,0.53597782,0.602315257,0.4513592396,0.4094295511,0.5661076242,0.2442808737,0.2020773921,0.6825138475,0.0164878739,0.8916404028,0.413078251,0.3810601775,0.3867265315,0.146117585,0.8515403961,0.8167009225
227,1,1,1,1,1,0.6568160456,0.5367640821,0.6034080856,0.4527346604,0.4093152437,0.5650241811,0.2429918881,0.2030283306,0.6833115781,0.01659600338,0.8917579771,0.4123492848,0.3820773296,0.389185437,0.1457304825,0.8503756955,0.8159605736
227.5,1,1,1,1,1,0.6553327971,0.5354033853,0.6027342562,0.4505680877,0.4099192182,0.5665335296,0.2439362209,0.2014805368,0.6845629754,0.01640008224,0.8903274237,0.4146328507,0.3810260863,0.3883636801,0.1465890014,0.8492031445,0.8158948419
228,1,1,1,1,1,0.6510652208,0.5353560668,0.6047403434,0.4484753474,0.4096464778,0.5653876865,0.2438370682,0.2021765641,0.6836812381,0.01647561552,0.8915723723,0.414400441,0.3807051828,0.3899108408,0.1463188371,0.8487764,0.8147628237
228.5,1,1,1,1,1,0.6504330083,0.5344055856,0.6048126435,0.448144536,0.4101471369,0.5650004895,0.2446887637,0.2025757101,0.6839530743,0.01665644456,0.8919756559,0.4146715184,0.3802333215,0.3905981407,0.1481684381,0.8497023805,0.8147807388
229,1,1,1,1,1,0.6524577925,0.5358674514,0.6048946109,0.4490523116,0.4124909955,0.5640181434,0.2439116262,0.2021951093,0.684793726,0.01664486156,0.8916871412,0.412901373,0.378721905,0.3918794579,0.1494191404,0.8500225596,0.8150801371
229.5,1,1,1,1,1,0.6536826999,0.5360280207,0.6051251479,0.4496115775,0.4119947691,0.5622661102,0.2441560248,0.2030673349,0.6864219106,0.01664251374,0.8919264927,0.4148032845,0.3794622101,0.3899772148,0.1497088584,0.8510444475,0.8158065246
230,1,1,1,1,1,0.6541862979,0.5334016529,0.6044124726,0.4516986713,0.4099776401,0.5631902418,0.2424173628,0.203960798,0.6864046537,0.01669269368,0.8911604554,0.4143452073,0.3802947496,0.3869245539,0.1487432476,0.852125988,0.8154380525
230.5,1,1,1,1,1,0.6533506813,0.5346107916,0.6033812044,0.4502838751,0.4110090452,0.5676391222,0.2428152491,0.2044912268,0.6855916909,0.01662936993,0.8907550694,0.4125528112,0.3808994274,0.3870095962,0.1485259378,0.850463948,0.8162538495
231,1,1,1,1,1,0.6539878409,0.5328642133,0.6035460786,0.4498697613,0.4090794406,0.5686029735,0.2412353994,0.2036861407,0.6852508341,0.01665420995,0.8904794856,0.4126867371,0.3827728519,0.3867347057,0.1491301866,0.8505891982,0.8180805471
231.5,1,1,1,1,1,0.6542249988,0.5325336089,0.6048750876,0.4490933305,0.4089292095,0.5660104542,0.2416701045,0.2022377818,0.6829715323,0.01679648587,0.8906223184,0.4134760385,0.3818597583,0.3860177185,0.1489468976,0.8499179211,0.8165058226
232,1,1,1,1,1,0.6575749807,0.5292193362,0.6060836009,0.4507151282,0.4104959094,0.5646885463,0.2437589641,0.2010132761,0.6830954391,0.01714798053,0.891475211,0.4143740173,0.3815646295,0.3848678463,0.1476405629,0.8508597369,0.8159377053
232.5,1,1,1,1,1,0.6576057556,0.5311977224,0.6049297142,0.4527800275,0.4097932788,0.5642305225,0.2419766074,0.2012786847,0.6839366577,0.01695989385,0.8916230511,0.4143153236,0.3820676959,0.3833492006,0.1479620392,0.8490856864,0.8164599131
233,1,1,1,1,1,0.6567942275,0.5330263379,0.6054419691,0.4538456838,0.4098676159,0.5641444171,0.2427815975,0.2030293356,0.6837145948,0.01680614054,0.8919928422,0.4145811388,0.3821239497,0.3824334438,0.1473210989,0.8506644835,0.8175761928
233.5,1,1,1,1,1,0.6575938624,0.5328156711,0.6059312138,0.4538560362,0.4078146109,0.5632981608,0.2441357057,0.2013906651,0.6851600239,0.01698021052,0.8917527259,0.4135227642,0.3828159105,0.3858831311,0.1466260557,0.8521114011,0.8178537473
234,1,1,1,1,1,0.6593833989,0.5356810603,0.6026048057,0.4518465171,0.407093715,0.5613501132,0.2450476987,0.2026720521,0.6861367674,0.01693823138,0.8929610534,0.4140618263,0.3826635939,0.3841303772,0.146468024,0.8518259812,0.818102871
234.5,1,1,1,1,1,0.6560502027,0.535844411,0.6021675482,0.4535157063,0.411538983,0.563590958,0.2461487112,0.2020028146,0.6845000428,0.01679163127,0.8927653155,0.4149526773,0.3821351994,0.3836243193,0.1476786084,0.8515979277,0.8186265198
235,1,1,1,1,1,0.655747373,0.5344331434,0.6032742125,0.45577142,0.4113702751,0.5619435036,0.2463311697,0.2009637956,0.6864388516,0.01666487126,0.8925858573,0.4129289206,0.3812610559,0.3858556943,0.1478087734,0.8523897566,0.8185500285
235.5,1,1,1,1,1,0.6538973862,0.5325793445,0.6039734703,0.4548954921,0.4110286314,0.5633611558,0.2464397487,0.2010934024,0.6855598072,0.01657607949,0.8912919967,0.4141952201,0.381485872,0.3844100779,0.1477072144,0.8511219101,0.819392999
236,1,1,1,1,1,0.6538801545,0.5321478559,0.6020507874,0.4541122978,0.4105782846,0.5635198143,0.246372888,0.2020234264,0.6858145641,0.01664353583,0.8915002183,0.4117351749,0.3826669,0.3830201224,0.1465269178,0.8515241027,0.8189967325
236.5,1,1,1,1,1,0.6528192269,0.5306034107,0.6038361648,0.4547686882,0.4092557848,0.5654992812,0.2446535396,0.2024157449,0.6903415618,0.01666975074,0.892542787,0.4122913343,0.3840287536,0.3834667483,0.1459568711,0.8509148073,0.8199167892
237,1,1,1,1,1,0.6524672672,0.5299736701,0.6031846718,0.4564668116,0.409155676,0.5651152,0.2452012969,0.2035055009,0.6889275089,0.01682204868,0.8923547441,0.4125725624,0.3810967993,0.3823899859,0.146324428,0.8513957512,0.8196305545
237.5,1,1,1,1,1,0.6540204737,0.5311355671,0.603916501,0.4560027491,0.4069000834,0.5652921861,0.2450886214,0.2035942615,0.6880153982,0.01678857821,0.8917653659,0.4132933856,0.3809078543,0.3822096782,0.1467212301,0.8518763164,0.8188821063
238,1,1,1,1,1,0.6552520841,0.5340918689,0.6040382641,0.455947182,0.406560869,0.5663973023,0.2444261959,0.2023086442,0.6851354288,0.01691550484,0.8921771637,0.4129466666,0.3812246917,0.3820443194,0.1462985447,0.8517397762,0.820110045
238.5,1,1,1,1,1,0.6570495226,0.5323034718,0.6024312151,0.456251653,0.4064035124,0.566890558,0.2461815338,0.2043966932,0.6827471474,0.01698638317,0.8922461044,0.416042928,0.3801304944,0.3826147094,0.1452112737,0.8516216005,0.8212250666
239,1,1,1,1,1,0.6556787692,0.5334038215,0.6031779715,0.4518599398,0.4081726842,0.5656992133,0.2479428665,0.2053574997,0.683398835,0.01695570141,0.8931741269,0.4153310288,0.3792094299,0.3838719942,0.1463025913,0.8510768234,0.8217842968
239.5,1,1,1,1,1,0.6567094184,0.5351904866,0.6037449811,0.4538954444,0.4108712593,0.5641600145,0.2471744538,0.2060270407,0.6829434221,0.01690755088,0.8934878439,0.4115098018,0.3799864236,0.3840962826,0.1465556546,0.8505498828,0.8211638854
240,1,1,1,1,1,0.6554486929,0.5345858059,0.6036710596,0.4545264589,0.4105435085,0.5663813258,0.2485315142,0.2060995668,0.6828905223,0.01696671084,0.8931926461,0.4132074351,0.3790914321,0.3864876458,0.1459138497,0.8509439883,0.8209607605
240.5,1,1,1,1,1,0.6551498665,0.5321118629,0.6041003498,0.4568494325,0.410309089,0.56838035,0.2483228469,0.2077617389,0.6827144078,0.01710374591,0.8934692384,0.4125431351,0.3790967881,0.3859815538,0.1477035033,0.8502662041,0.819962453
241,1,1,1,1,1,0.6577276358,0.5311329719,0.6047923554,0.4559792606,0.4105856031,0.5683550156,0.2467113637,0.2079454125,0.6838596281,0.01695796384,0.8942834456,0.411806397,0.3797837907,0.3881328686,0.147624768,0.8491495079,0.820489249
241.5,1,1,1,1,1,0.6584255794,0.5318775401,0.6040872721,0.4540314332,0.4088849441,0.5702234458,0.2478227061,0.2075559558,0.6832949806,0.01707174869,0.8941087921,0.40848958,0.3797604575,0.3897762511,0.1471819841,0.8499087371,0.8190257527
242,1,1,1,1,1,0.659507032,0.5347311517,0.6058585462,0.4548166125,0.409442688,0.5708530176,0.2482449663,0.208044687,0.6822644205,0.0169103488,0.895907366,0.408356406,0.3801533963,0.3902459111,0.1488036827,0.850172445,0.8179982734
242.5,1,1,1,1,1,0.6576000003,0.5344128808,0.6061050994,0.4538056285,0.4092959118,0.5699057532,0.2475656652,0.206968629,0.6813834563,0.01698633833,0.8958177574,0.4081322085,0.3797092702,0.3884619508,0.14775938,0.850342811,0.8176673189
243,1,1,1,1,1,0.656905506,0.5350668926,0.6034469715,0.4516977213,0.4084893167,0.5677986994,0.2472958665,0.2055740609,0.6862857728,0.01708666539,0.8959642755,0.4113135926,0.379608969,0.3878272218,0.1463773408,0.8495779309,0.8175994116
243.5,1,1,1,1,1,0.6553266241,0.5358369183,0.6028895245,0.453297487,0.4083575637,0.5662243453,0.2452053042,0.2041971975,0.6870496808,0.01708965015,0.8956638217,0.4116722436,0.3807836177,0.3882583894,0.1464347282,0.8498484772,0.8187421434
244,1,1,1,1,1,0.6563857616,0.5338334801,0.6005242894,0.4546103051,0.4105886372,0.5657602665,0.2487261202,0.2037144746,0.6888360269,0.01702326984,0.8945891749,0.4110181676,0.379756583,0.3896327659,0.1463334964,0.8478855439,0.8170159398
244.5,1,1,1,1,1,0.6560027408,0.5340155928,0.6018478732,0.4514906692,0.4110554736,0.5625173249,0.2478273794,0.2029701927,0.6889205414,0.01690894903,0.8952119433,0.4083098166,0.38205162,0.3867213639,0.1462001263,0.8491025761,0.8169950268
245,1,1,1,1,1,0.6548767478,0.5342468188,0.6019440683,0.4501421261,0.4112418177,0.5631464304,0.2473890331,0.2030464788,0.6896057021,0.01696914628,0.8944534989,0.4098045788,0.382125693,0.3874181849,0.1461504922,0.8480621882,0.8182422946
245.5,1,1,1,1,1,0.6539734846,0.535342176,0.6053391436,0.4496566992,0.410492621,0.5616140964,0.2468561845,0.2036466687,0.6894465838,0.01680411893,0.8946907218,0.4129741449,0.3815647331,0.3877109738,0.1475651055,0.8484173114,0.8190124769
246,1,1,1,1,1,0.6558148666,0.5351949374,0.6035876535,0.4493013627,0.4099125533,0.5633002432,0.2452160741,0.2030678602,0.6902960328,0.01663169865,0.8951427286,0.4115694139,0.3799472578,0.3891879415,0.1471774228,0.848992684,0.8187347489
246.5,1,1,1,1,1,0.6548273741,0.5332066604,0.6021048098,0.4508815779,0.4138585571,0.5606966935,0.2446592562,0.2026094717,0.6925697953,0.01671007247,0.8945922691,0.412144396,0.3808128983,0.3880798401,0.1485435211,0.8489076135,0.8206179981
247,1,1,1,1,1,0.6542327371,0.533026581,0.6000045245,0.4505140322,0.4119687995,0.5597750147,0.2434170725,0.2026851792,0.6912917204,0.01674743006,0.8934494883,0.4103433758,0.382559736,0.3872890659,0.1472018907,0.8488872848,0.819419344
247.5,1,1,1,1,1,0.6561551135,0.5325333524,0.6019744879,0.4504882604,0.4125586447,0.5603221384,0.2434095862,0.2034191581,0.6929532824,0.01665198751,0.8934889624,0.4090027835,0.3807590753,0.3844694673,0.1485036556,0.8490093104,0.8201954954
248,1,1,1,1,1,0.6560497326,0.531470613,0.6021636747,0.4503640002,0.4109143784,0.5624326751,0.2412604479,0.2052555061,0.6917617012,0.01658688124,0.8932654881,0.4086188304,0.3834148329,0.3868780195,0.147183393,0.8483435572,0.8197704649
248.5,1,1,1,1,1,0.6549470338,0.5308785724,0.6030008338,0.4504236657,0.4115088074,0.5643595214,0.2428609806,0.2047233118,0.6923082424,0.01667742039,0.8929321326,0.4097682742,0.3811221071,0.3881943881,0.1479999925,0.8485935986,0.8197891032
249,1,1,1,1,1,0.6556171464,0.5320534046,0.6026527875,0.4541223132,0.4093527796,0.5641612134,0.243017038,0.2044516508,0.6926878287,0.01697516131,0.8929086579,0.4096490624,0.3792914276,0.3870522411,0.1497957624,0.8485252392,0.8193188497
249.5,1,1,1,1,1,0.6574471861,0.5331617602,0.6008353781,0.4553607819,0.4084692662,0.5623741515,0.2427421909,0.2046202767,0.6911248971,0.01692277057,0.8935470604,0.4108453911,0.3812978703,0.3880035519,0.1484525744,0.8493516471,0.8202560176
250,1,1,1,1,1,0.6565871844,0.5346944243,0.6028990375,0.4541485648,0.4093080703,0.5633001377,0.2434431968,0.2035384215,0.6908079844,0.01707216317,0.8945279171,0.4092897955,0.3816960395,0.3892947439,0.1484246522,0.8489805566,0.8215334509
250.5,1,1,1,1,1,0.6573156177,0.5340245723,0.6015546294,0.4543501688,0.4092333021,0.564732548,0.2423075981,0.2034998389,0.6908909929,0.01699772976,0.893925537,0.4131628217,0.3832713626,0.3896103611,0.149360897,0.8498158546,0.8209463277
251,1,1,1,1,1,0.6569151634,0.533773159,0.6032540004,0.4522309423,0.4093474063,0.5621261766,0.2434520122,0.2027826065,0.6907717456,0.01694149891,0.8941353839,0.4142651597,0.381705903,0.3877863439,0.1488373758,0.8487252064,0.8223534724
251.5,1,1,1,1,1,0.6570349254,0.5343176553,0.6025539177,0.4517595948,0.4084220416,0.5629840779,0.2448220742,0.2025054083,0.6914901054,0.01716635574,0.8931637892,0.4122604054,0.3815038806,0.3905894443,0.1477759164,0.848991212,0.8216616984
252,1,1,1,1,1,0.655619927,0.5341501659,0.6045079051,0.4509326823,0.4092480251,0.5618751229,0.2465477587,0.2026344357,0.6914838253,0.01720054065,0.8933219704,0.4143217087,0.3825460919,0.3879186229,0.1490290999,0.8484040603,0.8209616121
252.5,1,1,1,1,1,0.6532480472,0.5328280686,0.6060028934,0.4545934945,0.4081505287,0.5614708371,0.2446998537,0.2021700695,0.6898930557,0.01717987433,0.8923673216,0.4125767231,0.3842245481,0.3863700591,0.1485656125,0.8485509268,0.8202764284
253,1,1,1,1,1,0.6507532324,0.5336359089,0.6044272649,0.4543371266,0.4065411801,0.5598441239,0.2453528721,0.2015812784,0.6886623393,0.01708802156,0.8912169595,0.415083871,0.3837094219,0.3860020306,0.1485321034,0.8482437049,0.8210159818
253.5,1,1,1,1,1,0.6530176863,0.5376158141,0.6033259198,0.4541360997,0.4057032383,0.5594773779,0.2432353663,0.2023524342,0.6895286658,0.016951436,0.8922306012,0.4150710159,0.3844486518,0.3870909546,0.1482612053,0.8497279414,0.8229816986
254,1,1,1,1,1,0.6519273219,0.5363464432,0.603979689,0.4542586908,0.4062000475,0.5593270356,0.242387401,0.2017162496,0.6882514251,0.01691741693,0.8917791783,0.4124294908,0.384985747,0.3888856542,0.1478703074,0.8492837685,0.8210558729
254.5,1,1,1,1,1,0.6541340104,0.5351127155,0.6040387019,0.4528853994,0.4073093714,0.5607038368,0.2409255161,0.2004409338,0.6855191408,0.01687209956,0.8912684655,0.4132074401,0.3822443754,0.3912619496,0.1498763572,0.8486380409,0.8207073928
255,1,1,1,1,1,0.6552535069,0.5348488627,0.6016426212,0.4528984326,0.4084942102,0.561292522,0.2414454398,0.2007181873,0.6870690927,0.01690507023,0.8911274833,0.4162181565,0.3814544094,0.389829831,0.1488289049,0.849483572,0.8194873866
255.5,1,1,1,1,1,0.6556023831,0.5328748989,0.6020488075,0.4535024121,0.4073296939,0.5625971575,0.2396884953,0.2011316433,0.6879703791,0.0168254286,0.8908500134,0.4149117753,0.3827043586,0.3881425066,0.1491066104,0.8491762461,0.8196331704
256,1,1,1,1,1,0.6555554327,0.531984877,0.6034247232,0.4545468425,0.4094189077,0.5638415246,0.2408114571,0.2018204208,0.6898942976,0.01658932789,0.8907440265,0.4139529804,0.3832014282,0.3872757532,0.1484318363,0.8495127786,0.8200588223
256.5,1,1,1,1,1,0.6529560453,0.5331224439,0.60438341,0.4537354917,0.4084607884,0.5656651671,0.2414262573,0.2007401264,0.6888674099,0.016605099,0.8913785217,0.4127944265,0.3829486391,0.3869006627,0.1484626051,0.8496218101,0.8198980441
257,1,1,1,1,1,0.6556021297,0.5302318781,0.6051267612,0.4536679884,0.4081129971,0.5637285079,0.2432440062,0.2001353669,0.6861127318,0.01651513268,0.8922990466,0.4132178102,0.3827331565,0.3882262121,0.1475994307,0.8487464485,0.8188054029
257.5,1,1,1,1,1,0.6567759831,0.5324864833,0.6064615738,0.4544528412,0.4080446663,0.5620182325,0.245248806,0.2009455587,0.6859766124,0.01657292148,0.8924493077,0.4128249079,0.3818251966,0.3883084865,0.1481902115,0.8497472498,0.8185277089
258,1,1,1,1,1,0.6589576327,0.5369193505,0.6057843313,0.4558072998,0.4105546821,0.5619022367,0.2433331137,0.2008379856,0.6871134411,0.01664612998,0.8925239136,0.4127597022,0.3809013451,0.3866954931,0.1483946292,0.8507669759,0.8156600988
258.5,1,1,1,1,1,0.6598178966,0.5372039499,0.6040373262,0.4545354333,0.4118424865,0.5626954043,0.2438403201,0.2005334489,0.6862038571,0.01676767258,0.8936788744,0.4126826977,0.3826545144,0.3882789628,0.1478093115,0.8503853955,0.8153592654
259,1,1,1,1,1,0.6576826511,0.5340823244,0.6045951126,0.45392034,0.4125762433,0.5630394138,0.2449558063,0.2004597173,0.6860191103,0.01674039603,0.8928612236,0.4135768499,0.3813272049,0.390402296,0.1480513315,0.8492297792,0.8149902749
259.5,1,1,1,1,1,0.658288501,0.5342290061,0.6034936521,0.4554502161,0.4119098552,0.563368565,0.2446408999,0.2000304423,0.6869459838,0.01676670345,0.8934596266,0.4141432674,0.3824484205,0.3893622759,0.1477283111,0.8501644269,0.8144673415
260,1,1,1,1,1,0.6554787371,0.5331860574,0.6061401247,0.4568382781,0.4119931094,0.5642258871,0.2432770226,0.2004357546,0.6865710119,0.01665127229,0.8941125839,0.4132844238,0.3822513636,0.3873916175,0.1461228448,0.8508013393,0.8164267786
260.5,1,1,1,1,1,0.6568302352,0.5332382581,0.6040737647,0.4523426921,0.4109613044,0.5638258559,0.2435434774,0.2005699922,0.6891939688,0.01659928026,0.8932718282,0.4125587,0.380930301,0.3870024827,0.1449518421,0.8509279407,0.8156535544
261,1,1,1,1,1,0.6567524884,0.5317312909,0.603931325,0.4516829824,0.4117666178,0.5635054775,0.2447653453,0.2012562097,0.6902200155,0.01660418451,0.8930162384,0.4146026618,0.3844200866,0.3837727238,0.1453786711,0.8507466349,0.8159572411
261.5,1,1,1,1,1,0.655572073,0.5354083693,0.6044309608,0.4519119106,0.4120929302,0.5643178858,0.2438725806,0.2016423882,0.6882149062,0.01671871397,0.8928207806,0.4138116598,0.3829049394,0.3855213691,0.1448877107,0.8512856369,0.8175138332
262,1,1,1,1,1,0.6567901721,0.5342285685,0.6027818916,0.4505504112,0.4134154863,0.5610593039,0.2427514438,0.2004740636,0.6901023874,0.01650277075,0.8930270629,0.4125073275,0.3803237573,0.3870816616,0.1463071939,0.8524696328,0.8179190693
262.5,1,1,1,1,1,0.6578177619,0.5328718639,0.603117309,0.4518041593,0.4097476113,0.5617711584,0.2433603496,0.2000466597,0.688372203,0.01650304616,0.8924280161,0.4115147999,0.3837360142,0.3859125557,0.1478181735,0.8528321558,0.819153435
263,1,1,1,1,1,0.6560803444,0.5351453653,0.6035523811,0.4487380214,0.409933836,0.5609018356,0.2420273527,0.2022587778,0.6893805664,0.01649828187,0.8931146808,0.4092442906,0.3817553897,0.3879184216,0.1495517983,0.8515642601,0.81930713
263.5,1,1,1,1,1,0.6546930974,0.5355732287,0.6028952758,0.4499343567,0.4109574689,0.5623803857,0.2408916205,0.2025784018,0.6880794955,0.01642331118,0.8925011795,0.4088925021,0.3785429501,0.384940087,0.1494698049,0.8509337342,0.8193604285
264,1,1,1,1,1,0.6560324489,0.5354200614,0.6024572982,0.4497958901,0.4101297513,0.5626152985,0.2381147946,0.2011884535,0.6873161071,0.01638020175,0.8923841129,0.4088238948,0.3769516581,0.383913919,0.1492742856,0.8516927567,0.8175654657
264.5,1,1,1,1,1,0.6559434158,0.5334073891,0.6013472506,0.4493007711,0.410242323,0.5614538992,0.2401981293,0.2000828135,0.6874921155,0.01628957427,0.8925973931,0.4102078402,0.3781634872,0.3833849827,0.1483191245,0.8503186101,0.8173990351
265,1,1,1,1,1,0.6566022855,0.5357330842,0.6020900894,0.4479791853,0.4105154376,0.563040872,0.2409072724,0.2015140726,0.6862560137,0.01643520086,0.8924309036,0.4096464276,0.3779122364,0.3827532184,0.1487641075,0.8501054944,0.8173801757
265.5,1,1,1,1,1,0.6561601571,0.5342654584,0.6042608602,0.4475775982,0.4106491656,0.561778022,0.2405662295,0.2008914564,0.6842620409,0.01649034352,0.892249685,0.4096516829,0.3805023622,0.382213439,0.1470900754,0.8497565476,0.8168521555
266,1,1,1,1,1,0.6545457124,0.5361018255,0.603212044,0.4513849054,0.4100309738,0.5624649241,0.2402759462,0.2012303803,0.6866178439,0.01642711135,0.8919286744,0.4119264177,0.3797190591,0.3840954828,0.1463439673,0.8490596043,0.8166259712
266.5,1,1,1,1,1,0.6537956928,0.5356578608,0.6021195317,0.4497429996,0.4097351364,0.56401044,0.2405463624,0.2000957379,0.6866892759,0.01645556112,0.8933121098,0.4138263125,0.3810928976,0.3821750705,0.1473978045,0.8486057426,0.8172788557
267,1,1,1,1,1,0.6536402293,0.5369890094,0.6054352642,0.4519867321,0.4083925792,0.5648299546,0.2396620033,0.2015423089,0.6853065888,0.01657063054,0.893205491,0.4130218108,0.3794842077,0.3872920582,0.1481754478,0.8492239393,0.8168184316
267.5,1,1,1,1,1,0.6548014465,0.5368645525,0.6042127475,0.4508428733,0.4089601274,0.5646196822,0.2403423174,0.2006669057,0.6831255706,0.01669109128,0.8926034108,0.4119001675,0.3775488554,0.385233538,0.1485970302,0.8510853107,0.8173540262
268,1,1,1,1,1,0.6519295525,0.5385083187,0.6046755274,0.4513367236,0.4074053468,0.5624329068,0.2408110018,0.1992049944,0.681998496,0.01661700255,0.8924051577,0.4128074108,0.3802407407,0.3862958058,0.147337222,0.8511307497,0.8178140629
268.5,1,1,1,1,1,0.6531303797,0.5357117535,0.6054694381,0.4528059146,0.4087879716,0.5612907101,0.2418161111,0.1997771801,0.6824872565,0.01671302552,0.8927670316,0.4115634545,0.3810395373,0.3884881131,0.1472273506,0.8510664318,0.8181930821
269,1,1,1,1,1,0.6562300824,0.5343504172,0.6042684649,0.4522686984,0.4080579383,0.5646980375,0.2416463317,0.2018329607,0.6836297067,0.01687806331,0.8927608385,0.4142546321,0.3802402349,0.3880409843,0.1470433502,0.8507096741,0.8182385384
269.5,1,1,1,1,1,0.6567296182,0.5339737233,0.6033677163,0.4536564847,0.4084713853,0.5643620577,0.2435497238,0.2010405914,0.6846282143,0.01689388596,0.8925018468,0.4146088467,0.3810904133,0.3839711045,0.1473275506,0.8493791254,0.819206633
270,1,1,1,1,1,0.6541772261,0.5371127964,0.6042044176,0.4533155901,0.4107123765,0.5625075887,0.2450966032,0.2009043192,0.6839039876,0.01699675805,0.8916058134,0.4143368518,0.3796759966,0.3819320911,0.1475940533,0.8492027914,0.8195180067
270.5,1,1,1,1,1,0.6565307717,0.5349997734,0.6035214768,0.4515324245,0.4101905152,0.5617210094,0.2454790432,0.2011361721,0.6840075715,0.01683481253,0.8924857117,0.4124880528,0.3774008588,0.3841435817,0.1472723923,0.8484537424,0.8188586921
271,1,1,1,1,1,0.6582927794,0.5355126872,0.6058130602,0.4508536826,0.4101766244,0.5623559375,0.245760116,0.2025892038,0.6859826557,0.01702971153,0.892151159,0.4125667086,0.3808740018,0.3821712244,0.1467652449,0.8493176749,0.8180463655
271.5,1,1,1,1,1,0.6577743607,0.5339434627,0.6065388652,0.4510726064,0.409952865,0.5640079978,0.245952435,0.2014300261,0.6827702415,0.01705414319,0.8928258185,0.412548748,0.3790076701,0.3824953931,0.1466995311,0.8488756932,0.8177264132
272,1,1,1,1,1,0.6569576824,0.5373361666,0.6042922827,0.44955034,0.4120144986,0.5650716979,0.2434916625,0.2008503996,0.682272068,0.01689328357,0.8931961168,0.4122836146,0.380048209,0.3836209897,0.1465329545,0.8482420249,0.8188649795
272.5,1,1,1,1,1,0.6556722271,0.5369956028,0.6026604258,0.4531193113,0.4121503455,0.5643053483,0.243597935,0.2000002354,0.6794968639,0.0165806924,0.8937265805,0.4134501547,0.3794988262,0.385624009,0.1477413665,0.8478584123,0.8174036615
273,1,1,1,1,1,0.6564512243,0.5348252253,0.6047048998,0.4528975667,0.4118747715,0.5637121076,0.2426952577,0.2026120686,0.6788657274,0.01659726906,0.8939760056,0.4131501024,0.3788851314,0.3858320299,0.1455639521,0.8482254512,0.8173999805
273.5,1,1,1,1,1,0.6561690328,0.5350561246,0.6036380125,0.4535429913,0.4096562011,0.5641841033,0.243894304,0.2019135532,0.6809192096,0.016788816,0.8942010268,0.4136217649,0.3802293977,0.3880574264,0.1464432981,0.8495986857,0.8184228165
274,1,1,1,1,1,0.6535190152,0.5337792314,0.6050543465,0.4545876324,0.4079976824,0.5632021368,0.2423155558,0.2031426471,0.6814607317,0.01672049954,0.8942420242,0.4141887211,0.3807197737,0.3894101996,0.1456494127,0.8492903367,0.8175801763
274.5,1,1,1,1,1,0.654313087,0.5337467841,0.6047162355,0.4530398221,0.4105409502,0.5638607338,0.2430895547,0.2026057057,0.6801017405,0.01671702377,0.893822243,0.414744641,0.3797991712,0.3884063176,0.1458624072,0.8503042175,0.8182449066
275,1,1,1,1,1,0.6544176961,0.5339724778,0.6055591107,0.455009829,0.4100645303,0.5651999753,0.2423781398,0.2019960014,0.6791468121,0.01685975123,0.8941185572,0.412868126,0.3791771877,0.390450651,0.1459818649,0.8510897504,0.8181325043
275.5,1,1,1,1,1,0.6582807659,0.5342669908,0.606168301,0.4546650861,0.4110985289,0.5663927499,0.2428664459,0.2024150469,0.6790345482,0.01663331593,0.8937664184,0.4112251962,0.3780285228,0.3916722082,0.1470203039,0.8505815699,0.8184339458
276,1,1,1,1,1,0.6552454288,0.5347540288,0.6019905632,0.453760838,0.4101997995,0.5661897142,0.2437356108,0.2019603607,0.6791621453,0.01659111332,0.8936734295,0.4106437597,0.3781483123,0.3923770277,0.1481627592,0.8489903427,0.8182155587
276.5,1,1,1,1,1,0.652888494,0.5351719702,0.6034608566,0.4538796522,0.4111558989,0.5657146029,0.244908667,0.2016114122,0.6785624427,0.01668209737,0.8918462521,0.4102044358,0.3802226472,0.3897982235,0.1487035011,0.8499097507,0.819665263
277,1,1,1,1,1,0.6526171247,0.5354099372,0.6046916008,0.4530114052,0.4098625094,0.5634738299,0.2442622327,0.2026143849,0.6798169747,0.01671404951,0.8924202407,0.4106877471,0.3815073646,0.3909849043,0.1488495038,0.8498441236,0.8186771224
277.5,1,1,1,1,1,0.6510003041,0.5358681999,0.6028710701,0.4563557522,0.4066393075,0.5621351235,0.2439370093,0.2050621531,0.678302941,0.01676370449,0.8920019034,0.4104486505,0.3787711948,0.3891425363,0.1493735501,0.849155908,0.816476949
278,1,1,1,1,1,0.6511980609,0.5371997993,0.6045511571,0.4537057851,0.405632959,0.564105546,0.2431295675,0.2054928529,0.6789549051,0.01677209943,0.8925985722,0.4109459947,0.3804251533,0.3881847703,0.148123809,0.8497065836,0.8153388586
278.5,1,1,1,1,1,0.6518875928,0.5366476939,0.6026864302,0.455056961,0.4062439774,0.5619974567,0.2424078238,0.2036768205,0.6787743196,0.0168881594,0.8933318238,0.4122038586,0.3833642057,0.3879946311,0.1483765781,0.849855513,0.8157707193
279,1,1,1,1,1,0.6519265475,0.536135437,0.6044481197,0.4529771224,0.4085476878,0.5617768428,0.2419000056,0.2026278231,0.6797946402,0.01694888285,0.894033061,0.4112550555,0.3820850684,0.3867099672,0.1481086382,0.8514736994,0.8156081591
279.5,1,1,1,1,1,0.6545631989,0.5333094475,0.6039320753,0.4533559314,0.405579192,0.5647685597,0.2436171765,0.2027242888,0.6799608713,0.01704158505,0.8951136267,0.4142859312,0.3791981975,0.3853297098,0.147992122,0.8516060404,0.8170305853
280,1,1,1,1,1,0.6526383568,0.5368427427,0.603818661,0.4532966988,0.4070076639,0.5668978561,0.2447549451,0.2007516744,0.6798559504,0.01708621709,0.8948997805,0.415800053,0.3811310667,0.384877151,0.1470599376,0.8513360225,0.8167997384
280.5,1,1,1,1,1,0.6544499848,0.535480414,0.6034971362,0.4543728505,0.4089466047,0.5674509223,0.2437420485,0.2020632428,0.6793922738,0.01711341946,0.8936783206,0.4148342545,0.3818179852,0.3847719679,0.146545621,0.8506312871,0.8181056932
281,1,1,1,1,1,0.6566141303,0.5378963661,0.6039470774,0.4547724691,0.4112417457,0.5691567609,0.2423828124,0.2032433792,0.6774364753,0.01717789042,0.8938613865,0.4142285213,0.3817756747,0.3842401655,0.1466409499,0.850657488,0.8179662802
281.5,1,1,1,1,1,0.6567511847,0.5407118734,0.6026846405,0.4528638954,0.407777781,0.5667908556,0.2433061973,0.2035737076,0.6791595324,0.01707639796,0.8943283754,0.4137424559,0.3797833704,0.382776616,0.1467557229,0.8500030006,0.8177303758
282,1,1,1,1,1,0.6549416475,0.5376099936,0.5994514984,0.4508578808,0.4100608919,0.5674583807,0.243612847,0.2032370699,0.6788580301,0.01706600781,0.8947104287,0.414023585,0.3820597895,0.3836366226,0.1453335805,0.8488778069,0.8161783187
282.5,1,1,1,1,1,0.6532026079,0.5360617272,0.6013809782,0.4543690957,0.4095773223,0.5688476388,0.2428820928,0.2029341564,0.6782762414,0.01714032946,0.8953749322,0.4136489361,0.3821248049,0.3810605734,0.1457479719,0.84768775,0.8159910721
283,1,1,1,1,1,0.6539326699,0.5351947305,0.6028027718,0.4554230031,0.4115323358,0.5677254533,0.2425594681,0.2040286414,0.6774574198,0.01720662188,0.8953332274,0.4135822444,0.3824235722,0.3806236044,0.1461234623,0.8489040066,0.814790307
283.5,1,1,1,1,1,0.6527825016,0.5364090725,0.6043899256,0.4550805522,0.4141191767,0.5665809913,0.243557096,0.2039958405,0.6776320319,0.01704164406,0.8955544066,0.4140313114,0.3822659877,0.3806713749,0.1468105351,0.8491931538,0.8148204233
284,1,1,1,1,1,0.6526538883,0.5352529973,0.6042648534,0.4552756981,0.4125587192,0.5672120191,0.2448748317,0.2055030032,0.6780760519,0.016887015,0.8948726648,0.4139960196,0.3845093849,0.3819105617,0.1459298213,0.8483980083,0.8145078613
284.5,1,1,1,1,1,0.6535775957,0.5340096112,0.6046275382,0.4534707097,0.4110018572,0.564409082,0.247655776,0.2053188959,0.6766594148,0.01713139153,0.8953654539,0.4135380857,0.3872069954,0.3823246051,0.1456870682,0.8487137086,0.8147278346
285,1,1,1,1,1,0.6562721074,0.5363014515,0.6054921244,0.454470918,0.4102917768,0.5649174852,0.2498191357,0.2053816053,0.6755354071,0.01700972514,0.8950236332,0.41127955,0.3865694789,0.38396448,0.1452783259,0.8490334954,0.8165541611
285.5,1,1,1,1,1,0.6576495081,0.5352277101,0.6064155191,0.4554536454,0.4116226353,0.5653414992,0.2472649016,0.2043863545,0.678821737,0.01694907864,0.8937996608,0.4111998354,0.3840912015,0.38249283,0.145954502,0.8501724189,0.8178755071
286,1,1,1,1,1,0.6560106409,0.5355536083,0.6023510987,0.4557371143,0.4100021512,0.5654021865,0.2464275342,0.2031252593,0.6781078639,0.01694311577,0.8936114458,0.410811163,0.382461922,0.381956385,0.145868231,0.851325187,0.8185552138
286.5,1,1,1,1,1,0.6549115635,0.5355399453,0.6022948262,0.4572110804,0.4128436574,0.5654587146,0.2459104314,0.2028784733,0.6796670606,0.01700318802,0.892540451,0.4115890482,0.3843215215,0.3856725085,0.1461482216,0.8514849817,0.8185884631
287,1,1,1,1,1,0.6567893334,0.5344507486,0.6042013315,0.4555324805,0.4128656262,0.5651137009,0.2460472462,0.2032541611,0.679862877,0.01678272251,0.8921961934,0.4147441446,0.3867093801,0.3859143296,0.1472572757,0.8521957032,0.8193040108
287.5,1,1,1,1,1,0.6566789395,0.5363556506,0.6058100743,0.4539471243,0.4111849076,0.5632580973,0.245601672,0.2036257274,0.6809494586,0.01703698242,0.8908208672,0.4153271006,0.3859983549,0.3876343255,0.1464580611,0.8523506415,0.8189781164
288,1,1,1,1,1,0.6560570723,0.5360590042,0.6047118701,0.4522098175,0.4122283038,0.5617333959,0.2444076876,0.2026284327,0.681952156,0.01705565419,0.8898731871,0.41426372,0.3860748647,0.3887732735,0.1466623865,0.8524698141,0.8175649789
288.5,1,1,1,1,1,0.6560246807,0.5363746261,0.6027154046,0.4529467698,0.4093321265,0.5629908882,0.2432596345,0.2022836903,0.6838340721,0.0170159054,0.8906883734,0.4128353332,0.3859780023,0.385636099,0.1470095898,0.8524756961,0.8186496478
289,1,1,1,1,1,0.6561277426,0.5349034753,0.6028513088,0.4539103344,0.4099438011,0.5624551204,0.2417799044,0.204475128,0.6810200906,0.01699562505,0.8907286325,0.4143315231,0.3838922673,0.3843200269,0.1475921002,0.8525787343,0.8179378197
289.5,1,1,1,1,1,0.6562312045,0.5332870455,0.6040196119,0.4553700902,0.4102704944,0.5641180893,0.2423354939,0.202450851,0.6839265518,0.01686006716,0.8913474241,0.4123673559,0.3839664803,0.3833968605,0.1485066837,0.8539684979,0.8185852261
290,1,1,1,1,1,0.6577791935,0.5351170516,0.6028362778,0.4539362027,0.4118046693,0.5647109583,0.2424758454,0.2015304532,0.6852217748,0.01657901243,0.8913452366,0.4088706494,0.3839897626,0.3845719277,0.1483459355,0.8535470201,0.8199272239
290.5,1,1,1,1,1,0.6572709216,0.5352279893,0.6022074434,0.4525652994,0.4113125536,0.5653751919,0.2447759103,0.2028273073,0.6857461473,0.01644914244,0.8908252047,0.4114922805,0.3830225136,0.3830578759,0.1485724972,0.8526115484,0.8211980912
291,1,1,1,1,1,0.6541980441,0.5368969107,0.6018464669,0.4517916024,0.4129795913,0.5664286689,0.2433034208,0.203900091,0.6845457273,0.0164968362,0.8907724179,0.4138603698,0.3841718145,0.3865452313,0.1482130385,0.8523305941,0.8210688211
291.5,1,1,1,1,1,0.6543706154,0.5350590799,0.6029802715,0.4498237792,0.4134424305,0.565468318,0.243506713,0.2034403753,0.6818943573,0.01664956637,0.8913862585,0.4140003774,0.3828102583,0.3906624704,0.1483594181,0.8527929113,0.8211968265
292,1,1,1,1,1,0.6537768498,0.5346658295,0.603333278,0.4513997948,0.4141949226,0.5645253644,0.2425974488,0.2030719551,0.6839548847,0.0165806819,0.8904227695,0.4140133723,0.3855519919,0.390403029,0.1491000524,0.8520844532,0.8215518905
292.5,1,1,1,1,1,0.657418127,0.53175098,0.6035226024,0.4500344426,0.4108057565,0.5633640796,0.243159348,0.2021896413,0.6843321595,0.01665192808,0.8912324745,0.4132743085,0.3835108342,0.391146452,0.1477111711,0.8519465809,0.8221887785
293,1,1,1,1,1,0.6563209372,0.5338348628,0.6058448046,0.4493231618,0.4120439009,0.5634361256,0.2426739661,0.2028369951,0.6862245542,0.01666351403,0.8921745173,0.413770337,0.3831804942,0.3898324607,0.1490754858,0.8532544088,0.8221120041
293.5,1,1,1,1,1,0.6574959161,0.5319925289,0.6059182469,0.4506112304,0.4088968398,0.5626502898,0.2423476414,0.2017226624,0.6889830279,0.01667324552,0.8920844288,0.4133627679,0.3837160917,0.3886233433,0.1489358775,0.8513951479,0.8203287035
294,1,1,1,1,1,0.6594634438,0.5357372484,0.6067533313,0.4523791243,0.408856097,0.5628561729,0.2419768855,0.2018085693,0.6881915166,0.01675272598,0.8916860125,0.4138655116,0.3852977446,0.3909069047,0.1481536514,0.8510233418,0.8206492927
294.5,1,1,1,1,1,0.6591482667,0.5361151459,0.6036711952,0.4536634402,0.4074246268,0.5626827908,0.2435617838,0.200277596,0.6883702065,0.01672309664,0.8914469109,0.4119395564,0.3834894109,0.3884250553,0.148200553,0.8513897112,0.8217376924
295,1,1,1,1,1,0.6572816678,0.5366889701,0.6037423609,0.4537765535,0.4073310664,0.5634526261,0.2427144854,0.1997005986,0.6887040314,0.01671006586,0.8925231072,0.4107151707,0.385877365,0.3864012088,0.1468122889,0.851537982,0.8221038716
295.5,1,1,1,1,1,0.6570056595,0.5367204746,0.6031389189,0.4543543726,0.4092504545,0.5662867063,0.2420269914,0.2004426644,0.6868945281,0.01684652685,0.8912230929,0.4094530334,0.3835480435,0.3883961029,0.1477571439,0.8505913728,0.8204233211
296,1,1,1,1,1,0.6556563165,0.5367539139,0.6040673564,0.4551641202,0.4099853983,0.5664736016,0.2432074295,0.2008763036,0.6859576928,0.0168160079,0.8915180993,0.4110894753,0.3852163338,0.3885487836,0.146067921,0.8503942045,0.8210767842
296.5,1,1,1,1,1,0.658202689,0.536056564,0.604294168,0.453498662,0.4087570508,0.5654344402,0.2422341427,0.1998316091,0.6858628294,0.01673821289,0.8917770042,0.4115450136,0.3836484507,0.3886963591,0.146435907,0.8487873404,0.8211294383
297,1,1,1,1,1,0.6565156949,0.5364943694,0.6033547497,0.4535976666,0.4077048074,0.5660083321,0.2421179452,0.2014292444,0.6840060127,0.01667194179,0.8925411665,0.4098729896,0.3819723897,0.3886428709,0.1477837519,0.8481183541,0.8211421053
297.5,1,1,1,1,1,0.6575530449,0.535262515,0.6042949411,0.4541099114,0.4077437841,0.5663939225,0.2440171877,0.2012196594,0.6852506314,0.01663030831,0.8920599245,0.4085707222,0.381569054,0.3895405176,0.1477605488,0.8475323281,0.8211028285
298,1,1,1,1,1,0.6552329838,0.5375003059,0.6035641474,0.4556491399,0.4084711246,0.5681138364,0.2425668214,0.2025288846,0.6867404187,0.01676192103,0.8929495175,0.4092569255,0.3808297224,0.3877145466,0.1496028935,0.8480918398,0.8216844514
298.5,1,1,1,1,1,0.6535296276,0.5353715146,0.6046707041,0.4565088893,0.4075092816,0.5688288696,0.2418200918,0.2007959006,0.6858594992,0.0167753454,0.8930376394,0.4102301224,0.3785095293,0.3861122461,0.1510300497,0.8472359959,0.8232544016
299,1,1,1,1,1,0.6538270537,0.5347400235,0.6031148645,0.4563827015,0.4086745473,0.5674735362,0.242314642,0.2001740557,0.6836535329,0.01685894817,0.8918275739,0.4129017173,0.3782775714,0.3855912691,0.1502060094,0.8467799202,0.8224473046
299.5,1,1,1,1,1,0.6542562224,0.5336648664,0.604403997,0.4548787702,0.4074933597,0.5646933035,0.2425596696,0.20073514,0.6847869591,0.01695370491,0.8918192242,0.4141551892,0.3773228328,0.3858102787,0.149317133,0.8477074194,0.8227382004
300,1,1,1,1,1,0.6537067456,0.5331166537,0.6024621959,0.4572961935,0.4071124276,0.5661245872,0.2426957366,0.2019909947,0.6855173465,0.01706235547,0.8924418445,0.4139890001,0.3789397231,0.3842142667,0.1476733573,0.8499708706,0.8222834665
300.5,1,1,1,1,1,0.6533079717,0.5324437851,0.6038410684,0.4548648608,0.4048601311,0.5625304062,0.2417686599,0.2014475771,0.6840404102,0.01703893347,0.8933919573,0.415811834,0.379101109,0.3854442164,0.1475994173,0.8492376915,0.8223709945
301,1,1,1,1,1,0.653572762,0.5339530788,0.6007106246,0.4549705133,0.406333757,0.5650266585,0.2432882304,0.1994995333,0.6844782737,0.01699612063,0.8930004815,0.4132248468,0.3780475096,0.3844247645,0.1472555,0.8502424628,0.8227055117
301.5,1,1,1,1,1,0.6545377575,0.5346286809,0.6026701403,0.4526925594,0.4079077749,0.5642261994,0.2453584338,0.2013774594,0.6829026203,0.01695337987,0.8929315926,0.4137072842,0.3779782745,0.3828015266,0.1463313741,0.8495911748,0.8232342523
302,1,1,1,1,1,0.6519570469,0.5324930552,0.604215843,0.4504776561,0.4103753929,0.5653144464,0.2464126842,0.201800058,0.6802080602,0.0168063729,0.8925390941,0.4149102925,0.377081024,0.3809178681,0.1467060224,0.8489766109,0.8223049775
302.5,1,1,1,1,1,0.6544246093,0.5341632632,0.6027699476,0.4523975038,0.4086421471,0.5644364984,0.2478370345,0.202684635,0.6802692779,0.01682197562,0.8921901924,0.4148638877,0.3779124348,0.3807690337,0.1467709348,0.8487574535,0.8206431512
303,1,1,1,1,1,0.6567865875,0.5326088335,0.6058395157,0.4505516571,0.4105682582,0.5664836552,0.2467170588,0.2032277342,0.6823343415,0.01701980982,0.8921849932,0.4151519662,0.3798093814,0.3802523981,0.1479522955,0.8490187173,0.8199642955
303.5,1,1,1,1,1,0.6566107106,0.5325436253,0.6049475385,0.4500598072,0.4103504385,0.5627451141,0.2443600993,0.203211551,0.6812057388,0.01699366208,0.8919634208,0.4153740545,0.3817142179,0.3790172572,0.1481948109,0.8492408952,0.820695157
304,1,1,1,1,1,0.6564505785,0.5325612805,0.6006435788,0.4502677061,0.4103179058,0.5616167805,0.2462471258,0.2036136246,0.6809889368,0.01705382385,0.8923294347,0.4145053,0.3805500949,0.3804112511,0.1473310023,0.8501866043,0.8180833584
304.5,1,1,1,1,1,0.6554215327,0.5327172866,0.6017241271,0.4498205108,0.4086850524,0.5629875776,0.2441530028,0.2025649411,0.6808975708,0.01690257041,0.8925967299,0.4159190152,0.379642808,0.3816378425,0.1469521742,0.8495805165,0.8183334881
305,1,1,1,1,1,0.6551943853,0.5332470043,0.6010803173,0.4519266245,0.4074291777,0.5606970943,0.2449670433,0.201489753,0.6783139646,0.01677401151,0.8918056242,0.411401601,0.3814798536,0.3830877797,0.1463700132,0.849405272,0.8188532832
305.5,1,1,1,1,1,0.6571470232,0.532469347,0.6027035318,0.449744558,0.4096012385,0.5600858301,0.243180055,0.2029177474,0.678625648,0.01679587155,0.8910786467,0.4147878233,0.3805248401,0.3831772306,0.1459110754,0.848648716,0.8202053264
306,1,1,1,1,1,0.6585034151,0.5326839747,0.6032541125,0.4498585621,0.4081323962,0.5622451947,0.2439404755,0.2021028378,0.6801563136,0.01674403328,0.8909287134,0.4159062225,0.3825659465,0.3824793027,0.146964439,0.8491022173,0.8208641878
306.5,1,1,1,1,1,0.6588769663,0.5326490068,0.6027972451,0.4502502372,0.4102281293,0.5619077607,0.2428746932,0.1995079189,0.6807017387,0.01646972768,0.8915882009,0.4134872572,0.3801537029,0.3832341499,0.1472828962,0.84900592,0.8212964658
307,1,1,1,1,1,0.658590497,0.5313458573,0.6040885875,0.4491283811,0.4084642144,0.5622745402,0.2418559569,0.1996066827,0.6814073798,0.01643622699,0.8935553566,0.4141536927,0.3793687792,0.3817894819,0.1463790458,0.849471614,0.8201353842
307.5,1,1,1,1,1,0.6599684455,0.5316327995,0.6007944273,0.4532611172,0.4115594985,0.562205797,0.2415247744,0.1999318243,0.6829887884,0.01655910662,0.8927560098,0.4134660729,0.3803736607,0.381508688,0.1472578496,0.8488165838,0.8194300405
308,1,1,1,1,1,0.6591393168,0.5343704692,0.6028061693,0.4514191982,0.4088020161,0.56508764,0.2407068882,0.1990606095,0.6830915684,0.01645541783,0.8936917456,0.4115803503,0.3811398888,0.381453554,0.1457691084,0.8495567547,0.8198393926
308.5,1,1,1,1,1,0.6586966555,0.5346533635,0.603544901,0.4525201887,0.4074949582,0.5665245507,0.2411509585,0.2000227737,0.6797013034,0.01661540132,0.893891374,0.4108836217,0.3792050272,0.384542134,0.1463317193,0.8486682511,0.8196526985
309,1,1,1,1,1,0.6572901338,0.535975744,0.6045489376,0.4519257921,0.4102375303,0.5640758535,0.242101774,0.1993299707,0.6779378659,0.01667656256,0.8934309055,0.4118372988,0.3797611509,0.3853934076,0.1471395254,0.8492261169,0.8191589406
309.5,1,1,1,1,1,0.6575086965,0.5353738692,0.6046872102,0.449221041,0.4097851199,0.5617230964,0.2401957908,0.2006599706,0.6771347554,0.01658930306,0.8935825582,0.4101149473,0.378077459,0.3841773579,0.1476441911,0.8495708502,0.8187278273
310,1,1,1,1,1,0.6578367363,0.5356176573,0.6041020594,0.4527084313,0.4103207709,0.5628253307,0.2411396881,0.1997288356,0.6791002452,0.01671020551,0.8931874256,0.4113512111,0.3794313293,0.3851559472,0.1465735271,0.8494167585,0.8205219738
310.5,1,1,1,1,1,0.6597500927,0.5353327838,0.6029221204,0.4512284002,0.4106278907,0.5649168005,0.2427816232,0.2002687473,0.6773986697,0.01673374589,0.8934416699,0.4092224936,0.3806172814,0.3856552398,0.1464817232,0.8487432877,0.8192538347
311,1,1,1,1,1,0.6596655102,0.5336271384,0.6035721789,0.4532168415,0.4083475616,0.5671236693,0.2432622245,0.2007371114,0.6771934719,0.01678903734,0.8938144817,0.4072509326,0.3794477043,0.3851976474,0.1463868601,0.8474337189,0.8187247333
311.5,1,1,1,1,1,0.6596254427,0.5358213768,0.6021909159,0.4522836582,0.410407098,0.5688034869,0.2438841219,0.2008541127,0.6759728493,0.01679215583,0.8930249066,0.4090607402,0.3785121879,0.3858110534,0.1477757566,0.8486674521,0.8196301686
312,1,1,1,1,1,0.6600200699,0.5394799277,0.6028410836,0.4539274332,0.4085662026,0.5685510815,0.2444851273,0.2023084281,0.6754173302,0.01654173582,0.8933093624,0.4124176126,0.3787189289,0.3843772284,0.1478108126,0.8482420191,0.8209604858
312.5,1,1,1,1,1,0.6604601868,0.5368939407,0.6035708172,0.454525034,0.4069400191,0.5650290986,0.2449158491,0.2022000871,0.6774456034,0.01651760421,0.8930603956,0.4099421861,0.3807648233,0.3817081074,0.1483745183,0.8491502338,0.8217844029
313,1,1,1,1,1,0.6603639854,0.5359491147,0.6040884299,0.4557317657,0.4076113433,0.5671144041,0.2455709245,0.2021257493,0.6801084932,0.01648952296,0.8924826365,0.4085455545,0.3788621248,0.3853344045,0.1478595633,0.8495688588,0.8197809603
313.5,1,1,1,1,1,0.6593985773,0.5363047919,0.6041417057,0.4519818661,0.4094515289,0.5664863182,0.2471838075,0.2016311101,0.6776292138,0.01648977506,0.8931065667,0.4096971438,0.3809835256,0.3874350418,0.1479605484,0.8512112077,0.8192806808
314,1,1,1,1,1,0.6589016299,0.5325841243,0.6041842524,0.4547540277,0.409619064,0.5666692175,0.2470648331,0.202136056,0.6779393725,0.01651858168,0.8930973115,0.411737978,0.3814550758,0.3868764122,0.1473880917,0.8520564158,0.8173210605
314.5,1,1,1,1,1,0.6584186695,0.5307651627,0.6030835084,0.4567734028,0.4113521512,0.568071448,0.2470782754,0.2029407717,0.6796500182,0.0167521681,0.8926440512,0.4108488262,0.3827588863,0.3843193608,0.1456840837,0.8505747309,0.8173311759
315,1,1,1,1,1,0.6622942506,0.5321578174,0.6014205922,0.4554646941,0.4094649869,0.5655909388,0.2469559307,0.2019842158,0.6788953982,0.01662692262,0.8923178927,0.4123851602,0.3829631906,0.3849708669,0.1458515998,0.8508685769,0.8168668695
315.5,1,1,1,1,1,0.6609635315,0.5319329792,0.6042168573,0.4545374981,0.4092573537,0.565046846,0.2461651279,0.2033584084,0.6775912539,0.01677037668,0.8912010551,0.4131155837,0.3861484269,0.3848876844,0.1464314927,0.8524078186,0.8173582562
316,1,1,1,1,1,0.6578688995,0.5341463131,0.6033245639,0.4527807333,0.4072742916,0.5648904935,0.2463349363,0.2025709358,0.678245605,0.01680409817,0.8915006166,0.4129717114,0.3856955063,0.3867193003,0.1460592634,0.8521969645,0.8165777817
316.5,1,1,1,1,1,0.6581349434,0.5336496321,0.6032685093,0.4529139732,0.4081772973,0.5658566992,0.2464184305,0.2009273264,0.6794563008,0.01666601101,0.890816596,0.4147792499,0.3856672424,0.3862247435,0.1454983406,0.8514380173,0.8158592474
317,1,1,1,1,1,0.6598056419,0.5348520872,0.6027495986,0.4505179257,0.4076538207,0.5636428254,0.2481595899,0.2012202806,0.6805170363,0.01671557001,0.8917631409,0.4135557612,0.3823793046,0.385994255,0.1459938424,0.8525456948,0.8155808529
317.5,1,1,1,1,1,0.6559647548,0.534150071,0.6006883469,0.4546510437,0.4078422918,0.5647036814,0.2446978574,0.201235766,0.6800861422,0.0169281429,0.8916590268,0.4140243048,0.3840865239,0.3845319721,0.1464333025,0.8523073287,0.8164490929
318,1,1,1,1,1,0.6536726664,0.536572307,0.6024279958,0.4550229543,0.4084743483,0.5609183874,0.2418403386,0.2025613766,0.6791515549,0.01708883601,0.8923794496,0.4135239735,0.3813937402,0.3840427763,0.1458593624,0.852084061,0.8189746465
318.5,1,1,1,1,1,0.6532189741,0.5359288463,0.6043749016,0.4515147182,0.4081138239,0.5594115449,0.2438785083,0.2024520957,0.6799840036,0.01675054016,0.8912879481,0.4135934714,0.3807110055,0.3842700243,0.1465697675,0.8523781173,0.8193343646
319,1,1,1,1,1,0.6515598805,0.5357178188,0.6052576927,0.4508658921,0.4084453131,0.557611892,0.2453260685,0.2034500164,0.6823155744,0.01665577712,0.8907920382,0.4124917063,0.3822392596,0.3839638872,0.1488132675,0.8512450127,0.8197355517
319.5,1,1,1,1,1,0.6504299359,0.5354764234,0.6060919735,0.4527607421,0.40905933,0.5619007754,0.2452852046,0.2033152659,0.6815477145,0.01660570009,0.8891751821,0.411207354,0.3819621733,0.3841299526,0.1472838039,0.8509169364,0.8200720373
320,1,1,1,1,1,0.6511440022,0.5317395059,0.6054766234,0.4519668963,0.4087781292,0.5628613932,0.2456301799,0.2053939648,0.6798147255,0.01669529165,0.8896767163,0.4090158291,0.3809673699,0.3879724948,0.1462016097,0.8517333292,0.8210081466
320.5,1,1,1,1,1,0.6505166221,0.532012719,0.6037884676,0.4514998167,0.4070985532,0.5647340912,0.2459690471,0.2025308286,0.6796333541,0.01694683804,0.8896223493,0.4099015809,0.3790544308,0.385758568,0.147068943,0.8512883658,0.8194788345
321,1,1,1,1,1,0.6524026725,0.5352896669,0.6016189668,0.4513183778,0.4077564487,0.5624813908,0.2448505793,0.2005975497,0.6803012477,0.01690149453,0.8901020055,0.4119926494,0.3782007258,0.3886244502,0.1467865564,0.8520559802,0.822156286
321.5,1,1,1,1,1,0.6525041961,0.534125731,0.6018252887,0.4506794077,0.4077204436,0.5620397727,0.2445495919,0.2015111658,0.6810342037,0.0169170678,0.8895432852,0.4122954999,0.3800380805,0.3874067934,0.1461461576,0.8540591905,0.8208285537
322,1,1,1,1,1,0.6532826591,0.5337892891,0.6021999601,0.4515659971,0.4060337146,0.5620538424,0.2437384443,0.201857852,0.681705174,0.01685675517,0.8909314475,0.4112370332,0.3795561704,0.3864874413,0.145403896,0.853235837,0.8201389516
322.5,1,1,1,1,1,0.6551280598,0.533772782,0.6016238905,0.4522342423,0.4074638383,0.563189891,0.244042239,0.2010824656,0.6832722977,0.01688173811,0.8902475822,0.416035698,0.3824900968,0.3853434652,0.1465916305,0.8506550472,0.8187979635
323,1,1,1,1,1,0.655968222,0.5353930709,0.6029551511,0.4499661623,0.4066087457,0.5624742146,0.2402626381,0.2016082486,0.6830031725,0.01684165357,0.8895457942,0.4115563425,0.3833873932,0.3866926559,0.1463801762,0.8494576082,0.8183187311
323.5,1,1,1,1,1,0.6556583356,0.5332268614,0.6054848111,0.4500970232,0.4080191976,0.5612725833,0.2400880481,0.2009633627,0.682464617,0.01685224284,0.8908389944,0.4106768469,0.3809904059,0.3850320664,0.1460602734,0.8501031747,0.8166818905
324,1,1,1,1,1,0.6531119159,0.5319975261,0.6055304716,0.4499274294,0.4104276616,0.5610010916,0.2406240824,0.20255268,0.6808308475,0.01689169699,0.8920150131,0.411087619,0.3792598852,0.3841046928,0.1464702593,0.8490672012,0.8172671377
324.5,1,1,1,1,1,0.6562337331,0.5312898317,0.6043092966,0.4499955863,0.4102127929,0.5637741789,0.2415851427,0.2016242851,0.6792009189,0.0170786031,0.8924251086,0.412265442,0.3800998035,0.3820210833,0.1468812223,0.8489957206,0.8177757543
325,1,1,1,1,1,0.6567435696,0.530435195,0.6042700107,0.4491433569,0.4092689887,0.5647012736,0.2410766188,0.2020594484,0.6779319692,0.01691158913,0.8929495552,0.4132529593,0.3800489827,0.3811445318,0.1473171133,0.8480477811,0.8186608368
325.5,1,1,1,1,1,0.6576736359,0.5340450867,0.6031098173,0.4503240106,0.4091346658,0.5649021189,0.2427105667,0.2021524358,0.6815643178,0.01696666007,0.8925010508,0.4129772622,0.3815612692,0.3838246008,0.1462177887,0.8475734094,0.8195155323
326,1,1,1,1,1,0.6579662003,0.5360245128,0.6022602878,0.4550147925,0.4094448643,0.5648303491,0.2432584724,0.202802189,0.6816816855,0.01682908045,0.8920978794,0.4107952679,0.3822951823,0.3863347358,0.14600376,0.846613028,0.8185276978
326.5,1,1,1,1,1,0.6586147229,0.5339537607,0.6020521074,0.4537842884,0.4100737209,0.5633232856,0.2431918092,0.2026169303,0.6793676652,0.01692524864,0.89117041,0.4119540578,0.3804114211,0.3859441967,0.147059728,0.8469410158,0.8192043414
327,1,1,1,1,1,0.6611324882,0.53434614,0.6029160869,0.4512521221,0.4108731324,0.5636273774,0.2427250901,0.2031570882,0.6825119829,0.01680635071,0.89104317,0.4122003038,0.3809036971,0.387099235,0.1467361068,0.848351351,0.8171168073
327.5,1,1,1,1,1,0.6606529329,0.5306661227,0.6048248738,0.4509150889,0.4098116748,0.5621719611,0.2441615757,0.2031697449,0.684787773,0.01691309452,0.8919783208,0.4121876694,0.3839880758,0.3875814853,0.1452873897,0.8493568184,0.8182739309
328,1,1,1,1,1,0.6604111791,0.5322231185,0.6040686085,0.450187403,0.4114017563,0.5617038574,0.2448612975,0.201882082,0.6837391675,0.01701547198,0.8923072913,0.4126372542,0.3809911268,0.387125822,0.1453705721,0.8516647781,0.818266746
328.5,1,1,1,1,1,0.6595903547,0.5348111579,0.6054391551,0.4501149517,0.4133100427,0.5609529173,0.2427009072,0.1997897188,0.6837166674,0.01696152682,0.8914057714,0.4134174148,0.38162318,0.3872041366,0.1458662892,0.8511860602,0.8210655223
329,1,1,1,1,1,0.6576818959,0.5327716925,0.6042681227,0.4514135354,0.4123080727,0.5616718664,0.2437766324,0.2007719881,0.6851809963,0.01709000479,0.8905060509,0.4138872066,0.3812237182,0.388111321,0.145841473,0.8510795203,0.8223328482
329.5,1,1,1,1,1,0.6566470966,0.5354560879,0.6040714448,0.4526856473,0.4134549256,0.5636350104,0.2430887825,0.2008622657,0.6840275172,0.01692434945,0.8914146446,0.4167496313,0.3801618607,0.3889548505,0.1467829187,0.8494667257,0.8216586919
330,1,1,1,1,1,0.656651031,0.5347540864,0.6006474769,0.4526524753,0.4126068857,0.5658567831,0.2441892574,0.2004136177,0.685657063,0.01662410609,0.8909697031,0.4185787606,0.3805506212,0.3893558303,0.147342853,0.8496403613,0.8210643235
330.5,1,1,1,1,1,0.6548356954,0.531424056,0.6010189243,0.4530081659,0.4151442355,0.5643405164,0.244663633,0.1998625496,0.6844562346,0.01682397269,0.8919597087,0.4186498269,0.3804631982,0.3887508698,0.1469664952,0.8497211854,0.8226985161
331,1,1,1,1,1,0.6549605772,0.5337149248,0.6017042593,0.45232377,0.4118755657,0.5653776623,0.2441225415,0.2004290039,0.6801225227,0.01687523875,0.8916266698,0.4193630984,0.3801976195,0.388168141,0.146368142,0.8495103087,0.8211236747
331.5,1,1,1,1,1,0.6568258977,0.5343906718,0.6008741967,0.4517746681,0.4124811645,0.5663908064,0.2423190836,0.2030145315,0.6796583568,0.01695835441,0.890563939,0.415378669,0.3821372391,0.3889897762,0.1466658096,0.8499064271,0.8217835272
332,1,1,1,1,1,0.6558873885,0.5353804626,0.6018645182,0.4526511961,0.4113679868,0.5662767853,0.2441146775,0.2009802607,0.6782615372,0.01671401271,0.8910294036,0.4172322798,0.3854662483,0.3886109452,0.1468938486,0.8505745406,0.8209949787
332.5,1,1,1,1,1,0.656856488,0.5361140562,0.601606622,0.4504033016,0.41214959,0.5648177879,0.2455816776,0.2010275779,0.6746541676,0.01674522307,0.8915767437,0.4157690237,0.3886935708,0.3877229445,0.1461011826,0.851950349,0.8227737403
333,1,1,1,1,1,0.6555781854,0.5343067031,0.6035519831,0.4494241331,0.4099828482,0.5629437858,0.2463342874,0.2026327315,0.6770403291,0.01670896772,0.8912045677,0.41582706,0.3845601943,0.3878231123,0.1461561915,0.8520169994,0.8226195139
333.5,1,1,1,1,1,0.6606103906,0.5366697325,0.6024408654,0.4495224946,0.4095689555,0.5631735095,0.2437654272,0.2031368094,0.6780897393,0.01668011448,0.8911779859,0.4155162702,0.3862646195,0.3881375831,0.1457310666,0.8515532479,0.8217154581
334,1,1,1,1,1,0.6590143278,0.5355894152,0.602131286,0.4509444147,0.4072537036,0.5626401623,0.2457033812,0.2044444001,0.6759533739,0.01687040782,0.8909164833,0.4146779052,0.3858786705,0.3906511471,0.1461850334,0.8505056778,0.8205179809
334.5,1,1,1,1,1,0.6597464574,0.5341006284,0.603447929,0.4532540492,0.4091497326,0.5628310113,0.2433277374,0.202765185,0.6784510823,0.01673122118,0.8910947356,0.4136610353,0.3874189324,0.3883448063,0.146470157,0.8505158863,0.8203163988
335,1,1,1,1,1,0.6591446709,0.5351363094,0.6042386601,0.4529621652,0.4061737831,0.5595082222,0.2447577662,0.2029019977,0.6786304329,0.01697700096,0.8909598861,0.4124924788,0.3881231282,0.3896745454,0.1478700239,0.8516165195,0.818099113
335.5,1,1,1,1,1,0.6600701664,0.5341227747,0.604244215,0.453416916,0.4079824414,0.5605481267,0.2459200272,0.2041947183,0.6780610385,0.01700970651,0.8907914382,0.4118205433,0.3874173777,0.3896647028,0.1485495655,0.8527842367,0.8183931844
336,1,1,1,1,1,0.6594325235,0.5345081655,0.6054844658,0.4505449703,0.4079332007,0.5611334777,0.2470674645,0.2046478567,0.6772110418,0.01693109062,0.8909529498,0.413637193,0.3844523753,0.3878844588,0.1476642408,0.8522449749,0.8172461916
336.5,1,1,1,1,1,0.6551067973,0.5346757966,0.6039855654,0.450175242,0.409909591,0.5614108121,0.2460405129,0.2045076531,0.6762863043,0.01675248929,0.8914137656,0.4146308371,0.3855161605,0.3881061111,0.1464988682,0.8536226206,0.8191114549
337,1,1,1,1,1,0.65540534,0.532210807,0.6024287145,0.4529547647,0.40877218,0.5606632909,0.2446647058,0.2051004479,0.6798499901,0.01668528675,0.8911333209,0.4146644467,0.3833332233,0.3878462597,0.1461243597,0.8522808441,0.8185137745
337.5,1,1,1,1,1,0.6557918526,0.5343999981,0.6038839814,0.4539007837,0.4065444019,0.563602453,0.2427986814,0.2033635565,0.6792236349,0.01682274811,0.8915303621,0.4143880004,0.3830451618,0.3872621624,0.1467189882,0.8521967736,0.8185859218
338,1,1,1,1,1,0.6553155047,0.5363753344,0.6063997437,0.4541561709,0.4090616384,0.5606629561,0.2430559881,0.2050506405,0.6776251587,0.01697002281,0.8912966554,0.4139859897,0.3800642603,0.3901351836,0.1469819031,0.8521365894,0.8173814292
338.5,1,1,1,1,1,0.6546991925,0.5344976695,0.6036517296,0.451411097,0.4113815896,0.5599086108,0.2443279089,0.2039186325,0.6777418004,0.01714230765,0.8913441856,0.4176065926,0.3808559237,0.3893439726,0.1487505528,0.8513972555,0.815839025
339,1,1,1,1,1,0.6555501954,0.5374805978,0.6024174472,0.4543118855,0.4112627781,0.5603495123,0.2446770236,0.2064625215,0.6785753647,0.01708784721,0.8903434595,0.4158486872,0.3827856014,0.3871625424,0.1482961373,0.8511798487,0.8157140457
339.5,1,1,1,1,1,0.6545958304,0.5352421112,0.6044086513,0.4551609404,0.4097131831,0.5587352741,0.2436993979,0.2054000192,0.6796565975,0.0169584497,0.8896551799,0.4148989563,0.383676085,0.3872036953,0.1478223394,0.8524706524,0.8166094143
340,1,1,1,1,1,0.6563048734,0.5334177035,0.6050051549,0.4515513264,0.4081803592,0.560922813,0.2444557077,0.2052058181,0.6805590383,0.01704416675,0.8904686799,0.412611306,0.3824027133,0.3845643984,0.1492578408,0.851820773,0.8165018602
340.5,1,1,1,1,1,0.6573528367,0.5323394028,0.6041611709,0.4513567014,0.4068155118,0.5618465107,0.2437425219,0.2056464152,0.6810897005,0.01707141128,0.8898188994,0.4116755062,0.3821072582,0.385846538,0.1506072523,0.8514193136,0.818227853
341,1,1,1,1,1,0.6580501305,0.5341240999,0.6016473075,0.4505085245,0.4075122819,0.5614490484,0.2423485835,0.2032649264,0.6822189921,0.01717491724,0.8903330215,0.4121227489,0.3825010469,0.388111781,0.1490762686,0.850980909,0.8185102912
341.5,1,1,1,1,1,0.6584769447,0.5354166252,0.603341785,0.4519601912,0.4114191089,0.5589556438,0.2416731282,0.2016989166,0.683582192,0.01734671479,0.8912614156,0.4125578965,0.3824236106,0.3863565408,0.1476400156,0.8510711229,0.8174643811
342,1,1,1,1,1,0.6563470847,0.5344462178,0.6044293764,0.4548298797,0.4135493389,0.5600666682,0.2427132114,0.2008595223,0.683904481,0.01717523133,0.8908679359,0.412850653,0.3840626644,0.3851229661,0.1467229959,0.8491812932,0.8192924656
342.5,1,1,1,1,1,0.659601232,0.5326361085,0.6047491417,0.4537240888,0.4123053358,0.561433458,0.2406258138,0.2017158337,0.6861102598,0.01720002969,0.892255532,0.4129291084,0.3824297875,0.3843817365,0.148182079,0.8492207155,0.8195746442
343,1,1,1,1,1,0.6594956986,0.5333598039,0.6030210678,0.4537193983,0.411132054,0.5608334561,0.2406289234,0.2011766113,0.685718609,0.01711078119,0.8931013089,0.4130128631,0.3784849986,0.3833005635,0.146932129,0.8485472946,0.8184994517
343.5,1,1,1,1,1,0.6597690151,0.5331687482,0.6013313556,0.4533149058,0.4110916983,0.5631983538,0.2410711917,0.2020988219,0.6831946384,0.01723765452,0.8940332471,0.4123857206,0.3791670516,0.3838885043,0.1470685066,0.8484043307,0.8183083158
344,1,1,1,1,1,0.6603316813,0.5328401998,0.6010682795,0.4558055919,0.4103564253,0.5637791932,0.2409690927,0.2021227104,0.6846333637,0.01721117024,0.8930349533,0.4125905594,0.382764929,0.3846283115,0.1474960106,0.8476715335,0.8189705945
344.5,1,1,1,1,1,0.6598468148,0.5329833525,0.6005163003,0.4555146917,0.4096702306,0.564569624,0.2441981759,0.2028258193,0.6833610265,0.0171559131,0.8925908822,0.4124920927,0.3846497895,0.3878020603,0.1471831139,0.8479553867,0.8189704945
345,1,1,1,1,1,0.658007673,0.5315352004,0.6007524173,0.4534387937,0.408154754,0.5664877149,0.2439803007,0.2041293131,0.6836506374,0.01703554,0.8929027608,0.4119507537,0.3837925257,0.3886850501,0.1472814538,0.8480371364,0.8180460904
345.5,1,1,1,1,1,0.6547579661,0.5318316876,0.6007954214,0.4512654349,0.4062453139,0.5647552557,0.2436389514,0.2053638398,0.6838814824,0.01701813784,0.8933837225,0.4072037775,0.3831910291,0.385286444,0.1470307561,0.848118376,0.8181344683
346,1,1,1,1,1,0.6540982088,0.5313394958,0.6010054391,0.4504529772,0.4079205632,0.5656824574,0.2425403739,0.2037258168,0.6849019461,0.01707511472,0.8928672069,0.407413808,0.3833497032,0.3862757163,0.1453322624,0.8495330189,0.8183047897
346.5,1,1,1,1,1,0.6543900432,0.5332023407,0.6047450288,0.4481606155,0.4076738146,0.5654895585,0.2435745933,0.2029437288,0.6851021181,0.0171507322,0.8930628044,0.4086757,0.3804548003,0.3849290636,0.1460177771,0.8499917006,0.8181457799
347,1,1,1,1,1,0.6543217222,0.5309606765,0.6076102415,0.4482003849,0.4071964983,0.5636014743,0.2417541597,0.2046083146,0.6850876602,0.0169709747,0.8936807504,0.4102932095,0.3799083413,0.3838237578,0.1478701735,0.8506896476,0.8172858891
347.5,1,1,1,1,1,0.6550183203,0.531075122,0.6057179522,0.4500794276,0.4072874223,0.5616015919,0.2433150383,0.2035346366,0.6852833653,0.01697946357,0.8942175395,0.4123365988,0.3803549287,0.3828471172,0.1469047865,0.8500307418,0.8182406257
348,1,1,1,1,1,0.6571789056,0.5327687767,0.603476914,0.4525766757,0.409440211,0.5620487922,0.2438649246,0.2038917524,0.6847877274,0.01707259443,0.8934990659,0.4127076773,0.3817676818,0.3845691029,0.1471620407,0.8498940533,0.8180610804
348.5,1,1,1,1,1,0.6571189606,0.5339472734,0.6044678945,0.4532074728,0.407834384,0.5624570068,0.2433409157,0.2038480941,0.6857668637,0.01711569537,0.8944443008,0.4129732382,0.382426688,0.3844879644,0.1465887269,0.8498108933,0.8175127059
349,1,1,1,1,1,0.6574309912,0.5339805521,0.6032336372,0.4523669431,0.4059686401,0.5597094845,0.2439088588,0.2042785691,0.6881596586,0.01699682552,0.89514256,0.4131515221,0.3812182248,0.3847162182,0.1464403488,0.8501321728,0.8174209052
349.5,1,1,1,1,1,0.6591046781,0.5329993867,0.6031861526,0.452114599,0.406405061,0.5609777341,0.243270184,0.2038362826,0.6877357648,0.01698306419,0.8947391838,0.4101939386,0.3831226459,0.3849770833,0.1457148296,0.8509162836,0.8177194462
350,1,1,1,1,1,0.6584278556,0.5341929348,0.6044401401,0.4551412555,0.4078011057,0.5591965397,0.2432650262,0.2034958042,0.6892428519,0.01691735579,0.893428815,0.409813973,0.3810760828,0.3842337645,0.1455295255,0.8503748834,0.8166868942
350.5,1,1,1,1,1,0.6567000357,0.5366134327,0.6048944204,0.4561683669,0.4083197489,0.5630876178,0.2419778847,0.2025414565,0.6891087178,0.01686953307,0.8929369305,0.4126979454,0.3785740693,0.3830980356,0.1457522985,0.8495024337,0.817363821
351,1,1,1,1,1,0.6561543323,0.5377847218,0.6038447612,0.4564637809,0.4085571368,0.566974308,0.2433368741,0.2025681359,0.6888147381,0.01668856219,0.8927061436,0.4123254173,0.3781200435,0.384060976,0.1459882454,0.848533005,0.8163159884
351.5,1,1,1,1,1,0.6580603554,0.5355799123,0.6041578546,0.455064683,0.4101153965,0.565449388,0.2427891162,0.2024665163,0.6884045176,0.01676261833,0.8915851551,0.4109112409,0.3756402954,0.3884863711,0.1468819963,0.8486628845,0.8167538834
352,1,1,1,1,1,0.6561616717,0.5324425599,0.6042646258,0.4537919622,0.4112872438,0.5642757138,0.2414737871,0.2043691055,0.6890177758,0.01655980254,0.8918578425,0.4139620023,0.3770166572,0.3901223401,0.1462065957,0.8488875434,0.8166433404
352.5,1,1,1,1,1,0.654769079,0.5316245902,0.6048925219,0.4520704136,0.4099869135,0.5625925138,0.2410432955,0.2044576334,0.691163582,0.01654443716,0.891472051,0.4138933647,0.3785951102,0.3893327088,0.1479503296,0.849486274,0.816483922
353,1,1,1,1,1,0.6540618309,0.5330169067,0.6034047236,0.4549341462,0.4120709978,0.5617260074,0.2414817265,0.205748598,0.6906382714,0.01664256694,0.8917042006,0.4138162252,0.380207005,0.3904214648,0.148268249,0.8500366104,0.8162666411
353.5,1,1,1,1,1,0.6541188315,0.5342432088,0.6049087695,0.4554007523,0.4114043057,0.5625271925,0.2399712593,0.2065831171,0.6883580104,0.0167493364,0.8909984431,0.4123757597,0.3817830263,0.3893646309,0.1475497123,0.8507504706,0.8176146508
354,1,1,1,1,1,0.6575154113,0.5341011346,0.6054001683,0.4543660815,0.4120082476,0.5620617895,0.2418658545,0.2038274495,0.6864086089,0.01681184756,0.8911994581,0.4110682954,0.3812183955,0.3893788219,0.1473655403,0.8503840308,0.818156995
354.5,1,1,1,1,1,0.6561024577,0.5345739311,0.6052068319,0.4538686145,0.4113033541,0.5592048083,0.2414885027,0.2019459799,0.6867723414,0.01680793974,0.8912050812,0.410020485,0.3817438192,0.3896295466,0.1483396521,0.8510288762,0.8171682948
355,1,1,1,1,1,0.6585399445,0.5356104193,0.6042202075,0.4549373264,0.4105232043,0.5591764889,0.2422583728,0.2030371674,0.6878335683,0.01678341808,0.8912805154,0.413254249,0.3823509632,0.3892183366,0.1479715775,0.849208813,0.8173885245
355.5,1,1,1,1,1,0.6587946197,0.5358669529,0.6051039634,0.4536574203,0.410083404,0.5628958855,0.2421240687,0.2027257513,0.6892157218,0.01691148417,0.8906423549,0.4125459526,0.3812529523,0.3899060283,0.1478167049,0.8480229609,0.8171585643
356,1,1,1,1,1,0.6594959276,0.5336365401,0.6039310079,0.4532564677,0.4114532549,0.5627976119,0.245979356,0.2008015603,0.6884243333,0.01694510183,0.8899067303,0.4156231917,0.3820410237,0.3861327919,0.1462411636,0.8480342023,0.8175391961
356.5,1,1,1,1,1,0.6575378687,0.53617178,0.6048665812,0.4517244868,0.4106251197,0.5601098968,0.2457082635,0.202448882,0.6874108968,0.01694116408,0.8898179839,0.4129195162,0.381409975,0.385488817,0.1457082787,0.8495201509,0.8171824395
357,1,1,1,1,1,0.6576526893,0.5355409518,0.6048733255,0.452833718,0.4090532258,0.5641170947,0.2455079133,0.2012580173,0.6849004779,0.01686761248,0.8908194099,0.4149806944,0.3795304113,0.3842527091,0.1446783576,0.8499956009,0.8170110724
357.5,1,1,1,1,1,0.6557821777,0.5326747448,0.6036521577,0.4537843073,0.4066902244,0.5639919656,0.2454264688,0.203145869,0.6853252266,0.0168280227,0.8903270266,0.4156223196,0.3771248803,0.3812243103,0.1452668723,0.8487596573,0.817167631
358,1,1,1,1,1,0.655026608,0.5352268293,0.6043263184,0.4546298603,0.4074643803,0.5631978888,0.2458159076,0.2029404431,0.6874329895,0.01691641642,0.8910199545,0.4132002674,0.3793786006,0.3822936632,0.145015758,0.8498208016,0.8165714564
358.5,1,1,1,1,1,0.6537778385,0.5327561422,0.6031553901,0.4524221232,0.4068744981,0.5626280024,0.2460229265,0.2027390405,0.6842332889,0.01689311485,0.8905458796,0.4125832997,0.3786449069,0.3828836903,0.146249756,0.8489167351,0.8168587972
359,1,1,1,1,1,0.6538804369,0.5332328282,0.6032451308,0.4522390935,0.4063286576,0.5610874165,0.2454420294,0.2016470028,0.6861537185,0.01681066613,0.8909238126,0.4111219536,0.3805011729,0.3808745076,0.1460170706,0.8484867381,0.8177630757
359.5,1,1,1,1,1,0.6550849067,0.53354978,0.6042460757,0.4530714316,0.4060326114,0.561406972,0.2443901103,0.2014441832,0.6857807055,0.01702206784,0.8899525884,0.4124351478,0.3816407343,0.3827988583,0.146016292,0.8480953339,0.8176636485
360,1,1,1,1,1,0.6577472216,0.5355743057,0.6043595626,0.4545447924,0.4088065155,0.5617821268,0.2430081714,0.2001729186,0.6867100591,0.01698157648,0.8905421443,0.4120911969,0.3795459501,0.3862398345,0.1465307358,0.8474778433,0.8173722442
360.5,1,1,1,1,1,0.6555913777,0.534973202,0.6031815428,0.4555845422,0.4077103116,0.5649949027,0.2414326585,0.2014147706,0.6858855561,0.01673624507,0.8901532754,0.4114100392,0.3779989296,0.3881377463,0.1483558644,0.8484781084,0.8181947908
361,1,1,1,1,1,0.6532780515,0.5341336557,0.6050779281,0.4524496054,0.4102855481,0.5651192032,0.2411995471,0.2017060248,0.6863608064,0.01661956948,0.8911613291,0.412061426,0.3763843506,0.3882111261,0.1484976685,0.8489393794,0.8195676635
361.5,1,1,1,1,1,0.6540105925,0.5339132512,0.6041319039,0.4528882741,0.4103047886,0.5673190503,0.2419622114,0.2009880795,0.6865175469,0.0168595998,0.8904665255,0.4134368579,0.3788100829,0.3866611623,0.1486477302,0.8478368687,0.8199930591
362,1,1,1,1,1,0.6567880328,0.5314478096,0.6053729948,0.4537424067,0.4103521183,0.5672096869,0.2480922587,0.2008026935,0.6869045744,0.01680776858,0.8896379686,0.414437121,0.3751610001,0.3844151809,0.1487704345,0.8492974877,0.8208281852
362.5,1,1,1,1,1,0.6591293204,0.5327435496,0.6049461565,0.4535474921,0.4101172312,0.5657571467,0.2478147116,0.2025895019,0.6861926764,0.01681456476,0.8895157863,0.4163008433,0.3792914771,0.3817196322,0.1487884027,0.8493524626,0.8201639426
363,1,1,1,1,1,0.6591289372,0.5313553019,0.6046968705,0.4545352591,0.410297914,0.5657615605,0.2471484614,0.202680874,0.6855205664,0.016891729,0.8894113254,0.4186564747,0.3792991424,0.3819393518,0.1476370784,0.8486071723,0.8222994323
363.5,1,1,1,1,1,0.6581246137,0.5324537229,0.6041440485,0.4558835395,0.4088872939,0.567354076,0.2471295543,0.2026176202,0.6831482242,0.01687126447,0.8888315333,0.4173344833,0.379941766,0.3830059516,0.1452212227,0.848984085,0.8205885836
364,1,1,1,1,1,0.659643245,0.5319915018,0.6036956782,0.4534852673,0.4077578916,0.5662659332,0.2456848884,0.2027123271,0.6854802039,0.01692217005,0.8889665568,0.4163661055,0.3813808238,0.381624924,0.1441991587,0.8499045627,0.8196183796
364.5,1,1,1,1,1,0.6608465546,0.5337735241,0.6034205742,0.4510755815,0.4087743787,0.5618153498,0.2465893249,0.2018970108,0.6862608659,0.01692534891,0.8894441196,0.4125863577,0.3815583897,0.3838318902,0.1434595169,0.8491695803,0.8203112669
365,1,1,1,1,1,0.6599154435,0.5333475254,0.6050771282,0.4527653239,0.4102440429,0.5603216517,0.2461616285,0.2024876466,0.6849678916,0.01693402556,0.8888572856,0.412213889,0.3809084681,0.3870821491,0.1444470562,0.8481677185,0.8194769666
365.5,1,1,1,1,1,0.6605899875,0.5324804821,0.6039152151,0.4530353,0.4102432016,0.5599232438,0.2458673074,0.2031702948,0.6846080156,0.01683302819,0.8896140178,0.41436624,0.3837618378,0.3902785671,0.1457526245,0.8495727067,0.8193365642
366,1,1,1,1,1,0.661174016,0.531951324,0.6042681057,0.4527560303,0.4126802053,0.5631227358,0.2463083492,0.2028776977,0.6818743828,0.01690631627,0.891633238,0.4137723945,0.3829682167,0.3906160809,0.1463707178,0.8491167018,0.8191946601
366.5,1,1,1,1,1,0.6617486057,0.5310388617,0.6055899732,0.4517206848,0.4113705156,0.5628422253,0.2467162657,0.2025891672,0.6820759704,0.01664355605,0.891319053,0.4129077919,0.3831355663,0.3887735256,0.1466955818,0.8487267128,0.8201051008
367,1,1,1,1,1,0.6601685175,0.5329697375,0.6037511971,0.4499135347,0.4096646216,0.563307776,0.2462755391,0.2008163414,0.6823666942,0.01652167954,0.8917635349,0.4111778107,0.3808154468,0.3882855576,0.1471801061,0.8485356717,0.82062652
367.5,1,1,1,1,1,0.6599629293,0.534152606,0.6043253899,0.4512905366,0.4108742009,0.5645374797,0.2475623104,0.2030979385,0.6814460552,0.01659502476,0.8914415886,0.4119418507,0.3834264197,0.3867006461,0.1483273991,0.8481583514,0.8195803983
368,1,1,1,1,1,0.6596547158,0.5347780432,0.6038632876,0.4500329412,0.4106151293,0.5687877361,0.2483993352,0.2034265748,0.679942876,0.01656972131,0.8920009076,0.4130505227,0.3843657719,0.3840092415,0.1492048475,0.8501610995,0.8217869153
368.5,1,1,1,1,1,0.6570357069,0.5349839176,0.6044493379,0.4516426306,0.4127318473,0.567039798,0.2490313546,0.2039895152,0.6823581959,0.01670367396,0.8915563638,0.4130914246,0.3851047839,0.3842931393,0.1491277626,0.8507419063,0.822522406
369,1,1,1,1,1,0.6555933797,0.5327574713,0.6057019217,0.4518435589,0.411289878,0.5681085641,0.2473560989,0.2048860935,0.6831394339,0.01681048058,0.8927457315,0.4143502833,0.3836216346,0.3852820936,0.14989775,0.8506270856,0.8242570747
369.5,1,1,1,1,1,0.6560971597,0.5348417416,0.6040056575,0.4516709993,0.4089525403,0.5667927079,0.2477912275,0.2045738192,0.6843421749,0.01669915172,0.8924588564,0.4122079253,0.3825942482,0.3855863948,0.14817288,0.8511396837,0.8250636703
370,1,1,1,1,1,0.6568249955,0.5357014412,0.6044006104,0.4501295923,0.4111158669,0.5648094192,0.2480785219,0.2022504802,0.6836361309,0.01686109362,0.8920276012,0.4110139806,0.3824253865,0.3872954892,0.1496631065,0.850886046,0.8251363101
370.5,1,1,1,1,1,0.6565926923,0.5346776421,0.6028577779,0.4483967315,0.4129287184,0.5654287521,0.2469503019,0.2029273108,0.6854713983,0.01688440557,0.8908484252,0.4124543827,0.3819468357,0.3874137521,0.1494812809,0.8487806075,0.8238874587
371,1,1,1,1,1,0.6567158302,0.5347964443,0.6033131725,0.4502210454,0.4115130382,0.5651929739,0.2468602773,0.2032193453,0.6856952826,0.01688716396,0.8902813269,0.4103110274,0.3821768489,0.3871873913,0.1496640446,0.848580384,0.8243988141
371.5,1,1,1,1,1,0.6561038113,0.5365986122,0.6031333102,0.4506482986,0.4105391211,0.564235657,0.2453465575,0.2041366322,0.683883408,0.01682634125,0.8921089285,0.4092812257,0.3819128335,0.386605436,0.1485487169,0.8484776784,0.8229093643
372,1,1,1,1,1,0.6542362991,0.53540299,0.6051121401,0.4515903346,0.4094008558,0.5646364958,0.2441947914,0.2046826649,0.6848322241,0.01681184555,0.8912632914,0.4120495516,0.3814901747,0.3858723638,0.1496816283,0.8489979051,0.8235237232
372.5,1,1,1,1,1,0.6562862969,0.5337443575,0.6037542302,0.4520915611,0.4121223776,0.5655225868,0.2455128956,0.2048514806,0.6856602305,0.01694480469,0.8921563091,0.4127402679,0.381152539,0.3852188703,0.1485078831,0.8492802304,0.8229322098
373,1,1,1,1,1,0.6581000431,0.5352368604,0.6028379163,0.450632968,0.4120702251,0.5649773631,0.2435571628,0.2042745888,0.6867034863,0.01706875235,0.891909809,0.4142003162,0.3806961829,0.3840809671,0.1478526068,0.8498752611,0.8238850603
373.5,1,1,1,1,1,0.659025627,0.5342677054,0.6030249168,0.4539537171,0.4125285234,0.5619466858,0.2423234883,0.2034321773,0.6882733501,0.01717505266,0.8924284245,0.4117781372,0.3804638751,0.3827093875,0.1476130498,0.8499787789,0.8237012581
374,1,1,1,1,1,0.6570040157,0.535046495,0.6033636416,0.4542557314,0.4120505081,0.5634396643,0.2421156175,0.201905556,0.6871743054,0.01716249912,0.8923945791,0.4155853953,0.3798494684,0.3831172843,0.1466362718,0.8507182431,0.823249559
374.5,1,1,1,1,1,0.6579844042,0.5343361881,0.6033050883,0.4539479949,0.413141941,0.5641027882,0.2450326427,0.2046533859,0.6859328796,0.01711658038,0.890978164,0.413855214,0.3786546702,0.3828850816,0.1456095892,0.8496884513,0.8247822561
375,1,1,1,1,1,0.6577320706,0.5329469475,0.602196088,0.4533635656,0.4128471484,0.5622950249,0.2436063565,0.2064756381,0.6855862669,0.01711878927,0.8905132731,0.4139163529,0.37761812,0.3826073245,0.1461496878,0.8493770908,0.8250637013
375.5,1,1,1,1,1,0.6589630303,0.5317169935,0.6039291841,0.4500283588,0.4090794258,0.5607120411,0.2415126228,0.2042351116,0.6891492418,0.01710320533,0.8906241401,0.4139637364,0.3786971432,0.384033675,0.1465049146,0.849244206,0.8236030438
376,1,1,1,1,1,0.6573524386,0.5316536885,0.6043473638,0.446689698,0.4089181882,0.5600588151,0.2421683435,0.2039989695,0.688403161,0.01696621239,0.8910002718,0.4137019068,0.3801939501,0.3823134918,0.1467861273,0.8491443976,0.822374225
376.5,1,1,1,1,1,0.6579563332,0.5327659768,0.602299101,0.4481670882,0.4089956664,0.5610764829,0.2435130089,0.2045111877,0.6886017331,0.01694115897,0.8905323145,0.4124312767,0.3808511918,0.3849949987,0.1455646095,0.8489434634,0.8234819794
377,1,1,1,1,1,0.6594560251,0.5326490163,0.6017263781,0.4497677242,0.4075005901,0.5608992955,0.2398151301,0.2040164514,0.6889895793,0.01706228325,0.8910920457,0.4122527574,0.3802669351,0.3872997727,0.1465108197,0.8486028566,0.8216605244
377.5,1,1,1,1,1,0.6581964365,0.5317061133,0.602130288,0.4488485108,0.409970655,0.5613046586,0.2413548491,0.2031742115,0.6890571361,0.01710065809,0.8912313265,0.4120203614,0.3824218085,0.3857265691,0.1465401273,0.8481995493,0.820304747
378,1,1,1,1,1,0.6560077761,0.5310229843,0.6021537888,0.449370001,0.4091003329,0.5617705151,0.2415387925,0.2038256596,0.6889750822,0.01717572872,0.8911324555,0.4117985364,0.3804068793,0.3846369384,0.1469974054,0.849612093,0.8208289582
378.5,1,1,1,1,1,0.6592668889,0.5312834894,0.6042873528,0.450566779,0.4085099894,0.5629268862,0.2416093223,0.2034881646,0.6891576917,0.01704018315,0.8922742133,0.411323622,0.3801815582,0.3856384962,0.1457373992,0.8507474846,0.8196521757
379,1,1,1,1,1,0.6589292312,0.5287233704,0.6040211807,0.4502557393,0.4099733617,0.5627619204,0.2407310677,0.2027140159,0.6863367063,0.01702161615,0.8927952995,0.4114886789,0.3829477617,0.3851359839,0.1477634892,0.8506040653,0.8186430829
379.5,1,1,1,1,1,0.6593097849,0.5301550019,0.6045912521,0.4499973887,0.4089999487,0.5639674087,0.2415381486,0.2011019107,0.68520528,0.01685644578,0.893222298,0.4127471905,0.3833883523,0.3864983546,0.1460540222,0.8505235608,0.8182970195
380,1,1,1,1,1,0.6608724476,0.5327415703,0.6073015604,0.4513989795,0.4083014501,0.5617358943,0.2413261453,0.2015490273,0.6824858905,0.01682152832,0.8923315271,0.4131359918,0.3844553227,0.388869493,0.1460381497,0.8521758937,0.817321436
380.5,1,1,1,1,1,0.659621978,0.5328052148,0.6046560325,0.4496956062,0.4061666197,0.5607627535,0.2422281654,0.202260719,0.683672983,0.01684887928,0.8923920375,0.4131654483,0.3816388837,0.3885688697,0.1462068892,0.8526119937,0.8153203697
381,1,1,1,1,1,0.6602433879,0.5355770746,0.6037646362,0.4506455848,0.4096519107,0.5603647524,0.2443872893,0.201115261,0.6849105083,0.01687117414,0.8930397506,0.4115364451,0.381980808,0.3857651989,0.146582829,0.8517156715,0.8153948138
381.5,1,1,1,1,1,0.6585741557,0.5365058776,0.6056659397,0.450251552,0.4109031942,0.5622873654,0.2453125992,0.2027568037,0.6845138632,0.01694213519,0.8927797852,0.4131505162,0.3846759448,0.3849484518,0.1464159569,0.8503969171,0.8145351748
382,1,1,1,1,1,0.6559180792,0.5349459485,0.6038590558,0.4543407679,0.4085427944,0.564365825,0.2459637497,0.2012359086,0.6853768032,0.01692171467,0.8929687892,0.4117423989,0.3825116533,0.3843354577,0.1461735662,0.8511116948,0.8137216763
382.5,1,1,1,1,1,0.6549764536,0.5342669252,0.600151563,0.4534714627,0.4082990289,0.564523051,0.2461326444,0.2007382746,0.6842805424,0.0167583079,0.8925302495,0.4119691064,0.3812740448,0.3840945775,0.1463488149,0.8512999417,0.8137991955
383,1,1,1,1,1,0.6535500279,0.5364343277,0.603760254,0.4524590696,0.4126588331,0.5661121439,0.245352568,0.2039087704,0.6824048324,0.01680551652,0.8926701494,0.4144398236,0.3822202838,0.3830534492,0.1463234993,0.853450886,0.811609139
383.5,1,1,1,1,1,0.6532294857,0.536085753,0.603566512,0.4533627819,0.4110712403,0.5674784766,0.2458051909,0.2033513969,0.6827455346,0.01677887057,0.8930565223,0.4149105493,0.3828691165,0.3822074466,0.1454737767,0.8527192724,0.8119166725
384,1,1,1,1,1,0.6579854349,0.5333791726,0.603896484,0.4522555959,0.4127394213,0.5658822804,0.2463598132,0.2022535776,0.6833592517,0.01680559449,0.8929332709,0.4141624582,0.3851623943,0.3853807653,0.1447357711,0.8535267381,0.8105841428
384.5,1,1,1,1,1,0.6574078506,0.5341573241,0.60270302,0.4511305178,0.4160698911,0.5661846357,0.2477584871,0.2031998556,0.6824203449,0.01671208153,0.8924524442,0.4150564053,0.3834339002,0.3854871277,0.1466068165,0.8514746086,0.8110262735
385,1,1,1,1,1,0.6551631366,0.5354855958,0.6029225727,0.4544670899,0.4148758341,0.5645420053,0.2477369992,0.2024974975,0.6819911765,0.01672210085,0.8926432395,0.4125580467,0.3824107058,0.3841434895,0.1456519791,0.8523967841,0.8113436991
385.5,1,1,1,1,1,0.6543306057,0.5356432914,0.6031610957,0.4551060966,0.4124809546,0.5631814639,0.2475834621,0.2023623569,0.6813856737,0.01653983175,0.8924959075,0.414108516,0.3825263738,0.3858047724,0.1459490593,0.851729019,0.8092798973
386,1,1,1,1,1,0.6531470929,0.5366882508,0.6030137521,0.452442094,0.4115890599,0.5647442827,0.2479617848,0.2026019988,0.6819183533,0.0163940782,0.891508274,0.4135480833,0.3811900893,0.3861894755,0.1450630705,0.850090028,0.8101558469
386.5,1,1,1,1,1,0.6514991082,0.536762122,0.6045272194,0.4511497337,0.4126598526,0.5646506412,0.2494009934,0.2034461745,0.6803941613,0.01649685932,0.8920505802,0.4133422038,0.3815492451,0.3873651429,0.1446026629,0.8495611717,0.8112356086
387,1,1,1,1,1,0.6531275939,0.5366894247,0.60007878,0.4513808703,0.4132480679,0.5638555365,0.248433825,0.2033481094,0.6787486897,0.01670021695,0.8931234337,0.4138688794,0.3814736971,0.3890231704,0.1461032503,0.8514937794,0.8126145065
387.5,1,1,1,1,1,0.6544543046,0.5356344384,0.5997880422,0.450342945,0.4115360717,0.5651723461,0.2479171854,0.2024653811,0.679669731,0.0166825521,0.8940049248,0.4139673746,0.3830230253,0.3893466523,0.1472553877,0.8497980503,0.8130983969
388,1,1,1,1,1,0.6528807683,0.5350307922,0.6012226576,0.450480991,0.4108203516,0.5642236957,0.2461010009,0.2023335822,0.6801457354,0.01700210127,0.8943991461,0.4105666208,0.3828501213,0.3906030302,0.1468636223,0.8498986157,0.8149781898
388.5,1,1,1,1,1,0.6539590474,0.532950934,0.6026994484,0.4518819295,0.4117126702,0.5628070484,0.2460146014,0.2035592877,0.6809563215,0.01691523884,0.8932407502,0.4105126083,0.3834542339,0.3905998295,0.148052573,0.8495100418,0.8185508382
389,1,1,1,1,1,0.6524148825,0.5290282582,0.6048720719,0.4534641484,0.4112067191,0.5624816658,0.2488227353,0.2032889304,0.6791645139,0.01700939691,0.89251652,0.4123327141,0.3820824109,0.3904983682,0.149956498,0.8503539971,0.8177864637
389.5,1,1,1,1,1,0.6538847784,0.5302758319,0.6048927946,0.4520026798,0.4095959807,0.5615996682,0.2472152871,0.2053425496,0.6800366636,0.01708519539,0.8925940412,0.412778172,0.3805654996,0.3890071308,0.1502559343,0.8520952385,0.8151490226
390,1,1,1,1,1,0.6522833931,0.5327470292,0.6053456423,0.4499240003,0.4112083909,0.5641797012,0.2455688676,0.2057175749,0.6768799561,0.01718198721,0.8936104241,0.411219906,0.3785423146,0.3860464165,0.150982106,0.8507577558,0.8165884775
390.5,1,1,1,1,1,0.6517537018,0.5325369382,0.6059604464,0.4517261587,0.4111757306,0.5629880877,0.2447800466,0.2047215255,0.6776365397,0.01704490963,0.8927485546,0.4106061613,0.3794182303,0.3886445038,0.151301416,0.8500110736,0.8150972216
391,1,1,1,1,1,0.6553518443,0.5338213242,0.6070579648,0.4545324898,0.4122240343,0.5623966323,0.2455191436,0.2027260652,0.6771256859,0.01719274118,0.8914889878,0.4114338529,0.3790465669,0.3872198963,0.1503672927,0.850054244,0.8142159515
391.5,1,1,1,1,1,0.6583250693,0.532408497,0.605160711,0.4535734439,0.4098273261,0.5636235727,0.2430338918,0.2041040703,0.6781242441,0.01708999868,0.8918676198,0.4134577012,0.3775920164,0.3876430413,0.1504265211,0.8507720696,0.8148247262
392,1,1,1,1,1,0.6585829284,0.5325916071,0.6046423779,0.4532506061,0.4093456933,0.5641179929,0.2429679616,0.2034043804,0.6792652272,0.01727836899,0.8930336111,0.4130293901,0.3790331598,0.3884358276,0.1489460888,0.8506963411,0.8155517597
392.5,1,1,1,1,1,0.6598157887,0.5340746939,0.6013446851,0.4503216515,0.4088106661,0.561230924,0.2439795608,0.2042563624,0.6785928138,0.01712624457,0.8930182463,0.4110595577,0.3808258979,0.3890679243,0.1493046997,0.8503822683,0.8169787132
393,1,1,1,1,1,0.6596887825,0.5359329702,0.6016783619,0.4490337595,0.4085136093,0.5641900808,0.2451984571,0.2060314232,0.6781085021,0.01698605944,0.8921918753,0.4129924196,0.3802172459,0.3889341078,0.14809386,0.8502980347,0.8158686295
393.5,1,1,1,1,1,0.6580168348,0.5351517691,0.6023044823,0.4502647997,0.4073277217,0.5627104325,0.2469531187,0.2063207955,0.6814600065,0.01709119821,0.8920642176,0.4136727864,0.3797685852,0.3879990749,0.148540479,0.8501152878,0.8151102018
394,1,1,1,1,1,0.6565910094,0.5355599935,0.5998671412,0.448765032,0.4085144541,0.5620287887,0.2450484265,0.206715368,0.6843126934,0.01703241469,0.8919169843,0.4135821108,0.380663815,0.3893923278,0.1495530793,0.8491262408,0.8164181743
394.5,1,1,1,1,1,0.6574928933,0.5368230015,0.6011128992,0.4495296728,0.4086304981,0.5595486405,0.2463316153,0.2048189812,0.6853873669,0.01702641635,0.8925286891,0.4128466569,0.381508216,0.3892028021,0.1500958608,0.8490204576,0.816144198
395,1,1,1,1,1,0.6560868042,0.5359191885,0.6015919166,0.4505725632,0.4120831437,0.558093385,0.2456913536,0.2027054604,0.68473478,0.01687662725,0.891789049,0.4140678323,0.3825131314,0.3882248177,0.1502662867,0.8495363191,0.8170239729
395.5,1,1,1,1,1,0.6546593451,0.53570003,0.6007116829,0.4490112364,0.4099524999,0.5620771358,0.2460941684,0.2028824224,0.6854600158,0.01688684396,0.8915517066,0.4134107965,0.3813148765,0.3896965954,0.149329013,0.8509268452,0.8179440564
396,1,1,1,1,1,0.6521872392,0.5357132976,0.6029675001,0.4512448563,0.4099846682,0.5631993587,0.244194027,0.2024148551,0.6835879284,0.0166417813,0.8921912443,0.413648323,0.3807898016,0.3870414435,0.1480040104,0.8512048851,0.8181450916
396.5,1,1,1,1,1,0.6500853968,0.535241842,0.6023116122,0.4527400055,0.4112523103,0.5632197869,0.2445822482,0.2050975428,0.6848676081,0.01658109665,0.8929361745,0.4136887501,0.3807448823,0.387867423,0.1489363028,0.851483329,0.818722308
397,1,1,1,1,1,0.6522946959,0.5342114222,0.6033685827,0.4553414677,0.4112385722,0.5658977235,0.2441528505,0.2052019456,0.6838301868,0.01687133065,0.8924227678,0.4128115074,0.3801097208,0.3875115548,0.1485629998,0.8515520562,0.819538906
397.5,1,1,1,1,1,0.651339953,0.5327627926,0.6033489708,0.4533971584,0.4088689398,0.5649347088,0.2432867267,0.2040962581,0.6829673147,0.01687499181,0.8908614188,0.4160692984,0.3810307307,0.3852521786,0.1488102438,0.8509422527,0.8183203193
398,1,1,1,1,1,0.6545134639,0.532824617,0.6030613585,0.4546843984,0.4068833614,0.5639912008,0.2443358827,0.2030759375,0.6844023164,0.01680462492,0.8902293995,0.4154556587,0.3814434328,0.3866950097,0.1494589962,0.8511680869,0.8198368219
398.5,1,1,1,1,1,0.6547034673,0.5325871674,0.6040275845,0.4519579988,0.4093612759,0.5646768264,0.2443221935,0.2027806668,0.6841310666,0.01685236538,0.8905674475,0.4158180525,0.3824928013,0.3862289521,0.1496682012,0.8511090104,0.8204429833
399,1,1,1,1,1,0.6572179508,0.5345128652,0.6045111283,0.4534549265,0.4095254246,0.5616476076,0.2448329342,0.2024365356,0.6840801852,0.01688739338,0.8906675869,0.4149341252,0.3817992304,0.384170991,0.1496487624,0.8508924051,0.8212120979
399.5,1,1,1,1,1,0.6563382904,0.5351465785,0.6047984108,0.4524891769,0.4097735346,0.5597768116,0.2451517678,0.2015626775,0.6813741847,0.01692296151,0.8914425781,0.4130157053,0.3821586147,0.3849921928,0.1498829466,0.8509197179,0.8210781365
400,1,1,1,1,1,0.6549073864,0.5366184047,0.6038391148,0.4504437177,0.4065822046,0.5584213041,0.2447308372,0.2017414526,0.6812432472,0.0168895875,0.8913853975,0.4103394173,0.3835505794,0.3826320425,0.1487382851,0.8488299912,0.8208799937
400.5,1,1,1,1,1,0.6564614518,0.5338075508,0.602664166,0.451090615,0.4075949423,0.5576777359,0.2442476068,0.2028212859,0.6822857404,0.01694048655,0.8922946965,0.410404613,0.3852629717,0.3831256881,0.1489748364,0.8493375003,0.821361444
401,1,1,1,1,1,0.6552981407,0.5342847499,0.6023063051,0.4512060444,0.4085643948,0.5593610953,0.2447612119,0.2043935619,0.6838412057,0.01689434535,0.8926156298,0.409674026,0.3831521624,0.3831965755,0.149271194,0.8498934035,0.8216667559
401.5,1,1,1,1,1,0.653858524,0.533189131,0.6037221412,0.4528255064,0.4082600855,0.5622267809,0.2454221098,0.2036549122,0.6829712801,0.01695379498,0.8914375865,0.4100956131,0.3807805214,0.3819479997,0.1487644755,0.8499187772,0.8203039153
402,1,1,1,1,1,0.6544334769,0.5338042121,0.6044317437,0.4497129106,0.4085818223,0.5641402605,0.2457595208,0.2017817865,0.6831053338,0.01677280948,0.8922356264,0.4105862584,0.3800511776,0.3843177992,0.1502250155,0.8501815847,0.8192508725
402.5,1,1,1,1,1,0.6534173778,0.5327854635,0.6037540509,0.4527701826,0.4095064621,0.5647125543,0.2449457056,0.2009191404,0.6851279015,0.01675282363,0.8921565595,0.4115857586,0.3820888873,0.3874163921,0.1502630675,0.8491153948,0.8197558597
403,1,1,1,1,1,0.6555956349,0.5327127426,0.6041874771,0.4540001812,0.4077739087,0.5638650492,0.2462005685,0.201589529,0.6829862815,0.0169150576,0.8924816318,0.4115083415,0.3826462248,0.385242533,0.1506028707,0.8504373508,0.8191757698
403.5,1,1,1,1,1,0.6560007996,0.5345572239,0.603016765,0.4555549839,0.4066021955,0.5641328464,0.2465007051,0.2027605291,0.6829721408,0.01673542156,0.8944102542,0.4091228453,0.3828028095,0.3859236892,0.1492717274,0.8509505521,0.8182981679
404,1,1,1,1,1,0.6557869732,0.5348208931,0.6030940303,0.4539272106,0.4091809029,0.5639277964,0.2476694382,0.202520803,0.6814613247,0.01669406243,0.8942227939,0.4110531161,0.3822622274,0.3863052873,0.1487064023,0.8494048629,0.81681603
404.5,1,1,1,1,1,0.6520254831,0.5335886852,0.6026589091,0.4547760466,0.4131896211,0.5629776626,0.2467160296,0.2026985381,0.6816929424,0.01675011454,0.893709787,0.4109806617,0.3834309772,0.3878471549,0.1480866358,0.8501123465,0.8166869539
405,1,1,1,1,1,0.6544047889,0.5309693578,0.6019000286,0.4531405577,0.4110977306,0.5634130422,0.246237439,0.2032679718,0.6839603012,0.01696598673,0.893313588,0.4116484036,0.3838373035,0.3887750622,0.149835403,0.8494190579,0.8176860834
405.5,1,1,1,1,1,0.6543805836,0.5311003255,0.6020418861,0.4535350231,0.4097472695,0.5629994248,0.2464612516,0.2035093417,0.6830285134,0.01697672476,0.8945562968,0.4103000311,0.3843652431,0.3883121791,0.1498333155,0.8491863137,0.8186952958
406,1,1,1,1,1,0.6537659034,0.5324336502,0.603341898,0.453574904,0.4094060868,0.5628025034,0.2462151957,0.2052298618,0.6860683391,0.0170205909,0.8942400323,0.4094094157,0.383109786,0.3887939359,0.1495105565,0.8493701378,0.8191946432
406.5,1,1,1,1,1,0.6566294146,0.5319749445,0.6031664603,0.4543457732,0.4065165548,0.5651366699,0.2445623907,0.2029047951,0.687788907,0.01712631672,0.8943987794,0.4096971207,0.3843632436,0.3871791107,0.1483106615,0.8497268331,0.8217151097
407,1,1,1,1,1,0.6593265928,0.5322082625,0.6037274288,0.4555976008,0.4080878794,0.5616094558,0.2428780678,0.2040691251,0.6886397483,0.01709955233,0.8937117572,0.4110409895,0.3831152466,0.3859415362,0.1486830091,0.8508054066,0.8214717948
407.5,1,1,1,1,1,0.65976112,0.531700866,0.6026087005,0.4577054043,0.4064094801,0.5617507961,0.243290019,0.2040893171,0.6906754814,0.01712135427,0.8925718837,0.4111888284,0.3829589986,0.3870814859,0.1463782041,0.8497562318,0.8216987698
408,1,1,1,1,1,0.6582674266,0.5330450369,0.6050146056,0.4541309517,0.4074360773,0.5624976692,0.2422236577,0.2038589372,0.6912927668,0.01701859826,0.8927966979,0.4109587977,0.3804794607,0.3870977931,0.145338657,0.8499966576,0.8207946758
408.5,1,1,1,1,1,0.6571993984,0.5336616432,0.6036116303,0.4546014695,0.4084689421,0.5620867011,0.2416954933,0.2022921935,0.6912285334,0.0167543456,0.8924714116,0.4121108829,0.3816667617,0.3868531445,0.1469931123,0.848997161,0.8204103723
409,1,1,1,1,1,0.6562662993,0.5332747395,0.605376432,0.4559126737,0.4056233655,0.5617923702,0.2437823523,0.2015928109,0.6906457255,0.01656910438,0.8922659739,0.4128526811,0.3814079821,0.385317757,0.1459425061,0.8490973954,0.8197580815
409.5,1,1,1,1,1,0.6584540541,0.5335359041,0.6039301173,0.454098943,0.4046271971,0.5625354497,0.2463886557,0.2020133517,0.6888706707,0.0166077614,0.8918761647,0.4115863726,0.3834274321,0.3874214268,0.1464178773,0.8495156601,0.8199033973
410,1,1,1,1,1,0.6574445198,0.5352649325,0.6026489928,0.4532289193,0.4077977799,0.5619402976,0.2478500329,0.2014466658,0.6879018839,0.01673669133,0.8916189737,0.4131496331,0.3835324183,0.3855392853,0.1468744585,0.8488834924,0.8194451469
410.5,1,1,1,1,1,0.6573905165,0.532988466,0.6021037586,0.4484793337,0.4068757308,0.5615318353,0.2457789553,0.201089624,0.6867678414,0.0167210507,0.891877819,0.4132714511,0.3811085313,0.3866359314,0.1469158188,0.8474366497,0.8202861374
411,1,1,1,1,1,0.6560707706,0.5366185606,0.6020665475,0.4505440473,0.4087096453,0.5586119497,0.2461096068,0.1995885315,0.6872770669,0.01641740873,0.891304037,0.4148465298,0.3798106328,0.3833238062,0.1464639512,0.8479883398,0.8206200091
411.5,1,1,1,1,1,0.6556048375,0.5358385845,0.602647191,0.4496501306,0.4099098884,0.5593198921,0.2444227022,0.2007274623,0.6877969653,0.01645201055,0.892884101,0.4134119483,0.3815843433,0.384126831,0.1475413269,0.8472681558,0.8209969999
412,1,1,1,1,1,0.6565048682,0.5357795632,0.6016251855,0.4510527271,0.4090425923,0.5570989038,0.2445689119,0.2013510504,0.6867942362,0.01650315613,0.8929550298,0.4129681691,0.3791215179,0.3847984246,0.1470632483,0.8469251038,0.8210280873
412.5,1,1,1,1,1,0.6567323003,0.5351871626,0.6008103579,0.4520055961,0.4095139483,0.5590694858,0.244169434,0.2014055798,0.6852171821,0.01639242813,0.8930521387,0.4123522461,0.3811416932,0.3852447463,0.1474692676,0.8472119673,0.8218121946
413,1,1,1,1,1,0.6550952469,0.5360906449,0.6010129607,0.4495343183,0.4101678467,0.5602211852,0.242846532,0.2004448451,0.6857544491,0.01649097459,0.8927165081,0.412664245,0.3819042208,0.3860162357,0.1476820356,0.8474104089,0.8225200888
413.5,1,1,1,1,1,0.6546430817,0.5344812896,0.602664973,0.4497867381,0.4106669294,0.5623060828,0.2453684579,0.2018411646,0.6862865576,0.01649926576,0.8918220325,0.4118566378,0.3800233633,0.3862171232,0.1487617419,0.846355801,0.8220651444
414,1,1,1,1,1,0.6541320317,0.5337016278,0.601620669,0.4539155989,0.4107965092,0.5613284627,0.2436842492,0.2034897738,0.6850674304,0.01671242996,0.8914497969,0.4125959885,0.3777991176,0.3848480285,0.1484465067,0.8468051617,0.8236681619
414.5,1,1,1,1,1,0.6545535722,0.5340656521,0.6022067216,0.4493292909,0.4111849031,0.5608716461,0.24449386,0.2020712389,0.6833177631,0.01683366166,0.8928403503,0.4115860194,0.3812856414,0.386017532,0.1476191244,0.8469660698,0.823194799
415,1,1,1,1,1,0.6532496742,0.5351039418,0.6023241652,0.4486742115,0.4106646924,0.5628315164,0.2449478248,0.2018445809,0.683240421,0.01679993747,0.8926646311,0.4101525698,0.3811944465,0.385482223,0.1469975383,0.8479227463,0.8225535105
415.5,1,1,1,1,1,0.6527962764,0.5368131417,0.6021231496,0.4464894881,0.4098441998,0.5603677908,0.2461306535,0.2018593714,0.6828251132,0.01663338607,0.8912591435,0.4117456729,0.3803475392,0.387280634,0.1468177276,0.8480612293,0.8213142421
416,1,1,1,1,1,0.6545867382,0.5351701273,0.6035024415,0.4479480395,0.4100447634,0.5603167716,0.2469900068,0.2024879309,0.6834954903,0.0165677194,0.8916439692,0.4121065468,0.3808926362,0.3874417345,0.1478700539,0.848373144,0.8220787189
416.5,1,1,1,1,1,0.6570986754,0.532573425,0.6042921664,0.4494081244,0.4102074597,0.563527932,0.2472838008,0.2033547126,0.6843541938,0.01676421035,0.8917214257,0.412493516,0.3782728724,0.3862416095,0.1484272437,0.849717991,0.8220647695
417,1,1,1,1,1,0.6575836615,0.5333613859,0.6039267098,0.45147321,0.4110176883,0.5613583348,0.2444814632,0.2030804626,0.6831936698,0.01666201314,0.8922216528,0.4110151701,0.3769263926,0.3872520004,0.1487139405,0.8497536573,0.8215148407
417.5,1,1,1,1,1,0.6573249527,0.5327724842,0.6021302099,0.4530591988,0.410876946,0.5607833955,0.2450874436,0.2020488836,0.6852246764,0.01665175737,0.8924919404,0.4124214686,0.3775607216,0.388745943,0.148263657,0.8501069599,0.8217384234
418,1,1,1,1,1,0.6569174628,0.5334681238,0.6035644702,0.4561523412,0.4111957785,0.562808006,0.2440975934,0.2008850521,0.6835113716,0.01666879934,0.8930548144,0.4127606691,0.3788316334,0.3870429961,0.1482615593,0.8497144056,0.8216453943
418.5,1,1,1,1,1,0.6549317267,0.5321012904,0.6051697257,0.4555400627,0.411686495,0.5639387351,0.2446755744,0.2009919623,0.6814048047,0.01666228404,0.893227213,0.415599745,0.3804893849,0.386593772,0.1476798532,0.8496939638,0.8215984187
419,1,1,1,1,1,0.6561700411,0.5340063654,0.6022555113,0.4533549793,0.410294657,0.5652732734,0.2441818798,0.2006547249,0.6816565165,0.01665092691,0.8926132272,0.4160681932,0.3833549403,0.3859465552,0.1464365779,0.850629325,0.8221627138
419.5,1,1,1,1,1,0.6559331776,0.5341361914,0.6052705849,0.4533600047,0.4096564139,0.5648176035,0.2438234759,0.2027115337,0.6851150126,0.01658557879,0.8927846719,0.4178649277,0.3840931423,0.3853128303,0.1460861669,0.849583766,0.8209989667
420,1,1,1,1,1,0.6553230396,0.5351447561,0.6049956946,0.4543562154,0.4101585658,0.5641957138,0.2433957071,0.2030343808,0.6814484142,0.01680332158,0.8939209635,0.4137483689,0.3846846493,0.3875633862,0.1466072389,0.8501307389,0.8203451279
420.5,1,1,1,1,1,0.6548690303,0.5344367054,0.6031132586,0.452778447,0.4085550001,0.5662211485,0.2416539184,0.2032139614,0.6807110134,0.01680929559,0.8941072564,0.4124771661,0.3835190792,0.3876292083,0.1476012237,0.8508282683,0.821458033
421,1,1,1,1,1,0.6539939665,0.5346412506,0.6047994209,0.4523593058,0.4089229423,0.5666628801,0.2429000964,0.2019175168,0.6813995476,0.0167583457,0.8933897068,0.4110200826,0.3828006146,0.3867947037,0.1478504821,0.852181076,0.8211032364
421.5,1,1,1,1,1,0.6561915001,0.5346121374,0.6063186278,0.4515278685,0.4099313815,0.566901104,0.2431768013,0.2029706132,0.6803399183,0.01670712534,0.8924552679,0.4108315879,0.3823011048,0.3864556374,0.1477690169,0.8514805968,0.8219293631
422,1,1,1,1,1,0.6581339535,0.5345630719,0.6054030461,0.4541578726,0.4093404055,0.5668560566,0.243852886,0.2025126748,0.6823570967,0.0167178931,0.893504459,0.411885593,0.3849429407,0.3847534749,0.1475651302,0.85105526,0.8221696561
422.5,1,1,1,1,1,0.6559757485,0.5347599016,0.6028411903,0.4535458398,0.4081188824,0.5667803277,0.2426423451,0.2011544057,0.6808575912,0.01681450453,0.8934077134,0.409742216,0.3832152386,0.3850126827,0.1462477396,0.8506441498,0.8217055556
423,1,1,1,1,1,0.6546351456,0.5335274118,0.6020391067,0.4550223088,0.4081551005,0.5673939238,0.2438856487,0.2024237098,0.6802659952,0.01685816627,0.8929434691,0.4101424671,0.3829514091,0.3829865844,0.1472346112,0.8500728713,0.8218236192
423.5,1,1,1,1,1,0.6546137779,0.5323343801,0.6016776321,0.4539541865,0.4101718721,0.5677148492,0.2422567477,0.2023535625,0.6814113764,0.01677517546,0.8932426546,0.4107110833,0.3827834358,0.3823557402,0.1457299145,0.8492408192,0.823406738
424,1,1,1,1,1,0.6530572847,0.5337340215,0.603383895,0.4551285769,0.4098656623,0.5683712652,0.2427568789,0.2023503749,0.6823320992,0.01660774589,0.892099739,0.4111499338,0.3818384698,0.3841216016,0.1466678421,0.8502263253,0.8234944183
424.5,1,1,1,1,1,0.6542276273,0.5340464106,0.6027071551,0.4556288067,0.40865086,0.5697149648,0.2428511297,0.2039473185,0.6821844345,0.01663314253,0.8917301313,0.4112142012,0.3827571743,0.3838972264,0.1466014733,0.8472165417,0.8233946934
425,1,1,1,1,1,0.6539803568,0.534754584,0.6037624627,0.4547014244,0.4063927486,0.5680339648,0.2421236578,0.2040140418,0.6797517926,0.01672133666,0.8920358744,0.4096793755,0.3851123677,0.3864629821,0.1456291492,0.8475335165,0.8225451031
425.5,1,1,1,1,1,0.6535600482,0.5362475078,0.6053411642,0.455257385,0.4039412156,0.5675673562,0.2426099701,0.2039057411,0.680178421,0.01677453624,0.8915622683,0.4111651144,0.3842356655,0.3866257434,0.1468854801,0.848243235,0.8211531526
426,1,1,1,1,1,0.6542918581,0.5356938276,0.6075212361,0.4549463631,0.4035410427,0.5658764679,0.2425328622,0.2044224463,0.680566812,0.01681438995,0.8918082537,0.4106880497,0.3821274235,0.3841302707,0.1474392904,0.8487001768,0.8225457148
426.5,1,1,1,1,1,0.6524458799,0.5367821877,0.603598772,0.4536136232,0.4072657639,0.5667650785,0.2419624065,0.2032644579,0.6809091471,0.01666947923,0.8911788037,0.4128837995,0.3807140063,0.3841331091,0.1466262146,0.8483699207,0.8234561229
427,1,1,1,1,1,0.655646085,0.5389042686,0.6053572343,0.4549824088,0.4071984162,0.5648464322,0.2427161816,0.2027300703,0.6810628616,0.01664750879,0.8913095359,0.4128308779,0.381728802,0.3838796837,0.1467803008,0.8492430566,0.8224506859
427.5,1,1,1,1,1,0.6572115731,0.5374540509,0.6053725923,0.4527435948,0.4081252789,0.5619913424,0.242927017,0.2020994653,0.6804973256,0.01658473241,0.8912819764,0.4133572731,0.3818018396,0.3849261801,0.1460742162,0.8497791133,0.8228532521
428,1,1,1,1,1,0.6585059004,0.5371503348,0.6047755096,0.4510074427,0.4078919447,0.562820946,0.2440795459,0.2008802663,0.6790570836,0.01662110973,0.8918119735,0.4128703186,0.3805890153,0.384209954,0.1466371867,0.8515409434,0.8223924614
428.5,1,1,1,1,1,0.6549987441,0.5353465814,0.6038991346,0.4520054154,0.412073353,0.5624949247,0.244194183,0.2016148338,0.6782441621,0.01665753111,0.8915245148,0.412828528,0.3807313487,0.3820760841,0.1465155444,0.850698949,0.8229989486
429,1,1,1,1,1,0.6576355576,0.533785629,0.6043275346,0.4507041232,0.4112526795,0.5617608656,0.2430193851,0.2018186733,0.6778980462,0.01680555745,0.8914753726,0.4130615466,0.3797239346,0.383072064,0.1471538205,0.8511340381,0.824279321
429.5,1,1,1,1,1,0.6587451364,0.5345637582,0.6045756528,0.4507663953,0.4117153018,0.5622417956,0.2443465475,0.2021595463,0.6766123488,0.016802372,0.8910308638,0.4143340064,0.3811273217,0.3860434892,0.1469108218,0.8508438105,0.8238178762
430,1,1,1,1,1,0.6599952891,0.5343526395,0.603150025,0.4541415607,0.4129599168,0.562101719,0.2455866115,0.2014300444,0.6758151089,0.01675671538,0.8911692565,0.4139131191,0.3836733053,0.388142162,0.1484295961,0.8496562965,0.8214532669
430.5,1,1,1,1,1,0.6603684862,0.53434101,0.6037860902,0.453086771,0.4112610137,0.5622924482,0.2454709808,0.2039195247,0.677012466,0.01676934037,0.8904194506,0.4134217482,0.3829685603,0.3895223517,0.1480005246,0.8480207334,0.821470848
431,1,1,1,1,1,0.6602230604,0.5353278815,0.6022444138,0.4542098362,0.4090687236,0.5648394241,0.2436606223,0.2030001502,0.6778432503,0.01655040909,0.891465567,0.4121879856,0.3801491744,0.3905802486,0.1484351664,0.8471939182,0.8220139847
431.5,1,1,1,1,1,0.6587701159,0.5314143193,0.6018977353,0.4546545594,0.408323792,0.5622177403,0.2434257496,0.2013494316,0.6802153492,0.01664759641,0.891320528,0.4129584466,0.3800259528,0.3879572485,0.1480187149,0.8468405059,0.8200393381
432,1,1,1,1,1,0.6591355915,0.5346604913,0.6019335567,0.4553631758,0.4085867643,0.563162363,0.2447998667,0.2012352055,0.6828681524,0.01664341279,0.8913984987,0.4134702247,0.3822780385,0.3857696426,0.1477248851,0.8457319472,0.8203360436
432.5,1,1,1,1,1,0.659636168,0.534706607,0.6029371377,0.4545858419,0.4073050818,0.5645029474,0.2444136578,0.2014756567,0.6824181246,0.01660345045,0.891968951,0.4101670987,0.3799055849,0.387378689,0.147817439,0.8456919768,0.8216567769
433,1,1,1,1,1,0.6570509148,0.5333046916,0.6042010528,0.4555632439,0.4064304351,0.5680250821,0.2448895124,0.2011163964,0.6837323079,0.01618998293,0.8918279612,0.4112727462,0.3808629102,0.3847802808,0.1477765535,0.8467522713,0.820361866
433.5,1,1,1,1,1,0.6562889079,0.532277044,0.6047457451,0.4548997424,0.4069031199,0.5656668968,0.243056429,0.1996575813,0.6815463509,0.01634267319,0.8925666665,0.4113762896,0.3776208685,0.3825911266,0.1483465392,0.8458458835,0.8208656899
434,1,1,1,1,1,0.6562182514,0.5314560492,0.603621478,0.4561858146,0.4055681039,0.5663190199,0.2441673397,0.2017531171,0.6830338498,0.01638925869,0.8921539811,0.4121922313,0.3783280282,0.3841147341,0.1479357107,0.8462907244,0.8222209106
434.5,1,1,1,1,1,0.6543454059,0.5293829106,0.6026465655,0.4555321382,0.4063509739,0.564008294,0.2454921627,0.2019410774,0.6821370691,0.0166041479,0.8913577036,0.4121635511,0.3805319338,0.3838795447,0.1475018809,0.8474286873,0.8216331427
435,1,1,1,1,1,0.6552068269,0.5334041904,0.6033814527,0.4571254858,0.408159833,0.5643904764,0.2450436053,0.2045090108,0.6831987498,0.01655193211,0.891119295,0.4138292645,0.3816719653,0.3853244486,0.1470855795,0.8464858681,0.8215981272
435.5,1,1,1,1,1,0.6579940285,0.5341175265,0.6036774402,0.4574260857,0.4073097437,0.564395686,0.2452402098,0.2065675304,0.6849188299,0.01658100958,0.8921130332,0.4142016539,0.3798124204,0.3849027473,0.1473942381,0.8449931293,0.8213622547
436,1,1,1,1,1,0.6563572347,0.5357090755,0.6037768319,0.4573505578,0.4087623802,0.565920885,0.2439802878,0.2055134232,0.6849350596,0.01671731763,0.8921732361,0.4152232154,0.3820839699,0.3867341538,0.1477127979,0.8456290919,0.822106937
436.5,1,1,1,1,1,0.6551742932,0.5337115649,0.6014019405,0.4547934905,0.408147444,0.564323769,0.2447673853,0.2042435068,0.6834955059,0.01658959862,0.8924608326,0.4158239597,0.3811599451,0.3873574541,0.1479620665,0.8473302418,0.8212663437
437,1,1,1,1,1,0.6539966339,0.5359329836,0.6023271367,0.4548309973,0.4098262044,0.5673674682,0.2452042998,0.2034344408,0.682837932,0.01681626805,0.8933575889,0.4155227974,0.3837826709,0.3841052359,0.1476933431,0.847715403,0.8209638691
437.5,1,1,1,1,1,0.6540057,0.5357682264,0.6045914979,0.4567844762,0.4102676526,0.5677344899,0.2465837833,0.2025987313,0.6830009589,0.01685613346,0.8932490105,0.4150320428,0.3853274505,0.3872099015,0.1456581083,0.8472343637,0.8203603055
438,1,1,1,1,1,0.6518873133,0.5338740344,0.6037375333,0.4576206542,0.4097600122,0.5665467921,0.2476166215,0.2032530038,0.6835868044,0.0169113194,0.893028439,0.4169749411,0.385606957,0.3853857976,0.1467593212,0.8492303617,0.8209351558
438.5,1,1,1,1,1,0.6518850957,0.5330766557,0.6037479139,0.4568843995,0.4120768193,0.5644599453,0.2460972544,0.2025780904,0.6831156313,0.01692113156,0.8928864654,0.4144197574,0.3820379602,0.3815317603,0.1468640998,0.8496266927,0.819570092
439,1,1,1,1,1,0.654084423,0.5313834583,0.6055986827,0.4546012316,0.4119519595,0.5641151375,0.2423992469,0.2021210579,0.6851660478,0.01680314377,0.8927145535,0.4133919911,0.3828784241,0.3829766734,0.1467204923,0.8504715791,0.8203405087
439.5,1,1,1,1,1,0.655150157,0.5332127277,0.6040495936,0.4527924905,0.4091334262,0.5626165164,0.2428690972,0.2014424341,0.6848110151,0.01671850349,0.8923135593,0.4141132699,0.3836619907,0.3833876149,0.1479188691,0.8487583976,0.819583946
440,1,1,1,1,1,0.6540040951,0.5341201137,0.6005824479,0.4528571974,0.4080515941,0.5610184408,0.2439329253,0.2002607226,0.6871262511,0.01669498854,0.8934708374,0.4112810656,0.3845936955,0.3855495995,0.1479783093,0.8489917845,0.8187550379
440.5,1,1,1,1,1,0.6545806344,0.5335702386,0.6024930181,0.4538399655,0.4110031378,0.5607724299,0.2430358653,0.2029143029,0.684551705,0.01661388574,0.8923615171,0.4123227087,0.3823850138,0.385068238,0.1478533528,0.8482908338,0.8205647115
441,1,1,1,1,1,0.6563939,0.5352927723,0.6051251196,0.4533986078,0.4118310456,0.5597584872,0.2415551562,0.2014831936,0.6863628354,0.01676024051,0.8921422523,0.4136262386,0.3826514002,0.3871178723,0.1486014682,0.8484965876,0.8210602064
441.5,1,1,1,1,1,0.6576654434,0.5340657733,0.6038736994,0.4514499318,0.4092150427,0.5639024152,0.2423703659,0.2001274527,0.6848576635,0.01676306579,0.892611369,0.4122293466,0.3819638287,0.3893470299,0.14726183,0.8483647985,0.8211156459
442,1,1,1,1,1,0.6551095605,0.5332792084,0.6043781623,0.4542312806,0.409825252,0.5641039896,0.2458914704,0.1999449284,0.6846766947,0.01669576689,0.8929600857,0.4118265271,0.3818356503,0.3891208841,0.1465226098,0.8491031238,0.8209195816
442.5,1,1,1,1,1,0.6549967038,0.5343155668,0.6050694867,0.4552625429,0.4097675565,0.5647142282,0.2454447083,0.1999983472,0.6821972811,0.01670832888,0.8927472147,0.4115358754,0.3832117746,0.3873737828,0.1473171198,0.8485626908,0.8210875288
443,1,1,1,1,1,0.6564666149,0.5319328738,0.6051420429,0.4526867505,0.4109406426,0.5629594192,0.247330159,0.2027622275,0.6835630366,0.01672662875,0.891716564,0.4122101885,0.3823485196,0.3884288068,0.1484320703,0.8479849341,0.820085481
443.5,1,1,1,1,1,0.6558270846,0.5329710627,0.6074494035,0.4532540354,0.4081684219,0.5646167074,0.2453425832,0.2030744005,0.6834202965,0.01664666837,0.8904966232,0.4155097956,0.3824490044,0.3879384464,0.1488840585,0.8471307514,0.8199006953
444,1,1,1,1,1,0.654906412,0.5328651572,0.6038364777,0.4533951651,0.4073256332,0.5627533591,0.2457402502,0.2050668073,0.6841485742,0.01679920303,0.890698279,0.4165927999,0.3826329239,0.3861573106,0.1469880097,0.8478219784,0.819407605
444.5,1,1,1,1,1,0.6556697723,0.5348466728,0.6046921121,0.4513867359,0.4071188104,0.5621948659,0.2436468175,0.2043194175,0.6851695708,0.01676182921,0.8909032498,0.4161402248,0.3836533609,0.3849723617,0.1461569876,0.8477116158,0.8199110123
445,1,1,1,1,1,0.657449269,0.5343283064,0.6049930711,0.4529892318,0.4104975514,0.5619865237,0.2429622841,0.205398049,0.6840927204,0.01680342283,0.8917403591,0.4161425084,0.3839275413,0.3868397139,0.1470470259,0.8470602216,0.8183371777
445.5,1,1,1,1,1,0.6549919313,0.5340472592,0.6032444277,0.4524226419,0.4096775543,0.5643271222,0.2438498296,0.2052605056,0.6860106806,0.01672968048,0.8931858223,0.4155707661,0.3848151538,0.3866987744,0.1479750594,0.8485146548,0.8168156169
446,1,1,1,1,1,0.6551928799,0.535173314,0.6041235908,0.45208169,0.4090457662,0.5642497118,0.2449745719,0.2049310521,0.6846168948,0.01710822224,0.893490725,0.4147854193,0.3807591932,0.3867723476,0.1474055204,0.8488140217,0.8167002218
446.5,1,1,1,1,1,0.6563562803,0.535888317,0.6049455581,0.4500318193,0.4093799956,0.5642868436,0.2441874434,0.2033994443,0.6845421052,0.01695964777,0.8935746967,0.4127931818,0.3806830619,0.3850922643,0.1471330763,0.8477088896,0.8169390114
447,1,1,1,1,1,0.6550033446,0.5370582086,0.6047316743,0.4507713727,0.4076017882,0.564667071,0.2430490961,0.2045551393,0.6853938708,0.01689129101,0.8935383326,0.4118976887,0.380605196,0.3855121997,0.1452865082,0.8487439266,0.8164500419
447.5,1,1,1,1,1,0.6559645452,0.5330410443,0.6040520882,0.4512924478,0.4083583781,0.5646304594,0.2449789243,0.2042207006,0.6870721075,0.01688928217,0.8933355437,0.4115181153,0.3812921092,0.383259921,0.1454006535,0.8477285334,0.8149606709
448,1,1,1,1,1,0.6567172334,0.533682502,0.6035820698,0.4521652474,0.409790218,0.560441165,0.2427161097,0.2026708275,0.6867752359,0.01699540906,0.8936215633,0.4125964772,0.3806721067,0.3841783417,0.1436248374,0.8492176187,0.8149103087
448.5,1,1,1,1,1,0.6574490873,0.5333577493,0.6056746945,0.4513351862,0.4112266841,0.5628545841,0.2452029806,0.2034655594,0.6869203471,0.01676527625,0.8952451217,0.4139375842,0.3810243124,0.3833393312,0.1445324067,0.8484641539,0.8159343218
449,1,1,1,1,1,0.6595398998,0.5349743995,0.6037089961,0.4522358636,0.4120830323,0.5655750522,0.2445734414,0.2042307179,0.6874597835,0.01703537026,0.8944190115,0.4143314509,0.3845036114,0.3838207104,0.1436233828,0.8483849954,0.8146604886
449.5,1,1,1,1,1,0.6618394237,0.5338121123,0.6072218014,0.4517557737,0.4112203938,0.5654198089,0.2425890034,0.2038338241,0.6859376205,0.01697680262,0.8940123023,0.4153327854,0.3845770554,0.3851831194,0.1438461721,0.8487219633,0.8144626735
450,1,1,1,1,1,0.6614649024,0.5310357683,0.6048362849,0.453890127,0.410543211,0.5649375247,0.243534433,0.2028747958,0.6873265761,0.0168899221,0.893600192,0.4151764621,0.3838308644,0.3851801921,0.1436249877,0.8500474154,0.8150572944
450.5,1,1,1,1,1,0.6612343861,0.5348442599,0.6034175108,0.4556883087,0.4110946533,0.5644581224,0.244982332,0.2018304502,0.6874381995,0.01694953864,0.8930502742,0.414044086,0.3847281832,0.3846385888,0.1442847042,0.8495405578,0.8159212123
451,1,1,1,1,1,0.6608430587,0.531286849,0.6038452455,0.454286849,0.4118125291,0.5631099634,0.2430907546,0.2027143209,0.6888097198,0.0167772901,0.892919805,0.4117663048,0.3824077886,0.3849845915,0.1448395295,0.8502586172,0.8163635744
451.5,1,1,1,1,1,0.6599548105,0.5312447199,0.6028516188,0.4552404995,0.4093895012,0.5639752838,0.2444855288,0.2026062976,0.6867702184,0.01677484877,0.8929607108,0.4129925276,0.3822732259,0.3850721926,0.1451948239,0.8504229923,0.8171124723
452,1,1,1,1,1,0.6566557621,0.5337106019,0.6039025671,0.4537937141,0.4089539307,0.5599683311,0.2437911955,0.2025533751,0.6873756664,0.01687656534,0.8921736237,0.411643641,0.3808426669,0.3852466247,0.1448127656,0.8502176253,0.8158970601
452.5,1,1,1,1,1,0.6571961062,0.5359048904,0.6050436887,0.4521563931,0.4090443566,0.5631931754,0.2444402096,0.2023182912,0.685514356,0.01684928828,0.8935941437,0.4088838532,0.3819131214,0.3839338244,0.1445333743,0.84949995,0.8162293169
453,1,1,1,1,1,0.6557968357,0.5349029596,0.6037550891,0.450835416,0.4084038225,0.5612293328,0.2450103118,0.202290312,0.6854740729,0.01669296307,0.89332458,0.4114906498,0.3820049977,0.383983659,0.1458516583,0.8500713318,0.8155088162
453.5,1,1,1,1,1,0.6564668841,0.5341308512,0.6018332209,0.4477345517,0.4078664422,0.559963998,0.2451090954,0.202126048,0.6864077969,0.01662481231,0.8932786107,0.4096984145,0.3814115431,0.385080819,0.1453750996,0.8511080766,0.8166942095
454,1,1,1,1,1,0.658803528,0.5338657488,0.6040602966,0.4455019297,0.4080718521,0.5594628053,0.2435254063,0.2021069096,0.6849584031,0.01677071659,0.8911658532,0.40858647,0.3804571459,0.385312126,0.1454761739,0.8512716177,0.817607654
454.5,1,1,1,1,1,0.6584067674,0.5341994002,0.6027656629,0.4473581466,0.4110916533,0.5601519797,0.2433501336,0.2025436761,0.6847847145,0.01678593987,0.8905163469,0.409689618,0.3809764012,0.3842805192,0.1455830511,0.8504606254,0.816873095
455,1,1,1,1,1,0.6594522991,0.5322278323,0.6023808872,0.4476932594,0.411708734,0.5611375545,0.2441628073,0.2020849003,0.6853280395,0.01685854537,0.8913076224,0.4114033275,0.3809501914,0.3842042257,0.146912516,0.8509493678,0.8166660971
455.5,1,1,1,1,1,0.6580611185,0.5329915885,0.6012130849,0.4496332411,0.4097306903,0.5615008665,0.2438804635,0.2019603666,0.6854029939,0.01683969487,0.8913818767,0.4132959284,0.380842768,0.3851325875,0.1472281876,0.8507874128,0.8174936696
456,1,1,1,1,1,0.658986155,0.5321047232,0.6002835647,0.4497019524,0.409104186,0.5618805078,0.2429963657,0.2014820016,0.6859359912,0.01669096029,0.890910191,0.4128467015,0.3808367043,0.3831061941,0.1470750217,0.850579759,0.8183700225
456.5,1,1,1,1,1,0.6599573225,0.5313409586,0.6037083649,0.4514585833,0.4073632824,0.5612144347,0.2430310379,0.2026995993,0.6855676504,0.01687665812,0.8922092357,0.4146372348,0.3790228322,0.3828753903,0.1457252615,0.8508257137,0.8192422565
457,1,1,1,1,1,0.6613396158,0.5310507545,0.6034617448,0.4515461396,0.4099964297,0.5621199588,0.2435963408,0.2034522918,0.6863740473,0.01681817485,0.8910762651,0.4135583679,0.3761987718,0.3846598552,0.1456771805,0.8499709123,0.8187672271
457.5,1,1,1,1,1,0.6589152803,0.531731792,0.6017985942,0.4520399202,0.4104893461,0.5654094374,0.2434981587,0.2019789633,0.6864159923,0.01672095244,0.8910859362,0.4103787257,0.3782727814,0.3839521569,0.1465438334,0.8508350221,0.8188359938
458,1,1,1,1,1,0.6569156706,0.5336383557,0.6008310544,0.4508873009,0.408822501,0.5628989934,0.2420452158,0.2021529062,0.6872226093,0.01667386816,0.8916447398,0.4113356039,0.3806606394,0.3845464454,0.1473307974,0.850089264,0.8188225893
458.5,1,1,1,1,1,0.6576929178,0.5335531412,0.5983477261,0.4525388858,0.4103236428,0.5648072003,0.2423993266,0.2023062678,0.68548131,0.0166052547,0.8916763112,0.4122640167,0.3812310148,0.382366869,0.1464882904,0.850560326,0.8182893878
459,1,1,1,1,1,0.6570943378,0.5295638798,0.6034499544,0.4512669684,0.4090985804,0.5609478081,0.2434663429,0.2033749173,0.6853062774,0.01655458603,0.8921334018,0.4120317618,0.3840257915,0.3849948721,0.1462543527,0.8503501866,0.8179803971
459.5,1,1,1,1,1,0.6574798966,0.5301608397,0.6015838441,0.4547060043,0.4112781911,0.5618039264,0.2439757528,0.2029497454,0.6844985136,0.01657186758,0.8911399482,0.4105405259,0.3821550608,0.3852091184,0.1461299766,0.8501134994,0.8199220054
460,1,1,1,1,1,0.6564306037,0.5301612051,0.6023759606,0.4520999584,0.4101400207,0.5631898041,0.2425625133,0.2039572821,0.6854058319,0.01672105357,0.8907862079,0.413887247,0.3827195822,0.3860492053,0.1476986795,0.8492869506,0.8190255531
460.5,1,1,1,1,1,0.6540597531,0.5291532602,0.6038839143,0.4547084684,0.4093226868,0.5634701926,0.242871959,0.2041554501,0.6835675188,0.01680745667,0.8889808749,0.4134269816,0.3825910155,0.3863278886,0.1473396087,0.8486839188,0.8198879965
461,1,1,1,1,1,0.6550560682,0.5306677058,0.601473792,0.4549768365,0.4114836106,0.5632193658,0.2413806952,0.204254027,0.6817357494,0.01684045951,0.8885333727,0.412468146,0.38306071,0.3837052156,0.1466553738,0.8480371378,0.8204275781
461.5,1,1,1,1,1,0.6557107697,0.5307517485,0.6013654675,0.4569374376,0.4107468551,0.5632704434,0.2404448384,0.2045619605,0.6839106294,0.01673679784,0.8886026988,0.409840511,0.3813165028,0.3829909271,0.1468452669,0.8477367342,0.8217583981
462,1,1,1,1,1,0.6557333734,0.533252466,0.602095774,0.4560714695,0.4100274636,0.5619320945,0.2414547371,0.2048276212,0.6863762037,0.01678174091,0.889650109,0.4106588064,0.3810421759,0.3838456047,0.146743136,0.8477411299,0.8208591595
462.5,1,1,1,1,1,0.6551062336,0.5337135298,0.6046629518,0.4553449471,0.4108135861,0.5614284733,0.243092682,0.202688946,0.6874755584,0.01673217835,0.8892811823,0.4115973604,0.3813039573,0.3840521178,0.1466161923,0.8481555977,0.8194705028
463,1,1,1,1,1,0.6532513822,0.5327877753,0.6045830039,0.4567513464,0.4115271917,0.5613077198,0.2424870632,0.2023258551,0.6882030641,0.016561135,0.8892831877,0.4129902734,0.3813763647,0.3867159007,0.1474949412,0.848080757,0.8195049033
463.5,1,1,1,1,1,0.6523625064,0.5352283702,0.6078029895,0.4565804964,0.4120743488,0.5625693236,0.2423106237,0.2035824229,0.6895461563,0.0165555161,0.8904569895,0.4135607516,0.3816300629,0.3879734101,0.1486902203,0.8479326035,0.8201169258
464,1,1,1,1,1,0.6529847364,0.5357925292,0.6071684217,0.4546056967,0.4107959577,0.5632490961,0.2422941454,0.2031139669,0.6883160968,0.01680392945,0.8915112261,0.4160693985,0.3819271659,0.3885513128,0.1481172311,0.8485877952,0.8210537845
464.5,1,1,1,1,1,0.6550081289,0.5350700129,0.6064191605,0.4556185321,0.4080590734,0.5631084644,0.2444511025,0.2025938911,0.6902689493,0.01684260019,0.8914210368,0.4174759624,0.3838484375,0.3865211561,0.1485565497,0.8505763414,0.819167077
465,1,1,1,1,1,0.654089806,0.532675038,0.6045928776,0.4534350824,0.4086731262,0.5645172373,0.2430690936,0.2001082618,0.6892033422,0.01684683015,0.8922621712,0.4148220296,0.3838558981,0.3840721776,0.1491126052,0.8505012926,0.8177712073
465.5,1,1,1,1,1,0.6567202157,0.531282804,0.60501136,0.4543909764,0.4086197636,0.5635917312,0.2434926764,0.2005254613,0.6890536305,0.01660124511,0.8929854839,0.4144241131,0.381864017,0.3857407319,0.1493763897,0.8508796753,0.8195138794
466,1,1,1,1,1,0.6561393355,0.530097477,0.6070077042,0.4536641245,0.408036233,0.5649334539,0.2429539498,0.2015373305,0.6869346652,0.01636384876,0.8931169927,0.4134118637,0.3825615288,0.3883422776,0.1505206503,0.8504758663,0.8209838193
466.5,1,1,1,1,1,0.6558006209,0.5301929662,0.6048625806,0.4549472603,0.4100358211,0.5652144694,0.244871546,0.2029042044,0.6834752595,0.01661879072,0.8930433854,0.4138663641,0.381060943,0.3871875463,0.1485595557,0.8499015766,0.8194622485
467,1,1,1,1,1,0.6541424356,0.5312491992,0.6029078846,0.4533758148,0.4061105673,0.5642036047,0.24303871,0.2046871735,0.6846158534,0.01664669472,0.8932353973,0.4124173324,0.3815883956,0.3870471127,0.1480385653,0.8493305627,0.8200447779
467.5,1,1,1,1,1,0.6566491753,0.5323006146,0.6039691717,0.4496863467,0.4079999826,0.5619890066,0.2425514551,0.2065521533,0.6857784598,0.01670863657,0.8938316014,0.4118469092,0.3818431335,0.3858972743,0.1489597943,0.8494524833,0.8194174238
468,1,1,1,1,1,0.6583284663,0.5316148068,0.605136235,0.4513181393,0.4055017925,0.56205667,0.24037259,0.205126375,0.6861617621,0.01674054125,0.893679526,0.4107396901,0.3792410537,0.3865023106,0.1482879378,0.8511582255,0.8185082174
468.5,1,1,1,1,1,0.6587322707,0.5308589191,0.6025960709,0.4533431566,0.4074616662,0.5626051603,0.2393744215,0.2042204416,0.6861823212,0.01687315341,0.893238201,0.4104017828,0.3802549528,0.3857988425,0.1478116334,0.8493525141,0.8197364566
469,1,1,1,1,1,0.6601113461,0.5313731618,0.6019587338,0.45258387,0.4074820949,0.5639913075,0.2397852651,0.2055614292,0.6867481713,0.01684972713,0.8926265031,0.4107853543,0.3813616738,0.3825572112,0.1493244237,0.8503557175,0.8183519916
469.5,1,1,1,1,1,0.6601768082,0.5346418794,0.6027998048,0.4512611851,0.4089611736,0.5623970287,0.2407158637,0.2045852137,0.6876986549,0.01692085792,0.8917411647,0.4121790674,0.3840562161,0.3848879063,0.148562295,0.8496575413,0.8185472761
470,1,1,1,1,1,0.6606372374,0.5339771636,0.5998239966,0.4523819793,0.4063477659,0.5629960912,0.240496572,0.2033647916,0.6851650519,0.0169344334,0.8917399911,0.4115355964,0.3842725259,0.3857672728,0.1475764169,0.8495016396,0.8193819682
470.5,1,1,1,1,1,0.6594969651,0.5336448583,0.6013568125,0.4523663195,0.404168184,0.5621033112,0.2416277626,0.2011914192,0.6854803922,0.01694354598,0.8912954006,0.4095950866,0.3804068277,0.3863163606,0.1474641519,0.8497272978,0.8193415925
471,1,1,1,1,1,0.6588564111,0.535103521,0.6034170267,0.4504476633,0.4060540214,0.5612475725,0.2403761356,0.2000416856,0.6865756293,0.01683724795,0.8911473667,0.4114406457,0.3783223367,0.3867365724,0.1468329017,0.8495875207,0.8205920146
471.5,1,1,1,1,1,0.6593531181,0.5344364361,0.6031700449,0.4516593282,0.4066376218,0.5623684478,0.241384313,0.2026898298,0.6863514389,0.01684016703,0.8909887041,0.4095847602,0.3793610569,0.3881175708,0.1467831735,0.8511136465,0.8209854172
472,1,1,1,1,1,0.6592379287,0.5300096493,0.6061226499,0.4512088009,0.4068988206,0.5598668016,0.240294064,0.2034180762,0.6871146208,0.01668083119,0.8909564825,0.4099938148,0.3799023552,0.3871109041,0.1466523233,0.8517305819,0.8217074389
472.5,1,1,1,1,1,0.6598288525,0.5325393085,0.6038687415,0.451957307,0.4065301405,0.5616170765,0.2414774168,0.202107006,0.6864097645,0.01684391146,0.8920347988,0.4086945252,0.3809756451,0.3866749512,0.1463638734,0.8495179672,0.8225720531
473,1,1,1,1,1,0.6594696509,0.5315447971,0.6040304208,0.4536982198,0.4064379515,0.5624395663,0.241006787,0.2017772896,0.6845173408,0.01710030431,0.8916632715,0.4119917225,0.3808260114,0.3878493378,0.1453573155,0.8486687512,0.8242751388
473.5,1,1,1,1,1,0.6624130207,0.5337129348,0.6032091115,0.4524393662,0.4060991539,0.5631254368,0.2431789417,0.2013717321,0.6853004412,0.01714202808,0.8925444075,0.4110769204,0.3782636554,0.3872182247,0.1456880858,0.8494903966,0.8256462126
474,1,1,1,1,1,0.6620633945,0.5356123912,0.6052352429,0.450927541,0.4086023291,0.5600869777,0.2435210749,0.2010355919,0.6838680443,0.0169905388,0.8916696438,0.4096013157,0.3799478317,0.3881855485,0.1461746018,0.8489372537,0.8251722008
474.5,1,1,1,1,1,0.664741163,0.5334898695,0.6049515491,0.4506228968,0.4085107183,0.560518832,0.2425159679,0.2009992196,0.6825777573,0.01704157388,0.8922964532,0.4125076623,0.3829810754,0.3895748738,0.1461299262,0.8481791531,0.8240870237
475,1,1,1,1,1,0.6633984277,0.5333366424,0.6043748257,0.4523539823,0.4099248908,0.5621122123,0.2419763035,0.1993254575,0.6833079515,0.01687813545,0.8924157687,0.4118899256,0.3812797669,0.3897439607,0.1456692601,0.8478486938,0.823767466
475.5,1,1,1,1,1,0.6628587111,0.5343162458,0.6037839156,0.4555303766,0.4098696909,0.5607576549,0.242211834,0.1999453972,0.6836424088,0.01680747054,0.8910905918,0.4114414573,0.3797241449,0.389920537,0.146670497,0.8479541775,0.8252405071
476,1,1,1,1,1,0.6622375134,0.5348853384,0.6033796632,0.4547642933,0.411331328,0.5608949829,0.2434030737,0.2004331586,0.6833328153,0.01674555348,0.8913300625,0.4119854051,0.3811720092,0.3908736074,0.1470172571,0.8486527698,0.8263786185
476.5,1,1,1,1,1,0.6625634599,0.5347515337,0.6018718377,0.455751722,0.4096875713,0.5619039561,0.2423373457,0.2016775298,0.6833200381,0.01674596504,0.8917237426,0.4123220791,0.379355006,0.3901022534,0.1470985154,0.84690297,0.8252981913
477,1,1,1,1,1,0.6621078409,0.5345350158,0.6037571238,0.4535139936,0.4093394208,0.5634339652,0.2420296474,0.2011300608,0.6830259766,0.01645252854,0.8919382499,0.4112250163,0.3788732841,0.3890421745,0.1485242271,0.8470833742,0.8254300428
477.5,1,1,1,1,1,0.658403509,0.5361734566,0.605221516,0.4541148543,0.4105854525,0.5648141666,0.2407137596,0.2003574359,0.6815980562,0.01652538196,0.8903648008,0.4108093289,0.3778756321,0.388266838,0.1489334483,0.8484216697,0.8270308596
478,1,1,1,1,1,0.6562695093,0.5353725606,0.6046835378,0.4517203796,0.4095999123,0.5639645145,0.2417636886,0.2017093729,0.6835899969,0.01642619024,0.8896373104,0.4102068166,0.378053275,0.3871276402,0.1495752686,0.8484646601,0.8259756188
478.5,1,1,1,1,1,0.6577757025,0.5364924308,0.6041768991,0.4534375876,0.4098777785,0.5625072329,0.2411619695,0.2001608916,0.6821989287,0.01628069703,0.8899847493,0.4107706016,0.3799453803,0.3859308942,0.1489108588,0.8473260892,0.8246768926
479,1,1,1,1,1,0.6571503339,0.5364364495,0.6048320314,0.4527906139,0.4091191582,0.5611617449,0.24212403,0.2016259291,0.6841966003,0.01636146506,0.8899242807,0.4092686533,0.3788131923,0.3843730249,0.1476584369,0.8478341535,0.8247974887
479.5,1,1,1,1,1,0.6589145403,0.5368624761,0.6041851989,0.452955828,0.410369162,0.561066304,0.2422615305,0.2009926516,0.6837619039,0.01623385007,0.8898255247,0.4119141119,0.3786264732,0.3859527305,0.1465736284,0.8463671691,0.8242639334
480,1,1,1,1,1,0.6572044304,0.5361075774,0.6058080004,0.4544633158,0.4121207265,0.5636628795,0.2428716436,0.1995044157,0.6851709334,0.01648458514,0.8903521235,0.4099448309,0.3816714341,0.3839970896,0.1464390976,0.8466382524,0.8222940175
480.5,1,1,1,1,1,0.6600793858,0.5372292967,0.6063896492,0.4530460845,0.4129688785,0.562071383,0.2438587827,0.1998964493,0.6873659485,0.0163853898,0.889600063,0.4113727322,0.3821115262,0.3842942463,0.1477329612,0.8468886631,0.8189462174
481,1,1,1,1,1,0.659729333,0.5331054253,0.6069999982,0.4500365088,0.4107764124,0.5630889702,0.2453556467,0.2005687133,0.6841917421,0.01621247113,0.8899799834,0.4131479846,0.3799591603,0.3839745537,0.1467091047,0.8481715416,0.8184846386
481.5,1,1,1,1,1,0.6575554231,0.5306698596,0.6020731422,0.4489242024,0.4096349187,0.5619750871,0.2430681602,0.201848362,0.6867166772,0.0164251945,0.8899998001,0.4133938151,0.3809253347,0.3845391077,0.1468359772,0.8476371712,0.8176814228
482,1,1,1,1,1,0.6564708102,0.5311194253,0.604320042,0.4509492662,0.4088165892,0.5624124938,0.2419162996,0.2025840356,0.6846995501,0.01653166291,0.890975952,0.4101159672,0.3807688199,0.3848422032,0.1459465094,0.8495937932,0.818248801
482.5,1,1,1,1,1,0.6577313868,0.5298101118,0.6026062268,0.4527597649,0.4108671571,0.5624129656,0.2393619904,0.2029949805,0.6808617705,0.01663348719,0.8917131335,0.4100126808,0.3819483771,0.3846461959,0.1458260244,0.8490627979,0.817524165
483,1,1,1,1,1,0.65493271,0.5310135963,0.6039980588,0.4503527066,0.4113236836,0.5631792736,0.2399812639,0.2027001237,0.680569701,0.01670349701,0.8921985777,0.4115919212,0.3818618194,0.3844328815,0.146693985,0.8485164233,0.8177423049
483.5,1,1,1,1,1,0.6549371089,0.5316840879,0.603920028,0.4518358793,0.4103121461,0.5628006084,0.2409552624,0.2017174433,0.6808354669,0.01656137128,0.8926325562,0.413819591,0.3835519062,0.3847192427,0.1462413966,0.8496666837,0.8188824428
484,1,1,1,1,1,0.6560637808,0.5331750107,0.6044528253,0.4498352185,0.4091470855,0.5633391868,0.2423632126,0.2032202793,0.6801212671,0.01645047891,0.8919818251,0.4116690714,0.3832412482,0.38251763,0.1450160625,0.8497701496,0.8184207011
484.5,1,1,1,1,1,0.6561586077,0.5333283692,0.6028409669,0.4512902682,0.4091482766,0.5620834207,0.243438371,0.204031002,0.6798336357,0.01647046677,0.8926114294,0.4114401235,0.3813485885,0.3844195092,0.1455374256,0.8496940802,0.8204611657
485,1,1,1,1,1,0.6547507263,0.5340536272,0.6026105483,0.4500125358,0.409062235,0.5640291158,0.2457385325,0.204141937,0.6818912846,0.01657940194,0.8919978221,0.4109126302,0.3809758301,0.3852591827,0.1456239598,0.8494918436,0.8194840816
485.5,1,1,1,1,1,0.6543537419,0.5332689754,0.6026772722,0.4491151846,0.4083649991,0.5651066509,0.2466874234,0.2071254334,0.682387055,0.01667029044,0.8920525074,0.4104114721,0.3824555708,0.3858758883,0.1459241923,0.8507071714,0.8203848406
486,1,1,1,1,1,0.6537633958,0.5328209248,0.6020665755,0.45141432,0.4083447423,0.5638663467,0.2447623963,0.2067119844,0.6856521253,0.01670340204,0.8924716941,0.41097966,0.3831782604,0.3862035516,0.1467221795,0.8512009523,0.8218914208
486.5,1,1,1,1,1,0.6532076767,0.5317693637,0.6004531654,0.4499837829,0.4069643392,0.5643308402,0.2437800428,0.2062905317,0.6868056853,0.01656642042,0.8931445702,0.4120948002,0.382929966,0.3847530797,0.1467025104,0.8509753923,0.8226199449
487,1,1,1,1,1,0.6572524378,0.5326866587,0.6010208151,0.4493790102,0.4077109172,0.5627417978,0.2448988209,0.2062669128,0.6882031841,0.01677921789,0.8932806536,0.4108103867,0.3800819467,0.384536006,0.1487864252,0.8505450798,0.8227303092
487.5,1,1,1,1,1,0.6556015089,0.533678607,0.6006515135,0.451604985,0.4100142926,0.5624815362,0.2439639408,0.2066549824,0.6906288661,0.01675831557,0.8935517871,0.4099049713,0.3766319079,0.3875480393,0.1478072816,0.8520562268,0.8197792129
488,1,1,1,1,1,0.6533729778,0.5335204752,0.602070559,0.4539453479,0.4098720174,0.5625028217,0.2448657721,0.2047356585,0.6868700199,0.01668205115,0.8929126829,0.4092427251,0.3782050273,0.388042099,0.1486027928,0.850921094,0.8204560036
488.5,1,1,1,1,1,0.6510119373,0.5339073567,0.6036884845,0.4542906128,0.4100434593,0.5652934906,0.2445180753,0.2053662612,0.6854183828,0.0167438176,0.892833382,0.4074545,0.3793564109,0.3885122865,0.1498176215,0.8513947658,0.8210175403
489,1,1,1,1,1,0.6523258031,0.5355526212,0.6048369609,0.4558373093,0.4110718464,0.5665864771,0.2418081426,0.204776527,0.6845454123,0.01687686059,0.8945929521,0.4075516121,0.3782305334,0.3883835038,0.1501692971,0.8511288302,0.8227971047
489.5,1,1,1,1,1,0.6549163596,0.5347949126,0.6034519502,0.4539533538,0.4092430577,0.5672206388,0.2430044931,0.2032937609,0.6840849604,0.01700377591,0.8952010954,0.4111614563,0.3790979378,0.3855296237,0.1493883992,0.8506308383,0.8224325808
490,1,1,1,1,1,0.6538963206,0.5356597859,0.6046332078,0.4554734763,0.4086349731,0.5673185515,0.2450923848,0.202078269,0.6833791289,0.01691250136,0.8950283716,0.4123185987,0.3778698366,0.3867456787,0.1497472212,0.8503065343,0.8236443295
490.5,1,1,1,1,1,0.6557140516,0.5342686613,0.6064881966,0.4575665702,0.4099071091,0.5666216774,0.2427760777,0.2012218353,0.6824059912,0.01687765742,0.8958807028,0.4114319894,0.3791696705,0.3879900224,0.1492087432,0.8507661771,0.8228038259
491,1,1,1,1,1,0.6554154365,0.5352989826,0.6062465005,0.455355763,0.4099353995,0.5649301168,0.2429875151,0.2015713442,0.6829074806,0.01682840651,0.8956770507,0.4129459608,0.379619948,0.3873687931,0.1500123953,0.8511955299,0.8232508441
491.5,1,1,1,1,1,0.6562414994,0.5328392309,0.6038172298,0.4551694367,0.4114441234,0.5642667032,0.242240776,0.2024598993,0.6801734645,0.01679504374,0.8955627654,0.4109039166,0.3813111412,0.38929367,0.1498448589,0.8505647337,0.8236959756
492,1,1,1,1,1,0.6559389213,0.5346522858,0.6022038064,0.4570667176,0.409876021,0.5653601922,0.2440621124,0.2026688114,0.6810510109,0.01699667015,0.8944143276,0.4134103288,0.3833475908,0.3892035194,0.1491801777,0.850295724,0.8228864583
492.5,1,1,1,1,1,0.6551486879,0.5336251444,0.6021826053,0.4587032482,0.4100839592,0.5637269178,0.2451506343,0.2024537931,0.6812930724,0.01707823523,0.8938865735,0.4153709476,0.3844342729,0.3884996681,0.1486141851,0.8510511502,0.8259444659
493,1,1,1,1,1,0.6544204408,0.5348137865,0.6035064231,0.4576854835,0.411052862,0.565605643,0.2456266264,0.2036163409,0.6808690905,0.01689865004,0.8944576048,0.4132889811,0.3853159955,0.3898007133,0.150388485,0.8526526083,0.8250005225
493.5,1,1,1,1,1,0.6555621465,0.537467741,0.6056104015,0.4557763519,0.4112834999,0.5647624317,0.2461830144,0.2041156303,0.6805055852,0.0170416854,0.8935063241,0.4163136591,0.3839909485,0.3887226318,0.1489259903,0.8521720864,0.8249504314
494,1,1,1,1,1,0.6504224657,0.5363291616,0.6024748489,0.4554731368,0.410131886,0.5646441688,0.2455254424,0.2025215815,0.6808386928,0.01697649128,0.8943981016,0.414026023,0.3839838899,0.3865961563,0.1490062057,0.8520350279,0.8262766463
494.5,1,1,1,1,1,0.6518192162,0.5355410956,0.6041489554,0.4545133333,0.4088398775,0.5643355424,0.2462393941,0.2023933951,0.6813128808,0.01686447316,0.8947039012,0.4127991891,0.3833845188,0.3869680157,0.1479011438,0.8502087789,0.8275066593
495,1,1,1,1,1,0.6533422831,0.5346483684,0.6041007745,0.4559091199,0.408025049,0.5642848434,0.2449684571,0.2028121605,0.6798204376,0.01676511842,0.8940847625,0.4111431395,0.3825428285,0.3880432943,0.1483188698,0.8509936299,0.8263094749
495.5,1,1,1,1,1,0.6535769896,0.5331534926,0.6048855104,0.4552010937,0.4089865552,0.5649449965,0.2451057287,0.2027551705,0.6803767146,0.01669335717,0.8938711458,0.4133024065,0.382719534,0.3893224097,0.1482975046,0.8518479819,0.8273640525
496,1,1,1,1,1,0.6547390296,0.5334928165,0.6058976888,0.4531733613,0.4094075797,0.5629431338,0.246720006,0.2045173052,0.6806680017,0.01683038411,0.8947351651,0.4128063165,0.3822417289,0.3905971458,0.1477706323,0.850591789,0.8280719741
496.5,1,1,1,1,1,0.655442245,0.533051296,0.6023432814,0.4538529024,0.4103580636,0.5653772811,0.2462997382,0.2056081168,0.6820405312,0.0168141156,0.8947347256,0.4143939495,0.3803080683,0.3893235095,0.1483991047,0.8502831901,0.8276023252
497,1,1,1,1,1,0.6543791064,0.5325041047,0.6045626809,0.4538034024,0.4100266384,0.5657373093,0.2466211089,0.2048040374,0.681019333,0.01672662319,0.8949333311,0.4132463775,0.3796162073,0.3877673421,0.1484167435,0.8515757693,0.8263036116
497.5,1,1,1,1,1,0.6557144163,0.5324193975,0.6054764069,0.4537497057,0.4128248283,0.5664845393,0.2494573455,0.203175982,0.6801566757,0.01662554879,0.8948891832,0.4117675574,0.3771029394,0.3841032178,0.1480963765,0.8505041753,0.8263070181
498,1,1,1,1,1,0.6576085686,0.5323728039,0.6056279875,0.4551291254,0.4085325729,0.5676308106,0.2475778359,0.2047474788,0.680284224,0.01673253314,0.8944471472,0.4136448614,0.3764513777,0.3828662808,0.1478941358,0.8505323146,0.8285695401
498.5,1,1,1,1,1,0.6558281538,0.5330031384,0.6072570412,0.4576253001,0.4095829716,0.5685887506,0.2463428587,0.2044865245,0.6799881816,0.01676109169,0.8938819803,0.4120437627,0.3774932619,0.381906126,0.1480369331,0.8516039522,0.8264299108
499,1,1,1,1,1,0.655643992,0.5328894208,0.6070303888,0.4527953273,0.4074739865,0.5659893616,0.2460333209,0.2060898555,0.6795851417,0.0167067018,0.894147142,0.4122471978,0.3786632667,0.3834209582,0.1469595923,0.8515669554,0.8275997165
499.5,1,1,1,1,1,0.6563902823,0.5314145587,0.6045811869,0.4509136899,0.4074889879,0.5657575422,0.2460622952,0.2051404449,0.6778171785,0.01680842144,0.8952854114,0.4126999536,0.3814746942,0.3862307356,0.1446960936,0.8515568911,0.827556147
500,1,1,1,1,1,0.6551210706,0.5333129914,0.6051392092,0.45152757,0.4092503681,0.5629548756,0.2456527595,0.2047104667,0.6799922786,0.01697604449,0.8963557605,0.4128544444,0.3816103222,0.3872402796,0.1461147237,0.8519701699,0.8271107638
