time,TNFR,IL1R,CD40,LTB,BAFFR,TRAF2_5,TRAF6,TRAF2_3,Btx,TAK1_TAB,NEMO_IKKa_IKKb,IkBa_release_signal,p50_p65,TNFa,p100,Phenotype_canonical,NIK,IKKa_noncanonical,p100_RelB,p52,BAFF,Phenotype_noncanonical
0,1,1,1,1,1,0,0,0,0,0,0,0,0,0,0,0,0,0,0,0,0,0
0.5,1,1,1,1,1,0.0623004859,0.1162101548,0.2461243811,0.03843187494,0.02347467498,0.00575578795,0.0006920971117,4.628278148e-05,3.35450909e-06,3.21411479e-06,2.832894265e-06,0.0284400781,0.003063478588,0.0001821617052,1.77039957e-05,2.434688181e-07,1.133131367e-06
1,1,1,1,1,1,0.1082873918,0.2031617066,0.3936230183,0.1115443569,0.07287744565,0.03277123522,0.008015088642,0.001104536136,0.0001684639529,0.0001550559643,0.0001431209832,0.08360218354,0.01809448319,0.002256793424,0.0004453486576,6.346326356e-06,5.921670109e-05
1.5,1,1,1,1,1,0.1428130921,0.2659233674,0.4860775713,0.1860007411,0.1281081077,0.07852251652,0.02858434762,0.006021720591,0.001449334361,0.00130041258,0.001246944752,0.1419648385,0.04529832705,0.008852238466,0.002593410108,3.860717687e-05,0.0005422657574
2,1,1,1,1,1,0.1687440391,0.3124015062,0.5403918265,0.2524167272,0.181178858,0.1319418326,0.06257803234,0.01767660667,0.006042935273,0.005209668592,0.00518445662,0.1917205785,0.07988396649,0.02216681774,0.008534498194,0.0001334379986,0.002463633234
2.5,1,1,1,1,1,0.1877684949,0.3490714736,0.5726682454,0.3081817677,0.2260919262,0.1848282547,0.1037083782,0.03695191186,0.01653211287,0.01382949412,0.0142814762,0.2344249056,0.1151847372,0.04354048727,0.02039145018,0.0003362582797,0.007528967644
3,1,1,1,1,1,0.2002948342,0.3742464778,0.5942583984,0.3524841544,0.265766701,0.232572884,0.149587029,0.06285213383,0.03523188283,0.02822379977,0.030840623,0.2700299763,0.1515285277,0.07191377662,0.0391147464,0.0006957088986,0.01788080982
3.5,1,1,1,1,1,0.2115753284,0.3950244762,0.6059104721,0.3866825318,0.293645909,0.2734407651,0.1938401207,0.09360836768,0.06367880145,0.04806700373,0.05549210065,0.2927756893,0.1862235282,0.1084073109,0.06621033332,0.001249585383,0.03569530239
4,1,1,1,1,1,0.2181513655,0.4078894223,0.6125721498,0.4127032604,0.3201163745,0.3048038953,0.2341498543,0.1251691073,0.1006195664,0.072603631,0.08912199058,0.3123814525,0.2152645583,0.1501755469,0.09848908438,0.002044123048,0.06230996765
4.5,1,1,1,1,1,0.2204254037,0.4182015675,0.6172280856,0.4318400844,0.3381699374,0.3289137167,0.2662792994,0.1555117201,0.1433823279,0.09840965878,0.1286078011,0.3264831453,0.2410461511,0.1950915758,0.1358703135,0.003067932166,0.09817810705
5,1,1,1,1,1,0.2238177798,0.4282528828,0.6206549889,0.4473443418,0.3509554626,0.3475296694,0.2954055397,0.1847215574,0.1914611498,0.1261467448,0.1720087336,0.3382636159,0.2632566773,0.2402710872,0.1755597772,0.004419417158,0.1423616863
5.5,1,1,1,1,1,0.2278359652,0.432804446,0.6206996214,0.4559545367,0.3600642561,0.3600839364,0.3216115787,0.2097991309,0.2416669745,0.1514727129,0.2185442473,0.345989958,0.2830181884,0.2866757272,0.2135138628,0.005978570371,0.1949368916
6,1,1,1,1,1,0.2313522883,0.4346643602,0.6196198213,0.4640778089,0.3647903889,0.3693915294,0.3367242147,0.2305584287,0.2913223917,0.1753632432,0.2648953234,0.3518319221,0.2977765975,0.327125519,0.2508051907,0.007743667761,0.2510291739
6.5,1,1,1,1,1,0.2330630225,0.4362369264,0.6230812247,0.4691169193,0.3707277541,0.3797227685,0.3508608567,0.248045332,0.3396410551,0.1973394452,0.3138539836,0.3592949174,0.3110338062,0.3702864625,0.2836943216,0.009858704693,0.3088175513
7,1,1,1,1,1,0.2361208574,0.4387948198,0.6254998658,0.4755083695,0.3765317193,0.3861806424,0.3628655791,0.2641146639,0.3878216125,0.2155001678,0.3613565751,0.362091699,0.319987286,0.4029474824,0.3139281941,0.01202818238,0.3632759293
7.5,1,1,1,1,1,0.23770245,0.4391052728,0.6254622408,0.478621748,0.3779025256,0.391674109,0.3723019625,0.2759752546,0.434448639,0.2279848197,0.4109890924,0.3650251297,0.3328557815,0.4315559908,0.3381035947,0.0143638357,0.4205381261
8,1,1,1,1,1,0.2369816742,0.4401492553,0.6263715745,0.4752902866,0.3802912598,0.3987455232,0.3796141623,0.2866503451,0.4751025752,0.2415841249,0.4535112619,0.3675685023,0.3411863995,0.4589029633,0.3563078817,0.01695117687,0.4723014333
8.5,1,1,1,1,1,0.2384204319,0.44294288,0.6236078779,0.4768077913,0.3819332513,0.4016286104,0.3849777009,0.2944754329,0.5118448762,0.2517849669,0.4926327352,0.3662465443,0.3434419819,0.4781528476,0.3759019128,0.01945665372,0.5239218474
9,1,1,1,1,1,0.2382435817,0.4414751949,0.6241144413,0.4770700612,0.3835713775,0.4010491161,0.3890479804,0.3017200792,0.5482807815,0.2610958027,0.5303501581,0.3670299336,0.3457487926,0.4930414738,0.3921437682,0.02196484922,0.569023322
9.5,1,1,1,1,1,0.2394968419,0.4419620631,0.6243828745,0.4799294448,0.3825288547,0.4034603285,0.3891992059,0.3036656491,0.5781025525,0.2684068318,0.5670834892,0.3673292988,0.3505493752,0.5090150149,0.4023645672,0.02440148831,0.6088866935
10,1,1,1,1,1,0.2391246269,0.443266278,0.6243385363,0.4821382269,0.3842986422,0.4026841057,0.3906762468,0.3047165087,0.6092398153,0.2741509737,0.5977018237,0.3669261687,0.3535816678,0.5250148968,0.4113237131,0.02681257616,0.649877673
10.5,1,1,1,1,1,0.2398798667,0.4434203628,0.6248485401,0.4785046542,0.3861807578,0.4042238206,0.3928641336,0.3078430849,0.6323574039,0.2793143044,0.6252156306,0.3677994691,0.3547949457,0.5338332271,0.4200277531,0.02973604409,0.6822213385
11,1,1,1,1,1,0.2387646832,0.4426963559,0.6241538035,0.4785040942,0.3861156103,0.4035394987,0.3946034394,0.3110821532,0.6570430837,0.2815870104,0.652315718,0.3678661968,0.3558899719,0.5442142871,0.4241462236,0.03247024274,0.7132571156
11.5,1,1,1,1,1,0.238362865,0.4423309123,0.6250589006,0.4804182287,0.3871859129,0.4024203291,0.3950174856,0.3119133761,0.6737859792,0.2823925598,0.6776630828,0.3675640339,0.3558669944,0.5495644027,0.4279753797,0.03517884752,0.7402600031
12,1,1,1,1,1,0.2389323021,0.4441812307,0.6259611266,0.4818480926,0.3879424534,0.4041276728,0.3960339013,0.3155415932,0.6919883152,0.2855882851,0.6991909913,0.3666424165,0.3563792226,0.5552478933,0.4322904097,0.03820514814,0.7626973377
12.5,1,1,1,1,1,0.2398565877,0.4431774571,0.626504417,0.4801509076,0.386910755,0.4041839929,0.3981635587,0.3145006877,0.7051957315,0.2867288164,0.716668091,0.3697554066,0.3578381632,0.5569596741,0.4350751713,0.04129619429,0.7835633309
13,1,1,1,1,1,0.2391274606,0.4430096497,0.628481714,0.4820390465,0.3869497425,0.4040598013,0.3968911224,0.3163165945,0.716730953,0.2865094092,0.7347818207,0.3663907024,0.3573916771,0.5603329696,0.4361633362,0.04400152502,0.8028467731
13.5,1,1,1,1,1,0.2387442892,0.4450140723,0.6273086401,0.4824290071,0.3881804761,0.4053677401,0.3987730801,0.3163202427,0.7285891583,0.2876001327,0.7485586625,0.3678873164,0.3557581585,0.562043293,0.4365843385,0.04593814364,0.8191426402
14,1,1,1,1,1,0.2383910763,0.4462573893,0.6280151754,0.483088298,0.3878531285,0.4074869001,0.4000767752,0.3166020397,0.7394894544,0.2900819374,0.7631677924,0.3688662776,0.35473592,0.5654440076,0.4418330602,0.04897379327,0.8332024319
14.5,1,1,1,1,1,0.239301291,0.4463463353,0.6259904246,0.4840405722,0.3870737207,0.406399183,0.3995500724,0.3205024265,0.7461356167,0.292128794,0.7768701473,0.3652743281,0.3550528521,0.5660633094,0.4433650494,0.05124154375,0.8450306147
15,1,1,1,1,1,0.238560383,0.445745603,0.6255031634,0.4841277805,0.3868569247,0.4064231855,0.4001283731,0.3203570028,0.7543819819,0.2916250453,0.7895219587,0.3696088728,0.3572679046,0.5673682437,0.4426976646,0.05309762758,0.8548460863
15.5,1,1,1,1,1,0.2373971085,0.4442031907,0.624927164,0.4814672069,0.386750727,0.4043123856,0.3995016315,0.3194907522,0.7617418745,0.2920141205,0.8005992383,0.369698366,0.3568835896,0.5675220097,0.4430347163,0.05483707186,0.8641414748
16,1,1,1,1,1,0.2373908384,0.4450827027,0.625389473,0.4827953711,0.3880369791,0.4040868647,0.4008612988,0.3207128403,0.7671042719,0.2914970083,0.8101215122,0.3663957018,0.358041024,0.5694713264,0.4458662102,0.05734528591,0.8712090515
16.5,1,1,1,1,1,0.2360169127,0.4449780333,0.6247854883,0.482286272,0.3876481731,0.405701825,0.4009150353,0.3191738911,0.7728762733,0.2960800123,0.818776011,0.3655646661,0.3582582651,0.5685522894,0.44646955,0.05924945371,0.8789751408
17,1,1,1,1,1,0.2371550353,0.4455468662,0.6258851123,0.482614262,0.3868518906,0.4056370664,0.4009690938,0.3207650327,0.7783931139,0.2959243575,0.8271373155,0.3672308289,0.3575609362,0.565657286,0.4466601925,0.06064267657,0.8849324226
17.5,1,1,1,1,1,0.2364420901,0.4471691066,0.6246970142,0.4835894994,0.3860811331,0.4047171157,0.4035672774,0.3224060929,0.7838819677,0.294403284,0.8351010136,0.3686756873,0.3585988262,0.5657400062,0.4456026193,0.06282074205,0.8905280614
18,1,1,1,1,1,0.2369476163,0.4469468719,0.6281136646,0.4817732841,0.383928692,0.4020650074,0.402563887,0.3249500624,0.7882482779,0.2946586437,0.841443788,0.3688467344,0.3573592608,0.5668838422,0.4456267388,0.06474850103,0.8955910945
18.5,1,1,1,1,1,0.2365093388,0.4456018593,0.6258760186,0.4823006747,0.3841782752,0.4036151035,0.402573141,0.3227130693,0.7905539563,0.2971249696,0.8472974414,0.3702619168,0.3557410871,0.567222465,0.4477489031,0.06768279641,0.8997601161
19,1,1,1,1,1,0.2377696719,0.445535172,0.6287392605,0.4835295516,0.3845606509,0.4040142052,0.4005913483,0.3249434425,0.7929721867,0.2982470833,0.8521194783,0.3693980068,0.3570220348,0.5689164939,0.4485320899,0.06912079329,0.9028942007
19.5,1,1,1,1,1,0.2394075403,0.4459150784,0.6286553033,0.4830273476,0.3825957977,0.4037965412,0.3999179757,0.3244376202,0.7969792921,0.2984281772,0.8577285269,0.3704343776,0.3542765616,0.5678467277,0.4486898759,0.07061522049,0.9055261667
20,1,1,1,1,1,0.2384416798,0.4457510395,0.6254952964,0.4854681073,0.3851032155,0.4024113538,0.3993226771,0.3215859972,0.8005842752,0.2983300209,0.8611816673,0.3707211176,0.3571117997,0.5695587069,0.4476185863,0.072398494,0.908843775
20.5,1,1,1,1,1,0.239869558,0.4442178557,0.6241113201,0.4839620379,0.3876051256,0.4026419264,0.4013998641,0.3205847447,0.8026163219,0.2984632017,0.8652231866,0.3700941368,0.3573742724,0.569732743,0.446251145,0.07394080562,0.9117005036
21,1,1,1,1,1,0.2394026878,0.4450772279,0.6243627301,0.4838012897,0.3880655838,0.4030118759,0.400275891,0.3215878303,0.8052515002,0.2980375473,0.8691434248,0.3691974938,0.3568039364,0.5707974347,0.446354031,0.07589053265,0.9139022167
21.5,1,1,1,1,1,0.2400673877,0.4458043063,0.6246375692,0.4825728917,0.3881364775,0.4041453791,0.3994105641,0.3232639351,0.8063237432,0.2994682042,0.8719622536,0.3674904623,0.357137618,0.5725082126,0.4462430248,0.07662396142,0.9162013752
22,1,1,1,1,1,0.240696333,0.4460225765,0.6258723068,0.4807414115,0.3863414813,0.4045231985,0.4013753563,0.3237180938,0.8067215964,0.2994819412,0.8755755591,0.3676235315,0.3559438124,0.5722450673,0.4473426506,0.07822929148,0.9174308998
22.5,1,1,1,1,1,0.2387790154,0.4465964923,0.6259223973,0.482313146,0.3859110568,0.4041372294,0.4021737689,0.3209467196,0.8078030775,0.2962307071,0.8785349467,0.3673476894,0.3558798191,0.5731988141,0.4481053005,0.07999750283,0.917443217
23,1,1,1,1,1,0.2387186182,0.4440359968,0.628344424,0.4810481504,0.3881322406,0.4010184023,0.4027766516,0.3234865872,0.8085526721,0.2960458859,0.8804188361,0.3706531497,0.3565208015,0.5720656856,0.4499076157,0.08184367487,0.9175908059
23.5,1,1,1,1,1,0.2402028507,0.4436221522,0.6264170695,0.481457641,0.3861198119,0.4037393238,0.4017740759,0.3249472064,0.8076141233,0.2961176315,0.8829957159,0.3739730488,0.3596002702,0.5735904267,0.4485285002,0.08252606639,0.9186303929
24,1,1,1,1,1,0.2408438594,0.4443901914,0.6273664378,0.4826064081,0.3879585342,0.4038029488,0.4002382811,0.323598104,0.8090886542,0.2971752473,0.8856139068,0.3754080798,0.3619663024,0.5743749384,0.4482877063,0.08372302602,0.9191840955
24.5,1,1,1,1,1,0.2401712766,0.4446526563,0.6245773744,0.4825354579,0.3872715261,0.4052326627,0.3990709116,0.322158876,0.8117742775,0.295548191,0.887715163,0.3739159854,0.3619439331,0.5747275667,0.4467982991,0.08416566665,0.9204666225
25,1,1,1,1,1,0.2402268472,0.4420727313,0.6253946689,0.4821023024,0.3834309144,0.4066066311,0.4005842621,0.3228016675,0.8109757494,0.2933421882,0.8893588555,0.3721595839,0.3616825457,0.5744769751,0.4478766996,0.08469727314,0.921224061
25.5,1,1,1,1,1,0.2396309525,0.4432752611,0.6260406589,0.4819712147,0.3876783557,0.405696677,0.4000369428,0.3231496479,0.8103319369,0.2930195474,0.8897390368,0.3729599749,0.3623483786,0.5734884792,0.4481841034,0.0861448791,0.9218054865
26,1,1,1,1,1,0.2375298074,0.4444928782,0.6242605437,0.4823391726,0.3912105814,0.4073998569,0.3974362639,0.3220526986,0.8118027747,0.2944668448,0.8924369158,0.3710185379,0.3633892507,0.57179555,0.4471142032,0.08856213541,0.9224033075
26.5,1,1,1,1,1,0.2387878355,0.4430763412,0.6234921687,0.4805238368,0.3902460582,0.4065067175,0.398268704,0.3230601243,0.8121377542,0.2935608463,0.892812984,0.3681579344,0.3637448165,0.5704260882,0.4479788892,0.0900454529,0.9223839584
27,1,1,1,1,1,0.2392128613,0.4410342022,0.6252888921,0.482309727,0.3900000835,0.4088283378,0.4011112065,0.3217868733,0.8129671691,0.2927561683,0.8934658092,0.3683350257,0.3626584888,0.571890496,0.4470724756,0.09230761418,0.9231722396
27.5,1,1,1,1,1,0.237945022,0.4442172555,0.6237207067,0.4854343036,0.3873349579,0.4065405953,0.4027942423,0.3226524355,0.8147629555,0.2932206936,0.8949768745,0.3686409257,0.3606204376,0.5727048683,0.4467205848,0.09366590704,0.9240633559
28,1,1,1,1,1,0.2376585307,0.4440057446,0.6262695227,0.4881562,0.38412446,0.4034374301,0.4018702113,0.3239603606,0.8151629805,0.2949418019,0.8952310864,0.3703167075,0.3581576166,0.5720850466,0.4446481927,0.09407468296,0.9241803189
28.5,1,1,1,1,1,0.2376825632,0.445535567,0.6262283897,0.487011343,0.3827031907,0.4020200303,0.4030571705,0.3245898574,0.8167790265,0.2954964521,0.8967173325,0.3701094028,0.3574487187,0.5718719923,0.44385826,0.09484311473,0.9245452933
29,1,1,1,1,1,0.2380368164,0.4446111502,0.6268799588,0.4842976919,0.3833527217,0.4020529457,0.4012131865,0.3248626464,0.819024907,0.294237366,0.8991055502,0.3701822091,0.3559728857,0.5723475806,0.4466189396,0.09601628769,0.9260732332
29.5,1,1,1,1,1,0.2393890245,0.4475745487,0.6277573471,0.4825935379,0.3824468539,0.402617269,0.400831648,0.3261577285,0.8173057342,0.2933334661,0.899289399,0.3701760467,0.3557736253,0.5717695719,0.4481786925,0.09748812479,0.9257173187
30,1,1,1,1,1,0.2370427174,0.4472609651,0.626285242,0.4864853967,0.3840840109,0.402686138,0.4008789054,0.3233343204,0.8169819971,0.2918676893,0.9005202909,0.3694123143,0.3581336619,0.5719655253,0.4447605654,0.09856914129,0.9259140624
30.5,1,1,1,1,1,0.2362386899,0.4480968728,0.625448809,0.4874312502,0.3843344207,0.4023772407,0.3999654738,0.321197641,0.8170725228,0.2920575548,0.9018515515,0.3692123122,0.3565899028,0.5722003682,0.4420294903,0.100623352,0.9267274245
31,1,1,1,1,1,0.2374970627,0.4466485726,0.6280169236,0.4870691589,0.3852181057,0.4024888296,0.3993487406,0.3225425066,0.8177146556,0.2932682739,0.9012442854,0.3717645031,0.3591879535,0.5701274405,0.4398333274,0.101355788,0.9264965702
31.5,1,1,1,1,1,0.2352924327,0.4455344161,0.6243556676,0.4863919494,0.3855635047,0.4033158366,0.3995705326,0.321936955,0.8186263736,0.29518469,0.9017334048,0.3689103437,0.3588117491,0.5681736442,0.4441271388,0.1025836264,0.9259734637
32,1,1,1,1,1,0.2363346214,0.446255846,0.6253480971,0.4850962736,0.386540397,0.4036842295,0.4001934622,0.3244033637,0.8197402115,0.2933803395,0.9018159472,0.3691046938,0.3573308023,0.5680984616,0.4457734409,0.1035990656,0.9268066606
32.5,1,1,1,1,1,0.2397861892,0.446918912,0.6268243222,0.4847947718,0.3876243062,0.4072341805,0.3994637624,0.3209421459,0.818920673,0.2951521139,0.9028095287,0.3687368364,0.3597644519,0.5698227573,0.4457908789,0.1042373213,0.9274242727
33,1,1,1,1,1,0.2400609812,0.4459523808,0.6246734594,0.485104883,0.3864889859,0.4072912091,0.3996886188,0.3212458275,0.818439826,0.2936514828,0.9034234262,0.3672473123,0.3574025014,0.5691786781,0.4472567642,0.1049212422,0.9279267608
33.5,1,1,1,1,1,0.2370215927,0.4441942177,0.6259045183,0.4852090279,0.3876649019,0.4078023327,0.4000873632,0.3210526476,0.8185636904,0.2945218163,0.9042189453,0.3687969954,0.3571890957,0.5702159987,0.4471453135,0.1052122069,0.9280084616
34,1,1,1,1,1,0.2376528872,0.4437809449,0.6260581508,0.481374889,0.3874904717,0.4055302672,0.3984514016,0.3203457037,0.8185044206,0.2936507506,0.9039092635,0.3710925802,0.3584838348,0.571736675,0.4471887774,0.1066078305,0.9277621653
34.5,1,1,1,1,1,0.2373843074,0.4420567096,0.6255235856,0.4812274378,0.387887561,0.4019503218,0.4006881497,0.3186027745,0.8185242646,0.294882685,0.9035765646,0.369714011,0.3590745053,0.5707462912,0.4475988404,0.1068804503,0.9274288712
35,1,1,1,1,1,0.2381446594,0.4421405186,0.6247561847,0.4811530428,0.3867520346,0.4028543404,0.3991502967,0.318541264,0.8178230166,0.2939866104,0.9036130534,0.3710039273,0.3576500931,0.5698644332,0.445710653,0.1066122266,0.9275733052
35.5,1,1,1,1,1,0.2356862997,0.4442171103,0.6254572075,0.4801742522,0.3871722741,0.4007025144,0.3973135984,0.3190027472,0.8181446383,0.2931063542,0.9041985096,0.3686454318,0.3588204992,0.5665559902,0.4476013987,0.1067325403,0.9277513602
36,1,1,1,1,1,0.2355194029,0.4467740144,0.6276946367,0.4817659123,0.3876218242,0.4018034922,0.3988133927,0.3203707908,0.8185594879,0.2931337912,0.9042089786,0.3667057149,0.3573335666,0.566204614,0.4450503427,0.1082980578,0.9281544061
36.5,1,1,1,1,1,0.236735373,0.4466977612,0.6264814173,0.4821719243,0.3852562122,0.404547275,0.3972097812,0.3216433682,0.8194738516,0.2926645216,0.9038825281,0.3693172377,0.3603579218,0.5679842486,0.4436410337,0.1096607681,0.9281785709
37,1,1,1,1,1,0.235445981,0.4443877866,0.6307371236,0.4804895206,0.386426846,0.4048837217,0.3954550896,0.322091124,0.8192475471,0.2933464752,0.9040475165,0.3696796476,0.3585964575,0.5669396502,0.4410252345,0.1111801035,0.9282734489
37.5,1,1,1,1,1,0.2348933912,0.4437087934,0.6306683433,0.4821008857,0.3848357721,0.4047174176,0.3954351613,0.3211362265,0.8186810379,0.2928915103,0.9036339817,0.3688772052,0.3562410441,0.5682462403,0.4435302748,0.1101815639,0.9282829895
38,1,1,1,1,1,0.2374140377,0.4450888787,0.628138277,0.4834016732,0.3863070319,0.4026780279,0.3954717037,0.3220687194,0.8179706544,0.2936472184,0.9045629402,0.3694376678,0.3537119678,0.5720530744,0.446128948,0.111213177,0.9283291417
38.5,1,1,1,1,1,0.2385654854,0.4441110634,0.6274025921,0.4819574719,0.3864247556,0.4031596163,0.3965880136,0.3216541953,0.8182586744,0.2956396845,0.9047186867,0.3671797951,0.3525896898,0.571564923,0.44626064,0.1123688137,0.9288675707
39,1,1,1,1,1,0.2389055578,0.4414440082,0.6226418114,0.4828324294,0.384116007,0.4049398817,0.3963220726,0.3204259279,0.8182024616,0.2969992869,0.9030020117,0.3672542822,0.3530130876,0.5707939773,0.447121857,0.1127832853,0.9286155874
39.5,1,1,1,1,1,0.2376486319,0.4441533503,0.6249552205,0.4832777132,0.3857699614,0.4049415704,0.3973505851,0.3226148462,0.8185434418,0.297566339,0.9029668886,0.3677968587,0.3562716824,0.5716665753,0.4478639404,0.1150423259,0.9286803758
40,1,1,1,1,1,0.2377746469,0.4439627417,0.6257176916,0.4845499717,0.3870369112,0.4059263879,0.399693371,0.3212221517,0.8191592755,0.2978586134,0.9034322504,0.3702696821,0.3575643743,0.5734182225,0.4483671747,0.1154196737,0.9292044394
40.5,1,1,1,1,1,0.2378714698,0.4446376037,0.6248449768,0.4843882427,0.3890241475,0.4071712668,0.3985370672,0.3217963822,0.8204003972,0.2977767818,0.9035386006,0.3686592085,0.3615146395,0.5732383996,0.4494646858,0.1169807857,0.9290105793
41,1,1,1,1,1,0.2382822716,0.4456792336,0.62464609,0.4823564475,0.3885041803,0.4066349329,0.3966928015,0.3216649941,0.8201025465,0.2974658351,0.903446515,0.372272923,0.3614598618,0.5738733893,0.4504290974,0.1174297976,0.9287710079
41.5,1,1,1,1,1,0.2380223995,0.4452378313,0.6268313981,0.4808174725,0.3879604474,0.4060086793,0.3970756365,0.3226441878,0.8192383696,0.2966127825,0.9034120586,0.3701758228,0.3631517533,0.5742976502,0.4498609807,0.1193458885,0.9286827983
42,1,1,1,1,1,0.2388914736,0.4437657694,0.6267353543,0.4801376493,0.3883567099,0.4039211466,0.3982942734,0.3228881737,0.8193593971,0.2987480011,0.9025564261,0.3676549432,0.3624670954,0.5749314479,0.444564439,0.1203902394,0.929227145
42.5,1,1,1,1,1,0.2376966642,0.4460070229,0.6266472018,0.4807051886,0.3840115393,0.4045744878,0.4005416476,0.3218192455,0.8182753447,0.2970965187,0.9031660482,0.3685240322,0.3621113883,0.5724206103,0.443088524,0.12115985,0.9291461813
43,1,1,1,1,1,0.2394818253,0.4470010228,0.6256449066,0.4810258482,0.3864270795,0.4039939901,0.3988797435,0.321482626,0.8198601526,0.2949817225,0.9032638543,0.3701288189,0.3655571882,0.5717500377,0.4446106172,0.120687901,0.9300143869
43.5,1,1,1,1,1,0.2372845847,0.4471528516,0.6250356118,0.4810036685,0.3844812721,0.4073229076,0.4006120551,0.3221612414,0.8180716569,0.2938629561,0.9023941163,0.3704725414,0.3638005715,0.5736269294,0.4438983899,0.1221659711,0.9298932591
44,1,1,1,1,1,0.2376284468,0.443454944,0.6238343429,0.4823558884,0.3876204502,0.4075705454,0.3999479576,0.3196089527,0.8174487267,0.2920681828,0.9022592281,0.3702794297,0.3652709125,0.5753703665,0.445166354,0.1221188768,0.9289515686
44.5,1,1,1,1,1,0.2395608267,0.4452908574,0.6216398892,0.480152505,0.3864711557,0.4074014224,0.3986194741,0.3227337722,0.8175494377,0.292789072,0.901901848,0.373841099,0.3653523864,0.5741177088,0.4477102157,0.1219735853,0.9290423443
45,1,1,1,1,1,0.2386842207,0.4455400188,0.6227993186,0.4832313813,0.3865793342,0.4082205673,0.4016731122,0.3227511714,0.8168922735,0.2930472642,0.901657254,0.3723248964,0.3667593301,0.5742191134,0.4505056137,0.1225918908,0.9292442552
45.5,1,1,1,1,1,0.2388177927,0.4448244556,0.6250159738,0.4822092327,0.3898067098,0.4067035525,0.399859149,0.3227110209,0.8184293084,0.2936698609,0.9011625293,0.3713551585,0.3624061871,0.5745386975,0.449171652,0.1225267081,0.9287108682
46,1,1,1,1,1,0.2386302861,0.446574004,0.6264995947,0.4835936843,0.3915021445,0.4046837135,0.4005780127,0.3211283825,0.8189674815,0.2950616373,0.9018585496,0.3727985802,0.3616003238,0.5741491324,0.4486589509,0.1241232252,0.9285159832
46.5,1,1,1,1,1,0.2385932398,0.4467724914,0.6281133075,0.4837581862,0.3879724013,0.4051381404,0.4016496773,0.3241454328,0.8192681816,0.2941809185,0.9021663979,0.3703342266,0.3611218031,0.5740897344,0.4484357746,0.1238474284,0.9278873646
47,1,1,1,1,1,0.2402719413,0.4465788869,0.6251589575,0.4828501429,0.386209061,0.4053724158,0.4000719524,0.3253326071,0.8184755606,0.2953666434,0.9015938789,0.3711294926,0.3620991716,0.5711354648,0.4489492875,0.1235228422,0.9277279011
47.5,1,1,1,1,1,0.2407290288,0.4461957116,0.6236614043,0.4826271587,0.384305505,0.404952795,0.4012358944,0.3249847701,0.8207679567,0.2947093933,0.9016457149,0.3690480646,0.3617330848,0.5706748805,0.4499961524,0.1246704916,0.9276753583
48,1,1,1,1,1,0.2401303929,0.4468987897,0.6240112253,0.4821940669,0.3833875237,0.4053923816,0.3972098087,0.3243201695,0.8210750346,0.2976745449,0.9011487329,0.3694660003,0.3622510398,0.5716159347,0.4483768236,0.1243833241,0.927101529
48.5,1,1,1,1,1,0.2413491827,0.446744268,0.6248891218,0.4837243664,0.3852460946,0.4047852322,0.3966978568,0.3237842494,0.8209537817,0.2973999609,0.9025890754,0.3701240387,0.3630893847,0.5724066791,0.4457963098,0.1235192711,0.9272393562
49,1,1,1,1,1,0.2416118942,0.4457149856,0.6244823735,0.4821535039,0.3876283909,0.4050879015,0.3972856425,0.3232865235,0.8196260053,0.2962629438,0.9034328657,0.3713900864,0.3636065442,0.5754081115,0.4466872507,0.1231312552,0.9272462244
49.5,1,1,1,1,1,0.2426480156,0.445939468,0.625132153,0.4825329595,0.3869914883,0.4057214982,0.4011869581,0.3223810868,0.8207186359,0.2949938934,0.9032766727,0.3711521018,0.3637072486,0.5756662269,0.4474408908,0.1225027268,0.9274043279
50,1,1,1,1,1,0.2420730431,0.4446207617,0.6269103997,0.4822125065,0.385958758,0.4013811221,0.3985108615,0.3218226656,0.8211006197,0.2926720989,0.9038726211,0.3713819946,0.3623239223,0.5735975951,0.4456710568,0.123226079,0.9270104699
50.5,1,1,1,1,1,0.2428066712,0.4445901356,0.6259451388,0.4831434378,0.387095331,0.4013578863,0.399688927,0.320186609,0.8211470014,0.2934363506,0.9034158646,0.3725161207,0.3609113477,0.574431464,0.4454162387,0.1237948118,0.9281824568
51,1,1,1,1,1,0.2412090204,0.4476739531,0.6246762321,0.4844856535,0.3881853421,0.4001907837,0.3954625927,0.3182237596,0.8210441659,0.293273453,0.9029089613,0.3707644512,0.3596754847,0.5734725991,0.4430786943,0.1245347924,0.928588533
51.5,1,1,1,1,1,0.2419993243,0.4471752854,0.6240435094,0.4825816493,0.3884868137,0.4042854187,0.3954559001,0.3187860807,0.8197069234,0.2938006597,0.9029200883,0.3718800932,0.3578213371,0.5707662551,0.4437812174,0.1251523989,0.9278194908
52,1,1,1,1,1,0.2420182597,0.4448067541,0.6226658702,0.4803779492,0.3862075228,0.4052140153,0.3981956349,0.3208405941,0.8212627115,0.2964440415,0.9035100638,0.372279374,0.3585322317,0.5700802636,0.4421263442,0.1246873085,0.927794476
52.5,1,1,1,1,1,0.2430978482,0.4447093625,0.6213239963,0.481376987,0.3855954026,0.4025755498,0.3991530831,0.322828927,0.8210810268,0.29712866,0.9032368755,0.3708147464,0.363059263,0.5715142955,0.444385134,0.1232341992,0.9275010538
53,1,1,1,1,1,0.2413149191,0.4436152406,0.622738529,0.4815655376,0.3878547038,0.4045607663,0.3976879166,0.3210984652,0.8209219168,0.2964569304,0.9033312808,0.3718316151,0.3612432233,0.5752990998,0.4447718587,0.1243881815,0.9273738864
53.5,1,1,1,1,1,0.2403897236,0.4449072307,0.6241937378,0.4808770086,0.3885228393,0.4045794724,0.3983590643,0.3202651991,0.8192219162,0.2970721287,0.9033237722,0.3684513879,0.360891227,0.5738648415,0.446186514,0.1251424993,0.9270985374
54,1,1,1,1,1,0.2399026124,0.4455954269,0.6243202708,0.480694675,0.3889108336,0.4021442195,0.3987534129,0.3198627096,0.8185860409,0.2965117175,0.9040384647,0.3698323329,0.3604188594,0.5732548823,0.4472428551,0.1250829126,0.926979839
54.5,1,1,1,1,1,0.2408077638,0.4454724502,0.6232641452,0.4799882806,0.3868209672,0.4034837739,0.3970535261,0.3198984317,0.8164365256,0.2976168025,0.9031396552,0.3680658307,0.3607137357,0.5705484905,0.4475226125,0.1251159403,0.927292184
55,1,1,1,1,1,0.2405661828,0.4459808729,0.6262214493,0.4801397409,0.387434,0.4067030654,0.4000232658,0.3218694372,0.8158823734,0.2944929051,0.9025761817,0.3678573981,0.3617570667,0.5691760093,0.4468583117,0.1251853819,0.926967835
55.5,1,1,1,1,1,0.2383641129,0.4444889916,0.6246152294,0.4831257933,0.3860033728,0.4064086551,0.4007799645,0.3230503697,0.816365638,0.2941711608,0.902659604,0.3676716379,0.3623921873,0.5695416813,0.444128139,0.1253326052,0.9271182757
56,1,1,1,1,1,0.2377157727,0.4438628127,0.6228897678,0.4836868669,0.3839330693,0.4055360931,0.4003212824,0.3227734039,0.8168028767,0.2952863755,0.9036311414,0.3683085767,0.360481943,0.5710946395,0.4440299729,0.1263826398,0.9275698263
56.5,1,1,1,1,1,0.2384293488,0.4431904717,0.6254759037,0.4826720069,0.3853465157,0.4057517997,0.3979634904,0.3239134195,0.8152659881,0.2959666439,0.9034616182,0.3707900892,0.3618758229,0.5700467789,0.4434305504,0.1250317357,0.9271580222
57,1,1,1,1,1,0.2379208672,0.4422140284,0.624635335,0.4801150804,0.3849404459,0.4065003146,0.3975246754,0.3210270625,0.8163000989,0.2966268128,0.9026233393,0.3712701753,0.3625147303,0.5715140306,0.4441514142,0.1241474392,0.9267021958
57.5,1,1,1,1,1,0.2385054922,0.4415031089,0.6244766733,0.4815460784,0.3833083932,0.4080416281,0.3987719541,0.3221893296,0.8173454742,0.2966855565,0.9033362965,0.3711421555,0.363859442,0.5717783514,0.4478779497,0.1242028796,0.9268260143
58,1,1,1,1,1,0.2389933327,0.4409202252,0.6248620081,0.4837272673,0.3835846637,0.4086058408,0.4016189932,0.3215061685,0.8179959504,0.2975182263,0.9031523624,0.3711149402,0.3635584347,0.5740977949,0.4449317302,0.1245446881,0.9263287921
58.5,1,1,1,1,1,0.2372214969,0.4389283236,0.6243045122,0.4847523023,0.3853106004,0.4072243349,0.4031417306,0.3208021367,0.8158853455,0.2954984982,0.9034098439,0.3697949328,0.3598293062,0.576303835,0.443881634,0.1242209662,0.9257602553
59,1,1,1,1,1,0.2394944758,0.4372098746,0.6238419245,0.4848502293,0.3861029516,0.4037407244,0.402559237,0.3239762321,0.8172616807,0.2936437942,0.9042453345,0.3709346591,0.3583115449,0.575229327,0.4466778819,0.1245335233,0.9261520928
59.5,1,1,1,1,1,0.2384539962,0.4396727726,0.6263593042,0.4832333658,0.3843761795,0.4026390814,0.3998234687,0.3207593602,0.8170845497,0.2928974336,0.9034668887,0.3714927367,0.3591888799,0.5741291596,0.4471596899,0.1246621286,0.9255606964
60,1,1,1,1,1,0.2381778324,0.4388138442,0.6259870837,0.4829787074,0.3866490648,0.4049437113,0.3983728333,0.3217555896,0.8164346502,0.2934719167,0.9041535335,0.374113331,0.3601666681,0.5740207735,0.4459911453,0.1246892671,0.9258855689
60.5,1,1,1,1,1,0.2352376621,0.440458605,0.625971015,0.4845888702,0.3859846948,0.4060730755,0.398956998,0.3195693114,0.8177596626,0.2924261498,0.9036589253,0.3730928186,0.3601206109,0.5731919007,0.4493584844,0.1251239442,0.9260234382
61,1,1,1,1,1,0.2337250009,0.442144365,0.6273489601,0.4852955249,0.3842369551,0.406441588,0.4011354728,0.3216688753,0.8172661498,0.2938000019,0.9033751238,0.37410273,0.3595856858,0.5705736628,0.4475884656,0.125351564,0.9267920596
61.5,1,1,1,1,1,0.2313875851,0.4428185068,0.6271827378,0.4814013501,0.3829017807,0.4038652183,0.3975388549,0.3223048089,0.8185396346,0.2940591847,0.9039162473,0.3751520571,0.3625743543,0.5683278884,0.4477037316,0.1261508691,0.9264443774
62,1,1,1,1,1,0.2334598933,0.4463583349,0.6258498524,0.4829614755,0.3834172717,0.4045214894,0.3983049491,0.3226696569,0.8173862169,0.2932544419,0.9042434923,0.3753060708,0.3654791639,0.5686029347,0.4456221095,0.1261065666,0.9262519983
62.5,1,1,1,1,1,0.2339956808,0.4446663671,0.6267872862,0.4827171982,0.3839733303,0.4046694065,0.3965021738,0.3211015518,0.8173851536,0.2947225717,0.9047696904,0.3739541625,0.3639922575,0.5682887494,0.4451843752,0.1259692916,0.9268538069
63,1,1,1,1,1,0.2336569597,0.4443979467,0.625994169,0.4824816735,0.3833431152,0.4038944101,0.3981654502,0.3197571735,0.8171314189,0.2958740639,0.9050720954,0.3721683077,0.3625728761,0.5725340888,0.4456386098,0.1266403627,0.9276473984
63.5,1,1,1,1,1,0.2352708745,0.4422160895,0.6247326159,0.4854943259,0.3828762732,0.4040730124,0.3948742314,0.3190978004,0.8178183508,0.2968321498,0.9052334971,0.3722241466,0.3608582544,0.5740845854,0.4462080528,0.1271951754,0.9272274238
64,1,1,1,1,1,0.236003703,0.4475389983,0.6267119529,0.4850933559,0.3818923725,0.4021227198,0.3943449705,0.3215508556,0.8167529998,0.2962888556,0.9054324694,0.3700095395,0.3600567142,0.5746688347,0.4476984163,0.1273596035,0.9270444243
64.5,1,1,1,1,1,0.2348299457,0.4438206477,0.6303246054,0.4874595486,0.3810862584,0.4004310421,0.394640558,0.3220503391,0.8160846689,0.2942847067,0.9052944498,0.3687877084,0.3596135786,0.5739978972,0.4504235676,0.1265637664,0.9274338228
65,1,1,1,1,1,0.2333140951,0.440663891,0.6264297867,0.4863201842,0.3822263542,0.4014515012,0.3968428053,0.3239204815,0.8167655053,0.2951155147,0.9054757015,0.3674350919,0.3604832956,0.5748387118,0.4492456348,0.1286538965,0.9265670368
65.5,1,1,1,1,1,0.2346779318,0.4440267694,0.6281259841,0.4837250993,0.3836762119,0.4027581578,0.397766255,0.3246070373,0.8165015839,0.2957997996,0.9061176125,0.3700075437,0.3588219955,0.5727218805,0.4481892903,0.1279959341,0.9273808382
66,1,1,1,1,1,0.2359118162,0.4439990116,0.6283076758,0.4872924495,0.3816280079,0.4055961294,0.3972459911,0.3232744848,0.8145274355,0.2973115903,0.9053524031,0.3722593856,0.3578808889,0.5736507043,0.4484987194,0.1288559526,0.9266648134
66.5,1,1,1,1,1,0.2359276723,0.4429770966,0.6267824633,0.4884757932,0.3809145991,0.406109919,0.3974127733,0.3207052998,0.8149984843,0.2977143893,0.9055356916,0.3712308517,0.3579166245,0.5753708403,0.4464047475,0.1292101841,0.9269897851
67,1,1,1,1,1,0.238082142,0.4444959366,0.6268659678,0.4884623108,0.384715942,0.4074183043,0.3965582221,0.3214531195,0.8161657535,0.2963688294,0.9065450396,0.3722406273,0.3599719397,0.571672848,0.4449277677,0.1284698171,0.9269630366
67.5,1,1,1,1,1,0.237947032,0.4454396493,0.6256931749,0.486439254,0.3841361061,0.406222525,0.3974509012,0.3211606646,0.8142254657,0.2979790222,0.9060109483,0.3743382544,0.3590278063,0.5723363282,0.4478029169,0.1289733948,0.926755797
68,1,1,1,1,1,0.2370985516,0.4440530682,0.624858597,0.4853831793,0.3836225457,0.4042108085,0.3984720488,0.3187959937,0.8159131814,0.2976168004,0.9068045126,0.373117086,0.3620607054,0.5731069622,0.4470079216,0.1290775782,0.9275236866
68.5,1,1,1,1,1,0.2369015956,0.4438484464,0.6237186235,0.482729972,0.3835309593,0.4036604837,0.3998321281,0.3190620596,0.8183312157,0.2971480507,0.9064347528,0.3719344846,0.3645134566,0.5733163387,0.4465282312,0.1283850996,0.927086707
69,1,1,1,1,1,0.2371574554,0.4396479682,0.622669304,0.4836721092,0.3848093722,0.4025692908,0.3999501069,0.3186545037,0.8185868934,0.2963719298,0.9055451223,0.3713739089,0.3634910414,0.5754350032,0.4470795109,0.1286737725,0.9274563736
69.5,1,1,1,1,1,0.2362930198,0.4404274693,0.6262719467,0.484973712,0.3820598436,0.4015992926,0.3982512948,0.3204368561,0.8172850104,0.2967410758,0.9067630134,0.3707346776,0.3624677534,0.5771351966,0.4469269768,0.1281998459,0.9268529879
70,1,1,1,1,1,0.2370852881,0.4422607639,0.6256426802,0.4841307278,0.3855791133,0.4015275814,0.3958879565,0.3180759092,0.8168843563,0.2947687724,0.9060905374,0.3707762327,0.3572823665,0.5758144199,0.447950602,0.1279832365,0.9269019316
70.5,1,1,1,1,1,0.2367601092,0.4395623274,0.6265828869,0.4847393924,0.3858715564,0.4027185449,0.3975260078,0.3189308719,0.8173363546,0.2935555438,0.9058810886,0.3690363752,0.3579803411,0.5770485468,0.4462366243,0.1284020909,0.9272755488
71,1,1,1,1,1,0.2370372932,0.4395323944,0.6273739832,0.4823622204,0.3845145897,0.4021688888,0.3980553591,0.3199991144,0.8180585886,0.2929903978,0.9058425101,0.3696037456,0.3579854188,0.5740104293,0.4454405538,0.1284258943,0.9276584419
71.5,1,1,1,1,1,0.2366219867,0.440196578,0.6280020517,0.4833713337,0.3850591431,0.4016234629,0.4005738206,0.319339182,0.8184909463,0.2937174312,0.9049812577,0.3683292958,0.3589734121,0.5749315274,0.4431468122,0.1278401451,0.927650325
72,1,1,1,1,1,0.2372603887,0.4436991873,0.625458342,0.4839314883,0.384130573,0.405161498,0.399177826,0.3191849046,0.8195098267,0.2938548823,0.9054141113,0.3665417468,0.3615717642,0.5737292085,0.4443881027,0.127056649,0.9277636426
72.5,1,1,1,1,1,0.2372842381,0.4444083072,0.6263349866,0.4825095597,0.3825681661,0.4057054514,0.3996583556,0.3194664357,0.8198000869,0.294395562,0.9051490534,0.3649987413,0.3600431845,0.572263216,0.4476452903,0.1269769211,0.9271942082
73,1,1,1,1,1,0.2381746935,0.4438474628,0.6234085623,0.4809297981,0.3826316475,0.4035349769,0.400370333,0.3213049324,0.8190811917,0.2953659284,0.9043157993,0.364383074,0.3595433623,0.5757667774,0.4484090448,0.1274117586,0.9273826753
73.5,1,1,1,1,1,0.2375945185,0.4438317515,0.624717469,0.4804721728,0.3842077827,0.4027343738,0.3998979867,0.3232299564,0.818246841,0.297042666,0.9037506354,0.3651352681,0.3599291939,0.5740390842,0.4475020089,0.127083973,0.9282354334
74,1,1,1,1,1,0.2378499272,0.4429550226,0.6237822837,0.4801299403,0.3861718871,0.4037257624,0.4000304374,0.323747741,0.8207239536,0.2963529764,0.9032237611,0.3676059235,0.3594605496,0.5755371452,0.4452451477,0.1283121782,0.9277706045
74.5,1,1,1,1,1,0.2371273258,0.4415948183,0.6254477481,0.4801109264,0.3869028709,0.4047786131,0.4015684846,0.3243831786,0.8213540238,0.2962264547,0.903410871,0.3690135027,0.3597576556,0.5753789967,0.445571548,0.127408495,0.9274669112
75,1,1,1,1,1,0.2375758133,0.4408376957,0.6240385938,0.4812680631,0.3865231475,0.4049113404,0.4004254458,0.3236180907,0.8210046422,0.2969046971,0.9027675648,0.3689983722,0.3603170359,0.5744880036,0.4462359269,0.1276239768,0.9274040176
75.5,1,1,1,1,1,0.2373964444,0.4390956126,0.6256713265,0.4793097781,0.3861938209,0.4062227498,0.398541891,0.321255214,0.8204290595,0.2986909288,0.9030871414,0.3692991869,0.3591754867,0.5754579461,0.4466974111,0.1273000498,0.9274534453
76,1,1,1,1,1,0.2389036469,0.4387732323,0.6282286698,0.4827308964,0.3869016904,0.4062117619,0.3979261114,0.3194582305,0.8209907716,0.2968400805,0.9033366304,0.3678440047,0.3604077071,0.5764931656,0.4470874797,0.1268750633,0.9267481932
76.5,1,1,1,1,1,0.2390057683,0.4375732647,0.6272702039,0.4815636459,0.3838518576,0.4061246151,0.3982549412,0.3203750086,0.8194469355,0.2984614145,0.9038904326,0.3678153824,0.3593803562,0.5749940795,0.4466935098,0.128017438,0.927053017
77,1,1,1,1,1,0.237010879,0.4378279734,0.6275810047,0.4803683396,0.3849123849,0.4041551811,0.399640985,0.3231248756,0.8199961195,0.2973528407,0.9035869375,0.3699647264,0.3596615002,0.5729368186,0.4464677089,0.1274270068,0.9273554214
77.5,1,1,1,1,1,0.2363392027,0.4405115886,0.6282217133,0.480292442,0.3863486261,0.4048159723,0.3994261484,0.321205177,0.8209170342,0.2963565168,0.9039118773,0.371284646,0.3612696681,0.5722972829,0.4460059104,0.1294513178,0.9278484463
78,1,1,1,1,1,0.2355082303,0.4407689066,0.6259579376,0.4812638711,0.3858287616,0.4023906839,0.3999597021,0.3214825825,0.8205134938,0.2944164108,0.9039556396,0.372980525,0.3625849872,0.5702758442,0.4462979676,0.1293223558,0.9276427138
78.5,1,1,1,1,1,0.2361862572,0.4386664467,0.6253684217,0.4820885661,0.3848492281,0.4023535623,0.4004473596,0.3194099839,0.8198873751,0.295251826,0.9042408648,0.3676600564,0.3612139089,0.568401455,0.4456239355,0.1295472239,0.9272810768
79,1,1,1,1,1,0.2375096561,0.4379456882,0.6274137273,0.4813830498,0.3849735264,0.4042436496,0.3988494735,0.3198304009,0.817602968,0.2958349827,0.9042178911,0.3683365345,0.3586014027,0.5710135349,0.4453176871,0.1292227042,0.9273121021
79.5,1,1,1,1,1,0.2360368227,0.4398500743,0.6279342363,0.4825700171,0.3856420156,0.4024919261,0.4002549371,0.3205722285,0.816748264,0.2972309078,0.9043636331,0.3692502277,0.3567877613,0.5713623488,0.4448679662,0.1297560612,0.9270445297
80,1,1,1,1,1,0.2359710764,0.4414039239,0.6288868312,0.4818280672,0.3869129338,0.4025109282,0.3989244219,0.3206667682,0.8164562648,0.2972450329,0.904623334,0.3687414646,0.3567471914,0.5738810104,0.4477419349,0.1305054642,0.9269462428
80.5,1,1,1,1,1,0.2353765121,0.4422230885,0.6280110714,0.4843689886,0.3871020074,0.4027484109,0.4002502389,0.3207756909,0.8187582678,0.2970480572,0.9050859433,0.3664015342,0.3574184574,0.57258453,0.4465523736,0.130442567,0.9266893205
81,1,1,1,1,1,0.2370520241,0.4410126639,0.6280622071,0.4862326916,0.3877796341,0.4018555674,0.3979233165,0.3212095865,0.8185031217,0.2958423562,0.9050327476,0.366978627,0.358432004,0.572243872,0.4470739146,0.1299888506,0.9266942749
81.5,1,1,1,1,1,0.2372088751,0.4411829043,0.6262018902,0.4860252583,0.3883384943,0.4036872963,0.3996076949,0.3202226003,0.8182422063,0.2959508151,0.9056662542,0.3678388894,0.3609574821,0.5727307795,0.4445858676,0.1290844282,0.9271768155
82,1,1,1,1,1,0.2380170192,0.4412133529,0.6252255857,0.4854371903,0.3867807214,0.403328339,0.3989961409,0.3200882421,0.8176670559,0.2939404158,0.9058266376,0.370871883,0.3607673115,0.5726662471,0.4458241397,0.1272593205,0.9274794547
82.5,1,1,1,1,1,0.2386222961,0.4404579223,0.6256006629,0.4866008773,0.3865874192,0.4042363877,0.3977732608,0.3198891163,0.8171747498,0.297111657,0.9071283895,0.3697808075,0.363520441,0.5724055872,0.445927601,0.1274834977,0.9271219738
83,1,1,1,1,1,0.2390486397,0.4426207246,0.6245335821,0.4834602619,0.3873020533,0.4054584908,0.3988033582,0.3192510324,0.8171008425,0.2946011128,0.9057752139,0.3688933828,0.360277569,0.5706740823,0.4436788042,0.1267161035,0.927239554
83.5,1,1,1,1,1,0.238121519,0.4458341241,0.6242655727,0.481609685,0.387179446,0.4053227164,0.3988858618,0.3193565441,0.8186901623,0.294862381,0.9059199864,0.369124471,0.3587030614,0.5725903234,0.4459693947,0.1270869391,0.9268775927
84,1,1,1,1,1,0.2387002381,0.4447533068,0.6264613956,0.4806409431,0.3884007584,0.4039167256,0.4002420901,0.3185871744,0.8182167572,0.2963352457,0.9068666729,0.3696272498,0.3584440384,0.5704594536,0.4447248416,0.126133618,0.9271126125
84.5,1,1,1,1,1,0.2381050665,0.4464669894,0.6261660907,0.4793516718,0.3887197733,0.4057802669,0.3984054138,0.320946998,0.8176264945,0.2957130475,0.9066811362,0.3700181575,0.3623860121,0.5704270746,0.4423668501,0.1285029782,0.9273057206
85,1,1,1,1,1,0.2387932694,0.4439282361,0.625659216,0.4829746773,0.3876080242,0.404290061,0.3984589926,0.3217925332,0.8164615609,0.2960674588,0.9060841418,0.3718280029,0.361471541,0.5701586167,0.4447287374,0.1273652642,0.9269110851
85.5,1,1,1,1,1,0.2368505069,0.4456165143,0.625126252,0.4841640342,0.3845759977,0.4056868874,0.4010938342,0.3201571601,0.8161669759,0.2968029381,0.9062373273,0.3675040634,0.3622480258,0.5707803713,0.4439826379,0.1267501831,0.9262416529
86,1,1,1,1,1,0.2380288256,0.4441623566,0.6241498135,0.48263487,0.3854521569,0.4043697653,0.3997923249,0.322594906,0.8173343428,0.2982613956,0.9054708184,0.3679838167,0.3603206122,0.573288654,0.4463227972,0.1275845506,0.9265976102
86.5,1,1,1,1,1,0.2366696914,0.44541554,0.6259006129,0.4829169556,0.3823201401,0.4048084041,0.3995680527,0.3233302741,0.8157064346,0.2973768242,0.9061805811,0.3690777369,0.3627034328,0.5749624712,0.4459750143,0.128289595,0.9264133803
87,1,1,1,1,1,0.2352158255,0.4431280273,0.6248218339,0.484727235,0.384598349,0.4044198579,0.4005799308,0.3229352546,0.8176489165,0.2984725964,0.9064420497,0.3698567597,0.3613893525,0.5754890177,0.4440006463,0.1290582604,0.9261713329
87.5,1,1,1,1,1,0.2363289787,0.444127633,0.6271026929,0.4854271267,0.3875737138,0.4058645082,0.4016707846,0.321633514,0.8190007536,0.297280078,0.9076998713,0.370425394,0.3597817582,0.5782346064,0.4437743058,0.1296791253,0.9260788987
88,1,1,1,1,1,0.2367339558,0.4463054766,0.6272700371,0.4835862435,0.3891792616,0.4057241394,0.4009951201,0.3219636589,0.8185315971,0.298323616,0.907208236,0.370140596,0.3582628922,0.5766266608,0.444821133,0.1292354937,0.9266794858
88.5,1,1,1,1,1,0.2371586625,0.4462732018,0.6258823731,0.4840933135,0.3873155808,0.4065089143,0.3989154125,0.3219800218,0.8182767768,0.2975518905,0.90699451,0.3695302199,0.360576976,0.5733342628,0.4470039393,0.1294846949,0.9269705823
89,1,1,1,1,1,0.2359862677,0.4445094686,0.6248291444,0.482887422,0.3873081088,0.40409637,0.3978092933,0.3207231831,0.8174993189,0.2964393023,0.9075800088,0.3701417393,0.3600095089,0.5740058564,0.444248329,0.1303056341,0.927313563
89.5,1,1,1,1,1,0.235961079,0.4410487337,0.6267579318,0.4822889997,0.3879326383,0.4038251833,0.3940170204,0.3207624524,0.8165506669,0.296170445,0.908254921,0.3711144961,0.3612343531,0.5724409022,0.4440640792,0.131406812,0.9270113975
90,1,1,1,1,1,0.237261063,0.4397222827,0.6254170333,0.4833242976,0.3880575988,0.4021894008,0.3949444367,0.3213570943,0.8177889049,0.2952652676,0.9085615339,0.3718472176,0.3625912736,0.5725472603,0.4428398781,0.1308204863,0.9267308947
90.5,1,1,1,1,1,0.2363565793,0.4412441639,0.6245921355,0.4827620515,0.3865650442,0.4018224544,0.3957750217,0.3217477796,0.816167257,0.2972432165,0.9084436628,0.3726978303,0.3609651768,0.5740746562,0.4441687493,0.1318380564,0.9268617613
91,1,1,1,1,1,0.2359947423,0.442911571,0.6242303547,0.482418173,0.3853891709,0.4008889205,0.396935459,0.3202849218,0.8165164586,0.2971087074,0.9085477915,0.3718979222,0.3619837165,0.5766388038,0.445015902,0.1319779255,0.927209638
91.5,1,1,1,1,1,0.2349895354,0.4433445184,0.6244572476,0.4839223612,0.38588125,0.4010402812,0.3943178425,0.319931811,0.8156445575,0.2938443901,0.9079027527,0.3719051523,0.3618930627,0.5772871856,0.4473067293,0.1327483529,0.9269562619
92,1,1,1,1,1,0.2363680256,0.4449907702,0.6246003897,0.4846400891,0.3874623444,0.4039342586,0.3976265145,0.3197565879,0.8166400017,0.2939913194,0.9070824937,0.3699388802,0.3631027561,0.576647113,0.4496196305,0.1333451523,0.9268333262
92.5,1,1,1,1,1,0.2369332591,0.4471803173,0.6251671963,0.4854545872,0.3847327585,0.4020437624,0.3961012091,0.3183170866,0.816973272,0.2922359355,0.9074490591,0.3711072914,0.3627964471,0.5766200236,0.4471574988,0.1333201674,0.9270241655
93,1,1,1,1,1,0.2370627599,0.4482731139,0.6268751735,0.4839102932,0.386054717,0.4014698669,0.3962891655,0.3189496242,0.8160070553,0.2939549343,0.9062714751,0.3722016369,0.3634032783,0.5724858642,0.444370064,0.1333773012,0.926797033
93.5,1,1,1,1,1,0.2375694443,0.4476599889,0.6280023619,0.4845710311,0.385968352,0.4038430982,0.3982712951,0.3200507047,0.8167536375,0.2947742274,0.9057797357,0.371789532,0.3613667304,0.5727781445,0.4489494099,0.1343405058,0.9268606724
94,1,1,1,1,1,0.2372838544,0.4456275835,0.6270891909,0.4848166065,0.3883215819,0.4058828132,0.399010615,0.3194592634,0.8161071159,0.2939771415,0.9062288399,0.3720657472,0.3608223726,0.574841878,0.4476829096,0.1345390748,0.9265585288
94.5,1,1,1,1,1,0.2372061601,0.444789746,0.6257799688,0.481436198,0.3895733148,0.4056131221,0.3976321411,0.3219927404,0.8155576923,0.2947312487,0.9068330342,0.3717184392,0.3596566575,0.5718107428,0.451372064,0.134440251,0.9266725144
95,1,1,1,1,1,0.2364894694,0.4449970849,0.6254347771,0.4806734287,0.3890615716,0.404561132,0.3971127989,0.321359762,0.8146691347,0.295894924,0.9071681956,0.3720614745,0.3622651144,0.5739441917,0.4473045198,0.1344348704,0.9272954944
95.5,1,1,1,1,1,0.2364609398,0.4440285777,0.6252096118,0.4817349498,0.3882600852,0.4041860735,0.3983262174,0.3212762554,0.8150001401,0.2953782884,0.9060335844,0.36977145,0.3663899375,0.5748052546,0.4455331883,0.1349926965,0.9279145135
96,1,1,1,1,1,0.2348243708,0.4437623432,0.627525545,0.4852511544,0.388028156,0.4020869767,0.3985837495,0.3190330549,0.8140628302,0.2937312753,0.905846842,0.3698629418,0.3634794612,0.5733083654,0.4449964303,0.1348592352,0.928189011
96.5,1,1,1,1,1,0.2342219277,0.4442857713,0.6259906997,0.4877986857,0.3877058688,0.4028698008,0.3987525388,0.3204582703,0.8146607104,0.2924623501,0.9049204973,0.3717855321,0.3630251003,0.5713667987,0.4422323204,0.1347428155,0.9274778021
97,1,1,1,1,1,0.2354429046,0.4440453141,0.6248884798,0.485573163,0.3880094737,0.4044443776,0.4005322128,0.3215940545,0.8135353027,0.2915196906,0.9049536902,0.3705793843,0.3638583816,0.5703871298,0.4455932927,0.1349234769,0.9265061398
97.5,1,1,1,1,1,0.2364925398,0.4413293359,0.6249790393,0.4858091044,0.3859769259,0.4026403797,0.4041835459,0.3241062097,0.8140178194,0.2951905327,0.9056889986,0.372926646,0.3626839706,0.5703906978,0.44557905,0.1342738295,0.926143497
98,1,1,1,1,1,0.2353339698,0.4429941711,0.6264072673,0.4855556131,0.3852161062,0.4036896903,0.4014939943,0.3257302802,0.8151305835,0.2953317962,0.9059593803,0.3717257862,0.3614773618,0.5726578761,0.4446999271,0.1352065069,0.9255518731
98.5,1,1,1,1,1,0.2345314205,0.4400867293,0.6217097095,0.4855848891,0.3828077498,0.4045768623,0.4010464412,0.3273362811,0.8142964034,0.2942197429,0.9052360361,0.3730265842,0.3606867137,0.5732619499,0.4455264275,0.1351608357,0.9252084867
99,1,1,1,1,1,0.2359548599,0.4408650742,0.6236900652,0.4869113393,0.3809485096,0.4026637395,0.4011878018,0.3247416041,0.814966101,0.2962499503,0.9059143576,0.3717911319,0.3618222312,0.5717372199,0.4461582529,0.1362671338,0.9255447659
99.5,1,1,1,1,1,0.2368749331,0.4421808847,0.6250722584,0.4841321238,0.3820643387,0.4029417704,0.4008022898,0.3258749528,0.8140177518,0.2966105727,0.9059639848,0.3743124076,0.3591207254,0.5721391418,0.4475045334,0.1355642038,0.9254683729
100,1,1,1,1,1,0.2380516888,0.4450671163,0.62496926,0.4850754831,0.3842300705,0.4020197379,0.4035630874,0.3246983766,0.8140375724,0.2968093539,0.9060496906,0.3736992191,0.3573586951,0.5727727932,0.4470605879,0.1349319749,0.9260344338
100.5,1,1,1,1,1,0.2382737287,0.4451757379,0.6261523595,0.4864103233,0.3868319888,0.403068692,0.4036232822,0.3224233714,0.8168285925,0.2989882554,0.9057500665,0.3725288161,0.3605353603,0.5738181036,0.4489836933,0.1359178773,0.9254959167
101,1,1,1,1,1,0.240922073,0.4450999905,0.6251568329,0.4841392792,0.385276952,0.403092094,0.4023565128,0.3218474973,0.8176902179,0.2966179635,0.9061776608,0.3732038976,0.3588969387,0.574325152,0.4467548723,0.1354678118,0.925770192
101.5,1,1,1,1,1,0.2408124088,0.4443967514,0.6265546932,0.4817623663,0.3860825385,0.4022321919,0.4020039129,0.3228876039,0.8172980922,0.2951874114,0.9064633141,0.3720275208,0.3594374679,0.5751491881,0.4466546213,0.1352639537,0.9256575447
102,1,1,1,1,1,0.241286502,0.4436001873,0.6260361105,0.4815727285,0.3882179027,0.4045185545,0.4030377926,0.3228086629,0.8175968598,0.2929133539,0.906433973,0.3716115037,0.3603061175,0.5756520278,0.449071333,0.1350237474,0.9264233955
102.5,1,1,1,1,1,0.2391172494,0.4451336233,0.6240477333,0.4817246445,0.3870063559,0.4055708596,0.4010578813,0.3227536314,0.818614689,0.2945517144,0.9062916869,0.3721385288,0.3598237523,0.5762317174,0.4476671052,0.1340517799,0.9268880677
103,1,1,1,1,1,0.2423658837,0.4463797345,0.6256813433,0.4836906464,0.3895314425,0.4080218334,0.3973116065,0.3227099234,0.8186211729,0.2952021148,0.9060632545,0.3707775426,0.3599979988,0.5765842703,0.4472424836,0.1344680871,0.926171353
103.5,1,1,1,1,1,0.2420131033,0.4436607873,0.6266866788,0.4855530467,0.3894424813,0.4075763457,0.3970718414,0.3190106921,0.8194832969,0.2946086344,0.9055664085,0.3696641668,0.3611156244,0.5750048692,0.4481056714,0.1350543774,0.925837724
104,1,1,1,1,1,0.2403765347,0.4442574099,0.6250279985,0.4847540538,0.3866834659,0.4070368438,0.3970864164,0.3187634518,0.8193767187,0.2962304117,0.905384966,0.3691373488,0.3620446195,0.5771255768,0.4486519324,0.1359892913,0.9260904489
104.5,1,1,1,1,1,0.2404672716,0.4439087265,0.6257014276,0.4839027346,0.3905572305,0.4045456879,0.3995683215,0.3205151043,0.818346149,0.2960796838,0.9048708887,0.3687079403,0.3604204017,0.5785840895,0.4490450761,0.1363768182,0.9260435996
105,1,1,1,1,1,0.2381737195,0.4432018063,0.6270766821,0.4866309605,0.3912433816,0.4039447749,0.402590687,0.3193377663,0.8178662673,0.294646531,0.90446058,0.3685620729,0.3595018216,0.5761458447,0.448593817,0.1368352764,0.9267232796
105.5,1,1,1,1,1,0.2379968317,0.4438196596,0.6243345155,0.484461411,0.3892804574,0.4034973767,0.4038783589,0.3226625904,0.8171307934,0.2948867771,0.9041525355,0.3700488457,0.3606360149,0.5747956819,0.448246418,0.1363157236,0.9264088626
106,1,1,1,1,1,0.2389230408,0.445101669,0.6227909485,0.4850480729,0.3871255992,0.4050408964,0.4022326352,0.3222293174,0.817227662,0.2942763381,0.9052857145,0.3705979095,0.3622278173,0.5723205279,0.4494802404,0.1364166134,0.9265956971
106.5,1,1,1,1,1,0.2391477255,0.4449033074,0.6243046559,0.4830189161,0.3869839231,0.4044312557,0.4023302553,0.324943823,0.8154901541,0.2946343281,0.9054571844,0.3732714219,0.3610348437,0.5701357611,0.4473781741,0.1368197231,0.9268407427
107,1,1,1,1,1,0.2397003369,0.4432566978,0.6259565237,0.4831370463,0.3876657706,0.4045257875,0.4022397749,0.3237321366,0.8166559418,0.2962506564,0.9057921129,0.3747647968,0.3619751919,0.5703820618,0.4481169585,0.1363687292,0.9260189233
107.5,1,1,1,1,1,0.2388780138,0.4453999251,0.6271935288,0.4829460916,0.3883312041,0.4054091156,0.3994790926,0.3249657371,0.8154386032,0.2960497732,0.905573384,0.3731986836,0.361616197,0.5691067306,0.4491482569,0.1361453983,0.9254541678
108,1,1,1,1,1,0.2400959555,0.4440218117,0.6270305235,0.4840724726,0.3854736158,0.4021423195,0.3999723074,0.3249625896,0.8141749145,0.297050891,0.9045044903,0.3746592224,0.3618090121,0.5705414229,0.4489758686,0.136264805,0.9254128813
108.5,1,1,1,1,1,0.2395310188,0.4446661975,0.6243959593,0.483215109,0.3879907456,0.4018826684,0.3984681814,0.325571901,0.8148066456,0.2965710895,0.9038231688,0.3730416318,0.3616445617,0.5740550166,0.4489395184,0.1351619469,0.9255237671
109,1,1,1,1,1,0.238834819,0.4434886563,0.6262728147,0.4848008089,0.3870551122,0.3984675876,0.3978124377,0.3229767608,0.8169806768,0.2959888719,0.9033978442,0.3715174775,0.3596432737,0.5728857132,0.4477598102,0.1351824709,0.9262934076
109.5,1,1,1,1,1,0.2365945366,0.4439930015,0.6274510581,0.4850233907,0.3876409867,0.4002128975,0.3983996041,0.3248868999,0.8176029407,0.2946605713,0.9031428442,0.3692981713,0.360224706,0.5727234997,0.4492760197,0.1354342378,0.9270462743
110,1,1,1,1,1,0.2373330395,0.4446088887,0.6276299439,0.4867467332,0.3869851323,0.4004939703,0.3970880045,0.3242001949,0.8189675609,0.2956199384,0.903376076,0.3686694744,0.3618528472,0.5736565604,0.4504643399,0.1352070374,0.9271751059
110.5,1,1,1,1,1,0.2381540275,0.4455822756,0.6285764727,0.4856794816,0.3864277532,0.4030811035,0.3986766578,0.3219604534,0.8181668809,0.295130602,0.9044187976,0.3696990173,0.3609822612,0.5756306375,0.4470480583,0.1357480629,0.9277428933
111,1,1,1,1,1,0.2377407753,0.4444459735,0.625983541,0.485819632,0.3876975331,0.4003937537,0.396002353,0.3199307214,0.8172672199,0.294201932,0.9042870436,0.3671308044,0.3618136731,0.5760939982,0.4464989042,0.1357845364,0.9286343728
111.5,1,1,1,1,1,0.237505174,0.4451083989,0.6268567177,0.4847518425,0.3871421555,0.4028130887,0.3971759255,0.3198094018,0.817746626,0.2922362014,0.9044838732,0.3675666013,0.3615842389,0.5754146515,0.4456128281,0.1357962975,0.9290354851
112,1,1,1,1,1,0.2362858576,0.4455167639,0.6240156421,0.4858202783,0.3876099982,0.4025889625,0.3981518294,0.3170988122,0.8170614546,0.291626118,0.9048306345,0.366229189,0.3604446511,0.5740036553,0.4469231609,0.1376062962,0.9292252246
112.5,1,1,1,1,1,0.2379020038,0.4442450294,0.6233458324,0.4841332682,0.3876520291,0.4009256076,0.3963641402,0.3190421483,0.8172164435,0.2901918821,0.90411175,0.3664163515,0.3606827931,0.5734936132,0.4485060269,0.1378935984,0.9283035942
113,1,1,1,1,1,0.2386766357,0.4434636989,0.6234911357,0.485329205,0.3866994682,0.4033767517,0.3958893362,0.3200244161,0.815022221,0.2915958944,0.9031414967,0.3655520863,0.3619820914,0.5720406847,0.4495210242,0.1372940147,0.9283196917
113.5,1,1,1,1,1,0.2404761968,0.4439214153,0.6253271235,0.4817937068,0.3876051135,0.4032934648,0.3967471729,0.3190009094,0.8155343384,0.2934028101,0.9040924254,0.367525649,0.3611697061,0.570083451,0.4482319794,0.1366048714,0.9281604542
114,1,1,1,1,1,0.2384469656,0.4463837781,0.6255914512,0.4809746959,0.3883541478,0.4027041544,0.3954277221,0.3210062576,0.8152544672,0.2947847374,0.9037874072,0.367593452,0.3604371571,0.570392413,0.4471456997,0.1350353284,0.9290076041
114.5,1,1,1,1,1,0.2385167772,0.4441238963,0.6270577668,0.4809212555,0.3864701255,0.4025804907,0.3989310077,0.3207469764,0.8143368703,0.2934741748,0.9041791562,0.3661876036,0.3587255964,0.5719745762,0.4467534107,0.135779271,0.9286788266
115,1,1,1,1,1,0.2380586965,0.4443394635,0.6293304176,0.4800960578,0.3863080083,0.4032645085,0.4010446828,0.3215514819,0.8153704356,0.2958555909,0.9045438359,0.3663963427,0.3572054987,0.5725804463,0.445839462,0.1356415027,0.9283330027
115.5,1,1,1,1,1,0.2359535391,0.444756514,0.6289861715,0.4778022667,0.3868257347,0.4042740394,0.3995256786,0.3236763691,0.8154353352,0.2970383063,0.9050072341,0.3683379128,0.3564170494,0.5714225711,0.4469546346,0.1349120982,0.928146207
116,1,1,1,1,1,0.2361321563,0.445152647,0.627413649,0.4789969855,0.3879076894,0.4032578598,0.3982691094,0.3233252347,0.814057448,0.2955003643,0.9049888725,0.3675185654,0.3548701417,0.5708807531,0.4457382162,0.1346294319,0.9280043915
116.5,1,1,1,1,1,0.2365018649,0.4438846643,0.6274885319,0.48138028,0.3857205379,0.4039264672,0.3986984609,0.3247260964,0.815906914,0.295285928,0.9046190879,0.3691479208,0.3563928247,0.5703428214,0.4476291965,0.1356512817,0.9280828186
117,1,1,1,1,1,0.236772681,0.444387258,0.6291296812,0.4820815794,0.3856585517,0.4041977463,0.4013235466,0.3231355025,0.8158860125,0.298110518,0.9038922258,0.3683326018,0.355187465,0.5705288589,0.4448100323,0.1366459798,0.9288445523
117.5,1,1,1,1,1,0.2366530677,0.4452928321,0.628676049,0.4816970719,0.3848788586,0.4032487686,0.4014654142,0.3237021829,0.8169391895,0.2985515668,0.9030177283,0.37171406,0.3583844783,0.5732268565,0.4467105105,0.1359623878,0.928983057
118,1,1,1,1,1,0.2380227772,0.4442319206,0.6285398637,0.4817580576,0.3851816736,0.4038058871,0.3995979312,0.3236132078,0.8173635587,0.2981794907,0.9043873416,0.3713073916,0.359250502,0.5763597357,0.4452255472,0.1366245515,0.9290778356
118.5,1,1,1,1,1,0.23570333,0.4452926991,0.6276514041,0.4832660019,0.3850850696,0.4040732651,0.3978197236,0.3233083484,0.8178095973,0.2983645985,0.9039086746,0.3701719247,0.3579759033,0.5742495975,0.4432586421,0.1373794117,0.9282650264
119,1,1,1,1,1,0.2367152484,0.4474412455,0.6255297837,0.4801699387,0.3849547052,0.4053337098,0.3968019897,0.3226746807,0.8179243382,0.298483383,0.9046573043,0.3702067228,0.3575967848,0.5764333543,0.4428521397,0.1357098897,0.9284364267
119.5,1,1,1,1,1,0.2368601996,0.4472512634,0.6284675016,0.4800486125,0.3876981794,0.4081391199,0.3969076494,0.3226656892,0.8171657513,0.2975837495,0.904487332,0.3722266087,0.3576432045,0.5771739745,0.4445723119,0.1348627096,0.9284199553
120,1,1,1,1,1,0.236866597,0.4466528076,0.6289413977,0.4778800069,0.3884234224,0.4055456454,0.3977583651,0.3209686213,0.8180092773,0.2983781497,0.9046132057,0.3727806599,0.3555825098,0.5768835609,0.4451060774,0.1349131282,0.9283012092
120.5,1,1,1,1,1,0.2376744989,0.4435587683,0.6280652738,0.4771501387,0.3878739386,0.4034430334,0.3961937838,0.3205503126,0.8167797027,0.2978110297,0.9044144992,0.3722461045,0.3593202937,0.5749903009,0.4491345237,0.1352076463,0.9284607372
121,1,1,1,1,1,0.2382113032,0.4439075953,0.6252140548,0.4778063588,0.3881838218,0.4067021497,0.3977351836,0.3239178579,0.8156470678,0.2981833547,0.9048934915,0.3704317222,0.3598032218,0.5754083656,0.4489996251,0.134936209,0.928485803
121.5,1,1,1,1,1,0.2376794714,0.4442955737,0.6239801855,0.4783691474,0.3876970651,0.4078307005,0.3987304018,0.3207295065,0.8158808628,0.297871332,0.9050783785,0.3696773252,0.3620963039,0.5775397695,0.4485716841,0.1353467164,0.9293259927
122,1,1,1,1,1,0.2377043787,0.4449525981,0.622524244,0.4783678225,0.3874188719,0.4070027907,0.3997398382,0.3214420957,0.8180393245,0.2978295531,0.9048179273,0.3695892964,0.3619121822,0.5768794151,0.4470302771,0.134787162,0.9290882387
122.5,1,1,1,1,1,0.2385488238,0.4450572504,0.62611091,0.478790861,0.3878148147,0.4064473728,0.3982087744,0.3220519284,0.8189041306,0.2971599189,0.9051413234,0.3709537099,0.3600279457,0.5762626944,0.4496622387,0.1362645046,0.9294266881
123,1,1,1,1,1,0.2396136957,0.4469054507,0.6271268551,0.4802060575,0.3870630807,0.403220377,0.3990697424,0.3214438577,0.8192920544,0.2928461004,0.9054784383,0.3732795646,0.3585283846,0.5761938798,0.4473941897,0.137049384,0.9287036047
123.5,1,1,1,1,1,0.2385029344,0.444731354,0.6251703901,0.4834940792,0.3879210347,0.4032952872,0.3990228351,0.320779367,0.8205505849,0.2952798835,0.9063542613,0.3746251959,0.3599121758,0.5781025787,0.4480057014,0.1374772247,0.9284666122
124,1,1,1,1,1,0.2380570232,0.4454973054,0.6241262888,0.4850163277,0.3904338468,0.4049355299,0.397745351,0.3193410904,0.8215944295,0.2956527664,0.9063230401,0.3723478186,0.3599667862,0.5765452587,0.4479700112,0.1370109701,0.9282468518
124.5,1,1,1,1,1,0.2371415125,0.4451517841,0.626477606,0.4845381935,0.3906944239,0.4061880822,0.3981587753,0.320637169,0.8212097933,0.2938851897,0.9060007318,0.3716889801,0.3617260057,0.5769029348,0.4460747867,0.1366716613,0.9284692916
125,1,1,1,1,1,0.236952221,0.4467898973,0.629587222,0.4853403266,0.391124687,0.4046665555,0.3994146724,0.319620705,0.8202520947,0.2931966583,0.9059048834,0.3737984843,0.3619711698,0.5745988541,0.4469231015,0.1372521322,0.9281706544
125.5,1,1,1,1,1,0.237576298,0.4455101794,0.6296544838,0.4843108802,0.3883734172,0.4062541051,0.3989400983,0.320423632,0.8194897301,0.2919940111,0.9060417491,0.3750429101,0.3611328745,0.5712798313,0.4461623553,0.1370913222,0.9280718007
126,1,1,1,1,1,0.2376536602,0.4449392095,0.6273238172,0.4855385427,0.3880874962,0.4056048783,0.4004423937,0.3214259975,0.8210521648,0.2919214127,0.9053977046,0.3752773244,0.3611990818,0.5725404236,0.4446840093,0.1372118826,0.9284201505
126.5,1,1,1,1,1,0.2388881489,0.4431346634,0.6268986448,0.4835883789,0.3879364485,0.4071512239,0.3997565897,0.3217436511,0.8209806855,0.2927678414,0.9049616012,0.3748069672,0.3598340858,0.5731450211,0.4430736816,0.1365158397,0.9286822181
127,1,1,1,1,1,0.2372739991,0.442928347,0.6275656377,0.4809990418,0.3911850216,0.4037445606,0.3996956051,0.3215650589,0.8201768296,0.2943615203,0.904090046,0.3742747609,0.3616945702,0.5737150385,0.4441444685,0.1369991787,0.9282343797
127.5,1,1,1,1,1,0.2374405333,0.4427870082,0.6279754497,0.4824752931,0.3920486469,0.4047837324,0.3996844394,0.3217911072,0.819467102,0.2935701396,0.9040839417,0.3707316239,0.3592667148,0.5738902228,0.4455480287,0.1367240977,0.9278802258
128,1,1,1,1,1,0.2393714182,0.4431001922,0.6244817862,0.4825797811,0.393859325,0.4046056935,0.398659041,0.3233400949,0.8201823331,0.2932252787,0.9039136424,0.37270663,0.3617409841,0.5715175955,0.445303058,0.1372219266,0.9274010391
128.5,1,1,1,1,1,0.240189706,0.4471813144,0.6267916486,0.4829463203,0.390111362,0.4033050795,0.398685578,0.3228745647,0.8198358572,0.2947740246,0.9035567568,0.3708219303,0.3633031734,0.5713671983,0.4448328529,0.1378233071,0.9275335743
129,1,1,1,1,1,0.2399282226,0.4482175029,0.628003643,0.4814881185,0.3866672853,0.4023771746,0.3959546393,0.3239044696,0.8185962784,0.2938250155,0.9048337692,0.3695321812,0.3627396629,0.5740423191,0.4460381454,0.1380113982,0.9277039546
129.5,1,1,1,1,1,0.2403276462,0.4486987922,0.6264417364,0.4817163368,0.3875850015,0.4039049148,0.3968678535,0.3211384953,0.8176777888,0.2937053048,0.9048649188,0.3658206899,0.3597423427,0.5738592081,0.4476984463,0.1364631034,0.9279057521
130,1,1,1,1,1,0.2380577257,0.448014724,0.6258565225,0.4836169618,0.389361418,0.4034365407,0.3979933559,0.3204202388,0.8185398727,0.2924741289,0.9047452824,0.3699810315,0.3595669435,0.5759968069,0.4471977394,0.1357087292,0.9284459509
130.5,1,1,1,1,1,0.2401933407,0.4461671392,0.6225347569,0.4822965741,0.3864732698,0.4015274356,0.3999576321,0.3218349927,0.8173620442,0.2937169602,0.903159247,0.3732281131,0.3609602453,0.5722861458,0.4463987648,0.1353512129,0.9283263171
131,1,1,1,1,1,0.2409513324,0.4447968135,0.6230235812,0.4826021545,0.3865792335,0.4033625995,0.3983370196,0.3219374197,0.8184596965,0.2934871283,0.9046508183,0.3724199804,0.3575855175,0.571317866,0.4465207138,0.1352515998,0.9282580044
131.5,1,1,1,1,1,0.2405003434,0.4437382171,0.6233185709,0.4850503464,0.3847448516,0.4045384039,0.3995618765,0.3238052594,0.8173014221,0.2933945343,0.9050331405,0.372874124,0.3588633941,0.568147113,0.4451083868,0.1352013671,0.9281317753
132,1,1,1,1,1,0.2392078458,0.4449082607,0.6254686286,0.4830483254,0.3854933069,0.4043176531,0.3996740341,0.3230618121,0.8172775397,0.2949346976,0.9055222207,0.372982584,0.3623082777,0.5702208363,0.4435935223,0.1354762975,0.9278359587
132.5,1,1,1,1,1,0.2373829199,0.4440665928,0.6261250029,0.4833930373,0.3865635287,0.4025582468,0.3973196478,0.3229474765,0.8171492811,0.2966016785,0.9063657589,0.3737433555,0.3637195396,0.5709456812,0.4427240173,0.1369475178,0.9278975374
133,1,1,1,1,1,0.2372840414,0.4466824253,0.6278922246,0.4833287438,0.3894359863,0.4015099653,0.3989778885,0.3235698958,0.817200634,0.295618576,0.9062316236,0.3718136703,0.3628224232,0.5724386208,0.4457423194,0.135912611,0.9276565955
133.5,1,1,1,1,1,0.2377183088,0.4448120815,0.6263550995,0.4833639787,0.3890192994,0.4029625717,0.3988932194,0.3224306832,0.8163350304,0.2957225745,0.905747244,0.3729116774,0.3629625399,0.5744027877,0.4468805423,0.1345626893,0.9279125616
134,1,1,1,1,1,0.236348136,0.4436221495,0.6266662512,0.4799624513,0.3884540738,0.400664705,0.3990441928,0.3218451372,0.8155074022,0.2965208806,0.9051446041,0.3716401455,0.365161629,0.575381866,0.4459180856,0.1343586963,0.9286607873
134.5,1,1,1,1,1,0.237605671,0.444823275,0.6257618063,0.4822534296,0.3890854113,0.4025974426,0.3971863319,0.3219776024,0.8166050468,0.2962020344,0.9047807533,0.371868861,0.3656002297,0.5737768424,0.4452785065,0.1352728181,0.9276708839
135,1,1,1,1,1,0.2387799876,0.4439878505,0.6228910213,0.4800616541,0.3888351118,0.4016584254,0.3960310395,0.3236973568,0.8148858793,0.2949920098,0.9035214289,0.3711557775,0.3635101532,0.573297294,0.4473581022,0.1352964145,0.92720153
135.5,1,1,1,1,1,0.2386473814,0.4428012106,0.6238928542,0.4812688162,0.3871092531,0.4025258449,0.3956465741,0.3225143335,0.8153382591,0.2950151397,0.90245131,0.3710454554,0.3634546185,0.576402555,0.4439058847,0.1354567693,0.9270815596
136,1,1,1,1,1,0.2385251984,0.4443747805,0.621179996,0.4807615457,0.3864842674,0.4031471592,0.3953236262,0.3193982776,0.8163002552,0.2943667212,0.9022568675,0.3691107554,0.3662676614,0.5766531807,0.4460650601,0.1354202287,0.9269872076
136.5,1,1,1,1,1,0.2392303083,0.4435960859,0.622744257,0.4813325029,0.3841187621,0.4059915078,0.396720406,0.3187994701,0.8148405793,0.2961872549,0.9025065423,0.3660317381,0.3645611358,0.5743945465,0.4452867948,0.1346999682,0.9270497356
137,1,1,1,1,1,0.239936805,0.4424630532,0.6239328663,0.4814875191,0.3865482239,0.4046209112,0.3967459568,0.3195295947,0.8155431023,0.2953548162,0.9028860331,0.368653938,0.361325783,0.5765300344,0.4476070408,0.1347079453,0.9271228683
137.5,1,1,1,1,1,0.2375378887,0.444365722,0.6253487176,0.4812335883,0.3868431791,0.4030897601,0.3970590021,0.3188014009,0.8143986046,0.2934974209,0.9027315961,0.3677753971,0.3584561162,0.5790739058,0.4486500002,0.1343134397,0.9277913514
138,1,1,1,1,1,0.2374379788,0.4424356719,0.6254162768,0.4796108067,0.3878531587,0.4024367394,0.3968713996,0.3198055635,0.8155980139,0.2916044697,0.9036287441,0.3666752489,0.357310577,0.5792999114,0.4485907253,0.1341843282,0.9272337479
138.5,1,1,1,1,1,0.2372693475,0.4435907013,0.6261528425,0.4795865505,0.3894021558,0.4018731268,0.393050609,0.3224137557,0.8156302543,0.2922758965,0.9040366952,0.3663784577,0.3585336002,0.580682344,0.4527119757,0.1335372746,0.9272742492
139,1,1,1,1,1,0.2366706003,0.4453611069,0.6254970435,0.4804061396,0.3868812172,0.4026073201,0.3953048287,0.322514717,0.81696056,0.2932432022,0.9046151954,0.3701470691,0.3579907731,0.5778926149,0.4484290273,0.1344734317,0.9281055201
139.5,1,1,1,1,1,0.2364011816,0.4412703367,0.6260663954,0.4784178335,0.3884867097,0.4028535764,0.3955963484,0.3223441089,0.8165047348,0.2950789232,0.9046241328,0.3707390629,0.358261944,0.5781485446,0.4496287823,0.1342977758,0.9283028636
140,1,1,1,1,1,0.2358121694,0.4422867646,0.6259823284,0.4785915238,0.3858656493,0.4044834437,0.3983726638,0.3222006377,0.8168703243,0.2938630092,0.9042807115,0.3722650553,0.3584315809,0.5756526249,0.4486960457,0.1321260233,0.9270998237
140.5,1,1,1,1,1,0.2384886586,0.440376269,0.6251219629,0.4810818048,0.3847519668,0.4049037587,0.3998611078,0.3219729715,0.8176299151,0.2956893075,0.9032628234,0.3733098036,0.3596249995,0.5741691195,0.4485945779,0.1320732528,0.9270951309
141,1,1,1,1,1,0.2382209297,0.4393507496,0.6242187671,0.4815016382,0.3825058833,0.4051383718,0.4016079998,0.3201835151,0.818047177,0.2936867137,0.9040412493,0.3736123955,0.361275637,0.5741499388,0.4469951126,0.1331834192,0.926738337
141.5,1,1,1,1,1,0.2376093908,0.4390284968,0.6238394098,0.4819716771,0.3839506673,0.4038915737,0.4005723645,0.3198925321,0.8197636954,0.2917365603,0.9045887471,0.3737835396,0.3622942576,0.5705942262,0.447003446,0.1331175303,0.9260809091
142,1,1,1,1,1,0.2393095409,0.4383197197,0.6236730636,0.48269161,0.3874243278,0.4021351689,0.3992285997,0.31969947,0.8211324519,0.2935255657,0.9049789852,0.3730045955,0.361356279,0.5720951376,0.4429480228,0.1318063024,0.9261912928
142.5,1,1,1,1,1,0.2377038722,0.4416752897,0.6226882113,0.4797969112,0.3871974141,0.403074507,0.398385257,0.3192033337,0.8198770929,0.2924636849,0.9048746989,0.375142496,0.3615253389,0.5729491048,0.4423333905,0.1317016867,0.9267354259
143,1,1,1,1,1,0.2378013951,0.4443124202,0.6223886553,0.4805824828,0.3873513235,0.4037185752,0.4010432983,0.3200947465,0.8198677494,0.2946193963,0.9047487766,0.3736011396,0.3607206282,0.5729027131,0.4414009704,0.1307637328,0.9271721711
143.5,1,1,1,1,1,0.2376031748,0.4447133205,0.6220214316,0.4804551665,0.3872444101,0.4034138376,0.3994402943,0.3209915551,0.8210361204,0.2942926803,0.9050147559,0.3723830071,0.3616055209,0.5727530895,0.443460409,0.1312165772,0.9275366554
144,1,1,1,1,1,0.2381899133,0.4432952033,0.6239863133,0.481577024,0.3878863895,0.4054806275,0.4014523683,0.3221530207,0.8212070018,0.2918702806,0.9045317128,0.3706770004,0.3590684336,0.5719365387,0.4455194791,0.1303276857,0.9277835317
144.5,1,1,1,1,1,0.2368878227,0.4420396572,0.624376264,0.4825522587,0.3879330555,0.4042257451,0.403042155,0.3224575851,0.8199660995,0.2939606484,0.903715691,0.3695914885,0.3589640226,0.5704518641,0.4461003358,0.1293866032,0.9279242464
145,1,1,1,1,1,0.2369593324,0.4413342132,0.6246620757,0.4829256965,0.3865259561,0.4026308225,0.4011995696,0.3211472254,0.8208162262,0.2931249173,0.9041600349,0.3696197977,0.361687853,0.572525966,0.4493193847,0.1292018114,0.9270474866
145.5,1,1,1,1,1,0.2363299865,0.4430362761,0.6249987887,0.4838713599,0.3852856897,0.4034487312,0.3980972738,0.3231704155,0.8207606349,0.2942429565,0.9041440725,0.3680245532,0.3621255916,0.5715295095,0.4469696988,0.1297305065,0.9263871783
146,1,1,1,1,1,0.2368633611,0.4435339008,0.6261364894,0.4850935904,0.3863722019,0.4032891265,0.397928578,0.3221927038,0.8199014959,0.292519065,0.9034091584,0.3702246449,0.3628404865,0.5730183532,0.4469858835,0.1295298575,0.9266384943
146.5,1,1,1,1,1,0.2368867536,0.4432343394,0.6254124314,0.4828419393,0.3870717498,0.4026502302,0.3988501696,0.3197543831,0.8203831422,0.2925581823,0.9028392004,0.3697507665,0.3632765035,0.5708939819,0.4440616583,0.128875502,0.9267339267
147,1,1,1,1,1,0.2365112102,0.4440975303,0.6262595605,0.4796385352,0.3842761006,0.4037037166,0.3999178656,0.3210357248,0.8197775861,0.295617179,0.9033848561,0.3700203614,0.3638450031,0.5697496706,0.4463174889,0.1283178682,0.9264890582
147.5,1,1,1,1,1,0.2373983126,0.4463260388,0.6231931056,0.4795997738,0.385542664,0.4052221106,0.400469818,0.3231311372,0.8196167748,0.2980539332,0.9034116163,0.3697479498,0.3612360576,0.5692051623,0.4477530708,0.1287796092,0.9265236073
148,1,1,1,1,1,0.2370885082,0.4483607794,0.6234091751,0.4813253617,0.3835249993,0.4053279051,0.4003527405,0.3247568375,0.8191897691,0.2986201502,0.9042848225,0.3696822828,0.360392983,0.5719669642,0.4474980123,0.1290048396,0.9269545681
148.5,1,1,1,1,1,0.236963139,0.4477636291,0.624682212,0.4809661388,0.385443769,0.4038089652,0.3991391082,0.3241890551,0.8175011541,0.2973839316,0.9047321017,0.3707105171,0.3599572444,0.5709960839,0.4455812461,0.1286285606,0.9269951013
149,1,1,1,1,1,0.2370875715,0.447068677,0.6258009909,0.4804649294,0.3845388499,0.4004045793,0.4005476742,0.3245413056,0.8192182724,0.2968580806,0.9050164784,0.3697136295,0.3601538597,0.5693638679,0.4467538668,0.1291504859,0.926915669
149.5,1,1,1,1,1,0.2368821531,0.4487811228,0.6245375224,0.4799772811,0.383458764,0.3969489238,0.399789207,0.3238647129,0.8200319188,0.296481764,0.9052257287,0.3675176302,0.3597997674,0.5675486342,0.4452701454,0.1293686727,0.9269260207
150,1,1,1,1,1,0.2383940555,0.4481174006,0.626467678,0.4762833604,0.3827753383,0.3979689611,0.3973647762,0.3216154655,0.8203345141,0.2937082986,0.9054278319,0.3682320158,0.3591474821,0.5681059365,0.4454194057,0.131230706,0.9280349119
150.5,1,1,1,1,1,0.2392158223,0.4454072788,0.6260109529,0.4759819414,0.3830121359,0.4013224246,0.3956435338,0.3201756314,0.8193367866,0.2927528886,0.9053732184,0.3697762891,0.3605149978,0.5699997568,0.4475322534,0.1313155522,0.9279530543
151,1,1,1,1,1,0.238094127,0.4443127756,0.6250105012,0.4818577786,0.3856751832,0.4031680182,0.3987924317,0.3188093744,0.8188428839,0.2917613812,0.9049735204,0.3689416085,0.3604985218,0.5704963058,0.4476821462,0.1308186209,0.9273074675
151.5,1,1,1,1,1,0.237155607,0.444651092,0.6250454875,0.4810543705,0.3877663763,0.4029836901,0.4011943716,0.3228519905,0.8177666736,0.2921835536,0.9054262821,0.3695972511,0.360121706,0.5712457137,0.4450175249,0.131100864,0.9275100413
152,1,1,1,1,1,0.2362939957,0.4448248422,0.6234216864,0.4819254772,0.3855878309,0.400823568,0.399386361,0.3226799908,0.8165628441,0.2931305411,0.9048995344,0.3714867552,0.3602075403,0.5732410414,0.4419185916,0.130598195,0.927986674
152.5,1,1,1,1,1,0.237040494,0.443011083,0.6234539508,0.482842421,0.3873889533,0.4019370305,0.3965600759,0.3242507346,0.8162999085,0.2947307074,0.9051182854,0.3710192694,0.3612174092,0.5727173932,0.4409927536,0.1307391086,0.9276688722
153,1,1,1,1,1,0.2379289475,0.4453281164,0.6256152042,0.481273903,0.3849342758,0.400562464,0.3967404269,0.3215582792,0.8182052729,0.2965839699,0.9062564851,0.3711483909,0.3605815597,0.5757084417,0.4421386846,0.1319243267,0.9276761868
153.5,1,1,1,1,1,0.2353026313,0.447313098,0.6253628183,0.4822255409,0.3841877538,0.4028378061,0.399968113,0.3192392408,0.8175412332,0.2969776602,0.9058768285,0.3725684979,0.3607602201,0.5767242702,0.4429283388,0.1313889061,0.9281893844
154,1,1,1,1,1,0.2360779324,0.4457479909,0.6240038158,0.4830448148,0.3863830647,0.40659046,0.4014248353,0.3207132713,0.8175241516,0.2931623532,0.9048396606,0.3709203139,0.3583109568,0.5757673625,0.4413637151,0.1312243228,0.9278283486
154.5,1,1,1,1,1,0.2349672972,0.4466311604,0.6227959432,0.4811126843,0.3865346987,0.4062766773,0.4006240969,0.3214080556,0.8182441696,0.2972087386,0.9042176437,0.3708222389,0.3592057279,0.5752328129,0.442436446,0.1307378883,0.9273984799
155,1,1,1,1,1,0.2363384047,0.447553429,0.6231769436,0.4831691248,0.3862736378,0.4041098145,0.4012203491,0.3200626844,0.818220294,0.2973371699,0.9040470566,0.3710537123,0.3608773558,0.5769947379,0.4443482211,0.1297746583,0.9281993097
155.5,1,1,1,1,1,0.2371013569,0.4431459905,0.6244368914,0.4846486623,0.3850085985,0.4013168121,0.4010529629,0.3224157457,0.8179079635,0.2961874277,0.9044065593,0.3720747028,0.3615774123,0.5751463601,0.4449740023,0.129394516,0.9278609018
156,1,1,1,1,1,0.2375481131,0.442944819,0.6262908595,0.4853327533,0.3878559006,0.4046590454,0.4015378397,0.3217097507,0.8162705077,0.2956418381,0.9041426144,0.3725532322,0.3623363315,0.5755266348,0.4467715214,0.1280888564,0.9279842716
156.5,1,1,1,1,1,0.2374162175,0.4436536262,0.6286737971,0.4847153728,0.3879287511,0.4036583692,0.4010027012,0.3185847837,0.8184930733,0.2961209668,0.9041847077,0.3720672611,0.3623466991,0.5771699113,0.4481555451,0.1278251924,0.9281142426
157,1,1,1,1,1,0.236943151,0.4437090849,0.6274410509,0.4840050617,0.387767302,0.4041918879,0.4040325066,0.3186918846,0.8174324179,0.2935190547,0.9035092711,0.3711424334,0.3604335724,0.57429493,0.447632758,0.1280187018,0.928888091
157.5,1,1,1,1,1,0.2376407169,0.4429502433,0.6256780873,0.4846793469,0.3865559179,0.4024080915,0.4037890705,0.3198564881,0.8168530407,0.2945543081,0.9041507224,0.3700537085,0.3616163152,0.5740743673,0.4471668267,0.1283441871,0.9298151151
158,1,1,1,1,1,0.2373558112,0.4438957464,0.6265314892,0.4876901349,0.3870958482,0.4037283392,0.4011617695,0.3226366678,0.8167041147,0.2939837493,0.9045077835,0.3672522038,0.363890195,0.5715249587,0.447191908,0.1288631829,0.9294706314
158.5,1,1,1,1,1,0.2405071985,0.4447463794,0.6265674797,0.485992343,0.3871647101,0.4007185481,0.3994093038,0.320688016,0.8160910786,0.2946147164,0.9040604289,0.3678209292,0.361108692,0.5724165216,0.4488146556,0.1290442392,0.9292417621
159,1,1,1,1,1,0.2408324286,0.4445052499,0.6259806901,0.4825001705,0.3875441156,0.4017953034,0.3967350261,0.320986719,0.8160192726,0.295014196,0.9025625838,0.3686265861,0.3614813437,0.5732896216,0.4467357725,0.128504795,0.9292693551
159.5,1,1,1,1,1,0.2399166381,0.4430948057,0.6264746555,0.4858881654,0.3881348583,0.4019490791,0.3969251631,0.32272664,0.8156350821,0.2952485814,0.9036950251,0.3682466304,0.362947591,0.5733047451,0.44794396,0.1287607928,0.9294138128
160,1,1,1,1,1,0.2400860181,0.4441203841,0.6250624726,0.4864731334,0.3908369552,0.4040962317,0.3975430797,0.3212226472,0.8151973109,0.2954663173,0.9034957388,0.3697597299,0.3626628044,0.5765899875,0.4492447338,0.128863267,0.9293071845
160.5,1,1,1,1,1,0.239786265,0.4420768919,0.6255119291,0.4882377569,0.3898809866,0.4045351492,0.3985760969,0.3212582576,0.8156305072,0.2936341514,0.9032657441,0.3689465962,0.3612115149,0.5747148959,0.4500090254,0.1300655811,0.9293051596
161,1,1,1,1,1,0.2391228013,0.4425674329,0.6280548157,0.4877478985,0.3917432395,0.4059166587,0.4022096107,0.3198397219,0.8175829392,0.2948043802,0.903793492,0.3669174349,0.3581054432,0.5742315818,0.4468678853,0.1305694545,0.9298529704
161.5,1,1,1,1,1,0.2395001027,0.4411082865,0.6285116676,0.4862602418,0.3892092233,0.4084519274,0.4022050587,0.323162504,0.8157182916,0.2944601186,0.9049145738,0.3678208121,0.3562062366,0.5746527676,0.4460985058,0.1312505271,0.9299175209
162,1,1,1,1,1,0.23803932,0.4418553569,0.6270558528,0.4843790397,0.3898533852,0.4085934399,0.4015446764,0.3213522466,0.8149480232,0.2934188267,0.9046418986,0.3707192543,0.3577461886,0.5737016289,0.4474426776,0.132803865,0.9300430501
162.5,1,1,1,1,1,0.2382993016,0.4436236162,0.6244952917,0.4838028087,0.3864999187,0.4062116223,0.4015560718,0.318401147,0.8157622493,0.2951000573,0.9047565965,0.3702739404,0.3584581914,0.5754979897,0.44685133,0.1330158304,0.9291768906
163,1,1,1,1,1,0.2365085661,0.4444381403,0.6251945818,0.4835483174,0.3868829406,0.4066823481,0.4012909632,0.3205585699,0.815672766,0.2936235187,0.90446128,0.3723590148,0.3587498901,0.5745023703,0.4481212373,0.1324187744,0.9291366082
163.5,1,1,1,1,1,0.2367742822,0.4443729034,0.6235931628,0.4847057815,0.3864780487,0.4045620555,0.4027341704,0.3220048139,0.8155857431,0.2935256551,0.9034608752,0.3749295336,0.3596556613,0.5750554862,0.4481183014,0.1336988333,0.9289221651
164,1,1,1,1,1,0.2376200976,0.446247465,0.626471374,0.4822060406,0.3856742592,0.4035357845,0.403163328,0.322705124,0.8165109178,0.2952795564,0.904220545,0.3764260084,0.3618803694,0.5770503775,0.448694646,0.1345159213,0.9286640791
164.5,1,1,1,1,1,0.2365797633,0.4458589675,0.6274893328,0.4819714459,0.3862860572,0.4037365869,0.4033729107,0.3239107599,0.816827575,0.2963486576,0.9049974667,0.3727843564,0.3604165479,0.5776924145,0.4486242808,0.1349267798,0.9287375989
165,1,1,1,1,1,0.2343779651,0.4478528923,0.6273780223,0.4799812046,0.3866981414,0.4036044322,0.4049366959,0.3216241602,0.8155055428,0.297256677,0.9042250951,0.3714345329,0.3625478935,0.5798925096,0.4481237173,0.1345563439,0.9293519367
165.5,1,1,1,1,1,0.2346967618,0.446163759,0.6266903901,0.4827479846,0.3832121068,0.4050348308,0.4058272846,0.3223741976,0.8151358089,0.2978338651,0.9046906571,0.3705374933,0.3618329303,0.5775890531,0.4500789523,0.1352666257,0.9292841999
166,1,1,1,1,1,0.234731092,0.4451291215,0.6255334341,0.4851296097,0.3838809406,0.4049230589,0.4043925894,0.3229870881,0.8170982702,0.2967710275,0.9047911082,0.3718446276,0.3625620639,0.5757239869,0.449199985,0.1344659999,0.9292189369
166.5,1,1,1,1,1,0.2353676384,0.4480946518,0.6238495204,0.4882067729,0.3856974149,0.404121444,0.4031466991,0.3232754632,0.8181949893,0.2965972374,0.9061918662,0.3711830429,0.361813578,0.5741957432,0.4481127451,0.133993233,0.929011213
167,1,1,1,1,1,0.2354177228,0.4466367221,0.6249275529,0.4856116123,0.3858779605,0.4029671765,0.4027514809,0.3229776302,0.8209834775,0.2968039289,0.906259807,0.3713409623,0.3638049945,0.5731228159,0.4459327328,0.1343734943,0.9281911139
167.5,1,1,1,1,1,0.235932822,0.4445843376,0.6262564656,0.4819104526,0.3844717484,0.4021877537,0.4033797491,0.3217285746,0.8212396839,0.2970710812,0.9062091093,0.3692967898,0.3653879816,0.5751722483,0.4464416894,0.1341154426,0.9282222752
168,1,1,1,1,1,0.2357187516,0.4437104954,0.6251672776,0.4821711406,0.3846274393,0.4044195306,0.4035213105,0.3209904736,0.8206153435,0.2967478523,0.9053286314,0.370824325,0.3645091794,0.5760888285,0.4449554782,0.1344965607,0.928609849
168.5,1,1,1,1,1,0.2361089181,0.4452501739,0.6238647791,0.4826114428,0.3873926277,0.4049182002,0.4035867934,0.3193103077,0.8221865486,0.2970329937,0.9059985233,0.3683514952,0.3612143105,0.5759145465,0.4474711109,0.135609318,0.9281511788
169,1,1,1,1,1,0.2366801776,0.4432403678,0.6250152662,0.4810171455,0.3873198025,0.4049207448,0.4010079156,0.3193194078,0.822532644,0.297077379,0.9066974996,0.3688778439,0.3586974782,0.5750553113,0.4450130527,0.1369220351,0.927662056
169.5,1,1,1,1,1,0.2379598251,0.4431643556,0.6242030872,0.481593009,0.3848079317,0.404590608,0.3988209333,0.3197216907,0.8238093116,0.2951874896,0.906422946,0.3675682331,0.3566819647,0.571734618,0.4435401066,0.1374017173,0.927688713
170,1,1,1,1,1,0.2376804977,0.4481580191,0.6250050354,0.4820382715,0.385403937,0.4007378869,0.3989080805,0.3238383683,0.8226880932,0.2990840783,0.9067007427,0.3669223771,0.3589970108,0.5724022715,0.4436576378,0.1388679127,0.9282512863
170.5,1,1,1,1,1,0.2365430106,0.4477224735,0.6229650251,0.4815149377,0.386945259,0.4032891692,0.3977721449,0.3240091282,0.8204743866,0.2998903466,0.90626674,0.3673666417,0.3607017442,0.572305079,0.4444674341,0.1392984222,0.9281422847
171,1,1,1,1,1,0.2370911529,0.4466974979,0.6220587307,0.4824449651,0.3844438989,0.4027038571,0.3971028286,0.3270603786,0.818524349,0.2978047304,0.9069698178,0.3658707274,0.360285279,0.5739468495,0.4460205094,0.1381438421,0.927557623
171.5,1,1,1,1,1,0.237183065,0.4510807789,0.625335509,0.4788368171,0.3850646431,0.4028985648,0.4002593129,0.3241499132,0.8185655704,0.2940615149,0.907265156,0.3644266572,0.3612125789,0.5742893622,0.446464915,0.138598714,0.9269377916
172,1,1,1,1,1,0.2360914969,0.4521908951,0.6258572746,0.4823025474,0.3863461656,0.4008873853,0.3977571091,0.3216082709,0.819179055,0.29377432,0.9070458409,0.3658439275,0.3595622474,0.5761242967,0.4479329913,0.1384271242,0.9271296603
172.5,1,1,1,1,1,0.2383636456,0.4481026861,0.6274607527,0.4835688204,0.3875856456,0.4003292023,0.3960963674,0.321264917,0.8188930983,0.2924959925,0.9078992205,0.3676480125,0.3573502068,0.5755807338,0.4471955062,0.1385302369,0.926302066
173,1,1,1,1,1,0.2396090105,0.4468252933,0.6276296622,0.4823704719,0.3882724161,0.4008374441,0.3926460141,0.319994471,0.819735875,0.29283522,0.9077800947,0.3683650295,0.3595119854,0.5752648294,0.4475201336,0.1375710507,0.9261656433
173.5,1,1,1,1,1,0.2400121461,0.4466661355,0.6288484312,0.4828224444,0.3872821843,0.4016797602,0.3944861298,0.3191934419,0.8205138776,0.2935414309,0.9077138243,0.3724020438,0.360129213,0.5728041859,0.4464681148,0.1359443346,0.9265426991
174,1,1,1,1,1,0.2415864086,0.448008074,0.6260245166,0.4819206237,0.3848337742,0.4008183427,0.3940827905,0.320323066,0.8199607429,0.2927817639,0.9068477695,0.3722238846,0.3635006627,0.5729205882,0.4473395082,0.1352642943,0.9267373231
174.5,1,1,1,1,1,0.2396543979,0.4465372144,0.62644538,0.4833477169,0.388475503,0.4004407689,0.3947399187,0.3225311532,0.8194531522,0.2943984566,0.9075592674,0.3711315507,0.3640797003,0.5708640278,0.4452889733,0.1363243918,0.9269776348
175,1,1,1,1,1,0.2391749548,0.4465306291,0.6255970099,0.48214506,0.3884315187,0.4021824497,0.398111366,0.3235847299,0.8197627031,0.2971153483,0.9074801902,0.3724737492,0.3629148214,0.5706179102,0.4444278429,0.1369760299,0.9272346355
175.5,1,1,1,1,1,0.2380143687,0.4437555694,0.6253985775,0.4833040289,0.3897446837,0.402795039,0.3979349092,0.3242652044,0.819807707,0.2961076709,0.9068901845,0.3680617509,0.3644138619,0.5710653205,0.4470507209,0.1365702168,0.9272075895
176,1,1,1,1,1,0.2384290623,0.4426667945,0.6263599457,0.4817158774,0.3889754572,0.4031921894,0.3997013091,0.3239270008,0.8201832595,0.2946023399,0.9076212241,0.3691297129,0.3628742827,0.5734725592,0.4461908827,0.1376036003,0.9269322479
176.5,1,1,1,1,1,0.2385163697,0.4429720434,0.6256544559,0.4803035573,0.3873113257,0.4027445993,0.3989711131,0.3234455328,0.8175566651,0.2947714435,0.9075181426,0.3723325732,0.3591439326,0.5682285777,0.4467487659,0.138086705,0.9278115558
177,1,1,1,1,1,0.2381845535,0.4424351185,0.6241444135,0.48106476,0.3860963854,0.4023285494,0.4018639357,0.3229117936,0.8178479713,0.294680039,0.907902463,0.3733784976,0.3592968482,0.566515213,0.4446804081,0.138543676,0.927584108
177.5,1,1,1,1,1,0.237609623,0.4459110295,0.6227645747,0.4820185031,0.3860620396,0.402723262,0.4014370216,0.3234965114,0.8160064894,0.2970730931,0.9086954145,0.3728095163,0.3609461493,0.564440437,0.4458546151,0.138481738,0.9272907929
178,1,1,1,1,1,0.2380176804,0.4441904325,0.6255858334,0.4804498729,0.3865639927,0.4032688589,0.3993770877,0.3246640641,0.8177003387,0.2965770793,0.9089825429,0.3718201423,0.3580414635,0.5662644117,0.446622972,0.1384250573,0.9273657945
178.5,1,1,1,1,1,0.2373668425,0.4444412119,0.6268656773,0.4835109339,0.3856920573,0.4037695556,0.3962890672,0.3238176446,0.8180741547,0.295496112,0.9080657713,0.3670541015,0.360057905,0.5680386215,0.4468022798,0.1377472922,0.9274190239
179,1,1,1,1,1,0.2376993096,0.4448131454,0.6276495354,0.4837697056,0.3862414868,0.4046626176,0.3981945396,0.3221724813,0.8163699733,0.2959442939,0.9079003741,0.3684872214,0.3604961319,0.5709140532,0.4454527719,0.1365742052,0.9274427463
179.5,1,1,1,1,1,0.2382127027,0.443633966,0.6264630079,0.4875320348,0.3826933047,0.4060648073,0.3973256377,0.3246746033,0.8181535456,0.2962486964,0.9077020746,0.3687572881,0.3604960182,0.5718273108,0.4464427324,0.1381597874,0.9272481177
180,1,1,1,1,1,0.238215129,0.444522449,0.6252845048,0.4871102402,0.3815171415,0.4037652642,0.3983193577,0.3279598486,0.8171140271,0.2985677117,0.9069316167,0.3699252313,0.3585830165,0.5752814187,0.4477551429,0.1378011804,0.9268970356
180.5,1,1,1,1,1,0.2363024808,0.4438745242,0.6265835081,0.4883819688,0.3829765135,0.4031566801,0.398609807,0.3254094818,0.8151667314,0.2979560626,0.9061683513,0.3683588405,0.3557866213,0.5746732017,0.4455973405,0.1372990661,0.9274556751
181,1,1,1,1,1,0.2356911098,0.4448290677,0.6273422292,0.486730083,0.383017844,0.4056201926,0.3986184244,0.3231243391,0.815940815,0.297769999,0.9060476413,0.3693896936,0.3548836037,0.5750047359,0.4438544569,0.1365090514,0.9272730559
181.5,1,1,1,1,1,0.2349216007,0.4455822625,0.6258813416,0.4841874271,0.3859889144,0.4041837318,0.3972847073,0.3235630022,0.8149054862,0.29645213,0.9057875699,0.3708055909,0.3561238785,0.5745030701,0.4439009562,0.1355874771,0.9276208791
182,1,1,1,1,1,0.2369149895,0.4466438436,0.6241243951,0.4832753625,0.3843143857,0.4051133055,0.3977641197,0.323365962,0.8146013778,0.2953525648,0.9063047144,0.3697061383,0.3580247982,0.5739390816,0.4422357258,0.1363106807,0.9267372184
182.5,1,1,1,1,1,0.2376964038,0.4440733196,0.6243852675,0.48140395,0.3835282574,0.405754839,0.3995066022,0.3223265157,0.8156070744,0.2938020572,0.9070246986,0.3723878654,0.3592645956,0.5737117018,0.4461284099,0.1370617401,0.9260992309
183,1,1,1,1,1,0.2358709002,0.4434453565,0.6247695516,0.4800204795,0.3854694241,0.4049828365,0.4012444799,0.3217151238,0.816205416,0.2940724657,0.9066833926,0.3716911733,0.3587067786,0.5710106795,0.4481326011,0.1365856006,0.9257091354
183.5,1,1,1,1,1,0.2352454555,0.4439585121,0.6242783878,0.4788819043,0.3872262647,0.4039967314,0.4020786842,0.3201887134,0.8177399251,0.2921083947,0.9065526985,0.3711572707,0.3580300494,0.5705594083,0.447179673,0.1369821824,0.9265187427
184,1,1,1,1,1,0.2345186712,0.444364075,0.6248572025,0.4796867205,0.3859952873,0.406238179,0.4021924893,0.3223962225,0.8171703347,0.2907048504,0.9064512368,0.3683695133,0.3586428844,0.5683432609,0.4466648473,0.1356639079,0.9269268848
184.5,1,1,1,1,1,0.2375852305,0.4423528757,0.6278659745,0.4793637115,0.3861629794,0.4068905643,0.4004749266,0.3240014512,0.8183275655,0.2933619474,0.9064950611,0.3663934945,0.3589682694,0.570402921,0.4438934559,0.134319444,0.9270486799
185,1,1,1,1,1,0.2382367103,0.4418607257,0.6268596405,0.4792784508,0.3842149575,0.4052782244,0.3993802761,0.3198573375,0.8184694227,0.2933389601,0.9067023384,0.3697576062,0.3598320889,0.5698582886,0.4438999243,0.1344186974,0.9271993046
185.5,1,1,1,1,1,0.2370988205,0.4419798788,0.6240265487,0.4807121904,0.3840835816,0.4042504124,0.4002630191,0.3215228884,0.8202421151,0.2926388682,0.9053799078,0.3722201972,0.3591585008,0.5681133025,0.4452134243,0.1334976107,0.9268373804
186,1,1,1,1,1,0.2373103294,0.4436017876,0.6238541432,0.4838265994,0.3840863617,0.4042299534,0.3992412562,0.3243041183,0.8193630202,0.2911838869,0.9042810228,0.3728855627,0.3597944675,0.5713922623,0.4468493009,0.1338584348,0.9269184683
186.5,1,1,1,1,1,0.238693001,0.4444925676,0.6240843049,0.4821602554,0.3851858808,0.4017679629,0.3964028787,0.322296017,0.8201028525,0.2916565464,0.9044853229,0.3716811854,0.362681324,0.56789074,0.4445316179,0.1336588586,0.9259434496
187,1,1,1,1,1,0.2380718216,0.4443937114,0.6225642535,0.483269661,0.3865196172,0.4038720843,0.3982109256,0.3221076552,0.8200659001,0.2948582005,0.9044165271,0.3713627208,0.3610960383,0.5713818222,0.4417271498,0.1337591833,0.9264795251
187.5,1,1,1,1,1,0.2389854926,0.4444571609,0.6239823356,0.4813654383,0.3862849546,0.4010026675,0.3950749158,0.3235945616,0.8197905789,0.2944677545,0.904496025,0.3716462674,0.3585002926,0.5723476739,0.4425118503,0.1335847023,0.9263264974
188,1,1,1,1,1,0.2406214302,0.4443241902,0.6237524342,0.4819303994,0.3849417978,0.4032462488,0.3947746238,0.3242450274,0.8187107143,0.2952524925,0.9043453041,0.3746116186,0.3603375961,0.5730466191,0.4411597151,0.1322418664,0.9261254474
188.5,1,1,1,1,1,0.2391948914,0.4422479422,0.6244886216,0.4794793954,0.3870407632,0.4048000115,0.3945112465,0.3225048422,0.8192580722,0.296596504,0.9032663577,0.3706266807,0.3587288832,0.5758702387,0.4435140802,0.1332685291,0.9261912142
189,1,1,1,1,1,0.2384710965,0.4418508233,0.6243966828,0.4799955438,0.3866609301,0.4038276252,0.3955402082,0.3229284411,0.8179205136,0.2966656931,0.9032140332,0.3697821679,0.3604842349,0.5754205914,0.4448996457,0.1335621334,0.925866106
189.5,1,1,1,1,1,0.2384501246,0.4422107197,0.6232496318,0.4811524814,0.387758593,0.4025681264,0.3956115187,0.322420645,0.8172465167,0.2960516997,0.9028186774,0.3725049854,0.3588648669,0.5740424087,0.4447609716,0.1330323808,0.9260187787
190,1,1,1,1,1,0.2389388586,0.4396653025,0.6232071261,0.4805465344,0.3872074174,0.4019422269,0.3963812461,0.322255647,0.8192937614,0.2973750745,0.9038307089,0.3747933021,0.3589406097,0.5755753641,0.4428925304,0.1331018166,0.9258424848
190.5,1,1,1,1,1,0.2396001257,0.443198819,0.6234425101,0.480172665,0.3890478754,0.4030016798,0.3944342793,0.3199093315,0.8181005136,0.2963266886,0.9044313404,0.3703385515,0.3608429483,0.5752212971,0.443750847,0.1343719142,0.92608451
191,1,1,1,1,1,0.2385854229,0.4450796808,0.6232059722,0.4839583883,0.3892716403,0.4016495781,0.3990018402,0.3201131443,0.81689229,0.2963580866,0.90447156,0.3679100877,0.3603528449,0.5745259097,0.445114484,0.1347053629,0.926534043
191.5,1,1,1,1,1,0.2393578087,0.4446150987,0.6241204076,0.4868747728,0.387628984,0.4021394407,0.3963601505,0.3197516626,0.8164445313,0.2961772529,0.9054753345,0.3678995695,0.3601340538,0.5738077828,0.4452234506,0.1338084234,0.9272396384
192,1,1,1,1,1,0.2371324759,0.440881408,0.6255910509,0.4860672825,0.3867580858,0.4050611507,0.3994189403,0.3206911579,0.816335975,0.2931167645,0.9056981634,0.3696372162,0.3601514035,0.5724664687,0.4465336147,0.135376113,0.9265931344
192.5,1,1,1,1,1,0.2362967322,0.4449387836,0.6221972547,0.484733993,0.3853433248,0.404665532,0.3975377958,0.3193902674,0.8166796423,0.2958224199,0.9058522792,0.3688693112,0.3616413588,0.5720466339,0.4469333034,0.1347297707,0.926902933
193,1,1,1,1,1,0.234277581,0.4452858515,0.6238979543,0.4868684226,0.3843442953,0.4060611868,0.398372957,0.3217220115,0.8176990776,0.2945944527,0.906563286,0.3717894077,0.3639161134,0.5743492263,0.4469055664,0.1353391622,0.9265196692
193.5,1,1,1,1,1,0.2347499518,0.445751902,0.6250016358,0.4856448291,0.3853124222,0.4056297324,0.3992512131,0.3184533558,0.817961415,0.2918409803,0.9061094507,0.3717437851,0.3624803794,0.57257994,0.4460318937,0.1359062877,0.9263708491
194,1,1,1,1,1,0.2345194162,0.4439219947,0.6253033197,0.4843461648,0.3837255105,0.4035123791,0.4007384016,0.320779985,0.8183622571,0.2953742915,0.9056407283,0.3706496553,0.3609478388,0.57303822,0.4460109541,0.1360224497,0.9265834136
194.5,1,1,1,1,1,0.2375959912,0.443377549,0.6257328069,0.4819372952,0.3853148365,0.4036686654,0.3997997269,0.3186980884,0.8199659915,0.2947288814,0.9067151317,0.3715345258,0.3595350811,0.574009098,0.4472001245,0.136797978,0.9273515652
195,1,1,1,1,1,0.2373888968,0.4438623076,0.6239203108,0.48325282,0.3880348087,0.4038241833,0.3988417538,0.3208089898,0.8204689021,0.2943131065,0.9061312714,0.3734367391,0.3597982679,0.5747374619,0.4451076703,0.1370912183,0.9268910149
195.5,1,1,1,1,1,0.2371597052,0.4435374848,0.6247724544,0.4841753822,0.3845644386,0.4055117666,0.3985448182,0.3195210484,0.8183988203,0.2944161288,0.9059864761,0.3733168225,0.3610758099,0.5745472805,0.4456627739,0.1364556685,0.9268655818
196,1,1,1,1,1,0.2368723795,0.4439887449,0.6245860337,0.4813766797,0.3872912546,0.4075235582,0.3965281445,0.319754648,0.8169706851,0.2964577213,0.9053779882,0.3727010875,0.3635983715,0.5739437673,0.4464067706,0.1368484128,0.9271043646
196.5,1,1,1,1,1,0.238580892,0.4423664554,0.6254421781,0.4833851575,0.3847790629,0.4076601637,0.3981221714,0.317540063,0.8168940134,0.2939388275,0.9046595805,0.3720056042,0.3635601249,0.5726588839,0.4462160531,0.137832747,0.9268669257
197,1,1,1,1,1,0.2394148243,0.4418434187,0.6246937588,0.483467183,0.3850662791,0.4071805765,0.3980866012,0.3179643061,0.8179445886,0.2942320571,0.9043564208,0.3707862773,0.3633256588,0.570557642,0.4464552787,0.1360996354,0.9274190593
197.5,1,1,1,1,1,0.2395411297,0.4410614505,0.6248331997,0.4824003427,0.3848351638,0.4054445829,0.3975457052,0.3207965883,0.818675406,0.2927847827,0.90469228,0.3712594179,0.3619110752,0.5732314636,0.4437999293,0.1365325463,0.9274372691
198,1,1,1,1,1,0.239391381,0.4416094071,0.6250845463,0.4805282691,0.3889622012,0.4063576988,0.3980512902,0.320457204,0.8192928677,0.2942291314,0.9044847728,0.3718344022,0.3619611464,0.5751022922,0.4440839745,0.1355476478,0.9276229801
198.5,1,1,1,1,1,0.2394279828,0.4434888325,0.6237939792,0.4802084724,0.3881947863,0.4037218941,0.3950944265,0.3201534694,0.8171358445,0.2935445294,0.9048218354,0.3696902962,0.3638010103,0.5738537502,0.4426286181,0.1356094957,0.9274659733
199,1,1,1,1,1,0.2392113566,0.4441704284,0.6266766818,0.4857759649,0.3894100543,0.4053044523,0.3979292962,0.3198901329,0.8171025271,0.2935544627,0.9044537419,0.3693478116,0.3604461108,0.5726470053,0.4446317267,0.1350085679,0.9270679194
199.5,1,1,1,1,1,0.2395814508,0.4398266668,0.6278667984,0.4892190623,0.3874615915,0.4058360216,0.398374089,0.319204147,0.8164596408,0.2956549174,0.9037224082,0.3702489297,0.3600197329,0.5715683334,0.4438719978,0.1356167174,0.9269386767
200,1,1,1,1,1,0.2400361022,0.4409021978,0.6258805344,0.4876180484,0.3887618227,0.4086526956,0.3986992257,0.3183069995,0.8173647627,0.2959842796,0.9038040472,0.3702631221,0.3607653789,0.5712488702,0.4450973971,0.1355775072,0.926979792
200.5,1,1,1,1,1,0.2385283221,0.4392264096,0.6244451765,0.4851952084,0.3867813525,0.4055384949,0.3987976627,0.3182230764,0.8169948102,0.2963334964,0.903767361,0.3666899195,0.3625022276,0.5710066095,0.4427796089,0.1350274652,0.9271994377
201,1,1,1,1,1,0.239358077,0.4395784403,0.6276916613,0.4828384571,0.3881873952,0.4054446918,0.3993662495,0.3196704114,0.81799983,0.2972644972,0.90396685,0.3680575851,0.3634929839,0.5736884217,0.442021139,0.1333359911,0.9272375842
201.5,1,1,1,1,1,0.2418353246,0.4400299488,0.6276691807,0.4853926068,0.387424947,0.404024949,0.4002183236,0.3194229567,0.8195618306,0.2953957668,0.9042572526,0.3682653193,0.3624179129,0.5751232195,0.4423399959,0.1334713556,0.9280161871
202,1,1,1,1,1,0.2410599062,0.4424221145,0.6288498979,0.4856274048,0.3863435496,0.4047968027,0.3980592463,0.3177677723,0.819759979,0.2967267789,0.9043664992,0.3672832073,0.3628808401,0.575049661,0.445098199,0.1349002692,0.9276684246
202.5,1,1,1,1,1,0.2406676394,0.4432259548,0.6266011717,0.4848787348,0.3837597701,0.4044891399,0.3992632574,0.318173967,0.818910236,0.2966008991,0.9049036006,0.3681140773,0.3622245076,0.5732284972,0.4437254715,0.1346909271,0.9267535429
203,1,1,1,1,1,0.2410288679,0.4413136865,0.6240381519,0.4852808108,0.3864773042,0.4039556932,0.3978583273,0.3215097879,0.8184005911,0.2965127686,0.9052437575,0.3660361244,0.3608641781,0.572596898,0.4426359219,0.1348741105,0.9263294515
203.5,1,1,1,1,1,0.241515075,0.441944718,0.6238368594,0.4856010743,0.387804963,0.4031646196,0.3996983138,0.3193314208,0.8172189489,0.2963576989,0.9057278793,0.3661887632,0.3583794579,0.5729167761,0.4471097218,0.1348134453,0.9263678931
204,1,1,1,1,1,0.2414699227,0.4407547483,0.6224930685,0.4846912139,0.3854469205,0.4006708382,0.3999026098,0.3215845502,0.8187842505,0.2981374481,0.9055716357,0.3687331007,0.3580379031,0.5715599029,0.4448866707,0.1336067809,0.9264093681
204.5,1,1,1,1,1,0.2408158862,0.4422313561,0.6266259681,0.4846002973,0.3838096584,0.4001629595,0.3981908597,0.3228003549,0.8162981503,0.2985778366,0.9053807752,0.3700171365,0.3563343567,0.570773599,0.4472965187,0.1337249539,0.9265681601
205,1,1,1,1,1,0.2408885913,0.4439486432,0.6252237266,0.4837494661,0.3832902446,0.400124889,0.3968678975,0.3209829681,0.818353032,0.2965542636,0.9055559846,0.3715363008,0.3567946109,0.5715799635,0.444734174,0.1332297676,0.9267232681
205.5,1,1,1,1,1,0.2409236428,0.4432824559,0.6252256461,0.4830995722,0.3857314887,0.4030628404,0.3978346329,0.3213412379,0.8178374876,0.2972718368,0.9048503522,0.3704576885,0.3583009525,0.572844293,0.4460973154,0.1328404943,0.926509982
206,1,1,1,1,1,0.2385313803,0.4440531788,0.6263176137,0.4849415316,0.3868462785,0.4037430231,0.3984577739,0.3197034348,0.8193333447,0.2973239807,0.904759302,0.3676206183,0.358718271,0.5739213966,0.4461240121,0.1330314189,0.9269096369
206.5,1,1,1,1,1,0.2384010818,0.4426472881,0.6254501135,0.4862662627,0.3881974814,0.4059973848,0.4005377303,0.3194999321,0.8192045788,0.2960530384,0.9048917772,0.3710938333,0.3578914786,0.5761796721,0.4462291955,0.1325556683,0.9272548223
207,1,1,1,1,1,0.2383065448,0.4420550044,0.6264921737,0.4851019542,0.3875907182,0.4040068157,0.3992948892,0.3190478481,0.8202123941,0.2978271528,0.9044167519,0.3716354479,0.360557395,0.5740232278,0.4465809004,0.1328442785,0.9277435887
207.5,1,1,1,1,1,0.2397624412,0.4431968374,0.6269657803,0.4849098456,0.3867203311,0.4030819965,0.3975947963,0.3196209086,0.820847057,0.2956870868,0.9044703455,0.3714927796,0.3610022056,0.5723903988,0.446798312,0.1339005071,0.9280544357
208,1,1,1,1,1,0.2372378142,0.4443937295,0.6249025173,0.4836218952,0.3866840642,0.4036518513,0.3973775877,0.3188760244,0.8210116898,0.2952253682,0.90464098,0.3740989979,0.360696271,0.5729920727,0.4443391753,0.1337056288,0.9280944719
208.5,1,1,1,1,1,0.2361168929,0.4456840772,0.6262013535,0.4825589952,0.3865339091,0.4040347839,0.3983263253,0.3188762518,0.8188363272,0.2940557777,0.9043842586,0.3753769083,0.359738929,0.5729411386,0.4470508631,0.1324775938,0.9278312255
209,1,1,1,1,1,0.23710256,0.4463366668,0.6282755947,0.4832078779,0.3853900883,0.4030363791,0.4002459623,0.3187283448,0.8184031226,0.2957548954,0.9034492755,0.3749834897,0.3616310996,0.5739072266,0.4471467927,0.1325042078,0.9280494032
209.5,1,1,1,1,1,0.2382286124,0.4453480371,0.6304929368,0.4849358791,0.3866731422,0.4047480386,0.3974849295,0.319616413,0.8168867203,0.2940293094,0.9026451797,0.3739168033,0.3622419445,0.5763633062,0.4487168018,0.1339012952,0.9280390678
210,1,1,1,1,1,0.2361340614,0.4448413385,0.6288329464,0.4866567921,0.3864357469,0.4064340775,0.3972442269,0.3208195816,0.8165509917,0.2941494433,0.9035475915,0.373563924,0.3639328442,0.5773143973,0.4450867931,0.1330422611,0.9281226554
210.5,1,1,1,1,1,0.2343345911,0.443249056,0.6272965122,0.4846360058,0.38690252,0.4080832023,0.3985942329,0.3228860967,0.8159659034,0.2950724688,0.9029896751,0.3751565943,0.3660048623,0.5770671686,0.4442952985,0.1333007609,0.9283288911
211,1,1,1,1,1,0.2354902971,0.443065204,0.6268940441,0.4809920514,0.3853806191,0.4062777009,0.4010019038,0.3230454103,0.8172349809,0.2962916214,0.9039802615,0.3716963947,0.3636951295,0.5739365085,0.4446503077,0.1337904481,0.9282162843
211.5,1,1,1,1,1,0.23686011,0.4435817167,0.6269532058,0.4832064047,0.3839248042,0.4041962584,0.4021443936,0.3237467928,0.8185162396,0.2973394945,0.9045061423,0.3724781096,0.3633494816,0.5753574175,0.4456324019,0.1341987976,0.9278007471
212,1,1,1,1,1,0.2361226207,0.4438613505,0.625801143,0.4842830366,0.3845359257,0.4032544095,0.4015840365,0.3251628286,0.8180990818,0.2956931606,0.9046974222,0.3707293818,0.3648158168,0.5745652504,0.4464962346,0.1341476039,0.928508539
212.5,1,1,1,1,1,0.2368597081,0.4435956795,0.6258692392,0.4859660116,0.3859635185,0.4020535358,0.3997516585,0.3232750462,0.8186007897,0.2957963868,0.9025187854,0.3665806319,0.3638202842,0.5756476082,0.449153908,0.1345218327,0.9277425114
213,1,1,1,1,1,0.2369768429,0.4451355914,0.6262876035,0.4853405125,0.3864394476,0.4029535517,0.4003257573,0.3245317826,0.8175299757,0.2958323966,0.9030717907,0.3672372846,0.3656229283,0.5734363231,0.447073118,0.1334704658,0.927747663
213.5,1,1,1,1,1,0.2392331787,0.4442633151,0.6265718867,0.4842955514,0.3858809793,0.4031070011,0.4007289314,0.3219029616,0.8191759385,0.2958011053,0.9027409181,0.3685400805,0.3640373085,0.5740725549,0.4468844546,0.1324987447,0.9273666659
214,1,1,1,1,1,0.2385558995,0.4429409718,0.6266671961,0.4803701925,0.3840021986,0.4031279107,0.4000863896,0.3196249939,0.8194786276,0.2963443767,0.903102463,0.37008425,0.3633536976,0.573249509,0.4482855501,0.1338685558,0.9273748286
214.5,1,1,1,1,1,0.2369828428,0.444849568,0.6258348703,0.4803230923,0.3839948257,0.401821515,0.398508722,0.3197400074,0.8196282204,0.2963972097,0.9033157887,0.3723287242,0.362601032,0.5737608898,0.4477851496,0.1347248017,0.9278774887
215,1,1,1,1,1,0.2385578419,0.445754375,0.6240481649,0.4801929181,0.3826851931,0.4016882763,0.4000200221,0.3200933048,0.820319981,0.298797068,0.9042731522,0.3719109845,0.3597673982,0.5740135377,0.4469693763,0.1353171802,0.9275559816
215.5,1,1,1,1,1,0.2392305492,0.4446481346,0.6258353058,0.4829456864,0.3844634177,0.400189896,0.3995074568,0.3210713706,0.820070713,0.2964578926,0.9045672283,0.3694374373,0.358643956,0.5745166283,0.4456238776,0.1360839362,0.9273279053
216,1,1,1,1,1,0.2382891892,0.4441589045,0.6246182566,0.4831995381,0.3841069528,0.4017364303,0.4016060878,0.3208934086,0.8196044372,0.296151278,0.9040506315,0.3698615299,0.3579687902,0.5748206869,0.44821465,0.1364042315,0.927286878
216.5,1,1,1,1,1,0.237949348,0.44590802,0.6231151614,0.4848436806,0.3868422734,0.4038932835,0.4002048867,0.322529764,0.8201533506,0.2940807186,0.9038550509,0.3698242898,0.3583913271,0.5726292171,0.448632609,0.1358120674,0.9276822267
217,1,1,1,1,1,0.2364907573,0.4479943883,0.6236295199,0.4864066764,0.3859522282,0.4044583253,0.3988819677,0.3224413471,0.8195136103,0.2937955603,0.9032158785,0.3691682013,0.3582293778,0.5720479124,0.4468091158,0.1357442222,0.9276493215
217.5,1,1,1,1,1,0.2353694707,0.4471996929,0.6240090156,0.4869487495,0.3886240475,0.4054195662,0.3986967974,0.3226287052,0.8212674081,0.2958099332,0.9024325587,0.367252407,0.3569021101,0.5716123159,0.4470191924,0.1345536924,0.9285625938
218,1,1,1,1,1,0.2362254048,0.4451496478,0.625635097,0.4853009303,0.3886143883,0.4056809358,0.3964890705,0.3218197712,0.8223248177,0.295372544,0.9025490475,0.3672100865,0.3557447132,0.5715627367,0.4476032979,0.1347979974,0.9288971701
218.5,1,1,1,1,1,0.2382344289,0.445453045,0.6236192464,0.4826703767,0.3863293781,0.4050846928,0.3978243961,0.3211111962,0.8215085395,0.2967918597,0.9024848035,0.3679186492,0.3575803452,0.5715233456,0.4482095458,0.1348303093,0.9291595881
219,1,1,1,1,1,0.2379451305,0.4450818522,0.6266545636,0.481219064,0.3844687568,0.4028867398,0.3978030697,0.3225817889,0.8208453551,0.2956254276,0.9020382108,0.3669559265,0.354301161,0.5742037874,0.4472354259,0.1352123042,0.9288940595
219.5,1,1,1,1,1,0.2388236921,0.4429790774,0.6285768269,0.4828531773,0.3828801744,0.4028739,0.3959822091,0.3223331002,0.8202014659,0.2949451124,0.9020141422,0.3699435554,0.3543995374,0.5718445906,0.4470508508,0.1354572165,0.9288715386
220,1,1,1,1,1,0.2402260534,0.4413867209,0.6284128054,0.4823376257,0.3833551934,0.4056101487,0.397453922,0.3203894179,0.8207731099,0.2939212656,0.9026403753,0.3701189569,0.3548464099,0.5714083777,0.4468172821,0.1356086685,0.928330663
220.5,1,1,1,1,1,0.2381337628,0.4441811986,0.6279966048,0.4799470516,0.3830993448,0.4042549727,0.3971570142,0.3185594586,0.8197677957,0.2930184633,0.9024863366,0.3689004683,0.3549895295,0.5727739383,0.446404329,0.134722871,0.9286381075
221,1,1,1,1,1,0.2365021462,0.4445317401,0.6290078784,0.4787290355,0.3854154615,0.4033163046,0.398384323,0.3184364637,0.8192300772,0.2922384826,0.9023607249,0.3684554386,0.3533777907,0.5709077513,0.4466247212,0.1355329465,0.9282565985
221.5,1,1,1,1,1,0.2350499627,0.4438371524,0.62660432,0.4791050764,0.3876420444,0.4044956613,0.3972449385,0.3209471381,0.8188121614,0.2926240448,0.9026555656,0.3696746775,0.35645521,0.571405922,0.4453239753,0.1357622262,0.9283906664
222,1,1,1,1,1,0.2368880792,0.4432016366,0.6276768297,0.4787481205,0.3864313283,0.4008403078,0.3970116055,0.3192134277,0.8164764234,0.2928240522,0.9023793053,0.3684971576,0.354819803,0.5726832897,0.4443514113,0.1366512224,0.9283007546
222.5,1,1,1,1,1,0.2360094604,0.4439899539,0.6276499676,0.4790122208,0.3868750212,0.4046843352,0.3987754674,0.3187934947,0.8169383185,0.2928072843,0.9019803247,0.3718617533,0.355942366,0.5729124581,0.4482975355,0.1365139467,0.9280046519
223,1,1,1,1,1,0.2348258238,0.4436868837,0.6263762863,0.4812318413,0.3868405588,0.4034381535,0.400402405,0.3206629452,0.8167169149,0.2910933591,0.9026385205,0.3718896951,0.35798796,0.5713576187,0.4500006602,0.1373613614,0.9282771386
223.5,1,1,1,1,1,0.2369407006,0.4455659577,0.6286830307,0.480704046,0.387488176,0.4047081903,0.4015979559,0.3219224829,0.8164817016,0.2922798307,0.9028689111,0.3681777032,0.3568716787,0.5706424927,0.4488019809,0.1377449615,0.9289641857
224,1,1,1,1,1,0.2374833738,0.4464085163,0.6261507055,0.4811246915,0.3875579987,0.4035510521,0.3985875391,0.3193316532,0.8161797197,0.2927095656,0.9024690308,0.3705303114,0.3579982233,0.5723624074,0.4478108784,0.1382478604,0.9291941248
224.5,1,1,1,1,1,0.2371476388,0.4436103663,0.6266072325,0.4808376064,0.3857490299,0.4036694643,0.3967934006,0.3186190405,0.8164393353,0.2915505189,0.9015627253,0.3714857876,0.3568090768,0.571870847,0.4483448876,0.1399007816,0.9287223311
225,1,1,1,1,1,0.2379809089,0.4446277636,0.6260450987,0.4828398493,0.3840896649,0.4070236107,0.3964854647,0.3198658195,0.8181684835,0.2917037898,0.900961556,0.3709992397,0.3596543138,0.5729042856,0.4479954448,0.1391774184,0.9289344406
225.5,1,1,1,1,1,0.2369182607,0.442739175,0.6251841894,0.4849620395,0.3857462102,0.4073601865,0.3976856478,0.3194172186,0.818973832,0.2943704567,0.9009829857,0.3727193371,0.3625423743,0.5733600797,0.4477412607,0.1385886234,0.928136064
226,1,1,1,1,1,0.2367425766,0.4430304276,0.6269049024,0.4842535408,0.3843423823,0.4058638658,0.3968002748,0.321195416,0.8204647888,0.2944660053,0.9005358001,0.3730696745,0.3650017057,0.5748354401,0.4438109112,0.1382511091,0.9275646919
226.5,1,1,1,1,1,0.2384491998,0.4419801899,0.6255465297,0.4797940237,0.3824968518,0.4059105367,0.3978705262,0.3195700985,0.8211669386,0.2944231443,0.9010656789,0.3711946294,0.3642111944,0.5747383127,0.444713722,0.1375582606,0.9284024759
227,1,1,1,1,1,0.2364602265,0.4454023793,0.6261332689,0.4824063045,0.3839636276,0.4061149718,0.397176514,0.3175331998,0.82086926,0.2941894974,0.9013907292,0.3717627229,0.3620618528,0.5758301263,0.4420298452,0.1373731751,0.9280110454
227.5,1,1,1,1,1,0.236203246,0.4449265456,0.6269967414,0.4833387022,0.3851657379,0.4049962364,0.396653813,0.3133332256,0.8202506023,0.2941901947,0.9017115141,0.3720002942,0.359689533,0.5757555281,0.4433001366,0.1374416046,0.928259134
228,1,1,1,1,1,0.2357478045,0.4445542573,0.6261274831,0.4841994427,0.3860575874,0.4041000595,0.3964880461,0.316066253,0.8191809244,0.2930847448,0.9017664153,0.3713875846,0.3598064862,0.5751588771,0.4412263193,0.1388573411,0.9279658978
228.5,1,1,1,1,1,0.2365625839,0.4453619142,0.6232644271,0.4814415557,0.3867544818,0.4045788845,0.4001416712,0.3169187152,0.8196844135,0.291572078,0.9010290091,0.3699403166,0.3603708358,0.5749618259,0.4407541524,0.1378579163,0.9276146744
229,1,1,1,1,1,0.2385527786,0.4432976842,0.6248480267,0.4801985272,0.3854430357,0.40491195,0.3996222128,0.3198948248,0.8196549154,0.2929452416,0.900976922,0.3708145496,0.3631504583,0.5755668289,0.4435045986,0.1394643225,0.9272835197
229.5,1,1,1,1,1,0.2395603011,0.443064633,0.6254491212,0.479158933,0.3870926577,0.4058462093,0.3971288505,0.3194343387,0.8204694391,0.2924527871,0.901406967,0.3710520205,0.3618940414,0.5760230346,0.4446987217,0.1393267021,0.9272846931
230,1,1,1,1,1,0.2401751251,0.4455740936,0.6242731685,0.4795443604,0.3874479485,0.4061472371,0.3968347085,0.3191249919,0.8186123042,0.2928835698,0.9015899709,0.3728203433,0.3597731056,0.5741703443,0.4469737878,0.139193762,0.9275481574
230.5,1,1,1,1,1,0.2413006986,0.447700689,0.6243019555,0.4782618268,0.3868890389,0.4052293345,0.3975816809,0.3211122432,0.8189989239,0.2957179736,0.9018613649,0.3754840956,0.3619283496,0.5768980252,0.4464651274,0.1393351569,0.9279399169
231,1,1,1,1,1,0.2393832275,0.4477126312,0.6237173074,0.4790944089,0.3874912315,0.4023675738,0.3976569094,0.3219943522,0.8192682162,0.2964099161,0.9015909981,0.3750992684,0.3628125706,0.5765716441,0.4493375348,0.1385538974,0.9282346215
231.5,1,1,1,1,1,0.2386765474,0.4478208229,0.623825666,0.4789514811,0.3867454508,0.4003214009,0.3943039232,0.323411986,0.8196188897,0.2951448635,0.9011773654,0.3751909467,0.3634572739,0.5775450036,0.451584665,0.1381251442,0.9281396132
232,1,1,1,1,1,0.2396172394,0.4469007098,0.6246476761,0.4820282749,0.3846237991,0.4011572047,0.3971028826,0.3228196933,0.8177362192,0.2956787305,0.9003897842,0.3729557165,0.3654058582,0.576575242,0.4477922673,0.1372855112,0.9271233429
232.5,1,1,1,1,1,0.2393223707,0.4459995277,0.6228780555,0.4816925415,0.386794873,0.401206175,0.3956744379,0.3209545324,0.8194235108,0.2975396194,0.9012408195,0.3709745839,0.3642189631,0.5763516796,0.4474143441,0.1377973997,0.9267596459
233,1,1,1,1,1,0.240084155,0.4441181514,0.6231083073,0.4814766847,0.385256867,0.402586716,0.398185922,0.3235682592,0.8182217544,0.2975551321,0.9011715867,0.3704446859,0.3628686033,0.5779657883,0.449459929,0.1387737241,0.9267562621
233.5,1,1,1,1,1,0.2391083763,0.4419682,0.6234003801,0.4809085547,0.3856360001,0.4024720046,0.397520251,0.3230214783,0.817873536,0.2957873863,0.9011514747,0.3686747864,0.3620207122,0.5755560438,0.4460051759,0.1382564059,0.9268000979
234,1,1,1,1,1,0.2379369642,0.442762296,0.6230469338,0.4831545708,0.3858291159,0.4023942078,0.3978555851,0.32236101,0.8190024122,0.2940576607,0.9024671305,0.3687130753,0.362126002,0.5718119935,0.4476413094,0.1386651451,0.9267374548
234.5,1,1,1,1,1,0.2368128395,0.4423299633,0.6233320469,0.482205126,0.3865509946,0.4021929652,0.3958308043,0.3210593231,0.8187591339,0.2951910914,0.9024351701,0.3685817364,0.3620280804,0.571233836,0.4484740818,0.1379305832,0.9275866532
235,1,1,1,1,1,0.2360499612,0.4419443371,0.625453461,0.4824942451,0.3850652208,0.4018447845,0.3974489207,0.3215523032,0.8196554741,0.2943553032,0.90266054,0.3684838827,0.3599539506,0.5690657352,0.4489726393,0.1367271133,0.9278739758
235.5,1,1,1,1,1,0.2351105187,0.4447629715,0.6255926421,0.4816807201,0.3829676568,0.4027993283,0.3956393052,0.3226769315,0.8195080472,0.295409846,0.9032472098,0.3678992218,0.3594812546,0.5714679051,0.4493249035,0.1354444392,0.9270950939
236,1,1,1,1,1,0.2346481821,0.4433007263,0.6230984241,0.4822741984,0.3853964858,0.4039854609,0.3962293049,0.3218299449,0.8189317959,0.2958083523,0.9033485154,0.3696265214,0.3613233291,0.571141409,0.4491912576,0.1353313092,0.927941102
236.5,1,1,1,1,1,0.2368627617,0.4444058865,0.6225697059,0.4817947187,0.3877491696,0.4021672721,0.3968364761,0.3231231082,0.8188506603,0.2956267895,0.9051294597,0.3716343956,0.3632831148,0.5705988672,0.4499337281,0.1349354086,0.9284222732
237,1,1,1,1,1,0.2374553943,0.4454816246,0.6239143565,0.4820336857,0.3884467747,0.4053326089,0.3981607791,0.3206944333,0.8189300769,0.2960531845,0.9056670359,0.3708344466,0.3653539649,0.5713241244,0.4499928925,0.1350535662,0.9279099507
237.5,1,1,1,1,1,0.2384964172,0.447106849,0.6243424013,0.4803338539,0.3867388266,0.4052617623,0.3985442464,0.3230689736,0.8186652232,0.2973166715,0.9047249936,0.3721714965,0.364574971,0.5720859988,0.44867151,0.1351364198,0.9278293637
238,1,1,1,1,1,0.2389847541,0.4491819259,0.6247961891,0.48020141,0.3851576605,0.4040513156,0.400410175,0.3230010909,0.8187025546,0.2979573808,0.9051077748,0.3710062827,0.3613813874,0.5765497395,0.4461083861,0.1345839209,0.9281276573
238.5,1,1,1,1,1,0.2395818454,0.4468874457,0.6280092794,0.4804444481,0.3875093592,0.4031357773,0.4010713015,0.3207080181,0.8181252406,0.29728294,0.9052759981,0.3720551628,0.3592986336,0.5747394868,0.4455013144,0.1339041507,0.928236636
239,1,1,1,1,1,0.2393259685,0.4453999211,0.6272030031,0.4827260653,0.3872429413,0.4035820277,0.3994511,0.3197859913,0.8178219073,0.2981968669,0.9048279478,0.3717369904,0.3604544992,0.5752779612,0.4483535718,0.134558004,0.9274458248
239.5,1,1,1,1,1,0.2381022693,0.4444107656,0.6282473067,0.4844822611,0.3862195616,0.4053652359,0.4009404564,0.3197684998,0.8180182525,0.2971189514,0.904433001,0.372707481,0.3610319314,0.5754409005,0.4468910608,0.1343477925,0.9273556358
240,1,1,1,1,1,0.2385694045,0.4433502809,0.6274253502,0.484469366,0.3839036427,0.4037521062,0.4021828659,0.3195244128,0.8190253469,0.2951001876,0.9044183649,0.3715235805,0.3612178448,0.5718034919,0.448949326,0.1339477911,0.9275010323
240.5,1,1,1,1,1,0.240905154,0.4458476609,0.629077571,0.4839728174,0.3859774746,0.4049332696,0.4020158351,0.3216372241,0.8184273018,0.293842054,0.9038264565,0.3712574255,0.3612005427,0.5737272813,0.4478422657,0.1332813155,0.9273682311
241,1,1,1,1,1,0.2405521335,0.4445902754,0.6293231501,0.484035829,0.3860097194,0.4027623096,0.4031760248,0.3216232155,0.8191689498,0.2949849975,0.9033594918,0.3716636949,0.3620204471,0.5714472997,0.4465432004,0.1331143462,0.9277116491
241.5,1,1,1,1,1,0.2400100191,0.4439638335,0.6300038339,0.4849445128,0.3857419393,0.4025194146,0.4003642427,0.3221783046,0.8177246355,0.2952581186,0.9039739178,0.3720986496,0.3637189406,0.5764708187,0.4472069753,0.1329143684,0.9273280626
242,1,1,1,1,1,0.2403644133,0.4471960171,0.6284727455,0.4848304705,0.3879233283,0.4017910515,0.3976555774,0.3215535767,0.8172872235,0.2948460404,0.9035411575,0.3731970677,0.3623880013,0.5760019118,0.4476078971,0.132690689,0.9276367591
242.5,1,1,1,1,1,0.2383441717,0.448133159,0.6294554613,0.4832330527,0.3871831854,0.4025335737,0.4002288601,0.3201429899,0.8182908337,0.2982768577,0.9046048851,0.370920259,0.3613719352,0.5753158388,0.4475148954,0.1332722085,0.9269245958
243,1,1,1,1,1,0.2373322905,0.4463252984,0.6287159488,0.4842116101,0.3854387382,0.4040939908,0.4007865706,0.3224015846,0.8173796498,0.2972153246,0.9054090339,0.3693540728,0.360769984,0.5741639126,0.4442807374,0.1332659182,0.9270009436
243.5,1,1,1,1,1,0.2369441723,0.4454445984,0.6250307594,0.4809961933,0.3851849636,0.4033534927,0.4029271273,0.3214980139,0.8173816549,0.2955266645,0.9045400439,0.370702616,0.3628211035,0.5731478321,0.4434099707,0.1326815259,0.9271368042
244,1,1,1,1,1,0.2379729855,0.4451506572,0.6223684111,0.4792833125,0.3830454466,0.4031186245,0.3993219849,0.3220077388,0.8171344,0.2960908818,0.9046243535,0.3696776782,0.362029171,0.5740914866,0.4444779309,0.1328065556,0.9267813368
244.5,1,1,1,1,1,0.2386889606,0.4436916974,0.6228922759,0.4834071951,0.3828573661,0.4056722431,0.4007490574,0.3242591836,0.8184091043,0.2993814934,0.9045716016,0.3718951429,0.3628010426,0.5735903177,0.4450507091,0.1324862239,0.9264853979
245,1,1,1,1,1,0.2363971115,0.440712712,0.6243131076,0.4827060733,0.3833878447,0.4048269231,0.3994174159,0.3237253048,0.8176956202,0.2994008067,0.9040044589,0.3704228783,0.3596313968,0.5713391127,0.4474137139,0.1332091503,0.9266512093
245.5,1,1,1,1,1,0.2375708594,0.441670391,0.6242510144,0.4808498539,0.3830786534,0.40586588,0.3979967466,0.323446119,0.8177031544,0.2997107712,0.9044792819,0.3704566115,0.3589305189,0.5729831375,0.4477799011,0.1318516133,0.9266174301
246,1,1,1,1,1,0.2378531258,0.4417681648,0.6226735213,0.4813923247,0.3851591218,0.4034096657,0.3967349609,0.3209745776,0.8176565731,0.2978639271,0.9043426251,0.3710346584,0.3587902175,0.5738801966,0.4459320407,0.1319231629,0.9270816319
246.5,1,1,1,1,1,0.2386670261,0.4436358055,0.6232171431,0.4843950427,0.3850185951,0.4037594736,0.398982879,0.3200590577,0.8176993905,0.2974635636,0.9040427991,0.3721854771,0.3610740214,0.5728589851,0.4469064539,0.1309302696,0.9266530954
247,1,1,1,1,1,0.2379575496,0.4429835145,0.6232064262,0.4827692476,0.3840911635,0.4033247328,0.4010875188,0.3209697921,0.8184931652,0.2956206223,0.9041533889,0.3715590277,0.36158703,0.5723777816,0.4460354423,0.1300271187,0.9272277358
247.5,1,1,1,1,1,0.2382313524,0.445618524,0.6234701061,0.4809780727,0.3832064376,0.4034525044,0.4011505143,0.3219309254,0.819670769,0.2965582484,0.9038566658,0.3718166845,0.3608058016,0.5715228377,0.4463431896,0.130008424,0.9281441876
248,1,1,1,1,1,0.2368681126,0.4474716553,0.6227269774,0.4810200642,0.3834316713,0.4027694036,0.4002313191,0.3237128732,0.8193028103,0.2949685186,0.9036672353,0.3711583503,0.36190983,0.5729580953,0.4458532405,0.1300159711,0.9282363017
248.5,1,1,1,1,1,0.2374592661,0.4434781079,0.624500103,0.4793306064,0.3835682982,0.4049288555,0.3974915189,0.3238499526,0.8191217737,0.292661746,0.902915014,0.3698710261,0.361910886,0.571538396,0.4460785647,0.1311810796,0.9284940094
249,1,1,1,1,1,0.237802854,0.4422807911,0.6230707104,0.480867852,0.3829787707,0.4036326015,0.3972206273,0.3231828787,0.8181796725,0.2941985502,0.9036615461,0.3694077302,0.3615089413,0.5700136211,0.4459222542,0.130687461,0.9282424357
249.5,1,1,1,1,1,0.2369263443,0.4401503737,0.6237303525,0.4827185001,0.3832041342,0.3996723278,0.3977569418,0.3215633061,0.8177371781,0.2956216675,0.9039122455,0.3687446112,0.3639104409,0.572603464,0.4466206547,0.1301152026,0.9280395671
250,1,1,1,1,1,0.2357452636,0.442724814,0.625687277,0.4855770758,0.3812437133,0.4018480909,0.3989594342,0.3218586018,0.8179378069,0.2944714064,0.9037320059,0.3691659329,0.3640332299,0.5752025296,0.4460675407,0.1297211616,0.9272854192
250.5,1,1,1,1,1,0.2369362108,0.4430478662,0.6278169212,0.4842422718,0.3817595801,0.40273204,0.3985527276,0.3230220196,0.8183940862,0.2933631014,0.903097392,0.3703461747,0.3645321621,0.5768212961,0.4476031737,0.130362097,0.9268625444
251,1,1,1,1,1,0.2376569062,0.4428653463,0.6269102249,0.4843688291,0.3808376454,0.4040130719,0.3994610766,0.3241028463,0.8194834258,0.2933013025,0.9035495609,0.3691744614,0.3622727096,0.5752085033,0.4464313954,0.1303051067,0.9265968328
251.5,1,1,1,1,1,0.2384613601,0.4459019085,0.6264704028,0.486511405,0.3844335783,0.4049606864,0.398193762,0.3239398744,0.8197074831,0.2938095849,0.903866608,0.3700093447,0.3600300875,0.5709180577,0.4470406538,0.1300011006,0.9271125567
252,1,1,1,1,1,0.239578875,0.4466451811,0.6258182939,0.4848011267,0.3874934462,0.4055244752,0.3996009221,0.3237644369,0.8203293628,0.2933524951,0.9028944551,0.3709969893,0.3600627269,0.5709049834,0.4463296964,0.130316841,0.9270195643
252.5,1,1,1,1,1,0.2407322849,0.4443465125,0.6256760266,0.4880725291,0.3880760193,0.4037146594,0.3981284468,0.3212654531,0.8203421433,0.292762386,0.903843722,0.36878684,0.3608344167,0.5716014654,0.4466196128,0.1306886314,0.9271562933
253,1,1,1,1,1,0.2383355336,0.4439455485,0.6255151881,0.4873854595,0.3887000365,0.4037785106,0.3991074408,0.3217423049,0.8202806102,0.2927584638,0.903225462,0.369530255,0.3611417668,0.5685235546,0.446342217,0.1303433966,0.9267894957
253.5,1,1,1,1,1,0.2380836699,0.4410688601,0.624602151,0.4853231952,0.3915123319,0.4045186338,0.400428323,0.3233672426,0.8193465966,0.2929798428,0.903384896,0.3694120535,0.3627586067,0.5648839662,0.4481520258,0.1307557625,0.9266143129
254,1,1,1,1,1,0.2381217353,0.4407582878,0.6242110182,0.4850601556,0.3872527998,0.4050832604,0.4003212769,0.3237295768,0.8188426546,0.2952593791,0.903617148,0.3686087048,0.3631408482,0.5654460844,0.4464888281,0.1300080139,0.9266524621
254.5,1,1,1,1,1,0.240028079,0.4423176597,0.6263545746,0.481223535,0.3874854154,0.4055678881,0.4021161484,0.3245891964,0.8197239545,0.2954786521,0.9038622745,0.3692858205,0.3620985089,0.5677853782,0.4453019666,0.1308790962,0.927001341
255,1,1,1,1,1,0.2398087254,0.441804371,0.625555333,0.481212568,0.3900865703,0.4049314864,0.402687368,0.325109112,0.820536515,0.2960683084,0.9036001378,0.3708682636,0.3623485066,0.569157695,0.4457147398,0.1307157902,0.9260085704
255.5,1,1,1,1,1,0.2389739211,0.4432381275,0.627313338,0.4804256069,0.3883583801,0.4053788608,0.4013251737,0.3260024689,0.8210159357,0.2982891255,0.9036554409,0.3694542635,0.3625469542,0.5710694629,0.4449339761,0.1303543606,0.9260414945
256,1,1,1,1,1,0.2376167341,0.4465235715,0.6255275309,0.4807718714,0.3883273192,0.406750883,0.403484932,0.3259805996,0.8196074436,0.2984409904,0.9040905098,0.3705505571,0.3616832739,0.5712805235,0.4435892089,0.1308334104,0.9262287751
256.5,1,1,1,1,1,0.2378074424,0.4467945276,0.6235048539,0.4810944624,0.3886907042,0.4055407767,0.4016017284,0.3238780347,0.8200305484,0.2975866726,0.9044945382,0.3713417019,0.363084222,0.5724913889,0.4454722584,0.1317045463,0.9258143651
257,1,1,1,1,1,0.2383418537,0.4459059821,0.6237447,0.4823668379,0.3875599331,0.4053292822,0.3984497851,0.3225302167,0.8190685823,0.2974332371,0.9029005761,0.3721236679,0.3661130518,0.5741908267,0.4474677314,0.1327326348,0.9266717046
257.5,1,1,1,1,1,0.2364369894,0.4426432699,0.6233099761,0.4821828768,0.3868657107,0.406387482,0.3970565106,0.3214126661,0.8201684984,0.2967339897,0.9031885063,0.3723878004,0.3658377797,0.5741241459,0.4473927574,0.1325853398,0.9272924879
258,1,1,1,1,1,0.237327554,0.439964987,0.6263455346,0.4834700566,0.3865604126,0.4041246225,0.3980157405,0.3228292223,0.8191048805,0.2960786975,0.9030545223,0.3722654525,0.3667495129,0.576710557,0.4483655498,0.1328126444,0.9271378747
258.5,1,1,1,1,1,0.23764338,0.4418183608,0.6267214247,0.4825693879,0.386557468,0.4029417901,0.3983792329,0.3239378725,0.8189112083,0.2972613308,0.9032710626,0.3726397537,0.3642103903,0.5769107655,0.4489110747,0.1329321369,0.9267796321
259,1,1,1,1,1,0.237089866,0.4432644801,0.628581266,0.4825660914,0.3865616281,0.4056066612,0.399764886,0.3242471775,0.8181572738,0.2979648455,0.9038983859,0.3731240994,0.3638201017,0.5751772246,0.4459951175,0.1330067264,0.9271656397
259.5,1,1,1,1,1,0.237242481,0.4410616242,0.6282610047,0.4814135073,0.3878893246,0.4041896463,0.4011772635,0.3225892569,0.8172596233,0.2961301132,0.9047109598,0.3720104504,0.3626987437,0.576743612,0.4462975282,0.1330608002,0.9275602541
260,1,1,1,1,1,0.2381884258,0.4395013788,0.6271336483,0.4826431991,0.3869198065,0.4056151617,0.4003732271,0.3221745867,0.8184459223,0.2973381209,0.9044550184,0.3724710337,0.363374507,0.5742063049,0.4462898262,0.1325632037,0.9268392121
260.5,1,1,1,1,1,0.2381542213,0.4398813589,0.6242255964,0.481986135,0.3856942568,0.4055327511,0.3991506436,0.322446346,0.8191144162,0.2982255557,0.9038107702,0.3726583549,0.3641150553,0.5749992327,0.4463062544,0.1322704901,0.9271023702
261,1,1,1,1,1,0.2373828793,0.4421559963,0.6265543172,0.482578528,0.3854075616,0.4029866589,0.3968704828,0.3218286602,0.8184152405,0.2970151944,0.9035437831,0.3729578418,0.3619202995,0.5762233563,0.4458402839,0.1317554676,0.9266615516
261.5,1,1,1,1,1,0.2399369975,0.4460515496,0.6269082751,0.4821134385,0.387468384,0.4034313072,0.3989615158,0.3217564014,0.8193464424,0.2959194922,0.9032810193,0.3725159104,0.3638188893,0.5734980353,0.4450945171,0.1330658921,0.9268497017
262,1,1,1,1,1,0.2375742278,0.4465716498,0.6242318658,0.4782287184,0.3863237037,0.4024475784,0.3957529981,0.3216093277,0.8190756087,0.2964169088,0.9035463506,0.3729201374,0.3616361121,0.5758644397,0.4465487874,0.1345144842,0.9263832548
262.5,1,1,1,1,1,0.2375763338,0.4449871276,0.6212330125,0.4805250598,0.385586827,0.4020804221,0.3979156154,0.3217085082,0.8182927139,0.2958679025,0.9037715285,0.3749047483,0.3619102058,0.573963503,0.4472370829,0.1343959086,0.9267511084
263,1,1,1,1,1,0.2371805961,0.445818738,0.6240889733,0.4847693877,0.3891278609,0.4013664148,0.3972420046,0.3199986404,0.8184711475,0.2954698303,0.9025884501,0.3743498525,0.3631281659,0.5720930767,0.4451307622,0.1357326114,0.9271542766
263.5,1,1,1,1,1,0.2375338961,0.4469029187,0.6258492581,0.4823992878,0.3868475701,0.4025354856,0.3971991587,0.3211524262,0.8179896046,0.2937654986,0.9022542603,0.372892913,0.3637547579,0.5725455982,0.4443015738,0.1356731066,0.9274254139
264,1,1,1,1,1,0.2356495381,0.4461816591,0.626964376,0.4803328748,0.3863055165,0.4026197178,0.3981455368,0.321708611,0.820022937,0.2961437361,0.9022184189,0.373814359,0.3638024826,0.5719320201,0.4468841615,0.1355910393,0.9271130862
264.5,1,1,1,1,1,0.2351993126,0.443766264,0.627951655,0.4809518156,0.3884292659,0.4034362182,0.3973543873,0.323350829,0.8204879989,0.2975444837,0.9024049627,0.3720816488,0.3636744622,0.5715222212,0.4434947923,0.1353148323,0.9265822154
265,1,1,1,1,1,0.2369208401,0.4444740107,0.6278442003,0.4831047637,0.38605019,0.4028805944,0.3970348358,0.3233493862,0.8216386352,0.2970614738,0.9030088285,0.3717241883,0.363501037,0.5721413035,0.4436246216,0.1350429548,0.9274444594
265.5,1,1,1,1,1,0.2392446693,0.443774679,0.6265309712,0.4836198727,0.3857011117,0.404089182,0.3986590254,0.3216081512,0.8214733983,0.2973760357,0.903887988,0.3702889714,0.3604784675,0.5704189689,0.4442036477,0.1356414181,0.9264772761
266,1,1,1,1,1,0.2394438624,0.4437972732,0.6242204143,0.4812132163,0.38668424,0.4023618986,0.3983282215,0.3182505794,0.8207412662,0.2951351467,0.9038619702,0.3723887232,0.3592127447,0.5725441778,0.4448825721,0.1352698941,0.9265945994
266.5,1,1,1,1,1,0.2384191404,0.4432761899,0.6256044249,0.4847410006,0.3857561174,0.405497907,0.399377839,0.3182127302,0.8190747215,0.2957626678,0.9036757701,0.3721061539,0.3592257618,0.5751382886,0.44674563,0.135667232,0.926847628
267,1,1,1,1,1,0.2396218916,0.443031445,0.6255529427,0.4850849602,0.3887920585,0.4066385414,0.4008407281,0.3195335176,0.8198058536,0.2952629006,0.9040919909,0.3719002047,0.3581636296,0.5730998684,0.447007974,0.1353187921,0.9267600692
267.5,1,1,1,1,1,0.2384921094,0.443978368,0.6230705369,0.4845652234,0.389871062,0.406085531,0.4015722419,0.3227305819,0.8182443823,0.2959883601,0.905003064,0.3720816365,0.3600956841,0.5754516832,0.4456191797,0.1350376373,0.926875642
268,1,1,1,1,1,0.2384973272,0.443297706,0.6239404297,0.4825629799,0.3900202059,0.405781805,0.4014764327,0.3228982323,0.8186371512,0.296080109,0.9055941486,0.3703198714,0.3581776977,0.5747723463,0.4459147631,0.1352286786,0.9265389061
268.5,1,1,1,1,1,0.2361736319,0.4442166499,0.624332866,0.4810485337,0.3867050082,0.4044812471,0.4041847682,0.3227355079,0.8198482471,0.2961884219,0.905360242,0.3712899037,0.3564253628,0.5740890604,0.4466993245,0.1360890068,0.9265913935
269,1,1,1,1,1,0.2367521491,0.4442978563,0.6250931682,0.481639766,0.385152881,0.4052816299,0.4016727562,0.3206663772,0.8217546073,0.295240448,0.9049785287,0.3700321992,0.3567060737,0.5726935128,0.4439818871,0.1383656747,0.9265539121
269.5,1,1,1,1,1,0.2367612436,0.4433970732,0.6229145279,0.479755801,0.3867566121,0.406362594,0.4020438588,0.3219589225,0.8205235538,0.2939955371,0.9053704353,0.3717362018,0.3578235947,0.5754338092,0.4440120984,0.1364408099,0.926958499
270,1,1,1,1,1,0.2354495041,0.4455409702,0.6252554259,0.4802658615,0.3844511002,0.4033043726,0.4012110025,0.3217584722,0.8206432554,0.293646451,0.905989179,0.3722127933,0.357025569,0.5725332655,0.4440758824,0.1361424267,0.927224074
270.5,1,1,1,1,1,0.2365194125,0.4441433023,0.6247180916,0.4819824288,0.3855907672,0.4039225984,0.4014144244,0.3205951461,0.8203051112,0.2925880399,0.9056189832,0.3718627208,0.3593033112,0.5707364485,0.4452638204,0.1357401572,0.9262880543
271,1,1,1,1,1,0.2389382953,0.4432894746,0.626733143,0.4808098315,0.3848234088,0.4033624709,0.4001137853,0.3186578534,0.8198017975,0.2917329358,0.9051934754,0.3718688845,0.3609050029,0.5723158004,0.4447138197,0.1365537361,0.9266006248
271.5,1,1,1,1,1,0.2394300918,0.4406561283,0.6276157661,0.4823526708,0.3872763192,0.4017571665,0.3983787845,0.3197777099,0.8183949332,0.2902377613,0.9052032209,0.3706589246,0.3604275857,0.5696457698,0.4449305893,0.1349345408,0.9275720796
272,1,1,1,1,1,0.2401067248,0.4436586888,0.6280954327,0.4837079103,0.3857202036,0.4027823422,0.396875703,0.3207690503,0.8183500655,0.2917405409,0.9046299575,0.3736370116,0.3593308162,0.5684090758,0.4454746238,0.1347128664,0.9271137773
272.5,1,1,1,1,1,0.2400572457,0.4451444938,0.6279927068,0.4832711612,0.3852488616,0.4041470317,0.3982038237,0.3218279579,0.8183366858,0.2925398455,0.9047833851,0.3733412926,0.3618226447,0.5691770186,0.4473175067,0.1347309778,0.9267384087
273,1,1,1,1,1,0.2385345467,0.4462789872,0.6280140228,0.4831147328,0.3874303386,0.4036360058,0.400162957,0.3235291464,0.8191975489,0.2921917565,0.9051987507,0.373357503,0.3644704572,0.5699478942,0.4477907173,0.1361588293,0.9267338821
273.5,1,1,1,1,1,0.2371564686,0.4459253061,0.6252239546,0.484095273,0.387481406,0.4045347805,0.3999170133,0.3196518072,0.8193230203,0.2910438426,0.9053512717,0.3735286605,0.3648163756,0.5674745345,0.4486551383,0.1363826703,0.9267182828
274,1,1,1,1,1,0.2397823355,0.4449450168,0.6257680403,0.4818669096,0.3875090925,0.4015644332,0.3982021915,0.3207387587,0.8190958329,0.2913979608,0.9053331741,0.3744814366,0.3642381151,0.5663491103,0.4460937168,0.1356832286,0.9263466662
274.5,1,1,1,1,1,0.2384854364,0.4455097492,0.6267674264,0.4801968877,0.38877668,0.4043582133,0.3977422276,0.320354654,0.8170518731,0.2905904545,0.9051387548,0.3765502762,0.3626140055,0.5670613993,0.4444939177,0.13600069,0.9256007038
275,1,1,1,1,1,0.2394806652,0.4465335689,0.6251129423,0.4837367014,0.3851546091,0.4036021136,0.396694581,0.3189077625,0.8168115274,0.2929640549,0.9059092095,0.3749305456,0.3641704094,0.5680972409,0.4424619758,0.1348115229,0.9255659634
275.5,1,1,1,1,1,0.2388076583,0.4430218128,0.6268965705,0.4837052177,0.3860605991,0.4044747344,0.4000393807,0.3194841031,0.816893245,0.2941270434,0.9053885683,0.3710320656,0.3626988099,0.5698542219,0.445293335,0.1342395786,0.9249905471
276,1,1,1,1,1,0.2386251486,0.4448655158,0.6275342521,0.4804902623,0.3866978484,0.4023960776,0.3988497789,0.3209233802,0.8173071483,0.2930953558,0.9058512889,0.3684434296,0.361723166,0.5687824089,0.4463784928,0.1331257643,0.9260668603
276.5,1,1,1,1,1,0.2408092719,0.4445669098,0.6245188231,0.4823880879,0.384879854,0.4061070129,0.3999119139,0.3214325483,0.8172261844,0.2923338879,0.905466118,0.3660356577,0.3591951556,0.5701201271,0.4455521188,0.1339615508,0.9255555822
277,1,1,1,1,1,0.2404702317,0.446852225,0.6254497073,0.4813587653,0.3845894084,0.4051934984,0.4010839011,0.3206012145,0.8183237157,0.2935170728,0.9058143123,0.369323763,0.3554717957,0.5726478105,0.4457458707,0.1336109798,0.9253669915
277.5,1,1,1,1,1,0.2395028577,0.4461277687,0.6249351718,0.4822117219,0.3892874343,0.4035999978,0.3988909607,0.3194051809,0.8172193383,0.2938755293,0.9053740161,0.3690987801,0.3549801232,0.5696866319,0.4447275106,0.1335171659,0.9254941514
278,1,1,1,1,1,0.2392507348,0.4473809808,0.6231255794,0.4820265972,0.385589952,0.4056207369,0.3983460162,0.3212819981,0.8170475866,0.2942462226,0.9048787408,0.3707961151,0.3560704842,0.5695804869,0.4441618852,0.1325450118,0.9248971829
278.5,1,1,1,1,1,0.2409426702,0.4474455492,0.6249311695,0.480336187,0.385102797,0.4058531843,0.3996895268,0.3220792591,0.8160301695,0.2947244372,0.9048975669,0.3694533551,0.3582517829,0.5709736553,0.445378463,0.1320413626,0.9252487495
279,1,1,1,1,1,0.2393401301,0.4464758463,0.6244087243,0.4798219137,0.3834982433,0.4069953551,0.4006763447,0.3183452427,0.8149791212,0.2944929702,0.9041566499,0.3688070041,0.3601376137,0.5718148013,0.4468502187,0.1313461024,0.9253762979
279.5,1,1,1,1,1,0.2389658027,0.4444785517,0.6260637447,0.4778569329,0.3848089642,0.4060049429,0.3986184122,0.3171022266,0.8161618382,0.2943568776,0.9044287483,0.3706219285,0.358118287,0.5722644586,0.4451886584,0.1319188608,0.9252180561
280,1,1,1,1,1,0.2375360433,0.4459370219,0.6251129036,0.479808059,0.384622941,0.4039426381,0.3986003938,0.3182623143,0.8162989856,0.2950042985,0.9040402738,0.3699564404,0.3605302824,0.5709190908,0.4449741795,0.1329977213,0.9258548567
280.5,1,1,1,1,1,0.2380940646,0.445609649,0.625590359,0.4801551089,0.3846906929,0.4049871051,0.3976472683,0.3190128222,0.8170229617,0.2943190845,0.9037520934,0.3689936968,0.3620406744,0.5701403735,0.4463718993,0.1328343634,0.9258637342
281,1,1,1,1,1,0.2374252614,0.4454924733,0.6263588597,0.4829405707,0.384529708,0.4051923321,0.397406916,0.3195422355,0.8167433724,0.2936989652,0.9046204377,0.3703579977,0.3598352865,0.5707037455,0.4457963575,0.1333610254,0.9261503475
281.5,1,1,1,1,1,0.239096318,0.4435904002,0.6262416023,0.4823681685,0.3844143163,0.40447337,0.3969821506,0.3196525974,0.8158870171,0.2934498288,0.9043861299,0.3690036939,0.3599775175,0.5718817403,0.4466586908,0.1330156713,0.9253615188
282,1,1,1,1,1,0.2407584154,0.4467692423,0.6257877659,0.4826246071,0.385712548,0.403572184,0.397742677,0.3207611457,0.8161354267,0.293204241,0.9031869782,0.3702591277,0.3592920303,0.5734592505,0.4488759343,0.13419057,0.9261219203
282.5,1,1,1,1,1,0.2409355543,0.4442654394,0.6271603751,0.4847081179,0.3844548825,0.401901349,0.3957990659,0.3190081397,0.814401124,0.2937212813,0.9031879589,0.369892812,0.3567510985,0.575672957,0.4484602854,0.1337783808,0.925922857
283,1,1,1,1,1,0.240030312,0.4448041136,0.6261600252,0.4836184105,0.3857985686,0.4013433059,0.3953950299,0.3183120662,0.8157020826,0.2948956843,0.9034353056,0.3679603907,0.3574683798,0.5744328137,0.4454564271,0.1350040285,0.926608733
283.5,1,1,1,1,1,0.2392988059,0.4447947092,0.6253065533,0.4831323227,0.3871315217,0.3987915991,0.3956256506,0.318667743,0.8166190862,0.2970977876,0.9033692703,0.3680762701,0.3576574808,0.5714397951,0.4436514992,0.1363096255,0.9257843589
284,1,1,1,1,1,0.2377917653,0.44515665,0.6243942022,0.4838799356,0.3872024007,0.3990147189,0.3984308448,0.3212156179,0.8151136077,0.2976900798,0.9038813344,0.3676853349,0.3618830379,0.5711202783,0.4464578431,0.1371161504,0.9256648911
284.5,1,1,1,1,1,0.2385903504,0.4437708109,0.6242757436,0.4849735295,0.3883084817,0.3995765751,0.3997224916,0.3182826474,0.8138465827,0.2965660738,0.9033778939,0.3703266994,0.3623340213,0.5732832874,0.4473817517,0.1360634686,0.92509612
285,1,1,1,1,1,0.2391051515,0.4417889665,0.6245122369,0.4820915728,0.3906594762,0.4008156124,0.3992859488,0.3205147871,0.8135438426,0.2988022573,0.9034297485,0.3703352742,0.3659037358,0.5733282026,0.447474523,0.1371264414,0.9244826591
285.5,1,1,1,1,1,0.2376628756,0.4419603996,0.623519977,0.4838184318,0.3899166937,0.4034055616,0.3976300668,0.3220550377,0.8144328138,0.2979161424,0.9034645632,0.3683676076,0.3636161111,0.5713059741,0.4473224572,0.1366317045,0.9245281677
286,1,1,1,1,1,0.2387672399,0.4428216809,0.6262166204,0.484854448,0.3897540134,0.4031948811,0.3972702314,0.323071398,0.8159648492,0.2979869549,0.9031452509,0.3674439791,0.3621954239,0.5695571911,0.4463262193,0.1358090105,0.9246954127
286.5,1,1,1,1,1,0.2380219783,0.4420471608,0.6243950425,0.4842640998,0.388666043,0.4010619633,0.3947694847,0.3238854438,0.8158527614,0.2948456998,0.9027332545,0.3662711355,0.3610578316,0.5708281185,0.4445886859,0.1361378242,0.9257173402
287,1,1,1,1,1,0.2371218825,0.4428859308,0.6235165106,0.4862535958,0.3866371014,0.4025276909,0.3983127118,0.323126471,0.8163358493,0.2962381986,0.9026965743,0.3672381992,0.3578431833,0.5721177187,0.4455928472,0.1356855847,0.9248034955
287.5,1,1,1,1,1,0.2368934265,0.446409726,0.6242641194,0.4841756142,0.3873633866,0.4011312761,0.3987966358,0.3230799113,0.8176308479,0.2959037495,0.9018442596,0.3653349599,0.3554224544,0.5741950659,0.4436349904,0.1359026861,0.9249718314
288,1,1,1,1,1,0.2368739258,0.4474353952,0.6244823784,0.4839108555,0.3874730236,0.4016993119,0.399166547,0.3208279061,0.8171941926,0.2952783278,0.9011482033,0.3658775154,0.3556643153,0.5749190671,0.4427204749,0.1359042768,0.9253311055
288.5,1,1,1,1,1,0.2360484562,0.4464988895,0.6236856255,0.4821942079,0.3864873372,0.4022303597,0.3976586154,0.3196597609,0.8171749846,0.2971821526,0.9013101177,0.3675894165,0.3567073164,0.5726776735,0.4460826088,0.1368865783,0.9247914065
289,1,1,1,1,1,0.2363884255,0.4476293756,0.6245024988,0.4839842501,0.3839452344,0.4016608894,0.399000819,0.3224973624,0.816589774,0.2981613834,0.9014397354,0.3657365766,0.3545271955,0.5715093902,0.4452088822,0.1368420986,0.9253714388
289.5,1,1,1,1,1,0.2368305558,0.4447538427,0.6251815561,0.4835148957,0.3824694159,0.4012649087,0.398298321,0.321247819,0.8179025564,0.297895792,0.9011547921,0.3674150448,0.3500974089,0.5719920669,0.4467454714,0.1353971647,0.9259456807
290,1,1,1,1,1,0.2381701029,0.4404655905,0.6252438401,0.4826132592,0.3841599585,0.4044543256,0.3971749623,0.3206991914,0.818866674,0.2945968174,0.9006191918,0.3669199767,0.3524344533,0.5717874893,0.448468391,0.1364296517,0.9255062608
290.5,1,1,1,1,1,0.2393791519,0.4402352678,0.6235949955,0.4816865987,0.3850742669,0.4049161217,0.3956534183,0.3196625792,0.818928694,0.2939188453,0.9014113798,0.3661918132,0.3545331376,0.5708356554,0.4475344669,0.1384618124,0.9259567199
291,1,1,1,1,1,0.2394660117,0.4401029466,0.6244461084,0.4819618027,0.3864740525,0.4048109629,0.3978521467,0.3210421224,0.8184747596,0.2944062074,0.9022049385,0.367642698,0.3538770891,0.5690765777,0.4493480081,0.1384947416,0.9263960237
291.5,1,1,1,1,1,0.2391441161,0.4416143192,0.6249863558,0.4852307099,0.3862041669,0.4042952445,0.3967808527,0.3218844714,0.8169388247,0.2944188993,0.903106661,0.3666185465,0.3548973091,0.5693027133,0.4477899754,0.1384704081,0.9276587785
292,1,1,1,1,1,0.2377700748,0.4412224099,0.6248853922,0.4842843126,0.3826426465,0.4050612389,0.3977016203,0.3214750666,0.8163240931,0.2950671866,0.9042880669,0.3677722539,0.3560779351,0.5691101086,0.4475777036,0.138690722,0.9277755305
292.5,1,1,1,1,1,0.2385671462,0.443600331,0.625407846,0.4816127581,0.3854117246,0.4027354699,0.3945656296,0.3215917984,0.8172943909,0.2961545423,0.9043711769,0.3696668817,0.3589550446,0.5717344199,0.4484463844,0.1383178371,0.9273876705
293,1,1,1,1,1,0.2380634279,0.4445549045,0.6260164412,0.4807653089,0.3864189496,0.401555771,0.3948953047,0.3188174558,0.8168607959,0.2946308954,0.9043342888,0.3710283195,0.3588833994,0.5724736741,0.4468572503,0.1378891451,0.9272686579
293.5,1,1,1,1,1,0.236544463,0.4462185386,0.6264315049,0.4825386066,0.3838176869,0.4009667697,0.3938233945,0.3182819807,0.817907476,0.2935572538,0.904172355,0.371538254,0.3577007133,0.5710867628,0.4453469064,0.1367900938,0.9266186251
294,1,1,1,1,1,0.2365867897,0.4449871148,0.6255303355,0.4781444371,0.3849575959,0.4024748866,0.3938449452,0.3188138488,0.8178692804,0.2922107019,0.9041154845,0.3711850449,0.3598334812,0.5698327516,0.4454947941,0.1357043345,0.9273191065
294.5,1,1,1,1,1,0.2351585911,0.4430283781,0.622579636,0.4791615308,0.3855302492,0.4008084665,0.3962984447,0.3186699108,0.8182094899,0.2919334494,0.9043980859,0.3704183083,0.3623194415,0.5725949783,0.4465752286,0.1363236118,0.9272409695
295,1,1,1,1,1,0.2370687697,0.4409434821,0.6250512155,0.4802534406,0.3831433363,0.40210065,0.3952784121,0.3200953551,0.8174242165,0.2929560797,0.9040315422,0.3690034802,0.3616915305,0.569966862,0.4469699942,0.1357304805,0.9268298978
295.5,1,1,1,1,1,0.2379318516,0.4414281764,0.6246932731,0.4802118639,0.3843247448,0.4019889859,0.3967008853,0.318771745,0.81697764,0.2935352631,0.9039107434,0.3697892777,0.3596853893,0.5694653354,0.4469568939,0.1348307944,0.9269042771
296,1,1,1,1,1,0.2377427279,0.4410111704,0.6240922259,0.48059485,0.3855000137,0.4039462177,0.3979611244,0.3185398991,0.8154075992,0.2945670085,0.9036703537,0.3696398016,0.36134314,0.5708395332,0.4468737845,0.1349942782,0.9271214219
296.5,1,1,1,1,1,0.2366139614,0.4416061897,0.6263708679,0.4804157439,0.3848981954,0.4044961579,0.399089737,0.3197848164,0.8157494193,0.2965471689,0.9031832425,0.3704769888,0.3619168843,0.5715005509,0.4470569649,0.1340995366,0.9268640293
297,1,1,1,1,1,0.2382348389,0.4434740075,0.6245391897,0.4805481867,0.3881825291,0.4028159087,0.4009899125,0.3194667702,0.8160119933,0.2967779683,0.9025135937,0.3697182434,0.3617285245,0.5724651745,0.447383588,0.1352553317,0.9273621512
297.5,1,1,1,1,1,0.2378274657,0.4441838972,0.6266544593,0.4850982268,0.3851871016,0.4038001669,0.3999708988,0.3214629322,0.8189482809,0.2967222647,0.9029171242,0.3668643054,0.3605745035,0.5703081897,0.4465760594,0.1353316077,0.9270852331
298,1,1,1,1,1,0.23762536,0.4448388108,0.6253650568,0.4861418461,0.3848725831,0.4060762919,0.3975962899,0.3238062151,0.8208931325,0.2954136999,0.9028834247,0.3680188339,0.3596844354,0.5694962421,0.445773602,0.1357217825,0.9276428084
298.5,1,1,1,1,1,0.23874239,0.446563195,0.6244077829,0.4835129154,0.3845015537,0.4062442829,0.399460745,0.3229073084,0.8211938637,0.2979850329,0.9028541457,0.3697289154,0.3570490546,0.5719497492,0.4453876598,0.1365774979,0.927795121
299,1,1,1,1,1,0.2375101821,0.4456814035,0.6246943903,0.4832009526,0.3863763363,0.4057817533,0.4001085428,0.3220025992,0.8214241402,0.298697243,0.903702524,0.3696619805,0.3581082332,0.5728698723,0.4451421241,0.1359714716,0.9291197973
299.5,1,1,1,1,1,0.2355562909,0.4457703017,0.6256301734,0.4836028498,0.3877300666,0.4052315198,0.3996027996,0.3218830686,0.8208566908,0.2979023799,0.9036198609,0.3709682851,0.3600223366,0.5726097365,0.4446173923,0.1357906543,0.928774604
300,1,1,1,1,1,0.2362118713,0.4469892226,0.6247456442,0.4838654126,0.3863128772,0.4075982732,0.4009532722,0.32220803,0.8201223212,0.2988282258,0.9035434142,0.3702070067,0.3587346992,0.5753149694,0.4483892412,0.1354454294,0.9271113666
300.5,1,1,1,1,1,0.2384123839,0.4453231332,0.6258962102,0.4850352572,0.3883244719,0.405543011,0.401809949,0.3219893969,0.820266928,0.2981054484,0.9034525872,0.3720368848,0.3593636062,0.5756918236,0.446621702,0.1356416153,0.9276628073
301,1,1,1,1,1,0.2382675693,0.4448386262,0.6251088218,0.4834393763,0.3897019962,0.40542354,0.3995503502,0.3196533551,0.820362638,0.2977216172,0.9037357179,0.3712191757,0.3582550731,0.5760198293,0.4441417295,0.1358643888,0.928105674
301.5,1,1,1,1,1,0.2388800926,0.4476468447,0.6245223946,0.4810356363,0.3877575918,0.4061608067,0.4003416376,0.3190091905,0.8195882637,0.2968842005,0.9032487106,0.3709014557,0.3576264487,0.5743541314,0.4458900808,0.1365511212,0.9275954286
302,1,1,1,1,1,0.2401850301,0.4478266392,0.6207098101,0.4801798467,0.3886116377,0.4059183799,0.3999628558,0.3184931648,0.819507854,0.2934366921,0.9031244872,0.3654770613,0.3561130949,0.5748897288,0.4450110767,0.1380912137,0.9271972633
302.5,1,1,1,1,1,0.2385217104,0.4454541335,0.6211314094,0.4813394658,0.3890134249,0.4047005226,0.398953863,0.3192723602,0.8179928163,0.2951330016,0.9033051022,0.3657800138,0.3555362987,0.5747969881,0.4452958028,0.1382797635,0.9269180805
303,1,1,1,1,1,0.2393356288,0.4444930525,0.6234514893,0.4804469339,0.3887182885,0.4037888436,0.3950198652,0.3191158709,0.8199875181,0.297037118,0.9039842379,0.3681164644,0.3575926264,0.5716929144,0.4446493899,0.1398616409,0.9267188673
303.5,1,1,1,1,1,0.2389244783,0.4397715967,0.6250738704,0.4818139511,0.3883621655,0.402519326,0.3941845354,0.3199566213,0.8188939051,0.2977469213,0.9035323477,0.368397215,0.3605121283,0.5715304499,0.4455468621,0.139521195,0.9263643197
304,1,1,1,1,1,0.2383116279,0.4411230028,0.6255999876,0.4846261369,0.3873918224,0.403121504,0.394228916,0.3199015999,0.8184185179,0.2961507525,0.904190159,0.3711065248,0.3614324989,0.5705577351,0.4448132267,0.1396945504,0.9264446571
304.5,1,1,1,1,1,0.238645355,0.4369695802,0.6266200281,0.483395732,0.3861411952,0.4050023257,0.3951405928,0.3211473833,0.816843606,0.2956898162,0.9049265154,0.3690685959,0.3596433289,0.5714304177,0.4447746248,0.1395377781,0.927096434
305,1,1,1,1,1,0.2385986474,0.4378903183,0.6245096377,0.4864401518,0.3868063622,0.4044828837,0.3980448076,0.3212716386,0.8169725132,0.2960106193,0.9036796313,0.3709961984,0.3609445456,0.5705745763,0.4460529859,0.1396043256,0.9262178344
305.5,1,1,1,1,1,0.2365963253,0.4384408917,0.6276518655,0.4863563091,0.3855412966,0.4062196907,0.3986632019,0.3199169859,0.8173742256,0.2972467105,0.9051728434,0.3738004245,0.360512464,0.5745727232,0.4433236159,0.1393616444,0.9257978617
306,1,1,1,1,1,0.2357508081,0.4378631436,0.6271606252,0.4856123628,0.3876401978,0.404755799,0.3993297568,0.3190119197,0.8158293436,0.2970745697,0.9051682112,0.374666764,0.3603346514,0.5725623499,0.4444052932,0.1388704471,0.9262824503
306.5,1,1,1,1,1,0.2385535101,0.43799688,0.6288830847,0.4864895936,0.3852073332,0.4020322405,0.3989405251,0.3179663509,0.8155053482,0.2967162646,0.9069285099,0.3750780817,0.3613995218,0.573719144,0.4448839617,0.1392031383,0.9255734831
307,1,1,1,1,1,0.2379448441,0.4409333233,0.6275871567,0.486980728,0.3854956493,0.4023724641,0.4004688302,0.3195274069,0.8163790629,0.2959068864,0.9069150004,0.3714850685,0.3615486552,0.5718186531,0.4439328832,0.1391411711,0.9251262332
307.5,1,1,1,1,1,0.240435966,0.4409199877,0.6297977439,0.4860573742,0.384544028,0.4034467261,0.3991980015,0.3186112452,0.815945032,0.294547561,0.9064445814,0.3728830523,0.3620705192,0.5696442478,0.445081097,0.1399893218,0.926256447
308,1,1,1,1,1,0.2400323478,0.4424253448,0.6284143305,0.4857402998,0.3846090436,0.4051549055,0.3986776188,0.3200892953,0.8147357286,0.2952000452,0.9056467625,0.373929331,0.3638794121,0.5721818004,0.4452707327,0.1397677182,0.9265943864
308.5,1,1,1,1,1,0.2391224111,0.4462533436,0.6288215229,0.4854102505,0.3880421649,0.4057062703,0.4011239769,0.3188202166,0.8158213405,0.2946294144,0.9057849801,0.3718947884,0.3642411467,0.570845565,0.4446784647,0.1382145229,0.9264654346
309,1,1,1,1,1,0.2387742685,0.4442851041,0.630138979,0.4847631237,0.3856056726,0.4086108586,0.3997016728,0.318893455,0.8186912617,0.293711329,0.9063483002,0.3719400158,0.3651911341,0.5723202831,0.444574987,0.138666824,0.927205651
309.5,1,1,1,1,1,0.238401414,0.4448660922,0.6287269225,0.4835112983,0.3881829839,0.4071227355,0.3977182442,0.3214624081,0.8192816707,0.2928796763,0.9071446055,0.3716141479,0.3673998794,0.5685080824,0.4465343145,0.1396142641,0.9267185415
310,1,1,1,1,1,0.2371323133,0.444946597,0.6254252584,0.4842562978,0.3863424742,0.4046655776,0.40033416,0.3213115029,0.8183240777,0.2928350439,0.9071375935,0.3707264318,0.3683627841,0.5708753426,0.4463991777,0.1412248145,0.926733018
310.5,1,1,1,1,1,0.2366489948,0.4445800112,0.6273738587,0.4846026546,0.3880253717,0.4015141824,0.3982895189,0.3185545593,0.8173982696,0.2939851685,0.9075886263,0.3721523038,0.3662397851,0.5694009365,0.4450478826,0.1390989893,0.9267406774
311,1,1,1,1,1,0.238214341,0.4435876445,0.627175282,0.4828377091,0.3884246402,0.4032175308,0.3995537815,0.3221413782,0.8163448694,0.2940683457,0.9072708626,0.3736714108,0.3657816894,0.5664569585,0.4457020734,0.1375426047,0.9263182413
311.5,1,1,1,1,1,0.2385431378,0.4455368967,0.6264961227,0.4825280878,0.3889688409,0.4031932248,0.4016346646,0.3217851325,0.8167085809,0.2935741643,0.9073332095,0.3702383216,0.365700954,0.5709424168,0.4461886294,0.1380812084,0.9263500833
312,1,1,1,1,1,0.2389569163,0.44322899,0.6255119115,0.4835357033,0.3883072625,0.4008592042,0.401970858,0.3227248576,0.8172468907,0.296159366,0.9072379651,0.3725780171,0.366125836,0.572647776,0.4450977673,0.1380573416,0.9263779728
312.5,1,1,1,1,1,0.2391953843,0.4448012507,0.6243411945,0.4835885324,0.3897496594,0.4022701315,0.3985106544,0.3226344029,0.8159803444,0.2977165036,0.906833522,0.3703808426,0.366056677,0.5695541187,0.447741363,0.1385928651,0.926260564
313,1,1,1,1,1,0.2389378381,0.4460700226,0.6234594859,0.4828361898,0.3884120211,0.4015543805,0.4002506567,0.320789931,0.8172477708,0.2976366475,0.9072143224,0.3697782062,0.3652350712,0.5718516314,0.4474121469,0.1394004973,0.9263298285
313.5,1,1,1,1,1,0.2366903112,0.4447010093,0.6245643558,0.4821370319,0.3875401977,0.3992371901,0.4000891874,0.3237431835,0.8159745449,0.2964985639,0.9060992634,0.3693869539,0.3666834332,0.5739530038,0.449083866,0.1393525314,0.9265906594
314,1,1,1,1,1,0.2366140912,0.4436309688,0.6269774257,0.4834020927,0.3851524598,0.3990129855,0.3999530546,0.3217765397,0.8157388517,0.2952860581,0.9059349689,0.370308087,0.3669574415,0.5754143484,0.4506139335,0.1402267273,0.9267797269
314.5,1,1,1,1,1,0.237149708,0.4432660987,0.6267216379,0.480675567,0.3876352572,0.3992046818,0.3994723007,0.3211755881,0.8162812557,0.2947029029,0.9058590218,0.370908688,0.3661272748,0.5750844467,0.4479605102,0.1392509029,0.9265901409
315,1,1,1,1,1,0.2368046701,0.4429221732,0.6270438058,0.4799150785,0.385556447,0.3989453811,0.3968120861,0.3219575907,0.8144244415,0.2947811937,0.9065390074,0.3739676162,0.361476904,0.5748095298,0.4506935567,0.1386886838,0.9265348972
315.5,1,1,1,1,1,0.2364465551,0.4457485201,0.6263718501,0.4812222314,0.3842271315,0.4006263516,0.397273227,0.3217871246,0.815950442,0.2950808241,0.9056678417,0.3717516024,0.3598449316,0.5750437288,0.4493218159,0.1385605802,0.9270173986
316,1,1,1,1,1,0.2369512333,0.4456219549,0.6272485347,0.4791851234,0.3833887838,0.4016257658,0.400084397,0.3218913247,0.8173478604,0.2942750598,0.9045426714,0.3715521555,0.3606669327,0.5731347738,0.4479933228,0.1388960262,0.9276978523
316.5,1,1,1,1,1,0.2374799702,0.4444551902,0.6262168679,0.4791622119,0.3824088883,0.406355498,0.3988982779,0.3241389634,0.817890256,0.2938322848,0.9044181895,0.3704604979,0.3609564284,0.5717012161,0.4476177597,0.1389668045,0.927695886
317,1,1,1,1,1,0.239164221,0.4442279211,0.6263573718,0.479212901,0.3840142235,0.4051658142,0.3985585398,0.3249984641,0.8180159367,0.2948259384,0.9040260951,0.370121912,0.3589418113,0.5709430012,0.4460282044,0.1395079042,0.9279097541
317.5,1,1,1,1,1,0.2402282502,0.4437185056,0.6266851067,0.4791234594,0.3836516935,0.4014388082,0.3968674358,0.322858616,0.8188524538,0.2947409461,0.9042577282,0.3683972359,0.3585323462,0.5722045999,0.4436479425,0.1383945034,0.9285649407
318,1,1,1,1,1,0.2375347645,0.4437074053,0.625511466,0.4798766975,0.3848814318,0.4005098104,0.3963600485,0.3228560528,0.8197835211,0.2950217737,0.9040635494,0.3709291724,0.3591631286,0.5707839775,0.4443182698,0.138034502,0.9284436079
318.5,1,1,1,1,1,0.2383329183,0.4428074628,0.6263258849,0.4832958947,0.3861877651,0.4038551266,0.3923738897,0.3200408315,0.8191235106,0.294848376,0.9043845393,0.3705526675,0.3612450493,0.5719197193,0.4444853195,0.1374685997,0.9282918447
319,1,1,1,1,1,0.2381648041,0.4434167507,0.627301264,0.4793270451,0.3874758582,0.404392558,0.3939189574,0.3191060019,0.8199913538,0.2955064428,0.9045178123,0.3707654915,0.3617880389,0.5747805209,0.4443665198,0.1381660165,0.9286395908
319.5,1,1,1,1,1,0.2401128171,0.4433555015,0.6271158012,0.4782663322,0.3859237027,0.4032024713,0.3960084354,0.3214017551,0.8199186953,0.2962904775,0.9041397055,0.3700779197,0.3620723247,0.5748058245,0.4435657181,0.1384029601,0.9276937684
320,1,1,1,1,1,0.2407229667,0.4421503737,0.6271140413,0.4815122312,0.3883101185,0.4062615857,0.3965971446,0.3221176594,0.8198088527,0.2946039439,0.904377877,0.3710507493,0.3610779594,0.5721809868,0.4445889417,0.1374283103,0.9274017937
320.5,1,1,1,1,1,0.2388429284,0.4438898535,0.6247283143,0.4826454753,0.387580975,0.4047862663,0.3970471566,0.3203525795,0.8196711702,0.2933534163,0.9056381197,0.3738716221,0.3583602501,0.5703364299,0.4456179844,0.1375049402,0.9275687718
321,1,1,1,1,1,0.2384390034,0.4434030523,0.624261431,0.4812959466,0.3880601435,0.4036841703,0.3979569576,0.3200521851,0.8180197936,0.294147123,0.9056188926,0.3714181674,0.3593990468,0.5708649575,0.4487948444,0.1374323484,0.9276732761
321.5,1,1,1,1,1,0.2399960745,0.4423326565,0.6265018946,0.4839444252,0.3871258333,0.4043160945,0.4003399669,0.3201587739,0.8191695128,0.2919670244,0.9060367296,0.3696139019,0.3604850911,0.5702935035,0.4483572414,0.1365746686,0.9273901279
322,1,1,1,1,1,0.2390939731,0.4421660656,0.626060902,0.4814285416,0.3884148822,0.4035761883,0.400443342,0.3210370038,0.8186205695,0.2932568442,0.9070605365,0.3688961829,0.3627095214,0.5712842573,0.4470146812,0.1358668743,0.9278957648
322.5,1,1,1,1,1,0.2373703115,0.4430209328,0.6258701066,0.4834315047,0.3893596784,0.4022810392,0.3996129143,0.3229625036,0.8185595351,0.2957650241,0.9064003587,0.3699139874,0.362953113,0.5732718414,0.4483166253,0.1356639539,0.9271496492
323,1,1,1,1,1,0.2402497181,0.4422010576,0.6262687,0.4816841918,0.3888647954,0.4051515235,0.3984141397,0.322697628,0.8190148022,0.2951348688,0.9057174102,0.3715022856,0.3644529878,0.5731295921,0.44913888,0.1370139521,0.9273820987
323.5,1,1,1,1,1,0.2390003192,0.4429835226,0.626349889,0.4802446578,0.3878513558,0.4037763913,0.3980397049,0.3232161209,0.8179616753,0.295745357,0.905265657,0.3722162596,0.3630748307,0.5736752999,0.4477279041,0.1369573346,0.9272058278
324,1,1,1,1,1,0.2382270237,0.4430466573,0.6270026452,0.4795006072,0.387941274,0.4015753241,0.39905855,0.3225301696,0.8180183395,0.2960133008,0.9055083679,0.3716115548,0.3613135164,0.5750625981,0.4462916635,0.1375904468,0.9272471713
324.5,1,1,1,1,1,0.2395034143,0.443021013,0.6279317045,0.4791198909,0.3868976926,0.3994378626,0.4002550757,0.3223129856,0.818406337,0.2932921914,0.9045423149,0.3691692317,0.3600725895,0.5735193852,0.4458607177,0.1385408432,0.927762774
325,1,1,1,1,1,0.2394588278,0.4449185669,0.6264413396,0.4808201334,0.3866144603,0.4034640901,0.4024499605,0.3211644327,0.8170695595,0.2939586756,0.9045101513,0.3694375976,0.3610615681,0.5694079909,0.4505702443,0.1387398823,0.9280225624
325.5,1,1,1,1,1,0.2366629369,0.4444195033,0.6266771654,0.4819139469,0.3861514656,0.4022257152,0.4023259969,0.3200951672,0.8166433199,0.2919970646,0.9052615907,0.3693913394,0.3597381993,0.5699905373,0.4475314121,0.1392940392,0.9280993462
326,1,1,1,1,1,0.2373048915,0.4423177875,0.6241690721,0.4826142529,0.3875956414,0.4039388746,0.3987675008,0.3197997236,0.8139915458,0.2915241558,0.9042546371,0.3713943137,0.3582636967,0.5694465798,0.4448808549,0.1395496965,0.927995347
326.5,1,1,1,1,1,0.2367671549,0.4413841518,0.6247966535,0.4822665941,0.3880114512,0.4033949587,0.3988828807,0.3192530802,0.813846107,0.292213184,0.904744735,0.3705735984,0.3582956865,0.568392701,0.442851307,0.1385823331,0.9275700132
327,1,1,1,1,1,0.2377037013,0.4428926588,0.6234019438,0.4835521343,0.3871674748,0.4050098608,0.399182518,0.3197110531,0.812177972,0.29262642,0.9038427988,0.3727114561,0.3582988929,0.5675098957,0.4404680922,0.1382435331,0.9272877264
327.5,1,1,1,1,1,0.2395194045,0.4443496974,0.6240709266,0.4823060333,0.3879029468,0.4049388047,0.3968271693,0.3198907231,0.8141843853,0.2941637951,0.9038525709,0.3724333671,0.3579649918,0.5711137843,0.4428987875,0.1377617203,0.9273313968
328,1,1,1,1,1,0.2391242421,0.4428013389,0.6255080208,0.4806610618,0.3886654614,0.4040323666,0.3991830357,0.3226759992,0.8148280831,0.295014088,0.9042729985,0.3711034104,0.3632444711,0.5726939527,0.4437323726,0.1376652227,0.9269849383
328.5,1,1,1,1,1,0.2376224974,0.4448458946,0.6251286899,0.480321286,0.3882759404,0.4048339224,0.399878292,0.3226280825,0.8152334762,0.2955487979,0.9042893769,0.3680130824,0.363827459,0.5720806376,0.4477789229,0.1380457737,0.9265583304
329,1,1,1,1,1,0.2369633478,0.4448844086,0.6256227995,0.4805255249,0.3895239931,0.4066757048,0.3997061369,0.3218873542,0.8147767847,0.2963613763,0.9043974043,0.3693022295,0.3628329277,0.5732848177,0.4476434596,0.1384249281,0.9261393149
329.5,1,1,1,1,1,0.2366090964,0.4471105819,0.6251370767,0.482445306,0.3894547644,0.4062070889,0.4000806321,0.3225958212,0.8160648372,0.2953089016,0.9044059189,0.3697319799,0.3599063623,0.5738591616,0.4489090046,0.139770865,0.9258124592
330,1,1,1,1,1,0.2379609737,0.4465493583,0.6236533803,0.4807623101,0.3870005537,0.4049708943,0.3997185479,0.3234229052,0.8158130722,0.2942065825,0.9037705913,0.370596479,0.3593099359,0.5739247277,0.4489669893,0.138859833,0.9254228564
330.5,1,1,1,1,1,0.2387770516,0.4456382505,0.6224087048,0.4826313143,0.3864360402,0.4030717756,0.3980409178,0.3242305799,0.8187532652,0.2943344009,0.9034881888,0.37084839,0.3603400486,0.5713625272,0.445795575,0.1390225621,0.9253990518
331,1,1,1,1,1,0.2405194487,0.4430463448,0.6230298455,0.4837329005,0.3871081803,0.4029646118,0.3967511434,0.3234252584,0.8191533553,0.2946395885,0.9036024876,0.3705054236,0.3606822012,0.5738316339,0.4465213251,0.1391694771,0.9250929607
331.5,1,1,1,1,1,0.2395219341,0.4416561746,0.6229155568,0.4838286727,0.3868798507,0.4040849735,0.397852767,0.3235626492,0.8201728384,0.2925315974,0.9045174621,0.3712174884,0.3590015766,0.5741566019,0.4462823715,0.1388555742,0.926169757
332,1,1,1,1,1,0.2374003267,0.4418255594,0.6230011705,0.482485321,0.3878768904,0.4056868196,0.3990630385,0.3214509308,0.8202473075,0.2911818925,0.9048317097,0.3701122322,0.3602069485,0.5702710307,0.4449545969,0.13901389,0.9270489072
332.5,1,1,1,1,1,0.2368393584,0.4419580781,0.6237325543,0.4824806355,0.3883022676,0.4046889065,0.3974712763,0.3214737912,0.8204116389,0.2918296426,0.9053109684,0.3705974674,0.3624138122,0.5688657327,0.4454618225,0.1386674812,0.9262134449
333,1,1,1,1,1,0.2393086403,0.4426925743,0.6242722731,0.481750573,0.3876226162,0.4033112559,0.3995954457,0.3230782656,0.819564699,0.2934939214,0.9057727134,0.3716730898,0.3632511767,0.5694565622,0.4443458565,0.1387023888,0.9267303823
333.5,1,1,1,1,1,0.239888584,0.4459222096,0.6241421586,0.4830893836,0.3882290445,0.4045880649,0.3992930613,0.3216940871,0.8191082351,0.2929948289,0.9064241029,0.3693091102,0.3624036595,0.5713412381,0.4433513526,0.137683283,0.9277694165
334,1,1,1,1,1,0.2409040391,0.4456449745,0.6226058502,0.4808239722,0.3883206243,0.4048835181,0.3990468065,0.3199142899,0.8191454469,0.294701514,0.9067332906,0.3703372861,0.3629442686,0.5704063522,0.4453308961,0.1381587299,0.927464087
334.5,1,1,1,1,1,0.2407741319,0.447103198,0.6239704735,0.4798542143,0.3876454778,0.4030442359,0.401465997,0.3205197371,0.8175161602,0.2962219122,0.9057208318,0.3717699893,0.3618900186,0.5719406178,0.4449499194,0.138328785,0.9275774204
335,1,1,1,1,1,0.2397676431,0.4467837238,0.6238355362,0.4821001636,0.3856459128,0.4047709492,0.3997742281,0.3187909353,0.8181109656,0.2937381081,0.9052198404,0.3692617729,0.3623218413,0.5737793406,0.4473960139,0.137001201,0.9283015048
335.5,1,1,1,1,1,0.2392844892,0.4468889697,0.6257435565,0.4818688061,0.3866321415,0.4020029936,0.3970720768,0.3206999705,0.8176721068,0.2945915039,0.9062890741,0.3698316624,0.3613309132,0.5754942632,0.4480793093,0.1367516516,0.9289590906
336,1,1,1,1,1,0.2394399623,0.4466746651,0.6244857214,0.4816006184,0.3871848289,0.4053651381,0.3981642301,0.3194507907,0.8172956343,0.2954290466,0.90621735,0.3722439765,0.3614735067,0.5771209858,0.4497536301,0.1382471175,0.9280255339
336.5,1,1,1,1,1,0.2382871961,0.4461376099,0.6239397781,0.4805781872,0.3875784032,0.4042592418,0.3963565082,0.3196524724,0.8171553325,0.2974552975,0.9065072543,0.36961084,0.3616767112,0.5748318333,0.4490275583,0.1384272143,0.9277331051
337,1,1,1,1,1,0.240697917,0.4464452409,0.6225517752,0.480796339,0.3875960781,0.4031318558,0.3943284619,0.3232399257,0.81788312,0.2975080549,0.9054004068,0.3711209306,0.361481938,0.5726844552,0.4457538941,0.1388595437,0.9270112211
337.5,1,1,1,1,1,0.2418905718,0.4459803069,0.6233199872,0.4797267972,0.387927823,0.4034218274,0.3940487112,0.3222958449,0.817405196,0.2980417598,0.9057941038,0.3727414647,0.3644477551,0.5713534065,0.4470151719,0.1385632334,0.9276135229
338,1,1,1,1,1,0.2419917428,0.446518033,0.6242499206,0.4812769533,0.3865350829,0.4037399944,0.3960404951,0.3213628587,0.8173979992,0.2963358327,0.9065553952,0.3719888574,0.3659561034,0.5719571583,0.4474393221,0.1393591816,0.9277733844
338.5,1,1,1,1,1,0.2420852284,0.4468168825,0.6257160417,0.4818687877,0.3889086334,0.4005279078,0.3944085468,0.3218305929,0.8167208185,0.2965158222,0.9063789262,0.37203201,0.3632731665,0.5726272104,0.4458352241,0.1389938308,0.92796684
339,1,1,1,1,1,0.2406604105,0.4455257184,0.6241642263,0.4826806367,0.3915068963,0.4019471565,0.3937226774,0.32064839,0.8165206035,0.2973642676,0.9073802456,0.3727651074,0.3624768586,0.5710953751,0.446327509,0.1392559029,0.9272859575
339.5,1,1,1,1,1,0.238562653,0.4461489067,0.625235298,0.4823783662,0.3903716561,0.4040915861,0.3932518198,0.3173719147,0.8175088196,0.2958153129,0.9061280076,0.3721093525,0.361565726,0.5707306214,0.4473061326,0.1391623442,0.9277616186
340,1,1,1,1,1,0.2376963236,0.4474189562,0.6245140634,0.4818029752,0.3894173795,0.4036923087,0.3969517812,0.3184772617,0.8175274171,0.2945646119,0.9054708637,0.3705361411,0.3616725409,0.5709790331,0.4472299527,0.1388108843,0.9279246641
340.5,1,1,1,1,1,0.2391741351,0.4468866402,0.6248114894,0.4830420901,0.3890434095,0.4045130725,0.3973181282,0.3184379757,0.8169629503,0.2976769004,0.9053518066,0.3716227689,0.3639804822,0.5715194521,0.4469307664,0.1398936595,0.9286037138
341,1,1,1,1,1,0.2382843212,0.446530166,0.6241424972,0.48082646,0.3886234979,0.4030567593,0.3964772771,0.3182947753,0.8159931176,0.2965009603,0.9043826739,0.3708941286,0.3655941053,0.5751758776,0.4445255907,0.1399200366,0.9276414185
341.5,1,1,1,1,1,0.2363062678,0.4457653091,0.6237587515,0.4818058235,0.3886661054,0.4031216529,0.3969226575,0.3202022024,0.8169932538,0.2941478871,0.9046382248,0.372689221,0.3654394954,0.5756143346,0.4440628101,0.1405683244,0.92728077
342,1,1,1,1,1,0.2368621407,0.4461579539,0.624600962,0.4847633736,0.3899401754,0.4043087596,0.3971933093,0.323100544,0.8192024015,0.2963987606,0.9047158793,0.3734095066,0.3637551154,0.5732238264,0.4440400982,0.1403963232,0.9266505642
342.5,1,1,1,1,1,0.2340852512,0.4449642393,0.6254757948,0.4831321795,0.3897868408,0.406714573,0.3978905009,0.3225761844,0.8187585354,0.2959131879,0.9046399104,0.3719497815,0.3641260511,0.5735487412,0.4437986282,0.1415708975,0.9264368095
343,1,1,1,1,1,0.2359091601,0.4448636278,0.6237944421,0.481018556,0.3884925511,0.4069823271,0.3988432278,0.3238470731,0.815734602,0.292345896,0.9049325246,0.3708758287,0.3637818421,0.5747957779,0.4428440088,0.143938607,0.9256557877
343.5,1,1,1,1,1,0.234684648,0.4438402355,0.6270245684,0.4823806922,0.3875578224,0.4058569303,0.3983080827,0.3215922306,0.8161065814,0.2932805646,0.9049302293,0.3709020994,0.3634878906,0.5734757153,0.444277749,0.1437075129,0.9253204321
344,1,1,1,1,1,0.2348918349,0.4414201177,0.628049877,0.4830440177,0.3857270761,0.4065404536,0.4009569105,0.3206607116,0.8172244423,0.2924169138,0.904636757,0.3717663358,0.3641744473,0.5744654353,0.4476178405,0.1434939098,0.92575066
344.5,1,1,1,1,1,0.2347595001,0.4425865636,0.6256042579,0.4823427038,0.384948079,0.4071985453,0.4042843606,0.323236253,0.8176745754,0.2935467456,0.9048712364,0.3745306908,0.3628226021,0.5740697996,0.448032949,0.1425854807,0.9264098389
345,1,1,1,1,1,0.2368338546,0.4425245664,0.6255763571,0.4825334196,0.3844342032,0.4065653439,0.4032325431,0.3224836348,0.8175787278,0.2937147756,0.9062446872,0.3741811652,0.3632444673,0.5734955908,0.4476664557,0.1415754465,0.9262665284
345.5,1,1,1,1,1,0.2382639888,0.4425009419,0.6255712337,0.483550417,0.3833054975,0.4062617204,0.4013582021,0.3217939983,0.817296944,0.2954813897,0.9058593798,0.3730466633,0.3627439567,0.572502321,0.4459869025,0.1415080325,0.9267207252
346,1,1,1,1,1,0.2378573736,0.4431578724,0.6239377398,0.4852338298,0.3836172025,0.4040139518,0.4009851899,0.3205465401,0.8165962226,0.2949290097,0.9060475318,0.3719812935,0.363930203,0.5725855178,0.4444511345,0.1401729972,0.9262321757
346.5,1,1,1,1,1,0.2374333716,0.4428771075,0.624108706,0.4845717704,0.383014173,0.404512351,0.3999880749,0.3199016703,0.8166450109,0.2928871334,0.9060632655,0.3712677176,0.3627588711,0.572118592,0.4475730441,0.1405424387,0.9257337739
347,1,1,1,1,1,0.2380848265,0.4438067096,0.6260556271,0.4820561319,0.3837188173,0.407158367,0.3988006744,0.3227506771,0.814892582,0.2947220959,0.9064862862,0.3698625495,0.3641536674,0.5710762407,0.4494107147,0.1398801254,0.9254583744
347.5,1,1,1,1,1,0.2372135912,0.4442320359,0.626289252,0.4794851011,0.384498548,0.4060384808,0.4015807942,0.3237155616,0.8140105404,0.2963788371,0.9063401839,0.3712504717,0.3640938501,0.5705025189,0.4481835788,0.1393876359,0.9257857408
348,1,1,1,1,1,0.236405642,0.4437743206,0.6262853582,0.4805854715,0.3841635678,0.4063904478,0.400202881,0.3228977068,0.8136651063,0.2956910558,0.9059709074,0.3719639523,0.362158104,0.5709921487,0.4475707985,0.1408878144,0.9250016483
348.5,1,1,1,1,1,0.2362815858,0.4439184962,0.6248988483,0.4826173992,0.3846073232,0.4064743267,0.4031734442,0.3239810282,0.814654427,0.2956568204,0.9050827437,0.368150711,0.3626807723,0.5746138808,0.447829484,0.1403869737,0.9247331985
349,1,1,1,1,1,0.236577735,0.4453960152,0.6268371982,0.4804175802,0.3853168719,0.4043970214,0.4019756997,0.3222524102,0.8147403949,0.2942429199,0.9058960542,0.3672212697,0.3628091872,0.5736439298,0.4449731393,0.1407115681,0.9257764151
349.5,1,1,1,1,1,0.2350586396,0.4463058502,0.6253989745,0.4818028195,0.3828611764,0.4019758281,0.3997188613,0.3219274153,0.8156095126,0.2937646482,0.9058283687,0.3699689698,0.360569075,0.5744836564,0.445332447,0.139822236,0.925841046
350,1,1,1,1,1,0.2361071158,0.4442411856,0.6245875901,0.4821570313,0.3836985387,0.4050714711,0.4000325776,0.3220836611,0.8160418721,0.2918248018,0.9050961623,0.3694687498,0.36049272,0.5733512212,0.4489386507,0.1390385734,0.9259299408
350.5,1,1,1,1,1,0.2377665572,0.443528738,0.6249219528,0.4800941124,0.383825023,0.4045003463,0.4019057708,0.3222684807,0.8151832031,0.2921209198,0.9049958379,0.3700943925,0.3591949136,0.5734079599,0.4473621784,0.1384464925,0.9261928603
351,1,1,1,1,1,0.2365004833,0.4434314377,0.6248756211,0.4791227072,0.3836569069,0.4059384168,0.3993200915,0.3219963917,0.8153805337,0.2926852196,0.9054272313,0.3688929026,0.3575958449,0.5740809078,0.4463021749,0.1378321949,0.9261356898
351.5,1,1,1,1,1,0.2362560451,0.4447912281,0.6265400142,0.4804704841,0.385477749,0.404004711,0.4007556389,0.3232617094,0.8147339217,0.2936003911,0.9055859341,0.3716360877,0.3576547744,0.5752300693,0.4474620016,0.1391224591,0.9271562001
352,1,1,1,1,1,0.2353160307,0.4468689513,0.6266438397,0.4797852536,0.3837687648,0.4028356255,0.4010570962,0.3241185617,0.8150076912,0.2935747974,0.9051553512,0.3704067365,0.3552321534,0.5732331147,0.4479289978,0.1388202133,0.9271131966
352.5,1,1,1,1,1,0.2351227244,0.4477607803,0.6271606282,0.4796076367,0.3840302735,0.4022067068,0.4022751235,0.3234786818,0.8160759652,0.295172076,0.9053368595,0.3695130302,0.3577221047,0.5703693035,0.4489469254,0.1397611097,0.9271816066
353,1,1,1,1,1,0.2360331217,0.4475437326,0.6285428275,0.4807107116,0.3852977519,0.4032332152,0.3998199411,0.3254563817,0.8171263441,0.296925541,0.9061389731,0.3699625551,0.3577147098,0.5717995113,0.4479435867,0.1380161463,0.9265874001
353.5,1,1,1,1,1,0.2355867838,0.4453516109,0.6270563516,0.4827083758,0.384141838,0.4030455622,0.4001025383,0.3252136377,0.8185730836,0.2971928921,0.9052346865,0.3691821508,0.3589371321,0.5721923412,0.4452752199,0.1377729946,0.9268747896
354,1,1,1,1,1,0.236405376,0.4464580618,0.6262700483,0.4819814544,0.3847438257,0.4032419456,0.4003012739,0.3249000085,0.8187900616,0.2970019834,0.9058737013,0.3686298582,0.3568386594,0.571705683,0.4470785444,0.1387313463,0.9273680072
354.5,1,1,1,1,1,0.2367356997,0.445132131,0.6258750715,0.4847115493,0.3845480621,0.4044921016,0.4005505345,0.3238626886,0.818684896,0.2983076049,0.9056320482,0.3698381126,0.354262766,0.5711350579,0.4459633505,0.138240184,0.9277382441
355,1,1,1,1,1,0.2356784197,0.4423838064,0.6262254105,0.4852452431,0.3849586105,0.4042487582,0.4022138195,0.323556132,0.8176039674,0.2980178349,0.9063406828,0.3716262789,0.3567419346,0.5709495905,0.4455376638,0.1369753455,0.927487117
355.5,1,1,1,1,1,0.237722941,0.4426295004,0.6258577254,0.4829973213,0.3880683722,0.4048982832,0.4015218992,0.3231019599,0.8188513654,0.2967039933,0.9062967707,0.3697008002,0.3569706696,0.5728776345,0.4457879742,0.1376319597,0.9275276779
356,1,1,1,1,1,0.2373686928,0.4415619313,0.624035327,0.4828449048,0.3874959482,0.4047778033,0.401070174,0.3222914558,0.819216341,0.2960583376,0.9057566323,0.3691097394,0.3577717035,0.5743742265,0.4455093189,0.1369238022,0.927417832
356.5,1,1,1,1,1,0.2376165083,0.4411452705,0.6243624153,0.4824697172,0.3883141385,0.4066123512,0.4008967565,0.3253290243,0.8184611243,0.2980279604,0.9057692387,0.3709624704,0.3607613213,0.5751515494,0.4463005545,0.1362231531,0.9270818306
357,1,1,1,1,1,0.2366044743,0.4435459152,0.623909316,0.4847690318,0.3888588459,0.4067095418,0.3984627379,0.3231706274,0.8189503068,0.3001304891,0.9058284146,0.3740700535,0.3607024901,0.5755683457,0.4441830479,0.1362620855,0.9273470249
357.5,1,1,1,1,1,0.2369566674,0.4460976423,0.6241945661,0.4843262096,0.3873255099,0.4062550505,0.40004391,0.3235239173,0.8172905646,0.2999359517,0.9058067225,0.3745634201,0.3603130585,0.5767631467,0.443374948,0.1357411106,0.9272430076
358,1,1,1,1,1,0.2355526457,0.4468084188,0.6255878077,0.483764374,0.386127849,0.4049681305,0.4007263433,0.3225772312,0.8168771973,0.2979103895,0.9065693277,0.3751170678,0.3603995915,0.5739179431,0.4462664174,0.1347624013,0.9275178344
358.5,1,1,1,1,1,0.2350057614,0.4472047671,0.622837189,0.4818928023,0.3855198843,0.4066326726,0.3989855884,0.3236512229,0.817517031,0.294408421,0.9068454595,0.3727673149,0.359726707,0.5731233142,0.4472148592,0.1350700945,0.927346226
359,1,1,1,1,1,0.2331140995,0.4443717,0.6255464083,0.4831603097,0.3860278274,0.4037465992,0.4019266357,0.3243930769,0.8172200264,0.2957163757,0.9077468075,0.3734592408,0.3611846169,0.5735442936,0.4464050944,0.1349474153,0.9272809682
359.5,1,1,1,1,1,0.2355451684,0.446835012,0.6266975619,0.4807814462,0.3853385904,0.4037211568,0.4020915978,0.3241900975,0.8183125863,0.2968135922,0.9074871265,0.3694125658,0.3637098164,0.5746406551,0.4475184632,0.1343961616,0.9274451631
360,1,1,1,1,1,0.2369787483,0.4431515069,0.6239444081,0.4815578262,0.3858890112,0.4026348488,0.4006476753,0.3250323805,0.818370237,0.2976636167,0.9084978922,0.3692605557,0.3630838332,0.5755155539,0.4470266664,0.1336936528,0.9267491706
360.5,1,1,1,1,1,0.2359088616,0.4429487528,0.6245055361,0.4789362816,0.3850378948,0.4039419434,0.4000644667,0.3225121686,0.8173026148,0.298727626,0.9087049646,0.3709494875,0.3617546035,0.5745575652,0.4459958681,0.1333302735,0.9269220987
361,1,1,1,1,1,0.2357294046,0.4438440099,0.6251151211,0.4818229479,0.3844073333,0.4028204264,0.4011048048,0.3227517609,0.8165807102,0.297518126,0.9080949978,0.3697961569,0.3610005252,0.5742592561,0.4449274525,0.1338970669,0.9275256508
361.5,1,1,1,1,1,0.2368421113,0.4435796936,0.6233568379,0.482069061,0.3871491133,0.4038889201,0.4001895255,0.3220315,0.8169011849,0.2983149121,0.9073219757,0.3710025473,0.3603235289,0.5739286229,0.4454647171,0.1335648143,0.9271203513
362,1,1,1,1,1,0.2369231837,0.4451328924,0.6254569669,0.4831506715,0.3863366852,0.4031368773,0.3991148911,0.3211706851,0.8177748844,0.2987968018,0.9069931034,0.3713807539,0.3621987653,0.5742433467,0.4458875852,0.1321699193,0.9271872497
362.5,1,1,1,1,1,0.238066699,0.4458858788,0.6276867488,0.4846676463,0.3861057585,0.4039909355,0.3983201235,0.3200114228,0.817204446,0.2967487804,0.9073052315,0.3701234438,0.3618814026,0.5776099913,0.4471651571,0.13262502,0.9266583137
363,1,1,1,1,1,0.2382878569,0.444156653,0.6263911454,0.4838859919,0.3865685948,0.4022885301,0.3995167257,0.3224614776,0.8164595293,0.2929833857,0.9074772552,0.3696365359,0.3625208124,0.5774777119,0.4443615245,0.1315656865,0.9273307802
363.5,1,1,1,1,1,0.2387920178,0.4428280815,0.6270803482,0.4828378236,0.3848829692,0.4019299617,0.3999142862,0.3232103949,0.8164120098,0.2935297507,0.9075955205,0.3681258212,0.3605867311,0.5764677148,0.4465546276,0.1313837988,0.927090136
364,1,1,1,1,1,0.2388360871,0.4437934342,0.6253594788,0.4819586204,0.3834869105,0.4019106674,0.3998361503,0.3227270713,0.8184297765,0.295763303,0.9074027914,0.368492111,0.3576341523,0.5738102403,0.448201984,0.1311654523,0.9270829611
364.5,1,1,1,1,1,0.2394008938,0.4456377755,0.6249573645,0.4813660378,0.3845755949,0.4013918842,0.4008373936,0.3204456973,0.8181645152,0.2933946403,0.9073873982,0.3659658857,0.3570180273,0.5748299676,0.448607322,0.130983367,0.9269519992
365,1,1,1,1,1,0.2399143725,0.4424400553,0.6261309593,0.4811868665,0.3868244276,0.4013039391,0.3979341363,0.321140692,0.8197192322,0.2960755306,0.9069429844,0.3669042762,0.3571735528,0.577475321,0.445926232,0.1304178725,0.9271204689
365.5,1,1,1,1,1,0.2379255743,0.4421134735,0.6243072591,0.4832988895,0.3881435093,0.4031272872,0.3952461304,0.323244144,0.8180742236,0.2962923987,0.906302141,0.3669241096,0.3577676797,0.5774247739,0.4467855417,0.1298841699,0.9264875698
366,1,1,1,1,1,0.2366648532,0.4453714931,0.625496458,0.4823472647,0.3867681915,0.4023581071,0.397519894,0.3237443656,0.8193077579,0.2936518069,0.906537842,0.3661458111,0.3561122013,0.5742774276,0.4455617627,0.1303782656,0.9267137149
366.5,1,1,1,1,1,0.235453209,0.4465850947,0.624908173,0.4815611459,0.3886013168,0.4020595121,0.3964006794,0.323046057,0.8192444984,0.2946529389,0.9061978197,0.364980777,0.3547341271,0.5712877554,0.4446484722,0.1301407315,0.9272756411
367,1,1,1,1,1,0.2342768752,0.4460215011,0.6244901029,0.4828466828,0.3886926651,0.4047007787,0.3952772804,0.3205043388,0.8193297291,0.2935377614,0.9051370276,0.3668250477,0.3575916636,0.5702826179,0.4461855066,0.1289095354,0.9269854136
367.5,1,1,1,1,1,0.2319846219,0.445359518,0.6272947214,0.4825452459,0.3896061975,0.4033773459,0.3956532107,0.3208168369,0.8185369458,0.2935816565,0.9057637903,0.3664455388,0.3590767868,0.5703856685,0.4431776497,0.128401114,0.9274177794
368,1,1,1,1,1,0.2325559206,0.44207004,0.625499988,0.4826530709,0.3896545867,0.4044510019,0.3971400953,0.3211973878,0.8192860643,0.2953207614,0.9057498455,0.3687900723,0.3586485141,0.5687577662,0.4433325828,0.1287025023,0.9270477028
368.5,1,1,1,1,1,0.2340104208,0.4441388511,0.6259587094,0.4825406395,0.3906328058,0.4065020695,0.3965130997,0.3202213018,0.8189112243,0.2937947895,0.9063363488,0.3689594928,0.3581083837,0.5686238911,0.4446333585,0.1285473355,0.9262633617
369,1,1,1,1,1,0.2368534546,0.445554929,0.62702073,0.4826063347,0.3897118377,0.4048884116,0.399568485,0.3205021724,0.8170492071,0.2940873816,0.9062836698,0.3729666089,0.3590506771,0.5706574836,0.4448181351,0.1295176139,0.9260743184
369.5,1,1,1,1,1,0.2374497714,0.4459338142,0.6271315984,0.4804438394,0.3909210065,0.4038241599,0.3999276913,0.3207873534,0.8174848569,0.2963561731,0.9061850974,0.3732741733,0.3562828467,0.5694396306,0.4441026356,0.1308634277,0.9261996619
370,1,1,1,1,1,0.2361987355,0.443972729,0.6280775681,0.4806821885,0.38962281,0.4045263784,0.3974354483,0.3204828322,0.8169827403,0.2952574532,0.9061331364,0.3732613443,0.3575411411,0.572305541,0.4460327225,0.1315485176,0.9263636658
370.5,1,1,1,1,1,0.2359569431,0.4422679979,0.6259474808,0.4820764043,0.3901021938,0.4065327349,0.3954035628,0.3191263578,0.8172794489,0.2937038447,0.9063030527,0.3721426351,0.3575666993,0.5725779994,0.4458970387,0.1310309121,0.9261442832
371,1,1,1,1,1,0.2363496858,0.4424899801,0.6249036002,0.4841574179,0.389776323,0.4060607859,0.3959668034,0.3185807999,0.8171712223,0.2934090038,0.9061449234,0.3741241152,0.3566409994,0.5716162068,0.4473992354,0.1318177245,0.9257850394
371.5,1,1,1,1,1,0.2354888428,0.4455745995,0.6244809957,0.4870510872,0.3896887703,0.4042112243,0.3965268986,0.3200276382,0.8173068393,0.2900401551,0.9057083432,0.3713556786,0.3605657045,0.5745456523,0.4475012986,0.1324802648,0.9264921969
372,1,1,1,1,1,0.2360138433,0.4460796703,0.625893473,0.4863788645,0.3894015575,0.4030886449,0.3967952441,0.3194507081,0.8180455868,0.2920520606,0.9045218532,0.3713407205,0.3611370558,0.5725137853,0.4475639093,0.1340367369,0.9262875217
372.5,1,1,1,1,1,0.2366931308,0.4461216666,0.6246453279,0.4853332635,0.3910643079,0.4030274065,0.3975239753,0.3205935324,0.818469954,0.2918236921,0.9052240205,0.3692295857,0.3620014483,0.5725362092,0.4445807174,0.1344037086,0.9266583002
373,1,1,1,1,1,0.2367445561,0.4451135015,0.6243758622,0.485476519,0.3885604826,0.40436984,0.3973796601,0.3197009364,0.819821866,0.292540741,0.90562315,0.3714080067,0.3612758982,0.5713302008,0.4455637194,0.134803714,0.9269573744
373.5,1,1,1,1,1,0.2399287307,0.4463282601,0.6252169012,0.484044184,0.3867102566,0.4052250735,0.394101767,0.3215343037,0.8184450459,0.2915664888,0.9050618013,0.369909398,0.3638128098,0.5706398429,0.4463295776,0.1348491363,0.9268848633
374,1,1,1,1,1,0.2391929699,0.4456948976,0.6221077572,0.4836768521,0.3855589231,0.4066239452,0.3960594563,0.3221223892,0.8186045077,0.2927051247,0.9049622157,0.3710544491,0.3641966266,0.5720082022,0.4451514212,0.1355588602,0.9282213569
374.5,1,1,1,1,1,0.2382285164,0.447178842,0.6227023146,0.485319052,0.3870595533,0.4074906969,0.3979343577,0.3225573436,0.8203123613,0.2922249975,0.9052172549,0.3704082865,0.3641495665,0.5730260447,0.4451323894,0.135427363,0.9284630912
375,1,1,1,1,1,0.2365699637,0.4490233023,0.6226763818,0.4869385902,0.3880720173,0.4069044459,0.3971561587,0.3220444938,0.8203930343,0.2924141018,0.9046709274,0.3684176046,0.3630347497,0.5726048789,0.4485749252,0.1338295915,0.9284152854
375.5,1,1,1,1,1,0.2364636675,0.4443341517,0.624105418,0.4844926825,0.3875977898,0.4061324134,0.3981408375,0.3214010134,0.8186895101,0.2923770102,0.9037107008,0.3702020055,0.3622904301,0.573934457,0.4478652805,0.1343409524,0.9280833044
376,1,1,1,1,1,0.2377916458,0.4468476273,0.6262049781,0.482880194,0.3876440857,0.4073934728,0.3990327514,0.321081422,0.8190790527,0.2929173725,0.9040553781,0.3693120273,0.3623532193,0.5730361005,0.4458240445,0.1350617152,0.9272683102
376.5,1,1,1,1,1,0.2360966593,0.446133716,0.6263771886,0.4851833622,0.3866365635,0.4040077523,0.3992001428,0.3197373504,0.819589341,0.2923913928,0.9039676125,0.3697084413,0.3632966699,0.5715905204,0.4455503799,0.1359543331,0.9267815244
377,1,1,1,1,1,0.236242325,0.4465836484,0.6289264546,0.4853330831,0.3850791355,0.4023739147,0.3973290665,0.3224100495,0.8208032324,0.2939347224,0.9047142971,0.3694819534,0.3619777505,0.5719809223,0.4449951345,0.1360332658,0.9272559398
377.5,1,1,1,1,1,0.2357909409,0.4467835328,0.6269126778,0.4863856084,0.3848032798,0.4036602127,0.3980655911,0.3206120965,0.8186943923,0.2933052223,0.9041841173,0.3704734033,0.3604683321,0.5728782282,0.4461958536,0.1365077386,0.9275460102
378,1,1,1,1,1,0.2362877806,0.4470942688,0.6250944832,0.4856079375,0.382229986,0.4043188302,0.3988612389,0.3205175484,0.8167848075,0.2937773535,0.9044149018,0.3708184018,0.3609879767,0.5725499325,0.4473786687,0.1351699568,0.9275991995
378.5,1,1,1,1,1,0.2363849498,0.4477774784,0.6271960289,0.4841348264,0.3838422811,0.4030850453,0.4000491241,0.3213346482,0.8159452329,0.293647328,0.9042316409,0.3704437358,0.3611873767,0.5696736751,0.4476635553,0.1358991563,0.927465147
379,1,1,1,1,1,0.2371823836,0.4478786501,0.6286130226,0.4820080961,0.3862885391,0.4052895135,0.3996697896,0.3212906917,0.8172713808,0.2961015069,0.9039735111,0.3714036606,0.3592198423,0.5723471734,0.4461772967,0.1372948509,0.9276584495
379.5,1,1,1,1,1,0.2371059496,0.4470583719,0.626796092,0.4798967501,0.3895168513,0.4064893929,0.3990166223,0.3205692303,0.8180559243,0.2976694947,0.9038167559,0.3713553704,0.3590733762,0.5742135596,0.4481072174,0.1377962763,0.9270138706
380,1,1,1,1,1,0.2378680102,0.4466301165,0.6289870617,0.4815739214,0.3883812312,0.4049104169,0.4000288447,0.3197949498,0.8176852731,0.2963828468,0.9034849382,0.3705336494,0.3590252072,0.5730303178,0.4493081167,0.1375186185,0.9266199806
380.5,1,1,1,1,1,0.2364042246,0.4466123558,0.6250719866,0.4828569373,0.3878457728,0.4061063977,0.3985217222,0.3206800175,0.8168455425,0.2954988452,0.9033504457,0.3694107622,0.3574408443,0.5742920619,0.4463923977,0.1378325063,0.9265890901
381,1,1,1,1,1,0.2387323986,0.4458773123,0.6245173345,0.4818707215,0.3872391272,0.405324589,0.3978640726,0.3207034616,0.8163538062,0.2936470759,0.9040948583,0.3705504984,0.3577851575,0.5717790257,0.4450361453,0.1370286088,0.9273780373
381.5,1,1,1,1,1,0.2382442001,0.4452344394,0.624469515,0.4807993167,0.3856153605,0.4065668961,0.3993755661,0.3209087216,0.8164991913,0.2927284687,0.9050573709,0.3697553025,0.3597383074,0.570386033,0.4469183603,0.1368896051,0.9275775251
382,1,1,1,1,1,0.2372956003,0.4419092253,0.6244308032,0.4867989655,0.3863926461,0.4055102578,0.4009765472,0.3208845469,0.8161432435,0.2939962881,0.9052444586,0.3710577167,0.3593865504,0.5688023571,0.4461210388,0.1378124801,0.9275805954
382.5,1,1,1,1,1,0.2367542101,0.4410676219,0.6260851584,0.4873906286,0.3845261061,0.404680394,0.4013967406,0.322592611,0.8164532854,0.2948987006,0.9060890468,0.3705975834,0.3590952772,0.5691827908,0.4467979319,0.1356757256,0.9279444886
383,1,1,1,1,1,0.2364457336,0.4423200824,0.6242865135,0.4870550404,0.3829380573,0.4053134729,0.4010907649,0.323359361,0.8162082002,0.2960573379,0.9067951773,0.370538714,0.3568927155,0.570296064,0.4457160641,0.1356820434,0.9279210343
383.5,1,1,1,1,1,0.2370244917,0.443501394,0.6278380412,0.4864489646,0.3849159667,0.4057477737,0.3982895215,0.3224071173,0.8178281422,0.2958796771,0.9065282129,0.3721108254,0.3601765436,0.5683850667,0.4482559958,0.1369328199,0.9278205887
384,1,1,1,1,1,0.2369226185,0.4457304544,0.6277054209,0.485417123,0.3873256018,0.4053593361,0.3975923964,0.3231905896,0.8183260816,0.2981017558,0.9071309922,0.373200786,0.3597751014,0.5707591319,0.4460906092,0.1367241941,0.9275869946
384.5,1,1,1,1,1,0.2369387712,0.4454908094,0.6266411308,0.4836551983,0.3878082544,0.4047637675,0.3976397475,0.323022348,0.8175246385,0.2969507931,0.9074844208,0.3732480633,0.3617272149,0.5741049628,0.4477413203,0.1360662905,0.9272365325
385,1,1,1,1,1,0.2356890737,0.4478469349,0.6249501205,0.4822199096,0.3874291856,0.4079252537,0.4006783002,0.3219866004,0.8155760089,0.2983856077,0.907031416,0.3719375375,0.3585053558,0.5748923269,0.44530299,0.1346292139,0.9268554382
385.5,1,1,1,1,1,0.2362440014,0.4444234699,0.6251297135,0.4788178885,0.3869232125,0.4060697557,0.4005906304,0.3234812286,0.8158246163,0.2976523523,0.9069410385,0.3717249023,0.3565409562,0.574020606,0.4450725486,0.1343472714,0.9272602734
386,1,1,1,1,1,0.2354746266,0.4417083889,0.6260752606,0.4801203902,0.3890757334,0.4057847104,0.3991073698,0.3227085851,0.8166450312,0.2969652731,0.9063753139,0.3734484791,0.3595859658,0.5758127018,0.4459881373,0.1345138971,0.9263091222
386.5,1,1,1,1,1,0.2367704962,0.4428439273,0.6262784153,0.4800207465,0.3891982232,0.4043349475,0.4010466167,0.3225113533,0.8180556141,0.2951915132,0.905722402,0.3705707252,0.3620817742,0.5744645899,0.4467432756,0.133988921,0.9263765184
387,1,1,1,1,1,0.2376885506,0.4422817116,0.6257130281,0.4824013053,0.3902992278,0.4045483079,0.3976184297,0.3225005104,0.8169701994,0.2968924827,0.9056154727,0.3701469947,0.3640749111,0.5746827279,0.4469991707,0.1347433939,0.927238944
387.5,1,1,1,1,1,0.2366156954,0.443913663,0.6269944568,0.4840121871,0.3884074245,0.4041798843,0.3986678101,0.3210674328,0.8166468883,0.2946155941,0.9068051766,0.370162362,0.3620987638,0.5728881981,0.4485844843,0.1352621534,0.9276097551
388,1,1,1,1,1,0.2364310311,0.4463834448,0.6273269256,0.4844834371,0.3871776759,0.4026059533,0.3983722964,0.3223897373,0.8170222554,0.2925490511,0.9070526581,0.370881793,0.3634849636,0.5716883634,0.4479682976,0.1350092498,0.9277393446
388.5,1,1,1,1,1,0.2348814394,0.4443447039,0.6270761387,0.4856732626,0.3895277791,0.4048034793,0.3966853881,0.3215004048,0.8177317274,0.2946669682,0.9065949827,0.3691302839,0.3643999441,0.5701194313,0.4472026934,0.1359254701,0.9272399702
389,1,1,1,1,1,0.2362671162,0.4461300929,0.6291879948,0.4845957284,0.3894614295,0.4027784326,0.3953228992,0.3206204765,0.8177492742,0.296490732,0.905944982,0.3714300602,0.3627094112,0.5712257758,0.4465805095,0.1345004225,0.9275861449
389.5,1,1,1,1,1,0.2366598482,0.4447313428,0.6251930577,0.4831326218,0.3894178703,0.4033768862,0.3974516554,0.3186238588,0.8170453907,0.296751427,0.9063006144,0.3728686477,0.3615438423,0.5724576211,0.4482076429,0.1348933424,0.9274373177
390,1,1,1,1,1,0.2369829362,0.443505018,0.6250364293,0.4864953723,0.3914816731,0.4053586993,0.3971346927,0.3195947276,0.817834317,0.2962289262,0.9068626918,0.3737352257,0.3622230042,0.5729237091,0.4459674699,0.1336902959,0.9281711108
390.5,1,1,1,1,1,0.2404683897,0.4424541611,0.6263449246,0.4848175259,0.3918248725,0.405929808,0.3978613285,0.3204791985,0.819489996,0.2962059359,0.9063766498,0.3729373652,0.3624179171,0.5755896634,0.4458776057,0.1335248016,0.927287761
391,1,1,1,1,1,0.2383235082,0.441641024,0.62326904,0.4857605797,0.3898438231,0.4063073619,0.3977174692,0.3195420341,0.8185526591,0.2925472972,0.9070221352,0.3729997789,0.3635017148,0.5757748199,0.4457535545,0.1330438677,0.9274283513
391.5,1,1,1,1,1,0.2379928402,0.4412638726,0.6243870449,0.486203035,0.3878668905,0.4052425918,0.3988107167,0.3193641423,0.8172141814,0.2929038334,0.907165351,0.3710703032,0.3627872303,0.5757039176,0.4455504049,0.1330325822,0.9265522048
392,1,1,1,1,1,0.2372485183,0.4410217284,0.6249298035,0.4843151799,0.3897044618,0.4051738781,0.4005363266,0.3204100167,0.8174112795,0.2930116213,0.9062760226,0.3709730048,0.3654666175,0.5743461839,0.4462969929,0.1332401675,0.9270060148
392.5,1,1,1,1,1,0.2388626052,0.4420289162,0.6257491588,0.4832652683,0.3906970425,0.4041603593,0.3971154505,0.3202831497,0.8147560727,0.294520891,0.9066188114,0.3709592229,0.3635289414,0.5729328259,0.4493857696,0.1331876464,0.9273497883
393,1,1,1,1,1,0.2389297088,0.4433370312,0.6237747491,0.4852144608,0.3919673659,0.4035716288,0.3950358905,0.3221664903,0.8152079145,0.2933191229,0.9060515952,0.3712576476,0.3645398716,0.5728227057,0.4445793126,0.13388322,0.9266820582
393.5,1,1,1,1,1,0.2383360458,0.4447772729,0.6253804573,0.4855179695,0.3912966517,0.4048913526,0.3957832826,0.3221167194,0.8148628865,0.2949076347,0.9055890871,0.3705564464,0.3639512066,0.5735299505,0.444931874,0.1345763304,0.9272723527
394,1,1,1,1,1,0.2388884458,0.4451149304,0.6255583217,0.4823449349,0.3870534014,0.4045291659,0.3960144262,0.3215197204,0.8151546,0.2916935695,0.9055485408,0.3704942513,0.3624400451,0.5723776183,0.4471562209,0.1332242622,0.9268092195
394.5,1,1,1,1,1,0.2386142493,0.4457337456,0.6250095968,0.4826711961,0.3874573378,0.4058030851,0.3965087398,0.3200376719,0.81537677,0.2926990569,0.905582554,0.3731729304,0.3619326944,0.5720501373,0.4471228381,0.133439211,0.9267816983
395,1,1,1,1,1,0.2401899586,0.4464159483,0.6248258941,0.4824031333,0.3875302012,0.405256246,0.3980673909,0.3226900919,0.8168435425,0.292815912,0.9054570529,0.3744279461,0.3609341214,0.5728831454,0.4470138355,0.1327411046,0.9277175054
395.5,1,1,1,1,1,0.239246796,0.4476289235,0.6255518624,0.4814936281,0.3856137488,0.4038166468,0.3999151525,0.3222478431,0.817259782,0.2935138425,0.9061703546,0.3745849523,0.3590439203,0.5726199928,0.4487554162,0.1320254489,0.9281084008
396,1,1,1,1,1,0.2366959041,0.4466709557,0.6255361207,0.4836600403,0.3851565283,0.4037305955,0.3968584887,0.3194061431,0.8162318901,0.2955150251,0.9059862664,0.3728877241,0.3612903392,0.5763659299,0.4502100766,0.1318443775,0.9278427165
396.5,1,1,1,1,1,0.2359603727,0.4489652035,0.6260795218,0.4855375833,0.3853544673,0.4057064134,0.3989378516,0.320708045,0.8141907621,0.2933344358,0.9051733515,0.3730134284,0.3612860599,0.5742412574,0.4512926198,0.1344901207,0.9274968203
397,1,1,1,1,1,0.2369029227,0.447625604,0.6264495254,0.4833061676,0.3860924231,0.4028563886,0.3990084459,0.3210483409,0.8126771577,0.291872517,0.9051235575,0.3754635669,0.3624064821,0.5750569202,0.4507070935,0.1347263367,0.9272374778
397.5,1,1,1,1,1,0.2400711833,0.4466488374,0.6261518312,0.4813537904,0.3854712309,0.4022172428,0.397345859,0.3204066638,0.8143734859,0.2898115096,0.9051252696,0.3755426354,0.3629330912,0.5746381015,0.4499479298,0.1353587918,0.927609533
398,1,1,1,1,1,0.2385586027,0.4460189538,0.6245274304,0.481209002,0.3865203059,0.4030392997,0.3991153646,0.3203777037,0.8147086216,0.2901853313,0.903650045,0.3765863476,0.363082009,0.5734934922,0.4481950486,0.1358635043,0.9273358403
398.5,1,1,1,1,1,0.2376269069,0.4440079553,0.6241999313,0.4823002384,0.3868061794,0.4043126962,0.3976864163,0.3184385666,0.8148935445,0.2917335887,0.903745269,0.3715879022,0.3632767153,0.5720371532,0.4483736781,0.1350844893,0.9281153287
399,1,1,1,1,1,0.2390430179,0.4433776441,0.6245199455,0.4849507442,0.3863628334,0.4054027499,0.3995778546,0.3199829929,0.815260845,0.2926235043,0.9037685098,0.3710236508,0.3643516585,0.5736952404,0.4461654423,0.1335249732,0.9273809441
399.5,1,1,1,1,1,0.2415776694,0.44371856,0.6258932374,0.4841865825,0.3874996983,0.4048845233,0.3989979473,0.3216775712,0.814842773,0.2952656825,0.9036830164,0.3695903333,0.36318029,0.5747518648,0.4457341652,0.1353155558,0.9274389874
400,1,1,1,1,1,0.2409848779,0.4432820255,0.6254574838,0.4809352064,0.3857985613,0.4056543305,0.3996258011,0.322570414,0.8153861234,0.2964228896,0.9038006518,0.3693978453,0.3619437677,0.5747504539,0.4466930762,0.1360962127,0.9273230737
400.5,1,1,1,1,1,0.2392255617,0.4426848068,0.6240131743,0.482894534,0.3850333034,0.4030848641,0.4005767995,0.3227973288,0.8153661784,0.2962016504,0.9039114341,0.3695749874,0.3592308793,0.5774661028,0.4470919226,0.1361727904,0.9270124894
401,1,1,1,1,1,0.2382309655,0.4432860719,0.623914261,0.4822644173,0.3846529593,0.4025603033,0.3966474828,0.3243373439,0.8157357608,0.2969193724,0.903663496,0.3678130056,0.3603925462,0.577946642,0.4488541198,0.1354262627,0.9266930876
401.5,1,1,1,1,1,0.2390550801,0.4421490466,0.6242269706,0.4811337302,0.385732793,0.4047234874,0.3957842387,0.3209999739,0.8173499162,0.2969516128,0.9036791544,0.3666584709,0.358644336,0.5769117068,0.4479913876,0.1372051484,0.9268567394
402,1,1,1,1,1,0.2364900879,0.4426079603,0.6226424199,0.4819682712,0.3850920237,0.4054760726,0.3963341718,0.3219417117,0.8176976993,0.2962013097,0.9043870342,0.3685691419,0.3600864779,0.5758484314,0.4474829691,0.1383688827,0.9274219889
402.5,1,1,1,1,1,0.2394390263,0.4435538108,0.6225628534,0.4811385671,0.386304516,0.4064021226,0.3965485521,0.3223461177,0.8184323086,0.2948912964,0.905327113,0.3706266438,0.3603851013,0.5776645615,0.445194307,0.1391505847,0.9273880025
403,1,1,1,1,1,0.2385927895,0.4441604334,0.6242188485,0.4816213749,0.3869606589,0.4061087323,0.398252581,0.3214792843,0.8177188001,0.2973533023,0.9059696716,0.3703860443,0.3612637152,0.5757679212,0.4479822735,0.1395517541,0.9275120507
403.5,1,1,1,1,1,0.2363517108,0.4423496021,0.6232071708,0.4832569223,0.3873834222,0.4072799163,0.4006412813,0.3248687201,0.8173574902,0.2975196051,0.9056816936,0.3678363899,0.3606043261,0.5747480852,0.449016613,0.1396967094,0.9280982549
404,1,1,1,1,1,0.2372435354,0.4449085962,0.6230088167,0.4846677487,0.3874076178,0.4068904474,0.3993117701,0.3257366958,0.8207343042,0.2984223715,0.9051156043,0.3686189383,0.3610715486,0.5737050223,0.4502888208,0.1392597582,0.9278595228
404.5,1,1,1,1,1,0.2374068607,0.4430330847,0.623354185,0.4860626826,0.3875402887,0.4045162031,0.4011160263,0.3262818964,0.8216966572,0.2979028187,0.9049478765,0.3695689983,0.3606387042,0.5733731268,0.4480106669,0.1403957311,0.9277969397
405,1,1,1,1,1,0.239417685,0.4456113823,0.626010655,0.4826336529,0.3862213028,0.4062327526,0.4005831069,0.3242029133,0.8202259243,0.2970577143,0.9046264062,0.3701356408,0.3593930402,0.5742626026,0.4476507143,0.1409602492,0.9275671805
405.5,1,1,1,1,1,0.2390985471,0.4470129226,0.6249800128,0.4846330616,0.3860341537,0.4062200977,0.4017544847,0.322895551,0.820421518,0.2951107593,0.904423316,0.3694381887,0.3586593088,0.5741207016,0.4487343222,0.1414737924,0.9273925502
406,1,1,1,1,1,0.2372409065,0.4447477564,0.6255999871,0.483202267,0.3882901381,0.4078740934,0.4021500693,0.3212040561,0.8212670909,0.2976935348,0.9052718175,0.3670242327,0.3571716226,0.5720201909,0.4471202989,0.142103665,0.9277586783
406.5,1,1,1,1,1,0.2394601915,0.4429677366,0.6261355317,0.4830703504,0.3874959366,0.4088517189,0.4004490797,0.3205184395,0.8229335642,0.2978156784,0.9050593202,0.3671662838,0.3573171163,0.5710387134,0.4448563761,0.1415910036,0.927818803
407,1,1,1,1,1,0.2401380439,0.4424061337,0.6253130767,0.4842308931,0.3893184804,0.4070113433,0.4010249393,0.3206133855,0.8231392167,0.2969743903,0.9045428418,0.3690051197,0.3589351987,0.5721449566,0.442453273,0.140937269,0.9282785425
407.5,1,1,1,1,1,0.2382656508,0.4424781216,0.6252466184,0.4820063366,0.3888060585,0.4080451047,0.4017406496,0.3184235805,0.822339534,0.2943139652,0.904992834,0.3701216809,0.3600534803,0.5726670469,0.4418060326,0.1426150341,0.9283450269
408,1,1,1,1,1,0.2394693344,0.4459325433,0.6283194829,0.4845069656,0.3894428555,0.4076197351,0.4035443893,0.3205501773,0.8210147049,0.2930649773,0.9054027556,0.3719092248,0.3611613089,0.5718732496,0.4428274244,0.1430118541,0.9285100975
408.5,1,1,1,1,1,0.2411825137,0.4444863852,0.6243288983,0.4847643599,0.3893131712,0.408115143,0.4016252391,0.3211607534,0.8194772254,0.2940566692,0.9055984227,0.3720542584,0.3603788982,0.5724317016,0.4435840629,0.1419775021,0.9275501961
409,1,1,1,1,1,0.240806645,0.4440400102,0.6266332982,0.4839419396,0.3911252684,0.4076772323,0.4038349486,0.3213391703,0.8188403506,0.2945344767,0.9063889386,0.371620798,0.3615867439,0.5752587856,0.4456285258,0.1402650019,0.9280118582
409.5,1,1,1,1,1,0.239021061,0.4436291112,0.6251099113,0.484114088,0.3918537425,0.4067696744,0.403870752,0.3208147283,0.81784633,0.2924116803,0.9072602253,0.373658815,0.3597838444,0.5752421974,0.4457882317,0.1407480135,0.9290545308
410,1,1,1,1,1,0.2397937578,0.4416957422,0.624831703,0.4833653291,0.3916144884,0.4079638059,0.4012427205,0.3216913585,0.8181031009,0.29252052,0.9074373698,0.3714395428,0.35928321,0.5745042293,0.4438476863,0.1401926045,0.9293791677
410.5,1,1,1,1,1,0.240536017,0.4440044369,0.625919566,0.4833498645,0.3909835104,0.4066123234,0.4047527102,0.3231023782,0.8184122166,0.2936504002,0.9064972703,0.3709834548,0.3573338325,0.5733822189,0.4463961429,0.1401613458,0.930237986
411,1,1,1,1,1,0.23898474,0.4450090435,0.6253876828,0.4839893676,0.3907062496,0.4055884355,0.4039432262,0.3215158986,0.8192212405,0.2927476869,0.9056186328,0.3719981092,0.3575789969,0.5704952487,0.4437767592,0.138678055,0.9303750484
411.5,1,1,1,1,1,0.2392620902,0.445609799,0.6233874632,0.4831572952,0.3890154469,0.4050004568,0.4033016775,0.3216447606,0.8183411274,0.294895566,0.9056212563,0.3699544694,0.3579900953,0.5701717334,0.4431984885,0.1383899853,0.929637454
412,1,1,1,1,1,0.2397789874,0.4458611527,0.626478578,0.485013311,0.3888041485,0.4037577956,0.4012631187,0.3224369731,0.816953738,0.2929792352,0.9058374956,0.3706281661,0.3587093931,0.5694755264,0.4439840912,0.1376135143,0.9297829552
412.5,1,1,1,1,1,0.2401615354,0.4448421854,0.6279365686,0.4867769306,0.3913536489,0.4045080021,0.3990605479,0.3233566948,0.8179326274,0.2947954159,0.9063930405,0.3708243243,0.361221513,0.5683831634,0.4454339275,0.1358975502,0.929616684
413,1,1,1,1,1,0.2393999858,0.4463654281,0.626709006,0.4830483795,0.3892862347,0.4050945775,0.3990173267,0.3245796573,0.8198414631,0.2954389701,0.9061774409,0.3725612962,0.3613646936,0.5714157286,0.4480995879,0.1350448995,0.9295198329
413.5,1,1,1,1,1,0.2404409732,0.4476898793,0.6242095552,0.4835304864,0.387386133,0.4060967933,0.3995128994,0.3230729923,0.8187901294,0.2969215848,0.9057432004,0.3720395712,0.3611360232,0.5726473754,0.4480397337,0.135277516,0.929380254
414,1,1,1,1,1,0.2386963269,0.4447602104,0.6251519963,0.481864595,0.3892226701,0.4044918356,0.3974289028,0.3217538589,0.81835497,0.2949789188,0.9060968578,0.3728715187,0.3615367239,0.5738403359,0.4503469696,0.1350440878,0.9288232951
414.5,1,1,1,1,1,0.236743435,0.4436076748,0.6237419946,0.4826672154,0.3875902958,0.403222183,0.3958962211,0.3223357993,0.8181337518,0.2935271106,0.9065373489,0.3730687173,0.3599688318,0.5751656179,0.449827926,0.1363971118,0.9278161506
415,1,1,1,1,1,0.2373568336,0.4446195802,0.6236474219,0.4801751059,0.3905174993,0.4044034223,0.3986038978,0.3241063682,0.8172562713,0.2953062313,0.9061844665,0.3727542763,0.3610769714,0.5735028086,0.4496577603,0.1353602513,0.9276006802
415.5,1,1,1,1,1,0.2382124289,0.4464122259,0.6248669651,0.4818270726,0.3912592408,0.4065193093,0.3960218138,0.3210507762,0.8169443508,0.2944504793,0.9065431622,0.3732308806,0.3607117546,0.5734125868,0.4493879367,0.1360078451,0.9276616259
416,1,1,1,1,1,0.237528796,0.4456469816,0.625799708,0.4814624716,0.3896383742,0.4075572149,0.3978843828,0.3214027008,0.818619053,0.2940214888,0.9065393879,0.3733333311,0.3600361177,0.5723487483,0.4474835126,0.1350282821,0.9278261511
416.5,1,1,1,1,1,0.2371430385,0.4440991867,0.62674975,0.4844214597,0.3883898059,0.4066633745,0.3989163337,0.32092969,0.8176219887,0.2936658402,0.9065651902,0.3715168276,0.3589995382,0.5739624181,0.4462165266,0.1341132316,0.9281395583
417,1,1,1,1,1,0.2370280056,0.4445823933,0.6242215426,0.4845735453,0.3886188689,0.4064847862,0.3987721887,0.3210711612,0.819277114,0.2963887658,0.9070198962,0.36999053,0.359838977,0.5711478215,0.4463174838,0.1335171223,0.9283336994
417.5,1,1,1,1,1,0.2366105095,0.4450319284,0.6232459201,0.4827705534,0.3858793819,0.4054843855,0.39600957,0.3223346511,0.8195539017,0.2975282879,0.9055262171,0.3708657753,0.3608514746,0.5756690077,0.4468323914,0.1350482037,0.9277931991
418,1,1,1,1,1,0.2366439865,0.4441033411,0.626970897,0.4836575471,0.385896994,0.4052938479,0.3946558752,0.3244476066,0.8185391478,0.2965096621,0.9053213833,0.3686572997,0.3591739299,0.5769253767,0.4478503956,0.1363507342,0.9278533738
418.5,1,1,1,1,1,0.2356514851,0.4417835629,0.6231377502,0.4818455451,0.3842172063,0.4037120425,0.3942129819,0.3224753692,0.8187343363,0.2947750423,0.9047827575,0.3680430193,0.359215131,0.5765880994,0.4445435861,0.1362639521,0.9282534994
419,1,1,1,1,1,0.2368244853,0.4436025767,0.6247841124,0.4817986742,0.3844158332,0.4048483934,0.3953539505,0.3196975447,0.8169807427,0.2935195968,0.9049015938,0.3654861453,0.3568429328,0.5751204347,0.4431951616,0.1347925932,0.9281533392
419.5,1,1,1,1,1,0.2363407919,0.4408364625,0.6231827432,0.4820331701,0.3845725028,0.4045201023,0.3969625001,0.3174438017,0.816667242,0.2934581162,0.9052060344,0.3650979373,0.3548333283,0.5777712283,0.4454071378,0.1363767964,0.9281433744
420,1,1,1,1,1,0.2352735717,0.4422129609,0.6230496391,0.483610664,0.3864712715,0.4032239547,0.3992722657,0.3196764747,0.8179252452,0.2943179519,0.9058365927,0.3666717538,0.3532785979,0.5772620812,0.4473725311,0.1363960716,0.9281007458
420.5,1,1,1,1,1,0.2335410934,0.4448191214,0.6233997665,0.4801501772,0.3869540175,0.4037592619,0.401147322,0.3202164037,0.8190095943,0.2947773293,0.9062935279,0.3677343905,0.3555944599,0.5771979031,0.4468382214,0.135862652,0.9274367685
421,1,1,1,1,1,0.2345293574,0.4440320479,0.6222285669,0.4785327829,0.385427894,0.4054385599,0.4012008814,0.3192694003,0.8171958099,0.2950771834,0.9068288231,0.367181181,0.3583537432,0.5758904466,0.4473130368,0.1354817279,0.9272063649
421.5,1,1,1,1,1,0.2364657573,0.4409889808,0.6234005587,0.4803073278,0.383551727,0.4052964868,0.4051554577,0.3220749748,0.8178537486,0.2973832989,0.906561021,0.3688218719,0.3573769884,0.5715437428,0.4471754438,0.1350718415,0.927344898
422,1,1,1,1,1,0.2361668714,0.4453171875,0.625487924,0.4805644287,0.3847603886,0.4087229772,0.4013894121,0.3220242609,0.8172109626,0.2986380322,0.9059725752,0.3695492647,0.3562543538,0.5718946917,0.4488644721,0.1345726889,0.9268989754
422.5,1,1,1,1,1,0.2376760888,0.4479243559,0.6254077259,0.4807116416,0.3867560025,0.4074380732,0.4008891762,0.3201476947,0.8172879359,0.2964775935,0.9058866841,0.3691110519,0.3569657274,0.5723946593,0.4488310621,0.1345450197,0.9268923403
423,1,1,1,1,1,0.2389280433,0.4475614549,0.6243120542,0.4815034994,0.3870193544,0.4059223763,0.4007177117,0.3201325603,0.8161513933,0.2965284045,0.9065237199,0.3711088931,0.3591713837,0.5688515281,0.4488291555,0.135155664,0.9265741145
423.5,1,1,1,1,1,0.2398831549,0.4468424361,0.622699274,0.4805237785,0.38849016,0.4054171744,0.4021667398,0.3196429634,0.8162201404,0.2976162084,0.9060062717,0.3719856489,0.3596086907,0.5665859509,0.4476385251,0.1346448246,0.9263506668
424,1,1,1,1,1,0.2410453748,0.4472800012,0.6237855375,0.4807388484,0.3891718896,0.4030910207,0.4018531316,0.3192142283,0.8172633319,0.2970936697,0.90568691,0.3717071152,0.3599656985,0.5694011074,0.4454798164,0.1349631135,0.9269459022
424.5,1,1,1,1,1,0.2397766796,0.4477462393,0.6252681275,0.4851732893,0.3878875318,0.4041485162,0.4011669807,0.3195753938,0.8180491115,0.296917716,0.9057649111,0.3709370495,0.3593725839,0.5692326016,0.4447138749,0.1339041354,0.9269472575
425,1,1,1,1,1,0.237562044,0.4478021773,0.6252711855,0.4859237931,0.3880220686,0.4058713995,0.4013472849,0.3222549513,0.8175846784,0.295558654,0.905730142,0.3710515942,0.3597003805,0.5728387585,0.446242354,0.133940206,0.9270538317
425.5,1,1,1,1,1,0.2379842785,0.4481857931,0.6244856682,0.4855486509,0.391203137,0.4065299663,0.4024747499,0.3238083444,0.8171749578,0.2951392677,0.9056027925,0.3720071128,0.3586439758,0.5726212085,0.4453199989,0.1328626984,0.9270054181
426,1,1,1,1,1,0.2372213492,0.4469919281,0.6233599512,0.4836673712,0.3902196008,0.4042487432,0.4030606066,0.3234696401,0.8185589808,0.2952444726,0.905069237,0.3705827938,0.3603820556,0.5735297463,0.4451239101,0.1329196415,0.926801806
426.5,1,1,1,1,1,0.2385089884,0.4457444732,0.6222295823,0.4797081597,0.3894618924,0.4020838153,0.4010086382,0.3218293135,0.8186647597,0.2935173336,0.9052746405,0.3703541146,0.3619904994,0.573056387,0.4449880326,0.1337554613,0.9269824115
427,1,1,1,1,1,0.237629624,0.445675528,0.6247890051,0.4777289378,0.3913623584,0.4013359793,0.4002882486,0.3218126346,0.8203794911,0.2929652174,0.9044320127,0.3706125368,0.3609748419,0.571489745,0.4466938587,0.134214618,0.9275017932
427.5,1,1,1,1,1,0.2372576019,0.4429944641,0.6251248053,0.479019084,0.390033106,0.4030548609,0.398506274,0.3208086379,0.8200354314,0.2920974362,0.9047855949,0.3699468171,0.3589092686,0.5734617449,0.4449298605,0.1342638203,0.9279660608
428,1,1,1,1,1,0.2370548312,0.4417300038,0.6257316741,0.4795487738,0.3872723498,0.4038553023,0.3981342533,0.3236016074,0.8192001551,0.294214133,0.9047121036,0.3718262612,0.3604105695,0.5752306186,0.4449102507,0.1325737423,0.9275611877
428.5,1,1,1,1,1,0.2348142286,0.4407570891,0.6257977336,0.4804760359,0.3855269383,0.4035951287,0.3976990009,0.3234860989,0.8189402637,0.294801225,0.9043393437,0.3705402422,0.360853242,0.5769287185,0.4477167632,0.1326846729,0.9270887546
429,1,1,1,1,1,0.2357906141,0.4418208482,0.6269872148,0.4800085325,0.3829868372,0.4060815741,0.3963785105,0.3236266187,0.8184143925,0.2958707743,0.9040392959,0.3699057202,0.36085008,0.5759017164,0.4470321206,0.1333540875,0.928086768
429.5,1,1,1,1,1,0.2337284718,0.4420154412,0.6279079007,0.4833495914,0.3838498128,0.4028160789,0.3975599883,0.323071296,0.8203512394,0.2961533777,0.9036838267,0.3685374618,0.3604162147,0.5742694758,0.44582477,0.1337796111,0.9284764899
430,1,1,1,1,1,0.2342121821,0.4455557889,0.6270840772,0.4820781947,0.3851080186,0.4044169632,0.3967783605,0.3237470365,0.8185183856,0.2973686708,0.903418322,0.3720453036,0.3605372632,0.5751239805,0.4466426248,0.132828114,0.9284122187
430.5,1,1,1,1,1,0.2340020177,0.4435633359,0.6268313627,0.4812182714,0.3843718498,0.4083708569,0.3995158752,0.3224208884,0.8182609791,0.2971565823,0.9038571576,0.3727133066,0.3588494871,0.5752589199,0.4461676775,0.1320456022,0.9291360431
431,1,1,1,1,1,0.2348976578,0.4418019817,0.6258322043,0.485636614,0.3845438123,0.4054448163,0.4008428297,0.3226182291,0.8184433232,0.2999666519,0.9042687531,0.3740617539,0.3596538085,0.5731890384,0.4473985319,0.130947311,0.9288169857
431.5,1,1,1,1,1,0.2366314765,0.4419031203,0.6268450633,0.4841700677,0.3842946142,0.4020962608,0.4006779853,0.3227738633,0.8173844773,0.2993870872,0.9056400571,0.3727012734,0.36278656,0.5754150708,0.4456776078,0.1305735755,0.9286585989
432,1,1,1,1,1,0.2382504255,0.4418651412,0.6275620515,0.4848287517,0.3835813245,0.404242791,0.4021188045,0.3206397108,0.8180651701,0.2990802237,0.9057920057,0.3736027629,0.3627924415,0.5778499373,0.4458835284,0.1311724596,0.9286459336
432.5,1,1,1,1,1,0.2377971066,0.4417026767,0.6256856471,0.486473354,0.3878236408,0.4055222617,0.4012679542,0.3232323826,0.8185194356,0.3016162493,0.9052262082,0.3755423206,0.3654455196,0.5768910193,0.4458234087,0.1328169025,0.9282340398
433,1,1,1,1,1,0.2374891311,0.4432461178,0.6268985533,0.4866297918,0.3870024773,0.4041019582,0.401066744,0.3218623166,0.8189025851,0.2977406481,0.9044291965,0.3768097678,0.3641482564,0.5752770196,0.4484897477,0.1319672318,0.9280164014
433.5,1,1,1,1,1,0.2362632979,0.4442551592,0.625454276,0.4845006301,0.3896254665,0.4038728214,0.4003051294,0.320961243,0.8184453263,0.296632168,0.9052907174,0.3769307812,0.3639035677,0.5768393081,0.4502266553,0.1326995309,0.9282945166
434,1,1,1,1,1,0.2359423215,0.4428695938,0.6250720058,0.4832850734,0.3883348424,0.4054309475,0.3969101582,0.320227709,0.8175780106,0.2953788502,0.9050281628,0.372281662,0.3620998718,0.5790479748,0.448108048,0.1331207169,0.928424646
434.5,1,1,1,1,1,0.2364186229,0.4419421944,0.6254249245,0.4857270776,0.3900549614,0.4030957764,0.3949842754,0.3197251792,0.8185778397,0.2946717904,0.9040747412,0.3723966529,0.3622820154,0.5785026273,0.4459972557,0.1317639518,0.9277456993
435,1,1,1,1,1,0.2361339238,0.4448321033,0.6251457141,0.4836969966,0.3864633452,0.4051523329,0.3964568517,0.3215813836,0.8186106806,0.2951066525,0.9051494572,0.3713946203,0.3577958959,0.5754740839,0.4442335121,0.1316976187,0.927918651
435.5,1,1,1,1,1,0.2382701657,0.4480519598,0.6263864791,0.4830449181,0.385363671,0.404483837,0.3969735154,0.3222705653,0.8171589345,0.2961858835,0.9047352468,0.3710943632,0.3584332764,0.5744462408,0.4469546616,0.1327001912,0.9273340526
436,1,1,1,1,1,0.237481439,0.446554834,0.625208498,0.482897148,0.3855235116,0.4065689833,0.3975413565,0.3217636271,0.8174864187,0.2953707663,0.9065538702,0.3715422007,0.358326763,0.5724953308,0.44657672,0.1332005655,0.9266715759
436.5,1,1,1,1,1,0.2376897774,0.4463403263,0.6263169985,0.4830233367,0.3889485857,0.4059587094,0.3960304659,0.3189308011,0.8175537252,0.2963839245,0.9061604186,0.3701570612,0.3598814172,0.5710514775,0.4454013102,0.1336319059,0.9271531963
437,1,1,1,1,1,0.2381151654,0.4461693103,0.6264389307,0.4815701149,0.3890945614,0.4035426611,0.3926534956,0.3195237615,0.8186536758,0.2950911258,0.9061773329,0.3691820849,0.3634014651,0.5722799378,0.4466416958,0.133562019,0.9275438181
437.5,1,1,1,1,1,0.2377509763,0.4442245497,0.6261749296,0.482392605,0.3872818912,0.402975664,0.3936754194,0.3191020991,0.8176477291,0.2948155465,0.9063838213,0.3703084211,0.3618755178,0.5715513254,0.447219601,0.1335973406,0.9278623593
438,1,1,1,1,1,0.2383725068,0.442927827,0.6265591223,0.4828206185,0.3889084031,0.4057409879,0.3967013585,0.3204730587,0.8183932511,0.2929158851,0.9064830851,0.3699462474,0.361844297,0.5689602656,0.4460664467,0.1336761826,0.9279035684
438.5,1,1,1,1,1,0.2388264454,0.4427110158,0.6235869582,0.4798524093,0.3861024554,0.4043690189,0.3979849105,0.3215697711,0.8196244174,0.2942786837,0.9060772946,0.3704983853,0.361151138,0.5676838594,0.4455023435,0.1341579266,0.9278116607
439,1,1,1,1,1,0.2388574116,0.4433457528,0.6257508181,0.4801127413,0.3870383075,0.4054122245,0.3987906036,0.3215227942,0.8180303456,0.2926888896,0.905943036,0.3704372459,0.3600957182,0.5660265238,0.4468567692,0.1340556857,0.9274796381
439.5,1,1,1,1,1,0.2376616377,0.4427987474,0.6247018947,0.4805170434,0.3876286219,0.4072033983,0.4007454904,0.3214884246,0.8201091212,0.2920220264,0.9048516148,0.3693060125,0.3603825306,0.5709703456,0.4473693671,0.1336684629,0.9273606052
440,1,1,1,1,1,0.2373453683,0.4428444121,0.6254067705,0.4802552139,0.3880089317,0.4059692109,0.4005506653,0.3194944538,0.8215210819,0.2935368776,0.9039266613,0.3671515731,0.3610993638,0.5723341794,0.4473578821,0.1334471722,0.9279572025
440.5,1,1,1,1,1,0.2382581838,0.4455388386,0.6265721408,0.4783225896,0.3884991714,0.4028355331,0.3996393025,0.3237669192,0.8216045598,0.2933056142,0.9045219481,0.36860939,0.3605341892,0.5729376153,0.4479054588,0.1329795834,0.9278512602
441,1,1,1,1,1,0.2386690427,0.4474907508,0.6279702812,0.4792116696,0.3892617303,0.404511251,0.3991903827,0.3241027923,0.820287801,0.2962618779,0.9040552085,0.3697513734,0.3613056841,0.5702675655,0.4476891777,0.1327997934,0.9277139359
441.5,1,1,1,1,1,0.2397861758,0.4483587273,0.6255634053,0.4806658939,0.3899220405,0.4042679822,0.3998453925,0.3250080251,0.8217379662,0.2977055899,0.904410014,0.3680752789,0.3615555198,0.5706410462,0.4475006668,0.1331401615,0.9272415213
442,1,1,1,1,1,0.2402010866,0.4460934015,0.6284873289,0.4804329318,0.3922315411,0.4038520808,0.3993186637,0.3233679245,0.8243609698,0.2980371245,0.9048475867,0.3677582023,0.3610935699,0.5703949823,0.4472281937,0.1321602995,0.9274277868
442.5,1,1,1,1,1,0.2410900082,0.4443976444,0.6271122898,0.4789905859,0.3903480952,0.4052525466,0.4004556322,0.3241354989,0.8231317436,0.296733513,0.9049980379,0.366441746,0.3609667838,0.5721205156,0.4458523451,0.1307943083,0.927425664
443,1,1,1,1,1,0.2414054743,0.4446517643,0.6267930342,0.4799012235,0.3898659463,0.4084974414,0.3989181897,0.3240693229,0.8220973173,0.2964189747,0.9062780681,0.3688890766,0.3591835927,0.5704422965,0.4462838163,0.1309718291,0.9271414739
443.5,1,1,1,1,1,0.2399944944,0.444697258,0.6259208125,0.480273558,0.3907572112,0.4077437494,0.3991469878,0.3245666232,0.8209211713,0.2962290348,0.9052496434,0.3700083056,0.3577315648,0.5744627422,0.4480749054,0.1316841181,0.9273583256
444,1,1,1,1,1,0.2382939388,0.4444343233,0.6250820906,0.4794476395,0.3887763626,0.40491693,0.3983297763,0.3248144476,0.8214161991,0.2971741984,0.9048939814,0.3702222076,0.3598576063,0.5757751011,0.4470676648,0.1318669154,0.9274462747
444.5,1,1,1,1,1,0.238882513,0.444294811,0.6243206286,0.4812445073,0.3868955709,0.4055603426,0.3985823006,0.3231922218,0.8193676256,0.2992064561,0.9052862856,0.3705542749,0.3612287505,0.5750988591,0.4505156607,0.1318445162,0.9280508797
445,1,1,1,1,1,0.2382897255,0.4432944265,0.6244418291,0.481366495,0.3851668179,0.4062686959,0.3957768166,0.3237951673,0.81922741,0.2960598542,0.9058157955,0.3678918784,0.3607897761,0.571855727,0.4476944841,0.1322133173,0.9284416392
445.5,1,1,1,1,1,0.2391829673,0.4416406989,0.6265146322,0.4842464092,0.3875532896,0.4055112986,0.3970229675,0.3236509647,0.8171612396,0.2970329871,0.9052715995,0.3680611929,0.3581465587,0.5703058111,0.4460366889,0.1322082117,0.9285453885
446,1,1,1,1,1,0.2380065722,0.4443606788,0.6255313688,0.4841678915,0.3850183894,0.4027601549,0.4005903013,0.3233751862,0.8179978029,0.2973167793,0.9054052494,0.3667853125,0.3624198495,0.5716427831,0.4466188915,0.1321436415,0.9284939756
446.5,1,1,1,1,1,0.237024043,0.4445370262,0.6264058077,0.4841564517,0.3842826624,0.4031861896,0.3982702331,0.320981208,0.8191546842,0.2955286769,0.9050488742,0.3660356869,0.3610433133,0.573506812,0.4462863067,0.1305070302,0.9276337413
447,1,1,1,1,1,0.2368365059,0.4434267515,0.6266991565,0.4830955795,0.3844223613,0.4017601835,0.397457251,0.3199318608,0.8191092375,0.295666389,0.9048337967,0.3694548826,0.3594084524,0.5732659204,0.4455761866,0.131670852,0.9275141893
447.5,1,1,1,1,1,0.2354329304,0.4445058749,0.6252597644,0.482467642,0.3854117899,0.4020805899,0.3995308943,0.3193350699,0.8191496941,0.294064497,0.9050335697,0.368212706,0.3607463306,0.5729855572,0.4454989406,0.1312832844,0.9274769138
448,1,1,1,1,1,0.2360562196,0.4440815784,0.6251246753,0.4831743169,0.3877622622,0.3998098701,0.3970238594,0.3210906954,0.8195843611,0.2963904924,0.9045549015,0.3686468444,0.3592844755,0.5756317167,0.4454436147,0.1315892947,0.9275419084
448.5,1,1,1,1,1,0.2371657461,0.4456489421,0.6239902299,0.4834349112,0.3870202887,0.4015317163,0.3960784084,0.3228722338,0.8206543175,0.2978604548,0.9034825063,0.3691654839,0.3615225658,0.5765773409,0.4442230648,0.1318806792,0.9277563389
449,1,1,1,1,1,0.237338861,0.4465308699,0.6276696419,0.4866173213,0.3868540922,0.4044483449,0.3971066,0.3242997902,0.819763293,0.2977525456,0.9035184251,0.3707438355,0.3635185546,0.5753271736,0.4446724678,0.1315412336,0.9277568922
449.5,1,1,1,1,1,0.2373295434,0.4453538817,0.6273621411,0.4848120615,0.3886903667,0.40810129,0.3979435051,0.3218788139,0.818846693,0.296233601,0.9044736875,0.3727227642,0.362663776,0.5754722937,0.4452240472,0.1308883382,0.9272437432
450,1,1,1,1,1,0.2362792161,0.4466121948,0.6245154242,0.4871017642,0.3889885419,0.4062678503,0.3983347226,0.3227745322,0.8191199968,0.2961670005,0.9053930744,0.3714639301,0.3613092994,0.5730695364,0.4461059556,0.1296963449,0.9276000368
450.5,1,1,1,1,1,0.237219952,0.4465131906,0.6250605488,0.4844749531,0.3854375703,0.4063451741,0.400151348,0.3212152972,0.817848645,0.2953907357,0.9041874421,0.3718048992,0.3619707218,0.5728471686,0.4484044054,0.1306150512,0.9272867444
451,1,1,1,1,1,0.2360259322,0.4444559403,0.6283923435,0.4851026764,0.3874362506,0.4037555629,0.4015580115,0.31916946,0.8166039738,0.2961590141,0.9038400897,0.3708075035,0.3614179769,0.5714716633,0.4473247191,0.1295793018,0.9262970875
451.5,1,1,1,1,1,0.2366642851,0.4432749339,0.6266080712,0.4836955482,0.3869127682,0.4055820262,0.4012280029,0.3173717486,0.8167864349,0.2947101847,0.9028179673,0.3713867044,0.3625781309,0.5707275302,0.4477311165,0.1284822023,0.9268763362
452,1,1,1,1,1,0.2371341452,0.4453272592,0.6247225721,0.4822585308,0.3848751161,0.4037929425,0.4003042698,0.3192390578,0.8158546726,0.2950676396,0.9022226248,0.3734757269,0.3620055206,0.5728920384,0.4470925459,0.1270625207,0.9273383124
452.5,1,1,1,1,1,0.2378896155,0.4433533718,0.6232325306,0.4823820561,0.38647461,0.4057987743,0.4010889471,0.3207559048,0.8152500673,0.2941703613,0.9023612468,0.3726644708,0.3624583551,0.5695761443,0.4458212002,0.1275782914,0.9272048953
453,1,1,1,1,1,0.2386476312,0.4459637302,0.6231367176,0.4811181332,0.38844202,0.4033470382,0.397600587,0.3214061648,0.8170302486,0.2928911768,0.9028026906,0.3694496797,0.3615061589,0.5704330164,0.445363014,0.127687191,0.9273155394
453.5,1,1,1,1,1,0.2400411147,0.4425104086,0.6213251324,0.4805638067,0.3862450598,0.4054042811,0.395136656,0.3220454668,0.8176192199,0.2929387269,0.9041495256,0.3682035639,0.3622108838,0.5715465167,0.4464357794,0.1278365467,0.9276909055
454,1,1,1,1,1,0.239773206,0.440024235,0.6249902054,0.4797094486,0.3842446048,0.4037251375,0.3984144785,0.3223945786,0.8175972092,0.2941337848,0.9036245891,0.3651486084,0.3595871473,0.5702240105,0.4439607246,0.1285614399,0.927456159
454.5,1,1,1,1,1,0.2383051266,0.441251952,0.62536357,0.481248415,0.383147305,0.4039751645,0.3998781906,0.3229026169,0.8161256805,0.2960422992,0.903069088,0.3655708998,0.3601030552,0.5707563287,0.443781566,0.1300112501,0.9271973762
455,1,1,1,1,1,0.2374030772,0.4432042361,0.62745192,0.4812279675,0.3818318787,0.4015592932,0.4004855308,0.3228055208,0.817393468,0.2962870795,0.9036617049,0.3673670331,0.3584609975,0.5699938429,0.4455168364,0.1302324483,0.9271465512
455.5,1,1,1,1,1,0.2363475973,0.4430863435,0.6264576392,0.4830175618,0.3823725752,0.4012331554,0.400132576,0.322987654,0.8172631454,0.2965989807,0.9047257201,0.3691771243,0.3582911326,0.5713567269,0.4445480346,0.1297882069,0.9268426349
456,1,1,1,1,1,0.2377126028,0.4424511308,0.6262106277,0.4827316834,0.3820416258,0.4009907117,0.4006359111,0.3215378193,0.8159240033,0.2940801808,0.904525333,0.3688517523,0.3565740592,0.5713169347,0.4442371547,0.1299832259,0.9269245787
456.5,1,1,1,1,1,0.2372075008,0.4428257497,0.6280748021,0.4831483456,0.38612256,0.402887145,0.3983061905,0.3235103671,0.8158340855,0.2950367332,0.9045790668,0.3670567506,0.3570132963,0.5737623148,0.4449179802,0.1312649596,0.9269918006
457,1,1,1,1,1,0.2371211536,0.441457388,0.6259489439,0.4835170232,0.3881986048,0.4034979449,0.3967967278,0.3216172171,0.8147456597,0.2921655537,0.9050392289,0.3688134486,0.3601015218,0.5719375565,0.4482623161,0.1302520393,0.9263949742
457.5,1,1,1,1,1,0.235850482,0.4436044965,0.6258023024,0.4822312985,0.3880190389,0.4022660051,0.398756652,0.3235356151,0.8169639774,0.2934385673,0.9046921015,0.3691954177,0.3604916124,0.5722247457,0.445687493,0.1291947157,0.92625718
458,1,1,1,1,1,0.2375976903,0.4440158631,0.6255369156,0.4854904907,0.3894599583,0.4039092464,0.3952818609,0.322306331,0.8178056311,0.2951212097,0.9030485113,0.3686755029,0.3605247151,0.5745082682,0.4474393704,0.1286849454,0.9263210983
458.5,1,1,1,1,1,0.2365626619,0.4445947826,0.6225882513,0.4831969774,0.3890848926,0.404788043,0.3949601126,0.3225629804,0.8174185967,0.2967180078,0.9030761845,0.3718085961,0.3583836876,0.5754145987,0.4488453545,0.1292490561,0.9259773968
459,1,1,1,1,1,0.2373151717,0.4432473776,0.6240890568,0.484239573,0.3877629172,0.4053117839,0.3951309361,0.3238266416,0.8168345892,0.2961633976,0.9018846823,0.3703860092,0.3584508195,0.5758314594,0.4477897838,0.1302829528,0.9268704445
459.5,1,1,1,1,1,0.2367876937,0.4449456345,0.6253940391,0.4806695172,0.3877729346,0.4071000481,0.3956140799,0.3206573939,0.8170609611,0.2959489293,0.9029230384,0.370690296,0.3590856982,0.5724169035,0.4464543033,0.1286176274,0.9274636167
460,1,1,1,1,1,0.2362272467,0.4444323706,0.6259297673,0.483998534,0.3870280284,0.4054051839,0.3955338218,0.322341614,0.8178349116,0.2936819976,0.9033790031,0.3728479787,0.359032822,0.5693761097,0.4467432076,0.1288411362,0.9278761019
460.5,1,1,1,1,1,0.2375897139,0.4472818365,0.6240697981,0.4810136355,0.3887202451,0.407202272,0.3965522188,0.3217245443,0.8178454002,0.2955114517,0.9039190114,0.3723779409,0.3597445316,0.5690052157,0.443104971,0.1282280559,0.9283229497
461,1,1,1,1,1,0.238069221,0.4472015566,0.6239820251,0.4785166393,0.3892097648,0.4038917175,0.3955814349,0.3202234103,0.8182514459,0.2983768357,0.903486728,0.373151425,0.3599607596,0.5718258717,0.4447066297,0.1280426251,0.9286463644
461.5,1,1,1,1,1,0.2375444519,0.4467940594,0.6257864311,0.4775701706,0.3867447057,0.4016837301,0.3956716807,0.318982856,0.818901936,0.2980071351,0.9039869193,0.3755203747,0.357913828,0.5703624501,0.4486082051,0.1269847827,0.9286202241
462,1,1,1,1,1,0.2395517314,0.4417414219,0.6280466904,0.4799214782,0.3868857541,0.4029151316,0.3962487918,0.321102096,0.8186865843,0.2977365437,0.9041906117,0.3719565451,0.3589530811,0.5716692923,0.4498968633,0.1256371733,0.9287967099
462.5,1,1,1,1,1,0.2381153192,0.4425071224,0.6295165543,0.4787091656,0.3876202588,0.4044960032,0.3952997542,0.3221680096,0.8180437635,0.2965883264,0.9032493686,0.3724530983,0.3579236379,0.570591196,0.4483732274,0.1251356553,0.9290108236
463,1,1,1,1,1,0.237970966,0.4426930712,0.6291496563,0.4798107049,0.3862268732,0.405057587,0.3959448544,0.32243809,0.8180647772,0.2960165445,0.9036685272,0.3709197017,0.3594439377,0.5727500837,0.448350266,0.1249796523,0.9291824495
463.5,1,1,1,1,1,0.2376624978,0.442860943,0.6260699592,0.4806475947,0.3862457071,0.4047319596,0.3970962358,0.3237972998,0.8182323863,0.2954276505,0.9047453081,0.3713653765,0.3582467388,0.5715850009,0.448843832,0.1254348752,0.9296605207
464,1,1,1,1,1,0.2395192617,0.4427456884,0.6261668259,0.4813340944,0.3846570993,0.4044773894,0.3957580838,0.3206762406,0.8187450269,0.2951980433,0.9036550693,0.3711830262,0.3580746883,0.5713917698,0.4502918237,0.1257456779,0.928936958
464.5,1,1,1,1,1,0.2374112744,0.4422607959,0.6252414804,0.4788152882,0.3834318225,0.4055213937,0.3982022605,0.3225520724,0.8186874433,0.2955009904,0.9032408868,0.369778737,0.3586532875,0.5736329089,0.4478081668,0.1267516724,0.9282990432
465,1,1,1,1,1,0.2365550702,0.4433311472,0.6262285642,0.4762661107,0.3845988206,0.4052144458,0.3995515568,0.3221845703,0.8193637696,0.2952835964,0.9031891089,0.3697920973,0.3596211858,0.5726912562,0.4471312297,0.1260095699,0.9282777919
465.5,1,1,1,1,1,0.236560206,0.4429091281,0.6243293515,0.4797774815,0.3839744883,0.4061854427,0.3972244243,0.3209660921,0.8196662278,0.2967217513,0.9027592942,0.3702991231,0.3594295417,0.5728589044,0.4461500548,0.1259104685,0.928051175
466,1,1,1,1,1,0.236844689,0.4429740031,0.6248516322,0.4782496004,0.3851783796,0.4056227089,0.3961493228,0.3215505051,0.8187877089,0.297528258,0.9027107943,0.3706197619,0.3592345957,0.5737444257,0.4435265258,0.12556875,0.9279569281
466.5,1,1,1,1,1,0.2363591736,0.4428571387,0.626683845,0.479241895,0.3856855285,0.4072193235,0.3990235999,0.3224872379,0.8184681852,0.2977659777,0.9030752791,0.3701807825,0.355127451,0.5743874093,0.4460914242,0.1256723903,0.9266697655
467,1,1,1,1,1,0.2373939641,0.4403808823,0.6257345606,0.4776154844,0.3874659511,0.4048125209,0.4001051879,0.3230666362,0.8188909082,0.2970409195,0.903567086,0.3694245835,0.3558535382,0.574226571,0.4469742704,0.124712309,0.9264012185
467.5,1,1,1,1,1,0.2356955853,0.4413398482,0.6242713604,0.4790261717,0.3856489462,0.4052393244,0.4006020853,0.323417207,0.8190052621,0.2962742798,0.9034755478,0.3683502249,0.3587365599,0.572018713,0.4460733447,0.1258580628,0.9269705797
468,1,1,1,1,1,0.2359073491,0.4453010455,0.6245552387,0.4790142602,0.3866031755,0.4069913414,0.3991504397,0.322329318,0.8187793968,0.2953892921,0.9041792811,0.3716704829,0.3584905506,0.5703968084,0.4462466639,0.1273096275,0.9268670453
468.5,1,1,1,1,1,0.2368359152,0.4466089159,0.6252743353,0.4821319243,0.3858018644,0.4084117092,0.39981519,0.3218714165,0.8195110137,0.2964971303,0.9038855181,0.3717135399,0.3580964941,0.5716526329,0.4440147837,0.1271187687,0.9264326848
469,1,1,1,1,1,0.2385985705,0.4445157885,0.6264514974,0.4823943835,0.385137386,0.40910495,0.3999373285,0.3213764683,0.8190115348,0.2950509492,0.903692761,0.3706183557,0.3600891198,0.5764423681,0.4440367513,0.1261743644,0.9264553543
469.5,1,1,1,1,1,0.23817413,0.4442189886,0.6261955991,0.4831919226,0.3882165296,0.4051121529,0.3990064596,0.3237264741,0.8190986776,0.2968730578,0.9037894493,0.3710446272,0.3579591875,0.5798600981,0.4424299881,0.1267569064,0.9260417143
470,1,1,1,1,1,0.2391123801,0.4447657591,0.6253579425,0.4829874927,0.3879288632,0.4059092472,0.3999340121,0.3254953813,0.8203820301,0.2961414474,0.905289252,0.3725329139,0.3573121433,0.5799057395,0.4451593609,0.1267493844,0.9258672345
470.5,1,1,1,1,1,0.2397742483,0.4441265497,0.6253217317,0.4823220513,0.3893121084,0.4045364242,0.3997283897,0.3244041548,0.8190609104,0.2962513741,0.9052954411,0.37354159,0.3563193756,0.5762959954,0.4457254537,0.1260085742,0.9269588491
471,1,1,1,1,1,0.2383761281,0.4440418981,0.6282567782,0.4842547705,0.3887722824,0.4026920354,0.3987080996,0.3247574066,0.8187197164,0.2957195223,0.90584392,0.3717177197,0.3572885452,0.5744906081,0.4462252888,0.1260063699,0.9267976171
471.5,1,1,1,1,1,0.2385564891,0.446128671,0.6258665171,0.4843386324,0.3902582468,0.4022247084,0.3992894308,0.3238461622,0.8170159912,0.2971658119,0.9051939206,0.371307844,0.3591529296,0.5765985225,0.4458270293,0.1263664321,0.9270265427
472,1,1,1,1,1,0.238656905,0.4454194035,0.6237403366,0.4837001275,0.3883286955,0.402344581,0.3992059468,0.3244111671,0.8176927765,0.2962891788,0.9053588252,0.3718855853,0.3605134631,0.5767020143,0.4469612435,0.1255932816,0.9273335292
472.5,1,1,1,1,1,0.2387521383,0.445881926,0.6252560502,0.4816223065,0.3872464392,0.40380321,0.3963990993,0.3217244032,0.8179745975,0.2975977997,0.9046249701,0.3719515879,0.3603805946,0.5754696314,0.4456646643,0.1259904048,0.9270217527
473,1,1,1,1,1,0.2395374915,0.4442037508,0.6249292636,0.481427192,0.3866558131,0.4042490347,0.3972668352,0.3219715221,0.817658547,0.2961885003,0.904815593,0.3731148977,0.3592516525,0.5752203951,0.4482218379,0.1267479691,0.9263430708
473.5,1,1,1,1,1,0.2389246724,0.4436424419,0.6256931582,0.4832802313,0.3845864973,0.4036474006,0.3981935404,0.3202591087,0.8167614812,0.2922181127,0.9047571701,0.3726999189,0.3600672654,0.5728357554,0.4467742207,0.1271329274,0.9264274964
474,1,1,1,1,1,0.2375879735,0.4433387995,0.625385895,0.4845850138,0.3844943641,0.403796528,0.3980872515,0.318752845,0.8164144877,0.2927974051,0.9047408993,0.3726581666,0.3582244215,0.5708805696,0.4462184224,0.1268451171,0.9264268413
474.5,1,1,1,1,1,0.2387861811,0.4456534362,0.6240222211,0.4825792245,0.3840224143,0.4050745443,0.3958673478,0.3188577132,0.8182477931,0.29249118,0.9042760125,0.3714387562,0.3595207653,0.5726142243,0.4441956956,0.1285862571,0.9262077378
475,1,1,1,1,1,0.2362898407,0.443614395,0.6268783862,0.482020538,0.3846003619,0.4061468794,0.4000289042,0.3189545041,0.8179762208,0.2946405135,0.9040900033,0.3703836909,0.359537415,0.5710151547,0.4439923877,0.1284374446,0.9260977071
475.5,1,1,1,1,1,0.2353226801,0.4440301355,0.6269841572,0.482715632,0.385853952,0.4062729689,0.4002531714,0.3209860281,0.8180647548,0.293634714,0.9038763325,0.3708851436,0.3607774009,0.5751419617,0.4439059783,0.1285622471,0.926185905
476,1,1,1,1,1,0.2359630072,0.4430941244,0.6253258835,0.4784439888,0.3863758066,0.4054801435,0.3999218545,0.3227121081,0.8194493613,0.2943594415,0.903082722,0.3708848502,0.359462795,0.5727145432,0.4454817428,0.1287971488,0.9263400174
476.5,1,1,1,1,1,0.2378674355,0.4405466644,0.6252041384,0.4791197524,0.3889243464,0.4045711065,0.400632442,0.3248511015,0.8189247841,0.2959455332,0.9037408849,0.3700231414,0.3574621322,0.5736921011,0.4449687474,0.1282664086,0.9271047356
477,1,1,1,1,1,0.2383493574,0.4407650492,0.6252009772,0.4776540464,0.3909880954,0.4068104883,0.4020269255,0.3274187852,0.8189646375,0.2971023528,0.9049470398,0.3687222234,0.356568745,0.5703344311,0.4455913679,0.1286490737,0.9272362431
477.5,1,1,1,1,1,0.2379886455,0.442487388,0.6262170587,0.4789452305,0.3873877669,0.4048380579,0.4004787673,0.3233604063,0.819248384,0.2952356747,0.9054031764,0.3696039915,0.35627558,0.5686441903,0.4455546577,0.1280430115,0.9273443913
478,1,1,1,1,1,0.2366005839,0.4447043505,0.6269365503,0.4819979175,0.3878804656,0.4045145338,0.3984964211,0.3259623193,0.8185326244,0.2961217764,0.9054705896,0.3721821446,0.3582582549,0.5707537796,0.4457926056,0.1278414903,0.9273519057
478.5,1,1,1,1,1,0.2364745185,0.4442314041,0.6278097001,0.4832935502,0.3849887047,0.4028677018,0.3976488392,0.3253912606,0.819659928,0.2941801932,0.9064220456,0.3723903282,0.3604086447,0.5707108644,0.4482687353,0.1288469038,0.9270410643
479,1,1,1,1,1,0.2378591089,0.4433909027,0.6263878645,0.4833665438,0.3852541818,0.4027550191,0.394592654,0.3234391536,0.8177041121,0.2943807385,0.9065952345,0.3710428993,0.3610302732,0.5714024223,0.4484991593,0.129250053,0.9269755581
479.5,1,1,1,1,1,0.2376167173,0.4444585612,0.6268411343,0.4820689754,0.3866554571,0.4041226776,0.3961441363,0.3212737457,0.8186024172,0.2949620594,0.9066064448,0.3733156631,0.3633553122,0.572468308,0.4489465474,0.131146617,0.9278441863
480,1,1,1,1,1,0.2381906526,0.4434094831,0.6252682967,0.4789363372,0.3883150774,0.403491573,0.3955216658,0.3197697866,0.818846414,0.2939607017,0.9051583973,0.3754845065,0.362715068,0.5730639161,0.4466069444,0.132007988,0.9278171896
480.5,1,1,1,1,1,0.2387253922,0.4441372982,0.6223757183,0.4776206021,0.387027334,0.4052279425,0.3981468949,0.3205303151,0.8181058072,0.2928949128,0.9051954267,0.3747207737,0.36117789,0.5722909728,0.4458248163,0.131029678,0.9273186751
481,1,1,1,1,1,0.2399256576,0.4448278438,0.6224070574,0.4805299831,0.3863928256,0.4059474631,0.399310498,0.3206376019,0.8177594141,0.2940711169,0.9053900784,0.3721294584,0.3591445684,0.5716198995,0.446847418,0.1324932772,0.9269288306
481.5,1,1,1,1,1,0.239763088,0.4466282223,0.6233635234,0.48171838,0.3863458952,0.4059116301,0.398878835,0.3207941603,0.8177707197,0.2928719615,0.9049122786,0.3732084011,0.3615075348,0.5721807877,0.4446568708,0.1326829053,0.9267083824
482,1,1,1,1,1,0.240539782,0.4440041845,0.6231819742,0.4806874612,0.3863144526,0.4061213117,0.3999402716,0.3226628521,0.817823248,0.2937132459,0.905124255,0.3740835145,0.3589346078,0.5735186156,0.4457875023,0.1326767877,0.9268643089
482.5,1,1,1,1,1,0.2395021918,0.4440104562,0.6248439797,0.4838927746,0.3860088174,0.4050414545,0.4016929703,0.323037588,0.8176054466,0.2914931335,0.9050505952,0.3741913204,0.3597415314,0.5696018158,0.4447872986,0.1325399368,0.9275633352
483,1,1,1,1,1,0.238021069,0.4411863302,0.6257969163,0.4825622609,0.3867737572,0.4053073953,0.4001844125,0.3222276701,0.8179741662,0.2929769587,0.9054207669,0.3727247244,0.3590225876,0.5732469779,0.448150287,0.1322107551,0.9275796224
483.5,1,1,1,1,1,0.2392927494,0.4427489672,0.6249413287,0.4853167322,0.3881669475,0.401698743,0.4000445203,0.3193807972,0.8177134067,0.2931552861,0.9058979157,0.3728368806,0.3589407761,0.571442848,0.4468734101,0.1312040716,0.9277252397
484,1,1,1,1,1,0.2402467399,0.4420360526,0.6243885956,0.4817174476,0.3886198428,0.4033080049,0.3994774727,0.3202188603,0.8172900181,0.2929793967,0.9068982849,0.3719680959,0.3598020761,0.5715542386,0.4469189132,0.1291941336,0.9279127485
484.5,1,1,1,1,1,0.2377193822,0.4438614898,0.6283087647,0.4802412721,0.385708222,0.402206156,0.398646613,0.3186325909,0.8166819877,0.2935616379,0.9074048594,0.3719734425,0.3617323371,0.5711739096,0.4483885739,0.1296491104,0.9280365579
485,1,1,1,1,1,0.2381333112,0.4442181981,0.6269483383,0.4801080925,0.3868371008,0.4046942742,0.3977936707,0.3223141393,0.8179490806,0.2951328824,0.9065523643,0.3710000289,0.3603600832,0.5719543232,0.4475029245,0.1305736076,0.9278264453
485.5,1,1,1,1,1,0.2377227961,0.4458469048,0.6256670498,0.4796760828,0.3893669781,0.4070402094,0.3998391421,0.3238402413,0.8173655143,0.2971366299,0.9077709306,0.3730402286,0.3601781395,0.5720558072,0.4466018385,0.1302076904,0.927496765
486,1,1,1,1,1,0.2370010537,0.4485861375,0.6257569246,0.4791238686,0.3907229134,0.405107062,0.4009633587,0.3212128053,0.8147848698,0.2972602929,0.907081653,0.371177199,0.3600763723,0.5732263648,0.4452725174,0.1300516361,0.9268805525
486.5,1,1,1,1,1,0.2390631624,0.4469313305,0.6242862918,0.4804535652,0.3888209893,0.4036616571,0.4000950251,0.3241298161,0.814753242,0.2953447611,0.907147606,0.3718096909,0.3613020442,0.5722314968,0.4449511295,0.1305114403,0.9269356505
487,1,1,1,1,1,0.237716898,0.4464072354,0.6257592532,0.4801607851,0.3893096332,0.4046584527,0.3993728062,0.3266136215,0.816604292,0.2973601112,0.9059581982,0.3705982814,0.3626885552,0.5719172084,0.4456730332,0.1309378472,0.9269821085
487.5,1,1,1,1,1,0.2346159719,0.4471304048,0.6264582489,0.4792365699,0.3893468718,0.4046895458,0.3974172856,0.3249285361,0.8170829389,0.2983677983,0.9060439006,0.3733373027,0.3601703123,0.5703132959,0.444326573,0.1307868386,0.9271169853
488,1,1,1,1,1,0.2341835002,0.4463132127,0.6258686137,0.4782863806,0.3895854405,0.4042953433,0.3967166506,0.3237117361,0.8174428359,0.2969633652,0.9059378995,0.3737498404,0.358712489,0.5675810691,0.4434453773,0.1316306873,0.9275545419
488.5,1,1,1,1,1,0.2343273851,0.4457423472,0.6258152228,0.4808565621,0.3896167888,0.407107405,0.3961415813,0.3250314971,0.8163007475,0.2979233201,0.9061482509,0.3739759789,0.3602141407,0.5682989991,0.4444225788,0.1308191775,0.9268938375
489,1,1,1,1,1,0.2373401083,0.4477917158,0.6267440573,0.4804506532,0.3882540472,0.4054959786,0.3976843701,0.3234641733,0.8171161184,0.2968334559,0.9062849739,0.3744466415,0.3621978988,0.5700646835,0.4434512116,0.1301743431,0.9272103378
489.5,1,1,1,1,1,0.2416925632,0.4453022581,0.6250597628,0.4845118132,0.387690489,0.4045026813,0.3984989189,0.3215991419,0.8178337278,0.2959974922,0.9068239954,0.3726649784,0.3583090781,0.5686661188,0.4448105991,0.1311748503,0.9280400898
490,1,1,1,1,1,0.2397460509,0.4435041841,0.6274564473,0.4855291772,0.3863409993,0.4045617337,0.3994568477,0.3205478636,0.8185715911,0.2941444805,0.9074309233,0.3703018537,0.3580976801,0.5702873034,0.4420089048,0.1315953757,0.9268963572
490.5,1,1,1,1,1,0.2405846222,0.4427862494,0.6272510667,0.4859664421,0.3864539398,0.4040771717,0.3966270591,0.3252215546,0.8188262213,0.297271884,0.9068364553,0.3698751284,0.3565548904,0.5719318563,0.4450438423,0.1302970702,0.9272203326
491,1,1,1,1,1,0.239446961,0.4447545401,0.6254008714,0.4840438965,0.3854726216,0.4045400933,0.3980736423,0.3243962484,0.820019455,0.2982515929,0.9068561352,0.370865311,0.3584366842,0.5721346342,0.445119591,0.1296582322,0.9270548381
491.5,1,1,1,1,1,0.2371499832,0.4458257735,0.6278065892,0.4852928296,0.3869463167,0.4051414972,0.3996005266,0.3243775723,0.819709361,0.2969787738,0.9057268828,0.369789421,0.3618920901,0.5744842464,0.4461414164,0.1299745566,0.9273338273
492,1,1,1,1,1,0.2356570635,0.4467801019,0.6259652038,0.4850872632,0.3872217442,0.4041572211,0.400026881,0.3257424267,0.8196235989,0.2970445544,0.9060499582,0.3705595089,0.3627064481,0.5765873745,0.4453707151,0.1301266152,0.9274448192
492.5,1,1,1,1,1,0.2358305212,0.4469260392,0.6252479458,0.4840185176,0.3867438451,0.4002628179,0.4012560986,0.3241735694,0.8194662449,0.2954708468,0.9062707395,0.369783777,0.3609053177,0.5757941279,0.4472484303,0.1294882257,0.9275208926
493,1,1,1,1,1,0.2368665469,0.4474051724,0.6244392186,0.4805147953,0.3860164537,0.4033073256,0.4016104516,0.3252734273,0.8187807384,0.2974141029,0.9067623829,0.3707130403,0.3609063825,0.5742422624,0.4467631435,0.1293309775,0.9280004676
493.5,1,1,1,1,1,0.2379534412,0.4464623203,0.6259761977,0.4841793533,0.3865189504,0.4046348071,0.4023022353,0.3242577906,0.820533624,0.2969836251,0.9065725751,0.3710565355,0.3606620295,0.5743515231,0.4452743643,0.1280523167,0.9284419284
494,1,1,1,1,1,0.2357811268,0.4418886719,0.6240244796,0.4842232681,0.3867581948,0.4088689894,0.4014505915,0.3250401175,0.8215915529,0.2949160973,0.9061311771,0.3722022759,0.3593721909,0.5740806629,0.4478275212,0.1283371727,0.9277971901
494.5,1,1,1,1,1,0.2370562261,0.4408488786,0.6234235035,0.4827740308,0.3857086979,0.4052268897,0.3994362936,0.3215652077,0.8208603944,0.2929878368,0.9064725193,0.3720507057,0.358924752,0.5742564355,0.4494257117,0.1282088098,0.9279921383
495,1,1,1,1,1,0.2368622864,0.4417421215,0.6245634437,0.4845575545,0.3844996011,0.4084768947,0.3973944923,0.3205960863,0.8231784471,0.2945622019,0.9070825829,0.3710112708,0.3618537,0.5740019733,0.4468725715,0.1270097324,0.9279697608
495.5,1,1,1,1,1,0.2364803873,0.4423141864,0.6272946979,0.4838614802,0.3875754076,0.4092997872,0.3970843644,0.3194904784,0.821940497,0.2963386199,0.9067020524,0.3714489216,0.3616122631,0.5768116522,0.4464388776,0.127544572,0.9286094891
496,1,1,1,1,1,0.2377270836,0.4409508578,0.6280384142,0.4835753875,0.3885926492,0.4102032124,0.398419953,0.3184881354,0.8211064363,0.2959197785,0.9074287293,0.3734943667,0.3598305028,0.5764766442,0.4451811766,0.128038784,0.9282956317
496.5,1,1,1,1,1,0.2376326105,0.4431209852,0.6276297721,0.483281675,0.3856982706,0.4105434747,0.4003327676,0.3197082197,0.8194936702,0.2954386072,0.906729652,0.3727667527,0.35982163,0.5732643101,0.4429679634,0.1288309637,0.9282130491
497,1,1,1,1,1,0.2358409119,0.4416846377,0.6279982606,0.4854566129,0.3848899485,0.4074906999,0.4004932688,0.3222937586,0.8190000588,0.2952162128,0.9060224453,0.3730780154,0.3609976545,0.5742481868,0.4407613144,0.1282700279,0.9276059164
497.5,1,1,1,1,1,0.2356822935,0.4434087907,0.6281498499,0.485238283,0.3861992599,0.4065322403,0.3999265805,0.3209999498,0.816980192,0.294990584,0.9063753395,0.3721896069,0.3608731489,0.573070147,0.4439552751,0.1279789059,0.9276826747
498,1,1,1,1,1,0.2359183287,0.4431027551,0.6284672731,0.483940716,0.3860520016,0.4085380419,0.40121511,0.3223657599,0.8179876853,0.294715779,0.9061787236,0.371017657,0.3601000518,0.5706966309,0.4441284639,0.1286470952,0.9275211558
498.5,1,1,1,1,1,0.2374797873,0.4442451817,0.6270514916,0.4852007734,0.3837543822,0.4036482854,0.4005342437,0.3214252216,0.8184207279,0.2938133678,0.9067996112,0.3714013668,0.3612474641,0.5708227207,0.4421904969,0.1289529734,0.9270762122
499,1,1,1,1,1,0.2385765282,0.4447389846,0.6299640651,0.4853407267,0.3840984041,0.4036554363,0.4010408081,0.3209527487,0.8173125542,0.293335319,0.9070481883,0.3707322302,0.3603246809,0.5690659337,0.442225903,0.130320214,0.9268650063
499.5,1,1,1,1,1,0.2385757365,0.4427895317,0.6287099798,0.4853874193,0.3862029041,0.4038581271,0.4022294241,0.3213118634,0.8176264918,0.2938485706,0.9063944789,0.369231743,0.3610829048,0.5698537904,0.4436881736,0.1299890796,0.9267164071
500,1,1,1,1,1,0.2376765544,0.4426012854,0.6268699541,0.4868067724,0.3859930276,0.4023047997,0.4023438264,0.3204295954,0.8181273728,0.293659625,0.9053535899,0.3677940454,0.3602940173,0.569883533,0.443417417,0.1301514416,0.9263259119
