time,TNFR,IL1R,CD40,LTB,BAFFR,TRAF2_5,TRAF6,TRAF2_3,Btx,TAK1_TAB,NEMO_IKKa_IKKb,IkBa_release_signal,p50_p65,TNFa,p100,Phenotype_canonical,NIK,IKKa_noncanonical,p100_RelB,p52,BAFF,Phenotype_noncanonical
0,1,1,1,1,1,0,0,0,0,0,0,0,0,0,0,0,0,0,0,0,0,0
0.5,1,1,1,1,1,0.07238280225,0.2239973631,0.2355655539,0.01452809017,0.04967778,0.001003978709,4.892025065e-05,2.865967252e-06,1.118766967e-07,7.126915499e-08,9.357445728e-08,0.04705156802,0.004347721496,0.0004666793681,1.403301312e-05,2.381027244e-05,1.733655363e-07
1,1,1,1,1,1,0.1270898557,0.3585364086,0.3856704416,0.0460361676,0.1487527559,0.006385573414,0.0006223559777,7.42274637e-05,6.041365437e-06,3.813446596e-06,5.048534432e-06,0.1332419684,0.02404393251,0.00535500861,0.0003399650556,0.000583240091,8.811722299e-06
1.5,1,1,1,1,1,0.1697453834,0.4385627503,0.4842097494,0.08304865812,0.2571185478,0.01719003033,0.00252087567,0.0004566844239,5.720862348e-05,3.629215784e-05,4.784648445e-05,0.2208948285,0.05724224766,0.01955581215,0.001938867005,0.003339525373,7.915138237e-05
2,1,1,1,1,1,0.2026806892,0.4827050088,0.544586647,0.1198754445,0.3605549925,0.03231237536,0.006328028686,0.0015569273,0.0002654836656,0.000167952851,0.0002245268806,0.2931389595,0.09626315141,0.04407603906,0.006038861351,0.01054219971,0.0003445989123
2.5,1,1,1,1,1,0.2258114689,0.5109175322,0.581699059,0.1536395027,0.4517509496,0.05076291935,0.01230430593,0.003810138078,0.0008481353763,0.0005293040554,0.0007171425529,0.3488422366,0.1355908379,0.07650242806,0.01366345391,0.02389802387,0.0010197938
3,1,1,1,1,1,0.2430789381,0.5275644963,0.604238927,0.1843555129,0.5269554405,0.07153643103,0.02061140938,0.007677014901,0.002084195815,0.001314703327,0.001788368801,0.3882633478,0.1724623649,0.1140713461,0.02536643236,0.04458359375,0.002392687384
3.5,1,1,1,1,1,0.2561698648,0.5381756334,0.6194767812,0.2113501019,0.5895050966,0.09167995639,0.03054841311,0.0133676399,0.004357937321,0.002743149334,0.00374643771,0.4207406287,0.2020833335,0.1524334248,0.04038695429,0.07163300176,0.004714657283
4,1,1,1,1,1,0.2685953317,0.5459489063,0.6298842532,0.2334256732,0.6401629097,0.1131450845,0.04179229858,0.02113274539,0.008168629097,0.005035936621,0.006955159337,0.4436809333,0.2272340042,0.1912042777,0.05873466073,0.1054508209,0.008200013931
4.5,1,1,1,1,1,0.2763083471,0.5507087073,0.6342216809,0.2512417297,0.6804973403,0.1316655918,0.0539861517,0.03079933586,0.01371637163,0.008432898544,0.01170546992,0.4600492289,0.2480382908,0.2262507294,0.08008544591,0.1442783875,0.01299235637
5,1,1,1,1,1,0.2821873119,0.5527995402,0.6367427239,0.2665717264,0.7137865929,0.1507356289,0.06691571479,0.04179663981,0.02124926887,0.01308930956,0.01825715039,0.4712418058,0.2647838184,0.2581857863,0.102068483,0.1842150061,0.01915358272
5.5,1,1,1,1,1,0.2868595472,0.5524241065,0.6395126631,0.2784973948,0.7430921811,0.1672259205,0.08023429876,0.05504991638,0.03127093114,0.01908598482,0.02708139777,0.4796492705,0.2803753768,0.2883046736,0.1253032376,0.2268488774,0.02666182668
6,1,1,1,1,1,0.2907878085,0.5519135528,0.642148981,0.2877364375,0.7657122125,0.1827940177,0.09168231751,0.06868735728,0.04349212077,0.02642101683,0.03810453571,0.4858218367,0.2887364432,0.3134907516,0.1490660267,0.269811045,0.03567472134
6.5,1,1,1,1,1,0.2944748572,0.5515781777,0.6421169983,0.2939193088,0.7840609713,0.1956979585,0.1036153281,0.08333576103,0.05901546403,0.03534502041,0.0512417799,0.4922435287,0.2932410753,0.3362682865,0.1720544921,0.3075819681,0.04610184256
7,1,1,1,1,1,0.2952974932,0.5541221719,0.6443549361,0.3013930633,0.7955016364,0.2076933495,0.1149512238,0.09809967165,0.07715675125,0.04561304416,0.06591387825,0.4952349224,0.2962181007,0.3506721223,0.193496039,0.3477996486,0.05751551835
7.5,1,1,1,1,1,0.2977109433,0.5526965842,0.6436067157,0.3069548473,0.808310917,0.2178390008,0.1246600742,0.1132480422,0.09636414239,0.05745252596,0.08372588732,0.497723711,0.3018415681,0.3654035814,0.2100558231,0.3868900106,0.06905811127
8,1,1,1,1,1,0.2992155543,0.5545857833,0.6454591418,0.3120744466,0.8186914296,0.227270618,0.1337173062,0.1269527875,0.1166766229,0.07028423278,0.1024683069,0.4971359505,0.3037157824,0.3755828066,0.2286984887,0.4224155628,0.08225777508
8.5,1,1,1,1,1,0.300611789,0.5539277945,0.6442746931,0.3183233869,0.8264001065,0.2361596867,0.1409938692,0.1406131744,0.1383373342,0.08269037958,0.1226940922,0.4980884162,0.3078936303,0.3859234768,0.244039414,0.4582455781,0.09665780483
9,1,1,1,1,1,0.3031482647,0.5548213235,0.6451647484,0.3183644052,0.833094152,0.243980211,0.1481890617,0.1541985329,0.1617575939,0.0970776925,0.1442385329,0.4989439705,0.3102091336,0.3938794942,0.2620885728,0.4884182036,0.1119682649
9.5,1,1,1,1,1,0.3032028537,0.554108105,0.6456989645,0.3230997584,0.8365192236,0.2476562085,0.1547266863,0.1658609375,0.185409145,0.1103914369,0.16606434,0.4979978908,0.3105251567,0.4025683504,0.2781189167,0.5201593266,0.1271261655
10,1,1,1,1,1,0.3027320949,0.5540878955,0.6448760885,0.3238178922,0.839469098,0.2523802751,0.1613824746,0.1759419006,0.210660205,0.1249769461,0.1888548339,0.5006350502,0.3111626189,0.4095012095,0.292428223,0.5447205532,0.1440236572
10.5,1,1,1,1,1,0.3011348505,0.5547209314,0.6452314617,0.3240253771,0.8434749892,0.2571499033,0.1690117245,0.1870317751,0.2348064614,0.1399764519,0.2133347167,0.5003154763,0.3139338637,0.4114332885,0.3057745829,0.5687763878,0.160485988
11,1,1,1,1,1,0.3012005633,0.5540881284,0.6445310594,0.3244850353,0.8452010902,0.2593592606,0.1730058255,0.1977222417,0.2598809827,0.1540977074,0.2388466918,0.4988176248,0.3108660836,0.4183521167,0.3185525961,0.5891074016,0.1773592499
11.5,1,1,1,1,1,0.3022854773,0.5542790016,0.6467550899,0.3269277409,0.8469547473,0.2611987738,0.1780938412,0.2059518158,0.2834840361,0.1681508961,0.2613393874,0.5003513009,0.3126037313,0.4223803944,0.3313213128,0.6110041472,0.194159265
12,1,1,1,1,1,0.3022370312,0.5517695177,0.6455437278,0.3275257957,0.848431892,0.2627456769,0.1805047627,0.2131506295,0.3085274103,0.1812967826,0.2850219488,0.4992222434,0.3136355539,0.422697823,0.3379065905,0.6291887764,0.2094451869
12.5,1,1,1,1,1,0.3019904828,0.5509227681,0.6460420652,0.3276470983,0.8508342258,0.2665973083,0.1818876793,0.2215875454,0.3318569509,0.1969297753,0.3091575514,0.4974993152,0.3134955191,0.4229763764,0.347140112,0.6431293566,0.2245894
13,1,1,1,1,1,0.3023428751,0.5524509114,0.6460794125,0.3298189,0.8512094635,0.2675604695,0.184602468,0.2287019034,0.3525380915,0.2102537028,0.3342340956,0.4982985518,0.3140130177,0.4264618841,0.3530157854,0.6584884419,0.2410553325
13.5,1,1,1,1,1,0.3025793693,0.5521023959,0.6467030919,0.3304503214,0.852366811,0.2686806615,0.186003188,0.2333785977,0.373585871,0.2236422724,0.3573719845,0.4993681567,0.3137905775,0.428278405,0.3596938318,0.6729552375,0.2586381468
14,1,1,1,1,1,0.3022297713,0.5540918154,0.6473098357,0.330544967,0.8528093142,0.2699864278,0.1888787786,0.2376038115,0.3933844351,0.2359777533,0.3818072434,0.4996445097,0.3125010304,0.4290736919,0.3637233934,0.6838910686,0.2741061904
14.5,1,1,1,1,1,0.3014922184,0.5550682021,0.6479821196,0.3309347642,0.8526212464,0.2715317897,0.1911373257,0.2406598406,0.4105329844,0.2474520093,0.4028203028,0.4981062833,0.3140060256,0.4291855312,0.3673584093,0.692945361,0.2904255898
15,1,1,1,1,1,0.3005075403,0.5568317177,0.6458335807,0.333599264,0.8537796608,0.2722500697,0.192994378,0.2455973189,0.4276852398,0.2575014384,0.4240432629,0.5005811674,0.3151085782,0.4292802062,0.3709401234,0.7033156378,0.3058115581
15.5,1,1,1,1,1,0.3009262959,0.5548773433,0.646200989,0.3301176655,0.8540863384,0.2718595246,0.1947527402,0.2484740892,0.4470937015,0.2684962144,0.4444517724,0.5009444121,0.3163866283,0.429056712,0.3761280036,0.7122232996,0.3161254991
16,1,1,1,1,1,0.3032027219,0.5550039531,0.6455922273,0.3301527886,0.8536483992,0.2729435264,0.195822096,0.2537029709,0.4624909897,0.2811155645,0.4622699194,0.5006111864,0.3167673554,0.4330063863,0.3825863907,0.7212474674,0.3302862372
16.5,1,1,1,1,1,0.3032099335,0.5576067199,0.6452914809,0.332101797,0.8532050068,0.2724674293,0.1957783618,0.2592421548,0.4815558624,0.291393556,0.4813158787,0.5036032777,0.316955004,0.4301400809,0.3836526304,0.729495779,0.3413996567
17,1,1,1,1,1,0.3037431176,0.5550394004,0.6446775851,0.3309670158,0.8537803198,0.2728117856,0.1966276737,0.2612820549,0.4945075999,0.2987238221,0.5001179854,0.5026245525,0.3143195033,0.4320740538,0.3847348687,0.7351880604,0.3512478645
17.5,1,1,1,1,1,0.3043196994,0.5536739812,0.6451481219,0.3314937539,0.8550103521,0.2766247902,0.1976541703,0.2611523067,0.5112676757,0.3065419973,0.5177837271,0.5020874859,0.3137780937,0.433816156,0.3885849679,0.7401678453,0.3662102093
18,1,1,1,1,1,0.3030846245,0.5549504824,0.6442713416,0.3324695611,0.8562967685,0.2747500034,0.1974483063,0.2610651577,0.52525716,0.3168982568,0.5317351874,0.5009427393,0.3123484866,0.438317198,0.3889857698,0.7455820454,0.3798723205
18.5,1,1,1,1,1,0.3046997581,0.553966369,0.643299751,0.332574917,0.8566735426,0.2745489884,0.1978667932,0.2651484236,0.5372609825,0.3241032033,0.5510944664,0.5035846345,0.3140371726,0.437124341,0.3936504927,0.7492856086,0.3953088401
19,1,1,1,1,1,0.3030639033,0.5514361955,0.6422912999,0.3310066906,0.8566156035,0.2730905438,0.1988645904,0.2668805936,0.5510175816,0.3295411052,0.564910634,0.5039056448,0.3122982567,0.4398941994,0.3971080428,0.7542955596,0.4061519379
19.5,1,1,1,1,1,0.3020899867,0.552079829,0.6462804373,0.3294479073,0.8564116333,0.2732120617,0.1983642204,0.2697946032,0.5615610094,0.3367315136,0.5823515643,0.5029904281,0.3136588931,0.4408968558,0.3997119047,0.7577973257,0.4184609191
20,1,1,1,1,1,0.3045588159,0.5526959305,0.6458756272,0.3323326669,0.8565672368,0.2742944943,0.1979716021,0.2694140233,0.5720237421,0.3402693783,0.5954626219,0.5041272891,0.3130842926,0.4410282823,0.4010342481,0.7591466792,0.4289501276
20.5,1,1,1,1,1,0.3042304371,0.553333399,0.6461678052,0.3325249215,0.8554257785,0.273906158,0.1972645642,0.2707657219,0.5824129325,0.3445132404,0.6087946339,0.5028548213,0.3143900036,0.4421191817,0.400465919,0.7624023182,0.4437140822
21,1,1,1,1,1,0.3045085839,0.5531428575,0.6446382182,0.3316994404,0.8568227862,0.2749190258,0.1987552298,0.2694347339,0.5914346355,0.3505261698,0.621386263,0.5007039252,0.3149347738,0.4415132054,0.4019979021,0.764738949,0.4538185304
21.5,1,1,1,1,1,0.3048554162,0.5558187671,0.6441654789,0.3326135491,0.856036174,0.2755174074,0.1984803356,0.2709212775,0.5985005994,0.3558958974,0.6341372659,0.5006135191,0.3157670991,0.443436222,0.4012796793,0.7654721613,0.461823147
22,1,1,1,1,1,0.3055443876,0.5554477507,0.6462467345,0.3301095726,0.8554462555,0.2749876241,0.1979830152,0.2707795883,0.606372768,0.3595210028,0.6422006885,0.5022983129,0.3143597228,0.4413330072,0.4042002397,0.7676421827,0.469583021
22.5,1,1,1,1,1,0.3061762621,0.5531928725,0.6458835963,0.3317206034,0.8535200748,0.2736533549,0.1989989535,0.2714486,0.6112921665,0.3598545282,0.6536972649,0.5055128257,0.3136579861,0.4416424745,0.4021839506,0.7700196423,0.480664024
23,1,1,1,1,1,0.3050480719,0.5549084891,0.6464377271,0.3339402909,0.8530399969,0.2724839443,0.1994933272,0.2717498254,0.6158768779,0.3636106505,0.6646587573,0.5040472818,0.312888197,0.4408271112,0.4018492368,0.7707157831,0.4867823912
23.5,1,1,1,1,1,0.3046159391,0.5564263367,0.6486207515,0.3354433309,0.8532320068,0.2732003491,0.1983646688,0.2692059118,0.6243600566,0.3671286892,0.6727074869,0.5060525938,0.3119663667,0.4413976834,0.4019536075,0.7725391285,0.4992887669
24,1,1,1,1,1,0.3042375659,0.5555356247,0.6494765396,0.3348380161,0.8530012653,0.273072907,0.1978212175,0.2697175408,0.6310242614,0.3710701126,0.6817140793,0.5040749295,0.3138952611,0.4407686107,0.402324049,0.7751799639,0.5072402514
24.5,1,1,1,1,1,0.305633304,0.5547946165,0.6476593687,0.3329914979,0.8549719253,0.2732637388,0.1962463677,0.2718659134,0.6335996671,0.370675357,0.6898907475,0.5049345235,0.3156040602,0.4442894723,0.4043771806,0.7753276522,0.5158520292
25,1,1,1,1,1,0.3051131779,0.5558170416,0.6475451944,0.3322376423,0.8560143022,0.2733476691,0.195013553,0.2716717909,0.6395027761,0.3713724317,0.6984308659,0.5038492448,0.3164555214,0.4446948921,0.4075429656,0.7768566073,0.5222726559
25.5,1,1,1,1,1,0.3049193862,0.5540697972,0.6442877181,0.331042662,0.8558424915,0.2733083442,0.1953251528,0.2725430656,0.6440292961,0.3741580564,0.7055844432,0.5029614615,0.3160589675,0.4442671589,0.4109303234,0.7768629297,0.5300319686
26,1,1,1,1,1,0.3037654621,0.5537654669,0.6438589643,0.329636272,0.8562268022,0.2748517165,0.195074098,0.2731217638,0.6475073974,0.3763303659,0.7130750273,0.5048997449,0.3167313943,0.4437634528,0.4129128736,0.779169008,0.5362246872
26.5,1,1,1,1,1,0.3048413963,0.5536113986,0.6444162858,0.3326498886,0.8569989473,0.2755288601,0.1967135915,0.2719936225,0.6502854347,0.3786052712,0.7200107582,0.5021221087,0.3171430399,0.4443077246,0.4121863404,0.7788970537,0.5431403059
27,1,1,1,1,1,0.3055841868,0.5559215571,0.6446421968,0.3313613023,0.8560661445,0.2744027778,0.1965342496,0.2710536093,0.6538824959,0.380234218,0.7256485721,0.5031205387,0.3177836201,0.4426293204,0.4143313687,0.7785275916,0.5530760888
27.5,1,1,1,1,1,0.3030061052,0.5544361411,0.6468331516,0.330469885,0.8557138178,0.2744048535,0.1949667088,0.2685109779,0.6582840389,0.3806254163,0.7301151656,0.5024267224,0.3186852644,0.4463718842,0.413183731,0.7789289102,0.5582271513
28,1,1,1,1,1,0.3044001399,0.5528417479,0.6493235612,0.3321679941,0.856279484,0.276173691,0.1965330629,0.268183727,0.6613547549,0.3847802096,0.7349648545,0.5018839375,0.3158678004,0.4458173028,0.4139862624,0.78042996,0.5656705333
28.5,1,1,1,1,1,0.3034868539,0.5538776783,0.647843308,0.3341696053,0.8559987786,0.2771091876,0.1961670547,0.2680202441,0.6627282104,0.3886699774,0.7405097096,0.5016056391,0.31480614,0.4473405776,0.41391644,0.7799920339,0.5709797351
29,1,1,1,1,1,0.304139572,0.5541454068,0.6463861803,0.3339014776,0.8554863948,0.2762477661,0.1965879154,0.2683382763,0.6644458423,0.3873144645,0.7473667038,0.5010831594,0.3144702419,0.4473741179,0.4147200724,0.7827885646,0.5760900039
29.5,1,1,1,1,1,0.3037335249,0.550193754,0.645950788,0.335468147,0.8563952147,0.2751595831,0.1986106457,0.2696355246,0.6656854697,0.3901408013,0.7520028478,0.5028005463,0.3157016804,0.4466323678,0.4136425954,0.7844482183,0.5793305454
30,1,1,1,1,1,0.3026314249,0.5519204035,0.6452675768,0.3349863351,0.8557181236,0.2763149398,0.198219293,0.2672469776,0.6661127021,0.3899476227,0.7561314186,0.5015784388,0.3145523504,0.4504562581,0.4142445544,0.7857865805,0.5868446407
30.5,1,1,1,1,1,0.3009452515,0.5542476697,0.6442309388,0.3332400848,0.8559214445,0.2755001742,0.1993339792,0.2674488866,0.6658090549,0.3901030912,0.7601746096,0.5038374625,0.3187161968,0.4489729272,0.4123246303,0.7851055906,0.5893669688
31,1,1,1,1,1,0.3019359295,0.5517454887,0.6459693009,0.3336387667,0.8567081677,0.2765413376,0.198365224,0.2664952252,0.6694132699,0.3873128216,0.7636868221,0.4984717801,0.3176963123,0.448609039,0.4138553254,0.7842541276,0.5948366145
31.5,1,1,1,1,1,0.301426394,0.5513148272,0.6466475713,0.333523835,0.8567208299,0.2775461087,0.1973075171,0.268411814,0.6693119283,0.3873124555,0.7667904541,0.4997819,0.3139464997,0.4478206228,0.4134135403,0.7850230287,0.6016224017
32,1,1,1,1,1,0.3030483138,0.5515493935,0.6447779419,0.3333891152,0.8560638411,0.2749766623,0.1971610296,0.2674114082,0.6726867579,0.3880663035,0.7692246655,0.4983444235,0.3129368971,0.4461531272,0.4125413029,0.7828363491,0.6035800817
32.5,1,1,1,1,1,0.3026221921,0.5513488331,0.6430594235,0.3333265376,0.8558451231,0.27142972,0.1972074948,0.2685811668,0.6752581389,0.3898289843,0.7732632071,0.4975283142,0.3132045856,0.4460730185,0.4133663829,0.7835692294,0.6118535715
33,1,1,1,1,1,0.3039650692,0.5518982149,0.6428879289,0.3332552965,0.8560155572,0.2708353414,0.19656877,0.2669861397,0.6775063603,0.3890142065,0.7762524155,0.4982669329,0.3135444031,0.4452990889,0.4109174035,0.7868238561,0.6158804901
33.5,1,1,1,1,1,0.3037877151,0.5520825038,0.6445815202,0.3337647496,0.8554099481,0.2734017677,0.1952608555,0.2665037995,0.6780275995,0.3878343973,0.778457411,0.4975919569,0.3154828038,0.4442425166,0.4134153794,0.7875235066,0.6184207481
34,1,1,1,1,1,0.3031447608,0.5546680306,0.6495036606,0.3327728992,0.8549285974,0.2727421149,0.1954440265,0.2667417234,0.6805841816,0.3869829,0.7804572156,0.4972487534,0.3159580425,0.4442178145,0.4131640779,0.7873767937,0.6245770109
34.5,1,1,1,1,1,0.3036537549,0.5546402744,0.6484140857,0.3315635932,0.8538558765,0.2734001818,0.1984562869,0.2680018216,0.6850559385,0.3886165019,0.7820252137,0.4972025308,0.3182200163,0.4439944641,0.4116490875,0.7877733871,0.6276943789
35,1,1,1,1,1,0.3046578092,0.5541123221,0.6480396786,0.3325220885,0.8532969796,0.272154161,0.2003474009,0.2672689548,0.6856437623,0.3889886372,0.7813973827,0.5015606673,0.3187667632,0.4433231118,0.4125839567,0.7879778106,0.6313573986
35.5,1,1,1,1,1,0.3058252778,0.5529952758,0.6479650174,0.3307763915,0.855039389,0.2753952524,0.1996013742,0.2681982371,0.6851688711,0.3887623956,0.7855978544,0.5009854179,0.3161494701,0.4444109316,0.4133056058,0.7889748915,0.6362674718
36,1,1,1,1,1,0.3045793383,0.555364334,0.6487439243,0.3312310616,0.8559005688,0.273071062,0.1976905025,0.2685560125,0.6843805069,0.3856885635,0.7883189347,0.5018398221,0.3143841046,0.4448841711,0.4120549803,0.7895098787,0.6407038238
36.5,1,1,1,1,1,0.3027044643,0.555114555,0.6494800873,0.3302612737,0.8558222673,0.2740788783,0.1975861933,0.268111959,0.6827810576,0.3838881763,0.7912234176,0.5020494597,0.314315879,0.4468175254,0.415614923,0.7892264165,0.6433940002
37,1,1,1,1,1,0.3003924327,0.5557772966,0.6463325757,0.3311754521,0.8547527855,0.2744653381,0.1967945503,0.2672357608,0.6849755656,0.381719679,0.793138732,0.5027086099,0.3098068335,0.445039448,0.4158533037,0.7879920778,0.6481775258
37.5,1,1,1,1,1,0.2988277692,0.5525772561,0.6486413185,0.332070016,0.8540847576,0.2728430252,0.1952524991,0.271013551,0.6837232505,0.3818562631,0.7957594053,0.504091799,0.3129186042,0.4447029296,0.413664626,0.7875437077,0.6518781818
38,1,1,1,1,1,0.2999228461,0.5529248804,0.6451525847,0.3335299481,0.8555720307,0.2714608323,0.1948330837,0.269557568,0.6848011216,0.3832322902,0.7979588352,0.5048506359,0.3142324927,0.4425260652,0.415697402,0.788571632,0.653174252
38.5,1,1,1,1,1,0.3013177562,0.5536314756,0.6451097322,0.3316918199,0.8559722934,0.2735709922,0.1958852284,0.2682794501,0.6860225409,0.386429625,0.7998375798,0.5039651511,0.3172007227,0.4414177238,0.4148209673,0.7887775497,0.6547778692
39,1,1,1,1,1,0.3005890676,0.5535625317,0.6452853085,0.3309055978,0.8557643866,0.274952783,0.1959038733,0.2703342592,0.6863837549,0.3872033377,0.8004166383,0.5038458178,0.3178137617,0.4428695995,0.4145316601,0.7900824707,0.6559886027
39.5,1,1,1,1,1,0.2990737278,0.553755126,0.6470493751,0.332648623,0.8555973135,0.2745613706,0.195646976,0.2689311241,0.6882715684,0.3881123972,0.8014041504,0.5030066324,0.3146691485,0.4429706704,0.4147891262,0.7880958843,0.6604512714
40,1,1,1,1,1,0.2988303251,0.5547062567,0.6484857855,0.3323917092,0.8548181733,0.2720440241,0.1962061546,0.2696482526,0.6883756571,0.3903541659,0.8023863071,0.5047259677,0.313503292,0.4436192179,0.4118978774,0.7871551571,0.6616884746
40.5,1,1,1,1,1,0.298807746,0.5531872754,0.6473529606,0.3314499134,0.8558026411,0.2743276508,0.1976183582,0.2702349081,0.689722704,0.3903032557,0.8029506971,0.5049198154,0.3137691707,0.4459836727,0.4138282148,0.788346305,0.6672634242
41,1,1,1,1,1,0.3007604511,0.5535668632,0.6457821456,0.3315181117,0.8566834943,0.2751611008,0.1984907314,0.2697652192,0.690397583,0.3891467339,0.8050042098,0.5045017911,0.3161197557,0.4438153011,0.4140384699,0.7883108797,0.6706155419
41.5,1,1,1,1,1,0.3017742722,0.5515263315,0.645791187,0.331724261,0.8559903764,0.2749136938,0.1985243343,0.2707586816,0.6933314732,0.3905142062,0.8081034946,0.5029447626,0.3167633624,0.4468212118,0.4160165671,0.7865610268,0.6757784873
42,1,1,1,1,1,0.3033462105,0.5546627938,0.6424507404,0.3312919899,0.8564084504,0.2723588414,0.1982360007,0.2710574403,0.6936404041,0.3923496754,0.809394565,0.5019700221,0.3170451539,0.4449711072,0.4132105947,0.7872121549,0.6756101911
42.5,1,1,1,1,1,0.3022190682,0.5551822735,0.6432081479,0.331032889,0.8557721129,0.2730837625,0.1971197849,0.2698967752,0.6923915579,0.390993155,0.8084863765,0.5013042237,0.3168074537,0.4434741363,0.4147643894,0.787330747,0.6810710525
43,1,1,1,1,1,0.3016994807,0.5535104841,0.6434596946,0.3310859209,0.8560713212,0.2727764506,0.1985193225,0.269363043,0.6913550588,0.3921843494,0.8101032126,0.5018113189,0.3176043164,0.4406989938,0.4145098509,0.7891590414,0.6837334811
43.5,1,1,1,1,1,0.3039508462,0.553837599,0.6436442949,0.3304542591,0.8566297488,0.2727958137,0.1987716918,0.2690568271,0.6908043286,0.3924183952,0.8096442969,0.5001790945,0.316548246,0.4404665089,0.4153908758,0.789758796,0.6832963556
44,1,1,1,1,1,0.3039748402,0.5540944739,0.6452163702,0.3294294083,0.8575503773,0.274259334,0.1974655417,0.2691870168,0.6925292054,0.3917078894,0.8110420516,0.4998294825,0.315508245,0.4446447326,0.4170902761,0.7905268035,0.685161404
44.5,1,1,1,1,1,0.3014747328,0.5520965643,0.646766682,0.3311923149,0.8562329365,0.2712797373,0.1963085624,0.2687910053,0.690992497,0.3910581444,0.8126507555,0.5033971953,0.3138832077,0.4463003142,0.4182746471,0.7921869623,0.6877578548
45,1,1,1,1,1,0.3022175174,0.5534140875,0.6466936417,0.3345851447,0.855623531,0.2699272706,0.1955261386,0.2679699557,0.6895994794,0.3904357218,0.8130200894,0.5029335136,0.3135819162,0.4460067317,0.4182584075,0.7914017757,0.6888604119
45.5,1,1,1,1,1,0.3025708952,0.5539792041,0.647128376,0.3344287331,0.8567983445,0.2730137577,0.1955878106,0.2686781328,0.692306723,0.3906240937,0.8144115259,0.5050366499,0.3157800501,0.4453140065,0.416022256,0.7897390384,0.6898563508
46,1,1,1,1,1,0.3010517228,0.554488675,0.6473540354,0.3341970083,0.8559858997,0.274856543,0.1981649225,0.2693090328,0.6948596666,0.3925990164,0.8144959182,0.5040642366,0.3155342539,0.4446215351,0.4170177679,0.7898063312,0.6936046794
46.5,1,1,1,1,1,0.3024470296,0.5546348071,0.6482514273,0.3324487563,0.8548619637,0.2753440427,0.1981456115,0.26959464,0.6926457439,0.3896571712,0.8135665182,0.5036893813,0.3166381921,0.4437962617,0.4147270813,0.7882869086,0.6940605743
47,1,1,1,1,1,0.3011452198,0.552511982,0.6488348963,0.3339815291,0.8546415929,0.271947064,0.1991184256,0.2685910379,0.6914955039,0.39019255,0.8153560104,0.5041185527,0.3169950159,0.4441145339,0.4163180102,0.787334829,0.6946888368
47.5,1,1,1,1,1,0.3033684702,0.5554815361,0.6501100165,0.336458885,0.8543169852,0.2694280694,0.1983970102,0.2683767785,0.6944573096,0.3917251364,0.8171138071,0.5036761239,0.3167950519,0.4447747511,0.4163713071,0.7861387496,0.6971312636
48,1,1,1,1,1,0.3030095147,0.554534865,0.6485354398,0.3349745044,0.8550987322,0.2687695613,0.1982384561,0.2691965747,0.6917371319,0.3928190744,0.8193081263,0.5058992335,0.3192227444,0.4456715103,0.41689732,0.7860590023,0.6996144887
48.5,1,1,1,1,1,0.3008986455,0.5533939498,0.6491262332,0.333022404,0.854956174,0.2724580637,0.1979167654,0.269697769,0.6914403445,0.3924923624,0.819620826,0.5045771467,0.3192689061,0.4449758503,0.413987098,0.7862493165,0.7022499651
49,1,1,1,1,1,0.2987557864,0.552018539,0.6456090043,0.3337804197,0.8540095877,0.2738139911,0.1984495222,0.2687253435,0.6903376159,0.3944610635,0.8182010665,0.5026582425,0.3196835686,0.4455689075,0.4147243437,0.7865663492,0.7042041122
49.5,1,1,1,1,1,0.3012111609,0.5524590894,0.6476354906,0.334158075,0.8532065128,0.2735092145,0.1996346304,0.2709104462,0.6898694039,0.394503053,0.8178536897,0.5011280521,0.318027243,0.4481071416,0.4162014921,0.7882961244,0.7066463904
50,1,1,1,1,1,0.3005477298,0.5533304761,0.6483119344,0.332016948,0.8538399743,0.2724771436,0.1992356461,0.2700119212,0.6906684047,0.3931791012,0.8190739139,0.501316767,0.3159097502,0.4474128714,0.4170158479,0.7890981564,0.7075358231
50.5,1,1,1,1,1,0.299552401,0.5528863684,0.6477646413,0.3332553265,0.8534161225,0.2752255765,0.1973830479,0.2711904359,0.6920812033,0.3915333361,0.8190072674,0.4990894054,0.3174280174,0.4447906572,0.4143830509,0.7878828471,0.7104532101
51,1,1,1,1,1,0.3020622343,0.5548565213,0.6479678393,0.3334497992,0.8534286276,0.2758512034,0.1990836641,0.270012891,0.692151486,0.3924532122,0.8200981812,0.5001589004,0.3162494962,0.445676492,0.4152352828,0.7864654586,0.7087499494
51.5,1,1,1,1,1,0.3024227784,0.5533638579,0.6481606128,0.333686924,0.8539793941,0.2752325629,0.2004463654,0.2708398536,0.6936471321,0.3933589241,0.8200741302,0.5015643243,0.315655614,0.4424638506,0.4168041108,0.7865796174,0.7079294507
52,1,1,1,1,1,0.3015936701,0.5550712685,0.6491722734,0.3340492864,0.8541483859,0.2730842152,0.2004951529,0.2718101797,0.6931880425,0.3936645343,0.8188118228,0.5025476131,0.3159732863,0.4427863772,0.4147422706,0.7855761911,0.7091796841
52.5,1,1,1,1,1,0.300573537,0.5544344115,0.6500188143,0.3365943573,0.8551528644,0.2734787997,0.1999276762,0.2706532334,0.6976940601,0.3942796812,0.8166064204,0.5021884079,0.3160374925,0.4453783562,0.4151222843,0.7857200185,0.709921342
53,1,1,1,1,1,0.3020356357,0.5551976503,0.6499854247,0.3349170986,0.8548213475,0.2746925525,0.1999924704,0.2694975408,0.6967413189,0.3935369563,0.8165940068,0.5037329511,0.3168927381,0.4470565093,0.416693216,0.7896470918,0.7128924071
53.5,1,1,1,1,1,0.3008807351,0.552410827,0.6481732867,0.3333259385,0.8544185201,0.277350818,0.1992341694,0.2708314553,0.69543594,0.3926726123,0.8156129161,0.5023730864,0.3151904461,0.4461792084,0.4129345849,0.7886240849,0.7150402475
54,1,1,1,1,1,0.3036768223,0.5533660154,0.6478322573,0.3337217351,0.8540878547,0.2742054487,0.1972035312,0.271075539,0.6976820129,0.3935445735,0.817453289,0.5030487773,0.3161829096,0.4464047881,0.4157056303,0.7885969327,0.7166065002
54.5,1,1,1,1,1,0.3036592487,0.5546308121,0.6460828172,0.3328063692,0.8555716366,0.2733750452,0.1968713255,0.2697307669,0.6987616204,0.3931784748,0.8177496937,0.5025210762,0.3158366364,0.4457733755,0.4143660247,0.7889306188,0.7163172105
55,1,1,1,1,1,0.3021460284,0.5532990962,0.645416575,0.3323030003,0.8562332476,0.2736032312,0.198135509,0.2710575207,0.7012321025,0.3924919181,0.817417154,0.503587161,0.3144665035,0.4463336811,0.4145062312,0.7882870647,0.7147689637
55.5,1,1,1,1,1,0.3038031781,0.5545152356,0.6500895934,0.3328236116,0.8577856203,0.2733750695,0.1984610477,0.2686283659,0.70043645,0.3910318332,0.8182262956,0.5015657001,0.3161339812,0.4461633562,0.4174661944,0.7885744709,0.7181806565
56,1,1,1,1,1,0.3021789438,0.5547879832,0.650394919,0.3325853628,0.8576287175,0.2768911652,0.1992325656,0.2688224213,0.699474499,0.39212489,0.816488012,0.498653576,0.315419998,0.4463343967,0.4151990394,0.7863664183,0.7173475742
56.5,1,1,1,1,1,0.3023788117,0.5557862303,0.6514600963,0.3325411595,0.8574716669,0.2771316404,0.1988911738,0.2713586898,0.6972031527,0.390565195,0.819481303,0.501538187,0.314501295,0.4461839546,0.4151887793,0.7864345701,0.7207255581
57,1,1,1,1,1,0.3040297406,0.5536815932,0.6470390341,0.3333372569,0.8578849589,0.2757082531,0.1989614249,0.2701439591,0.6967915576,0.3888270214,0.8212589318,0.5017518965,0.3148486998,0.4450846498,0.4116483919,0.7876240736,0.7218540929
57.5,1,1,1,1,1,0.3034727156,0.5549611841,0.6462268445,0.3336929041,0.8575279533,0.2760123582,0.201536684,0.2700658022,0.6993181072,0.3907120121,0.8227025151,0.5015334617,0.3148969596,0.4459008214,0.4130167004,0.7904438911,0.7242959702
58,1,1,1,1,1,0.3024073862,0.5524235575,0.6471708269,0.3327822937,0.8573077958,0.2764662117,0.1995693033,0.2702528999,0.6996802695,0.3927204064,0.8224262519,0.5017390171,0.314797135,0.4452597346,0.4139897712,0.7914721437,0.72738516
58.5,1,1,1,1,1,0.3027555308,0.5540390281,0.6476324821,0.3303531146,0.8577275392,0.2749313364,0.2007649203,0.2714928306,0.6979549315,0.3921126565,0.8217867358,0.5020612847,0.3146659773,0.443307819,0.4164362386,0.7922522189,0.728028185
59,1,1,1,1,1,0.3050440736,0.555011262,0.64752224,0.3304622327,0.8573283893,0.275669105,0.2015177306,0.2708687854,0.6991868978,0.39107895,0.8190885843,0.5023112511,0.3144230317,0.443812545,0.413720089,0.7920565633,0.7250932017
59.5,1,1,1,1,1,0.3035640441,0.5547777846,0.6482465773,0.3301007106,0.8566201516,0.2747371268,0.2013354953,0.2713101462,0.6973001871,0.3915601211,0.8203988162,0.5037902733,0.3156465502,0.4413939891,0.41137819,0.7920648625,0.7273030377
60,1,1,1,1,1,0.3031382036,0.5551630996,0.6509306468,0.3288614927,0.8574131026,0.2730633022,0.1992254468,0.2720327436,0.6969369731,0.3922872255,0.8213565403,0.5050101917,0.3136593763,0.4416964477,0.4158335791,0.7917057965,0.7249735547
60.5,1,1,1,1,1,0.3029817365,0.5556525027,0.6489205408,0.3307785456,0.8562772955,0.2734888796,0.1997125675,0.2720977816,0.6978787262,0.3934139232,0.8212673851,0.5050379399,0.3149528553,0.4419166412,0.4152852332,0.7907466013,0.7266694164
61,1,1,1,1,1,0.3021914544,0.5550660029,0.6474041857,0.3308898444,0.8587089324,0.2746446108,0.1999479475,0.2752487205,0.6982102505,0.3946694287,0.8236568248,0.5057415308,0.3165159446,0.4430553549,0.413860294,0.7905887418,0.7292930348
61.5,1,1,1,1,1,0.3043374221,0.5543578514,0.6489014132,0.3298942221,0.8573579163,0.2762247525,0.1993361574,0.2729549808,0.6971143297,0.3917177236,0.8231700954,0.5030864526,0.316754553,0.4401378967,0.4156879498,0.7898792246,0.7290516741
62,1,1,1,1,1,0.3033775461,0.5545159155,0.6512048241,0.3274558447,0.8570893705,0.2742566317,0.1988455526,0.2716822865,0.6997513829,0.3930061138,0.8234483717,0.5025990167,0.3169672555,0.439576267,0.4155367418,0.7896328114,0.7317171867
62.5,1,1,1,1,1,0.3018742127,0.5539060216,0.648855318,0.3300931266,0.8568224096,0.2737346784,0.2008969007,0.2707559269,0.6983103066,0.3912908636,0.8220411855,0.5027162341,0.3187442868,0.4382137336,0.4153388991,0.7890766494,0.7323925789
63,1,1,1,1,1,0.303749261,0.5545460092,0.6487687195,0.3304624063,0.8568979925,0.2743503807,0.1984339055,0.2711019012,0.7011795477,0.3922948773,0.8226294498,0.5043772599,0.3171458853,0.4387657123,0.4161562394,0.7886270413,0.7328546057
63.5,1,1,1,1,1,0.3028573653,0.5567491596,0.6482958437,0.3315787411,0.8568222175,0.2740661639,0.197918929,0.2702317269,0.6987882618,0.391158657,0.8215626599,0.5036564541,0.3140055713,0.4393413197,0.4144556494,0.7901789874,0.7332197379
64,1,1,1,1,1,0.3013915984,0.5556004003,0.6489521096,0.3308662148,0.8575645021,0.2743548662,0.1978004831,0.2688403427,0.7003702486,0.3907711486,0.8206588864,0.5039542255,0.3150289259,0.4399899098,0.4139828392,0.7923520059,0.7329525804
64.5,1,1,1,1,1,0.3007271071,0.553075576,0.6497327407,0.3310142518,0.8574648322,0.274848608,0.1986670445,0.2708226997,0.7011932936,0.393982027,0.8204706838,0.5045482074,0.3162331659,0.4432113594,0.4138615311,0.7911136521,0.7336310238
65,1,1,1,1,1,0.3036216861,0.5567004888,0.6472426024,0.3301294857,0.8568579835,0.2738151534,0.1970128502,0.2702812577,0.7001311757,0.3955340869,0.8228769191,0.5035951931,0.317537376,0.4410545628,0.4129606208,0.790341036,0.732770586
65.5,1,1,1,1,1,0.3033728073,0.5538456114,0.6489430289,0.3303088822,0.8567538485,0.2725095739,0.1971606042,0.2687790532,0.702061087,0.3930346008,0.8219219944,0.5032605533,0.3166084504,0.4444578415,0.4128703051,0.7886733617,0.7322383963
66,1,1,1,1,1,0.3035726866,0.5550932905,0.6478205859,0.3307918576,0.8569735124,0.2740860957,0.1960245222,0.2695914371,0.7028516207,0.3930104404,0.8236598407,0.5039353626,0.3162762381,0.4449654754,0.4145258781,0.7900218714,0.7300484628
66.5,1,1,1,1,1,0.3053441712,0.5551578244,0.6447684134,0.3328565094,0.8562976831,0.2750499116,0.1954080293,0.2679948569,0.7050168939,0.393485739,0.8259157517,0.5046766296,0.3165630591,0.4432167492,0.4146205934,0.7894279828,0.729011136
67,1,1,1,1,1,0.3065251977,0.5548287078,0.6449255181,0.3320065527,0.8571673592,0.2746587281,0.1976620153,0.2679605076,0.70314996,0.3925628104,0.8259386252,0.5057680449,0.3157152299,0.4470180515,0.4163909886,0.7885914909,0.7293621393
67.5,1,1,1,1,1,0.3056104712,0.5543456527,0.6460570387,0.3308842087,0.8555563578,0.2738003971,0.1972209695,0.2677395157,0.7040559854,0.3897485272,0.8270623704,0.5056538094,0.316186096,0.4481909634,0.4168967644,0.7870108792,0.7299048313
68,1,1,1,1,1,0.3062709951,0.5550620982,0.6458802239,0.330985564,0.8551555374,0.2741152469,0.195670016,0.2680884013,0.7024436255,0.3903762715,0.8279943319,0.5024600554,0.3145878484,0.4461831944,0.417816608,0.7889119803,0.7317152406
68.5,1,1,1,1,1,0.307010079,0.5519217656,0.6472517968,0.3334014414,0.8554244428,0.2737682529,0.195080722,0.2692003322,0.6992774192,0.3903798865,0.8268410193,0.5037899097,0.3145071116,0.4452673935,0.4158435758,0.7876743349,0.7320383884
69,1,1,1,1,1,0.3053120803,0.5511032895,0.6450449226,0.3323359452,0.8572217474,0.2756083701,0.1938264554,0.2688580597,0.6994279334,0.3914634227,0.8268304486,0.500109969,0.3160096646,0.4453012037,0.416290393,0.7876896661,0.7325871757
69.5,1,1,1,1,1,0.3042379034,0.5524337014,0.6448960943,0.3307231354,0.8570421198,0.2739918107,0.1933490291,0.2695589467,0.7006804076,0.3921022873,0.8259378929,0.4998421483,0.3138563147,0.4466804711,0.4159109801,0.7899401534,0.7334853432
70,1,1,1,1,1,0.3041708474,0.5502250659,0.6448936834,0.331740921,0.8574498088,0.2762574666,0.1937287345,0.2683091821,0.7001386098,0.391761905,0.8249322917,0.4975701562,0.3139175421,0.4474725357,0.4143214655,0.7907736946,0.7334635933
70.5,1,1,1,1,1,0.3049349944,0.5509724021,0.6452880104,0.3307175315,0.8573535692,0.2741330106,0.1934134896,0.2680220218,0.7043420247,0.391930851,0.8262799128,0.4947614157,0.3137655101,0.4476749391,0.4136610345,0.7907432355,0.7330543098
71,1,1,1,1,1,0.306151311,0.5515756227,0.6458810631,0.330208681,0.8568535532,0.2735574208,0.194011635,0.267685192,0.7016886386,0.3935775656,0.8256632261,0.4972083173,0.3150186274,0.447220479,0.4157839475,0.7907756331,0.7341076532
71.5,1,1,1,1,1,0.3060868879,0.5507645821,0.6455963181,0.331814357,0.8556542632,0.274747454,0.1950431099,0.2669954939,0.7002379155,0.3936818823,0.8245047953,0.4995823665,0.3151862069,0.4461102407,0.4172610472,0.7895794903,0.7318393514
72,1,1,1,1,1,0.3046503867,0.5513789919,0.6454047203,0.3339117149,0.8559859007,0.2742165267,0.197053475,0.2662207351,0.7007037035,0.3946010439,0.8249889511,0.5020917891,0.3156276972,0.4448791499,0.4145406043,0.7891298243,0.7327127333
72.5,1,1,1,1,1,0.3039989925,0.5513344114,0.6461827499,0.332839002,0.8567062032,0.274959586,0.1969384522,0.2673144229,0.7030248669,0.3949287327,0.82399542,0.4998589849,0.315718076,0.4460601586,0.4112601037,0.7887817693,0.7326694862
73,1,1,1,1,1,0.3023766618,0.5532651445,0.6478721473,0.3309217426,0.8565201916,0.2764523572,0.1960029627,0.2666746738,0.701551813,0.3948744517,0.8234265784,0.498964569,0.3173234665,0.4468216278,0.4139962055,0.7906450112,0.734289769
73.5,1,1,1,1,1,0.3029770742,0.5559997525,0.6489271244,0.3293628261,0.8558270035,0.2775063969,0.1974625056,0.2654629644,0.7035348735,0.3950610688,0.8247958032,0.4997697399,0.3187932947,0.4451170896,0.4136518413,0.7904279693,0.731964936
74,1,1,1,1,1,0.3020480137,0.5527046092,0.6476502471,0.3293874928,0.8548166527,0.2769003928,0.1972465429,0.265364481,0.7049926038,0.3937680893,0.8246715852,0.4989613993,0.3191223546,0.4462901868,0.41358439,0.7908563599,0.7333338857
74.5,1,1,1,1,1,0.3038957405,0.5521676192,0.646337145,0.3299883166,0.8546523021,0.2763078149,0.1966976884,0.2653365231,0.7043572313,0.3906599797,0.8228758801,0.4967778382,0.3189213422,0.4468031492,0.4110786441,0.7898955545,0.7315266744
75,1,1,1,1,1,0.3027943563,0.5539079383,0.6461137897,0.3301745989,0.8549680709,0.2760834395,0.197867321,0.2635948097,0.6987918477,0.3905812652,0.8209513474,0.4991911101,0.3164416013,0.4463653163,0.4119522034,0.7890263219,0.7307080351
75.5,1,1,1,1,1,0.3033348977,0.5548617668,0.6467102075,0.332904061,0.8550456801,0.2763490939,0.1977671759,0.2671172806,0.7004231464,0.3922477849,0.8214242959,0.499789129,0.313593944,0.4453690067,0.4128688155,0.7873948969,0.7307897361
76,1,1,1,1,1,0.3044572793,0.5534058728,0.645302361,0.3332628419,0.8561239077,0.2737351729,0.1981290846,0.2697129336,0.7008355224,0.3949095998,0.8216837109,0.5026127222,0.312821128,0.4490803461,0.4124918907,0.7889968822,0.7326286939
76.5,1,1,1,1,1,0.3046033642,0.5526183727,0.6460033522,0.3309855144,0.8557422968,0.2738931989,0.1979849439,0.2692691367,0.7022363889,0.3941342832,0.8204622106,0.5035270883,0.3138107947,0.4479579303,0.4163329976,0.7901044799,0.7332241655
77,1,1,1,1,1,0.3051496695,0.5519231731,0.6457641861,0.3320847492,0.8562175568,0.2751870994,0.2005804949,0.2696376737,0.7015831351,0.3920709192,0.8204135409,0.5041422944,0.3156548936,0.4470649141,0.4162491056,0.7906148105,0.7366068483
77.5,1,1,1,1,1,0.3053717273,0.5527087387,0.6471051063,0.3325196743,0.8553200868,0.2741684914,0.1997504542,0.2725587594,0.7024813063,0.3932049693,0.8211635843,0.5036117304,0.3155691251,0.4477867253,0.4191020361,0.7909184552,0.7399674793
78,1,1,1,1,1,0.3078396782,0.5533706602,0.6459316143,0.3305437149,0.8553295209,0.2760710905,0.1995959088,0.271293187,0.7011194849,0.3972958091,0.8228397268,0.503467198,0.3156415898,0.4460213153,0.4162828448,0.7918013691,0.7395097159
78.5,1,1,1,1,1,0.3070955837,0.5531748831,0.643625767,0.3287434828,0.8551221375,0.2750931748,0.1981413269,0.2717538348,0.7006257831,0.3967388702,0.8238903727,0.5032905237,0.3166376779,0.4458895019,0.4173816408,0.7909034704,0.7382987474
79,1,1,1,1,1,0.3070507274,0.5524940236,0.6470689232,0.3268091417,0.8552424416,0.274115168,0.1974220885,0.2715957696,0.7031448463,0.3988512262,0.82480918,0.5017684646,0.3171590552,0.444680843,0.4175187617,0.7905245736,0.7390774082
79.5,1,1,1,1,1,0.303707037,0.5541879489,0.6482394585,0.3272427368,0.8545798679,0.2759772313,0.1986271353,0.2707037611,0.7033872077,0.3990448191,0.825403697,0.500878764,0.3177983866,0.4439911351,0.4158756784,0.7895231844,0.7395929899
80,1,1,1,1,1,0.3021010373,0.5541543935,0.6475005324,0.3272614705,0.8561229862,0.2748505127,0.1994487827,0.2707444601,0.7020890551,0.3996754203,0.8255322755,0.5024281447,0.317289098,0.4454495461,0.4143755527,0.789753855,0.7383331925
80.5,1,1,1,1,1,0.3012300035,0.5526782954,0.6471278497,0.3258145212,0.8561158722,0.2734219209,0.1981810313,0.2707658367,0.7020669281,0.3992616372,0.8254568505,0.5030051396,0.3165739112,0.4476174247,0.4116646428,0.789610103,0.7339403232
81,1,1,1,1,1,0.3029718977,0.5540906729,0.6459273469,0.3250254458,0.8547588231,0.2739499918,0.1975898193,0.2716761091,0.7029216275,0.3987347446,0.8243627089,0.5015935669,0.3152747532,0.4493397788,0.4160964555,0.7896955682,0.7354492005
81.5,1,1,1,1,1,0.3051991927,0.5555601358,0.6459364335,0.3271371011,0.8534485156,0.2730251172,0.1954886139,0.2709065604,0.7023517294,0.3991179823,0.8246451664,0.5020727006,0.3137582876,0.4472316118,0.4157265083,0.789113011,0.7370981988
82,1,1,1,1,1,0.3063549414,0.5539123094,0.6462803705,0.328330481,0.8523876357,0.2748735757,0.1958805404,0.2676451709,0.6999784677,0.3991172259,0.8251426203,0.5022889491,0.3138262966,0.4472036519,0.4135701694,0.7891631965,0.7366743683
82.5,1,1,1,1,1,0.305569382,0.5533765508,0.646551775,0.3319531335,0.8526032553,0.2749900982,0.1956231588,0.2702940424,0.6997437518,0.3971021727,0.8260933029,0.5010367807,0.3146865864,0.4461499428,0.4129476398,0.7894160856,0.7362431481
83,1,1,1,1,1,0.3069789567,0.5500184099,0.6466728683,0.3311069332,0.8525496541,0.2744183836,0.1946181559,0.2720656509,0.699908667,0.3975238171,0.8263594308,0.503131828,0.3154496669,0.4431194827,0.4126707179,0.7905519531,0.7348124949
83.5,1,1,1,1,1,0.3059695027,0.5507279282,0.6481360451,0.3331508562,0.852223156,0.2731431392,0.1942325985,0.2691364302,0.7012406006,0.3955221873,0.8245234712,0.5036066716,0.3140510955,0.4432138034,0.4127685277,0.7896019375,0.734341482
84,1,1,1,1,1,0.3075235445,0.5509078021,0.6482802902,0.3324864333,0.8528391547,0.2738940028,0.1942219099,0.2696471626,0.6991211549,0.3945799159,0.8237788427,0.502824472,0.3157398903,0.4454610444,0.4126753581,0.7889881525,0.7335782396
84.5,1,1,1,1,1,0.3062283919,0.5515645423,0.6473778783,0.3320631445,0.8522189082,0.2742985675,0.1951536748,0.2686238914,0.6993861565,0.3968929875,0.8224553316,0.5045968355,0.3167789803,0.4480113973,0.413713833,0.7891744741,0.7345796582
85,1,1,1,1,1,0.3045333304,0.5527491809,0.6472640315,0.3346593911,0.8530519049,0.2742820261,0.1942325969,0.2679051476,0.6999325297,0.397049041,0.8209645642,0.5034486338,0.3139521467,0.4450855599,0.4153816041,0.7874618836,0.7327295306
85.5,1,1,1,1,1,0.3049144252,0.553847089,0.6471402836,0.3339807851,0.8551077636,0.2749476369,0.1957355426,0.2698833229,0.7026468128,0.3976366014,0.8218856469,0.5040770737,0.3159076176,0.4454884698,0.4175591575,0.7886855843,0.7303095023
86,1,1,1,1,1,0.3045709234,0.5525659171,0.6463262969,0.3355423862,0.8537742948,0.2753084053,0.1953680677,0.2698423624,0.7040998461,0.3995454137,0.8222355536,0.5011756316,0.3162973851,0.4450840466,0.4176148768,0.7878018037,0.7305025567
86.5,1,1,1,1,1,0.3026580045,0.552850986,0.6464030286,0.3366960734,0.8553613991,0.2746123269,0.1960297999,0.2698798714,0.7020389305,0.4010261017,0.8214000532,0.5008485812,0.3167513221,0.4441232026,0.418238443,0.7886513737,0.7306484496
87,1,1,1,1,1,0.3020875826,0.5511988035,0.6466295392,0.3336856447,0.85485792,0.2746503151,0.1969391296,0.2704385277,0.6993116642,0.4013391738,0.8206823186,0.5010590469,0.3146206996,0.4452895892,0.4199070213,0.7870102359,0.7290203535
87.5,1,1,1,1,1,0.304749928,0.5510026431,0.6467512669,0.3346937625,0.8547815845,0.2745123183,0.1972536397,0.2719793927,0.7006385491,0.4018958778,0.8208100776,0.4998426634,0.3157375548,0.4453955612,0.4199691022,0.7883181612,0.732654957
88,1,1,1,1,1,0.3034228628,0.5523429931,0.6453768645,0.3332029747,0.855098328,0.2744760711,0.1961605481,0.2716272506,0.6988914123,0.4040185372,0.8212565725,0.5001107206,0.316412485,0.4457090986,0.419695831,0.7870677334,0.7318059315
88.5,1,1,1,1,1,0.3034459097,0.5544765868,0.6462886877,0.3319867023,0.8547764444,0.2742039699,0.1962083195,0.271445829,0.6994621969,0.4033994896,0.8211046812,0.4987617536,0.3158798804,0.4438494416,0.420957669,0.7875122151,0.7323302282
89,1,1,1,1,1,0.3027159735,0.5569335591,0.6466261975,0.331356654,0.8547820653,0.2711460213,0.197569639,0.2702730237,0.6994853586,0.4053724038,0.8212473187,0.5000277588,0.3160428194,0.4436860505,0.4178195066,0.7874159408,0.7328586062
89.5,1,1,1,1,1,0.3033694986,0.5564037171,0.6470551905,0.3294885002,0.8550725213,0.2714160705,0.1984633676,0.2704861034,0.6996731648,0.4030694279,0.8205219729,0.5003342335,0.3163177142,0.4423463478,0.4166971446,0.7885267254,0.7338830816
90,1,1,1,1,1,0.303520617,0.5552705537,0.6469279146,0.3284163474,0.8552925078,0.2719316188,0.1980014406,0.2716887932,0.6976804502,0.4030586872,0.8188312218,0.5013113699,0.3143544248,0.4429256549,0.4160928489,0.789657698,0.7316114117
90.5,1,1,1,1,1,0.3017780974,0.5532633836,0.6441194869,0.3283423298,0.855249178,0.2712239392,0.1981129457,0.2729218759,0.6948349568,0.4046463226,0.8196763977,0.5002931881,0.3128775948,0.44272113,0.4172200711,0.7906246904,0.7320303568
91,1,1,1,1,1,0.3015547708,0.5537788387,0.643838202,0.3286869666,0.8545972702,0.2711622649,0.2013236268,0.2741695652,0.6946533679,0.4042351649,0.8197717051,0.4992896874,0.3128748672,0.4432434579,0.4177120087,0.7901503474,0.7346050404
91.5,1,1,1,1,1,0.3001120865,0.5534229438,0.6476300938,0.3297899622,0.8543216788,0.2709679039,0.1993079794,0.2735628276,0.6947112206,0.4029829292,0.8181527103,0.4998317838,0.3125052671,0.4430271111,0.4168197553,0.790600254,0.7332670152
92,1,1,1,1,1,0.3014290081,0.5520039329,0.6471864247,0.3303285823,0.8550701733,0.2701680875,0.2002365629,0.2730469119,0.6964802608,0.4031032178,0.8189894704,0.5034084466,0.3125075654,0.4428360028,0.4165488529,0.7869635201,0.7320408199
92.5,1,1,1,1,1,0.3012565751,0.5529349427,0.6485516742,0.3313306678,0.8538634413,0.269857466,0.1992909573,0.2736268531,0.6967594736,0.4042746515,0.819426405,0.499683973,0.3132167616,0.4461650695,0.4159460052,0.7867869886,0.7333578956
93,1,1,1,1,1,0.3016454113,0.5527243984,0.6481727397,0.3303405303,0.8540277057,0.2694319424,0.1997659953,0.2723840878,0.698256527,0.4014525868,0.8186012465,0.4990962366,0.3128541501,0.4451387257,0.4144042534,0.7862892857,0.735326651
93.5,1,1,1,1,1,0.3019372234,0.5525120274,0.6449108428,0.3294167058,0.8527578251,0.270985891,0.1995798029,0.2705544383,0.6953164442,0.4011053362,0.820042915,0.500548541,0.3130358284,0.4454367855,0.4174866425,0.7847373799,0.7353946691
94,1,1,1,1,1,0.3027905459,0.5514832447,0.6450465411,0.3300388575,0.8535392028,0.2713117545,0.200289796,0.2719489625,0.6959233705,0.3987389308,0.8199355189,0.5010087015,0.313090117,0.4432495716,0.4180093147,0.7862810972,0.7352294983
94.5,1,1,1,1,1,0.3033438559,0.5540430925,0.6436327323,0.3304819433,0.852190147,0.2709536885,0.1981201142,0.2717121994,0.6975594874,0.3975583327,0.8202313185,0.5001196244,0.3142354113,0.4439824489,0.4211868368,0.7872417862,0.7347078755
95,1,1,1,1,1,0.3013222045,0.5539329591,0.6438646987,0.3290301304,0.8534860681,0.269470971,0.1989972661,0.271824107,0.6999084815,0.4009410751,0.8208238853,0.500055918,0.3129047437,0.4449302566,0.4200998831,0.7886753882,0.7350173949
95.5,1,1,1,1,1,0.302636896,0.5553977351,0.6441337404,0.3289384548,0.855310533,0.2736743306,0.198582644,0.2693536903,0.6996150676,0.4008437227,0.8223871952,0.4988660619,0.3140712658,0.4492017082,0.4226679423,0.7892227674,0.7351789638
96,1,1,1,1,1,0.3035900701,0.5525062673,0.6455604515,0.3295380263,0.8571950921,0.273809927,0.1987913095,0.2679726355,0.6993740396,0.4018134075,0.8255001582,0.4980487451,0.3139090003,0.4484145245,0.4210621267,0.7893686858,0.7354090575
96.5,1,1,1,1,1,0.3020575358,0.553236303,0.6449903219,0.3288279558,0.8567160861,0.2735037151,0.1987548876,0.270489908,0.7009226322,0.4010310912,0.8250593672,0.4997787433,0.3137340617,0.4488460681,0.4205280423,0.7898293718,0.7349258752
97,1,1,1,1,1,0.3036987169,0.5531029098,0.6460545528,0.3305848727,0.8556857307,0.2732826308,0.1970268654,0.2696857015,0.7011197652,0.4003856134,0.8255769654,0.5029966548,0.3147688498,0.4487777166,0.417305659,0.7911840821,0.7353523043
97.5,1,1,1,1,1,0.3045698789,0.5525162086,0.6474437471,0.3305182761,0.85502233,0.2712220047,0.1991592622,0.2702295261,0.7015944469,0.3981678945,0.8248223856,0.5037460578,0.3171808259,0.4479628886,0.4146946977,0.7920670164,0.7360641172
98,1,1,1,1,1,0.3050154528,0.5531803585,0.6465957677,0.3324478046,0.8551716079,0.2692765848,0.1996461776,0.2707510956,0.7015108496,0.3983762096,0.8244831382,0.5042655377,0.3178229249,0.4450256393,0.4159396896,0.7932259107,0.7363797087
98.5,1,1,1,1,1,0.3050188409,0.5515824092,0.6470536985,0.3328272538,0.8550469801,0.2704104585,0.2002968692,0.2725696769,0.6991763257,0.398375175,0.8240554731,0.5030645129,0.3176107599,0.4458503037,0.4155781959,0.7937818471,0.7374161759
99,1,1,1,1,1,0.3066110654,0.5513589354,0.6466993571,0.3328563222,0.8549369825,0.2705437816,0.199001463,0.2725017264,0.6982551232,0.3997082875,0.8225790018,0.5013815694,0.3188348471,0.4445445225,0.4143201192,0.7921404312,0.7393714688
99.5,1,1,1,1,1,0.3062579622,0.5517192964,0.647607814,0.331582201,0.8548706922,0.2722802398,0.1981580588,0.2685972242,0.6975808737,0.4005519507,0.8234566699,0.5053777617,0.3149446045,0.4442359168,0.4155213623,0.7910056344,0.7391753383
100,1,1,1,1,1,0.3052582854,0.5505065483,0.6493324106,0.3331240197,0.8547432287,0.2726892765,0.1985427303,0.2653768944,0.6980935654,0.3987303155,0.8239292875,0.5051902309,0.3149487179,0.4454137987,0.4153200967,0.7910016356,0.7408665698
100.5,1,1,1,1,1,0.3047873188,0.554333944,0.6487195863,0.3331697842,0.8552351034,0.2707662083,0.1975881474,0.2677776455,0.69900801,0.398117043,0.8246271396,0.5041774726,0.3159945469,0.4484859411,0.4146476713,0.7896080708,0.7417805162
101,1,1,1,1,1,0.3037066898,0.551420713,0.6477471423,0.3337732594,0.8565245975,0.2726621734,0.1965032841,0.2681088923,0.7005394134,0.3986577575,0.8254084304,0.5034302563,0.317044698,0.4471705368,0.4194399131,0.7906557236,0.7404356954
101.5,1,1,1,1,1,0.3037223407,0.5519101153,0.6481996301,0.3356978349,0.8552108014,0.2733590311,0.1960094191,0.2673719109,0.6997804667,0.3994057883,0.825640004,0.5039775917,0.3171371856,0.4492991176,0.4216741363,0.7911457803,0.7417592002
102,1,1,1,1,1,0.3048206362,0.5536699956,0.64802955,0.3330394145,0.856372212,0.2735748517,0.1960494882,0.2655333381,0.701586533,0.3975828944,0.8251840574,0.5019263894,0.3168728742,0.4505426346,0.420793648,0.7913008745,0.7453070496
102.5,1,1,1,1,1,0.3044643281,0.5523487776,0.6479971184,0.3319095833,0.8566093096,0.2740661469,0.1948693093,0.2639779721,0.7014012783,0.3945733956,0.8236107954,0.5043066404,0.3145296128,0.4505867261,0.4185772755,0.7922827402,0.7468101372
103,1,1,1,1,1,0.3046848904,0.5522629572,0.648635468,0.3301745422,0.8562916376,0.2738190556,0.194604744,0.2637198019,0.7011777965,0.3942154127,0.8253831913,0.5046135765,0.3157662597,0.4498652234,0.4179924153,0.7948486224,0.7474032897
103.5,1,1,1,1,1,0.3053209302,0.553551152,0.6482853882,0.3323831434,0.8562152112,0.2730116401,0.194212339,0.2635241539,0.7010875193,0.3907116508,0.823801344,0.5032494403,0.3137915757,0.4499807913,0.4145175687,0.7950624102,0.7469560965
104,1,1,1,1,1,0.3048138543,0.551363011,0.6497693839,0.3327220511,0.8551726785,0.2730149554,0.193065812,0.2647349879,0.7024885106,0.3903098378,0.8217219599,0.504480751,0.3147269735,0.4478530698,0.4154430661,0.7941053241,0.7493780263
104.5,1,1,1,1,1,0.3059428664,0.5519334605,0.6500455153,0.3363117052,0.8550248893,0.273813517,0.1939729789,0.2624663175,0.7030879502,0.3908111184,0.821744561,0.5061166118,0.3151354718,0.4487896807,0.4156341855,0.7917997604,0.7480062699
105,1,1,1,1,1,0.305547644,0.5516947413,0.6505157893,0.3351235102,0.8547869743,0.2723965914,0.1938546541,0.2655608685,0.7008874837,0.3939385622,0.8226775278,0.5041487988,0.3147400835,0.4481938464,0.416461878,0.7904481397,0.7481671844
105.5,1,1,1,1,1,0.305223355,0.5517972098,0.6472946737,0.3337866542,0.8550360303,0.2740202653,0.1948418957,0.2676238228,0.701872795,0.3939025261,0.821112363,0.5037703097,0.3138028857,0.4477108025,0.4200201862,0.7899811477,0.7485424859
106,1,1,1,1,1,0.3049827731,0.5540146908,0.6472768132,0.3352625033,0.8545716682,0.2752740382,0.196241127,0.2675343375,0.7029163391,0.3941023361,0.818731628,0.5027875485,0.3135167575,0.4470377693,0.4170689651,0.7911621293,0.7482963906
106.5,1,1,1,1,1,0.3053525381,0.5520864253,0.6463886353,0.3347225332,0.854087877,0.2767950811,0.1972178228,0.2683708921,0.7010009332,0.3951749293,0.8190891397,0.5068877052,0.3154902859,0.4464241764,0.4159551082,0.7924195436,0.7486585943
107,1,1,1,1,1,0.3070687829,0.5504326036,0.6453791471,0.3338473482,0.8543948446,0.2767832645,0.1970401285,0.2695152664,0.6996966984,0.395777581,0.8184757807,0.5034038711,0.3168575585,0.4483932783,0.4150950937,0.7928763569,0.7486767747
107.5,1,1,1,1,1,0.3083234218,0.5523629542,0.6451503703,0.3334182546,0.8554353917,0.2770027764,0.198372345,0.2698394203,0.6989163051,0.3967597014,0.8203984947,0.5032118062,0.3190665606,0.4461167273,0.414941349,0.7944079403,0.7464358677
108,1,1,1,1,1,0.3061642996,0.5540173502,0.6444713152,0.3333206904,0.854407966,0.2748909762,0.1978398905,0.2708268734,0.6986746385,0.3975475246,0.8218140836,0.5010516115,0.3179536681,0.4470631734,0.4121901272,0.7934338504,0.7473972737
108.5,1,1,1,1,1,0.3046794101,0.5530878042,0.6487040728,0.3349990564,0.8555025958,0.2751513307,0.1975737078,0.2698432757,0.6995137794,0.3959262774,0.8213581938,0.5006394172,0.3190518817,0.4484341875,0.4122129113,0.7922340445,0.7460102592
109,1,1,1,1,1,0.3056435084,0.5512434571,0.6497723143,0.3372252902,0.8549882056,0.2775255092,0.198849681,0.2703163167,0.7003975551,0.3961006038,0.8243134481,0.5015535667,0.3185217539,0.4489839871,0.4111849296,0.7918934617,0.7453412214
109.5,1,1,1,1,1,0.3045146599,0.5546025435,0.6478400985,0.3360979603,0.8556314505,0.2764298084,0.1992344101,0.2711707693,0.6982725526,0.3979545759,0.8257176195,0.5035316013,0.3191068074,0.452152773,0.413776403,0.7915058745,0.7462440749
110,1,1,1,1,1,0.3035753362,0.5537904876,0.6482065007,0.3378645146,0.8549935089,0.2771721305,0.197194278,0.2715257164,0.6994631209,0.3988777745,0.8284296084,0.5036887411,0.3172997253,0.4506500744,0.4128624531,0.792321412,0.7455395083
110.5,1,1,1,1,1,0.3037256226,0.5500929716,0.6478995431,0.3372464849,0.8550795393,0.2767078838,0.197395307,0.2715755614,0.6999621201,0.3973761128,0.8266629056,0.5010048149,0.3167615185,0.4491042602,0.4115963051,0.792826307,0.7452445397
111,1,1,1,1,1,0.302926012,0.5503863576,0.6478853782,0.3364492494,0.8536583576,0.2747708102,0.1966992275,0.2707970304,0.7029488341,0.3960414177,0.826686345,0.4998771866,0.3171045113,0.4502251251,0.4105582912,0.7922491293,0.7431506512
111.5,1,1,1,1,1,0.3016371729,0.5497847165,0.6470583774,0.3365534454,0.853083084,0.2744414293,0.195963021,0.2714690765,0.7009968497,0.3923615236,0.8256660018,0.4989473135,0.3171328836,0.4503936165,0.4129930759,0.7916137348,0.7413861936
112,1,1,1,1,1,0.2997655613,0.5504831807,0.6472465337,0.3345629462,0.8538111898,0.2766848576,0.1972326994,0.2729421134,0.701525906,0.3928501626,0.8250386875,0.5005625378,0.3159143542,0.4495709174,0.4116634515,0.791508358,0.7411320999
112.5,1,1,1,1,1,0.3017621073,0.5530655832,0.6469409508,0.3357039426,0.852826878,0.2766085592,0.1963666073,0.2705842124,0.7009294051,0.3945651395,0.8237720912,0.5006044778,0.3169659737,0.4484647756,0.4122836351,0.7926420462,0.7396673759
113,1,1,1,1,1,0.3056132363,0.5529119161,0.647719268,0.3357634465,0.8521904013,0.2745908461,0.1975052939,0.2718384195,0.7019477911,0.3943571835,0.8239597726,0.5021662361,0.3177838287,0.4481754471,0.4138178831,0.791735999,0.7399983374
113.5,1,1,1,1,1,0.3051897038,0.5515773956,0.6487383634,0.3339129371,0.8526442764,0.27499386,0.1986819271,0.2714869681,0.7041179296,0.3935306916,0.8237381634,0.5019901482,0.3179418602,0.447940248,0.4151662565,0.7894913101,0.7411008663
114,1,1,1,1,1,0.3046634968,0.5535161199,0.6484087432,0.3328014649,0.853906928,0.2734490136,0.1982903162,0.2694737926,0.7026859153,0.3960892809,0.8230002023,0.5043707086,0.316175118,0.4457878178,0.4161476833,0.7911498473,0.740167207
114.5,1,1,1,1,1,0.3045227994,0.5539181855,0.6493945412,0.3328368822,0.8538630183,0.2744522956,0.1980249591,0.2693945316,0.7039335018,0.3972431234,0.8231521403,0.5038583695,0.3161540334,0.4474673145,0.4160126193,0.7918868231,0.7404408999
115,1,1,1,1,1,0.3060793122,0.5527530241,0.6494630878,0.3312310369,0.8548112623,0.2754465313,0.1985914604,0.2672767589,0.7050021418,0.3971169775,0.8235257004,0.5048129664,0.3185918407,0.4485336911,0.4137168798,0.790110945,0.741368437
115.5,1,1,1,1,1,0.3047891758,0.5557420617,0.6514161515,0.3327136602,0.8553372189,0.2734726573,0.197123619,0.2680163197,0.7055033409,0.3961586243,0.8228232484,0.5043541414,0.3159801781,0.4489565246,0.4133148822,0.7911651985,0.742847318
116,1,1,1,1,1,0.3054793708,0.5550411867,0.648764771,0.3292266411,0.855383292,0.2744229607,0.1967817035,0.2689205003,0.7027739332,0.3944474335,0.8232313895,0.5033552721,0.3180330043,0.4512686518,0.4138966774,0.7908313809,0.7434219512
116.5,1,1,1,1,1,0.3056326843,0.5529420415,0.6477845325,0.3305623381,0.8554058348,0.2736312796,0.197302103,0.266706498,0.7026825399,0.3948532816,0.82319348,0.5024489527,0.3178436173,0.4513742075,0.4156215332,0.7919677196,0.7425296551
117,1,1,1,1,1,0.3060384161,0.5543025834,0.6470615292,0.3324708411,0.8566003408,0.2735578045,0.1975076398,0.2693263079,0.7023159118,0.3947029687,0.8242227732,0.5003213025,0.3155075871,0.4493994079,0.4156959048,0.7933945229,0.7430955233
117.5,1,1,1,1,1,0.3068535173,0.555297843,0.6451371026,0.332769585,0.8571902181,0.2746243876,0.1986096822,0.2689411524,0.7038708592,0.3947064195,0.8231400812,0.5008048791,0.3156059122,0.4478903765,0.4143513633,0.7937745366,0.7441762528
118,1,1,1,1,1,0.3059171969,0.5567315218,0.6449766338,0.3341760134,0.858228517,0.2743789232,0.1979017551,0.2691656026,0.7034296702,0.3955605278,0.8222972242,0.5014965499,0.3151340016,0.4464187096,0.4141219352,0.7931552277,0.7440278687
118.5,1,1,1,1,1,0.305248612,0.5563267635,0.6462769035,0.3347794837,0.8578314877,0.2751727835,0.1982231398,0.2680461498,0.7021289759,0.394949697,0.8225343545,0.5019858299,0.3129690747,0.4472841487,0.4115217256,0.7927498774,0.7435230298
119,1,1,1,1,1,0.3063760394,0.554651385,0.6474301161,0.3357437995,0.8571963468,0.276314765,0.1988522212,0.2703667868,0.7028414295,0.3952033864,0.8235197537,0.5020063619,0.3116113661,0.4472629962,0.4116290007,0.7941992451,0.7426390321
119.5,1,1,1,1,1,0.3058075017,0.5556729781,0.6479292212,0.3346287129,0.8564527368,0.2760863506,0.1977149441,0.2710417866,0.7033676016,0.3937371456,0.8238025741,0.5034217026,0.3146395845,0.4453865035,0.4142329638,0.7924209262,0.7431427055
120,1,1,1,1,1,0.3071494041,0.5547857562,0.6460136452,0.3334988244,0.8565128438,0.2766802831,0.1983029385,0.2699453175,0.7023566642,0.3962783154,0.8226818357,0.5036527713,0.3166950539,0.4439649218,0.4136855763,0.7918447333,0.7463227324
120.5,1,1,1,1,1,0.3075079324,0.5539722994,0.6440924983,0.3353920341,0.8571812091,0.2760902947,0.1989862718,0.2697991262,0.7035607937,0.3945577645,0.8219890364,0.5032469525,0.3155967344,0.4429251594,0.4143871029,0.79124821,0.7444576532
121,1,1,1,1,1,0.3061560017,0.555258125,0.6447514991,0.3353667601,0.8571946704,0.2769581933,0.1994543017,0.2726364884,0.7019136847,0.3953888238,0.8210679619,0.5028196383,0.3130363752,0.4460319255,0.4129562527,0.7923633368,0.7464431866
121.5,1,1,1,1,1,0.3058516968,0.5551201821,0.6460018223,0.3349671615,0.8580986817,0.2758432166,0.2004257226,0.2724797086,0.7015458234,0.3949137436,0.8222830115,0.5019378377,0.3143383816,0.4449070364,0.4118773525,0.791222263,0.7493832655
122,1,1,1,1,1,0.3022553945,0.5540408543,0.6459786317,0.3327711973,0.8561186005,0.2776018527,0.2009680546,0.2733553915,0.7019410701,0.3952956956,0.8229935308,0.5024631,0.3161428008,0.4470244395,0.4114582229,0.7900651798,0.7511235982
122.5,1,1,1,1,1,0.3023639688,0.5542823741,0.6482401926,0.3329320306,0.8563496054,0.2759228505,0.1999185539,0.2717038616,0.701996513,0.391778574,0.822459167,0.4998604371,0.3134600702,0.4470062371,0.4131154247,0.7891561539,0.7491309097
123,1,1,1,1,1,0.3036342811,0.55432615,0.6472237832,0.3346668349,0.8554733636,0.2753390997,0.2006011419,0.2741800064,0.7008872352,0.3926211887,0.8228932911,0.5039413896,0.314938042,0.4450307913,0.4126930245,0.7893916458,0.7485137483
123.5,1,1,1,1,1,0.3053898464,0.5571868168,0.6482232223,0.3329636347,0.8547770583,0.2744981309,0.1991914943,0.2725771893,0.7002709469,0.3920859399,0.8226009997,0.5035857625,0.3160250096,0.4444427983,0.4101061611,0.7894734811,0.7466648941
124,1,1,1,1,1,0.3061968529,0.5548256111,0.6482604187,0.3344862699,0.8545893585,0.2737254279,0.198757051,0.2709095583,0.6992329379,0.3939194622,0.8230370748,0.5039736266,0.3175116154,0.4462793241,0.4128429504,0.7899510154,0.7456487439
124.5,1,1,1,1,1,0.3059390331,0.5543965032,0.6450238505,0.3361524911,0.8549393983,0.2752329812,0.1975388064,0.2698357245,0.6974214651,0.3954324738,0.8247020833,0.5006617868,0.3160290405,0.4442778529,0.4152428458,0.7915164881,0.7479056275
125,1,1,1,1,1,0.3068014909,0.554381368,0.64657863,0.3363270229,0.8563741995,0.2760346125,0.1978907964,0.2686563444,0.6972423382,0.3951552721,0.8258317109,0.5016127951,0.3159447506,0.4411944954,0.4148441274,0.7915177098,0.7478524349
125.5,1,1,1,1,1,0.3065791334,0.5544823401,0.6478416901,0.3375448897,0.8567361461,0.277247831,0.1973703148,0.2694067048,0.6975238863,0.3960918508,0.8245234571,0.5006279875,0.3170932274,0.4407496682,0.4159653509,0.7914731976,0.7460904557
126,1,1,1,1,1,0.3065625913,0.5547231797,0.646175277,0.337020382,0.856464912,0.2775598427,0.1974187032,0.2670455422,0.6966920921,0.3941768736,0.8245423067,0.5028197092,0.3148725054,0.4414470389,0.418355518,0.7909597753,0.7480566739
126.5,1,1,1,1,1,0.3046440121,0.5537270696,0.6463992539,0.3380356523,0.8573300912,0.2769576222,0.1969657654,0.2678497303,0.6984223464,0.3926619734,0.8237662654,0.5043003913,0.3152132991,0.4413242437,0.4192238815,0.7916362374,0.7475136444
127,1,1,1,1,1,0.3060067974,0.551839911,0.6444641161,0.3395523062,0.8566189084,0.2765277136,0.1984270506,0.2700957117,0.697626117,0.393984112,0.8244204591,0.5049295575,0.3137247658,0.4414731666,0.4181134223,0.790238674,0.7498204981
127.5,1,1,1,1,1,0.3044284023,0.5551258133,0.645187949,0.341041954,0.8567983733,0.2778071538,0.1975095195,0.2705890201,0.6966665718,0.3924508751,0.8232983345,0.5019675257,0.3144287023,0.4427436077,0.4171986798,0.7894372013,0.750620707
128,1,1,1,1,1,0.3034115242,0.5565154161,0.6474479209,0.3422280837,0.8553897859,0.2781031567,0.1961587909,0.2721975416,0.6967963401,0.3927391919,0.8245369715,0.5031408377,0.3138495467,0.4412532554,0.4144079912,0.7895270067,0.7487751852
128.5,1,1,1,1,1,0.303598216,0.5551022232,0.6476523638,0.3421882479,0.8548133298,0.2765517848,0.1961789417,0.2705369899,0.6966374364,0.3933247188,0.8232275657,0.5031050346,0.3152388596,0.4439819724,0.4120515446,0.7898417669,0.7473120608
129,1,1,1,1,1,0.3023939853,0.5553342823,0.6482929724,0.3425712231,0.8548376083,0.2765179339,0.1967780415,0.2695741793,0.6962099956,0.3948658162,0.823610651,0.5032134284,0.3146540624,0.4434362837,0.4108054111,0.789460225,0.7464755896
129.5,1,1,1,1,1,0.3018342361,0.5539488623,0.6480717023,0.340798444,0.8548926187,0.2775552625,0.1979914971,0.2692016818,0.6954936483,0.3920168441,0.8244947259,0.5042507633,0.3151290428,0.4417489697,0.4093418323,0.7901561557,0.7444212952
130,1,1,1,1,1,0.3034420548,0.5527862096,0.6444738072,0.3422885105,0.8553624744,0.2749920237,0.1986134784,0.2682105467,0.6926616634,0.3907664443,0.8242670742,0.5040263552,0.3137794327,0.4431387172,0.4109421689,0.7905208822,0.7449754517
130.5,1,1,1,1,1,0.3045837847,0.5532029788,0.646944514,0.3390573241,0.8552592499,0.2780342176,0.1991228486,0.2676948839,0.6963669322,0.3894452656,0.8232995389,0.5030394539,0.3134415798,0.4434835579,0.4102646893,0.7892839197,0.7438850107
131,1,1,1,1,1,0.3034350564,0.5542022522,0.646738425,0.3371323359,0.8561636038,0.2788542846,0.1973294177,0.2686215722,0.6977801546,0.3876394582,0.8221723826,0.5019896714,0.3141382693,0.4436063509,0.4092970459,0.7893805834,0.7435007861
131.5,1,1,1,1,1,0.3054338562,0.5539631825,0.6453901063,0.3404071596,0.8556496832,0.2774585047,0.1977911475,0.2691285511,0.6977832267,0.3894125523,0.8249217893,0.5008754975,0.3143501822,0.4410744806,0.409401894,0.7897382053,0.7429470736
132,1,1,1,1,1,0.3066297326,0.5544624435,0.6462008742,0.3376547765,0.855533963,0.2758440277,0.1977532682,0.2693561829,0.6986969805,0.3884405785,0.8253391589,0.5009783018,0.3141847647,0.443215223,0.4081351976,0.789545039,0.7448924442
132.5,1,1,1,1,1,0.3028324286,0.5549952901,0.6450068328,0.3372619422,0.8573961578,0.2762009238,0.1971923635,0.2707210887,0.6989336188,0.3898847588,0.8259306027,0.4996053604,0.3142043658,0.444285103,0.4105356178,0.7873130024,0.7424520421
133,1,1,1,1,1,0.3044517641,0.5536171745,0.6464723898,0.3350922578,0.8582500434,0.2779419168,0.1961917064,0.2717611632,0.6999886125,0.3907626733,0.8269621072,0.5002418041,0.3127819558,0.4443811256,0.409489305,0.788634287,0.7403855634
133.5,1,1,1,1,1,0.3042500076,0.5549597253,0.6446976447,0.3335239259,0.8574473347,0.279267533,0.197289504,0.2719120628,0.7008057339,0.3928444074,0.8272834473,0.4977193911,0.3126107835,0.4428602584,0.4064383251,0.7878106661,0.7395784965
134,1,1,1,1,1,0.306875554,0.5503515619,0.6442383322,0.3337577961,0.8568351433,0.2779746776,0.1973610341,0.2714565731,0.7014261034,0.3960776827,0.8271588678,0.4995920182,0.3150779035,0.4433653987,0.4081828527,0.7880292966,0.7362951528
134.5,1,1,1,1,1,0.3057282296,0.5498831114,0.6456707899,0.3342172396,0.8555906839,0.2784319222,0.1965561936,0.270678847,0.7037927358,0.3959667703,0.8285094827,0.5000875916,0.3150522753,0.4491070117,0.4102478467,0.7878913624,0.7354213277
135,1,1,1,1,1,0.304686518,0.5516469429,0.6444982543,0.3334185354,0.8562908493,0.2797407976,0.1986448984,0.2700164736,0.7029090611,0.3959681108,0.8284902294,0.4997417144,0.3140381565,0.4481824406,0.4108137351,0.7870237265,0.7383208604
135.5,1,1,1,1,1,0.3058594205,0.5538710854,0.643862152,0.3334248508,0.8569623137,0.277195323,0.1992560277,0.2705090539,0.7027123541,0.3954102469,0.8285550917,0.5001990086,0.3132279156,0.4463971925,0.4087876362,0.7871713481,0.7378765129
136,1,1,1,1,1,0.3027378927,0.5532804247,0.644741108,0.3329098789,0.8565080459,0.2768423322,0.1991730484,0.269452919,0.7023523649,0.3949937337,0.8279319297,0.4979429828,0.3132492949,0.444301468,0.4091929717,0.7869729538,0.7380552527
136.5,1,1,1,1,1,0.303047605,0.5538452673,0.6469782271,0.3318916432,0.8561182052,0.2757621124,0.1994921271,0.2704694466,0.7016419871,0.3942747999,0.8275300734,0.4996939073,0.3146493145,0.4484772715,0.4101017848,0.7890177989,0.736335768
137,1,1,1,1,1,0.3026184833,0.5551074979,0.6470716802,0.3322361914,0.8560654241,0.2736659697,0.1986358066,0.271726581,0.6996244538,0.3936398942,0.8284068067,0.5002560207,0.3140281136,0.4485043461,0.4122983932,0.7901968833,0.7377778438
137.5,1,1,1,1,1,0.3031834498,0.5563235412,0.6477659057,0.3312281764,0.8566146431,0.2732833385,0.198283515,0.2711363547,0.7005707938,0.3928996129,0.8268254247,0.4991718461,0.3144675489,0.4466123745,0.412024201,0.789603691,0.7380549746
138,1,1,1,1,1,0.30203112,0.5543794692,0.6470190531,0.3318440635,0.8557246753,0.2728561918,0.1981467052,0.2702230433,0.7007264172,0.3951051365,0.8260745758,0.5002574032,0.3134365294,0.4465546208,0.4122176117,0.7889841487,0.738339842
138.5,1,1,1,1,1,0.3013637995,0.5529833997,0.6436896551,0.3334531644,0.8546451478,0.2730505292,0.1976657679,0.2705443219,0.6986173875,0.3954711249,0.8269971554,0.5002968502,0.3165191794,0.4438078737,0.4118078635,0.7885694911,0.7366319771
139,1,1,1,1,1,0.3031709507,0.5525005005,0.6446805624,0.3327222083,0.8551726463,0.2741199767,0.1974927153,0.271913464,0.6972631354,0.3958098049,0.8287730992,0.5015100576,0.3144938235,0.4428946744,0.4112791254,0.7899434418,0.7364849114
139.5,1,1,1,1,1,0.3025721863,0.5549445704,0.6470998439,0.3301991562,0.8549760321,0.2753323323,0.19696301,0.2716322951,0.6997099954,0.3924714996,0.8272649458,0.5031222726,0.3146010147,0.4445319528,0.4114801023,0.7893618314,0.7382406291
140,1,1,1,1,1,0.3044746469,0.5542523593,0.6474051654,0.330548751,0.855141875,0.2762298269,0.1966511846,0.2701748073,0.7000336778,0.3942329315,0.8274178294,0.5034343752,0.3151421567,0.4459338751,0.4155236647,0.7896573268,0.7387847681
140.5,1,1,1,1,1,0.3029337726,0.5533054526,0.6492598899,0.3302079052,0.8547499204,0.2767425481,0.1964242077,0.2714399453,0.7020313839,0.3964295471,0.8273332463,0.5014789909,0.3151618094,0.4454376385,0.4133496359,0.7864642047,0.7380368804
141,1,1,1,1,1,0.3032160906,0.5531679014,0.6477026088,0.3306079297,0.8556991699,0.2787684097,0.1944571495,0.2721926662,0.7028316769,0.3962449653,0.8272268595,0.5009825993,0.3186273472,0.4467798096,0.4126263458,0.7872264761,0.7390272277
141.5,1,1,1,1,1,0.3044558353,0.5522084357,0.6483308442,0.3312818427,0.8559323924,0.2798701835,0.194767822,0.2710977954,0.702068175,0.3956589567,0.8283581505,0.5011531058,0.3158056856,0.4478004068,0.4137216541,0.7867301948,0.7383260892
142,1,1,1,1,1,0.3046119568,0.552578785,0.6476786281,0.3319668933,0.8552424904,0.2794080841,0.1965095806,0.2705395752,0.7013340725,0.3937828615,0.8273011931,0.5021739533,0.3160063513,0.4481839143,0.4128712397,0.7846735116,0.7383515498
142.5,1,1,1,1,1,0.3051960562,0.5528841488,0.6469866923,0.3325300556,0.855691567,0.2784088683,0.1979891732,0.2707864859,0.6977646529,0.3917981385,0.828660729,0.5006129526,0.3142374174,0.4466376395,0.4142274057,0.7856039303,0.7387885319
143,1,1,1,1,1,0.3057597217,0.553318132,0.6449029098,0.3315399329,0.8542687799,0.275763474,0.1986723759,0.2701727876,0.6970660679,0.3934354801,0.8276164547,0.4994558907,0.3139009289,0.4430523409,0.4133736405,0.7870707625,0.7375887128
143.5,1,1,1,1,1,0.3048391401,0.5542224831,0.6457998084,0.3325667997,0.8547328619,0.2738462885,0.1987566986,0.2713306744,0.6962681199,0.3931571829,0.827143718,0.498878416,0.3146260735,0.4430419883,0.4135667429,0.7865800188,0.736995059
144,1,1,1,1,1,0.301587801,0.5539134794,0.6462175621,0.3335532559,0.8544781007,0.2750849404,0.1988317685,0.2728826862,0.6958093449,0.3936475473,0.8281613536,0.4978228209,0.314352219,0.4432882744,0.4141895614,0.7877377022,0.7370586925
144.5,1,1,1,1,1,0.3016955562,0.553641817,0.6461548018,0.333648035,0.8552885123,0.2766045422,0.1994420788,0.2720098043,0.6948758621,0.3925756875,0.8286744568,0.5008653412,0.3148723457,0.4448898041,0.4161222033,0.7878833029,0.7357571237
145,1,1,1,1,1,0.3020261032,0.5518768784,0.6464327037,0.3341640111,0.8559082773,0.2747468754,0.1992485011,0.2753335288,0.6933132524,0.392434503,0.827178241,0.5002120346,0.3125226291,0.4426822299,0.4148694063,0.7887542278,0.7344436978
145.5,1,1,1,1,1,0.3027912741,0.5554062044,0.6472915177,0.3330365301,0.8568842747,0.2789502516,0.201056748,0.2775932813,0.6944362315,0.3930796212,0.828567764,0.5019092632,0.312964067,0.4413651088,0.4140962868,0.7884955134,0.7359212868
146,1,1,1,1,1,0.304624376,0.5554983478,0.6473403146,0.3311374981,0.8559854266,0.2796308123,0.200730535,0.2760639739,0.6957317989,0.3915386027,0.827906408,0.5028845614,0.3126561914,0.4430544168,0.4125773936,0.7885739323,0.7367981031
146.5,1,1,1,1,1,0.3041017976,0.5522511937,0.6497571598,0.3332050123,0.8558074452,0.2791971884,0.1997927057,0.2760112356,0.6953281826,0.3922152544,0.8271690999,0.5017222541,0.3126350424,0.4457125721,0.4116530216,0.7870989925,0.7362923093
147,1,1,1,1,1,0.3048083765,0.5526621665,0.648273019,0.3323513444,0.8558307281,0.2790443511,0.2020108322,0.2754187823,0.6953652852,0.3912907998,0.8266716477,0.5032422071,0.3123659677,0.4422308014,0.4129175781,0.7875354386,0.7367960946
147.5,1,1,1,1,1,0.3048611565,0.5545135246,0.6489449202,0.3320606929,0.8554964069,0.2786890124,0.2011034013,0.2750545053,0.6947665684,0.387575588,0.8271465018,0.5042796811,0.3122407164,0.442357619,0.4137114266,0.7877598507,0.7374143726
148,1,1,1,1,1,0.3055536416,0.5527977324,0.647902095,0.3296446452,0.8550499039,0.2798181387,0.2016534111,0.2743316963,0.6940505629,0.3890907176,0.826869327,0.5048045905,0.3125598989,0.4403163297,0.4137171586,0.7900498846,0.7380874682
148.5,1,1,1,1,1,0.3070574921,0.5531584982,0.6483046246,0.3291625476,0.8557076836,0.2776402527,0.2014815853,0.2740452811,0.6940052559,0.3887218023,0.8253177085,0.502308808,0.3132862802,0.4408683908,0.4144206873,0.789367773,0.7412959112
149,1,1,1,1,1,0.3060741001,0.5552053443,0.648865373,0.331622784,0.8559073342,0.2778443846,0.2005428666,0.2760095037,0.6953219792,0.3893315041,0.826732868,0.502812704,0.3129593314,0.4422587644,0.4129016551,0.7915895899,0.7408774306
149.5,1,1,1,1,1,0.3075670266,0.5540103342,0.6519415984,0.3333407657,0.8560225019,0.2771011192,0.2003366289,0.2754201543,0.6961120985,0.3889494959,0.8285579592,0.5042568345,0.3136331942,0.4421590676,0.4127974345,0.79046841,0.7393554881
150,1,1,1,1,1,0.3051803106,0.5538221413,0.6523500879,0.3318396478,0.8555524053,0.2765119063,0.1994602689,0.2749658621,0.6939919451,0.3903764637,0.8277222636,0.5041222362,0.3139193804,0.4405918285,0.4155758781,0.7909759501,0.7399276873
150.5,1,1,1,1,1,0.303039681,0.5530836384,0.6508104707,0.3328043672,0.8561114872,0.2760812782,0.1986476007,0.2754013608,0.6962036203,0.3914946951,0.8275143099,0.5024445971,0.3146744292,0.440631281,0.4139634726,0.7932929496,0.7402117262
151,1,1,1,1,1,0.3025997431,0.5525357119,0.64717495,0.3319000119,0.8559105077,0.276978175,0.1980973628,0.2739747412,0.6974850255,0.3924645312,0.8267905321,0.5017946744,0.315888246,0.4403438666,0.4109653014,0.7933705441,0.7400511879
151.5,1,1,1,1,1,0.3035010677,0.5542556882,0.6460633768,0.3319817796,0.8551390799,0.2767604942,0.1986498408,0.2719587605,0.6986366735,0.3926523046,0.8272808283,0.5011589362,0.3142079471,0.4454065494,0.4128543,0.792925436,0.7391692155
152,1,1,1,1,1,0.3027537203,0.5538505053,0.6459077894,0.3316050293,0.8543254981,0.2760058646,0.1994547115,0.2704794724,0.6973929718,0.3919165708,0.8271747388,0.5016961322,0.3143498232,0.447964747,0.4136528999,0.7922752518,0.7383612579
152.5,1,1,1,1,1,0.3034695403,0.5537889717,0.6456571967,0.3310219252,0.8553440393,0.2748618178,0.1991265405,0.2701421471,0.6971055041,0.3916114586,0.828321115,0.5037225388,0.3139520049,0.4475786459,0.4130032574,0.7931987976,0.7391591653
153,1,1,1,1,1,0.3027779106,0.5535718898,0.6466321525,0.3321832149,0.8557574127,0.2770524913,0.1998067435,0.2694004763,0.6979184075,0.39425869,0.8279719726,0.5069073877,0.315098412,0.4477760163,0.4123521139,0.7940286068,0.7378200015
153.5,1,1,1,1,1,0.3019640155,0.5538526125,0.6468667921,0.3310750926,0.8556064238,0.2768293671,0.198022421,0.2702702285,0.6975841275,0.3930184128,0.8278496857,0.5037838151,0.3168789704,0.4490576618,0.4147364464,0.7935667105,0.7387193081
154,1,1,1,1,1,0.3017270246,0.553766412,0.6478018922,0.3312384136,0.8544357254,0.2753789019,0.1981494271,0.2699235111,0.6988075377,0.3911056548,0.829922079,0.5035281246,0.3174636334,0.4462028773,0.4125782959,0.7925669038,0.7386380287
154.5,1,1,1,1,1,0.3022120617,0.5516893396,0.6470014853,0.3317112406,0.854087591,0.277495269,0.1975878232,0.2714271516,0.6966254013,0.3900676479,0.8279575712,0.5031100516,0.3157138446,0.4450350469,0.4134184045,0.7931117563,0.738182855
155,1,1,1,1,1,0.3045220332,0.5524463418,0.6465838254,0.3318211487,0.8531616142,0.2772492976,0.1987886099,0.2695055263,0.6986119748,0.3916269088,0.8287022878,0.5033879814,0.3149681672,0.4455856186,0.4116438683,0.7916510951,0.7381484896
155.5,1,1,1,1,1,0.3037639563,0.5521529919,0.6474837145,0.3338714855,0.8533482436,0.2772526508,0.1978812819,0.2693122244,0.6968587756,0.3922758403,0.8268714861,0.4992805923,0.3116144954,0.4461722011,0.410669095,0.7919288995,0.7383266974
156,1,1,1,1,1,0.3018350531,0.5529932357,0.6483510735,0.3317322369,0.8556372141,0.2744744201,0.1974034074,0.2685328369,0.6984130769,0.3883922741,0.8273692145,0.5023025378,0.3132799422,0.4470799525,0.4107439592,0.7898693548,0.7397739873
156.5,1,1,1,1,1,0.3008526519,0.5543305054,0.6462769759,0.3304731907,0.8567673082,0.2755674443,0.198202405,0.2657668804,0.6943189748,0.3891999555,0.8280916916,0.5019099194,0.3147542457,0.4476700478,0.4113430671,0.7889017293,0.7391480172
157,1,1,1,1,1,0.3010882767,0.5522936105,0.6473098682,0.3312558287,0.8554550214,0.2760091515,0.1976583445,0.2675326704,0.6928651601,0.3911437692,0.8264539034,0.5034695918,0.3166682533,0.4491959118,0.4094149589,0.7906571949,0.740091412
157.5,1,1,1,1,1,0.2997608059,0.5526688278,0.6478809533,0.3314603305,0.8556801641,0.2771762022,0.1981534536,0.268409901,0.6947648836,0.3904636959,0.8274385401,0.5034865042,0.3171145835,0.4475169363,0.4110696672,0.790300372,0.7403177877
158,1,1,1,1,1,0.3004420177,0.5538290693,0.6463719404,0.33065073,0.8557589537,0.2764880662,0.1983165537,0.2693936281,0.6936949498,0.3908545784,0.825932233,0.5035742849,0.3179024697,0.4458802627,0.4128166586,0.7886120346,0.7397667923
158.5,1,1,1,1,1,0.3034436895,0.5533843211,0.6502807051,0.3295074646,0.8551472396,0.2751743347,0.1982001028,0.2690205883,0.6908415013,0.3920970317,0.8269500781,0.5033024394,0.318576184,0.4455910415,0.4155423558,0.7886401673,0.7398538802
159,1,1,1,1,1,0.3041350793,0.5530490369,0.6495632458,0.3296045419,0.8543815193,0.2750875104,0.1992910317,0.2714120891,0.6918025214,0.3928766149,0.8266009111,0.5039738517,0.3184945349,0.4453088164,0.417799631,0.7887646712,0.7402005394
159.5,1,1,1,1,1,0.3048192863,0.5519727359,0.6491282107,0.3304486576,0.8544699437,0.2739918707,0.200202391,0.2726949444,0.6941129983,0.3938512004,0.8283561922,0.5032169912,0.3204602214,0.4465207659,0.4140716713,0.7891669881,0.7445820131
160,1,1,1,1,1,0.3060559102,0.5517529355,0.6477941652,0.3294374282,0.8547071586,0.2729103377,0.2002064108,0.2738614068,0.6944675274,0.3927442158,0.8283881745,0.5031489358,0.3197334745,0.4467526786,0.4128940381,0.7898646159,0.7442460205
160.5,1,1,1,1,1,0.3063216045,0.5527009081,0.6462010175,0.3306379947,0.8556047218,0.2735447174,0.1986057565,0.2728430147,0.6952253721,0.3944867639,0.8299771923,0.5052673086,0.3187935106,0.4471277424,0.4132996101,0.7888717086,0.7448658656
161,1,1,1,1,1,0.3051221319,0.5522899424,0.6456112466,0.3289707324,0.8559257925,0.2759562881,0.1977328101,0.2704323649,0.6939238725,0.3963680007,0.8296697494,0.504507005,0.3154818998,0.4468575429,0.414089002,0.7873239606,0.7462989142
161.5,1,1,1,1,1,0.3059290333,0.5513307106,0.6462826742,0.3302886737,0.8561289754,0.2746024056,0.1977066763,0.2696471186,0.6941983429,0.3934145039,0.8298593932,0.5032647206,0.3159160835,0.4483831332,0.4162083121,0.7875712395,0.7454462776
162,1,1,1,1,1,0.3043704389,0.554406355,0.6458814786,0.3299521177,0.8570518709,0.2749415284,0.1983874083,0.2691086296,0.6964126904,0.3910034405,0.828937116,0.5013789661,0.3152133748,0.4506773099,0.4159555266,0.7890606208,0.7466469081
162.5,1,1,1,1,1,0.303117918,0.5551871801,0.6470538363,0.3276148661,0.856257745,0.2730129258,0.1975002072,0.2685168643,0.6958583655,0.3903293276,0.8263775572,0.5023747324,0.3138474292,0.4491755974,0.4166201272,0.7889997774,0.7450487647
163,1,1,1,1,1,0.303550035,0.555137271,0.6473432164,0.3284930654,0.8555108569,0.2723002654,0.1970463641,0.270586107,0.6950841812,0.3907904505,0.8284999937,0.5017558157,0.3152340245,0.4466268027,0.4183662456,0.7872529403,0.7431717969
163.5,1,1,1,1,1,0.3036902526,0.5531099113,0.6465805564,0.3308248519,0.8563744198,0.2743889078,0.1982743771,0.2707580342,0.6961940859,0.3920984281,0.8274898784,0.5005951927,0.3167553445,0.4477529886,0.418118542,0.7873249459,0.7451662106
164,1,1,1,1,1,0.3012130131,0.5536176487,0.6479593587,0.3332891483,0.8556721356,0.2735748564,0.1981750569,0.2706321949,0.6982086353,0.3919883346,0.8293827884,0.5023516661,0.3152037045,0.4475316203,0.4172577289,0.7873620065,0.7464495229
164.5,1,1,1,1,1,0.3026665311,0.5535974163,0.6501399504,0.3340215442,0.8560354579,0.2749950093,0.1972772844,0.2718949909,0.6981299053,0.3923876123,0.8302689837,0.4999119854,0.3132134352,0.4459071093,0.4159178172,0.7876369076,0.7464296055
165,1,1,1,1,1,0.3041223421,0.5550107356,0.6479938917,0.3349916052,0.8549890284,0.276254873,0.1966086217,0.2728689927,0.6975500568,0.3943833491,0.8322160483,0.5003396484,0.3141624133,0.4451751242,0.4140384238,0.7895924342,0.7468632529
165.5,1,1,1,1,1,0.3055457925,0.5537458036,0.6466825913,0.3361661708,0.8558454274,0.2755179231,0.1971761009,0.2743948368,0.695184678,0.3945192742,0.8327854658,0.5014667839,0.3155598429,0.4442857501,0.4175840382,0.7865091133,0.7461482625
166,1,1,1,1,1,0.3049684303,0.5532161975,0.6465576426,0.3363697958,0.8568732437,0.2756763947,0.1988472031,0.2756386098,0.6963830405,0.3957049542,0.8325709391,0.5018434207,0.3143928112,0.4439592729,0.4167713322,0.7883128084,0.747968634
166.5,1,1,1,1,1,0.3028283798,0.5515565147,0.6476376742,0.3385415867,0.8566262619,0.2762766649,0.1978720191,0.2760827249,0.697723219,0.396663323,0.8318498027,0.500671163,0.3136345078,0.4405452351,0.4165111417,0.7890951995,0.7500800345
167,1,1,1,1,1,0.3019068359,0.5516796797,0.6482201201,0.3373841446,0.8557418915,0.2757521316,0.1962017648,0.2760114934,0.6980751158,0.3966939125,0.8316139507,0.5002556103,0.312822664,0.4441122541,0.4142706512,0.7893864158,0.7497331777
167.5,1,1,1,1,1,0.302856838,0.5534073445,0.6457038359,0.3365039329,0.8561394542,0.276828908,0.1957697523,0.2733132928,0.6981492309,0.3995751694,0.831301332,0.5017086661,0.3155871953,0.4474386631,0.4148899705,0.7906067887,0.7490387116
168,1,1,1,1,1,0.3040798198,0.5554007989,0.6473020431,0.3364752079,0.8559798926,0.2752338077,0.1954626791,0.2743467018,0.697544463,0.4014135941,0.8323861294,0.5019494262,0.3134461329,0.4472552682,0.416816189,0.789324264,0.7462908904
168.5,1,1,1,1,1,0.3037821939,0.5529427438,0.6455890806,0.3362491513,0.8560316055,0.2751588699,0.1964395871,0.2741851621,0.6966393174,0.4023272886,0.8336658807,0.5004436145,0.3139995807,0.4467157043,0.4194473772,0.7891453765,0.7488680874
169,1,1,1,1,1,0.3040685113,0.5537690281,0.6456347256,0.3341311046,0.8559963803,0.2760492667,0.1958674984,0.2717989812,0.6986190675,0.4038368153,0.8335871384,0.5007478884,0.3152079738,0.4473113295,0.4170431511,0.7892245107,0.7476252205
169.5,1,1,1,1,1,0.3034057523,0.553407955,0.6442682586,0.3318410919,0.8559412337,0.2760467668,0.1974944748,0.2695394184,0.6995678253,0.4021938056,0.8332716429,0.4992506208,0.3153008768,0.4445383998,0.4188453583,0.7879292754,0.7459072852
170,1,1,1,1,1,0.3010512492,0.5553159507,0.6453087254,0.3348849918,0.8565519688,0.2755869983,0.1980105824,0.2697688423,0.6992960341,0.4015008307,0.8317572108,0.4989103613,0.3153637563,0.445602616,0.4176002585,0.7903665421,0.7433014901
170.5,1,1,1,1,1,0.3028688593,0.554286795,0.6467570997,0.3320868631,0.8571686728,0.2754536449,0.1996712054,0.2703401235,0.700662725,0.4037915635,0.8291651245,0.5009786067,0.3142447051,0.4446485131,0.4180094075,0.7910296437,0.7454917427
171,1,1,1,1,1,0.3023364557,0.5541627278,0.6483025044,0.3343848684,0.8572713337,0.2750843675,0.1995701803,0.2716621195,0.7009215775,0.4043473454,0.8273810938,0.4998619673,0.3150505703,0.4458341754,0.4149489549,0.7908380529,0.7434907243
171.5,1,1,1,1,1,0.3024681691,0.5537905818,0.6479266781,0.3366002763,0.8577737907,0.2780849302,0.1987759483,0.2701900185,0.6973496371,0.4036279034,0.8260646827,0.5008503028,0.3139275593,0.4465945796,0.4128439665,0.7899770302,0.7413051661
172,1,1,1,1,1,0.3026708757,0.5542024718,0.6457782236,0.3381316452,0.8575955647,0.2788847417,0.2004178253,0.2715611282,0.6990304268,0.4036533696,0.8261961441,0.5030054345,0.3148558143,0.446647187,0.409774681,0.7899625786,0.7412278271
172.5,1,1,1,1,1,0.3041301799,0.5546677793,0.6464274784,0.3354096122,0.8577711643,0.2777541128,0.1997468923,0.2707704979,0.6969326867,0.4026648532,0.8256648547,0.5017837111,0.3175110348,0.4491996881,0.4091895993,0.7909446827,0.7401703876
173,1,1,1,1,1,0.3055511411,0.5525384921,0.6464756763,0.3336730522,0.8572604518,0.2782241028,0.2009922949,0.2697551354,0.6959132431,0.4016100474,0.8266291414,0.5044668909,0.3153816981,0.4489575581,0.4092871909,0.7912023883,0.7419563622
173.5,1,1,1,1,1,0.3069219988,0.5552318826,0.6465168522,0.3338613472,0.8570144659,0.27639073,0.2015569096,0.2731344978,0.6957236636,0.4031294735,0.8261526065,0.5054319151,0.3169968726,0.448366744,0.4102230408,0.7928538512,0.7420020027
174,1,1,1,1,1,0.3052170911,0.554873277,0.6498819828,0.3319787915,0.8567910168,0.275677659,0.2004555568,0.2727402508,0.6957631935,0.4069277318,0.8248485085,0.5031429363,0.3141259205,0.4462666228,0.4117942832,0.7912162851,0.7420871829
174.5,1,1,1,1,1,0.3053316286,0.5527008341,0.6495392862,0.3308560929,0.8574173413,0.2754733296,0.2000714712,0.2742932885,0.6948731585,0.4065527785,0.8251912741,0.504604802,0.3138984264,0.4445554252,0.4110815536,0.7915433098,0.7407349096
175,1,1,1,1,1,0.3049380121,0.5513451569,0.6501599959,0.3319633283,0.8578587629,0.2734346558,0.1995370726,0.2733182637,0.6992776574,0.4052561405,0.8263948034,0.5070300995,0.3141213892,0.4448333454,0.4115049105,0.7910887394,0.7379673597
175.5,1,1,1,1,1,0.3063986165,0.5501469968,0.6476855207,0.332383197,0.8572656307,0.2732864781,0.1997340023,0.2729844704,0.698976634,0.404899608,0.8269927642,0.5054565947,0.3147297328,0.4450007909,0.408565594,0.7916676912,0.7381127802
176,1,1,1,1,1,0.3054491154,0.5532594027,0.6501650645,0.3315595625,0.8561500439,0.2741834809,0.1981316265,0.2725702721,0.6993454259,0.4046622173,0.8258614999,0.5014472618,0.3174563019,0.4456356771,0.405002176,0.7910339968,0.7385477425
176.5,1,1,1,1,1,0.3051999759,0.554053771,0.647075056,0.3326092324,0.8565963459,0.2740917574,0.1979994533,0.2706195796,0.6989010606,0.405329651,0.8273892389,0.4997993839,0.3173598696,0.4453426096,0.4063782232,0.7890769901,0.7363908675
177,1,1,1,1,1,0.3019812179,0.5549346631,0.6450850858,0.3320540458,0.8577170265,0.2736865186,0.1991594796,0.2721346562,0.6977868766,0.4045651857,0.8267897477,0.5020624868,0.3176282561,0.4424629213,0.4087813238,0.7884657463,0.7361580766
177.5,1,1,1,1,1,0.3023087142,0.5548865699,0.6462763211,0.3326765871,0.8568122723,0.2766969001,0.20095388,0.2712913231,0.6966448553,0.4056634589,0.8260935173,0.5012476317,0.3170465681,0.4441470045,0.4068129022,0.7865014891,0.7360327598
178,1,1,1,1,1,0.3016785086,0.5562006979,0.6486787353,0.3321771837,0.8558597157,0.2758101391,0.1997739672,0.2731477399,0.6963120154,0.4057315321,0.824672213,0.5011530292,0.3145296076,0.4452399407,0.4107771441,0.7867820245,0.7371268325
178.5,1,1,1,1,1,0.2990417533,0.556266937,0.6480845173,0.3330522553,0.8565088782,0.2753318207,0.2012819948,0.2732563078,0.6967008163,0.4045692319,0.8268942168,0.502828052,0.3159293804,0.4474726338,0.4118405378,0.788083063,0.7362037092
179,1,1,1,1,1,0.3017751655,0.5564823749,0.6483606386,0.3325955069,0.8564875888,0.2739452919,0.2022981222,0.2709768168,0.6973190683,0.4024578237,0.8253358385,0.5040375076,0.3153131876,0.4467676026,0.4118386219,0.7892815167,0.7370597478
179.5,1,1,1,1,1,0.3039802919,0.5571057065,0.6472244719,0.3301209114,0.8563102067,0.2734892915,0.2010766952,0.2717776805,0.6945832913,0.403147297,0.8259875144,0.504752171,0.3169307874,0.4447480044,0.4091757446,0.7874362155,0.7378065372
180,1,1,1,1,1,0.3026312278,0.5539871754,0.6471521003,0.3297384471,0.8552503655,0.2723266475,0.1992810379,0.2723530247,0.6940043142,0.4022205591,0.8250257489,0.5077792613,0.3173685423,0.4424780077,0.4092648384,0.7879831338,0.7361448389
180.5,1,1,1,1,1,0.3030690026,0.5530036494,0.6477232497,0.3295843921,0.8537632864,0.2741774681,0.1987685504,0.2717874453,0.6931464768,0.4045389302,0.8253187132,0.5068080842,0.3151391384,0.44495789,0.4085139502,0.7881479621,0.7358430335
181,1,1,1,1,1,0.3033026242,0.5550990933,0.6497014222,0.3300629197,0.8526457571,0.2720448888,0.1976297718,0.2746149226,0.6932422861,0.403739342,0.8252652039,0.5072723766,0.3140260645,0.4440114167,0.4106972561,0.7886369024,0.7347575664
181.5,1,1,1,1,1,0.3036308853,0.5544942008,0.6479010621,0.3315458547,0.8535318121,0.2734095875,0.1981815994,0.2721307393,0.693480518,0.405113619,0.8268173614,0.5048601982,0.3150354498,0.4441321655,0.4096163973,0.7883744051,0.7333194651
182,1,1,1,1,1,0.3022995426,0.5529157345,0.6476933908,0.3341867279,0.852453267,0.274460464,0.2003410298,0.270046072,0.6931530519,0.4018371192,0.8268643162,0.5019874384,0.3143129467,0.4481539024,0.4104372867,0.7895389124,0.7336627353
182.5,1,1,1,1,1,0.3020320032,0.5524277529,0.6449557215,0.3340130165,0.8528816803,0.2738360951,0.1997208416,0.2686126936,0.6937101468,0.3995454431,0.8277528567,0.5002755391,0.3128058624,0.448792616,0.412488409,0.7885331184,0.7340252445
183,1,1,1,1,1,0.3010969834,0.5520523315,0.6458861448,0.3321477667,0.8534881053,0.2745041591,0.200172021,0.2714630212,0.6929980464,0.398466833,0.8257468611,0.5024216176,0.3144231949,0.4479516201,0.4155533435,0.7902257711,0.7322731425
183.5,1,1,1,1,1,0.3038440416,0.5519143949,0.64428711,0.3333308822,0.8529543616,0.2739482464,0.2008575167,0.2721190808,0.6928339998,0.3969940209,0.824662557,0.5001609122,0.3148749731,0.4480485025,0.4180552866,0.7898990201,0.731789603
184,1,1,1,1,1,0.3030315574,0.5508165401,0.6456382177,0.3331651211,0.8521155127,0.2733669673,0.1989591367,0.2711628835,0.694092197,0.3952792985,0.8249073853,0.499943197,0.3157655756,0.4454947876,0.4144809264,0.790654752,0.7309561433
184.5,1,1,1,1,1,0.30183747,0.5487658548,0.6472985685,0.3333914895,0.8511426276,0.2718576866,0.1988726371,0.272469347,0.694403504,0.3954894849,0.8256048839,0.5033524911,0.3167100268,0.4453295826,0.4149338192,0.7906092366,0.7283456491
185,1,1,1,1,1,0.3027615427,0.5510791144,0.6479542128,0.3322846276,0.8509218649,0.2729008064,0.1994404792,0.2717493072,0.6937295331,0.3950537759,0.82740457,0.5041147739,0.3179092406,0.4445517975,0.4132788917,0.7910389626,0.729403486
185.5,1,1,1,1,1,0.2997073474,0.5540643953,0.6463944131,0.3325289684,0.8517775202,0.2758485848,0.1980594186,0.2704447924,0.6935140338,0.3925681401,0.8274103211,0.5035546155,0.3183856589,0.4444896844,0.4134757312,0.7915869624,0.7302594289
186,1,1,1,1,1,0.3012446487,0.552920563,0.6469869194,0.3344928107,0.8521001662,0.2757567816,0.1977777284,0.2714490436,0.6947605879,0.3922714307,0.8270216765,0.503636859,0.3171669892,0.4456549844,0.412869188,0.7918097024,0.7328793866
186.5,1,1,1,1,1,0.3030202013,0.5515661513,0.6484933033,0.3335470592,0.8529706265,0.2747375732,0.1987675382,0.2709255557,0.6936622446,0.3928089148,0.8281967433,0.5038188242,0.316188001,0.4436724044,0.4101083178,0.7920178145,0.7346973071
187,1,1,1,1,1,0.3018229246,0.5514275854,0.6489572965,0.3334563158,0.8533018032,0.2745927044,0.1974670108,0.2705639896,0.6930485338,0.3922947442,0.8294084292,0.5044492518,0.3155067642,0.4425695123,0.4077769493,0.7909687467,0.7346531629
187.5,1,1,1,1,1,0.3012507916,0.5505445907,0.6488980538,0.3333188963,0.8532584694,0.2746672211,0.1975528684,0.2712871238,0.6967066317,0.3950821772,0.829535293,0.5049606622,0.3169921382,0.4461602176,0.4099359453,0.790367117,0.7359458581
188,1,1,1,1,1,0.3028629379,0.5508219958,0.6488979305,0.3338835336,0.854659891,0.2727689144,0.2008834987,0.2722423436,0.6969424037,0.3964491959,0.830571256,0.5031257657,0.3159252812,0.4446928234,0.408325531,0.7898805716,0.7372645827
188.5,1,1,1,1,1,0.3035134579,0.5513574504,0.6457698779,0.3331537422,0.8542025146,0.2733900694,0.2008235827,0.2719222587,0.6935818587,0.3966463644,0.829965257,0.5009686701,0.3157108809,0.4450932894,0.4080256881,0.7905800875,0.735839205
189,1,1,1,1,1,0.3034756281,0.5538594641,0.6468300448,0.3337067599,0.8537095446,0.2724867862,0.2007149754,0.2716653157,0.6949574304,0.3988263472,0.8297015518,0.5029393226,0.3140832875,0.4444948495,0.4093472496,0.7922703516,0.7362004282
189.5,1,1,1,1,1,0.3033323827,0.5564533201,0.6459720017,0.3320110584,0.8533815655,0.2766457672,0.2006511257,0.2709291825,0.6952406731,0.3982672871,0.8301148843,0.5029098353,0.3176794884,0.4444314231,0.4086324563,0.790680822,0.7364155931
190,1,1,1,1,1,0.3029075266,0.5546671829,0.64666279,0.3338877361,0.8534043569,0.2761573602,0.2005608983,0.2723891857,0.6973117948,0.3974192404,0.8310055973,0.5041437984,0.316705861,0.4463301919,0.4105659489,0.7894853468,0.7376579244
190.5,1,1,1,1,1,0.3053649766,0.5550455571,0.6469421731,0.3337394361,0.8539221201,0.2752396778,0.1999850788,0.2719044878,0.6974418748,0.3963237349,0.8312379372,0.5037406085,0.3169873528,0.4478248732,0.4117787575,0.7892349571,0.7382992273
191,1,1,1,1,1,0.3047628977,0.5538380386,0.6485104092,0.3318028284,0.8526107713,0.2760374072,0.1993168238,0.2696638935,0.6965467549,0.3919074615,0.8293109263,0.5028913862,0.3155542998,0.4432612543,0.4087680066,0.7878209745,0.7383611117
191.5,1,1,1,1,1,0.3037432935,0.5545110089,0.6473762308,0.3323035337,0.8534904474,0.2739589339,0.2007043549,0.2682179173,0.6985096532,0.3941525165,0.8296530292,0.5019674603,0.316846096,0.4467293501,0.4116888053,0.7872208346,0.740441162
192,1,1,1,1,1,0.3041666896,0.555035395,0.6479116387,0.3316832356,0.8539051348,0.2746748659,0.198608834,0.269993731,0.698660238,0.3932551567,0.8279211701,0.502957953,0.3169538604,0.4477851552,0.4115240736,0.7865399118,0.739627101
192.5,1,1,1,1,1,0.3057664878,0.5551831627,0.6483656217,0.3323241248,0.8538754354,0.2766183018,0.1973970474,0.2732573684,0.6973851698,0.3919089444,0.8267386461,0.5038983885,0.3158290591,0.4485666512,0.4102631388,0.7868992843,0.7408381234
193,1,1,1,1,1,0.3033806201,0.5518955462,0.6466928482,0.3318870234,0.8538183834,0.2768263958,0.1983079004,0.2733891838,0.6971063693,0.3940176496,0.8272867388,0.5057493783,0.3168672143,0.4491845837,0.4088639183,0.7855324814,0.7403167089
193.5,1,1,1,1,1,0.3027828258,0.5526333006,0.6461284573,0.3330855781,0.8535885601,0.2773927658,0.1974531951,0.2748837319,0.697010513,0.3925295574,0.8270885604,0.5061778645,0.3169398986,0.4496280538,0.4084573169,0.7854891101,0.7382668116
194,1,1,1,1,1,0.3051104739,0.5542202707,0.6463208643,0.3335576357,0.8538806985,0.2747420423,0.1967649675,0.2728589251,0.7002002671,0.3914937887,0.826083533,0.504943995,0.3171319059,0.4488130512,0.4106800292,0.7854974712,0.7387258075
194.5,1,1,1,1,1,0.3057023369,0.5539321731,0.6457630721,0.3354552328,0.8537608334,0.2768914543,0.1961283738,0.270849034,0.7002591722,0.3909214631,0.8279090518,0.5070841551,0.3166762227,0.4487491202,0.4144756605,0.7867736114,0.7410618277
195,1,1,1,1,1,0.3038408832,0.5535693102,0.6447897888,0.3340437929,0.8532904451,0.2751264261,0.1975382156,0.270328533,0.7004864186,0.3884321546,0.8271575764,0.5046991243,0.3159224887,0.4496471002,0.4121849524,0.7872829445,0.7393202733
195.5,1,1,1,1,1,0.3014971407,0.5543295834,0.6458076082,0.3344075885,0.8534493171,0.2759586463,0.1975604993,0.2696008897,0.6994090822,0.3882673378,0.8284288261,0.5036960952,0.3168563146,0.4456992907,0.4133876031,0.7859475277,0.7393775814
196,1,1,1,1,1,0.3007276906,0.5543060493,0.6463811084,0.3326423192,0.8532608422,0.2780728955,0.1988051395,0.2718164928,0.6984527571,0.3879360483,0.8280690122,0.5035633584,0.3185238933,0.4465428181,0.4114732998,0.7873798311,0.7395365085
196.5,1,1,1,1,1,0.3009683275,0.5513673921,0.6445053295,0.3327709391,0.8517698747,0.2783476826,0.1986398334,0.2714368056,0.6971172959,0.3904098051,0.8288513438,0.5032892826,0.3196759586,0.4455188645,0.4124614995,0.7871735163,0.7385294177
197,1,1,1,1,1,0.2998111146,0.5514686331,0.6471932979,0.3311307656,0.851748401,0.2783427474,0.1988200972,0.2682730063,0.6955707115,0.3921563924,0.8285262352,0.5021368574,0.3180157589,0.449527402,0.4122241262,0.7872221904,0.7412405618
197.5,1,1,1,1,1,0.3006598078,0.5533423219,0.6476340018,0.3298217549,0.8531133184,0.2805045139,0.1998591558,0.2684397979,0.6954528481,0.395469986,0.8273094948,0.4996616386,0.3171975795,0.4499067234,0.4142760297,0.7837486596,0.7420066652
198,1,1,1,1,1,0.3012025334,0.553679755,0.6478215669,0.3311547438,0.8552730356,0.2810277567,0.199850905,0.2721041867,0.6951996471,0.3939289514,0.8267146368,0.4992302557,0.3168003859,0.4511853763,0.415777445,0.7855054891,0.7402554598
198.5,1,1,1,1,1,0.3018955405,0.550998989,0.6467237334,0.3341572552,0.8561462993,0.2772085704,0.1986462771,0.2709933392,0.6955404113,0.3945083266,0.8264155997,0.5003796528,0.3165896681,0.451552376,0.4166589276,0.7857582838,0.7390877637
199,1,1,1,1,1,0.3012819393,0.5521904544,0.645807992,0.3322049901,0.8560481237,0.2765730212,0.1989373283,0.2718787565,0.695175556,0.3949250155,0.8261463941,0.5014034052,0.3156035625,0.4472079948,0.4148973058,0.7860714852,0.7397686414
199.5,1,1,1,1,1,0.3005535202,0.553245925,0.6465977231,0.3325081249,0.8541342084,0.2747129077,0.1990908798,0.2717963885,0.6942128329,0.3973005375,0.8261956753,0.5024510412,0.3158047082,0.4493427756,0.4170113026,0.7860137449,0.738980068
200,1,1,1,1,1,0.3008107349,0.5538286725,0.6448480831,0.3326422771,0.853057385,0.2738693658,0.2001614135,0.2719245314,0.6955763863,0.397276309,0.8272836818,0.5017909102,0.3144361872,0.4472984527,0.4153771149,0.7853217714,0.7366817857
200.5,1,1,1,1,1,0.3034975446,0.5544020419,0.6465605936,0.3310424316,0.8534425213,0.2730170896,0.2007300859,0.2712279998,0.6981526754,0.397454384,0.8282191797,0.5007311117,0.3157380939,0.4453048962,0.4185516096,0.7848744047,0.7347023875
201,1,1,1,1,1,0.3037554951,0.5541662977,0.6495421761,0.331962249,0.8535691753,0.2725767177,0.2001004556,0.2721425075,0.6981412622,0.3975119608,0.8274507951,0.4999740257,0.3148350667,0.4478564264,0.4194395097,0.7865458614,0.7364634487
201.5,1,1,1,1,1,0.3056606647,0.5554428975,0.6485997795,0.3326660103,0.8531412412,0.2741210944,0.199044626,0.2738614311,0.6973313735,0.3964340953,0.8266295403,0.499975107,0.3170011204,0.4462102946,0.4201616775,0.7886253346,0.7347557904
202,1,1,1,1,1,0.3055671316,0.5538400875,0.6466839467,0.3315072397,0.8537898899,0.2730464238,0.1999910882,0.2731496381,0.6994101335,0.3931690858,0.8257138127,0.5012008707,0.3158883825,0.4430715567,0.4176602747,0.7880773777,0.7365162074
202.5,1,1,1,1,1,0.304604418,0.5525939171,0.6477142538,0.3308609138,0.8524411628,0.2715292379,0.2004642185,0.273533086,0.6999924148,0.392872418,0.8258959623,0.5009420057,0.3164766516,0.4437431979,0.4181667416,0.7890543957,0.7343389818
203,1,1,1,1,1,0.3063688991,0.5522094281,0.6478940683,0.330800179,0.853659484,0.2739691225,0.199547139,0.2732335997,0.6991989214,0.3909616669,0.8259103117,0.5015365422,0.3161591045,0.4442877579,0.4119997234,0.7913184534,0.7374853219
203.5,1,1,1,1,1,0.3064994469,0.5533594071,0.6465448889,0.3330432452,0.8527265542,0.2759567269,0.1984758848,0.2706712473,0.7008317888,0.3927418433,0.8253519132,0.503101357,0.3160516737,0.4436259523,0.4108385024,0.7908436447,0.7381367945
204,1,1,1,1,1,0.306458067,0.5532809114,0.6466423656,0.3345217819,0.8534836007,0.276956436,0.1994432578,0.2715501324,0.6989904947,0.3930938048,0.8248050189,0.5020726484,0.3175578222,0.44454343,0.4104600094,0.7897593079,0.7364016846
204.5,1,1,1,1,1,0.3053598297,0.5549372313,0.6462586112,0.3349090946,0.8527206913,0.2763813607,0.1992754779,0.2701103647,0.6963163618,0.3928144361,0.8248772581,0.4988623509,0.3167515134,0.4455937483,0.4102417046,0.7901450674,0.7333767035
205,1,1,1,1,1,0.3060244374,0.5549066171,0.6467125494,0.3349486102,0.8510495117,0.2771049822,0.1999199076,0.273010955,0.6975150152,0.3933933438,0.8256449585,0.499373896,0.3156617842,0.4456478047,0.4094205093,0.7885087867,0.7322775154
205.5,1,1,1,1,1,0.306733037,0.5527748009,0.6456467519,0.3335076197,0.8518215286,0.2772879719,0.198893346,0.2728830318,0.6999867879,0.3926000445,0.8261566478,0.499059666,0.3159782545,0.442491201,0.4126090354,0.7890421989,0.733402271
206,1,1,1,1,1,0.3068115116,0.5520009171,0.6469068202,0.3329025461,0.8529850334,0.2778173979,0.1980307073,0.2728569673,0.6996617056,0.3940711394,0.826643527,0.5012367016,0.3167459233,0.441239773,0.4123023139,0.7917176507,0.7354578971
206.5,1,1,1,1,1,0.3071628908,0.5531385715,0.6481420771,0.3338409602,0.8538895597,0.2800481606,0.198946769,0.2706891462,0.7020279146,0.3957681752,0.8251960921,0.5029143278,0.3174702608,0.4428609418,0.411550534,0.7912585378,0.7368439729
207,1,1,1,1,1,0.3060859249,0.5541121623,0.6477106861,0.3331364457,0.8552304182,0.2801052406,0.1990291536,0.2720321553,0.7001228656,0.3944800239,0.8256564794,0.5042794059,0.3166080172,0.4436963384,0.4103390409,0.7927918434,0.7399337402
207.5,1,1,1,1,1,0.3051787151,0.5548442921,0.6473525849,0.333194867,0.8549555225,0.278932711,0.1997421782,0.2723231615,0.702486814,0.3932685222,0.8257117075,0.5032881888,0.3158804845,0.4453019713,0.4100297257,0.79060708,0.7402896641
208,1,1,1,1,1,0.3059370445,0.5559451577,0.6482605597,0.3325292423,0.8546840839,0.2779102034,0.2005003015,0.272784886,0.7010421503,0.3930403047,0.8255104502,0.5024330707,0.3152966505,0.4451476922,0.4119261103,0.7894743415,0.7382720273
208.5,1,1,1,1,1,0.3067676416,0.5557261738,0.6473550334,0.3341654869,0.8543095694,0.276231214,0.2011558696,0.2730365036,0.7023046669,0.3931372128,0.8257694661,0.5034439696,0.3162270363,0.4451453155,0.4095249273,0.7891353473,0.7380755236
209,1,1,1,1,1,0.3064051898,0.5545039905,0.6469560215,0.3353120523,0.8549378374,0.2756304919,0.1997734738,0.2728833771,0.7032369072,0.3938474186,0.8255884571,0.5024618908,0.3157380288,0.4446848029,0.4129672137,0.7882393264,0.7395170088
209.5,1,1,1,1,1,0.3061102674,0.5524672993,0.6484199737,0.3366342478,0.856342963,0.2765317649,0.1998310072,0.2738533965,0.7023351752,0.3938342986,0.8254926943,0.5049623591,0.3156454822,0.4432177456,0.4129382108,0.7896774278,0.7416819202
210,1,1,1,1,1,0.3058139692,0.5544433099,0.6488229028,0.3370548512,0.8563527502,0.2781849014,0.2004709584,0.271989062,0.7015846037,0.3942485733,0.8251812739,0.5054930608,0.3149610911,0.4450914738,0.4146221092,0.7890058217,0.7432212898
210.5,1,1,1,1,1,0.3067693719,0.5533768199,0.6474584688,0.3355118159,0.8559408317,0.2771977659,0.1987335936,0.2718572759,0.700719618,0.3951147072,0.8240474308,0.5040647,0.3151641763,0.4444980096,0.4161770403,0.7899749607,0.7420651445
211,1,1,1,1,1,0.3072342009,0.5531960093,0.6458896167,0.3336848886,0.8565536092,0.2777639315,0.1989885605,0.2688153792,0.7018927028,0.3944658593,0.8244389619,0.504906014,0.3128932069,0.4484264931,0.417020443,0.7883231451,0.7428545149
211.5,1,1,1,1,1,0.3037004744,0.5534195707,0.649168452,0.3349160399,0.8559040072,0.2809491191,0.2005206926,0.2697499107,0.7015016955,0.3951094569,0.8241234159,0.5055874011,0.3166382604,0.4491227458,0.416835861,0.7901415186,0.744974192
212,1,1,1,1,1,0.3030453566,0.5533454679,0.6474976573,0.3365099785,0.8549212003,0.2813747141,0.2005549611,0.2698056468,0.7040754859,0.3963588459,0.8235987397,0.503153012,0.3179144584,0.4476668437,0.4169286173,0.7896802335,0.7467807414
212.5,1,1,1,1,1,0.305557849,0.551670963,0.6468089864,0.3370532787,0.8542883009,0.2801259511,0.2013402981,0.2697028718,0.7048454889,0.3952400683,0.8237051356,0.5034697789,0.3184667584,0.449358945,0.4141492687,0.7895170004,0.7471484283
213,1,1,1,1,1,0.3041615027,0.5543921044,0.6466254848,0.3357367967,0.8536346058,0.2795309019,0.2007789008,0.2698340985,0.7058999034,0.3940757188,0.824147033,0.5038292663,0.3160706896,0.4491144957,0.4124782694,0.7897965599,0.7476406368
213.5,1,1,1,1,1,0.3046907619,0.5513065234,0.6458762287,0.3331577836,0.8540814751,0.2792296024,0.2001635082,0.2708773362,0.7046327074,0.3950051183,0.8234666878,0.5056957316,0.3160730546,0.4495530721,0.4091685497,0.7896763401,0.7468519785
214,1,1,1,1,1,0.3053441627,0.5506582778,0.6461558945,0.3327016119,0.8542666088,0.2793917188,0.2000479653,0.2719679173,0.7039555532,0.3950319467,0.8231970141,0.5056280279,0.3182567272,0.4499209172,0.4102121969,0.7893114948,0.7456059862
214.5,1,1,1,1,1,0.3054797003,0.5515022898,0.6479553829,0.3324635221,0.8538046348,0.2787411241,0.200046216,0.2744235945,0.7042949199,0.3939981853,0.8244368855,0.5070071058,0.3169324874,0.4511079769,0.410103347,0.7891564247,0.7466652008
215,1,1,1,1,1,0.3037255721,0.5510997642,0.6485776961,0.3306157295,0.8533132139,0.2778519133,0.2013281981,0.2751073802,0.7030823391,0.3923016837,0.8249509741,0.5037974872,0.3170524488,0.4483373998,0.4104173833,0.7909305616,0.746486702
215.5,1,1,1,1,1,0.3043147244,0.5521876459,0.6495351549,0.3321912694,0.8536462869,0.2783092765,0.2024317672,0.2745728333,0.7011344056,0.3941716219,0.8240495635,0.5035929343,0.3200128476,0.448243903,0.4089761268,0.7915269285,0.7470806825
216,1,1,1,1,1,0.304107479,0.552888471,0.6491935804,0.3315695608,0.854312157,0.2793647532,0.2021584604,0.2754095831,0.6983433773,0.3962087532,0.8243849354,0.5043164492,0.3184326188,0.4482835443,0.4101549352,0.7919206428,0.7470126931
216.5,1,1,1,1,1,0.3044465612,0.5535175218,0.6493542433,0.3317580474,0.8547229291,0.2790146494,0.1984307559,0.2741749369,0.69653692,0.3941868609,0.8262241504,0.5045343827,0.3155086364,0.4441629557,0.4088936511,0.7927708535,0.7488314654
217,1,1,1,1,1,0.3032296913,0.5543419735,0.6477830641,0.3291958292,0.8544498616,0.2749579507,0.1984590022,0.2739319672,0.6960570744,0.3934885354,0.8262050598,0.5032738613,0.314096247,0.443680215,0.4099492254,0.7919347782,0.7488929699
217.5,1,1,1,1,1,0.3016072569,0.5537204916,0.649665158,0.3291178071,0.8550064361,0.2727480748,0.198122391,0.2740969425,0.6998235888,0.3933327612,0.8273816763,0.5043802818,0.3122959952,0.4456734078,0.4122351968,0.7919666492,0.7486851034
218,1,1,1,1,1,0.3013081614,0.5541104527,0.6477563246,0.3303596385,0.8561347473,0.272172735,0.1991077358,0.2738100589,0.6992805675,0.3921152344,0.8286013636,0.5048237789,0.3135600506,0.4433523722,0.414385675,0.7917176382,0.7496187402
218.5,1,1,1,1,1,0.298976563,0.5536519098,0.6503548679,0.3317560486,0.8551979033,0.2734065696,0.1981624997,0.2754828022,0.6992576213,0.3955809694,0.8294375491,0.5024877589,0.3149996304,0.4424988713,0.4165849222,0.7916220503,0.747216833
219,1,1,1,1,1,0.3014234261,0.5509205043,0.6514207418,0.3327506959,0.8547699734,0.2739391489,0.1986605098,0.2741453836,0.6996286566,0.3959780626,0.8303630302,0.502568075,0.3165830405,0.44456644,0.4161732925,0.7918838889,0.744513097
219.5,1,1,1,1,1,0.3016745201,0.54960831,0.6498450855,0.3291755757,0.8551526615,0.2765625884,0.1979876849,0.2727840197,0.7033108176,0.3969614349,0.8296119781,0.4991822294,0.3177165391,0.4453343774,0.4148679696,0.7924899382,0.7436550028
220,1,1,1,1,1,0.302135374,0.5515552236,0.6488422334,0.3285990541,0.8546462757,0.2769852133,0.1989723744,0.2720830686,0.7050020139,0.3965454738,0.829754764,0.4965535056,0.3175016971,0.4475119499,0.4154030623,0.7916774856,0.7421884149
220.5,1,1,1,1,1,0.301619789,0.5527705823,0.6459187028,0.3299992703,0.8544403498,0.2764265554,0.1975028468,0.2707098627,0.7048608725,0.3972928579,0.8301667299,0.4986649949,0.3152522907,0.4488045488,0.4144751705,0.7928512295,0.7403332574
221,1,1,1,1,1,0.3027520357,0.5518042836,0.6471895261,0.3306490863,0.8537447236,0.2774322809,0.1979400834,0.2696036465,0.7014576294,0.3979464745,0.8291178882,0.500188514,0.3153562172,0.4453687885,0.4140620995,0.7928778767,0.739457008
221.5,1,1,1,1,1,0.3016181183,0.5504628047,0.6474877662,0.3325572366,0.8563137544,0.2758096408,0.1992237975,0.2694069033,0.7016527844,0.3979746843,0.8291140293,0.4993062329,0.3172258482,0.4452817753,0.4127607175,0.7925209539,0.7400103201
222,1,1,1,1,1,0.3017929913,0.5493019751,0.6462912729,0.3328873207,0.8554958408,0.2767864386,0.1983608415,0.2699461952,0.7010940218,0.3940371754,0.8298841323,0.4998176629,0.3164396773,0.4469028184,0.413197849,0.7921005432,0.739142438
222.5,1,1,1,1,1,0.3013503867,0.5521094124,0.646556544,0.3319854413,0.8555487567,0.2769698431,0.1989970265,0.2697682514,0.7041012148,0.3952424387,0.8300407175,0.5008847163,0.317262371,0.4467901271,0.4138500725,0.7924180821,0.7383711051
223,1,1,1,1,1,0.3034349905,0.5534370157,0.6454034207,0.3325736156,0.8552342519,0.2785722931,0.1999951075,0.2704319621,0.7042191896,0.3958968585,0.8309257587,0.4963549151,0.3173716075,0.448362789,0.4156799092,0.7934053454,0.7372319548
223.5,1,1,1,1,1,0.3045191417,0.5554881638,0.6449415481,0.3323987516,0.8549143978,0.2791684527,0.1999001894,0.2702955939,0.7034553418,0.396603179,0.8304854457,0.5005924506,0.3165938749,0.4468286053,0.4138208489,0.7932784925,0.7375118656
224,1,1,1,1,1,0.3028278508,0.5566432748,0.6430698687,0.3322448718,0.8543757151,0.2776212524,0.1996027894,0.2693775567,0.7029786186,0.394722142,0.8279117426,0.5023450439,0.3159081067,0.4483816591,0.4147388566,0.793432323,0.736366304
224.5,1,1,1,1,1,0.3010465566,0.5571071325,0.6468367001,0.3305861327,0.8548556412,0.2771050691,0.1984015281,0.270189504,0.7042237409,0.3937505492,0.8281187367,0.4993679015,0.3161125192,0.4484979249,0.4151885406,0.7938713314,0.7341306352
225,1,1,1,1,1,0.3032191121,0.5553119559,0.6469848502,0.3299979287,0.854850789,0.2768617264,0.1988272523,0.2702979642,0.7052393802,0.3959756773,0.8278356069,0.5012959699,0.3144202809,0.4484363065,0.4155987175,0.7924708567,0.7348694254
225.5,1,1,1,1,1,0.3028777404,0.5574363504,0.6485679591,0.3301153106,0.8550370468,0.2766195108,0.1991593881,0.2704429796,0.7025945223,0.3945475881,0.8249022067,0.504672706,0.3150113503,0.4443829624,0.4147694449,0.7920702673,0.736788166
226,1,1,1,1,1,0.3034759022,0.5553531219,0.6453622391,0.3300391362,0.8558273709,0.2771673584,0.1988498247,0.2722020589,0.7034274735,0.3957110389,0.8267509496,0.5031411223,0.3137972662,0.4437184482,0.4122231957,0.7933481587,0.7392070149
226.5,1,1,1,1,1,0.3027022627,0.551361479,0.6457814866,0.3320151439,0.8544871749,0.2767748783,0.1999465717,0.2737806041,0.7036382424,0.3941749941,0.8283516834,0.5034679448,0.314275853,0.4436875044,0.4125613501,0.7934763371,0.7378756225
227,1,1,1,1,1,0.3034559259,0.5530591699,0.6436972082,0.3315927236,0.8546965251,0.2759823788,0.1998515594,0.2711558184,0.7041263594,0.3962043498,0.8267368381,0.5024393527,0.3137565361,0.4434193731,0.4110367031,0.793633318,0.7369714805
227.5,1,1,1,1,1,0.3041135792,0.5496415892,0.6438864763,0.331308631,0.8551206427,0.2772236896,0.2000857007,0.2725146377,0.7024440472,0.3959293186,0.8259027426,0.501350186,0.3154647191,0.4439918896,0.4118172394,0.7919777639,0.7368651561
228,1,1,1,1,1,0.3063464487,0.5510419206,0.6460987813,0.3363690137,0.8560316964,0.2756682159,0.200582303,0.2715550502,0.7030730718,0.3977626194,0.8270757902,0.5006129755,0.3180847907,0.4436173056,0.4120278639,0.7909010826,0.7382557013
228.5,1,1,1,1,1,0.3062875611,0.5519598619,0.6458436284,0.3369139562,0.8553328506,0.2750643475,0.2009140035,0.2713738194,0.6998973765,0.3983026896,0.8267869442,0.5005372441,0.3154459065,0.4440455734,0.4112724963,0.7922174139,0.7366198014
229,1,1,1,1,1,0.305715204,0.5525271645,0.6444421987,0.3369592393,0.8550142525,0.2770070204,0.2011287953,0.2719222679,0.6989344843,0.3977268173,0.8274216399,0.5014102342,0.3160956006,0.4437428094,0.4110609428,0.7926654464,0.7360862896
229.5,1,1,1,1,1,0.3039780344,0.5537480681,0.647022212,0.3374295148,0.8541471384,0.2767072362,0.19954893,0.2718002882,0.6995765377,0.3979768104,0.8268006044,0.503025955,0.3166494498,0.4445055054,0.409174307,0.7923610149,0.7361110908
230,1,1,1,1,1,0.3034532867,0.5542352335,0.6457556092,0.3356923024,0.8549427698,0.2762534704,0.1996664032,0.2703755266,0.7021655382,0.3961333593,0.826988796,0.5005555136,0.316922427,0.4457664289,0.4088151639,0.7907073675,0.73450185
230.5,1,1,1,1,1,0.3052028796,0.5549645228,0.6463873436,0.3357002252,0.8531553399,0.2758307118,0.1988352683,0.2707291547,0.7015462156,0.399061752,0.8268406197,0.4998677856,0.3144153116,0.4429451268,0.4066140263,0.7899042899,0.7344144392
231,1,1,1,1,1,0.3051390598,0.5552956976,0.6489624096,0.3363463874,0.8525539321,0.2771565554,0.2003085661,0.269904765,0.7031777047,0.4000694034,0.8256753357,0.5030736958,0.3150859421,0.4432139652,0.4082670952,0.7899194487,0.7364427437
231.5,1,1,1,1,1,0.3054099802,0.5548540846,0.6480765554,0.3368527311,0.8522007787,0.2790430503,0.1992453273,0.2695677777,0.7016793761,0.3989427355,0.8279489904,0.5018099087,0.3162559749,0.4450610178,0.4107299507,0.7910208796,0.7375775447
232,1,1,1,1,1,0.3059880371,0.5555250509,0.6467072856,0.3361936364,0.8539772461,0.277351434,0.200312328,0.2698713801,0.702341937,0.3989726642,0.8275589639,0.502123685,0.3161604095,0.4457401397,0.4114231385,0.7899754052,0.738788776
232.5,1,1,1,1,1,0.3070629882,0.5527546759,0.646222957,0.3355863503,0.8557584677,0.2789785032,0.198985096,0.2688802059,0.7011699283,0.4005585988,0.8282163826,0.5011242202,0.3161501727,0.4440456576,0.4124121046,0.7878097923,0.7382855117
233,1,1,1,1,1,0.3036441706,0.553146764,0.6463128512,0.3310533177,0.8557745966,0.2812120958,0.1984028286,0.2682786534,0.701040478,0.3992942912,0.827913821,0.5008901543,0.3174473133,0.443899649,0.4140589159,0.7848943025,0.7385989089
233.5,1,1,1,1,1,0.3044678861,0.5537874622,0.6476613183,0.3342239878,0.8550821134,0.2809617351,0.1992039386,0.2675183196,0.7016586938,0.3981202663,0.8292427466,0.5025036301,0.3146770705,0.4426949539,0.4121774765,0.784204978,0.7405028334
234,1,1,1,1,1,0.3042412125,0.5529818408,0.6464284854,0.3341345678,0.8545170591,0.2795445933,0.1993895831,0.267269814,0.702184962,0.398382531,0.8287200103,0.4992092131,0.314359603,0.4416553734,0.411788034,0.7838181031,0.7426166147
234.5,1,1,1,1,1,0.3051264043,0.5528949927,0.6456934356,0.3353181112,0.8540623227,0.2790490974,0.1989403064,0.2658268229,0.6997146029,0.400453194,0.8283078413,0.5013445534,0.3151245186,0.4411237549,0.4144665149,0.7838817037,0.7435009897
235,1,1,1,1,1,0.3052872485,0.5540233405,0.6468170231,0.333759583,0.8536488276,0.2806373445,0.1985943797,0.2679345084,0.6956403015,0.4002064836,0.8282226437,0.5026937116,0.3141322686,0.4406861209,0.4143022159,0.7844095915,0.7442498105
235.5,1,1,1,1,1,0.3019287808,0.5522988501,0.6484104546,0.331643164,0.8535114172,0.2803899615,0.1994527229,0.2688063214,0.6960003462,0.3992161551,0.8265178615,0.5042429089,0.3161007281,0.4448388844,0.4140079894,0.7855698252,0.7460885416
236,1,1,1,1,1,0.3035397692,0.553078326,0.6491973785,0.3322274433,0.8540989914,0.2775828605,0.1992630246,0.2703561979,0.6960513817,0.3990458177,0.8271823173,0.5062178967,0.3157273817,0.4450767822,0.4152531068,0.7859944914,0.7470937937
236.5,1,1,1,1,1,0.3026787943,0.5549063894,0.6479060077,0.3313686183,0.8541409219,0.2767373077,0.2000191055,0.2716691617,0.6949473199,0.3984498181,0.828134502,0.5051700321,0.3173764139,0.4433393872,0.4162698991,0.785612583,0.7482051351
237,1,1,1,1,1,0.3031385604,0.5540365312,0.6449673874,0.3309959103,0.8534741385,0.2753383451,0.2024500557,0.2715212274,0.6981998833,0.4011764978,0.8282777885,0.5049144503,0.3187024125,0.4445738311,0.4145615682,0.7845513256,0.7470233289
237.5,1,1,1,1,1,0.3030845775,0.5521024793,0.6464755841,0.3321261166,0.8539052217,0.276424677,0.2002569175,0.2732489286,0.6994575288,0.3996609977,0.8273319694,0.5038155113,0.3192995392,0.4451269227,0.4136414397,0.7852145569,0.749987935
238,1,1,1,1,1,0.3041104668,0.5520334484,0.6471053507,0.3326820837,0.8534834019,0.2755936053,0.1992737663,0.2752274457,0.6987675843,0.3971653389,0.8270224901,0.5043233855,0.319262299,0.4434007918,0.4133001369,0.7879114984,0.7501038308
238.5,1,1,1,1,1,0.3039161539,0.5526779375,0.6477478269,0.3330831225,0.8528516256,0.2763238769,0.1982573338,0.2754283159,0.6995390989,0.4006317773,0.8271273596,0.5036765151,0.3172256509,0.4435033816,0.4133983229,0.7890011831,0.7475504841
239,1,1,1,1,1,0.3030499921,0.5548884671,0.6467979259,0.3331306521,0.85375616,0.2747652304,0.1992490786,0.2749776621,0.6991313174,0.3986901133,0.8262578521,0.5049670019,0.3172122989,0.4471586162,0.4165463842,0.7892718449,0.7478835588
239.5,1,1,1,1,1,0.3041027096,0.5546496358,0.6464551355,0.3321493366,0.8552649892,0.2745728848,0.1967540425,0.2736938707,0.699816584,0.3987955651,0.8278578454,0.5049128767,0.3166416157,0.4493794041,0.4168982613,0.7884351561,0.747093477
240,1,1,1,1,1,0.3060206085,0.5558168566,0.6486963235,0.3309355915,0.8547898613,0.2741272164,0.1986986921,0.2745166816,0.6996639678,0.399074046,0.8269709329,0.5029181128,0.3148551519,0.4499707889,0.4138873117,0.7883386166,0.747813716
240.5,1,1,1,1,1,0.3040045716,0.5556455866,0.6473010336,0.3316805766,0.854750935,0.2746781641,0.197803473,0.2744272439,0.6997871826,0.3986158698,0.8277584466,0.5014372308,0.3145969734,0.4484967453,0.4126299753,0.7899927486,0.7455041338
241,1,1,1,1,1,0.3044313171,0.5558617236,0.6465204625,0.3294516392,0.8545908138,0.2743251255,0.1964360523,0.2731562267,0.6970728332,0.4002483516,0.8269839469,0.503512586,0.3168288103,0.4496396808,0.4140590181,0.789696916,0.7448973003
241.5,1,1,1,1,1,0.3027973168,0.5544617384,0.6466968348,0.328398111,0.8537096863,0.2750940386,0.1960950752,0.273061512,0.6947703157,0.3994059545,0.827479274,0.5043087394,0.3181743686,0.4464202872,0.4105796489,0.7904559488,0.7449755883
242,1,1,1,1,1,0.3037124884,0.5535469335,0.6479043189,0.3272560802,0.8534607202,0.2757139924,0.1977452089,0.2729559226,0.6975269898,0.4002283342,0.8283271737,0.5040753335,0.3197266202,0.4487253076,0.4099988277,0.7906512145,0.7462200967
242.5,1,1,1,1,1,0.3051574831,0.5557358762,0.6487166632,0.326544402,0.8539851733,0.2745146754,0.2005387574,0.2733898674,0.6987670451,0.397014266,0.8271823704,0.5038068805,0.3198096126,0.4484141303,0.4115372534,0.7895212061,0.7479985162
243,1,1,1,1,1,0.3059204171,0.5520056989,0.6459040845,0.3280284589,0.8548890575,0.2744166683,0.2014643656,0.2738785339,0.6974142143,0.3974955673,0.8280504379,0.5055760458,0.32131799,0.4496197912,0.412026602,0.7870046408,0.7468197553
243.5,1,1,1,1,1,0.3071216959,0.5526738363,0.6459565902,0.327253638,0.8544404543,0.2753747082,0.1994416698,0.2725771139,0.6970482761,0.3982312242,0.8282542322,0.5034842134,0.3191299711,0.4488328689,0.4112930989,0.7883721394,0.7465769254
244,1,1,1,1,1,0.3057455543,0.5515854902,0.6481545704,0.3276934901,0.8538987575,0.2734485314,0.1960030583,0.2724789334,0.6992981176,0.3966744396,0.8277113359,0.5055645923,0.3197027264,0.4489882667,0.4100297321,0.7888973382,0.7498634733
244.5,1,1,1,1,1,0.3058272253,0.5506316122,0.6480560457,0.328800219,0.8556811026,0.2729767846,0.1967244875,0.2717739363,0.70252145,0.3975325224,0.8291178834,0.506499866,0.3189250718,0.4494757273,0.407605772,0.7889176562,0.7498581608
245,1,1,1,1,1,0.3039610235,0.552764766,0.6469644979,0.3304280811,0.8546881493,0.2751564632,0.1966301862,0.269798316,0.7033897142,0.3949003335,0.8284703371,0.5037364779,0.3172406469,0.4498597236,0.4087034697,0.7900655265,0.7515226646
245.5,1,1,1,1,1,0.3029251082,0.5548942192,0.6479194877,0.3304758384,0.8535175989,0.2768396615,0.1968088608,0.270297851,0.7014456191,0.3953547467,0.8275609884,0.5049390979,0.3193425711,0.4522544168,0.4112952618,0.7899604094,0.7498326212
246,1,1,1,1,1,0.3018335689,0.5538569996,0.6475406917,0.3310966305,0.8542768317,0.2764535167,0.1969303181,0.2722164953,0.699227407,0.3929490771,0.8281494195,0.5036091074,0.3195849228,0.4475295763,0.4116059665,0.7897951511,0.7501438157
246.5,1,1,1,1,1,0.3039191311,0.5529041928,0.6441346518,0.3324552768,0.8557079798,0.277013878,0.1972795722,0.2720560363,0.6996303903,0.392786392,0.8289851893,0.5046332892,0.3188956224,0.4481737251,0.4139556745,0.7896113109,0.7496264936
247,1,1,1,1,1,0.3032313267,0.5524602444,0.6438453571,0.3325926392,0.8559503989,0.277165197,0.1981512019,0.2708710818,0.7008930278,0.3961666872,0.8305796945,0.505370827,0.3169414381,0.4478250597,0.4133778777,0.7903733016,0.7507299046
247.5,1,1,1,1,1,0.3035051701,0.5523534083,0.6482225301,0.330036171,0.8559291234,0.2778124163,0.1985531049,0.2707550735,0.6991193072,0.39802768,0.8297958479,0.5045080466,0.3190214786,0.4474179376,0.4122591543,0.789975512,0.7515268947
248,1,1,1,1,1,0.3029704516,0.5536464826,0.6467896045,0.3320801737,0.8544229301,0.2779844835,0.1991686479,0.2691706195,0.6982879664,0.3963176398,0.8297107325,0.5023718408,0.3170754692,0.4464871885,0.4160330876,0.7895279851,0.7515715399
248.5,1,1,1,1,1,0.3030421899,0.5562312022,0.6452974069,0.3339609537,0.8549073661,0.2767516044,0.2005665869,0.2701244236,0.6993261511,0.3962800694,0.8302741025,0.5021965049,0.3184278602,0.4457727048,0.4151552591,0.7882238803,0.7511821882
249,1,1,1,1,1,0.3040377126,0.5582174041,0.6454991373,0.3345415453,0.8551389887,0.2750584753,0.2007383865,0.2707991129,0.6975115522,0.3950224653,0.8300817392,0.5023111633,0.3172947474,0.4466124413,0.4145725562,0.7877570173,0.7513555895
249.5,1,1,1,1,1,0.3030688316,0.5561927192,0.6462391883,0.3362159303,0.8564176076,0.274214576,0.1990130915,0.2695926441,0.69902602,0.3973426882,0.8326734924,0.5031712134,0.3188218611,0.4471079888,0.4165279665,0.7863727464,0.7513992679
250,1,1,1,1,1,0.3055143396,0.5570011589,0.6454144267,0.3343378841,0.8566663524,0.2765658164,0.1990772069,0.2693809222,0.6980309254,0.3975454566,0.8331714985,0.5008810086,0.3192319437,0.4467515541,0.4155050787,0.7843715771,0.753591367
250.5,1,1,1,1,1,0.3043638341,0.5572966955,0.6470040706,0.3336420688,0.8563482734,0.2763453893,0.1998446262,0.2686536517,0.6983944004,0.3998383486,0.8321219906,0.5008197155,0.3197327517,0.4465348148,0.4147373251,0.785774232,0.7522209664
251,1,1,1,1,1,0.3050705471,0.5555761208,0.6474364402,0.3334268269,0.855531963,0.275333232,0.1990515468,0.2684985277,0.6981579254,0.4021004037,0.830370821,0.4996130031,0.3200735668,0.4459567196,0.414196533,0.786045729,0.7506379509
251.5,1,1,1,1,1,0.3046636971,0.5541708391,0.6469304809,0.333435845,0.8547721896,0.2738640457,0.1985422876,0.2683811382,0.6985649517,0.4022692945,0.82978088,0.5020977168,0.3185604578,0.4457832926,0.4137679641,0.7886451688,0.7491834805
252,1,1,1,1,1,0.3050973857,0.5539104374,0.6448055704,0.3312856579,0.8543145713,0.2736339414,0.1970708398,0.2683566932,0.6968438086,0.3990151103,0.8303694318,0.5029633757,0.3208780129,0.4452427713,0.4139686094,0.7887749361,0.7499881075
252.5,1,1,1,1,1,0.3051748002,0.5511484429,0.6463611871,0.3303384063,0.8544063368,0.2741714006,0.1979042333,0.2671221824,0.6965428332,0.4000029412,0.8320425963,0.5042301471,0.3191970392,0.4467538919,0.4142704771,0.7892378385,0.7490738743
253,1,1,1,1,1,0.3041511749,0.5534606793,0.6472381356,0.3289714807,0.8542863272,0.2745482676,0.197734992,0.2666075253,0.6962958376,0.398546499,0.8295676221,0.5037386328,0.3184277271,0.4451274785,0.4153355866,0.7886448479,0.7487985595
253.5,1,1,1,1,1,0.3041803826,0.5562059506,0.6477971239,0.3279680591,0.8559664579,0.2746886983,0.1975389451,0.2669847538,0.6934023354,0.401657357,0.8306636602,0.5029228224,0.319803284,0.4461681187,0.4122255164,0.7890251252,0.7519114059
254,1,1,1,1,1,0.304586224,0.5560247849,0.6479286219,0.3274572787,0.8546874694,0.2750646848,0.1962924237,0.2655675038,0.6936271055,0.4032378109,0.8302177699,0.5028690684,0.3197226755,0.4457305977,0.4145069827,0.7871650435,0.7511717682
254.5,1,1,1,1,1,0.3036017748,0.556312575,0.6462383044,0.3296331948,0.8561638285,0.2735502698,0.1948191434,0.2658794326,0.6923866621,0.4002701,0.8315700956,0.5040590307,0.3180422812,0.4465739594,0.4142507008,0.7888492708,0.751634342
255,1,1,1,1,1,0.3031116841,0.556045674,0.6447075898,0.3298167588,0.8561330794,0.2750026617,0.1936138662,0.266358993,0.6956195696,0.3992455205,0.8321629772,0.5007138593,0.3188824616,0.4460046201,0.4149248914,0.7902311537,0.7501613805
255.5,1,1,1,1,1,0.3013114455,0.5544563929,0.6463822805,0.3308470563,0.8552046264,0.2752895842,0.1946423174,0.2656818641,0.6933575045,0.3982702667,0.8319044905,0.4999007058,0.3193224942,0.447716315,0.4137701143,0.7928993088,0.7494437609
256,1,1,1,1,1,0.3009197867,0.5545478089,0.6475332701,0.3301403991,0.8541915091,0.2733802422,0.1952404084,0.265065095,0.6930708663,0.3974641526,0.8315032102,0.5008319978,0.3176894405,0.4453421905,0.4152637167,0.7927712465,0.7491018737
256.5,1,1,1,1,1,0.2990460131,0.5546356644,0.6453184472,0.3322302997,0.853952265,0.2746136278,0.1968420162,0.265148448,0.6915445467,0.3961474599,0.8295879487,0.501240717,0.3180651073,0.4462420823,0.4119054008,0.7916265391,0.7499952847
257,1,1,1,1,1,0.3012202041,0.5557886091,0.6461986349,0.3337559504,0.8537739258,0.2769915403,0.1977856195,0.2644760491,0.6908356912,0.3975307363,0.8297410333,0.5032679469,0.3192216103,0.4456160951,0.4129132135,0.7914663798,0.7492882965
257.5,1,1,1,1,1,0.3004058574,0.555800233,0.6477746992,0.3309347284,0.8535067192,0.2768990438,0.1961311887,0.2650673088,0.690596456,0.3985211578,0.8285463917,0.5029021915,0.3197854952,0.4446242817,0.4106809388,0.7904707058,0.7523543068
258,1,1,1,1,1,0.3002532102,0.5552437054,0.6480446003,0.3304839112,0.8545166161,0.2762411086,0.1981241857,0.2649156164,0.6915116948,0.3978542837,0.828507686,0.503566493,0.3172630978,0.4453354427,0.4096584986,0.7913441003,0.7549620677
258.5,1,1,1,1,1,0.2994272617,0.5527500354,0.6462658998,0.3309559046,0.8555377424,0.2757669102,0.1971241257,0.2679849353,0.6910507533,0.4012408939,0.8271369618,0.5010868946,0.316910945,0.4433271946,0.412349109,0.7922385913,0.7534079335
259,1,1,1,1,1,0.3037810833,0.5527734445,0.6461747363,0.3326848117,0.8554992819,0.2755388397,0.1966500053,0.2684795907,0.6896850986,0.4019185433,0.82662494,0.5025159156,0.3197644237,0.4465814599,0.4120048281,0.7891921923,0.7514353961
259.5,1,1,1,1,1,0.3052724765,0.5518522326,0.6441307266,0.3317185353,0.8555679296,0.2744727895,0.1961933636,0.2669305653,0.691082817,0.4004875928,0.826714851,0.5010064901,0.3205962837,0.4483848928,0.4133980437,0.7897397639,0.7516827272
260,1,1,1,1,1,0.3068876106,0.549908104,0.6446812021,0.332057866,0.8557249311,0.2748532533,0.1960461987,0.2676186004,0.6912865361,0.3986418614,0.8260299841,0.49871263,0.3214799685,0.4483263545,0.4167406639,0.790041117,0.7510118875
260.5,1,1,1,1,1,0.3078998447,0.5509032608,0.6450726878,0.3305443246,0.8580791538,0.2730460379,0.1962524505,0.2680937873,0.6932440899,0.3996501119,0.8256720719,0.5019461082,0.3208594884,0.4491344965,0.4181972701,0.7886219214,0.7503892462
261,1,1,1,1,1,0.3084766864,0.5522817572,0.6444454288,0.3301551849,0.8561864225,0.272444689,0.1961002479,0.2674652036,0.6955339289,0.3968898554,0.8237734958,0.5041813856,0.3207862785,0.4472464893,0.4191291697,0.7877986307,0.749963447
261.5,1,1,1,1,1,0.305236922,0.5538146196,0.6464851547,0.3335634834,0.856386504,0.2727964102,0.1988515101,0.2680253241,0.6949863004,0.3972119725,0.8247519877,0.5021191028,0.3197880481,0.4476032758,0.4196163728,0.7865709627,0.7506453289
262,1,1,1,1,1,0.3060443046,0.5548177581,0.6459906715,0.3321451532,0.8564106275,0.2716420668,0.1975740848,0.2683928249,0.6951835297,0.3979143571,0.8270663546,0.5034861734,0.3175604685,0.4470432645,0.4192180942,0.78864817,0.7519249822
262.5,1,1,1,1,1,0.3056888581,0.5544046848,0.6461805692,0.3296075197,0.8577917267,0.2714668203,0.1981800679,0.2688423917,0.6957654587,0.3981000226,0.8274453487,0.505602079,0.3166208795,0.4477092444,0.4187779749,0.7872472487,0.7512995767
263,1,1,1,1,1,0.3054002962,0.5538541856,0.6450263067,0.3302897285,0.8560062694,0.2718153944,0.1985615233,0.2697311461,0.694821518,0.3985510769,0.8295261334,0.5062704151,0.3167848464,0.44601992,0.4172022069,0.7883496346,0.7516100778
263.5,1,1,1,1,1,0.3072483154,0.5536754175,0.6478690417,0.3309003455,0.8561119827,0.2720932705,0.1974629989,0.2692927261,0.6954857759,0.3977937375,0.8278273202,0.5044937039,0.3162487659,0.4432344124,0.4180616932,0.7876243155,0.7527853592
264,1,1,1,1,1,0.3072423906,0.5542864554,0.6483189516,0.3310427731,0.8556543575,0.272819619,0.1969869207,0.2683181959,0.6950202017,0.3937281385,0.8282944431,0.5051491745,0.3180212569,0.4436644548,0.4177689479,0.7861773228,0.7523060951
264.5,1,1,1,1,1,0.3069110839,0.5549776608,0.65038601,0.3316914168,0.8567887706,0.2732588135,0.1943489141,0.2712702161,0.6969347655,0.3942185739,0.8279189309,0.5047987566,0.3201329019,0.4450413407,0.4168985378,0.787313736,0.751315279
265,1,1,1,1,1,0.3042689395,0.5561610656,0.6508382679,0.3295289296,0.8572054502,0.2711717954,0.1949509313,0.2693265854,0.6966334648,0.3931174707,0.8279294615,0.5039625819,0.3174217081,0.4445254071,0.4157938264,0.7870429981,0.748973222
265.5,1,1,1,1,1,0.3041307979,0.5563021572,0.6502716852,0.3304969383,0.8556544709,0.2744411393,0.1950189038,0.265567334,0.6979862989,0.393452721,0.8275752512,0.504647166,0.3197821258,0.4449907563,0.4145859835,0.7872178614,0.7488716449
266,1,1,1,1,1,0.3023328689,0.557651063,0.6508219,0.3318415076,0.8560865125,0.2758920093,0.1978315008,0.2642446821,0.698239656,0.3942601569,0.827028631,0.5054535038,0.3178821909,0.4463075368,0.4144480419,0.7877002512,0.7503819761
266.5,1,1,1,1,1,0.3017588003,0.5566432687,0.6498945994,0.3344368152,0.8577615854,0.2745835219,0.1986996384,0.2656113268,0.6977502044,0.3917102083,0.8264619205,0.5071073862,0.3195443754,0.4459011745,0.4145134553,0.7894590583,0.7512154735
267,1,1,1,1,1,0.3002125189,0.5569218264,0.6482815337,0.3345415042,0.8575673875,0.2725960215,0.1997636235,0.2664045184,0.6976665508,0.3899550097,0.8238195414,0.5052823136,0.3181546654,0.4452988952,0.4144421081,0.7907863416,0.750307958
267.5,1,1,1,1,1,0.3003179639,0.5557794872,0.6485054223,0.3344195008,0.8565194028,0.2740980003,0.1981536798,0.2663450641,0.6983047261,0.3943530771,0.8238987219,0.5031712414,0.3176150354,0.4468290916,0.4155726355,0.7921716596,0.7492054312
268,1,1,1,1,1,0.3012223935,0.5559751764,0.6497612224,0.3350383717,0.8562129211,0.2731588617,0.1981470532,0.2670147509,0.6983720097,0.3943287539,0.82528997,0.5018072963,0.3171709592,0.444256268,0.4137756453,0.7921255875,0.7488572564
268.5,1,1,1,1,1,0.3030605813,0.5574935867,0.6497788122,0.3352018488,0.8563436424,0.2718812456,0.1976650863,0.2694849312,0.6977456036,0.3950838758,0.8245031815,0.5027924237,0.316576694,0.4447498786,0.4158357987,0.7921063772,0.7505195763
269,1,1,1,1,1,0.3042332295,0.5568611028,0.6506692976,0.3337435053,0.8543683132,0.274005989,0.196958232,0.2688930789,0.698914583,0.393299205,0.8258752312,0.500594569,0.3155024343,0.4462625159,0.4161538919,0.790722606,0.7500242309
269.5,1,1,1,1,1,0.3049179477,0.5552994851,0.6491508462,0.3304065248,0.8537980777,0.273174006,0.1958641318,0.2706091457,0.6971224315,0.3940335404,0.8250754509,0.4985487383,0.3162101031,0.4454767981,0.4143560553,0.7927819976,0.7505855841
270,1,1,1,1,1,0.3053004072,0.554401239,0.648724331,0.3317791534,0.8530144632,0.2709655966,0.1968808878,0.2713646953,0.6985829202,0.3947464126,0.8244663812,0.5000646393,0.3135039694,0.4440022356,0.4156325359,0.7919243195,0.7524827721
270.5,1,1,1,1,1,0.3060776672,0.5547503076,0.6502224735,0.3330784741,0.8528287229,0.2709122845,0.1967746302,0.268629754,0.6962630596,0.3958216856,0.8251107508,0.4990844891,0.3139859955,0.4442623241,0.4151800627,0.7906535032,0.75092745
271,1,1,1,1,1,0.3074471401,0.5504836176,0.6490381857,0.334576931,0.853097176,0.272117425,0.1966336562,0.2692960636,0.6955918819,0.3967707335,0.8249815385,0.5015117679,0.3150958003,0.4452734339,0.4170738056,0.7904300523,0.7497330427
271.5,1,1,1,1,1,0.3066285173,0.5534303914,0.6481158282,0.3354278164,0.8526037103,0.2724862523,0.1955239372,0.2704893047,0.6963914906,0.3966970167,0.8252071902,0.501072067,0.3139995569,0.442940329,0.415660938,0.789640335,0.7507775208
272,1,1,1,1,1,0.3039992559,0.5562360044,0.6485383064,0.3336725273,0.8543915527,0.2740669383,0.1962687463,0.2695477072,0.6977463333,0.3955362739,0.8262258359,0.5021372274,0.3153695505,0.4433918901,0.4140051985,0.7892769448,0.7528996894
272.5,1,1,1,1,1,0.30334188,0.5566613384,0.6476411822,0.3346222624,0.8540387321,0.2738879049,0.1976505747,0.2688550099,0.6977124797,0.3961915932,0.8272242008,0.4994986512,0.314188616,0.4426067908,0.4099959517,0.7901539268,0.7505885394
273,1,1,1,1,1,0.3048380938,0.5542357461,0.64657915,0.334109041,0.853869821,0.2758916826,0.1981509069,0.2713499114,0.699803853,0.3951680072,0.8268411829,0.5010525493,0.315925338,0.4417841699,0.4116821233,0.7889333117,0.7487369467
273.5,1,1,1,1,1,0.3055431889,0.5559516896,0.6463004337,0.3340488518,0.852980365,0.277826415,0.1973771913,0.270789679,0.6986532344,0.3939201679,0.8290557194,0.5012443757,0.3150588522,0.4425503778,0.4114746058,0.7884813515,0.7480821467
274,1,1,1,1,1,0.3045176599,0.5558806055,0.6451979646,0.3337627935,0.8541364825,0.2779733583,0.1976810628,0.2725748963,0.6968747414,0.394582686,0.8301156637,0.5008241672,0.3149973726,0.4422943547,0.4114837549,0.7871943288,0.748088108
274.5,1,1,1,1,1,0.3038277879,0.5542356291,0.6432908456,0.3333934863,0.8541427941,0.2773500218,0.1986677002,0.2692729142,0.6969249881,0.3969769404,0.829969934,0.501461363,0.3156981159,0.4427631402,0.409561544,0.787862122,0.7472793287
275,1,1,1,1,1,0.305275812,0.5550960364,0.6453014606,0.3339152705,0.8552686173,0.2776086637,0.1999923163,0.2687192892,0.6975841709,0.396348414,0.830564511,0.5009496342,0.3148173555,0.4433559353,0.4127565101,0.7887153961,0.7491691373
275.5,1,1,1,1,1,0.3052348496,0.5534083766,0.6459634582,0.3331754372,0.8551730472,0.2768601719,0.1995351674,0.2696134743,0.6961642834,0.3968573718,0.8304857628,0.5016494366,0.3124425991,0.4455449043,0.4158311823,0.7918430159,0.7474985256
276,1,1,1,1,1,0.3032409766,0.5530622685,0.6443961163,0.3320300599,0.8559907671,0.2741219491,0.2001884234,0.2704679142,0.6952272756,0.3949404047,0.8296986584,0.5016042394,0.3154483755,0.4414994252,0.4146031715,0.7922295882,0.7482323848
276.5,1,1,1,1,1,0.3010796929,0.5520825547,0.6432475871,0.3312350849,0.8567208513,0.2770014726,0.1995672394,0.2692364707,0.6951485966,0.3981630384,0.8293482465,0.5040709795,0.317503866,0.4430511849,0.4136882928,0.7914570061,0.748378002
277,1,1,1,1,1,0.2984948804,0.5507364044,0.6433717072,0.3301280892,0.8573508277,0.2761763342,0.1993433086,0.2695229473,0.6950557698,0.3975521804,0.8308705116,0.502776914,0.3161181822,0.4432065508,0.4145107641,0.7921872989,0.7466052123
277.5,1,1,1,1,1,0.2997107019,0.5505124229,0.6446562877,0.3303010892,0.8568083135,0.2781526795,0.1990353002,0.2698090258,0.6961122836,0.3976271617,0.8294913901,0.5026125321,0.3157706767,0.4407663802,0.4154973268,0.7915114775,0.7474007613
278,1,1,1,1,1,0.3025990758,0.5494030904,0.6462010092,0.3295521761,0.857415028,0.2777373826,0.1995408664,0.271296156,0.6949038505,0.4000403731,0.8291422168,0.5039417069,0.3166858073,0.4413755343,0.4150241384,0.7920218574,0.7474388961
278.5,1,1,1,1,1,0.3016127229,0.5529949986,0.6466419927,0.3297238839,0.8570777326,0.2779379441,0.2002147407,0.2715539364,0.6960911266,0.4002903045,0.8272215256,0.5069455051,0.3140676799,0.4411507158,0.412506558,0.7920297857,0.7453888512
279,1,1,1,1,1,0.3035485889,0.5514882988,0.6444788555,0.3298632978,0.8570052495,0.2772088763,0.2000834367,0.2721956758,0.69401393,0.4004052024,0.8272240362,0.5069501059,0.3157679858,0.4429860668,0.4139309312,0.7903929118,0.7468104093
279.5,1,1,1,1,1,0.3000227026,0.553111055,0.6451286216,0.3307734079,0.855633666,0.2773007844,0.2013915455,0.271500829,0.6964556094,0.3974838858,0.8268246508,0.5049179261,0.3133195288,0.4408305942,0.4150693965,0.7906650566,0.7475092568
280,1,1,1,1,1,0.3009474288,0.5510435214,0.6430339694,0.3308730277,0.8554027043,0.2769109825,0.2016712223,0.273980621,0.6984642937,0.395931938,0.8262847335,0.5018776512,0.3149916418,0.4450316605,0.4132894487,0.7904105868,0.7473168353
280.5,1,1,1,1,1,0.3032463502,0.5530632544,0.6428914569,0.3317016081,0.8564964758,0.2743035478,0.2020754575,0.2745747213,0.6999946142,0.3930513885,0.8256490952,0.5026023204,0.3147733569,0.4452712828,0.4146641646,0.7915073368,0.7461778857
281,1,1,1,1,1,0.3048780414,0.5535974332,0.64322748,0.3319139088,0.8567557735,0.2768406458,0.2008939062,0.276326045,0.6997954485,0.3928891438,0.8253475919,0.5011160943,0.3135016105,0.4443080468,0.4145513163,0.7920979879,0.7485873549
281.5,1,1,1,1,1,0.3051075384,0.5540376942,0.6417639526,0.3312888949,0.8557431083,0.2796758047,0.2022607135,0.2771843568,0.7030936096,0.3928541925,0.8260858688,0.5040153457,0.3134101724,0.4452317276,0.4142092324,0.7910377893,0.7468521542
282,1,1,1,1,1,0.3050076149,0.553801567,0.6418089991,0.3324338584,0.8559733325,0.2781011676,0.2013217947,0.2753991752,0.7059909577,0.3922605677,0.8253486276,0.5037357535,0.3164931057,0.4463450679,0.4122563551,0.7921129414,0.7479853054
282.5,1,1,1,1,1,0.3041602481,0.5524396373,0.6403052397,0.3309640463,0.855794867,0.2753289148,0.2035966068,0.2742528859,0.7081512234,0.3917658573,0.8257183338,0.5033380291,0.3142737232,0.4469024259,0.4128442107,0.7916531361,0.7460281542
283,1,1,1,1,1,0.3037421632,0.5532735883,0.6449862314,0.3294915712,0.8553629668,0.2761057961,0.2013610282,0.2734841781,0.7074611402,0.3902538222,0.8262585729,0.5030366651,0.3154652664,0.4488468816,0.4124978554,0.7918017812,0.7433603014
283.5,1,1,1,1,1,0.3014284904,0.5541578748,0.6455336396,0.3297306464,0.8550114288,0.2745277671,0.2018959255,0.272552728,0.7068205603,0.3902636738,0.8275967514,0.5012179422,0.316498258,0.4476278517,0.4117227819,0.7915979404,0.7403180435
284,1,1,1,1,1,0.302426902,0.5519272736,0.647129873,0.3296337015,0.8555816325,0.27177678,0.2017740407,0.2743145307,0.7067319742,0.390381267,0.8274140802,0.5032227977,0.3170790723,0.4498776966,0.4100647749,0.7912737438,0.7399108671
284.5,1,1,1,1,1,0.3047145433,0.5539438628,0.648822402,0.3323147852,0.8546704199,0.2732244037,0.1998285479,0.2734379173,0.7033218804,0.3907385809,0.8271045263,0.5059689483,0.3158724447,0.4497392846,0.4105761489,0.7922927535,0.7387146915
285,1,1,1,1,1,0.3038366677,0.5552866407,0.6488559556,0.3332849108,0.8532003059,0.2729453923,0.2012768538,0.2735019377,0.7028686134,0.3917945699,0.8277149087,0.5035355404,0.3154841289,0.4514503914,0.409386828,0.7917383361,0.7388209606
285.5,1,1,1,1,1,0.304849319,0.557251471,0.6482788214,0.3322565968,0.8537222323,0.2744508288,0.1991945409,0.2744317064,0.7027734353,0.3930466232,0.8280033068,0.5018863317,0.3151646405,0.4500784719,0.4115487139,0.790976416,0.7380464587
286,1,1,1,1,1,0.3047971463,0.5562551508,0.6488312563,0.33063533,0.8538071258,0.2754713591,0.1989097291,0.2722733018,0.7041631245,0.3956868301,0.8280931117,0.5023846267,0.3160662407,0.4484415825,0.4119418525,0.7927016929,0.7388819433
286.5,1,1,1,1,1,0.3028263974,0.5550861756,0.6484332595,0.331862525,0.854669309,0.2765554308,0.2005817126,0.2729063089,0.7023728558,0.3963910928,0.8294055366,0.5009050743,0.3183144201,0.4472327867,0.4154474259,0.7933255716,0.7367249318
287,1,1,1,1,1,0.3008336722,0.5558105371,0.6468730689,0.3324121837,0.8546549434,0.2759039377,0.2016105452,0.2744741197,0.7019501322,0.3978710426,0.8287161167,0.5002482975,0.3167419601,0.4455432561,0.4143811296,0.7940903543,0.7361968578
287.5,1,1,1,1,1,0.3047477104,0.5560812566,0.6464952792,0.3331383888,0.854691037,0.2746960967,0.2005887833,0.2749599497,0.6989428367,0.3977287978,0.8290986483,0.4995395561,0.3178470139,0.4474662055,0.4139471746,0.7952061515,0.7363592259
288,1,1,1,1,1,0.3050189597,0.5549828047,0.6446794043,0.3326176485,0.8550862611,0.2743608245,0.2016434456,0.2743886244,0.6989949407,0.4014030634,0.8276632006,0.5014307518,0.3186974664,0.4470691464,0.4141419175,0.793802512,0.7341708576
288.5,1,1,1,1,1,0.3034265459,0.5550418428,0.6458730199,0.3352973127,0.8547029864,0.2744034393,0.2018733098,0.2741451997,0.6988829957,0.4037228431,0.8288152099,0.5034187923,0.3186685835,0.4477781429,0.4181005788,0.7935914488,0.7357177857
289,1,1,1,1,1,0.3031922068,0.552941874,0.645149883,0.3347120641,0.8533491456,0.2745135048,0.2025784297,0.2736008081,0.6972236298,0.4026974184,0.8279786967,0.5043486451,0.3193237213,0.4456066944,0.4156093057,0.7941241005,0.7371669159
289.5,1,1,1,1,1,0.3052692665,0.5527933715,0.6461036141,0.3334300921,0.8542140398,0.2766306573,0.2011475589,0.2735563744,0.6987426964,0.4000476758,0.826825088,0.5053199432,0.3182252424,0.4467827003,0.4151623382,0.7956870674,0.7350646497
290,1,1,1,1,1,0.303614888,0.5509131689,0.646044866,0.3334065094,0.8531088568,0.2766044559,0.2018717213,0.2745075517,0.6985586468,0.3980149892,0.8290348765,0.5052630784,0.3215791209,0.4471385527,0.4148365576,0.7935295891,0.7351832823
290.5,1,1,1,1,1,0.3043442722,0.5516656327,0.6467044217,0.3333751137,0.8528217358,0.2775962897,0.2018422503,0.2750850066,0.6972605986,0.3999743477,0.8290622819,0.5027545483,0.3216572862,0.4461566858,0.4162308714,0.7916747526,0.7358819489
291,1,1,1,1,1,0.3045751398,0.5518314821,0.645749483,0.334938571,0.8541259125,0.2761108075,0.1993656938,0.2732522513,0.6972474762,0.4020178744,0.8300420783,0.5015246556,0.3218577878,0.4478066164,0.4148386419,0.7908915254,0.7374992117
291.5,1,1,1,1,1,0.3034912165,0.5544133956,0.6472877142,0.336304903,0.8541207206,0.277280027,0.1997512894,0.2739849918,0.6968040974,0.4036029771,0.8304723583,0.4991182992,0.3203259704,0.4460401953,0.4136616042,0.7920615846,0.7379540166
292,1,1,1,1,1,0.3022686502,0.5534575941,0.6493511224,0.3365563934,0.8547458847,0.2797205004,0.2002179083,0.2756023354,0.6969466246,0.4022639644,0.831277181,0.5033977187,0.3187166577,0.4459810453,0.4130863795,0.7925094597,0.738712475
292.5,1,1,1,1,1,0.3049093927,0.5561834375,0.649141387,0.3368110484,0.8555723649,0.2809896444,0.199757217,0.2748356569,0.6970631328,0.4006405387,0.8304956808,0.5021679857,0.319369624,0.4458091143,0.4123772025,0.7924372368,0.7393716068
293,1,1,1,1,1,0.3036086041,0.5571179208,0.6473295997,0.3369758187,0.854519089,0.2803622852,0.2001676221,0.2745920369,0.6972226051,0.398454125,0.8285511464,0.5020910671,0.3172912142,0.445867358,0.4114707854,0.7939702237,0.7369142602
293.5,1,1,1,1,1,0.3025882374,0.5544701716,0.6466277213,0.3362531691,0.8538921353,0.278947863,0.1984359503,0.2742811356,0.6977096632,0.3973212164,0.8276900287,0.5033709913,0.3186443571,0.4451916571,0.4143053506,0.7941097077,0.7344632914
294,1,1,1,1,1,0.302252573,0.5518346705,0.6466494311,0.3366617567,0.8542084557,0.2760349042,0.1996919085,0.2722083199,0.6984915521,0.3977768201,0.8278128131,0.50413811,0.3164302149,0.4461561776,0.4138299055,0.7954167869,0.7355282133
294.5,1,1,1,1,1,0.3008271145,0.552770454,0.6479618445,0.3382328076,0.8543019037,0.275320826,0.1989306163,0.2719472596,0.701824405,0.3958288748,0.8261156372,0.5024106492,0.3187606847,0.4430776379,0.4117195639,0.7960058165,0.7380688343
295,1,1,1,1,1,0.3008397199,0.5503192087,0.6480539689,0.3379639104,0.8540842246,0.2751345255,0.1988836775,0.2716827457,0.7023516623,0.3959608247,0.8259914415,0.5016073844,0.3154507039,0.4460300801,0.4110557462,0.7958934723,0.7360651166
295.5,1,1,1,1,1,0.3008277499,0.5511799376,0.6464373134,0.3344873566,0.8539682501,0.2774952743,0.2005599317,0.2703758944,0.7020801764,0.3959987024,0.8265311903,0.502542613,0.3153056307,0.4453547626,0.4100941241,0.7955200235,0.7378737712
296,1,1,1,1,1,0.3025657027,0.5541041875,0.6466665463,0.3349524915,0.8535196733,0.2772431248,0.2001832351,0.2711389659,0.7002555686,0.3960454475,0.8274039168,0.5016397076,0.3155479885,0.4446548884,0.410860365,0.7951137205,0.7368894643
296.5,1,1,1,1,1,0.3035026317,0.5533661509,0.6484906647,0.3359090042,0.8536165485,0.2776208861,0.1992815831,0.2691633206,0.6983471279,0.3982058733,0.8275590055,0.5027620398,0.3156474294,0.4464845001,0.4095253492,0.794917639,0.7384984425
297,1,1,1,1,1,0.3042711775,0.5518236528,0.6494982153,0.3365636314,0.8533289033,0.2766797599,0.1999565119,0.2700572002,0.6953855458,0.3983806495,0.8291411216,0.5052318528,0.3139193241,0.4455617571,0.4106577145,0.7921970229,0.7394327823
297.5,1,1,1,1,1,0.3047021585,0.5526073324,0.6459183449,0.3335063096,0.8535046145,0.2774264491,0.2004015097,0.2700819788,0.6957920885,0.3977033103,0.8304716289,0.5072768193,0.3147514252,0.4440701353,0.4127993803,0.7928640692,0.7410575688
298,1,1,1,1,1,0.3047033741,0.5494001215,0.6476691817,0.3338444012,0.8524279496,0.2768609978,0.1994247061,0.2684640337,0.6937130132,0.3986967046,0.8295880665,0.5077473015,0.316418103,0.4451913757,0.4097853607,0.7922812125,0.7409917639
298.5,1,1,1,1,1,0.3043053946,0.5502473999,0.6471000299,0.3354020689,0.8531053367,0.2768153601,0.2000459301,0.2699475584,0.6946253618,0.3991770661,0.8288468268,0.506433833,0.3168595088,0.4440698481,0.4109024019,0.7937868038,0.7424031667
299,1,1,1,1,1,0.3027095223,0.5505642423,0.648496583,0.3339209601,0.8533449126,0.2759695365,0.2008992565,0.2698437461,0.6964170925,0.3972298224,0.8285012387,0.5026100083,0.315657777,0.4464317198,0.4104225914,0.7927855774,0.7423281134
299.5,1,1,1,1,1,0.301932711,0.5498682094,0.6493249357,0.3335362233,0.8532115727,0.2757274242,0.2008552047,0.2717464361,0.6951865309,0.3963998637,0.8299868305,0.5040033061,0.3166656649,0.4463844153,0.4116562856,0.7917165332,0.7438155896
300,1,1,1,1,1,0.3029399971,0.5493786575,0.647470982,0.3338118053,0.8532674278,0.2754529453,0.1998128267,0.2699841228,0.6970139669,0.3940699413,0.8302111567,0.5038195137,0.3169892721,0.4479852088,0.412581796,0.7919644528,0.7439037227
300.5,1,1,1,1,1,0.3048657045,0.5493011047,0.6481492128,0.3328550502,0.8540334004,0.2762885356,0.2007735556,0.2690321888,0.6967096443,0.3934138199,0.8300213926,0.503026056,0.3175896146,0.4486059282,0.4132572021,0.7913597727,0.7439157428
301,1,1,1,1,1,0.3043732539,0.5508671008,0.6489934392,0.3308164214,0.8554597525,0.2742043244,0.199189166,0.2696432308,0.6953605527,0.3941906197,0.8287047806,0.5037677187,0.3177520201,0.4507578733,0.4142878331,0.7915288579,0.7416032385
301.5,1,1,1,1,1,0.304937674,0.5513107864,0.6491935121,0.3298654906,0.8555086274,0.2749738673,0.1984726683,0.2694415781,0.6970123889,0.3953632131,0.8286425819,0.5028145927,0.3184999308,0.4491114874,0.4135443591,0.7899921285,0.7412285124
302,1,1,1,1,1,0.3032594896,0.5499857695,0.6468831375,0.3282502179,0.8549867427,0.2761986739,0.1969865923,0.2705192728,0.6969218606,0.3951535096,0.8281195204,0.5051072835,0.3179637712,0.4468154644,0.4143405878,0.7918111249,0.7422916855
302.5,1,1,1,1,1,0.3016049958,0.5518466185,0.6492325374,0.3320992971,0.8563025274,0.2770727121,0.1979564434,0.2676388392,0.6956835466,0.3943278983,0.8277974213,0.5057282217,0.3183916991,0.4478466642,0.4171078768,0.7935985173,0.7421207013
303,1,1,1,1,1,0.3013449893,0.5505929333,0.6499871519,0.3330821146,0.8551270693,0.275913861,0.1989354413,0.2684156775,0.695914033,0.3940833518,0.8266483449,0.5060823772,0.3188273018,0.4458844711,0.4169320138,0.7937930757,0.7433335645
303.5,1,1,1,1,1,0.3018431584,0.5549027335,0.6477363926,0.3327366973,0.8565355878,0.273067929,0.1976632654,0.2712358401,0.694269056,0.395215096,0.8262330885,0.5061426227,0.3179923015,0.4464266081,0.4164560704,0.794172776,0.744808933
304,1,1,1,1,1,0.3026725671,0.5549643291,0.6485728403,0.3338174596,0.8558587046,0.2734054106,0.1974245968,0.2715558402,0.6940447904,0.3962090154,0.825855991,0.5055908691,0.3172610166,0.4455525934,0.4139458579,0.7941132479,0.7425643221
304.5,1,1,1,1,1,0.3054435742,0.5544188967,0.6484339569,0.3338009441,0.8535585059,0.2718866443,0.1960631276,0.271402849,0.6952906111,0.3966091986,0.8259880531,0.5059864818,0.3198485448,0.447478529,0.4130928366,0.7917680472,0.7396915176
305,1,1,1,1,1,0.3053871687,0.5538662443,0.6499189518,0.3335866037,0.8544037889,0.2754708406,0.1949636591,0.2695655741,0.6936410077,0.3952750085,0.827263957,0.5006532615,0.3157608857,0.4491469738,0.4126122083,0.7912891505,0.7401843945
305.5,1,1,1,1,1,0.3046574245,0.554812612,0.648331216,0.3346813143,0.8539172038,0.2770721617,0.1967525139,0.2692006023,0.6948970973,0.3940723301,0.8271043638,0.5005469821,0.3143245175,0.4490059359,0.4120512404,0.7896217854,0.7393445023
306,1,1,1,1,1,0.3020428359,0.5532193311,0.6473728471,0.3325817717,0.8545730318,0.2750631722,0.1974813434,0.2651393431,0.6975441925,0.3959008972,0.8274045058,0.5031950205,0.3168471196,0.4487544342,0.4100286288,0.7872377795,0.7402722764
306.5,1,1,1,1,1,0.3016294257,0.5525927164,0.6461604238,0.3363013094,0.8545234147,0.2765975627,0.1979977445,0.2664557258,0.6977884673,0.3969615862,0.8284647825,0.5059046931,0.3165428817,0.4494772006,0.4097180589,0.7866066692,0.7404767482
307,1,1,1,1,1,0.3029092762,0.5525909644,0.647906477,0.3359393019,0.8548386605,0.2783635316,0.1967368579,0.2667837177,0.6979038117,0.3965764027,0.8293564648,0.5050727277,0.3160540758,0.4483543924,0.4118464979,0.787911908,0.7407403751
307.5,1,1,1,1,1,0.302042427,0.5539172677,0.646978577,0.3357426964,0.8541395151,0.2776462162,0.1973526336,0.2667527294,0.6979104973,0.3970228219,0.8300382808,0.5044087768,0.3144565196,0.4474124368,0.4137547641,0.7869773463,0.7398252528
308,1,1,1,1,1,0.301383281,0.5534869438,0.6462450796,0.3326810713,0.8561325222,0.2782042157,0.1970078066,0.2678071208,0.6991978761,0.3952060632,0.8285762654,0.5033340991,0.3155857872,0.4474722551,0.4158853798,0.7875108225,0.7388556365
308.5,1,1,1,1,1,0.3020192823,0.5510532642,0.6451184968,0.3324972766,0.8540600247,0.2772594851,0.1976502512,0.2675292592,0.6994166279,0.3948116151,0.8262228738,0.5012028887,0.3167647198,0.4462800953,0.4153430267,0.7850509196,0.7393580372
309,1,1,1,1,1,0.3034131504,0.5522106456,0.6470902866,0.3310755394,0.8547583011,0.2769996401,0.1979663126,0.27114148,0.7012111063,0.3946537454,0.8264303288,0.5018891092,0.3178374261,0.4465265186,0.4156449578,0.7852923166,0.7385996021
309.5,1,1,1,1,1,0.30225211,0.5536392666,0.646693798,0.3307642665,0.8540713847,0.2771592464,0.1990121522,0.2729170928,0.7020505603,0.3956784969,0.8262095111,0.5003578324,0.3170649251,0.4466531112,0.4136490722,0.7865684878,0.7392683372
310,1,1,1,1,1,0.3017202166,0.5527337381,0.6464232552,0.3315193261,0.8532913354,0.2798657362,0.2000315598,0.2695228068,0.699123984,0.3958217757,0.8266553503,0.5006374218,0.3193581676,0.4465840625,0.4110712274,0.788260798,0.7406065278
310.5,1,1,1,1,1,0.3021390936,0.5530435347,0.6464623435,0.329599012,0.854591197,0.2778101577,0.1991637599,0.2702934177,0.7013932857,0.3957243421,0.8246912085,0.5004792133,0.3167277402,0.4466972724,0.4076624069,0.7910637079,0.7387469842
311,1,1,1,1,1,0.30214063,0.5547541218,0.6476415126,0.3302092269,0.8549189118,0.2752434004,0.2000424825,0.2699124289,0.6995256419,0.3954424094,0.8245785106,0.5038724122,0.3174327588,0.4491413746,0.4087596149,0.7891123537,0.736734144
311.5,1,1,1,1,1,0.3034429898,0.5536131959,0.6472655675,0.3309805083,0.8526583116,0.2731601498,0.1985586408,0.2709232488,0.7003530318,0.3938569102,0.82429034,0.5020527017,0.3168516574,0.448471458,0.4107791064,0.787444045,0.7388002253
312,1,1,1,1,1,0.3039951704,0.5526908208,0.6464631122,0.3320127188,0.8539385721,0.2731383339,0.1982579929,0.269333908,0.7007504614,0.3934719892,0.8239252349,0.5011655636,0.3168581631,0.4501545198,0.4096978948,0.7873875078,0.7400890181
312.5,1,1,1,1,1,0.3033508237,0.5529935613,0.647203497,0.3302427489,0.8539334007,0.2739359539,0.1977653866,0.269314047,0.7014529274,0.3934960133,0.8220603032,0.5013899197,0.3152882706,0.448948034,0.4114573427,0.7862770414,0.739206773
313,1,1,1,1,1,0.3033080114,0.5517932846,0.6456187724,0.3315750933,0.8537829332,0.2730648627,0.1983569782,0.2674827261,0.7016545668,0.3953283106,0.82262842,0.503664359,0.3178624639,0.4504092083,0.4113818228,0.7867132966,0.7394109756
313.5,1,1,1,1,1,0.3021515108,0.5509436578,0.6460396697,0.3314201384,0.8544148666,0.2706956941,0.1997009978,0.2682821213,0.7004127417,0.3940367455,0.8226285352,0.5059389306,0.3181535242,0.4497586526,0.4098434001,0.7866378697,0.7373126287
314,1,1,1,1,1,0.3021422784,0.551865575,0.6456807868,0.331771129,0.8540432122,0.2711975339,0.1995670361,0.2692552033,0.7011835872,0.3939562747,0.8226773539,0.5039717299,0.3168045345,0.4491806546,0.4093015666,0.7878198687,0.736811058
314.5,1,1,1,1,1,0.3028772772,0.5539825283,0.6441696036,0.3310102635,0.8553248778,0.2705780569,0.2005501524,0.2705894248,0.6994076502,0.3918425118,0.8226455541,0.5026238119,0.3163430793,0.4477143418,0.410221661,0.7887690231,0.7356786933
315,1,1,1,1,1,0.3026538453,0.5544655978,0.6456853824,0.3324741498,0.8556378078,0.2709364099,0.1996837157,0.2695681728,0.6988486087,0.3900671124,0.8237415427,0.5038449766,0.3156508664,0.447037262,0.4096212042,0.7885596183,0.7353756664
315.5,1,1,1,1,1,0.3029198578,0.5522499087,0.6461167145,0.3324551291,0.8562624902,0.2697858617,0.1993871286,0.2694074731,0.6981908891,0.3893694774,0.8234121777,0.5043391416,0.3172809414,0.4473525769,0.4096768871,0.7907080565,0.7338912533
316,1,1,1,1,1,0.3026336128,0.5543136664,0.647590023,0.3322767848,0.8543640293,0.2696920334,0.1982262013,0.2687034008,0.6961553681,0.387067377,0.8241424634,0.5054194621,0.3159011569,0.4486166421,0.4138524604,0.7907447604,0.7293594795
316.5,1,1,1,1,1,0.3025761229,0.5560220028,0.6474877896,0.333387874,0.8546540677,0.2709923266,0.19736244,0.2699496858,0.6976673845,0.387144557,0.8239603446,0.5044239411,0.3138979029,0.4471928697,0.4106883901,0.7892501517,0.7282158113
317,1,1,1,1,1,0.3033249163,0.5561467127,0.6486208782,0.3330035499,0.8538662107,0.2693316904,0.1981902933,0.2681121274,0.6996490496,0.3870617331,0.8228332746,0.5013558652,0.3136768828,0.4468581806,0.4108163758,0.7904422818,0.7273953686
317.5,1,1,1,1,1,0.30280509,0.5545718723,0.6477797174,0.3346362284,0.8542025257,0.2702148967,0.1973141894,0.2668742706,0.6987944812,0.3925115798,0.8249626849,0.5034308395,0.3133958621,0.4456365117,0.4138744377,0.7895456984,0.7279876536
318,1,1,1,1,1,0.303827673,0.5553691194,0.6502229741,0.3322411592,0.8537644738,0.2715275361,0.1950722482,0.268164226,0.6994767534,0.391207657,0.8241742227,0.5042094293,0.3140093407,0.4432568588,0.4135422372,0.7890317963,0.7269139503
318.5,1,1,1,1,1,0.3063353991,0.5557003996,0.646775578,0.3323842986,0.853799263,0.2722392153,0.1966619512,0.2683305728,0.6961110945,0.3886358303,0.8239079345,0.5030437644,0.3129024816,0.4441416148,0.4142372633,0.7879857038,0.7267817777
319,1,1,1,1,1,0.3052714701,0.5528147832,0.6465109455,0.332959594,0.8541326283,0.2737880637,0.1972538605,0.2682574478,0.6967274135,0.3882661548,0.8224170449,0.5037931561,0.3128624247,0.4416414026,0.4167713105,0.7897691597,0.7286743041
319.5,1,1,1,1,1,0.3038447631,0.5538917892,0.6455849426,0.3333260333,0.853657868,0.27411092,0.1959068825,0.2696001977,0.6964282055,0.389910828,0.8220790649,0.5016717612,0.3127824518,0.4402869028,0.4170745017,0.7904815223,0.7283979328
320,1,1,1,1,1,0.3007433589,0.55349755,0.6460534924,0.335771419,0.853258806,0.275084818,0.1963319769,0.2690294983,0.69880149,0.3900301489,0.8220866604,0.5033845353,0.3138321627,0.4432338752,0.4142119629,0.7910615811,0.7290977467
320.5,1,1,1,1,1,0.3021087273,0.5513340203,0.645138231,0.3357809283,0.8532715391,0.2751519784,0.1996801487,0.2703469179,0.6978801314,0.3902877373,0.8208898225,0.5036438212,0.3135218029,0.4437597989,0.4122212569,0.7921192542,0.7306422572
321,1,1,1,1,1,0.302288301,0.5513154073,0.6451735276,0.3359155854,0.8548744677,0.2758928723,0.1979247085,0.2705126265,0.6948329444,0.3903513694,0.8196832177,0.5045129231,0.312575442,0.4410257384,0.413128191,0.7941248077,0.7326958259
321.5,1,1,1,1,1,0.3049908487,0.5513480348,0.6488926921,0.334119651,0.8540340521,0.2756224499,0.1986598806,0.2700260904,0.6963158347,0.3883084033,0.8184647786,0.5019018778,0.3154939896,0.4429466091,0.4129444807,0.7929880154,0.7323173421
322,1,1,1,1,1,0.305505498,0.5539539124,0.6471642684,0.3350171892,0.852947939,0.2759663963,0.1971738858,0.2708376889,0.6997218773,0.3883738664,0.817897418,0.5043635511,0.315477159,0.4424667524,0.4122046176,0.793557589,0.7335333397
322.5,1,1,1,1,1,0.3049907485,0.5531978438,0.6470420631,0.3359642026,0.8532885093,0.2754408877,0.1970469167,0.2711260907,0.7027417096,0.3868474739,0.8178762616,0.5057246712,0.3159697935,0.4404923097,0.4093951964,0.7928220527,0.7335832867
323,1,1,1,1,1,0.3061496154,0.5554597817,0.6477636529,0.3373122562,0.8544662022,0.2735624768,0.1981593517,0.2690030429,0.7022278933,0.3868323303,0.8162259743,0.5028473292,0.316554263,0.4424791079,0.4111618698,0.7921071057,0.7330805299
323.5,1,1,1,1,1,0.3053090519,0.5541374858,0.6480413122,0.3362395469,0.8528783437,0.2740437699,0.1981495168,0.2677315486,0.7006808659,0.3880349481,0.8175882407,0.5031523113,0.3176153618,0.4446969982,0.4110239784,0.7901570123,0.7350005446
324,1,1,1,1,1,0.3027287203,0.5557551165,0.6463180778,0.338134748,0.8527017948,0.2735631933,0.1985867232,0.2688862791,0.6988112426,0.38815301,0.8176927306,0.5020636934,0.3166393078,0.4456894586,0.411100619,0.7900356316,0.7315839464
324.5,1,1,1,1,1,0.3030439174,0.5535253317,0.6486000737,0.3362631194,0.8537312819,0.2747232135,0.1968313038,0.2691344077,0.6994828977,0.3878178343,0.8174040079,0.5007360061,0.3153946614,0.4465273326,0.4111248594,0.7918748752,0.732464848
325,1,1,1,1,1,0.303830391,0.5543030837,0.6486488893,0.3344208124,0.8547960088,0.2747333016,0.1969873174,0.2693276754,0.7020316625,0.3904648974,0.8171545495,0.4994620796,0.3183397863,0.4436921535,0.4133712386,0.7904984896,0.7318017346
325.5,1,1,1,1,1,0.3034809219,0.5544022599,0.647629699,0.3325861706,0.8554711676,0.2753311806,0.1970915421,0.2691334136,0.7003205426,0.3937311326,0.8152505066,0.4997451316,0.315380564,0.4444038152,0.4094036783,0.7923170784,0.7333088371
326,1,1,1,1,1,0.3039713297,0.5554445249,0.6473686483,0.3332060906,0.8539469718,0.276577355,0.1986120785,0.2682689706,0.7016572574,0.3945297467,0.815863489,0.4988553504,0.3157735356,0.4444911036,0.4091510918,0.7918137276,0.735752227
326.5,1,1,1,1,1,0.3058870984,0.553527707,0.646049967,0.3341373304,0.8538355406,0.2759073628,0.199986613,0.2699352986,0.7014348334,0.3969737603,0.818170994,0.5023931146,0.3165148761,0.4450440873,0.4082829483,0.7921934022,0.7374801264
327,1,1,1,1,1,0.3062162546,0.5553291213,0.6464691525,0.3353312287,0.8536178297,0.275455,0.2007832351,0.2721710265,0.7006119233,0.3988521559,0.8192680512,0.5036151724,0.3169386629,0.4463585094,0.4113725287,0.7901087254,0.7387565663
327.5,1,1,1,1,1,0.3070986814,0.5547502639,0.6467422389,0.3364578849,0.8532611463,0.2752312759,0.1991995019,0.2725288093,0.7004430849,0.3975972356,0.8194626142,0.502946704,0.3165768308,0.4478733493,0.4106143089,0.7906771409,0.738089027
328,1,1,1,1,1,0.307590885,0.555305493,0.6459138579,0.3332127349,0.8537512034,0.2728320377,0.1986328151,0.2719730908,0.6990754485,0.3975014179,0.8192871392,0.5033370514,0.3169226112,0.4488908165,0.4127467827,0.7923800735,0.7395948248
328.5,1,1,1,1,1,0.306195523,0.5548680983,0.646869112,0.3335951296,0.8527772885,0.2747636466,0.1979599617,0.2711118991,0.698769313,0.4001951788,0.8195720612,0.5032602255,0.3171834366,0.4477969597,0.4103017007,0.7907348563,0.7398377171
329,1,1,1,1,1,0.3053270145,0.5556701412,0.6477445735,0.332493253,0.8515616864,0.2724263848,0.1972780499,0.270743519,0.6951025847,0.4001209218,0.8206154119,0.5018944406,0.3169632515,0.4462142059,0.4150090867,0.791318131,0.7415001121
329.5,1,1,1,1,1,0.3059360095,0.5545380733,0.6469507842,0.3320651422,0.8540253872,0.2731890049,0.198310302,0.2712095487,0.6957510799,0.4003730038,0.8229232316,0.5012550928,0.3170571998,0.4479068585,0.4137725787,0.7903325105,0.7412081659
330,1,1,1,1,1,0.3052463264,0.5545676312,0.6464599002,0.3349313193,0.8537366708,0.2732287657,0.1991794822,0.2692859233,0.6959138577,0.3994820468,0.8247177506,0.5011011723,0.3154215439,0.4474613683,0.4109666751,0.7914626819,0.7405366437
330.5,1,1,1,1,1,0.3029782777,0.5549215466,0.6480795861,0.3339071101,0.8538086448,0.2732375137,0.1987466181,0.2703764935,0.6965927905,0.3973681443,0.824962282,0.5000391231,0.3174003762,0.4492839268,0.4103010749,0.7913374728,0.7401477987
331,1,1,1,1,1,0.3045325,0.5542271832,0.6506577683,0.3360242154,0.8545033955,0.2729422927,0.1983543644,0.2705410489,0.6952549097,0.398338261,0.8256368928,0.500899901,0.3162463923,0.4493353032,0.4140796331,0.7913038524,0.7402970952
331.5,1,1,1,1,1,0.302971638,0.5567045579,0.6499049958,0.3354096451,0.8554904246,0.2733495026,0.1978038535,0.2687979293,0.6949569851,0.3973423315,0.8243648773,0.5010886107,0.3179733877,0.4473592477,0.4150654295,0.7927596119,0.7410535234
332,1,1,1,1,1,0.3024872753,0.5571479765,0.64876031,0.3338027662,0.8548569263,0.2714737709,0.1977188884,0.2681058368,0.6967961567,0.3980944681,0.8257078253,0.5030063771,0.3160198772,0.4465704811,0.414811116,0.7932564091,0.7414527618
332.5,1,1,1,1,1,0.3021902184,0.5567515551,0.6487695282,0.3331670634,0.8552970176,0.2717926856,0.1988265669,0.2662043497,0.6958437151,0.4009388059,0.8267816106,0.5023930439,0.3162379272,0.4486704067,0.4161629371,0.7919601909,0.7417220442
333,1,1,1,1,1,0.3029021696,0.557072963,0.6487196982,0.330393372,0.854439515,0.2721026124,0.1977823999,0.2686694356,0.6969224392,0.4007817816,0.8264119169,0.505068449,0.3181021909,0.447982811,0.415153201,0.7906812757,0.7396732201
333.5,1,1,1,1,1,0.3023194761,0.5536415207,0.649742336,0.3283547986,0.8546169124,0.271891317,0.1985320329,0.2679920469,0.6974452416,0.3983985241,0.8258834989,0.5059262426,0.3162748738,0.4486337587,0.4141670507,0.7916165716,0.7405161186
334,1,1,1,1,1,0.3012037973,0.5521962417,0.6472725782,0.3298748545,0.8543718373,0.2722843581,0.1986104764,0.2679312596,0.6991370268,0.396136374,0.8260525384,0.5034172487,0.3172945821,0.4468799725,0.4159496559,0.7906660147,0.7416272126
334.5,1,1,1,1,1,0.3041735054,0.5528851265,0.6483868156,0.3328225708,0.8544481169,0.2732624551,0.1982015878,0.2694327991,0.6967255843,0.3953752405,0.8249017587,0.5036382586,0.3155061548,0.4466657739,0.4131621629,0.7907562878,0.742788399
335,1,1,1,1,1,0.3024372515,0.5492762936,0.6455934692,0.3313136047,0.8542859621,0.273757582,0.1965729141,0.2684821918,0.6985486132,0.3945994082,0.8253866299,0.5041758223,0.3167581238,0.4479298666,0.4155296107,0.7907592788,0.7412198901
335.5,1,1,1,1,1,0.3058161477,0.5518421132,0.643693322,0.3318559983,0.8536010054,0.2732644344,0.1957668379,0.2695205264,0.6954063994,0.3951453665,0.8248594676,0.5041233579,0.3147518041,0.4462616464,0.4135088667,0.789380649,0.7400145941
336,1,1,1,1,1,0.3064412134,0.5521863319,0.6434899251,0.3338473266,0.8529908788,0.2749916412,0.1966007058,0.2681283046,0.696338742,0.3959363248,0.8256763371,0.502070182,0.3150675665,0.4429226445,0.4159146522,0.7906698999,0.7412993329
336.5,1,1,1,1,1,0.3066167394,0.5530708079,0.6437308465,0.3340303773,0.8531656973,0.2763093948,0.1993677229,0.2692867478,0.6953690647,0.393806602,0.828006358,0.5033289246,0.3154995137,0.444301198,0.4163741789,0.7907254097,0.7433555169
337,1,1,1,1,1,0.3050543194,0.5558731575,0.645981101,0.3323865979,0.8519827463,0.2762094227,0.19843236,0.2703524488,0.6967894279,0.3947471735,0.8276238749,0.5009835143,0.3167348417,0.4445079614,0.4161013554,0.7918450878,0.7427755303
337.5,1,1,1,1,1,0.3035401213,0.5540416457,0.6443386271,0.3303529428,0.8532832499,0.2761440387,0.1979680598,0.2709763248,0.6967342043,0.3932766674,0.8271626065,0.4997982259,0.3145037442,0.4450596762,0.4180613926,0.7923286596,0.7406245062
338,1,1,1,1,1,0.3040502752,0.5536380922,0.6452046277,0.3303634947,0.8532048016,0.279342789,0.1978932155,0.2702688619,0.6980914828,0.3938113522,0.8275393211,0.5003041797,0.3133576122,0.4477031058,0.4178438809,0.791858816,0.7392315366
338.5,1,1,1,1,1,0.3055398322,0.5537701082,0.647402171,0.3287658734,0.8537939019,0.2777036085,0.1983927432,0.2725975918,0.696053011,0.3943047831,0.8286115864,0.5021643137,0.3141246109,0.4495793399,0.4185761021,0.792034499,0.7397725948
339,1,1,1,1,1,0.3043035554,0.5522271926,0.6471304737,0.3309040848,0.8548510499,0.2785784884,0.1972689497,0.2726178431,0.6953688217,0.3938796183,0.8280796481,0.5049380716,0.3132728671,0.4495806942,0.4207111275,0.7921077195,0.7399989028
339.5,1,1,1,1,1,0.3053457171,0.5505656793,0.6452213341,0.3304135989,0.8554197266,0.2784074103,0.196601287,0.2726622615,0.6940543285,0.3957333645,0.8278144641,0.5032416574,0.3149517261,0.4494341709,0.4219360059,0.7915928455,0.7370499142
340,1,1,1,1,1,0.305232606,0.5536304062,0.6471197753,0.3297225693,0.8558282595,0.2788645545,0.1985943818,0.2736584238,0.6938292646,0.3975109464,0.8282554862,0.5052706882,0.3153656692,0.4461840405,0.4244496167,0.7894482484,0.7347009728
340.5,1,1,1,1,1,0.3050043826,0.554864654,0.6479668587,0.3319293449,0.8555378748,0.2769441399,0.1987248694,0.2740336613,0.6941783958,0.3988032951,0.8280197964,0.504642429,0.3157925379,0.4447774704,0.4215981816,0.7863207063,0.7345576129
341,1,1,1,1,1,0.3033527878,0.5556236829,0.6470763201,0.3329687124,0.854386132,0.2760690224,0.1988023251,0.273598923,0.6957741681,0.3962811852,0.8296721983,0.5066011162,0.3163602601,0.4455141401,0.4229436616,0.7854992321,0.7355379559
341.5,1,1,1,1,1,0.3037512318,0.5545858272,0.6463733882,0.335116994,0.8546584656,0.2760145539,0.1989802782,0.2737557106,0.697992268,0.3998547909,0.82928827,0.5064077275,0.3179855311,0.446077025,0.4224933286,0.7844029412,0.7378991774
342,1,1,1,1,1,0.3024469905,0.5557931647,0.6446537412,0.3321268162,0.8543629345,0.2766480243,0.1986403522,0.2740400172,0.6992684308,0.3996967773,0.830590982,0.5052654347,0.3158860347,0.4440308806,0.4234255369,0.7845756429,0.7392513937
342.5,1,1,1,1,1,0.3011844626,0.5564867625,0.6462077339,0.3333495396,0.8549060098,0.2750460649,0.1978212659,0.2722531543,0.7002768344,0.399660455,0.8312835505,0.5028001507,0.3133643947,0.4420892954,0.4229761397,0.7850306988,0.7388714637
343,1,1,1,1,1,0.3017186713,0.5569805339,0.6451295886,0.3342546711,0.8558239115,0.2752400038,0.1972433669,0.2699891476,0.6994091623,0.3982161751,0.8307162832,0.5047413788,0.3140101762,0.4415922921,0.4202745129,0.7849498263,0.7375275854
343.5,1,1,1,1,1,0.3001245013,0.5543502487,0.6460475854,0.3358124644,0.855006152,0.2736913613,0.196097541,0.2706574177,0.6987771062,0.3990995285,0.8308010225,0.5037941327,0.3149317448,0.4448295642,0.4196670786,0.7856731657,0.735314968
344,1,1,1,1,1,0.2990882012,0.5514783939,0.6463199604,0.336483118,0.8552195554,0.2741638602,0.1977110288,0.2700821513,0.7001641946,0.399577411,0.8314435344,0.502082562,0.3137703746,0.4424041667,0.4157349224,0.7870986364,0.7377692736
344.5,1,1,1,1,1,0.3008812671,0.5534050164,0.6477404478,0.3353698717,0.8558688628,0.2751791312,0.1973164203,0.2712544129,0.6980949594,0.4023862955,0.831790585,0.5024865634,0.3131224066,0.4434478338,0.4138410071,0.7875987704,0.7366286571
345,1,1,1,1,1,0.3020174571,0.554188703,0.6485332636,0.3341756279,0.8555206771,0.2718542297,0.1968638601,0.2698908146,0.7015301416,0.400053213,0.831617947,0.4994640955,0.3140756882,0.4437243685,0.4156844324,0.7865240505,0.7350423757
345.5,1,1,1,1,1,0.3038779315,0.5538191751,0.6471299904,0.3347128818,0.8553360777,0.2711049528,0.1965396122,0.270406012,0.7021279717,0.3992424611,0.8289594838,0.4993587806,0.3122006118,0.443239559,0.4136099231,0.787558432,0.7359946719
346,1,1,1,1,1,0.304488414,0.5516114649,0.6489844222,0.3346669629,0.855083208,0.2742793627,0.1983523359,0.269222822,0.7014692546,0.3995240495,0.8287317889,0.4994306541,0.3138878759,0.4417175504,0.4124419656,0.7870732641,0.7372996946
346.5,1,1,1,1,1,0.3046351289,0.5522778715,0.6464925697,0.3351348404,0.8552170702,0.2724198274,0.1976258283,0.269971028,0.7006012428,0.3988451237,0.8287231939,0.498833276,0.3160343109,0.4434575342,0.4097873242,0.787044678,0.7383745854
347,1,1,1,1,1,0.3056244625,0.5500201081,0.6482079552,0.3354391854,0.8542612322,0.2740051452,0.1975384878,0.2709968248,0.7023088761,0.3986283095,0.8289049135,0.4985080858,0.3151983446,0.4449255769,0.4079009409,0.7864767237,0.737475446
347.5,1,1,1,1,1,0.3051072316,0.5512125026,0.6474700924,0.3373248846,0.8547281567,0.2753407192,0.1961786916,0.2732944375,0.7023750424,0.3992963849,0.8274087746,0.501735336,0.3149115499,0.4451917696,0.4073678442,0.7884785193,0.738119666
348,1,1,1,1,1,0.3084262965,0.5499678986,0.6468253548,0.3343295148,0.8545904389,0.2759136429,0.197741668,0.2721675274,0.7001437267,0.3984815481,0.8275852208,0.5023489602,0.3153820296,0.4449059757,0.407683904,0.7876752199,0.7372282517
348.5,1,1,1,1,1,0.3063595169,0.5533545796,0.648139457,0.3342389606,0.8538764525,0.2760945293,0.1992300839,0.2736929336,0.7031798634,0.3981208904,0.8262640911,0.5024443883,0.3159340342,0.4450430727,0.4084743147,0.7886747873,0.7382811979
349,1,1,1,1,1,0.3062675334,0.5513816004,0.6486345865,0.3336793394,0.8536686552,0.2765955665,0.1988489448,0.2735551783,0.7035480236,0.3980491824,0.8281176013,0.5023354037,0.3157419926,0.445683099,0.4085830885,0.7904006716,0.7378535824
349.5,1,1,1,1,1,0.305460052,0.5516275498,0.6487622774,0.3317911759,0.8546724504,0.2750955711,0.2002482305,0.2739116208,0.7047741193,0.3975669125,0.8278554988,0.5026476507,0.3170817385,0.4439563084,0.4072299744,0.792490564,0.7362473609
350,1,1,1,1,1,0.3044698541,0.5518531882,0.6463071868,0.3284132261,0.8543159827,0.2761401963,0.1991305726,0.2740891422,0.7045054053,0.4013461476,0.8291765406,0.5017367316,0.3176877373,0.4444279133,0.4106386418,0.7917847713,0.7341548683
350.5,1,1,1,1,1,0.3053845801,0.5504168722,0.6472761237,0.3295027527,0.8546234867,0.2760248372,0.1992550773,0.2735093855,0.7061348805,0.4010952612,0.8273533158,0.5025872734,0.3166553221,0.4454540305,0.4105610965,0.7915500092,0.7335304126
351,1,1,1,1,1,0.3049283363,0.5511202322,0.6458279627,0.3280045501,0.8543433742,0.2767278483,0.1988666162,0.2720805179,0.706531671,0.4007621681,0.8264089738,0.5051057788,0.3164265962,0.4443706708,0.4096543258,0.7925014277,0.7336294913
351.5,1,1,1,1,1,0.3071678315,0.5527368944,0.646785519,0.3271141393,0.8545943272,0.2757582253,0.1994706481,0.2720979419,0.7068139728,0.398483891,0.8273004778,0.5028263909,0.3163138548,0.4438108784,0.4093663152,0.7901138569,0.7310076709
352,1,1,1,1,1,0.3067901833,0.5515286714,0.6485655853,0.3282906884,0.8546568019,0.272710341,0.1999008353,0.274409881,0.7060898682,0.3995575846,0.8265593074,0.5014078765,0.3148059855,0.4420497875,0.4078668643,0.7889128745,0.7325142253
352.5,1,1,1,1,1,0.3063734515,0.5531108233,0.6479530953,0.3299862607,0.8547347871,0.2723103672,0.1984598438,0.2745848756,0.7056357772,0.4003720307,0.8269589202,0.5013080167,0.3133396739,0.441215535,0.4079512556,0.7900412396,0.733112693
353,1,1,1,1,1,0.3047472614,0.5550137688,0.6500498844,0.3300260307,0.8542724511,0.2719024697,0.1987689115,0.2728650214,0.7051635999,0.399312515,0.825228499,0.4984448675,0.31453162,0.4424057095,0.4088201621,0.7894793411,0.7363542454
353.5,1,1,1,1,1,0.3036395727,0.5540530781,0.6486326369,0.3303572965,0.8531111897,0.2716967176,0.1989234886,0.2725214345,0.7046403268,0.401592572,0.8260479278,0.5031440393,0.3148963603,0.443134895,0.4088615742,0.789642641,0.7351063986
354,1,1,1,1,1,0.3041434885,0.5556036695,0.6475866527,0.3303846412,0.8538737657,0.2711377504,0.1978228767,0.2726310284,0.7051051596,0.4010521578,0.8281269464,0.5044991617,0.3149738816,0.4444894802,0.4110659606,0.7886789402,0.7341576364
354.5,1,1,1,1,1,0.3027607474,0.5557186418,0.6487552805,0.330880095,0.8550848772,0.2692760176,0.198240897,0.2729331967,0.7062790891,0.4009686704,0.8283578858,0.5038091601,0.3167450074,0.448072873,0.4150580364,0.7890012378,0.7348594338
355,1,1,1,1,1,0.3014274062,0.5571119753,0.6487066266,0.3297415481,0.8549300166,0.2730648235,0.1976010467,0.2717491153,0.7054551105,0.400169574,0.8277220197,0.5007310344,0.3170032018,0.4472725988,0.413413731,0.7905081746,0.7339891693
355.5,1,1,1,1,1,0.3012046562,0.5553651207,0.6482348573,0.3302040004,0.8558436115,0.2737811547,0.1963865392,0.2725641566,0.7043802011,0.3987770246,0.8276098191,0.5022346776,0.3163289378,0.4481729828,0.4149958911,0.7907663871,0.7335218858
356,1,1,1,1,1,0.3012608959,0.5559511354,0.6470671288,0.3289930088,0.854834859,0.2732987362,0.1963180785,0.2709728658,0.7039409418,0.3973688108,0.8271938432,0.5006371372,0.3150998781,0.4477838758,0.4145428039,0.7906514812,0.7344976232
356.5,1,1,1,1,1,0.3016010143,0.5551877289,0.646067896,0.3304693442,0.8536607134,0.2739408901,0.1960690339,0.2688620906,0.7030849805,0.3969112271,0.8252148816,0.500614035,0.3143990415,0.4469612359,0.4148024851,0.7908407275,0.7353465533
357,1,1,1,1,1,0.3010884819,0.5556059272,0.648301893,0.3329981725,0.8532970411,0.2756803962,0.1960587425,0.2688932409,0.7030639786,0.3953711022,0.8267218123,0.5008362907,0.3155657072,0.4483612339,0.4179829805,0.7902428513,0.7370075118
357.5,1,1,1,1,1,0.3037695497,0.5543830005,0.6492857957,0.3307622671,0.8546007849,0.2744064061,0.1963924638,0.2697871357,0.7031116346,0.3959349016,0.8268409849,0.4990091005,0.3156439487,0.4473325437,0.4198967959,0.7909509692,0.7367745755
358,1,1,1,1,1,0.3065562372,0.5556107904,0.6493562736,0.3310398138,0.8552149502,0.2733139071,0.19608017,0.2724502731,0.7048113927,0.3981655153,0.8274081087,0.5000124262,0.3175491374,0.4468269494,0.4174892364,0.788631064,0.7373523149
358.5,1,1,1,1,1,0.304512503,0.5551103494,0.6478598332,0.3313777877,0.855345163,0.2733553848,0.1964392985,0.2733491394,0.7050701273,0.3986308547,0.8257387134,0.4980327613,0.3155289278,0.4472749018,0.4167700429,0.7863874564,0.7383953508
359,1,1,1,1,1,0.3026978308,0.5547719205,0.6459107099,0.3315614885,0.8557131785,0.2731449699,0.1966981756,0.272361059,0.7032803328,0.3996461556,0.8263978661,0.498917864,0.3132971818,0.4440033688,0.4150424983,0.7853814211,0.7406902217
359.5,1,1,1,1,1,0.3021204914,0.5536651287,0.6481052276,0.3321924811,0.8573506786,0.2730800012,0.1951872246,0.2733462616,0.7018362424,0.3983311758,0.8261880895,0.5036130275,0.3131971166,0.4447243943,0.4147342505,0.7874280101,0.7427820383
360,1,1,1,1,1,0.3019301633,0.5534193639,0.6476880707,0.3310502048,0.856860475,0.2725010516,0.1975858447,0.2722352268,0.7038396346,0.3977434846,0.8282461929,0.501377934,0.3148984003,0.4424861158,0.4145597827,0.7886909243,0.741185268
360.5,1,1,1,1,1,0.301969696,0.5551174194,0.6452900821,0.3314296829,0.8569080703,0.2715586975,0.1988463196,0.2703184206,0.7028455997,0.3987445445,0.8299863978,0.5001993557,0.3120159255,0.4415958983,0.4159179168,0.7897528572,0.7416800842
361,1,1,1,1,1,0.3002387685,0.5536144986,0.6458056571,0.3311524891,0.8570416839,0.2713741944,0.1978571827,0.2684188584,0.701373081,0.3991405029,0.8300857345,0.5018908938,0.3127062893,0.4411655248,0.4165127352,0.7895435977,0.7423535114
361.5,1,1,1,1,1,0.3017483655,0.5541889685,0.6470080953,0.3309019988,0.8579404007,0.2716819301,0.1982934058,0.2665067707,0.7005869921,0.3986426094,0.8301901468,0.5027412888,0.3148348172,0.440451943,0.417628811,0.7897909928,0.7444166631
362,1,1,1,1,1,0.3014985589,0.5543056794,0.6477402783,0.3333631286,0.8556482451,0.2733221046,0.1987247753,0.2692399173,0.7001422688,0.3963307018,0.8307036009,0.5025518843,0.3158073695,0.4421214547,0.4179974982,0.787747389,0.7446020558
362.5,1,1,1,1,1,0.3034289163,0.5519698183,0.6469203797,0.3302236813,0.8553863371,0.2747588807,0.1997617137,0.2673513687,0.7038437602,0.3975287062,0.830511948,0.5055618435,0.3161281916,0.4407546902,0.4186439108,0.7886164398,0.7437040266
363,1,1,1,1,1,0.3022940906,0.5524755989,0.6451002069,0.3288949584,0.8549962535,0.2766751111,0.1980262124,0.268713235,0.7026164723,0.4004541391,0.8297585919,0.5030376238,0.3164873969,0.441754733,0.4179247646,0.7888003243,0.7418804343
363.5,1,1,1,1,1,0.3031622151,0.5525067214,0.6450722464,0.32798933,0.8554819233,0.2774166472,0.1985178092,0.2694648991,0.7022286488,0.3993872026,0.8295961372,0.5018128601,0.316562804,0.4401321144,0.415716922,0.7887595267,0.7434700637
364,1,1,1,1,1,0.3038233747,0.5529975868,0.6466119434,0.3288795044,0.8553410954,0.2760300612,0.1981379572,0.2724440198,0.7010358744,0.4006394428,0.8289496453,0.5024232112,0.3178670615,0.4434697143,0.4136509908,0.788900127,0.7422247214
364.5,1,1,1,1,1,0.3030965716,0.5527147144,0.6485872566,0.329916437,0.8557124931,0.2753610302,0.1980684846,0.2720633069,0.7007401313,0.4013566704,0.8284552527,0.503598751,0.3181651541,0.44345695,0.4135199108,0.7885066517,0.7421534532
365,1,1,1,1,1,0.3025275476,0.5519899305,0.6477628173,0.3285223335,0.8558101623,0.27422428,0.1988458152,0.2738109559,0.7001467321,0.3995719434,0.8281709953,0.5011893918,0.3156547618,0.4454320241,0.4117094043,0.7870472343,0.7414962949
365.5,1,1,1,1,1,0.3035540538,0.5515705825,0.6469447652,0.3304933625,0.8553922967,0.2736765372,0.1985449106,0.2746065644,0.701385512,0.4006255099,0.8283375461,0.502428455,0.3125503529,0.4426581176,0.4133695112,0.7871256465,0.7405094359
366,1,1,1,1,1,0.3019009408,0.5568990413,0.646200061,0.3308731953,0.8563124042,0.271572373,0.1982788805,0.2745370299,0.7043469618,0.4001054524,0.8267700978,0.5003712938,0.3130333575,0.4458663569,0.4156794536,0.7861444741,0.7414829241
366.5,1,1,1,1,1,0.3029004568,0.5551590754,0.6488815488,0.3308555132,0.8561179036,0.2699109805,0.1976024998,0.2747724517,0.7018759635,0.399662907,0.8266247187,0.5011750529,0.3140317219,0.4454056361,0.4165309174,0.7879945096,0.7391463835
367,1,1,1,1,1,0.3033478272,0.5515801066,0.6459341669,0.3298708285,0.8545857479,0.2695550799,0.1966079617,0.2717762151,0.7031076344,0.4002334931,0.8253746318,0.5020986655,0.316002333,0.4454737047,0.4148351405,0.7880953106,0.7399965131
367.5,1,1,1,1,1,0.3024572194,0.5530526475,0.6469277543,0.3297653713,0.8539168092,0.2703963683,0.1965415995,0.2692552876,0.7037534731,0.3992888524,0.8257839456,0.503243768,0.3142131564,0.4452854075,0.4137749265,0.7879444787,0.7391851423
368,1,1,1,1,1,0.3020558197,0.552576938,0.6461975713,0.3296021231,0.8538850679,0.2702168513,0.1977277243,0.2687782791,0.7033654349,0.4026275539,0.8259206211,0.5017959306,0.3116793002,0.4430237121,0.4140568271,0.788057256,0.7363316587
368.5,1,1,1,1,1,0.3005977042,0.5511162375,0.6456416008,0.3296170538,0.8538729775,0.2704552853,0.1979170928,0.2675793563,0.7035333387,0.4028435544,0.8260410683,0.5017150551,0.312548855,0.4442734424,0.4141614417,0.7865592084,0.7389050422
369,1,1,1,1,1,0.3024397767,0.552205646,0.6479908748,0.3292286457,0.8550961978,0.2710075216,0.2004368203,0.2684524346,0.6998360471,0.4037535327,0.8246899571,0.502728438,0.3149398729,0.4447755012,0.4139254826,0.787696065,0.7382332578
369.5,1,1,1,1,1,0.3032971362,0.5529530537,0.6475122863,0.3286846803,0.8553483081,0.2705717344,0.1998769852,0.2691018268,0.7000217058,0.4039494111,0.8255143013,0.5022544968,0.3151918643,0.4441850423,0.4138915769,0.789499236,0.7402562898
370,1,1,1,1,1,0.3030524333,0.552019079,0.6491181118,0.3332447912,0.8541111111,0.2694559509,0.2013212216,0.268042197,0.6979491609,0.4043911149,0.8267544993,0.5044871519,0.3162998635,0.4440537055,0.4118197835,0.7925503695,0.7392732436
370.5,1,1,1,1,1,0.3022084,0.5555130961,0.6477652758,0.3349132727,0.854111923,0.2705654848,0.200656653,0.2689212932,0.6967008429,0.4027864255,0.8254286057,0.5053405665,0.316588126,0.4417613576,0.4107820513,0.7925792296,0.7403943242
371,1,1,1,1,1,0.3038545382,0.5566940954,0.6471948676,0.3328007831,0.8549696989,0.2729576774,0.198899209,0.2692288821,0.6938064999,0.4007286672,0.8251394897,0.5032566686,0.3156060931,0.4414104778,0.4117412466,0.7914951767,0.738536327
371.5,1,1,1,1,1,0.3034492067,0.5548548358,0.6473615131,0.3322048188,0.8550707567,0.2733683394,0.197859637,0.2693600513,0.6948368493,0.4021893595,0.824111347,0.5018850936,0.3141748431,0.4424211279,0.4111230524,0.7921534118,0.738445077
372,1,1,1,1,1,0.3031192232,0.5570884846,0.6490240904,0.3352666258,0.8554155193,0.2732511155,0.1991758368,0.2715393632,0.6954833449,0.4019720429,0.82552363,0.503409396,0.3151826342,0.4448053054,0.4121659725,0.7914579888,0.737835213
372.5,1,1,1,1,1,0.301895392,0.5579392,0.6484003401,0.3346367441,0.8558211081,0.2729432583,0.199226736,0.2720368077,0.6976501257,0.4026466027,0.8234507305,0.5017542201,0.3145765263,0.4429980989,0.4118762473,0.7917001652,0.7376024316
373,1,1,1,1,1,0.3034047246,0.555840218,0.6472949031,0.3355515749,0.8558154839,0.272213279,0.198765788,0.2722927977,0.7000131571,0.4019749795,0.8211290099,0.5040107702,0.3138160415,0.4468406708,0.4130598948,0.790678715,0.7378749803
373.5,1,1,1,1,1,0.3043161193,0.5530530586,0.6444925537,0.3337400995,0.8558662143,0.273462131,0.1978376143,0.272892104,0.7006819653,0.399232177,0.8215126846,0.5043763156,0.3145062805,0.4447131288,0.4136535421,0.7894066493,0.738183117
374,1,1,1,1,1,0.3047182136,0.5533500103,0.644469943,0.3326604079,0.8545673914,0.2750928493,0.1970354066,0.2730609021,0.700733973,0.4003689101,0.8225248619,0.5037921521,0.3134938095,0.4450706401,0.4130076864,0.7888239576,0.7397525169
374.5,1,1,1,1,1,0.3078393953,0.5539356565,0.6448604282,0.3327141572,0.8541262949,0.274624328,0.1975251346,0.2732048942,0.6982877583,0.4000186318,0.8222615965,0.505840086,0.3141426815,0.4442635703,0.4128603293,0.7895082978,0.7398733473
375,1,1,1,1,1,0.3086582517,0.5529727,0.6468183749,0.3338256272,0.8527279503,0.2745935135,0.1955200759,0.2725304973,0.6965181895,0.401683493,0.822132721,0.5037322205,0.3139131781,0.4431496408,0.4097857914,0.7914450722,0.7410952753
375.5,1,1,1,1,1,0.3072961627,0.5527502808,0.6458381956,0.3343800328,0.8517302344,0.2739869971,0.1970844877,0.2705470672,0.6949163083,0.4010404415,0.8225642957,0.5015985288,0.3142078262,0.4398240573,0.410426349,0.7906556236,0.7412649402
376,1,1,1,1,1,0.30511005,0.5525359371,0.6474902526,0.3303159218,0.8540710213,0.2756646092,0.1964087736,0.2690088007,0.6943861946,0.3986597543,0.8215305741,0.5007534956,0.3143951842,0.443887607,0.4072024385,0.7899464104,0.7446622203
376.5,1,1,1,1,1,0.303597673,0.5549930125,0.646619526,0.3304136516,0.854043303,0.2755164258,0.1965265173,0.2671722951,0.6927123138,0.399095161,0.821798344,0.5010830563,0.3153918926,0.4443951609,0.4073987399,0.7888943104,0.7453152864
377,1,1,1,1,1,0.3028151855,0.5548965777,0.6474623552,0.3303712633,0.8523941806,0.2762928854,0.1989639873,0.2685636421,0.6933606622,0.3975776208,0.821395242,0.504269601,0.3144317481,0.4442627588,0.4075057983,0.7893962183,0.7468347957
377.5,1,1,1,1,1,0.3017124523,0.5526187947,0.6454282369,0.3321278157,0.8518084335,0.274616169,0.1976362226,0.2691228761,0.6947713138,0.3971603931,0.8222526283,0.5056372907,0.3123754867,0.4427854351,0.4086436988,0.7901095626,0.7481523856
378,1,1,1,1,1,0.3024343868,0.5554941632,0.6460183858,0.3332752905,0.8524448789,0.2752997146,0.1979743431,0.2704091897,0.6966858404,0.3928811056,0.8217799564,0.505977068,0.3124228595,0.4431259405,0.4077424209,0.7890240721,0.750136495
378.5,1,1,1,1,1,0.3030893729,0.5550790206,0.6466768219,0.3303605369,0.8512001257,0.2751468123,0.1994072701,0.2711376395,0.6969934153,0.393142064,0.8229698566,0.5036460059,0.3134819568,0.4436616863,0.4078983507,0.7887519054,0.7493395197
379,1,1,1,1,1,0.3041966967,0.5539148337,0.6492374437,0.3291677485,0.8528827802,0.2738827696,0.1991640953,0.2712767683,0.6984221693,0.3935827509,0.8213997022,0.5021201006,0.3156917963,0.4408012431,0.4086690872,0.7894023305,0.7479097969
379.5,1,1,1,1,1,0.3025868648,0.5535433515,0.6465312122,0.3291237982,0.8529497701,0.2741503287,0.1987304626,0.2729615763,0.6995152047,0.3963471141,0.8225816353,0.5025576154,0.3149297168,0.4426349494,0.4085460851,0.7896704657,0.7463095804
380,1,1,1,1,1,0.3035578954,0.5528963948,0.6454362835,0.325208684,0.8526404861,0.2727801892,0.1990756848,0.2705232554,0.6992366784,0.3958694703,0.8229085801,0.5000619426,0.3141063596,0.4417605351,0.4068554245,0.790327731,0.7465556936
380.5,1,1,1,1,1,0.3010785721,0.5530636157,0.64642749,0.3261645088,0.8537677716,0.2713079106,0.1970967151,0.2711703945,0.6989836834,0.396837043,0.8226998237,0.5016906832,0.3143430581,0.4430901374,0.4061990512,0.7895403212,0.7473121693
381,1,1,1,1,1,0.3024553917,0.5522512232,0.6462511265,0.3295718261,0.8546287292,0.271041508,0.1954937708,0.2712444014,0.7006576866,0.3971078274,0.8247437596,0.4985402516,0.3137098494,0.4413441436,0.4059528733,0.7910795558,0.7471896865
381.5,1,1,1,1,1,0.3027315129,0.5532354885,0.6469356048,0.3294942806,0.8546293191,0.269382541,0.1955520656,0.2695926234,0.7010323573,0.3947244343,0.8226692747,0.5034286329,0.3147419705,0.4429199046,0.4072595339,0.7914461802,0.7466067774
382,1,1,1,1,1,0.3016215589,0.5523888876,0.6457127366,0.3303536201,0.8557191129,0.2714084536,0.1948981787,0.2716857119,0.700981451,0.3952594754,0.8241451148,0.5035450949,0.31669067,0.4459990773,0.4074465045,0.791350599,0.7468013424
382.5,1,1,1,1,1,0.3027425685,0.5529502184,0.6473009758,0.3310247971,0.8558350124,0.2723399096,0.1934601513,0.2715873178,0.7006634569,0.398281533,0.8243953204,0.5032657389,0.3160778808,0.4459561483,0.4092671871,0.7920076798,0.7464157981
383,1,1,1,1,1,0.3041220175,0.5521190429,0.646842,0.3298281567,0.8556815951,0.2721105451,0.1933052943,0.2708979021,0.7015717062,0.4000228303,0.8237122767,0.503169552,0.3152160229,0.4440965829,0.4068294488,0.7925385328,0.7468989617
383.5,1,1,1,1,1,0.3047127735,0.5521383174,0.6473564949,0.3310298874,0.8563186412,0.2735918836,0.1954465511,0.2697570516,0.6990866594,0.4039951629,0.8246398403,0.5039898821,0.3158419294,0.4467604688,0.4080881165,0.7931531467,0.7450529324
384,1,1,1,1,1,0.303526567,0.5544275826,0.6475763881,0.3303340784,0.8539004248,0.271817018,0.1956331146,0.2679779938,0.700128629,0.40404468,0.8235482062,0.5048062981,0.3152991911,0.4469219663,0.4053399507,0.7910136076,0.7432339956
384.5,1,1,1,1,1,0.3031871257,0.5560049447,0.6478083695,0.3294471199,0.853709561,0.2703217176,0.1962310065,0.2685420912,0.7014962182,0.4042647554,0.8238921466,0.5037138917,0.314450971,0.4442734942,0.4068654565,0.789899618,0.743479512
385,1,1,1,1,1,0.3023592386,0.5574836279,0.646614834,0.3294829383,0.8551012184,0.2702272171,0.1959037863,0.2672044759,0.7001382039,0.4045875501,0.8242145111,0.5020040218,0.3165740575,0.4469429812,0.4094495135,0.7901658944,0.7433897984
385.5,1,1,1,1,1,0.3019215298,0.5565218227,0.6464443149,0.3327253368,0.8559838929,0.2723526575,0.1970257909,0.2690194189,0.700322389,0.4042188649,0.8253119311,0.5016654075,0.3165848883,0.4464344356,0.4086840423,0.7887563013,0.7408807605
386,1,1,1,1,1,0.302450317,0.5552520543,0.6446547558,0.3326355018,0.8565235765,0.2731309945,0.1954141761,0.2678601,0.700411544,0.400356615,0.8242247125,0.5008233399,0.314136446,0.4450961843,0.4101125954,0.789251167,0.7403530946
386.5,1,1,1,1,1,0.3008189443,0.5533328305,0.6460546534,0.3308588105,0.8567761946,0.2728785615,0.1970595493,0.269083388,0.6995422008,0.4002321396,0.8235601037,0.5017429991,0.3154198772,0.4432334814,0.4070418581,0.7915702546,0.7390807992
387,1,1,1,1,1,0.3006609466,0.5521758563,0.6424646418,0.3321623376,0.8558869554,0.2736494644,0.1979638546,0.2692212999,0.6977751156,0.3985262508,0.8234781628,0.4996739489,0.3171663661,0.4452139084,0.4074957787,0.7921979327,0.7372641164
387.5,1,1,1,1,1,0.3023236294,0.5508094949,0.6424011369,0.331537608,0.8558455508,0.2722160823,0.1972734655,0.2690134226,0.7007883318,0.3973297583,0.8235813218,0.5003342368,0.3156488906,0.4456075095,0.4106009591,0.7905166756,0.736762499
388,1,1,1,1,1,0.3022000841,0.5532731071,0.6441606298,0.3296778089,0.8539384027,0.2707922617,0.196095832,0.2688940878,0.7009661441,0.3961852513,0.824952419,0.5009554883,0.314848573,0.4413515223,0.4094112772,0.7898891337,0.7352034187
388.5,1,1,1,1,1,0.3029766504,0.5539767078,0.6453249498,0.3320166342,0.8532515414,0.2737543911,0.1968732133,0.2686702689,0.7025950741,0.3969267628,0.8245577038,0.5028674771,0.3139995978,0.4409874749,0.4094977821,0.7900453457,0.7353174719
389,1,1,1,1,1,0.3019610032,0.5530970426,0.6470770496,0.3307817482,0.8539203859,0.2730621371,0.1976144628,0.2666424303,0.6998997671,0.3999232869,0.8249362635,0.5052042258,0.3133632391,0.4408666685,0.4143288377,0.7901127828,0.7358964563
389.5,1,1,1,1,1,0.3032207278,0.5514518538,0.646520133,0.3327002744,0.8544415011,0.2699744551,0.1960282778,0.2671789697,0.700876368,0.3999235969,0.8233251073,0.502735064,0.3150696275,0.4413298233,0.4174358348,0.7887932279,0.7356827245
390,1,1,1,1,1,0.3038907337,0.5508979853,0.6460919631,0.334588762,0.8533716266,0.2695663713,0.1965767976,0.2660870866,0.6994022546,0.3968086462,0.8231468145,0.5019512536,0.314165852,0.43955361,0.4180491233,0.7874282102,0.7363705872
390.5,1,1,1,1,1,0.3042371415,0.5497738287,0.6457792112,0.3346412479,0.8542777406,0.2697150473,0.1958975232,0.265983122,0.6974982704,0.3977114544,0.8229777813,0.5006747622,0.312597439,0.4436755316,0.417970491,0.789566122,0.7413347348
391,1,1,1,1,1,0.3042807517,0.5530819463,0.6480986302,0.3340650303,0.8543020097,0.2718421605,0.1943238665,0.2673657619,0.6964097731,0.397314597,0.8245577373,0.5005541209,0.3135027105,0.4430480635,0.4175245905,0.78788991,0.7392953741
391.5,1,1,1,1,1,0.3070326583,0.5532875722,0.6460901286,0.3342893096,0.8540208573,0.2715293806,0.1940520377,0.2683569458,0.6968428868,0.3950516257,0.8248263882,0.5021723463,0.3131112618,0.4424709643,0.4197371302,0.7868894153,0.7395732145
392,1,1,1,1,1,0.3067295881,0.5542293459,0.6453215044,0.3343480156,0.8530899003,0.2721119019,0.1960092177,0.2703514869,0.6995829505,0.3957389209,0.8243935369,0.5031804101,0.3118719668,0.4437100717,0.4161488044,0.7873370785,0.7418929725
392.5,1,1,1,1,1,0.3038598779,0.5553525044,0.6446212826,0.334071108,0.8525990747,0.2721800899,0.1958092451,0.2697043244,0.7022934399,0.3971949916,0.8262388188,0.5040950611,0.3130357311,0.4439851899,0.4142905705,0.7862041572,0.7424332284
393,1,1,1,1,1,0.303205165,0.5551290659,0.6418006642,0.3328987705,0.8520454637,0.2734264761,0.1972901233,0.2713494456,0.7021578096,0.3945541573,0.8271758788,0.5028111769,0.3140304018,0.443536568,0.4148170839,0.7881731929,0.7391352279
393.5,1,1,1,1,1,0.3008211592,0.5529913383,0.644319159,0.3311818597,0.8528033248,0.2748179797,0.1989505244,0.2728688295,0.7012114842,0.3954280068,0.8288196924,0.5042982454,0.315494722,0.4440608589,0.4138907187,0.7873663865,0.7400532611
394,1,1,1,1,1,0.3027218222,0.5544815253,0.6461852351,0.332750513,0.8528985076,0.2740141438,0.1980074358,0.2724018067,0.7006345985,0.3945248909,0.8266122134,0.5022537628,0.3146811503,0.4445465955,0.4151792962,0.786602663,0.7403842484
394.5,1,1,1,1,1,0.3031375675,0.5561645441,0.6479268941,0.332222298,0.8537137336,0.2752298359,0.1985228822,0.2734131247,0.6990601272,0.3944425204,0.8256395942,0.4994317362,0.3129151823,0.4441145316,0.4115442706,0.7876817603,0.7396653373
395,1,1,1,1,1,0.3034330902,0.5562522458,0.6467818084,0.3301919077,0.853781133,0.2741285911,0.1984485134,0.2764153707,0.6986384758,0.3971916468,0.8260990918,0.5010804982,0.3143898236,0.4462535831,0.4118549814,0.7885456547,0.7369293106
395.5,1,1,1,1,1,0.3031117459,0.5553837301,0.6466250263,0.3323659725,0.8530755329,0.2728033796,0.1995035168,0.2743702127,0.7005679563,0.3947617721,0.8221570914,0.502006204,0.3190429207,0.4469695362,0.4178717363,0.7888836804,0.7366509052
396,1,1,1,1,1,0.3027934566,0.555680814,0.6468978289,0.3323174387,0.8549775985,0.2720029489,0.1984618181,0.2761386908,0.6986437777,0.3978526278,0.8205916197,0.503890336,0.3157160682,0.4454785376,0.4152674461,0.7893960477,0.7383386663
396.5,1,1,1,1,1,0.3036690689,0.5536993694,0.64572918,0.3337686999,0.8541240813,0.2708966508,0.1981584276,0.2747128618,0.699987224,0.3984055886,0.8233391113,0.5033688657,0.3146055577,0.444721549,0.4167099178,0.7901394658,0.7370431386
397,1,1,1,1,1,0.3028686878,0.5535218622,0.6483885503,0.3365929458,0.8531561812,0.273309811,0.1971803227,0.2743728179,0.7006969829,0.3986258936,0.8247816884,0.5009716499,0.3153086055,0.446895575,0.4152200798,0.7908516698,0.7374806567
397.5,1,1,1,1,1,0.3044515053,0.554977412,0.645188031,0.3382131251,0.8543094363,0.2749228276,0.1988811861,0.2740773342,0.7032848713,0.3977776036,0.8243500066,0.5033892521,0.3157797116,0.4441409618,0.4168912901,0.7894746576,0.7382548414
398,1,1,1,1,1,0.3051653778,0.5527289882,0.6478249777,0.3358266926,0.8541522393,0.2757552012,0.1974164107,0.2726460538,0.7013787431,0.3957143355,0.8262945339,0.5040616735,0.3169963837,0.4435582575,0.4191589526,0.7899608653,0.7391108022
398.5,1,1,1,1,1,0.3056123036,0.5521986143,0.6445228145,0.3367526294,0.8537942434,0.2778840249,0.198499241,0.2716300154,0.702052751,0.397530351,0.8270183332,0.5024520212,0.3154423115,0.4459765512,0.422172666,0.7900088292,0.7386935705
399,1,1,1,1,1,0.3037636858,0.5537001403,0.6420781597,0.3369375836,0.8539369077,0.2774505799,0.1988836663,0.2712961202,0.7006362316,0.3980383319,0.8262653815,0.5013031102,0.3143596254,0.4468859008,0.4214814035,0.7901014638,0.7390051424
399.5,1,1,1,1,1,0.3057285154,0.555133589,0.6459416501,0.338874304,0.8533613796,0.2755691101,0.1986725615,0.2711231201,0.6991776894,0.3995622496,0.8261639612,0.5004983767,0.3162038418,0.4498766369,0.421450319,0.7904002283,0.7390020685
400,1,1,1,1,1,0.3054643103,0.5577044208,0.6458026109,0.3353457895,0.8545270043,0.2774392985,0.1977415524,0.2717480798,0.7024286615,0.4030704134,0.8265761478,0.4990070077,0.3167900663,0.4483889869,0.4217299714,0.7915008619,0.7381353829
400.5,1,1,1,1,1,0.3063697201,0.5571767005,0.6418571731,0.3359678173,0.8539835986,0.2775194198,0.1981178557,0.2728747628,0.7004372627,0.4012256571,0.8271115986,0.5016366326,0.3167991306,0.4444526626,0.4231997068,0.7928326441,0.7359000433
401,1,1,1,1,1,0.3068722884,0.5557230643,0.6453972915,0.3358247007,0.8545121732,0.2792842478,0.1989086969,0.2729758885,0.7008149178,0.4019242059,0.8270496281,0.5024864349,0.3172943798,0.4472760667,0.4184226012,0.7921233486,0.7340157237
401.5,1,1,1,1,1,0.3085828353,0.5550738055,0.6439353224,0.3336438585,0.855416441,0.2776296898,0.2003091277,0.2727571761,0.7004241139,0.4061092111,0.8263282892,0.5031841243,0.3156488591,0.4460796543,0.4187318597,0.7915772972,0.7362737379
402,1,1,1,1,1,0.305434043,0.5546421372,0.6449289333,0.3323419703,0.8554848617,0.2760686247,0.1999135248,0.2700681364,0.6988785885,0.403978519,0.8262400634,0.503714484,0.3176900437,0.4484891602,0.4176972784,0.7914229288,0.7344231469
402.5,1,1,1,1,1,0.3045601999,0.5545249091,0.6455168603,0.3305887271,0.8542384253,0.2744181229,0.2015227373,0.2708056975,0.6972403165,0.4040737041,0.8261858434,0.5053752303,0.3156521841,0.4481287157,0.4166412236,0.7919404777,0.7349152317
403,1,1,1,1,1,0.3063937029,0.5541021862,0.6469400432,0.3299696816,0.855001517,0.2745417701,0.2000666686,0.2707922217,0.6984250616,0.4039389863,0.8266629822,0.5031302727,0.3154171456,0.4466211032,0.4137256401,0.7919129676,0.7337894414
403.5,1,1,1,1,1,0.3050616657,0.5538010424,0.6437137036,0.328493417,0.8563559279,0.275851324,0.1999463916,0.2701926144,0.6985986863,0.4034839971,0.8249039219,0.5014693453,0.3161712538,0.4447935832,0.4121416804,0.7923958342,0.7315316072
404,1,1,1,1,1,0.3040685945,0.5526075556,0.6452133992,0.3278751869,0.8551032494,0.2762545068,0.1985843071,0.2697594992,0.7009295741,0.4028580315,0.8259127458,0.5012718385,0.3146107915,0.4478044724,0.4149017935,0.7928286158,0.7332134864
404.5,1,1,1,1,1,0.3050739001,0.5515036637,0.6450709184,0.3301988989,0.8547169953,0.2777029959,0.1998431931,0.2699155281,0.7012860859,0.4056777736,0.8268103788,0.5023065694,0.3175011186,0.4459737888,0.4128224595,0.791990514,0.7351415011
405,1,1,1,1,1,0.3045469478,0.5518641552,0.6450500786,0.3332312723,0.8540828053,0.2803635933,0.2000748826,0.268579649,0.7021457082,0.4055067308,0.8280259004,0.5019240799,0.3152797595,0.4475141457,0.4137501243,0.7913921469,0.7372759847
405.5,1,1,1,1,1,0.3055627235,0.5518697446,0.6460106611,0.3352108578,0.8535249994,0.2806335885,0.1982019847,0.2702268183,0.7028493213,0.4039401104,0.8271312006,0.5004115624,0.3153347855,0.4495412344,0.4152660341,0.791367427,0.7370217946
406,1,1,1,1,1,0.3030021883,0.5525478297,0.6450514097,0.3364484266,0.8531004312,0.2797930988,0.1974646796,0.2704932488,0.7026323258,0.4043985022,0.8270930646,0.4991268156,0.3145951929,0.4470519912,0.4124526494,0.7919679258,0.7383504961
406.5,1,1,1,1,1,0.303492371,0.5530547356,0.6472385725,0.3326275403,0.852709947,0.2801995289,0.1972792974,0.2699900409,0.7010048102,0.4051241069,0.8268780157,0.5004660203,0.3164918864,0.4421032448,0.4122519288,0.7925773133,0.7370510595
407,1,1,1,1,1,0.3044963255,0.5527899891,0.6451990578,0.3315222264,0.8527569136,0.2786261059,0.1971690013,0.2702328525,0.7015995961,0.4066899813,0.8256066465,0.502465741,0.3192412164,0.444168823,0.4136656636,0.7929092102,0.7360792549
407.5,1,1,1,1,1,0.305539828,0.5525775127,0.6460085356,0.3318673174,0.8512916124,0.2782508439,0.1969199552,0.2702226757,0.7038502752,0.4067677557,0.8275133594,0.5009801209,0.3180270797,0.4450848093,0.413943489,0.7907300483,0.7348523573
408,1,1,1,1,1,0.305238922,0.5506703361,0.6481386932,0.3323509684,0.8526057213,0.2771378291,0.196302498,0.2691457438,0.7011520858,0.4019260664,0.8278225751,0.5010306994,0.3176589689,0.4448601684,0.4147566134,0.789902791,0.7347213435
408.5,1,1,1,1,1,0.3043551155,0.5531198964,0.6483454944,0.3327920123,0.8527389177,0.2741018598,0.1952557281,0.2685351622,0.7024794562,0.4029190877,0.8276183906,0.4972908312,0.3168501396,0.4440739684,0.4122450359,0.7890007737,0.7364133941
409,1,1,1,1,1,0.3018061614,0.5500431285,0.648843996,0.3318854776,0.8524998846,0.2739354672,0.1968840539,0.2683574226,0.7043814435,0.4010257267,0.8285305808,0.5005332398,0.3165729485,0.4432978669,0.4147807411,0.7868388364,0.7346876481
409.5,1,1,1,1,1,0.302321865,0.5510500653,0.6486005798,0.3294471913,0.8522493055,0.2715107802,0.197338608,0.2688664194,0.7038294355,0.3992116415,0.8268263544,0.5008829754,0.3146960901,0.4400874923,0.4169224829,0.7876631281,0.7372634659
410,1,1,1,1,1,0.3041264539,0.5508736913,0.6468636202,0.3296295727,0.8536845322,0.270863696,0.1964611163,0.2693299689,0.7015992136,0.4000988484,0.8260454993,0.5015062171,0.3174604487,0.4419711022,0.4159391754,0.7864363206,0.7356814536
410.5,1,1,1,1,1,0.3045736697,0.5499498913,0.6478200449,0.3304485929,0.8544145969,0.2708935485,0.1960889607,0.2710169024,0.7004525379,0.3975663159,0.8262400324,0.5023312221,0.3155985975,0.4425811225,0.4141173962,0.7852984881,0.7361117297
411,1,1,1,1,1,0.3052649041,0.5518620226,0.6492911222,0.3296171211,0.8541155778,0.2696558823,0.1972125984,0.2700154954,0.6991629773,0.3985439379,0.8266760774,0.5042206159,0.3154349407,0.4402127439,0.4132384228,0.7863148937,0.7366842194
411.5,1,1,1,1,1,0.302559821,0.552236229,0.6473330979,0.3282655873,0.8545265782,0.2707081526,0.1970680585,0.2679962737,0.6982731612,0.3993804557,0.8261886675,0.503982414,0.316583577,0.4407045305,0.413074103,0.78588345,0.7368605407
412,1,1,1,1,1,0.302104137,0.5535850494,0.6498425165,0.330611536,0.8540220277,0.2725638507,0.1967883825,0.2684449855,0.6950187467,0.3992480678,0.8268998275,0.5041241428,0.3163404713,0.440928285,0.4131705837,0.787709419,0.7368553053
412.5,1,1,1,1,1,0.3017680211,0.5523045508,0.6462227406,0.3315413513,0.8542820476,0.2727453678,0.1962661227,0.2686337155,0.693655296,0.3977617538,0.8293118094,0.504993946,0.3172309773,0.4444012995,0.4094470289,0.7872331541,0.7350842006
413,1,1,1,1,1,0.3010705109,0.5521391315,0.6455303144,0.3310426818,0.8545468511,0.2732597676,0.1972125016,0.2648567126,0.6929769213,0.3998961548,0.8311130285,0.5061081209,0.3152943847,0.4402842593,0.4138942315,0.7873435655,0.7350952296
413.5,1,1,1,1,1,0.302900135,0.5531092873,0.6460290935,0.3328335443,0.8552433665,0.2719572938,0.1983782417,0.2664844507,0.6938875569,0.4009470806,0.8293246493,0.5045090289,0.3160463522,0.4395054389,0.415369046,0.7862199979,0.7355884891
414,1,1,1,1,1,0.3021680158,0.5553033132,0.6469849916,0.3335671925,0.8560980004,0.2722943496,0.1995681791,0.2682207423,0.6945002596,0.4002941389,0.8283079007,0.502948798,0.3151194664,0.4423465338,0.4157435085,0.7870239802,0.7366340406
414.5,1,1,1,1,1,0.301992732,0.5535244077,0.6469703515,0.3330604175,0.8565788026,0.2713884058,0.1984296871,0.2691331213,0.696601655,0.3992327263,0.8287911388,0.5031352973,0.3162922993,0.4451395754,0.4169260962,0.7879978119,0.7381786945
415,1,1,1,1,1,0.3027996221,0.5530445279,0.6457206995,0.3342457493,0.8557503674,0.2732322103,0.1982966058,0.2719320747,0.6965997947,0.3990217971,0.8289370584,0.5026306255,0.3181167358,0.4470502454,0.417155107,0.7890890665,0.7378399249
415.5,1,1,1,1,1,0.3046855835,0.550743602,0.6470196235,0.3308815832,0.855144837,0.2740212508,0.2001693181,0.2725336199,0.6983474514,0.4001598751,0.8292397343,0.5032586171,0.3169209963,0.4467746075,0.4160567304,0.789351666,0.7358681778
416,1,1,1,1,1,0.3069808995,0.5505313002,0.6462180526,0.332185597,0.8548319629,0.2721746266,0.1991816216,0.2724380994,0.6985576179,0.4006523637,0.8289544173,0.5037407063,0.3172119816,0.4480111156,0.4150628727,0.789285065,0.7359253167
416.5,1,1,1,1,1,0.3065029605,0.5517660484,0.6474620626,0.3334647615,0.8556537284,0.2715522882,0.1982272539,0.270490319,0.7009752219,0.3991866555,0.8300603619,0.5050307779,0.316577304,0.4490758623,0.4145303131,0.7892997923,0.7366725036
417,1,1,1,1,1,0.3047216285,0.5513983824,0.6464294439,0.3332066573,0.8550746205,0.2723299838,0.1961878151,0.2682871285,0.70183093,0.4025179503,0.8297770654,0.5024913361,0.315513111,0.4481929773,0.4125458548,0.7896082914,0.7348944198
417.5,1,1,1,1,1,0.3046378504,0.5510895471,0.6434005111,0.3327995162,0.8556743659,0.2707113045,0.1964509838,0.2659226982,0.7000746855,0.3989077565,0.8304178633,0.5032652363,0.3158257867,0.4488505011,0.4120326087,0.7908777458,0.7331995444
418,1,1,1,1,1,0.3067028284,0.5538747096,0.6463536307,0.3354701348,0.855298487,0.2707971045,0.1978703613,0.2668778294,0.7011640018,0.398714381,0.8318935981,0.5041368542,0.3157921822,0.446321999,0.4131376656,0.7886355242,0.7319065366
418.5,1,1,1,1,1,0.303953986,0.5507711051,0.6454111261,0.3332579921,0.8554148181,0.2716460159,0.1990790004,0.2669166732,0.69918119,0.4004916242,0.8291745419,0.504532984,0.3157162336,0.4476644031,0.4110353638,0.7900295521,0.7288682547
419,1,1,1,1,1,0.3041503474,0.5530270202,0.6463066725,0.3303545119,0.8565829891,0.2700750402,0.1991787698,0.2679306927,0.6963417876,0.3975091645,0.8289373333,0.5065357281,0.3176123906,0.4457836176,0.4125399538,0.790077275,0.73042156
419.5,1,1,1,1,1,0.3037063706,0.5533600812,0.6466863084,0.3317745522,0.8554543459,0.269888977,0.1997312802,0.268501738,0.6944954657,0.3977028455,0.8293533811,0.504857335,0.3169655281,0.44636274,0.4124181391,0.7912053397,0.7322420273
420,1,1,1,1,1,0.3021171422,0.5537159414,0.6482567391,0.3311213746,0.8552049646,0.2703991315,0.1994735524,0.2686392531,0.6980428246,0.3980777705,0.8298383081,0.5036057847,0.3176548163,0.4483748397,0.41063266,0.7886367926,0.7347339287
420.5,1,1,1,1,1,0.3030300765,0.5533521407,0.64752736,0.3306537145,0.8552510515,0.2701698752,0.2002508328,0.269660698,0.696030208,0.3980643412,0.8318573658,0.5042782167,0.3150526143,0.4475489491,0.4126516664,0.7885222899,0.7359917982
421,1,1,1,1,1,0.301515638,0.5517465824,0.6478231039,0.3295011305,0.8562640753,0.2719066023,0.1994906055,0.2700562195,0.6962328574,0.3971479224,0.8318307873,0.5024701418,0.3164762787,0.4458283295,0.4125073471,0.7877646733,0.7377536198
421.5,1,1,1,1,1,0.2999913251,0.5524001599,0.6462528008,0.3268448519,0.8566622795,0.2710918227,0.1976829825,0.2703382066,0.6953570397,0.3988937011,0.8314752235,0.5021565251,0.3139306315,0.4455166692,0.4118478504,0.7877921842,0.7397480523
422,1,1,1,1,1,0.3001048877,0.5542158942,0.64605723,0.3278418827,0.8559350011,0.2735528815,0.1973987863,0.2703638507,0.693698496,0.4020095594,0.8302392309,0.5023552745,0.3121986027,0.4447462394,0.41394581,0.7879061682,0.7424369963
422.5,1,1,1,1,1,0.3013336199,0.554240007,0.6456438015,0.3265867666,0.8548959858,0.2726131353,0.1981295225,0.2717966724,0.6953396119,0.4022443298,0.8298401614,0.5029112671,0.3124198618,0.4458089867,0.4105836283,0.7868734064,0.7409257537
423,1,1,1,1,1,0.3026240181,0.5548430577,0.6443259342,0.3282972374,0.8547221791,0.2717286709,0.1968744461,0.2697152829,0.6942258717,0.4001809888,0.8303678628,0.5031515806,0.3148512495,0.4496235931,0.4089482784,0.7884475004,0.7416572268
423.5,1,1,1,1,1,0.3057441364,0.5527303227,0.6453617608,0.330496676,0.8561427127,0.2729267067,0.1973038099,0.2694146132,0.6931244988,0.3988921842,0.8292608231,0.5046854618,0.3142265334,0.4488658162,0.4073613597,0.7866447473,0.7422475866
424,1,1,1,1,1,0.3057049331,0.5532422489,0.6439201413,0.3327903436,0.8564380424,0.2728782253,0.1962551693,0.2709950931,0.6913334118,0.3990685331,0.829264937,0.5030890058,0.3165660308,0.4495185771,0.4074840083,0.789068093,0.7421538514
424.5,1,1,1,1,1,0.3048471019,0.5517505188,0.645205726,0.3341839039,0.8575316734,0.2752367914,0.197033097,0.2706864376,0.6912608476,0.4000149835,0.8310132652,0.5017360441,0.3140551606,0.4485367812,0.4077597659,0.7883658716,0.7424048265
425,1,1,1,1,1,0.3048490593,0.5520951273,0.6440648723,0.3345512059,0.8565903092,0.2737603569,0.1971436503,0.2712219049,0.6913195991,0.3978990138,0.8315874391,0.5026021969,0.314887443,0.4463984327,0.4107863519,0.7894723392,0.742392401
425.5,1,1,1,1,1,0.3036185201,0.5527230806,0.6459748915,0.3358092371,0.8576429752,0.2747717211,0.1974973719,0.2698798767,0.6928608156,0.3985892768,0.8307324282,0.5003577611,0.3157247547,0.4484958645,0.412031296,0.7906395679,0.7413150184
426,1,1,1,1,1,0.3031360421,0.5532634853,0.6477212471,0.3339754362,0.8569165791,0.2759248558,0.1975993356,0.2716114957,0.6903937559,0.3975806806,0.8303983002,0.5016614858,0.3185916752,0.4485939228,0.4131077106,0.7904802529,0.7418604508
426.5,1,1,1,1,1,0.3030964217,0.5521922208,0.6476567013,0.3348399336,0.8567168886,0.2764272722,0.1982090923,0.2715051514,0.6934138944,0.396102152,0.8299067339,0.5010293012,0.3174343546,0.4473269295,0.4116123397,0.7903382718,0.7433135742
427,1,1,1,1,1,0.3049461697,0.5516924609,0.6487659189,0.3342134733,0.8563503011,0.2764556218,0.1995406379,0.2712345831,0.6945809663,0.3931322683,0.829637812,0.5025784396,0.3182008104,0.4462824098,0.4104044355,0.7890075564,0.7415312197
427.5,1,1,1,1,1,0.3055131325,0.5512194177,0.6472028796,0.3341616847,0.8543441304,0.2763842483,0.1996989565,0.2721744696,0.6938746555,0.3936227052,0.829886528,0.5045384459,0.3193066942,0.4461863986,0.4088543521,0.7881836861,0.7424615712
428,1,1,1,1,1,0.3064199849,0.5531141609,0.6472386007,0.3341080369,0.8542938687,0.2756074513,0.1991921551,0.2726302916,0.6929957538,0.3971239217,0.82971212,0.5030584705,0.3173134159,0.44597232,0.4102963912,0.7887927619,0.7426333376
428.5,1,1,1,1,1,0.3057653841,0.551354695,0.647396882,0.33244173,0.8539657871,0.2738301562,0.1989751115,0.2732529942,0.6931000018,0.3965259865,0.8284304488,0.5037157284,0.3171652905,0.4482322913,0.4106570019,0.7889824237,0.7397498294
429,1,1,1,1,1,0.3068738205,0.5519603191,0.647836013,0.332434966,0.8544105483,0.2720858905,0.1976407974,0.2738052592,0.6909916311,0.3938289102,0.8289606331,0.5002721427,0.3144291989,0.4474510164,0.4112469675,0.7889549416,0.7403626266
429.5,1,1,1,1,1,0.3061438019,0.5524552558,0.6470204446,0.3318891984,0.8557002807,0.2747826751,0.1971846662,0.2719981304,0.6905402546,0.3940607526,0.8297455241,0.5005151088,0.3162979021,0.4456227891,0.4125484331,0.787937421,0.740045795
430,1,1,1,1,1,0.3059615513,0.5523982124,0.647650384,0.3329648446,0.8545006526,0.2745837346,0.1983527877,0.2725290811,0.6925812779,0.3968152854,0.8289956561,0.500848744,0.3136609305,0.4456077054,0.412662549,0.7871770661,0.7406741055
430.5,1,1,1,1,1,0.3052857887,0.5515949051,0.6475206519,0.3309445604,0.8532797746,0.2725175801,0.1987692513,0.2712749722,0.6916373124,0.3944781116,0.8266366393,0.5013112948,0.3140734863,0.4451695968,0.4133334206,0.787093264,0.7409177457
431,1,1,1,1,1,0.304957478,0.5544476426,0.6478687685,0.3313654982,0.8535690439,0.2727135549,0.1993133155,0.2693160001,0.6907425715,0.3976745714,0.8275677832,0.5016286023,0.3129997528,0.4473780446,0.4130601675,0.7879006952,0.7398353937
431.5,1,1,1,1,1,0.3053656332,0.5532692724,0.6466634563,0.3321457355,0.8536379679,0.2718667598,0.1984173917,0.2681535876,0.6920711209,0.3966507622,0.8255880126,0.5011650925,0.3140484663,0.4468206488,0.4137803781,0.7884377271,0.740984846
432,1,1,1,1,1,0.3054985669,0.5520319469,0.6471924196,0.3336880464,0.8532066603,0.2739379077,0.197861039,0.2681542102,0.6942362648,0.3991413853,0.825339307,0.500737762,0.3142553057,0.4447539142,0.4133548691,0.7863313161,0.7415186771
432.5,1,1,1,1,1,0.3056061454,0.5550234376,0.6479345795,0.3356221326,0.8532472412,0.2747047868,0.1973136352,0.2683463624,0.6946698465,0.401823515,0.824615193,0.501464347,0.3150987705,0.4443038267,0.4149410522,0.787481965,0.7413847858
433,1,1,1,1,1,0.3060549784,0.5545713814,0.6473224054,0.3354294937,0.8536235814,0.2744635376,0.1978370819,0.2684059436,0.6965161549,0.4017846526,0.8264871221,0.504189044,0.3139902376,0.4432229137,0.4136813931,0.7878037797,0.7408139949
433.5,1,1,1,1,1,0.3083053501,0.5537370247,0.6464366549,0.3355867112,0.8550136744,0.2744605338,0.1973264849,0.2669013526,0.6963216061,0.4034403468,0.8277691465,0.505551939,0.3152132821,0.4445766435,0.4117979847,0.7867519872,0.743464877
434,1,1,1,1,1,0.3071012242,0.5525971004,0.6480805518,0.334200158,0.8567105786,0.2767709009,0.1965972278,0.2693547826,0.6965783155,0.4019736992,0.8278571868,0.5060109176,0.3174991478,0.4433977949,0.4108772633,0.7871493977,0.7441337672
434.5,1,1,1,1,1,0.3066047206,0.5524307412,0.6498794105,0.3333991262,0.8557723507,0.2784960038,0.1983303673,0.2707389567,0.7001035479,0.4034998766,0.8276381534,0.5054227886,0.3180643714,0.4456370398,0.4092377913,0.7865954165,0.7431691775
435,1,1,1,1,1,0.3008434843,0.5497403461,0.6463111705,0.3338572611,0.8552800482,0.2790220614,0.1994901978,0.2730919435,0.7001192954,0.4041510908,0.8267802295,0.5031878872,0.3156534498,0.4481176144,0.4104395019,0.7857128194,0.7436639026
435.5,1,1,1,1,1,0.300595723,0.5515179259,0.6452098172,0.3338615025,0.8557650677,0.2799817873,0.1985104764,0.2710536283,0.70351899,0.402674184,0.8279327195,0.5014256663,0.314485465,0.4509192079,0.4113707708,0.786835954,0.7448252747
436,1,1,1,1,1,0.3031141909,0.5538819413,0.6472208347,0.333811112,0.8547843421,0.2807813689,0.1982554184,0.2682867996,0.7013004452,0.4050448821,0.828602936,0.5021701667,0.3154216426,0.4512915474,0.4121847281,0.7867022163,0.7438016396
436.5,1,1,1,1,1,0.3027911082,0.5524533756,0.648862839,0.3347766865,0.8546521559,0.2801100473,0.1975910576,0.2691228489,0.7000670887,0.4041830697,0.8289439712,0.5029785476,0.3165310033,0.4515286773,0.4135358006,0.7867208029,0.7429667549
437,1,1,1,1,1,0.3017589653,0.5523373383,0.6476973214,0.3328132554,0.8542393794,0.2817040199,0.1993735926,0.2691659733,0.6993744819,0.4036852555,0.8295670599,0.504470982,0.3165886546,0.4497371551,0.4137520088,0.7878427716,0.7444495865
437.5,1,1,1,1,1,0.3035204191,0.5545532408,0.6478063303,0.3341364148,0.8540330462,0.2821832169,0.19888681,0.2702177513,0.6987048241,0.4050165332,0.8287052722,0.5021991354,0.3162422991,0.4498939006,0.415351605,0.7879340731,0.7457014504
438,1,1,1,1,1,0.3063172432,0.5549085374,0.647687246,0.335023999,0.854527347,0.2782484155,0.2003157708,0.2714511991,0.7001913055,0.4031210255,0.8283940326,0.502191865,0.3150838872,0.4488760179,0.4167032485,0.785814862,0.7442416208
438.5,1,1,1,1,1,0.3068754782,0.5543195761,0.6481283832,0.3372917291,0.8548888842,0.2795065212,0.202165929,0.2722259948,0.7012775663,0.4033451501,0.827563991,0.502731924,0.3157869164,0.4490783317,0.4167866047,0.7863523564,0.7440667335
439,1,1,1,1,1,0.3064241928,0.5548908172,0.6468940657,0.3353424221,0.8541721033,0.280654975,0.2016174478,0.27266842,0.7009999272,0.404122196,0.8271387101,0.5003526017,0.3136085069,0.4492044907,0.4186602696,0.785846784,0.7446901774
439.5,1,1,1,1,1,0.3067653095,0.5562779197,0.6429736702,0.333006281,0.8555005549,0.2808849268,0.2007789108,0.2731051592,0.7022980262,0.4023121691,0.8283046696,0.5022017257,0.3142088047,0.4505271013,0.4183359013,0.787208311,0.7435887564
440,1,1,1,1,1,0.3067890012,0.5563608476,0.6441497732,0.3365730363,0.8542152333,0.2793207186,0.2022491714,0.2723253105,0.7035365249,0.4039316235,0.8286464596,0.501921305,0.3162805815,0.4502621282,0.421056875,0.7889175164,0.7425357712
440.5,1,1,1,1,1,0.3075392169,0.553218924,0.643641742,0.3356328604,0.8532960326,0.2782350173,0.203454451,0.2737140836,0.7021124627,0.4050523242,0.8309864087,0.5031073962,0.3148513765,0.4521066843,0.4204078571,0.7898121615,0.739989203
441,1,1,1,1,1,0.3059617666,0.5552983373,0.6470693732,0.3355223356,0.8532092435,0.2779242885,0.2015732621,0.2759656731,0.7006459297,0.4068226535,0.8309031467,0.5047142674,0.3174779673,0.4519784649,0.4200379114,0.791938475,0.7403921263
441.5,1,1,1,1,1,0.3050743069,0.5569812271,0.6448209361,0.3349530865,0.8539185768,0.2762622733,0.2015786316,0.2762551638,0.6996554881,0.4091374656,0.8305256761,0.5046342955,0.3164865299,0.4511628753,0.4182606756,0.7912425225,0.7407797385
442,1,1,1,1,1,0.3046070784,0.5557734517,0.6438805926,0.3336992156,0.8534845608,0.2777224514,0.2006883832,0.2764268309,0.7001032694,0.4099624275,0.830432782,0.5040341178,0.3178938316,0.4515042931,0.4181492687,0.790511188,0.7405098483
442.5,1,1,1,1,1,0.3045229217,0.5546324645,0.645673338,0.3330876935,0.8543692493,0.2777667705,0.1993027565,0.2764891046,0.6996784245,0.4102879979,0.8295140718,0.5061095424,0.3158654397,0.4523545284,0.4202473455,0.7914861263,0.740425671
443,1,1,1,1,1,0.3024937315,0.5532471317,0.6470939943,0.3317507645,0.8543112057,0.27594377,0.1992674131,0.2753286068,0.6995438628,0.4081742058,0.8302939965,0.5055142246,0.3153416706,0.4526414612,0.4205691581,0.7906032175,0.7390027021
443.5,1,1,1,1,1,0.3031204685,0.555097781,0.6493142962,0.3308668147,0.8544947319,0.2765607713,0.1983208623,0.2738566558,0.6997354465,0.4049259696,0.8304130587,0.5065393138,0.3160389099,0.4467845416,0.4176442155,0.7900823525,0.7395030987
444,1,1,1,1,1,0.3047205125,0.5547660152,0.648639953,0.3302668707,0.8548655378,0.2765204973,0.1980122503,0.2712190053,0.6967912042,0.4066061494,0.8286517022,0.5054206276,0.3170346158,0.4473786774,0.4191305758,0.7902570297,0.7415917785
444.5,1,1,1,1,1,0.3024620491,0.5545893673,0.6468279955,0.3314409851,0.8557267555,0.2747716847,0.1960009333,0.2731729495,0.6965127888,0.4038972623,0.8276347401,0.5032554674,0.3162955022,0.4446433562,0.416237118,0.7910219775,0.7411714107
445,1,1,1,1,1,0.302153364,0.5548628125,0.646575083,0.3311556185,0.8561294243,0.273269398,0.1955317591,0.2709692563,0.697155982,0.4068504813,0.8287130855,0.5022202696,0.3169825829,0.443314373,0.4135636323,0.7917198994,0.746324182
445.5,1,1,1,1,1,0.3034577576,0.5545776208,0.6468928546,0.3317468931,0.8556702628,0.2729171319,0.1945857783,0.2725162965,0.6977684463,0.4061723125,0.8289163559,0.5023272865,0.3169128897,0.4424082004,0.4132723909,0.7905969152,0.7468499795
446,1,1,1,1,1,0.3037143206,0.5520836049,0.6470815285,0.331204286,0.8545404411,0.2744102688,0.1953470892,0.2709665265,0.6956829835,0.4030826531,0.8297687139,0.5033742041,0.3154617627,0.4422803624,0.4133399633,0.7916124502,0.7480768458
446.5,1,1,1,1,1,0.3018749069,0.5517714913,0.644772399,0.3300128083,0.8542343515,0.2745830565,0.1959451263,0.2736128759,0.6964457203,0.3988665184,0.8310175249,0.5043342076,0.3142210111,0.4442862441,0.414589044,0.7903341446,0.746668938
447,1,1,1,1,1,0.3014150954,0.5538292442,0.6461751285,0.3297865383,0.8552518606,0.2735554732,0.19624896,0.2730475637,0.699047194,0.4020395821,0.8319417847,0.5046269874,0.3162967921,0.4437867522,0.4173647855,0.7907287492,0.7447995819
447.5,1,1,1,1,1,0.3012300125,0.5527624208,0.6459593104,0.3311230249,0.8552257056,0.2720381296,0.196132145,0.2725041109,0.6964327514,0.4035206852,0.83181547,0.5065426761,0.3161242575,0.4449128246,0.4162048278,0.7918870136,0.7452562855
448,1,1,1,1,1,0.2999690281,0.553939124,0.6457641262,0.3304877882,0.8561535686,0.2721535823,0.1943953709,0.2718018392,0.6993695617,0.4016667755,0.8327388888,0.509435214,0.3175740711,0.4449152512,0.4151929998,0.7920378762,0.7444469002
448.5,1,1,1,1,1,0.2995202222,0.5513792323,0.6445290615,0.3314862708,0.8565157679,0.2731944886,0.1945090013,0.269685662,0.6984569527,0.4020764291,0.8334949913,0.5061121653,0.3169393001,0.4450032986,0.4159157107,0.7912125935,0.7420648253
449,1,1,1,1,1,0.2987903803,0.5510691248,0.6456087593,0.3329161526,0.8559522687,0.2742673386,0.1961653045,0.2709818979,0.7015639925,0.4034343201,0.8328497293,0.5060425808,0.3175179704,0.443667321,0.4152048801,0.7902326816,0.7383916089
449.5,1,1,1,1,1,0.3007281219,0.5487401184,0.6440367214,0.3329034709,0.8567032408,0.2727426052,0.1970277942,0.2691702531,0.7010209891,0.3998577457,0.8334846674,0.5043418092,0.316337276,0.4460852249,0.4128623901,0.7915483146,0.7372607571
450,1,1,1,1,1,0.3042870645,0.5524294716,0.643440207,0.3316209246,0.8560608758,0.271733571,0.1971474362,0.2695141875,0.7014020098,0.4012748711,0.8338059991,0.5017044321,0.3168268984,0.4456272142,0.4145001049,0.7920624318,0.7392936638
450.5,1,1,1,1,1,0.3026629004,0.5521172411,0.6440708542,0.3303432591,0.856680519,0.2719422846,0.196576015,0.2699773111,0.6998960716,0.3992241051,0.8325027723,0.5020091471,0.3173964857,0.4449713843,0.414496354,0.7920959696,0.7375739816
451,1,1,1,1,1,0.3025405813,0.551599055,0.6452238282,0.3306633316,0.8569546656,0.2713526495,0.1959754033,0.2695265861,0.7006778767,0.3988423763,0.8315552048,0.4997326065,0.3185358943,0.4478991826,0.4139551139,0.7912253567,0.7369335179
451.5,1,1,1,1,1,0.3038507537,0.5527925836,0.6472347097,0.3324938351,0.8557340416,0.2715901496,0.1960505604,0.269386346,0.6994602553,0.3975245216,0.8315628056,0.5004543814,0.319604826,0.4466182791,0.4146091158,0.7912776112,0.7367557446
452,1,1,1,1,1,0.3022292961,0.5529364121,0.6473549104,0.3319514982,0.8567275992,0.2726304104,0.1967117804,0.2700420261,0.6974216345,0.3977637004,0.8318404509,0.5015888721,0.3179090987,0.4474159995,0.4159584203,0.7920165076,0.7350200855
452.5,1,1,1,1,1,0.3037416459,0.5547695412,0.6471957401,0.3326818807,0.8571700807,0.2719816208,0.1988505145,0.2688406486,0.6958439097,0.3955656551,0.8322894815,0.5012416571,0.3175760958,0.4459370921,0.4159692487,0.7919853479,0.7355826964
453,1,1,1,1,1,0.3048735845,0.554491153,0.6453668747,0.3348597396,0.8568066617,0.2715746442,0.1992901854,0.2680853823,0.6975365059,0.3960269428,0.8326152237,0.5045739236,0.3166989812,0.4448453165,0.4185173792,0.7925454174,0.7371972048
453.5,1,1,1,1,1,0.305378006,0.5543387933,0.6459170559,0.3350309191,0.8554764143,0.2734641564,0.1978430788,0.267780186,0.6923152764,0.395797189,0.8336110607,0.5033962191,0.3154139195,0.4487391503,0.4169619162,0.7920127419,0.7370319751
454,1,1,1,1,1,0.3068977925,0.555556901,0.6480378139,0.3336704598,0.8560125246,0.2728830534,0.1973613542,0.2682717499,0.6915206744,0.3989040883,0.8335870285,0.5005135966,0.3166301559,0.4468907275,0.4182067282,0.7928960052,0.7368880433
454.5,1,1,1,1,1,0.3073211319,0.5519124748,0.648020357,0.3314305558,0.8564998731,0.2724741892,0.1971580214,0.2697767758,0.6923485857,0.3982645462,0.8338605707,0.5010899789,0.3166520848,0.4466567654,0.4184087017,0.7946199942,0.7365059281
455,1,1,1,1,1,0.3073457132,0.5519203106,0.6480301692,0.3300915734,0.855587639,0.2724234174,0.1964989949,0.2692826486,0.6952881724,0.3932670911,0.8328952594,0.5007634562,0.3165101793,0.4464942651,0.4191255086,0.7960174457,0.7368829446
455.5,1,1,1,1,1,0.3085241941,0.5526494142,0.6466964095,0.3285931055,0.8547897831,0.2730424763,0.1955818281,0.2701395055,0.6943040991,0.3940031144,0.832535912,0.5033010326,0.315827088,0.4461393772,0.4188974953,0.7974048834,0.7374207986
456,1,1,1,1,1,0.3079793781,0.5512798801,0.6467070618,0.3274109831,0.8528135236,0.2735988083,0.1940803713,0.270219183,0.6945411404,0.3958857089,0.8321943269,0.5029537154,0.3158069114,0.4445128313,0.4185969981,0.795153417,0.7407788596
456.5,1,1,1,1,1,0.3060573342,0.5536529329,0.645245609,0.3300603203,0.8552177161,0.2731882325,0.1957689157,0.2703153634,0.6947962446,0.3943157773,0.8325653997,0.501565795,0.3148777931,0.4440941818,0.4157826839,0.7949449195,0.7390029544
457,1,1,1,1,1,0.3047877105,0.5522832454,0.6437621786,0.3293396376,0.8553588338,0.2723113909,0.1956147785,0.2697263316,0.6941033936,0.3948126475,0.8318343021,0.502998602,0.3154593541,0.4445940561,0.4186198196,0.7938005178,0.7417641065
457.5,1,1,1,1,1,0.3033867004,0.5527818946,0.643450041,0.3292760111,0.8543384764,0.2729726981,0.1965640038,0.2684126849,0.6965835189,0.3949036928,0.8310193192,0.4995827495,0.3167759026,0.4464862458,0.4172556434,0.7934505907,0.7436030779
458,1,1,1,1,1,0.3038026699,0.5520246164,0.6441395467,0.3312901386,0.8544262126,0.2726368212,0.196641047,0.2681481356,0.6946434844,0.3966773269,0.8305801828,0.4995691713,0.3180420669,0.4471923841,0.4156328951,0.791325347,0.7456992437
458.5,1,1,1,1,1,0.3074993971,0.5515246326,0.6474790634,0.3314686991,0.855179909,0.2701238963,0.1962069837,0.2683820016,0.6927815792,0.3941662982,0.8295839709,0.4975573599,0.3168442536,0.4444456461,0.4164930887,0.7899177614,0.7460525288
459,1,1,1,1,1,0.3042472792,0.5519396002,0.6466154286,0.3304871035,0.8555188066,0.2708132007,0.1954908562,0.2666008038,0.6931429104,0.3934635499,0.8291061044,0.4993665646,0.3172853693,0.4478244573,0.4155179042,0.7898972348,0.745373601
459.5,1,1,1,1,1,0.3041456025,0.5503322922,0.6458507941,0.3306356801,0.8544488364,0.2723493091,0.1964510169,0.2665486727,0.6927332498,0.3955121555,0.8293031522,0.4992710823,0.3152721875,0.4470831775,0.414436755,0.7895122938,0.744731988
460,1,1,1,1,1,0.3045211078,0.5529314812,0.6491017622,0.33209587,0.8545966255,0.2720460141,0.1960057294,0.2687232296,0.6923113371,0.3957500191,0.8299694912,0.4999824742,0.3154318674,0.4458662815,0.4150041483,0.788052838,0.7438961708
460.5,1,1,1,1,1,0.3042773019,0.5542970487,0.6482267939,0.334609776,0.8547001164,0.2713634509,0.1941973726,0.2693896544,0.6900215262,0.3939353034,0.8289392296,0.5032416553,0.3154759122,0.4457423115,0.4162748629,0.7885448517,0.7434708693
461,1,1,1,1,1,0.3043332146,0.5529155777,0.648544115,0.3343960372,0.8550279133,0.274405607,0.1956105115,0.2685944447,0.6922843322,0.3942800373,0.8293358712,0.5026631148,0.3157796667,0.4482901222,0.4170785338,0.786603831,0.7428179422
461.5,1,1,1,1,1,0.3044424376,0.551724251,0.6486656724,0.3349800132,0.8552876076,0.2750957077,0.1958823135,0.2653422003,0.692486728,0.3948018245,0.827330527,0.5021658477,0.3163372612,0.4457374089,0.4175997762,0.7863502228,0.74123853
462,1,1,1,1,1,0.3031208482,0.5508331764,0.6498786558,0.3349622441,0.85529341,0.2756168429,0.1961606178,0.2665828767,0.6936854566,0.3926050157,0.8278983491,0.5028467413,0.3150924874,0.4459748811,0.4153989364,0.7843460323,0.7405309747
462.5,1,1,1,1,1,0.3017850284,0.5548690189,0.6490161636,0.3359429164,0.8559065717,0.2740689201,0.1972458157,0.2665901632,0.6939194424,0.3940557155,0.8286583765,0.5010230086,0.3185197391,0.4461537868,0.4155416252,0.7844999475,0.7393103656
463,1,1,1,1,1,0.304479589,0.5541666739,0.6458242869,0.3344383249,0.8571947773,0.2771322663,0.196686385,0.2649736644,0.6936389032,0.3940543287,0.8288120587,0.4997085025,0.3181606629,0.44549216,0.415899225,0.7862210568,0.7379719361
463.5,1,1,1,1,1,0.306345842,0.5536800117,0.6482323512,0.3332440289,0.8570207255,0.2770779827,0.1951273157,0.2689882891,0.6913224014,0.397128079,0.8287107169,0.4999830987,0.3192515861,0.4460851686,0.4152464282,0.7837300042,0.7385019906
464,1,1,1,1,1,0.3055164084,0.5563627944,0.6495338543,0.3330487636,0.8561195769,0.2759473023,0.1951758962,0.2672954206,0.6940821956,0.3967537799,0.8280663294,0.5011126263,0.3168559338,0.4453049206,0.4158179798,0.7858437616,0.7385799789
464.5,1,1,1,1,1,0.3061653816,0.5546510296,0.6476442274,0.333853643,0.8559596155,0.2752238557,0.1967379197,0.2658647061,0.6923714333,0.397843298,0.8274408905,0.5007993669,0.3172536376,0.4457699792,0.4138240327,0.7877269694,0.7396638462
465,1,1,1,1,1,0.3052781322,0.5520771925,0.6462846952,0.3328093481,0.8563439573,0.2742225063,0.1955910465,0.2669116968,0.6904867424,0.3980161347,0.8286008816,0.5006251035,0.3160410703,0.4448657025,0.4106789222,0.7881259793,0.738368864
465.5,1,1,1,1,1,0.3035483393,0.5526451813,0.6485576663,0.3337203389,0.8554880732,0.2718033066,0.1968791499,0.2668720907,0.6921812583,0.3967946869,0.8263952012,0.5011471084,0.3179578454,0.4465277379,0.4105035275,0.7867160065,0.7386405427
466,1,1,1,1,1,0.3052776927,0.5545427322,0.6460930092,0.3311628776,0.8571539358,0.2733891531,0.1975357594,0.2667274538,0.691410781,0.3977697648,0.8258545971,0.5020598856,0.3172212076,0.4443126507,0.4114700497,0.7865485444,0.7380210748
466.5,1,1,1,1,1,0.3053211968,0.5556901709,0.646318739,0.3318329084,0.8560852269,0.273146405,0.1980879719,0.2669387002,0.6918019786,0.3959790582,0.8272015245,0.5035494213,0.3167087968,0.44882667,0.410086949,0.7860577578,0.738300756
467,1,1,1,1,1,0.3046634603,0.5537903449,0.6451751704,0.3339904792,0.8556770556,0.2737751226,0.1980705577,0.2671720108,0.690045414,0.3934421329,0.8247724093,0.5043788354,0.3198563586,0.4484084844,0.4109469194,0.7863509827,0.7389669369
467.5,1,1,1,1,1,0.3040500011,0.5527218812,0.6457815268,0.3318557951,0.8555098208,0.2738715139,0.1983540495,0.2694377905,0.6900150229,0.393984966,0.8259920072,0.5024098611,0.3200173469,0.451071281,0.4128725337,0.7887834032,0.7395115773
468,1,1,1,1,1,0.305715785,0.555172112,0.6450464628,0.3306050253,0.8540659259,0.2742711578,0.1985487742,0.2695881408,0.6912685662,0.3947465776,0.8267993689,0.5001311021,0.3188823167,0.4466768868,0.4125841742,0.7883460241,0.7397366207
468.5,1,1,1,1,1,0.3047014487,0.5531481467,0.6453941921,0.3329936893,0.8539110335,0.2742303491,0.1986574176,0.269965246,0.6948748148,0.3949027021,0.8266907124,0.5033368318,0.3181256307,0.4479936684,0.4130607806,0.78691765,0.7399472029
469,1,1,1,1,1,0.3053408856,0.5536064584,0.6452484677,0.3321707504,0.8538454189,0.2756619657,0.1998717246,0.2693538069,0.6962704825,0.3929354028,0.8263422956,0.5035476833,0.3178192742,0.446257084,0.4143536454,0.7863063085,0.7402111227
469.5,1,1,1,1,1,0.3055043808,0.5506382563,0.6462953108,0.3305549711,0.8536976308,0.2749900448,0.1986249103,0.2692787436,0.6978250254,0.3946151933,0.8263682279,0.5038945192,0.3188260736,0.4443925923,0.4134051019,0.7882626564,0.7394868485
470,1,1,1,1,1,0.3050889284,0.551820979,0.6438649878,0.3323821837,0.85343172,0.2777305825,0.2000852696,0.2689709898,0.6964000497,0.3963745563,0.8247841944,0.5017561256,0.3177559412,0.4472226941,0.4148374426,0.7892200722,0.7391349301
470.5,1,1,1,1,1,0.3045818315,0.5546895325,0.6453558148,0.3307591943,0.8524349967,0.2780258709,0.1985576424,0.2685979875,0.696490419,0.3948242348,0.8268087661,0.5003391274,0.3177766397,0.4471224533,0.4153887755,0.7904174522,0.7394498478
471,1,1,1,1,1,0.304770444,0.5547440715,0.6452523714,0.3294773037,0.8520169482,0.2774354214,0.1987665604,0.2675902874,0.6935571901,0.394932634,0.8267339972,0.499256902,0.3160298006,0.446247712,0.4128633591,0.7908863701,0.7375996255
471.5,1,1,1,1,1,0.3044117387,0.5542613858,0.6467899389,0.3307473976,0.8527985587,0.2757063699,0.1977555379,0.2672703693,0.6951821047,0.3985153071,0.8290070589,0.5001840905,0.3175000313,0.4474256283,0.4121169546,0.7885930153,0.7367721704
472,1,1,1,1,1,0.3025620906,0.5536005068,0.645706583,0.3311090851,0.8534694389,0.2755470554,0.1980337956,0.2695726107,0.6952503212,0.3964153788,0.8281345692,0.5016449323,0.3168857667,0.4477350839,0.4121102571,0.7883682031,0.7371547886
472.5,1,1,1,1,1,0.3034393165,0.5508579119,0.6451747003,0.3332104818,0.8549397939,0.2760624477,0.1978214819,0.2690776939,0.6941124294,0.3972756762,0.8291375028,0.499598845,0.3170707358,0.4461457185,0.4125576463,0.7871691655,0.7360624374
473,1,1,1,1,1,0.302653602,0.5505968452,0.643603271,0.3333742836,0.8550614545,0.2751238149,0.198961192,0.2713735229,0.6942249349,0.3957681459,0.8283367771,0.4978961198,0.3177058012,0.4478200115,0.4129859392,0.7878606751,0.7385388185
473.5,1,1,1,1,1,0.3029088122,0.553234761,0.6440301408,0.3324191169,0.8551820287,0.2736183205,0.1997472636,0.2720223268,0.6949170296,0.3974033404,0.8285502525,0.4987012388,0.3172880447,0.4466820198,0.4127228694,0.78877777,0.7395505915
474,1,1,1,1,1,0.3021088842,0.5538274542,0.6476104493,0.3325191622,0.8545060871,0.275029102,0.2000930302,0.2708566514,0.6962974589,0.3969446258,0.8265114306,0.5001825292,0.3144348565,0.4460215302,0.4133683908,0.7893209803,0.7393132806
474.5,1,1,1,1,1,0.3034231845,0.5531421446,0.6475420256,0.3324455741,0.8547978392,0.2747946564,0.1999887355,0.2725167065,0.6963366276,0.398008819,0.8261593113,0.4999087149,0.315658237,0.4505193239,0.4128189175,0.7877165652,0.7422155402
475,1,1,1,1,1,0.3058235449,0.5518366187,0.6465754265,0.333605698,0.8540451757,0.273958896,0.2004435087,0.2732747407,0.6953738722,0.3962006255,0.8254947938,0.5007112204,0.3134552027,0.4508220744,0.4133425625,0.7901297584,0.7430353111
475.5,1,1,1,1,1,0.3039012008,0.5545088779,0.6469024589,0.3338597517,0.8540420839,0.2749817631,0.199211926,0.2718437826,0.6946957232,0.3951939815,0.8254296732,0.5034917648,0.3145758828,0.4492036587,0.4134928344,0.7902422202,0.7437050393
476,1,1,1,1,1,0.3037882012,0.5549067988,0.6462200744,0.3319187802,0.8548258294,0.2757617502,0.1983979744,0.2737686122,0.694878432,0.3965267641,0.8253104688,0.5016832947,0.3142903412,0.4470866228,0.4129293836,0.7883386089,0.7431847568
476.5,1,1,1,1,1,0.3041632955,0.555835957,0.6471264677,0.3328968768,0.8541599801,0.2776960228,0.196563115,0.2713444799,0.6956174397,0.3974885505,0.8258881463,0.5041366552,0.3129730282,0.4476913231,0.4152949509,0.7880388625,0.7426585594
477,1,1,1,1,1,0.3029216196,0.5547037586,0.6478152281,0.3323178436,0.8531333251,0.2763262391,0.1970817778,0.2710958154,0.6963832935,0.3965946785,0.8254368961,0.5053828232,0.3158216461,0.4472831345,0.4145527236,0.7887089076,0.7410790139
477.5,1,1,1,1,1,0.3034575984,0.5543053594,0.6454670304,0.3316440347,0.8524785657,0.2744154501,0.1991661089,0.271534231,0.6972944173,0.3960094977,0.8261637313,0.5057107872,0.3161280935,0.4473208292,0.4153242021,0.7887849826,0.7419662336
478,1,1,1,1,1,0.304782014,0.556793917,0.645423754,0.3328023677,0.8526316251,0.2758385569,0.1962698579,0.2705150923,0.6972057016,0.3963274275,0.8241879056,0.5042389486,0.3163468309,0.4468903807,0.4136170383,0.7899061802,0.7406676095
478.5,1,1,1,1,1,0.3029483398,0.5567419207,0.6456526957,0.3336847196,0.8542562758,0.2743716647,0.1972516897,0.2701346847,0.6960415632,0.3936472653,0.8245367354,0.5037215585,0.3145910344,0.4478112046,0.4150291713,0.7888320917,0.743364162
479,1,1,1,1,1,0.3023856827,0.5542124945,0.6456042364,0.3344710194,0.8550058578,0.2751253292,0.1961392299,0.2692038604,0.6966273424,0.3929082167,0.8253561396,0.5048336663,0.3150422404,0.4488877414,0.4169697112,0.7880876416,0.7420407606
479.5,1,1,1,1,1,0.3043404564,0.5519680762,0.6467287188,0.3330334191,0.8554052326,0.2773185719,0.1965620543,0.2688210654,0.696884295,0.392707555,0.8245895667,0.5013593877,0.3161705993,0.4480181812,0.4164586507,0.7890202771,0.7420963477
480,1,1,1,1,1,0.3043749245,0.5512363277,0.6444893652,0.3313006986,0.856339989,0.2775859007,0.1969427145,0.2681652931,0.6973681353,0.3933044682,0.8238713471,0.501652575,0.3175800137,0.4465260905,0.4174922884,0.7875617915,0.7422146339
480.5,1,1,1,1,1,0.3049285437,0.55314095,0.6464979017,0.332375423,0.8557181672,0.276077519,0.197238994,0.2667903745,0.6976452499,0.3948795767,0.824329824,0.4996176838,0.3179034985,0.4464494344,0.4188845644,0.7888147418,0.7434465759
481,1,1,1,1,1,0.3046153644,0.5529338659,0.6484362052,0.3319493697,0.8555421105,0.2773515386,0.1968351365,0.2687876371,0.6958574889,0.3967631879,0.8204780266,0.5017844981,0.3181270007,0.4477561067,0.4176015825,0.7898577733,0.7432786271
481.5,1,1,1,1,1,0.3057541846,0.554252192,0.6487258149,0.3305558366,0.8562631969,0.2763700086,0.1972266455,0.268306679,0.6965368212,0.3994082473,0.8214566459,0.5015181909,0.3182993631,0.4486153969,0.4170204469,0.7909026855,0.7431818617
482,1,1,1,1,1,0.3077731921,0.5546356732,0.6510251362,0.3307810645,0.8563245291,0.2746968697,0.1970009826,0.2696295729,0.6970123563,0.4005056671,0.8203565219,0.5021845991,0.3203542473,0.4492726872,0.417251194,0.7901814186,0.7432888952
482.5,1,1,1,1,1,0.3069490429,0.5532745931,0.6497353352,0.3290835167,0.8576259698,0.2733656808,0.1959517666,0.2693840516,0.6972478679,0.3994561101,0.8207281262,0.5020116325,0.318909243,0.4479040387,0.4162446568,0.7900272039,0.7434808069
483,1,1,1,1,1,0.3040910009,0.5530084152,0.6462327234,0.3313740987,0.857170328,0.2757441868,0.1968413348,0.2674196233,0.6965955102,0.4018517784,0.8210665202,0.5037797488,0.3140258724,0.4481838401,0.4149370295,0.7884906763,0.7423659987
483.5,1,1,1,1,1,0.3045253697,0.552903252,0.6473207913,0.3332944303,0.856194635,0.275873418,0.195810532,0.2682993111,0.6950642438,0.4025414163,0.8208302569,0.5023051357,0.3134322052,0.4492615937,0.4172100949,0.7890473724,0.7428747882
484,1,1,1,1,1,0.3033487588,0.5527114171,0.6473282762,0.3317506779,0.8552063539,0.276526271,0.1998834948,0.2662874441,0.6962526841,0.4007119289,0.822592355,0.502474437,0.3136725297,0.4470667596,0.4178563962,0.7908369419,0.7423514507
484.5,1,1,1,1,1,0.3033914865,0.5508317214,0.6448907451,0.3325740366,0.8558601234,0.2747842539,0.2002515096,0.2674330541,0.6959138881,0.398617494,0.8232980279,0.5027779651,0.3138836629,0.4469399227,0.4178888907,0.7921594856,0.7392802522
485,1,1,1,1,1,0.303315354,0.5533003859,0.6470298338,0.3328793335,0.8559069418,0.2743574007,0.2004440415,0.2700153911,0.6973966418,0.3982091072,0.8234822592,0.5014770796,0.3142577583,0.4458418119,0.4171061477,0.7918577619,0.7385234794
485.5,1,1,1,1,1,0.3019610585,0.5513999907,0.6481097437,0.3318079417,0.8561276732,0.2777929987,0.2003955443,0.2692429104,0.6943095665,0.3981460245,0.8234017257,0.5010386608,0.3120072262,0.444269346,0.4183873218,0.7915496185,0.7396933352
486,1,1,1,1,1,0.3018566952,0.5522450033,0.6467262074,0.334814398,0.8552001431,0.2776260635,0.200369418,0.2685732191,0.6939638456,0.3966259435,0.8239880906,0.4998672799,0.3125957039,0.4458331938,0.414633518,0.7917481768,0.7380113792
486.5,1,1,1,1,1,0.302057727,0.5542906014,0.6426517196,0.3350583511,0.8555370111,0.2767527098,0.2010014922,0.2693053879,0.6958319012,0.3958556381,0.8263757114,0.5013254682,0.3119494333,0.4455455976,0.4129104243,0.7907452925,0.7386920885
487,1,1,1,1,1,0.301201478,0.554728497,0.6445742881,0.3332091096,0.8556305679,0.277575983,0.199971716,0.2708974328,0.6987754338,0.395390122,0.826349971,0.5007760969,0.3111979128,0.4458947968,0.4111744106,0.7888467463,0.7383112872
487.5,1,1,1,1,1,0.3009902209,0.5508475339,0.6468275219,0.3325495775,0.8542222492,0.2791959939,0.1994404198,0.271661596,0.6997220798,0.3963903568,0.8257138674,0.502026937,0.3113254074,0.4470884752,0.4108877643,0.7891269996,0.737483709
488,1,1,1,1,1,0.3004848811,0.5502674923,0.6451438382,0.3305721781,0.8546959072,0.276678315,0.1982731143,0.27260183,0.697802232,0.4001949028,0.8254497513,0.5018823874,0.3108576199,0.4460794041,0.4101757378,0.7889587702,0.7395327676
488.5,1,1,1,1,1,0.3030527181,0.5496618141,0.6465271956,0.3313486468,0.8541807115,0.2773899495,0.197311536,0.2740641052,0.6975107049,0.4011396367,0.8257464637,0.5023101115,0.3130313159,0.4430722786,0.4096794996,0.788982291,0.7380618632
489,1,1,1,1,1,0.303404051,0.5506139604,0.6449393532,0.3319910196,0.8549378081,0.2779010088,0.1975840914,0.2732450203,0.69861883,0.3979752855,0.8248525843,0.4980117014,0.3130537931,0.4439846123,0.413759847,0.7890531243,0.738072652
489.5,1,1,1,1,1,0.3049044816,0.5534448355,0.6442236189,0.3321479942,0.8558797377,0.278019132,0.1976265472,0.2725630064,0.697524498,0.3960677341,0.824323401,0.501349243,0.3129488431,0.4412208234,0.4136292777,0.7887831583,0.7381966397
490,1,1,1,1,1,0.3042730265,0.553486511,0.643784721,0.3345642483,0.8552461543,0.2758319011,0.1982847152,0.2725171348,0.6999828518,0.3947938007,0.8257125223,0.5035777687,0.3158966422,0.4405340216,0.411098228,0.7894028391,0.7380746679
490.5,1,1,1,1,1,0.3040770394,0.5519606554,0.6439051278,0.3339665828,0.855787457,0.2758577972,0.198004078,0.2709065703,0.6990833657,0.3961941595,0.8263593023,0.5005636178,0.3165768106,0.4414352444,0.4112124069,0.7891711444,0.7391930901
491,1,1,1,1,1,0.303529882,0.5515223256,0.6447619704,0.3356011045,0.8550362949,0.2748029429,0.1975644048,0.2700802611,0.6985751749,0.4014430581,0.8247489777,0.5016532826,0.3166232237,0.4435943272,0.410851729,0.7880413381,0.7403927994
491.5,1,1,1,1,1,0.3030718556,0.5522993829,0.6462817945,0.3361998539,0.8553997061,0.2742827093,0.1986320503,0.2701091618,0.6968391173,0.4020353201,0.825757966,0.5020984622,0.3162458617,0.4453074562,0.4125384108,0.7894789055,0.7393276517
492,1,1,1,1,1,0.305861648,0.5518959311,0.6452493538,0.3361097724,0.8553586355,0.2723509749,0.1986298237,0.2700636364,0.6952583068,0.4027976876,0.8238417137,0.5026910692,0.3154054283,0.4458506498,0.4133442979,0.7875738335,0.7398490056
492.5,1,1,1,1,1,0.3048626108,0.5528030034,0.6438876928,0.3379029375,0.8538071454,0.2723776683,0.1981264163,0.2701409133,0.6937236919,0.4022630075,0.8251471923,0.5033634253,0.3178491532,0.4461136628,0.4169448154,0.7882447137,0.7376911248
493,1,1,1,1,1,0.3033438122,0.5527496866,0.6463840499,0.3366474836,0.8548542141,0.2739340531,0.1975027854,0.270796177,0.6940848571,0.4040184857,0.8252959571,0.5011730111,0.3170068163,0.4463722126,0.4179022242,0.7903260683,0.7353923117
493.5,1,1,1,1,1,0.303490776,0.5532341667,0.6449134722,0.3366039062,0.8551916041,0.2752097137,0.1964996908,0.2693073319,0.6927671924,0.4041063458,0.8250561218,0.5009513385,0.3185910724,0.4475510079,0.4191153146,0.7896791374,0.7363606841
494,1,1,1,1,1,0.3043167294,0.5549899978,0.6458854533,0.338155858,0.8546973262,0.2737654449,0.1960043207,0.2685016505,0.6966337468,0.402254739,0.8264870828,0.5000037492,0.3176620901,0.4458770457,0.4172023736,0.7877713558,0.7365586208
494.5,1,1,1,1,1,0.3018040247,0.5543413595,0.649223662,0.3367254003,0.8547149659,0.2748057312,0.1969164711,0.2696691304,0.6969750046,0.4032970913,0.8271802102,0.4973690672,0.3159433164,0.4468739983,0.4185774516,0.7864643982,0.7359799792
495,1,1,1,1,1,0.30268936,0.5531869657,0.6476757201,0.3361971896,0.8544629694,0.2763212967,0.1980408232,0.2704314611,0.6970607602,0.4012620578,0.8293694867,0.4976105338,0.3157260866,0.4455941985,0.4180385383,0.785842029,0.7375309808
495.5,1,1,1,1,1,0.3040469192,0.554677404,0.6467427976,0.3346745369,0.852944983,0.2767556163,0.198374706,0.2713030288,0.6977520437,0.4017576626,0.8288684097,0.4990813397,0.3172182494,0.4440733982,0.4183651171,0.78568918,0.7368138013
496,1,1,1,1,1,0.3046609725,0.5533843783,0.6465905253,0.3318792887,0.8535943644,0.2739949212,0.1992837926,0.2720378533,0.6989155893,0.4012403205,0.8294351837,0.499291635,0.3188598389,0.4424910397,0.4163309101,0.7875756046,0.735487333
496.5,1,1,1,1,1,0.3039174601,0.553613655,0.6471153917,0.3329339127,0.8542353927,0.2751893377,0.1996059244,0.2721850585,0.6983304138,0.4009207813,0.8300364877,0.5010375722,0.3177016673,0.442500182,0.4154212171,0.7877655892,0.7356102404
497,1,1,1,1,1,0.3021925779,0.5565274518,0.6479902633,0.3315219821,0.8547882373,0.2762488662,0.1997695907,0.2709517696,0.7010426861,0.3998960999,0.8290734413,0.5039900009,0.3159965743,0.4424821683,0.4160377983,0.7887004862,0.7361153197
497.5,1,1,1,1,1,0.3033774521,0.5547389681,0.6444332565,0.3322018121,0.8536154036,0.2764313954,0.1995229345,0.27154747,0.7032338019,0.4020774855,0.8286191051,0.5033670953,0.3172278784,0.4429333293,0.4153399056,0.789280159,0.7369408206
498,1,1,1,1,1,0.3035591909,0.5533724329,0.6435750287,0.3325976821,0.8541427882,0.2750871263,0.2009273786,0.271533603,0.7041544517,0.4004678082,0.8284436979,0.5009865376,0.3176712527,0.4435314685,0.4165446007,0.7893301877,0.7381276257
498.5,1,1,1,1,1,0.3034876837,0.5532727533,0.6468872522,0.3315865177,0.8543986427,0.2762947557,0.2000464621,0.272640993,0.7037472518,0.3999188156,0.8291482188,0.5011101551,0.3161369895,0.4426965407,0.4155878627,0.7881165447,0.739379125
499,1,1,1,1,1,0.3033533873,0.5518062473,0.6468019361,0.3317686826,0.8548395505,0.2773056366,0.2016969562,0.2741264011,0.7024058136,0.3979648179,0.8282197554,0.5019591994,0.3144207396,0.4476848657,0.4162627413,0.7886796957,0.7393843674
499.5,1,1,1,1,1,0.3022647234,0.5527381695,0.6480636458,0.3331573876,0.8539762636,0.2764674307,0.2030637491,0.2717465572,0.6977102576,0.397357686,0.8281504616,0.5025184577,0.3145143067,0.4494970392,0.4169075161,0.7880287273,0.7377058921
500,1,1,1,1,1,0.3012794636,0.550868948,0.6462158926,0.3329070675,0.8549069227,0.2770343326,0.2021049198,0.2711363018,0.6980023335,0.3976832323,0.8287134436,0.5053822197,0.3151537444,0.4482339911,0.4176249439,0.7899380544,0.7364994937
