time,TNFR,IL1R,CD40,LTB,BAFFR,TRAF2_5,TRAF6,TRAF2_3,Btx,TAK1_TAB,NEMO_IKKa_IKKb,IkBa_release_signal,p50_p65,TNFa,p100,Phenotype_canonical,NIK,IKKa_noncanonical,p100_RelB,p52,BAFF,Phenotype_noncanonical
0,1,1,1,1,1,0,0,0,0,0,0,0,0,0,0,0,0,0,0,0,0,0
0.5,1,1,1,1,1,0.1345317719,0.2042700082,0.2359722203,0.02896447217,0.035216967,0.005099648531,0.0002937348502,1.54137278e-05,7.4124497e-07,7.14981084e-07,6.915248629e-07,0.02651065585,0.002313866755,0.0001712792231,7.720371081e-06,8.824417066e-06,2.942684256e-07
1,1,1,1,1,1,0.2308918536,0.3377063086,0.3855150994,0.08576280335,0.10328191,0.02885636724,0.003364438615,0.0003589165182,3.610607852e-05,3.414791257e-05,3.413181336e-05,0.07858197654,0.01348601248,0.002036718678,0.0001881468008,0.0002205882343,1.496838245e-05
1.5,1,1,1,1,1,0.3004337557,0.4255565253,0.4804560677,0.1463091492,0.1746681938,0.06898121001,0.01200196924,0.00194060628,0.0003057214143,0.0002835990065,0.0002934135517,0.1341040993,0.03333431152,0.007611201514,0.001077648783,0.001294576883,0.0001336242124
2,1,1,1,1,1,0.3508976018,0.4837775633,0.5412791014,0.201272597,0.2386409983,0.1171300402,0.02666818619,0.00576488246,0.001261216881,0.001148397923,0.001229936064,0.1845034536,0.05858195981,0.01775695928,0.003404958618,0.004188133025,0.0005850152303
2.5,1,1,1,1,1,0.3879947344,0.5223966503,0.5804054934,0.2478564299,0.2924101829,0.166299585,0.04597408732,0.01233956672,0.003499948927,0.003129489898,0.003476915488,0.2273474215,0.08589465909,0.0322216214,0.007781018868,0.009788008349,0.001729447048
3,1,1,1,1,1,0.4154121645,0.548296407,0.6055868407,0.2864258296,0.3355736775,0.2124160543,0.06791690613,0.02155572307,0.007590265026,0.006641547232,0.007644141591,0.2624774523,0.1128772976,0.05007427652,0.01449145088,0.01865957534,0.003997215017
3.5,1,1,1,1,1,0.4356453797,0.5659487314,0.6218905406,0.3171691044,0.3696331393,0.2531887271,0.09069578013,0.03290511919,0.01389692175,0.01188480051,0.01418643616,0.2908246728,0.1382626667,0.07031172158,0.02354702009,0.03107111877,0.00778993094
4,1,1,1,1,1,0.4507592589,0.5776244226,0.6323600421,0.3414544084,0.3962503764,0.2880075145,0.1127878272,0.04561642728,0.02258818603,0.01888038215,0.02334809981,0.3133049181,0.1613527722,0.09176438167,0.03464578259,0.04682878156,0.01343282489
4.5,1,1,1,1,1,0.4624593608,0.5857396627,0.6394336992,0.3606585185,0.4170113457,0.3171524079,0.1334728129,0.05899285409,0.03364293073,0.0274022299,0.03503546716,0.3309052488,0.1817266241,0.1137335751,0.04731370789,0.06549929608,0.02109002258
5,1,1,1,1,1,0.4711991682,0.5913571823,0.6439535764,0.3760356126,0.4332367736,0.3413387015,0.1521686729,0.07246549837,0.04666588855,0.03712491324,0.04910510495,0.3449851942,0.1995879672,0.1354779953,0.06119008835,0.08659638708,0.03082983802
5.5,1,1,1,1,1,0.4778882454,0.5951461048,0.6470169368,0.3878184812,0.4458696061,0.3609982114,0.1686952375,0.08552959456,0.06155519135,0.04770045386,0.06511721984,0.3559238264,0.2150552532,0.1565159756,0.07583420042,0.1096742093,0.04262262931
6,1,1,1,1,1,0.4831815843,0.5976726344,0.648785454,0.3972433785,0.4556571729,0.3768159403,0.1830746024,0.09773647519,0.077841556,0.05870228772,0.08282103724,0.3644794512,0.2282130879,0.1766706578,0.0908558073,0.1341018618,0.05632151191
6.5,1,1,1,1,1,0.4872664587,0.5995991334,0.6500269156,0.4046339494,0.4631748106,0.3893627275,0.1951919631,0.1090093351,0.09511350429,0.06988586074,0.1017684937,0.3711885199,0.2393300971,0.195570833,0.1059475742,0.1595748871,0.07171130257
7,1,1,1,1,1,0.4906375191,0.6010507939,0.6509841072,0.4104843685,0.4692634161,0.3996117014,0.2058250802,0.1191010537,0.1131261134,0.08091588328,0.1214782937,0.3764150744,0.2489234908,0.2131667311,0.1208525086,0.1853466052,0.08857410322
7.5,1,1,1,1,1,0.4930644494,0.6018904541,0.6517395044,0.41485176,0.4737588005,0.4078419019,0.2147673488,0.1283466587,0.131566617,0.09161523695,0.1418300996,0.3807527534,0.257178719,0.2294081315,0.135195989,0.2112258791,0.1066389966
8,1,1,1,1,1,0.495105141,0.6026456996,0.651809657,0.4186350602,0.4773419867,0.4143851573,0.2222354377,0.1362476111,0.1500001729,0.1018245224,0.1621550205,0.3842093462,0.2638765535,0.2441903147,0.1488664256,0.2367557995,0.1256669257
8.5,1,1,1,1,1,0.4967659976,0.6031690248,0.6522240262,0.421326228,0.4801359085,0.4196278854,0.2284433225,0.1433354146,0.1682733411,0.1114030534,0.1825710368,0.3870175064,0.2695972086,0.2578138009,0.1618379025,0.2620311579,0.1454182335
9,1,1,1,1,1,0.4982295051,0.6034616765,0.6523653064,0.4236134034,0.4825067626,0.4241666468,0.2335881621,0.1495398444,0.1863441115,0.1202746067,0.2027478093,0.3894639766,0.2744689051,0.2700787526,0.1738701544,0.2863652527,0.1656245395
9.5,1,1,1,1,1,0.4991542062,0.6036665128,0.6526318207,0.4254896826,0.4841821388,0.4273999403,0.2379461231,0.1550228583,0.203959179,0.1286211477,0.2224887872,0.3914493203,0.2785915781,0.2810657422,0.185123907,0.3100759802,0.1862066813
10,1,1,1,1,1,0.5000372097,0.6038874554,0.6524980102,0.4271140845,0.4858121724,0.4299077699,0.2413874956,0.1594880539,0.2209610843,0.1360961938,0.2416065186,0.3926531566,0.2821982791,0.2908248991,0.1957011821,0.3327859553,0.2068999387
10.5,1,1,1,1,1,0.5007848279,0.6039389134,0.6526066673,0.4282223429,0.4870099735,0.4322246664,0.2443779063,0.1632358536,0.2374167872,0.1430914971,0.2601407754,0.393789378,0.2851803781,0.2995483433,0.2052773507,0.3541503638,0.2273882331
11,1,1,1,1,1,0.5013854894,0.6040573824,0.6526136286,0.4292090378,0.4878773056,0.4340250665,0.2468167704,0.1665543348,0.253138532,0.1493843437,0.2781703836,0.3946824529,0.2877460125,0.307362737,0.2140157056,0.3745546488,0.2474981813
11.5,1,1,1,1,1,0.5018664624,0.6042919057,0.6528046067,0.42988664,0.4885903757,0.4354387613,0.2488565039,0.1693797483,0.2680106901,0.1551212797,0.2954489997,0.3954786156,0.2900019198,0.3141394482,0.2220260815,0.3936603965,0.2672714181
12,1,1,1,1,1,0.5021743414,0.6042638142,0.6530037933,0.4304686172,0.4892085912,0.4364510978,0.2503553131,0.1718105268,0.2824930681,0.1603648067,0.3120788441,0.3963023183,0.2917808909,0.3203668877,0.229422664,0.4118021802,0.2866877708
12.5,1,1,1,1,1,0.5023260071,0.6042302695,0.6528164007,0.4309984957,0.4895421938,0.4374105429,0.2517872183,0.1737203375,0.29621329,0.1649292236,0.3280305578,0.3971182687,0.2933721045,0.3258716321,0.2361170801,0.4287205818,0.3057857963
13,1,1,1,1,1,0.502640028,0.6043271551,0.6527266143,0.4313746477,0.4900397874,0.4382006709,0.2530193667,0.1753415696,0.3090919654,0.1690449209,0.3431139354,0.3974681191,0.2947254879,0.3308944812,0.2421784101,0.4447889628,0.3242697559
13.5,1,1,1,1,1,0.5028418527,0.6042797264,0.6529142665,0.4319008162,0.4904468987,0.4385364376,0.2541321101,0.1771587685,0.321486518,0.1728172752,0.35751886,0.3980237143,0.2962631972,0.3350689523,0.247840223,0.4596812275,0.3422164561
14,1,1,1,1,1,0.5030999444,0.6042654304,0.6529841715,0.4321768484,0.4907947939,0.4390038707,0.2548908443,0.1782793072,0.3331060926,0.1758798184,0.3711495834,0.3984514946,0.2973457977,0.3387755661,0.2525636072,0.4736216571,0.359444442
14.5,1,1,1,1,1,0.5032514336,0.6043553917,0.6529985513,0.4324223205,0.4911886301,0.4392519744,0.255505736,0.1792968078,0.344170606,0.1787838706,0.3841709795,0.3986739383,0.2985021447,0.3421108235,0.2568665475,0.4867419614,0.3762754257
15,1,1,1,1,1,0.5032919066,0.6043539378,0.6530543172,0.4325171123,0.4913434889,0.4394414298,0.2560492689,0.1801286988,0.3546547613,0.1813407794,0.3966087256,0.3990824547,0.2992210891,0.3449729219,0.2609712692,0.4989315619,0.3923942367
15.5,1,1,1,1,1,0.5033404436,0.6042849995,0.6529669578,0.4325467078,0.4916315392,0.4398788751,0.256503041,0.1807794192,0.3644058006,0.1839746113,0.408370085,0.3993146915,0.2998745236,0.3476254639,0.2645162737,0.5104384881,0.4077515543
16,1,1,1,1,1,0.5037560233,0.6043010658,0.6529187364,0.4331411604,0.4916731182,0.440467508,0.2566745871,0.1815143961,0.3737361011,0.1859522519,0.4196588049,0.3994180568,0.3004991322,0.3501907601,0.2675726718,0.5209607013,0.4225134525
16.5,1,1,1,1,1,0.5037511948,0.6042150328,0.6527402175,0.4331928299,0.4919600112,0.440803564,0.2571352632,0.1821193249,0.382224509,0.1880218529,0.4306151323,0.3994218517,0.3011629459,0.3520482805,0.2707133585,0.5308991429,0.4366235109
17,1,1,1,1,1,0.5038003436,0.6041075643,0.6527914321,0.4331478448,0.4920496181,0.4406790192,0.2571693159,0.1824020074,0.3902518186,0.1895348006,0.4407979596,0.3995620515,0.301506836,0.3536612192,0.2732960455,0.5402049383,0.4503229123
17.5,1,1,1,1,1,0.503886862,0.6042003332,0.652714069,0.4332658456,0.4919106175,0.4406723696,0.2574730454,0.1827337291,0.397957726,0.1909872974,0.4504394729,0.3997771308,0.3021197836,0.3552300589,0.2756243314,0.5486907076,0.4632529084
18,1,1,1,1,1,0.5039144753,0.604369668,0.652884029,0.4333522072,0.4918737987,0.4408769182,0.257703182,0.1830830748,0.4052313479,0.192176932,0.4595942114,0.3996950414,0.3025240142,0.3567988347,0.2778087633,0.5568321963,0.4756106373
18.5,1,1,1,1,1,0.5038356404,0.6042359819,0.6528925016,0.4333468237,0.4919629418,0.4411495575,0.257867898,0.1833372117,0.4118827691,0.1934891304,0.4684352953,0.3998187008,0.3026004983,0.3577608146,0.2798211134,0.5644484317,0.4873025313
19,1,1,1,1,1,0.503896308,0.6042062795,0.653003049,0.4335459193,0.4921566957,0.4411884225,0.2578844569,0.1836108969,0.4183815177,0.1944916803,0.4767935964,0.3999758065,0.3028244249,0.3588965159,0.2815225981,0.5716236169,0.4984936864
19.5,1,1,1,1,1,0.5037794795,0.6042639271,0.6529165277,0.4335828253,0.4919568653,0.441338991,0.2580548474,0.1837679252,0.4246292395,0.1955643505,0.4847368102,0.4000275765,0.3030991608,0.3599913101,0.2829329233,0.5783148809,0.5090741487
20,1,1,1,1,1,0.5039052838,0.6042690283,0.6529258587,0.4337292926,0.4920116927,0.4415031595,0.2582143771,0.1839116352,0.4304185175,0.1964330266,0.4921364135,0.4000174938,0.3033264226,0.3607141071,0.28439497,0.5844460874,0.5192637527
20.5,1,1,1,1,1,0.504011028,0.6042885345,0.6530728766,0.4339029255,0.4920876771,0.4413795013,0.2583226501,0.1840066516,0.4357739098,0.1973170735,0.4991538481,0.4000039656,0.3035541439,0.3613309836,0.2856507899,0.5898873963,0.5289730154
21,1,1,1,1,1,0.5041614729,0.604389217,0.6529518643,0.4338909061,0.4922146445,0.4414139463,0.2585120037,0.184037859,0.4409172067,0.1980344826,0.5059605904,0.4003041035,0.3038086122,0.3617960477,0.2868341973,0.595283551,0.5381753562
21.5,1,1,1,1,1,0.5042589796,0.6042545191,0.6529239739,0.433804108,0.4919686094,0.4412950659,0.25869488,0.1841670729,0.4459747808,0.1986580281,0.5125338616,0.4002819482,0.3038864569,0.3624915468,0.2879673132,0.6001619275,0.5470029013
22,1,1,1,1,1,0.5042978047,0.6042176039,0.6527995154,0.4337807784,0.4920010177,0.4413797894,0.2588289214,0.1842864773,0.4505293786,0.1992922165,0.5189675238,0.4003042395,0.3041053911,0.3628965494,0.2889240495,0.6045436577,0.5553049938
22.5,1,1,1,1,1,0.5042725102,0.604105974,0.6528074349,0.4338788596,0.4919724376,0.441347881,0.2588322375,0.1843511422,0.4548165889,0.1999225278,0.5251577549,0.4003479414,0.3046093016,0.3635763059,0.2897282044,0.6089795614,0.5632355358
23,1,1,1,1,1,0.5042121801,0.6041571305,0.6525865598,0.4337457215,0.4917779698,0.4414237268,0.2588998683,0.1842726038,0.4588499781,0.2003846908,0.5310937372,0.4001725791,0.3047099925,0.3641334691,0.290504596,0.6130317409,0.5709866556
23.5,1,1,1,1,1,0.5041124538,0.604199835,0.6528257038,0.4337540341,0.4919989309,0.4415922791,0.2588435038,0.1842496077,0.4628169991,0.2008846617,0.5366199459,0.4001862416,0.3048216803,0.3645289361,0.2912160095,0.6167341105,0.5782597393
24,1,1,1,1,1,0.5042835203,0.6044476226,0.6530280115,0.4337150557,0.4922166038,0.4415978818,0.2586837653,0.1843592393,0.4663922431,0.2011116215,0.5417660528,0.4003528794,0.3048578908,0.3647613105,0.2919020933,0.6201259368,0.5850869765
24.5,1,1,1,1,1,0.5043343652,0.6041185339,0.6532168597,0.4339868504,0.4920209377,0.4415822203,0.2586954381,0.1843873999,0.4695561331,0.2012836074,0.5466837946,0.4004571166,0.3049122348,0.3649462974,0.2926432326,0.623198483,0.5916631128
25,1,1,1,1,1,0.5044721742,0.6041365873,0.6530762952,0.4339081468,0.4920217105,0.4416482586,0.2588988931,0.1844146125,0.472989088,0.2015147474,0.5514127876,0.400456041,0.3052144594,0.3650412746,0.293175237,0.6261507338,0.5979824406
25.5,1,1,1,1,1,0.5045645676,0.6040980356,0.6530961419,0.4337543354,0.4921946538,0.4416491474,0.2589989189,0.1845418031,0.476281958,0.2019103748,0.5561270744,0.4002549713,0.3051329059,0.3654586111,0.2936520072,0.6291137206,0.6037877707
26,1,1,1,1,1,0.5046603734,0.6043962493,0.6530651519,0.4341150119,0.4923409745,0.4416590231,0.2589150542,0.184515251,0.4793582522,0.2022287124,0.5605529577,0.400302263,0.30511158,0.3657794518,0.294311518,0.6317952662,0.6095108717
26.5,1,1,1,1,1,0.5046083479,0.6043828674,0.6529267156,0.4340781352,0.4921034201,0.4417954576,0.258828232,0.1846766433,0.4819855335,0.2023801152,0.5647751924,0.4001617306,0.3050727177,0.365882651,0.2947106612,0.634471184,0.615069181
27,1,1,1,1,1,0.5044741164,0.6043311892,0.653016178,0.4343633811,0.4921877004,0.4417174622,0.2589126531,0.1847751826,0.4845755813,0.2025331582,0.5689029738,0.4003138335,0.3053198796,0.3659843325,0.2951165626,0.6369481923,0.6201905455
27.5,1,1,1,1,1,0.5044556893,0.6042068053,0.6530457375,0.4342650992,0.4920666698,0.4419364654,0.2590444984,0.1847408096,0.4871163303,0.2029177676,0.5728895287,0.4004158927,0.3054038024,0.3659640143,0.2952694985,0.6391683777,0.6253619576
28,1,1,1,1,1,0.5044101354,0.6041473439,0.652948749,0.4340809974,0.4921242235,0.4420577422,0.2590604965,0.1846960149,0.4892283107,0.2031340541,0.5766028698,0.400290527,0.3055665604,0.3661438121,0.2956043352,0.6414549637,0.6301534546
28.5,1,1,1,1,1,0.5043133126,0.604121084,0.6527812646,0.4339756872,0.4921649141,0.4418533251,0.2591355226,0.1846458406,0.491280857,0.2031845122,0.5799123248,0.4003101327,0.3056364315,0.3662498039,0.2957429253,0.6434650493,0.6348528874
29,1,1,1,1,1,0.5043153823,0.6043654412,0.6527544681,0.4341635595,0.4920925485,0.4416982753,0.2590483168,0.1846770715,0.4934345516,0.2033260684,0.5833048687,0.4003716175,0.3056563755,0.3664630893,0.2957280699,0.6453960835,0.6392001522
29.5,1,1,1,1,1,0.5043339067,0.604244581,0.6527147496,0.4340750115,0.4922564467,0.4415424189,0.2590291501,0.1847237773,0.4953704056,0.2035789565,0.5865067629,0.4003785517,0.3055990677,0.3665428059,0.2959056179,0.6469344152,0.6432624638
30,1,1,1,1,1,0.504152285,0.6043838113,0.6527645585,0.4341146565,0.4922712312,0.441542887,0.2590538408,0.1848493271,0.4973814111,0.2038012467,0.5896214321,0.4005895518,0.3056103839,0.3666471338,0.2960559555,0.6486856183,0.6473094888
30.5,1,1,1,1,1,0.5040023657,0.6042772371,0.6527275869,0.4340889927,0.4920200323,0.4414139609,0.2588494761,0.184858149,0.4992227893,0.2038099303,0.59275011,0.4005643214,0.305589417,0.3668726624,0.2964063821,0.6501621117,0.6512197383
31,1,1,1,1,1,0.5042885634,0.6041834783,0.6528469333,0.4341274013,0.4922829803,0.4414739777,0.2586603073,0.1847656076,0.5008312689,0.2041253432,0.5956393262,0.4006285244,0.3055608321,0.3670198349,0.2967959435,0.6515611936,0.65469971
31.5,1,1,1,1,1,0.5043844751,0.6042699035,0.652793823,0.4339177139,0.4923056636,0.4415649894,0.2586574214,0.1847279727,0.5025058561,0.2041505618,0.598608552,0.400349072,0.3056442151,0.3670989706,0.2969037435,0.6528536284,0.6584241526
32,1,1,1,1,1,0.5043476377,0.604232506,0.6527220533,0.4342578622,0.4922309615,0.4415337649,0.2586627846,0.1847828656,0.503901901,0.2042555777,0.6012432012,0.4002277763,0.3057068912,0.3670120608,0.2969243767,0.6541517999,0.6614811596
32.5,1,1,1,1,1,0.5043767107,0.6041205277,0.6527590385,0.4342717513,0.4923190468,0.4412806782,0.2586272367,0.1846700972,0.5053480369,0.2042328687,0.603868532,0.400113005,0.3059760599,0.3668275577,0.2972332166,0.6553632164,0.6645106206
33,1,1,1,1,1,0.504447149,0.6040962958,0.6527445923,0.4342071897,0.4921526434,0.4411999551,0.2587318802,0.1848674305,0.5067036227,0.2043235672,0.6063879009,0.4002507864,0.3061733774,0.3667209704,0.2973944882,0.6565110823,0.6676146387
33.5,1,1,1,1,1,0.5047234802,0.6041527254,0.6526737123,0.4342800331,0.4922021843,0.4414006916,0.2587161314,0.1848963432,0.5079110836,0.2043298636,0.6088471736,0.4003676002,0.3061102123,0.3668331078,0.2975500462,0.6575242767,0.6705149867
34,1,1,1,1,1,0.5043647602,0.6039943038,0.6527008331,0.4341837178,0.4922756157,0.4415405164,0.2587596379,0.184874088,0.508846642,0.2043938511,0.6112368543,0.4007305328,0.3061370247,0.3667821897,0.2975439371,0.6583586636,0.6732644989
34.5,1,1,1,1,1,0.5043489631,0.6040452741,0.6525724395,0.4341357464,0.4922638386,0.4417108628,0.2588219649,0.1847074606,0.5100034489,0.2044112145,0.6133592865,0.4005717816,0.3063101996,0.3668420016,0.2975801689,0.6594207331,0.6762666816
35,1,1,1,1,1,0.5042176794,0.604064424,0.6528362594,0.4342761331,0.4920698989,0.4417191888,0.2588468733,0.1845743736,0.5111456576,0.2044897786,0.6154128067,0.4004977476,0.3063391644,0.3670194987,0.2976090264,0.6603708822,0.6788882583
35.5,1,1,1,1,1,0.5044106423,0.6040404504,0.6528413515,0.4341580229,0.4920862084,0.4415804794,0.2587949757,0.184537712,0.5120777546,0.2044591133,0.617379541,0.4004406173,0.3064804094,0.3670237068,0.2975543451,0.661166648,0.681364424
36,1,1,1,1,1,0.5043934302,0.6040620517,0.6527428158,0.4342865276,0.4919462593,0.4414979644,0.2590573653,0.1845894476,0.513149916,0.2043873361,0.6191859296,0.4003327506,0.306352137,0.3670320761,0.2976392098,0.6621640429,0.6836823498
36.5,1,1,1,1,1,0.5042814625,0.6040817089,0.6527475245,0.4343660604,0.4919462794,0.4413942372,0.2589656015,0.1846036449,0.5139941984,0.2042049957,0.6209177297,0.4002354855,0.3063592521,0.3670710497,0.2975646237,0.663012466,0.6859079322
37,1,1,1,1,1,0.5044043939,0.6039770026,0.6527761983,0.4343768811,0.4921431703,0.4413319012,0.2589189793,0.1846236635,0.5148511548,0.2044706056,0.6229230362,0.4001246746,0.3063365222,0.366968264,0.2976618518,0.6638768513,0.6879121563
37.5,1,1,1,1,1,0.5043738832,0.6041034616,0.6529767252,0.4342410097,0.4922038329,0.4417738323,0.2590057703,0.1847275316,0.5159687676,0.2045330347,0.6245509252,0.4001920828,0.3062662537,0.3671013674,0.2977759122,0.6645145809,0.6899414066
38,1,1,1,1,1,0.5042884167,0.6041428431,0.6528797429,0.4342935627,0.4922293979,0.4418953414,0.25875157,0.1846417861,0.516936643,0.2046995124,0.6263948112,0.4002925686,0.3061376691,0.3673345918,0.2979386756,0.6650668858,0.6920114883
38.5,1,1,1,1,1,0.5042337868,0.6040823497,0.6527128073,0.4341436669,0.4921173824,0.4415282919,0.2586703635,0.1847248601,0.5176399215,0.2045948018,0.6279108491,0.4001783715,0.306098034,0.3672547786,0.2982228888,0.6654773693,0.6940671625
39,1,1,1,1,1,0.5042751414,0.6043629324,0.6527898654,0.4341098184,0.4920317071,0.4416044662,0.258593858,0.1846912425,0.518324341,0.2047839183,0.629657056,0.4001181448,0.3062439985,0.3669547845,0.2981963966,0.6658533582,0.6958995496
39.5,1,1,1,1,1,0.5045832647,0.6041986715,0.6527018337,0.4340542329,0.4921067464,0.4416381598,0.2586315059,0.184651534,0.5190750359,0.2050139769,0.631204989,0.4002257685,0.3062810552,0.3669683007,0.2981395126,0.6664053836,0.6975925502
40,1,1,1,1,1,0.5045205595,0.6040674668,0.6527391262,0.4342302206,0.49214123,0.4414360509,0.2587686964,0.1845873834,0.5196980688,0.2050481254,0.6327348496,0.4002417589,0.3062428648,0.3670519081,0.2983473744,0.6668362824,0.6993267864
40.5,1,1,1,1,1,0.5045031044,0.6041996834,0.6526941534,0.4343134111,0.4922793422,0.4414010218,0.2589029378,0.1846210854,0.5200864802,0.2050541584,0.634194324,0.4002997109,0.3061487395,0.3669468724,0.2983085186,0.6672980631,0.700752497
41,1,1,1,1,1,0.5043933438,0.6043476664,0.6529211503,0.4344474346,0.4922240726,0.4415559735,0.2591100938,0.184786277,0.520638015,0.205133769,0.6356789043,0.4003613035,0.3061430059,0.3667675883,0.2981798992,0.6676837134,0.7024839219
41.5,1,1,1,1,1,0.5044146817,0.6041270933,0.6528770068,0.4342163793,0.492314481,0.4417901375,0.2588811571,0.1848027049,0.5212748154,0.2051403994,0.6372511061,0.4004619468,0.3060871255,0.366787149,0.2982036749,0.6681511594,0.7040827318
42,1,1,1,1,1,0.504633526,0.6040047964,0.652772925,0.4341975593,0.4923657684,0.4418217841,0.2590060621,0.1848817498,0.5219013458,0.2050929429,0.6383905996,0.4005418996,0.3059897728,0.3669988094,0.2984559021,0.6684279977,0.705736512
42.5,1,1,1,1,1,0.5045917802,0.6041323442,0.6527351446,0.4343143952,0.4924440016,0.4417162393,0.2591213408,0.1848809291,0.5226086918,0.2049964158,0.639731865,0.4004870116,0.3059777756,0.3670675419,0.2985826036,0.6687409971,0.7073159591
43,1,1,1,1,1,0.504458745,0.6038674577,0.6528409902,0.4341140709,0.4923315664,0.4415467665,0.259167371,0.1848692975,0.5232634644,0.205051855,0.6409872465,0.4003555153,0.306064521,0.3669088583,0.2984625501,0.6690800775,0.7085104107
43.5,1,1,1,1,1,0.5043769935,0.6039595398,0.6527628454,0.4340108981,0.4920635275,0.4414685423,0.2590677991,0.1847816288,0.5236773876,0.2052281243,0.6424710142,0.4008162048,0.3061874643,0.3671322362,0.2986000231,0.6695490301,0.7097868259
44,1,1,1,1,1,0.504164954,0.6039301017,0.6529207908,0.4340702758,0.4923025824,0.4415397088,0.2591683769,0.1848057992,0.5240985119,0.2053133818,0.6437587765,0.4005454115,0.3062436245,0.3669466355,0.2984642639,0.6699222752,0.7109606537
44.5,1,1,1,1,1,0.5040676181,0.6042613157,0.6530564629,0.4339033087,0.4921126682,0.4414783681,0.2591320727,0.184745797,0.5245473633,0.2054115483,0.6450434306,0.4006767164,0.306382168,0.3669620314,0.2983780422,0.6702448199,0.7120839559
45,1,1,1,1,1,0.5041790033,0.6045260468,0.6530649447,0.4339228872,0.4920117514,0.4414459806,0.259069996,0.1847537566,0.5248326479,0.2051645555,0.6461599833,0.4007430239,0.30644513,0.3669747151,0.2983796048,0.6704640252,0.7133791457
45.5,1,1,1,1,1,0.5042753155,0.6044747471,0.6530527533,0.433927334,0.4921389523,0.4414288216,0.2590192032,0.1847473021,0.5253643757,0.2052188122,0.6471500034,0.4008178788,0.3063895063,0.3668677469,0.298563326,0.6705844388,0.7146574545
46,1,1,1,1,1,0.5042924977,0.6042038173,0.653122829,0.4338261588,0.4920429339,0.4414608601,0.2592082176,0.184666475,0.5258984301,0.2051741707,0.6482365247,0.4007489174,0.3061624052,0.3671843793,0.298582763,0.6708491856,0.7155697422
46.5,1,1,1,1,1,0.5042019684,0.6043925152,0.6531670151,0.433794729,0.4920791652,0.4418095922,0.2591711243,0.1847600387,0.5261828444,0.2052182554,0.6490535641,0.4007957782,0.3060454928,0.3671566149,0.2985508396,0.6710407286,0.7168611956
47,1,1,1,1,1,0.5041654372,0.6042950627,0.6530399591,0.4338951146,0.491880843,0.4418213881,0.2593045445,0.1847197491,0.5266533652,0.2052021211,0.6499098125,0.4008186812,0.3061929902,0.3670258883,0.2986141865,0.6711659119,0.7176274407
47.5,1,1,1,1,1,0.5042067117,0.6039613815,0.6529572567,0.4339496034,0.4919217983,0.4416120914,0.2592092395,0.1848234776,0.5269390274,0.2051533558,0.6507977451,0.4009772189,0.3061152677,0.3669376471,0.2986961404,0.6715868881,0.7185868056
48,1,1,1,1,1,0.5043198604,0.603911616,0.6529011867,0.4340777299,0.4920340566,0.4414599123,0.2592058647,0.1847044105,0.5274845468,0.2051971915,0.651668938,0.4008219436,0.3061446619,0.3669436498,0.2985923964,0.6719049448,0.7194317166
48.5,1,1,1,1,1,0.5042158899,0.6039617905,0.6530024793,0.4340216443,0.49204932,0.4416648194,0.2592651385,0.1848464301,0.5276962375,0.2053356937,0.6526903135,0.4007852961,0.3062025981,0.3669628266,0.2985631669,0.671875917,0.7201867671
49,1,1,1,1,1,0.5042971885,0.6039702558,0.6528162557,0.433996616,0.4920933527,0.4414815047,0.259190282,0.1848634609,0.5281095125,0.2054947986,0.6533871072,0.4005370315,0.3062070722,0.3671429178,0.2985224611,0.6722238198,0.721002913
49.5,1,1,1,1,1,0.5044641913,0.6041527967,0.6527487394,0.4338893296,0.4919601229,0.4413287483,0.2590428021,0.1847864819,0.5281468776,0.2054173571,0.6542971021,0.4003166215,0.3061875741,0.3671860459,0.2984159001,0.6725674333,0.7218631876
50,1,1,1,1,1,0.5044002235,0.6040014985,0.6528355458,0.4339773222,0.4920063435,0.441659605,0.2592714577,0.1848228961,0.5285243929,0.2054013416,0.6549045983,0.4004625194,0.3061151284,0.3671277675,0.2985259179,0.6728927444,0.7225410484
50.5,1,1,1,1,1,0.5042880362,0.6038111147,0.6525838327,0.4340330544,0.4920335812,0.4417298416,0.2591072356,0.1848440066,0.5288075682,0.2053933063,0.6556229962,0.4003361326,0.3061628185,0.3671509548,0.2985152328,0.6730894805,0.7233158016
51,1,1,1,1,1,0.5043281724,0.6039581895,0.6528261876,0.4340261603,0.4919550336,0.4415156561,0.2590889015,0.1848054795,0.5289868515,0.2053414439,0.6564407909,0.4002019625,0.3061918253,0.3671711196,0.2984547393,0.6731003068,0.7242115467
51.5,1,1,1,1,1,0.5045018645,0.6040976275,0.6528487065,0.4341450788,0.4921211903,0.441278328,0.2589935616,0.1847949069,0.5293649367,0.2052885834,0.6575229886,0.4001115606,0.3062847773,0.3672261803,0.2985579479,0.6732324144,0.7250387553
52,1,1,1,1,1,0.5043508358,0.6040144276,0.6527349433,0.4342206141,0.4920307128,0.441402826,0.2589017016,0.1848925961,0.5295112373,0.2052263194,0.6584289701,0.4002761318,0.306464552,0.3671527814,0.2986275083,0.6735210638,0.7257940131
52.5,1,1,1,1,1,0.5044311599,0.6038953231,0.6527962541,0.43403883,0.4921178071,0.4411318,0.2590387421,0.1846995926,0.5297912237,0.2052033466,0.6591630523,0.4002733722,0.306350788,0.3673437953,0.2986324462,0.6736647094,0.7266134344
53,1,1,1,1,1,0.5044666281,0.6038590729,0.6529217432,0.4342606812,0.4920028637,0.4412607644,0.2590835108,0.1847084681,0.5300489307,0.2051784643,0.6599693873,0.4002516311,0.3063189618,0.3672797622,0.2986026881,0.6739400361,0.7271568568
53.5,1,1,1,1,1,0.5043152735,0.6040756302,0.6530218876,0.4341697925,0.4920670759,0.4413536076,0.2590115344,0.1847514877,0.5301635649,0.2051185224,0.6606142123,0.4002443213,0.3061260157,0.3670711819,0.2986368997,0.6741372411,0.7278308398
54,1,1,1,1,1,0.5043754649,0.6042189716,0.6531737868,0.4341763537,0.4921847923,0.4415612872,0.2589310711,0.1848254166,0.5302434343,0.2053143534,0.6613377634,0.4003684993,0.3064329691,0.3669031356,0.2984891276,0.67421013,0.7285187916
54.5,1,1,1,1,1,0.5042333202,0.6042214486,0.6529452225,0.4341410099,0.4921434429,0.4415374179,0.2589976815,0.1847673096,0.5303848955,0.2052935794,0.6618404529,0.4004443561,0.306433823,0.3670015978,0.2985444271,0.6744532447,0.7294059155
55,1,1,1,1,1,0.5042717611,0.6043196039,0.6529298833,0.4342081783,0.4922057626,0.4415670134,0.2588812847,0.1846709645,0.5304573701,0.2053626533,0.6625094981,0.4005647855,0.3063081315,0.3669308646,0.2984339568,0.6744901516,0.7299711162
55.5,1,1,1,1,1,0.5043850188,0.6041973055,0.6528543757,0.434002321,0.4921937286,0.441516246,0.2589909227,0.184705489,0.530765461,0.2055044695,0.663223376,0.400705098,0.3063353898,0.3669506783,0.298280306,0.6746612682,0.7306103551
56,1,1,1,1,1,0.5044841705,0.6041097191,0.6530239069,0.4339404582,0.4923347796,0.4417161306,0.25895482,0.1847743021,0.530891445,0.2055240628,0.663788335,0.4007143384,0.306290912,0.3670281078,0.2984202412,0.6749005372,0.7311847448
56.5,1,1,1,1,1,0.5046432623,0.6041162314,0.6528088526,0.4340503568,0.4923532264,0.4417647747,0.2588348836,0.1846296932,0.5308137508,0.2055238395,0.6644923788,0.4007433286,0.3063582228,0.3670907639,0.298419025,0.6749691714,0.7316371901
57,1,1,1,1,1,0.5044189339,0.6042975492,0.6529774275,0.4340854953,0.4923416099,0.4418543059,0.2588785295,0.1846742943,0.5309873271,0.2054256892,0.6649224931,0.4008834348,0.3065436799,0.367028241,0.2985869541,0.6750913295,0.7321770103
57.5,1,1,1,1,1,0.5045382309,0.6044986328,0.6530970354,0.4340939285,0.4921577394,0.4417280742,0.258833926,0.1847559208,0.53115359,0.2056363539,0.6654801738,0.400754858,0.3065330514,0.3671599572,0.2987159817,0.6750798423,0.7325572825
58,1,1,1,1,1,0.5045438749,0.6043057467,0.6531641505,0.4341647895,0.4921152065,0.441692914,0.2588771615,0.1847659895,0.5316383278,0.2056278424,0.6659957171,0.400741166,0.3063833619,0.3673662216,0.2987351149,0.6750795896,0.7333278164
58.5,1,1,1,1,1,0.5043280418,0.6041587779,0.652981279,0.4340706982,0.492172711,0.4416477813,0.259107586,0.1848056014,0.5317675197,0.2055616117,0.666420211,0.4007588556,0.3063322389,0.3676601669,0.298932899,0.6751014886,0.7337845321
59,1,1,1,1,1,0.5042240858,0.6042503487,0.6528516524,0.4342251161,0.4921422482,0.4414460486,0.2589091261,0.1848849576,0.531781031,0.2056809074,0.6669553557,0.4007198859,0.306329617,0.367626441,0.2990578123,0.6750793182,0.7341309171
59.5,1,1,1,1,1,0.5041548234,0.6040841995,0.6530119945,0.4344086932,0.4919072466,0.4415140052,0.2588573206,0.1848034206,0.5318568588,0.2057066581,0.6674394173,0.4006778002,0.3063273869,0.3675543386,0.2990953755,0.6753377124,0.7345081164
60,1,1,1,1,1,0.5042076916,0.6039813143,0.653053647,0.4340979795,0.4920166974,0.4417476589,0.2587004882,0.1847283007,0.5318543564,0.2060119534,0.6679083912,0.4006415637,0.3065052025,0.3674314161,0.2989009935,0.6754535424,0.7350404476
60.5,1,1,1,1,1,0.5042319456,0.6037860889,0.6528150136,0.434212039,0.4920766533,0.4415830746,0.2588540281,0.1846399903,0.5318490825,0.2060323719,0.6684654435,0.4005048971,0.3065139477,0.3676054025,0.2989364964,0.6753253842,0.7352870913
61,1,1,1,1,1,0.5042009045,0.6039266959,0.6529057062,0.4340447989,0.491937476,0.4415425631,0.2589593969,0.1845923236,0.5322789793,0.2057952235,0.6689190147,0.4005931263,0.3064512389,0.3674036259,0.2989685123,0.6753472189,0.7359625563
61.5,1,1,1,1,1,0.5042186182,0.603787564,0.652940405,0.4337997865,0.4919130607,0.4416246184,0.2589086545,0.1843559575,0.5325919805,0.2056572728,0.6695482067,0.400738113,0.3064931118,0.3675960875,0.2988691904,0.6751917732,0.7362534537
62,1,1,1,1,1,0.5041890688,0.6037838193,0.6529370265,0.4339298416,0.4916657969,0.4415000492,0.258873673,0.1842943123,0.5327950338,0.205703721,0.6702180798,0.4006793801,0.3064421027,0.3674681848,0.2989013745,0.6752701162,0.7365684535
62.5,1,1,1,1,1,0.5042713459,0.6040112902,0.6528315922,0.433912912,0.4917229496,0.4414573426,0.2587406576,0.1844288758,0.5328130837,0.2058227857,0.6705989511,0.4007994814,0.3064764676,0.3674908874,0.2988817798,0.6751930283,0.7369141558
63,1,1,1,1,1,0.5045224679,0.6040255057,0.6529765794,0.4339747643,0.49169809,0.4415738459,0.2588792523,0.184570778,0.5328492276,0.2057416372,0.6711159648,0.4007667995,0.3065153331,0.3672919084,0.298979702,0.6750151222,0.7371892479
63.5,1,1,1,1,1,0.5045314327,0.6041327334,0.6528627239,0.4341082022,0.4916866986,0.4411009522,0.2586401549,0.1844997236,0.5327403914,0.2056044003,0.6715378228,0.4005479272,0.3065728667,0.3671588479,0.2989296725,0.6750382897,0.7373486469
64,1,1,1,1,1,0.5044101729,0.6041024755,0.6527832991,0.4340912671,0.4917652451,0.4411565879,0.2588664382,0.1846404637,0.5327066118,0.2056322666,0.6717479064,0.4009206826,0.3065345372,0.3670769774,0.2989685248,0.6749756795,0.7377068546
64.5,1,1,1,1,1,0.504442477,0.6041373795,0.6527304082,0.4340378819,0.4920331731,0.441319198,0.2589055283,0.1846980483,0.532816958,0.2055389332,0.6721930145,0.4007979996,0.3064774652,0.367111901,0.2989149618,0.6748037559,0.7380613345
65,1,1,1,1,1,0.5042776635,0.6039858455,0.6527936148,0.4338684434,0.4918751044,0.4413380364,0.2588826254,0.1847535715,0.5327054909,0.2056224095,0.672693374,0.4006317274,0.3066790492,0.3672605599,0.2988754501,0.6751319442,0.7382035313
65.5,1,1,1,1,1,0.5043055737,0.6041587485,0.6529388369,0.4338562714,0.4920256547,0.4411022944,0.2588784479,0.1846317403,0.5327861278,0.2056217234,0.673298365,0.4007722754,0.3065905542,0.3669249876,0.2990757747,0.6752332951,0.7384167627
66,1,1,1,1,1,0.5042740182,0.604176506,0.6527788509,0.4338160156,0.4920760352,0.4412860012,0.2587646582,0.1846459697,0.5327457123,0.2056577372,0.6738845834,0.4005940516,0.3065845147,0.3672026366,0.2990270882,0.6753760175,0.7388141949
66.5,1,1,1,1,1,0.5042404983,0.6041915299,0.6530209931,0.4337136084,0.4919822431,0.4411204977,0.2587278432,0.1846902287,0.5328492177,0.2056470308,0.674077167,0.4004900603,0.3066568816,0.3670136049,0.2991210571,0.6752128047,0.7391555798
67,1,1,1,1,1,0.5042487854,0.6042466338,0.6528963522,0.4337853957,0.4919134507,0.4411585685,0.2586318034,0.1847588026,0.5328595697,0.2057111172,0.6744415784,0.4006576095,0.3066842627,0.367122184,0.2988360239,0.6754235325,0.7395765053
67.5,1,1,1,1,1,0.5044686853,0.6043608345,0.6530124795,0.4339045217,0.4919507615,0.4411979689,0.258647415,0.1846931658,0.533066843,0.2056658738,0.674887118,0.4005617868,0.3065254882,0.367076906,0.2989775382,0.6753360256,0.7399204692
68,1,1,1,1,1,0.5045374889,0.6043413582,0.6527384341,0.4339117577,0.4921217596,0.4412214337,0.2587136148,0.1846871653,0.5333053494,0.2055785136,0.6751846949,0.4005789038,0.3066587683,0.3671638946,0.2990140494,0.6753718938,0.7403114665
68.5,1,1,1,1,1,0.5043319006,0.604186131,0.6527993931,0.434182438,0.4922841372,0.4413931393,0.2588544202,0.184753705,0.5332474055,0.2056105467,0.6755160968,0.4005304049,0.3066015221,0.36722714,0.2990694877,0.6754647549,0.7404189866
69,1,1,1,1,1,0.5042421548,0.6043071871,0.6529438704,0.4341877931,0.4920101664,0.4415567291,0.2588682798,0.1847830964,0.5332871061,0.2055932227,0.675672274,0.4002150703,0.3066394226,0.3671973917,0.2990895645,0.6757105806,0.7406198134
69.5,1,1,1,1,1,0.5041703972,0.6042676379,0.6528760027,0.4340133125,0.4919411192,0.441529179,0.2588014675,0.184749101,0.5333501383,0.2057870612,0.6758939167,0.4001444222,0.3066043919,0.3670269063,0.299075674,0.6757686475,0.7410208003
70,1,1,1,1,1,0.5041441812,0.6040850035,0.6529119122,0.4340428158,0.4919710734,0.4415681192,0.2586687962,0.1847023365,0.5334097046,0.2057363321,0.6763377405,0.4001260224,0.3065547602,0.3670496186,0.2991092912,0.6757140972,0.7412879874
70.5,1,1,1,1,1,0.5041696655,0.6042513061,0.6529779803,0.4340013681,0.4920886131,0.4415701632,0.2586048658,0.1846428847,0.5333041111,0.2056998097,0.6766050922,0.4000412138,0.3064326533,0.3670645534,0.2990537254,0.6757975172,0.7414262449
71,1,1,1,1,1,0.5042295641,0.6041890888,0.6528020334,0.4341573643,0.4921378157,0.4414960916,0.2586915231,0.1846589567,0.5335759708,0.2056104137,0.6766174267,0.4000763611,0.3064267858,0.3669381692,0.2991326314,0.6755967442,0.7416335379
71.5,1,1,1,1,1,0.5042122398,0.6041508107,0.6528680115,0.4339551423,0.4922521304,0.4417041935,0.2588414537,0.1846606143,0.5337352468,0.2055418217,0.6766813059,0.4000900333,0.3064246594,0.3671485004,0.2991691854,0.6757507848,0.7419259793
72,1,1,1,1,1,0.5044940614,0.6041688297,0.6528129632,0.4339628155,0.4923393165,0.4418515214,0.2588910638,0.184637869,0.5337881408,0.2054888835,0.6768922497,0.400192802,0.3065553705,0.3671921751,0.2991804633,0.675733913,0.7420715225
72.5,1,1,1,1,1,0.5044617104,0.6041981642,0.6529156178,0.4338154035,0.4924601325,0.441650114,0.2589852539,0.1846543382,0.5338565837,0.2053296305,0.6770550162,0.4002322386,0.3065639704,0.3670652018,0.2991613542,0.6757638633,0.7421861454
73,1,1,1,1,1,0.5044350141,0.6041191456,0.6527485765,0.4339107886,0.4921778011,0.4417145849,0.2589463117,0.1847075771,0.5337828082,0.2055116165,0.6775142173,0.4003167029,0.3065948198,0.3670661794,0.2992922379,0.6758930316,0.7423886185
73.5,1,1,1,1,1,0.5043240555,0.6042261571,0.6530719492,0.4339051564,0.4922048988,0.4416274557,0.2589615029,0.1848262077,0.5337851055,0.2054857474,0.677756766,0.4003000298,0.3065643533,0.3672888593,0.2993695783,0.6758823678,0.7427338144
74,1,1,1,1,1,0.504297911,0.6043378845,0.6530595728,0.4337359191,0.4921297213,0.4416682153,0.2588665286,0.1848678899,0.5337857457,0.2054927901,0.6780009846,0.4003407752,0.306445254,0.3672232574,0.2993277073,0.6759771672,0.7429018737
74.5,1,1,1,1,1,0.5043028493,0.6043779736,0.6531516911,0.4338878954,0.4921355567,0.4415496193,0.2588621297,0.1849738743,0.5337559591,0.205623579,0.6780359803,0.4005201478,0.3063804597,0.3670725185,0.2993778087,0.6760821458,0.7431074008
75,1,1,1,1,1,0.5042715362,0.6042576804,0.6528961713,0.4339355255,0.4922408854,0.4412734069,0.2587859052,0.184782624,0.5339542048,0.2058024309,0.6782602306,0.4005448782,0.3063495246,0.3671722947,0.2993047668,0.6762228156,0.7431915012
75.5,1,1,1,1,1,0.5042769579,0.6042580044,0.6529281426,0.4338799514,0.4921535512,0.4414680444,0.2587035102,0.1845678779,0.5340181428,0.2057574109,0.6786486735,0.4005542707,0.306461464,0.367105108,0.2992125522,0.6764469684,0.7434379419
76,1,1,1,1,1,0.5042746953,0.6041989074,0.6529295143,0.4339372608,0.4921488274,0.4416113925,0.2587243643,0.1845833259,0.5342490577,0.2058349773,0.6789569623,0.400490017,0.3066064962,0.3671384765,0.2993079387,0.6762424301,0.7435816794
76.5,1,1,1,1,1,0.5042727785,0.6042550679,0.6529689172,0.4338453235,0.4920981971,0.441533423,0.258885939,0.1843823677,0.5343111426,0.2059292192,0.6792867569,0.4003212766,0.3065140497,0.3670334228,0.2990300325,0.6760734501,0.7437226905
77,1,1,1,1,1,0.5043912458,0.60420998,0.652853043,0.4338831316,0.4922246254,0.441496178,0.25877115,0.1844244589,0.5342138658,0.2058263457,0.6795613386,0.4003975982,0.3065336788,0.366927496,0.2989594543,0.6759264797,0.7438703567
77.5,1,1,1,1,1,0.504316421,0.6040922183,0.652999001,0.4339566766,0.4923281396,0.4414969088,0.2587588927,0.1845129005,0.5343746179,0.205742454,0.6798221816,0.400301504,0.3064809841,0.3668914958,0.2987887258,0.676012672,0.7438856425
78,1,1,1,1,1,0.5042369982,0.6042372418,0.6529353067,0.4340509256,0.4923022105,0.441624849,0.2587295552,0.184514925,0.5344704819,0.2057436627,0.6800334557,0.4001567136,0.3062305944,0.3670267373,0.2988375723,0.676099532,0.7441062603
78.5,1,1,1,1,1,0.5041533801,0.6043290947,0.6528533594,0.4338661345,0.4924339418,0.4416437215,0.258588064,0.1844542859,0.5342369523,0.2057464358,0.6802908544,0.4004205417,0.3062152863,0.3669046619,0.2989044439,0.6760968663,0.7442466653
79,1,1,1,1,1,0.5039721251,0.6041865902,0.6528883045,0.4339251901,0.4926120658,0.4415125838,0.2585418666,0.1844048936,0.5342383687,0.2056929771,0.6805917481,0.4003046171,0.3062418644,0.3669770317,0.298754654,0.676203775,0.7443230592
79.5,1,1,1,1,1,0.5039378099,0.6041707294,0.6528369316,0.434095449,0.4926924455,0.4416021149,0.2586505195,0.1844738671,0.5343676878,0.2056703312,0.680774285,0.4005913206,0.3064280366,0.3668072089,0.2988615842,0.6761737157,0.7443618662
80,1,1,1,1,1,0.5039386945,0.604171347,0.6529303568,0.4340895606,0.4927140279,0.4416686106,0.258809457,0.1844932464,0.5342571751,0.2057461531,0.6810652264,0.4006912268,0.3066388902,0.3671387406,0.2987923926,0.676039472,0.744490042
80.5,1,1,1,1,1,0.5039173062,0.6041161548,0.6531470374,0.4341577697,0.4924264697,0.4418372351,0.2589662212,0.1846505073,0.5342625392,0.2056106602,0.6812381673,0.400521921,0.3065537852,0.3672574407,0.2988025138,0.6761846861,0.7445960005
81,1,1,1,1,1,0.5040101279,0.6041661108,0.6530709858,0.4343150115,0.4925523208,0.4419858809,0.2588185257,0.1846008624,0.5345042139,0.2056526405,0.6815656574,0.4008660245,0.3064457206,0.3670105771,0.2990372791,0.6762286023,0.7446117898
81.5,1,1,1,1,1,0.5041938251,0.6043198089,0.6530626467,0.4340352497,0.4924185775,0.4419060276,0.2588515245,0.1848202345,0.5344366901,0.2055197699,0.6815592734,0.4006005643,0.3064255875,0.3669324018,0.2990803784,0.6763786199,0.74465163
82,1,1,1,1,1,0.5042993752,0.6043107836,0.6530057976,0.433970505,0.492559334,0.4419877514,0.2590290197,0.1847931716,0.5345673637,0.2055229678,0.6819567462,0.4005283218,0.3064278733,0.3670136587,0.2990677544,0.6765592586,0.7449193538
82.5,1,1,1,1,1,0.5042396508,0.6042249659,0.652607056,0.4339026851,0.4924047973,0.4417608053,0.2590638361,0.1847215022,0.5348037814,0.2055056329,0.682195254,0.4005613803,0.3063510404,0.3671934512,0.2992242614,0.6764419441,0.7451531817
83,1,1,1,1,1,0.5043650623,0.6045029449,0.6528146296,0.4337628063,0.4921114661,0.4415877508,0.2589921935,0.1848038975,0.5347594473,0.2055360189,0.6825837885,0.4006128441,0.3064980018,0.3670556569,0.299144198,0.6764001956,0.7452280691
83.5,1,1,1,1,1,0.5040420599,0.6044126434,0.6527826533,0.4339530341,0.4922332085,0.4416247883,0.2590354446,0.1848701631,0.5348307376,0.2055736969,0.6828105711,0.4007216111,0.3063208206,0.3669853898,0.299107668,0.676310641,0.7453335307
84,1,1,1,1,1,0.5042856321,0.6042278559,0.6528821245,0.4337012161,0.492312127,0.441453483,0.2591867609,0.1847549335,0.5348400493,0.2056148718,0.6830928503,0.4004767446,0.3064268665,0.3669314585,0.2989146911,0.676427809,0.7454685706
84.5,1,1,1,1,1,0.5042096479,0.6041704094,0.6528882281,0.4335955856,0.492147084,0.4414734303,0.2591062284,0.1848927287,0.5349105139,0.2057142118,0.6831830842,0.4005517815,0.3064159632,0.3667879729,0.298729437,0.6764909443,0.745465102
85,1,1,1,1,1,0.5041539547,0.604204317,0.6529444636,0.4337258711,0.4923162623,0.4415545179,0.2591445668,0.1848453723,0.5350320129,0.2056074452,0.6833072319,0.4005989269,0.3065179863,0.3668324574,0.2988131593,0.6765653469,0.7456286269
85.5,1,1,1,1,1,0.5042948487,0.6042760731,0.6528186495,0.433859959,0.4921978006,0.4417686268,0.2590517569,0.1848070956,0.5352081784,0.2056078536,0.6835809328,0.4007939279,0.3065855026,0.3669233235,0.2989350234,0.6765172927,0.7456649219
86,1,1,1,1,1,0.5043235353,0.6042811197,0.6528902006,0.4337827616,0.4920912485,0.4416831635,0.258905107,0.1848294378,0.5351321167,0.2055727651,0.6835247725,0.4007218112,0.306517024,0.3669793929,0.2989505978,0.6765493853,0.7457477047
86.5,1,1,1,1,1,0.5044234496,0.6043455521,0.6528496812,0.4338937321,0.4921586318,0.4417912667,0.2587255011,0.1849044576,0.5351851526,0.2056845117,0.6836254999,0.4007928248,0.3064731277,0.3671093315,0.2990679936,0.6763377823,0.7458862198
87,1,1,1,1,1,0.5043731048,0.6043454899,0.6530081956,0.4340507245,0.4923397487,0.4415780265,0.2589187431,0.1848533015,0.5351766911,0.2056313465,0.6838335156,0.4008073876,0.3064294595,0.3671512886,0.2991166165,0.6762222077,0.7460461259
87.5,1,1,1,1,1,0.5041843117,0.6044572302,0.6531720232,0.4339969391,0.4918696129,0.4414985408,0.2590233768,0.1849016781,0.5349098434,0.2055584191,0.6838767935,0.4006347376,0.3065625589,0.3673099636,0.2990966653,0.6762901205,0.7461562669
88,1,1,1,1,1,0.5041799309,0.6042917693,0.6531074804,0.4342755381,0.491801418,0.4413909572,0.2588899843,0.1850448681,0.5349911476,0.2054546336,0.6841799156,0.4005776998,0.3065890648,0.3670800121,0.2992062117,0.6765380346,0.7464009167
88.5,1,1,1,1,1,0.5041220655,0.6044650895,0.653074045,0.4342202067,0.4918256837,0.4414535295,0.2590184749,0.1851232874,0.5348656975,0.2056811873,0.6841832061,0.4006530821,0.3067201237,0.3671667942,0.2990814275,0.6765683688,0.7465197634
89,1,1,1,1,1,0.504083644,0.6045952808,0.6527647741,0.4342806664,0.4920020234,0.4416292847,0.25886074,0.1850992899,0.5350997424,0.205642642,0.6842290176,0.4005181005,0.3066427993,0.3671841201,0.2991202426,0.6767961743,0.7466310175
89.5,1,1,1,1,1,0.5041067752,0.6045409744,0.6527308873,0.4341179469,0.492171332,0.4416258525,0.2589432364,0.1851097766,0.5351878543,0.2057223982,0.6843955399,0.4006062074,0.306685649,0.3670347924,0.2991714386,0.6768561967,0.7466814969
90,1,1,1,1,1,0.5040879285,0.6045215238,0.6530250197,0.4342654744,0.4921033693,0.4415553935,0.2587698828,0.1850578819,0.5350346608,0.2057151338,0.6846404884,0.4005419997,0.3065580559,0.3671052582,0.2992221626,0.6770952171,0.7467348623
90.5,1,1,1,1,1,0.5042379584,0.6045707167,0.6530741281,0.4343482796,0.4917997452,0.4415421403,0.258836378,0.1851610306,0.5349825545,0.2057824641,0.6848795779,0.4004388744,0.3065712558,0.3671335933,0.2992096325,0.677041506,0.74682394
91,1,1,1,1,1,0.5042492473,0.6045621712,0.6529776472,0.4340645639,0.4919931818,0.4413906329,0.2588295453,0.1850804901,0.5350044383,0.2058812988,0.6851961294,0.4006979881,0.3067493162,0.3672270831,0.2990904718,0.6771505165,0.7469818876
91.5,1,1,1,1,1,0.50447838,0.6043758616,0.6529500505,0.4338610078,0.491987176,0.441368172,0.2588665218,0.1849809994,0.5349555757,0.2058749136,0.6853535944,0.4004381516,0.3067290567,0.367177978,0.2990274451,0.6771358394,0.7469913668
92,1,1,1,1,1,0.5041854283,0.6042129455,0.6527531227,0.4341268371,0.4920394625,0.4415340364,0.2589071624,0.1849851796,0.5349638959,0.2059848374,0.6854435467,0.4004729979,0.3068103538,0.3672389757,0.2991096312,0.6772058498,0.7470705709
92.5,1,1,1,1,1,0.5042694894,0.6042900468,0.6528845541,0.4342900432,0.4919505274,0.4414730738,0.2590607163,0.1848927175,0.5351423974,0.2060321257,0.6854236719,0.400609184,0.3067885139,0.3671717435,0.2988759069,0.6770289093,0.7471946073
93,1,1,1,1,1,0.5043475212,0.6042396587,0.6530723158,0.4341291674,0.491808393,0.4416051731,0.2589428863,0.184816591,0.5350372669,0.2060291918,0.6856897646,0.4004635034,0.3067196052,0.3671339875,0.2987769972,0.6770203121,0.7471270598
93.5,1,1,1,1,1,0.5042927499,0.6041328037,0.653094614,0.4339161887,0.4921661365,0.4417362306,0.2587555118,0.1847863505,0.5349362839,0.2058496141,0.6857278549,0.4004352457,0.3068264634,0.3673462625,0.2989894711,0.6770740154,0.7471294838
94,1,1,1,1,1,0.5042386498,0.6038072808,0.6529441632,0.4341592913,0.4921418795,0.441708151,0.2587098079,0.1847791769,0.5350566407,0.2056543211,0.6856644001,0.4004927929,0.3064834673,0.3673648372,0.2991067974,0.6772434037,0.7472886175
94.5,1,1,1,1,1,0.5043972968,0.6038008639,0.6528838863,0.434167367,0.4920534389,0.441689009,0.2586790824,0.1847739916,0.5350266784,0.2057568172,0.6858919564,0.4005161836,0.3066342385,0.3672715687,0.2992778716,0.6772104721,0.7474375715
95,1,1,1,1,1,0.5043692492,0.6039327655,0.6527170163,0.4341915065,0.4920357541,0.4415341595,0.2586978996,0.1847947906,0.5351614806,0.2057044535,0.6857939906,0.4004124347,0.3065365504,0.3671558654,0.2993353536,0.6771298983,0.7476545489
95.5,1,1,1,1,1,0.5043970285,0.6039785914,0.6528171761,0.4341318071,0.4922031184,0.4416124539,0.2588420375,0.1849218565,0.535077935,0.2057067351,0.6859007737,0.4003914665,0.3066419845,0.3671123148,0.2990797569,0.6769670536,0.7476477209
96,1,1,1,1,1,0.5043507886,0.6041096656,0.6528830756,0.4342337329,0.4919896276,0.441709533,0.2586846296,0.1849220639,0.5349924152,0.2058041191,0.686071868,0.4004197201,0.3067923848,0.3670784322,0.2989695289,0.6770154137,0.747824443
96.5,1,1,1,1,1,0.5042031533,0.6042147706,0.6530148005,0.4342490465,0.4921466635,0.4418008009,0.2588876104,0.1848273847,0.5349482383,0.20571338,0.6862128996,0.4005467869,0.3066948348,0.3671695483,0.2987710765,0.6772453763,0.7478863937
97,1,1,1,1,1,0.5042524756,0.6041203511,0.6530097792,0.4342522854,0.4919714977,0.4416703065,0.2587942587,0.184761923,0.5349233618,0.2057964295,0.6863371268,0.4005904629,0.3068372424,0.3670705718,0.2987868444,0.6773424552,0.7482018818
97.5,1,1,1,1,1,0.5040727811,0.6040986118,0.65290492,0.4341931331,0.4920816478,0.4417760261,0.2588754754,0.184814366,0.5349020062,0.2057427704,0.6864600263,0.4005451003,0.306792238,0.3671356648,0.2987495378,0.677127953,0.7482913132
98,1,1,1,1,1,0.5041578458,0.6040181321,0.6529431733,0.4341829121,0.491794413,0.441782164,0.2589726938,0.1847732752,0.5347474803,0.2058596572,0.6865726183,0.4007069063,0.3067692673,0.3671708052,0.2987229278,0.6771013085,0.7484548047
98.5,1,1,1,1,1,0.5043520825,0.6040814611,0.6527029527,0.4339612563,0.4919128934,0.4413655597,0.2588040188,0.1848085311,0.5347213889,0.2058085924,0.6865261883,0.400705221,0.3067947139,0.3670754125,0.2987465635,0.6770492652,0.7484014005
99,1,1,1,1,1,0.5040996388,0.6042341878,0.6528130317,0.4338211451,0.4917395734,0.4413008013,0.2589491939,0.1846866295,0.5348559439,0.205892622,0.68641312,0.4007200039,0.3066418197,0.3667434811,0.2986913572,0.6771037671,0.7486207684
99.5,1,1,1,1,1,0.503935924,0.6042432192,0.6526600784,0.4339469859,0.4918554722,0.4415457809,0.2590454273,0.1847082078,0.534897085,0.2057667979,0.6863002705,0.4007808003,0.3066253197,0.3670445391,0.2988181434,0.6771075791,0.748698589
100,1,1,1,1,1,0.5041395699,0.6043108051,0.6527739777,0.4338863944,0.4918849577,0.4417448639,0.258919184,0.1848225373,0.5347559334,0.2055910297,0.6864471537,0.4005967528,0.3065831909,0.3671543308,0.2987059912,0.6773510972,0.7486599658
100.5,1,1,1,1,1,0.5042817081,0.6043369309,0.6530224688,0.4339794811,0.4919430009,0.4417088397,0.2588968411,0.1847769102,0.534679881,0.2056313862,0.6864608514,0.4004356784,0.30649273,0.3670283335,0.2988383862,0.6772497809,0.7487194288
101,1,1,1,1,1,0.5043366175,0.6041186759,0.6529355519,0.4340730686,0.4921395356,0.441792461,0.2588489969,0.1848510477,0.5346556046,0.2054747159,0.6864411668,0.4006267504,0.3064037038,0.3672094977,0.29882586,0.6772792557,0.7488280096
101.5,1,1,1,1,1,0.5043021369,0.6042025416,0.6528419871,0.4342183412,0.4922359185,0.4418032439,0.2588099705,0.1848195667,0.5346034386,0.205713254,0.686435566,0.4005324243,0.3063057355,0.3672632283,0.2986757155,0.6771843228,0.7489603939
102,1,1,1,1,1,0.5043011161,0.6043205764,0.6526726126,0.4341067552,0.4922197669,0.4418645408,0.2587227695,0.1847901145,0.5345284219,0.2056674045,0.6866160452,0.4005023391,0.306396711,0.3674045076,0.298601018,0.6772281559,0.749003912
102.5,1,1,1,1,1,0.5042418978,0.6041356902,0.6528672547,0.434079707,0.4922526547,0.4418404413,0.2588203108,0.1848017473,0.5346440994,0.2057804753,0.6867162299,0.4004314347,0.3064954318,0.3673584561,0.2985071696,0.6772581757,0.7489427983
103,1,1,1,1,1,0.5043668147,0.6041233802,0.6526318834,0.4340574851,0.4921929469,0.4418292275,0.2587502065,0.1847244882,0.5348720367,0.2056895488,0.6866958576,0.4003934794,0.306483573,0.367334703,0.2984996126,0.6772196662,0.7490956325
103.5,1,1,1,1,1,0.5042198783,0.6042353607,0.6527696509,0.4342603108,0.4922024418,0.4417472067,0.2587778336,0.1848596002,0.5346967277,0.2055178109,0.6868677342,0.4003502,0.3065081452,0.3672868691,0.2984602871,0.6773409155,0.7490662878
104,1,1,1,1,1,0.5044436223,0.6044052557,0.6528148463,0.4342079788,0.4923356324,0.4416162503,0.2588921405,0.1847985178,0.5346474469,0.2055353718,0.6870897032,0.4002915972,0.3064065407,0.3672754558,0.2984822282,0.6773691559,0.7491975637
104.5,1,1,1,1,1,0.504334196,0.604206345,0.6530210932,0.4343479068,0.4922837832,0.4414710089,0.2589307709,0.1846191472,0.5343949214,0.2054276494,0.6871218929,0.4002996722,0.306504521,0.3672713444,0.2985928561,0.677470837,0.7491273868
105,1,1,1,1,1,0.5042929032,0.6042773837,0.6531313928,0.4342650468,0.4921864095,0.4416931112,0.2589903459,0.1848559067,0.5343899263,0.2056127324,0.6873101335,0.4002722619,0.3064432537,0.3674000666,0.2985625074,0.6776018995,0.7491867211
105.5,1,1,1,1,1,0.5042929221,0.604234253,0.652999452,0.4340637104,0.4921995113,0.4417360615,0.2589492997,0.1849818524,0.5345227242,0.2057117902,0.6874161083,0.4002841688,0.3062518344,0.367438778,0.2987815556,0.6775104369,0.7490896511
106,1,1,1,1,1,0.5042202255,0.6042575991,0.6529020576,0.4341092294,0.4921758253,0.4417805095,0.2588182168,0.1850014633,0.53445102,0.2056702445,0.6875657436,0.400137797,0.3064475118,0.3672663292,0.2988124227,0.6775229673,0.7492702273
106.5,1,1,1,1,1,0.5043936079,0.6041108514,0.6527651906,0.4341134945,0.4922044288,0.4418520256,0.258751095,0.1848751452,0.5345577567,0.2057319792,0.6876346753,0.4001840809,0.3063919653,0.3671115651,0.2986467156,0.6774527325,0.749444505
107,1,1,1,1,1,0.5043984531,0.6040829873,0.6529223639,0.4339497454,0.4921496791,0.4417102511,0.2588644454,0.1847044539,0.534665709,0.20580745,0.6876154211,0.4004058663,0.3066069465,0.3673394762,0.2987428884,0.677437186,0.7494736536
107.5,1,1,1,1,1,0.504398706,0.6040972961,0.6530427786,0.4340808368,0.4921951275,0.4417023818,0.2588892185,0.1847475874,0.5344166334,0.2057861134,0.6876345732,0.4004263216,0.3065675811,0.3672899917,0.2986856415,0.6774942309,0.74940901
108,1,1,1,1,1,0.5042625027,0.6041398038,0.6527537398,0.4341026411,0.4921751014,0.4416690563,0.258880747,0.1846178059,0.534481905,0.2056479808,0.6877572944,0.4004599015,0.3065210212,0.3670897077,0.2988139901,0.6773674019,0.7494274654
108.5,1,1,1,1,1,0.5043776595,0.6038808436,0.6527371809,0.434028968,0.4921044363,0.4415823784,0.2586526909,0.1846537037,0.5344419061,0.2055922874,0.6877565717,0.4005786291,0.3065487573,0.366924422,0.2988421001,0.6775143471,0.7494362993
109,1,1,1,1,1,0.5044212654,0.6038672797,0.6528824416,0.4341935183,0.4922097041,0.4417294576,0.2585894358,0.1846696479,0.5345933117,0.20560428,0.6877534608,0.4006508913,0.3066895556,0.3671248688,0.2988000897,0.677444506,0.7494325167
109.5,1,1,1,1,1,0.5042755012,0.6040313845,0.6528533861,0.434034064,0.4922630663,0.4414278163,0.2585401595,0.1846472133,0.5346128143,0.2056146358,0.6875906807,0.4004741129,0.3068601331,0.3672488284,0.2989710574,0.677326225,0.7495259623
110,1,1,1,1,1,0.5042298119,0.6043158069,0.6528084879,0.434239964,0.4921398102,0.4414798113,0.2586681213,0.1847228353,0.5347464474,0.2056415882,0.6874433056,0.400402274,0.3069963702,0.3674550632,0.2990564157,0.6775464547,0.7496650548
110.5,1,1,1,1,1,0.5044596397,0.6040880835,0.6528979222,0.4342484468,0.4923368308,0.4415785323,0.25886705,0.1847984689,0.5349022911,0.2055818588,0.6875638592,0.4002362313,0.3070332399,0.3674587094,0.2992604024,0.6772878928,0.7498117236
111,1,1,1,1,1,0.5043799903,0.6041311613,0.6529826626,0.4342987756,0.4923310025,0.4416418716,0.2590449157,0.18500505,0.5349360648,0.2056242368,0.6875284708,0.4000088348,0.3069112247,0.3675589117,0.2991233727,0.6773349788,0.7498578986
111.5,1,1,1,1,1,0.504297174,0.6039880762,0.6530222194,0.4341662843,0.4925141315,0.4417772351,0.2590643142,0.1849482891,0.5348682934,0.2055936353,0.6876313793,0.4003070216,0.3068256394,0.367450736,0.2990967129,0.6773525154,0.7498420753
112,1,1,1,1,1,0.5041763123,0.604019373,0.6529715533,0.4342554925,0.4923495725,0.4419727049,0.2589989081,0.184968874,0.5349632544,0.2056861808,0.6874913238,0.4001064448,0.3070710237,0.3672909778,0.2989587318,0.6772310296,0.7496771661
112.5,1,1,1,1,1,0.5042629044,0.6041943222,0.6530755126,0.4342775214,0.4922083751,0.4419296751,0.2591801046,0.1849406414,0.5348932067,0.2058680419,0.6874085413,0.4000042173,0.307227758,0.3674962613,0.2989592601,0.6774082652,0.7496918359
113,1,1,1,1,1,0.5043494671,0.6045133138,0.6529413065,0.4343549746,0.4921621642,0.4419783212,0.2591473523,0.1849412547,0.5350265365,0.2058361173,0.6874915693,0.4002618517,0.3070781985,0.3677011618,0.2989581451,0.6774363532,0.7497496604
113.5,1,1,1,1,1,0.5043139643,0.6042486377,0.6531705903,0.4341588774,0.4922021931,0.441877633,0.2590805669,0.1848908183,0.5350264561,0.2058484927,0.6875390431,0.4001297557,0.3068894875,0.3675620177,0.298998847,0.6772845873,0.7497727848
114,1,1,1,1,1,0.5044164364,0.6043355062,0.653138121,0.4342613595,0.4923078743,0.4418665802,0.2589683693,0.1848858909,0.5349839851,0.2058485998,0.6876434629,0.4003474469,0.3067290265,0.3674546286,0.2990217296,0.6771224932,0.7499610154
114.5,1,1,1,1,1,0.5044270514,0.6043863827,0.6529335868,0.4343328797,0.4920100076,0.4418961523,0.2590528569,0.1848829447,0.5351351371,0.2057548023,0.6877150516,0.4003996083,0.3067111947,0.367596936,0.2990212941,0.6769777001,0.7499214864
115,1,1,1,1,1,0.5042809962,0.604392749,0.6528357833,0.4343047968,0.4918482873,0.4418001208,0.2591177664,0.184917776,0.5353076595,0.205598427,0.6878631947,0.4003789543,0.3067826186,0.3674898132,0.2990909268,0.6769289932,0.7500043482
115.5,1,1,1,1,1,0.5043395457,0.6042688842,0.6528355993,0.434425162,0.4918467943,0.4418087796,0.2590216704,0.1849818008,0.5349982274,0.2057762555,0.6879428029,0.4005932422,0.3067683981,0.3675734829,0.2990924574,0.6766344013,0.750033228
116,1,1,1,1,1,0.5045091026,0.6040300893,0.6530236299,0.4343042711,0.4919400353,0.4420071764,0.2590233401,0.1850147323,0.5350318771,0.2057534309,0.687896304,0.4004701296,0.3065694179,0.367321826,0.2992504476,0.6763930437,0.7501420367
116.5,1,1,1,1,1,0.5043118635,0.604141982,0.6530207434,0.4343796909,0.4918682456,0.4417800333,0.2588448164,0.184830663,0.5349566861,0.2060310669,0.6877937519,0.4005329352,0.3067304771,0.3672539024,0.2991862143,0.6762976396,0.750089135
117,1,1,1,1,1,0.5041789886,0.6043003246,0.6530658133,0.4344305178,0.4919461158,0.4419058543,0.2588071989,0.1846654225,0.5346980627,0.2060610733,0.6879216915,0.4006047633,0.3065879797,0.3671258671,0.2991147218,0.676478728,0.7501609873
117.5,1,1,1,1,1,0.5042219501,0.6043933792,0.6531858963,0.4343192825,0.4921092331,0.4416993095,0.2588878752,0.184674096,0.5347021619,0.2059282461,0.6880706466,0.400514432,0.3067376369,0.3671964803,0.299056787,0.6765875558,0.7501693658
118,1,1,1,1,1,0.5042440868,0.6043707549,0.653149249,0.4343794367,0.491963257,0.4416267295,0.2588879489,0.1847577735,0.5346913403,0.205973961,0.6882038403,0.4006652956,0.3066934655,0.3673139778,0.2991888393,0.6766497426,0.7502217218
118.5,1,1,1,1,1,0.504480662,0.6043917641,0.6530084023,0.4343716633,0.4919675682,0.4417540746,0.2589744814,0.1846645891,0.5348242055,0.2058120796,0.6883372324,0.4007312176,0.3064265161,0.3672677075,0.2990551148,0.676606383,0.7501306165
119,1,1,1,1,1,0.5044049327,0.6042325837,0.6528316685,0.4343496289,0.4920095165,0.4415710709,0.2590138342,0.1848416936,0.5346490318,0.2058079436,0.6884472488,0.4009719416,0.3066567025,0.367059252,0.2990267256,0.676659583,0.7502322109
119.5,1,1,1,1,1,0.5043716311,0.6042357795,0.6528760319,0.434216971,0.4923310807,0.4415936559,0.2590039115,0.1849167532,0.5347983091,0.2057658791,0.68845616,0.4008438564,0.3066376299,0.3668704724,0.2989533938,0.6767094644,0.7502891377
120,1,1,1,1,1,0.5043899187,0.6041790808,0.6530685043,0.434188374,0.4922096307,0.4415941952,0.2590290107,0.1850942111,0.5348444099,0.2058588857,0.6885505036,0.4008159105,0.3067572374,0.3668401456,0.2989875824,0.6767377193,0.7503446266
120.5,1,1,1,1,1,0.5043365376,0.6041157702,0.6527685218,0.4341782218,0.4921908865,0.4414715679,0.258885224,0.1848773174,0.5347077461,0.2057951261,0.6887700034,0.400652807,0.3067900315,0.3670573779,0.2989016423,0.6767437311,0.7503729724
121,1,1,1,1,1,0.5046109428,0.6042136919,0.6527572499,0.4342391752,0.4921705561,0.441459832,0.2588111874,0.1848026353,0.5348459506,0.2057887434,0.6886778721,0.4006271768,0.3066643087,0.3670683059,0.2991254586,0.6767550849,0.7503698711
121.5,1,1,1,1,1,0.5047568537,0.6042145036,0.6527912146,0.4340060074,0.4924147129,0.4415816637,0.2589601668,0.1848730081,0.5346517297,0.205889454,0.6884132593,0.4007267404,0.3065662237,0.3672929889,0.2991274557,0.6767393631,0.7503342135
122,1,1,1,1,1,0.5046144209,0.6042309524,0.6530206038,0.4341414708,0.4926337024,0.4414994329,0.2589187568,0.1849223733,0.534620733,0.2058684279,0.6884061153,0.4006820181,0.3065947364,0.3673415664,0.2992503391,0.6769100056,0.7505110779
122.5,1,1,1,1,1,0.5044661539,0.6041927807,0.6531323119,0.4341933398,0.4924759985,0.4418196411,0.2587989028,0.184870749,0.5346516089,0.2058124309,0.6884209782,0.4006412065,0.30658064,0.3672834052,0.2992735878,0.6770054382,0.7504036138
123,1,1,1,1,1,0.5043460614,0.6042735539,0.6530674004,0.4340877983,0.4920528771,0.4416762893,0.2588682137,0.1847189429,0.5345602898,0.2060858437,0.6883621676,0.4007814933,0.3066834353,0.3673077789,0.2990659855,0.6769990304,0.7502765795
123.5,1,1,1,1,1,0.5043218062,0.604411596,0.6530213101,0.4339121538,0.4921676938,0.4418502322,0.2588991435,0.1848070712,0.5343531652,0.2060679595,0.6884312586,0.4006240878,0.3067419807,0.3675789778,0.2990826438,0.6770914562,0.7503286652
124,1,1,1,1,1,0.5045941101,0.6045926482,0.6529900799,0.4340270388,0.4921817007,0.4418062046,0.2589411415,0.1847661398,0.5344299998,0.2060168281,0.6883991155,0.400597038,0.3066669178,0.3675577817,0.2990033938,0.6770304421,0.7501614353
124.5,1,1,1,1,1,0.5045616943,0.604355704,0.6529300902,0.4341832869,0.4922849311,0.4416779443,0.2589049545,0.1848737441,0.5344748346,0.205965141,0.6883707571,0.400539993,0.3066490686,0.3675127091,0.2990002563,0.6770640817,0.7500932077
125,1,1,1,1,1,0.5046120671,0.6041351621,0.6527870835,0.4341544368,0.4921874097,0.4416506093,0.259012171,0.1847952814,0.534471245,0.2059286641,0.6884629206,0.4006109218,0.3066376438,0.3674789535,0.2990449532,0.6772115127,0.7500097184
125.5,1,1,1,1,1,0.504346461,0.6041844021,0.6528502243,0.4341747604,0.4920195293,0.441736096,0.259160409,0.1848097052,0.5346810267,0.205899276,0.6886486049,0.4003278338,0.30665945,0.3672800379,0.2989741161,0.6772314522,0.7500200709
126,1,1,1,1,1,0.5044079943,0.6040969238,0.6529313862,0.4339830853,0.4918836441,0.4417292912,0.259046648,0.1847659179,0.5348412052,0.205845039,0.6886017503,0.4004584784,0.3064477308,0.3672550109,0.298899785,0.6772404945,0.7498836775
126.5,1,1,1,1,1,0.5044564162,0.6038995244,0.6529468804,0.4341023521,0.4917796155,0.4416369509,0.2588972368,0.1847097381,0.5349552489,0.2057560589,0.6885091134,0.4003929865,0.3065579787,0.3670391648,0.2989184169,0.6772461053,0.7498316964
127,1,1,1,1,1,0.5042408099,0.6039359204,0.6527752287,0.4342755328,0.4920647833,0.4416723113,0.2588679686,0.1847792045,0.5349598599,0.2057800243,0.6884512069,0.400389788,0.3065339733,0.3669937168,0.2991041383,0.6771507109,0.7499039928
127.5,1,1,1,1,1,0.5041973759,0.6041211905,0.6528073633,0.4344251403,0.4920520019,0.4415063592,0.2589923851,0.1847524507,0.534962414,0.2057240944,0.6884883073,0.400221634,0.3064958915,0.367059825,0.2990955489,0.6768902062,0.7498783992
128,1,1,1,1,1,0.5042131687,0.6042994802,0.6529094437,0.4343672543,0.4919649614,0.4415675082,0.2591323723,0.1847246105,0.5350866491,0.2055484661,0.6885615322,0.4001674732,0.3065054945,0.3670919464,0.2990297132,0.676788803,0.7499919238
128.5,1,1,1,1,1,0.504347764,0.6041901354,0.6528919404,0.4342840838,0.4921949404,0.4415059583,0.2591401409,0.1848801893,0.5351734386,0.2057884877,0.6885729432,0.4002286518,0.306563044,0.3670036381,0.2990443494,0.6768632262,0.7499173151
129,1,1,1,1,1,0.5043501524,0.6042110275,0.6529719264,0.4340568874,0.4922863981,0.4414769275,0.2590486586,0.1849520731,0.5352066107,0.2057971669,0.6886895293,0.4002063419,0.3064971203,0.3670550495,0.2989396808,0.676943743,0.7499126885
129.5,1,1,1,1,1,0.5044875779,0.6040062578,0.653003355,0.4339152543,0.4922417824,0.4414498483,0.2590850849,0.1849086128,0.5350971068,0.2057503998,0.6890054729,0.4002858358,0.3065410882,0.3669477872,0.2990138743,0.6767679797,0.7497542264
130,1,1,1,1,1,0.504293539,0.6040505216,0.6530216767,0.4338918239,0.4921386317,0.4414829524,0.2590562293,0.1849392886,0.5352790347,0.2058152996,0.6890178972,0.4002473413,0.3067332425,0.3668950834,0.2988737087,0.676742077,0.7497818406
130.5,1,1,1,1,1,0.5043565947,0.6041321746,0.6531961634,0.4338906161,0.4920499465,0.4414195116,0.2590823197,0.184845632,0.535229533,0.2057858237,0.689012835,0.4003188982,0.3064359525,0.3668604948,0.2989135322,0.6765510127,0.7497146719
131,1,1,1,1,1,0.5042808043,0.604095146,0.6530883117,0.4341803917,0.4923277754,0.4413052788,0.259216024,0.1849846865,0.5350891476,0.2057913144,0.6889274866,0.4004618525,0.3064833485,0.3670008099,0.2987349998,0.67651455,0.7497377875
131.5,1,1,1,1,1,0.5041449723,0.6039922344,0.6529174159,0.434274773,0.4922657258,0.441148157,0.2591244183,0.1847970195,0.5349513056,0.2058254988,0.6888591204,0.4003669511,0.3065013726,0.3672497309,0.2987405701,0.6766559258,0.7497199056
132,1,1,1,1,1,0.5044125721,0.6040218418,0.6529216291,0.4343022266,0.4923070393,0.4409668643,0.2591068622,0.184661102,0.5347809972,0.2057713644,0.6888454302,0.4004032225,0.3063353388,0.3673332141,0.2988906543,0.6767484376,0.7497960902
132.5,1,1,1,1,1,0.5045691128,0.6042668746,0.6527964995,0.434320286,0.4925101196,0.4411551616,0.2591270447,0.1847213964,0.5348154958,0.2058434992,0.6890446663,0.4004493258,0.3063691235,0.3674221501,0.2987440552,0.6766731653,0.7497709266
133,1,1,1,1,1,0.5045238557,0.6042937133,0.6529364554,0.4344922302,0.4923309735,0.4413494987,0.2591733341,0.1847923856,0.5349297355,0.205801221,0.6889935545,0.4004458639,0.3064802643,0.3672266452,0.2987051686,0.6765783259,0.7498769911
133.5,1,1,1,1,1,0.5045252472,0.6040533058,0.6527247591,0.4345422501,0.4922391674,0.4411734358,0.2589915064,0.1847348564,0.5350339615,0.2057268859,0.6888996961,0.4003066559,0.3066167156,0.3674435314,0.2986964124,0.6766997765,0.7498780952
134,1,1,1,1,1,0.5042824147,0.6040108935,0.6528515563,0.4344106716,0.4922657565,0.4414735455,0.2590184585,0.1846776929,0.5349756276,0.2057600728,0.6888636554,0.4001489055,0.3065745292,0.3676769883,0.298820591,0.6766709245,0.7498957801
134.5,1,1,1,1,1,0.5041850581,0.603988508,0.6527962241,0.4343611754,0.4922741191,0.4415285638,0.2587319411,0.1849197905,0.5349923961,0.2057126592,0.6889925223,0.4001746595,0.3064848983,0.3676092642,0.2989198625,0.6765667232,0.7498083997
135,1,1,1,1,1,0.5041730341,0.6038481417,0.6528141694,0.4342886292,0.4921693893,0.4415164584,0.2587846083,0.184751281,0.5351019714,0.2058392944,0.6888519941,0.4002690173,0.3066486508,0.367420943,0.2989970886,0.6766397927,0.7500151207
135.5,1,1,1,1,1,0.5042339742,0.6040284543,0.6529234964,0.4343633138,0.4922070617,0.4415321531,0.2588613225,0.1847312388,0.5351101043,0.2057897487,0.6889662054,0.4003591746,0.3064571127,0.3675849323,0.2990586795,0.6766026252,0.7498556973
136,1,1,1,1,1,0.5041672509,0.6044206359,0.6528008453,0.4342186387,0.4921563927,0.4415510407,0.2590786223,0.1846421174,0.5349964366,0.2058092022,0.6891332701,0.4004384151,0.3063503356,0.3677374998,0.2991306154,0.676600117,0.7497417119
136.5,1,1,1,1,1,0.5041454687,0.6042929776,0.6528966498,0.4341640607,0.4921268957,0.441157864,0.2589702153,0.1846426874,0.5349181099,0.2056718476,0.6891896549,0.4003785246,0.3064391779,0.3677464525,0.2991972595,0.6765425918,0.7498634664
137,1,1,1,1,1,0.5041390951,0.6043051418,0.6529028734,0.4341156797,0.4919964436,0.4413147643,0.2589354691,0.1847574788,0.5348406857,0.2057420621,0.6891719755,0.4007005459,0.306506754,0.3677169236,0.2990820566,0.6767398734,0.7497632006
137.5,1,1,1,1,1,0.5043345699,0.6040010718,0.6530353339,0.4340244834,0.4920694764,0.4412987205,0.2590986896,0.1848022497,0.5349247486,0.2057033101,0.688998398,0.4007155613,0.3065044613,0.3672078384,0.2989886238,0.6768973454,0.7498034044
138,1,1,1,1,1,0.5042618387,0.60404901,0.653109568,0.4339202044,0.4918974232,0.4414908872,0.2590931335,0.1846197046,0.5349796699,0.2056490366,0.6888578914,0.4007375845,0.3066541055,0.3672267072,0.2990083742,0.6771227184,0.7499024372
138.5,1,1,1,1,1,0.5042341445,0.6042356909,0.6530210033,0.434165327,0.4921542289,0.4415542199,0.2591995658,0.1847466535,0.5349578396,0.2057367243,0.6889047693,0.400588904,0.3066870093,0.3670580061,0.2991080293,0.6769784398,0.7500268199
139,1,1,1,1,1,0.5041556033,0.6042896438,0.6530610758,0.4342962405,0.4923298317,0.4413350017,0.2590002285,0.1846433369,0.5348518077,0.2057933328,0.6888516919,0.4007198734,0.3064952637,0.3672000834,0.2989323531,0.6769295661,0.7501633155
139.5,1,1,1,1,1,0.5042385037,0.604277975,0.6530367857,0.4343207256,0.4922666592,0.4414976231,0.2590472803,0.1847019609,0.5348344165,0.2056951218,0.688913372,0.4006664913,0.3064379862,0.3671590198,0.2991781558,0.6770218874,0.7503490856
140,1,1,1,1,1,0.5043172041,0.6045639877,0.6530039274,0.4342204319,0.4920965757,0.4415274523,0.2588594157,0.1849044883,0.534718185,0.2056630036,0.6889763742,0.4004339055,0.3067378709,0.3668289995,0.2989589317,0.6769377134,0.750415636
140.5,1,1,1,1,1,0.5045943061,0.6044540373,0.6530781439,0.4342360534,0.4920263365,0.4414554659,0.2589219346,0.1846697988,0.5348851966,0.2058245089,0.6890895788,0.4003894798,0.3066658845,0.3669627734,0.2990102881,0.6766637791,0.7506069039
141,1,1,1,1,1,0.5043508177,0.6044115626,0.6531695947,0.4341455076,0.4918543874,0.4412725621,0.2586899533,0.1845981752,0.5346868427,0.2056141482,0.6890428718,0.4002602757,0.3066204308,0.3671028623,0.2988135855,0.6768162676,0.7505514018
141.5,1,1,1,1,1,0.5046057524,0.6042570955,0.6531092121,0.4342538242,0.4919021975,0.4415064833,0.2586098212,0.1845233803,0.5345338719,0.2056173343,0.6889532236,0.400358209,0.3066274873,0.3671193747,0.2987479068,0.6766607938,0.7506526392
142,1,1,1,1,1,0.5046207871,0.6044069275,0.6530061546,0.4342204563,0.4919842548,0.4416479324,0.2586792229,0.1845283957,0.5344141442,0.2056438607,0.6888641775,0.4003972511,0.3067083195,0.3669950143,0.2987314713,0.6766254395,0.7506627766
142.5,1,1,1,1,1,0.5046840481,0.604414165,0.653034109,0.4342569744,0.4919132076,0.4414714362,0.2586566935,0.1845180243,0.5341952649,0.2057136757,0.6888549313,0.4003884681,0.3066383537,0.367278453,0.2987998282,0.6767906742,0.7507244243
143,1,1,1,1,1,0.5046482078,0.6042844861,0.6528910237,0.4340238069,0.4919942999,0.4416204636,0.2587127158,0.1846708187,0.5343242934,0.2056126029,0.6888863782,0.4002041868,0.3066037383,0.3673990373,0.2988009264,0.6767599358,0.7507513342
143.5,1,1,1,1,1,0.5046308755,0.6040408805,0.6527535812,0.4337781998,0.4920001053,0.4413250214,0.2588450094,0.1846664519,0.5342496947,0.2055320452,0.6887331199,0.4005543417,0.306630938,0.3673439543,0.2989122172,0.6768731064,0.750786067
144,1,1,1,1,1,0.5047740504,0.604446787,0.6528851171,0.4337938004,0.4919917482,0.4415148766,0.2587910027,0.1847061366,0.5341845784,0.2055264117,0.6888089844,0.4006435083,0.306655714,0.3672794733,0.2989034062,0.6769197853,0.7507103117
144.5,1,1,1,1,1,0.504560587,0.6042734022,0.6529356969,0.4338625635,0.4920890048,0.4415712259,0.2586908674,0.1847298765,0.5340448347,0.2055312055,0.6886999674,0.4007379529,0.3067284986,0.3672819903,0.2986545517,0.6767863268,0.7507733142
145,1,1,1,1,1,0.5043952515,0.6042197602,0.6527924181,0.4338181308,0.4920519695,0.4414537951,0.2588086735,0.1846314224,0.5341306951,0.2056993868,0.6888338237,0.4007031855,0.3066966832,0.3673564595,0.2987941869,0.6769846279,0.7507923295
145.5,1,1,1,1,1,0.5045335844,0.6041086783,0.6528081298,0.4338328723,0.4919810695,0.4413457733,0.258769388,0.1846226993,0.5343486928,0.2058497823,0.6887722894,0.4009322626,0.3068378708,0.3671897562,0.2987498006,0.6767974435,0.7507871862
146,1,1,1,1,1,0.5044942406,0.6042326085,0.6528348434,0.4337873291,0.491832809,0.4412160022,0.2588942669,0.1847565275,0.5344596345,0.2059093178,0.6887603348,0.4007564086,0.3066895453,0.3673420594,0.2986516845,0.6769241596,0.7509365159
146.5,1,1,1,1,1,0.5044544417,0.6042144837,0.6526456643,0.4337250281,0.4918251056,0.4412555504,0.2590716362,0.1845836017,0.5344494917,0.2058399557,0.6887025171,0.4006837526,0.3066328629,0.3673708981,0.2986954764,0.6768968145,0.7509910682
147,1,1,1,1,1,0.5043668708,0.6042434041,0.65273727,0.4338240291,0.4920733583,0.4414390216,0.2590169093,0.1845933163,0.5345592342,0.2056634312,0.6886275442,0.4005613896,0.3065454622,0.3674212005,0.2986288464,0.6766638308,0.7509431384
147.5,1,1,1,1,1,0.5044877253,0.6043065501,0.6527981857,0.4338500902,0.4919877647,0.4415081842,0.2589442957,0.1846579143,0.5345197804,0.2056709086,0.688568265,0.4004331928,0.3067645556,0.3673231119,0.2986343276,0.6766209466,0.750913622
148,1,1,1,1,1,0.5044844775,0.6044262054,0.6527677155,0.4337737383,0.492064708,0.4416842405,0.2590477146,0.184723247,0.5341946799,0.2055854655,0.6885635547,0.4002973103,0.3066394556,0.3673369389,0.2985137569,0.6766120877,0.7509617967
148.5,1,1,1,1,1,0.5043485594,0.6044812865,0.6526649186,0.4340674121,0.4918904109,0.4419012008,0.2590370707,0.1846772545,0.5340684001,0.2056019883,0.6888077142,0.4001286031,0.306446301,0.3670991018,0.2987400824,0.6767387449,0.7508372065
149,1,1,1,1,1,0.5044507183,0.6044099187,0.6530080389,0.434065446,0.4919695476,0.4419272833,0.2590192302,0.1847008254,0.5340925342,0.205432522,0.6889610242,0.4002332635,0.3064307535,0.3672791707,0.2986266667,0.6769268181,0.7506847913
149.5,1,1,1,1,1,0.5043727141,0.6043301417,0.6529628803,0.4342095521,0.4920730543,0.441967582,0.2588654191,0.1846556664,0.5340077888,0.2053153473,0.6890788811,0.4002585732,0.3064568661,0.367262177,0.2987563889,0.6769640132,0.7505577051
150,1,1,1,1,1,0.5044495827,0.6042095623,0.6530547627,0.4342229224,0.4920680347,0.441971073,0.2589376753,0.1845678027,0.5339682071,0.2053765088,0.6891395025,0.4002642458,0.3067783647,0.3670836253,0.2988347299,0.6770293253,0.7505454853
150.5,1,1,1,1,1,0.5043021923,0.6043449174,0.6529678668,0.4341200049,0.4921523129,0.442029326,0.2587027041,0.1846480327,0.5339096217,0.2054559059,0.6891990038,0.4003964528,0.3066846119,0.3673354062,0.299015019,0.6773762599,0.7505520224
151,1,1,1,1,1,0.5043841973,0.6043805982,0.6528246013,0.4340390822,0.4922176404,0.441821433,0.2587719239,0.184737627,0.5340192982,0.205568507,0.6892255576,0.4003244347,0.3068066412,0.3674551237,0.298894542,0.6776507468,0.7507954865
151.5,1,1,1,1,1,0.5044596273,0.6043540647,0.6527475711,0.4340400903,0.4920891024,0.4419716367,0.2589078247,0.1846579052,0.5339597236,0.2056035345,0.6891435158,0.4002595661,0.3066108475,0.3671808316,0.2989288375,0.6776489594,0.7507897315
152,1,1,1,1,1,0.5043579854,0.6040769431,0.6527791158,0.4339004496,0.4923009689,0.4419823613,0.2588997417,0.1847905426,0.5339495089,0.2054075034,0.6892485963,0.4002568042,0.3066809691,0.3672687959,0.2989996081,0.6775413551,0.7508435458
152.5,1,1,1,1,1,0.5045163141,0.6041146579,0.6528177184,0.4338814015,0.4921040041,0.4419444487,0.2590164864,0.1847434909,0.5341214294,0.2054034962,0.6891097536,0.4002835054,0.3065425369,0.3671980368,0.298979496,0.6776750869,0.7509907787
153,1,1,1,1,1,0.5044477653,0.6040438378,0.6532361213,0.4339006175,0.4922799568,0.4417745938,0.2590951102,0.1847184742,0.5342273061,0.2053721996,0.6892638681,0.4003513275,0.3065109132,0.3674085241,0.299067998,0.6775799721,0.7508114955
153.5,1,1,1,1,1,0.5043149235,0.6039817319,0.6531356719,0.4340059864,0.4924183109,0.4417439793,0.2589158865,0.1848278068,0.534247318,0.2053875136,0.689300767,0.4001604041,0.3066264796,0.3673315624,0.2989872078,0.6775369862,0.7508121368
154,1,1,1,1,1,0.5042926834,0.6041799199,0.6530699702,0.4340704516,0.4922526438,0.4416962201,0.2586658017,0.1847234299,0.5342334796,0.2054358741,0.6892192719,0.4003486815,0.3066638726,0.3673249888,0.2986275264,0.6774070333,0.7507845928
154.5,1,1,1,1,1,0.5044192736,0.6043411824,0.6529910308,0.4340382042,0.4923669222,0.441706661,0.2586338378,0.1847159308,0.5341453288,0.2056633977,0.688964957,0.4005394626,0.3065122195,0.3672492471,0.2986233919,0.6774425301,0.7507686547
155,1,1,1,1,1,0.50448313,0.6043193226,0.6529198012,0.4340642189,0.4923860216,0.4416697051,0.2587287413,0.1846953026,0.5341915354,0.2056428643,0.6888331056,0.4005102595,0.3063661971,0.367164324,0.2986541621,0.6774355704,0.7507685109
155.5,1,1,1,1,1,0.504434658,0.60441765,0.6526072747,0.4342575634,0.4922248873,0.4414597774,0.2587395667,0.1847319229,0.5342150184,0.2055567037,0.6887406012,0.4005627786,0.3063979083,0.3673752381,0.2988301709,0.6774502832,0.7508141372
156,1,1,1,1,1,0.5045636225,0.604037495,0.6527105839,0.4343396577,0.4923564995,0.4415751225,0.2587031883,0.1847001452,0.5341484869,0.2055054449,0.6887779195,0.4006772507,0.306626886,0.3672486537,0.2987243419,0.6774283503,0.7508821563
156.5,1,1,1,1,1,0.5046184202,0.6041529056,0.6529331517,0.434330801,0.4922271608,0.4417335379,0.2586838982,0.1845479641,0.5340645884,0.2053846026,0.6887250842,0.4008070617,0.3066454888,0.3671880813,0.2987480308,0.6773910693,0.7509123641
157,1,1,1,1,1,0.5047172803,0.6041455207,0.6527814745,0.4340541755,0.4922047368,0.4417092682,0.2587249502,0.1846292796,0.5340554137,0.2054831924,0.6887970961,0.4007033626,0.3068950728,0.3670800644,0.2987394848,0.6773725549,0.7509574406
157.5,1,1,1,1,1,0.5046506766,0.604130481,0.6527092547,0.4340511027,0.4920435786,0.4416804743,0.2587978107,0.1846470264,0.534023825,0.2053315037,0.6889041042,0.400648734,0.3067516371,0.3669815526,0.2986958724,0.6772159295,0.7507910992
158,1,1,1,1,1,0.5044155264,0.6042205457,0.6527941355,0.434119023,0.4921538753,0.4415825566,0.2589326692,0.1847765588,0.5339028051,0.2054781776,0.6889935411,0.4005691849,0.3066317675,0.3670488919,0.2986644715,0.6772374273,0.7509354555
158.5,1,1,1,1,1,0.5045190872,0.6042408347,0.6529623267,0.4343092319,0.4919801518,0.4414206824,0.2589481038,0.1846933472,0.533887109,0.2054896858,0.6890355646,0.400479632,0.3067161659,0.366995827,0.2986910232,0.6769794799,0.7508505551
159,1,1,1,1,1,0.5044870175,0.6043932856,0.6526498808,0.4343815764,0.4922926609,0.4413737905,0.2590050078,0.1847353489,0.5338765128,0.2054665924,0.6889931695,0.4003209561,0.3067544876,0.3670500979,0.2987373762,0.6766817246,0.7508197431
159.5,1,1,1,1,1,0.5045468671,0.6040752548,0.652739996,0.4344435764,0.4922623388,0.4415975918,0.2589681884,0.184874839,0.5337919761,0.2054440248,0.6890939497,0.4004151277,0.3070854249,0.3672049557,0.2988236652,0.6766626107,0.7508864607
160,1,1,1,1,1,0.5042837483,0.6041970922,0.6529330868,0.4341749498,0.4923897659,0.4414878622,0.2588736775,0.184746327,0.5337874884,0.205375229,0.6894221565,0.4003308705,0.3071905761,0.3671303026,0.2987367143,0.676606606,0.750926801
160.5,1,1,1,1,1,0.5042316291,0.6043388861,0.6529553163,0.4340909183,0.4923771713,0.441362687,0.2590661347,0.184768005,0.5336775963,0.2052962825,0.6895023479,0.4005657806,0.3071521574,0.3670799317,0.2989369754,0.6766108836,0.7508173712
161,1,1,1,1,1,0.5041727595,0.604503144,0.6530228792,0.4342062456,0.4924758734,0.4414013706,0.2590801739,0.1846682027,0.5337593168,0.2053417455,0.689376283,0.4005069959,0.3070995729,0.3671972687,0.2989902493,0.6766414032,0.750877365
161.5,1,1,1,1,1,0.5042321615,0.6043184596,0.6531201915,0.4341380058,0.4923437547,0.441434304,0.2590120857,0.1846181499,0.5339357889,0.205468849,0.6894229615,0.4003860446,0.3070754188,0.3673011902,0.2988884369,0.676751123,0.7508190063
162,1,1,1,1,1,0.504302154,0.6044843322,0.6530011184,0.4341271838,0.4922262947,0.4415641725,0.2589020633,0.1846616518,0.5339219889,0.2055182638,0.689400066,0.4003510385,0.3070474402,0.3674320799,0.299021016,0.676926112,0.7509322689
162.5,1,1,1,1,1,0.5044633665,0.6044584002,0.6530879859,0.4341264257,0.4920550544,0.4415014323,0.2588538383,0.1847489339,0.5338704547,0.2055123083,0.6893858423,0.4001647409,0.3070422385,0.3673054152,0.2988550124,0.6769528394,0.7510827113
163,1,1,1,1,1,0.5044421562,0.6042333616,0.6529589123,0.4341874708,0.4921300851,0.4414131613,0.258885867,0.1847447757,0.5337708044,0.20558025,0.6894303967,0.4001911739,0.3069019921,0.3671913128,0.2989669041,0.6768774937,0.7509267592
163.5,1,1,1,1,1,0.504430893,0.6044297778,0.652912542,0.434150173,0.4922231642,0.4415781151,0.2589105422,0.1846606164,0.5338136699,0.2055444875,0.6894368883,0.4003316292,0.3070771497,0.3672528407,0.2989028234,0.6767619667,0.7510319053
164,1,1,1,1,1,0.5045423885,0.6044203418,0.6527825226,0.4340405316,0.4923310125,0.4413362143,0.2588932751,0.1847075307,0.534023206,0.2056861861,0.6895081634,0.4003376562,0.3068896744,0.3673944128,0.2989338627,0.6765609587,0.7510916393
164.5,1,1,1,1,1,0.5042862331,0.6045426876,0.6528177419,0.4342239908,0.4922326432,0.4414693496,0.2588719885,0.184824677,0.5339990772,0.2057467604,0.6893960048,0.4002683716,0.3068439415,0.367418527,0.2985951224,0.6766303259,0.7512288158
165,1,1,1,1,1,0.5041650826,0.6043479916,0.6527768988,0.434086046,0.4921493679,0.4416884862,0.2590354376,0.1847548865,0.5342732747,0.2057178222,0.6894336834,0.4004240548,0.306798777,0.3673717074,0.2987026542,0.6766083156,0.7510973465
165.5,1,1,1,1,1,0.5042823884,0.6042018345,0.6527265223,0.4340417363,0.4921652036,0.4415012591,0.2589613928,0.184658909,0.5344098114,0.2057377611,0.689574831,0.4003679597,0.3067946463,0.367313631,0.2986782855,0.676504302,0.7510599117
166,1,1,1,1,1,0.5041277282,0.604278156,0.6526547314,0.4340323789,0.4922055849,0.4415728775,0.2588476794,0.18477128,0.5344428036,0.2057134886,0.6895275711,0.4005049196,0.3066916843,0.367167109,0.2987247877,0.6763861529,0.7510658305
166.5,1,1,1,1,1,0.5042170102,0.6042256574,0.6526788186,0.4339518979,0.4921351744,0.441305496,0.2588440379,0.1846597112,0.5345308968,0.2057647827,0.6896068745,0.4003235814,0.306637163,0.3669254175,0.2987393053,0.6764097334,0.751122422
167,1,1,1,1,1,0.5041502716,0.6043481541,0.6527989441,0.4340050613,0.492297871,0.4413663402,0.2587747556,0.1846358128,0.5345070286,0.2058157675,0.6898526823,0.4003403971,0.3066934776,0.3669675654,0.2988004308,0.6765007964,0.7511053257
167.5,1,1,1,1,1,0.5040713533,0.6043668975,0.6527507406,0.4341986814,0.4922598495,0.4414339788,0.2590313788,0.1844521499,0.5344673024,0.2057778593,0.6897968209,0.4004282589,0.3068001945,0.3669838069,0.2988953394,0.676351247,0.7512142787
168,1,1,1,1,1,0.5042830913,0.6043300244,0.652624174,0.4340988464,0.4923694915,0.4414470441,0.2589532225,0.1846280794,0.5343243251,0.2057869051,0.6898564504,0.4005752866,0.3067945048,0.3669995588,0.298773239,0.6763530669,0.7513260756
168.5,1,1,1,1,1,0.5042969572,0.6040579886,0.6525969961,0.4341814074,0.4924094168,0.4415117848,0.2590305186,0.1846762244,0.534342509,0.2057069149,0.6897867851,0.4003852193,0.3065885402,0.3671097159,0.2987285478,0.6765226317,0.7512327987
169,1,1,1,1,1,0.5043168401,0.604160343,0.6529782726,0.434218827,0.4923946971,0.4416518432,0.2592388616,0.184670177,0.5344222443,0.2059094561,0.6896691342,0.4003881445,0.3065131401,0.3671264841,0.2989061557,0.6764393849,0.7512508214
169.5,1,1,1,1,1,0.5044777793,0.604114097,0.6530737125,0.4340699566,0.492258171,0.4417067973,0.2593218104,0.1847597729,0.5343894906,0.2058374643,0.6896189222,0.4005122736,0.3063676895,0.3672311416,0.2989753882,0.6765552455,0.7513193339
170,1,1,1,1,1,0.5044635084,0.6042954804,0.6531438129,0.4341737116,0.4922716846,0.4415901526,0.2592654537,0.1847713599,0.5343482698,0.205943654,0.6895313807,0.4005655003,0.3064378191,0.3672446257,0.2990088699,0.6765947445,0.7514822269
170.5,1,1,1,1,1,0.5046974259,0.6042722825,0.6531843429,0.4342994697,0.4924352476,0.4415769998,0.259291306,0.1847915766,0.5342835793,0.2060148259,0.6895601558,0.4007551531,0.3065166336,0.3672291782,0.2990285542,0.6764308257,0.7514485354
171,1,1,1,1,1,0.5046481232,0.6042923105,0.6530510618,0.4342013543,0.4923361195,0.4416772875,0.2591894572,0.1847768387,0.534329633,0.2059848723,0.6897316167,0.4006619836,0.3065300945,0.3671817777,0.2988924995,0.6762658063,0.751543052
171.5,1,1,1,1,1,0.504482932,0.604232889,0.6529609841,0.4340637029,0.4923403147,0.441553594,0.2590673609,0.1847077598,0.534523719,0.2059240321,0.6899106382,0.4005328911,0.3066238089,0.3672856099,0.2987017999,0.6762893944,0.7514361986
172,1,1,1,1,1,0.5043963064,0.6041442616,0.6529746416,0.4342118903,0.4923378931,0.4414446732,0.2589332592,0.1848377689,0.5346588096,0.2059139356,0.6896710451,0.4008189771,0.3065635358,0.3674201698,0.298725014,0.6762940057,0.751327542
172.5,1,1,1,1,1,0.5043993198,0.6042974513,0.6529542017,0.4344002199,0.4923051179,0.4416291756,0.2588891687,0.1848350519,0.5344636267,0.2058013982,0.6898621674,0.4007807009,0.306539764,0.3675020411,0.2987957149,0.6762290658,0.7513149507
173,1,1,1,1,1,0.5045032275,0.604171758,0.6529124891,0.4344298235,0.4922309695,0.4414413741,0.2589673494,0.1848400105,0.5345034629,0.2056832481,0.6897392532,0.4008878407,0.3067048846,0.3676318234,0.2987127532,0.6763723152,0.7514632522
173.5,1,1,1,1,1,0.5045715042,0.6042587465,0.653050432,0.4342823526,0.4923017061,0.4412287634,0.2588647832,0.1847218297,0.534332365,0.2056924657,0.6896638862,0.4006985713,0.3067171816,0.3675325117,0.2986954334,0.6763027932,0.7515576476
174,1,1,1,1,1,0.504266491,0.6042863816,0.6528603493,0.4342942852,0.4923889695,0.4411702238,0.25870598,0.1848829328,0.5341377355,0.2055959806,0.6898276848,0.4004015994,0.3066063326,0.3673828149,0.2987167171,0.6764416372,0.7515102176
174.5,1,1,1,1,1,0.5043843644,0.6041870657,0.6530036619,0.4340883418,0.4922743239,0.4410901944,0.258782691,0.1849015587,0.5340526596,0.2056434021,0.6897944955,0.4003709419,0.3066098547,0.3671492115,0.2985999339,0.6762632319,0.751256746
175,1,1,1,1,1,0.504431967,0.6042195208,0.6530085994,0.4341281823,0.4922153866,0.4413329443,0.2587859168,0.1849761259,0.5337996168,0.2056453813,0.6899459064,0.4002317159,0.3067341544,0.3669528658,0.2985885197,0.6762447482,0.7511318797
175.5,1,1,1,1,1,0.5045026537,0.6043592893,0.6528328427,0.433959662,0.4919803518,0.4413201518,0.2587960899,0.1849916415,0.5336318779,0.2057918978,0.6901109923,0.4002830343,0.3067640313,0.3671226624,0.2985897242,0.6761645562,0.7511670581
176,1,1,1,1,1,0.5043995112,0.604370558,0.6529251085,0.4339458586,0.4920264881,0.4410771873,0.2586966414,0.1848717329,0.5337065414,0.2058104049,0.6901270076,0.4001620302,0.3067383844,0.3672060556,0.298550566,0.6762699014,0.751156221
176.5,1,1,1,1,1,0.5046049747,0.6042091194,0.653017584,0.4341398971,0.4920184778,0.4410778182,0.2588536425,0.1848086106,0.533546623,0.2056011954,0.6900080657,0.40034389,0.3068292276,0.3670254162,0.2984277153,0.6762547964,0.7511273171
177,1,1,1,1,1,0.5044244931,0.6042787271,0.6529357997,0.4342645992,0.4920307292,0.4411330188,0.2590715331,0.1848283263,0.5336047175,0.2054890495,0.6901703921,0.4005052425,0.3068611129,0.3672211851,0.2983228744,0.6762940566,0.7511649871
177.5,1,1,1,1,1,0.5044759328,0.6041988625,0.6529430451,0.4344045807,0.4920624187,0.4409874398,0.2588926472,0.1847333495,0.5338530269,0.2055504101,0.69010423,0.400420743,0.3067858681,0.3671593673,0.2985646044,0.6764196871,0.7511439818
178,1,1,1,1,1,0.5043662372,0.6041660355,0.6531402028,0.4341331961,0.4919086519,0.4408851494,0.2587296805,0.1846299337,0.5338088478,0.2054777232,0.6901432507,0.4004666889,0.3068067258,0.3670590023,0.2985962681,0.6765172789,0.7510117255
178.5,1,1,1,1,1,0.5045760429,0.604067245,0.6529210103,0.4341226043,0.4918590677,0.4410096113,0.2589451553,0.1847847252,0.533953093,0.2054593706,0.6900462911,0.400593443,0.3066323279,0.3671554624,0.2987036646,0.6764949862,0.7509029872
179,1,1,1,1,1,0.5044024771,0.6040281467,0.653094191,0.4341871507,0.4919430806,0.4414553504,0.2589618409,0.1848384688,0.5340428496,0.2055008435,0.69019242,0.4006099193,0.3066747765,0.3670737805,0.2987445767,0.6764301372,0.7509319968
179.5,1,1,1,1,1,0.5044251842,0.6040356553,0.653087833,0.4342154684,0.491810789,0.4416792636,0.2591016072,0.1848674627,0.5342018985,0.2056266448,0.6901004964,0.400648749,0.3067599,0.366939014,0.2988632331,0.6764651686,0.7508517861
180,1,1,1,1,1,0.504473403,0.6040737683,0.6530520139,0.4343062209,0.4917194326,0.4415367667,0.2589682037,0.1849143955,0.5342813847,0.2056519499,0.6901843737,0.4008734004,0.3068677638,0.3670850519,0.2986578036,0.6762018581,0.7508574183
180.5,1,1,1,1,1,0.504401137,0.603986358,0.6529199177,0.4342906794,0.491761457,0.4413459819,0.2590795959,0.1848150814,0.5342464724,0.2057166576,0.6903453432,0.4007328801,0.306925208,0.3671394265,0.2985873812,0.6763290669,0.7507656999
181,1,1,1,1,1,0.5045347196,0.6039323557,0.6528209702,0.4342679712,0.4918361453,0.4413948217,0.2591064476,0.1846628462,0.5343632741,0.2055165503,0.6903129657,0.4008472944,0.3069132128,0.3672158361,0.298577523,0.6763435857,0.7505898481
181.5,1,1,1,1,1,0.5048516682,0.6040285496,0.6528979123,0.4341990965,0.4919740746,0.441194019,0.2589121171,0.1846455287,0.5340416093,0.2055822999,0.6900971717,0.4007890271,0.3067222494,0.3673221464,0.2988248228,0.6763645957,0.7507088182
182,1,1,1,1,1,0.5047273653,0.6040233275,0.6526927388,0.4343128083,0.4919573548,0.4416291553,0.2588666157,0.1845724769,0.5341684157,0.2055960782,0.6901132256,0.4006713774,0.3068499554,0.3673053198,0.2987861172,0.6762503067,0.7507888905
182.5,1,1,1,1,1,0.5045467388,0.6041539479,0.6529457545,0.4342459187,0.4921724529,0.4415599345,0.2587567439,0.184459782,0.5339639558,0.2055139259,0.6901114696,0.4005686141,0.306725497,0.3673736885,0.2989455138,0.6763159787,0.7508310201
183,1,1,1,1,1,0.5045314657,0.6043123881,0.6529944112,0.4341696653,0.4922348042,0.4416014912,0.2587506319,0.1845057998,0.5338752194,0.2052457476,0.6901404004,0.4007240178,0.3067690792,0.3674215702,0.2987938167,0.6761781635,0.750779371
183.5,1,1,1,1,1,0.5045990944,0.6042409699,0.6528648568,0.4341007823,0.4922047603,0.4417044224,0.2590232419,0.1846404588,0.5339628535,0.2052689675,0.6900178842,0.4006502188,0.3068060143,0.3674668006,0.2987313805,0.6762433739,0.7506601476
184,1,1,1,1,1,0.5045798098,0.6040776036,0.6529505787,0.4342650172,0.4921561756,0.4417165236,0.2590183753,0.184722976,0.5338913134,0.2053147738,0.6900312898,0.4005926674,0.3066965704,0.3671985284,0.2986657493,0.6760244739,0.7505937729
184.5,1,1,1,1,1,0.5045527834,0.6040661461,0.6529206312,0.4341598103,0.4922333325,0.4417604145,0.2590142884,0.184705665,0.5339751887,0.2053014421,0.6900044539,0.4004984741,0.3067953763,0.3672469333,0.2987692175,0.6760357688,0.7505890251
185,1,1,1,1,1,0.5044946156,0.6042202827,0.6528602735,0.4340425462,0.4922425486,0.4419325255,0.2588374764,0.1847227911,0.5340640887,0.2053478385,0.6899528566,0.4005634953,0.306548925,0.3672673388,0.298748411,0.6760052794,0.7505748202
185.5,1,1,1,1,1,0.5045181647,0.6041350774,0.6528984709,0.4339806019,0.4921026233,0.4416759907,0.2588076702,0.1846885204,0.5342225409,0.2054199202,0.6900068887,0.4007099455,0.3066242893,0.3672168861,0.298932694,0.6760873262,0.7505571665
186,1,1,1,1,1,0.5043058184,0.6039520877,0.6530181926,0.4337261292,0.4921350979,0.4415412141,0.2586929012,0.1847470755,0.5343821362,0.2054934815,0.6898164752,0.4005915882,0.3064378275,0.3671789429,0.2987780042,0.6763696863,0.7505888787
186.5,1,1,1,1,1,0.5042694437,0.6041015609,0.6529277703,0.4335617979,0.4922328902,0.4415088793,0.2586080404,0.184645721,0.5344095289,0.2054252919,0.6896604033,0.4004401665,0.3066008304,0.3669632923,0.2988380139,0.6762260215,0.7506020766
187,1,1,1,1,1,0.5043468193,0.6043730333,0.6527938455,0.433676408,0.4923284752,0.4415146165,0.2588805847,0.1847575943,0.5344127341,0.2055585712,0.6895585185,0.4004331057,0.3066617647,0.3670318884,0.2987897145,0.67634759,0.7506417466
187.5,1,1,1,1,1,0.5042799829,0.6044894398,0.6529303063,0.4337243789,0.4923719152,0.4413379669,0.2588575727,0.1846035882,0.5345840601,0.2054951684,0.6893299797,0.4004683871,0.3066233031,0.3671488263,0.2987317121,0.6764535975,0.7505012989
188,1,1,1,1,1,0.5043200165,0.6044346547,0.652889834,0.4338480512,0.4924567932,0.4414211996,0.2591381701,0.1846644717,0.5346289444,0.2056781769,0.6893192892,0.4005354371,0.3065527946,0.3671831196,0.2987094522,0.6767691239,0.7503711549
188.5,1,1,1,1,1,0.504500456,0.6042189704,0.6530191822,0.4339648214,0.4923391229,0.4415091834,0.2591136611,0.1847442708,0.5346231521,0.2055759508,0.6892330773,0.4004028882,0.3065933467,0.3671863664,0.2986784854,0.6766909363,0.7504251804
189,1,1,1,1,1,0.5043571235,0.6041211057,0.6529519549,0.4339805261,0.4923352296,0.4414688815,0.2590179096,0.184824908,0.5347641001,0.2055928252,0.689243617,0.400374122,0.306627565,0.3672538716,0.2987059945,0.6765313001,0.7505031543
189.5,1,1,1,1,1,0.5045609622,0.6041767641,0.6528374439,0.4339255964,0.4920917449,0.4416206613,0.2588365853,0.1847102481,0.5347482856,0.2056255177,0.6893216939,0.4002487574,0.3067089324,0.3672631753,0.2987800944,0.6765024193,0.7504836474
190,1,1,1,1,1,0.5045715993,0.6040466366,0.6529403343,0.4340392155,0.4920732722,0.44171762,0.2590037033,0.1847411276,0.5348984298,0.2054542563,0.6893156253,0.4003973684,0.3066174232,0.3672077281,0.2985494549,0.676728135,0.7504185958
190.5,1,1,1,1,1,0.5046216102,0.6039685288,0.6529981579,0.4340404218,0.4921200815,0.4416325652,0.2590455219,0.1847461152,0.5348558078,0.2056079372,0.6896019443,0.4003113463,0.3067786347,0.3672650667,0.2986135527,0.6766901624,0.7502286258
191,1,1,1,1,1,0.5046624364,0.6039039531,0.6529319054,0.434036178,0.4922211766,0.4414734409,0.2590247718,0.1848378709,0.5347920721,0.2054908059,0.6897136041,0.4001559918,0.3065709671,0.3672434286,0.2986091215,0.6766484802,0.7502729553
191.5,1,1,1,1,1,0.5046337022,0.6038550517,0.6528887171,0.4340082689,0.4920861041,0.4415386643,0.2587736644,0.1847573094,0.5348226144,0.2054885818,0.6897469401,0.4002693471,0.3065731201,0.3672053663,0.2984498661,0.6766710743,0.7501752013
192,1,1,1,1,1,0.5046819249,0.6039325142,0.6530002438,0.4341105683,0.4919883784,0.4416942652,0.2588375403,0.1849471665,0.5349405791,0.2055643779,0.6897797374,0.4002728674,0.3066630778,0.367070026,0.2984203797,0.6766850936,0.7504223933
192.5,1,1,1,1,1,0.504701198,0.6040231767,0.6531565042,0.4341874679,0.4919359235,0.4414680504,0.2588650569,0.1848907927,0.534767831,0.2055666662,0.6896756577,0.4004000496,0.3066799486,0.3670863569,0.2986645822,0.6765978275,0.7506414803
193,1,1,1,1,1,0.5046841016,0.6040634737,0.6530348875,0.4341132506,0.4918426849,0.4415868321,0.2590208122,0.1848790461,0.5345940828,0.2056036553,0.6896435905,0.400437638,0.3067410982,0.3671453836,0.2987070322,0.6765116011,0.7506862164
193.5,1,1,1,1,1,0.5044232333,0.6044836231,0.6531366175,0.4339569994,0.4917811042,0.4415975748,0.2589354974,0.1848835778,0.5344399943,0.2054936582,0.6896325261,0.4002838761,0.3066580126,0.367301559,0.2987375269,0.676509238,0.7505678675
194,1,1,1,1,1,0.5044568392,0.6043113293,0.6530929393,0.4339959218,0.4919735194,0.4416333361,0.2589676231,0.185113567,0.5343902129,0.2055280294,0.6896395731,0.4004601846,0.3066591908,0.3674273156,0.2986096452,0.6765015127,0.7505417636
194.5,1,1,1,1,1,0.5043349194,0.604125823,0.6529210082,0.4340280887,0.4919801504,0.4414481672,0.2589962312,0.1848959435,0.5343207496,0.205459446,0.6896519804,0.400392096,0.3067695409,0.3674998307,0.2986882861,0.6766622875,0.7505325984
195,1,1,1,1,1,0.5043025271,0.6041314115,0.6529408098,0.4340640308,0.4919330045,0.4414777959,0.2588335174,0.1848129238,0.5343503785,0.2053994127,0.6895711617,0.4004895679,0.3067920942,0.3674637921,0.2985238173,0.6766406459,0.7506539716
195.5,1,1,1,1,1,0.5043180659,0.6042549602,0.6528665408,0.434047878,0.4920803103,0.4413510077,0.2587652154,0.1848050521,0.5344712629,0.2054279048,0.6896264464,0.4004091883,0.3066562461,0.3675269412,0.2988061097,0.6765553507,0.7505651773
196,1,1,1,1,1,0.5042880371,0.6044145955,0.6527952423,0.4339839351,0.492135619,0.4415278076,0.258707745,0.1847326459,0.5344508906,0.2053754783,0.689659054,0.4003138627,0.3068017588,0.3674261475,0.2986775423,0.6766383232,0.7504437281
196.5,1,1,1,1,1,0.5041627856,0.6042926235,0.6528748116,0.4340172033,0.4920220633,0.4417206631,0.2587221438,0.1847101281,0.5345365284,0.2054633471,0.6897930367,0.4004190176,0.3066316059,0.367227695,0.2987483231,0.6764509406,0.7503238439
197,1,1,1,1,1,0.5042603573,0.6041621465,0.6528914168,0.4341278553,0.4921373829,0.4418712313,0.2588397636,0.1846367258,0.5345658774,0.2053938438,0.6898230498,0.4006211855,0.3066085265,0.3671355455,0.2989612276,0.6764666999,0.7502000833
197.5,1,1,1,1,1,0.5044152832,0.6041888326,0.6529108946,0.4340548831,0.492398429,0.4417505476,0.2589970373,0.1847484153,0.534556165,0.2054044042,0.6898522529,0.4004197054,0.3066012322,0.3671470925,0.2989278499,0.6764249494,0.7500863825
198,1,1,1,1,1,0.5045058052,0.6039933848,0.653115177,0.4340317778,0.492458241,0.4415796405,0.2588859363,0.1847702721,0.5344994637,0.2053683854,0.6897629378,0.4003690425,0.306613763,0.3669930842,0.2990472306,0.6763298159,0.750229417
198.5,1,1,1,1,1,0.5044809844,0.6038346771,0.6530015274,0.4339199614,0.4924264203,0.4415563954,0.2589450232,0.1847081581,0.5345278782,0.205336365,0.6898734325,0.4003908301,0.3066295152,0.3670602304,0.2990658669,0.6763393647,0.7503525183
199,1,1,1,1,1,0.5042658415,0.6038270158,0.6530969255,0.4339568871,0.4924947777,0.4415836033,0.2587557648,0.1846844106,0.5342376947,0.2053413582,0.6899625544,0.4006142964,0.3065672662,0.3671280053,0.2988639292,0.6764017722,0.7504524334
199.5,1,1,1,1,1,0.5043963223,0.6040487121,0.6529853535,0.4339338778,0.4925271672,0.4414825931,0.2585457818,0.1846573054,0.5342800272,0.2054074343,0.6901270793,0.4006851292,0.3066030485,0.3673549278,0.299082855,0.6764326909,0.7504907921
200,1,1,1,1,1,0.5043225567,0.6041727224,0.6529984031,0.4340118311,0.4925242363,0.4415182839,0.2586178185,0.184585471,0.534310515,0.2052501877,0.6900451758,0.4007840755,0.3066428236,0.3673748394,0.2990481135,0.6766265878,0.750423931
200.5,1,1,1,1,1,0.5043790513,0.6041473145,0.6526066358,0.4342108521,0.4922889681,0.4416126525,0.2588347535,0.1844327042,0.5343990293,0.2052943459,0.6901383927,0.4005420172,0.3067272665,0.3674188142,0.2987874377,0.6765992094,0.7507206112
201,1,1,1,1,1,0.5043047931,0.6040110271,0.6526895437,0.4342673303,0.4922684505,0.4414533371,0.2588428406,0.1844566816,0.534472946,0.2053106793,0.6903512843,0.4006780093,0.3067446892,0.367578063,0.2988690549,0.6766704315,0.7505722953
201.5,1,1,1,1,1,0.5044133233,0.6040689407,0.6527535305,0.4342117963,0.4921873772,0.4415967913,0.2587052699,0.1844783115,0.5344246309,0.2054128621,0.6902089734,0.400516849,0.3067760716,0.3675281487,0.298970913,0.6765265841,0.7505737008
202,1,1,1,1,1,0.5046061801,0.6041332873,0.6527426152,0.4343637083,0.4923064202,0.441484581,0.2586339687,0.1844718236,0.5346057735,0.2055921898,0.6899806039,0.4003528152,0.3065510691,0.3674627324,0.2992217397,0.6764774322,0.7505698832
202.5,1,1,1,1,1,0.5046812439,0.6040871614,0.6528443969,0.4342136806,0.4922395693,0.4414669206,0.2588196551,0.1847293831,0.5345332781,0.2055723004,0.6900131371,0.4004279162,0.3065875206,0.3675504548,0.2992818138,0.6765997834,0.7506184436
203,1,1,1,1,1,0.5044451061,0.6041066379,0.6528183285,0.4344191886,0.4921998729,0.4413499396,0.2588233247,0.1847131428,0.5344550818,0.2054632237,0.6899140425,0.4003903784,0.3064241569,0.3676477145,0.2991935234,0.6765310529,0.7506553405
203.5,1,1,1,1,1,0.5044255107,0.604051299,0.6529160211,0.4343287035,0.4920063138,0.4415269333,0.2586877179,0.1847647231,0.5343232694,0.2053939781,0.6898242053,0.4004473941,0.3063890377,0.3675801417,0.2991181318,0.6764617153,0.7505608627
204,1,1,1,1,1,0.5045217877,0.6040228276,0.6528942218,0.4343396178,0.4921720447,0.4416073724,0.2589030897,0.1847340861,0.5344751933,0.2054815304,0.6898645595,0.4004544814,0.3065170951,0.3675575259,0.2991364359,0.6765917655,0.7505524626
204.5,1,1,1,1,1,0.5044839192,0.6040557715,0.6529194888,0.434323351,0.4923065938,0.4415250754,0.2589013647,0.1847784983,0.5345179901,0.2054758181,0.689915181,0.4004441165,0.3066529805,0.3675149515,0.2991383018,0.676591962,0.7506067106
205,1,1,1,1,1,0.504483421,0.6040035853,0.6530175218,0.4343631043,0.4922500458,0.4415485381,0.2589231508,0.1849273384,0.5345318592,0.2056011299,0.6899296644,0.400551258,0.3066265658,0.3673442079,0.299206035,0.6768164951,0.7506126295
205.5,1,1,1,1,1,0.5044322398,0.6039931166,0.6530351426,0.434147905,0.4920560931,0.4414164325,0.2589230965,0.1850373137,0.5346627843,0.2054429836,0.6901496071,0.4006629649,0.3066120249,0.3674038251,0.2991074667,0.6769575314,0.7506239634
206,1,1,1,1,1,0.5046054252,0.6040287864,0.6529683265,0.4342564788,0.4920319093,0.4414819931,0.2587522126,0.1850524583,0.5345081159,0.2055357669,0.6898951946,0.4006340749,0.3066414667,0.3673585404,0.2988761403,0.6768654548,0.7506228198
206.5,1,1,1,1,1,0.5044153131,0.6042027976,0.6529166355,0.4343945132,0.4919246024,0.4415926117,0.2588639095,0.1849401725,0.5346866618,0.2056074366,0.689975629,0.4007005848,0.3066698049,0.3673714902,0.2988524047,0.6768410616,0.7506956382
207,1,1,1,1,1,0.5043918212,0.6042825733,0.6527835307,0.4344475047,0.4921499163,0.4414216986,0.2587197512,0.1848759068,0.5345650722,0.2055859589,0.6898464155,0.4007502398,0.3065146188,0.3674276031,0.2988709953,0.6767927906,0.7506724381
207.5,1,1,1,1,1,0.5045284978,0.6043064991,0.652860975,0.4345776989,0.4922137631,0.4417096696,0.2585266553,0.1848714075,0.5347043745,0.205451602,0.6898390195,0.4006249356,0.3062981363,0.3673529531,0.2988899338,0.6768526509,0.7505925615
208,1,1,1,1,1,0.5044603385,0.6042742134,0.6525867191,0.4344061833,0.4921596583,0.4418882088,0.2586401884,0.1847998508,0.5348496845,0.2054220594,0.6897554381,0.4005783432,0.3065643217,0.3672222707,0.29884774,0.6769568402,0.7506540629
208.5,1,1,1,1,1,0.5044834075,0.6043601649,0.6526334264,0.4343508705,0.4922995941,0.4417265458,0.2588812798,0.1848332902,0.534765179,0.205460534,0.6898449886,0.4005128451,0.3066601872,0.3672433595,0.2988171756,0.6768427881,0.7505788484
209,1,1,1,1,1,0.5044928032,0.6041636265,0.6529206201,0.4344244538,0.4921071316,0.441763328,0.2589251846,0.1848661334,0.5347272566,0.2054423975,0.6897849942,0.4005180362,0.3066098474,0.3671732995,0.2988446187,0.6768067629,0.7505022185
209.5,1,1,1,1,1,0.5042901914,0.6038679099,0.6529625813,0.4343067817,0.492131704,0.4414724188,0.2589377348,0.1846917136,0.5350511505,0.2056949709,0.6896738166,0.4005313496,0.3063747607,0.3671608893,0.2988786455,0.6767104803,0.7503605944
210,1,1,1,1,1,0.5042681984,0.6041076928,0.6529466287,0.434158094,0.4919821059,0.441500753,0.2590424073,0.184744276,0.5350213748,0.205726115,0.6898733543,0.4003991376,0.3064894577,0.367197849,0.2988893625,0.6766883384,0.7504463304
210.5,1,1,1,1,1,0.5043797068,0.604182436,0.6529675717,0.4340811084,0.4919199175,0.4414276456,0.2588785784,0.1848549565,0.535031349,0.205619868,0.6898826268,0.4003547488,0.3064986053,0.3671909761,0.2987877842,0.6765993228,0.7503784907
211,1,1,1,1,1,0.5043587009,0.6042641251,0.6530024686,0.4339680275,0.4919964251,0.4413501163,0.2588867271,0.1849100053,0.5349918677,0.2056230885,0.6898381527,0.400561954,0.306619149,0.3673627471,0.2987394905,0.6767148239,0.7503294766
211.5,1,1,1,1,1,0.5043824538,0.6042201959,0.6529817001,0.433924658,0.4919403154,0.4414382842,0.2587651748,0.1848725841,0.5348140352,0.2055294088,0.6899190713,0.4006299565,0.3066507293,0.367498891,0.2987811976,0.6767897321,0.7502910345
212,1,1,1,1,1,0.5041641545,0.6041498178,0.6529599251,0.4337813298,0.4918825364,0.4415453723,0.25869698,0.1848103222,0.5349755639,0.2055071058,0.6898024099,0.4007934622,0.3066333678,0.3673510165,0.2989897583,0.6768390764,0.7502571253
212.5,1,1,1,1,1,0.5040807753,0.6041104606,0.6529313689,0.4339030216,0.4919075382,0.4415434753,0.2588636849,0.1845932378,0.535281236,0.205464583,0.6895782334,0.4007293025,0.3068552833,0.3674097269,0.2989345226,0.6768348497,0.7503537641
213,1,1,1,1,1,0.5041207569,0.6042833325,0.6528132787,0.4339775033,0.4917956279,0.4415696725,0.2589620573,0.1844988134,0.5353742683,0.2052486049,0.6893734784,0.4008533786,0.3069607566,0.3674044854,0.2988384409,0.6766955648,0.7503601536
213.5,1,1,1,1,1,0.504409557,0.6040524424,0.6530695023,0.4340512523,0.4918965172,0.4415230315,0.2588867401,0.184642473,0.5355980283,0.2053132712,0.6896863147,0.4008301114,0.3067048285,0.3672595137,0.298837933,0.6766062798,0.7503537095
214,1,1,1,1,1,0.5043389295,0.6041207202,0.6527992918,0.433940497,0.4919584748,0.4415711635,0.2588048355,0.1846779158,0.5354548883,0.2053830307,0.6896194384,0.4006621085,0.3066150622,0.3672219803,0.2988960006,0.6764617091,0.7504017889
214.5,1,1,1,1,1,0.5042866905,0.6038875576,0.6529317173,0.4340585568,0.4920003569,0.4417260007,0.2588564116,0.1846079668,0.535511273,0.2053625911,0.6894292354,0.4007522169,0.3066143372,0.3674266638,0.2988003885,0.6765655622,0.7503576496
215,1,1,1,1,1,0.5044311063,0.6040808516,0.6530232415,0.4343636185,0.4918355606,0.4416868206,0.2588811813,0.184578302,0.5352940644,0.2053921006,0.6896805977,0.400758385,0.3068661352,0.3673872076,0.2985975179,0.6765462735,0.7503630397
215.5,1,1,1,1,1,0.5045348913,0.6040668476,0.6530567801,0.4344709212,0.4918090748,0.4415192883,0.2586823398,0.184565069,0.5352286986,0.2051141722,0.6897418346,0.4006399055,0.3069480762,0.3673594683,0.2985904294,0.6764482023,0.750267166
216,1,1,1,1,1,0.5042138735,0.6041045782,0.6530040586,0.4344476011,0.4918961427,0.4416177838,0.2587468351,0.1846528422,0.5351416255,0.2052558783,0.6898014535,0.4006171017,0.3069127143,0.3671830324,0.2986734924,0.6766197216,0.7504013208
216.5,1,1,1,1,1,0.5043694717,0.6040881913,0.6529396278,0.4341503858,0.4918201097,0.4415387417,0.2585926662,0.1844957993,0.5352871037,0.205473616,0.6899348741,0.4005542898,0.3066088542,0.3672530733,0.2986448311,0.676498567,0.7504302196
217,1,1,1,1,1,0.5042240163,0.6041626965,0.6529885913,0.4341390018,0.4918590632,0.4417031907,0.2587692635,0.1844832337,0.5349334087,0.2053694362,0.6902453408,0.4005517529,0.3067292438,0.3671170995,0.2986389712,0.6765491886,0.7503977335
217.5,1,1,1,1,1,0.5044758464,0.6042878509,0.6530114392,0.4342908862,0.4918387729,0.4417566931,0.2587159488,0.1846151826,0.5348334866,0.205294145,0.690234509,0.4006318948,0.3066256954,0.3670170055,0.298745071,0.6763390379,0.7502820734
218,1,1,1,1,1,0.504805503,0.6042007881,0.6528894204,0.4342549531,0.4919727115,0.4417439283,0.2588136639,0.1845240867,0.5347961216,0.2052660549,0.6901784698,0.4005148102,0.30649712,0.367004108,0.2986558898,0.6765923426,0.7502378682
218.5,1,1,1,1,1,0.5045600405,0.6041307768,0.6528947002,0.4344281438,0.491988033,0.441524058,0.2588637647,0.1847389875,0.5345779694,0.2053082115,0.690229766,0.4003186806,0.3064037811,0.3669922089,0.2988067386,0.676698832,0.7503946174
219,1,1,1,1,1,0.5044816606,0.6040664106,0.65281925,0.4343231053,0.4922456694,0.4413722595,0.2587532022,0.1846504208,0.5349423107,0.2054100479,0.6902460488,0.400486812,0.3064523077,0.3672017552,0.2987038409,0.6765020619,0.7504203413
219.5,1,1,1,1,1,0.5044318308,0.6040646181,0.6528809533,0.434201455,0.4921887687,0.4415023137,0.2589443744,0.1847248506,0.534962733,0.2054083794,0.690160895,0.4006389075,0.3066590181,0.3671358627,0.2987738677,0.676563566,0.7502207208
220,1,1,1,1,1,0.5044856463,0.6042453164,0.6529599887,0.4340492117,0.4922669997,0.4417065156,0.25902313,0.1847700534,0.5350583101,0.2057041067,0.6900380251,0.4005537275,0.3067627593,0.3671126361,0.2987659928,0.6763645671,0.7503136962
220.5,1,1,1,1,1,0.5046845685,0.6041049181,0.6527053471,0.4341455422,0.4921933621,0.4418703333,0.2590954927,0.1847616541,0.5349603448,0.2056029936,0.6904110992,0.4006782616,0.3066913326,0.3672612925,0.2986958716,0.6766577806,0.7504495313
221,1,1,1,1,1,0.5044907238,0.6041358919,0.6527625227,0.4338740178,0.4922357716,0.4417819138,0.2590627575,0.1845905185,0.534909413,0.2055111585,0.6902019448,0.400715068,0.306740501,0.3675015808,0.2986280899,0.6767618721,0.7506017532
221.5,1,1,1,1,1,0.5045010742,0.60407111,0.652885843,0.4338721686,0.4922955454,0.441906282,0.2591876892,0.1847332495,0.5348624281,0.2055322012,0.6902176279,0.4007765886,0.3068426666,0.3674371653,0.2986695165,0.6766573336,0.7505914736
222,1,1,1,1,1,0.5044334472,0.6040676914,0.6527271102,0.4339284623,0.49228816,0.4417779756,0.2591554652,0.1846434701,0.5348369607,0.205627105,0.6901847361,0.400848282,0.3069017007,0.3674081421,0.2987252345,0.6766996902,0.7504793006
222.5,1,1,1,1,1,0.5041823412,0.6040643695,0.6529507112,0.4337939561,0.4921602933,0.4418773018,0.2590573606,0.1846800144,0.5348761939,0.2056141064,0.6901576567,0.4008674295,0.3070569519,0.36746975,0.2988496699,0.676841852,0.7504852529
223,1,1,1,1,1,0.5041310865,0.6041123691,0.6528674267,0.4336880562,0.491979401,0.4419640634,0.259214983,0.1848291556,0.5349630491,0.2058401491,0.6903658759,0.4007399526,0.3068159788,0.3673918649,0.2988184211,0.6766028277,0.7504098933
223.5,1,1,1,1,1,0.50400694,0.6042916863,0.6528463764,0.4338211206,0.4918909358,0.4417194704,0.259097312,0.1848784089,0.5347633411,0.2056732207,0.6904748419,0.4008639012,0.3067718522,0.367110881,0.2988407622,0.6765882692,0.7506062701
224,1,1,1,1,1,0.5040829248,0.604218418,0.6527923831,0.4337764455,0.491909677,0.441765902,0.259128339,0.1848053931,0.5348595586,0.2056941212,0.6902773206,0.4005942995,0.3071266226,0.3672182219,0.2987471663,0.6766035164,0.7506310879
224.5,1,1,1,1,1,0.504143543,0.6043328393,0.6529061973,0.4336797208,0.491888161,0.4416487811,0.259006085,0.1847181593,0.5347202825,0.205926403,0.6902295638,0.4004445539,0.3070865951,0.3671067283,0.2986240128,0.6764365516,0.75070854
225,1,1,1,1,1,0.5042840015,0.6041146504,0.6528266364,0.4337516981,0.4918479803,0.4417964719,0.2591588759,0.1848937737,0.5349431714,0.2059617928,0.6901477128,0.4003904847,0.3071228551,0.3672793792,0.2986911184,0.6763953833,0.7506856189
225.5,1,1,1,1,1,0.5043223372,0.6041482554,0.6528077472,0.4338378975,0.4920356657,0.4418916006,0.2592903187,0.1849350104,0.5349936979,0.2060131332,0.6898991753,0.4004719489,0.3070335336,0.3673209302,0.2987544502,0.6766175519,0.750729012
226,1,1,1,1,1,0.5042060515,0.604210152,0.6529980349,0.4340143075,0.4918973145,0.4418386254,0.2593897029,0.1848630172,0.5348168168,0.2060587722,0.6899747745,0.4002765751,0.3070734995,0.3675127394,0.2987737984,0.6765053282,0.7507416462
226.5,1,1,1,1,1,0.5043055917,0.6044445568,0.6529302941,0.4339403045,0.4919513737,0.4416347136,0.2592907329,0.1849441492,0.5348883395,0.2059204661,0.6899142961,0.4004785176,0.3070814957,0.3674958378,0.2988182806,0.6766729549,0.7507069766
227,1,1,1,1,1,0.5044078097,0.60442994,0.6528641841,0.4339078189,0.491950284,0.4414177226,0.2592803713,0.1851197141,0.5350867812,0.2057546506,0.6897873178,0.4003251222,0.307012496,0.3676663901,0.2986828223,0.6766458996,0.7507350146
227.5,1,1,1,1,1,0.5044376285,0.6042262407,0.6528440913,0.433849476,0.4919491325,0.4415550387,0.2590403961,0.1852244254,0.5351388901,0.2058300008,0.6901348321,0.4001062006,0.3069123495,0.3676098654,0.2985686999,0.6767671566,0.7507934471
228,1,1,1,1,1,0.5045034284,0.6042059544,0.6528685611,0.4341550399,0.491855894,0.4414819467,0.2591151805,0.1850699456,0.5350396854,0.2058530371,0.690106483,0.4001924087,0.306637656,0.3675572435,0.2985406008,0.6768943405,0.7508580776
228.5,1,1,1,1,1,0.5044279445,0.6041814357,0.6529433834,0.4341144416,0.4918084305,0.4415457648,0.2590378326,0.1850433037,0.5348218506,0.2059549524,0.6899401028,0.4003082766,0.3066237456,0.3675856011,0.298333203,0.6768989992,0.7508437865
229,1,1,1,1,1,0.5042613145,0.6042328359,0.6530285504,0.43416558,0.4919019837,0.4413919681,0.2591733391,0.1849902214,0.5347789625,0.205924438,0.6899054041,0.4005739062,0.3065719803,0.3674450075,0.2984037866,0.6768724463,0.7508109976
229.5,1,1,1,1,1,0.5040154949,0.6041473249,0.6530610146,0.4341636764,0.4920613833,0.4415885856,0.2591354295,0.1847513634,0.5348420729,0.2058870425,0.6900073909,0.4004451164,0.3066644326,0.3674672288,0.2983805263,0.6769064144,0.7508471029
230,1,1,1,1,1,0.5042431652,0.6041636771,0.6529308504,0.4340538034,0.4920007372,0.4416432793,0.2589822845,0.1847343741,0.5350715279,0.2057437232,0.6899843217,0.4003885752,0.306852076,0.3673468016,0.2983609816,0.6768608939,0.7508333504
230.5,1,1,1,1,1,0.5041752063,0.6042430292,0.653025745,0.4341182402,0.4920650261,0.44189867,0.2587906933,0.1846553327,0.5350461249,0.2056688954,0.6898951632,0.4002318257,0.306799258,0.3673622754,0.2983687417,0.6768041378,0.7507463817
231,1,1,1,1,1,0.5042273702,0.6043314119,0.6528909914,0.4339633523,0.4922491657,0.4419428417,0.2588908637,0.184788623,0.5349415639,0.2056948934,0.6899649618,0.4000845651,0.3066532166,0.3672487049,0.2983877325,0.6768584359,0.7508188206
231.5,1,1,1,1,1,0.5041397855,0.6040790718,0.652995987,0.4339145848,0.4924184946,0.4417387198,0.2589502132,0.184759823,0.5351886062,0.2056803402,0.6900064469,0.4000096126,0.3064741677,0.3671143468,0.2983696405,0.6768618241,0.7508347001
232,1,1,1,1,1,0.5043044335,0.6041430238,0.6530757924,0.4340835207,0.4921695157,0.4415959735,0.2587916871,0.1847135295,0.5350791078,0.2057208452,0.6901050991,0.4002739146,0.3062987549,0.3670388083,0.2985425499,0.6768150147,0.7508332004
232.5,1,1,1,1,1,0.5043096731,0.6041159134,0.6530287763,0.4339795148,0.492076295,0.4414848253,0.2587179403,0.1848450287,0.5350729724,0.2056043004,0.6903884778,0.4003369913,0.3063613657,0.3668149565,0.2987002172,0.6767558965,0.7507930559
233,1,1,1,1,1,0.5045348874,0.604168969,0.6530893762,0.4340385676,0.4920565128,0.4415868022,0.2585688722,0.1846352309,0.5351627545,0.2056033381,0.6903202482,0.4004851379,0.3064809928,0.3668586415,0.298641972,0.6765514576,0.7507623119
233.5,1,1,1,1,1,0.5046440549,0.6044424963,0.653112927,0.4338639546,0.4921908949,0.4416142789,0.2585799669,0.1846630768,0.535282585,0.2055911917,0.6904346457,0.4003416291,0.306391158,0.3668510192,0.298658755,0.6765492871,0.7506183039
234,1,1,1,1,1,0.5043205849,0.6041915334,0.6533116858,0.433990387,0.4925181122,0.44164337,0.2585603812,0.1846528834,0.5353141074,0.2055331445,0.6903409398,0.4002716711,0.3064444649,0.3667336228,0.2987089952,0.6765730045,0.7505503937
234.5,1,1,1,1,1,0.5042549362,0.6040378448,0.6531909408,0.4341390711,0.4925649249,0.4415937444,0.2586821069,0.1846294511,0.5352263578,0.2055610848,0.6904363637,0.4004110296,0.3065167694,0.366696884,0.2986713607,0.6765502304,0.7503145027
235,1,1,1,1,1,0.5041268992,0.6040203506,0.6532160223,0.4343345507,0.4925459376,0.4417853887,0.2588598895,0.1847159871,0.5351468113,0.2055080891,0.6906350855,0.4003166663,0.3064811946,0.366788011,0.298576401,0.6766776976,0.7504392731
235.5,1,1,1,1,1,0.504153991,0.6039595289,0.6530754831,0.4343672217,0.4924294406,0.4416627519,0.2589998965,0.184787365,0.5353745685,0.2054032506,0.6906263763,0.4004497559,0.3065294049,0.3670268016,0.2986888847,0.6767934616,0.750528614
236,1,1,1,1,1,0.5040315861,0.6042656895,0.6530811186,0.4342806415,0.4922681587,0.4415168322,0.2589451239,0.1847482253,0.5354267386,0.2054780523,0.6906444372,0.4003900881,0.3064920013,0.3670018772,0.2985504633,0.6767388052,0.7504563954
236.5,1,1,1,1,1,0.5044408097,0.6042303248,0.6528188265,0.4343211456,0.4921049801,0.4417027007,0.258970189,0.1848330366,0.5354335264,0.2055962364,0.6907266406,0.4003301948,0.3063795408,0.3670744141,0.29868558,0.6765715324,0.750479972
237,1,1,1,1,1,0.5043741226,0.6043461981,0.652788852,0.4342113319,0.4923070253,0.4416771502,0.2587832616,0.1848556109,0.5355740948,0.2055489971,0.6905500822,0.4003182217,0.306675391,0.3670603183,0.2986120232,0.6764638568,0.7505663299
237.5,1,1,1,1,1,0.5044060436,0.604262888,0.6528174507,0.4340631941,0.4923176162,0.4418813483,0.2589913933,0.1848849581,0.5354609269,0.2056332702,0.6905140639,0.4001120459,0.3065681426,0.367260251,0.2988074496,0.6764336509,0.7504913244
238,1,1,1,1,1,0.5043047955,0.6042375726,0.6527109634,0.4340707513,0.492162092,0.4419368744,0.2590321554,0.1848506956,0.5353895488,0.2055092694,0.6904175372,0.4002200486,0.3067290056,0.3671775856,0.2988638374,0.6763857425,0.7504791225
238.5,1,1,1,1,1,0.5042621837,0.6042557533,0.6529291917,0.4340730673,0.4920045146,0.4420997089,0.2589844017,0.1847495538,0.5354742975,0.2056922826,0.6905239804,0.4004632319,0.3068819886,0.3671386383,0.29891759,0.6763876517,0.7505160639
239,1,1,1,1,1,0.5044106091,0.6042476443,0.6528701143,0.4340420218,0.4919299051,0.4420124469,0.2590111625,0.1847767167,0.5355309081,0.2057395979,0.6905712443,0.4002617214,0.306963485,0.367104955,0.2988716956,0.676623092,0.7505384659
239.5,1,1,1,1,1,0.5041199603,0.6041105732,0.6528235308,0.4339419908,0.4918891678,0.4420306225,0.2589453668,0.1848064506,0.5356800345,0.2057048114,0.6906762828,0.4001148617,0.3069295117,0.3671957429,0.2988330512,0.6766248299,0.7505101262
240,1,1,1,1,1,0.5043303107,0.6040498848,0.6529395542,0.434016219,0.491888784,0.4417652455,0.2588504102,0.1847245288,0.5355190109,0.2057360814,0.6906277512,0.400148684,0.3066916984,0.3673955374,0.2989268601,0.676454943,0.7505646827
240.5,1,1,1,1,1,0.5044495201,0.6042102085,0.6528875403,0.4340461225,0.4920923262,0.4417699829,0.2589369244,0.1847135571,0.5353709984,0.2057352009,0.6905185084,0.4002775014,0.3066613823,0.3673777493,0.2988914462,0.6765817573,0.7506396527
241,1,1,1,1,1,0.5044268578,0.6042722207,0.6531302454,0.4341102008,0.492153801,0.4414676639,0.2589238125,0.1846702987,0.5354836536,0.2057652549,0.6905353424,0.4002813959,0.3066877688,0.3673068085,0.2988440687,0.6765002486,0.7508169132
241.5,1,1,1,1,1,0.5040871505,0.6040469061,0.6528184221,0.4343995378,0.4921582225,0.4414935705,0.2588613324,0.1846739898,0.535597529,0.2056917768,0.6906212986,0.4003860678,0.3068734283,0.3671524298,0.2989156989,0.6765664754,0.7509040257
242,1,1,1,1,1,0.5041600313,0.6040953831,0.6525854514,0.4342003985,0.4920391738,0.4414420037,0.2590206462,0.184696641,0.5356364718,0.205593355,0.6907444085,0.4004349009,0.3067190332,0.367204219,0.2989716617,0.6767073072,0.7509180187
242.5,1,1,1,1,1,0.5042554348,0.6041433592,0.6528883022,0.4341541508,0.4919871831,0.4414805013,0.2590087391,0.1847370423,0.5354396212,0.2055231685,0.6908498026,0.4005610564,0.3064470427,0.3669733205,0.2988532708,0.6766576432,0.7507386462
243,1,1,1,1,1,0.5041305013,0.6043790302,0.6528244971,0.4341623574,0.4919881385,0.4415976138,0.2591107692,0.1846401132,0.5355332341,0.2054993978,0.6907613189,0.4007087747,0.3065548323,0.3669816586,0.2987421213,0.6766214243,0.7506323562
243.5,1,1,1,1,1,0.504221402,0.604113811,0.6529026343,0.4340769688,0.4920718787,0.4414091151,0.2589053689,0.1846212934,0.5353874065,0.2055220413,0.6908591386,0.4005739795,0.3067428039,0.367203877,0.2987814266,0.6766595486,0.7505335921
244,1,1,1,1,1,0.5042024532,0.6042080945,0.6531223262,0.4341809282,0.4923453504,0.441561248,0.2588877315,0.1847227062,0.5354167483,0.2054823712,0.6907314888,0.4004458504,0.3067548405,0.3671356623,0.2987312815,0.6766753725,0.7506285722
244.5,1,1,1,1,1,0.5042284225,0.6042225387,0.6529040557,0.4342169579,0.49212946,0.4418352456,0.2588376475,0.1847221834,0.5353588924,0.2055360865,0.6906515183,0.4004385195,0.3066204728,0.3670372064,0.2986045001,0.676872639,0.7506365736
245,1,1,1,1,1,0.5041077388,0.603960674,0.6529668106,0.4340604472,0.4922005008,0.4416233951,0.2586627373,0.184698097,0.5354014571,0.2054228894,0.6908468047,0.4002559099,0.3063775681,0.3669613192,0.2987533994,0.6767979914,0.7509744962
245.5,1,1,1,1,1,0.5040871342,0.6039290146,0.6526892387,0.4339061768,0.4920578014,0.441484263,0.2587639118,0.1846607266,0.5354235078,0.2054216053,0.690953477,0.4003182499,0.3062670408,0.3668332483,0.2986020316,0.6767008022,0.7510427947
246,1,1,1,1,1,0.5042059666,0.6040268658,0.6529061328,0.433971413,0.4919555353,0.4414773572,0.2587542847,0.1846174697,0.5358847255,0.205379289,0.69095552,0.4005944098,0.3063117749,0.3669432517,0.2985075379,0.6765269854,0.7509722742
246.5,1,1,1,1,1,0.5041729826,0.6040163136,0.652925911,0.4342992734,0.4920045729,0.4414564899,0.2586255908,0.1845801784,0.5357853249,0.2054749768,0.6906870031,0.4005706979,0.306409902,0.3669181278,0.2984832788,0.676716777,0.7509134162
247,1,1,1,1,1,0.5042324712,0.6040857845,0.6530359636,0.434124222,0.491963125,0.4413113493,0.2586665417,0.1845809349,0.5357861465,0.2055486963,0.6906857258,0.4003592012,0.3065240273,0.3669507641,0.298583411,0.676833546,0.7507689699
247.5,1,1,1,1,1,0.5041881839,0.6039704259,0.652965902,0.4339065684,0.4918919979,0.4413823744,0.2586064111,0.1845753326,0.5359833152,0.2055128944,0.6907080757,0.4002333177,0.3068034607,0.3669639472,0.2986721567,0.6769429944,0.7507812384
248,1,1,1,1,1,0.5039498226,0.6041141023,0.652880672,0.4339636503,0.4918804617,0.4413472668,0.2584700107,0.1847242425,0.535966887,0.2055739309,0.6904603339,0.4001344692,0.3066245838,0.3670185384,0.2985342343,0.6768104073,0.7507158156
248.5,1,1,1,1,1,0.5040898957,0.6041561911,0.6530182671,0.4340708123,0.4919406236,0.4415472318,0.2585212645,0.1848174524,0.5358868796,0.2054702353,0.6906920812,0.4002849713,0.3066594787,0.3670043407,0.2982282003,0.6767540415,0.7507137122
249,1,1,1,1,1,0.5040059328,0.6042104473,0.652945241,0.4342342049,0.4918606997,0.441579398,0.2585399137,0.1847878782,0.5360740329,0.2054951903,0.6907801282,0.4001764417,0.3066738731,0.3669414029,0.2982008646,0.6767911377,0.7506377561
249.5,1,1,1,1,1,0.5039219548,0.6042743455,0.6529413431,0.4341376448,0.4919387212,0.4415221613,0.2587103573,0.1846908485,0.5360432803,0.2054716124,0.69064576,0.4002818072,0.3066334383,0.3669922096,0.2984085083,0.677040272,0.7504855649
250,1,1,1,1,1,0.5040722179,0.6042847069,0.6527746919,0.4340309126,0.491923705,0.4415611629,0.2587755766,0.1846803636,0.5360686828,0.2054464916,0.6905514339,0.4002010132,0.3068572616,0.3670983587,0.2984868428,0.6771103068,0.7504001477
250.5,1,1,1,1,1,0.5042350909,0.6045004867,0.6529729723,0.4338802306,0.4919536723,0.4416492627,0.2586316359,0.184767314,0.5362101133,0.205237913,0.6904534205,0.4003320416,0.3067010971,0.367123759,0.2985591417,0.6771885435,0.750410885
251,1,1,1,1,1,0.5040096167,0.604400383,0.6529431303,0.4337471591,0.491984196,0.4415261607,0.2587637536,0.1847673307,0.5363265468,0.2054308095,0.6903421563,0.4002765331,0.3066810097,0.3672294604,0.2985750073,0.677041141,0.7503544018
251.5,1,1,1,1,1,0.5040580065,0.6043525758,0.6529340761,0.4339003607,0.4920073786,0.4414249173,0.2587313763,0.1846606934,0.5364555913,0.2055776094,0.6902099588,0.4004991498,0.3068316907,0.3670662321,0.2983859015,0.6770195325,0.7504323356
252,1,1,1,1,1,0.5040742203,0.6040497059,0.6529857376,0.4340834744,0.4918433624,0.4413759931,0.2587435302,0.1847439056,0.5362677162,0.2055874549,0.6903606952,0.4003945562,0.3067723262,0.3670618311,0.2981964834,0.6768963084,0.7504146815
252.5,1,1,1,1,1,0.5039773385,0.6040138836,0.6531952072,0.4341074858,0.4920654202,0.441475837,0.2588365793,0.1847886498,0.5361392643,0.2056887287,0.6904889196,0.4003468987,0.306789973,0.3674353455,0.2982267898,0.6770327123,0.7504588862
253,1,1,1,1,1,0.5041004315,0.6039957735,0.6530994635,0.434249032,0.4920137367,0.4413838066,0.2587667118,0.1847187331,0.535974882,0.2057492056,0.6907774331,0.4002421614,0.3066564223,0.3673270451,0.2982257503,0.6767890246,0.7504576851
253.5,1,1,1,1,1,0.5042776918,0.6041182057,0.6528813018,0.4341010314,0.4919201716,0.4412470417,0.2587598685,0.1846606072,0.5356514637,0.2058525952,0.6909263896,0.400440234,0.3066404393,0.3672903314,0.298269323,0.6767607401,0.7505201485
254,1,1,1,1,1,0.5042645071,0.6042106936,0.6528929849,0.4341036469,0.4919959386,0.4414059798,0.2588494793,0.1846336941,0.5357509384,0.2058436629,0.6907949836,0.4002976652,0.3066869957,0.3673682336,0.2984315984,0.6768414847,0.7505486467
254.5,1,1,1,1,1,0.5041724159,0.6042053209,0.6529726668,0.4340630985,0.4921224251,0.4416171338,0.2586559032,0.1848089164,0.5358371151,0.2059247035,0.6909704872,0.4003252432,0.3065465559,0.3673053838,0.2983370512,0.6768953408,0.750557551
255,1,1,1,1,1,0.5043868966,0.6042838648,0.6528603347,0.4340279034,0.4921457165,0.4414794872,0.2586273156,0.1847155329,0.5355521926,0.2058626872,0.6911547591,0.4007134426,0.3065157035,0.3671744012,0.2984930475,0.676885164,0.7506113368
255.5,1,1,1,1,1,0.5046102332,0.6042151704,0.6529768125,0.4341877491,0.492038007,0.4413280191,0.2587872119,0.1847896408,0.5356957079,0.2058424131,0.6911376648,0.4004755115,0.3066548435,0.3672352383,0.2984513277,0.677154499,0.7505588376
256,1,1,1,1,1,0.504539703,0.6042715918,0.6528556241,0.4343293875,0.4921094162,0.441476126,0.2588534777,0.1848197931,0.535705592,0.2057386635,0.6911741432,0.4005670181,0.3065984642,0.3672945969,0.2985054921,0.6773976542,0.7506445445
256.5,1,1,1,1,1,0.5045381322,0.6042598855,0.6529580297,0.4342560622,0.4919346201,0.4417748536,0.2589180004,0.1849588797,0.5355513811,0.2057196662,0.6912395608,0.4004629942,0.306616081,0.3672911393,0.298557857,0.6774272499,0.7506636971
257,1,1,1,1,1,0.5044821245,0.604266081,0.6528229748,0.4342768826,0.4918549761,0.4416191896,0.2589538125,0.1848129871,0.5356514014,0.2057413802,0.6911506031,0.4003922254,0.3066202015,0.3672173988,0.2984969596,0.6775116382,0.7507260998
257.5,1,1,1,1,1,0.5043642424,0.6041634874,0.6527308878,0.4344133692,0.4918797078,0.4414768807,0.2589013572,0.1847927526,0.535775566,0.205677501,0.6907706437,0.4005161083,0.3065544552,0.3671207449,0.2985139308,0.6774743064,0.7507063497
258,1,1,1,1,1,0.5045996922,0.6040961588,0.652593713,0.4342678687,0.4918020846,0.4413600089,0.2588145393,0.1845615918,0.5358640492,0.2056299054,0.6907148418,0.4002165147,0.3065183492,0.3672516728,0.298496441,0.6774407992,0.7507506946
258.5,1,1,1,1,1,0.504655583,0.6041542506,0.6526939917,0.4343521803,0.491889415,0.4414825402,0.2586721519,0.1846401312,0.5356350922,0.2055655037,0.6908283782,0.4000303514,0.306434019,0.3671932469,0.2985790587,0.6773006885,0.7507392523
259,1,1,1,1,1,0.5048337729,0.6043277089,0.6525986487,0.4343907228,0.4920301127,0.4415623048,0.2588282916,0.1845305875,0.5358174644,0.2056173029,0.6907813577,0.4001452009,0.3065340381,0.3672827996,0.2987862065,0.6771416977,0.7507906278
259.5,1,1,1,1,1,0.5046774297,0.6043047403,0.6528177448,0.4342716832,0.4920690312,0.4413328565,0.258633813,0.1843516832,0.5358079741,0.2057711142,0.6907590857,0.4001520276,0.306637889,0.3672109015,0.2988615818,0.6769123926,0.7507732117
260,1,1,1,1,1,0.5046964725,0.6040416466,0.6528447696,0.43411482,0.4920690904,0.4413611855,0.2586308165,0.1844870459,0.5359101149,0.205805409,0.6907743265,0.4001953829,0.3066912331,0.3674162966,0.2986920024,0.6767671434,0.7509051041
260.5,1,1,1,1,1,0.5045503008,0.6040776838,0.6527751286,0.4339985403,0.4919891678,0.4414995868,0.2587625484,0.1844625472,0.5358907889,0.2057406469,0.6908289494,0.4001761662,0.3067157596,0.3672766569,0.2985500204,0.6767386299,0.7508213747
261,1,1,1,1,1,0.5045979604,0.6041385976,0.6527501253,0.4341532695,0.4918096778,0.4415318466,0.2588317377,0.1845707239,0.5357631785,0.2058408936,0.6908214444,0.4002647806,0.3066915268,0.3673499082,0.2986209819,0.6767104274,0.7506377391
261.5,1,1,1,1,1,0.5043560944,0.6041726288,0.6528895348,0.4342282693,0.4919307306,0.4416834586,0.2590486288,0.1846428257,0.5358110653,0.2057013519,0.6908641366,0.4002944076,0.3066406119,0.367541558,0.29857979,0.6766441462,0.7507161707
262,1,1,1,1,1,0.5043900091,0.6042173615,0.6527425094,0.4341997862,0.4918075442,0.4416510905,0.2590613913,0.1846308821,0.5358273332,0.2056146818,0.6908263717,0.4002869715,0.3065716256,0.3674279802,0.2987845078,0.6766038749,0.7508628981
262.5,1,1,1,1,1,0.5044548215,0.6040780699,0.6527448545,0.4342527999,0.4917402611,0.441628138,0.2589495502,0.1847039491,0.5357897962,0.2056178186,0.6908836688,0.4003468121,0.3066289701,0.367653595,0.2986554159,0.6764524999,0.750926769
263,1,1,1,1,1,0.5043880632,0.6041222911,0.6529041635,0.4341523894,0.4918661275,0.4414682042,0.2590035296,0.1847591425,0.5358017225,0.2055866703,0.6908449157,0.4004758354,0.3067876385,0.3676446825,0.2989885861,0.6763343068,0.7508770189
263.5,1,1,1,1,1,0.5043680531,0.6041418872,0.6528701936,0.4341666131,0.4919404985,0.4417939755,0.2589199865,0.184636597,0.5357048508,0.2056743984,0.6907812325,0.4003581041,0.3065362107,0.3673196678,0.2987848764,0.6764699233,0.7508418995
264,1,1,1,1,1,0.5042698929,0.6042387084,0.6531008425,0.4340511409,0.4920125907,0.4418530148,0.2588778914,0.1846780202,0.5357552624,0.2056050133,0.6907779587,0.4002126839,0.3064160262,0.3671680822,0.2988891559,0.6762476064,0.750874583
264.5,1,1,1,1,1,0.5042713524,0.6042480997,0.6530640747,0.4341751938,0.4920951691,0.4417301444,0.2589773571,0.1846874097,0.5356212359,0.2057084495,0.6906829859,0.4002437779,0.3062875682,0.3671741309,0.2990240491,0.6761893213,0.7509443783
265,1,1,1,1,1,0.5044393046,0.6041776209,0.652864809,0.434123744,0.4921556503,0.4415807334,0.2591118282,0.184756385,0.5355096338,0.2056736366,0.6907249082,0.4004401758,0.3063599244,0.3674028037,0.2990264962,0.6763963733,0.7510729274
265.5,1,1,1,1,1,0.5043408301,0.6040763434,0.6528420252,0.433937505,0.4919468483,0.4416459174,0.2591897448,0.1848997309,0.5355389674,0.2057183589,0.6907293897,0.4003650762,0.3066074143,0.3670337877,0.2990573139,0.6764092015,0.7511606191
266,1,1,1,1,1,0.5044721406,0.6043476486,0.6528561603,0.434265709,0.4918422295,0.4414156292,0.2591305337,0.1849805656,0.535640573,0.2058790564,0.6907092132,0.4003220293,0.3064730027,0.3670167991,0.2989653874,0.6765922525,0.751105888
266.5,1,1,1,1,1,0.5043133197,0.6043659405,0.6528745885,0.4342903999,0.4919164815,0.4415786561,0.2590676401,0.1849691478,0.535523491,0.2058992462,0.6906744606,0.4003186254,0.3066346426,0.3670972213,0.2991163429,0.6766338088,0.75105318
267,1,1,1,1,1,0.5043386805,0.6043305288,0.652876635,0.4343069287,0.4918918972,0.4416379805,0.2590316975,0.1849273678,0.535594713,0.2057477271,0.6906341548,0.4005041779,0.3066812021,0.3671603293,0.2990622113,0.6768080305,0.7510999547
267.5,1,1,1,1,1,0.5045142411,0.6043084264,0.6527550456,0.4341701613,0.4921369019,0.4417683926,0.2589760899,0.1849226964,0.5355697427,0.205715319,0.690699243,0.400525186,0.3066308957,0.3671126478,0.2989487434,0.6768544587,0.7513386341
268,1,1,1,1,1,0.5043072118,0.604189715,0.6526058069,0.4341127242,0.491957358,0.4417260084,0.2589630133,0.1849090657,0.5355374145,0.2057403064,0.6910079789,0.400366408,0.3065357366,0.3669985276,0.2987918898,0.6769119418,0.7512219545
268.5,1,1,1,1,1,0.5042609745,0.6042276422,0.6526533458,0.4341399709,0.4920054671,0.4418685222,0.2590328024,0.1849345875,0.5353684871,0.2056405335,0.6911003092,0.4004353323,0.3062792216,0.3669600996,0.2988385356,0.6768432469,0.7514387594
269,1,1,1,1,1,0.5041477821,0.6042021341,0.6524985138,0.4340937302,0.4917867642,0.4416459526,0.2590452698,0.1848222824,0.5352948823,0.2057089095,0.6911160426,0.4003057477,0.3064935872,0.3668962393,0.2987823359,0.6767401337,0.751531909
269.5,1,1,1,1,1,0.504244385,0.6041426735,0.6523709922,0.4338584179,0.4919229143,0.4416653028,0.2589652301,0.1848180433,0.5349572656,0.2057374165,0.6911158293,0.4000439799,0.3064329394,0.3669450945,0.2988374225,0.6768538571,0.7513492289
270,1,1,1,1,1,0.5040911418,0.6042501686,0.6524897649,0.4337547518,0.4919544992,0.4416009097,0.2589001326,0.1848152928,0.5351080022,0.2055887604,0.6911686178,0.4001967898,0.3065390486,0.3668596571,0.2986389013,0.6769070067,0.751379281
270.5,1,1,1,1,1,0.504261181,0.6043694307,0.6527875942,0.4338633824,0.4919573392,0.4415389447,0.2589043669,0.1847939397,0.535204852,0.2056552501,0.6909885269,0.4001404267,0.3064159759,0.3670374925,0.2986228925,0.6769141614,0.7515007733
271,1,1,1,1,1,0.5042245676,0.6042935972,0.6528292251,0.4339499334,0.4918146252,0.4415147527,0.2588340923,0.1849671614,0.5351353149,0.2056803291,0.690958397,0.4002151403,0.3063894565,0.3671813422,0.2986985214,0.676833309,0.7514433469
271.5,1,1,1,1,1,0.5043952239,0.604341434,0.652908378,0.4340196278,0.4916300949,0.4413672029,0.2587633632,0.1850494347,0.5351038099,0.2056382642,0.6909125742,0.4001054796,0.3065309706,0.3674693285,0.2986672499,0.6768626042,0.7516207257
272,1,1,1,1,1,0.5043780746,0.6043562672,0.6528128667,0.4339983141,0.4918610927,0.4412360734,0.2587382558,0.1848092867,0.53508358,0.2056030514,0.6908890236,0.4003982193,0.3065632058,0.3674225396,0.2986711772,0.6767302657,0.7515218344
272.5,1,1,1,1,1,0.5044219251,0.6044296443,0.6528612146,0.4340140144,0.4918893217,0.4412301058,0.2587156906,0.1847960478,0.5350483035,0.2053908282,0.6910055624,0.4003540711,0.3064982856,0.3674614159,0.2986548825,0.6766519161,0.7513832248
273,1,1,1,1,1,0.5043960027,0.6043218239,0.6530090767,0.4338296962,0.4918866571,0.4412673402,0.2588932307,0.1849045462,0.5351512325,0.2054155138,0.691119355,0.4003915631,0.3064103725,0.3673487342,0.298532522,0.6767467082,0.7515195199
273.5,1,1,1,1,1,0.5043809022,0.6042644103,0.6529666536,0.4340472581,0.4917709356,0.441374546,0.2588509645,0.1848212772,0.5351059774,0.2053295353,0.6910628749,0.4005107572,0.3063589218,0.3673751999,0.2984386259,0.6768484184,0.7516767773
274,1,1,1,1,1,0.5042617999,0.6040273946,0.6530900974,0.4340550233,0.4918727598,0.4413580459,0.2589130238,0.1849404746,0.5349245219,0.2053093259,0.6909036018,0.400488827,0.3063170716,0.3673347528,0.2985281212,0.6767894225,0.7514645492
274.5,1,1,1,1,1,0.5044477404,0.6041175345,0.6529663948,0.4340675569,0.491810411,0.441270268,0.2588734851,0.1849802417,0.5348144597,0.2053049247,0.6908343135,0.4005287201,0.3064303531,0.3673696096,0.2984923766,0.6768419139,0.7515886063
275,1,1,1,1,1,0.5043835361,0.6039478252,0.6529015831,0.4341091872,0.4918163496,0.4411337878,0.258754688,0.1851269647,0.5345523216,0.2053253295,0.6908577422,0.4006758779,0.3064622265,0.3673858995,0.2985054848,0.676839168,0.7513669872
275.5,1,1,1,1,1,0.5043198489,0.6041204601,0.6529607193,0.4342102814,0.4919487973,0.4413769976,0.2585906376,0.1851803261,0.5345148733,0.2053941816,0.6909925883,0.40086932,0.3066015949,0.367465717,0.2986528609,0.6769956754,0.7514542365
276,1,1,1,1,1,0.5043174341,0.6043219301,0.6529464928,0.4342434974,0.4919486592,0.4413667155,0.2587186302,0.1850171814,0.5345234487,0.2053679884,0.6910707801,0.4009180339,0.3066683793,0.367500048,0.2985819781,0.6770662429,0.751270233
276.5,1,1,1,1,1,0.5043781243,0.6041646585,0.6529053616,0.434327418,0.4920559881,0.4417008688,0.258576104,0.1850738227,0.5345626885,0.2053072335,0.6909631553,0.4010655295,0.3068065108,0.3672656686,0.298409196,0.6770606763,0.7512011478
277,1,1,1,1,1,0.5042676374,0.6039316224,0.6528793537,0.434308261,0.4921830476,0.4416997348,0.2585704733,0.184958787,0.5344713495,0.2053464145,0.6909837877,0.4009554339,0.3068791202,0.3672473607,0.2983443847,0.6768895124,0.7511745861
277.5,1,1,1,1,1,0.5043354043,0.6040753704,0.6530429354,0.4340626457,0.4923278924,0.4417401605,0.2588875374,0.1849007659,0.5343767977,0.2053558408,0.6906149915,0.4006254144,0.3067064906,0.3673715689,0.2984737781,0.6770766867,0.7510953605
278,1,1,1,1,1,0.5044778469,0.6042160918,0.6529471621,0.4340379216,0.4922964844,0.4415879165,0.258813214,0.184768409,0.5344159239,0.2052992973,0.690562841,0.4005254219,0.3067380906,0.3671729269,0.2983183256,0.6770751405,0.750967565
278.5,1,1,1,1,1,0.5045209608,0.6041141122,0.6529677493,0.4340393813,0.4924220463,0.4416952795,0.2587707283,0.1847165552,0.5346509709,0.2053798094,0.6906650401,0.4005309199,0.3069168913,0.3669810869,0.2984942032,0.6770370984,0.7509824383
279,1,1,1,1,1,0.504437351,0.6039778781,0.6530414135,0.4342079932,0.4923756765,0.4416602774,0.2587529542,0.18461614,0.5346628157,0.2054181384,0.6907601907,0.4005746639,0.3068107627,0.3671280533,0.2984622749,0.6769836565,0.7509840244
279.5,1,1,1,1,1,0.5044030133,0.6040280792,0.6530913499,0.4341812767,0.4923884225,0.4418311412,0.2587163202,0.1846838269,0.5347540625,0.205408325,0.690650488,0.4004568062,0.3068705923,0.3671057767,0.2986937832,0.6769024197,0.7510445084
280,1,1,1,1,1,0.5043391945,0.6039041683,0.6530926622,0.4340104478,0.4922866578,0.4418665513,0.2587116439,0.184652688,0.5348506973,0.2053420299,0.6908311996,0.4004417216,0.3070418433,0.3672197457,0.298627594,0.6770625838,0.7509542448
280.5,1,1,1,1,1,0.5043898164,0.6040689502,0.6530007258,0.4340010003,0.4923080377,0.4417904118,0.2588224867,0.184615587,0.5348949928,0.205403184,0.6909719056,0.4003927565,0.3069879148,0.3672388589,0.2988257584,0.6770458986,0.7510106432
281,1,1,1,1,1,0.5044859267,0.6042299948,0.6529476983,0.4339721027,0.492399682,0.4415781388,0.2587743463,0.1848093252,0.5347833865,0.2054775334,0.690931445,0.4004346018,0.3069290033,0.3672398527,0.2988344174,0.6770109734,0.7512214722
281.5,1,1,1,1,1,0.5045439409,0.6042139971,0.653045549,0.4339781961,0.492364329,0.4416872917,0.2587881809,0.1846947146,0.5347973657,0.2054171607,0.6908334205,0.4007156501,0.306777898,0.3674721944,0.2988454804,0.6771328635,0.7513362297
282,1,1,1,1,1,0.5043451223,0.6042086979,0.6530386769,0.433813411,0.4920360926,0.441564997,0.2586679771,0.1845729903,0.5348202296,0.2053753452,0.690737721,0.4005127141,0.3066450085,0.3672269474,0.2989068652,0.6771321272,0.7512829539
282.5,1,1,1,1,1,0.5045478185,0.6043976515,0.6531346989,0.4342028571,0.4918829706,0.4415686587,0.2587852485,0.184508758,0.5348412844,0.2053869385,0.6908644765,0.4004303915,0.3067143133,0.3669253633,0.2988120652,0.677096595,0.7513615725
283,1,1,1,1,1,0.5044139972,0.6045185388,0.6531442798,0.433991808,0.4923780121,0.441361246,0.2586976349,0.1846308066,0.5349194931,0.2054225494,0.6908393302,0.4005506903,0.3068173276,0.3670446711,0.2988107446,0.6770302935,0.7513132246
283.5,1,1,1,1,1,0.5043975207,0.6044362604,0.6531038301,0.4340182221,0.4925195968,0.4416206991,0.2587718973,0.184615018,0.5346723684,0.2055099291,0.6906518939,0.400420339,0.3068908532,0.367161018,0.2987583199,0.6771142129,0.7513332465
284,1,1,1,1,1,0.5043878035,0.6043234815,0.653206827,0.4343642073,0.4923369651,0.4416171882,0.2587568312,0.1848624649,0.5347338636,0.2056429246,0.6905858407,0.4002957293,0.3068950497,0.3670338253,0.2987379273,0.6770165938,0.7512572634
284.5,1,1,1,1,1,0.5043674216,0.604173555,0.6531103589,0.4344400558,0.4920880493,0.4416514116,0.2588413697,0.1848195375,0.5347085097,0.2056515398,0.6908334175,0.4003542521,0.3069207551,0.3671106135,0.2987970823,0.6770679231,0.751298171
285,1,1,1,1,1,0.5046505932,0.6043729712,0.6532363369,0.4343447682,0.4921208597,0.4418112901,0.2588364807,0.1846677316,0.5347092723,0.2057349421,0.6908604106,0.4001614396,0.3069554247,0.3673529564,0.2988531896,0.6769760494,0.7512149823
285.5,1,1,1,1,1,0.5045101298,0.6044025398,0.6530257666,0.4341474299,0.4921792902,0.4417486549,0.2588971642,0.1846121282,0.5347546642,0.2055559902,0.690813753,0.4001768928,0.3068395085,0.3673247818,0.2988613262,0.6771284943,0.7511162423
286,1,1,1,1,1,0.5045260642,0.6044613075,0.6530082987,0.4341920872,0.4921843163,0.4417047814,0.25896403,0.1847065278,0.5348959309,0.2054795577,0.690828284,0.4004301678,0.3066641353,0.3673672658,0.2987484694,0.6772138379,0.751212596
286.5,1,1,1,1,1,0.5044172967,0.6045558784,0.652711165,0.4342791517,0.4921597371,0.4420626926,0.2590504743,0.1846596775,0.5350398015,0.2056136157,0.6906985797,0.4002245262,0.3066564631,0.367532806,0.2988922744,0.6772895065,0.7511813534
287,1,1,1,1,1,0.5044345008,0.6043381575,0.6526772665,0.4339627973,0.4920035017,0.4419326286,0.2590151539,0.184710335,0.5351756547,0.2057057006,0.6906435083,0.4002683654,0.3064523398,0.3671973215,0.2990712387,0.6773627268,0.7511385861
287.5,1,1,1,1,1,0.5044827185,0.6045141406,0.6527025656,0.4338074914,0.4920326469,0.4419665397,0.2589620136,0.1847812317,0.5352436845,0.2058808743,0.6907780921,0.4004627816,0.3064409447,0.3672698331,0.2992308694,0.6772274154,0.7511129724
288,1,1,1,1,1,0.5044708506,0.6045795882,0.6528190196,0.4338506289,0.4922517145,0.4418721528,0.2589622068,0.1847610245,0.534858283,0.2055760463,0.6907820696,0.4004831867,0.3063916427,0.3672346474,0.2991031849,0.6770247797,0.7510275852
288.5,1,1,1,1,1,0.5041336736,0.6046804226,0.6529161632,0.4339739678,0.4922596402,0.442026507,0.2589560157,0.1845667229,0.5347777554,0.2055212775,0.6906520674,0.4004142421,0.3065110434,0.3670156725,0.2990805739,0.6768219438,0.7511307385
289,1,1,1,1,1,0.5040733178,0.604570043,0.6528928911,0.4338775966,0.4922157962,0.4420062147,0.2591379971,0.1847225517,0.5347338506,0.2056552189,0.6906917488,0.4003553235,0.3065243879,0.3672534311,0.2989554241,0.6768665008,0.7508907563
289.5,1,1,1,1,1,0.5040996627,0.6044341486,0.6526740892,0.4339876343,0.4920703321,0.4420266399,0.2589702286,0.1847415414,0.5345701111,0.2057224648,0.690690596,0.4001407275,0.3066769247,0.3672382977,0.2988772237,0.6767516389,0.7511268467
290,1,1,1,1,1,0.5040926187,0.6043707616,0.6526321237,0.4338924818,0.492120622,0.441976682,0.2590188585,0.184689526,0.5347578688,0.2057222873,0.6905995189,0.4000423141,0.306838482,0.3673484349,0.2988474013,0.6768981038,0.7510960737
290.5,1,1,1,1,1,0.504013696,0.6044634854,0.6528012652,0.433997784,0.4920490493,0.4416716059,0.2588296206,0.1847222241,0.534765918,0.2054746792,0.6905876109,0.400155741,0.3067656472,0.3673156018,0.2988205484,0.6770383424,0.7513362133
291,1,1,1,1,1,0.504057095,0.6044482435,0.6529037368,0.4340935767,0.4918948546,0.4417168245,0.2588977566,0.1847025131,0.5346030799,0.2054562036,0.690661284,0.4002178935,0.3067572054,0.3674076609,0.2986580968,0.6772576215,0.7514157827
291.5,1,1,1,1,1,0.5043142341,0.6042610525,0.653015716,0.4341077838,0.4921061316,0.4415699915,0.2589312715,0.1847277065,0.5343966031,0.2055530313,0.690624624,0.4003825299,0.3067562651,0.3673145545,0.2987740741,0.6771790692,0.7514329042
292,1,1,1,1,1,0.5041851608,0.6041211224,0.6529602947,0.4339637262,0.4921425618,0.441618688,0.2588980727,0.1848201886,0.5345667237,0.2055475448,0.6906255457,0.4006212724,0.3069111169,0.3673345873,0.2988055595,0.6770587702,0.7514933346
292.5,1,1,1,1,1,0.5044227858,0.6041075595,0.6531293082,0.4339186412,0.4921927526,0.4415114391,0.2588323401,0.1847245954,0.5344618622,0.2055552074,0.6907491525,0.4008019717,0.3067479093,0.3672040615,0.2987863367,0.6771970271,0.7515062006
293,1,1,1,1,1,0.5043875651,0.6042593897,0.6529539589,0.4340567023,0.4920661304,0.4414251618,0.2589972231,0.1846620728,0.534437147,0.2057193376,0.6906225594,0.4007341699,0.3066825769,0.367101649,0.2988282434,0.6772053731,0.7514395612
293.5,1,1,1,1,1,0.5041778165,0.6040441378,0.6529466214,0.4340786745,0.4921465269,0.4414739517,0.2589732045,0.1847962771,0.5343293167,0.2058801531,0.690695246,0.4008771243,0.3065785318,0.3671768044,0.2987730544,0.6772378713,0.7512715697
294,1,1,1,1,1,0.5040408981,0.6039232332,0.6529336609,0.434124183,0.4922853392,0.441573267,0.2590695499,0.1847415381,0.5343659707,0.2058897509,0.6905464279,0.4008825239,0.3065993144,0.3672069195,0.2987791595,0.6774522941,0.751194154
294.5,1,1,1,1,1,0.5041527474,0.6041910255,0.6529377696,0.4340448768,0.4920871775,0.4415373896,0.2590938052,0.1849030338,0.5343908945,0.2059507942,0.6904847394,0.4008088412,0.3065900401,0.3672268884,0.2986368591,0.6772890907,0.7513410191
295,1,1,1,1,1,0.5041964199,0.6039756834,0.6529421535,0.4343712739,0.4922548982,0.4416878926,0.2590293259,0.1848158324,0.5343248362,0.2057694546,0.6904649772,0.4006222139,0.3065610796,0.3673076177,0.2988385481,0.6771108388,0.7513608782
295.5,1,1,1,1,1,0.5041142111,0.6040689354,0.6528997521,0.4344272668,0.4921445035,0.4415768116,0.2589638163,0.1848320227,0.5343466283,0.2057616486,0.6906241514,0.4006251842,0.3066262012,0.3672341686,0.2989013072,0.6769469261,0.7513713214
296,1,1,1,1,1,0.5042638612,0.6042035509,0.6528270385,0.4343777954,0.4919432224,0.4414720632,0.2590143658,0.1847756395,0.5344194774,0.2056968302,0.6906372995,0.4006033209,0.3066505597,0.3673133527,0.2987998216,0.6769343494,0.75125826
296.5,1,1,1,1,1,0.5041506611,0.6041049158,0.6529527391,0.434411175,0.4920855371,0.4413994127,0.2589316782,0.18475812,0.5343588434,0.2057697364,0.6905735691,0.4005472648,0.3066697954,0.3673899299,0.2987055615,0.6771757062,0.7513650745
297,1,1,1,1,1,0.5042028779,0.603998324,0.6529747159,0.4344874371,0.4920221019,0.4414722041,0.2587090391,0.1846450512,0.5341780236,0.2057448428,0.6905671388,0.4003236329,0.3066916319,0.3675555062,0.2987306002,0.6770385803,0.7512731774
297.5,1,1,1,1,1,0.5041079003,0.6039721041,0.6530703117,0.4344720079,0.4919229367,0.4417643759,0.2587457322,0.1847821562,0.5339939813,0.2057816354,0.6905776223,0.4004953805,0.3068447826,0.3674728488,0.298840316,0.6769810362,0.7512819061
298,1,1,1,1,1,0.5038681245,0.6043294037,0.6530337692,0.4343286177,0.491960499,0.4417599231,0.2587507629,0.184715929,0.5340308392,0.205714574,0.6905650598,0.40049688,0.3071092664,0.3673564354,0.2987145441,0.6770354354,0.7512348042
298.5,1,1,1,1,1,0.5039516959,0.6043550862,0.6528046642,0.4340017231,0.4920268346,0.4418476607,0.258754912,0.1848092859,0.5340075449,0.2055687455,0.6905684788,0.4003926693,0.3070610664,0.3674068677,0.2986422376,0.6770156899,0.7512039653
299,1,1,1,1,1,0.5038935099,0.6041883159,0.6529045059,0.4338921628,0.491983504,0.4417251943,0.2590008349,0.1848330732,0.5340243277,0.2056527426,0.690612762,0.4005722192,0.3071423668,0.3672917611,0.2985542076,0.6770387844,0.7512402594
299.5,1,1,1,1,1,0.5038345634,0.6043417397,0.6529657094,0.4338671813,0.4920403892,0.4417122355,0.2588597209,0.1849504602,0.5340496309,0.2055815389,0.6907294804,0.4004122345,0.3071663886,0.3673893365,0.2986766659,0.6770109657,0.7510877848
300,1,1,1,1,1,0.5038371761,0.6043092781,0.6529877008,0.4337859092,0.4918908311,0.44171898,0.2588662342,0.1850260819,0.5339226087,0.205598514,0.6907607977,0.4005989307,0.306943165,0.3673281196,0.2987405322,0.6770623761,0.7510607182
300.5,1,1,1,1,1,0.5039602508,0.6043363188,0.6530566049,0.4339945976,0.4919021579,0.4416887691,0.2589731038,0.1850693787,0.5343253719,0.2056677886,0.6909132884,0.4005438705,0.3068582683,0.3675034206,0.2988581113,0.6770995355,0.7510313538
301,1,1,1,1,1,0.5039846999,0.6042609767,0.6531571087,0.4341113556,0.4920036254,0.4415389039,0.2589950259,0.1850357536,0.5345645586,0.205828548,0.6909886354,0.4004244915,0.3067895511,0.3673949643,0.2989244975,0.6770391706,0.7510497422
301.5,1,1,1,1,1,0.5040871968,0.6042548961,0.6531658238,0.4342556557,0.4920859653,0.4416343731,0.2590646688,0.1848451054,0.5346596239,0.2060033403,0.691004401,0.4004388621,0.3067375581,0.3671927724,0.2989126816,0.677078188,0.7511799427
302,1,1,1,1,1,0.50411103,0.6040769728,0.6531557844,0.4340771832,0.4921106472,0.4417608879,0.2590229041,0.1847918591,0.5346306447,0.2058760817,0.6912530055,0.4005518855,0.3069861923,0.3671759805,0.2989487678,0.6770060407,0.7510584101
302.5,1,1,1,1,1,0.5041860185,0.6040503725,0.6529444504,0.4340344686,0.4921301057,0.4413941863,0.2590360667,0.1848170951,0.5346510382,0.2058013124,0.6913905352,0.4004824938,0.30716892,0.3672548494,0.2990407033,0.6767458584,0.7509739873
303,1,1,1,1,1,0.5042421821,0.6040797909,0.6529746318,0.4339194158,0.4920082574,0.4415700184,0.258987954,0.1847813933,0.5346184369,0.2057918157,0.6913395067,0.4005035108,0.3069164107,0.3672138152,0.2990891271,0.6768141058,0.7510087716
303.5,1,1,1,1,1,0.5042997791,0.6038152542,0.6526659768,0.433868561,0.4920515688,0.4415321497,0.2587193801,0.1847055546,0.5345362487,0.2057499002,0.6912743748,0.4004487789,0.3070398435,0.3669381197,0.2990768449,0.6768745849,0.7509680053
304,1,1,1,1,1,0.504286996,0.604013542,0.6525372982,0.4338574744,0.4921296063,0.4415043322,0.2587467065,0.1848082227,0.5345600309,0.2056666325,0.6913065011,0.4004877604,0.3070594926,0.3669580804,0.2986903552,0.6768822837,0.7510067358
304.5,1,1,1,1,1,0.5043201701,0.6040458382,0.6527088328,0.4337735768,0.4922451382,0.4413697448,0.2586393596,0.1848942848,0.534520284,0.205709949,0.6913402177,0.4003504279,0.3070212274,0.3668700806,0.2987532861,0.6767784937,0.7509203067
305,1,1,1,1,1,0.504219004,0.6039747326,0.6527318508,0.4339193755,0.4922180071,0.4415888014,0.2587328393,0.1847490179,0.534430586,0.2057313656,0.6912299112,0.4003112577,0.3070302798,0.366946374,0.2988342574,0.6768119035,0.7509059359
305.5,1,1,1,1,1,0.5042364874,0.6041048525,0.6527495998,0.4339395972,0.492238341,0.4418161142,0.2588064081,0.1847164579,0.5342654071,0.2057024792,0.691281873,0.400328107,0.3070921753,0.3670638137,0.2986594743,0.6769664991,0.7510261045
306,1,1,1,1,1,0.5041743119,0.6041279118,0.6525606522,0.4341661463,0.4921855847,0.4416533939,0.2588450658,0.1847573154,0.5342431533,0.2055888042,0.6912281849,0.400440454,0.3071303414,0.3672828917,0.2986694363,0.6768319977,0.7511861145
306.5,1,1,1,1,1,0.5043045362,0.6041449074,0.6526108305,0.4339715749,0.4922855409,0.4414402473,0.2588626338,0.1847581273,0.534283732,0.2056880615,0.6912477473,0.4005913426,0.3070742194,0.3672622558,0.2986058118,0.6767873942,0.7512924419
307,1,1,1,1,1,0.5042054937,0.6038829954,0.6526862829,0.4339614769,0.4921003535,0.4412772993,0.2589647484,0.1847183016,0.5343983657,0.2056576068,0.6912886619,0.4005780492,0.306920975,0.3672101646,0.2986955932,0.6767492226,0.7513055485
307.5,1,1,1,1,1,0.5041894635,0.6040578521,0.6527427915,0.4339806341,0.4921845213,0.4413095776,0.2589618513,0.1847079573,0.5341788006,0.2057024628,0.6914264354,0.4005695089,0.3068030974,0.3670331703,0.298780769,0.6766759513,0.7514388751
308,1,1,1,1,1,0.5042871173,0.6040276514,0.6526534914,0.434140095,0.4924496412,0.4413319237,0.2591164428,0.1849213699,0.5343443674,0.2056681062,0.6914544986,0.4006138596,0.3068198222,0.3668935312,0.2986185968,0.6765979966,0.7514427516
308.5,1,1,1,1,1,0.5043695435,0.6039679993,0.6525273031,0.4340977691,0.4923255109,0.4412465977,0.25907792,0.1850811232,0.5343606644,0.2058261762,0.6914494211,0.4004714054,0.3067953138,0.3668812748,0.2987339501,0.6767564439,0.751412235
309,1,1,1,1,1,0.5044673285,0.6040020668,0.6527060461,0.4340301443,0.4922320443,0.4412416583,0.2590113965,0.1851673803,0.5342933642,0.2057213003,0.6912867763,0.400566287,0.3067811386,0.3667901674,0.2987587271,0.6766873674,0.7513872236
309.5,1,1,1,1,1,0.5044481377,0.6039977065,0.6527964756,0.4341938198,0.4922072062,0.4414963727,0.2588433774,0.1850484308,0.5343155887,0.2057043482,0.6912769229,0.4003936676,0.3068409698,0.3669064429,0.2988087985,0.6765730681,0.7514631576
310,1,1,1,1,1,0.5043299022,0.6041848457,0.6527894809,0.4342450614,0.4922760508,0.4414178541,0.2588182008,0.1849803204,0.5343427269,0.2057562532,0.6909571464,0.4006486735,0.3067882791,0.366984733,0.2989627765,0.6765127014,0.7513570285
310.5,1,1,1,1,1,0.5044862267,0.6043771275,0.6528753078,0.4341569947,0.4921180093,0.4414673745,0.2587818488,0.1848241362,0.5343150331,0.2055687961,0.6909827781,0.4006073747,0.3066912369,0.3670894915,0.2989479341,0.6763844843,0.7514250664
311,1,1,1,1,1,0.5045708726,0.6043929327,0.6527770547,0.4340607556,0.4921339998,0.4415803003,0.2587615817,0.184919034,0.5342536105,0.2056315616,0.6909808101,0.4007315324,0.3068945247,0.36719723,0.2988994948,0.6763096501,0.7515445237
311.5,1,1,1,1,1,0.504559603,0.6041666627,0.6528764021,0.4339844065,0.4922623978,0.4415504615,0.2588036188,0.1847665719,0.5343825905,0.2057271822,0.6909896625,0.4005697067,0.3068701515,0.3673660904,0.298989738,0.6764853543,0.7514670998
312,1,1,1,1,1,0.5045330382,0.6042718942,0.652872372,0.4340538553,0.4922472572,0.4417315057,0.2587838963,0.1848299361,0.5344413202,0.2056184714,0.6908879758,0.4005842071,0.3068616896,0.3673309936,0.298957304,0.6762666356,0.7514147902
312.5,1,1,1,1,1,0.5044623774,0.6040977469,0.652856064,0.4340560346,0.492084656,0.4416285489,0.2588884984,0.1848764161,0.5345357092,0.2055576597,0.6909789305,0.4005867848,0.3068636557,0.3676103376,0.2989761616,0.6760823847,0.7514807667
313,1,1,1,1,1,0.5044861295,0.6041783174,0.6526409215,0.4341960075,0.4920733886,0.441760644,0.2588848852,0.1847766307,0.5344977646,0.2055887072,0.6909834916,0.4006291669,0.3067339798,0.367464947,0.2989998234,0.676269658,0.7515293008
313.5,1,1,1,1,1,0.5044312633,0.6044024182,0.6527372745,0.4340649702,0.4923295266,0.4415635537,0.2588954716,0.1845598186,0.5344332826,0.2055418611,0.6910764537,0.4006541697,0.3068251472,0.3672847381,0.2992549007,0.6764346363,0.7513543186
314,1,1,1,1,1,0.5043096999,0.6042900109,0.6526697587,0.4340743143,0.4921409597,0.4419532089,0.2589085862,0.1846495556,0.5342163699,0.2055742126,0.6910172711,0.4003837685,0.3066611022,0.3673682063,0.299335589,0.6764589303,0.7513550958
314.5,1,1,1,1,1,0.504498023,0.6041152374,0.6528421056,0.4341214129,0.491999333,0.4414581442,0.2588280205,0.1846453753,0.5344039137,0.2055803078,0.6909891926,0.4002772546,0.3064869194,0.3672997042,0.2991811141,0.6765733348,0.7514073673
315,1,1,1,1,1,0.504360862,0.604201389,0.6528798724,0.4342247715,0.4921979188,0.4416735316,0.2588342437,0.1846673253,0.5341623434,0.2057012103,0.6911602869,0.4003171036,0.3065331357,0.3673821231,0.2991660793,0.6765730849,0.7514875052
315.5,1,1,1,1,1,0.5044815233,0.6041526887,0.6529021908,0.4340954255,0.492147712,0.4415519884,0.2588775007,0.1846111622,0.534004257,0.2057497032,0.6910273902,0.4004716666,0.3065011127,0.3672409365,0.2991414992,0.6766440349,0.7514516623
316,1,1,1,1,1,0.5044954583,0.6040509762,0.6530865379,0.4340710613,0.4920924047,0.4414753283,0.2587421552,0.184729981,0.5339278793,0.2056147989,0.6910091263,0.4006212015,0.306560531,0.3675018076,0.2992309993,0.6768218688,0.7515402652
316.5,1,1,1,1,1,0.5044036698,0.6040445224,0.6530222533,0.4338990362,0.4918788232,0.4413470704,0.2585601193,0.1846169328,0.5340295082,0.2055550678,0.6909399083,0.4006889017,0.3065049945,0.3676286789,0.2994753522,0.6768633105,0.7513188668
317,1,1,1,1,1,0.5044462112,0.6039431421,0.6530653106,0.4340512259,0.4918791651,0.4415411143,0.2585150765,0.1847379955,0.5342565077,0.2056085752,0.6907750692,0.4005114679,0.3067008722,0.3675881646,0.2993161096,0.6769349778,0.7512901897
317.5,1,1,1,1,1,0.5043946848,0.6042131459,0.6531443524,0.4342917605,0.491971859,0.4413390459,0.2583765912,0.1846948788,0.5342932436,0.2055806027,0.6909447819,0.4002198379,0.3067583262,0.3676390765,0.2990447602,0.6769569155,0.7514377611
318,1,1,1,1,1,0.5043479596,0.6039241074,0.6531389992,0.4344148959,0.4920687387,0.44117405,0.2583298455,0.184571215,0.5344824531,0.2054900144,0.6911090867,0.4001930535,0.3068543327,0.3677804918,0.2993149625,0.6768472817,0.7513860172
318.5,1,1,1,1,1,0.50457702,0.6040528688,0.6528814795,0.4343652521,0.4918654455,0.4412217257,0.2583617084,0.1847514713,0.5344476364,0.2056229993,0.6910875737,0.4003812146,0.3068304903,0.3676645433,0.2993467068,0.6767289901,0.751413445
319,1,1,1,1,1,0.5045511521,0.6039736988,0.6528511021,0.4342421994,0.49192736,0.4413255694,0.2584673585,0.1847266186,0.5344986076,0.2055704922,0.6912736013,0.4005489031,0.3068866267,0.3675091938,0.2995040388,0.6769079406,0.751389001
319.5,1,1,1,1,1,0.5045156411,0.6041613431,0.6528659611,0.4341573196,0.4919980522,0.4414776432,0.2586167831,0.1849156374,0.5343725352,0.2055493527,0.6911219832,0.4004346582,0.3065705281,0.3675336431,0.2993738257,0.6769486687,0.7516194395
320,1,1,1,1,1,0.5046621942,0.6042641849,0.6528150443,0.4341505712,0.4921136509,0.4414923291,0.2586416537,0.1848352078,0.5342918369,0.2055487879,0.6910232259,0.4002971696,0.3065903854,0.3676133869,0.2994483465,0.6769855415,0.7514195885
320.5,1,1,1,1,1,0.5045756746,0.6041982175,0.6529841211,0.4340892692,0.4922035241,0.4414544413,0.2588316369,0.1846617713,0.5344116331,0.2055244548,0.6910514662,0.4004499229,0.3064563805,0.3674421606,0.2993702085,0.6770863377,0.7514471452
321,1,1,1,1,1,0.5045284608,0.6042228071,0.6531000575,0.434269451,0.4923896118,0.4414542689,0.2589037954,0.184750864,0.5345662669,0.2056006458,0.6910220899,0.4005557236,0.3063203592,0.3673983026,0.2993691389,0.6770136142,0.7514440366
321.5,1,1,1,1,1,0.5045484352,0.6042241889,0.6530019519,0.4343858244,0.4924383755,0.4416055133,0.2587858456,0.1847793904,0.5346451701,0.2056408571,0.6909273036,0.4004206621,0.3063921189,0.3674035072,0.2996237562,0.6770532598,0.7512564698
322,1,1,1,1,1,0.5045038651,0.6042608075,0.6530735388,0.434226792,0.4924051735,0.4416822321,0.2586973169,0.1847039275,0.5346306944,0.2056611729,0.6909836545,0.40041394,0.30646168,0.3674496505,0.2994175341,0.677000789,0.7512880872
322.5,1,1,1,1,1,0.5042594104,0.6040847292,0.6530562832,0.4343666258,0.4924071638,0.4415532776,0.2585733354,0.184828115,0.5345719078,0.2055147472,0.6909713692,0.4005041754,0.3065211538,0.3673351243,0.2995857935,0.6770802001,0.7513240797
323,1,1,1,1,1,0.5043505467,0.6039699629,0.6529400634,0.434342369,0.4923617579,0.4414750412,0.2588946649,0.1846677255,0.5343677483,0.2055879708,0.6909770652,0.4007745414,0.3065604079,0.3674796907,0.2995288761,0.6771272126,0.7514377568
323.5,1,1,1,1,1,0.5044808841,0.6038991015,0.6529354697,0.4345917753,0.4922768164,0.4416787869,0.2588322189,0.1848029823,0.5346848799,0.2055910754,0.6908295798,0.4006900818,0.3066738915,0.3672597015,0.2995937461,0.6772331507,0.751422716
324,1,1,1,1,1,0.5045436538,0.6041308897,0.6529601099,0.4342029591,0.4924352683,0.4416619062,0.2588196566,0.1847842157,0.5349882128,0.2054617061,0.6908901682,0.4006631267,0.3066011464,0.3671557992,0.2993821634,0.6774666966,0.7513651679
324.5,1,1,1,1,1,0.5045427137,0.604338545,0.6528704,0.4341050252,0.4922596526,0.4417005857,0.2588633056,0.1848147275,0.5350274536,0.2055130604,0.690854936,0.4008370247,0.3066935042,0.3672177712,0.2991274839,0.6774078428,0.751285531
325,1,1,1,1,1,0.5045003029,0.6043598786,0.6528673734,0.4341287277,0.4921676156,0.4416316653,0.2587833267,0.1845804967,0.5348931057,0.2055297319,0.6908097997,0.4007290988,0.3068726186,0.3673574816,0.2992692533,0.6776865995,0.7514349909
325.5,1,1,1,1,1,0.5043635401,0.6042602032,0.6529643763,0.434248291,0.4922104931,0.4418774843,0.2588230964,0.1846783812,0.5348612514,0.2055568246,0.690716979,0.4005443149,0.3070396368,0.3675126537,0.2991388233,0.6778097293,0.7515376335
326,1,1,1,1,1,0.5042110518,0.6044300365,0.6527861936,0.4341332241,0.4923122947,0.441908826,0.2589593748,0.1845828452,0.534913634,0.2054326723,0.6905216589,0.4003532422,0.3067690714,0.3674375667,0.2989231148,0.67761765,0.7515078274
326.5,1,1,1,1,1,0.5042282426,0.6044912894,0.6530077239,0.434146857,0.4923021953,0.4419914271,0.2590599119,0.1844934844,0.5349527503,0.2054509511,0.6904313752,0.400389842,0.306666673,0.3673953745,0.2989729403,0.6774725315,0.7515872117
327,1,1,1,1,1,0.504144957,0.6045210959,0.6527826232,0.4341325754,0.4925048329,0.4418050151,0.2590195263,0.1846055763,0.5350306928,0.2052171908,0.6905001786,0.4004550135,0.3067361946,0.3672866623,0.2988512046,0.6774437168,0.751670577
327.5,1,1,1,1,1,0.5041233313,0.604215963,0.6526172799,0.4343735126,0.4922976772,0.4417906032,0.259114458,0.1847057158,0.5350083225,0.2054126716,0.6904726221,0.4005170765,0.3068314571,0.3671902939,0.2988731695,0.6774887493,0.7514406855
328,1,1,1,1,1,0.5041868533,0.6041949211,0.6526926448,0.4343730488,0.4922781172,0.4422480341,0.2590123617,0.1846537539,0.5351200351,0.2054111599,0.6904666653,0.4002847535,0.3068425129,0.3674392222,0.2987364753,0.6774492769,0.7515088685
328.5,1,1,1,1,1,0.5043399357,0.6041139937,0.6527315043,0.4343405686,0.4922208298,0.4421365818,0.2589052241,0.1846089315,0.5351084363,0.2052708992,0.690399286,0.4004020744,0.3068925828,0.3673896534,0.2989901803,0.6776081301,0.7514244899
329,1,1,1,1,1,0.5043581144,0.6040489469,0.6529533036,0.4343397951,0.4922142284,0.441964918,0.2589081178,0.1846373029,0.5352882073,0.2054154844,0.6902543189,0.4003251398,0.3068268557,0.3674940845,0.2989954241,0.6775731703,0.7515582759
329.5,1,1,1,1,1,0.5043784191,0.6042714215,0.6528865291,0.4343192658,0.4923358732,0.4418352203,0.2589889425,0.1845641018,0.5352836551,0.2052462998,0.6902452002,0.4004715444,0.3066691222,0.3671697681,0.2989479462,0.677739688,0.7514811267
330,1,1,1,1,1,0.5043798258,0.6040097546,0.6527570624,0.4342149901,0.4922094538,0.4416791971,0.2590070319,0.1845491243,0.5350566518,0.2053529834,0.6901726484,0.400383861,0.3068099502,0.367302481,0.2989762877,0.6776014769,0.7514098386
330.5,1,1,1,1,1,0.5043484106,0.6041611915,0.6527081378,0.4339916779,0.4919459136,0.4418833381,0.2590889139,0.1847031266,0.5350291777,0.2054374711,0.6901887909,0.400510066,0.3068418044,0.3672310068,0.2990504681,0.6773831231,0.7514034888
331,1,1,1,1,1,0.5044121816,0.6040207959,0.6527520119,0.4340581069,0.4918702237,0.4415616001,0.2591764462,0.1848349198,0.5347944568,0.2055598102,0.6902315579,0.4006459002,0.3066636693,0.3670649659,0.2992416716,0.6772738074,0.7515600782
331.5,1,1,1,1,1,0.5043008753,0.6042850809,0.6526921189,0.4340558456,0.4920859146,0.4414452928,0.2590884974,0.1848263842,0.534757089,0.2055262289,0.6901310904,0.4007464427,0.3067545701,0.3669694889,0.2993085256,0.6771529425,0.7516409077
332,1,1,1,1,1,0.5042637151,0.6043652067,0.6527518996,0.4340437124,0.4923092368,0.4413854358,0.2586943216,0.1848343768,0.534817879,0.2056768694,0.690147267,0.4006534468,0.3067012749,0.3670971745,0.2992747091,0.6770325188,0.7516511933
332.5,1,1,1,1,1,0.5043159024,0.6044356251,0.6528363583,0.4339613893,0.4924104935,0.4413584115,0.2584898008,0.184798963,0.534650073,0.2058495321,0.6900610492,0.4006460898,0.3066150285,0.3671790129,0.2992644286,0.677015257,0.7516955667
333,1,1,1,1,1,0.5043072429,0.6043323242,0.6527379096,0.4342014381,0.4922404459,0.441591508,0.2584257115,0.1848038003,0.5348266133,0.2056200405,0.6902146239,0.4006561901,0.3066529581,0.3672624355,0.2994026378,0.6770459332,0.7518202416
333.5,1,1,1,1,1,0.5042713676,0.6042957986,0.6528433073,0.4341916154,0.4921254921,0.4415998755,0.2584741966,0.1848488592,0.5348535662,0.2058582363,0.6902834971,0.4008356794,0.3065238554,0.3671989483,0.2994467248,0.6769976568,0.7518734417
334,1,1,1,1,1,0.5043286015,0.6044972327,0.6529227869,0.4341912389,0.4921730351,0.4416069242,0.2583869019,0.1848655138,0.5351566814,0.205810843,0.6902496767,0.4005696576,0.3066848507,0.367019209,0.2993721196,0.67703077,0.7517844056
334.5,1,1,1,1,1,0.5042109313,0.6043741596,0.6529395727,0.4342494876,0.4920378084,0.4415896874,0.2582737056,0.1848928597,0.535369983,0.2057199044,0.690421097,0.4007642491,0.3066410484,0.3669514846,0.2992197256,0.6772025838,0.7519483798
335,1,1,1,1,1,0.5043152522,0.6041848281,0.6528265483,0.4341258643,0.4919687113,0.4415037377,0.2584298106,0.1846396892,0.5353321497,0.2056868334,0.690274974,0.4006820067,0.306761268,0.3668368747,0.2990653132,0.6774105178,0.7520028419
335.5,1,1,1,1,1,0.5041185879,0.6042778642,0.6528217264,0.4339689627,0.4920497177,0.4413339326,0.2586609496,0.184604746,0.5353377575,0.2056359609,0.6904362943,0.4007907859,0.3068795987,0.3667799045,0.2988253455,0.6773348465,0.7519108283
336,1,1,1,1,1,0.5040880616,0.6043134856,0.6528395013,0.433857853,0.4920032665,0.4413133463,0.258802378,0.1845864693,0.5353596123,0.2055971854,0.6905252482,0.4007475805,0.3068219991,0.3670289702,0.2987303421,0.6773547102,0.7517901883
336.5,1,1,1,1,1,0.5040670637,0.6043542441,0.6528197469,0.4339204106,0.4918832995,0.4414176928,0.2588937806,0.1845882594,0.5351803167,0.2055543085,0.6905922632,0.4005368274,0.3067774219,0.3668783226,0.2986895382,0.6773624869,0.7518393357
337,1,1,1,1,1,0.5041622049,0.6042624614,0.6528709945,0.4341063844,0.491923203,0.4415854083,0.2589380951,0.1847859553,0.5352288643,0.2055989777,0.6907475191,0.4006099295,0.3068524533,0.3669594726,0.2986194409,0.6776036924,0.7517265351
337.5,1,1,1,1,1,0.5041620688,0.6042539801,0.6528253876,0.4341256602,0.491999898,0.4413650864,0.2588517743,0.1847953012,0.5352371526,0.2056313765,0.6907296318,0.4005695658,0.3068769371,0.3671245834,0.2986833995,0.6773976409,0.7516074266
338,1,1,1,1,1,0.5043322642,0.604180729,0.6531134727,0.4341912183,0.4921549046,0.4412550821,0.2586357395,0.1849123261,0.5352552701,0.205659507,0.6908914085,0.4005566039,0.3068189534,0.3671193757,0.2985539905,0.6773438206,0.7513497087
338.5,1,1,1,1,1,0.5044754346,0.6042375105,0.6530544824,0.4340359035,0.4920437602,0.4414660309,0.2585114359,0.1848989761,0.5351709353,0.2058159378,0.6907437045,0.4007083182,0.3065592949,0.3671757507,0.2987412393,0.677254188,0.751419024
339,1,1,1,1,1,0.5042583046,0.6043599562,0.652983024,0.4340662771,0.4921558996,0.4414537041,0.2584153342,0.1848877855,0.5351710903,0.2057192173,0.6908321615,0.4005813924,0.306451444,0.3669132336,0.2986238846,0.6771419792,0.7512349019
339.5,1,1,1,1,1,0.5041619486,0.6041999687,0.6528394786,0.4340819923,0.4920776586,0.4414112598,0.2585394299,0.184859255,0.5352689449,0.20577597,0.6907525806,0.4005475319,0.3063147988,0.3670587734,0.2986999481,0.6769903657,0.7511504462
340,1,1,1,1,1,0.504185608,0.6041292907,0.6526848957,0.4340146612,0.4920593983,0.4413208713,0.2585603659,0.1848829841,0.5352194875,0.2058756031,0.6906919546,0.4007759885,0.3063244134,0.3669246428,0.2987402717,0.6768387145,0.7510692612
340.5,1,1,1,1,1,0.5042068683,0.6041113696,0.6524943107,0.4338742281,0.4920171256,0.4410630733,0.2585510398,0.1849134211,0.5353380461,0.2057110314,0.6906705993,0.4007916603,0.306475808,0.3671621521,0.2988434008,0.6767895614,0.751068896
341,1,1,1,1,1,0.5043333292,0.6042761386,0.6525798709,0.4338267228,0.4922075123,0.4410078353,0.2584856151,0.1848388818,0.5353345579,0.2056385609,0.6907092113,0.400884294,0.3065919597,0.3670291322,0.298849631,0.6769479005,0.7511864022
341.5,1,1,1,1,1,0.5044539056,0.6043220304,0.6527676111,0.4339009522,0.4920465432,0.4409735783,0.258412271,0.1846487161,0.5354493725,0.2056092813,0.6908436406,0.400811444,0.3066988113,0.36695573,0.2988017893,0.6768117203,0.75118155
342,1,1,1,1,1,0.5045630935,0.6044092838,0.6528982598,0.4338821666,0.4919500868,0.4408878396,0.2585677488,0.1844078336,0.5354928404,0.2055864644,0.6906636959,0.4007677682,0.306593514,0.3670897176,0.2985983721,0.6769072927,0.7512013663
342.5,1,1,1,1,1,0.5045534142,0.6044440908,0.652945582,0.4339124496,0.4920784557,0.4411274396,0.2585489395,0.1845413156,0.5354988092,0.2056145985,0.6904343352,0.4004216487,0.3065968115,0.3669980888,0.2986438506,0.6767725677,0.7510781368
343,1,1,1,1,1,0.5044396636,0.604500841,0.6529920635,0.4337814674,0.4921193371,0.4410259937,0.2585079919,0.1845129098,0.535637971,0.2055488452,0.6905355931,0.4004910071,0.3065814112,0.3669831602,0.2986055126,0.6766536819,0.7509847674
343.5,1,1,1,1,1,0.5045741208,0.6043012074,0.6529672815,0.4338533613,0.492279836,0.4413132089,0.2586242506,0.1845547501,0.5357668124,0.2056052271,0.6903120457,0.4002723017,0.3066374472,0.3671338247,0.2987295706,0.6766663864,0.7509399102
344,1,1,1,1,1,0.5045176533,0.6042585357,0.6529934846,0.4336694821,0.4924169729,0.4414271048,0.2586122338,0.1844915895,0.535415364,0.2056807824,0.690230226,0.4002911881,0.3066770145,0.3674420359,0.2987420039,0.6765691857,0.7509533204
344.5,1,1,1,1,1,0.504625332,0.6044326318,0.6528739241,0.433897119,0.4924408462,0.441472285,0.2588760078,0.1845994442,0.5353546393,0.2057231383,0.6903030046,0.4003786734,0.306594962,0.3674973957,0.2986536225,0.6767124348,0.7509329945
345,1,1,1,1,1,0.5044591395,0.604359418,0.6530746117,0.4338933971,0.4924085458,0.4413311285,0.258976592,0.1846075404,0.5352905834,0.2056975072,0.6902094081,0.4003235303,0.3063792292,0.3674588826,0.2986502676,0.6769444764,0.7509291464
345.5,1,1,1,1,1,0.5045239556,0.6043053133,0.652897595,0.4340279642,0.4921772163,0.4413746008,0.2588387488,0.1846680984,0.5352061536,0.2056278445,0.6900397797,0.4001603246,0.3065740811,0.3674028608,0.2985690503,0.6770809552,0.7509987634
346,1,1,1,1,1,0.5043675386,0.6041986326,0.6527526707,0.4342668814,0.4920315762,0.4413458283,0.2589265206,0.1845889253,0.5353523416,0.2055140698,0.6900991776,0.4003638612,0.3065085843,0.3673531396,0.2987994957,0.6771304298,0.7510013788
346.5,1,1,1,1,1,0.504557178,0.604232887,0.6528499462,0.4342514065,0.4919507238,0.4411663429,0.2590485727,0.1847412018,0.5352092604,0.2053646444,0.69004703,0.4004152706,0.3066196265,0.3672563003,0.2989349853,0.6772622255,0.7512632909
347,1,1,1,1,1,0.5043870036,0.6041947128,0.6528656937,0.4343999576,0.4918505845,0.441164984,0.2589849311,0.1847809761,0.5352623853,0.2054342495,0.6900621233,0.4003540241,0.3066452025,0.3671539728,0.2987456884,0.6772034938,0.7511874966
347.5,1,1,1,1,1,0.5045915362,0.6042753705,0.6528464251,0.434354034,0.491806302,0.4415210886,0.2588887696,0.1847929391,0.5351282636,0.2055224197,0.6901446104,0.400216706,0.3063506393,0.3671118817,0.2988114249,0.677089012,0.7512765486
348,1,1,1,1,1,0.5045788899,0.6043412739,0.6529395578,0.4343647742,0.4919131235,0.4414166491,0.2589946679,0.1846655488,0.535205551,0.2056325695,0.6903756626,0.4002019463,0.3062268603,0.3672014334,0.2988827076,0.6771445944,0.7513111816
348.5,1,1,1,1,1,0.5047108234,0.6041123732,0.6528568609,0.434220909,0.4919147404,0.4413189693,0.258900316,0.1846868116,0.535261832,0.2055098279,0.6901086116,0.400439215,0.3061547886,0.3672298775,0.2988627291,0.6772378804,0.7511621448
349,1,1,1,1,1,0.5046410313,0.6041438299,0.6527542735,0.4341775357,0.4920360954,0.4413768592,0.2590054533,0.1847077871,0.5351837033,0.2054869607,0.6899125472,0.4002349106,0.3063188796,0.3670584467,0.2987791672,0.6770900242,0.7512453803
349.5,1,1,1,1,1,0.5045235854,0.6040666272,0.6527300366,0.4341259603,0.492136628,0.4414840278,0.2589942663,0.1846545782,0.5353079251,0.2055497806,0.6900164094,0.4003368094,0.3063530113,0.3669076542,0.2989998156,0.6770754285,0.751231348
350,1,1,1,1,1,0.5045195823,0.6040759394,0.6526848116,0.4341606953,0.4919662246,0.4416896745,0.2588731851,0.1845990779,0.5354428173,0.2056363133,0.690082905,0.4003958403,0.3062980613,0.3669788803,0.2987959134,0.6771684267,0.7511948688
350.5,1,1,1,1,1,0.5043205141,0.6042310834,0.6527085573,0.434257377,0.4920468814,0.4415852673,0.2589444604,0.1848193433,0.5353565175,0.2056364835,0.6900226631,0.4002089403,0.3064666952,0.3670034217,0.2989020611,0.677018116,0.7512555057
351,1,1,1,1,1,0.5044030669,0.6041590435,0.6527899403,0.4342338965,0.4919374182,0.4418389252,0.2590105708,0.1848393009,0.5352370863,0.2055932522,0.6900858948,0.4002925641,0.3064218189,0.3669873427,0.2990034891,0.6768552577,0.7512617118
351.5,1,1,1,1,1,0.5042070702,0.6042133313,0.6527851762,0.4341034062,0.4918601251,0.4417744342,0.2589443913,0.1849893906,0.5350277639,0.2056253977,0.6902615963,0.4002663004,0.3064185865,0.3671364065,0.2989741777,0.6768180639,0.7512425753
352,1,1,1,1,1,0.5042393113,0.6040322459,0.6530744188,0.4341668532,0.4919253308,0.4417138938,0.2587825525,0.1849166286,0.5349880996,0.2055181729,0.6903645364,0.4004127795,0.3064261041,0.3671098034,0.2988701779,0.6770223575,0.7512924187
352.5,1,1,1,1,1,0.5043556449,0.6040366114,0.6529728946,0.4343143178,0.4918164499,0.4416487621,0.2587144784,0.1850103568,0.5350793768,0.2054853579,0.6904712868,0.4004570368,0.3065556262,0.3670957439,0.2989297387,0.6770102409,0.751305121
353,1,1,1,1,1,0.5044642476,0.6039924449,0.6530312022,0.4344723415,0.4919931763,0.4418579526,0.2587692257,0.1848047278,0.5352636767,0.2053012765,0.6902749908,0.4005327489,0.3066481011,0.3673705781,0.2989237697,0.6771674407,0.7512629635
353.5,1,1,1,1,1,0.5044423759,0.6042186743,0.6530938655,0.4343739782,0.4919841262,0.4418873655,0.2590018363,0.1848176977,0.5353450429,0.2053452834,0.6903184685,0.4004202411,0.306760523,0.3673817007,0.2988898286,0.677183302,0.7512268638
354,1,1,1,1,1,0.5043129841,0.6042596921,0.6529419384,0.4342137459,0.4917611166,0.4417408063,0.2590503297,0.1848249399,0.5354152214,0.2053911541,0.6902712486,0.400354294,0.3065842956,0.367253281,0.2986940722,0.6772210335,0.7512705552
354.5,1,1,1,1,1,0.5043853962,0.6043043507,0.6528799194,0.4343446596,0.4920463041,0.441631223,0.2589091589,0.1848414919,0.5355436879,0.2052849001,0.6900534709,0.4002880354,0.3067070195,0.3673808979,0.2988579925,0.6772176744,0.7512972798
355,1,1,1,1,1,0.5042687659,0.6044053351,0.6527397454,0.4341952721,0.4921400095,0.4416660905,0.259039457,0.1847712343,0.5353053141,0.2052269664,0.6899062739,0.4003638324,0.3066384568,0.3675167187,0.2987418073,0.6772644129,0.7513705703
355.5,1,1,1,1,1,0.5043101241,0.6042289919,0.6528312714,0.4342955749,0.491888364,0.4415451815,0.2590186012,0.1849219949,0.5353649953,0.2051812013,0.6900804976,0.400413208,0.3065763019,0.3672954142,0.2987737224,0.677135401,0.7513817009
356,1,1,1,1,1,0.5042803836,0.604122499,0.6525725144,0.4343045947,0.4918582004,0.441224676,0.2589328627,0.184841548,0.5353595557,0.2053341124,0.6899367799,0.4005315155,0.3067431307,0.3672788773,0.2989756646,0.6770392216,0.7513036524
356.5,1,1,1,1,1,0.5044777158,0.6041504949,0.6523365715,0.4342652284,0.4920152809,0.441256494,0.2588847149,0.1848589527,0.5352580649,0.205385749,0.6901025411,0.4005667189,0.3068981266,0.3674041759,0.2988097202,0.6770010784,0.7512142279
357,1,1,1,1,1,0.5047000393,0.6042094162,0.6525371534,0.4340765113,0.4918673626,0.4415364501,0.2588559952,0.1847540762,0.5349254769,0.2054907354,0.6901946898,0.4006972124,0.3069176718,0.367441148,0.2988403712,0.6772251995,0.7511815437
357.5,1,1,1,1,1,0.5047028509,0.6040511941,0.6527278841,0.4340190707,0.4919682738,0.4414500076,0.2586613048,0.1847085773,0.5348273821,0.2055084757,0.6902154841,0.4005570319,0.3068560889,0.3675212207,0.2989276739,0.6771316046,0.7513692797
358,1,1,1,1,1,0.5045170949,0.6040163617,0.652850934,0.4339148434,0.4918260864,0.4414255039,0.2584563733,0.184690113,0.5348477753,0.2054264203,0.6901255827,0.400578316,0.3067739908,0.3677003796,0.2988608361,0.6770962914,0.7513330264
358.5,1,1,1,1,1,0.5045445608,0.6041449015,0.6528470612,0.4339213017,0.4918563827,0.4412535248,0.258428746,0.1847035802,0.5346668117,0.2054660104,0.6901152872,0.4005556515,0.3068451905,0.367622169,0.2990470704,0.6770576867,0.7514246008
359,1,1,1,1,1,0.5044307616,0.6039817868,0.6529501711,0.4339734495,0.4918629436,0.4414375528,0.2585505603,0.1847131023,0.5343626161,0.2053895611,0.6901472836,0.4005743751,0.3070448304,0.3675325105,0.2989002035,0.6772433997,0.7514075324
359.5,1,1,1,1,1,0.5042959269,0.603991404,0.653029289,0.4337804192,0.4918270352,0.4414299041,0.2586171957,0.1847039918,0.5344364876,0.2053783519,0.6900528496,0.4005866635,0.3068078732,0.3673986694,0.2990749301,0.6773672801,0.7514842531
360,1,1,1,1,1,0.5042593924,0.6041810192,0.6531057675,0.4338091063,0.4919575755,0.4415457849,0.2587355442,0.1846192425,0.5344990099,0.2052786158,0.6899273968,0.4006655063,0.3066521387,0.3675246323,0.2992094571,0.677414056,0.7513600937
360.5,1,1,1,1,1,0.5044074846,0.6042047421,0.6530882321,0.4338078806,0.4921088673,0.441830584,0.2588214171,0.1846503501,0.5345874579,0.2051936055,0.6898459875,0.4007749913,0.3066065454,0.3672033844,0.2992292654,0.677540734,0.7513854521
361,1,1,1,1,1,0.5044524794,0.6042417846,0.6530846196,0.433929716,0.4920493854,0.441897717,0.2590171437,0.1846617474,0.5346700497,0.2051503106,0.6897773356,0.4008915614,0.3065950204,0.3672863598,0.29920416,0.6775381669,0.7514022167
361.5,1,1,1,1,1,0.5044150341,0.6043302526,0.6528849816,0.4339208982,0.4923494219,0.4415611081,0.2591867823,0.1846264614,0.5346453995,0.2050267085,0.6899120745,0.400642049,0.3064460874,0.3673141152,0.2990774372,0.6774475807,0.7513621825
362,1,1,1,1,1,0.5042487256,0.604197832,0.6527661789,0.4338801922,0.4923959801,0.4414854584,0.2590778446,0.1848213462,0.534697684,0.2049453543,0.689789989,0.4006769568,0.3068037549,0.3672416509,0.2989813905,0.6775223622,0.7513548409
362.5,1,1,1,1,1,0.5041402331,0.6044855136,0.6527467889,0.4341704024,0.4923179148,0.441676598,0.259167979,0.1848977219,0.5347069558,0.2051286089,0.689897112,0.4006924048,0.3066848422,0.3671456763,0.2989318938,0.6775387172,0.7513634503
363,1,1,1,1,1,0.5042563955,0.6045411534,0.6527185892,0.4340197433,0.4923355254,0.4419681506,0.2592981217,0.1848810662,0.5347446598,0.2051213784,0.6898162101,0.4005691448,0.3068331552,0.3672689284,0.2987572678,0.6773170574,0.7513905137
363.5,1,1,1,1,1,0.504305318,0.6044679256,0.6529071642,0.4338692689,0.4923637617,0.441925464,0.2593048654,0.1848582756,0.53484951,0.205286925,0.6899759297,0.4003476114,0.3066509421,0.3671240685,0.2988566968,0.6772164396,0.7512306504
364,1,1,1,1,1,0.5042795716,0.6044363481,0.6527667172,0.4340107264,0.4923005773,0.4416342322,0.2591376415,0.184770807,0.5347348239,0.2054384424,0.6901115371,0.4004929063,0.3067037177,0.3671804971,0.2990216642,0.6771931599,0.7512323949
364.5,1,1,1,1,1,0.50438701,0.6041801196,0.6530066224,0.4341968723,0.4922707792,0.4417053754,0.2591920049,0.1847916081,0.5345865201,0.2053649196,0.6899778597,0.4004658424,0.3068704222,0.3672163386,0.2988540777,0.6772465368,0.7511784986
365,1,1,1,1,1,0.5044814978,0.6040476947,0.6529311652,0.4338516569,0.4920540871,0.4416342453,0.2590548942,0.1847675309,0.5349349763,0.2053297521,0.6899663453,0.4003970457,0.3068809178,0.367141212,0.2987765903,0.6771220885,0.751220744
365.5,1,1,1,1,1,0.5046742434,0.6040589492,0.6528838763,0.4340666385,0.4919293284,0.4414569634,0.2590010645,0.1848090097,0.5349880991,0.2053797853,0.6901129809,0.4006129824,0.3068374905,0.3671000831,0.2987457723,0.6771117979,0.7513023976
366,1,1,1,1,1,0.5043775832,0.6041926992,0.653100768,0.4340389375,0.4920871506,0.4413922774,0.259008601,0.1848444762,0.5349479417,0.205509168,0.6900678693,0.4004539214,0.3067905534,0.3671136195,0.2986789527,0.6771855113,0.7514492392
366.5,1,1,1,1,1,0.5044749754,0.6040563309,0.6530072293,0.434147138,0.492150873,0.4415024342,0.2589107696,0.1848192495,0.5350981921,0.2055918672,0.6900781294,0.4005272419,0.306760943,0.3670938861,0.2987055075,0.677345732,0.751404716
367,1,1,1,1,1,0.5044944856,0.6041550991,0.6529284644,0.434132946,0.4919193722,0.4416701721,0.2587821471,0.1848833594,0.5350818117,0.2055095336,0.6900571586,0.4004660596,0.3068610574,0.3671989129,0.2987089755,0.6772350923,0.751555199
367.5,1,1,1,1,1,0.5045335787,0.6041568239,0.6530803678,0.4341978694,0.4919683195,0.4417258581,0.2587955117,0.1848505333,0.535111318,0.2055702846,0.6899849518,0.4005023845,0.3066373236,0.3674191843,0.2987092754,0.6771000372,0.7516452843
368,1,1,1,1,1,0.50448012,0.6042632716,0.6530718172,0.4339886781,0.4921790873,0.4416931179,0.2587344069,0.1848806323,0.5349275816,0.2055826538,0.6900217599,0.4004182841,0.3067130098,0.3672021703,0.2987331563,0.6769604473,0.7515917298
368.5,1,1,1,1,1,0.5044026211,0.6041002997,0.6529443081,0.4338989632,0.49220303,0.4416412538,0.2587553008,0.1849782228,0.5348392421,0.2055856673,0.6901014037,0.4003167546,0.3064454421,0.3671240122,0.2987228413,0.6768276597,0.7515804798
369,1,1,1,1,1,0.5043746191,0.6039064841,0.6529097025,0.4340006651,0.4921343993,0.4416980352,0.2586985197,0.1848531258,0.5347536951,0.2056384748,0.690313963,0.4003862493,0.3063147149,0.3672373089,0.2987784658,0.6767035832,0.7516848292
369.5,1,1,1,1,1,0.5043229432,0.6039280437,0.6529444828,0.4341246542,0.4921317533,0.441926411,0.2588534104,0.1849944245,0.5348279478,0.2055284729,0.6904682664,0.4006098187,0.3063066128,0.3672604293,0.2988739343,0.6767862393,0.7516237058
370,1,1,1,1,1,0.5045781128,0.6040056311,0.6529402157,0.4339000095,0.4918268003,0.4417356375,0.2586352208,0.184972444,0.5347529648,0.2056198988,0.6904148799,0.4005322211,0.3061936,0.3672179622,0.2989537621,0.6767655489,0.751546418
370.5,1,1,1,1,1,0.5045434696,0.6039033184,0.652874746,0.4338554845,0.4921228748,0.4418443689,0.2586675565,0.1849036049,0.5345061196,0.2056534785,0.6903623466,0.4005874506,0.3061025954,0.3672835582,0.2989030173,0.6767138556,0.7515029279
371,1,1,1,1,1,0.5044386082,0.6040604068,0.6527503579,0.4339477698,0.4921704218,0.4416691481,0.2585615456,0.1848741731,0.5345261555,0.2055354409,0.6902345179,0.4006782928,0.3062373004,0.3672036079,0.2987957071,0.6768179608,0.7513844935
371.5,1,1,1,1,1,0.5044606557,0.6040685106,0.6528798036,0.4339574772,0.4924231405,0.4415407046,0.2587012683,0.184795777,0.5347443732,0.2056370839,0.6902303312,0.4006678412,0.3063095248,0.36715416,0.2987009147,0.6765784072,0.7514871699
372,1,1,1,1,1,0.5042623251,0.6039570653,0.6528303128,0.4340360029,0.492321651,0.4416934244,0.2587374826,0.1847771155,0.5346523206,0.2056531172,0.6902692071,0.4004067656,0.3062192024,0.3668727469,0.2986388461,0.6766796018,0.7514461192
372.5,1,1,1,1,1,0.5044336968,0.6041662754,0.6527803591,0.4339147189,0.4923323208,0.4416362375,0.2588440286,0.1846273977,0.5346216282,0.205636544,0.6901855492,0.4004959536,0.3063220662,0.3668923751,0.2986464545,0.6766975461,0.7515072827
373,1,1,1,1,1,0.5043866436,0.6040514333,0.6529163368,0.4340374382,0.4920907356,0.4414090966,0.2586644451,0.1847375686,0.5347730777,0.2055732219,0.6902404995,0.4006102798,0.306210919,0.3670056774,0.2987079484,0.6766387685,0.7514949362
373.5,1,1,1,1,1,0.5042736413,0.6042819961,0.6530264667,0.4340976775,0.4920853367,0.4415301961,0.2587215182,0.1847100111,0.5348319062,0.205558743,0.6904273098,0.4006063185,0.3063387125,0.3671954382,0.2984211411,0.676704851,0.7515854687
374,1,1,1,1,1,0.5042444159,0.6041816321,0.6530566233,0.4340176836,0.4920375273,0.4415083828,0.2587050549,0.1846476699,0.5346407723,0.2055457164,0.690350872,0.4006692758,0.3064161046,0.3673529847,0.2984024193,0.6763947094,0.7515363961
374.5,1,1,1,1,1,0.504279674,0.6041721827,0.6530821507,0.434121403,0.4920730095,0.4415009396,0.2586249239,0.184619907,0.5346927349,0.2055045961,0.6905008027,0.4006061888,0.3065434394,0.3672627944,0.2982706699,0.6763678289,0.7514374172
375,1,1,1,1,1,0.5042824682,0.6041630835,0.653134647,0.4342070147,0.4920027711,0.4415991769,0.2586181768,0.1847764987,0.534715301,0.2053291166,0.6904342953,0.4007702756,0.3063709099,0.3672522004,0.298305816,0.6765266911,0.7513377243
375.5,1,1,1,1,1,0.5041982678,0.6041201356,0.6530005619,0.4340474761,0.4921931493,0.4415899978,0.2587404345,0.1847283287,0.5346477168,0.2053402105,0.6906020759,0.4007172256,0.3065241287,0.3673587993,0.2984330213,0.6765483955,0.7513508613
376,1,1,1,1,1,0.5043052356,0.6042836924,0.6529725316,0.4340120254,0.4922225156,0.4414984843,0.2587536772,0.1849012799,0.5347180742,0.2052922873,0.6903146426,0.4007747446,0.3067202336,0.3674095687,0.2985832027,0.6765835991,0.7512380944
376.5,1,1,1,1,1,0.5041378773,0.6042906915,0.6527887348,0.4338504153,0.4921987744,0.4413460344,0.2589008754,0.1848942488,0.5345305358,0.2052024058,0.6902644304,0.4007588752,0.3064892357,0.3672494238,0.2985694101,0.6766818983,0.7510130879
377,1,1,1,1,1,0.5042004231,0.6043136284,0.6528349602,0.4339767974,0.4920403705,0.4415269763,0.2588841162,0.1847768917,0.5347066018,0.2054260037,0.6902022212,0.4006802534,0.3064349004,0.3670502631,0.2984616764,0.6768473544,0.7509664972
377.5,1,1,1,1,1,0.5041795778,0.604289482,0.6527050461,0.4339544317,0.4917926572,0.4413146538,0.2588202362,0.1847994256,0.5347683345,0.2053574538,0.6903393431,0.4004752877,0.3064463495,0.3671358485,0.2982622235,0.6767471585,0.7511054954
378,1,1,1,1,1,0.5044445033,0.604115329,0.6530189799,0.4339262747,0.4918832373,0.4412239853,0.2587799997,0.1848687509,0.5347861816,0.2053827281,0.6904192497,0.4004633427,0.3066034515,0.3670908805,0.2984160881,0.6767488771,0.7509914237
378.5,1,1,1,1,1,0.5043232194,0.6043110451,0.6531864337,0.4339287448,0.4920510318,0.4412316602,0.2587437975,0.1848787687,0.5348823364,0.2053243144,0.6905088336,0.4004684566,0.3065993889,0.367154869,0.2987555356,0.6765949387,0.7508962034
379,1,1,1,1,1,0.504230749,0.604383516,0.6531422351,0.4340429296,0.4919911945,0.4414654444,0.2586455883,0.1848938931,0.5350463606,0.2054214442,0.6903479706,0.4001715678,0.3065976029,0.3671621231,0.2989253131,0.6767303237,0.7509162631
379.5,1,1,1,1,1,0.5040321198,0.6045499332,0.6531138602,0.4339523493,0.4920400689,0.441450296,0.258621982,0.1848667594,0.5347672136,0.2053455333,0.6905849229,0.4003003888,0.3066204005,0.3669679639,0.2988518804,0.6766390543,0.7509435702
380,1,1,1,1,1,0.5040269003,0.6042647538,0.6531289929,0.4338882129,0.4921213913,0.441421409,0.2585296057,0.1848201933,0.5345981212,0.2052903732,0.6905083147,0.400426685,0.3067196233,0.3669128669,0.2987582547,0.6767724526,0.7509184038
380.5,1,1,1,1,1,0.5042486422,0.6044956805,0.6529916304,0.43384516,0.4921619263,0.4415024555,0.258775406,0.1848393348,0.5346299034,0.2055460253,0.690414861,0.400665023,0.3066734175,0.3670366045,0.2988756284,0.6769288426,0.7510451104
381,1,1,1,1,1,0.504401321,0.6043437841,0.6531255498,0.433826198,0.4922560761,0.4415002519,0.2587507124,0.1847546614,0.5348619714,0.2054394824,0.6904177486,0.4007376519,0.306819906,0.3669954266,0.2989936967,0.6768555271,0.7510304212
381.5,1,1,1,1,1,0.5045104753,0.6042856183,0.6531331325,0.4338652043,0.4922278792,0.4416891026,0.2588239329,0.1847749712,0.5346418377,0.2053252084,0.6905012348,0.4003989647,0.3067220603,0.3668750131,0.2990512523,0.67690304,0.7511228663
382,1,1,1,1,1,0.5045201175,0.604098016,0.6529428345,0.4339506145,0.4921715074,0.4416172476,0.2588065359,0.1846827423,0.5345808635,0.2053805319,0.6905925583,0.400259014,0.3068204702,0.3670308243,0.299021567,0.6769944522,0.7510248085
382.5,1,1,1,1,1,0.5043988979,0.6041583416,0.6529012794,0.4340000873,0.4922248749,0.4414990482,0.2590162978,0.1848038568,0.5344034032,0.2054925909,0.6906024941,0.4002851626,0.3068809055,0.3670087765,0.2987384908,0.676800807,0.7511302339
383,1,1,1,1,1,0.5044264716,0.6041284104,0.6526507929,0.4339411238,0.4921287827,0.4417481115,0.2590774426,0.1849832495,0.5343135184,0.2054593176,0.6906047024,0.4003045705,0.3067137735,0.3669734055,0.2986933981,0.6768203513,0.7511302868
383.5,1,1,1,1,1,0.5042433843,0.6040961533,0.6528585373,0.4341719416,0.4921793377,0.4416685452,0.2589132075,0.1849651098,0.5342548474,0.2054522404,0.6906451274,0.4002979629,0.3068077103,0.3667470261,0.298727256,0.67693363,0.7512532758
384,1,1,1,1,1,0.5042136152,0.6041422317,0.6528539605,0.4341941348,0.4921410212,0.4417640509,0.2588205573,0.1850110758,0.5342615479,0.205410731,0.6906096259,0.4002445457,0.3069340008,0.3668605506,0.2986226192,0.6772044536,0.7513366749
384.5,1,1,1,1,1,0.5044187373,0.6042099578,0.65295419,0.4343606872,0.4923419235,0.4416574349,0.2585929301,0.1849671645,0.5344255705,0.2055757121,0.6905597082,0.4004156095,0.3068241358,0.3670466406,0.2985018404,0.6772332642,0.751298147
385,1,1,1,1,1,0.5043970245,0.6043282382,0.652876313,0.4343210862,0.4922672648,0.4415616684,0.258661411,0.184765033,0.5343310402,0.2054201982,0.6904864985,0.4005637889,0.3066031686,0.3668549413,0.2985304572,0.6770381485,0.7513835065
385.5,1,1,1,1,1,0.5044693066,0.6043895471,0.6525966752,0.4342265263,0.4922356622,0.4415853006,0.2588123919,0.184637797,0.5345424901,0.2053610786,0.6905245174,0.4004557018,0.3065907,0.3668851234,0.2983782248,0.6770120848,0.7513919137
386,1,1,1,1,1,0.5043549174,0.6044456238,0.6527480591,0.4340850504,0.492143766,0.4415345541,0.2587345681,0.1846189194,0.5344642166,0.2053823102,0.6906455646,0.4003280866,0.3064192653,0.3669285235,0.2983175128,0.6769753977,0.7512794472
386.5,1,1,1,1,1,0.5043057348,0.6042742744,0.6526754441,0.434082411,0.4921289464,0.4415260106,0.258760987,0.1845659407,0.5343610271,0.2054220336,0.6907053335,0.4004247135,0.3064270508,0.3670767195,0.2984533101,0.6768517408,0.7512897491
387,1,1,1,1,1,0.5042641689,0.6042645711,0.652773539,0.4342080039,0.4923308459,0.4415982248,0.2588807255,0.1846311269,0.5342693281,0.2052660899,0.6907470454,0.4004985541,0.3065359542,0.3671416476,0.2986444393,0.6767840326,0.7512791012
387.5,1,1,1,1,1,0.5043714616,0.6042458478,0.6528348916,0.4340911195,0.4923498254,0.4417054065,0.2588518827,0.1845380839,0.5342882103,0.2052300468,0.6906634712,0.4005107803,0.3066072885,0.3671208474,0.2986378616,0.6767521814,0.7512161084
388,1,1,1,1,1,0.5044816533,0.6042716948,0.6527539267,0.4343474893,0.4923420269,0.4416537691,0.2589153792,0.1843796446,0.5345414705,0.2051976902,0.6905682705,0.400181377,0.3066908838,0.3672536336,0.2986103315,0.6766911611,0.751232312
388.5,1,1,1,1,1,0.5044557345,0.6042146611,0.6527259471,0.4344519,0.4922407894,0.4416981078,0.2589134457,0.1844005595,0.5348036344,0.2051665534,0.690561213,0.4002890813,0.3066726014,0.3669983302,0.298842899,0.6767208206,0.7510928505
389,1,1,1,1,1,0.504480551,0.6041444112,0.6526540761,0.4343353002,0.4921562073,0.4417069542,0.2589412992,0.1845340183,0.5347217736,0.2053357149,0.6904139437,0.4002511842,0.3066031621,0.367050388,0.2988725252,0.6768356854,0.7511826858
389.5,1,1,1,1,1,0.5042560417,0.6041159665,0.652748109,0.4342412205,0.4922347687,0.4415756426,0.2588068477,0.184719263,0.5346636262,0.2051019697,0.6904857848,0.40001991,0.306492755,0.3668408744,0.2988423003,0.676675715,0.7512010183
390,1,1,1,1,1,0.5042166869,0.6042498519,0.652786584,0.4340451392,0.4921912412,0.4415019688,0.2587438509,0.1847181835,0.5346762726,0.2053339083,0.6905339112,0.4001864433,0.3065146242,0.3668196115,0.2987478547,0.6766703432,0.751311474
390.5,1,1,1,1,1,0.5042209583,0.6043694924,0.6527321467,0.4341416625,0.4922012282,0.4414469988,0.2587561803,0.1846429706,0.5346056811,0.2054354874,0.6905896641,0.4002892842,0.3065319067,0.3669381512,0.2988077357,0.6766251524,0.7512774239
391,1,1,1,1,1,0.5042245998,0.6043875149,0.6528486515,0.4340928737,0.4918231824,0.4415007075,0.2587212481,0.1845082662,0.5343868984,0.2053568539,0.6906491612,0.4003241411,0.3064230073,0.3671447153,0.2990566558,0.6768821185,0.7513123199
391.5,1,1,1,1,1,0.5041143422,0.6040896247,0.6528169351,0.434097537,0.4920036149,0.4414995584,0.258625915,0.1844248571,0.5343462706,0.2054443239,0.6906488806,0.4002780959,0.3063535712,0.3670520389,0.2990277759,0.6769232364,0.7512296773
392,1,1,1,1,1,0.5042084846,0.6042777793,0.6528632758,0.434134414,0.4920746433,0.4414143531,0.2586605157,0.1844573553,0.5341510081,0.2053475378,0.6905894672,0.4003897762,0.3065699637,0.3670352197,0.2988867221,0.6769114736,0.7512274994
392.5,1,1,1,1,1,0.5041140004,0.6041766523,0.6527716633,0.4341110439,0.4918672127,0.4414065912,0.2588033563,0.184495943,0.5342479572,0.2053866618,0.6906181523,0.4004875299,0.3064585491,0.36696484,0.2988234206,0.6768379881,0.7513456614
393,1,1,1,1,1,0.5041950268,0.6041602096,0.6527853131,0.4342218441,0.4918139537,0.4415691868,0.2585867298,0.1845394308,0.5342733546,0.2052257104,0.6903971122,0.4004961106,0.3062708357,0.366762058,0.2986756174,0.6769656678,0.7515299133
393.5,1,1,1,1,1,0.5043991676,0.6042511263,0.6529226776,0.4340364631,0.4917552732,0.4416064486,0.258823514,0.1843863207,0.5342727784,0.2053419044,0.6903294394,0.4007906033,0.3063418644,0.3667566924,0.2985024563,0.6770459829,0.7514937173
394,1,1,1,1,1,0.5046279034,0.6040368677,0.6529050313,0.4338085327,0.491856688,0.4414803599,0.2589622989,0.1844056033,0.5343073881,0.2054923143,0.6903836327,0.4008623378,0.3062790478,0.3667056053,0.2985406425,0.6770160096,0.7514037534
394.5,1,1,1,1,1,0.5047052411,0.6041245499,0.6529197044,0.4339191308,0.4921027914,0.4414645705,0.2589984881,0.1845955142,0.5343353097,0.2053570854,0.6905362426,0.4006473028,0.3064258746,0.3667163944,0.2985319198,0.6769237859,0.7513650333
395,1,1,1,1,1,0.5046322899,0.6039638843,0.6530755976,0.4339034276,0.492230034,0.4415337508,0.2589035839,0.1845483067,0.5343748024,0.2053608227,0.6904729295,0.4005662361,0.3063842845,0.3668055119,0.298502944,0.676987704,0.7512053627
395.5,1,1,1,1,1,0.504622607,0.6037785525,0.6530151278,0.434167104,0.4922909799,0.4415822484,0.2588722451,0.1846485669,0.5343412921,0.2055842273,0.6905157443,0.4003931368,0.3064961278,0.3668905983,0.2987264925,0.6766552993,0.7512621624
396,1,1,1,1,1,0.5045249014,0.6040404167,0.6530422187,0.4340442042,0.4924377566,0.4413673986,0.2590380248,0.1847166959,0.5345864162,0.2054854384,0.6904959517,0.4003675211,0.3065706345,0.3670273115,0.2987597064,0.6765683463,0.751275781
396.5,1,1,1,1,1,0.5044579244,0.6040718507,0.6529848267,0.4338011387,0.4924277297,0.4413542583,0.2589670048,0.1847791305,0.5345413985,0.2056575538,0.6903188504,0.4005279547,0.3067176424,0.367176533,0.298661328,0.6766873708,0.751295716
397,1,1,1,1,1,0.5043899074,0.604048414,0.6528204419,0.4338235511,0.4922649925,0.4412620412,0.2588661086,0.1847836321,0.5345361656,0.205758581,0.6903796378,0.4004293635,0.3066324211,0.3671102811,0.2986064438,0.6765310984,0.7512818793
397.5,1,1,1,1,1,0.5044413202,0.6041158454,0.6530709226,0.4339569236,0.4922460464,0.4412892944,0.2586526415,0.1846973402,0.5346384939,0.2058015406,0.6903880137,0.4003421133,0.3065878879,0.3672937037,0.2986882207,0.6766628739,0.7512358617
398,1,1,1,1,1,0.5043484201,0.6039008637,0.6530469736,0.433989794,0.4921626624,0.4412901608,0.2586779104,0.1846679106,0.5347301453,0.2057766367,0.6903878972,0.4003326869,0.3066172747,0.3672563155,0.2985434054,0.6767406807,0.7512406251
398.5,1,1,1,1,1,0.5044051851,0.6041024768,0.6530821634,0.4340143406,0.4920846573,0.4409286928,0.2587141502,0.1848064855,0.5344174477,0.2057602805,0.690189328,0.4004752248,0.3065212225,0.3672547862,0.2985319595,0.6767879524,0.7511676473
399,1,1,1,1,1,0.5042767598,0.6042768078,0.6529214367,0.4339186382,0.4920463723,0.4414416741,0.2586769647,0.184850673,0.5343083641,0.2056850392,0.6901410957,0.4007907805,0.3062805858,0.3672885603,0.2984553569,0.6767166831,0.7512378593
399.5,1,1,1,1,1,0.5044019634,0.6043550932,0.652817607,0.4338052196,0.4920427058,0.4414464332,0.2585782309,0.1848228702,0.5343191252,0.2056524997,0.6902115645,0.4007227194,0.30651205,0.3672040017,0.2983757234,0.6767678229,0.7512763056
400,1,1,1,1,1,0.5046260267,0.6042285949,0.6526725323,0.4337706369,0.492050716,0.4414523999,0.2585948522,0.1847409343,0.5343301732,0.2056953278,0.6903812847,0.4005264004,0.3066462623,0.3672242967,0.2985368283,0.6769118179,0.7511864852
400.5,1,1,1,1,1,0.504692749,0.6042315998,0.6528151097,0.4338749204,0.4920339464,0.4413436194,0.2585906386,0.184625703,0.5342174145,0.2057273791,0.6903670186,0.4003899321,0.3066709272,0.3672278138,0.2985806146,0.6767537507,0.7510306328
401,1,1,1,1,1,0.5044163784,0.6043704661,0.6528626874,0.4339987612,0.4919467052,0.4413303308,0.2585460035,0.1847030751,0.5343042622,0.2055208347,0.6903347413,0.400448413,0.306633218,0.3671283833,0.2985912257,0.677079236,0.7510697829
401.5,1,1,1,1,1,0.5045397916,0.6043238244,0.6527311352,0.4341002972,0.4919553179,0.4413691441,0.258660834,0.1847947837,0.5343970276,0.2056242669,0.6903455287,0.4005256441,0.3067086253,0.36715483,0.2987806027,0.6769638772,0.7510053526
402,1,1,1,1,1,0.504464632,0.604279537,0.6527608548,0.4340669896,0.4919397524,0.4413675583,0.2588240116,0.1847398374,0.5343229379,0.2059204435,0.6903267539,0.4006666734,0.3065437638,0.3671066811,0.2988949731,0.6770463172,0.7508403221
402.5,1,1,1,1,1,0.504358071,0.6042139148,0.6528176768,0.4340677233,0.4918752897,0.4411530758,0.2587854712,0.1848845589,0.5344112169,0.2059673266,0.6905320601,0.4003710785,0.3064531134,0.3671073931,0.2990129634,0.676812766,0.7508882492
403,1,1,1,1,1,0.5042982074,0.6041034052,0.6527979616,0.4338959658,0.4920427905,0.4411684499,0.2587695413,0.184925278,0.5345751065,0.2058886234,0.6907077846,0.400444962,0.3065279801,0.3671913058,0.2989809387,0.6768380549,0.7508750027
403.5,1,1,1,1,1,0.5043612032,0.6039492113,0.6527425715,0.4338472027,0.4919772794,0.4414861869,0.2588851127,0.1849687556,0.5345162031,0.2058220085,0.6906565423,0.4004774572,0.3063707609,0.3671614184,0.2987974013,0.6770300734,0.7508886604
404,1,1,1,1,1,0.5042932519,0.6041069674,0.652817266,0.4336217888,0.4920012367,0.4415105996,0.2590310814,0.1848322847,0.5343254976,0.2057408484,0.6905360808,0.4003988596,0.3063880676,0.3672207826,0.2990042392,0.6769086763,0.7509603467
404.5,1,1,1,1,1,0.5041424152,0.6042075227,0.6528607703,0.4337513085,0.4921407785,0.4414362267,0.2591240782,0.1848177776,0.5343392188,0.2057263718,0.6905205516,0.4005765183,0.3063065469,0.3671493522,0.2986725919,0.6769117771,0.751019933
405,1,1,1,1,1,0.5040874535,0.604104399,0.6527063052,0.4335863343,0.4920873346,0.441490147,0.2592782823,0.1849581164,0.5344552834,0.2058677078,0.6904855742,0.4005538002,0.306267594,0.3671433052,0.2987771767,0.6767540274,0.7511119338
405.5,1,1,1,1,1,0.5041790928,0.6042859423,0.6526379739,0.4338671673,0.4921907401,0.4416686524,0.2591627244,0.184937591,0.534448729,0.2057568398,0.6905801553,0.4004244485,0.3064926859,0.3672133785,0.2990090547,0.6768675097,0.7510810455
406,1,1,1,1,1,0.5043678426,0.6043635226,0.6526681827,0.4337828059,0.4921365757,0.4416166077,0.2588948744,0.1850187304,0.5344081367,0.205812211,0.6905175421,0.4002701644,0.3063747725,0.3670716606,0.2991339312,0.6765395135,0.7511283709
406.5,1,1,1,1,1,0.504475581,0.6043566013,0.6527285317,0.4339837894,0.4922081859,0.4416280055,0.2590723302,0.1850276796,0.5341755148,0.2058180443,0.6905323641,0.4002511574,0.3066515966,0.3670874113,0.2991170481,0.6765486708,0.7513008345
407,1,1,1,1,1,0.5044777409,0.6042282881,0.652750465,0.4339780498,0.4921485654,0.441469068,0.2591267246,0.185054522,0.5341968006,0.2056287939,0.6907455072,0.400279805,0.3068076194,0.367327018,0.2989983784,0.6762858133,0.7514872743
407.5,1,1,1,1,1,0.5044455136,0.6043989887,0.6528500793,0.4339545818,0.4920053888,0.4414800837,0.2589713621,0.185108141,0.5341727993,0.2057575417,0.6905549304,0.4004012769,0.3068876339,0.3670616918,0.299294033,0.6764243575,0.7513961224
408,1,1,1,1,1,0.5043592811,0.6043157459,0.6529832247,0.4342074602,0.4919608161,0.4415176155,0.2590596308,0.185069119,0.534169158,0.2056587965,0.6905162737,0.4003223373,0.3067786967,0.3673231614,0.299146532,0.6763598008,0.7513510689
408.5,1,1,1,1,1,0.5043085406,0.604435879,0.6529396592,0.4340963725,0.4918883136,0.4415870402,0.2590428573,0.1849596594,0.5342816705,0.2058419922,0.6906099758,0.4003954465,0.3069280261,0.3671849045,0.2989467715,0.6767101487,0.751148173
409,1,1,1,1,1,0.5044117672,0.6041002773,0.6529730327,0.433986938,0.4920547772,0.4416130524,0.2591102429,0.184942773,0.5341531258,0.2059057218,0.6905331069,0.4002549205,0.3067194734,0.3670098689,0.2989106362,0.6767132925,0.7513413273
409.5,1,1,1,1,1,0.5044413795,0.6039672548,0.6530002773,0.4339920109,0.4918478121,0.4415746112,0.2589469199,0.1850233332,0.5341498357,0.2058164925,0.6905570321,0.4004886621,0.3065400933,0.3669857169,0.29896346,0.6766888081,0.7513122529
410,1,1,1,1,1,0.504234437,0.6040639403,0.6531469275,0.4342320148,0.4918769557,0.4417091334,0.2590563822,0.1848208282,0.5340515261,0.2056860601,0.6905786108,0.4004266203,0.3066557505,0.3670381798,0.2990113764,0.6765794548,0.7512806416
410.5,1,1,1,1,1,0.5042637668,0.6040478162,0.653010504,0.4343548012,0.4919853494,0.4418388912,0.259117233,0.1848464368,0.5339390637,0.2056643374,0.6905505103,0.4005206523,0.3066218305,0.3670879469,0.299118096,0.6766257463,0.7512792651
411,1,1,1,1,1,0.504143637,0.6040632448,0.6530246937,0.4342932001,0.4920888306,0.4418075298,0.2590984007,0.1848519203,0.5340864494,0.2056573562,0.6905158208,0.4005942281,0.3065318567,0.367197463,0.2988996115,0.6768295268,0.7513301653
411.5,1,1,1,1,1,0.5044603623,0.6040838286,0.6529344292,0.434157225,0.4921835128,0.4417351229,0.259028691,0.1847625475,0.5337984722,0.2057390487,0.6906636351,0.4006094434,0.3065111346,0.3670297335,0.2990292229,0.676790249,0.7513016737
412,1,1,1,1,1,0.5042874265,0.6037522434,0.6527741699,0.4340060242,0.4921502095,0.4418319763,0.2589225628,0.1848713372,0.5339176306,0.2057021969,0.6905984322,0.4004120662,0.3064695527,0.3668605284,0.2989696038,0.6768659464,0.7511629813
412.5,1,1,1,1,1,0.5044277988,0.6040058252,0.652799392,0.4343973514,0.4920795059,0.4415337401,0.2590219252,0.1848385173,0.5340535337,0.2056898559,0.6905309816,0.400397503,0.3063768454,0.3669137315,0.2988092026,0.6767923859,0.7513657858
413,1,1,1,1,1,0.5042193492,0.6040023971,0.6527801974,0.4342450544,0.4920557,0.4414671897,0.2590309565,0.1848234236,0.5341214919,0.2059577536,0.6906628659,0.4005605751,0.3062645035,0.3670969787,0.2990920213,0.6767341723,0.7513664788
413.5,1,1,1,1,1,0.5044742753,0.6042442782,0.6527398363,0.4342136207,0.4919526332,0.4417574657,0.2588684743,0.1847864583,0.5341890644,0.2060011782,0.6906893407,0.400333536,0.3064967954,0.367274449,0.2989956459,0.676608885,0.7514297281
414,1,1,1,1,1,0.5044070475,0.6041086692,0.6527928735,0.4343155006,0.4918855157,0.4416939371,0.2589725646,0.1847114482,0.5342770947,0.2058882774,0.6906457856,0.4002258595,0.3064459391,0.3673406072,0.2989937325,0.6765208609,0.7513791988
414.5,1,1,1,1,1,0.5044904876,0.6042323448,0.6527795753,0.4341363651,0.4918211682,0.4416528989,0.2588420778,0.1847404926,0.5344527514,0.205893163,0.6907449522,0.4003515893,0.3064844996,0.3672343088,0.2990670219,0.676563726,0.7512754918
415,1,1,1,1,1,0.5043216582,0.6039991203,0.6528551755,0.4341338369,0.4919329566,0.4416528028,0.2587035085,0.184667934,0.5345066825,0.2058047767,0.6907674633,0.4004127753,0.3064890565,0.3672535982,0.2990641649,0.6765965076,0.7512751441
415.5,1,1,1,1,1,0.504224318,0.6042160116,0.6527380622,0.4340926221,0.4919975259,0.4414675261,0.2586575762,0.1847705121,0.5344540183,0.2057457787,0.6907547963,0.4003312129,0.3063840278,0.3672121964,0.2988709397,0.6766508744,0.7511707163
416,1,1,1,1,1,0.5041923837,0.6040615989,0.6527634632,0.4342570112,0.4919825793,0.4416027983,0.2586689955,0.1846732563,0.5341957193,0.205850309,0.6908148677,0.4004335669,0.3064739593,0.3672233397,0.2986218738,0.6766915156,0.7510905974
416.5,1,1,1,1,1,0.5043366588,0.6038967412,0.6528758907,0.4342830483,0.4921023512,0.4414152737,0.2585097012,0.1847769421,0.5340754363,0.2058577723,0.6908065239,0.4005652363,0.3064302916,0.3670887841,0.2987830195,0.6766540281,0.7511113636
417,1,1,1,1,1,0.5042271602,0.6039753368,0.652865717,0.4340344953,0.4919264806,0.4416092199,0.2584475893,0.1847386577,0.5341215356,0.2057277502,0.690898099,0.4004996739,0.3065296632,0.367073813,0.2988946174,0.676727299,0.7511222628
417.5,1,1,1,1,1,0.5043808964,0.6041542789,0.6528944891,0.4341466808,0.4920254249,0.4416173243,0.258466602,0.1847009414,0.5341320031,0.2056039172,0.6909548318,0.4004347767,0.3064333896,0.3670459536,0.2988763164,0.6767848841,0.7512563292
418,1,1,1,1,1,0.5042385178,0.6044253079,0.652858886,0.434228689,0.4920171569,0.44179641,0.2585457368,0.1846092435,0.5341866851,0.2056461582,0.6909274943,0.4004892449,0.306633491,0.3670488209,0.2988920172,0.676858731,0.7512476576
418.5,1,1,1,1,1,0.5042608231,0.6043911059,0.6530080849,0.4343153498,0.4917497019,0.4419358342,0.2585248654,0.1846653245,0.5344960974,0.2056724067,0.6910625325,0.4006267046,0.3067167947,0.3670793931,0.2988515102,0.6769769895,0.7511834088
419,1,1,1,1,1,0.5043395474,0.6042823421,0.6529404958,0.4342999045,0.4919400802,0.4417957734,0.2585205252,0.1847241551,0.5343016034,0.2057171916,0.6911711811,0.4005657683,0.3065843975,0.3669910065,0.2988052435,0.6767588118,0.751130865
419.5,1,1,1,1,1,0.504335991,0.6042493611,0.6528775256,0.4341916071,0.4921392794,0.4417326827,0.2585977415,0.1849565386,0.5344206368,0.2056154444,0.691107799,0.4004127433,0.3065725887,0.3669873002,0.2987658318,0.6768043511,0.7512042342
420,1,1,1,1,1,0.5043744615,0.6041661741,0.6530836716,0.4342040729,0.4921423274,0.4417743012,0.2585581352,0.1848285191,0.534440408,0.2054613178,0.6909444826,0.4005227305,0.306560496,0.3669988407,0.2988921176,0.6768929136,0.7511361579
420.5,1,1,1,1,1,0.5043126106,0.6040892398,0.6528080308,0.4342162781,0.4919290622,0.441983021,0.258635376,0.1847339896,0.5342574051,0.2054600354,0.6909165159,0.4004992334,0.3063522078,0.3669633384,0.2985525371,0.6767275112,0.751050307
421,1,1,1,1,1,0.5044291786,0.6042502348,0.6530848587,0.4341239939,0.4920146125,0.4419736615,0.258771926,0.1845775586,0.5341393247,0.2054468629,0.6910083377,0.4005381075,0.3063240856,0.3670479108,0.298629852,0.6769623929,0.7510128532
421.5,1,1,1,1,1,0.504476276,0.6041757297,0.6530830325,0.4340448041,0.4919007767,0.4416174742,0.2588279099,0.1847526098,0.534181737,0.2054695249,0.690800895,0.4003254667,0.3063353648,0.3671627339,0.2986853047,0.6769560325,0.7511769344
422,1,1,1,1,1,0.5043763724,0.6042414368,0.6528524629,0.4341466315,0.4918753901,0.4415752287,0.2587997433,0.1845538653,0.534081124,0.2054812643,0.6908211802,0.4004472831,0.3064713107,0.3674004817,0.2987295186,0.6770005287,0.7511305121
422.5,1,1,1,1,1,0.5041016459,0.6041635072,0.6528951301,0.4341356212,0.4919286327,0.4416501638,0.2589112318,0.1847126474,0.5343013026,0.205544603,0.6909116524,0.4005141276,0.3064223069,0.3673019693,0.2984701669,0.6771312202,0.7512041591
423,1,1,1,1,1,0.5042796929,0.6042880441,0.6525737826,0.4340007903,0.4920945743,0.441858084,0.2590917351,0.1846790531,0.5343412388,0.2055119965,0.6908561346,0.4005364103,0.3064012885,0.3675064498,0.2986604006,0.6769975282,0.7511951302
423.5,1,1,1,1,1,0.5043935417,0.6042014074,0.6526713314,0.4340528339,0.4920492753,0.4417599252,0.2589291853,0.1847246424,0.5343639387,0.2054538709,0.6907847895,0.4004743033,0.3063683336,0.3675719235,0.2985659504,0.6766985976,0.7512586138
424,1,1,1,1,1,0.5044535843,0.604096356,0.6530415505,0.4341126568,0.4920830553,0.4415305123,0.2591085393,0.1848392594,0.534516434,0.2055132048,0.6907243253,0.4004611535,0.306471754,0.3672616906,0.2985420025,0.6766499418,0.7512017478
424.5,1,1,1,1,1,0.5043663359,0.6040990526,0.6530569887,0.4341132164,0.4920425465,0.4416785441,0.2588980374,0.1848242869,0.5340463432,0.2056077637,0.6907462641,0.4003998336,0.3064060477,0.3670803779,0.2987432123,0.6764935627,0.7512136418
425,1,1,1,1,1,0.5042619722,0.6041521143,0.6527297043,0.4339703311,0.4919068951,0.4417478151,0.258681313,0.1847727918,0.534237656,0.2055749019,0.690863312,0.4006834425,0.3064993218,0.3671865576,0.2987722835,0.6764134791,0.7511424343
425.5,1,1,1,1,1,0.5044651204,0.6042052557,0.6528843647,0.433830589,0.4921015449,0.4416503819,0.258844406,0.1847308348,0.5342615277,0.2056085893,0.6908583844,0.4006643518,0.3065643269,0.3671370374,0.2987952918,0.6765762367,0.7511839183
426,1,1,1,1,1,0.5047297576,0.6041671159,0.6529171192,0.4338280094,0.4921073245,0.441582649,0.2588336222,0.1847668164,0.5343716062,0.205491522,0.6907708495,0.4008527932,0.3065436196,0.3672060682,0.298713051,0.6766662612,0.7509986395
426.5,1,1,1,1,1,0.5047655969,0.6043133434,0.6529490565,0.4340526833,0.4922114953,0.4413852525,0.2588013299,0.1846890366,0.5343357285,0.2055725442,0.6907934633,0.4008995799,0.3066397006,0.3673755898,0.298697397,0.6765193975,0.7510842888
427,1,1,1,1,1,0.5046705602,0.6043498085,0.6528852221,0.4340973184,0.4921735842,0.4415270707,0.2587412024,0.1847498993,0.5343389047,0.2056315376,0.6907641823,0.4008607936,0.3066556803,0.3673450036,0.2986804848,0.6765218617,0.7510308182
427.5,1,1,1,1,1,0.5048693075,0.6042768329,0.6529302747,0.4340015202,0.4923402755,0.4416599968,0.2587768418,0.1847614453,0.5342761513,0.2055505883,0.6906496654,0.4008771142,0.3066317784,0.3675054224,0.2986822259,0.6766370865,0.7511260212
428,1,1,1,1,1,0.5047540394,0.6042127098,0.6528757578,0.4339798438,0.4921541877,0.4416006459,0.2588143055,0.1848954191,0.5342397445,0.2055215396,0.6909916949,0.400776193,0.3066388039,0.3673298744,0.2989754661,0.6767332268,0.751330067
428.5,1,1,1,1,1,0.5048039341,0.6040884873,0.652857868,0.4340440527,0.491907578,0.441672669,0.2589720703,0.1849119389,0.5343315735,0.2055913642,0.6909080505,0.4007218035,0.3064442606,0.3674118802,0.2990283788,0.676678338,0.7512665595
429,1,1,1,1,1,0.5046011537,0.6039542226,0.6529689773,0.4338773597,0.4918677149,0.4417741086,0.2590252686,0.1847509478,0.5342312468,0.2057120219,0.6909756945,0.4006466676,0.3064888849,0.3674074186,0.2991187351,0.6766286743,0.7511673271
429.5,1,1,1,1,1,0.5044960903,0.6040561101,0.6528740321,0.4339624484,0.4918773958,0.4417918905,0.2591495605,0.1848353473,0.5342848575,0.2057210708,0.6910478465,0.4005998776,0.3064624597,0.3674142301,0.2990815477,0.6767007277,0.7512456747
430,1,1,1,1,1,0.5045263861,0.6042812045,0.6530453215,0.4340597508,0.4919476204,0.4416497508,0.2591734322,0.1847649913,0.5341931585,0.2058627461,0.6911650022,0.4006305165,0.3065675415,0.3674816938,0.2990903944,0.676698364,0.75116259
430.5,1,1,1,1,1,0.5044452958,0.6041502754,0.6530949362,0.4341445402,0.4922550786,0.4413850009,0.2590930955,0.1847972488,0.5338509657,0.2059340061,0.6909837652,0.4005406041,0.3065794269,0.3673465282,0.2990564606,0.6767002353,0.7512433655
431,1,1,1,1,1,0.5043223371,0.604213589,0.6530544645,0.4342041675,0.4921513774,0.4414309777,0.2588919889,0.184803794,0.5340324053,0.2059228039,0.6907634106,0.4002950088,0.3064560837,0.367533353,0.2990223428,0.676875296,0.7513013173
431.5,1,1,1,1,1,0.5042538734,0.6044091836,0.652943698,0.4341104874,0.492265604,0.4415771234,0.2589863281,0.1846991781,0.5338585611,0.2057873212,0.6908915684,0.4004360458,0.3064225949,0.3677018618,0.2990704907,0.6769062053,0.7511190875
432,1,1,1,1,1,0.5043355622,0.6044227026,0.6529002988,0.4343414117,0.4923154333,0.4418693074,0.25925274,0.1846587883,0.5338889159,0.2057261265,0.6911736092,0.4006461453,0.3064576232,0.3676803245,0.2991149018,0.6768747468,0.7511903268
432.5,1,1,1,1,1,0.5044185114,0.6045458394,0.6528489228,0.4341631922,0.492394752,0.4416612469,0.2592128708,0.1847378662,0.5340089513,0.2055819196,0.6911922406,0.4006412236,0.3063688242,0.3676769009,0.2989631902,0.6770216673,0.751168124
433,1,1,1,1,1,0.5044624227,0.6045211896,0.6530542686,0.4341032165,0.4922168517,0.4417258897,0.259079983,0.1846755808,0.5339805296,0.2056092787,0.6911468535,0.4006090194,0.3064273181,0.3676020985,0.2987491332,0.6769693198,0.7512373125
433.5,1,1,1,1,1,0.5042137591,0.6045425687,0.6528717024,0.4342116376,0.4922147885,0.441838901,0.2590421295,0.1847080113,0.534132042,0.2055346635,0.6912525915,0.4007477294,0.3066000518,0.3674700831,0.299029601,0.6767775903,0.7511785589
434,1,1,1,1,1,0.504359275,0.604289902,0.6527240118,0.4341450669,0.4920361892,0.4416482435,0.2588991945,0.1845756132,0.5343623919,0.2054731597,0.6912071941,0.4005246702,0.3064013615,0.3674683732,0.2990147682,0.6767774153,0.7510942135
434.5,1,1,1,1,1,0.5043664757,0.6041613614,0.6528478977,0.434268905,0.4921083438,0.4417095195,0.2588121113,0.1846778412,0.5341919257,0.2055171232,0.6912007813,0.4006226038,0.3065989007,0.3672698807,0.2990742614,0.6766841986,0.7511508385
435,1,1,1,1,1,0.5042921934,0.6041306811,0.6529229263,0.4340554348,0.4920575681,0.4417038869,0.2587762113,0.1846504849,0.5341895854,0.2053975098,0.6910663584,0.4005960447,0.3065124051,0.3671902827,0.2991606968,0.676666272,0.7511495347
435.5,1,1,1,1,1,0.5043670698,0.6040886532,0.6528809508,0.4341479713,0.491989946,0.441785424,0.2588779744,0.1847112187,0.5342419415,0.2054997711,0.6909484392,0.4005815722,0.3065262962,0.3671624349,0.2987482656,0.6764861952,0.751140248
436,1,1,1,1,1,0.5041584397,0.6043945288,0.6528793492,0.4339726619,0.4918981034,0.4417055245,0.258876182,0.1847586881,0.5342717803,0.2054475193,0.6910316131,0.4007002006,0.306610316,0.3673311622,0.2985934543,0.6764873858,0.7511644709
436.5,1,1,1,1,1,0.5041036706,0.6042702964,0.6528072546,0.4340975875,0.4918281012,0.4417372429,0.2588502369,0.1847401503,0.5342787567,0.2054638047,0.6910929769,0.4006323961,0.306490552,0.3672530046,0.2984017484,0.6766796582,0.7510687431
437,1,1,1,1,1,0.5042316223,0.6041651557,0.652802578,0.4337692561,0.4920662788,0.441609443,0.2586883522,0.1848340483,0.5343210277,0.2055637138,0.6911613133,0.4006811098,0.3065732716,0.3674309036,0.2983227965,0.6766270691,0.7511084712
437.5,1,1,1,1,1,0.50427641,0.6042604476,0.6529436361,0.4340517727,0.4920741185,0.4416337639,0.2586504216,0.1847281504,0.5342227717,0.2055870952,0.6912490971,0.4007073874,0.3066838748,0.3672818735,0.2985862271,0.6764746968,0.751123221
438,1,1,1,1,1,0.5042309365,0.6043035518,0.6528082543,0.4338786281,0.4922616698,0.4415784183,0.2587759229,0.1847011707,0.5343369717,0.2056038194,0.6911258985,0.4008618151,0.3067714246,0.3670268494,0.2986269391,0.6764834221,0.7511932838
438.5,1,1,1,1,1,0.504472295,0.6041748258,0.6527037402,0.4339545841,0.4922186442,0.4415492348,0.2586207329,0.1847734275,0.5343386242,0.2055657195,0.6910794897,0.4005908743,0.3068133062,0.3672881739,0.2984122198,0.6766189128,0.7512467647
439,1,1,1,1,1,0.5045191932,0.6041170736,0.6528487872,0.4342093545,0.4922264425,0.4415187946,0.2588693036,0.1847637184,0.5344079239,0.2056698382,0.6910287321,0.4003490863,0.3068297863,0.3672280539,0.2984835843,0.6767077203,0.7514015501
439.5,1,1,1,1,1,0.5043357846,0.6041014431,0.6527371555,0.433985018,0.4924266001,0.4417846163,0.2587486253,0.1847668484,0.5345014318,0.20581652,0.6911926915,0.4005680636,0.3069367262,0.3671836007,0.2986589263,0.6769907008,0.7515025911
440,1,1,1,1,1,0.5044868319,0.6041017689,0.6527582272,0.4341143751,0.4923545449,0.4417014102,0.2588906637,0.184860917,0.5345423187,0.2057402636,0.6911478257,0.400380189,0.3070542916,0.3670006178,0.2985735776,0.6770053041,0.7516863025
440.5,1,1,1,1,1,0.5043437608,0.6042478928,0.6528112985,0.4340180745,0.49229846,0.4416158366,0.2588894072,0.1848153926,0.5344027069,0.2056751888,0.6910179861,0.4003187348,0.3069372897,0.3669228767,0.2985138498,0.6769796974,0.7515964997
441,1,1,1,1,1,0.5042812328,0.6040990718,0.6527768095,0.4341366319,0.4923824665,0.4415276581,0.2589012837,0.1846962848,0.5343566841,0.2056490566,0.6908020863,0.4003716744,0.3068547267,0.3671049722,0.2985980992,0.6769080854,0.7514606144
441.5,1,1,1,1,1,0.5041893358,0.604145028,0.6527128604,0.4342670405,0.4922313509,0.4415645307,0.2589089636,0.1846193884,0.5341615191,0.2055232321,0.6909766197,0.4005931985,0.3068492072,0.3672719297,0.2988594584,0.6768777894,0.7514279982
442,1,1,1,1,1,0.504235239,0.6041583966,0.6525982545,0.434211207,0.4920992079,0.4413546267,0.2588095568,0.1845778642,0.5345762286,0.2055667257,0.690849809,0.4006390889,0.3069320535,0.3674328413,0.2991312366,0.6766270439,0.7515280606
442.5,1,1,1,1,1,0.5041557758,0.6042750254,0.6525645742,0.4343057654,0.4921614034,0.441328979,0.2589193227,0.1846037585,0.5344125303,0.2054296921,0.6907342902,0.4007473211,0.3068449547,0.3672878575,0.2992948808,0.6767929355,0.7516064843
443,1,1,1,1,1,0.5041811653,0.6042049096,0.6526688956,0.4342727729,0.4921912192,0.4414873484,0.2589399274,0.1847271835,0.5344961182,0.2055104421,0.6906633262,0.4006614987,0.3069277701,0.3671647758,0.2990866433,0.6765882213,0.7515353552
443.5,1,1,1,1,1,0.5040585061,0.6042396195,0.6527106456,0.4341711392,0.4920052815,0.4414428138,0.2588555244,0.1847050539,0.5346350876,0.2056669939,0.6905976621,0.400613817,0.3068786182,0.3673303827,0.299069612,0.676661442,0.7516874734
444,1,1,1,1,1,0.504137457,0.6043581413,0.6530714057,0.4341569655,0.4919924134,0.4414219932,0.2586720903,0.1846155408,0.5346623891,0.2056527168,0.6905704793,0.4004889691,0.3067155823,0.3672629481,0.2990666152,0.6767946402,0.7516500943
444.5,1,1,1,1,1,0.5042796517,0.6043639572,0.6530688335,0.434011683,0.4919783731,0.4415012412,0.2587546917,0.1846621443,0.5348885954,0.2057188798,0.6905939649,0.4006203053,0.3067797454,0.3673673963,0.2989839398,0.6768572582,0.7516857236
445,1,1,1,1,1,0.5044452419,0.6042527333,0.6530339166,0.4341583551,0.4919679353,0.4414728142,0.2587915661,0.1845845984,0.5347896112,0.2056186452,0.6906294778,0.4006384899,0.3068185395,0.3674242574,0.2990962865,0.6769659616,0.7518021129
445.5,1,1,1,1,1,0.5041683907,0.6043046159,0.6530725952,0.4343924478,0.491872615,0.4412976401,0.2590106251,0.1846852326,0.5344820258,0.205630849,0.6906399608,0.4007331184,0.3069955093,0.3672846943,0.2990340262,0.6768248223,0.7518112824
446,1,1,1,1,1,0.504295421,0.6043553351,0.6530536367,0.4343030014,0.4917375524,0.4411421896,0.2587495092,0.1846175493,0.534637562,0.2056777059,0.690676079,0.4007842348,0.3069944202,0.3671705716,0.2990469397,0.6769876606,0.7516669294
446.5,1,1,1,1,1,0.5041543606,0.6042575434,0.6527338028,0.4342085992,0.4917955124,0.4412920363,0.2587324002,0.1846337192,0.5346139343,0.2057484682,0.6907863134,0.4008042696,0.3069698079,0.3670971693,0.2989085187,0.677058664,0.7516815256
447,1,1,1,1,1,0.5040880577,0.6042246193,0.6529303256,0.4340507105,0.4917895088,0.4411281913,0.2587540593,0.1846382631,0.5345905907,0.2057676689,0.6907560873,0.4008032813,0.3071184745,0.3670479543,0.2990787696,0.6770830831,0.7518161362
447.5,1,1,1,1,1,0.5040446173,0.6040794832,0.6529640415,0.4341321989,0.4920051573,0.441223595,0.2587997182,0.1846290896,0.534599873,0.2057407468,0.69052091,0.4006880562,0.3071167144,0.3672621582,0.2989242286,0.6774515029,0.7517052265
448,1,1,1,1,1,0.5039408463,0.6039230282,0.6529408612,0.4341171269,0.4919756195,0.4414182459,0.2587475775,0.1845643731,0.5347090302,0.2056959012,0.6906605913,0.4006740361,0.3067964314,0.3675822989,0.2990357708,0.6774480098,0.7518283891
448.5,1,1,1,1,1,0.5042311394,0.6039211803,0.6529280143,0.4341501628,0.4920868795,0.4415649495,0.2589165274,0.1846925826,0.5344290157,0.2056355026,0.6906914519,0.4008123119,0.3069044279,0.3672695304,0.2989210751,0.677324474,0.7518348637
449,1,1,1,1,1,0.5042650158,0.6040366441,0.6527823628,0.4341982123,0.4919915006,0.441445447,0.2588278734,0.18479749,0.5344555428,0.205635092,0.6908038404,0.4007405412,0.3069907689,0.3671247145,0.2987140151,0.6771764742,0.7520448083
449.5,1,1,1,1,1,0.5041859288,0.6044146412,0.6532328436,0.4341386597,0.4921749091,0.4414815333,0.2588353532,0.1847961592,0.534467161,0.2056922897,0.690917263,0.4007113982,0.3069636728,0.3672066737,0.2985586073,0.6770801105,0.752016853
450,1,1,1,1,1,0.5042443217,0.6043376797,0.653185925,0.4341634814,0.4925767424,0.4416574221,0.2587024175,0.1848983588,0.5346792829,0.2057408874,0.6909933223,0.4006991774,0.3069420905,0.3671484943,0.2985454996,0.6770692841,0.7521248818
450.5,1,1,1,1,1,0.504232629,0.6041373939,0.6530740174,0.434254782,0.4924157492,0.4416514791,0.2588004994,0.1848439045,0.5348477307,0.2058396647,0.6911938641,0.4005455829,0.3068736326,0.3671741452,0.2985545376,0.677018972,0.7520855895
451,1,1,1,1,1,0.5042679497,0.6039889186,0.65309008,0.4341404614,0.4922301543,0.4415449084,0.2587686198,0.184825236,0.5350577279,0.2058259919,0.6910475365,0.4005835936,0.3068965071,0.3672010455,0.2985650066,0.6769889052,0.7520078225
451.5,1,1,1,1,1,0.5043927763,0.6040050839,0.6528130124,0.4342345074,0.4923756972,0.4417524635,0.2588550394,0.1846770789,0.534721868,0.2057903371,0.6910936416,0.4005389595,0.3068973913,0.3673367862,0.2986082727,0.6768698659,0.7520514299
452,1,1,1,1,1,0.5042612918,0.6040599486,0.6528820348,0.4342820008,0.4918936001,0.4419158577,0.258998318,0.184877027,0.5347470505,0.205664993,0.6909884371,0.400530315,0.3068277886,0.3673158653,0.2985659546,0.6769681286,0.7520921094
452.5,1,1,1,1,1,0.5043117093,0.6043222337,0.6527814884,0.4342123679,0.4920163591,0.4417572895,0.2588964628,0.1848415023,0.5345935257,0.2055971796,0.6909250341,0.4005482768,0.306603825,0.3673733797,0.2985246471,0.6770599773,0.752044558
453,1,1,1,1,1,0.5044132097,0.6041409726,0.6526790865,0.4342386491,0.4922544548,0.4416309709,0.2589019026,0.1847286111,0.534458136,0.2055234653,0.6908826731,0.4004200454,0.3067050715,0.3673631123,0.2987165905,0.6769444003,0.752048787
453.5,1,1,1,1,1,0.5043176692,0.6041699625,0.6526450509,0.4340792333,0.4921982947,0.4414547518,0.2590149137,0.1847247883,0.5344319135,0.2055211826,0.6908291629,0.4003572928,0.3066766735,0.3673340236,0.2988234871,0.6768576138,0.751872342
454,1,1,1,1,1,0.5042059448,0.6042624078,0.6526962963,0.4340378971,0.4922297157,0.4414679886,0.2590232584,0.1846877755,0.5344110098,0.2057096368,0.6908375876,0.4002004925,0.3066914764,0.3673078547,0.2988147283,0.676908544,0.7517238756
454.5,1,1,1,1,1,0.5042071313,0.6039298202,0.6526447763,0.4339929761,0.4923165848,0.441369125,0.2590364906,0.1848201212,0.5346269548,0.2055497425,0.6907792968,0.4001549338,0.3066622877,0.3671831919,0.298777843,0.6768436044,0.7517284108
455,1,1,1,1,1,0.504156641,0.6039627831,0.6529009774,0.4339099378,0.492327272,0.4411682004,0.2590694854,0.1847837948,0.5347419001,0.2055813425,0.6907330118,0.400143373,0.3063918501,0.3671571205,0.2986749072,0.6768532485,0.7518062317
455.5,1,1,1,1,1,0.5041956895,0.6040223704,0.653115926,0.4340321005,0.4922960687,0.4411512304,0.2589085693,0.1847175486,0.5345713192,0.2054961548,0.690652426,0.4003044924,0.3066478008,0.3670560156,0.2986518485,0.6769294008,0.7518270814
456,1,1,1,1,1,0.5041227126,0.6043386343,0.6529148045,0.4339600582,0.4921682317,0.4412091408,0.258863238,0.1847972782,0.5346325959,0.2055490795,0.690642466,0.4004898516,0.3066422667,0.3671051917,0.2986769468,0.6771334565,0.7516805948
456.5,1,1,1,1,1,0.5040910228,0.6043899434,0.6527250738,0.4341316728,0.492188248,0.4414884779,0.2587950245,0.1847427138,0.5346867459,0.2055916261,0.6909206341,0.4005032211,0.3067515558,0.3670739038,0.2986457304,0.6769204,0.7516822009
457,1,1,1,1,1,0.5041770585,0.6042950385,0.6528502244,0.434308617,0.4921560567,0.4414605271,0.2585712771,0.1847163566,0.5347731589,0.2056065568,0.6908867916,0.4005619258,0.3066283395,0.3669689072,0.2986424858,0.6768141046,0.7517068185
457.5,1,1,1,1,1,0.5041871402,0.6044156622,0.6528316458,0.4340352584,0.4920154753,0.4415553166,0.2587215198,0.1847020572,0.5345654732,0.2055056074,0.6907257639,0.4003792408,0.3065855468,0.3669305796,0.2986012983,0.6769620803,0.7518363283
458,1,1,1,1,1,0.504366669,0.6045188151,0.6527452351,0.4341927074,0.491936192,0.4411299977,0.258642237,0.1848033249,0.534543032,0.2055985616,0.6906952023,0.4002217521,0.3066233064,0.3668226259,0.2987387679,0.6769388409,0.7517929156
458.5,1,1,1,1,1,0.5045354558,0.6043860631,0.6527323241,0.4342471285,0.4918531839,0.4410637482,0.2586365836,0.1848790091,0.5345467859,0.2057305972,0.6906876375,0.4002616852,0.3064322303,0.3668053056,0.2986831319,0.6769793499,0.7516738941
459,1,1,1,1,1,0.5043205226,0.6040252945,0.6528576212,0.4344014538,0.4920374666,0.4412039186,0.2586206941,0.1848706352,0.5343538428,0.2056337251,0.6906627108,0.4002123837,0.3064957441,0.3667705231,0.2989089062,0.6769589052,0.751757674
459.5,1,1,1,1,1,0.504322656,0.6042647368,0.6530136861,0.4343268012,0.4918409358,0.4413244251,0.2583906197,0.1846523657,0.5345328469,0.2058175595,0.6906622669,0.4002074702,0.3063482256,0.3669297398,0.2985707408,0.6768291414,0.7517292069
460,1,1,1,1,1,0.5043364756,0.6041767301,0.6529336404,0.4340725394,0.4918472616,0.4411982572,0.2583265026,0.1845763664,0.5347744289,0.2056676822,0.6906616229,0.4002416754,0.3066780262,0.3669736916,0.2987624882,0.6768311592,0.7516669333
460.5,1,1,1,1,1,0.5042342538,0.604402084,0.6529305285,0.4340001125,0.4920565114,0.4411138675,0.2582798701,0.1845821283,0.5350337444,0.2057117072,0.6907298656,0.4003347028,0.3065569234,0.3670263573,0.2988173445,0.6768478742,0.751575131
461,1,1,1,1,1,0.5043539125,0.6044639597,0.65283863,0.433990594,0.4918192802,0.4413374791,0.2582497507,0.1846173198,0.5349961998,0.2057382658,0.6908675769,0.4004219637,0.3064706516,0.3671302814,0.2987216639,0.6771157324,0.7516567524
461.5,1,1,1,1,1,0.5043432731,0.6043429531,0.6527593964,0.4340553769,0.4917191115,0.4415509884,0.2585998486,0.1847310666,0.5352746354,0.2057873996,0.6908895596,0.4002449561,0.3063313636,0.3670665482,0.2987198307,0.6769686603,0.7516796938
462,1,1,1,1,1,0.5043473928,0.6043781783,0.6527751419,0.4341139118,0.4917464531,0.4415436835,0.2585202096,0.184647903,0.5350585315,0.2058060198,0.6908169202,0.4004173165,0.3065340256,0.367306607,0.2988952469,0.6771764446,0.7517400725
462.5,1,1,1,1,1,0.5044707264,0.6042921394,0.6529335437,0.4341661464,0.4919597782,0.4415885664,0.2584909923,0.1845162817,0.5351840006,0.2057298754,0.6908504569,0.4002973687,0.306476672,0.3671523401,0.2989278488,0.6772332148,0.7517036194
463,1,1,1,1,1,0.5044511031,0.6042936592,0.6529795523,0.4341185132,0.4920488984,0.4415535533,0.2585911812,0.1845102612,0.5351872226,0.2057133684,0.6909388495,0.4004387769,0.3064956865,0.3669742412,0.2990227851,0.6771614378,0.751653165
463.5,1,1,1,1,1,0.5044373631,0.6042856624,0.6529976092,0.4342343218,0.4920296281,0.4412890233,0.2588991039,0.1844960738,0.5352378909,0.2057766132,0.6909926342,0.4005034445,0.3066863094,0.3669955115,0.2987613054,0.6772340674,0.7516667613
464,1,1,1,1,1,0.5044546688,0.6043500416,0.6529501987,0.434135332,0.4919896538,0.4410590022,0.2589144155,0.184545356,0.5351724673,0.20575574,0.6908738253,0.4003372147,0.3068718437,0.3672084782,0.2987168243,0.6770097559,0.7514958856
464.5,1,1,1,1,1,0.504251507,0.604529604,0.6528811593,0.43421319,0.4918568253,0.441169443,0.2586815154,0.184718569,0.535002928,0.2057493401,0.6912248957,0.4006806654,0.3069293202,0.3670923619,0.2987400033,0.6771643261,0.7515425468
465,1,1,1,1,1,0.5043287082,0.6043089704,0.6528311446,0.4342351361,0.4920117658,0.4413744689,0.2586619674,0.1846534365,0.5348704828,0.205681392,0.6912794412,0.400576841,0.3067679995,0.3668508655,0.2989428455,0.6770890323,0.7514286589
465.5,1,1,1,1,1,0.5043387419,0.6042135695,0.6528920737,0.4341565423,0.4918869469,0.4415234073,0.2586733824,0.1845161218,0.5348389679,0.2055621604,0.6912496259,0.4004738627,0.3064331115,0.3668535403,0.2988207616,0.6770697271,0.751554661
466,1,1,1,1,1,0.5043290841,0.6040542321,0.653001439,0.4340510014,0.4920810229,0.4416843124,0.2587051009,0.18455258,0.5344773849,0.2055257695,0.6912842287,0.4003925396,0.3063829559,0.3669598388,0.2987029751,0.6769364523,0.7517256619
466.5,1,1,1,1,1,0.504421686,0.6042351403,0.6528344323,0.4342605354,0.491991637,0.4415176787,0.25859774,0.1843988252,0.534431909,0.2056483516,0.6911927621,0.4003604613,0.3062550447,0.3671041848,0.2987120803,0.6771256783,0.7517654421
467,1,1,1,1,1,0.5044666723,0.6041344737,0.6529060685,0.4343826669,0.4920501004,0.4416976317,0.2587795257,0.184538706,0.5344349585,0.2056383985,0.6909945335,0.400334642,0.3063020824,0.3671361855,0.2986969464,0.6770121376,0.7518142144
467.5,1,1,1,1,1,0.504389487,0.6040363378,0.6530172171,0.4343725531,0.4923270177,0.4416698408,0.2588539887,0.1846762729,0.5344109995,0.2055509632,0.6908528119,0.4003525573,0.3062549255,0.3673365842,0.29864882,0.6769791739,0.7517661891
468,1,1,1,1,1,0.5043444718,0.6042105077,0.6529009723,0.4344852175,0.4924149271,0.4417832526,0.2589388089,0.184609563,0.5344260805,0.2056267992,0.6909673553,0.400269689,0.3064414927,0.3673718662,0.2985852479,0.6769778833,0.751837665
468.5,1,1,1,1,1,0.5042338399,0.6044675613,0.6528123624,0.4346451824,0.4922633302,0.4416965791,0.2589064069,0.1845951316,0.534505985,0.2056381403,0.6910246197,0.4002500231,0.3066229333,0.3672055826,0.2987142104,0.676791811,0.751855315
469,1,1,1,1,1,0.5040632443,0.6043896397,0.6529566206,0.434288416,0.4924579195,0.4418337128,0.2590347919,0.1847914107,0.5347284286,0.2056996033,0.6911762469,0.4004487593,0.3064138967,0.3673174389,0.2987196214,0.6766276543,0.7519969617
469.5,1,1,1,1,1,0.504011188,0.6042353464,0.6530963364,0.4342990443,0.4923861062,0.4415880473,0.2591982112,0.1848762889,0.5347295946,0.2057298222,0.6912824457,0.4006395138,0.306527389,0.3674291598,0.2987842349,0.6767033835,0.752120013
470,1,1,1,1,1,0.5041417924,0.6042237015,0.652883007,0.4340776672,0.4924032384,0.4412748579,0.2591807943,0.1849459921,0.534610249,0.2058078799,0.6912275114,0.4007252391,0.3064948389,0.3673942975,0.2987884409,0.6768978549,0.7520053561
470.5,1,1,1,1,1,0.5041135913,0.6042005789,0.6528457631,0.4343383018,0.4922012381,0.4413216335,0.2590718932,0.1848888488,0.5344604309,0.2056865006,0.6910605619,0.4007524183,0.3065053471,0.3675158323,0.2986773141,0.6770345805,0.7520267865
471,1,1,1,1,1,0.5043180969,0.6042948332,0.6527566029,0.4343585475,0.4920995824,0.4412084262,0.2590163864,0.1849374081,0.5345712229,0.2057224956,0.6909145071,0.4005432068,0.306780345,0.3673530617,0.2988481255,0.677069442,0.7520049736
471.5,1,1,1,1,1,0.5044240922,0.604172895,0.6529818297,0.4344267683,0.4921702525,0.4412300395,0.2588609683,0.184923005,0.5345046549,0.2057349302,0.6909071473,0.4003908779,0.306543,0.3671105672,0.2987550856,0.677028656,0.7519741365
472,1,1,1,1,1,0.5042751009,0.6040970139,0.6531671021,0.4344224654,0.492159643,0.4414409327,0.2589664754,0.184952819,0.534726804,0.2057271503,0.6909450377,0.4004516697,0.3065464012,0.3672640212,0.2989074837,0.6769634151,0.7518750339
472.5,1,1,1,1,1,0.5041540472,0.6041928795,0.6529672899,0.4342756753,0.4921563083,0.4413930613,0.2588647737,0.1849244548,0.5347636855,0.2056970841,0.6909573348,0.4004851748,0.3064034715,0.367316299,0.2987767466,0.676818908,0.7518057646
473,1,1,1,1,1,0.50412491,0.6042836114,0.6526216716,0.4343688095,0.492324457,0.4415828782,0.2590086084,0.1849388694,0.5347314982,0.2058077881,0.6907998111,0.4006347328,0.3062698001,0.367297472,0.2989036607,0.6767126443,0.7517404206
473.5,1,1,1,1,1,0.5042591982,0.6040248487,0.6528192977,0.4343406492,0.4920236667,0.4415179063,0.2590605283,0.1849162479,0.5349166013,0.2059159585,0.6908298164,0.4006271625,0.3062678057,0.3672334949,0.2989600708,0.6769106283,0.7516924443
474,1,1,1,1,1,0.5043053889,0.6040717682,0.6528917174,0.4340240481,0.4920621161,0.4415453228,0.2590560501,0.1849441471,0.5348658332,0.2059616468,0.6908980632,0.4008374527,0.3062835551,0.3673285953,0.2992196297,0.6769192937,0.7516037527
474.5,1,1,1,1,1,0.5043524273,0.6041797546,0.6527190545,0.4339994514,0.4920255929,0.4413777315,0.2590806684,0.1850576714,0.5349022017,0.2058760389,0.6908237096,0.4008952294,0.3063409003,0.3676223367,0.2992516427,0.676917651,0.7516260999
475,1,1,1,1,1,0.5042943007,0.6042500849,0.6527836653,0.4341572343,0.4918892032,0.4412136715,0.2592036495,0.1850042035,0.5348255058,0.2059893828,0.6908088058,0.4006390264,0.3064693214,0.3676166206,0.2991350713,0.6768997996,0.751667651
475.5,1,1,1,1,1,0.5042951765,0.6043448653,0.6525997742,0.4341111957,0.4918999149,0.4411841844,0.2590744623,0.1850789706,0.5348865704,0.2058821525,0.690943008,0.4006355694,0.3066371449,0.3673071213,0.2992706261,0.6770059752,0.7518724913
476,1,1,1,1,1,0.5042392113,0.6044746443,0.6527656735,0.4340941337,0.4920854265,0.4411626322,0.259117136,0.1850623106,0.5349763195,0.205862498,0.6909603649,0.40077126,0.3067902322,0.3674308283,0.2990286657,0.6770901111,0.7519638533
476.5,1,1,1,1,1,0.5041491698,0.60431525,0.6528133875,0.434318155,0.4921096288,0.4413476275,0.2591381273,0.1849828565,0.5348942498,0.2057640262,0.6911071081,0.4005726454,0.3066978222,0.3673934848,0.2990837239,0.6769332862,0.7520088044
477,1,1,1,1,1,0.5041075662,0.6043902602,0.6528704238,0.4341282406,0.4921952251,0.441307361,0.2590448351,0.18511837,0.5347090776,0.2058627952,0.6909906278,0.4005484335,0.3066902492,0.3674136833,0.2990185327,0.6769613876,0.752216764
477.5,1,1,1,1,1,0.5040383662,0.6043626599,0.6529425063,0.4339981352,0.4919292894,0.4414012707,0.2591365232,0.1850380908,0.534716663,0.2060406408,0.6909066433,0.4004203998,0.3066594712,0.3673288682,0.2990796483,0.6769632118,0.7522459194
478,1,1,1,1,1,0.5041185424,0.6044196747,0.6528980712,0.4339431069,0.4919603476,0.4413920766,0.2590236836,0.1850626609,0.5348625437,0.2060007737,0.6908001975,0.400533769,0.3067834652,0.367377261,0.2990954807,0.6768985573,0.7522022787
478.5,1,1,1,1,1,0.5040152058,0.604302104,0.6530055545,0.4340688532,0.4919077045,0.4414597746,0.258935982,0.1848525076,0.5346937258,0.205998018,0.6905966946,0.4004257055,0.3066325773,0.3673774095,0.2990577323,0.6768740916,0.752239099
479,1,1,1,1,1,0.5038931099,0.6043611382,0.6529576176,0.4342458705,0.4919866968,0.4413703017,0.258923958,0.1847590161,0.5345590085,0.2059440161,0.6906533749,0.4003286953,0.3065901758,0.367552673,0.2989208902,0.6767394463,0.7520871572
479.5,1,1,1,1,1,0.5040272243,0.6042149959,0.6529847007,0.4342311303,0.4922564893,0.441394134,0.2587302532,0.1847603324,0.5346347128,0.206020686,0.6906289083,0.4003245461,0.3065039695,0.3676735589,0.29888795,0.6766750842,0.7521490685
480,1,1,1,1,1,0.5042160321,0.6040648909,0.653024754,0.4342041251,0.4921271667,0.4414698243,0.2588218562,0.1847194716,0.5345027836,0.2061022588,0.6906269508,0.4001404037,0.3063007763,0.3677941304,0.2989794545,0.67682151,0.7521847064
480.5,1,1,1,1,1,0.5041071618,0.60411605,0.6528493525,0.434237953,0.4923026227,0.4415476465,0.2589918344,0.1846584067,0.5344644346,0.2060828048,0.6907067327,0.400232544,0.3061962366,0.3675679505,0.2989528638,0.6767662057,0.7521142796
481,1,1,1,1,1,0.504205666,0.6039849004,0.6528023723,0.4342556951,0.4924190564,0.4418160343,0.2587164955,0.1845807718,0.5345701462,0.2059844966,0.6906505809,0.4003702341,0.3063641423,0.3676635378,0.29903238,0.676613837,0.7522235059
481.5,1,1,1,1,1,0.5042769728,0.6041373169,0.6529784992,0.4342046337,0.4923251501,0.4419201322,0.2587486335,0.1845749979,0.5345718,0.2059039209,0.6907717519,0.4003023263,0.3063402367,0.3677464799,0.2989940368,0.6767489575,0.7519565442
482,1,1,1,1,1,0.5042617288,0.6042594881,0.6529369919,0.4342403653,0.4922833368,0.4417528983,0.2587484479,0.1846209475,0.5342802039,0.2059627847,0.6907137926,0.4003165923,0.3064894688,0.3674772817,0.2991024745,0.6767693284,0.751817466
482.5,1,1,1,1,1,0.5042015856,0.6044508225,0.6529450701,0.4342327615,0.4923411939,0.4416825854,0.2589134211,0.1846232993,0.5342662975,0.2058449811,0.6904957916,0.400347998,0.3065293599,0.3672252664,0.2992938381,0.676742315,0.7519475998
483,1,1,1,1,1,0.5042278103,0.6043157567,0.6530690772,0.4342998799,0.4921944802,0.4413523868,0.2587816805,0.184574086,0.5344483698,0.2056434101,0.6904375011,0.4004464146,0.306681757,0.3672785956,0.29908902,0.6765935845,0.7519535126
483.5,1,1,1,1,1,0.5041354854,0.6044229369,0.652853599,0.4343569521,0.4921198129,0.4412980117,0.2590374354,0.1847285873,0.5346040383,0.2056278792,0.6904445777,0.4004456692,0.3067004279,0.367147611,0.2990735782,0.6767012512,0.7520349992
484,1,1,1,1,1,0.5043852456,0.604393132,0.6529642466,0.4344638442,0.4922838279,0.4411587331,0.2591402306,0.18461932,0.5345994491,0.2057075603,0.6905417811,0.4004177717,0.3063998287,0.3673008842,0.2992676408,0.6767482834,0.7520234322
484.5,1,1,1,1,1,0.5044664458,0.6042060241,0.6531564866,0.4343154365,0.4923168139,0.4413082491,0.2591405903,0.1847022189,0.5344515213,0.2058270886,0.6906169401,0.400468905,0.3064639015,0.367083321,0.2991660558,0.6768697605,0.7522022928
485,1,1,1,1,1,0.5043825552,0.6040923564,0.6532218894,0.4342804821,0.4924266576,0.4412701702,0.2592164091,0.184979328,0.5344835718,0.205682251,0.6905726568,0.4003795207,0.3066189642,0.3671951714,0.2991138119,0.6769070574,0.7522123746
485.5,1,1,1,1,1,0.5044581697,0.6042432302,0.6531618613,0.4342239324,0.4923268431,0.4410356194,0.2591976777,0.1849956824,0.5344442078,0.2056358906,0.6903919155,0.4003652764,0.3065511078,0.3671614422,0.2990123174,0.676949299,0.7521072815
486,1,1,1,1,1,0.5045978609,0.6042068408,0.6530843492,0.4341241057,0.4924281769,0.4411270854,0.259197603,0.1849476289,0.5344048938,0.2056280904,0.6903166272,0.4004628339,0.3064700687,0.3669335011,0.2989841592,0.6771537336,0.7521424185
486.5,1,1,1,1,1,0.5045719776,0.6041553263,0.6528866349,0.4340134049,0.49227621,0.4412892877,0.2590504472,0.1848174141,0.5345950076,0.205568482,0.6902265821,0.4005939061,0.3067514584,0.3669976081,0.2989973626,0.6771506561,0.7520270607
487,1,1,1,1,1,0.5046470217,0.6042726708,0.6529817025,0.434077253,0.4923732051,0.4413549429,0.2590504186,0.1848461459,0.5347318342,0.2054780256,0.6901873869,0.400520317,0.3066275691,0.3669648618,0.2989131085,0.6771781042,0.7520826757
487.5,1,1,1,1,1,0.5047095191,0.6040787119,0.6529024847,0.4340286936,0.4923324109,0.4412814792,0.2587655024,0.1847407735,0.5347382972,0.2056327412,0.6903275897,0.4004191189,0.3065372205,0.3669890952,0.2987737398,0.6772395949,0.7519769559
488,1,1,1,1,1,0.5046709016,0.6041140586,0.6529652931,0.4340044585,0.492160722,0.4412264849,0.2587950648,0.1845893338,0.5347521553,0.2054426155,0.6902411085,0.4004805051,0.3064095492,0.3670954033,0.2987842841,0.6771952416,0.7520725525
488.5,1,1,1,1,1,0.5046905756,0.6040584206,0.6529787681,0.4342422414,0.4923579535,0.4412474331,0.2588723926,0.1846701784,0.534809591,0.2054999042,0.6904570534,0.4005798546,0.3064188094,0.3670267756,0.2988456038,0.6772302771,0.752027035
489,1,1,1,1,1,0.5045234585,0.6041615984,0.6529136532,0.4344193877,0.4921767648,0.4413952422,0.2588225262,0.184812752,0.5347820754,0.205509523,0.6902736534,0.4005864475,0.3065809879,0.36716948,0.2987445743,0.6771675808,0.7521346346
489.5,1,1,1,1,1,0.5046691394,0.6041633656,0.6528597014,0.4342977636,0.4921748742,0.4414955674,0.2587866707,0.1847887984,0.5348203772,0.2056185384,0.6902092906,0.4007856362,0.3067985187,0.3671886287,0.2986443345,0.6770847548,0.752311954
490,1,1,1,1,1,0.5045126026,0.6042228302,0.653025336,0.4342629804,0.4920808467,0.4413522937,0.2587348417,0.1848199727,0.5346765126,0.205617039,0.6903756822,0.4009306995,0.3066401315,0.3673129538,0.2987546212,0.6768159,0.7522759783
490.5,1,1,1,1,1,0.5045467488,0.6043297318,0.6530217652,0.4342527261,0.492012632,0.4415657558,0.2586129424,0.1847325476,0.5345055388,0.2055530801,0.6904008405,0.4009237022,0.3067046204,0.3669816282,0.2985683495,0.6769053965,0.7523916682
491,1,1,1,1,1,0.5044138805,0.6040515982,0.6530855211,0.4342562831,0.49185777,0.4414077353,0.2585579996,0.1845519938,0.5345891243,0.2055182571,0.6903419731,0.4008386432,0.306429093,0.367049433,0.2986836854,0.6771784199,0.7522383822
491.5,1,1,1,1,1,0.5042795015,0.6040073285,0.6528492106,0.4341729658,0.4919705467,0.4415562668,0.2586620673,0.184532284,0.5344704729,0.2056235333,0.6901191883,0.4009108335,0.3063314732,0.3670145728,0.2987040132,0.6771234866,0.7524069211
492,1,1,1,1,1,0.5045061638,0.6041550504,0.6528816146,0.4343066084,0.491935439,0.4416806914,0.258677044,0.1845584952,0.5343971321,0.2056047608,0.6902164349,0.400661213,0.3064312688,0.3668390789,0.2988350683,0.6773047262,0.7524480986
492.5,1,1,1,1,1,0.5045062334,0.6041106735,0.6529164761,0.4342896033,0.4916942604,0.4415389359,0.2585177026,0.1845472482,0.5346565363,0.2056114272,0.6901561623,0.400340849,0.3065711448,0.3668972321,0.2985753486,0.6772821986,0.7524419861
493,1,1,1,1,1,0.5044130428,0.6041208773,0.652998335,0.434140656,0.491745076,0.4415217706,0.2585427238,0.184619089,0.5344884359,0.2055957547,0.6902810447,0.4005697223,0.306613633,0.36688931,0.2985468627,0.6772319894,0.7523309675
493.5,1,1,1,1,1,0.5044535071,0.6039384743,0.6529063152,0.4339238834,0.4921047638,0.4416299374,0.2585179222,0.1845650135,0.5342192549,0.205362186,0.690270003,0.400467379,0.3065608596,0.3667906906,0.2985715805,0.677016947,0.7522858913
494,1,1,1,1,1,0.5044013509,0.6041793684,0.6528454921,0.4340344837,0.4922757884,0.4416628374,0.2586205886,0.1845648594,0.5342798739,0.2052886369,0.6901361742,0.400439822,0.3067988031,0.3668237566,0.2985263164,0.676842063,0.7523340516
494.5,1,1,1,1,1,0.5043739083,0.6042168827,0.6528926333,0.4341174288,0.4923482062,0.441769988,0.2585853278,0.1846439231,0.5344544257,0.2053783147,0.6901168096,0.4005136536,0.3067408957,0.3667671865,0.2984777157,0.6769269195,0.752269872
495,1,1,1,1,1,0.5043184594,0.6042338393,0.6528519803,0.4341536941,0.4921948942,0.4418184538,0.258596038,0.1845230329,0.5346775259,0.2054656164,0.6900213692,0.4004807489,0.3068160463,0.3669204421,0.2985212696,0.6769347797,0.752296075
495.5,1,1,1,1,1,0.5041925866,0.6041359007,0.6527936837,0.4340998529,0.4922599658,0.4418070558,0.2587262115,0.1846864159,0.5349129705,0.2054695219,0.6902243671,0.4004874021,0.3067720771,0.3667714431,0.2986854642,0.676791432,0.7522067194
496,1,1,1,1,1,0.5042925925,0.6040641594,0.6528040599,0.4339230389,0.4924620691,0.4420151405,0.2586574234,0.1846851365,0.5349090244,0.205459003,0.6903675047,0.4006034627,0.3069444272,0.3668663,0.2985398834,0.6768874557,0.7521017299
496.5,1,1,1,1,1,0.5041428257,0.6042686755,0.6527395869,0.4340216173,0.4924361191,0.4420557392,0.2586210701,0.1846907015,0.5347317976,0.2054593014,0.6904317376,0.400310813,0.3068952198,0.3667751592,0.2984981278,0.6766885042,0.7520483196
497,1,1,1,1,1,0.5042815533,0.6043028195,0.6529660522,0.4341811221,0.4923127277,0.442016239,0.2585775634,0.1846216405,0.5346405437,0.2052754048,0.6903066435,0.400389135,0.3069914403,0.3667003073,0.2986278527,0.6767115346,0.7519384018
497.5,1,1,1,1,1,0.5044043864,0.6040351549,0.653159368,0.4341331563,0.4920695178,0.4419048867,0.2586390872,0.1846102121,0.5346213836,0.2051088514,0.6903372159,0.4005865907,0.306956271,0.3668284434,0.2986471696,0.6766650761,0.7519360144
498,1,1,1,1,1,0.5043849716,0.604214703,0.6530466996,0.434191052,0.4920146815,0.4421044489,0.2586579302,0.1844666424,0.5344944836,0.20528967,0.6905202325,0.4006759909,0.3069389346,0.3667450535,0.2987272556,0.6767479225,0.7518570521
498.5,1,1,1,1,1,0.504420096,0.6042599237,0.6528392911,0.43411444,0.4920056933,0.4420873386,0.2588293259,0.184562422,0.5341839974,0.2052545253,0.6906541998,0.4006404684,0.3068902043,0.3668383668,0.2986800598,0.6769493624,0.7517829481
499,1,1,1,1,1,0.5043061328,0.6042386221,0.6527070722,0.434105202,0.4919350265,0.4419623435,0.2586638816,0.1844690088,0.5340056511,0.2053893573,0.6904642176,0.4006458696,0.3069286252,0.367015276,0.2986557544,0.6767261661,0.7519332199
499.5,1,1,1,1,1,0.5042741854,0.6042299069,0.65291631,0.4339311277,0.4917900458,0.4419054821,0.2586362597,0.1844592727,0.5338705859,0.2054317789,0.69038636,0.4006930258,0.3069767427,0.3669605924,0.2985242992,0.6766004362,0.7519200935
500,1,1,1,1,1,0.5043249468,0.6041603849,0.6528865146,0.4341058842,0.4921834642,0.4419597014,0.258708778,0.1844055054,0.5339471342,0.2055413135,0.6904071054,0.4003159468,0.306798165,0.3672616652,0.2985833096,0.6765950947,0.7518344381
