time,TNFR,IL1R,CD40,LTB,BAFFR,TRAF2_5,TRAF6,TRAF2_3,Btx,TAK1_TAB,NEMO_IKKa_IKKb,IkBa_release_signal,p50_p65,TNFa,p100,Phenotype_canonical,NIK,IKKa_noncanonical,p100_RelB,p52,BAFF,Phenotype_noncanonical
0,1,1,1,1,1,0,0,0,0,0,0,0,0,0,0,0,0,0,0,0,0,0
0.5,1,1,1,1,1,0.1330750449,0.1983164219,0.2301022365,0.02248894459,0.03531172154,0.004877793439,0.0003221453372,1.493188106e-05,6.832196908e-07,5.905459933e-07,6.140177396e-07,0.02616432557,0.002148497099,0.0001229769471,5.845728587e-06,6.856985033e-06,2.881496545e-07
1,1,1,1,1,1,0.226769692,0.3298804655,0.3797302762,0.06729188022,0.103800907,0.02793179292,0.003764520573,0.0003618684775,3.46299025e-05,2.922650976e-05,3.119931188e-05,0.07794844185,0.01264675527,0.00148071487,0.0001425743982,0.0001724979707,1.462759539e-05
1.5,1,1,1,1,1,0.2931770055,0.4181620889,0.4770718432,0.1157534253,0.1760150381,0.06756468242,0.01371288309,0.002035522738,0.0003063895692,0.0002514072918,0.0002761371304,0.1336435532,0.03156114878,0.005601839095,0.0008189896417,0.001020500309,0.0001307761973
2,1,1,1,1,1,0.3407512844,0.4776678085,0.541141333,0.1603974755,0.2410792998,0.1158098916,0.03095626752,0.00627774489,0.001320239129,0.001054857726,0.001189158617,0.1845408589,0.0559448277,0.01327801739,0.002594766615,0.003337420758,0.0005724513518
2.5,1,1,1,1,1,0.3750270578,0.5179829124,0.5829187119,0.1985301826,0.2958139151,0.1656590852,0.05413871702,0.01394114416,0.003827539583,0.002973401169,0.003456474208,0.2281084057,0.08275760345,0.02453383762,0.005969774678,0.007917117759,0.001698290061
3,1,1,1,1,1,0.3998318135,0.5455851522,0.6106722821,0.2303834896,0.3398896111,0.2128372107,0.08097690024,0.02518097344,0.008650474441,0.006512280852,0.007801434926,0.2639620836,0.1096224867,0.03889450313,0.01125030702,0.01534043929,0.003939101847
3.5,1,1,1,1,1,0.4182258941,0.5648947924,0.6291383121,0.2559258503,0.3750595477,0.2550825562,0.1092886308,0.03957537314,0.01641290659,0.01201656698,0.01485523421,0.2928709141,0.1350131893,0.05578299212,0.01851468312,0.02601712782,0.007737277772
4,1,1,1,1,1,0.4317941171,0.5778326747,0.6414535403,0.2762520471,0.4025791415,0.2916177641,0.1372537863,0.0563337167,0.02752111844,0.01958285255,0.02494373576,0.316005972,0.1583224992,0.07441184224,0.02767045983,0.03999005594,0.01345098755
4.5,1,1,1,1,1,0.4417272796,0.5874615932,0.6496759811,0.2924704445,0.4241335023,0.3223417009,0.1636409729,0.07460348783,0.04196501226,0.02902537734,0.03815362519,0.3343837929,0.1792087804,0.09419998095,0.03849046558,0.05711402885,0.02132816967
5,1,1,1,1,1,0.4494767041,0.5941883802,0.6550043475,0.3054822618,0.4408404043,0.3480283461,0.1880273813,0.09330726904,0.05941580926,0.03999815286,0.05430069062,0.3486495187,0.19764258,0.1144871973,0.05057344295,0.07719715704,0.03153149234
5.5,1,1,1,1,1,0.4550762965,0.5988901766,0.6586353513,0.3158118531,0.4541086445,0.3690788991,0.2098335449,0.1119978742,0.079544469,0.0521072161,0.0730402351,0.3599463442,0.2135943057,0.1350026605,0.06364970645,0.09978381087,0.0440208483
6,1,1,1,1,1,0.4594679914,0.6024305224,0.6611700659,0.3241418881,0.4641537194,0.3864082309,0.2291064597,0.1300260996,0.1017515236,0.06484799491,0.09376738946,0.36893394,0.2274613492,0.1549268275,0.077306816,0.1243527348,0.0586861475
6.5,1,1,1,1,1,0.4627602432,0.6048953422,0.6624962892,0.3305172644,0.4722119091,0.4004908023,0.2459151747,0.1472078661,0.1255518852,0.07786850031,0.1160726931,0.3763014595,0.2393684037,0.1744394789,0.09128904002,0.1505793969,0.0752519373
7,1,1,1,1,1,0.4653564172,0.6065696297,0.6638892859,0.3356330104,0.4782881225,0.4116921918,0.2604530617,0.1630565789,0.1503670982,0.09092311004,0.1395860805,0.3820586797,0.2497417973,0.1927202093,0.1052061489,0.1775796338,0.09363603877
7.5,1,1,1,1,1,0.4674162212,0.6078160428,0.66472483,0.3398114686,0.4833323256,0.420965089,0.2728857775,0.177598719,0.1756474634,0.1036937566,0.1637532519,0.3866677156,0.258521938,0.2098180743,0.1187378765,0.2050099945,0.1135142276
8,1,1,1,1,1,0.4690138341,0.6087897734,0.6653862086,0.3432971643,0.4870104852,0.4284006834,0.2834963021,0.1907124904,0.2011212965,0.1159066931,0.1881425747,0.3902236494,0.2657597457,0.225846673,0.1318509494,0.2324565202,0.1345185151
8.5,1,1,1,1,1,0.4703579689,0.6094949744,0.6657711166,0.3461349718,0.4899453763,0.4345014442,0.2926348154,0.2025820985,0.2259964182,0.1273992722,0.2124450629,0.3930473777,0.2720566545,0.2408112181,0.1442511287,0.2597486563,0.1562000246
9,1,1,1,1,1,0.4714502667,0.6099837226,0.6662752572,0.348105239,0.4923833214,0.4393710749,0.3005649196,0.2131911319,0.2505688611,0.1380431397,0.2364760991,0.3951822165,0.2777011914,0.2541688379,0.1561315661,0.2866633065,0.1784597839
9.5,1,1,1,1,1,0.4723817242,0.6102506254,0.666241519,0.349751199,0.4941219515,0.4432320333,0.3072750214,0.2224887635,0.2743566861,0.1479282654,0.2600060995,0.396955009,0.282185747,0.2663587727,0.1672347499,0.31305385,0.2009602048
10,1,1,1,1,1,0.4729217083,0.6104720013,0.6663803062,0.3514101666,0.495358506,0.4463163835,0.3130310993,0.230662269,0.2970051916,0.1571619457,0.2829282049,0.3986618706,0.2861926362,0.2775553435,0.1775719303,0.3382997198,0.223566477
10.5,1,1,1,1,1,0.4736706374,0.6107063204,0.6664477731,0.3525022194,0.496458151,0.4486467421,0.3177578993,0.2378561089,0.3189048654,0.1654326295,0.3048749944,0.400034884,0.2895094887,0.2875285983,0.1869125172,0.3620870257,0.2460552226
11,1,1,1,1,1,0.4741407447,0.6109870557,0.666626531,0.3534858196,0.4974831117,0.4508807485,0.3217821016,0.2444444623,0.3397928001,0.1728018639,0.3261447018,0.4010187679,0.2923223749,0.2961794541,0.1953878117,0.3848562335,0.2681897971
11.5,1,1,1,1,1,0.4743870296,0.6109157853,0.6666526429,0.3543574343,0.4982892061,0.4526854779,0.3250831587,0.2500821699,0.3596072879,0.1797606032,0.3465369527,0.4019305407,0.2947836296,0.3041027641,0.2032487709,0.4063603306,0.2896284613
12,1,1,1,1,1,0.4747109446,0.6113098002,0.6665760257,0.3551456408,0.4990205215,0.4539710359,0.3281582644,0.2550093982,0.3781795897,0.1859954964,0.3660834365,0.4026413364,0.2967927809,0.3111021793,0.2103609609,0.4268138636,0.3106803587
12.5,1,1,1,1,1,0.4751434524,0.6111969989,0.6666128892,0.3557499247,0.4994787136,0.4552201966,0.3306960452,0.259112004,0.3960512253,0.1914993755,0.3846772111,0.4032347268,0.2986056768,0.3174211435,0.2168264805,0.445734839,0.331016556
13,1,1,1,1,1,0.4752182858,0.6112655778,0.6665650124,0.3561999908,0.499875734,0.4562405914,0.3330865587,0.262983845,0.4124645564,0.1963931512,0.4025694005,0.4036923648,0.3002174182,0.3230614563,0.2226636738,0.4636397015,0.3508425318
13.5,1,1,1,1,1,0.4755147379,0.6113640994,0.6664844856,0.3566980614,0.5004381418,0.4571990782,0.3348178675,0.266093432,0.4278905179,0.200716516,0.4195555642,0.4040395862,0.3016092527,0.3278877165,0.2279730307,0.4802804873,0.3696737862
14,1,1,1,1,1,0.4755738885,0.6114227608,0.6665457975,0.3570276447,0.5006380478,0.457723527,0.3363129774,0.2689305811,0.4423826753,0.2045405032,0.4355816904,0.4043105789,0.3029364296,0.3323311135,0.2327105293,0.4959154485,0.3879061253
14.5,1,1,1,1,1,0.4756600275,0.6112388907,0.6663944256,0.3573110438,0.5009250932,0.4582376441,0.3375289728,0.2713810631,0.4561291879,0.2081183714,0.4508370341,0.4043861963,0.303931031,0.3361027082,0.2369244379,0.5104790301,0.4052083398
15,1,1,1,1,1,0.4756383659,0.6113109188,0.6664713125,0.3575634214,0.500879774,0.4587409538,0.3386655766,0.2735568396,0.4688599681,0.2112300665,0.4653110059,0.4045498208,0.3050215062,0.3398429611,0.240844181,0.5237617987,0.4217263189
15.5,1,1,1,1,1,0.4756783951,0.6114960776,0.6666954091,0.357976003,0.5010933293,0.4592644209,0.3395221448,0.2753973048,0.4805880139,0.2140020027,0.4789508138,0.4051017092,0.3058790249,0.342894465,0.2443377292,0.5357824748,0.4374205303
16,1,1,1,1,1,0.4759030999,0.6116700866,0.6667692878,0.3581428639,0.5013536844,0.4595547992,0.3405761546,0.2770457897,0.4915744381,0.2164860357,0.4915541037,0.4054306953,0.3065118928,0.3454044433,0.2474497089,0.5473864295,0.4524757599
16.5,1,1,1,1,1,0.4761076131,0.6117122061,0.6665956471,0.3582674734,0.5016773139,0.4599031216,0.3411046698,0.2785146813,0.5017735541,0.2186624643,0.5039550922,0.4055290087,0.3071543667,0.3478163281,0.2502692916,0.5579822315,0.4664364005
17,1,1,1,1,1,0.4761992231,0.6116909265,0.6664819273,0.3584749454,0.5017227507,0.460229004,0.3417001866,0.2796656793,0.5114031603,0.2206596054,0.5155537825,0.4053624742,0.307571977,0.3497010629,0.2527321344,0.5676388522,0.480141829
17.5,1,1,1,1,1,0.4762759901,0.6114937038,0.666485179,0.3588746096,0.501634101,0.460222146,0.3419490887,0.2809468389,0.5201520311,0.2224340131,0.5265666639,0.4055161429,0.3081310605,0.3517692936,0.2550950895,0.5769201201,0.4931799922
18,1,1,1,1,1,0.4763189936,0.6115322746,0.6666856039,0.3592420321,0.5016882467,0.4604341964,0.3423436128,0.2815858362,0.5281364821,0.2242156462,0.5368046065,0.4055466595,0.3085459539,0.3533342846,0.2571120935,0.5854026271,0.5054445297
18.5,1,1,1,1,1,0.4764776475,0.6115669306,0.6664941791,0.3592820119,0.5016011861,0.4605941757,0.3429214652,0.2827390047,0.5357302667,0.2253537286,0.546555204,0.4058967985,0.3089137705,0.3546883086,0.2588967107,0.5932501882,0.5171339862
19,1,1,1,1,1,0.4765165639,0.6115584754,0.6663284827,0.3592816013,0.5016732317,0.4606929392,0.3434928812,0.2833923009,0.5428504283,0.2266459074,0.5557272281,0.4061239037,0.3091984356,0.3559318826,0.2605207389,0.6005388529,0.5284265094
19.5,1,1,1,1,1,0.4764394061,0.6113346222,0.6663811473,0.3593028757,0.5018724804,0.4606501743,0.3435329942,0.2839860912,0.5491763945,0.2276507988,0.5641552674,0.4059977547,0.3095480624,0.357004762,0.2618539896,0.6069058459,0.5390134626
20,1,1,1,1,1,0.4763834926,0.6114189421,0.6663471832,0.3594926786,0.5017850172,0.4608581367,0.3437837054,0.2845900823,0.5553103247,0.2285198368,0.5726908118,0.4059550119,0.3097190717,0.3579078498,0.2631314839,0.6130352411,0.5491249142
20.5,1,1,1,1,1,0.4765511561,0.6114038657,0.6664064987,0.3597853159,0.5019412697,0.4609435349,0.3439967713,0.2850556568,0.5610316502,0.2293551851,0.5806845245,0.4062104776,0.3099068725,0.3585290835,0.2642922986,0.618611573,0.5584129311
21,1,1,1,1,1,0.4764781011,0.6111890485,0.6665024642,0.3600744341,0.5021799615,0.4612164891,0.3442119515,0.2854166525,0.5664814308,0.2301210723,0.5882624294,0.4062624465,0.3099615744,0.3593091406,0.2652581695,0.6238476975,0.5674632981
21.5,1,1,1,1,1,0.476256014,0.6113302013,0.6663914171,0.360086757,0.5021355221,0.4613479503,0.3443673802,0.2857251779,0.5714807116,0.2307951621,0.5954404385,0.4062633937,0.3100660806,0.360012196,0.2661861142,0.6288394137,0.5759457438
22,1,1,1,1,1,0.4762411177,0.6116157182,0.6662827615,0.3600968211,0.5022771495,0.4615747818,0.3445204068,0.286078309,0.5762252409,0.2314083884,0.6022877695,0.4060937731,0.3100418202,0.3607154566,0.2668873416,0.6334456918,0.5841674146
22.5,1,1,1,1,1,0.4764483798,0.6116742859,0.6661999492,0.3602646658,0.5023424205,0.4616128475,0.3447123083,0.2865318082,0.5807934921,0.2321717092,0.6089292571,0.4060740883,0.3103101249,0.361147028,0.2677302022,0.6377386635,0.5917860437
23,1,1,1,1,1,0.4762520401,0.6118204064,0.6660779371,0.3602420841,0.5023498548,0.4613329763,0.3446928893,0.286746455,0.5849017156,0.2327555395,0.6149357704,0.4060969977,0.3104741244,0.3615466229,0.2685211455,0.6416556521,0.5990311964
23.5,1,1,1,1,1,0.4762564838,0.6115908543,0.6664554111,0.3599261882,0.5019403439,0.4613249495,0.3447298484,0.2871084002,0.588876578,0.233308648,0.620642429,0.4061485162,0.3107706583,0.3620075445,0.2690219339,0.6452239397,0.6057563543
24,1,1,1,1,1,0.4764053536,0.6113966841,0.6664721127,0.3601395715,0.5019283819,0.4612653069,0.3446855667,0.2873537806,0.5923688459,0.2337292369,0.626085631,0.4064295642,0.3108180391,0.3622811492,0.2694524758,0.648719218,0.6123376069
24.5,1,1,1,1,1,0.4763523298,0.6113657832,0.6664508561,0.3601736236,0.5019935485,0.4611507786,0.3446421482,0.2873768152,0.5957382835,0.2341923668,0.6313411806,0.4064755988,0.3108510776,0.362644733,0.2699999818,0.6520416392,0.618678294
25,1,1,1,1,1,0.4764515263,0.611249109,0.6664431585,0.360412149,0.5020350664,0.4612073462,0.3449103182,0.2874051243,0.5988873089,0.2345838332,0.6363863129,0.4065878988,0.3110144101,0.3629551686,0.2704145409,0.6552708579,0.6245076683
25.5,1,1,1,1,1,0.4764639627,0.6112762137,0.6664948739,0.360397799,0.5022548883,0.4610954656,0.3448919174,0.2874993118,0.6019551496,0.234819178,0.6412486253,0.4066651684,0.3112339932,0.3631382312,0.2707386651,0.657809662,0.6301979554
26,1,1,1,1,1,0.476561641,0.6111476805,0.6667139445,0.3604242562,0.5021710609,0.4612321221,0.3447932408,0.2876209944,0.6046597444,0.23495698,0.6458511359,0.4065413281,0.3114262331,0.3632152388,0.2712412128,0.660248363,0.6355119841
26.5,1,1,1,1,1,0.4764248705,0.6111723706,0.6666265211,0.3604595847,0.5017977313,0.4613905865,0.3448094898,0.2875115878,0.606982743,0.2351603721,0.6501242648,0.4064197483,0.3115887072,0.3634855036,0.2716491463,0.6623710976,0.6407586675
27,1,1,1,1,1,0.4766215106,0.6114189469,0.6665439989,0.3603543044,0.5018507746,0.4615814307,0.3447310182,0.287497479,0.6094350646,0.235187966,0.6541137907,0.4064527404,0.3118873178,0.3636358937,0.2720966805,0.6648337054,0.645642317
27.5,1,1,1,1,1,0.4766962284,0.6115107356,0.6664866416,0.3604866557,0.5020600491,0.4614086805,0.3446953809,0.2876048204,0.6117328268,0.2354578047,0.657913563,0.4063722143,0.3119167082,0.3638138603,0.2722659372,0.6668944082,0.6504146202
28,1,1,1,1,1,0.4768488653,0.6116074702,0.6666814393,0.360472696,0.5021265564,0.4612914441,0.3447343049,0.2877640055,0.6140478124,0.235563186,0.6617234371,0.4063794421,0.3119927284,0.3639894646,0.2727545622,0.6688381388,0.6547186768
28.5,1,1,1,1,1,0.4766271015,0.6118567279,0.6667187472,0.3606250708,0.5021474129,0.461623421,0.344753711,0.2877253324,0.61612004,0.2357392885,0.6653279426,0.4064295092,0.3120006233,0.3641753838,0.2730060697,0.6706482981,0.6590280405
29,1,1,1,1,1,0.4767258952,0.6116193689,0.6666494987,0.3605804502,0.5020340677,0.4615164726,0.3449784808,0.287798326,0.6177901767,0.2358737285,0.6687661051,0.4065512077,0.3121420994,0.3644963411,0.2730483616,0.6723295545,0.6629945623
29.5,1,1,1,1,1,0.4766534472,0.6116685269,0.6665019427,0.3603205425,0.5019381797,0.4615229345,0.3448906334,0.2878841988,0.6194803288,0.2359729308,0.6720779364,0.4067018093,0.3120408521,0.3646657048,0.2731837664,0.6738238641,0.6670033869
30,1,1,1,1,1,0.4766215507,0.6115691657,0.6665644694,0.3602511603,0.5019229476,0.4614989362,0.3447516141,0.2879370416,0.6210442529,0.2358739632,0.6753119925,0.4067601265,0.3120158055,0.3647884026,0.273617942,0.6751735896,0.6707399507
30.5,1,1,1,1,1,0.4766574208,0.6116680809,0.6666049227,0.3603785559,0.5019577226,0.4613918928,0.3449743351,0.2880141614,0.622558306,0.2360917539,0.6782940902,0.4067590393,0.3120661698,0.3649013557,0.2737250518,0.6766420042,0.6743126016
31,1,1,1,1,1,0.4766291527,0.6114894026,0.6667189591,0.3604520341,0.5018000411,0.4613714272,0.3450869688,0.2880437222,0.62383622,0.2360875549,0.6812694337,0.4064088562,0.3123211254,0.3650490111,0.2738235418,0.6776535271,0.677631606
31.5,1,1,1,1,1,0.4767939692,0.6117243067,0.6667341721,0.3605045985,0.5018143361,0.4613818526,0.3450752139,0.2881364036,0.6253426566,0.2360578182,0.6840518498,0.4065982135,0.3122403544,0.3648947403,0.2740090568,0.678775379,0.6809349342
32,1,1,1,1,1,0.4767220174,0.6117613493,0.6666070671,0.360575559,0.5018417512,0.4614754863,0.3450281308,0.2882764877,0.6266122219,0.2361207965,0.6868098681,0.4067291452,0.312329152,0.3647972364,0.2740143828,0.6797818862,0.6838935734
32.5,1,1,1,1,1,0.4766000578,0.6116644972,0.6663509072,0.3606983198,0.5016884862,0.4615278474,0.3450398784,0.2884251348,0.6276520663,0.2361888436,0.6894604911,0.4065755047,0.3122194452,0.3651191216,0.2742300904,0.6809340113,0.6868592181
33,1,1,1,1,1,0.4765582965,0.611574322,0.6664356047,0.3606567127,0.501876654,0.4614584789,0.3450751815,0.2883536663,0.628679955,0.2361517607,0.6920997903,0.4065757377,0.3122189873,0.3652593308,0.2746480232,0.6818708576,0.6894372163
33.5,1,1,1,1,1,0.4767152279,0.6117442756,0.6662177385,0.3605727212,0.5020099946,0.4613913818,0.3450602832,0.2885142658,0.6300606076,0.2362957997,0.694291518,0.4065259631,0.3123019505,0.3651372116,0.2747996619,0.6828056455,0.6921205996
34,1,1,1,1,1,0.4765940776,0.6116888845,0.6662027358,0.3607595832,0.502108582,0.4613622803,0.3451250018,0.2886250018,0.6314444348,0.2363723485,0.6964443872,0.4064960582,0.3124663174,0.3651307947,0.2747430586,0.6835987294,0.6946944062
34.5,1,1,1,1,1,0.4767861871,0.6115952445,0.6661832194,0.360821508,0.5022667743,0.4615233906,0.3449713641,0.2886088794,0.632278012,0.2366485155,0.6984389477,0.4065775011,0.3124492395,0.3650957162,0.2748310946,0.6843133994,0.6970726677
35,1,1,1,1,1,0.4767009913,0.6116027583,0.6662445656,0.3609527758,0.5021580971,0.4614050896,0.3452117728,0.2886346432,0.6331209535,0.2367614041,0.7005279391,0.4064177637,0.3124318923,0.365230426,0.2748842458,0.6851271006,0.6995551503
35.5,1,1,1,1,1,0.4766673037,0.6116722476,0.6660798246,0.3608422891,0.502057932,0.4613981671,0.3456021736,0.2885720969,0.6340994217,0.2366811485,0.7026702716,0.4063171777,0.312454077,0.3651491805,0.2748469739,0.6858256748,0.7019931269
36,1,1,1,1,1,0.4766900233,0.6117919836,0.6662508067,0.3607675316,0.5020131286,0.4612034846,0.3454743271,0.2884156416,0.6349487422,0.2366180766,0.7045217422,0.4062599427,0.3125933434,0.3654347745,0.2750239375,0.6866155754,0.7041985169
36.5,1,1,1,1,1,0.4766950814,0.6117438472,0.6666402592,0.3608224194,0.5017679772,0.4612044476,0.3455434906,0.2884089795,0.6356728314,0.2366512151,0.706277422,0.4062081414,0.3123952112,0.3654649349,0.2750356691,0.6870903247,0.7063199291
37,1,1,1,1,1,0.4767408126,0.6117198165,0.6667157995,0.3608230805,0.5016415464,0.4612530295,0.3455464935,0.2885325877,0.636512058,0.2363643518,0.7080074654,0.4063165873,0.3123398968,0.3656822836,0.2750469778,0.687763408,0.7084533588
37.5,1,1,1,1,1,0.4765230601,0.6114435983,0.6667484651,0.3607756792,0.5019354959,0.4614046,0.3456379,0.2886526363,0.637132885,0.2366974514,0.709845014,0.406245273,0.3123379339,0.3656903181,0.2752504513,0.6884765311,0.7104685532
38,1,1,1,1,1,0.4765884254,0.6115447172,0.6668076377,0.3608650366,0.5019305877,0.4613385563,0.3457612376,0.2886556116,0.6377834559,0.2366525827,0.7114839642,0.4063951539,0.3123139497,0.365721092,0.2752198349,0.6890523766,0.7124524985
38.5,1,1,1,1,1,0.4765969198,0.6114081526,0.6669125787,0.3609136475,0.5018257137,0.4614727459,0.3457912237,0.2886947939,0.6383905449,0.2366972977,0.7132451267,0.4065169972,0.3123106089,0.3658026087,0.2754151452,0.6893842095,0.7142965578
39,1,1,1,1,1,0.4766121932,0.6113544973,0.6667634652,0.3608425752,0.5018592781,0.4616606425,0.3454304033,0.2887125969,0.6388856326,0.2367068052,0.7149060308,0.4063976179,0.312159938,0.365664086,0.2754456445,0.6900108537,0.7161383383
39.5,1,1,1,1,1,0.476661861,0.6115148313,0.666815485,0.3609677455,0.5019358864,0.4617000454,0.3454447783,0.2886399725,0.6393703747,0.2367519779,0.7163202045,0.406327932,0.3121873544,0.3655756178,0.275663162,0.6903606983,0.7176814802
40,1,1,1,1,1,0.4767309334,0.6115418116,0.6668614695,0.3609029935,0.5019773172,0.4618068013,0.3453467347,0.2887411129,0.640016128,0.2367883474,0.7179311384,0.4060780529,0.3121207615,0.3655480301,0.2757687846,0.690979307,0.7193022232
40.5,1,1,1,1,1,0.4766188314,0.6114587836,0.6666856867,0.3612380684,0.5022659063,0.4619500409,0.3454154906,0.2888116555,0.6406862218,0.2369740839,0.7193175756,0.4061248979,0.3121168337,0.3655083447,0.2756382649,0.6914848288,0.7207920755
41,1,1,1,1,1,0.4766763789,0.611461399,0.6667801572,0.3611189498,0.5024744919,0.4618988807,0.3454144714,0.2887628277,0.6414321001,0.2370543697,0.7206760901,0.4063703832,0.312220509,0.36544115,0.2755426074,0.6919198327,0.7222771235
41.5,1,1,1,1,1,0.4768320584,0.6114165903,0.6667684946,0.3612964493,0.5024040595,0.4617204295,0.34545925,0.2885002743,0.6416816516,0.2371660568,0.7220020421,0.4064064686,0.3121831015,0.3655209095,0.2755659534,0.6923036648,0.7236356114
42,1,1,1,1,1,0.4767836317,0.6113866321,0.6664683368,0.3612657475,0.5022972454,0.4616636511,0.3456334427,0.2886880449,0.6421252248,0.2370477784,0.723173625,0.4063852389,0.3122196731,0.3654980527,0.2756425845,0.6926294086,0.724975272
42.5,1,1,1,1,1,0.4767481636,0.6113776773,0.6663654149,0.3611829085,0.5021412892,0.4617595653,0.3456122218,0.2888577037,0.6426458184,0.2371073477,0.724327399,0.4063347472,0.3121216592,0.3654926939,0.2756879251,0.6929293824,0.726382158
43,1,1,1,1,1,0.4766810557,0.6114826798,0.6666524903,0.3613118906,0.5022330546,0.4616546016,0.3455528131,0.2887360097,0.6428604129,0.2370575239,0.7255447349,0.4062240026,0.3121203256,0.3652992732,0.2757155497,0.6931783217,0.7276691114
43.5,1,1,1,1,1,0.4764266815,0.6115806294,0.666488929,0.3612495462,0.5021391524,0.4617555062,0.3455010705,0.2886447244,0.6433725861,0.2371906358,0.7265495764,0.4063726597,0.3120754089,0.3653531175,0.2756830359,0.6934900051,0.7289358264
44,1,1,1,1,1,0.4767010147,0.611521071,0.6662744512,0.3612704487,0.5019483244,0.4616099947,0.3453902914,0.2887430613,0.6437370775,0.2374048014,0.7276125638,0.4063118746,0.3121188262,0.3654688879,0.2756051198,0.6937326185,0.7300373309
44.5,1,1,1,1,1,0.4766664416,0.6113796534,0.6663899478,0.3613180275,0.5022016964,0.4615803137,0.3453524987,0.2886886626,0.6440274296,0.2374228805,0.7287512672,0.4062439998,0.3121193637,0.3654243317,0.2755985869,0.6939597231,0.7311713695
45,1,1,1,1,1,0.4766585749,0.6113896873,0.6666141329,0.3612454846,0.5021330585,0.4614157956,0.3454337225,0.2886270677,0.6443857674,0.2373127273,0.7298509336,0.4062936392,0.3121949022,0.3655162633,0.2757269314,0.6942291967,0.7322634232
45.5,1,1,1,1,1,0.4766635684,0.6113981764,0.6666165894,0.3611688383,0.5020323575,0.461220632,0.3452790085,0.2885317302,0.6447718314,0.2371946781,0.730845946,0.4064998866,0.3121391854,0.3656414636,0.2757744672,0.694250407,0.7335018344
46,1,1,1,1,1,0.4768052074,0.6113810971,0.6662174219,0.3610947854,0.5020377638,0.4613511645,0.3449517149,0.2883597233,0.6449453337,0.2371917985,0.7318105443,0.406526461,0.312148346,0.3656719545,0.2756176093,0.6944168092,0.7345998176
46.5,1,1,1,1,1,0.4769166558,0.6114994136,0.6664449511,0.3610151418,0.5020802242,0.4612182565,0.3450525423,0.2885106063,0.6451363382,0.2370664136,0.7327443583,0.4067585045,0.3121807836,0.3656413534,0.2756804449,0.6945826556,0.7355700008
47,1,1,1,1,1,0.4769663908,0.6115065341,0.6665052258,0.360968018,0.5022469338,0.461111444,0.3452714491,0.2884799011,0.6455414942,0.2372946273,0.7336158121,0.4065364639,0.3122697883,0.3656073149,0.2757546062,0.6947517615,0.7364356947
47.5,1,1,1,1,1,0.4768409638,0.6115601041,0.6665472326,0.361049321,0.5021042817,0.4612222603,0.345067532,0.2882168557,0.6457223653,0.2372281053,0.7344728283,0.406499845,0.3124532946,0.3657287382,0.2757418371,0.6949320381,0.7374381394
48,1,1,1,1,1,0.4766361175,0.6117510502,0.6665179451,0.3610016335,0.5019662957,0.4613063902,0.3451270873,0.2883123087,0.6461584229,0.2370704744,0.7352324772,0.4066574785,0.3123542011,0.365518712,0.2755650534,0.6950168807,0.7383821792
48.5,1,1,1,1,1,0.4767310544,0.6116341107,0.6666364287,0.3610016609,0.5018657492,0.4613781358,0.3454601774,0.2882179121,0.6464319214,0.2370842111,0.7359821872,0.4066460552,0.31229979,0.3655560816,0.275352816,0.6952608015,0.7392637895
49,1,1,1,1,1,0.4767847939,0.6114684719,0.6663726496,0.3611425116,0.5018991227,0.46143176,0.345501401,0.2882413715,0.6465983932,0.2371243169,0.7367543468,0.4065951497,0.3123707742,0.3655280996,0.2754982578,0.6951898527,0.739958138
49.5,1,1,1,1,1,0.4766818788,0.6116599705,0.6665634939,0.3612065835,0.5021016818,0.4613908511,0.3454114941,0.288388845,0.646791093,0.237119625,0.7374841924,0.4066880141,0.3125993161,0.3656005265,0.2755074885,0.6953817594,0.740755111
50,1,1,1,1,1,0.4766681672,0.6116573227,0.6665375055,0.3610579648,0.5022344719,0.4610915823,0.3452150375,0.2883351923,0.6469199738,0.2369480739,0.7381168392,0.4064788736,0.3127156455,0.3655177982,0.2755289109,0.6955778418,0.7414790768
50.5,1,1,1,1,1,0.4767625501,0.6114435608,0.6664338572,0.3612274294,0.5024081133,0.4612231931,0.3454431979,0.2885517211,0.6473606552,0.2369031649,0.738737751,0.4063922076,0.3126760554,0.3654300267,0.2753430317,0.6957585969,0.7422113711
51,1,1,1,1,1,0.4768710379,0.6115817969,0.6665275186,0.3616264274,0.5022872929,0.4613293806,0.3453439998,0.2885457998,0.6474067592,0.2368192128,0.739417236,0.4063039825,0.3125323702,0.3653294999,0.2753313112,0.6959081807,0.7428455751
51.5,1,1,1,1,1,0.476881795,0.6114544149,0.6665151544,0.3615276208,0.5023147343,0.4614141287,0.3450775833,0.2885116925,0.6476973334,0.2366985816,0.7401098431,0.406407619,0.3126097944,0.3654248868,0.2752808163,0.696010716,0.7433433306
52,1,1,1,1,1,0.4769487853,0.6113694987,0.6665113983,0.3616034648,0.502391901,0.4616429453,0.3450147348,0.2885602856,0.6478744633,0.2367415723,0.740853053,0.4065523444,0.312601274,0.3653686393,0.2754149998,0.6959041209,0.7441540107
52.5,1,1,1,1,1,0.4768198664,0.6113629233,0.6665819577,0.36144796,0.5024806396,0.4618451988,0.3451130442,0.288471651,0.6481570874,0.2367845936,0.7413625727,0.4063128665,0.3125462944,0.3653526673,0.2754277739,0.6960999238,0.7447748229
53,1,1,1,1,1,0.4765710079,0.6116331197,0.6665958711,0.361452501,0.5024957936,0.4619047575,0.3452577858,0.2884784556,0.6483111706,0.2368856955,0.7419845139,0.4065296922,0.312486013,0.3652469642,0.2754363832,0.6960586681,0.7454383673
53.5,1,1,1,1,1,0.4765290244,0.6115935489,0.6666070006,0.3615026938,0.502654587,0.4621555268,0.3452926703,0.288547375,0.6484100615,0.2369328126,0.7424503298,0.4066171437,0.3124243544,0.3653056502,0.2753837509,0.6963431886,0.7460207127
54,1,1,1,1,1,0.4762914697,0.6115009321,0.6664381007,0.3612769261,0.5026375276,0.4620835542,0.3454801676,0.288631208,0.648610503,0.2369597001,0.7429773931,0.4065118413,0.3123694022,0.3651940688,0.2754429038,0.6964411185,0.7465512705
54.5,1,1,1,1,1,0.4763547113,0.6114126618,0.6665051774,0.3613784799,0.5025720523,0.4621128844,0.3455367465,0.2885145184,0.6486349325,0.2371258577,0.7434514394,0.4065090394,0.3122749806,0.3650599925,0.275461263,0.696398482,0.7470579476
55,1,1,1,1,1,0.4762178951,0.6117490328,0.6665242323,0.3614149414,0.502474911,0.4620752633,0.345581705,0.28854582,0.6487859954,0.2371794341,0.7440750716,0.406239145,0.3124038075,0.3648374894,0.27539658,0.6965854436,0.747475216
55.5,1,1,1,1,1,0.4764305066,0.6119090004,0.6664822109,0.3612663544,0.502376271,0.4620811115,0.3455842997,0.2885658397,0.6490580502,0.237293178,0.7445203821,0.4064152344,0.3124555061,0.3648778014,0.2754008323,0.6966896407,0.7480444111
56,1,1,1,1,1,0.4765310115,0.6114843506,0.6665445576,0.3611320382,0.5022990845,0.462148237,0.3454837466,0.2889256932,0.6492521136,0.2371699001,0.7449346343,0.4063061847,0.3124069215,0.3651084037,0.2755164452,0.6967239549,0.7486822761
56.5,1,1,1,1,1,0.4764825557,0.6115349357,0.6666592866,0.361323637,0.5025945515,0.4623019846,0.3455080778,0.2889249578,0.6492053293,0.237315366,0.7455666085,0.4064861265,0.3124521878,0.3650353002,0.2756461605,0.696702383,0.7491493757
57,1,1,1,1,1,0.476547666,0.6114482126,0.6665552987,0.3611937291,0.5024839699,0.4622429033,0.3454965688,0.2887581608,0.6494305572,0.2373329436,0.7458998265,0.4065607793,0.3124077944,0.3649908635,0.2755578132,0.6965715008,0.7494834067
57.5,1,1,1,1,1,0.4766450848,0.6112769408,0.666368165,0.3611614047,0.5023760523,0.4620068912,0.3455029089,0.2888082774,0.6494863885,0.237234159,0.7464437863,0.4066333887,0.3124997166,0.3648887086,0.2754709429,0.6965634802,0.7499591815
58,1,1,1,1,1,0.4765475682,0.6114398226,0.6664920901,0.3610278671,0.5022359702,0.4619901001,0.3456131486,0.2888295411,0.6495048817,0.2371463155,0.7468187615,0.4063911831,0.312524859,0.3650609499,0.2753691788,0.6968943558,0.7502857977
58.5,1,1,1,1,1,0.4765398935,0.6115315846,0.6662390952,0.3610469387,0.5020285656,0.4620673599,0.3456034749,0.2888471297,0.6497953801,0.2371864197,0.7473848889,0.4063733882,0.312630937,0.3650207342,0.2753653257,0.6970257153,0.7510102455
59,1,1,1,1,1,0.4767264322,0.6117388092,0.6663717083,0.3608340473,0.5020461394,0.462052695,0.3456361603,0.2890062652,0.6498985512,0.2371439155,0.7478626102,0.4064044691,0.3128044967,0.3650771149,0.2753587672,0.6972405257,0.7514585751
59.5,1,1,1,1,1,0.4767304557,0.6119148066,0.6662978367,0.3608556001,0.5022045475,0.4618602339,0.3456232274,0.2888539698,0.6501134357,0.2371622572,0.74810817,0.4063136026,0.3126289795,0.3649753417,0.2752466698,0.6973512344,0.7519312049
60,1,1,1,1,1,0.4767937805,0.6118659348,0.6663054697,0.3609806738,0.502175715,0.4616697779,0.3454586088,0.2888308492,0.6503591538,0.2370042931,0.748502188,0.4061988575,0.3126827509,0.3652359622,0.2753390506,0.6975548924,0.7523363721
60.5,1,1,1,1,1,0.4769573809,0.6115846365,0.6665593722,0.3611815779,0.5022673746,0.4617365713,0.3453373654,0.2886539049,0.6505855327,0.2369770087,0.7489105532,0.4064686128,0.3127299354,0.3652691357,0.2754841838,0.6975674053,0.752722828
61,1,1,1,1,1,0.4770460863,0.6115873789,0.6666512083,0.3612427192,0.5023905841,0.4616219954,0.3452543525,0.2887096028,0.6505071181,0.2369706349,0.7492682749,0.4066428266,0.3128344974,0.3651609488,0.2757285598,0.69770882,0.7531070488
61.5,1,1,1,1,1,0.476804606,0.6114615455,0.6666911649,0.3611261854,0.5022177191,0.4613736758,0.3451929071,0.2886141769,0.6503750906,0.2369987779,0.7496738378,0.406611255,0.3128331324,0.3652854337,0.2755756955,0.6977640713,0.7534754706
62,1,1,1,1,1,0.4767891927,0.6113784948,0.6665558198,0.3611038265,0.5022420336,0.4613093542,0.3453028634,0.288531047,0.6505098806,0.2369732174,0.7500123047,0.4067775247,0.3128785614,0.365269865,0.275685574,0.6975897328,0.7539347408
62.5,1,1,1,1,1,0.4768219126,0.6113994099,0.6665149742,0.3611663142,0.5020106838,0.4613413878,0.3454953159,0.2884325745,0.6503087141,0.2371749696,0.7503751399,0.406776378,0.312606673,0.3653243742,0.2758031895,0.6977201212,0.7543958885
63,1,1,1,1,1,0.4765716601,0.6116499372,0.6666038061,0.3613094788,0.5020809661,0.461428217,0.3454477773,0.2885527666,0.6502773029,0.2373101472,0.7509749201,0.406514478,0.3123803669,0.3654227308,0.2758228122,0.6978368803,0.7546783367
63.5,1,1,1,1,1,0.4765139534,0.6115877895,0.6667151073,0.3613947906,0.5019965584,0.4615254985,0.3456117076,0.2885426492,0.6502273361,0.2374621248,0.7511420437,0.4065481435,0.3124271402,0.3656922795,0.2757878446,0.6979809914,0.7551162907
64,1,1,1,1,1,0.4764766833,0.6118037409,0.6667252519,0.3613635885,0.5019446422,0.4617522272,0.3455388673,0.2885571068,0.6503172791,0.237515554,0.751481764,0.4065173218,0.3123208063,0.3656684622,0.2757289115,0.6980686455,0.7554086204
64.5,1,1,1,1,1,0.476597724,0.6117196085,0.6668761485,0.3613116653,0.5019069574,0.4617075539,0.3456214341,0.2884669294,0.6503416695,0.2373516693,0.7518027743,0.4064301695,0.3123791559,0.3655435961,0.2757186166,0.6981311862,0.7557924017
65,1,1,1,1,1,0.4767052303,0.6116042161,0.6668183642,0.3613474654,0.5019991392,0.4618771548,0.3457478159,0.2884116411,0.6502687764,0.2372006447,0.7519648953,0.4064459111,0.3124482951,0.3653200463,0.2756220549,0.6981170177,0.7561929546
65.5,1,1,1,1,1,0.476710691,0.6116066082,0.666708617,0.361486718,0.502144054,0.4617770739,0.3455873284,0.2882495725,0.6502490747,0.2371503136,0.7523264847,0.4065782835,0.3124665018,0.3652459084,0.27549946,0.6982220343,0.756536112
66,1,1,1,1,1,0.4766452537,0.611548252,0.6665955371,0.3612752258,0.5021937703,0.4617289919,0.3456243475,0.2884201526,0.650308603,0.2371483949,0.7526485836,0.4064707018,0.3124511638,0.3651175035,0.275598209,0.6981190705,0.7568412418
66.5,1,1,1,1,1,0.4764836371,0.6115894705,0.6665974138,0.3613877499,0.5021346823,0.4618513114,0.3454284665,0.2884185318,0.6503932219,0.2371135298,0.7530025366,0.4066574161,0.3125733731,0.3651101225,0.2755528691,0.6981721064,0.7570731137
67,1,1,1,1,1,0.4765682005,0.6114307164,0.6664348366,0.3616246284,0.5020138,0.4617738837,0.3455222664,0.2883336277,0.650420767,0.2373038126,0.753310005,0.4066410165,0.3125816377,0.3651123601,0.2755190697,0.6982769688,0.7574356951
67.5,1,1,1,1,1,0.4765448027,0.6115292826,0.6663612221,0.3616753729,0.5020222926,0.4616590986,0.3455966529,0.2884840789,0.6504861038,0.2373328016,0.7536778718,0.4064311084,0.3126546384,0.3652389008,0.2756115402,0.6981612835,0.7577484756
68,1,1,1,1,1,0.4768157598,0.6116365287,0.6662906189,0.361510967,0.5020799427,0.4615808515,0.3454560084,0.2885709949,0.6507495724,0.2373183244,0.7539129015,0.4067256752,0.3126150183,0.3652407522,0.275672258,0.6982646181,0.7580629469
68.5,1,1,1,1,1,0.4766874178,0.6116782825,0.6665264193,0.3615060569,0.5021279597,0.4616938517,0.3453846577,0.2886645309,0.6507670862,0.2371695588,0.7540581181,0.4064129924,0.3127234286,0.3652786789,0.2756060412,0.6983789957,0.7584172378
69,1,1,1,1,1,0.4766044487,0.6115716984,0.6665171613,0.3614827828,0.5020448845,0.461774481,0.3453465056,0.2885592379,0.6506006065,0.2373372679,0.7541597786,0.4064168653,0.312687957,0.3652437476,0.2755597257,0.6983813279,0.7586253572
69.5,1,1,1,1,1,0.4765774165,0.611557825,0.666559135,0.3614511493,0.5021997003,0.4617696396,0.3454921298,0.2886087505,0.6505789125,0.237421567,0.7543371046,0.4064067126,0.3127538821,0.3654994065,0.275586626,0.6986318329,0.7589269152
70,1,1,1,1,1,0.4767224871,0.6115702121,0.6668198248,0.3614324415,0.5022712892,0.4616562917,0.3454481871,0.2887007605,0.650583571,0.2372839181,0.7546743434,0.4066011749,0.3126817426,0.3655438774,0.2755260332,0.6986425513,0.7591689714
70.5,1,1,1,1,1,0.4767890635,0.61169356,0.6668655885,0.3613277294,0.5023621332,0.4615562567,0.3453767624,0.2886626918,0.6507643113,0.2373232823,0.7549027349,0.4066871648,0.3126886069,0.3655382955,0.2755652561,0.6985861532,0.7593217257
71,1,1,1,1,1,0.4769668468,0.6115801154,0.6668959033,0.3614643038,0.5023405182,0.4615352543,0.3455504363,0.2885192776,0.6507742949,0.2372234126,0.7550839885,0.4066160939,0.3127206621,0.3654942126,0.2756036285,0.6983020381,0.7593512956
71.5,1,1,1,1,1,0.4767508195,0.6114837533,0.6668892114,0.3616161128,0.5021483635,0.4616596707,0.3456039675,0.2885693969,0.6507455486,0.2372412574,0.7553332661,0.4067029237,0.3126492435,0.3655598403,0.2756793897,0.6980568185,0.7596948592
72,1,1,1,1,1,0.4765966351,0.6116969396,0.6668310448,0.3616683287,0.5021793162,0.4617600977,0.3456528648,0.288704225,0.6505891064,0.2372708206,0.7554247514,0.4066855305,0.3125832835,0.3654461942,0.2754863357,0.6979972108,0.7599787415
72.5,1,1,1,1,1,0.4766411022,0.6117723852,0.666428456,0.3615909204,0.502226399,0.4617932636,0.3454795372,0.2886800183,0.6506963261,0.2372282388,0.7557156479,0.4065926557,0.3125728013,0.3653633633,0.2752728612,0.6977795069,0.7602418243
73,1,1,1,1,1,0.4765540083,0.6115986781,0.6662164989,0.3614994793,0.5022072012,0.4619138104,0.3455252378,0.288806177,0.6507482172,0.2371491565,0.7558230068,0.4066839657,0.3126859979,0.3655169441,0.2754839225,0.6976994397,0.7604256798
73.5,1,1,1,1,1,0.476825838,0.6115685621,0.6664371067,0.3614494007,0.5021844609,0.4618643325,0.3456251435,0.2887857323,0.6506678045,0.2370989311,0.7560418912,0.4067289595,0.3125607655,0.3654655373,0.2753138471,0.6978099007,0.7607479094
74,1,1,1,1,1,0.4770019802,0.6116508815,0.6664319473,0.3612191867,0.5020542801,0.4619108277,0.345502139,0.2887066792,0.650845818,0.237147795,0.756340961,0.4068729256,0.3126154824,0.3655748696,0.2754772798,0.6981046508,0.7610683625
74.5,1,1,1,1,1,0.4770134803,0.6115118471,0.6665901807,0.3612152527,0.5023336163,0.4620495329,0.3455184945,0.2886184671,0.6509683914,0.2371952362,0.7562235626,0.4068380979,0.3126109704,0.3654751433,0.2756322831,0.6981508376,0.7611943377
75,1,1,1,1,1,0.4769421179,0.6115715989,0.6666525242,0.3612218812,0.5022292447,0.4620733028,0.345577652,0.2886268376,0.6506384024,0.2372118215,0.7564051012,0.4067084028,0.3126089899,0.3656489532,0.2756084349,0.6980889042,0.7613955519
75.5,1,1,1,1,1,0.4767971471,0.6116482625,0.6664944223,0.3614431727,0.5022443376,0.4620537872,0.3457255333,0.2884835064,0.6507345205,0.2372492946,0.7564451344,0.4066493967,0.3125528962,0.3655066612,0.2757037154,0.6981451317,0.7615098258
76,1,1,1,1,1,0.4767039104,0.6115067503,0.6664709286,0.3614802702,0.5023203453,0.4619540803,0.3455260263,0.2884958149,0.6506393069,0.237262606,0.7564984718,0.4068006112,0.3125520819,0.3654588672,0.2754202482,0.6981412612,0.761802274
76.5,1,1,1,1,1,0.476775572,0.61143941,0.6665148943,0.3614653517,0.5021683985,0.4619013149,0.3453872469,0.2885891985,0.6506851654,0.2372640847,0.7566830095,0.4066444024,0.3125501622,0.365536058,0.275586657,0.6980090017,0.7619742698
77,1,1,1,1,1,0.4769959932,0.6114553412,0.6664801341,0.3613685936,0.5022932756,0.4617162732,0.3453792114,0.2886998741,0.6505872953,0.2374136309,0.7567744833,0.4066085471,0.3125056125,0.3656305197,0.2755774067,0.6981565638,0.7620871816
77.5,1,1,1,1,1,0.477030808,0.6115176601,0.6665996683,0.3613602059,0.5023694199,0.4617006425,0.3452051631,0.288648696,0.6507270909,0.237427922,0.7569885408,0.406571325,0.3124269424,0.3654758335,0.2756129079,0.6980519193,0.7623465192
78,1,1,1,1,1,0.4768112864,0.6113266814,0.6665526967,0.3614290836,0.5023343495,0.4615850041,0.3452037835,0.2887339746,0.6508343069,0.237419402,0.7571500364,0.4066570647,0.3123922057,0.3654004305,0.2755884694,0.6980055471,0.7625640851
78.5,1,1,1,1,1,0.4768270396,0.6112065589,0.6663591254,0.3614764463,0.5022623261,0.4613768785,0.3452666757,0.2888498066,0.6507800651,0.2372660807,0.75746973,0.4065872832,0.3125414825,0.3653461649,0.2756284016,0.6981321703,0.7625807444
79,1,1,1,1,1,0.4766043616,0.611320228,0.6665718295,0.3612561306,0.5021462558,0.4616014278,0.3454271963,0.2887928406,0.6507789987,0.2373169757,0.7575177035,0.406575533,0.3124114265,0.3652741623,0.275554731,0.6982539462,0.7626263055
79.5,1,1,1,1,1,0.4764658597,0.6113947316,0.6665403264,0.361242722,0.5022723523,0.4617302833,0.3453291862,0.2888595024,0.6509194808,0.2373518906,0.7575940304,0.4064879927,0.3121626853,0.3653686391,0.2755058292,0.6983066438,0.7626944899
80,1,1,1,1,1,0.4765864064,0.6115364933,0.6664526557,0.361343578,0.5022490412,0.4619486176,0.3453072715,0.2885977208,0.6511001928,0.2373451273,0.7576164187,0.4064595366,0.3123016908,0.3653535362,0.2753656448,0.6984492137,0.7629850709
80.5,1,1,1,1,1,0.4766869511,0.6116884701,0.6665631345,0.3615060573,0.5023191592,0.4619415413,0.3454377543,0.288762353,0.6509294315,0.2373921381,0.7576052177,0.4064746641,0.3124784572,0.3654808656,0.2754468528,0.698570153,0.7630892376
81,1,1,1,1,1,0.4766223795,0.6115100622,0.6666231034,0.3615593588,0.5025172155,0.4618365347,0.3455786158,0.2887453786,0.6509290789,0.237343928,0.7578303045,0.4066456831,0.3126537838,0.3655488333,0.2754873743,0.6986061093,0.7632997416
81.5,1,1,1,1,1,0.4764024132,0.6113153987,0.6665588321,0.3617948555,0.5024550291,0.4620878712,0.3454619736,0.2886455806,0.6508339991,0.2372316042,0.7580347836,0.4064278033,0.3125401226,0.3657095969,0.2754283074,0.6985849067,0.7632647744
82,1,1,1,1,1,0.4764682714,0.6116024667,0.6664032688,0.361812188,0.5021788079,0.4616892239,0.3452739574,0.2885665178,0.6509322706,0.2372619237,0.7581595105,0.4064925858,0.3125502217,0.3658479511,0.2756894922,0.6985664445,0.7635836432
82.5,1,1,1,1,1,0.4766481304,0.6114938861,0.6663339707,0.3618100347,0.5021712685,0.4616831508,0.3454272229,0.2884424547,0.6510431156,0.2372321951,0.7583085638,0.4064450502,0.312669158,0.3657628462,0.2757029095,0.6985360401,0.7638584551
83,1,1,1,1,1,0.4766365568,0.61153347,0.6663994745,0.3616211086,0.5022012296,0.4617880984,0.3455637046,0.2885856558,0.6509248297,0.2373127871,0.7583510792,0.4063544205,0.3126202632,0.3656523523,0.2758647924,0.698340846,0.7639165899
83.5,1,1,1,1,1,0.4766799064,0.611549067,0.6664218396,0.3614692753,0.5020720139,0.4618149506,0.3455624868,0.2886792283,0.6510219748,0.2372674768,0.7584421714,0.4063467508,0.3124907283,0.365399222,0.2759060088,0.6983188215,0.7641855729
84,1,1,1,1,1,0.4766693139,0.6116810654,0.6663224649,0.3613661113,0.5021081237,0.4616304048,0.3456083851,0.2885375018,0.6510660848,0.2370886619,0.7584161323,0.4065224656,0.3123272612,0.3652330289,0.2758446541,0.6984165984,0.7643188745
84.5,1,1,1,1,1,0.47647767,0.6118644934,0.6662508607,0.3615093363,0.5023359436,0.4616315733,0.3455736289,0.2884643756,0.6509687069,0.2371773579,0.7585582044,0.4068343348,0.3121823285,0.3651207251,0.2757104981,0.6984516586,0.7645460678
85,1,1,1,1,1,0.4766160017,0.6118684451,0.666358584,0.3613048719,0.5022234237,0.4617193506,0.3455457287,0.2884295593,0.6510376273,0.2371545163,0.7585086306,0.4066821769,0.3122763071,0.3649981267,0.2756299116,0.6985814823,0.7647080086
85.5,1,1,1,1,1,0.4765253833,0.6119648037,0.6663729769,0.3610846364,0.5024388048,0.4616927541,0.3454645326,0.2884265886,0.6511863315,0.2371702486,0.7585699385,0.4066989421,0.3123860558,0.3651772273,0.275643589,0.6984135531,0.7648276761
86,1,1,1,1,1,0.4762716696,0.6119705158,0.6664215166,0.3611888548,0.5022294766,0.4617584298,0.3455197702,0.288350901,0.65122406,0.2371927538,0.7586093269,0.4068181587,0.3121972401,0.3652203126,0.2756258191,0.6983220391,0.7647320938
86.5,1,1,1,1,1,0.4763744185,0.6118244944,0.6664423849,0.3612733433,0.5022691151,0.4617872579,0.3454315359,0.2883204842,0.6512017646,0.2370980035,0.7585633361,0.4068017494,0.3122783104,0.3652552616,0.2754761097,0.6983276439,0.7649074141
87,1,1,1,1,1,0.476557625,0.611703558,0.6664585618,0.3613035594,0.5020370038,0.4620815343,0.3454351743,0.2883329987,0.6510092892,0.2371971302,0.758567674,0.4067376058,0.3123045157,0.365205323,0.2756000332,0.6981250866,0.7650649549
87.5,1,1,1,1,1,0.4767602472,0.6117498719,0.6665372615,0.3614603579,0.5019564221,0.4618060187,0.345518679,0.2884403959,0.6510196763,0.2371102988,0.7587499069,0.4066682712,0.3122148782,0.365260741,0.2755321755,0.6982533033,0.7652141584
88,1,1,1,1,1,0.476758269,0.6118021856,0.6664155484,0.3615640676,0.5021073157,0.4617055845,0.3454502222,0.2883305688,0.6512157052,0.2368570507,0.7588058567,0.4066201588,0.3122108533,0.3651039433,0.2754052308,0.6981682143,0.7653287167
88.5,1,1,1,1,1,0.4767649415,0.6118061939,0.6662163258,0.3615778108,0.5019385145,0.4616879569,0.3452813569,0.2882350222,0.6513452664,0.2368136148,0.7587438342,0.4064516428,0.3122835331,0.3649744622,0.2752790914,0.6981341403,0.7655078962
89,1,1,1,1,1,0.4766386815,0.6116664718,0.6662715739,0.3615339873,0.5018583313,0.4616956151,0.3451968216,0.2882116298,0.6513944628,0.2368929474,0.758737063,0.4061496916,0.3121183089,0.3650365093,0.2751894366,0.698242646,0.7655864949
89.5,1,1,1,1,1,0.4766132996,0.6116127324,0.6664039871,0.3612264955,0.5017445463,0.4617053774,0.345290528,0.2883923217,0.6515460959,0.2368902039,0.758779349,0.4061749866,0.3121429491,0.3649227022,0.2750844217,0.6981786858,0.765766816
90,1,1,1,1,1,0.4767583785,0.6115845895,0.666371782,0.3612543501,0.5017508725,0.4617106183,0.3454056367,0.2883381797,0.6515216553,0.2372074783,0.7589334926,0.4064176503,0.3122746008,0.3649670567,0.2750095345,0.6982720666,0.7657783185
90.5,1,1,1,1,1,0.4767088438,0.6115557919,0.6661605151,0.3613608365,0.5018699667,0.4616449925,0.3454711021,0.2882129959,0.6514420938,0.236991601,0.7589977824,0.4063414105,0.3122665083,0.365214574,0.2750981326,0.6983426857,0.7657811869
91,1,1,1,1,1,0.4765170824,0.6115816612,0.6661501624,0.3612997058,0.5017716074,0.4616242948,0.3456330698,0.2883127457,0.6515116597,0.2370306858,0.7592076302,0.4063889667,0.3123276998,0.3651547113,0.275245814,0.6984462218,0.7659594446
91.5,1,1,1,1,1,0.4764740487,0.6115005838,0.6663813255,0.3613176175,0.5018803099,0.4616060187,0.3456624888,0.2882281323,0.6513732005,0.2371126411,0.7593044488,0.4065504864,0.3121812886,0.3651609069,0.2752697048,0.6984159979,0.7660794585
92,1,1,1,1,1,0.4764110338,0.6115354714,0.6663329284,0.3612277239,0.5017845817,0.4616151838,0.3456563671,0.2883188961,0.6513804664,0.2369877155,0.759345458,0.4068531348,0.312279521,0.3650970526,0.2753648642,0.6984303327,0.7662800244
92.5,1,1,1,1,1,0.4766003975,0.611579951,0.666391875,0.361161071,0.5016605004,0.4616505793,0.3456460327,0.2881892907,0.6515875974,0.2368441141,0.7594119899,0.4068298527,0.3122513273,0.3651572042,0.2753969496,0.6985380968,0.7663084769
93,1,1,1,1,1,0.4766096397,0.6117289619,0.6665883901,0.3612765577,0.5015377085,0.4616818735,0.3456580327,0.2881956392,0.6513953348,0.2369715086,0.7595653155,0.4066258183,0.3122956829,0.3649847741,0.2752413298,0.6985970319,0.7663063618
93.5,1,1,1,1,1,0.4768617622,0.6117455752,0.6665340056,0.3612785158,0.5016556721,0.4615975428,0.3455062452,0.2883962013,0.6513217275,0.2368763361,0.7595364014,0.4068342907,0.3122871163,0.3652873624,0.275209706,0.6983955569,0.7664560294
94,1,1,1,1,1,0.4768964023,0.6114614021,0.6666486282,0.3611923045,0.5015756396,0.4615744323,0.3453669992,0.2883615424,0.6512864855,0.2367868228,0.7595737312,0.4067906218,0.3123755302,0.3653272987,0.2752768375,0.6983044711,0.7664655625
94.5,1,1,1,1,1,0.4769148585,0.611327458,0.6666094335,0.3611606693,0.5017087906,0.4615327026,0.3455433543,0.2884972556,0.6513170536,0.2367711608,0.7597044407,0.4066811766,0.3126219819,0.3650067081,0.2752747836,0.6982701674,0.7665221942
95,1,1,1,1,1,0.4768508865,0.6115648325,0.6663940799,0.3613260876,0.5019102601,0.4617214518,0.3455656221,0.2887899294,0.6512487875,0.2367101671,0.7598652935,0.4066329824,0.3126290315,0.3648863127,0.2751254521,0.6981797941,0.7666032965
95.5,1,1,1,1,1,0.4767854015,0.6115968563,0.6663439234,0.3612296548,0.5017320011,0.4615731948,0.345623357,0.2886588318,0.651168194,0.236852751,0.7599407913,0.4064492396,0.3123570673,0.3650890156,0.2752607183,0.6981999396,0.7666550511
96,1,1,1,1,1,0.4767638849,0.6115544394,0.6663041239,0.3611819069,0.5018058376,0.4615554996,0.3455097299,0.2884459221,0.6510918803,0.2368276125,0.759940491,0.4061135475,0.3122275253,0.36513951,0.2754651424,0.6980114983,0.7666660781
96.5,1,1,1,1,1,0.4768029805,0.6115644998,0.6662281123,0.3611758316,0.5018874763,0.4616256138,0.3454186547,0.2884405376,0.6510014838,0.2367789781,0.7599471138,0.4060311686,0.3122410853,0.3651195538,0.275448178,0.6981469198,0.7667916504
97,1,1,1,1,1,0.4769412753,0.6115994543,0.6663374824,0.3612971246,0.5019284386,0.4616105148,0.3455869772,0.2885099922,0.6511246779,0.2367336972,0.7599893535,0.4060156528,0.3122290208,0.3650587114,0.2754196255,0.6979691151,0.766933329
97.5,1,1,1,1,1,0.4765907709,0.6114224266,0.6661706968,0.3612826658,0.5022467423,0.4617660529,0.345538929,0.2885231506,0.6511522203,0.2368147959,0.7599056311,0.4059950954,0.312246158,0.365080343,0.2753839031,0.6978127704,0.7670629397
98,1,1,1,1,1,0.4765111831,0.6113759838,0.6662580024,0.3613046858,0.5022356645,0.4616436859,0.3456715564,0.2886415242,0.6512316233,0.2368898434,0.7600663084,0.4059644955,0.3123261017,0.3652230575,0.2752232689,0.69785816,0.7670919253
98.5,1,1,1,1,1,0.4765729225,0.6115324169,0.6663204283,0.3612220875,0.5021488409,0.4615748207,0.3456486531,0.2886495011,0.6511563313,0.2370237856,0.7600972226,0.4062292329,0.3122803942,0.3653412788,0.2754671234,0.6979871683,0.7670543514
99,1,1,1,1,1,0.4764324982,0.6117624653,0.6663696677,0.3613132187,0.5022020588,0.4617710015,0.34558277,0.2887781813,0.6512309146,0.2369177896,0.7602086647,0.4062144228,0.3122233428,0.3651545086,0.2751910183,0.6981323858,0.7672046148
99.5,1,1,1,1,1,0.4763724979,0.6117007784,0.6664309432,0.3612625808,0.5020175568,0.461902154,0.3454120116,0.2885153616,0.6513221178,0.2368706322,0.7602934342,0.4062180532,0.3121726441,0.3652337893,0.2750259658,0.6979966592,0.7672011179
100,1,1,1,1,1,0.476517266,0.6114380742,0.6665864808,0.3612630597,0.5021660119,0.4616034159,0.3455898007,0.288553983,0.6513841226,0.236945302,0.7605207628,0.4063379533,0.3123501998,0.3651783316,0.2751377287,0.6981245296,0.7675705683
100.5,1,1,1,1,1,0.4766474568,0.6114558992,0.6665309497,0.3615752764,0.5021203783,0.4615193494,0.3455283062,0.2885416849,0.651449769,0.237059478,0.7607652294,0.4063993173,0.3125292703,0.365267843,0.2750977638,0.698394018,0.7675225819
101,1,1,1,1,1,0.4768385197,0.611340017,0.6665098615,0.3615070071,0.5020836886,0.4616913373,0.3455145023,0.2886485127,0.6515883612,0.236946469,0.7607907994,0.4064424426,0.3123714426,0.3654416067,0.2750194646,0.6984405296,0.7676204602
101.5,1,1,1,1,1,0.4769704083,0.6112200956,0.6665928978,0.3614281134,0.5021044706,0.461594816,0.3456656614,0.2885877492,0.6516004583,0.2369217515,0.7608922347,0.4065405907,0.3125941043,0.3654160789,0.2751077841,0.6985695145,0.7676128531
102,1,1,1,1,1,0.4769422923,0.6114146145,0.6667119395,0.361175184,0.5020986839,0.4616769976,0.3456860574,0.2885758098,0.6516563301,0.2366746837,0.7610808586,0.4063423327,0.3124930564,0.3654413529,0.2751908306,0.6985703396,0.7676642427
102.5,1,1,1,1,1,0.4768069777,0.6114188023,0.6664857259,0.3613542541,0.502127287,0.4614066049,0.3456202863,0.2885908221,0.6517709439,0.236806094,0.761170728,0.4064278013,0.3122854736,0.3652392476,0.2751894502,0.6987158329,0.7678792613
103,1,1,1,1,1,0.476753162,0.6115844036,0.6666736522,0.3613836386,0.5022147313,0.4611886299,0.3454275732,0.2888274238,0.6517422088,0.2370725454,0.7610932124,0.4062343204,0.3122238565,0.3653544498,0.2751689578,0.6987554862,0.7678935269
103.5,1,1,1,1,1,0.4769729251,0.6114447987,0.6667391719,0.3613274069,0.5022906708,0.4611797666,0.3454386547,0.2885907405,0.651953285,0.2370846681,0.7610209512,0.4062547484,0.3121019246,0.3653059114,0.2753582347,0.6987313268,0.7679158571
104,1,1,1,1,1,0.4768358,0.6112795647,0.6666665757,0.3614771661,0.5022611887,0.4614592283,0.3452091928,0.28861337,0.6519097992,0.2371607151,0.7611117023,0.4063878811,0.3121190622,0.365362844,0.2754971692,0.6988446507,0.7678848888
104.5,1,1,1,1,1,0.4767219501,0.6112000128,0.6667107474,0.3616085409,0.5021361115,0.4615718683,0.3451604123,0.2885833535,0.6517884714,0.2373313313,0.7610927805,0.4063705345,0.3120880242,0.3655818243,0.2756381175,0.6989163557,0.767914109
105,1,1,1,1,1,0.4767049647,0.6113825893,0.6665875502,0.361490527,0.5019362591,0.4614224407,0.3453612214,0.2884036026,0.6516800026,0.2373382996,0.7610045291,0.4063173961,0.3120202454,0.3654415857,0.2753463508,0.6986451856,0.7681401049
105.5,1,1,1,1,1,0.4764568338,0.6114768405,0.6667958061,0.3614864848,0.5020308865,0.461461736,0.3454199878,0.2885219636,0.6516012077,0.2373698451,0.7612278023,0.4062679778,0.3121271027,0.3651826652,0.2755026989,0.6988383722,0.7683588839
106,1,1,1,1,1,0.476653088,0.6115260121,0.666694846,0.3614559222,0.5019838992,0.4611649475,0.3456611115,0.2883790347,0.6519365795,0.2373317538,0.7610154792,0.4062869472,0.3120575371,0.3653693482,0.2755178902,0.6988985647,0.7684394668
106.5,1,1,1,1,1,0.4766333268,0.6115320323,0.6664891516,0.3613693053,0.5019635002,0.4614607888,0.3453298858,0.2885713045,0.6518884587,0.2372720119,0.7609191579,0.4062381269,0.3121752198,0.3653909555,0.2754197713,0.6988064007,0.7683132764
107,1,1,1,1,1,0.4765792131,0.6113695328,0.6665345436,0.3614234197,0.5022137609,0.4614423083,0.3453428652,0.2884326412,0.6518577092,0.2371107447,0.7609334958,0.4063859844,0.3122126534,0.3651847897,0.2755311229,0.6985327208,0.7683434131
107.5,1,1,1,1,1,0.4765663649,0.6116260405,0.666520599,0.3614556254,0.5021083654,0.4617073904,0.3453314649,0.2883984984,0.6518478796,0.2370028137,0.7610189169,0.4062961528,0.3124612419,0.3652865882,0.2755661817,0.6986772439,0.7685908499
108,1,1,1,1,1,0.4765172353,0.6119030902,0.6665039696,0.3614992167,0.5020680599,0.4617181643,0.345280634,0.2882564302,0.6517598873,0.2370083255,0.761278135,0.4062595742,0.3123820856,0.3652320961,0.2754898825,0.6987811452,0.7687832371
108.5,1,1,1,1,1,0.4766394197,0.6118231185,0.666522877,0.3614250519,0.5018391485,0.4615498775,0.3453299154,0.2884403415,0.6520003974,0.236814419,0.7614478991,0.4064016506,0.3122066192,0.3652411809,0.2754469681,0.6988849892,0.7688080077
109,1,1,1,1,1,0.47672704,0.6118074849,0.6664563432,0.3616077366,0.5019273216,0.4616771729,0.3454441134,0.288185031,0.652137512,0.2367552153,0.761400809,0.406559925,0.3122265516,0.3652837481,0.2753865818,0.6987085986,0.7687147996
109.5,1,1,1,1,1,0.4768224484,0.6115948689,0.6662929266,0.3614076954,0.5017691865,0.46163857,0.3453309778,0.2881758679,0.651951099,0.2366712796,0.7614590134,0.406531996,0.3121898618,0.3654246304,0.275533964,0.6986766121,0.7685817028
110,1,1,1,1,1,0.4769372534,0.611586013,0.6663593738,0.3614398586,0.5017135945,0.4616811675,0.3453560505,0.2882845067,0.6517625772,0.2368344126,0.7616057487,0.4066945165,0.3121314367,0.3652478508,0.2756597825,0.6986959385,0.7685991025
110.5,1,1,1,1,1,0.4769509338,0.611542436,0.6663865362,0.3614722233,0.5016166328,0.4615107612,0.34553194,0.2884339325,0.651666801,0.2367987119,0.7617969827,0.4065584784,0.3124144209,0.3651805049,0.2757108711,0.6986857057,0.7684110381
111,1,1,1,1,1,0.4770221888,0.6116324197,0.6666130556,0.3616010703,0.5016646813,0.4615699136,0.3456544413,0.2883193777,0.6515956296,0.2368464567,0.761875204,0.4066454405,0.3122707523,0.3652346915,0.275670018,0.6986450911,0.768507086
111.5,1,1,1,1,1,0.4767059315,0.6116605046,0.6667412,0.3614193338,0.5017560603,0.4615019262,0.3454628942,0.288139347,0.6517363465,0.2369978369,0.7620121636,0.4067828999,0.3124568649,0.3652389994,0.2755034952,0.6986530241,0.7685454652
112,1,1,1,1,1,0.4766838825,0.6114734044,0.6668479256,0.3615553507,0.5020739904,0.4616582247,0.3456083019,0.2882121235,0.6515125485,0.2369966695,0.7623181245,0.4067359146,0.3122538728,0.3651300926,0.2754233856,0.6988843267,0.7686085925
112.5,1,1,1,1,1,0.4765812555,0.6115221602,0.6666127151,0.3614724297,0.502061702,0.4615340362,0.3457382985,0.2881913146,0.6515465517,0.2372272507,0.7623959536,0.406558246,0.3123682983,0.3655479343,0.2752949206,0.6988980058,0.7686379275
113,1,1,1,1,1,0.476625892,0.6116314713,0.6667644466,0.3613115001,0.5017914473,0.4616901626,0.345689259,0.2881057035,0.6515980154,0.2372724804,0.7623637477,0.406387273,0.3122328826,0.3657592306,0.2754379649,0.6987579013,0.7687662285
113.5,1,1,1,1,1,0.4766860004,0.6114648991,0.6666997544,0.3612658587,0.5019315771,0.4616968263,0.3457046771,0.2880241701,0.651720683,0.2371268473,0.7624681835,0.4065315143,0.3121813149,0.3656081336,0.2753852893,0.6987938262,0.7687276971
114,1,1,1,1,1,0.4767404437,0.61148592,0.666691763,0.3612107308,0.5018913871,0.461518029,0.3455111785,0.2883774066,0.6517628274,0.237126919,0.7624396999,0.4066031555,0.3121606068,0.3655039943,0.2754966413,0.6988184302,0.768807175
114.5,1,1,1,1,1,0.4767308273,0.6113688229,0.666747065,0.3613089804,0.50182992,0.4614388906,0.3453040724,0.2887002517,0.651775216,0.2371654954,0.7622168579,0.4067025958,0.3120183061,0.3653557317,0.2755100003,0.6988437328,0.768883833
115,1,1,1,1,1,0.4767548355,0.6113670383,0.666725417,0.3614757516,0.5019022407,0.4614870496,0.3452858709,0.2886068879,0.6518300233,0.2371707134,0.7621442426,0.4066973106,0.3120461573,0.3652581526,0.2756828109,0.698750627,0.7687701088
115.5,1,1,1,1,1,0.4765556019,0.6115296841,0.6666935717,0.3613687742,0.502127534,0.461510055,0.3452210123,0.2885999977,0.6518067481,0.2371290315,0.7621474071,0.4066040089,0.3121066144,0.3653183435,0.2757180839,0.6987845578,0.7688555463
116,1,1,1,1,1,0.4767035565,0.6115937599,0.6667264992,0.3611785739,0.5021958993,0.4614363398,0.3453260823,0.2886688921,0.6517892108,0.237239242,0.7621487759,0.4066535768,0.3120134365,0.365346145,0.2757707366,0.6986133258,0.7688725429
116.5,1,1,1,1,1,0.4768745077,0.6117107053,0.6666148931,0.3612546082,0.5022633837,0.4615823287,0.3451304098,0.2886419098,0.6516829407,0.2372743288,0.7620611664,0.4067348009,0.3121362796,0.3652007782,0.2757023058,0.6985783803,0.7688627975
117,1,1,1,1,1,0.4770217602,0.611549012,0.666661846,0.3614132134,0.5021125807,0.4614842192,0.3452085,0.288791505,0.6518741451,0.2372124694,0.7621808702,0.4067001051,0.3121869753,0.3651461636,0.2758285534,0.6983975875,0.7688542017
117.5,1,1,1,1,1,0.4769957356,0.611600323,0.6666888604,0.3613145827,0.5021493784,0.461454414,0.34534861,0.2886844848,0.652096627,0.2371907466,0.7621848628,0.4065614077,0.3123220218,0.3652349116,0.2757987581,0.6985232312,0.7687967697
118,1,1,1,1,1,0.4770301886,0.6117546589,0.6668613803,0.3614738073,0.5021165186,0.461505111,0.3453673843,0.2887099944,0.6521799815,0.2370616705,0.7622761902,0.4066095496,0.3123737308,0.3651671819,0.2759159639,0.6984321283,0.7689486514
118.5,1,1,1,1,1,0.4769593541,0.611681849,0.6665750307,0.3614525714,0.5021141798,0.4614798462,0.3453848939,0.2887673749,0.6522375937,0.2370809494,0.7621898672,0.4065186512,0.3125795084,0.3652017639,0.2759666149,0.6984610898,0.768899174
119,1,1,1,1,1,0.4770183811,0.611602566,0.6664220066,0.3613642439,0.5021988303,0.4617085565,0.3454117277,0.2888002124,0.6520416158,0.2369855139,0.7623447901,0.4065261243,0.3123747614,0.365364387,0.27602166,0.6984611538,0.7686771734
119.5,1,1,1,1,1,0.477031166,0.6117769581,0.6663808761,0.3611373034,0.5022401959,0.4618407493,0.3453047876,0.2889517134,0.6520285353,0.2370800907,0.7622504748,0.4066523015,0.3124827874,0.3652840455,0.2758540675,0.6983804974,0.7688748916
120,1,1,1,1,1,0.4767163231,0.6117060665,0.666333202,0.3611181753,0.5022607584,0.4618338201,0.345223434,0.2887920737,0.6522325989,0.237185868,0.7621714346,0.4066560071,0.3127067819,0.3652992116,0.2759748046,0.6984328358,0.768773142
120.5,1,1,1,1,1,0.4767952837,0.6117258661,0.6663624033,0.3611682257,0.5022638287,0.4618919546,0.3452080051,0.288852987,0.6519848923,0.2371459901,0.7622926291,0.4066469105,0.3124878211,0.3652752499,0.2759544024,0.6983590063,0.76883149
121,1,1,1,1,1,0.4768097057,0.6118608588,0.6664131788,0.3610135233,0.5022690644,0.4616577886,0.3450282361,0.2888642649,0.65201726,0.2372617876,0.7623140845,0.4064698075,0.3124963886,0.3652284971,0.2759168222,0.6984394539,0.7690236275
121.5,1,1,1,1,1,0.4767878129,0.6117282279,0.6666676872,0.3610221882,0.5023073157,0.4616198308,0.3451751414,0.2888033867,0.6518847748,0.2371538766,0.7622802955,0.4064259339,0.3124375391,0.3654663566,0.2760833654,0.6985620558,0.7688904382
122,1,1,1,1,1,0.4769715054,0.611732272,0.6668246104,0.361054035,0.5022273513,0.4616110862,0.3451859669,0.2886403601,0.6520068666,0.2373042499,0.7623830769,0.4066690215,0.3124352671,0.3654863344,0.275846874,0.6987750473,0.7689835312
122.5,1,1,1,1,1,0.4766676809,0.6117552934,0.666820778,0.3611670214,0.5021615346,0.4616785961,0.3453627852,0.2888086552,0.6518808779,0.2373098048,0.7622474709,0.4068169479,0.3122421744,0.3654298959,0.2755735221,0.6987537801,0.7689433719
123,1,1,1,1,1,0.4767297224,0.6117231547,0.666747784,0.3613718363,0.5020101891,0.4616450733,0.3453521215,0.2885984403,0.6517589844,0.2373171215,0.7623880054,0.4068893317,0.3122894431,0.3655737235,0.2756612999,0.6987086238,0.7689889217
123.5,1,1,1,1,1,0.4768724391,0.6117782838,0.6666363356,0.361252663,0.5020169128,0.4614336293,0.345488072,0.2885567506,0.6518241839,0.2372279072,0.7624479711,0.4067180781,0.3123369598,0.3656874366,0.2757920823,0.698662535,0.7690928047
124,1,1,1,1,1,0.4766921266,0.6117363314,0.6666922804,0.3611864121,0.5019298585,0.4616607691,0.3454187855,0.2883746051,0.6519008862,0.2372887859,0.762624402,0.4067567909,0.312285682,0.3656101326,0.2757189519,0.6985769298,0.7690980021
124.5,1,1,1,1,1,0.4766382449,0.6116483744,0.6664185001,0.3610760512,0.5021077264,0.4616220556,0.3453880114,0.2883437351,0.6519063709,0.2372500382,0.7627755311,0.4067120921,0.3122497802,0.3653474624,0.2756050642,0.6986103878,0.7691349486
125,1,1,1,1,1,0.4765647327,0.6117272098,0.6662944521,0.3612390025,0.5021730731,0.4617453719,0.3452427314,0.2882625318,0.6518570191,0.2371456493,0.7627353837,0.4067380348,0.3125126872,0.3653061982,0.2755232274,0.698552323,0.7691687149
125.5,1,1,1,1,1,0.4766408642,0.6116888329,0.6665078256,0.3613628147,0.5022847268,0.4619142453,0.3451994429,0.2882622158,0.6519485787,0.2371602333,0.762788277,0.4067577925,0.3126881774,0.3653428462,0.275650534,0.6985842103,0.7691434046
126,1,1,1,1,1,0.4766296144,0.6118307652,0.6664571883,0.361199194,0.5021911013,0.4617404712,0.3452703164,0.2883648335,0.6521010653,0.2370201952,0.7628250608,0.4067695585,0.3127121232,0.3654178069,0.2757457779,0.6984592671,0.7690933331
126.5,1,1,1,1,1,0.4765609136,0.6117984822,0.6664213893,0.3612619222,0.5020279754,0.4617773737,0.345389392,0.2883262329,0.6522372687,0.2369444878,0.7630064205,0.4065951767,0.3127600513,0.3654476629,0.2756534022,0.6985521341,0.769115356
127,1,1,1,1,1,0.4766989615,0.6116774133,0.666544057,0.3612208118,0.5019400739,0.4616540368,0.3453691784,0.2882566093,0.6523972565,0.2368193318,0.7629866415,0.4064714053,0.3126327341,0.3654680217,0.2756790211,0.698304537,0.7691470435
127.5,1,1,1,1,1,0.4767570203,0.611698476,0.6665938132,0.3612782687,0.5019509051,0.4615630675,0.3454125841,0.288473841,0.6525854598,0.236788186,0.7631494131,0.4063098022,0.3125685123,0.3654504751,0.2755991128,0.6983356904,0.7691502962
128,1,1,1,1,1,0.4766749108,0.6116665041,0.6664245897,0.3614238974,0.5020064819,0.4615538231,0.3454998403,0.2884959958,0.6524841581,0.2367557201,0.7632958954,0.4064672807,0.312751472,0.3654236103,0.2756794706,0.6983995066,0.7691043666
128.5,1,1,1,1,1,0.4766052689,0.6113930064,0.6662252827,0.3613107097,0.5017220098,0.4615295017,0.3455431035,0.2887853275,0.6524018447,0.2367144864,0.7633027341,0.4062514563,0.3126147675,0.3652510317,0.2757090868,0.6982856255,0.7690428761
129,1,1,1,1,1,0.476541619,0.6116003422,0.6663304068,0.3614002828,0.5017377454,0.4613244867,0.3453498968,0.288684,0.6524616539,0.2367791012,0.7633983174,0.406196361,0.3125320226,0.3653012433,0.2756648151,0.6983538483,0.7691419649
129.5,1,1,1,1,1,0.4765128293,0.6116607846,0.6665132516,0.3613378692,0.5017613857,0.4616235514,0.3454401641,0.2886363275,0.6526829371,0.236830157,0.7632190703,0.4063911123,0.3125018185,0.3653424323,0.2757879783,0.6983963069,0.7691411592
130,1,1,1,1,1,0.4767305238,0.6117306705,0.6664609629,0.3615286006,0.5017375831,0.4616214638,0.3453930152,0.2883526446,0.6526094304,0.2369394768,0.7633838903,0.4063685133,0.3125922466,0.3651301458,0.2757547938,0.6982750699,0.7692486955
130.5,1,1,1,1,1,0.4765041166,0.611671184,0.6662779002,0.3614132603,0.5018630002,0.4617430007,0.3455864049,0.2883627841,0.6524063605,0.236981751,0.7633233141,0.4062954772,0.312549142,0.3652928914,0.2757339735,0.6982653252,0.7691793042
131,1,1,1,1,1,0.4766687559,0.6115432874,0.6662687461,0.3615178592,0.5020501441,0.4616708682,0.3454469435,0.2883716515,0.6524295806,0.2369816357,0.7633138296,0.4063459264,0.3125544913,0.3653392338,0.2758331461,0.6982418553,0.7691002175
131.5,1,1,1,1,1,0.4766898397,0.6116352867,0.6662745161,0.361531923,0.5021071669,0.4617264085,0.3452891747,0.2880829373,0.6522654816,0.237023229,0.7632950443,0.4064404974,0.3125089258,0.3652880165,0.2757993065,0.6982625353,0.7692418027
132,1,1,1,1,1,0.4768535231,0.6115928976,0.6662576034,0.3616035715,0.5022847946,0.4616770483,0.3454094234,0.2881144224,0.6522355692,0.2370513856,0.7635101759,0.4063171825,0.3125325201,0.3654468964,0.2758371895,0.698247313,0.7691795479
132.5,1,1,1,1,1,0.4768099141,0.6116080227,0.6664835623,0.3617997729,0.5023562595,0.4617057831,0.3455245435,0.2883208935,0.6524238243,0.2371190364,0.7633689123,0.4064463103,0.3125798675,0.3653146898,0.2756499183,0.6983848715,0.7691475876
133,1,1,1,1,1,0.476704497,0.6116603522,0.6664070789,0.3615419229,0.5021416768,0.4617852157,0.3456134776,0.2882890106,0.6523910933,0.2371390214,0.7632345223,0.4065863344,0.31254924,0.3654018468,0.2757562201,0.6983744233,0.7691311854
133.5,1,1,1,1,1,0.4767098154,0.6118836607,0.6667517804,0.3615161108,0.5021613539,0.4614457444,0.345642114,0.2884392134,0.6524655567,0.2370571173,0.7631964922,0.4068034618,0.3125659053,0.365391931,0.2760076909,0.6981024404,0.7690974606
134,1,1,1,1,1,0.4766250155,0.6116796003,0.6666611355,0.3616200101,0.5023103763,0.4614483442,0.3456659157,0.2883504786,0.6523787545,0.2369499063,0.7631413252,0.4068595544,0.3126993095,0.3656241988,0.2759555038,0.6981237542,0.7691437056
134.5,1,1,1,1,1,0.4766771674,0.6117828947,0.666890775,0.3615406874,0.5021773315,0.4614616959,0.3457330213,0.2885071024,0.6522779255,0.2368084618,0.7632205642,0.4067518976,0.3125592579,0.3656367509,0.2758492066,0.6982356327,0.769225667
135,1,1,1,1,1,0.4767172614,0.6116751885,0.6669453337,0.3614577928,0.5022687783,0.4615906696,0.3457274997,0.2886108947,0.6521947707,0.2369736341,0.7631938536,0.4066114836,0.3124996076,0.3653890113,0.2756874567,0.698155632,0.76921009
135.5,1,1,1,1,1,0.4766406796,0.6118210361,0.6668370296,0.3615048254,0.5020772171,0.4615198488,0.3457221503,0.2884663634,0.6521033372,0.2369444785,0.7631483904,0.4063763739,0.3125025039,0.3651026244,0.2757128918,0.6982940569,0.7691507667
136,1,1,1,1,1,0.476407418,0.6115571721,0.6667162686,0.3613746166,0.50201011,0.4617996865,0.34566222,0.2882942231,0.6521503997,0.2370662818,0.7631884909,0.4064025458,0.3122717962,0.3649428441,0.2757543701,0.6981110066,0.7690943365
136.5,1,1,1,1,1,0.4765039594,0.6116450464,0.6666697813,0.3614484907,0.5019159553,0.4617537604,0.3456594852,0.2881344257,0.6520617783,0.2370770072,0.7632338917,0.4063638511,0.3122896302,0.3650392904,0.2757439645,0.6981523757,0.7692534164
137,1,1,1,1,1,0.4766780375,0.6117808884,0.6665577344,0.3611602881,0.5020279445,0.4619020648,0.3456305219,0.288194319,0.6519400416,0.236960305,0.7633617802,0.4066030614,0.3122388486,0.3653801671,0.2756306746,0.6982739833,0.7693426896
137.5,1,1,1,1,1,0.476757356,0.6119030008,0.666578313,0.361085262,0.5020453319,0.4618465537,0.3454299111,0.2880960532,0.6516631403,0.2370081498,0.7632385334,0.4064882597,0.3121853684,0.3653481325,0.2755984653,0.6982425769,0.769282694
138,1,1,1,1,1,0.4767397472,0.6120087211,0.666530506,0.3613327957,0.5022644719,0.4620529856,0.3453861464,0.2881746298,0.6518102452,0.2369932266,0.763042767,0.4065002299,0.3122794053,0.3654182939,0.2755568446,0.6981657347,0.7692644255
138.5,1,1,1,1,1,0.4765743551,0.6119573285,0.6664909544,0.3613668696,0.5022177685,0.4619015314,0.3452658517,0.2882288273,0.6519491323,0.2369551981,0.7629164269,0.4065497838,0.312396457,0.3653140553,0.2755146011,0.6982236726,0.7691698259
139,1,1,1,1,1,0.4766053804,0.611923146,0.6665900325,0.3614329547,0.5023210572,0.4618500514,0.3452759176,0.2881755234,0.6519502233,0.2370200303,0.7630983046,0.4064698153,0.3123975086,0.3655538954,0.2756381285,0.6982528991,0.7693068477
139.5,1,1,1,1,1,0.4766799005,0.6120161814,0.6666018632,0.3615099644,0.5022013933,0.4620426377,0.345357148,0.2883028703,0.6517619461,0.2370612639,0.7632116272,0.4066448504,0.312404317,0.3655568914,0.2756190676,0.6981063815,0.7694402164
140,1,1,1,1,1,0.4765799698,0.6118103183,0.6665281702,0.3615775899,0.5020068287,0.4619935546,0.3454306969,0.2883870621,0.6519001607,0.2371317128,0.7630809298,0.4063024883,0.3123801185,0.3651066117,0.2755753717,0.6980249836,0.769443448
140.5,1,1,1,1,1,0.4765371458,0.6117055356,0.6666076374,0.361352057,0.50195579,0.4620784392,0.3455566154,0.2885868259,0.6520492506,0.2372193778,0.7631379688,0.4064940319,0.3124639052,0.3650019297,0.2754762406,0.6982511231,0.7694979605
141,1,1,1,1,1,0.4766188504,0.6119887623,0.6665462044,0.3616447281,0.5021597068,0.4619493005,0.345449241,0.2885156674,0.652083651,0.2372598398,0.7633008483,0.4064519766,0.3123474642,0.3651705681,0.2753709687,0.6982000845,0.7695102645
141.5,1,1,1,1,1,0.4767212123,0.611909338,0.666555357,0.3614075915,0.5021937575,0.4620165655,0.3455682753,0.2886121666,0.652104409,0.2370920323,0.7634066246,0.4065052901,0.3123786144,0.3653295272,0.275443861,0.6981087517,0.7695173287
142,1,1,1,1,1,0.4766562139,0.6117663936,0.6663335934,0.3614371952,0.5020989933,0.4617907885,0.3453827148,0.2885332464,0.6523115547,0.2371804783,0.7632894863,0.4064451303,0.3123946733,0.3654011122,0.2753384524,0.6983287017,0.7696095443
142.5,1,1,1,1,1,0.4765971161,0.611869247,0.6663601826,0.3613536178,0.5020058546,0.462015602,0.3454504523,0.288431078,0.6522248735,0.237125176,0.763244666,0.406473412,0.3124054643,0.3654273208,0.2753448845,0.6980664902,0.7695943107
143,1,1,1,1,1,0.4766248751,0.6118753774,0.666356041,0.3612939449,0.5022954294,0.461880222,0.3455855514,0.2885220473,0.6522669936,0.2371889474,0.7631546024,0.4063564437,0.3122792344,0.365397462,0.2752008965,0.6981026835,0.7697201392
143.5,1,1,1,1,1,0.4764715237,0.6116523288,0.6663785716,0.3613941633,0.5022046949,0.4620454574,0.3459321235,0.2884523282,0.6522216757,0.2369674226,0.7630883095,0.4062243377,0.3123616538,0.3654948758,0.2755247298,0.6982192215,0.7698344586
144,1,1,1,1,1,0.4764617939,0.6116116572,0.6664119663,0.3612937652,0.5022118491,0.4618078997,0.3457273515,0.2884919352,0.6521756605,0.2370795994,0.7630869299,0.4061330716,0.3122292182,0.3654750139,0.2757573172,0.6983149318,0.7698603545
144.5,1,1,1,1,1,0.4764520772,0.6115728039,0.6665053452,0.3615994564,0.5021793379,0.4615971746,0.3457375889,0.2886139184,0.6522822219,0.2369271787,0.7629485861,0.4060504967,0.3122631871,0.3654482391,0.2757239709,0.6983504394,0.769833761
145,1,1,1,1,1,0.4767152647,0.6114415416,0.6664439275,0.3617525997,0.5021304039,0.4614391809,0.3456281224,0.2885136606,0.652417111,0.2369798153,0.7629820211,0.4060748941,0.3123199096,0.3651886582,0.2757700133,0.6983630047,0.7697435051
145.5,1,1,1,1,1,0.4767449048,0.6114516197,0.6665631649,0.3617305947,0.5021245459,0.4614160878,0.3452921217,0.2885499068,0.6521908521,0.2369871643,0.7631230375,0.4060719811,0.312329992,0.3653290318,0.2757656098,0.6982354218,0.7697569928
146,1,1,1,1,1,0.4766497431,0.6115052552,0.6666734429,0.3614876969,0.5020848816,0.4614840627,0.345309058,0.2885812193,0.6521177784,0.2369589415,0.7629887392,0.406290207,0.3123689131,0.365325432,0.2757165768,0.6983240893,0.7699562091
146.5,1,1,1,1,1,0.476583172,0.6115442105,0.6666747643,0.3614527532,0.5020942671,0.4614747298,0.3454308925,0.2886228543,0.6520423399,0.2371275777,0.7629408759,0.406224168,0.3123574762,0.3654758922,0.2758366075,0.6982675726,0.7700731824
147,1,1,1,1,1,0.4766314509,0.6116104408,0.6665329198,0.3614966236,0.5022207825,0.4615782202,0.3453873284,0.288676986,0.652125504,0.237080669,0.7630700371,0.4063561971,0.3123308995,0.3656673455,0.2758000512,0.6985687332,0.770064162
147.5,1,1,1,1,1,0.4767630586,0.6113589874,0.6665710998,0.3614936811,0.5021892242,0.4616097995,0.345240073,0.2885071486,0.6520532284,0.23707059,0.7631411961,0.4065545683,0.3126019053,0.3655704758,0.275681535,0.6984558979,0.7700294112
148,1,1,1,1,1,0.4768465108,0.6116317983,0.6664787734,0.3612175423,0.5019937848,0.461527961,0.3452496966,0.2884938547,0.6518088074,0.2369712571,0.7630617972,0.4065828272,0.3126326716,0.3656811589,0.2756746247,0.6985356191,0.769924973
148.5,1,1,1,1,1,0.4766327855,0.6115169004,0.6665752454,0.3613157266,0.5021261124,0.461558851,0.3451943201,0.2884734625,0.651722968,0.2369323973,0.7630015015,0.4063705256,0.3126522088,0.3655626219,0.2758075618,0.698313859,0.7698561195
149,1,1,1,1,1,0.4765306715,0.6116275026,0.6664090607,0.3614428975,0.5020188309,0.4615630198,0.3454601036,0.2886163745,0.6515959951,0.236942778,0.7631466462,0.4063007846,0.3126839407,0.36547245,0.2758984522,0.6983279657,0.7698167722
149.5,1,1,1,1,1,0.4766201048,0.6116016167,0.666509178,0.361485471,0.5018318517,0.4616475239,0.3452954465,0.2886317537,0.6519340703,0.2372334997,0.7631565791,0.4064383937,0.3127859152,0.3653240163,0.2756520735,0.6981436584,0.7699250477
150,1,1,1,1,1,0.4765492948,0.6115400286,0.6666392165,0.3613163635,0.5018269049,0.4617187244,0.3454471255,0.2886316186,0.6516417386,0.2370878499,0.7633335369,0.4064367584,0.3129241262,0.3654286138,0.2755652812,0.6981877166,0.7699699866
150.5,1,1,1,1,1,0.4767005017,0.6114256478,0.6665949072,0.3614476819,0.5019249254,0.4618060118,0.3455560098,0.2885249947,0.6515831647,0.2370506215,0.7632536428,0.4062305892,0.3128431931,0.3652542887,0.2755418214,0.6979967901,0.7700204454
151,1,1,1,1,1,0.4767084769,0.6115026041,0.6666167513,0.3614110933,0.5021030847,0.4619745118,0.3456332084,0.2884603671,0.6516289231,0.2370467041,0.7631929505,0.4061575543,0.312766443,0.3650248665,0.2755601817,0.6979514768,0.7699868301
151.5,1,1,1,1,1,0.4767517494,0.6114584059,0.6666646396,0.3615498348,0.5018661541,0.4617079561,0.3455681905,0.2884475696,0.6515331347,0.2369912222,0.7632774683,0.4063371214,0.3126822389,0.3652843012,0.2753543518,0.6979020155,0.7699309515
152,1,1,1,1,1,0.4765377953,0.6114801668,0.6666767679,0.3615691644,0.5019403105,0.4617230068,0.3455735961,0.2885100873,0.651477423,0.2371176701,0.7633164506,0.406257824,0.3125985655,0.365192218,0.2752583575,0.6981476707,0.7698833729
152.5,1,1,1,1,1,0.4766616191,0.6112840226,0.6666503558,0.3614084535,0.5019446809,0.4616985958,0.3455584112,0.2883776963,0.6515065615,0.2370444701,0.7634293698,0.4063264522,0.3125613187,0.3650293193,0.2751863745,0.6981818494,0.7698549398
153,1,1,1,1,1,0.476493012,0.6114239169,0.6667226826,0.3614447106,0.5018825888,0.4613936798,0.3454305717,0.2882841575,0.6514059125,0.2370058747,0.7632833748,0.4065025953,0.3124866545,0.3650494237,0.2750897552,0.6980562492,0.7700397218
153.5,1,1,1,1,1,0.4768649065,0.6114687371,0.6665574638,0.3615363192,0.5019896435,0.4615706231,0.3455588122,0.28837357,0.6515151063,0.2368531746,0.7633099315,0.4063733455,0.3123013188,0.3650430766,0.2750175123,0.6981637093,0.7700843633
154,1,1,1,1,1,0.4768735452,0.6113191773,0.6666498057,0.361366981,0.502007751,0.461466005,0.345522332,0.2884872752,0.6515462942,0.2366475773,0.7632418719,0.4063761825,0.3122370087,0.3651428477,0.2751938845,0.6983155755,0.7700409605
154.5,1,1,1,1,1,0.4770412091,0.6114992463,0.6665440512,0.3612460383,0.5018591546,0.4613992774,0.3455159599,0.2884653391,0.6515184172,0.2366874837,0.763114737,0.4063778565,0.3123695975,0.3650799587,0.2750288637,0.6983711289,0.7700941298
155,1,1,1,1,1,0.4771641828,0.6115065901,0.6665540967,0.3613554054,0.5018802397,0.4613620802,0.3454419545,0.2885762088,0.6518078186,0.2368912609,0.7631727527,0.4063987443,0.3124558555,0.364887145,0.2751107975,0.6982446251,0.7700658916
155.5,1,1,1,1,1,0.4769772976,0.6114222391,0.6665266302,0.3614582943,0.5020516206,0.4615264293,0.3455219919,0.2885076481,0.6518248273,0.236787268,0.7630939008,0.4065070959,0.3125256686,0.3647890401,0.2749326881,0.6981284864,0.7699672955
156,1,1,1,1,1,0.4769528113,0.6113824067,0.6664531453,0.3615904418,0.5019264229,0.4617325894,0.3455701093,0.288485113,0.6519707968,0.2368653197,0.7631088104,0.4064651213,0.3123310801,0.3649166241,0.2750607788,0.6982419077,0.7698408869
156.5,1,1,1,1,1,0.4769502671,0.6113161315,0.6664100246,0.361540911,0.5019135466,0.4616973789,0.3454394901,0.2885292229,0.6519296554,0.2368307425,0.7630437591,0.4064825566,0.3123460143,0.3650783382,0.2751341426,0.6983205683,0.7697428781
157,1,1,1,1,1,0.4766715304,0.6114237759,0.6663065927,0.3614646252,0.5020682782,0.4617436613,0.3455901735,0.2885068692,0.6518748973,0.2369257074,0.7630174281,0.4063579106,0.3126550881,0.3652038172,0.2752021995,0.6982274611,0.7699079243
157.5,1,1,1,1,1,0.4766995826,0.6115113563,0.6664282778,0.3615376215,0.5018135431,0.4615587229,0.3455009242,0.288628883,0.6519491074,0.2370339502,0.7631016708,0.4062204175,0.3128385717,0.365328185,0.2754323524,0.6983249024,0.7699785577
158,1,1,1,1,1,0.4768294388,0.6116777797,0.666557251,0.3614654722,0.5018037858,0.4615239538,0.3454708745,0.2887907098,0.6519309412,0.2370522449,0.7632844848,0.4064128377,0.3128554372,0.3654951194,0.275463196,0.6983019966,0.7700042328
158.5,1,1,1,1,1,0.4768515731,0.6114661753,0.6664826385,0.3614372642,0.5018819068,0.4616183821,0.3455516233,0.2887070614,0.6519773363,0.2370735595,0.7632517761,0.4063978972,0.3129526875,0.3656626395,0.2756117939,0.6984185339,0.7700717568
159,1,1,1,1,1,0.4769022491,0.6114235939,0.6666648987,0.3614816614,0.5019303037,0.4615750856,0.3453976014,0.2884844574,0.6518197781,0.2373000332,0.7633203228,0.4065042171,0.3128452202,0.3656308568,0.2758503717,0.6984363774,0.7699889732
159.5,1,1,1,1,1,0.47670148,0.6116084856,0.6666347696,0.3612498399,0.5021677143,0.4615164673,0.3456014265,0.2883784959,0.6518875752,0.2372362502,0.7633236631,0.4064687325,0.3129256595,0.3656618199,0.2758409191,0.698497444,0.7698777581
160,1,1,1,1,1,0.476576906,0.6118744267,0.6666664885,0.3614771032,0.5021538513,0.461357077,0.3456549233,0.2882710344,0.6518051697,0.2370924833,0.7633138201,0.4065783399,0.3127906513,0.3655640869,0.2758736301,0.6983852721,0.7698732638
160.5,1,1,1,1,1,0.4768221567,0.6119358552,0.6666471114,0.3614147315,0.5022883953,0.461226405,0.3457357817,0.2882974519,0.6517030133,0.2369727142,0.763250588,0.4066306805,0.3127833771,0.3653275485,0.2757191888,0.6983438754,0.7697453299
161,1,1,1,1,1,0.4768173071,0.6118016771,0.6665573522,0.3613160335,0.50219498,0.4613906442,0.3457355007,0.2885512278,0.6518430912,0.2369692406,0.7632330101,0.4068222062,0.3127190562,0.3652522218,0.2757027742,0.6984279854,0.7697879979
161.5,1,1,1,1,1,0.4767716681,0.6118265986,0.6666082872,0.3614365128,0.5021150222,0.4615167441,0.3456668511,0.2886628423,0.6519184551,0.236897964,0.7631619725,0.4067655595,0.3128016099,0.3653260323,0.2757702783,0.6984403193,0.7698851054
162,1,1,1,1,1,0.4766837347,0.6118684312,0.6663314618,0.3615995298,0.5019968794,0.4615377153,0.3454859989,0.2885704736,0.651822501,0.2369406984,0.7633750382,0.4066739101,0.3127221717,0.3654391819,0.2755894013,0.6984344475,0.7698945277
162.5,1,1,1,1,1,0.4768639592,0.6119471585,0.6664196431,0.3615725018,0.5020433682,0.4614977833,0.3453572644,0.2885001651,0.6517952344,0.2370192269,0.7633490671,0.4064787165,0.312603304,0.3654456256,0.2756293729,0.6983389799,0.7696570713
163,1,1,1,1,1,0.4769189887,0.6118488142,0.6661977235,0.361482175,0.5019995953,0.4613740637,0.3453657272,0.2886313792,0.651728512,0.2371393304,0.7633724684,0.4064192136,0.3125289642,0.3654770885,0.2756584259,0.6983291297,0.7697848229
163.5,1,1,1,1,1,0.4769077607,0.6118238664,0.6661781587,0.3612698774,0.5021254044,0.4616752746,0.3452714852,0.2884513004,0.6516853992,0.2370526358,0.7632266545,0.406004428,0.3126479277,0.3654094364,0.27559233,0.6982922021,0.7697999246
164,1,1,1,1,1,0.4770819339,0.611816692,0.6662189206,0.3611109794,0.5021299344,0.4617969359,0.3453259523,0.2885919969,0.6516481666,0.2370344567,0.7632485506,0.406395937,0.3126471883,0.3653456834,0.2755931248,0.6980198828,0.7697662721
164.5,1,1,1,1,1,0.4771469205,0.611776971,0.6663249983,0.3612683278,0.5019412876,0.4619601278,0.345349466,0.2884193612,0.6517130736,0.2369801152,0.7634374314,0.4063545812,0.3125407564,0.3653367737,0.275528881,0.698101049,0.7698528434
165,1,1,1,1,1,0.4771266701,0.6118306555,0.6662847411,0.361461647,0.5019236773,0.4618593744,0.3453223016,0.2884251088,0.6517547642,0.236978943,0.7633473488,0.406504629,0.3127769762,0.3651878055,0.2755829992,0.6980355638,0.769727808
165.5,1,1,1,1,1,0.4769769272,0.6117081497,0.6663590591,0.3613451001,0.5021340882,0.4617194121,0.3453447998,0.2884460602,0.6516133912,0.2371098442,0.7633710109,0.4064855551,0.3127921439,0.3651601683,0.2755994777,0.6980445621,0.7696424042
166,1,1,1,1,1,0.4769864577,0.6118182912,0.666388382,0.3612693551,0.5023805081,0.4616381148,0.3453290909,0.2882999737,0.6514817039,0.2370705863,0.7633325535,0.4063997728,0.3124494467,0.3654380058,0.2756201818,0.6980712831,0.7695687458
166.5,1,1,1,1,1,0.4768747509,0.6116785744,0.6665175077,0.3612534548,0.5022881626,0.4616215487,0.3452993304,0.2882956043,0.6514817203,0.2369140861,0.7633617224,0.4064477326,0.312455522,0.3654932019,0.2756899104,0.6982322071,0.7694943376
167,1,1,1,1,1,0.4768347793,0.6117226809,0.6665061194,0.3611854168,0.5022997164,0.4617501055,0.3453422362,0.2884198589,0.6515332716,0.2367884639,0.7634084853,0.4065380999,0.3124771937,0.3656308899,0.2757305125,0.6981827437,0.7694758561
167.5,1,1,1,1,1,0.4767699645,0.6116399881,0.6664626111,0.361020845,0.5019592902,0.4614852892,0.3453458466,0.2883227516,0.6515851151,0.2368327784,0.7634259253,0.4067135074,0.3125919056,0.3653591044,0.2756551034,0.6983478519,0.769420099
168,1,1,1,1,1,0.4767698987,0.611683763,0.666211268,0.3612643532,0.5020889477,0.4613466935,0.3452275987,0.288293952,0.6514618377,0.2366980803,0.763324652,0.4065323422,0.3124780617,0.3651770277,0.2755221348,0.6983212048,0.7693833907
168.5,1,1,1,1,1,0.4770136229,0.6116695605,0.6663642147,0.3613386346,0.5021918321,0.461406118,0.3452713773,0.2884481291,0.6514895946,0.2368658978,0.7633746094,0.406523696,0.3126841212,0.3651413229,0.2754895063,0.6983856413,0.7695602014
169,1,1,1,1,1,0.4768435608,0.6116467697,0.666302517,0.3611762021,0.502391384,0.4615150199,0.3454265025,0.2884938629,0.6514565203,0.236859431,0.763288023,0.4065236583,0.3125652525,0.3650270377,0.2754646601,0.6986271078,0.7696219148
169.5,1,1,1,1,1,0.4768354023,0.6118486115,0.6665945204,0.3612563365,0.5023184763,0.4613470656,0.3455828334,0.2885002149,0.6516249999,0.2369197997,0.7631628054,0.4065592879,0.3124867218,0.3650469614,0.2753283585,0.6984473374,0.7696867667
170,1,1,1,1,1,0.4767625599,0.6117966831,0.6663684033,0.3614099858,0.5023787042,0.4615044076,0.3457461157,0.2886990946,0.6514190358,0.2369168368,0.763264521,0.4064839443,0.3123360051,0.3652777372,0.2751603498,0.6985037981,0.7695661851
170.5,1,1,1,1,1,0.4766596765,0.6117781861,0.6663993192,0.3615402652,0.5023545951,0.4616010881,0.345913409,0.2887278744,0.651542875,0.2368310963,0.7631759883,0.4065392456,0.3123286746,0.3650543985,0.2751309516,0.6986359255,0.7694199802
171,1,1,1,1,1,0.4767003209,0.6115252136,0.6664639765,0.3615687962,0.5021145875,0.4616269589,0.345844252,0.2887601296,0.65157622,0.2368910423,0.7631357991,0.4067141006,0.3121015056,0.3649539818,0.2751797579,0.6986576253,0.7692755384
171.5,1,1,1,1,1,0.4767754202,0.6115835727,0.6668670343,0.3615774278,0.5019595554,0.4617468293,0.3456140709,0.2886890722,0.6516610144,0.2369212405,0.7632338469,0.4064108023,0.3122009795,0.3652594236,0.275133231,0.6986662194,0.7693521927
172,1,1,1,1,1,0.4766620581,0.6116394372,0.6666449782,0.3615034932,0.5021075066,0.461814045,0.3454402606,0.2886472574,0.6515590456,0.2370474565,0.7631837504,0.4065166463,0.3125045699,0.3654340283,0.2752306025,0.6986058795,0.7694412461
172.5,1,1,1,1,1,0.4767619183,0.6117136768,0.66646839,0.3613721333,0.5021529532,0.4618935247,0.3454956392,0.2885227244,0.6517387569,0.2369330838,0.7631886022,0.4063382,0.3123099653,0.3653477635,0.2752075727,0.6984169973,0.7693295318
173,1,1,1,1,1,0.4768520249,0.6116395735,0.6666060218,0.3613104787,0.5021764986,0.4618159305,0.3454994986,0.2885215564,0.6517984898,0.236986126,0.7631069299,0.4065010474,0.3122209711,0.3652056574,0.2752683045,0.6983498409,0.7693802371
173.5,1,1,1,1,1,0.4767397951,0.6115348549,0.6665986174,0.3613223329,0.5020880008,0.461721808,0.3456227551,0.2886002654,0.651806655,0.2370524706,0.7628900493,0.4066784427,0.3123149397,0.3652118738,0.2752336519,0.6984092341,0.7693734861
174,1,1,1,1,1,0.47671346,0.6115722103,0.6664698169,0.361454602,0.5019536753,0.4614588541,0.3455531244,0.2886444807,0.6518564978,0.2370996868,0.7630497979,0.4067750751,0.3122904635,0.3651713061,0.275301386,0.6984730201,0.7694713848
174.5,1,1,1,1,1,0.4766832506,0.6115912045,0.6664965624,0.3614351105,0.501897393,0.461532662,0.345237245,0.2885104913,0.6517882515,0.2369394587,0.7630481227,0.4066912431,0.312138513,0.365388903,0.2752287096,0.6985447902,0.7694459572
175,1,1,1,1,1,0.4765826167,0.611598189,0.6664753848,0.3614349001,0.5019890302,0.4616359561,0.3451734613,0.28852936,0.6520395612,0.2368756975,0.7630683248,0.4067193666,0.3121539243,0.3653161676,0.2754250177,0.6985010076,0.7694188325
175.5,1,1,1,1,1,0.4766669276,0.6116330819,0.6664981521,0.3614786518,0.5019561733,0.4616913896,0.3450922209,0.28849876,0.6520427516,0.2368582754,0.76313955,0.406729839,0.3121734863,0.3651955426,0.2753878499,0.6983793564,0.7693662556
176,1,1,1,1,1,0.4767463479,0.6116506593,0.6663647491,0.3612768674,0.5019889262,0.461714447,0.3452474184,0.2886057789,0.652151193,0.2370684084,0.7632092241,0.4064058203,0.3121813297,0.3651127729,0.2754760965,0.6983006721,0.7693734641
176.5,1,1,1,1,1,0.4766524239,0.6116871571,0.6666206984,0.3612961225,0.5018680182,0.4614274842,0.3451470382,0.2884087925,0.6523491931,0.2371537626,0.7633066657,0.4063714362,0.3120918594,0.3653262084,0.2754659083,0.6981621006,0.7693792145
177,1,1,1,1,1,0.4767428075,0.611724458,0.6665681625,0.3613237141,0.5018248683,0.4615304014,0.3451680894,0.2884409036,0.6522191093,0.2372231451,0.7633733001,0.4063907698,0.3122487119,0.3653796335,0.2754459956,0.6979255944,0.7694798402
177.5,1,1,1,1,1,0.4770298004,0.6117454156,0.6666270665,0.3613628199,0.5018726705,0.4616066844,0.3453646946,0.2882849005,0.6521755978,0.2371548256,0.763302262,0.4063150424,0.3122567865,0.3652727683,0.2756156754,0.6980429067,0.7695043493
178,1,1,1,1,1,0.4769412644,0.6116725958,0.666521504,0.3612629431,0.5021023862,0.4616343596,0.3454727487,0.2882982859,0.6518443801,0.2372101225,0.7631701433,0.4062754746,0.3123249265,0.365435624,0.27578092,0.6982128983,0.7695003184
178.5,1,1,1,1,1,0.4771242587,0.6115612402,0.6665874826,0.3612104336,0.502265714,0.4616196485,0.3452991711,0.2884434947,0.6517483459,0.237025072,0.7631547797,0.406270016,0.3122433386,0.3653158658,0.2755384783,0.6982719257,0.7696112353
179,1,1,1,1,1,0.4771114993,0.6116135173,0.6664717019,0.3611082089,0.502156805,0.4616070914,0.3452140327,0.2884506787,0.6516333023,0.2371387839,0.7631642144,0.4062824886,0.312311537,0.365318374,0.2754164341,0.698247909,0.7696239926
179.5,1,1,1,1,1,0.477157713,0.6115319027,0.6666168297,0.3611900819,0.5023541564,0.4616659513,0.3452494521,0.2883676352,0.6516762896,0.237292991,0.7630957972,0.4065412151,0.3125082216,0.3651965345,0.275450663,0.6982260336,0.7696696103
180,1,1,1,1,1,0.4769797066,0.6117621637,0.6667523682,0.3612688629,0.5024337727,0.4616849295,0.345206038,0.2882559031,0.6516941536,0.2372013615,0.7632663859,0.4063535515,0.3127011226,0.3651603252,0.2756065256,0.6981706761,0.769623198
180.5,1,1,1,1,1,0.4769632877,0.6118777793,0.666525907,0.3611359686,0.5024112771,0.4616703927,0.3451110135,0.2883280003,0.651611839,0.2371712296,0.7632421508,0.406348157,0.3126834904,0.3651026315,0.2755770873,0.6981924044,0.769583914
181,1,1,1,1,1,0.4769098132,0.6118657026,0.6666079351,0.3611928092,0.5024293181,0.4617548595,0.3451375935,0.2883160203,0.6516907409,0.2372260166,0.7632455534,0.4063682052,0.3126416955,0.3651501604,0.275467624,0.6981551445,0.7695681404
181.5,1,1,1,1,1,0.4772293592,0.6117742649,0.6664561306,0.3612980182,0.5023404489,0.4615664051,0.3453740808,0.2883930885,0.6517432725,0.2371032538,0.763125395,0.406455509,0.3127068737,0.3652804124,0.2756831738,0.698155496,0.7698518424
182,1,1,1,1,1,0.477204134,0.6118039628,0.6665859461,0.3614794611,0.5024048473,0.4616265238,0.3453286302,0.2885346254,0.6518992767,0.2371033379,0.7632604325,0.4065149631,0.3126311919,0.3654028842,0.2756608383,0.6979147812,0.7698131381
182.5,1,1,1,1,1,0.4772659508,0.6117306163,0.6665659135,0.3617185955,0.5023435723,0.4618138174,0.3453540221,0.2884998455,0.6518959601,0.2371226513,0.7633518715,0.4064901547,0.312510189,0.3654462081,0.2757273764,0.6977624933,0.7697234981
183,1,1,1,1,1,0.4770988036,0.6116234414,0.6664578652,0.361611591,0.5022186948,0.4618809807,0.3453368725,0.2885904443,0.651917483,0.2371195673,0.7634813671,0.4066829649,0.3124262679,0.36533719,0.2757934199,0.6977939702,0.7697675917
183.5,1,1,1,1,1,0.4768972134,0.6115816758,0.6661427798,0.3616501422,0.5021838766,0.4619385297,0.3454403477,0.2888104237,0.6520596066,0.2372578852,0.7632995027,0.4066132196,0.3125559073,0.3653395696,0.275524287,0.6978548419,0.7698619254
184,1,1,1,1,1,0.4768690334,0.6114702151,0.6663109131,0.361388365,0.502157905,0.4619196176,0.3454723862,0.2887173005,0.6521310161,0.2370758289,0.7634201395,0.4063926336,0.3124424668,0.3654368047,0.2754603096,0.6982198282,0.769977705
184.5,1,1,1,1,1,0.4768825834,0.6115098021,0.6664093325,0.3616399145,0.5021430885,0.461773553,0.3455936524,0.2886589174,0.6520470791,0.2372079239,0.7633285459,0.4062745974,0.3124522816,0.365345155,0.2756806037,0.6984132755,0.7700668292
185,1,1,1,1,1,0.4768008044,0.611412946,0.6665114298,0.3615407705,0.5022891632,0.4617595461,0.3454336328,0.288620298,0.651936517,0.2374219076,0.7633791003,0.4063288607,0.3127295366,0.3653556594,0.2755731134,0.698581069,0.7703329277
185.5,1,1,1,1,1,0.4767581155,0.6114085885,0.6666538348,0.3616386746,0.5024041761,0.4620506974,0.3454393032,0.2885052864,0.6520349653,0.237390986,0.7633032405,0.4063183606,0.3126937258,0.3653021904,0.2754862059,0.6985207249,0.7703986409
186,1,1,1,1,1,0.4767826228,0.6114110427,0.6666854096,0.3617847323,0.5023345621,0.4620005434,0.3453643032,0.2886786256,0.6519641553,0.2372505177,0.7634258792,0.4063575377,0.3125395037,0.3653174578,0.2756597744,0.6986733039,0.7703325425
186.5,1,1,1,1,1,0.4770003085,0.6115673702,0.6666093748,0.3617791768,0.5023331867,0.4618993589,0.345225438,0.2885617332,0.6518424504,0.2372856386,0.7635705,0.4065984761,0.3124194789,0.3654464791,0.2756621373,0.6985868517,0.7704953708
187,1,1,1,1,1,0.4768727424,0.6115823807,0.6665179595,0.3613857528,0.502310707,0.4619865263,0.3451865213,0.288636268,0.6518814776,0.2371398028,0.7634452884,0.4065840841,0.3124195152,0.3655095591,0.2755954032,0.698657292,0.7704437435
187.5,1,1,1,1,1,0.4769425647,0.6116082119,0.6664333935,0.3613482639,0.5024682413,0.4619522617,0.3452746898,0.2885161641,0.6517383774,0.237119589,0.7634975766,0.4065439913,0.3123300784,0.3653608548,0.2756472149,0.6985341533,0.7703643975
188,1,1,1,1,1,0.4768246921,0.611796031,0.666426957,0.3616009256,0.5023777987,0.4619580193,0.3453444276,0.2887607111,0.6517698723,0.2371176621,0.7635143589,0.4065804725,0.3123960323,0.3653432819,0.2756102388,0.6986708201,0.770451303
188.5,1,1,1,1,1,0.4768789625,0.6115826997,0.6663992739,0.3616006669,0.5024167913,0.4619583266,0.3453110815,0.2885671042,0.6517641761,0.237146429,0.7635451733,0.4065061019,0.3122979859,0.3652890568,0.2757131272,0.6987056017,0.7705401663
189,1,1,1,1,1,0.4767906513,0.6115185908,0.6662899798,0.3616316978,0.5024936299,0.4618637876,0.3453823895,0.2885908191,0.651931965,0.2372338067,0.7634057856,0.4065793729,0.3123962143,0.3652647552,0.2759102262,0.6983478319,0.770502732
189.5,1,1,1,1,1,0.476625047,0.611623497,0.6664204117,0.3615506195,0.5026898591,0.4616892901,0.3452859165,0.2886865419,0.6518711955,0.2372601571,0.7634595443,0.406444843,0.312380739,0.3651344848,0.2759085683,0.6983539052,0.7705029346
190,1,1,1,1,1,0.476757389,0.611689072,0.6665224079,0.3618047093,0.5025666006,0.4617167775,0.3453062027,0.2886780559,0.6519139303,0.2373260428,0.763445325,0.4064643007,0.3123160794,0.3650388275,0.2758721129,0.6984182442,0.7704435563
190.5,1,1,1,1,1,0.476766,0.6114469678,0.6665685741,0.361678084,0.5023144393,0.4615249622,0.3453293927,0.2885954532,0.6518677922,0.2371512834,0.7635098224,0.4066949987,0.3122369605,0.3650945596,0.2757019155,0.6984874346,0.7705080779
191,1,1,1,1,1,0.4765738133,0.6114469301,0.6665269743,0.3616703591,0.5021518221,0.4614350311,0.3453157123,0.288683476,0.6518005182,0.2371156341,0.7634592934,0.4065658602,0.3123544911,0.3650354577,0.2754879734,0.6986526393,0.7705862004
191.5,1,1,1,1,1,0.4764698585,0.6116324261,0.6665086323,0.3614484562,0.5019719471,0.4616613774,0.3450608106,0.2885073566,0.6517455048,0.2371326931,0.7634466619,0.4065360207,0.3125930693,0.3650004595,0.2755793133,0.6984826165,0.7705036069
192,1,1,1,1,1,0.4766236869,0.6116240728,0.6665615315,0.3612970942,0.5021046701,0.4617404414,0.3452128403,0.2885754,0.6515915698,0.2373609877,0.7634777476,0.4064381377,0.3125905472,0.3649728621,0.2755929344,0.6985289175,0.7707046714
192.5,1,1,1,1,1,0.476807747,0.6117510109,0.6665374877,0.3614478322,0.502231317,0.4615767931,0.3451934309,0.2886113029,0.6517021513,0.2373787083,0.763505965,0.4064331221,0.3125261,0.3651027179,0.2754877929,0.6986574426,0.7707687935
193,1,1,1,1,1,0.4771212172,0.6118100423,0.6665668433,0.3614152499,0.5022547095,0.4614771032,0.345063278,0.2885151362,0.651603362,0.2373582703,0.7634595395,0.406587343,0.3124330724,0.365259685,0.2755763936,0.6986053423,0.7706514345
193.5,1,1,1,1,1,0.4769765219,0.6117913262,0.6665641898,0.3611624888,0.5021756714,0.461479978,0.3451340182,0.2885046707,0.651469671,0.2373080619,0.7634136913,0.406426792,0.3124527936,0.3654840371,0.2756460123,0.6986061949,0.7707784294
194,1,1,1,1,1,0.4767775957,0.61169195,0.6665769329,0.3610432987,0.5020999439,0.4615710724,0.3452074901,0.2884996602,0.6513917573,0.2373293514,0.7633100912,0.4065827411,0.3124774211,0.3654025313,0.2755503945,0.6987000412,0.7708509271
194.5,1,1,1,1,1,0.4767573424,0.6115559993,0.6666014659,0.36108702,0.5023008725,0.4617192032,0.3453209964,0.2883717886,0.6515501604,0.2371861356,0.7634454527,0.4065340787,0.3123067034,0.3654309677,0.2755825458,0.6988006778,0.7707102269
195,1,1,1,1,1,0.4769259399,0.6114587722,0.666477412,0.3612473731,0.5022384517,0.4616207779,0.3453606068,0.2885357783,0.6515250921,0.2371773704,0.7633683659,0.4064221842,0.312383922,0.3655229401,0.2754577754,0.6987531698,0.7707749481
195.5,1,1,1,1,1,0.4769131322,0.6113945109,0.6666228721,0.3613254742,0.5024791691,0.4618141262,0.3454646825,0.2886980872,0.6514023167,0.2373104566,0.7634841885,0.4061204467,0.3122916861,0.3654690243,0.2753424095,0.6986734595,0.7708285276
196,1,1,1,1,1,0.4769827581,0.6115570336,0.6665098506,0.361539438,0.5023734905,0.4616788083,0.3454097952,0.2886273749,0.6515690272,0.2372702914,0.7635334258,0.4061482231,0.3122611823,0.3654969536,0.2755273597,0.6986867884,0.7708275563
196.5,1,1,1,1,1,0.4769948282,0.6114096733,0.6666727261,0.3616335574,0.5022806636,0.4616734987,0.3451875164,0.2885439394,0.6515382743,0.2374149106,0.763496824,0.4059321376,0.3122137329,0.3654838923,0.275490248,0.6986593518,0.7708220701
197,1,1,1,1,1,0.4767932238,0.6114318288,0.66650931,0.3614364156,0.5022227373,0.4617377878,0.3453655797,0.2884971198,0.6515018152,0.2373270844,0.7636490283,0.4060296932,0.3120501928,0.3654586471,0.2754953283,0.6986429188,0.7707727159
197.5,1,1,1,1,1,0.4767530442,0.6115871453,0.6666047561,0.3614298192,0.5021620519,0.461670217,0.3455004034,0.2885309164,0.6517008153,0.2374419552,0.763684025,0.4061359194,0.3121114912,0.3654768652,0.2755966332,0.6988231523,0.7706427228
198,1,1,1,1,1,0.476613661,0.6117212392,0.6667276954,0.3614628509,0.502012747,0.4615840427,0.3453894118,0.2886398969,0.6518583804,0.2374564091,0.7638186455,0.4062557276,0.312210504,0.365302315,0.2754548032,0.6987234832,0.7706078616
198.5,1,1,1,1,1,0.4764887373,0.6116783457,0.6665941461,0.3611786365,0.5017622883,0.4615908511,0.3453332422,0.2885631374,0.6518923386,0.237414748,0.763695145,0.4061955296,0.3120799636,0.3652328468,0.2754967779,0.6988645932,0.7706789694
199,1,1,1,1,1,0.4766225114,0.6117270561,0.6664858087,0.3612778002,0.5017936681,0.4614638221,0.3452845266,0.2884992416,0.6518425504,0.2374358127,0.7638334767,0.4063748612,0.3122242539,0.3653521586,0.2756624903,0.6988462887,0.77071908
199.5,1,1,1,1,1,0.4766749192,0.6117745912,0.6664474517,0.3615419614,0.5018339418,0.4615426904,0.3452729007,0.2884952831,0.6517357176,0.237263615,0.7638759789,0.4065630688,0.3119974167,0.3653817142,0.2757420515,0.6988256193,0.7707244188
200,1,1,1,1,1,0.4766796268,0.6118181211,0.6665234101,0.3612686425,0.5020504004,0.4614357565,0.3451585685,0.2883377755,0.6518893761,0.2370859903,0.7639396123,0.4066487939,0.3120966706,0.3652856836,0.2757897373,0.6987630565,0.7706726242
200.5,1,1,1,1,1,0.4766661776,0.6117491308,0.6666069262,0.3612759504,0.5021305332,0.4614893997,0.3453287586,0.2882980709,0.6517334027,0.2369974165,0.7638548335,0.4066479243,0.3122868821,0.365490479,0.275664,0.6986004797,0.7706461165
201,1,1,1,1,1,0.4765573613,0.6116523669,0.6666041648,0.3614294769,0.5020037982,0.4615774826,0.3453722118,0.2883623172,0.651822992,0.2371165413,0.7638483248,0.4064602702,0.312104042,0.3652996382,0.275655907,0.6985702242,0.7705640889
201.5,1,1,1,1,1,0.4767871687,0.6114158049,0.6666334135,0.3615009976,0.5020567423,0.4613428903,0.3453395971,0.2883870515,0.651668575,0.2371874027,0.7638457898,0.4063871924,0.3120422515,0.3652292406,0.2754983949,0.6984953149,0.7707113855
202,1,1,1,1,1,0.476589898,0.6113455778,0.6666836295,0.3616154651,0.5018486209,0.461252427,0.3452887214,0.2884141334,0.6515479395,0.2370824894,0.7637563952,0.4064984066,0.3120613384,0.3652010127,0.2755496984,0.6985602302,0.7706879796
202.5,1,1,1,1,1,0.4767751245,0.6114820284,0.6666863992,0.3615015053,0.5018113513,0.4613120133,0.3453351154,0.2884426798,0.6517606696,0.2370951966,0.7635969238,0.4063441998,0.3121974211,0.3652058303,0.2753476813,0.698455317,0.770742065
203,1,1,1,1,1,0.4768860137,0.6113853077,0.6666453776,0.3614493172,0.5018580232,0.4612280298,0.3453396711,0.2884110895,0.6518578337,0.2371387025,0.7634878581,0.4063073221,0.3122532474,0.3651489628,0.2752832699,0.6985297154,0.7707630976
203.5,1,1,1,1,1,0.4768921406,0.6113528702,0.6667174962,0.3616312295,0.5019114347,0.4615418271,0.3453547003,0.2886314372,0.6518867908,0.2370243083,0.7633434007,0.4064598424,0.3124101423,0.3652612668,0.2751833787,0.6986111214,0.7706744338
204,1,1,1,1,1,0.4768869958,0.6113653063,0.6667596076,0.3614609693,0.502032575,0.4614152519,0.3452516861,0.2886853511,0.6519835821,0.2370381107,0.7634537456,0.4064445631,0.3122802519,0.3653471091,0.2751275075,0.6988050305,0.7706834244
204.5,1,1,1,1,1,0.4766970225,0.6112794207,0.6667983419,0.3615549839,0.5018587451,0.4613944224,0.345277477,0.288640763,0.6521681125,0.2369507829,0.7635414453,0.4064180613,0.31232627,0.3652270619,0.275425723,0.6989126826,0.7705640022
205,1,1,1,1,1,0.4768247686,0.6113228805,0.6667375931,0.3613667225,0.5018918421,0.4615972393,0.3454708174,0.2886860041,0.6521134484,0.2369763451,0.7635356967,0.406601907,0.3124922934,0.3652499528,0.2754925385,0.6990186942,0.7704447019
205.5,1,1,1,1,1,0.4767102356,0.6115038709,0.666437721,0.3614443529,0.5021301781,0.4615363492,0.3454461271,0.2888063684,0.6520362324,0.2368943959,0.7633567685,0.4066107703,0.312470125,0.3654821578,0.2756865101,0.6992180563,0.7705797735
206,1,1,1,1,1,0.4769038396,0.61133568,0.6666782349,0.3614941868,0.5019732943,0.4614327969,0.3455631094,0.288923676,0.6522108202,0.2367749587,0.7630488272,0.4066255545,0.3123581995,0.3654518708,0.2756547349,0.6990119903,0.7705995141
206.5,1,1,1,1,1,0.4768144299,0.6116010961,0.6665614727,0.3615292203,0.5020815839,0.461363515,0.3455830388,0.2887651433,0.652294717,0.2367226572,0.7632083584,0.4065164749,0.3123970557,0.3652682315,0.2758820505,0.6988967827,0.7705313149
207,1,1,1,1,1,0.4766764268,0.6115322703,0.6665256633,0.3612929606,0.5019191122,0.4616169218,0.3456751406,0.2886840568,0.6521761921,0.2369098795,0.7631815616,0.4065785487,0.3120511119,0.365048431,0.2757677077,0.6989660406,0.7705463242
207.5,1,1,1,1,1,0.4766299214,0.6115758157,0.6665411984,0.3613736441,0.5020026235,0.4617079607,0.3458188622,0.288660027,0.6521973061,0.2370051546,0.7632645916,0.4065385916,0.3122176209,0.3653769736,0.2757207447,0.6990564057,0.7705099923
208,1,1,1,1,1,0.4767961425,0.6115968395,0.6664833482,0.3615292096,0.5020409964,0.4618572054,0.3455738006,0.2884622067,0.6521354508,0.2370307598,0.7633265516,0.4065659728,0.3122278901,0.3653351425,0.2756699796,0.699135227,0.7706575081
208.5,1,1,1,1,1,0.4767123091,0.6114270494,0.6663260871,0.3614738797,0.5021236447,0.4619558382,0.3453248799,0.2884346625,0.6520889617,0.237109307,0.7633311591,0.4064512827,0.3123204051,0.3654418805,0.2757509723,0.699136712,0.7707085133
209,1,1,1,1,1,0.4768660387,0.611399493,0.6664911897,0.361270901,0.5022338837,0.4618059679,0.3453637249,0.2883886552,0.6521595272,0.2367465729,0.7633631028,0.406392246,0.3123526595,0.3654458344,0.2758046831,0.6990780062,0.7706698883
209.5,1,1,1,1,1,0.4769493074,0.6114804416,0.6664322355,0.3612148127,0.5022627715,0.4619369363,0.3456451454,0.2883411891,0.652204589,0.2366803375,0.763445201,0.4064448067,0.3121462252,0.3655176927,0.2760689822,0.6992540621,0.7706107254
210,1,1,1,1,1,0.4771161526,0.6113435267,0.6665236047,0.3612988563,0.5025528827,0.4617905745,0.3458343905,0.288324699,0.6521825587,0.2367412804,0.7635068915,0.4063926153,0.3122031939,0.365408984,0.2758097561,0.6991391391,0.7706164403
210.5,1,1,1,1,1,0.4772885171,0.6113096082,0.6664014328,0.3614272803,0.5024819036,0.4616612634,0.3457266502,0.2884205778,0.6521922519,0.2367346152,0.7634503691,0.4064435086,0.3120837531,0.3653310156,0.2756135119,0.6991532731,0.7703778111
211,1,1,1,1,1,0.4770696349,0.6114853327,0.6665218471,0.3614692094,0.502324941,0.4616950022,0.3457314723,0.2884367841,0.6521234063,0.2368164647,0.7633339561,0.4066503356,0.3120624853,0.3653704287,0.2756943244,0.6990401402,0.7702277953
211.5,1,1,1,1,1,0.4768835608,0.6115560725,0.6663845707,0.3616748706,0.5021528497,0.4615115603,0.3458251438,0.288430534,0.6518966521,0.2366590439,0.7634924672,0.4063821451,0.3121614165,0.3653074976,0.2755820749,0.69903919,0.7701532518
212,1,1,1,1,1,0.4769807958,0.6115524577,0.6664194497,0.3614956144,0.5023255811,0.4613150824,0.3456873939,0.2884388703,0.6518135896,0.2366561602,0.7634520252,0.4066316983,0.3123485248,0.3654826266,0.2756962115,0.6989053281,0.7701880555
212.5,1,1,1,1,1,0.4770592915,0.6115407877,0.6664232307,0.3615066451,0.5022090101,0.4613060213,0.3453595085,0.2883861536,0.6517423388,0.2365589228,0.7633515471,0.4065045202,0.3122696847,0.3654150308,0.2758177425,0.6988508125,0.770215223
213,1,1,1,1,1,0.4768522703,0.6113600321,0.6664640565,0.3612860809,0.5022164712,0.4614365003,0.3454260599,0.2884468891,0.6515846798,0.236641486,0.763399963,0.4063970487,0.3123938035,0.3651187656,0.2759941973,0.6986046758,0.7703062529
213.5,1,1,1,1,1,0.4769438531,0.611521001,0.6666251365,0.3612666209,0.5023076981,0.4613121361,0.3453627991,0.2883855121,0.6515591049,0.2365996283,0.7633153882,0.406446275,0.3123486344,0.3651356491,0.2758674966,0.698575809,0.7704420701
214,1,1,1,1,1,0.4768069272,0.6114617964,0.6665419108,0.3610383234,0.5023048924,0.4613121291,0.3455436773,0.2882650421,0.6517221895,0.2366190592,0.7632875286,0.40655038,0.3123916332,0.3653288253,0.2757585426,0.6984252407,0.770496767
214.5,1,1,1,1,1,0.4768286314,0.6115657203,0.6666487635,0.3611749436,0.5022115728,0.4613563876,0.345410313,0.2885247558,0.6516648182,0.2369438187,0.7633990615,0.4066291058,0.312442458,0.3653260856,0.2756828048,0.6985689114,0.7703945727
215,1,1,1,1,1,0.4767080569,0.611706723,0.6665745482,0.3611689538,0.502284196,0.4614136779,0.3454066375,0.2884177318,0.6517516833,0.2369729431,0.7633744299,0.406668026,0.3125688418,0.3654964037,0.2755919591,0.6987200369,0.7703345741
215.5,1,1,1,1,1,0.4766053671,0.6117654001,0.6663938295,0.3613295202,0.5021604428,0.4615587419,0.3454829098,0.2885874302,0.6517863159,0.2370780668,0.7632551043,0.4067617422,0.3125157131,0.3653305173,0.275515001,0.6987399587,0.7703053121
216,1,1,1,1,1,0.4766081961,0.6115473171,0.6661154865,0.3612861652,0.5023145725,0.4618321701,0.3454767042,0.2885260916,0.6518240028,0.2371092451,0.7631922964,0.4067669496,0.3126575836,0.3653184753,0.2754863012,0.6988900308,0.7701847943
216.5,1,1,1,1,1,0.4765085218,0.6113196453,0.6663111877,0.3611197338,0.5023776663,0.4617145304,0.3454350255,0.2886000636,0.6519099606,0.2370500379,0.7632130675,0.406598955,0.312607033,0.3653196977,0.2754226912,0.6987802161,0.7701706689
217,1,1,1,1,1,0.476610882,0.6114513918,0.6664794327,0.3611075929,0.5023749701,0.4615061674,0.3453398612,0.2884764997,0.6518804943,0.2370997064,0.7632842364,0.4065766583,0.3123471942,0.3654117717,0.2755059085,0.6987070103,0.7702960158
217.5,1,1,1,1,1,0.4768297899,0.6115649309,0.6665458357,0.3610243812,0.502171745,0.4618012709,0.3452506322,0.2883952903,0.6520254845,0.2369482759,0.7632781086,0.4063451231,0.3122448828,0.3652378149,0.2756879796,0.6984440281,0.7703106508
218,1,1,1,1,1,0.476755388,0.6113982151,0.6666300888,0.3610095809,0.5020813448,0.4617308267,0.3453965149,0.2884877877,0.6518208266,0.2369575302,0.7632857288,0.40667799,0.3123881959,0.3653806371,0.2755754701,0.6983100168,0.7702055575
218.5,1,1,1,1,1,0.4767781452,0.6115515905,0.6667131355,0.3613484816,0.5021720023,0.4615905321,0.3454678849,0.2886065763,0.6518627454,0.2372349773,0.7633158796,0.4064342107,0.3124763482,0.3652531371,0.2756790137,0.6981131728,0.7703156022
219,1,1,1,1,1,0.476990622,0.6116218048,0.6665989335,0.3612854378,0.5021054746,0.4616939688,0.3455385128,0.2884883144,0.6516792227,0.2371683128,0.7634003335,0.4065400159,0.3124432452,0.3651210175,0.2756621539,0.6981359161,0.7702672579
219.5,1,1,1,1,1,0.4768834956,0.6115252393,0.6663858425,0.3613107695,0.5021768069,0.4618079849,0.3452234405,0.288557844,0.6519463783,0.2370855224,0.763557961,0.4065552486,0.3124440179,0.3651781628,0.2755918949,0.6980771648,0.7704360691
220,1,1,1,1,1,0.4771744548,0.6116463395,0.6662163772,0.3613570293,0.5020462169,0.4618907467,0.3454668281,0.2886700101,0.6516882835,0.2370141641,0.7637251679,0.4066364224,0.3123885219,0.3651122021,0.2757194902,0.6981263805,0.7704656633
220.5,1,1,1,1,1,0.4770622759,0.6117414904,0.6663347145,0.3613417812,0.5019846556,0.4619595241,0.345614121,0.2886407985,0.6518985857,0.2367879438,0.763904402,0.4067142719,0.3124257312,0.3650827232,0.2757185728,0.6981342023,0.7703701726
221,1,1,1,1,1,0.4769526357,0.6117246816,0.6662112006,0.3614481977,0.5019492091,0.4621549132,0.3456117081,0.288606525,0.6517203858,0.2367654837,0.7638048126,0.4067255577,0.3125262663,0.3649408492,0.2754748173,0.6981962738,0.7703615981
221.5,1,1,1,1,1,0.4769509286,0.6119277296,0.6663731406,0.3614983438,0.5021895644,0.4619900327,0.3456643699,0.2885260357,0.6515662571,0.2369938018,0.76395216,0.4066582888,0.3125710024,0.3647569519,0.2754782549,0.6981776937,0.7705253888
222,1,1,1,1,1,0.4769929541,0.6119138893,0.6666211289,0.3615028839,0.502300002,0.4617748962,0.3455192488,0.2887747904,0.6516988563,0.2370596594,0.7639649846,0.406510349,0.3126604333,0.3651363232,0.2757071254,0.6980224181,0.7706705434
222.5,1,1,1,1,1,0.4769492416,0.6119921543,0.6662767484,0.3616429895,0.5020739476,0.4617126607,0.3454885932,0.2885531591,0.6518241633,0.2371424443,0.7640197807,0.4064647088,0.3127297036,0.3653628213,0.2755764414,0.6981325661,0.7706471298
223,1,1,1,1,1,0.4768789794,0.6119697296,0.6664339102,0.3614387513,0.5021726596,0.4620589256,0.3454926445,0.2885996953,0.651808408,0.2372231637,0.764005507,0.4065073405,0.3126990873,0.3654439563,0.2755192651,0.698116924,0.7705091922
223.5,1,1,1,1,1,0.4769390102,0.6119357271,0.6663468202,0.3615502584,0.5023283625,0.4617391829,0.3454927525,0.2885676522,0.6517491811,0.2372885596,0.7640967937,0.4065972843,0.3126699639,0.3655479159,0.2755088318,0.6981636489,0.7703057119
224,1,1,1,1,1,0.4768525233,0.6116029891,0.6665400421,0.361524416,0.5023183052,0.4619827762,0.345570962,0.288496901,0.6518051368,0.2374616298,0.7640698187,0.4066748755,0.3127312122,0.3653339352,0.2756642532,0.6981461695,0.7703220131
224.5,1,1,1,1,1,0.4768693897,0.6116666649,0.6664037429,0.3616890477,0.5022519375,0.4618493704,0.345657078,0.2883158466,0.6519089262,0.2375335347,0.7639006885,0.406623903,0.3126833553,0.3653162975,0.2756999299,0.6981275892,0.7703424561
225,1,1,1,1,1,0.476790791,0.6115598829,0.6664770129,0.3616471602,0.5022473732,0.4617534781,0.3456114449,0.288396891,0.6517167966,0.2373359204,0.7640510948,0.4064358308,0.3128205811,0.3653785826,0.2755571742,0.698145336,0.7704424693
225.5,1,1,1,1,1,0.4766021589,0.6114345852,0.6665905016,0.361708108,0.5021609552,0.4615969927,0.3455987433,0.2883214403,0.6517014555,0.2374605994,0.7639432532,0.4065894566,0.3125831016,0.3653015667,0.2756382185,0.6981571069,0.7703177656
226,1,1,1,1,1,0.4767220397,0.6114225081,0.6665349659,0.3615833608,0.5022151434,0.4615643002,0.345414696,0.2882351971,0.6514925114,0.2374099252,0.7639431806,0.4066586689,0.3126294494,0.3655432744,0.2756565689,0.6980573687,0.7703242952
226.5,1,1,1,1,1,0.4767726171,0.6113111674,0.6664714719,0.3616164585,0.5022978435,0.4614318249,0.3454811335,0.2882919777,0.6513300321,0.2373698354,0.7640097296,0.4067500307,0.3126639288,0.3654687663,0.275748505,0.6979921288,0.7703090468
227,1,1,1,1,1,0.476708981,0.6114298738,0.666504744,0.3615102157,0.5022373958,0.4615147357,0.3454197968,0.2882385653,0.6514432718,0.2372555244,0.7641384895,0.4066066639,0.312717121,0.3654803577,0.2757360137,0.6979984934,0.7703868772
227.5,1,1,1,1,1,0.4766442078,0.6113715182,0.6663713678,0.3614793793,0.5020708059,0.461654276,0.3454240791,0.2883455343,0.6516262454,0.2373671692,0.7642474093,0.4067177514,0.3128346164,0.3656285626,0.27561978,0.6981643311,0.770363828
228,1,1,1,1,1,0.4765838417,0.6115942491,0.6665078781,0.3614145174,0.5021981769,0.4618933582,0.3453303091,0.2883433551,0.6517708144,0.2372691708,0.7643446604,0.4068033096,0.3127406654,0.3655498006,0.275893622,0.6980990367,0.7703064605
228.5,1,1,1,1,1,0.4768060814,0.611644188,0.6666764746,0.3616054743,0.5023833031,0.4616849807,0.3456273413,0.2884355929,0.6518821934,0.2372186699,0.7644711347,0.4068358688,0.3126637165,0.3656378867,0.2760461924,0.6983098244,0.770284911
229,1,1,1,1,1,0.4767735763,0.6115475103,0.6667029545,0.3616444552,0.5024698179,0.4616596264,0.3456295594,0.2885044572,0.6521003635,0.2371881867,0.764478585,0.4064833007,0.3124925027,0.3655463589,0.2759223067,0.6985454015,0.7701077633
229.5,1,1,1,1,1,0.4768101532,0.6116496287,0.6665123798,0.3615803523,0.5021509713,0.4617678804,0.345602967,0.2886973457,0.6521424971,0.2371596695,0.7645541716,0.406580333,0.3125129796,0.3656024772,0.2759817542,0.6983418686,0.7701325697
230,1,1,1,1,1,0.4768452809,0.6116942406,0.6665726432,0.3616521072,0.5021283933,0.4617029089,0.3455993321,0.2887934314,0.6521742547,0.2371282464,0.7644565684,0.406315222,0.312497261,0.3654601887,0.2758977993,0.6985010245,0.7700521885
230.5,1,1,1,1,1,0.4770841446,0.6117399977,0.6667039612,0.3615540221,0.5023631154,0.4617789335,0.3455478665,0.2887891272,0.6519325225,0.2373314222,0.7645426904,0.4064379062,0.3125324262,0.3655584406,0.2758654718,0.6984294242,0.7700971039
231,1,1,1,1,1,0.4769585052,0.611515061,0.6667262551,0.3616382583,0.5024450305,0.4618113196,0.3455338848,0.2885960215,0.6519207654,0.2372781889,0.7645963541,0.4065981871,0.3126368704,0.3655397896,0.2757947768,0.6985261766,0.7700550807
231.5,1,1,1,1,1,0.4767821966,0.6114590299,0.6667209197,0.3618110981,0.5021569089,0.4619902288,0.3455345856,0.288455547,0.6519939535,0.237254951,0.7645626762,0.4064493336,0.3127036377,0.3656638884,0.2758447579,0.6986391108,0.770232901
232,1,1,1,1,1,0.4768208271,0.6114957882,0.6667474304,0.3616695337,0.5022675993,0.4618022386,0.3458035392,0.2885410707,0.6518467598,0.2371925606,0.7645901965,0.4063659368,0.3125335208,0.3656686703,0.2760000904,0.6986442753,0.7703631759
232.5,1,1,1,1,1,0.4769793892,0.6114535211,0.666714576,0.3617529589,0.5022204842,0.4617509528,0.3457778145,0.2884376689,0.6518941278,0.2371283383,0.764762146,0.4063001158,0.3124987734,0.3654720041,0.2759752149,0.6985078805,0.7703688051
233,1,1,1,1,1,0.4767535942,0.6116867221,0.6666874189,0.3616159314,0.5021208312,0.4617983958,0.3457504944,0.2884889326,0.6517989012,0.2372535153,0.7648430528,0.4063074666,0.3124550358,0.3652980024,0.2759096032,0.698715475,0.7702132605
233.5,1,1,1,1,1,0.476604646,0.6116882849,0.6665557296,0.3613042417,0.5021893391,0.461667697,0.3458105952,0.2885011574,0.6517695946,0.2371820397,0.7647464258,0.4065747628,0.3124742367,0.3654187191,0.2759161607,0.6986793379,0.7703416643
234,1,1,1,1,1,0.4768134557,0.6119454476,0.6667391537,0.3612228666,0.5020852418,0.4617031615,0.3456803712,0.2885735249,0.6518238,0.2371690325,0.7646196164,0.4065495967,0.3125620512,0.3654756544,0.2758798235,0.6987490711,0.7702714294
234.5,1,1,1,1,1,0.4766373035,0.6117658261,0.6667428264,0.3613607706,0.502095005,0.4616973324,0.3455876343,0.2886214045,0.651801364,0.237299827,0.7645887937,0.4066222933,0.3125628619,0.3654491458,0.2758518632,0.698830926,0.7702556974
235,1,1,1,1,1,0.4763294262,0.6116523292,0.6665282315,0.3614971273,0.5022549489,0.4614230226,0.345585493,0.2884739788,0.651852734,0.2371357564,0.7645170328,0.4067710487,0.3124586961,0.3653805421,0.275904494,0.6987248078,0.7701729471
235.5,1,1,1,1,1,0.4763188652,0.6118490312,0.6666116702,0.3613949831,0.5023185837,0.461802343,0.3455805542,0.2884491607,0.6520146835,0.2370065071,0.764564171,0.4067085111,0.3125651991,0.3653203913,0.2757568474,0.6987686418,0.770108385
236,1,1,1,1,1,0.4764376142,0.6118167016,0.6665882863,0.3613660528,0.5022090788,0.4616803327,0.3455318083,0.2884313636,0.6519244434,0.2369336532,0.7645382051,0.4068356654,0.3124397822,0.3653895126,0.2757984961,0.6987454184,0.770043244
236.5,1,1,1,1,1,0.4766270942,0.6116825437,0.6665510313,0.3614170551,0.5020202719,0.4615873524,0.3456313528,0.288436878,0.6518661788,0.236987685,0.764497333,0.4066600129,0.3123724996,0.3654252247,0.275682916,0.6987436258,0.7698926712
237,1,1,1,1,1,0.4763603853,0.6117239507,0.6665537395,0.3615544668,0.5018882042,0.4615082805,0.3457026152,0.288544409,0.6517370506,0.2370582693,0.7643670046,0.4066386959,0.3121607384,0.3652646044,0.2754628381,0.6985772508,0.7699349315
237.5,1,1,1,1,1,0.4763038781,0.6115927498,0.6666081888,0.3615607882,0.501976318,0.4613125358,0.3456929556,0.2883372125,0.6516548163,0.2371350299,0.7644304868,0.4065068655,0.3121600115,0.3652609967,0.275484597,0.698606265,0.7698391598
238,1,1,1,1,1,0.476515232,0.6116682304,0.6665364152,0.361529404,0.5019906243,0.461436114,0.3454827882,0.2884564631,0.6515996404,0.2371616211,0.7643805929,0.4065497997,0.3123114177,0.3654524426,0.2755237815,0.6984238854,0.7698082774
238.5,1,1,1,1,1,0.4766117287,0.6115226833,0.6664680427,0.3616037193,0.5020370139,0.461327845,0.345427613,0.2886284588,0.6515562642,0.2371794368,0.7644581783,0.4065107672,0.3124921937,0.3654696848,0.2754363182,0.6984765758,0.7698049693
239,1,1,1,1,1,0.4766762421,0.6115226528,0.6665136579,0.3615662069,0.5020054854,0.4615461185,0.3453828422,0.2886565883,0.6514565266,0.2370659982,0.7644174735,0.4065756899,0.3124865622,0.3655189784,0.2754729433,0.6984620319,0.7699801503
239.5,1,1,1,1,1,0.4765837919,0.6115238184,0.666405384,0.3614337529,0.5020674134,0.4615233783,0.3452712866,0.2886056563,0.6512610675,0.2371211506,0.7644096149,0.406518461,0.3126990251,0.3655037107,0.2755534499,0.6986576171,0.7699886537
240,1,1,1,1,1,0.4764625365,0.6115183045,0.6663449537,0.3614402623,0.5019151812,0.4617598291,0.3452192388,0.2886606804,0.6510952407,0.237210925,0.7646366409,0.4064795348,0.3126827013,0.3655604362,0.2755525406,0.698575903,0.7699578722
240.5,1,1,1,1,1,0.4767758074,0.611582604,0.6662358757,0.3615538651,0.501903507,0.4618124688,0.3453287307,0.28845504,0.6511450413,0.2372658076,0.7646508954,0.406482459,0.3126927894,0.3653779151,0.2754845829,0.6985877397,0.7699108935
241,1,1,1,1,1,0.4766957627,0.6114910823,0.6664713236,0.3613834304,0.501827726,0.4620331632,0.3453341769,0.2882090489,0.6512644011,0.2374775256,0.7645298347,0.4063245118,0.3125071952,0.3652460833,0.2754436262,0.69864155,0.7700443079
241.5,1,1,1,1,1,0.476653408,0.6115388953,0.6665661236,0.3614827256,0.5019407767,0.4619452849,0.3453669557,0.2882550014,0.6516537518,0.2374851899,0.7645581144,0.4065897153,0.3127080446,0.3651800553,0.2753548738,0.6987688734,0.7700155389
242,1,1,1,1,1,0.476851648,0.6116432,0.6663588676,0.3613664941,0.5019553032,0.4619451594,0.3453232414,0.2882263183,0.6518591687,0.237378079,0.7645440131,0.4067006797,0.3127106503,0.3653144766,0.2753475402,0.6987302562,0.7699758775
242.5,1,1,1,1,1,0.4769836175,0.6117860413,0.6665570126,0.361410947,0.5020155028,0.4618607548,0.3454967326,0.2883844782,0.6517627738,0.2372630545,0.764542281,0.406724801,0.3126057434,0.3651852396,0.2754083231,0.6985329799,0.7699592929
243,1,1,1,1,1,0.476856544,0.6117097854,0.6665283337,0.361514292,0.5022343343,0.4616955323,0.345465681,0.2882162085,0.6517053012,0.2373127207,0.7644886277,0.4067293269,0.3127026007,0.365145787,0.2752534217,0.6985680227,0.7699831649
243.5,1,1,1,1,1,0.4769959694,0.6116897182,0.6667417346,0.36144223,0.5022213967,0.4619884469,0.3452484708,0.2880247314,0.651692376,0.2372106486,0.7646184444,0.4066051559,0.3127271205,0.3652204005,0.2755735675,0.6985655241,0.7700132116
244,1,1,1,1,1,0.4769356515,0.6118973473,0.6666150204,0.3613865815,0.5022995163,0.4618815741,0.345258086,0.2881173404,0.6517965482,0.2372597152,0.7644616648,0.4066672061,0.312408006,0.3653699694,0.2754706637,0.6984394755,0.7701788036
244.5,1,1,1,1,1,0.4767395561,0.6119111062,0.6664141238,0.3612997029,0.5020268693,0.4618123394,0.3454437804,0.2882303611,0.6517763488,0.237277557,0.7643606543,0.4066432075,0.3124114609,0.3654009424,0.2754132266,0.6983639516,0.7702285662
245,1,1,1,1,1,0.4767465129,0.6118637819,0.6664628856,0.3614549124,0.5021758056,0.4618086661,0.3456523212,0.2884078284,0.6517890285,0.2372987732,0.7642195182,0.4067228867,0.3124387636,0.3653785971,0.2755277571,0.6982768667,0.7702625722
245.5,1,1,1,1,1,0.4765610419,0.6118838208,0.6666884764,0.3615650634,0.5020925758,0.4616954732,0.3455886699,0.2884609732,0.6517568477,0.2371929141,0.7642413292,0.4065186458,0.3123495274,0.3653044333,0.2756304583,0.6981915072,0.7703108281
246,1,1,1,1,1,0.4764374151,0.6116418377,0.6664269456,0.3615948074,0.502139552,0.4617822262,0.3456022109,0.2885313847,0.6517077233,0.2373023869,0.764209394,0.406538811,0.3124500901,0.3651781806,0.2755920613,0.6980428441,0.770426615
246.5,1,1,1,1,1,0.4765053464,0.6114791239,0.6663832067,0.3615662237,0.5020999432,0.4618261324,0.3456970061,0.2884787361,0.651523261,0.2372565775,0.7643922276,0.4064462157,0.3123704545,0.3651222083,0.2756329614,0.6980670939,0.770418913
247,1,1,1,1,1,0.4764061607,0.6113937786,0.6664832926,0.3616210945,0.5019936644,0.4617873253,0.3456792076,0.2885915735,0.6514737577,0.2371094519,0.7642820981,0.406319069,0.312600118,0.3652571783,0.275612512,0.6981496989,0.7703902474
247.5,1,1,1,1,1,0.4765290862,0.6114200978,0.6663073442,0.3616028998,0.5023842882,0.46173437,0.3456938192,0.2885493832,0.6514613924,0.2371083597,0.7642704215,0.4059952767,0.3124595863,0.3653571319,0.275627999,0.6982799073,0.7703158658
248,1,1,1,1,1,0.4765178426,0.6114101662,0.6663336842,0.3618146863,0.5023034507,0.4616135834,0.3455595636,0.2884951084,0.6514538115,0.2370986023,0.7641445237,0.4061684172,0.3123063384,0.3652825247,0.275660376,0.6981779765,0.7703586194
248.5,1,1,1,1,1,0.4765009556,0.6116544873,0.6663240571,0.3618777744,0.5020735808,0.4614025886,0.3455011393,0.288559091,0.65146792,0.2370668112,0.7641238829,0.4060611345,0.3125684749,0.3652122588,0.2756652636,0.6982136691,0.7704094822
249,1,1,1,1,1,0.4766472061,0.6115872421,0.6664698199,0.3618682853,0.5020461466,0.4617146993,0.3452426961,0.2885807303,0.6514774982,0.2370426136,0.7639942705,0.4060544304,0.3126824943,0.3650770116,0.2757471997,0.6982404532,0.770380752
249.5,1,1,1,1,1,0.4765894248,0.6113886543,0.6665801396,0.3617051276,0.5020616887,0.4617292428,0.3451669412,0.2885047356,0.6513587857,0.2369427158,0.7638906319,0.4061943071,0.3125388912,0.3651814799,0.2757573903,0.6981896452,0.7703481512
250,1,1,1,1,1,0.4766046786,0.6114667756,0.6665289892,0.3616693269,0.5018050846,0.4615627303,0.3453198713,0.2881700524,0.6515514359,0.236927352,0.7638606846,0.4059789432,0.3126062939,0.3651732678,0.2757662494,0.6981411858,0.7702481915
250.5,1,1,1,1,1,0.4767837349,0.6115028293,0.6665275251,0.3614350908,0.5017717133,0.4617523946,0.345286469,0.2882690935,0.6514744639,0.2366526805,0.7640561377,0.4060251387,0.3125315068,0.3652836426,0.2757510004,0.6981768592,0.7701989974
251,1,1,1,1,1,0.4768074691,0.6116211874,0.6662066491,0.3615281318,0.5020249756,0.4619029481,0.3453226468,0.2882540309,0.651634995,0.2367360158,0.7641453298,0.4061404222,0.312422802,0.365151344,0.2757673862,0.6981907331,0.7702414181
251.5,1,1,1,1,1,0.4767676043,0.6115507576,0.666356617,0.3612988663,0.5018782222,0.4620167333,0.3452805147,0.2881147003,0.651533278,0.2367692653,0.7640840294,0.4061606255,0.3124049543,0.365160084,0.2755062493,0.6982031185,0.7703545585
252,1,1,1,1,1,0.4767325838,0.6114351338,0.6664398944,0.3614516493,0.5018224974,0.4619585572,0.3453217648,0.2882011028,0.6518124269,0.2368531373,0.7639833313,0.4061523679,0.3123873382,0.3649900618,0.2755047641,0.6982061114,0.770481893
252.5,1,1,1,1,1,0.4769549344,0.6115197622,0.6663773142,0.3614433318,0.5020299366,0.4619686708,0.3454829048,0.2883290905,0.6515873183,0.2367954773,0.7641072274,0.4063968221,0.3124428824,0.365111983,0.2755491882,0.6982512144,0.770439317
253,1,1,1,1,1,0.4770542624,0.6116084224,0.6664225405,0.3614865448,0.5019455532,0.4618614683,0.3457959341,0.2884853815,0.6515752676,0.2368926462,0.7641667844,0.4062950104,0.3124719389,0.3649566156,0.2756467362,0.6982982847,0.7704179029
253.5,1,1,1,1,1,0.4768743626,0.6114177012,0.6664121568,0.3614405008,0.5016809962,0.4616998217,0.3456963121,0.2882241626,0.6516920944,0.2370903163,0.7643844823,0.4064828159,0.3121795436,0.3648468886,0.2756358447,0.6983047996,0.7703321914
254,1,1,1,1,1,0.4766284902,0.6114076203,0.6665759852,0.3614544692,0.5016396873,0.461653994,0.3457321819,0.2883444373,0.6516258588,0.2371970332,0.764276036,0.4066874232,0.3122801268,0.3649214934,0.2756608662,0.698355391,0.770441658
254.5,1,1,1,1,1,0.476766989,0.6114595237,0.6663916611,0.3615943864,0.5020695053,0.4616931966,0.3454763139,0.288425341,0.6517004622,0.2369775488,0.7642673293,0.4065271258,0.3122535051,0.3647689579,0.2757146319,0.6982637111,0.7703354622
255,1,1,1,1,1,0.4769845157,0.61157924,0.6663105316,0.3615467586,0.5020479653,0.4616591609,0.3454850584,0.2882550618,0.6516567098,0.2370781109,0.7641620369,0.4063878432,0.31248306,0.3649682444,0.2759012171,0.6982025406,0.770350792
255.5,1,1,1,1,1,0.4766954219,0.6116900662,0.6663409429,0.3616061985,0.5021511579,0.4616588989,0.3454885819,0.2884290227,0.6516769905,0.237303573,0.7640415663,0.4063466432,0.3126687267,0.3652346438,0.2757607004,0.6982883387,0.7702247423
256,1,1,1,1,1,0.4767349255,0.6116384423,0.6662706219,0.3614707943,0.5021036654,0.4617551535,0.3454697499,0.288530172,0.6517323942,0.237290234,0.764065728,0.4062040803,0.3126875194,0.3652108906,0.2758229508,0.6982408775,0.770305003
256.5,1,1,1,1,1,0.476774444,0.6114252472,0.6664452831,0.3614751646,0.5020725707,0.4615526864,0.3453628133,0.2882003326,0.6517473327,0.2372798555,0.7638575888,0.4063373495,0.3126202228,0.3651895576,0.275729489,0.6981572335,0.7703467278
257,1,1,1,1,1,0.4765927679,0.6115540521,0.6664542682,0.3615523712,0.5020893666,0.4615228263,0.3453491051,0.288305767,0.6518253535,0.2372198369,0.7638674187,0.4063218489,0.3124399968,0.3652785438,0.2758878708,0.6981442441,0.770538604
257.5,1,1,1,1,1,0.4764283333,0.6113662328,0.6664221636,0.3615562208,0.5021037824,0.4613850837,0.3453864696,0.2882683672,0.6517943427,0.2373709382,0.7638955642,0.4062857757,0.3124270825,0.3652040187,0.2759253212,0.6982233688,0.7705238691
258,1,1,1,1,1,0.4764975119,0.6112854506,0.6663322418,0.3614479667,0.5019421548,0.4613959045,0.3455437934,0.2883584888,0.6517724909,0.237230375,0.763727596,0.4063416842,0.3125102513,0.3652198321,0.2757860875,0.6982512616,0.7703902558
258.5,1,1,1,1,1,0.4767636736,0.6111906422,0.6664533166,0.3613589296,0.5017800127,0.4614501648,0.3454028691,0.2886324293,0.6518777003,0.237214638,0.7636823372,0.4064770094,0.3124838196,0.3653378295,0.275716939,0.6981969277,0.7704802142
259,1,1,1,1,1,0.4764782506,0.6113305096,0.6663391461,0.3614670762,0.5020428356,0.4615894358,0.3451285204,0.2887607301,0.6517367062,0.2372942228,0.7637504313,0.4066069492,0.3124114356,0.3653757655,0.2756557057,0.6981339492,0.7704122208
259.5,1,1,1,1,1,0.4765937843,0.6113049955,0.6662333813,0.361613471,0.5018984656,0.4614506304,0.3452146412,0.2885536466,0.651763748,0.2374266858,0.7637100946,0.4064009962,0.3123647589,0.3654186041,0.2757470962,0.6982649713,0.7704739106
260,1,1,1,1,1,0.4767736347,0.6113224964,0.6663925763,0.3615856742,0.5019373499,0.46152985,0.3452436368,0.2885873412,0.6518521735,0.2374955946,0.7636068098,0.4062263499,0.3124791724,0.3655444191,0.2758393307,0.6982460638,0.7704905317
260.5,1,1,1,1,1,0.476842816,0.6114119773,0.6664714379,0.3615867723,0.5020675709,0.4616778525,0.3453318284,0.2883559673,0.6519293709,0.2374854952,0.763590599,0.4062918624,0.3123163393,0.3653925544,0.2758091869,0.6981533644,0.7708398128
261,1,1,1,1,1,0.4766144081,0.6112973608,0.6664431575,0.3617787233,0.5022257822,0.461589394,0.345474045,0.2882129538,0.6520420707,0.2373824562,0.7635517126,0.406297764,0.3124236407,0.3654950038,0.2757732349,0.6981762631,0.7707343132
261.5,1,1,1,1,1,0.4764240685,0.6113871566,0.6665240432,0.361721289,0.5021359765,0.461780039,0.3452578986,0.288259204,0.6520050445,0.237157181,0.7635857493,0.4063256033,0.3125130423,0.3657554895,0.2757463005,0.6981117696,0.7707634833
262,1,1,1,1,1,0.4764637777,0.6116487024,0.6664638903,0.3615946521,0.5020557901,0.4614642124,0.3453257791,0.2884872973,0.6520113767,0.2371459027,0.76348627,0.4064023476,0.3125401978,0.3656061257,0.2755629378,0.6983126647,0.7708129937
262.5,1,1,1,1,1,0.4760509247,0.6115315153,0.6664823454,0.3616484423,0.5021535035,0.461235463,0.3454223882,0.2884416612,0.652006171,0.2372090189,0.7633966658,0.4065052883,0.3126518261,0.3654873935,0.2756745493,0.6982764189,0.7707342532
263,1,1,1,1,1,0.4761013461,0.6117067165,0.6664719993,0.3616028574,0.5020563082,0.461389263,0.3453681121,0.2885045962,0.6520421205,0.2372994305,0.763334446,0.406526357,0.3126418132,0.3655767484,0.2755745841,0.69817502,0.7708640646
263.5,1,1,1,1,1,0.4762773148,0.6115224807,0.6666165121,0.3614828174,0.5021224112,0.4617682805,0.3453352188,0.288538619,0.6519134091,0.2371220253,0.7634124852,0.4064154695,0.3126372608,0.3656281637,0.275587597,0.6980717017,0.7709119852
264,1,1,1,1,1,0.4762196217,0.6118717833,0.6667940104,0.3615235616,0.5023022698,0.4614870512,0.345214938,0.2882983719,0.6519788145,0.236950005,0.7633624851,0.4065336067,0.3125793854,0.3657346706,0.2756367009,0.6981000799,0.7707857463
264.5,1,1,1,1,1,0.4763274567,0.6120007091,0.6669546291,0.3615335461,0.5022166872,0.4614411253,0.3452829836,0.2883960463,0.651943331,0.2369563379,0.7634062665,0.4064814,0.3124648491,0.3657431368,0.2756283863,0.6982694782,0.7707589872
265,1,1,1,1,1,0.4763765092,0.6118753698,0.6666824575,0.361385498,0.5023562565,0.4611802148,0.3450668277,0.288459501,0.6516921177,0.2370166053,0.7633570222,0.4063826745,0.3125965178,0.3655772786,0.2754861101,0.6982522416,0.7708680446
265.5,1,1,1,1,1,0.4764820515,0.6117534268,0.6667162647,0.3616805615,0.5022067028,0.4610929609,0.3451323322,0.2885845898,0.6517031191,0.2368840438,0.7633314538,0.4063767641,0.3125944922,0.3656229194,0.27537918,0.6982147247,0.7708501834
266,1,1,1,1,1,0.4765920751,0.6115387108,0.666883273,0.3616320676,0.5023266184,0.461417111,0.3449560927,0.2885354791,0.651582306,0.236904925,0.7633182334,0.4063014747,0.3127276125,0.365656652,0.2755409623,0.6983026188,0.7709071777
266.5,1,1,1,1,1,0.4764570436,0.6112729032,0.6665835565,0.3615666176,0.5023133616,0.4615086485,0.3452567669,0.2886076044,0.6515538097,0.2370709865,0.7632715524,0.4062071252,0.3126862251,0.3655417701,0.2754360126,0.6981116354,0.7709523999
267,1,1,1,1,1,0.4763444444,0.6112968535,0.6665667007,0.3615822424,0.5023011245,0.461384742,0.3453220726,0.2886681858,0.651448075,0.2368936033,0.7632985475,0.4062686482,0.3125129584,0.3655205925,0.2754445941,0.6982526232,0.7709086013
267.5,1,1,1,1,1,0.4762125156,0.6115439948,0.6666262826,0.3616147393,0.5019545896,0.4613247806,0.3451596672,0.2886050731,0.6514373197,0.2370326081,0.7632491516,0.4064634923,0.3123831985,0.3655436236,0.2756312578,0.6983545121,0.770870523
268,1,1,1,1,1,0.4762742257,0.6115499574,0.666521466,0.3615432537,0.5019369439,0.4613993358,0.3451275039,0.2885390522,0.6513288798,0.237114237,0.7633661223,0.4064208099,0.3123354086,0.365673102,0.2758058058,0.698245393,0.7709666143
268.5,1,1,1,1,1,0.4763394418,0.6113500891,0.6663570047,0.3615158295,0.5020341955,0.4616448016,0.3451823508,0.2885836643,0.6515469056,0.2372406645,0.7633254568,0.406576274,0.3123492981,0.3655741265,0.2757818199,0.6980676626,0.7709424513
269,1,1,1,1,1,0.4764818066,0.6115070042,0.6663013997,0.3616548481,0.5020855497,0.461747931,0.3450659207,0.2885069308,0.6517091253,0.2373170388,0.7633993917,0.4064490965,0.3123875794,0.3656773706,0.2754338639,0.6980267612,0.7710075995
269.5,1,1,1,1,1,0.4764426199,0.6113962849,0.6664414162,0.3616347874,0.5021544375,0.4617647999,0.3452240321,0.2884000208,0.6516743442,0.2371235834,0.7633462094,0.4063601172,0.3123901916,0.3656140429,0.2756185756,0.6982318723,0.7708935261
270,1,1,1,1,1,0.4765073961,0.611611918,0.6664739125,0.3616385537,0.5022210715,0.4619152741,0.3454108779,0.288367905,0.6515829344,0.2370915601,0.7634008997,0.4062216192,0.3122948948,0.3655320508,0.2756140752,0.6984884283,0.7709614472
270.5,1,1,1,1,1,0.4764297234,0.6117242154,0.6665157559,0.3615819458,0.5023562268,0.461551578,0.3453733842,0.2882286133,0.6516983628,0.2368609639,0.763560051,0.4063122193,0.3122711687,0.3656795421,0.2756590823,0.698579393,0.7710199549
271,1,1,1,1,1,0.4765571869,0.6118053867,0.6663352735,0.3616376896,0.5023529078,0.4616558531,0.3454526689,0.2880954474,0.6517062431,0.2368886798,0.7636341266,0.406398278,0.312459035,0.3653125553,0.275702544,0.6983885608,0.7711382943
271.5,1,1,1,1,1,0.4765972434,0.6118327658,0.666379283,0.3614536015,0.5022002286,0.4615328899,0.3452726825,0.2880779246,0.6517964784,0.2371255092,0.7634875498,0.4063909221,0.3123298588,0.3651800124,0.2754844886,0.6982402139,0.7712893459
272,1,1,1,1,1,0.4764959849,0.6116683553,0.6664547112,0.3616825754,0.5021175132,0.461651108,0.3453499963,0.2882602759,0.651953554,0.2370042124,0.7635126117,0.4063801262,0.3122986842,0.3651483268,0.2755712954,0.6982566017,0.7711899573
272.5,1,1,1,1,1,0.4764043024,0.6116386751,0.666546401,0.3616730667,0.5021430766,0.461774604,0.3454401099,0.2882805071,0.6519552451,0.2368840635,0.7635158137,0.406350892,0.3123558434,0.3650691191,0.2755033837,0.6983352405,0.7712117828
273,1,1,1,1,1,0.4764051551,0.6117232413,0.6665631593,0.3616546469,0.5021447833,0.4617954322,0.3454615099,0.2883732171,0.6519502204,0.2368087063,0.7635579858,0.4063453755,0.3123620646,0.3652584836,0.2756167304,0.6983430722,0.7708844428
273.5,1,1,1,1,1,0.4766372521,0.6117894416,0.6666380341,0.3617223648,0.5021206892,0.4617538853,0.3453028113,0.2883280212,0.6521318955,0.2367326652,0.7635668766,0.4064618714,0.3123830217,0.3652011546,0.2755104573,0.6982886661,0.7707607652
274,1,1,1,1,1,0.4767745487,0.6118625266,0.6666148131,0.3614839059,0.5023367922,0.4618566989,0.3453438695,0.2885723581,0.6520272413,0.2367145133,0.7637158592,0.4063624861,0.3124315094,0.3651963745,0.275416791,0.6981453769,0.7707010324
274.5,1,1,1,1,1,0.4766480881,0.6118165,0.6667309751,0.3615673949,0.502213621,0.4616952124,0.3453260845,0.2886065275,0.6520809114,0.2365943855,0.7636151462,0.4062775357,0.3125147778,0.3652862019,0.2752609375,0.6979369786,0.7707247425
275,1,1,1,1,1,0.4767745828,0.6116843947,0.6667967829,0.3615569994,0.5021684327,0.4616297793,0.345188583,0.2886652512,0.6519882457,0.2367186179,0.7637248024,0.406398347,0.3125392774,0.3651831924,0.275255592,0.6980510524,0.7705256728
275.5,1,1,1,1,1,0.4765999639,0.6115836071,0.6665513885,0.3615599546,0.5022637704,0.4617429424,0.3453121537,0.2883773365,0.6522085659,0.2368894484,0.7635978384,0.4062689568,0.3124620661,0.365000553,0.2751682358,0.6980268449,0.7705953854
276,1,1,1,1,1,0.4765171171,0.6113564815,0.6664402801,0.3616694403,0.5020490495,0.4615363237,0.345362164,0.2884186978,0.6521601754,0.2368838092,0.7636666772,0.4062369759,0.3126325747,0.365002022,0.275207774,0.6982303457,0.7706961548
276.5,1,1,1,1,1,0.476684554,0.6114122163,0.6664746408,0.3615693621,0.5020809409,0.4614484702,0.345544105,0.2885961733,0.6521547116,0.2368958564,0.7636486575,0.4061846543,0.3125461288,0.3650519173,0.2754315052,0.6981334865,0.7706258391
277,1,1,1,1,1,0.4766784578,0.6114133467,0.6664462682,0.3616795631,0.5023630654,0.4615503421,0.3455724227,0.2886710638,0.6519994369,0.237006683,0.7636790362,0.4063415007,0.3122367651,0.3652838668,0.2753288321,0.6978777353,0.7706467168
277.5,1,1,1,1,1,0.4767482176,0.6114877273,0.66640428,0.3616269138,0.5024029737,0.461721067,0.3454248539,0.288740765,0.6520432827,0.2370271261,0.7636962424,0.4064116989,0.3124212893,0.3651076119,0.2756388832,0.6980823499,0.7707253415
278,1,1,1,1,1,0.4766449083,0.6116009517,0.6664176624,0.3615272427,0.5023131296,0.4616602696,0.3453751902,0.2885086833,0.6522492746,0.2371142488,0.7636001965,0.406398866,0.3124752761,0.3651362792,0.2756331031,0.6982190275,0.77067487
278.5,1,1,1,1,1,0.4766850002,0.6119305011,0.6663116883,0.3616299627,0.5022702595,0.4617025051,0.3454492645,0.2885268941,0.652143794,0.2371333137,0.7636302102,0.4062467965,0.3124563761,0.3653633258,0.2754915937,0.6983885316,0.7707748333
279,1,1,1,1,1,0.4767149773,0.6118559139,0.6664126022,0.3615654783,0.5023570896,0.4616350359,0.3455010858,0.2883551027,0.651999618,0.2370428375,0.7637045253,0.4062042408,0.3124619723,0.3653165875,0.2755170448,0.6983426736,0.7706197075
279.5,1,1,1,1,1,0.4767348749,0.6118063699,0.6664765261,0.3614770767,0.5022761362,0.4615666714,0.3455804003,0.2884036056,0.6520195791,0.2368152737,0.7638092657,0.4063348309,0.3125099226,0.3655240717,0.2757206952,0.6985220633,0.7706559869
280,1,1,1,1,1,0.476566026,0.6117530077,0.6666319806,0.3615292701,0.502556716,0.4616597369,0.3454314434,0.2883938068,0.6521701609,0.2367151454,0.7639972451,0.406451278,0.3126124796,0.3654563917,0.2758618362,0.6984790125,0.7706156206
280.5,1,1,1,1,1,0.4766090382,0.6116305559,0.6665805075,0.3615502224,0.5022842467,0.461563996,0.345314913,0.2882848803,0.6520946299,0.2368217869,0.7640168233,0.4063119091,0.3125568659,0.365471885,0.2759489988,0.6986439364,0.7705931534
281,1,1,1,1,1,0.4766300513,0.6118957905,0.6664811014,0.361689259,0.5023242543,0.4616933413,0.3454124915,0.2883927123,0.6521020639,0.2366568219,0.7637596841,0.4062905488,0.3121987179,0.3655542222,0.275899938,0.6986870073,0.7705016727
281.5,1,1,1,1,1,0.4763087344,0.6117006213,0.6665435454,0.3617204895,0.5023869083,0.4618024078,0.3454314549,0.2884427575,0.652061575,0.2366865048,0.763725703,0.4063026743,0.3122363006,0.3654726645,0.2758741252,0.6986976298,0.7706633141
282,1,1,1,1,1,0.4764058684,0.6115248355,0.6664405864,0.3616567172,0.5023819881,0.462008263,0.345353099,0.2884336819,0.6521450803,0.2368696974,0.7637755228,0.4062344565,0.3121353892,0.3655731766,0.2757281344,0.6988082342,0.7708063162
282.5,1,1,1,1,1,0.4765151654,0.6114467132,0.666732027,0.3616428002,0.5022840499,0.462318737,0.3453832016,0.2880870068,0.6521923073,0.2369200304,0.7636520444,0.4062643479,0.3121732857,0.3655545222,0.2757506221,0.6987701906,0.77087128
283,1,1,1,1,1,0.4768776108,0.6115128054,0.6665621934,0.3617534446,0.5020927756,0.4623064517,0.3452732412,0.2879710868,0.6519016056,0.2369111921,0.7636344577,0.4061453966,0.3122102695,0.3653970311,0.2756010117,0.6988062512,0.770753528
283.5,1,1,1,1,1,0.4767788168,0.6113425035,0.6666709602,0.3616565424,0.5020904673,0.4617729387,0.3451783494,0.2880718625,0.6518090484,0.236746989,0.7635864173,0.4062922555,0.3121551132,0.3653265657,0.2756299502,0.698744513,0.7708430577
284,1,1,1,1,1,0.4766454717,0.6115240753,0.6665642749,0.3615033498,0.5023950371,0.4619501291,0.345366483,0.2881798691,0.6517216828,0.2368078838,0.7634358879,0.4065309923,0.3121169296,0.365077927,0.2756408378,0.6986477439,0.7709137788
284.5,1,1,1,1,1,0.4767102306,0.6116783219,0.6664975689,0.3614987902,0.5025047864,0.4619467989,0.3453547554,0.2881724043,0.6518928914,0.2366932526,0.7634631428,0.4064883459,0.3125842423,0.364985186,0.2753959562,0.6986195859,0.7708180298
285,1,1,1,1,1,0.4767725574,0.6115916508,0.6664855383,0.3616724452,0.5024641277,0.4617652151,0.3454469525,0.2882981358,0.6518720119,0.2367396567,0.7633852477,0.4066602849,0.3123738101,0.3648701831,0.2752960057,0.6985138737,0.7708643396
285.5,1,1,1,1,1,0.4767138326,0.6117000018,0.6664575699,0.3615900886,0.5025031383,0.4617564277,0.3454043196,0.2881964295,0.6517708365,0.236893762,0.7634092135,0.4066408523,0.3124713742,0.3650833283,0.275222334,0.6983417088,0.7708761849
286,1,1,1,1,1,0.4768051893,0.6114722357,0.6662735759,0.3618692749,0.5024489785,0.461747086,0.3455279912,0.2882902942,0.6519487036,0.236859207,0.7632642148,0.4066430173,0.3125236636,0.3652335868,0.2753176748,0.698320946,0.7707314601
286.5,1,1,1,1,1,0.4768609871,0.6114392379,0.6662584361,0.3617307915,0.5022477409,0.4618213271,0.3456293909,0.2883955529,0.652046333,0.2370902619,0.7632992913,0.4066895749,0.3125213916,0.3651846606,0.2753308078,0.6983388434,0.7708168554
287,1,1,1,1,1,0.4767985644,0.6116116038,0.6662375977,0.3617515722,0.5022612312,0.4617684199,0.3456750742,0.2883872769,0.6519449803,0.2371318446,0.7633647694,0.4065554955,0.3125297892,0.365223972,0.2754073338,0.698398278,0.7708695386
287.5,1,1,1,1,1,0.4766727524,0.6114812016,0.6662392273,0.3617674952,0.5023479399,0.461678519,0.3457373392,0.2884851145,0.6522747063,0.2371299579,0.763276157,0.4062873833,0.3123327121,0.3651881658,0.2753642019,0.698400214,0.7709514137
288,1,1,1,1,1,0.4767868983,0.6114164003,0.6662291065,0.3615714237,0.5024419396,0.4616160403,0.3457149379,0.2885525647,0.652342942,0.2370905501,0.7633697479,0.4063090691,0.3123509203,0.3652546284,0.2753538605,0.6984459973,0.7709067783
288.5,1,1,1,1,1,0.476563029,0.6114499738,0.6665564927,0.3615012631,0.5023217101,0.4615883576,0.3457207886,0.2885873018,0.6523980765,0.2371177948,0.7632033738,0.4063039423,0.3123363995,0.3653380312,0.2755293765,0.6984642648,0.7706946047
289,1,1,1,1,1,0.476570798,0.6117620865,0.6667677415,0.3614092976,0.5021752483,0.461501822,0.3456607844,0.2885877989,0.6522125743,0.2369455142,0.7632139766,0.4063557516,0.3124774581,0.3653152434,0.2756621461,0.6983696775,0.7708857991
289.5,1,1,1,1,1,0.4765778934,0.611618921,0.6668402608,0.3615553751,0.5022062517,0.4615909566,0.3455774201,0.2885870306,0.652168475,0.2369651269,0.7631998128,0.4062995097,0.3124090474,0.365390109,0.2754696728,0.6983661826,0.7707248826
290,1,1,1,1,1,0.476415622,0.6115708624,0.6668284204,0.3615036953,0.5021217578,0.4619055018,0.3455557334,0.2886794012,0.6521454961,0.2369545942,0.7631196729,0.406287538,0.3122587015,0.3654726715,0.2754975543,0.6982331511,0.7706187188
290.5,1,1,1,1,1,0.4764156929,0.6116802776,0.6666554564,0.3613887241,0.501998928,0.4618730267,0.3456155887,0.2885942481,0.6523260328,0.2368728916,0.7631690837,0.4064914042,0.3124650539,0.3654203274,0.2753030185,0.698284454,0.7707080979
291,1,1,1,1,1,0.4765757654,0.6117096473,0.6666348064,0.3615440969,0.502064504,0.4616882379,0.345541175,0.2883059661,0.6523889211,0.2368204068,0.7630452478,0.4064428954,0.3125094141,0.3655239402,0.2754232342,0.698041813,0.7707296216
291.5,1,1,1,1,1,0.4767164048,0.6115756635,0.6666014406,0.3614948476,0.5020545198,0.4617681249,0.3456734863,0.2883277884,0.6522547123,0.2366566773,0.7628693304,0.4062957537,0.3125014538,0.365440784,0.2754483996,0.6981800174,0.7705346781
292,1,1,1,1,1,0.4767031306,0.6115178192,0.6663333539,0.3612673688,0.5021691915,0.461927136,0.3456558622,0.2884011782,0.652239284,0.2367229554,0.7629153132,0.4063805812,0.3124067345,0.3655021591,0.275378375,0.6982624553,0.7704967553
292.5,1,1,1,1,1,0.476673982,0.6115412977,0.666429744,0.3612783485,0.5020232692,0.4616392056,0.3456737187,0.288476371,0.6522633258,0.236794822,0.7630426058,0.406246377,0.3124107104,0.3656442179,0.2753249096,0.6983559099,0.7704409915
293,1,1,1,1,1,0.4766585262,0.6116609583,0.6664268538,0.3615548258,0.5020115185,0.4615713833,0.3455422713,0.2884289143,0.6522577032,0.2367769217,0.7631006978,0.4062885287,0.3124220569,0.3655731978,0.2752948655,0.6982869888,0.7704314054
293.5,1,1,1,1,1,0.4766379465,0.6118444398,0.6665579976,0.3617163122,0.5019628111,0.4614648953,0.3453535394,0.2884112927,0.6521432116,0.2367770153,0.7631615705,0.4061763275,0.3125933897,0.3654576977,0.2752945825,0.6984834328,0.7703364863
294,1,1,1,1,1,0.4767220356,0.6118878159,0.6665352157,0.3617626391,0.502023769,0.4616180874,0.3454899995,0.2886068897,0.6521047137,0.2368432965,0.7632055241,0.4064068412,0.3125778377,0.3653508944,0.2752254523,0.6985999865,0.7705161233
294.5,1,1,1,1,1,0.4767349845,0.6119731912,0.6662983379,0.3617200768,0.5020337219,0.4616134349,0.3456617676,0.2887126109,0.6522040426,0.2368572281,0.7631351438,0.4064384509,0.3126325569,0.3651836353,0.2753343171,0.6985832388,0.7703897643
295,1,1,1,1,1,0.4766421005,0.6119586197,0.6662707948,0.3617000691,0.5018612522,0.4615424055,0.3457144526,0.2886664771,0.6523661547,0.2368396301,0.7630410304,0.4062882051,0.3125531316,0.3652377273,0.275414874,0.6987712371,0.770415018
295.5,1,1,1,1,1,0.4765147502,0.6118814685,0.6665910453,0.3614393951,0.501986014,0.4616418237,0.3456010145,0.2886638258,0.6524397093,0.2368452352,0.7630901577,0.4061448554,0.3124668223,0.3651099204,0.2754218452,0.6987152167,0.7704796293
296,1,1,1,1,1,0.4765738467,0.6117392249,0.6665716735,0.361465302,0.5020008052,0.4615479627,0.3455605674,0.2885988642,0.6523549626,0.2368768931,0.763189633,0.4063036205,0.3127314556,0.3650330365,0.2755112579,0.6986543143,0.7705496678
296.5,1,1,1,1,1,0.4763683543,0.6115647536,0.6664984413,0.3615202868,0.5020046233,0.4614902047,0.3454815689,0.2887259992,0.6522998313,0.2368878983,0.7633976619,0.4065266735,0.3126570085,0.3652743484,0.2753854206,0.6986263246,0.7705536011
297,1,1,1,1,1,0.4763330189,0.6112195585,0.6666281312,0.3617086059,0.5019466935,0.4614661533,0.3455279234,0.2887466795,0.652269496,0.2369344766,0.7636415921,0.4061802226,0.3126972691,0.365280132,0.2754404002,0.6984607569,0.7707377436
297.5,1,1,1,1,1,0.4764909542,0.6112173063,0.6665787511,0.3616707141,0.5020361371,0.4615740248,0.3454234256,0.2887519624,0.6522927866,0.2368172218,0.7636488396,0.4061077378,0.3126147398,0.3652297528,0.2752908007,0.6984916753,0.7708393217
298,1,1,1,1,1,0.4764520027,0.6113599485,0.6664024622,0.3615801386,0.5020274371,0.4616605545,0.3454529845,0.2888034858,0.6521128173,0.2367391657,0.7637594678,0.4061905822,0.3125068268,0.3649081012,0.275430331,0.6985649984,0.7707193493
298.5,1,1,1,1,1,0.4767366589,0.6115445896,0.6664937883,0.3618069238,0.5022190572,0.461791816,0.3453074556,0.2887687971,0.6520963969,0.2368305955,0.7639077751,0.4062173086,0.3125711234,0.3648707012,0.2754815092,0.6988173161,0.7706853541
299,1,1,1,1,1,0.4768082697,0.6115407245,0.6666194838,0.3614292257,0.5023426478,0.4617968202,0.3454434758,0.2886924156,0.6520109705,0.2369326145,0.7637667919,0.4063099382,0.312493324,0.3649539574,0.2756324946,0.6986636216,0.7706916433
299.5,1,1,1,1,1,0.476818663,0.6114135704,0.6666677153,0.3612816981,0.5022276834,0.4619115779,0.3454785557,0.2887057779,0.6519034962,0.2372821689,0.7636738949,0.4063731078,0.3124723964,0.3649941828,0.2754736136,0.6984315311,0.7706659138
300,1,1,1,1,1,0.4767059634,0.6113298747,0.6666485063,0.361228642,0.5021696554,0.4618900757,0.3454545704,0.2887565149,0.6520674684,0.2371983908,0.763638561,0.4064395212,0.312318966,0.3649351593,0.2754480352,0.698474187,0.7706014005
300.5,1,1,1,1,1,0.4766679915,0.6115143822,0.6665719095,0.3615182815,0.5020204424,0.4617140329,0.3453911862,0.2887722308,0.6520899961,0.2372667605,0.7636809397,0.4063837496,0.3125394626,0.3650792169,0.275556552,0.6985520142,0.7705719923
301,1,1,1,1,1,0.4768236109,0.6115718855,0.6664180316,0.361450795,0.5021403471,0.4614143103,0.3453861332,0.2886180911,0.65201498,0.2372488056,0.7636898711,0.4065349311,0.3125338486,0.3651474837,0.2754725118,0.6986066655,0.7705766604
301.5,1,1,1,1,1,0.4768827716,0.6115353812,0.6664590248,0.3613990611,0.5022040108,0.4616072183,0.3454454733,0.2885601406,0.6519556497,0.2371524604,0.7637856417,0.4064324376,0.3125739227,0.3653395453,0.275711729,0.6988214129,0.7705258756
302,1,1,1,1,1,0.4768319786,0.6115255812,0.6665695039,0.3615273346,0.5021687531,0.4617844161,0.3454175287,0.2885102771,0.6519435583,0.2372529607,0.7637471793,0.4064960361,0.3126860422,0.3652508064,0.275708418,0.6987694335,0.7703695712
302.5,1,1,1,1,1,0.4766607448,0.6115193768,0.6664806932,0.361575989,0.5023580109,0.4617644686,0.3456159322,0.2885567532,0.6518972617,0.2372465041,0.7638759647,0.406396355,0.3124745992,0.3652251193,0.2758325231,0.6986980996,0.7703405225
303,1,1,1,1,1,0.4767355055,0.6113714399,0.6664761424,0.361587419,0.5023293069,0.4616628749,0.3456283576,0.2884960261,0.6518847764,0.2371438535,0.7638495744,0.4064290683,0.3124061318,0.3652868369,0.2758114226,0.6986932902,0.7705175332
303.5,1,1,1,1,1,0.4765957422,0.6116022522,0.6663796796,0.3614100887,0.5022499783,0.4615723916,0.3455615382,0.2885458279,0.6517994808,0.2371981668,0.7638892999,0.4064625898,0.3124651532,0.3652011963,0.2757764733,0.6986239089,0.7704595066
304,1,1,1,1,1,0.4768453155,0.6115960598,0.6663212318,0.3614495345,0.502266682,0.4614990772,0.3455465278,0.2884193238,0.6518095273,0.2372121414,0.7639025001,0.406455343,0.3125774547,0.3653490369,0.275688373,0.6985326602,0.7705181493
304.5,1,1,1,1,1,0.4767740647,0.6114936026,0.6664335925,0.361284533,0.5023371738,0.461631248,0.3454833351,0.2886683786,0.6519555636,0.2373489071,0.7637662062,0.4062792897,0.3125217655,0.3654360434,0.2755978422,0.6984287114,0.7704763354
305,1,1,1,1,1,0.4767213024,0.6117789402,0.6666402915,0.3611821074,0.5022033217,0.4613690691,0.3455457234,0.2887125513,0.6517560236,0.2372897816,0.763506207,0.4063654212,0.3124001125,0.3653993168,0.275554689,0.6985488494,0.7705058702
305.5,1,1,1,1,1,0.476648004,0.6117727877,0.6666102468,0.3614096977,0.5021967177,0.4612354403,0.3456076576,0.2888531678,0.6517138768,0.2372972592,0.7634943493,0.4063826214,0.3124111539,0.365277747,0.2756941034,0.6985102779,0.7705039234
306,1,1,1,1,1,0.476595179,0.6115061931,0.6665062689,0.361412483,0.5022256036,0.461286541,0.3456855946,0.2887275279,0.6517104622,0.2373505194,0.7635190278,0.4062726456,0.3123961836,0.3650101589,0.2756781672,0.6984909714,0.7705010367
306.5,1,1,1,1,1,0.4767089485,0.6117280022,0.6664750397,0.361431153,0.5022238489,0.461279964,0.3458489746,0.2885318808,0.6517087282,0.2373683601,0.763727824,0.4064878011,0.3124715242,0.3650519031,0.2756448995,0.6984785396,0.7704692455
307,1,1,1,1,1,0.476628487,0.611686081,0.666784288,0.3615538246,0.5021207236,0.4614085497,0.3457446231,0.2885080877,0.6517273154,0.2372748859,0.7635376787,0.4065684825,0.3123494135,0.3652945957,0.2760027736,0.6984771869,0.7704444906
307.5,1,1,1,1,1,0.4766304886,0.6117763617,0.6669892546,0.3617786949,0.5021243621,0.4615691463,0.3456857439,0.2886327627,0.6516859453,0.2372794983,0.7636460834,0.4064372189,0.3124806758,0.3653832444,0.2759612376,0.6984628658,0.7702676594
308,1,1,1,1,1,0.4765900923,0.6118459391,0.6668086965,0.3615543521,0.5019858265,0.4617356636,0.3455108229,0.288415833,0.6519819413,0.2372865473,0.7638483964,0.4064355124,0.312532051,0.3652589825,0.2758361742,0.6985483356,0.7702991459
308.5,1,1,1,1,1,0.4767842302,0.6118884594,0.6666388168,0.3615305564,0.5018525257,0.4615208301,0.3456595298,0.2883770282,0.6520076091,0.2372298708,0.7638195267,0.4067118947,0.3125725276,0.3652184391,0.2758707131,0.6987915914,0.7703413106
309,1,1,1,1,1,0.4766822855,0.6117972476,0.6666551634,0.361665635,0.5022434403,0.4617330588,0.3454017662,0.2885733596,0.652190929,0.2371431547,0.7637800324,0.4062534447,0.3124598544,0.3652282207,0.2761396812,0.6987047525,0.7702625425
309.5,1,1,1,1,1,0.4767774718,0.6115119075,0.6666962341,0.3617607412,0.5022785675,0.461751923,0.3452860738,0.2885244297,0.6522743706,0.2371039481,0.7636384455,0.4065643632,0.3125187601,0.3650876341,0.2760724724,0.6986804768,0.7702182184
310,1,1,1,1,1,0.4766941354,0.6115268572,0.6667115426,0.3616673029,0.5021579877,0.4617311521,0.3454450582,0.2885762386,0.6522543858,0.2370263146,0.7635951438,0.4066004856,0.3125917497,0.3652213994,0.2757202431,0.6987122274,0.7701254486
310.5,1,1,1,1,1,0.4765235118,0.6114173734,0.6666784436,0.3615812929,0.5021030183,0.4618269064,0.3456387968,0.2886553679,0.6520841692,0.2369938993,0.7635973283,0.4066918191,0.3126534042,0.3653087234,0.2756580172,0.698818677,0.7702231965
311,1,1,1,1,1,0.4764318183,0.6113951753,0.6666712407,0.3614891781,0.5021436263,0.461732375,0.3456992166,0.2887767892,0.6519262929,0.2369835273,0.7636965762,0.406605776,0.3126959137,0.3655692185,0.2757271501,0.6986746826,0.7702692414
311.5,1,1,1,1,1,0.4763794535,0.6116007357,0.6665349326,0.3613155743,0.5020577618,0.4615411886,0.3456269061,0.2887072662,0.6518869241,0.2368819255,0.7635482032,0.4066407506,0.3126909861,0.3654122241,0.2757876875,0.6985785563,0.7702016998
312,1,1,1,1,1,0.4763806379,0.6117289287,0.666455758,0.3612667352,0.5021939708,0.461545445,0.345461041,0.2887521459,0.651875843,0.2369472584,0.763601004,0.4067334874,0.3126702298,0.3654413015,0.2757763597,0.6984757648,0.770312104
312.5,1,1,1,1,1,0.4765206593,0.6116063698,0.6661945768,0.3613340733,0.5020754799,0.4615612709,0.3453521193,0.2886139993,0.6516621355,0.2371234461,0.7637483666,0.4067032422,0.3126769297,0.3654369295,0.2756511594,0.6984653049,0.7702704368
313,1,1,1,1,1,0.4765079307,0.6115073601,0.666403144,0.3612425579,0.5020525915,0.4615012213,0.3453764309,0.2886182311,0.6515941663,0.2371719867,0.763753697,0.4065324946,0.3126199186,0.365331883,0.2756907968,0.6986416917,0.7701161681
313.5,1,1,1,1,1,0.4763374104,0.6117011486,0.6666106717,0.3611202204,0.5020159303,0.4614491297,0.3452195837,0.288547594,0.651605791,0.2371986881,0.7637762205,0.406501432,0.3123999535,0.365421199,0.2758151584,0.69838804,0.7702456084
314,1,1,1,1,1,0.4765220404,0.6117435018,0.6666317964,0.3610491346,0.5021387537,0.461722138,0.3454139839,0.2884826506,0.6516941465,0.2371196616,0.7637121793,0.406519947,0.3126079645,0.3654312785,0.2755563624,0.6985148991,0.7701615144
314.5,1,1,1,1,1,0.4762382892,0.6116866814,0.6664161797,0.3613018111,0.5020805534,0.4618270623,0.3454776732,0.288446627,0.6516799652,0.2371251148,0.7637756419,0.406623892,0.3125733883,0.3654610385,0.2754135719,0.6983988169,0.7702909246
315,1,1,1,1,1,0.4760925395,0.6116463968,0.6664708439,0.3613711513,0.5020341556,0.4619222688,0.3455571431,0.2884145357,0.6516051471,0.2372114673,0.7637972447,0.4061847528,0.3124725902,0.3653543304,0.2755665142,0.6983589902,0.7701217237
315.5,1,1,1,1,1,0.4762897717,0.6117866911,0.6667149379,0.361491506,0.5020283562,0.4618488562,0.3457076279,0.2884420508,0.6515052917,0.2372203647,0.7639062754,0.4063192377,0.3125091316,0.3653208876,0.2755561582,0.6983995034,0.7699917531
316,1,1,1,1,1,0.4764725649,0.6118369798,0.6666564092,0.3616328907,0.5020824856,0.4619293645,0.3456511809,0.2883693652,0.651443521,0.2371879706,0.763902369,0.4063171058,0.3124574562,0.365263614,0.2756405396,0.6985392403,0.7700178297
316.5,1,1,1,1,1,0.4764064755,0.6115764732,0.6664736437,0.3616582125,0.502041696,0.461753744,0.3458853709,0.2884597881,0.6512556627,0.2372601168,0.763781969,0.4063306982,0.3123458463,0.3651444096,0.2754673641,0.6986390598,0.7702855878
317,1,1,1,1,1,0.4763297004,0.6113827861,0.6663615799,0.361446189,0.5020918923,0.4615304821,0.3457215414,0.2885660406,0.6512088021,0.237346985,0.763762735,0.4063603632,0.3124089101,0.3652898897,0.2753283581,0.6986487647,0.7702494665
317.5,1,1,1,1,1,0.4764402823,0.6115014412,0.666373768,0.3614646635,0.501904101,0.4615866294,0.3455506774,0.2883753546,0.6512339734,0.2371565599,0.7636392721,0.4063101023,0.3126096063,0.3655848353,0.2752185617,0.6988369134,0.770494609
318,1,1,1,1,1,0.4765714402,0.6115291461,0.6663806941,0.3613681863,0.5018733766,0.4615110826,0.3455890038,0.2885307842,0.6511367343,0.2371873535,0.7637357407,0.4061188342,0.3127928682,0.3657315027,0.2752327033,0.6985871353,0.7705451493
318.5,1,1,1,1,1,0.4764671327,0.6114488356,0.6661730384,0.3613539916,0.5018147774,0.46151297,0.3455765951,0.2883150565,0.6512900464,0.2372648566,0.7638493239,0.4062632244,0.3128213707,0.365633559,0.2753185483,0.6985725745,0.770621626
319,1,1,1,1,1,0.4764552908,0.6114310278,0.666369263,0.3614045117,0.5018433778,0.4614967545,0.3455520298,0.2882309241,0.6514624952,0.2372779176,0.7640275096,0.4062279267,0.3125354398,0.3657006719,0.2752827818,0.6983157815,0.7706786571
319.5,1,1,1,1,1,0.4763885675,0.6115121859,0.6664329035,0.3612768343,0.5018143143,0.4614688451,0.345490108,0.2882591377,0.6515790932,0.2371942414,0.7640123349,0.4062004015,0.3124508842,0.3656617579,0.2754120202,0.6982894347,0.770765384
320,1,1,1,1,1,0.4765335806,0.6117039802,0.6665390826,0.3612396367,0.5019076542,0.4613916533,0.3454676697,0.2883048305,0.651624755,0.2370957471,0.7639901485,0.4063830375,0.3123730772,0.365618372,0.2755600891,0.6983672122,0.7707763636
320.5,1,1,1,1,1,0.4766017878,0.6119053072,0.6663576526,0.3613432968,0.5018516476,0.4615788497,0.3456705082,0.2884946442,0.6516167334,0.237208661,0.7638886125,0.4064439539,0.3123450259,0.3655216487,0.2757240717,0.6984776944,0.7707646218
321,1,1,1,1,1,0.4765166988,0.6116873577,0.6664812936,0.3612668942,0.501889474,0.4616554433,0.3455816246,0.2884726759,0.6517509381,0.237140989,0.7638711841,0.4062720418,0.3123524356,0.3652318512,0.2758505546,0.6985366787,0.7708204293
321.5,1,1,1,1,1,0.4762875317,0.6115531618,0.6665903956,0.3612449654,0.5018221337,0.461691493,0.3456581977,0.288285807,0.6517739506,0.2370985108,0.7639207923,0.4060076248,0.3123255859,0.3652346435,0.275735706,0.6983926051,0.7707308708
322,1,1,1,1,1,0.4763356935,0.611638197,0.6665178004,0.3614173943,0.5019772685,0.4616778586,0.3454669774,0.2883698857,0.6517178333,0.2370292091,0.7637497502,0.4062426031,0.3122548675,0.3653227155,0.2755816901,0.6984752531,0.7707772124
322.5,1,1,1,1,1,0.4764866352,0.6118764098,0.6664110332,0.3614217507,0.5023569163,0.4618564657,0.3453922983,0.2884342284,0.6516169123,0.237044185,0.7638057417,0.406126333,0.3122814367,0.3652891159,0.2754256358,0.6986076514,0.7706983076
323,1,1,1,1,1,0.4764831222,0.6120351077,0.6664191358,0.3614191114,0.5022458726,0.4617471677,0.3455815304,0.2885206512,0.6519130006,0.236955769,0.7636659736,0.4062181516,0.312406969,0.3652865056,0.2755666582,0.6985816532,0.7707290401
323.5,1,1,1,1,1,0.4766637068,0.6119750303,0.6664870428,0.3615807939,0.5025789917,0.4617822338,0.3455733148,0.2886045139,0.6517410219,0.2371182253,0.7637601305,0.4061402809,0.3124887071,0.3651964884,0.2758056018,0.6984496769,0.7707354963
324,1,1,1,1,1,0.4766810471,0.6118039014,0.6665420015,0.3615159146,0.5024979645,0.4616397392,0.3455835411,0.2886632015,0.6517137575,0.2370799523,0.7636975378,0.4058912172,0.3123425487,0.3652455678,0.2757923663,0.6983566739,0.7705886903
324.5,1,1,1,1,1,0.4768767911,0.611818155,0.6664887025,0.3613302774,0.5023488024,0.4615190515,0.3456750503,0.2885355428,0.6517196006,0.2370271459,0.763513459,0.4060565938,0.3123827918,0.3653664567,0.2757792829,0.6984406217,0.7706629323
325,1,1,1,1,1,0.4766795945,0.611624313,0.6664946113,0.3611707593,0.5021953235,0.4611814337,0.345391468,0.2885546868,0.6517483429,0.2369804677,0.7635085888,0.4060352133,0.3121184532,0.3654085572,0.2759941554,0.6983604715,0.7708066231
325.5,1,1,1,1,1,0.4766819742,0.6115939196,0.666370205,0.3611146204,0.5022629625,0.4612505081,0.3453920394,0.2885098985,0.6517997979,0.2370014282,0.7636303216,0.4062087886,0.3121022115,0.3653948128,0.2760172276,0.698598708,0.7706920379
326,1,1,1,1,1,0.4765285035,0.6116957675,0.666513701,0.3612826536,0.5021756544,0.4613034538,0.3452668458,0.2884403678,0.6517231376,0.2369240936,0.7636166397,0.4062880756,0.3121925706,0.3656685471,0.2758635863,0.6985331051,0.7705857557
326.5,1,1,1,1,1,0.4767096128,0.6116653923,0.6665325777,0.361333735,0.5022372285,0.4615468211,0.3452389061,0.2883322536,0.6517206458,0.2369409038,0.7637148573,0.4064509517,0.3121448832,0.3655680569,0.2757529338,0.698593947,0.7707168641
327,1,1,1,1,1,0.4769303804,0.6117365023,0.6665573646,0.3614615411,0.5022268516,0.4615915415,0.3451109976,0.288497526,0.6519508422,0.2369330428,0.7638473086,0.4066132843,0.3122606139,0.3655317449,0.2759064161,0.6986921796,0.7707476803
327.5,1,1,1,1,1,0.4770814983,0.6117501867,0.666620171,0.3614213406,0.5021601671,0.4617275044,0.34516599,0.2884227521,0.6519829988,0.2368418302,0.7638073697,0.4066129529,0.3122425417,0.3654075264,0.2758892249,0.6987296184,0.7710419018
328,1,1,1,1,1,0.4770347902,0.6118117346,0.6664815412,0.3613564549,0.502181355,0.4616212531,0.3451374225,0.2882246023,0.6517913187,0.2368609835,0.7637133709,0.4066524444,0.3121445994,0.36515565,0.2758725885,0.6988503869,0.7710570747
328.5,1,1,1,1,1,0.4768606942,0.6117182461,0.6663829872,0.3612781215,0.5023568334,0.4618375283,0.3453680771,0.2883304499,0.6518705854,0.2369507549,0.7637481373,0.4065929568,0.3122188555,0.3651810727,0.2757482381,0.6989419952,0.7711686993
329,1,1,1,1,1,0.4768094062,0.6115377005,0.666568374,0.3613994687,0.502309968,0.4616948553,0.3454780166,0.2883226102,0.6519227441,0.2369584769,0.7637295743,0.4064816228,0.312341539,0.3649929094,0.2755679048,0.6990367372,0.7710829006
329.5,1,1,1,1,1,0.4768029264,0.611735109,0.666619984,0.361481712,0.5023553373,0.4616081609,0.3455585181,0.288277224,0.6519616531,0.2370900205,0.7637058723,0.4067104982,0.3124312318,0.365054597,0.2756555426,0.6988206082,0.7709866362
330,1,1,1,1,1,0.4767531436,0.611670628,0.6667110112,0.361533831,0.502149449,0.4618573495,0.3454799384,0.2883718687,0.6518807394,0.2369156031,0.7638323771,0.4066262386,0.3126024765,0.3649099942,0.2756486149,0.6989953742,0.7710513884
330.5,1,1,1,1,1,0.4766197978,0.6116843657,0.6665886887,0.3616449535,0.5019994272,0.461670599,0.3455767365,0.2883143857,0.6517150478,0.2370122483,0.7639982921,0.4065118501,0.312622941,0.3651778307,0.2756152004,0.6990429761,0.7710491229
331,1,1,1,1,1,0.4766800792,0.6117896153,0.6667512632,0.3616440819,0.5019453322,0.4618331085,0.3456266582,0.2883396694,0.6516483671,0.2370511638,0.7638774797,0.4066409623,0.3126575559,0.36524398,0.2755002215,0.6989379385,0.7711025787
331.5,1,1,1,1,1,0.4765454364,0.6118875303,0.6666733205,0.3618194421,0.5021233486,0.4616726182,0.3457043724,0.288252474,0.6514640098,0.2369935983,0.7639702461,0.4066708913,0.3126449071,0.3653675353,0.275561067,0.698971934,0.7711769144
332,1,1,1,1,1,0.4767117318,0.6118249759,0.6665897418,0.3615566428,0.5019910157,0.4619976799,0.3457584353,0.2883133128,0.6516725977,0.2369807856,0.7639882236,0.4067900912,0.3125069067,0.3653029915,0.2756072687,0.6988970426,0.7712059612
332.5,1,1,1,1,1,0.4768584583,0.6117323305,0.6665483301,0.3614205491,0.5022124176,0.4617577819,0.3456758349,0.2882077207,0.6517387915,0.2370629629,0.76397198,0.4064750021,0.3125623379,0.3654786309,0.275570638,0.6989151034,0.7710274662
333,1,1,1,1,1,0.4770883866,0.6118502206,0.6666057682,0.3614598117,0.5023282371,0.4619997298,0.3456253672,0.2882429918,0.6518038872,0.2370352012,0.7639967777,0.4066770741,0.3125359875,0.3653892669,0.2757090461,0.6987924031,0.7711505337
333.5,1,1,1,1,1,0.4769033512,0.6117593395,0.6665002435,0.3613215934,0.5019937949,0.4620053027,0.345547213,0.2884660453,0.6514375794,0.237071351,0.7640049084,0.4065941942,0.3126276012,0.3653145973,0.2756938436,0.698674836,0.7712756846
334,1,1,1,1,1,0.476831022,0.6117772812,0.6665121106,0.3613355282,0.5021204294,0.4618303708,0.3456588735,0.2884192735,0.651365088,0.2369918664,0.7638646173,0.4065918967,0.312517829,0.3653212265,0.2757398035,0.6987785459,0.7710638512
334.5,1,1,1,1,1,0.4769674057,0.6117315334,0.6665675807,0.3612339706,0.5020155471,0.4618120574,0.3457565747,0.2886497773,0.6512049027,0.2368720618,0.7639822446,0.4065875478,0.3124745279,0.3654271763,0.2758198127,0.6988229313,0.7712778149
335,1,1,1,1,1,0.4767901497,0.6115045325,0.6664384315,0.3611643167,0.5024019663,0.461798213,0.3454905746,0.2886232034,0.651104269,0.2367553115,0.7641041934,0.4064879654,0.312473819,0.3653683263,0.2759373291,0.6988972513,0.7714113143
335.5,1,1,1,1,1,0.4767766098,0.6117154102,0.6665481103,0.3611194833,0.5025002552,0.4617964898,0.3452164255,0.2887396426,0.6511476852,0.2368708787,0.7640571239,0.4065268102,0.3125090186,0.3652102636,0.2759348764,0.6989152114,0.7711638699
336,1,1,1,1,1,0.4767386625,0.6117055487,0.6664787844,0.3608526677,0.5023934402,0.461494123,0.3454410393,0.2887584507,0.6510362249,0.2368182879,0.7639391852,0.4064790512,0.3124180669,0.3652746336,0.2758678192,0.6987514032,0.7711957528
336.5,1,1,1,1,1,0.4768577975,0.6117186649,0.666442769,0.3611358653,0.5023761197,0.4615434592,0.3453566739,0.2884948976,0.6508612507,0.236907925,0.7639030038,0.4062443644,0.3123664943,0.3652098417,0.2756871358,0.6987693941,0.7712841255
337,1,1,1,1,1,0.4769844568,0.6117789865,0.6665467725,0.3612389012,0.5022643639,0.4615568196,0.3452915148,0.2885440735,0.650919073,0.2369893919,0.7640702915,0.4062095432,0.3123413536,0.3653311389,0.2757669142,0.6988223382,0.7711899602
337.5,1,1,1,1,1,0.4771446522,0.6117383148,0.6665990683,0.3614780038,0.5023059558,0.4616717826,0.3453098757,0.2884111354,0.6508865506,0.2369270058,0.7641608528,0.4063395234,0.3123518556,0.3655918787,0.2756351453,0.6987725953,0.7713326066
338,1,1,1,1,1,0.4772583348,0.6115970242,0.6665102485,0.3616571167,0.5022262226,0.4617300388,0.3451287253,0.2885144831,0.6508559403,0.2371648262,0.7641710265,0.4062467586,0.3124281156,0.36548955,0.2755798785,0.6988467248,0.7712088905
338.5,1,1,1,1,1,0.4770457141,0.6114596118,0.6664059658,0.3616584808,0.5020885392,0.4619250294,0.3451449821,0.2885090418,0.6507939031,0.2371969522,0.7641433254,0.4062242302,0.3124041723,0.3655041179,0.2756149687,0.6985805851,0.7712543752
339,1,1,1,1,1,0.4771884012,0.6114756846,0.6664340202,0.3617763935,0.5023890638,0.4617751219,0.3454312061,0.288761142,0.6508528109,0.2372658149,0.7640529742,0.4063018784,0.3125367162,0.3655321143,0.2754918681,0.6985154795,0.7712822074
339.5,1,1,1,1,1,0.4770319183,0.611500887,0.6664214336,0.3615785766,0.5023459909,0.4618044245,0.3454940711,0.2885439782,0.6508091661,0.2373376724,0.7642625608,0.4063337989,0.3124255159,0.3657114037,0.2756072014,0.6985118746,0.771261679
340,1,1,1,1,1,0.4771414737,0.6115570566,0.6662879799,0.3615042242,0.5021829983,0.4616992972,0.3454684935,0.2885618559,0.6509526035,0.2372912975,0.7643580533,0.4064387696,0.3124058305,0.3655395799,0.2754120492,0.6984940713,0.7712880901
340.5,1,1,1,1,1,0.4771914185,0.6115717973,0.6665044116,0.3614066767,0.5022991948,0.4618077383,0.3454056038,0.2884313605,0.6509436746,0.2372483929,0.7643585303,0.4063948473,0.3123502456,0.3654550427,0.2754386686,0.6984912681,0.7712297359
341,1,1,1,1,1,0.4770951948,0.6113784311,0.6665151852,0.3612789193,0.5022031895,0.4617394646,0.3452659499,0.2883165514,0.6510961652,0.2374091957,0.7643431573,0.4064057899,0.3123081561,0.3656465593,0.2756002573,0.6983268129,0.7711932832
341.5,1,1,1,1,1,0.4768428313,0.6113558997,0.6665294411,0.3612293512,0.5023930124,0.4617053105,0.3452710321,0.2884263272,0.6512140995,0.2373512904,0.7642392015,0.4064956646,0.312082971,0.3654674673,0.2756829623,0.6983479834,0.7711414488
342,1,1,1,1,1,0.4768706105,0.6113808709,0.6665627204,0.3615059264,0.5023933166,0.4617209235,0.3454089896,0.2884022922,0.6510254139,0.2372165429,0.764069927,0.406474732,0.3122414177,0.3654919283,0.275647152,0.6984720363,0.7709585737
342.5,1,1,1,1,1,0.4767163204,0.6113961314,0.6665729009,0.3616720754,0.5025043715,0.4617744981,0.3455690631,0.2884282863,0.6511967804,0.2370877258,0.7639226079,0.406511154,0.3123629634,0.3652231672,0.2755254604,0.6984902694,0.7711408046
343,1,1,1,1,1,0.476804712,0.6112162523,0.6665602884,0.3616812232,0.5022876198,0.4616482945,0.3457951211,0.2885726808,0.6514541196,0.2371761068,0.7640223121,0.4063998975,0.3121399964,0.3652323528,0.2755285004,0.6985397393,0.7710041162
343.5,1,1,1,1,1,0.4768023513,0.6113607835,0.6666096849,0.3615445003,0.5023477038,0.4618024676,0.345767994,0.2886358689,0.6514630445,0.2372370913,0.7640078945,0.4065865804,0.312273891,0.3652675579,0.2756203399,0.698372312,0.7709541622
344,1,1,1,1,1,0.4768601968,0.6114502715,0.666621546,0.3616396806,0.502167253,0.4618746901,0.3457416059,0.288797834,0.6512050154,0.2370181573,0.7639626182,0.4067169267,0.3123808514,0.3651773624,0.2757846762,0.6983451317,0.7709868127
344.5,1,1,1,1,1,0.4768687559,0.611383549,0.666559333,0.3615430216,0.5022075876,0.4620060822,0.3458308197,0.2887075245,0.651145532,0.2369350402,0.7640094883,0.4066900712,0.3126299038,0.3651068156,0.2756539267,0.6984187351,0.771074185
345,1,1,1,1,1,0.476952039,0.6114400939,0.6665692435,0.3616584668,0.5021408606,0.461870405,0.3457247711,0.2886670924,0.6511761464,0.2368886866,0.7640675259,0.4065620988,0.3127465907,0.3652109598,0.275529125,0.6983480316,0.7711035612
345.5,1,1,1,1,1,0.4770986454,0.611287984,0.6664405515,0.3618072692,0.502376314,0.4617749348,0.3457321203,0.2886145848,0.6512446975,0.2370146514,0.7639708396,0.4064386865,0.3126542327,0.3654463783,0.2756658924,0.6983703655,0.7709321845
346,1,1,1,1,1,0.4770197655,0.6114541873,0.6664045531,0.361818743,0.5022871892,0.4618974669,0.3459467013,0.2885631387,0.6510022778,0.2369728671,0.7638710688,0.4063857583,0.3124187445,0.3655624819,0.2755617612,0.69824643,0.7710295851
346.5,1,1,1,1,1,0.4769499728,0.6114993797,0.6665720107,0.3615906923,0.5023147015,0.461828019,0.345846696,0.2886252239,0.6509647776,0.2369974271,0.7638809823,0.4063852088,0.312325908,0.365471046,0.2754495597,0.6982796495,0.7709573808
347,1,1,1,1,1,0.476921328,0.611583211,0.666577655,0.3613863973,0.5022764282,0.4615786349,0.3459047736,0.288763808,0.650902013,0.2370777953,0.764049995,0.4065269976,0.3123977063,0.3654099938,0.275281241,0.6983747074,0.7710190758
347.5,1,1,1,1,1,0.4770609818,0.6115127449,0.6664804307,0.3614643726,0.5020941277,0.46156446,0.345961395,0.2885803019,0.6512963933,0.2371649398,0.7640095139,0.4063110123,0.3124170245,0.3653285907,0.2751706453,0.6982372328,0.7710629797
348,1,1,1,1,1,0.4769926583,0.6116162455,0.6664816407,0.3613112165,0.502263312,0.4614746951,0.3456944364,0.2888049427,0.6513060005,0.2371971957,0.7641068234,0.4061227393,0.3122696062,0.365402957,0.2753457302,0.698097181,0.7708856032
348.5,1,1,1,1,1,0.4768627243,0.6116021774,0.6664892403,0.3614815112,0.5023505272,0.461566851,0.3456659836,0.2887695646,0.6514840949,0.237165728,0.7640897765,0.4063024283,0.3122793311,0.3653574536,0.2751143055,0.6982680607,0.7709658759
349,1,1,1,1,1,0.4768126538,0.6118218645,0.6663285536,0.3614439415,0.5023319737,0.4615252114,0.3456392238,0.2888183712,0.651606474,0.2372886994,0.7639615269,0.4065884091,0.3122486529,0.365370521,0.2752881887,0.6982652477,0.7710769861
349.5,1,1,1,1,1,0.4768669569,0.6116987475,0.6662445682,0.3614810443,0.5022966752,0.4616182289,0.3456438097,0.2889589311,0.6515039811,0.2373008634,0.7638614035,0.406564709,0.3121975682,0.3653069723,0.2754172902,0.6981529957,0.7711536666
350,1,1,1,1,1,0.4769317401,0.6115668269,0.6661563618,0.3614497421,0.5021981996,0.4619700055,0.3455448862,0.2888859328,0.6518129921,0.2371940962,0.763953946,0.4065079699,0.3122254455,0.365313019,0.2754694602,0.6980620614,0.7711129811
350.5,1,1,1,1,1,0.4770615335,0.6116093814,0.6664631451,0.3615270886,0.5023302852,0.4620779346,0.3456021389,0.2887778245,0.6517234724,0.237261254,0.7640624136,0.4063817627,0.3124189156,0.3652849859,0.2754960996,0.69804968,0.7710589137
351,1,1,1,1,1,0.4768228337,0.6117973563,0.6664999878,0.3615533816,0.5023086488,0.4621066366,0.3456518964,0.2886052754,0.6517638058,0.237320521,0.7640524293,0.4065264796,0.3125169535,0.3652984909,0.2755036577,0.6980785791,0.7710899561
351.5,1,1,1,1,1,0.476660397,0.6118040258,0.6663140995,0.3616038142,0.5022146188,0.461956258,0.3456637383,0.2885468134,0.6516127727,0.2372221715,0.7639585216,0.4066554423,0.3125168049,0.365183849,0.275410872,0.6980669629,0.7709067971
352,1,1,1,1,1,0.4768042246,0.6117872467,0.6663530951,0.3614562996,0.5022464481,0.461766364,0.3456874521,0.2887526622,0.6516708645,0.2372604653,0.7638828768,0.4064512567,0.3126061736,0.3651924936,0.2755541153,0.6981965831,0.7709263037
352.5,1,1,1,1,1,0.476838015,0.6116262791,0.666349537,0.3614286633,0.5022265143,0.4615163635,0.3456346054,0.2886403727,0.6515912767,0.2372845059,0.7638358453,0.4064177241,0.3125391544,0.3652828033,0.2756166133,0.6982417661,0.770627662
353,1,1,1,1,1,0.476863508,0.6117578764,0.6663824476,0.361519477,0.5022008593,0.4614757345,0.3455912469,0.2886036548,0.651482401,0.237256321,0.7639060945,0.4064687656,0.3123656379,0.3655564371,0.2756164668,0.6981904242,0.7705521103
353.5,1,1,1,1,1,0.4768856945,0.6119640613,0.6665677862,0.3617080569,0.5020442135,0.4617121463,0.3452830329,0.2884752137,0.6515144264,0.2370470803,0.7640104928,0.4065744422,0.312414182,0.3653970934,0.2756109912,0.6983801616,0.7704450817
354,1,1,1,1,1,0.4770437175,0.6117919789,0.6666016613,0.3616061655,0.5020728431,0.461891757,0.3455468647,0.2886728676,0.6514278709,0.2369402221,0.7639863481,0.4065004721,0.3124951649,0.3651910575,0.2755036439,0.6982654516,0.7704634918
354.5,1,1,1,1,1,0.4769507316,0.611880291,0.6664122626,0.3616828406,0.5021573675,0.4619254451,0.3457091056,0.2887331071,0.6512061864,0.23701434,0.7640703775,0.4064900275,0.3125046606,0.3652735006,0.2755663214,0.6983808557,0.7703569557
355,1,1,1,1,1,0.4767225047,0.6118002694,0.6664545512,0.3616816118,0.5019650982,0.461696237,0.3457382303,0.2887067873,0.6513988137,0.2371791687,0.7640961006,0.4064401872,0.3123577265,0.3653902608,0.2755270631,0.69844789,0.7702646138
355.5,1,1,1,1,1,0.4766096528,0.6117821832,0.6664512966,0.361783967,0.5019369525,0.461822639,0.3457662712,0.2889230171,0.6513664397,0.2372254727,0.7642193663,0.4063734317,0.3123665419,0.3654102376,0.2755036176,0.6984416049,0.7701605176
356,1,1,1,1,1,0.4765755102,0.6118695009,0.6663117081,0.3617283252,0.5019141878,0.4621587615,0.3458360425,0.288841981,0.65135771,0.2372597237,0.764352971,0.4064102611,0.312491057,0.3655191697,0.2753258454,0.698405977,0.7701431451
356.5,1,1,1,1,1,0.4766463911,0.6118465612,0.6664986709,0.3614189533,0.502086877,0.4620040279,0.3458940722,0.2887937916,0.6513435808,0.2372912689,0.7642762068,0.4062276971,0.312370204,0.3654960317,0.2753553774,0.6984746857,0.7702444809
357,1,1,1,1,1,0.476520951,0.611720164,0.6665165417,0.3614290004,0.5020620136,0.4617723052,0.3459293889,0.2887404821,0.6513764306,0.2372861433,0.7641884332,0.4061210538,0.3123604506,0.365442611,0.275609426,0.6986057104,0.7703382798
357.5,1,1,1,1,1,0.4767294829,0.6115926586,0.6665325618,0.3615562992,0.5022526688,0.4616936586,0.345658575,0.2885983029,0.6514325156,0.2373098154,0.7640737754,0.4061842171,0.3122691226,0.3655832291,0.2756607966,0.6986414489,0.7703877262
358,1,1,1,1,1,0.4768369854,0.6115821485,0.6666165668,0.361481963,0.5023435285,0.461937539,0.3456753797,0.2885932655,0.6513942035,0.2372558448,0.76393061,0.4064559909,0.3123095731,0.3656085775,0.2754770117,0.6987042932,0.7703771129
358.5,1,1,1,1,1,0.4770315872,0.6116188261,0.6667548645,0.3616438417,0.5021011589,0.4621439843,0.3455358446,0.2886166916,0.651505301,0.2371828063,0.7637894745,0.4064727191,0.3124471865,0.3656471924,0.2756141376,0.698651525,0.7704399862
359,1,1,1,1,1,0.4768438822,0.6115518664,0.6667174782,0.3614409263,0.5019289222,0.4619561316,0.345410665,0.2886696129,0.6515729632,0.2371426686,0.7638132583,0.4065371336,0.3123487892,0.3655874023,0.2757237596,0.6987761314,0.7703335301
359.5,1,1,1,1,1,0.4766639547,0.6116653915,0.6665373635,0.3616613663,0.5020128937,0.4616074062,0.3453429666,0.2887640821,0.6516487417,0.2372839493,0.7636129575,0.4065300928,0.3123240864,0.3653365868,0.2756065728,0.6986593708,0.7705205091
360,1,1,1,1,1,0.4767739456,0.6117788614,0.6665226472,0.3615631086,0.5020854204,0.461562683,0.3454418171,0.2887156664,0.6515761338,0.2373314124,0.7636437519,0.4064611172,0.31234719,0.3651716047,0.2756519201,0.6988069424,0.7704727133
360.5,1,1,1,1,1,0.4767106637,0.6115114246,0.6665856059,0.3615260158,0.5019845849,0.4616335499,0.3454509483,0.2886612368,0.6517735574,0.2372581274,0.763667866,0.4064017868,0.3122988142,0.3651995483,0.2755062132,0.6987378789,0.7703757966
361,1,1,1,1,1,0.4768244468,0.6116497368,0.6665763928,0.3615003445,0.5019353329,0.4616778096,0.3454798338,0.2887680502,0.6517739646,0.2372273675,0.7636500185,0.4064655503,0.312344542,0.3652260212,0.2756187203,0.6987011606,0.7702993859
361.5,1,1,1,1,1,0.4768786258,0.6117463368,0.6665808437,0.3617287857,0.5019775842,0.4616787838,0.3454236084,0.2889354716,0.6519359996,0.2371966934,0.7634899043,0.4062514169,0.3123777344,0.3651687686,0.2757461423,0.6986332399,0.7703521861
362,1,1,1,1,1,0.4769339794,0.6115817929,0.666614182,0.361818885,0.501766075,0.4617793474,0.3454429413,0.2891375405,0.6518759721,0.2373124566,0.7635977025,0.4063456903,0.3125485048,0.3651354292,0.275779498,0.6986194546,0.7704438997
362.5,1,1,1,1,1,0.4768700711,0.6115225483,0.6666154344,0.3615021211,0.5019708601,0.4618949022,0.3456156444,0.2889409704,0.6518447839,0.2373586992,0.7638253532,0.4063271857,0.3124896342,0.3651556807,0.2756375174,0.6984955103,0.770570141
363,1,1,1,1,1,0.4768765838,0.6115914647,0.6666484378,0.3615982452,0.5019717226,0.4620565886,0.3457114202,0.2888188491,0.6519662869,0.2373436289,0.7638360621,0.4063389997,0.3123155878,0.3654388106,0.2755067733,0.6985403525,0.7704386105
363.5,1,1,1,1,1,0.4768303567,0.6116353211,0.6664909514,0.361502997,0.5018823445,0.4617205777,0.3457635759,0.2888805134,0.652038076,0.237215826,0.7637116107,0.4063279005,0.3123167973,0.3653784788,0.2753853809,0.6983973729,0.7703442646
364,1,1,1,1,1,0.4768518103,0.6117784045,0.6664267534,0.3614362984,0.5020407216,0.4618057298,0.3456895322,0.2888555574,0.6520730147,0.2372186719,0.7635997781,0.4064708715,0.3122761423,0.3651823894,0.275172866,0.6982819209,0.7704285892
364.5,1,1,1,1,1,0.4767285225,0.6116174619,0.6664411732,0.3613535925,0.5022611732,0.4618343263,0.3457511359,0.2889773573,0.652075037,0.237146987,0.7636469146,0.4065468316,0.3121619673,0.3653431905,0.2752206649,0.6980988212,0.7704877004
365,1,1,1,1,1,0.4766520546,0.6115729437,0.6664582542,0.3613449726,0.5021573529,0.4616418246,0.3454965551,0.2888811239,0.6519821916,0.2372245747,0.7636981971,0.4064475958,0.3120054164,0.3650582526,0.2752886053,0.6981542635,0.7705636333
365.5,1,1,1,1,1,0.4767033913,0.6115722701,0.6664604501,0.3613952285,0.5021946575,0.4614414136,0.3454605631,0.2889136694,0.6523208314,0.2372606385,0.7638163134,0.4064267374,0.3120010362,0.3649326288,0.2751941876,0.698303684,0.7705104808
366,1,1,1,1,1,0.4768666525,0.6119083562,0.6663664412,0.3613946826,0.502317148,0.4616246101,0.3453509609,0.2888551609,0.6522596497,0.2372932583,0.7637973731,0.406526516,0.3118355093,0.3652811925,0.275004015,0.698399823,0.7706752531
366.5,1,1,1,1,1,0.476910583,0.6118660705,0.6665136977,0.3613088333,0.5023897816,0.4615263673,0.3454268041,0.2889187694,0.6522098803,0.2373680924,0.7637891429,0.4065908975,0.3119936493,0.3651471381,0.2750875118,0.6983449796,0.7706167601
367,1,1,1,1,1,0.476855783,0.6117941144,0.6665172778,0.3611925196,0.5024045015,0.4614953334,0.3453771506,0.2888811669,0.6521556273,0.2374012543,0.7637614197,0.4063518143,0.3119581018,0.3651500055,0.2750440116,0.6983650147,0.7704445929
367.5,1,1,1,1,1,0.4768829932,0.6116909335,0.666382325,0.3611013106,0.5022647661,0.461415243,0.3452416342,0.2888093419,0.6521099832,0.2372178871,0.7636795043,0.4063477539,0.3121791914,0.3651673025,0.2750911413,0.6982995217,0.7703674341
368,1,1,1,1,1,0.4766075684,0.6115769514,0.666349442,0.3611300739,0.5021061566,0.4615493794,0.3454050378,0.28877467,0.6520124138,0.2372908481,0.7636777864,0.4063697117,0.3121432645,0.3652968956,0.2752603877,0.6983926911,0.7704219254
368.5,1,1,1,1,1,0.4769167797,0.6117249925,0.6664460109,0.3611830222,0.5019348731,0.4615709303,0.3452804761,0.2886557149,0.652158995,0.2372998098,0.7636260714,0.4064328223,0.3122594055,0.3652515391,0.2754476973,0.6984573773,0.7704217043
369,1,1,1,1,1,0.4767049248,0.6119464918,0.6663457556,0.3612147346,0.5017074533,0.4614370851,0.3453848272,0.2886199082,0.6522278455,0.2374629428,0.7634744769,0.4063551631,0.3121504454,0.3652275782,0.2755807671,0.6986753509,0.7703022621
369.5,1,1,1,1,1,0.4768473243,0.6122530158,0.6662459639,0.3614194964,0.5017250887,0.4614191405,0.3454256167,0.2884046802,0.6520522615,0.2373313789,0.7634024275,0.4065281549,0.3122415544,0.3651817024,0.2755564247,0.6986699422,0.7703549029
370,1,1,1,1,1,0.4769818753,0.6120448176,0.6663591541,0.3613357164,0.5016711545,0.4615617984,0.3453843053,0.2884546543,0.6519769956,0.2372524438,0.7633082648,0.4065332811,0.3121796993,0.3652337823,0.2756351092,0.6986723078,0.7703197721
370.5,1,1,1,1,1,0.4771080766,0.6120710311,0.6664311785,0.3613376645,0.5020505267,0.4616230561,0.3454259324,0.2884513231,0.6521106507,0.2371412859,0.7633626841,0.4065585031,0.3122320412,0.3653350749,0.2755723979,0.698830799,0.770468936
371,1,1,1,1,1,0.4770612737,0.6120176941,0.6663279033,0.3613712178,0.5020501528,0.461608549,0.3453859014,0.2886929541,0.6519922833,0.2370701855,0.7634556238,0.4066206224,0.3123461507,0.365418719,0.2757147196,0.6988245002,0.7704747018
371.5,1,1,1,1,1,0.4769380791,0.612145425,0.6664915756,0.3613627831,0.5019841832,0.4615111785,0.345251371,0.2886436996,0.6522371142,0.2369838778,0.7636129993,0.4064145687,0.3125506717,0.3653563653,0.275617118,0.6989453421,0.7704680435
372,1,1,1,1,1,0.4768815248,0.6118438007,0.6664151341,0.3614697555,0.502082625,0.4616459955,0.3455965278,0.2887075269,0.6523062339,0.2371187956,0.7636718155,0.4063655968,0.3125596548,0.3653638104,0.2757324246,0.6990476268,0.7703937983
372.5,1,1,1,1,1,0.4769905119,0.6117342447,0.6664957743,0.3615439513,0.5019575368,0.4616468083,0.345584163,0.2886869852,0.6522331124,0.2371941258,0.763577629,0.4064359408,0.3124499042,0.3655847302,0.2756328413,0.6989192052,0.770485753
373,1,1,1,1,1,0.476903856,0.6116714486,0.6666395279,0.3614115425,0.5020974199,0.4615877545,0.3455992123,0.2885992667,0.6520564921,0.23716366,0.7637263936,0.4063584157,0.3123830325,0.3655094816,0.2755785253,0.6987749617,0.7705942092
373.5,1,1,1,1,1,0.4770044369,0.6118492017,0.6663635784,0.3611939539,0.5022680653,0.4614919188,0.3456421662,0.2885502167,0.6520479806,0.2372331383,0.7637003643,0.4064593497,0.312344574,0.3655167522,0.2756095912,0.6987280757,0.7706205663
374,1,1,1,1,1,0.476984115,0.6119866809,0.6664598388,0.3613419517,0.5021476146,0.4615498234,0.3455523299,0.2883123386,0.6521453779,0.2372279603,0.7636279931,0.4063670228,0.3124437784,0.3655760558,0.2754998706,0.6988076161,0.770604848
374.5,1,1,1,1,1,0.4768937546,0.6119425393,0.6662356901,0.361270783,0.5023037258,0.4616956874,0.3455468787,0.2881499685,0.6518453407,0.2372141541,0.7638618716,0.406419108,0.3126274364,0.3655424074,0.2754406933,0.6989089407,0.7705310248
375,1,1,1,1,1,0.4769081642,0.6117390446,0.6665222355,0.3612068434,0.5024689118,0.461831163,0.3454803888,0.2881854673,0.6515545367,0.2372323641,0.7637991196,0.4065140039,0.3125765317,0.3652962375,0.2754120941,0.6991101965,0.7705226583
375.5,1,1,1,1,1,0.4767653445,0.6117108502,0.666593919,0.3614542908,0.5021909423,0.461586196,0.3453930627,0.2883526661,0.6517069435,0.2373317908,0.7636682796,0.4065582726,0.3125461096,0.3652699962,0.2755202286,0.6991054725,0.7705382021
376,1,1,1,1,1,0.4765798387,0.6116046155,0.6667366122,0.3614071984,0.5022061571,0.4615587351,0.3454550734,0.288378481,0.6517560436,0.2374020989,0.7636293891,0.4065324316,0.3124000323,0.3653407741,0.275347395,0.6989428373,0.7706312561
376.5,1,1,1,1,1,0.4766625391,0.6115807704,0.6667039695,0.3614224105,0.5025175532,0.4616484531,0.3454129337,0.2884831283,0.6519185489,0.2374805318,0.7633751258,0.4066066412,0.3123990992,0.3653424985,0.2754787631,0.6990333887,0.7704308127
377,1,1,1,1,1,0.4767012223,0.6117858395,0.6667225665,0.3613423225,0.5023466595,0.4616704765,0.3454975937,0.288492565,0.652071,0.2371138008,0.7635104888,0.4066604916,0.3126482581,0.365442386,0.275578886,0.6988922639,0.7705601976
377.5,1,1,1,1,1,0.4768328512,0.61168773,0.666934839,0.3612871927,0.5023427284,0.46172118,0.3455442663,0.2885636298,0.6521062378,0.2371502318,0.7635511983,0.4065575239,0.3124478961,0.3654966775,0.2756584981,0.6989257542,0.7706604751
378,1,1,1,1,1,0.4767244184,0.6117940968,0.666733456,0.361432456,0.5024753374,0.4618833113,0.3455157026,0.2884803487,0.6519214834,0.2370128213,0.7634370445,0.4065728711,0.3123359045,0.3656323847,0.2756623092,0.6988355615,0.7706008821
378.5,1,1,1,1,1,0.47670554,0.6118169384,0.6667391374,0.3614696748,0.5022853623,0.4618268472,0.345494687,0.2884471855,0.6517199485,0.2370381806,0.7632956842,0.4064128518,0.3122207853,0.3655976569,0.2756712068,0.698768321,0.7706566688
379,1,1,1,1,1,0.4766201535,0.6117075643,0.6664912667,0.3612859322,0.5024294334,0.461766249,0.3454556641,0.2885962155,0.651761528,0.2369140187,0.7633731225,0.4066743408,0.3120225049,0.3656365863,0.275892763,0.6988886762,0.7708130689
379.5,1,1,1,1,1,0.4766479788,0.6117856449,0.6665783666,0.3616340761,0.5024001833,0.4617830869,0.3453273298,0.2886642994,0.6518766959,0.2369863942,0.7634919823,0.4066513517,0.3118893255,0.365358854,0.2757102346,0.6989062368,0.7707344016
380,1,1,1,1,1,0.4767302857,0.6117655166,0.6665621442,0.3615139257,0.5021007094,0.4616708218,0.3452708487,0.2886017444,0.6516262588,0.2370841647,0.7637744431,0.406659231,0.3121815781,0.3651555225,0.275600358,0.6987864645,0.770769263
380.5,1,1,1,1,1,0.4768694598,0.6117202699,0.666497549,0.3615196647,0.5021451603,0.4617533721,0.3450396719,0.2887222696,0.6516642663,0.2371553491,0.7638754417,0.4067538856,0.3121522303,0.3652453803,0.2756121043,0.6986165851,0.7707725819
381,1,1,1,1,1,0.4767510593,0.6118131431,0.6666124507,0.3614411336,0.5021907586,0.4616954416,0.3449456475,0.288573226,0.6516624614,0.2372319566,0.7638509864,0.4066800001,0.3122093446,0.3653969402,0.2755305686,0.6985977874,0.7707475637
381.5,1,1,1,1,1,0.4767019754,0.6119831369,0.666609746,0.3614257914,0.5021056046,0.4616570035,0.3449985889,0.2885052989,0.651756832,0.2372065707,0.7639156126,0.4067985775,0.3122843901,0.3654174693,0.2755152506,0.6984503608,0.7708483288
382,1,1,1,1,1,0.4767777197,0.6119281998,0.6664908252,0.3615659173,0.5020547189,0.4615281989,0.3451052438,0.2884626917,0.6518360047,0.2370763011,0.7639827672,0.4067965019,0.3122710119,0.365547149,0.2755553786,0.698646371,0.7708978097
382.5,1,1,1,1,1,0.4766731767,0.6117918783,0.666629328,0.3616022753,0.5018868884,0.4615465917,0.3450249169,0.2884978204,0.651723456,0.237239567,0.7640242713,0.4067718494,0.3124096086,0.3655702782,0.2756704205,0.6986278418,0.7708051862
383,1,1,1,1,1,0.4766822346,0.6117833346,0.6665723162,0.3614192429,0.501945226,0.4616666057,0.345240635,0.288789098,0.6518417578,0.2373345159,0.7638467349,0.4065565083,0.3123461454,0.3656420545,0.2756577094,0.6985566078,0.7707447277
383.5,1,1,1,1,1,0.4766303951,0.6117165603,0.6664048326,0.3615574096,0.5020969166,0.4614756993,0.3451451538,0.2886314869,0.652030543,0.2374335212,0.7638473053,0.4065355736,0.3124090781,0.3657230336,0.2756350007,0.698670368,0.7708446802
384,1,1,1,1,1,0.4765103857,0.6116343508,0.6663381468,0.3615471694,0.5019724841,0.4613865428,0.3451611275,0.2884795363,0.6521143881,0.2373029767,0.7638305167,0.4067160756,0.3126062295,0.3656217947,0.2757138458,0.698759165,0.7707579929
384.5,1,1,1,1,1,0.4764966481,0.6117343486,0.6664425847,0.3615055647,0.5020427056,0.4614383532,0.3451558684,0.2883025377,0.6518157359,0.2372404067,0.7638328909,0.4065755647,0.3127016737,0.3656358879,0.2758351511,0.6987961732,0.7707247854
385,1,1,1,1,1,0.4765372017,0.6117710171,0.666476327,0.3614683539,0.501795446,0.4613991501,0.3451704552,0.2884027745,0.6517156876,0.2372740152,0.7637967983,0.4066800462,0.3125652572,0.3655306346,0.2760378259,0.6989784417,0.7706826177
385.5,1,1,1,1,1,0.4768328638,0.6118898571,0.6667517709,0.3613525206,0.501975646,0.4613245653,0.3453286128,0.2883177201,0.651753468,0.2371108929,0.7638406967,0.4066456929,0.312606824,0.3653918746,0.2758838474,0.698906295,0.7706937593
386,1,1,1,1,1,0.4766822181,0.6118971095,0.6666966605,0.3613349851,0.5020169984,0.4613609573,0.3452494227,0.2885699857,0.6518389652,0.2370191191,0.7640752522,0.4065713841,0.312855665,0.365654444,0.2759018133,0.6987103132,0.7706274209
386.5,1,1,1,1,1,0.4767931916,0.6116883424,0.6666911988,0.3613418744,0.5023126842,0.4613135579,0.3452334561,0.2885753684,0.6518551961,0.2371243681,0.7640946229,0.4066365818,0.3127413325,0.3656394979,0.275977124,0.69845179,0.770541885
387,1,1,1,1,1,0.4769140561,0.6114367057,0.6665398409,0.3614374405,0.5020982369,0.4613869046,0.3451069177,0.288500352,0.6517964059,0.2370841836,0.7641205459,0.4065262972,0.3128149567,0.3655831329,0.2760858626,0.6983512849,0.7703786615
387.5,1,1,1,1,1,0.4767980746,0.6114470834,0.666511159,0.3612782659,0.5023790944,0.4615714061,0.344994281,0.2884787426,0.6517942487,0.2370876326,0.7641016934,0.4065713795,0.3128372605,0.3655128555,0.2760833787,0.6981659891,0.7703468766
388,1,1,1,1,1,0.4768068313,0.6116451091,0.6666038639,0.3612190689,0.5020953234,0.4614657063,0.3450753873,0.2885555747,0.6518922484,0.236979423,0.7639271453,0.4063696982,0.312657964,0.3650514673,0.2761963101,0.6984464438,0.7703219601
388.5,1,1,1,1,1,0.4767258695,0.6117533647,0.6665288121,0.3613152873,0.5020627059,0.4616482736,0.3450652318,0.2885268183,0.6520109211,0.2370560562,0.764021391,0.4063299248,0.3126685428,0.3650589069,0.2763177187,0.6984056277,0.7703882136
389,1,1,1,1,1,0.4765017441,0.61175824,0.6663754559,0.3611043912,0.5018852532,0.4616626226,0.3454604474,0.2884942748,0.6518525045,0.2370338162,0.7641845719,0.4066320537,0.3128371909,0.3650450133,0.2759742588,0.6984785874,0.7704091207
389.5,1,1,1,1,1,0.4765099849,0.6119004909,0.6661135274,0.3610968602,0.5018465765,0.4615731243,0.3455478696,0.2884546368,0.6520091391,0.2371222724,0.7642386379,0.4065016908,0.3127701708,0.3652235554,0.2758274698,0.6983318527,0.7704135593
390,1,1,1,1,1,0.4765311813,0.6116402442,0.6662614672,0.3612788232,0.5020828304,0.4616174416,0.345352498,0.2883043749,0.6519142046,0.2370253537,0.7643005232,0.4063264931,0.312803331,0.3651533565,0.2756270151,0.6984197068,0.7702238033
390.5,1,1,1,1,1,0.4764280122,0.6116807732,0.666351879,0.3612480886,0.5019797398,0.4616405787,0.3453808163,0.2884052733,0.6519686093,0.2369271862,0.764359269,0.4063227426,0.3125395479,0.3651476195,0.2756030888,0.6984465952,0.770278202
391,1,1,1,1,1,0.4763824023,0.6116619685,0.6664528285,0.3615489262,0.5019458278,0.4616196379,0.3453841842,0.2884856068,0.6522194107,0.2370387153,0.7643112031,0.4064826112,0.3123746342,0.3651477997,0.2755200128,0.6984557002,0.7703394056
391.5,1,1,1,1,1,0.476712213,0.6115567742,0.6663593149,0.3614687405,0.5020009152,0.4617279534,0.345387419,0.2884030907,0.65228319,0.2370491153,0.76429602,0.4066131401,0.3125491085,0.36532428,0.275771285,0.6985625865,0.7702912297
392,1,1,1,1,1,0.4768165969,0.6114763239,0.6664756067,0.3613629344,0.5019836884,0.4618845924,0.3456014775,0.2885064167,0.6522345646,0.2370378781,0.7642087092,0.4067086987,0.3123884142,0.3651932981,0.2757576782,0.6987669698,0.7703034422
392.5,1,1,1,1,1,0.4767780401,0.6114492005,0.666344747,0.3615874638,0.5022681017,0.4615584954,0.3455024168,0.2883230377,0.6522619651,0.23716388,0.7643707672,0.4066085622,0.3124350396,0.3651798228,0.2757361519,0.6988612091,0.7701763446
393,1,1,1,1,1,0.4768276804,0.6113290682,0.6664471762,0.3614729278,0.5021602952,0.4615155034,0.3456177794,0.2884774499,0.6522279071,0.2372567927,0.7644106059,0.4065072851,0.3123130118,0.3652875914,0.275644398,0.6987073856,0.7702955214
393.5,1,1,1,1,1,0.476745524,0.6114975912,0.6662899912,0.3612486671,0.5021858897,0.4614895448,0.3454949058,0.2885725877,0.6522074938,0.2372610555,0.7642764642,0.4064049126,0.3122716021,0.3652886034,0.2757695709,0.6987256686,0.7703797344
394,1,1,1,1,1,0.4769427169,0.6117338455,0.6664845833,0.3613622904,0.5020614528,0.4615832131,0.3454307342,0.2886113206,0.65240268,0.2372924564,0.7642935175,0.4062320335,0.3122318071,0.3652828859,0.2759163252,0.6988171431,0.7703738813
394.5,1,1,1,1,1,0.4768599126,0.6116085752,0.6664626352,0.3615191776,0.5022622475,0.4616675137,0.3455397091,0.2887150344,0.6523604901,0.2372213439,0.7642286257,0.4061356274,0.3122162345,0.365194698,0.2758542025,0.6988651779,0.7703363111
395,1,1,1,1,1,0.476887696,0.6118788782,0.6662948131,0.3612334248,0.5023645862,0.4618309958,0.3455604578,0.2886092265,0.6522927852,0.2370400424,0.7639968983,0.4063126918,0.3121910843,0.3651657169,0.2757701051,0.6988580175,0.7703752218
395.5,1,1,1,1,1,0.4768827832,0.6118460136,0.6663190263,0.3614991432,0.5022239457,0.461741357,0.3455985987,0.2886313296,0.6520355072,0.2371589881,0.7639755906,0.4061535547,0.312200539,0.3649926747,0.2757991636,0.6988991383,0.7704376176
396,1,1,1,1,1,0.4767439454,0.6116236995,0.6663871869,0.3614179942,0.5022602008,0.4619560647,0.3457267478,0.2885303326,0.6519827316,0.2372075571,0.7639923193,0.406237432,0.3123045048,0.364992449,0.275826562,0.6988924408,0.7704162192
396.5,1,1,1,1,1,0.4767348548,0.6116124776,0.6663637139,0.3614480488,0.5021877942,0.4617968153,0.3459649925,0.2885432221,0.651955101,0.2373444256,0.7640953501,0.4064160006,0.3123872206,0.36520809,0.2756674311,0.6987798067,0.7705446496
397,1,1,1,1,1,0.4767491568,0.6117881712,0.666423529,0.3613563043,0.5018974033,0.4618280305,0.3458404559,0.2885919766,0.6519525623,0.2371718073,0.7642413846,0.4063894551,0.3125733854,0.3653712254,0.2756802324,0.6988188438,0.770740659
397.5,1,1,1,1,1,0.4766021094,0.6116045719,0.6665687631,0.3615186559,0.5019141851,0.4617988363,0.3458772267,0.2886368744,0.6520685531,0.2372693472,0.7642482109,0.4064360017,0.312634536,0.3653695518,0.2756972646,0.6986958917,0.77081718
398,1,1,1,1,1,0.4766192577,0.6114950859,0.666490632,0.3615881327,0.5020147381,0.4618154256,0.3458401277,0.2886680774,0.6521692638,0.2372445507,0.7643041131,0.4064633226,0.3126118176,0.3654192412,0.2757074358,0.6986791391,0.7709187093
398.5,1,1,1,1,1,0.4767105156,0.6114760168,0.6664451875,0.3616179485,0.5021474008,0.461676856,0.3456858088,0.2886748948,0.6522694825,0.2372660783,0.764142392,0.4067106204,0.3125386936,0.365564443,0.2757959978,0.698801989,0.7709614576
399,1,1,1,1,1,0.4768899775,0.6113528468,0.6664172477,0.3617196296,0.502200554,0.4614602915,0.3456199237,0.2885285658,0.6523750855,0.2372487426,0.7642211116,0.4067831684,0.3124575324,0.365906522,0.2758283068,0.6987106515,0.7708745089
399.5,1,1,1,1,1,0.4767442744,0.6115424226,0.6664162205,0.3615712932,0.5022345852,0.4615361245,0.3457477315,0.2886959195,0.652029677,0.237190073,0.7642160575,0.4065667409,0.3123372388,0.3657776775,0.2757691227,0.6986066254,0.7709720402
400,1,1,1,1,1,0.4766514848,0.6113740548,0.6663429851,0.3617128331,0.5021967598,0.4614879017,0.345813117,0.2888076198,0.6518905607,0.2373235167,0.764152769,0.4062942148,0.3123826977,0.3656548759,0.2757639424,0.6984945571,0.7709623588
400.5,1,1,1,1,1,0.4766893704,0.6116089261,0.6663659532,0.3616945067,0.5022351197,0.4613905346,0.3456954065,0.2888273963,0.651944951,0.237247343,0.7643154978,0.4061868761,0.3124953143,0.3654423469,0.2757230813,0.6984920848,0.7710021909
401,1,1,1,1,1,0.4766485645,0.6115313516,0.6665714717,0.3617291713,0.5023627712,0.4616105217,0.3457295835,0.2890549902,0.6519200156,0.2373998275,0.7643957052,0.4062637456,0.312309389,0.365219843,0.2757647739,0.6987212386,0.7707770355
401.5,1,1,1,1,1,0.4765822647,0.6114328236,0.6664422816,0.3617535251,0.5024472475,0.4615326689,0.3455309486,0.2888536653,0.651968028,0.2373434412,0.7644305553,0.4062896162,0.3122212549,0.3652191742,0.2756856101,0.6984144114,0.7706850808
402,1,1,1,1,1,0.4765514092,0.6114951165,0.6664787589,0.3617103893,0.5023469441,0.4615186041,0.3455642891,0.2887470406,0.6520434487,0.2373769326,0.7643392857,0.4067651335,0.3122616964,0.3652469301,0.2756657544,0.6982611831,0.7706466739
402.5,1,1,1,1,1,0.4765376317,0.6113642882,0.6665391342,0.3617270285,0.5023580888,0.4613955867,0.3453905189,0.2886593045,0.6519916662,0.2373045782,0.7643106932,0.406632534,0.3124216678,0.3652226451,0.2757989642,0.6984283858,0.7705528304
403,1,1,1,1,1,0.4764318544,0.6115046849,0.6665294567,0.3617661017,0.5023488131,0.4610251492,0.3454238045,0.2887158857,0.6519408732,0.2371706126,0.7643362947,0.406814005,0.3124933816,0.3651384345,0.275655955,0.6984281628,0.7703386711
403.5,1,1,1,1,1,0.4764535,0.611614563,0.6667589907,0.3618732775,0.502245668,0.4613225892,0.3453636783,0.2886792803,0.6518247339,0.2372975272,0.7643209331,0.4068019379,0.3124898038,0.3653412279,0.2757548603,0.6987346315,0.7703876412
404,1,1,1,1,1,0.4765123,0.6115630542,0.6665420282,0.3616722292,0.5021782177,0.4613761293,0.3454307164,0.2886959296,0.6519667131,0.2372957574,0.7644422949,0.4068086861,0.3123972772,0.3651784698,0.2756467626,0.6986868495,0.7703873835
404.5,1,1,1,1,1,0.4765985538,0.6117497296,0.6664041636,0.3616893891,0.5021897158,0.4615014854,0.3455087056,0.2885436384,0.651899936,0.2370846509,0.7643505267,0.4065566239,0.3124989789,0.3651840542,0.2754571446,0.6988666589,0.7703424464
405,1,1,1,1,1,0.4766001357,0.6117207308,0.666421753,0.3616838073,0.5022599021,0.461513865,0.3453947099,0.2885357646,0.6520157889,0.2370693754,0.7642721697,0.406786286,0.3125248561,0.365149133,0.2753479948,0.6990612737,0.7703804676
405.5,1,1,1,1,1,0.476634609,0.6115239164,0.6666577531,0.3614814967,0.5022715212,0.4615158817,0.3454014176,0.2885614151,0.6520339025,0.2369539902,0.7642461228,0.4068601157,0.3125761504,0.3650980301,0.2754729382,0.6991462955,0.7702701793
406,1,1,1,1,1,0.4766978725,0.6113954364,0.6664238504,0.3615873979,0.5020018922,0.4613945556,0.3452196476,0.2883830064,0.6520948345,0.2370074008,0.7641919023,0.4066547864,0.3125960018,0.3650338614,0.2755316279,0.6993241158,0.7703073948
406.5,1,1,1,1,1,0.4766729311,0.6116586344,0.6664773161,0.3616101093,0.5020150808,0.4614298386,0.3453607227,0.2883281179,0.6521334769,0.2369884757,0.7641018514,0.4066066806,0.3125249117,0.3652263917,0.2755690617,0.699380126,0.7703445331
407,1,1,1,1,1,0.4766911084,0.6116492203,0.6664277222,0.3616256402,0.5021265543,0.4616725881,0.3455593209,0.2883773541,0.6519704875,0.2369949644,0.764037722,0.4066459796,0.312637816,0.3652286543,0.2757195478,0.6992345155,0.7703952124
407.5,1,1,1,1,1,0.4767043967,0.6115683686,0.6664833675,0.3615104636,0.5019944205,0.4616227113,0.3455937604,0.2884441401,0.6521503032,0.2370129837,0.7640232053,0.4066608989,0.3126402265,0.3653485097,0.2758415689,0.6991039188,0.7704401646
408,1,1,1,1,1,0.4767331182,0.6114498377,0.6664794424,0.3615458721,0.5018163204,0.4618629536,0.3455640062,0.288555894,0.6521527774,0.2370875795,0.7641004657,0.4067859026,0.3126878594,0.3652966794,0.2757146607,0.6991347392,0.7703364075
408.5,1,1,1,1,1,0.4766287948,0.6113287525,0.6666014039,0.3615489498,0.5018567643,0.4616446292,0.3454754251,0.2884505361,0.6520387796,0.2370175073,0.764112148,0.4068614281,0.3126732014,0.365215951,0.27570192,0.6991120217,0.770362296
409,1,1,1,1,1,0.4765019541,0.6113636496,0.6666048913,0.3615060961,0.502080154,0.4617060666,0.3457199893,0.2884783312,0.6520604743,0.2371582637,0.7640265928,0.4066200958,0.3125544614,0.365062121,0.2754265939,0.6990249089,0.770340881
409.5,1,1,1,1,1,0.4763753681,0.6114133479,0.6665453941,0.3614535109,0.5019453839,0.4616483695,0.3454723163,0.2884452314,0.6520188221,0.23716189,0.7638466915,0.4068620513,0.3125503881,0.365112349,0.2754505069,0.6988536748,0.770355417
410,1,1,1,1,1,0.4761490296,0.6114236184,0.6664376433,0.361558794,0.5021601898,0.4616642937,0.345522799,0.2883896985,0.6520965674,0.2370667208,0.763796724,0.4067346446,0.3125038199,0.3649899667,0.2754110882,0.6987226255,0.7703582255
410.5,1,1,1,1,1,0.4762744349,0.6115963078,0.6665179145,0.3616858758,0.5018716263,0.4616303568,0.3453906426,0.2885275363,0.6520371859,0.2371895404,0.7638860017,0.4066710185,0.3125700764,0.3648605105,0.2754211816,0.6987278875,0.7703747751
411,1,1,1,1,1,0.4763245633,0.6116461435,0.6665376224,0.3617433617,0.5020542177,0.4614801195,0.3455815333,0.2884803685,0.6520056744,0.2372239567,0.7639483965,0.4066891784,0.3126219716,0.3648739858,0.2756045896,0.6986763761,0.7703807218
411.5,1,1,1,1,1,0.4763791558,0.6118623751,0.6665555076,0.3616323136,0.5021409657,0.4615427633,0.3456310043,0.2886151773,0.652011451,0.2372481448,0.7639474771,0.4066664956,0.3123843143,0.3651011298,0.2756577312,0.6986500162,0.7704539783
412,1,1,1,1,1,0.4764992483,0.6118373312,0.6663604372,0.3615129113,0.5022357807,0.4615945674,0.3457157905,0.2884619856,0.6519716258,0.2372224604,0.7640183175,0.4067411115,0.3125263169,0.3649411337,0.2758013452,0.6985732982,0.7703855323
412.5,1,1,1,1,1,0.4764879532,0.611826062,0.6665067441,0.3613916416,0.5022493028,0.4617683391,0.3456153789,0.2883932588,0.6519915838,0.2372571851,0.7640390487,0.4066662326,0.3124166283,0.3651197423,0.2758863138,0.698614614,0.770400201
413,1,1,1,1,1,0.4765057081,0.6117186222,0.6666088858,0.3613802714,0.5020965668,0.461908054,0.3454280199,0.288331258,0.6520248682,0.2370975186,0.7640147836,0.4065217833,0.3123964577,0.3650936298,0.2758927391,0.6986652659,0.7702937475
413.5,1,1,1,1,1,0.476672443,0.6117261798,0.6665461635,0.3614476825,0.5021043413,0.4617337088,0.3454304188,0.2883641551,0.6518736309,0.2370378111,0.7638423632,0.4064068985,0.3123179457,0.3651353067,0.2757330076,0.6985938497,0.7703102671
414,1,1,1,1,1,0.4765406289,0.6118302512,0.6667031148,0.361530043,0.5018391067,0.4614544453,0.3454423997,0.2882330255,0.6518403507,0.2370790094,0.7641086912,0.4066356597,0.3123121333,0.3650388393,0.2755854536,0.6984654244,0.7702141509
414.5,1,1,1,1,1,0.476518478,0.6115515461,0.6665629352,0.3616056767,0.5016612497,0.4613044558,0.3453787713,0.2885071148,0.6516292591,0.2372267989,0.7640963684,0.4065090567,0.3124932473,0.3651660294,0.2753064447,0.6982181542,0.770317731
415,1,1,1,1,1,0.4768843574,0.6115577764,0.6666505712,0.3617392629,0.5018896308,0.4615692434,0.3454091046,0.2886392548,0.651599756,0.237330086,0.7641904304,0.406568531,0.312470436,0.3652411867,0.2752190376,0.6982387019,0.7704293648
415.5,1,1,1,1,1,0.4768814892,0.6114893101,0.6667491368,0.3617978934,0.5020176376,0.4617085302,0.3455667104,0.2887101654,0.6516132886,0.2372999178,0.764296263,0.406592605,0.3124878587,0.3652681435,0.2752269151,0.6983246184,0.7704247496
416,1,1,1,1,1,0.4766506759,0.6116535059,0.6665592651,0.3616072205,0.5022200935,0.4617423454,0.345516209,0.2887250404,0.6519595483,0.2375722887,0.7643355835,0.4066802062,0.312382276,0.3653337948,0.2754548916,0.6982841673,0.7704345164
416.5,1,1,1,1,1,0.4767753482,0.6117891277,0.6666556285,0.361440127,0.5021221622,0.461822841,0.3454134723,0.2887020079,0.6520096098,0.2373504863,0.7645109518,0.4066079357,0.3124147706,0.3654196351,0.2754653262,0.6983105574,0.7704703905
417,1,1,1,1,1,0.4768319389,0.6116008872,0.6664607934,0.3613827904,0.5021004463,0.4617642444,0.3454201469,0.2886628279,0.652164508,0.2372014764,0.7644271033,0.4066452748,0.3122513045,0.3654333869,0.2755107361,0.6982867726,0.7705452747
417.5,1,1,1,1,1,0.4767213,0.611439106,0.6664742118,0.3613881515,0.5017918208,0.4618521648,0.3454571592,0.2886867253,0.6521675396,0.2370078643,0.7644403272,0.4066341213,0.3123072483,0.3652479348,0.2756357221,0.6985308866,0.7705537291
418,1,1,1,1,1,0.4767275408,0.6113247574,0.6665481696,0.3612957939,0.5018159953,0.4617822538,0.3451999334,0.288714276,0.6522755349,0.2370809931,0.7645002708,0.4066686538,0.3124473533,0.3652056887,0.2753942501,0.698287386,0.7704327776
418.5,1,1,1,1,1,0.4766983863,0.6114940134,0.6665721927,0.3613278296,0.5019109382,0.4617029868,0.3454016454,0.2886506205,0.6522696225,0.237045407,0.7642203388,0.4067135029,0.3125051561,0.3652942161,0.2756060705,0.6984894107,0.7703642139
419,1,1,1,1,1,0.4767726378,0.6116112446,0.6665656764,0.3614757279,0.5020771181,0.4617200234,0.3453212397,0.288524206,0.6524008867,0.2371857734,0.7641403802,0.4066500513,0.3122344834,0.3652622484,0.2757735219,0.6986013337,0.7703634333
419.5,1,1,1,1,1,0.476644316,0.6117532598,0.6663713056,0.3614255528,0.5020500815,0.46185475,0.3454834233,0.2886549995,0.6523832479,0.2372098989,0.7640478474,0.4064350887,0.3123534204,0.3651354209,0.2757219801,0.6985401107,0.7704178792
420,1,1,1,1,1,0.4769098369,0.611821954,0.6664774932,0.3613977675,0.502050506,0.4618992347,0.3454890468,0.2886229984,0.6520773364,0.2371533061,0.7639014925,0.4063451178,0.3125469802,0.3650476204,0.2756484622,0.6985866303,0.7706354424
420.5,1,1,1,1,1,0.4768343597,0.611686371,0.6667144668,0.3614712712,0.50213207,0.4617809812,0.3454440224,0.2885151798,0.6519304238,0.2371403725,0.7639368742,0.4063649871,0.3123948644,0.3652532738,0.2757359469,0.6985200734,0.7706193793
421,1,1,1,1,1,0.476777354,0.6115877978,0.666786423,0.3615584795,0.5021983288,0.4616259063,0.3454272018,0.2886274311,0.6519791794,0.2371397554,0.7638731787,0.4064454197,0.3125891267,0.3653028958,0.2758169978,0.6984197753,0.7706720566
421.5,1,1,1,1,1,0.4767192447,0.6117846075,0.6668775571,0.3614360909,0.502179268,0.4616692809,0.3454717042,0.2886925782,0.6520259631,0.237121392,0.7638883893,0.4065809683,0.3128740591,0.3652563375,0.2755740019,0.6985781884,0.7706557614
422,1,1,1,1,1,0.4767174464,0.6118835514,0.6666627263,0.3613825334,0.5023166225,0.461621144,0.3452672587,0.2888667514,0.6520200374,0.237055589,0.7638841944,0.4066424396,0.3126456596,0.3652973398,0.2756285339,0.6985262417,0.7706761827
422.5,1,1,1,1,1,0.4766894804,0.6116560205,0.6667271046,0.3613481096,0.5022953476,0.461774523,0.3452760139,0.2885816902,0.6520781548,0.237050448,0.7639291638,0.4066076431,0.3127148115,0.3652462211,0.2757187729,0.6985048475,0.7706802504
423,1,1,1,1,1,0.4767804071,0.6114785829,0.666601096,0.36121442,0.5022190123,0.461774108,0.3452315757,0.2886784745,0.6519229464,0.2371086507,0.7639377597,0.4067016881,0.3126749931,0.3655860229,0.2756232395,0.698488623,0.7706093235
423.5,1,1,1,1,1,0.4768392181,0.6115314793,0.6664715647,0.3611687597,0.5022539228,0.4619086221,0.3452862002,0.2884464284,0.6518343144,0.2371406008,0.7639463712,0.4067772467,0.3124307455,0.3652828791,0.2758288318,0.6985106542,0.7706578721
424,1,1,1,1,1,0.476954178,0.6114193692,0.6666276508,0.361228674,0.5023477204,0.4619752013,0.3454910713,0.2884582193,0.6521498368,0.2372650469,0.7638444498,0.4066687397,0.3124189949,0.3651950041,0.2756991294,0.6986191568,0.7706341988
424.5,1,1,1,1,1,0.4769448525,0.6114753472,0.6664918232,0.3615426349,0.5022799563,0.4620495045,0.3455391708,0.2884364484,0.6520960564,0.2372244605,0.76380902,0.4066599103,0.3123811237,0.3652551168,0.2757244755,0.6984906805,0.7707862475
425,1,1,1,1,1,0.4767546143,0.6116136409,0.6665199616,0.361715637,0.5023945405,0.4618893207,0.3454695755,0.2885379287,0.6521339294,0.2372453592,0.7638346393,0.4065946305,0.3124264693,0.3653058063,0.2758088878,0.6983954685,0.7707386645
425.5,1,1,1,1,1,0.4768128611,0.611449155,0.6666064888,0.3616272604,0.5023927494,0.4619375357,0.3453436189,0.2886360457,0.6519729626,0.2371500547,0.7636746136,0.4064844193,0.3123971977,0.3652605803,0.2757101887,0.6984258514,0.7706186922
426,1,1,1,1,1,0.4766606592,0.6116935578,0.6664534997,0.3615646067,0.5022580517,0.4618184705,0.345416144,0.2887762671,0.6521520044,0.2372826925,0.7637784016,0.4065711795,0.3124587963,0.3655076339,0.2755865006,0.698276771,0.7705503155
426.5,1,1,1,1,1,0.4767087344,0.6117068734,0.6664382475,0.3613794973,0.502445397,0.4614474721,0.3452963266,0.2887887982,0.6521225917,0.237259043,0.7638021154,0.4062569578,0.3124292075,0.3653698495,0.2757642476,0.6981017631,0.7705043395
427,1,1,1,1,1,0.4766168977,0.6116008048,0.6663319477,0.3613543733,0.502570156,0.4613010332,0.3454831975,0.2886310136,0.6521598466,0.2373037042,0.7639085021,0.4063439061,0.3123715358,0.3653641019,0.2755012646,0.6980355575,0.7704758294
427.5,1,1,1,1,1,0.4766344656,0.611613973,0.6665611677,0.3614241183,0.5024861436,0.4614118586,0.3455474267,0.2885589693,0.6521102902,0.2372770683,0.763966181,0.4063437126,0.3125233815,0.3653092327,0.2756910388,0.6979930176,0.77038625
428,1,1,1,1,1,0.476605054,0.6115230389,0.6666303584,0.3614851168,0.5024064306,0.4614480245,0.3455510933,0.2883556165,0.6521794781,0.2374607245,0.7637204695,0.406025232,0.3126122604,0.3651557307,0.2756701072,0.6979259799,0.7703645398
428.5,1,1,1,1,1,0.4766985248,0.6115743293,0.666676925,0.3617741067,0.5022529237,0.4615206563,0.3457023419,0.2882099513,0.6521184399,0.2371886509,0.7636556361,0.4062175611,0.3126963496,0.3652287917,0.2755926613,0.6979410897,0.7705393623
429,1,1,1,1,1,0.4768134066,0.6116366815,0.6665199465,0.3617455704,0.5019600661,0.4615689287,0.3458134345,0.2883145861,0.6521633877,0.2370458878,0.7637073923,0.4063741715,0.3127599036,0.3653278322,0.2755995065,0.6980202281,0.7705227989
429.5,1,1,1,1,1,0.4770623308,0.6116407061,0.6664474352,0.3616440724,0.5021453919,0.4615469883,0.3458870261,0.288322837,0.6520661074,0.2370646146,0.7639074983,0.4062524835,0.3126154914,0.3654151758,0.2757143988,0.6981097286,0.7707033097
430,1,1,1,1,1,0.4769982489,0.6115915083,0.6663194428,0.3617059027,0.5022143146,0.4614707925,0.3455559666,0.2883444327,0.6520143352,0.237198161,0.7639537076,0.4060961686,0.3124293361,0.3655434982,0.2756064272,0.698311842,0.7707376373
430.5,1,1,1,1,1,0.4768154661,0.6116344198,0.6662905499,0.3616312421,0.5022163477,0.4616009068,0.3456153236,0.288417726,0.6518322766,0.2372490784,0.7640465707,0.4062324592,0.3123228046,0.3655580557,0.2757008507,0.6983797752,0.7707375188
431,1,1,1,1,1,0.4768099038,0.6114474019,0.6662647742,0.361490539,0.5021950319,0.461523891,0.3454800734,0.2884464986,0.6518566694,0.2371469309,0.7641656122,0.406284467,0.3122078242,0.3654785811,0.2755087472,0.6983737278,0.7708241375
431.5,1,1,1,1,1,0.4768694569,0.6114769038,0.6663752572,0.3615935609,0.5022428674,0.4614207397,0.345597208,0.2883616518,0.6517919199,0.2373380692,0.7639901464,0.406292571,0.312186648,0.3655274475,0.2756676582,0.6986110034,0.7709293741
432,1,1,1,1,1,0.4770681791,0.6115288759,0.6662989688,0.361404377,0.5022241167,0.4614868994,0.3454044712,0.2881217915,0.6517089495,0.2373756294,0.7639614867,0.4061223591,0.3122084757,0.3656630459,0.2756201038,0.6984649623,0.7708784726
432.5,1,1,1,1,1,0.4768402208,0.6117220636,0.6665076946,0.3614012182,0.5021441762,0.4615048482,0.3453109531,0.2883040349,0.6516817155,0.2372460588,0.7637617393,0.4063245866,0.3121121615,0.3653510756,0.2757174902,0.6984593939,0.770878788
433,1,1,1,1,1,0.4769214517,0.6117517231,0.6664462282,0.3614658128,0.5020641047,0.4615295743,0.3454464009,0.2884243963,0.6516545549,0.2373111661,0.763575138,0.4065826666,0.3122418132,0.365409292,0.2755844016,0.6984166451,0.7707821709
433.5,1,1,1,1,1,0.4770853784,0.6117263434,0.6662614445,0.3614879306,0.5018624981,0.4614809353,0.3456315986,0.2885440423,0.6515923333,0.2372748234,0.7636398033,0.4064071882,0.3122745628,0.3654524184,0.2755407368,0.69850584,0.7706938107
434,1,1,1,1,1,0.476857899,0.6116199258,0.6662724827,0.3614554943,0.5020219293,0.4614475548,0.3455227591,0.2883343476,0.6514538069,0.2372040087,0.7636755868,0.4062817257,0.3122564674,0.3654481625,0.2754141477,0.6984377513,0.7706318624
434.5,1,1,1,1,1,0.4768474365,0.6113799084,0.6664458293,0.3613686308,0.5020020245,0.461483921,0.3457198413,0.2882932388,0.6514628411,0.237107151,0.7638309626,0.406268839,0.3121672194,0.3653001487,0.2752764716,0.6983880264,0.7704506842
435,1,1,1,1,1,0.4769237189,0.6114787081,0.6667127639,0.3615016061,0.5021159429,0.4615714754,0.3456474294,0.2883463931,0.6511538864,0.2369278489,0.763720402,0.4064088356,0.3121967576,0.3652332051,0.2751328879,0.6987043321,0.770443064
435.5,1,1,1,1,1,0.4768633328,0.6115782831,0.6666721487,0.3616127144,0.5022106896,0.4617073657,0.3457513894,0.2884252609,0.6510266741,0.236777592,0.7635814645,0.406403954,0.3122190081,0.3653701553,0.2753371446,0.698633169,0.770371041
436,1,1,1,1,1,0.4769446949,0.6115187626,0.6663326665,0.3616004229,0.5023185156,0.4618380879,0.3455714691,0.2884669541,0.6511392754,0.2368639417,0.7636552911,0.4065309534,0.3124554254,0.3654845031,0.2753171618,0.6985500512,0.7702982115
436.5,1,1,1,1,1,0.4767860615,0.6116218692,0.6662490869,0.3617082558,0.5023558319,0.46180347,0.3456283209,0.2884307207,0.6512949986,0.236929345,0.7635756373,0.4063852548,0.3124724631,0.3655430402,0.2756261314,0.6985636899,0.7702243002
437,1,1,1,1,1,0.4766958254,0.6117062016,0.6660717308,0.361715805,0.5023835785,0.4617443211,0.3456548491,0.2886490007,0.6513035055,0.236984068,0.7635010477,0.4063823548,0.3124814803,0.3653708461,0.27564913,0.6986174073,0.7703207126
437.5,1,1,1,1,1,0.476790289,0.6117700572,0.6663518878,0.3615868039,0.5023881508,0.4618514609,0.3455647391,0.2886030493,0.651301903,0.2370694459,0.7633960503,0.4063474549,0.3124900403,0.3653333676,0.2755708814,0.6987511236,0.7703773745
438,1,1,1,1,1,0.4766110742,0.6117283457,0.6663324818,0.3615023253,0.5022425176,0.4618229131,0.3453913824,0.2885077932,0.6514000668,0.2371401853,0.7633263765,0.4062458979,0.3124782729,0.3651511868,0.2756600642,0.6987529662,0.7705255944
438.5,1,1,1,1,1,0.4766394423,0.6116116972,0.6664804262,0.3613405915,0.5021419184,0.4618131987,0.3454493989,0.2886087774,0.6515330892,0.2372721753,0.7632619546,0.4061355673,0.3122913853,0.3651128992,0.2755735829,0.6986289566,0.7705738094
439,1,1,1,1,1,0.4766996379,0.6115165775,0.6662700176,0.3614289921,0.5020989646,0.4617628406,0.3454777014,0.288608137,0.6514875901,0.2372742596,0.7633702886,0.4061564451,0.3121908623,0.3651189929,0.2756569361,0.6985990309,0.770388855
439.5,1,1,1,1,1,0.4767187127,0.611646296,0.6664906207,0.3613112448,0.5020602538,0.4615528695,0.3453317067,0.2887029791,0.6514793364,0.2374746252,0.763395797,0.4061137262,0.3122254345,0.3651013284,0.2755882336,0.6985490968,0.7703647286
440,1,1,1,1,1,0.4765989766,0.6117353962,0.6663421208,0.3612509487,0.5021097149,0.4616378258,0.3453450046,0.2886893693,0.6513779656,0.2372417578,0.7633914614,0.4062821733,0.3120964738,0.3652049708,0.2755598187,0.6985189113,0.7705738076
440.5,1,1,1,1,1,0.4764103957,0.611952444,0.6662496004,0.3614106674,0.5021893825,0.4615932329,0.3452566707,0.2885628938,0.6513676669,0.2374133769,0.7634721833,0.4065462324,0.3122772722,0.365241086,0.2754521148,0.6984344212,0.7704726746
441,1,1,1,1,1,0.4764504469,0.6117955955,0.6664485811,0.3614688169,0.5023922936,0.4614971919,0.3452194937,0.2887399775,0.651571056,0.2372877989,0.7636059699,0.4063873087,0.312302146,0.3652024713,0.2753880381,0.6983500325,0.7705437875
441.5,1,1,1,1,1,0.4764085197,0.6117738629,0.6663342705,0.3612838843,0.5024514612,0.4614426372,0.3452256854,0.2888150516,0.6516467065,0.2374039618,0.7636445569,0.4063941917,0.3124527355,0.3653162511,0.2751764381,0.6984039566,0.7705796321
442,1,1,1,1,1,0.4767214198,0.6117084604,0.6664036223,0.3613118295,0.5026643653,0.4617512469,0.3453444596,0.2888334384,0.6518641427,0.2374068167,0.7637181517,0.4064253424,0.3124915807,0.365264478,0.2752967661,0.6983217084,0.7705944919
442.5,1,1,1,1,1,0.4767120782,0.6115335946,0.6666583821,0.3612989728,0.5022778831,0.4617544551,0.3453000205,0.2887388243,0.6515272571,0.2375231074,0.763788077,0.4064457608,0.3124873244,0.3651444889,0.2753877891,0.6982132542,0.7706166962
443,1,1,1,1,1,0.4768159603,0.611554769,0.6665412736,0.3613120872,0.5021933036,0.4618663917,0.3453359805,0.2885436415,0.651586345,0.2375493296,0.763786308,0.406502873,0.3121654483,0.3649826766,0.2755020376,0.6981538223,0.7704348847
443.5,1,1,1,1,1,0.4768091555,0.6112344648,0.6664839522,0.3612085421,0.5021766993,0.4616804643,0.345390179,0.2884910038,0.6515120746,0.237545126,0.7637919331,0.4065065291,0.3123154947,0.3650669761,0.2757100148,0.6980856405,0.7705896679
444,1,1,1,1,1,0.4767216109,0.6114067311,0.666542451,0.3612206475,0.5024873531,0.4614930483,0.3451975189,0.2885721145,0.6514791658,0.2372979065,0.7638073677,0.4065626889,0.3123820285,0.3651704966,0.2757093624,0.6982204865,0.7707122428
444.5,1,1,1,1,1,0.4764992601,0.6116062237,0.6664373925,0.3613608493,0.5023294176,0.4615929997,0.3453164417,0.2885255431,0.6515880871,0.2372498167,0.7637557602,0.4064298445,0.3121547937,0.3651716321,0.2755735078,0.6981835196,0.7708242022
445,1,1,1,1,1,0.4766254963,0.6116427064,0.6666250618,0.36142764,0.5022642936,0.4615230526,0.3455032265,0.2884225968,0.6516054994,0.2371264016,0.7636761548,0.4064596895,0.3120540478,0.3653076082,0.2754823856,0.6980398646,0.7707827414
445.5,1,1,1,1,1,0.4767316413,0.6116722006,0.6667041119,0.3615998488,0.5020538851,0.4615277989,0.3455540319,0.2883814408,0.6517768316,0.2371525726,0.7636101767,0.4063356104,0.3120044848,0.3652469274,0.2755654632,0.6981674295,0.7708082133
446,1,1,1,1,1,0.4768020479,0.6117857713,0.6666337158,0.3615902018,0.5019229386,0.4615367248,0.3454851025,0.2884072766,0.6517894917,0.2372273515,0.7637315527,0.4062464305,0.3121096365,0.3650452805,0.2756379842,0.6981492373,0.77078726
446.5,1,1,1,1,1,0.4767397729,0.6118519605,0.666378446,0.3616181565,0.501941153,0.4615569526,0.3455933414,0.2886269166,0.6520192649,0.2371719921,0.7637271034,0.4063260418,0.3120992229,0.365147936,0.2758952183,0.6982655091,0.7707817204
447,1,1,1,1,1,0.476666588,0.6117109967,0.6664201053,0.3613184888,0.5019807168,0.4615216624,0.3457163909,0.2885926037,0.6520277507,0.237072754,0.7637863102,0.4064827384,0.3119897218,0.3648460861,0.2757793561,0.6983506091,0.7708079676
447.5,1,1,1,1,1,0.4767239648,0.6117347898,0.6664338434,0.3613915978,0.5019864575,0.4615048462,0.3457524452,0.2885103041,0.6520787161,0.2370152998,0.7638161871,0.4062710822,0.3120045289,0.3648342225,0.2757051896,0.6983876551,0.7707331004
448,1,1,1,1,1,0.4768160848,0.6114188026,0.666492829,0.3612110529,0.5019504074,0.4613556813,0.3457537332,0.2888552313,0.65206112,0.2370762586,0.7638773216,0.4063347403,0.3119983613,0.3650019939,0.2755185044,0.6986954601,0.7706879934
448.5,1,1,1,1,1,0.4766886566,0.6115275745,0.666542874,0.3615108223,0.5021264916,0.4612106918,0.3456313404,0.2886296626,0.6520570471,0.2371218273,0.764061201,0.4067123498,0.3120150312,0.3650208116,0.2755261876,0.6985293481,0.7706664695
449,1,1,1,1,1,0.4768228448,0.6113947231,0.6666320665,0.3613824196,0.5020851954,0.461464243,0.3455019155,0.2887766467,0.6521563292,0.2370815692,0.7640023878,0.4066252394,0.3120579884,0.3649479142,0.2757171215,0.6985112399,0.7706668629
449.5,1,1,1,1,1,0.4768586241,0.6115344994,0.6664218749,0.3612970264,0.5022000517,0.4613909558,0.3456861539,0.2887407101,0.6521400348,0.2370906754,0.7640839244,0.406593651,0.3120601284,0.3649485284,0.2755071467,0.6984579972,0.7706855633
450,1,1,1,1,1,0.4769748655,0.6116525294,0.6665628481,0.3614551468,0.5022204738,0.4614754657,0.345441227,0.2885542299,0.6521432123,0.2369610231,0.7641191983,0.4068034341,0.3120514927,0.3651487539,0.275305586,0.6983256602,0.7705283723
450.5,1,1,1,1,1,0.4768328016,0.6118450555,0.6665236084,0.3616439086,0.5022834203,0.4614023497,0.3454526871,0.2885172296,0.6520249523,0.2368085574,0.7641133019,0.406698859,0.3120737448,0.3652163245,0.2751368137,0.6984006491,0.7705767584
451,1,1,1,1,1,0.4766265925,0.6117239224,0.666474044,0.3616324736,0.5021855906,0.4616166318,0.3456256228,0.2886072311,0.6520737322,0.2368428391,0.7640084766,0.4066806546,0.3120260953,0.3651756269,0.2753143369,0.698374896,0.7706157124
451.5,1,1,1,1,1,0.4765283843,0.6115434465,0.6664435902,0.3616204363,0.5022079691,0.461792884,0.3457071858,0.2885472066,0.6522167888,0.2369873225,0.7639384286,0.4065396442,0.312088513,0.3652969281,0.2752856497,0.6981625408,0.7705475496
452,1,1,1,1,1,0.4766705461,0.6115050909,0.6665327609,0.3615592045,0.5020519537,0.4616642419,0.34568733,0.2884599855,0.6520914723,0.2370680258,0.7641988393,0.4062889857,0.3118922255,0.3655011782,0.2753126575,0.698332705,0.7705648585
452.5,1,1,1,1,1,0.4767714965,0.6113343631,0.6663965037,0.3616255331,0.5019275473,0.4616349202,0.3455918602,0.2885419778,0.6522649564,0.2370288499,0.7641344765,0.4062985002,0.3121496527,0.3657382095,0.2753537202,0.6981647175,0.7705514164
453,1,1,1,1,1,0.4768064166,0.6117836692,0.6662594032,0.3613816808,0.501807175,0.4617336699,0.3454900484,0.2885958932,0.6523152664,0.2369668005,0.7639443398,0.4063217071,0.31224182,0.3654055022,0.2756786242,0.6981632,0.7703819211
453.5,1,1,1,1,1,0.4769127076,0.6117517388,0.6663604044,0.3615603282,0.5018482964,0.4616883343,0.3455529354,0.2886352889,0.652521995,0.2370210223,0.7640281449,0.406482629,0.3123646766,0.3655489698,0.2756428257,0.6981148123,0.7702259261
454,1,1,1,1,1,0.4767631567,0.6116405975,0.666158362,0.3617709044,0.5019955031,0.4616581101,0.3455080839,0.2885964359,0.6524924532,0.2368946997,0.7640696285,0.4064680956,0.3121510643,0.3656730996,0.2756797277,0.698262324,0.7702764113
454.5,1,1,1,1,1,0.476705526,0.6117295841,0.6661574508,0.3615814386,0.5019782723,0.4619377082,0.3453825023,0.2886718671,0.6523446029,0.2368887631,0.7639796555,0.4064128105,0.3122776895,0.365453073,0.2756537023,0.698551944,0.770202889
455,1,1,1,1,1,0.4766949824,0.6115392468,0.6662223731,0.3615685635,0.5022705368,0.4619724068,0.3455456217,0.2887579511,0.6523765012,0.2368863841,0.7639712555,0.4064772775,0.312285954,0.3653501691,0.27565434,0.6984625227,0.7701314943
455.5,1,1,1,1,1,0.4767616937,0.6113923511,0.6664249418,0.3614261769,0.5022309751,0.46170762,0.3454145022,0.2889237303,0.6523372706,0.236893211,0.7639642854,0.4064781426,0.3122946828,0.3653842106,0.2756763136,0.6985211948,0.7700984942
456,1,1,1,1,1,0.4769732468,0.6116464595,0.6662850531,0.3613669748,0.5020823064,0.461618883,0.345307568,0.2888941381,0.6524716023,0.236978339,0.764043898,0.4062539748,0.3122896033,0.3652845917,0.2757743082,0.6985472941,0.7703841523
456.5,1,1,1,1,1,0.4770000612,0.6118300413,0.6664603066,0.3614182504,0.5019799176,0.4616524563,0.3453475043,0.2888997829,0.652471464,0.2370513154,0.7640672048,0.4063851001,0.3120986843,0.3654905582,0.2757963784,0.698633783,0.7704683601
457,1,1,1,1,1,0.4767162709,0.6119193441,0.6665811878,0.3614120137,0.5021005179,0.4615749782,0.345418112,0.2888476026,0.6524084941,0.2368840855,0.7641639523,0.4065195392,0.3122269675,0.3654502103,0.2758571664,0.6986638101,0.7706038128
457.5,1,1,1,1,1,0.4766311259,0.611891051,0.6664703187,0.3616045433,0.5021331588,0.4616019738,0.3452845419,0.2886076198,0.6523010279,0.2368304627,0.7642163559,0.4064791888,0.3122427704,0.3655325851,0.2757765144,0.6989083977,0.7704462366
458,1,1,1,1,1,0.4763622875,0.6117134051,0.6664988808,0.3616616314,0.5021806924,0.4614486989,0.3453619642,0.2887296252,0.6522096708,0.2369046727,0.7643251394,0.4064264335,0.3123350826,0.3655532636,0.2757138063,0.6988462658,0.7704200542
458.5,1,1,1,1,1,0.4763413306,0.6117722349,0.6665552947,0.3617155685,0.5021665892,0.4614662916,0.3453742649,0.2885531656,0.6521704778,0.2369633408,0.7642988362,0.4063541244,0.3122691916,0.3655417179,0.2756495094,0.6988623577,0.7704672687
459,1,1,1,1,1,0.4765376423,0.6117597952,0.6665242149,0.3615584249,0.5022769204,0.4615449645,0.3456428498,0.288615963,0.652002187,0.236939187,0.7642224532,0.4063949679,0.3120639126,0.3652925143,0.2757830805,0.6987501426,0.7704159478
459.5,1,1,1,1,1,0.4766361756,0.611642313,0.6666046732,0.3614171181,0.5022070947,0.4614324846,0.3455334208,0.288641285,0.6523090459,0.2369568571,0.7643255831,0.406443324,0.3122991927,0.3651119261,0.2757157366,0.6987176803,0.7706327302
460,1,1,1,1,1,0.4768361709,0.6117483112,0.666659453,0.361519075,0.5020584528,0.4617206839,0.345490488,0.2885034402,0.652318873,0.236804473,0.764348733,0.406491842,0.312403138,0.3651995597,0.2756541678,0.6988116492,0.7705640275
460.5,1,1,1,1,1,0.4768691417,0.6119927515,0.6665885063,0.3615552877,0.5020287469,0.4616691885,0.3455010448,0.2884410451,0.652027233,0.2367922409,0.7642776779,0.4064547905,0.3124183861,0.3652689748,0.2756710461,0.6986454435,0.7705360733
461,1,1,1,1,1,0.4768287471,0.6118100784,0.6665716069,0.3614268701,0.5020438599,0.4616774968,0.345221585,0.288481146,0.6519783806,0.2366782764,0.7642978222,0.4066646815,0.3123872931,0.3651114214,0.2755661611,0.698585742,0.7706832147
461.5,1,1,1,1,1,0.4767106268,0.6116006517,0.6665459012,0.3614904356,0.5020728047,0.4614635258,0.3452720204,0.2885316372,0.6520326952,0.2366767523,0.7642738657,0.4065879168,0.3122891189,0.3650325541,0.2756271619,0.6986291946,0.7706251844
462,1,1,1,1,1,0.4766111171,0.6116099051,0.6662893999,0.3613439712,0.5020493837,0.4615987653,0.3453422602,0.2885362824,0.6520513351,0.2367247694,0.7643830707,0.4066862714,0.3124519051,0.3649586624,0.275616185,0.6986379593,0.7704794092
462.5,1,1,1,1,1,0.4765580625,0.611755258,0.6663541336,0.3614105442,0.5022053649,0.4617161634,0.3453133962,0.2886241442,0.6520912844,0.2367051007,0.7645811691,0.4066694712,0.3124549684,0.3651306077,0.2754449542,0.698691888,0.770434516
463,1,1,1,1,1,0.476741728,0.6117567955,0.6666538171,0.3613519817,0.5024387951,0.4615674886,0.3452978044,0.2886735908,0.6520692919,0.2367012993,0.7645163973,0.4065083474,0.3124879897,0.3650393905,0.2753767241,0.698647327,0.7704796102
463.5,1,1,1,1,1,0.4768065488,0.6116561794,0.6664814662,0.3613313573,0.5023257415,0.4614330065,0.3454252769,0.2887640604,0.6521291771,0.2367945239,0.7644514156,0.4065328874,0.312372968,0.3651374917,0.2753951094,0.698563478,0.7703477432
464,1,1,1,1,1,0.4767576558,0.6116049947,0.6665538528,0.3613030171,0.5020495942,0.4614070512,0.3456189924,0.288791896,0.6522538687,0.2369472539,0.764554378,0.4064941417,0.3121984777,0.3651745934,0.2754650793,0.6984253376,0.7703737981
464.5,1,1,1,1,1,0.4767721436,0.6115171571,0.6666203429,0.3614408008,0.5019737823,0.4614713191,0.3456627816,0.288882552,0.6522702953,0.2368577412,0.7645523717,0.406812991,0.3121920769,0.3653346098,0.2753846083,0.6985112553,0.770305759
465,1,1,1,1,1,0.4767803511,0.6113802832,0.6666209125,0.3615317301,0.502082855,0.4614923812,0.3454840522,0.2888223913,0.6522160236,0.2369674283,0.7645250568,0.4068268871,0.3123490373,0.3653665337,0.2754087878,0.6983127443,0.7702596737
465.5,1,1,1,1,1,0.4766799718,0.6116381056,0.6665905436,0.3616138863,0.502062708,0.4615730072,0.3455139964,0.2888603631,0.6520209309,0.2369871452,0.7645275893,0.4067591469,0.31238185,0.3654009695,0.275402343,0.6983479307,0.7701160166
466,1,1,1,1,1,0.4768581822,0.6115499821,0.6666321184,0.3615415545,0.5020932522,0.4616096504,0.345606044,0.288946478,0.6518957664,0.2370011842,0.7645909435,0.4066572994,0.3122214791,0.3654426098,0.2753213502,0.6982749427,0.7701556863
466.5,1,1,1,1,1,0.4767121008,0.6114867506,0.6665227546,0.3617266364,0.5021380131,0.4615250842,0.3456157996,0.2890895898,0.6518954128,0.2370049485,0.7643845849,0.4066140275,0.3121399766,0.3654984708,0.2754210001,0.6981472767,0.7700782499
467,1,1,1,1,1,0.4765910921,0.6116129844,0.6664504465,0.3616276194,0.5022020884,0.4613508855,0.345714467,0.2891519246,0.651738877,0.2371124138,0.7643171607,0.406586277,0.3122316864,0.3653975499,0.275481068,0.6982714686,0.7699966942
467.5,1,1,1,1,1,0.4766837374,0.611745252,0.6664251183,0.3615305992,0.502009281,0.4613080296,0.3458321238,0.2890084357,0.6518364362,0.2369506208,0.7643814974,0.4065502519,0.3122036368,0.3653794821,0.2755909072,0.6983389058,0.7699392895
468,1,1,1,1,1,0.476873279,0.6116546048,0.6664074639,0.3617626084,0.5023837696,0.4615083294,0.3456521743,0.2889529312,0.6516768868,0.2370432328,0.7642496055,0.4066634973,0.3122803202,0.3653082775,0.2755933244,0.6982148256,0.7699691531
468.5,1,1,1,1,1,0.4768193577,0.6116678762,0.6662434528,0.3617061592,0.5023166952,0.4614727463,0.3455689033,0.2889162526,0.6517996077,0.2370171409,0.7643529993,0.4065470091,0.3122795592,0.3650268074,0.2755235267,0.6981900365,0.7699693329
469,1,1,1,1,1,0.4767986417,0.611721884,0.6663282225,0.3617131849,0.5023684725,0.4614285228,0.3457271176,0.2888702773,0.6517388324,0.2370518538,0.7645241904,0.4062954045,0.3123762703,0.3652287202,0.2754923194,0.6980901743,0.769960111
469.5,1,1,1,1,1,0.4769481266,0.6114438867,0.6663597776,0.3615841486,0.5027558,0.4615012133,0.3454798382,0.288602049,0.6518001546,0.237056624,0.7645377735,0.4062255374,0.3121756217,0.3654337321,0.2755333976,0.6981388652,0.7701000716
470,1,1,1,1,1,0.4769252978,0.6116584818,0.6663866504,0.3614319681,0.5026459306,0.4615659401,0.3454741499,0.2887271271,0.651750396,0.2371761836,0.7645079395,0.4062622013,0.3122572302,0.3653661258,0.2753994864,0.6981414652,0.7701094375
470.5,1,1,1,1,1,0.4770265956,0.6116010609,0.6664045995,0.3612542421,0.5025042958,0.4615166934,0.3454891111,0.2885486177,0.6518366824,0.2372356429,0.7644286531,0.4065007216,0.3121488036,0.3654529531,0.2754337351,0.6981621035,0.7701282604
471,1,1,1,1,1,0.4770735724,0.6112292901,0.6664471766,0.3612214426,0.5022146262,0.4613725745,0.3454009655,0.2884935596,0.651666322,0.2372277079,0.7644462853,0.4066559013,0.3122347791,0.3653829999,0.2752308735,0.6984024181,0.7702190624
471.5,1,1,1,1,1,0.4769987419,0.6114914176,0.6664768486,0.3612549535,0.5021769288,0.4616921801,0.3454187647,0.2883613486,0.6515964488,0.2371862016,0.7645311795,0.40678238,0.3122436396,0.365423628,0.2752722471,0.6982307363,0.7700729609
472,1,1,1,1,1,0.4770546259,0.6116477872,0.6663576713,0.3614354143,0.5021278028,0.4617053167,0.345370972,0.2885152057,0.6515390737,0.2373283745,0.7646258952,0.4067080041,0.3124754699,0.3654528224,0.2751886912,0.6982316075,0.7700433355
472.5,1,1,1,1,1,0.4770072928,0.611755504,0.6665168847,0.3614373457,0.5020994644,0.4615611052,0.3452641577,0.2885877836,0.6515459119,0.2374303878,0.7648495937,0.4066436253,0.3125721839,0.3652857739,0.2753233528,0.6982008613,0.7701123707
473,1,1,1,1,1,0.4769857607,0.6116517417,0.6665013591,0.3614244188,0.5023243408,0.4617880905,0.3452302753,0.2883348844,0.6516968353,0.2372780901,0.7647649497,0.4064491784,0.3126308548,0.3655625695,0.2756078998,0.6984030231,0.7700789448
473.5,1,1,1,1,1,0.4768759091,0.611665627,0.6665957714,0.3615753516,0.5021722558,0.4617256904,0.3453097046,0.2883992928,0.6517120178,0.2370457696,0.7647024538,0.4066267302,0.3126619617,0.3653818871,0.2754682418,0.6984342305,0.7701512826
474,1,1,1,1,1,0.4768852435,0.6117202118,0.6664728104,0.3614700629,0.5023271177,0.4620538141,0.3452104727,0.288419364,0.6519075695,0.2370787396,0.7647812555,0.4066829005,0.3127236859,0.365525698,0.2754106623,0.6984575013,0.7701900106
474.5,1,1,1,1,1,0.4769842787,0.6117117106,0.666697205,0.3615467319,0.5025773663,0.4620041994,0.3454504236,0.2885755472,0.6520795144,0.2370551513,0.7648913009,0.4066023501,0.3124519359,0.3655974838,0.2755423587,0.6984208172,0.7702450423
475,1,1,1,1,1,0.4768609463,0.6119113474,0.6666448919,0.3616693428,0.5023948365,0.4618960092,0.3455284442,0.28838292,0.6521766689,0.2371488185,0.7647754589,0.4064083868,0.3126171527,0.3656161311,0.2756126345,0.6984764551,0.7702963346
475.5,1,1,1,1,1,0.4767100415,0.611912337,0.6664760601,0.3617219323,0.5020530681,0.4619064655,0.3456811925,0.2886050373,0.6519384391,0.2371361898,0.7647368591,0.4061602458,0.31258453,0.3657461244,0.2755370198,0.6984046447,0.7703908026
476,1,1,1,1,1,0.4767573471,0.6117409826,0.6664923417,0.3616791968,0.5020367207,0.4620779374,0.3456730351,0.2887068217,0.6518490225,0.2371104338,0.7647881077,0.4061613203,0.3124783006,0.3658211357,0.2756533076,0.6984772079,0.7704141168
476.5,1,1,1,1,1,0.4768486345,0.6119779583,0.666664528,0.3616474614,0.5019776361,0.4620432106,0.3458451697,0.2886278116,0.6516867752,0.2370303742,0.7646398586,0.4063334768,0.3124248097,0.365645755,0.2755711341,0.6983739077,0.770468508
477,1,1,1,1,1,0.4769290045,0.6118502265,0.6664611377,0.3616810913,0.501995487,0.4618926161,0.3459704095,0.2884975148,0.6518139066,0.2370871315,0.7646534269,0.4064974539,0.3123551159,0.3656809353,0.2756602035,0.6983424801,0.7706310004
477.5,1,1,1,1,1,0.4768775506,0.6115239551,0.6663811167,0.3615017234,0.502063019,0.461946028,0.3459480374,0.2883153951,0.6518972571,0.2372365624,0.7645917216,0.4066146422,0.312390205,0.3656284384,0.2755985465,0.6981892129,0.770478833
478,1,1,1,1,1,0.4768275746,0.6113769576,0.6662633221,0.3614836211,0.5021883301,0.4615918998,0.345946535,0.288427223,0.6518367302,0.2370774057,0.76468341,0.4065580381,0.3121207102,0.3657294791,0.2756969623,0.6982841762,0.7705125809
478.5,1,1,1,1,1,0.4768945582,0.6116173308,0.666266047,0.3614859321,0.5021655422,0.4616542325,0.345871888,0.2883162232,0.6518300563,0.2372013568,0.7646855197,0.4064913659,0.3121720526,0.3655548497,0.2756419966,0.6981837122,0.7704865994
479,1,1,1,1,1,0.4768055148,0.6116105324,0.6662240362,0.3612671693,0.5021431319,0.4614967324,0.3457817241,0.2883869239,0.6517274792,0.2371083861,0.764581636,0.4063397611,0.3121250601,0.3653151413,0.2754780956,0.6980656843,0.7704131698
479.5,1,1,1,1,1,0.4766058755,0.6115989213,0.6662220735,0.3613861656,0.5020842425,0.4615375855,0.3455514881,0.2883285673,0.6516323593,0.2371277171,0.7646236074,0.4063877406,0.3120669778,0.3653887404,0.2755432306,0.698108804,0.7704424016
480,1,1,1,1,1,0.4765608266,0.6114101667,0.6665838977,0.3614072346,0.5021123851,0.461358691,0.3456341479,0.2883272613,0.6516112632,0.2371145813,0.7645170486,0.4063410152,0.3121583811,0.3653332668,0.2754567687,0.6982237289,0.7703455619
480.5,1,1,1,1,1,0.4765751632,0.6115778818,0.666664102,0.3614584598,0.5020686158,0.4614912676,0.3454625365,0.2884645813,0.6516317477,0.237374726,0.7644119574,0.4063092432,0.3120341723,0.3654571022,0.2755149687,0.6979717063,0.770382192
481,1,1,1,1,1,0.4767547204,0.6115341118,0.6666138483,0.3614061571,0.5020805079,0.4615162464,0.345665627,0.2884289642,0.6517450614,0.2371624339,0.7642205554,0.406198156,0.3121403089,0.365296899,0.2754831128,0.6978578081,0.7705148189
481.5,1,1,1,1,1,0.4765385039,0.6114544126,0.6667827692,0.3612981467,0.5020295847,0.4615727947,0.3454398987,0.2884867294,0.6517181566,0.2370769044,0.7643768807,0.406170906,0.3120795906,0.3652934293,0.2754342194,0.6977886841,0.7704800694
482,1,1,1,1,1,0.476380298,0.6112985697,0.6666059282,0.3612881789,0.5019891437,0.4616480985,0.3453025674,0.2884431069,0.6517690205,0.2371551127,0.7644834779,0.406413149,0.3120425347,0.3652054003,0.2753906434,0.697691022,0.7705243604
482.5,1,1,1,1,1,0.4765315736,0.6113670193,0.6666634601,0.3611478677,0.5018849645,0.4616950171,0.3454329174,0.2884443065,0.6516150607,0.2371793899,0.764467227,0.4065073425,0.3119210245,0.3653831037,0.2754244731,0.6979349652,0.7706156475
483,1,1,1,1,1,0.4765901484,0.6115119343,0.6666700406,0.3612556933,0.5019302018,0.4613560781,0.3454426046,0.2885258358,0.6517208639,0.2371792222,0.7645211501,0.406372405,0.311802897,0.3653293434,0.2753966851,0.6979894269,0.7704838533
483.5,1,1,1,1,1,0.4767430797,0.611594678,0.6667288684,0.36135683,0.5017338687,0.4613870893,0.3454440048,0.288505958,0.6518485131,0.237136329,0.7644701846,0.406412179,0.3119315524,0.3654407942,0.2754941034,0.6978381805,0.7705506226
484,1,1,1,1,1,0.4768042296,0.6116527327,0.6666151526,0.3614313598,0.5014389875,0.4615926848,0.3454182787,0.2886855322,0.6517744397,0.2371237746,0.7646040863,0.4064432446,0.3119977626,0.3654017878,0.2754702635,0.6981060969,0.7705633593
484.5,1,1,1,1,1,0.4768657006,0.6115565163,0.6666337127,0.3616065206,0.5016935952,0.4616552155,0.3454335746,0.2886763509,0.6516432115,0.2371129061,0.7646428074,0.4065368006,0.3119725711,0.3653854559,0.2755024607,0.6983661507,0.7705990072
485,1,1,1,1,1,0.4770183225,0.6115160141,0.6665577367,0.3614491083,0.5019384914,0.4616841207,0.3454264688,0.2887444297,0.6516923836,0.2372132232,0.764775049,0.4063272998,0.3121426658,0.3653291948,0.2754161263,0.6983663739,0.7707153297
485.5,1,1,1,1,1,0.4767190633,0.6116033789,0.6666156446,0.3614134538,0.5018511174,0.4617442362,0.3453897895,0.2886142315,0.6516541742,0.2371284041,0.7646484757,0.406385257,0.3121142834,0.3652736613,0.2755239747,0.6983584128,0.7707498192
486,1,1,1,1,1,0.4768484439,0.6117767983,0.6666442312,0.3613255595,0.5018766908,0.4618201124,0.3456691717,0.2886480887,0.6516935339,0.2370159408,0.7646809657,0.4064195937,0.3122723932,0.3654377707,0.2755480878,0.698317945,0.7706858532
486.5,1,1,1,1,1,0.4770254458,0.6116019986,0.6665995858,0.3611537606,0.5017073196,0.4617606073,0.3457759113,0.2885978554,0.6518910613,0.2370743713,0.7647587464,0.4063609064,0.3122201955,0.3654195635,0.2755777073,0.6983096605,0.7706648809
487,1,1,1,1,1,0.4768094895,0.6118133271,0.6666583192,0.3611752225,0.501845302,0.4616371158,0.3454950488,0.2885746443,0.6520212146,0.2371806766,0.7647391402,0.4064497205,0.3122932597,0.3654490857,0.2756685692,0.6983101299,0.7705982767
487.5,1,1,1,1,1,0.476892181,0.6116971999,0.6665618439,0.3612789338,0.5019763413,0.4615510939,0.3453056933,0.2885687189,0.6521738179,0.2371435068,0.7648252156,0.4064092598,0.3124814863,0.3654813786,0.2755877696,0.6982117667,0.770619811
488,1,1,1,1,1,0.4767386134,0.6116296102,0.6664078643,0.3611585996,0.501952602,0.46160849,0.3454723713,0.2886136918,0.6521068447,0.2369575308,0.7648422435,0.4061716839,0.3124366528,0.3654784041,0.275466667,0.698229049,0.7707054117
488.5,1,1,1,1,1,0.4767236074,0.611518798,0.6664590895,0.3612729927,0.5019282613,0.4615554117,0.3454342505,0.2886104953,0.651949844,0.2368987799,0.7648067636,0.4061140802,0.3124012203,0.3651544025,0.2754541169,0.698208861,0.7704987903
489,1,1,1,1,1,0.4767082161,0.6114089456,0.6664966008,0.3613336204,0.5018230533,0.4614873332,0.3452324566,0.2884405875,0.651634881,0.2368896289,0.7648356877,0.4060785199,0.3124192415,0.3651181006,0.2754059673,0.6981981581,0.7706164369
489.5,1,1,1,1,1,0.4767612831,0.6115102706,0.6664615362,0.3613730121,0.501855683,0.4615358855,0.3452897374,0.2885429262,0.6515323981,0.2367926697,0.7648502196,0.4061275693,0.3122228122,0.3648910227,0.2753963046,0.6983931496,0.7706475579
490,1,1,1,1,1,0.4767805181,0.6114011882,0.6666176845,0.3610992771,0.5017715805,0.4615336156,0.3454825439,0.2887345016,0.651250977,0.2369664421,0.7646943144,0.406166493,0.3121273811,0.3648195219,0.2754233029,0.6983008906,0.770737134
490.5,1,1,1,1,1,0.4767545105,0.6114620079,0.6666813598,0.3611398826,0.5018547106,0.4615634141,0.3453526354,0.2885341113,0.6512486068,0.2368960631,0.7648409111,0.4063829263,0.3119529637,0.3646980877,0.2752752099,0.6982807242,0.7708224018
491,1,1,1,1,1,0.4767940969,0.6115600847,0.6667842099,0.3610475635,0.5019271662,0.4617230028,0.3453302161,0.2886366384,0.651469699,0.2367649124,0.7648629228,0.40640161,0.3121804461,0.3648962728,0.2752538949,0.6980402018,0.770722833
491.5,1,1,1,1,1,0.4768635747,0.611536062,0.666780299,0.3611836536,0.5018488753,0.4617659336,0.3454943257,0.2886005701,0.6514121397,0.2368847695,0.764661288,0.406586079,0.3120945042,0.3649713253,0.2752146075,0.6980451252,0.7708293284
492,1,1,1,1,1,0.4767729164,0.6114702845,0.666613022,0.3610513938,0.5018355443,0.4618057296,0.3455031716,0.2884896103,0.6513002233,0.2369539063,0.7644477045,0.4066302491,0.3122206388,0.3649098948,0.2751453571,0.6983370035,0.7708237996
492.5,1,1,1,1,1,0.4767562659,0.611473155,0.6664696696,0.361172685,0.5020871171,0.4617420133,0.3454760488,0.2884812687,0.651337987,0.2368786944,0.7647297826,0.4065220224,0.312351327,0.365099637,0.2749757202,0.6983715166,0.770971888
493,1,1,1,1,1,0.4768249502,0.6114135362,0.666478388,0.3612208788,0.5020580313,0.4617584286,0.3454980061,0.2884382331,0.6511415927,0.2365201182,0.7648541671,0.4065062994,0.3123018535,0.3651928717,0.2750852514,0.6983295679,0.7709747541
493.5,1,1,1,1,1,0.4767353879,0.6117081813,0.6665380092,0.3613023952,0.5018515969,0.4618505341,0.3454553862,0.2884375966,0.6511242022,0.236544879,0.7648735517,0.4065706466,0.3122148614,0.3649614737,0.2749567498,0.698291296,0.7707700928
494,1,1,1,1,1,0.4766714784,0.611552872,0.6664681814,0.3610844784,0.5018095856,0.4618665898,0.345570182,0.2884079326,0.6512495497,0.2365939446,0.7648429476,0.4064911091,0.3120041178,0.3649931251,0.2748979033,0.6982222484,0.7705946965
494.5,1,1,1,1,1,0.476736582,0.6116142843,0.666615753,0.3611673157,0.5018567221,0.4618007542,0.3456267091,0.2884958522,0.651160744,0.2367792553,0.7647466839,0.4065239777,0.3120521458,0.3649574106,0.2749931883,0.698338859,0.7705822871
495,1,1,1,1,1,0.4763997803,0.6114404725,0.6665254369,0.3611219058,0.5019438122,0.4617055651,0.3454615253,0.2886365308,0.6513757472,0.2369304463,0.7646726521,0.4068073777,0.3122066047,0.3652174474,0.2751037746,0.6986301692,0.7704276027
495.5,1,1,1,1,1,0.4765017614,0.6114889515,0.6663709581,0.3611496242,0.5015568222,0.4616716937,0.3454304623,0.2886425074,0.6516943055,0.2369453222,0.7645895589,0.4066614431,0.3125081572,0.3650217156,0.2753567482,0.6987482733,0.7704731908
496,1,1,1,1,1,0.4765035131,0.6116613963,0.6663391221,0.3611049882,0.501755987,0.4615952601,0.3456937662,0.2885287639,0.6516874639,0.2370569962,0.7647268381,0.4066348463,0.312499777,0.3651870189,0.275275803,0.698580302,0.7706461676
496.5,1,1,1,1,1,0.4765943066,0.6117227809,0.666701926,0.3610550265,0.5019283877,0.4615683028,0.3456687843,0.2885142249,0.651525525,0.2369489312,0.764809346,0.4068621098,0.312415234,0.3651254663,0.2753222533,0.6985473508,0.7705802394
497,1,1,1,1,1,0.4766223713,0.6117245194,0.6665125615,0.3610953697,0.5016869326,0.4615844539,0.3455876938,0.2884672878,0.6514990097,0.237070126,0.76482988,0.4066416885,0.3123396042,0.3650872005,0.2753172093,0.6985460142,0.7707330448
497.5,1,1,1,1,1,0.4766345857,0.611678691,0.6666607062,0.3611596078,0.5019190814,0.4616462982,0.3455822333,0.288442047,0.65141623,0.2371549935,0.7647617075,0.4064359029,0.3123765223,0.3650832484,0.275465379,0.6985911999,0.7706690773
498,1,1,1,1,1,0.4766238143,0.6116106837,0.666464724,0.3612049806,0.5019971013,0.4616102912,0.3456456825,0.2884458553,0.6516087185,0.2371881005,0.7647270256,0.4063969436,0.3122776611,0.3650983974,0.2753264303,0.6983049453,0.7706383912
498.5,1,1,1,1,1,0.476717625,0.6116721227,0.6664377224,0.3613401094,0.5021903408,0.461633017,0.3455019387,0.2885068165,0.6518025973,0.2371707474,0.764660244,0.4063931605,0.3123036528,0.3650346876,0.2753491917,0.6983678258,0.7704364445
499,1,1,1,1,1,0.4768035699,0.6115892422,0.666492162,0.3614410452,0.5021218313,0.4617469224,0.3456379114,0.2886368587,0.6518002774,0.2370855686,0.7646724979,0.4064497576,0.3123703552,0.3649919606,0.275417388,0.6982343759,0.7703862487
499.5,1,1,1,1,1,0.4767958471,0.6114459836,0.6665543165,0.3614885894,0.502282885,0.4616761245,0.3455140286,0.2886663209,0.651881017,0.2371096936,0.7646251718,0.4066355269,0.3122283524,0.3649259129,0.2752005018,0.6982488138,0.7703863155
500,1,1,1,1,1,0.4766179103,0.6115026181,0.6665886115,0.3615159753,0.5023140289,0.4618897774,0.3454791985,0.2885992674,0.6517648174,0.2371995521,0.7646357538,0.40649281,0.3124777535,0.3648926466,0.2751983561,0.6983257862,0.7703811701
