time,TNFR,IL1R,CD40,LTB,BAFFR,TRAF2_5,TRAF6,TRAF2_3,Btx,TAK1_TAB,NEMO_IKKa_IKKb,IkBa_release_signal,p50_p65,TNFa,p100,Phenotype_canonical,NIK,IKKa_noncanonical,p100_RelB,p52,BAFF,Phenotype_noncanonical
0,1,1,1,1,1,0,0,0,0,0,0,0,0,0,0,0,0,0,0,0,0,0
0.5,1,1,1,1,1,0.1041183015,0.165541146,0.2296660251,0.01967115026,0.04094799059,0.00232585814,0.0001577454698,6.526171407e-06,4.399276626e-07,1.492145736e-07,3.321502185e-07,0.01368666388,3.41860738e-05,4.27500524e-06,1.26516349e-07,1.995625877e-07,1.317725006e-09
1,1,1,1,1,1,0.1901091539,0.2716943926,0.3805146914,0.06096492442,0.1256721696,0.01432184279,0.001988874429,0.000167761487,2.345481831e-05,7.934964386e-06,1.790038127e-05,0.04605770803,0.0002261884536,5.804339464e-05,3.507923085e-06,5.573835411e-06,7.46141201e-08
1.5,1,1,1,1,1,0.2597503467,0.3365794207,0.4812271929,0.108577667,0.2185499784,0.03690465714,0.007823345178,0.001015688717,0.0002206490746,7.409576621e-05,0.0001671434038,0.08711475165,0.0006327731427,0.0002442368215,2.273138854e-05,3.621302092e-05,7.468520814e-07
2,1,1,1,1,1,0.3177716341,0.3777186162,0.5537386127,0.1541173555,0.3085798605,0.0676932664,0.01907076408,0.003338284163,0.001007714088,0.0003403912966,0.0007644660421,0.1312405773,0.001243163067,0.0006473259825,8.168997845e-05,0.0001303748535,3.615602817e-06
2.5,1,1,1,1,1,0.3645560048,0.4054220895,0.600102023,0.1937922855,0.3853646851,0.1020958543,0.03595948478,0.007927108219,0.00309160013,0.001035746688,0.002348650114,0.178991935,0.002025543924,0.001331719828,0.0002127451708,0.0003473272701,1.20531978e-05
3,1,1,1,1,1,0.4049885862,0.4201669131,0.6315015896,0.2273424398,0.4530840723,0.1358759234,0.05751698334,0.01540587332,0.007430488973,0.002501238964,0.005676976477,0.2243572238,0.002938307653,0.002347042095,0.00045234396,0.0007455351587,3.153473533e-05
3.5,1,1,1,1,1,0.4367147236,0.4315939056,0.6500785468,0.2533216365,0.5093507701,0.1674799817,0.08145673958,0.0256441861,0.01497803548,0.005068003543,0.01155121279,0.2664355916,0.003932443475,0.003731253389,0.0008410109285,0.001407969525,6.968183287e-05
4,1,1,1,1,1,0.4612868974,0.4378567992,0.6650991646,0.2752302849,0.5578588888,0.1988089433,0.1071865669,0.03902376151,0.02668345246,0.00906196442,0.02065829918,0.3047774698,0.005005281153,0.005466908754,0.001418816074,0.002395825821,0.0001375651297
4.5,1,1,1,1,1,0.4832650089,0.4421203405,0.6759579903,0.2908156853,0.5963808321,0.2248957006,0.1330217877,0.05485143954,0.04316112868,0.01460898451,0.03358516059,0.3424048839,0.006064907519,0.007501559725,0.002226385604,0.003769588547,0.0002485089997
5,1,1,1,1,1,0.4995824442,0.4469065004,0.6816607955,0.303941345,0.6272887421,0.2467245,0.1581966287,0.07224248972,0.06452807758,0.02199827301,0.05065584675,0.3728404883,0.00711683372,0.01001896917,0.003297465326,0.005609169923,0.0004118200939
5.5,1,1,1,1,1,0.5120383008,0.4485381302,0.6870758955,0.3139579055,0.6516291317,0.264496938,0.1809483025,0.08913169998,0.09101797655,0.03121342215,0.07118359721,0.4033458487,0.008096622898,0.01285068828,0.004709032611,0.008065407063,0.0006538054026
6,1,1,1,1,1,0.5213344266,0.4499331153,0.6909824289,0.323425634,0.6715007262,0.2795928623,0.2026339211,0.1073736255,0.1208447403,0.04229195883,0.09501025341,0.4298599264,0.009029604138,0.01597183183,0.00634210931,0.0109124504,0.0009795439688
6.5,1,1,1,1,1,0.530831648,0.4492802925,0.6929963432,0.3304732714,0.6863654084,0.2949892489,0.2211159628,0.1242364824,0.1557503612,0.054262248,0.1229322212,0.4541488331,0.009946701039,0.01930889199,0.008331290535,0.01457599955,0.001415692967
7,1,1,1,1,1,0.536913955,0.4482770269,0.6928357865,0.3373284039,0.6995738202,0.3052722505,0.2393436169,0.1415232047,0.1900884605,0.06699868982,0.1526672936,0.4768403363,0.0107849749,0.02297172476,0.01068459918,0.018972765,0.001963299346
7.5,1,1,1,1,1,0.5409515076,0.4459864709,0.6927684691,0.3421389619,0.7085911778,0.3137272766,0.2539535698,0.1593666385,0.2275384519,0.08124584156,0.1861866734,0.4972243147,0.01168067068,0.02663207933,0.01349558172,0.02395334264,0.002706358237
8,1,1,1,1,1,0.5488045384,0.4476468039,0.6948744653,0.3440720411,0.7185718961,0.3221690661,0.266613741,0.1741831197,0.2658730967,0.09602523125,0.2201529056,0.51668035,0.01244058011,0.03068358175,0.01652964427,0.0294603604,0.003550568257
8.5,1,1,1,1,1,0.5550383203,0.4488364452,0.6960128449,0.3457592788,0.7251440571,0.3273685049,0.2784140546,0.1864172191,0.3017138407,0.113152368,0.2533970139,0.5352862204,0.01309192156,0.03461775503,0.01980852749,0.03570435736,0.004656054464
9,1,1,1,1,1,0.5621947762,0.4484391953,0.6958221841,0.345235336,0.7295109015,0.3300377471,0.28877015,0.1994404909,0.3382954943,0.1299595637,0.2889397367,0.5507350059,0.0136553418,0.03888362183,0.02341557933,0.04277786087,0.005913617435
9.5,1,1,1,1,1,0.5657862779,0.45050522,0.696554791,0.3468079834,0.7328346534,0.3332653914,0.2976141685,0.2101812953,0.3771519255,0.1472861249,0.3249747683,0.5658313936,0.01431372852,0.04319963736,0.02765450063,0.0505374969,0.007390472715
10,1,1,1,1,1,0.5667494489,0.4505536508,0.6974670792,0.3478907768,0.7363162447,0.3394772345,0.3042186399,0.2201227322,0.4136150585,0.1638457726,0.3603682116,0.5801664342,0.01482855125,0.04722899793,0.03185564134,0.05889665223,0.009067757461
10.5,1,1,1,1,1,0.5720075897,0.4499883324,0.6962578419,0.3504274974,0.7382709203,0.3418166418,0.3074850238,0.2282936975,0.4454476389,0.1799891398,0.394229572,0.5891120037,0.01525365856,0.05114672573,0.03647667967,0.06750107223,0.01102554148
11,1,1,1,1,1,0.5732660396,0.4502545299,0.6954052756,0.3559496559,0.7419092832,0.3433290861,0.3119079358,0.2364191543,0.4790396142,0.195147729,0.4273920646,0.5969100806,0.01578433183,0.05544717426,0.04116640646,0.07650523157,0.01335633697
11.5,1,1,1,1,1,0.5727872287,0.4495619383,0.6954134488,0.3533387478,0.7456670413,0.3473573065,0.3156082894,0.2431010226,0.506157439,0.2099385962,0.4578493366,0.604044911,0.01612383695,0.05893458185,0.04630615114,0.08614213054,0.01585102272
12,1,1,1,1,1,0.5732446113,0.4487242092,0.695006443,0.3529918036,0.7441411761,0.3500378677,0.3204695467,0.2481853946,0.5335069884,0.2257271601,0.4875562521,0.6114964858,0.01634957785,0.0626281159,0.05111054027,0.09649281726,0.01866922702
12.5,1,1,1,1,1,0.5719651888,0.4474628707,0.695135921,0.3549585859,0.7465613656,0.3519007647,0.3241163614,0.2512537302,0.5583348754,0.2390236079,0.5167594582,0.6166899263,0.01669211111,0.06646749113,0.05566089472,0.1060716794,0.02145087101
13,1,1,1,1,1,0.5752808859,0.4480694593,0.6936846056,0.3522132682,0.7465701528,0.3526491919,0.3266096412,0.254742899,0.5830105832,0.252820942,0.5450912597,0.624276923,0.01703205988,0.07003986945,0.05999873528,0.1169725818,0.02453149439
13.5,1,1,1,1,1,0.5740581566,0.4488098949,0.6939410232,0.3518324774,0.7468173034,0.3526167288,0.3283560884,0.2580856248,0.6005602178,0.2666217495,0.5713581754,0.6317484634,0.01717996356,0.07268596411,0.06488616714,0.1284156575,0.02794170319
14,1,1,1,1,1,0.5730544602,0.4495675668,0.6947742902,0.3532452014,0.7470053533,0.3532151404,0.3281980257,0.2636823059,0.624178188,0.2782778582,0.5959045283,0.6360537142,0.01739565176,0.07664977235,0.07009098808,0.1403824672,0.03168470049
14.5,1,1,1,1,1,0.5776330739,0.4480643816,0.6963310413,0.3552432859,0.746982658,0.3527147321,0.3297670949,0.2653438911,0.6405653237,0.2898675368,0.6159125704,0.6438071953,0.01763079529,0.07908003117,0.07511536658,0.1503164214,0.0353876163
15,1,1,1,1,1,0.5790994442,0.4492619982,0.6974782386,0.3543329054,0.7498093608,0.3508752731,0.3297712091,0.2675605479,0.656568892,0.2993841713,0.634860104,0.6505005041,0.0179999087,0.08289333256,0.07940174257,0.1620228162,0.03955180774
15.5,1,1,1,1,1,0.5777202284,0.4487451976,0.697592431,0.3549206291,0.7496472661,0.3523712547,0.3306480081,0.268800739,0.6713352555,0.3098986445,0.6515849569,0.6529511598,0.0182495883,0.08622581947,0.08529273973,0.1745016741,0.04415207651
16,1,1,1,1,1,0.5739557609,0.4495674866,0.6973172471,0.3550419749,0.7477368474,0.3541983969,0.331574584,0.2686142421,0.6847913692,0.318399069,0.6677752515,0.6519818129,0.01835903398,0.08887085504,0.08998399467,0.1850736718,0.0485478506
16.5,1,1,1,1,1,0.5726324032,0.4503462101,0.6968477718,0.3551017074,0.7508776949,0.3537792982,0.3309506013,0.2711465655,0.6963647238,0.3259078416,0.6853575844,0.6563182004,0.01848732604,0.09212917515,0.09490614305,0.1989444573,0.05342111541
17,1,1,1,1,1,0.5743712195,0.4503490339,0.6970083232,0.3558274625,0.7518431024,0.3516516643,0.329983641,0.2724524825,0.7071526372,0.3350727718,0.6989552004,0.6616639091,0.01875122669,0.09419754848,0.09921714884,0.2113825576,0.05846549587
17.5,1,1,1,1,1,0.5756953361,0.4511853313,0.6958232705,0.354583033,0.7504712597,0.3512944129,0.3314235829,0.2716030436,0.7176447454,0.3422571607,0.7105928756,0.6617246458,0.01883276063,0.09679136564,0.1037429319,0.2228310068,0.06382776218
18,1,1,1,1,1,0.5757645533,0.4500206202,0.6935496173,0.3553619436,0.7488829726,0.3531620857,0.3311736594,0.2734528498,0.7280795947,0.3530566651,0.7221607273,0.663653642,0.01892436316,0.09817707927,0.1083522774,0.2325494988,0.06999889491
18.5,1,1,1,1,1,0.5736424865,0.450068609,0.6949375173,0.3544940426,0.7492403798,0.3529677108,0.3324695719,0.2751643224,0.7345999313,0.3579828385,0.7335611075,0.6683238282,0.01908350355,0.1008885727,0.1126666124,0.2414139943,0.075115619
19,1,1,1,1,1,0.572625548,0.449940061,0.6952251638,0.3535221419,0.7484488467,0.3526451301,0.334931575,0.2766052769,0.7389407443,0.3631327081,0.7438911445,0.6703511896,0.01913627693,0.1028147918,0.1172242235,0.2502360512,0.08026929664
19.5,1,1,1,1,1,0.5753192489,0.4492287984,0.6951622319,0.3523954816,0.7492618483,0.3527428225,0.3362074385,0.2791872678,0.7447745331,0.3685187262,0.7547724334,0.6716628222,0.01923411015,0.1041734348,0.1203415196,0.2609934749,0.08672281181
20,1,1,1,1,1,0.5745105005,0.4500632399,0.6953515947,0.3523213069,0.7512245346,0.3505332676,0.3315323172,0.2816533122,0.7479090585,0.3731641557,0.7644545581,0.6725507013,0.01927765035,0.1048715323,0.1235411044,0.2722301014,0.09308212269
20.5,1,1,1,1,1,0.5743415184,0.4509462251,0.6936108017,0.3525646364,0.751718473,0.3515239185,0.3335900439,0.2812619803,0.7531414469,0.3787841584,0.7744960811,0.6776558671,0.01951874978,0.1070602032,0.1275290375,0.2812663461,0.09938633031
21,1,1,1,1,1,0.5741543663,0.4521725986,0.6948484371,0.3498454679,0.7502210279,0.3523105873,0.3347945815,0.2817238102,0.7574015819,0.3829927212,0.782447649,0.67825425,0.01961633787,0.1085194268,0.131484543,0.2900011103,0.1059447901
21.5,1,1,1,1,1,0.5745022549,0.4503266915,0.6940575121,0.3507197721,0.7501438987,0.3505432738,0.3351798745,0.2811830517,0.7590358658,0.3868581195,0.7916615869,0.677826669,0.01960274361,0.1091935007,0.1349890291,0.3016607623,0.1115435973
22,1,1,1,1,1,0.5756103541,0.4493588092,0.6955521058,0.3516482851,0.7518770032,0.350220245,0.3348519705,0.2816686818,0.7635968789,0.389849645,0.7985543329,0.6783930289,0.01933678885,0.1098910525,0.1381543774,0.308861093,0.1166604253
22.5,1,1,1,1,1,0.5774499307,0.4489939824,0.6937533967,0.3517930676,0.7514221854,0.3494366231,0.3348148565,0.2823115121,0.7675437425,0.3928936732,0.8056654361,0.6813458961,0.01958890355,0.1103110628,0.1420037833,0.3199265718,0.1232406741
23,1,1,1,1,1,0.5775486917,0.4468055712,0.6949415175,0.3511194314,0.7516251888,0.3504716944,0.3345910014,0.2796558847,0.7703558291,0.3945716382,0.8127600882,0.6818346521,0.01953808847,0.1101992432,0.1438705499,0.3302743064,0.1292941176
23.5,1,1,1,1,1,0.5793809728,0.4488637764,0.6951723868,0.3506571632,0.751455921,0.3492021509,0.3351669701,0.2779741833,0.7724700674,0.399400096,0.8173555123,0.6846207969,0.01979948543,0.1098718871,0.145422132,0.3382973915,0.1345634917
24,1,1,1,1,1,0.5806929315,0.4510764506,0.6953518921,0.3500961267,0.7484963049,0.3495796057,0.3365019505,0.278541453,0.7734932494,0.4026611899,0.8211871194,0.6861249203,0.01963922129,0.1114213884,0.1478800371,0.3461107151,0.1425901589
24.5,1,1,1,1,1,0.579576465,0.4503389767,0.6963879797,0.3519907285,0.7482240916,0.3506765049,0.3369482386,0.2788653633,0.7725033093,0.4059049687,0.8263564079,0.6867985988,0.01975532348,0.1131357613,0.1511187487,0.3519339923,0.1487673852
25,1,1,1,1,1,0.5783904373,0.4521204511,0.6970375178,0.3527120386,0.748265344,0.3506590749,0.3377814287,0.2813727986,0.774221471,0.4088862372,0.8310074001,0.6899450433,0.01987581089,0.1136273572,0.1541457481,0.3585469845,0.1565015008
25.5,1,1,1,1,1,0.5781091314,0.4519994066,0.6991552921,0.3512710868,0.7510013109,0.3486370756,0.336945684,0.2819023115,0.7760816803,0.4137310084,0.8359788771,0.6904995743,0.01977689622,0.1139937607,0.1569811224,0.3625291372,0.1644672531
26,1,1,1,1,1,0.5765527509,0.4491382719,0.6948237576,0.351213997,0.7482292956,0.3514194952,0.3377527753,0.2824733404,0.7767777978,0.4164605838,0.8385678432,0.6912729515,0.01978692163,0.1152352447,0.1580766562,0.3686366543,0.1710696579
26.5,1,1,1,1,1,0.576592256,0.4491332303,0.6946777542,0.3539019784,0.7486845336,0.3511328041,0.3342684472,0.2826713218,0.7784715634,0.4212866759,0.8419315244,0.6942981428,0.01980585209,0.1164605763,0.1605194275,0.3757978762,0.1764930809
27,1,1,1,1,1,0.5795983662,0.4488841189,0.6967531889,0.3518414137,0.7500193517,0.3510227678,0.3355473982,0.2827420828,0.7799882168,0.4225044297,0.845249405,0.6912093957,0.0198745272,0.1161462005,0.163974317,0.3830295469,0.1825324204
27.5,1,1,1,1,1,0.5763660375,0.4496390225,0.6974549417,0.3518299185,0.7507864765,0.353217615,0.3350519993,0.2830460098,0.7804938697,0.4244105844,0.8471980619,0.6908003242,0.01996269251,0.1161455082,0.1662493567,0.3881212874,0.1889177408
28,1,1,1,1,1,0.5765542025,0.4522242183,0.6975401561,0.354793215,0.7509007797,0.352432836,0.3342756916,0.2826249502,0.7819991245,0.4250492214,0.849532629,0.691807191,0.0199662446,0.1172985267,0.1689539046,0.3932639782,0.1936322938
28.5,1,1,1,1,1,0.5754643417,0.4542137001,0.6963335448,0.355092459,0.7521171607,0.3517700079,0.3334664175,0.2813609398,0.7819589654,0.4268770214,0.852569482,0.6932070348,0.02013930632,0.1187893621,0.1706375511,0.3988679511,0.1990072653
29,1,1,1,1,1,0.5780544935,0.449168007,0.6964835855,0.3530975792,0.7518350539,0.3519023783,0.3310596436,0.2809806294,0.7816700743,0.4271425133,0.8557946338,0.6941823904,0.0200148086,0.1193503077,0.1704950578,0.4010669875,0.206258639
29.5,1,1,1,1,1,0.576763301,0.4479994659,0.6955373089,0.3521181489,0.7524824678,0.3528605207,0.3287560247,0.2800536018,0.7806453705,0.4291197113,0.8595512482,0.6944149509,0.02004156012,0.1207855847,0.1701627825,0.4063358996,0.2116426916
30,1,1,1,1,1,0.5780325675,0.4484971969,0.6968197481,0.3515664093,0.7518279433,0.351263756,0.3317054047,0.2804870348,0.7835485268,0.4336622395,0.8605351009,0.6949611931,0.02019669661,0.1215986047,0.1722445839,0.4100222089,0.215659101
30.5,1,1,1,1,1,0.5792090634,0.4478665704,0.6974125174,0.3540941282,0.7515266071,0.3499306884,0.3325826173,0.2798706801,0.7827978604,0.4346681321,0.8631282838,0.696093921,0.02028483446,0.1227413078,0.1718644629,0.4185785075,0.2217138137
31,1,1,1,1,1,0.5796231513,0.446556887,0.6971246438,0.3557196606,0.7520128582,0.3510327829,0.3328529505,0.2807820116,0.7842316381,0.4344511614,0.8656733199,0.6997311051,0.02017222014,0.1249090621,0.1746211026,0.4252735257,0.2270641492
31.5,1,1,1,1,1,0.5801225761,0.4498332079,0.6950102525,0.3557598026,0.7503585326,0.3500023398,0.3335127722,0.2827635269,0.7859625486,0.4323373703,0.8674246088,0.6982075232,0.02040614916,0.1238452243,0.1766723255,0.4344562981,0.2335961229
32,1,1,1,1,1,0.5805835394,0.451339795,0.6942581574,0.3549142064,0.7504245813,0.3521322808,0.3367821448,0.2823504786,0.787386278,0.4321702408,0.8689125257,0.6999605823,0.02024827672,0.1253316956,0.1782913932,0.4363490728,0.2403267908
32.5,1,1,1,1,1,0.5767485342,0.4525809002,0.6964970815,0.3544923819,0.7517852528,0.3526689059,0.3369922249,0.2819899507,0.7867868792,0.4349118424,0.8693047005,0.7001510248,0.02030410956,0.1262591049,0.1787102674,0.4420871389,0.2476512458
33,1,1,1,1,1,0.5766928406,0.451068293,0.6956694776,0.3553802577,0.7504295288,0.351649148,0.3364820162,0.2829369378,0.7877352522,0.436782406,0.8708496284,0.7004811386,0.02030058582,0.1277747377,0.1812822179,0.4475641773,0.2538842449
33.5,1,1,1,1,1,0.5764689775,0.4520920173,0.6957933962,0.3563116044,0.7503183844,0.3502406394,0.3344651756,0.2821865383,0.7872329832,0.4368924801,0.8729652063,0.7004872065,0.02030152756,0.1263078804,0.1834453063,0.4505519164,0.2592873204
34,1,1,1,1,1,0.5770388531,0.4489664147,0.6953509504,0.3532569478,0.7524587194,0.3507814347,0.3354350872,0.2821402528,0.788637866,0.4379042373,0.873296695,0.7007579945,0.02017841768,0.1247615205,0.1842930895,0.4539268939,0.2655046892
34.5,1,1,1,1,1,0.5739451119,0.4504880741,0.6960854936,0.3539760137,0.7529372075,0.3507752656,0.3374795738,0.2802165336,0.7894309388,0.4369937541,0.8737033677,0.6992061533,0.02031644185,0.1257829812,0.1856075255,0.4600448556,0.2706053405
35,1,1,1,1,1,0.5707024001,0.4538620938,0.6972346479,0.355776147,0.7521713092,0.3506879235,0.3379512103,0.2810714817,0.7909617115,0.4358268475,0.874045734,0.6983058752,0.02032542167,0.1250659382,0.1865924695,0.4636515817,0.2738388525
35.5,1,1,1,1,1,0.5725371945,0.4523835979,0.699428325,0.3557691095,0.7507659046,0.3496779047,0.3372439849,0.2796320966,0.7936257859,0.4351962796,0.8737511892,0.698628899,0.02020527238,0.1241688366,0.1865557192,0.4643540557,0.2778421572
36,1,1,1,1,1,0.5752944525,0.448198153,0.6984536924,0.355164115,0.7521525932,0.3502216839,0.335999038,0.2781906573,0.7921723121,0.4363587506,0.8744851286,0.700373604,0.02030333539,0.1251491498,0.1865934125,0.4676221146,0.2824654629
36.5,1,1,1,1,1,0.5748260613,0.4509781544,0.6971519141,0.3552692925,0.7528591289,0.3517286374,0.3350213405,0.2773053515,0.7918219174,0.4369244396,0.8735974132,0.6980229055,0.02036010768,0.1247760037,0.1870136972,0.4727889019,0.2879724956
37,1,1,1,1,1,0.5750596103,0.4512281211,0.6979240795,0.3564945434,0.7541278286,0.3511089626,0.3351342086,0.2761987222,0.7926928699,0.4383803622,0.8740519324,0.697278806,0.02031318571,0.1232779922,0.1888160215,0.4771769667,0.2935164832
37.5,1,1,1,1,1,0.5728455277,0.4492809288,0.6994001859,0.3555692615,0.7538519667,0.3526855783,0.3362137954,0.2765010027,0.7928858867,0.4414694166,0.8746698428,0.6962822761,0.02007924372,0.1238996012,0.1874005312,0.4810419596,0.2998392489
38,1,1,1,1,1,0.5714357344,0.4508778147,0.6996157631,0.3546715004,0.7527500687,0.3545313532,0.3389633609,0.2763295201,0.7915509892,0.4417028154,0.8744593283,0.6941989358,0.01997670494,0.1246940003,0.1859553621,0.4829206694,0.3053452131
38.5,1,1,1,1,1,0.5725313763,0.4496173488,0.6981295492,0.3501516542,0.7523061113,0.3531915225,0.3367507918,0.2773123821,0.7902053587,0.4386649803,0.8749750996,0.6950383994,0.02001400025,0.1236794043,0.1864691478,0.4860865613,0.3100388664
39,1,1,1,1,1,0.5737687414,0.447190454,0.6976019259,0.3491610104,0.751914824,0.3537701648,0.3371877205,0.2799398537,0.7893232051,0.4384517893,0.8746651805,0.6965166068,0.02019696951,0.1232885052,0.1859902495,0.4865781642,0.3129071854
39.5,1,1,1,1,1,0.5732951437,0.4485679846,0.6946663663,0.3502403069,0.7481404836,0.353660803,0.3379263788,0.2817453419,0.7894011405,0.43742266,0.8749998263,0.6971780929,0.02037408935,0.1236413268,0.1866110654,0.4883000586,0.314946118
40,1,1,1,1,1,0.5729852941,0.4500967392,0.6929609798,0.3481363138,0.7489408894,0.3528717152,0.3368949234,0.2816996342,0.7887700554,0.4386065203,0.8761074114,0.6970243124,0.0203593572,0.1253266275,0.1851017169,0.4913473932,0.3207322147
40.5,1,1,1,1,1,0.5724256154,0.4497532224,0.6938240868,0.3479333662,0.7486919124,0.3527792021,0.335881214,0.2826012341,0.789648193,0.4356783611,0.8766905802,0.6960871806,0.02031477526,0.1240853183,0.1858180925,0.4939237601,0.3259244485
41,1,1,1,1,1,0.572456637,0.4499606499,0.6971934172,0.3491285668,0.7505156908,0.3533674631,0.3322145004,0.2825252956,0.7905737178,0.4354019782,0.8777557064,0.69646874,0.02022707917,0.1244406386,0.185639729,0.4965064,0.3262296256
41.5,1,1,1,1,1,0.5728601058,0.4464880683,0.6990160913,0.3489734288,0.7521624589,0.3533483957,0.3328165537,0.28330132,0.7914413173,0.4344374319,0.8784815431,0.6985319628,0.02033042099,0.124136313,0.185897891,0.5005159603,0.3332877282
42,1,1,1,1,1,0.5721592731,0.4483264031,0.6973278504,0.350050574,0.7517236723,0.3524571492,0.3349572075,0.2816481746,0.7916286347,0.4314387416,0.8784261436,0.6991206872,0.02031233672,0.1250747221,0.1858232011,0.5039875681,0.3405352471
42.5,1,1,1,1,1,0.5717845203,0.4512754289,0.6956248248,0.3505814323,0.7529078736,0.35238856,0.3349585399,0.2809154627,0.7916573548,0.4303124296,0.8800056679,0.6961849005,0.02040986009,0.125351011,0.1885692493,0.5066987458,0.3457773005
43,1,1,1,1,1,0.5729611031,0.4521948748,0.6946865111,0.3489603074,0.752080796,0.3520578494,0.334180082,0.2797961605,0.7924997691,0.4293786892,0.8797228501,0.6954758599,0.02040752553,0.1250929283,0.1880509083,0.5057518935,0.351515426
43.5,1,1,1,1,1,0.575845727,0.4514876165,0.69459689,0.3507501676,0.7504564036,0.3506771301,0.3334574767,0.2797057885,0.793019977,0.4277094154,0.8800746308,0.6993477992,0.02039775749,0.125369496,0.1879399818,0.5065749455,0.3586798202
44,1,1,1,1,1,0.5750657262,0.4504317096,0.6946337184,0.3507541017,0.7489210275,0.3500601877,0.3343109916,0.2816804686,0.7924568043,0.4261692588,0.8783885942,0.7005244038,0.02055579886,0.1249753176,0.187698443,0.5062919772,0.3613206625
44.5,1,1,1,1,1,0.5723464078,0.4479734211,0.6942219106,0.3519347571,0.745997154,0.350830902,0.3325274108,0.2797457904,0.7919197995,0.4269814295,0.8781824876,0.6991365083,0.02033288381,0.1250818799,0.1898319798,0.5117939471,0.3639338435
45,1,1,1,1,1,0.573098541,0.4477797081,0.6952404092,0.3533973805,0.746862551,0.3494840358,0.3309897383,0.2790169841,0.7934628141,0.4271078097,0.8780968473,0.6988258277,0.02040181445,0.1247526315,0.1902624159,0.5121672463,0.3659893647
45.5,1,1,1,1,1,0.5735145354,0.4464554274,0.6959712746,0.3520328852,0.7491872476,0.3513480222,0.3304767438,0.2777015678,0.7933719407,0.4294898927,0.8792412754,0.6987134601,0.02045224758,0.1250287736,0.1900601177,0.5129279785,0.36593821
46,1,1,1,1,1,0.5757509931,0.4497052326,0.6980570658,0.3523760288,0.7482336636,0.3518352921,0.3314826568,0.2790053529,0.7942260554,0.4273374696,0.8804353912,0.6974409753,0.02025717659,0.1258615577,0.1892819509,0.5159589146,0.3690626517
46.5,1,1,1,1,1,0.5739030078,0.4489398046,0.6963085662,0.3525977681,0.747808856,0.3517943605,0.3305611544,0.2792712106,0.795524383,0.4274037745,0.8802239571,0.6963740701,0.02046452045,0.1248423125,0.1899108574,0.5159026626,0.3725825318
47,1,1,1,1,1,0.5743075831,0.4516356038,0.6956953268,0.3529265774,0.7485919834,0.352326813,0.3303184373,0.2779220013,0.7967919194,0.4274881065,0.879885102,0.6971382295,0.02037676347,0.123728399,0.1913039697,0.5158827552,0.3748229598
47.5,1,1,1,1,1,0.5752157428,0.4527478869,0.6947371091,0.3534600654,0.748696424,0.3494686802,0.3294247632,0.2767184294,0.7956222364,0.4255272259,0.8792298687,0.6953776958,0.02047635296,0.1239183133,0.1916768049,0.515073476,0.3807803775
48,1,1,1,1,1,0.5752071489,0.4522099246,0.696822348,0.3530358494,0.7493717134,0.3492215593,0.3291964379,0.2749242443,0.7931766324,0.4259621979,0.8798028209,0.6968293014,0.02046388128,0.1232746184,0.1914999795,0.5160850489,0.3821300967
48.5,1,1,1,1,1,0.5751968515,0.4513359572,0.6983194802,0.3520712328,0.7502234173,0.3515195002,0.3309898953,0.2753152482,0.7932878157,0.428025565,0.8803261402,0.6958182291,0.02030881339,0.123353849,0.1919278199,0.5170660921,0.3863336814
49,1,1,1,1,1,0.5758360801,0.4511037363,0.6978708899,0.3523707618,0.7502862364,0.3514113282,0.3311950251,0.2757767079,0.7936105388,0.4295272664,0.8809623135,0.6948532326,0.0201130315,0.1232450769,0.1904278702,0.5176546029,0.3897751476
49.5,1,1,1,1,1,0.5761153313,0.4484744726,0.6961957803,0.3547660044,0.7489673964,0.3503121121,0.3283902499,0.277022488,0.7923425474,0.4319468199,0.8805983708,0.6959875878,0.0201918389,0.1237443192,0.1901737379,0.519255628,0.3932714465
50,1,1,1,1,1,0.5745760053,0.4495459848,0.6971084153,0.3519690417,0.7514694889,0.3510557254,0.329733773,0.2776930886,0.7920916107,0.4333232292,0.8797070344,0.6945487264,0.02042323157,0.1237218904,0.1910518817,0.5182157287,0.395859795
50.5,1,1,1,1,1,0.5762364226,0.4499858706,0.6940478983,0.3538124292,0.7504997336,0.3503501535,0.329486779,0.2779607705,0.791337806,0.4348953565,0.8804723296,0.6966275809,0.02053521117,0.1234281725,0.1904966029,0.516323995,0.3972008286
51,1,1,1,1,1,0.5726471699,0.4482114522,0.6948324785,0.353166331,0.7503247273,0.3544253036,0.3320678802,0.2779597662,0.7924219715,0.4348061916,0.8809491053,0.6979742032,0.0205195852,0.1234664451,0.1916220354,0.5153502869,0.3997519
51.5,1,1,1,1,1,0.5744372891,0.4495426129,0.6953747661,0.3535685473,0.7504649002,0.3516541965,0.33232758,0.2771364667,0.7916561108,0.4331859042,0.8813313176,0.6983869921,0.02051703697,0.1238940115,0.1894333056,0.5170100087,0.4001167895
52,1,1,1,1,1,0.5719614211,0.4470564701,0.6953247782,0.3517825611,0.7499142215,0.3528551774,0.3326497219,0.2788671841,0.7907878322,0.4334801622,0.8808734799,0.6989988406,0.02033236721,0.1240473991,0.1899529232,0.5178226413,0.4027646771
52.5,1,1,1,1,1,0.5737750419,0.4462672871,0.6972225364,0.353562022,0.7493863311,0.3526028451,0.332655074,0.2794054832,0.7911396145,0.4340462558,0.8809440804,0.6978596937,0.020312276,0.1245371117,0.1889994431,0.5200187647,0.4061021306
53,1,1,1,1,1,0.5723277511,0.448359091,0.6958239289,0.3550078672,0.7510969709,0.3522657413,0.3314875643,0.2799126398,0.7935282969,0.4324658321,0.8808738722,0.697510075,0.0204164493,0.1250511666,0.1897231231,0.5215899505,0.4074982763
53.5,1,1,1,1,1,0.575050867,0.4508753816,0.6943007069,0.3566846592,0.7493662566,0.3526738709,0.3305337041,0.2794150907,0.793879149,0.4327300282,0.8811317482,0.6970611995,0.02054403472,0.1259018842,0.1893973191,0.5233978775,0.4101160411
54,1,1,1,1,1,0.5746451445,0.4509386057,0.6956493273,0.3541877133,0.7499169353,0.3510555082,0.329290323,0.2798359996,0.7934760887,0.4339409973,0.8808744286,0.6962553375,0.02029588499,0.1250645883,0.1892566808,0.5225901174,0.4128060168
54.5,1,1,1,1,1,0.5740577644,0.4526032137,0.6984930379,0.3534061276,0.7516594752,0.3514071526,0.3312944628,0.2799880311,0.7949470083,0.4367084602,0.8815258383,0.6961364012,0.02035648226,0.125095303,0.1896434645,0.5201835392,0.4172006329
55,1,1,1,1,1,0.5727346264,0.450644903,0.6977920577,0.3532977604,0.7515809854,0.3510433834,0.3286623342,0.2783551835,0.795385473,0.4406749149,0.8819085555,0.6955986695,0.02018230454,0.1244130295,0.192226658,0.5200236939,0.4212534263
55.5,1,1,1,1,1,0.5712194496,0.4503425784,0.6964595812,0.3537923582,0.7516410605,0.3524900485,0.3284235323,0.2754404495,0.7947089963,0.443158883,0.8819392006,0.697930675,0.02016283127,0.1244120495,0.1937164372,0.521323944,0.4268068344
56,1,1,1,1,1,0.572464015,0.4499610995,0.6983615167,0.3558679844,0.7498343304,0.3517841632,0.3292430844,0.2763226558,0.7954312362,0.4411846622,0.8819342999,0.6982034941,0.02036295795,0.1239960466,0.1931366513,0.5257910253,0.4302470495
56.5,1,1,1,1,1,0.5712314576,0.4490322379,0.6978959559,0.3562110816,0.7509572198,0.3514893068,0.3297375603,0.2754474522,0.7937633938,0.4422128707,0.8815618891,0.6969167069,0.0203645895,0.1243753944,0.1922342794,0.5274188429,0.4347853758
57,1,1,1,1,1,0.5714420293,0.4506420253,0.6982876168,0.3536446669,0.7534338626,0.3525801445,0.3317636885,0.2731138393,0.7906407886,0.4446265988,0.8808802419,0.700695989,0.02029686426,0.1256746625,0.1916531985,0.5281637089,0.4341474007
57.5,1,1,1,1,1,0.570426366,0.4495787608,0.6978395184,0.3528758648,0.7539378333,0.35356461,0.330472996,0.2754039674,0.7908671552,0.4414459865,0.8806554854,0.6984247198,0.02034451267,0.1258679988,0.1912153153,0.5280227038,0.4372238966
58,1,1,1,1,1,0.5674956992,0.4508527966,0.6964327415,0.3535149707,0.7559065106,0.3561470222,0.3295444758,0.2747712498,0.79029447,0.4430226973,0.8804725235,0.6985390479,0.0201598642,0.1255998057,0.1901008339,0.5300091068,0.4386955703
58.5,1,1,1,1,1,0.5708188661,0.4506216327,0.6963815765,0.3526293655,0.7560837281,0.3540170267,0.3285118764,0.2773748457,0.789312554,0.440435578,0.8795852324,0.7010587328,0.0202804597,0.1242732885,0.1915890396,0.5308076314,0.4431202116
59,1,1,1,1,1,0.5674179605,0.448514582,0.6965802969,0.35336424,0.7582721227,0.3536508768,0.3295038513,0.2775856842,0.7882447425,0.4433045863,0.8795556256,0.6993698305,0.02013954959,0.1243285294,0.1915464666,0.5323489412,0.4463813048
59.5,1,1,1,1,1,0.5696320586,0.4502336865,0.6981327959,0.3531356119,0.7570877316,0.3548327862,0.3322930396,0.2776047349,0.7877832636,0.4412351524,0.8803223906,0.6984704625,0.0204184741,0.1244644899,0.1924279011,0.5312949348,0.4477188615
60,1,1,1,1,1,0.5702919174,0.4501076643,0.6979965004,0.3543093385,0.7534670349,0.3531283034,0.3336214443,0.2793584867,0.7865179137,0.4397521446,0.8798418892,0.6990248578,0.02045211522,0.1251791184,0.1928072805,0.5293311897,0.4499783201
60.5,1,1,1,1,1,0.5699543464,0.4517411538,0.6975642299,0.3553288005,0.7542028334,0.3540267919,0.3346746696,0.279940305,0.7859322238,0.4412077844,0.8808417871,0.6985180114,0.02029969265,0.1252828076,0.1907759956,0.5261283905,0.4520210458
61,1,1,1,1,1,0.5697530679,0.4495390582,0.6961969971,0.3566679952,0.7544678351,0.355464208,0.3322618021,0.2808609181,0.7855985421,0.4426073031,0.8800311136,0.6971162645,0.02023786374,0.1258654546,0.1911194037,0.5224186845,0.4563640128
61.5,1,1,1,1,1,0.5708877016,0.4495853114,0.6949991112,0.3554875626,0.7565514468,0.3559622732,0.3340124436,0.2789438494,0.7867379706,0.4430684416,0.8797181464,0.6973639987,0.02024163312,0.1261629824,0.1909666897,0.5228165561,0.4595401056
62,1,1,1,1,1,0.5710280321,0.4490730354,0.6963280915,0.3573309637,0.7570813914,0.3555223165,0.3363970109,0.2767023568,0.7866143501,0.4438147493,0.8796734026,0.6986274644,0.02035941221,0.1255533652,0.1934681931,0.524558772,0.4578240229
62.5,1,1,1,1,1,0.5717446597,0.4485428137,0.6953762928,0.3568820076,0.7542545177,0.3567901421,0.3365068966,0.2771506743,0.7885648643,0.4423095036,0.8798463209,0.6987437845,0.0202427748,0.1254260195,0.1919386644,0.5258959012,0.4582620838
63,1,1,1,1,1,0.5742610413,0.4496196072,0.6960721944,0.3568416574,0.7555375826,0.3553264605,0.3368852907,0.278144417,0.7884333409,0.44195492,0.8799127691,0.7002420929,0.02016170859,0.125358289,0.1923175747,0.5259511134,0.4573790317
63.5,1,1,1,1,1,0.5758966736,0.4497952681,0.6943806426,0.3550301675,0.7545957378,0.3532316936,0.3356619538,0.2809499052,0.787676403,0.4442451263,0.880106508,0.6986772252,0.02030255886,0.1247443384,0.1916016868,0.5245954701,0.4602800135
64,1,1,1,1,1,0.575703586,0.4491554191,0.6956670877,0.3548256275,0.7532246048,0.3534347647,0.3337395466,0.2800278249,0.7864298326,0.4422578222,0.8795428655,0.6973384785,0.02020598431,0.1253887616,0.1934119561,0.5259181447,0.4639471088
64.5,1,1,1,1,1,0.5772960084,0.4465067401,0.6962604045,0.3533250668,0.7543742327,0.3544117135,0.3350259543,0.2801833741,0.786774691,0.4443821286,0.8781856732,0.6955374578,0.02032785898,0.1265213118,0.1926637363,0.5253131679,0.4671462199
65,1,1,1,1,1,0.5772661323,0.4465884741,0.6975945289,0.3543188874,0.7547802767,0.3538042286,0.3334381863,0.2803148419,0.787035323,0.44514301,0.8784220921,0.6949674391,0.02040480532,0.1266201097,0.1932656057,0.5269733032,0.4671447241
65.5,1,1,1,1,1,0.5783560384,0.4477733657,0.6970974846,0.3535334473,0.7524682704,0.3521563416,0.3342262157,0.2820690431,0.7863018343,0.4436311433,0.8795200406,0.6979012318,0.02027921822,0.1270006975,0.1931893063,0.5269255272,0.4712658234
66,1,1,1,1,1,0.579441156,0.449230298,0.6988301648,0.3548587671,0.7531766168,0.3515295676,0.3352666231,0.2814801313,0.7839585132,0.4448831796,0.8788260804,0.6975608427,0.02023082287,0.1260058778,0.1927822743,0.525702967,0.4733787994
66.5,1,1,1,1,1,0.5789032331,0.4462392774,0.6968082353,0.3554347905,0.7534326163,0.3518926371,0.3344496469,0.2832362635,0.7840554205,0.4443204288,0.8794482263,0.6954786292,0.02021677633,0.1266353836,0.1922132862,0.5254175708,0.4760925449
67,1,1,1,1,1,0.5792541175,0.447531611,0.6971828784,0.3552769489,0.7540485735,0.3512872099,0.3323004129,0.2849177061,0.7850988137,0.4417684807,0.8801974893,0.6970502204,0.02021704888,0.1266326605,0.1935099349,0.5256990903,0.4792116966
67.5,1,1,1,1,1,0.5804631415,0.4488945501,0.6962563757,0.3563403395,0.7535197068,0.3492968653,0.3332124918,0.2846065992,0.7852324001,0.440480101,0.8793528548,0.6964631208,0.02030516283,0.1268664089,0.1930867494,0.5246520465,0.4788691476
68,1,1,1,1,1,0.5787603763,0.4518019125,0.6973429844,0.356526033,0.7518338331,0.3520597661,0.3326826633,0.2822010765,0.7859479632,0.440349381,0.8798358462,0.6969802221,0.02035042106,0.1265757627,0.1924462604,0.522394602,0.4774642432
68.5,1,1,1,1,1,0.577691744,0.4515331327,0.6970311853,0.3561045134,0.7531941829,0.3506530859,0.3319620475,0.2838371592,0.7841582836,0.440920853,0.8796502493,0.6964277073,0.0201256257,0.1258695711,0.1924459178,0.5251720347,0.474581565
69,1,1,1,1,1,0.5755318453,0.4508547024,0.6939955691,0.3556862517,0.7547974606,0.3497418963,0.3319865577,0.2840110361,0.7864241359,0.4415095317,0.8804332572,0.6957068204,0.02004016245,0.1264616458,0.1943334097,0.5258125146,0.4761807783
69.5,1,1,1,1,1,0.5740478998,0.4507245662,0.6939311833,0.3546135531,0.7563533431,0.3492322199,0.3314598957,0.2810509243,0.7871020548,0.4417672992,0.8800177673,0.6950082695,0.02024222704,0.1268005766,0.1936677714,0.5260869196,0.4788872515
70,1,1,1,1,1,0.5753977473,0.4516952487,0.6950829817,0.3565546935,0.7559266729,0.3483975345,0.3315010682,0.2812763092,0.7881076817,0.4400317716,0.8794465554,0.6922071886,0.02016529923,0.1253783321,0.1931915753,0.528056444,0.4787581797
70.5,1,1,1,1,1,0.5791925142,0.450465575,0.695745287,0.3584846048,0.753621423,0.3495116002,0.3306798303,0.2804149019,0.7875079377,0.4420447183,0.8784547819,0.6922102791,0.02019913347,0.1251602878,0.1930811551,0.5277987515,0.4803941756
71,1,1,1,1,1,0.5774344016,0.4517571172,0.6971447473,0.3570782832,0.7522540681,0.3526868694,0.3325141096,0.2800606394,0.788976908,0.4417515983,0.8786093335,0.6938180554,0.02021628639,0.1243701502,0.1930317951,0.5279070926,0.4780064333
71.5,1,1,1,1,1,0.5769448004,0.4524748668,0.6964299946,0.355223017,0.7525019826,0.3522593062,0.3366713378,0.2838616537,0.7878622121,0.4460532577,0.8778139958,0.6932165508,0.02045577291,0.1249538667,0.1925248436,0.52885473,0.4786294997
72,1,1,1,1,1,0.5774456243,0.4526473375,0.69570241,0.3557514826,0.7534175491,0.3532446249,0.3369830325,0.2839702553,0.7891577323,0.4438885216,0.8780075773,0.6930880811,0.02024311983,0.126231607,0.1930550464,0.5303231089,0.4778511679
72.5,1,1,1,1,1,0.5745561854,0.4511289118,0.6965702266,0.3555319757,0.753041134,0.351223323,0.3358241175,0.2826044287,0.7900279333,0.4420522295,0.8777482778,0.6913400615,0.02013041721,0.1257113963,0.1918679219,0.534321453,0.477891064
73,1,1,1,1,1,0.5764759759,0.4516589728,0.6976899953,0.3552195282,0.7516351415,0.3490420299,0.3344109853,0.2827403137,0.7887690024,0.4415911287,0.8793212854,0.6927627813,0.020063552,0.1259675999,0.1916461741,0.5352243093,0.4807134855
73.5,1,1,1,1,1,0.5773926801,0.4513493616,0.6981874405,0.3550221527,0.753173247,0.3487752344,0.3354000665,0.2838387386,0.787007352,0.4422995884,0.87879214,0.6958444574,0.02022738728,0.1264514221,0.19198231,0.5328888448,0.4812637542
74,1,1,1,1,1,0.5771631783,0.4522151965,0.6968098471,0.3548211752,0.7531090065,0.3509272956,0.3344339756,0.2826458651,0.7868509129,0.4436131188,0.8790316337,0.6962522315,0.02025893444,0.125967738,0.1913634622,0.5324053316,0.4816494139
74.5,1,1,1,1,1,0.5783283806,0.453034077,0.6977167962,0.3562795257,0.7520864001,0.3504920169,0.3359928463,0.2829632284,0.7887411215,0.4450328539,0.8798707896,0.6957663007,0.02006482154,0.1268971426,0.1919595819,0.5319674838,0.4835592505
75,1,1,1,1,1,0.5793049464,0.4513358696,0.6974880342,0.3561810633,0.7521745675,0.3507600882,0.3349389576,0.2830326593,0.7898635881,0.446663116,0.8795272441,0.6951244626,0.02018728057,0.1268749054,0.1941055628,0.5326520439,0.4815558218
75.5,1,1,1,1,1,0.5793698738,0.4508022538,0.6982005256,0.3553333461,0.752539416,0.3552100279,0.334406299,0.2843956418,0.7927468984,0.4477777764,0.8785887858,0.6939671516,0.01986126663,0.1258587274,0.1946071523,0.5375577517,0.4813234755
76,1,1,1,1,1,0.5770803759,0.4516471085,0.6985693033,0.3561835165,0.7520526699,0.3517250943,0.3329325463,0.2826880895,0.7939006119,0.4469976624,0.8785548882,0.6955734286,0.01991883024,0.1253727858,0.1940902833,0.5376012556,0.4827757293
76.5,1,1,1,1,1,0.5770232243,0.4519521764,0.6978220636,0.3546923805,0.7528008272,0.3525389168,0.3324090083,0.2815211515,0.7936567728,0.446919637,0.8789059282,0.6954101075,0.02011976359,0.125201453,0.1939708801,0.5359138511,0.4860356266
77,1,1,1,1,1,0.5769350274,0.4517509079,0.6955182303,0.3534649926,0.7507876192,0.3512424127,0.3316582879,0.2843678059,0.7932888287,0.444159981,0.8776088628,0.6955348088,0.02019438948,0.1254700054,0.1931904951,0.5326647648,0.4873208651
77.5,1,1,1,1,1,0.5757356207,0.4491249738,0.6958270121,0.3525192354,0.7517680643,0.3524620054,0.3313860089,0.2841856918,0.7913670011,0.4428171778,0.8762646816,0.6974087589,0.02006924437,0.1248984905,0.1925595526,0.533370617,0.4883439753
78,1,1,1,1,1,0.5722453294,0.4518221869,0.6954590764,0.3524784741,0.7520175545,0.3545700652,0.331697494,0.2826186104,0.7918770419,0.4401064776,0.8772740381,0.6986007939,0.02002228251,0.1256874559,0.1932461857,0.5305383663,0.4939081641
78.5,1,1,1,1,1,0.573383797,0.4518260409,0.6975352628,0.352439611,0.7532648901,0.3525077126,0.3325360655,0.280595702,0.791825808,0.4419983881,0.8769630018,0.6963235664,0.02025800278,0.1261579823,0.1924646286,0.5307371396,0.4981450133
79,1,1,1,1,1,0.5743407662,0.4532011404,0.69606724,0.3541144138,0.7523878327,0.3515800867,0.3337083234,0.2809616951,0.7919549064,0.4424977123,0.8776549774,0.6978964447,0.02016226818,0.1266021232,0.1930415957,0.5303696995,0.4993015211
79.5,1,1,1,1,1,0.5751343337,0.4509268709,0.695164911,0.3544940262,0.7527694744,0.3518783322,0.3346142572,0.281154549,0.7903404334,0.4429414987,0.8763971096,0.6957955873,0.02012893108,0.1262756675,0.193638026,0.5308719283,0.5009428617
80,1,1,1,1,1,0.5746759089,0.4517047958,0.6943256423,0.3522028485,0.7514116456,0.3533136703,0.3363024308,0.2812399291,0.7919206319,0.4425145056,0.8773955345,0.696340732,0.0202332352,0.1263811714,0.1931156084,0.5326229375,0.5007797348
80.5,1,1,1,1,1,0.574847424,0.4518633954,0.6940734986,0.3516209137,0.7527161616,0.3532767845,0.3345987258,0.2804760043,0.7912327043,0.4415161365,0.8780626436,0.6953110027,0.02027707061,0.1255752145,0.1922873988,0.5339007269,0.5020257338
81,1,1,1,1,1,0.577257068,0.4500967444,0.6945457167,0.3511217997,0.7535592739,0.3502283001,0.3372198775,0.2812362461,0.7939283295,0.4399989106,0.8777777026,0.6967181182,0.02032950865,0.1254922977,0.1927190318,0.5317560557,0.5013228087
81.5,1,1,1,1,1,0.5756624392,0.4493261485,0.6941972995,0.3537277303,0.7538133175,0.3504959773,0.3355442494,0.2820961945,0.7947561451,0.4429854219,0.8794056666,0.6962027901,0.02063256227,0.1249560688,0.1925305476,0.5337173916,0.5029143313
82,1,1,1,1,1,0.5739518515,0.4499505719,0.6947156595,0.3547112549,0.7528806956,0.3513759292,0.3356827845,0.2810484899,0.7947887489,0.4409890953,0.880862585,0.6968261374,0.0204485069,0.1254851849,0.1934451078,0.5358475666,0.5015480355
82.5,1,1,1,1,1,0.5740817624,0.4503793963,0.6953479378,0.3561863804,0.751301269,0.3522871603,0.3340497088,0.2812142763,0.7954008719,0.4415589448,0.8806303402,0.6972829844,0.02029859092,0.1261028689,0.1943600177,0.5355367598,0.5012367412
83,1,1,1,1,1,0.5746353039,0.4511556338,0.6973006728,0.3568471935,0.7526172312,0.3537552553,0.333781389,0.2824671111,0.7945324387,0.4427823645,0.880917366,0.6977458587,0.02042901064,0.1245196727,0.1953096477,0.5349515991,0.4999051793
83.5,1,1,1,1,1,0.5756804214,0.4516933409,0.6989206172,0.3537869187,0.7516853942,0.352630142,0.3343332959,0.2848639591,0.7962362633,0.4419905626,0.8815455546,0.6968546547,0.02021147243,0.1254732704,0.1951235141,0.5348547369,0.5011415316
84,1,1,1,1,1,0.5754391476,0.4535038774,0.6974933845,0.3535716853,0.7506417945,0.3506770647,0.3345031365,0.2841639518,0.7966193105,0.4435972362,0.8821368656,0.6978955859,0.02024236829,0.125156047,0.1960703098,0.5332645149,0.5030862108
84.5,1,1,1,1,1,0.5758563338,0.4517826372,0.6954837345,0.3562813839,0.7522413513,0.3500576364,0.3353908066,0.2848969001,0.7988799415,0.4429493053,0.8827210634,0.6983170571,0.02029330264,0.1250041585,0.1942315875,0.5324633159,0.5042945628
85,1,1,1,1,1,0.5746335537,0.4526800031,0.696141635,0.3554396196,0.7521759474,0.3509419848,0.3365178535,0.2835981719,0.7992543081,0.4458318691,0.8834384129,0.6989202042,0.02010377629,0.1247295038,0.1945128696,0.5331354114,0.5030642962
85.5,1,1,1,1,1,0.5761205766,0.4527082957,0.6954317982,0.3539141031,0.7522287219,0.3528344805,0.33538068,0.2827491054,0.799929573,0.447941196,0.8820921505,0.7000354776,0.02008796813,0.1241596999,0.1949856339,0.530830743,0.5069920674
86,1,1,1,1,1,0.57691903,0.4527807464,0.6939780341,0.3543657497,0.7526165734,0.3517363422,0.336880825,0.2831086518,0.8002357782,0.448459731,0.8821753341,0.6997468084,0.02013901444,0.1239022391,0.1947953225,0.5289392259,0.5085727378
86.5,1,1,1,1,1,0.5749052739,0.4526235337,0.6944280882,0.3552060347,0.7515417784,0.3513734001,0.3371195414,0.2827399216,0.7999492192,0.4478644886,0.8818815448,0.6971062324,0.02021584411,0.1229718471,0.1953658282,0.5297266415,0.5115156457
87,1,1,1,1,1,0.5755708738,0.4529067984,0.6947264118,0.3554941944,0.7519724516,0.3515788676,0.3349151356,0.2816866425,0.7999814702,0.4456641475,0.8816835662,0.6956879467,0.02011790967,0.1238267626,0.1953523562,0.5280469372,0.5123345668
87.5,1,1,1,1,1,0.5756358348,0.4513616295,0.6942116168,0.354987358,0.7531908637,0.3506542243,0.33516641,0.2814434663,0.8006825499,0.4455210394,0.8823864479,0.6934677141,0.02019096668,0.1243355162,0.1958993013,0.5286067327,0.5104813981
88,1,1,1,1,1,0.5755499086,0.450486315,0.6960584882,0.3530097954,0.7533303153,0.3502400789,0.3361375375,0.2821194238,0.8009700408,0.4448179589,0.8814509135,0.6922848501,0.01997253559,0.123636798,0.195527945,0.5269443741,0.5133624948
88.5,1,1,1,1,1,0.5760117031,0.4486299184,0.6975111391,0.3542627301,0.7536648764,0.3497745938,0.3337700203,0.2819286834,0.8004711662,0.4454148188,0.8815227936,0.6905427001,0.01982893433,0.1240305891,0.1965748022,0.5282060531,0.5137260379
89,1,1,1,1,1,0.5760768226,0.449535071,0.6988506314,0.3549812003,0.7513240775,0.3515611511,0.3334624202,0.2856787731,0.8000342039,0.4479379073,0.8810935301,0.6913312343,0.0199471332,0.1244452064,0.196698773,0.5286801803,0.5109284747
89.5,1,1,1,1,1,0.5766660703,0.4482753527,0.6959582132,0.3526641676,0.7508022771,0.3509154748,0.3365745026,0.2847126718,0.8008026083,0.4487954879,0.8809202361,0.6912903153,0.01994962966,0.125148039,0.1970820643,0.5287160302,0.5135219403
90,1,1,1,1,1,0.5756806033,0.4486248193,0.6950699391,0.3523450215,0.7515207936,0.349409237,0.336458976,0.2835069868,0.7990068587,0.4473187924,0.88121781,0.6923271316,0.01986495661,0.1249818654,0.1973352507,0.5291734162,0.5135795492
90.5,1,1,1,1,1,0.5748171273,0.4469515191,0.6960748588,0.3524899952,0.7528376074,0.3500650494,0.3354589574,0.2845782479,0.7989318685,0.4484987819,0.8802435154,0.692092572,0.02009816724,0.1258779502,0.1974441675,0.5312484421,0.5129087541
91,1,1,1,1,1,0.5742573473,0.445952852,0.6955385949,0.3492638939,0.7514862459,0.3493691231,0.3331115126,0.2820531084,0.7971230594,0.4468986742,0.8806714053,0.6927900499,0.02030014514,0.1254025224,0.196587029,0.5312533279,0.5156283618
91.5,1,1,1,1,1,0.5733770158,0.4487292417,0.6955239637,0.3530960388,0.7500808202,0.3482728379,0.3343249941,0.2827640245,0.7968881832,0.4474687196,0.8801944697,0.6948938204,0.02038840724,0.1251678712,0.1969604213,0.5310051857,0.5163751058
92,1,1,1,1,1,0.5715268142,0.449641103,0.6954199072,0.3545546452,0.7497930002,0.3505847529,0.3349499215,0.2809689541,0.7942686232,0.4481688881,0.8805948764,0.694301626,0.02040431235,0.126540254,0.1960220504,0.5343390242,0.5185327708
92.5,1,1,1,1,1,0.571459495,0.4524363174,0.6934720089,0.3513851323,0.7495116353,0.3486765482,0.334189549,0.2812789627,0.7943354409,0.4513940589,0.8810179237,0.6941456991,0.0203816483,0.1272091435,0.1968642251,0.5351060207,0.5170980985
93,1,1,1,1,1,0.5725517807,0.4506143601,0.6930986038,0.3526626049,0.7507983069,0.3513143034,0.3359930078,0.2820848624,0.7934464007,0.4512830955,0.8808016532,0.6914254258,0.02062097562,0.1270123572,0.1983301203,0.5351020028,0.5148858981
93.5,1,1,1,1,1,0.5758431283,0.4483970196,0.6954556163,0.3543455489,0.7536151276,0.3540195037,0.3342782508,0.2824499819,0.7933015949,0.4512343794,0.8816729917,0.6929604973,0.02068309328,0.1274650737,0.1981443905,0.5358382505,0.5153530748
94,1,1,1,1,1,0.5759661416,0.4490242045,0.6964058885,0.3562328291,0.7505784899,0.354561777,0.3345092726,0.2822485689,0.7921792129,0.4510063657,0.8821186898,0.6925569403,0.02060436297,0.1266516016,0.1986165035,0.5358658237,0.517268289
94.5,1,1,1,1,1,0.5757734974,0.450631954,0.6955609984,0.3541320262,0.750760393,0.3517072526,0.333395647,0.2807297532,0.7921433236,0.451198692,0.882098924,0.6906863516,0.02070093076,0.1261134466,0.1970839368,0.5390146773,0.5205573736
95,1,1,1,1,1,0.5754722664,0.4494871427,0.6949549723,0.3540215226,0.7506455579,0.3525864627,0.3344097827,0.2824280757,0.7930520745,0.4478891589,0.8829344246,0.6907783185,0.02065158252,0.1248526899,0.1977699088,0.5423679263,0.5221257876
95.5,1,1,1,1,1,0.576264367,0.4481867116,0.6931024016,0.3505932118,0.7496029712,0.352832746,0.3341461589,0.2821760501,0.7932753096,0.4460557993,0.8827351437,0.6915783585,0.02080287901,0.1254296054,0.1990376998,0.5439745175,0.5219161292
96,1,1,1,1,1,0.5753749617,0.449600195,0.6936198751,0.3545205792,0.7525348364,0.3526084172,0.3336288372,0.2811336149,0.7917352016,0.4486155981,0.8840647195,0.6959976646,0.02061137817,0.1261137724,0.1995096033,0.5438774261,0.5235470302
96.5,1,1,1,1,1,0.5752204126,0.4496413399,0.6927162673,0.3567073063,0.7531877562,0.352448198,0.3343703941,0.2831291385,0.7908505434,0.449374008,0.8827402459,0.693141608,0.020621732,0.1261089213,0.1981734146,0.5410219577,0.5234641803
97,1,1,1,1,1,0.5781217184,0.4510692111,0.6960058954,0.355152099,0.7523537287,0.3529486964,0.334555158,0.2825355351,0.7898854181,0.4520400578,0.8829180419,0.6959637324,0.02068921253,0.1266732889,0.1994721302,0.5389769251,0.5277148042
97.5,1,1,1,1,1,0.5749195701,0.4495481979,0.6939294461,0.3560876833,0.7514605496,0.3541596628,0.3342152716,0.2819923551,0.7897413719,0.4489232466,0.8822860897,0.694906071,0.02065909493,0.1264535261,0.1990119335,0.5379866668,0.5275941966
98,1,1,1,1,1,0.5748435054,0.449272418,0.6947679128,0.3553456827,0.7520000888,0.3565880216,0.3341998577,0.2793110133,0.7886962952,0.4477892448,0.8817657269,0.6967245007,0.02060824235,0.1278124222,0.1978107492,0.5387105672,0.5272020721
98.5,1,1,1,1,1,0.575826691,0.4485365232,0.6951297456,0.3551429938,0.7518734024,0.353762116,0.333520522,0.279673122,0.7899688569,0.4463629509,0.8812712078,0.6939629059,0.02057838016,0.1285009064,0.1970218039,0.5388478693,0.5282366679
99,1,1,1,1,1,0.5789858962,0.449258967,0.6957510048,0.3534149301,0.7506602154,0.3528980267,0.3337019097,0.2797968784,0.7891894776,0.4489271468,0.8820467764,0.6928399408,0.02059162442,0.1279364628,0.1970123157,0.5369784171,0.5288228929
99.5,1,1,1,1,1,0.5764653221,0.4516439681,0.6949995856,0.3518773779,0.7533102417,0.3534163734,0.3337998425,0.2807344466,0.7914258557,0.4456184455,0.8825903236,0.693761358,0.02064133179,0.1273567286,0.1973680281,0.5370943952,0.5295667702
100,1,1,1,1,1,0.5749044687,0.4520628981,0.6957235102,0.3514700081,0.7542051134,0.3521935655,0.33397015,0.2824776502,0.7915657915,0.4456822701,0.8822075917,0.6955790419,0.02051358025,0.1264169196,0.1965903918,0.537165498,0.5297066502
100.5,1,1,1,1,1,0.576494579,0.4473905783,0.6968413779,0.3530423902,0.7543682622,0.3515346394,0.3337459391,0.2794050209,0.7933335355,0.4461837289,0.882850589,0.6980290776,0.02041193423,0.1257932514,0.1979030295,0.5389025362,0.525808444
101,1,1,1,1,1,0.5780293569,0.4484503541,0.6978817247,0.354810602,0.7525561134,0.3527602013,0.3326011444,0.2826134566,0.792979497,0.44282523,0.8819082926,0.6988934874,0.02045230541,0.126004637,0.194618107,0.5380802111,0.5252891019
101.5,1,1,1,1,1,0.5752835123,0.4505487493,0.6956726287,0.3545144934,0.7533067871,0.3505974717,0.332920506,0.2839246693,0.794014948,0.4417812976,0.8825153441,0.7008389729,0.02027632483,0.1253972866,0.1931349455,0.5390358843,0.5250655018
102,1,1,1,1,1,0.5749000419,0.4530452473,0.6959773192,0.3541821475,0.7512752946,0.3521940995,0.3334134479,0.2836454899,0.7936688411,0.4410943988,0.881826948,0.7000883288,0.02040425802,0.1253923864,0.1926987992,0.5389260921,0.5222989178
102.5,1,1,1,1,1,0.5745510603,0.4500451451,0.6964612509,0.3532393228,0.7497460434,0.3540742737,0.3330364999,0.2844730838,0.7936264364,0.4430552285,0.8827209508,0.6998627513,0.02042548227,0.1240536342,0.1920544669,0.5385191752,0.5203224157
103,1,1,1,1,1,0.5748355151,0.4525982185,0.69660716,0.3543363148,0.7505637034,0.3562014139,0.3336635813,0.2825461766,0.793959393,0.4434387012,0.8812808676,0.700805115,0.02050947027,0.1249591259,0.1928508224,0.5388257659,0.5235776723
103.5,1,1,1,1,1,0.5735576621,0.4526470034,0.6939775971,0.3553178711,0.7495728398,0.3532979067,0.332438844,0.2830610956,0.7943217563,0.4422153971,0.88050142,0.7010249897,0.02044619205,0.1247473386,0.1914320439,0.5389621277,0.5243973799
104,1,1,1,1,1,0.5718539579,0.452211555,0.6955899374,0.3554255952,0.7504683136,0.3541261336,0.3339989577,0.2814042993,0.793110348,0.4430524413,0.8816296605,0.7004026533,0.02039226766,0.1256546458,0.192759286,0.5370000754,0.5237129218
104.5,1,1,1,1,1,0.5736492721,0.4533097419,0.6951314338,0.3549416029,0.7512201881,0.353107868,0.3349589953,0.2787471791,0.79395584,0.4436228496,0.8819246693,0.6997943542,0.02060096629,0.1245196301,0.1928752648,0.5384455551,0.523117385
105,1,1,1,1,1,0.5740395218,0.453149309,0.6931843236,0.35407893,0.7505103314,0.3528272885,0.3345766793,0.2786080179,0.7936341924,0.4443217729,0.8815390891,0.699916895,0.02072829727,0.1253149328,0.1923427346,0.5387349179,0.5231537665
105.5,1,1,1,1,1,0.5760481462,0.4522267713,0.6927732471,0.3528718277,0.7504222884,0.354711716,0.3344569147,0.2778206244,0.7971742838,0.443414962,0.8804444411,0.6981372524,0.02054521466,0.1252216522,0.1913897211,0.5386886245,0.5215636783
106,1,1,1,1,1,0.5764990037,0.4541721686,0.6948356947,0.352443269,0.7507884396,0.3528649615,0.3334901066,0.2780392423,0.7968550914,0.4440699288,0.8799929506,0.6996055052,0.02067073569,0.1249830464,0.190445002,0.5393399434,0.5234999654
106.5,1,1,1,1,1,0.5742936076,0.4528645282,0.6939686137,0.3533357703,0.7513951419,0.3522381615,0.3346787821,0.2784082875,0.7957742515,0.4450132294,0.8806585028,0.6993322238,0.02073935083,0.1244747944,0.1891324013,0.5373943195,0.523721323
107,1,1,1,1,1,0.5757285818,0.4513625938,0.6928615913,0.3560162273,0.7531099198,0.3526713841,0.3318633752,0.2798608054,0.7925535309,0.4474789926,0.8809235727,0.7000818059,0.02061694074,0.1252154244,0.1904427744,0.5357587865,0.523226672
107.5,1,1,1,1,1,0.5749766803,0.4506130509,0.6937338757,0.3563622571,0.7516138758,0.349573367,0.3308771231,0.2801573009,0.7924993251,0.4457380229,0.8804250485,0.7028211736,0.02044185834,0.1257072112,0.1890741565,0.5387841677,0.5238971157
108,1,1,1,1,1,0.5742307742,0.4496469924,0.694790435,0.3558174523,0.7501503087,0.3510133662,0.3297144248,0.278943046,0.7925195129,0.4435489047,0.8807565437,0.7025947284,0.02060433163,0.1244276724,0.189154322,0.5373424097,0.5215853267
108.5,1,1,1,1,1,0.5738600289,0.4491997459,0.6938645048,0.3577073996,0.7500481088,0.3546190298,0.3326633524,0.279640472,0.7926688405,0.4439422649,0.8799661725,0.7018320001,0.0205588233,0.1238762888,0.1893692583,0.5375867168,0.5262459878
109,1,1,1,1,1,0.5732958328,0.4513812544,0.6944392626,0.356836919,0.7504766523,0.3538303566,0.3329422258,0.2802429092,0.7930374574,0.4446429839,0.8798128978,0.6997217864,0.0204881368,0.1242162528,0.1907909123,0.5355442705,0.5257998175
109.5,1,1,1,1,1,0.5719483224,0.4524818594,0.6940231682,0.3575270977,0.7509910739,0.3517945946,0.3340373841,0.281753513,0.7909657989,0.4447627496,0.8800614767,0.700586843,0.02041928274,0.12543366,0.1885417015,0.5338279522,0.5258288621
110,1,1,1,1,1,0.5712274315,0.4538030294,0.6950388573,0.3586653791,0.751961929,0.3534309636,0.3350386736,0.2819992281,0.7935000999,0.4455977927,0.8806613021,0.7010138018,0.02049380653,0.1255156481,0.1882191958,0.5305326939,0.5265973032
110.5,1,1,1,1,1,0.5724225405,0.4528960383,0.6967510053,0.3586961578,0.7507047015,0.3537934172,0.3338561936,0.2821082631,0.7920769325,0.4435573263,0.8803725236,0.7015507788,0.02036205113,0.1250577882,0.1889085745,0.5324051087,0.5267341051
111,1,1,1,1,1,0.5734965872,0.451987221,0.693873991,0.3571311298,0.7498864896,0.3538603152,0.3322079568,0.2819281607,0.7925048689,0.4401997205,0.8789150007,0.7009539617,0.02014803366,0.1229617686,0.1888948333,0.5327775783,0.5277652759
111.5,1,1,1,1,1,0.5733536107,0.4526384659,0.6972021601,0.3559892074,0.7516882035,0.3538864015,0.3329559453,0.280034932,0.7929869423,0.4410042396,0.8785228017,0.7023238107,0.02022445888,0.1229502752,0.1891788083,0.5314851791,0.528268804
112,1,1,1,1,1,0.5743805323,0.4509504789,0.6951267671,0.3537362533,0.7525823715,0.3550613625,0.3359645076,0.2795723176,0.7942880894,0.4427196543,0.879210045,0.7009253349,0.02035598863,0.1227585616,0.1877661204,0.5305452312,0.5329816141
112.5,1,1,1,1,1,0.5745815363,0.451058369,0.6958453009,0.3498455302,0.7529001216,0.3569645335,0.335366751,0.2799665663,0.7968428846,0.4382268279,0.878031742,0.700384497,0.02045076993,0.1239261511,0.1881077966,0.5297293654,0.5298838476
113,1,1,1,1,1,0.574144126,0.452356637,0.6954721041,0.3537467281,0.7528309411,0.3550888357,0.339409069,0.2790318246,0.7964039596,0.4398262122,0.8783526911,0.7007299756,0.02042090113,0.1242323576,0.1874010056,0.5304863172,0.5304712375
113.5,1,1,1,1,1,0.5744551068,0.4495019444,0.6982715694,0.3540012989,0.7511845923,0.3531777011,0.3394132484,0.2799691956,0.7963568087,0.4404701464,0.8792342778,0.7012055182,0.02056480351,0.12434543,0.1875587094,0.5318039465,0.5318400523
114,1,1,1,1,1,0.5759366971,0.4495433923,0.6975461024,0.3554241854,0.7503322901,0.3508342473,0.3387984363,0.2816386989,0.7967149992,0.4429939248,0.8787819333,0.7010193133,0.02053982387,0.123312836,0.1869354974,0.5356315574,0.5323770554
114.5,1,1,1,1,1,0.5776911321,0.450058954,0.6977656931,0.3563425086,0.7509339259,0.3488787384,0.3369843869,0.2831675882,0.7962102291,0.4431687715,0.8793415083,0.7007585852,0.02042986876,0.1231132471,0.1872694722,0.5337799319,0.5335274326
115,1,1,1,1,1,0.5725531141,0.4503845612,0.6977658331,0.3539979522,0.7497480573,0.3493617411,0.337983777,0.2819359507,0.7956056024,0.4419858087,0.8809618479,0.6992127584,0.02053929826,0.1246348176,0.1886633958,0.5347025445,0.532333293
115.5,1,1,1,1,1,0.5738424582,0.4494824791,0.6974849365,0.3552083432,0.7494387718,0.3507106556,0.3365190291,0.2824230175,0.794962309,0.443107283,0.8806593262,0.6991232115,0.02037734753,0.1242268085,0.189011118,0.5352001397,0.5315484232
116,1,1,1,1,1,0.5744552659,0.4487129426,0.6982734853,0.3585130822,0.7501507181,0.3509935491,0.3352313887,0.2809587354,0.7965007616,0.440861392,0.8803803889,0.6967765678,0.02035722217,0.1251590528,0.1887782871,0.5332041333,0.5302944671
116.5,1,1,1,1,1,0.5753875288,0.4489435661,0.6973108271,0.3538509949,0.7522401378,0.3486987772,0.334266862,0.2806156794,0.7944352472,0.4424894925,0.8809779291,0.6977045461,0.02029524056,0.1244988916,0.1889131505,0.5339441235,0.5303978514
117,1,1,1,1,1,0.5761452948,0.4493513156,0.6984258565,0.3542799381,0.7497763883,0.3498440326,0.3359962501,0.2818726591,0.7945979528,0.4430488828,0.8810963615,0.6982450676,0.02041480241,0.123966603,0.189959712,0.5328844833,0.532322295
117.5,1,1,1,1,1,0.5750341901,0.4538506488,0.6973976343,0.3544009554,0.7496184521,0.3504026787,0.335826883,0.281960873,0.7956840223,0.4429353655,0.880729583,0.6991814421,0.02047600508,0.1242839569,0.1892355527,0.5341928206,0.5337914472
118,1,1,1,1,1,0.5753708485,0.4516522689,0.6970894875,0.3535832955,0.750849227,0.3527961768,0.335575809,0.2812785882,0.7955146348,0.4432489715,0.8809830037,0.6993013396,0.02052409145,0.1241495431,0.1896504684,0.5349520302,0.5338583081
118.5,1,1,1,1,1,0.574560755,0.4496945801,0.6958641076,0.3556301757,0.7506986419,0.3513900728,0.3343502643,0.2825583408,0.7963317477,0.4413749863,0.8811145112,0.6994252292,0.02065853702,0.1243239014,0.1877886623,0.5336146937,0.5324991733
119,1,1,1,1,1,0.5752010432,0.4512005732,0.6967814934,0.3554025675,0.7525351368,0.3497817363,0.3335843388,0.281821962,0.7971622664,0.444745209,0.8801704471,0.6991604969,0.02064567119,0.1247915413,0.1868502521,0.5343239612,0.5315087377
119.5,1,1,1,1,1,0.5763813701,0.4500665544,0.6940631477,0.3547286294,0.7534933335,0.353019393,0.334011574,0.2793996687,0.7963132418,0.4432611642,0.8807176083,0.6984062825,0.02061328171,0.1249854606,0.186267818,0.5328648833,0.5313132401
120,1,1,1,1,1,0.5767245897,0.4515186405,0.6960167809,0.3513614477,0.7521881787,0.3532400047,0.3351394452,0.2801973401,0.7970452321,0.4444255241,0.8811912389,0.6970971235,0.02067816333,0.1258518683,0.1871939717,0.5361772662,0.53123685
120.5,1,1,1,1,1,0.5765377035,0.449552647,0.6961920946,0.3517445712,0.7514227517,0.355633122,0.3355830124,0.2821315977,0.7966451966,0.4430175709,0.8799613904,0.6980288038,0.02083054946,0.1260277432,0.1875817172,0.5369373173,0.5314963299
121,1,1,1,1,1,0.5766556443,0.4499773533,0.6963577429,0.351443774,0.7505462917,0.3532761996,0.3355039554,0.281936959,0.7974650456,0.441412015,0.8799066803,0.695827624,0.02084248157,0.127082536,0.1881460378,0.5350068175,0.5324499538
121.5,1,1,1,1,1,0.5755638007,0.4476497195,0.696420735,0.3483793542,0.7503896297,0.3517752168,0.3357164507,0.2831556218,0.7962830153,0.4417153746,0.8802984705,0.6944150187,0.02086630384,0.1266532978,0.1894108614,0.5367641428,0.5321941014
122,1,1,1,1,1,0.5761846765,0.4495377107,0.6961000866,0.3514065731,0.749729114,0.3518800447,0.334116858,0.2808638434,0.7965180654,0.4401057579,0.8799053777,0.6958719343,0.0206959834,0.1263196322,0.1908821278,0.5403671769,0.5325706425
122.5,1,1,1,1,1,0.576516684,0.4500404501,0.6957753494,0.353553272,0.7518268399,0.3533296602,0.3349909416,0.2815429393,0.7953278794,0.4394090534,0.8800184873,0.6933768994,0.02066647242,0.1267313935,0.1924022653,0.5402566762,0.5318851597
123,1,1,1,1,1,0.5730753167,0.4507638951,0.6967574362,0.3517923018,0.7526355725,0.3530929807,0.3350964518,0.2806414405,0.7949561947,0.4428180253,0.8811335478,0.6967907181,0.02067107207,0.1271770877,0.1926149671,0.5386046891,0.5331589739
123.5,1,1,1,1,1,0.5737482374,0.4525096703,0.6966355499,0.3538542442,0.7521663515,0.352503084,0.3327853928,0.2841155534,0.7948826578,0.4429601178,0.8816705153,0.6971407164,0.02054117809,0.1274552505,0.1929132998,0.5395217931,0.5324967814
124,1,1,1,1,1,0.5736893115,0.4525990574,0.6979651096,0.3535472164,0.7522612583,0.3513860251,0.3323529217,0.2830177135,0.7929070886,0.4421192168,0.8820595193,0.6960860479,0.02035938411,0.1266277202,0.194331701,0.5362141662,0.5328702782
124.5,1,1,1,1,1,0.5744949236,0.4500079703,0.6957213933,0.3554125494,0.7526690936,0.3523184007,0.3349993811,0.282442909,0.7942801693,0.4439872452,0.8811215626,0.696888176,0.02027409703,0.1258464512,0.1951981056,0.5362282159,0.5353873672
125,1,1,1,1,1,0.5736099103,0.4506127011,0.6952357373,0.3543328098,0.7533318891,0.3520483112,0.3342373,0.2825552627,0.7933074905,0.4442979207,0.8817283147,0.6933259938,0.02062540827,0.1265352938,0.1942427924,0.5378006139,0.5374653912
125.5,1,1,1,1,1,0.5724843778,0.4505957682,0.6956386743,0.354111289,0.7543953321,0.3543192788,0.3345520777,0.2821706601,0.794086022,0.4422058678,0.8809668636,0.695695656,0.02067628314,0.1261128243,0.193168307,0.5379207222,0.5411308044
126,1,1,1,1,1,0.5729453082,0.4503422147,0.6950861533,0.3515917702,0.7532825541,0.3528013017,0.3322029361,0.2844419788,0.793202144,0.4442953661,0.8816089408,0.6968327817,0.02047427294,0.1264704004,0.1926966543,0.5398348279,0.5421162208
126.5,1,1,1,1,1,0.5743533577,0.4488118752,0.6957859681,0.3528457642,0.7524098532,0.3491746323,0.3321525891,0.2810083057,0.7923103042,0.4439942971,0.8826101161,0.6941992696,0.02076257263,0.1266404498,0.1937127288,0.5435469992,0.5380019931
127,1,1,1,1,1,0.5758400912,0.4470673039,0.692936998,0.3549414823,0.7502537882,0.3519688095,0.3333749677,0.2804955745,0.7929625205,0.4466727363,0.8819327258,0.6960496576,0.02049496106,0.1265773703,0.193049261,0.5429149608,0.5402349878
127.5,1,1,1,1,1,0.5751308494,0.4461430812,0.6956030006,0.3577218075,0.7487450521,0.3520577546,0.3366893217,0.2783438376,0.793624337,0.4451177528,0.8808556859,0.6958176005,0.02062839055,0.1270335626,0.1931350234,0.543688662,0.5396520769
128,1,1,1,1,1,0.5733862551,0.4474496078,0.6957399264,0.3582612664,0.7507405037,0.3533665622,0.3384371021,0.2771394606,0.7932631692,0.4466592688,0.879844359,0.6943620115,0.02048808796,0.126195506,0.1934415298,0.5431056159,0.5413151216
128.5,1,1,1,1,1,0.5709366541,0.448131111,0.6956785194,0.357067763,0.7496376885,0.3519634894,0.3372709691,0.2781607538,0.7941519183,0.4460114687,0.8797723526,0.6956284126,0.02029853477,0.1260651885,0.195489436,0.5453490978,0.5426698076
129,1,1,1,1,1,0.5741406146,0.4489937302,0.6931163762,0.356475674,0.7515114414,0.3514470837,0.3367282032,0.2786789282,0.7946146934,0.4440231881,0.8806168066,0.6964475764,0.02043527292,0.1273066389,0.1957441164,0.5462630902,0.5428531589
129.5,1,1,1,1,1,0.5729636727,0.4511380298,0.6936541421,0.3546446421,0.7517549345,0.3516026334,0.3353908597,0.2797338899,0.7947983784,0.4423200197,0.8816782706,0.7004112099,0.02042619887,0.1278708044,0.1972057274,0.5451372656,0.540777106
130,1,1,1,1,1,0.5759863581,0.4505624536,0.6957417189,0.3541013919,0.7519601262,0.3515945796,0.3343975906,0.2810515678,0.7956783832,0.4429380086,0.8820777034,0.6994948996,0.02059739965,0.1283955697,0.1963594322,0.5437269055,0.5413443598
130.5,1,1,1,1,1,0.5759986651,0.4515576741,0.6942382097,0.3564194399,0.7524874809,0.3521243265,0.3335909059,0.2800441543,0.7960572259,0.4448559278,0.8810861967,0.699098015,0.02085570667,0.1276787892,0.1965346528,0.5414891459,0.5397416249
131,1,1,1,1,1,0.5747374154,0.4516638188,0.6954408504,0.3561424952,0.7518296403,0.3528872583,0.336497445,0.2797272356,0.7958864749,0.4444207161,0.8807968272,0.7006885893,0.02078272661,0.1268748401,0.1981619496,0.541464104,0.5395674835
131.5,1,1,1,1,1,0.5746240925,0.4497935586,0.6971039534,0.3559686646,0.75363873,0.351495535,0.3347381069,0.2805688768,0.7947333557,0.4452992105,0.8811245448,0.7013482099,0.02076126755,0.1272432993,0.1984431436,0.5394048779,0.5406513118
132,1,1,1,1,1,0.5713636807,0.4490071942,0.6983581043,0.3564463083,0.7542362304,0.3529505769,0.3330448186,0.2809693005,0.7942599245,0.44820768,0.8802372466,0.7016308989,0.02062631831,0.1266829205,0.1990007377,0.5366314474,0.5412781026
132.5,1,1,1,1,1,0.5693669812,0.4505830999,0.6992060566,0.3564971456,0.7535184815,0.3509124625,0.3325948191,0.2796929162,0.7940614367,0.449526398,0.8792358859,0.7023033177,0.02047470272,0.1262738271,0.1974163641,0.5373295995,0.5419187727
133,1,1,1,1,1,0.5701166286,0.4512144807,0.6986793493,0.35537633,0.7527160075,0.3503766778,0.3347171067,0.2816249021,0.7940842908,0.4461025591,0.8787585715,0.7039580184,0.02043447561,0.1266746014,0.1973336552,0.5367911403,0.539209394
133.5,1,1,1,1,1,0.5708170321,0.448931763,0.6968391185,0.354212845,0.7517073498,0.3528406138,0.3377545087,0.2834432171,0.7939599354,0.4455304321,0.8779686886,0.7018635531,0.02041318972,0.1261628091,0.1965419512,0.5369816355,0.5431955835
134,1,1,1,1,1,0.569573047,0.448735643,0.6947689604,0.3540055526,0.7511299884,0.3512916225,0.3383906431,0.282525575,0.7926729581,0.4482695371,0.8781648991,0.7032597087,0.02037982183,0.1266022758,0.1976575674,0.5381162778,0.5435778092
134.5,1,1,1,1,1,0.5704684409,0.4496105483,0.6959621049,0.3539997066,0.7505539803,0.3530418261,0.3391140169,0.2846346055,0.792799945,0.4464221124,0.8784211442,0.7026121536,0.0206407163,0.1248199958,0.1987992295,0.5362789676,0.5430198575
135,1,1,1,1,1,0.572404814,0.4452156704,0.6961966888,0.353873732,0.7499781239,0.3542043827,0.3388042605,0.2842699575,0.7928556688,0.4444680564,0.8770249518,0.7032992798,0.02075387212,0.1246661831,0.1997359039,0.5375073368,0.5415300824
135.5,1,1,1,1,1,0.5741899466,0.4464613452,0.6960621923,0.3545949291,0.7480067515,0.3528794506,0.3386712992,0.2845967817,0.7939524516,0.4459803662,0.8767247996,0.7032274007,0.02077164176,0.1237688189,0.2000020869,0.5389646646,0.5397306998
136,1,1,1,1,1,0.5735224796,0.447115517,0.6956412302,0.3553378064,0.748443034,0.3534012601,0.3383529678,0.285376737,0.7944619421,0.4466740936,0.8761984332,0.7035719031,0.02073040536,0.1246145373,0.1993744482,0.5388969041,0.539234351
136.5,1,1,1,1,1,0.5737806513,0.4501725531,0.6955891698,0.3555265572,0.7476348021,0.3544361216,0.3370627185,0.2844106441,0.7936703333,0.4461630123,0.8767262042,0.7037251428,0.02076327084,0.1271738113,0.1977975257,0.5355713489,0.540651475
137,1,1,1,1,1,0.5763674263,0.4501350445,0.6967390015,0.3550195693,0.7493969967,0.3545675118,0.3359106387,0.2843053286,0.7946064242,0.4443631621,0.8769269988,0.7018453103,0.02061218046,0.1265144185,0.1981740201,0.5339092674,0.5436464542
137.5,1,1,1,1,1,0.5765950701,0.4488535398,0.6963000162,0.3555211404,0.7494849199,0.3558284119,0.3357383751,0.2829261602,0.7947152553,0.4457693836,0.8762373844,0.70198986,0.02049675975,0.1272141923,0.1985072009,0.5342488288,0.5458292147
138,1,1,1,1,1,0.5776394822,0.4482726382,0.6946718602,0.355059492,0.7507569468,0.3549540595,0.3361405837,0.2824773323,0.7939320664,0.444634419,0.8772219715,0.7033628068,0.02035421016,0.1261042803,0.1976793067,0.5331679619,0.5465500929
138.5,1,1,1,1,1,0.5763632862,0.4502978919,0.6952065489,0.3548173979,0.75203479,0.3515870402,0.3339380919,0.2805767157,0.7927738266,0.4450481571,0.8764859124,0.7012930904,0.02039194123,0.1259296918,0.1986183215,0.5318410397,0.5413581469
139,1,1,1,1,1,0.5783573847,0.4507519429,0.6959412974,0.3548110523,0.75097076,0.3510845631,0.3326576703,0.2803382825,0.7927226019,0.446154542,0.8768293732,0.7036195786,0.02037358366,0.1262267649,0.1977990962,0.5338497545,0.5422396056
139.5,1,1,1,1,1,0.5781575351,0.4513826614,0.6970971044,0.3534489614,0.7507190188,0.3479802815,0.3325926724,0.2795421779,0.7919876458,0.4467419739,0.8764015094,0.7028428425,0.02051472343,0.1258004475,0.1967437124,0.5380453397,0.5431809894
140,1,1,1,1,1,0.5766866419,0.4523298667,0.6955156977,0.3502079194,0.7517015301,0.3495209439,0.3327038442,0.2815308723,0.792724061,0.4482559081,0.876492101,0.7026534857,0.02040859129,0.1265667828,0.1966629628,0.536968347,0.5414882658
140.5,1,1,1,1,1,0.5768881016,0.4494508559,0.6946588718,0.3529884371,0.7498455832,0.3497890989,0.3325934986,0.2795175176,0.7925703119,0.4499978751,0.8767548359,0.7026543803,0.02039676275,0.1266286303,0.1972103756,0.5368971618,0.5389472188
141,1,1,1,1,1,0.5769417195,0.4502549259,0.6969290793,0.3525605006,0.748898652,0.3515422773,0.3325183307,0.2783690921,0.7922084025,0.444585028,0.8765340026,0.7037345383,0.02031546013,0.1256556762,0.1962967205,0.5352871204,0.5390647768
141.5,1,1,1,1,1,0.5753115718,0.4514053103,0.6959689439,0.3522394063,0.7505837244,0.3525912212,0.3332806117,0.2820661274,0.7910075063,0.4418366336,0.8769632873,0.7031919461,0.02041130309,0.1245057477,0.1946822439,0.5329248187,0.5387167924
142,1,1,1,1,1,0.5734342801,0.4528505659,0.6966211217,0.3497464563,0.750261993,0.3530436885,0.3315253215,0.2814696698,0.7891132087,0.4425128719,0.8762443107,0.7046168593,0.02023254597,0.1247398736,0.193160958,0.5327027647,0.5396390604
142.5,1,1,1,1,1,0.5747104919,0.4494309491,0.6945691525,0.3498509416,0.7512647857,0.3517122525,0.3320616695,0.279321666,0.7905074716,0.4432664614,0.8756361293,0.7039534117,0.02031221413,0.1251402224,0.1944386706,0.5312357621,0.5385402183
143,1,1,1,1,1,0.5746879094,0.4490588935,0.6931017594,0.3517524921,0.7495948459,0.3524468352,0.3337664044,0.2796418408,0.7912079259,0.4417526376,0.8756923803,0.7016078268,0.02038814179,0.1261930524,0.1932891395,0.5296043614,0.538100846
143.5,1,1,1,1,1,0.5753991575,0.4476151499,0.6932155482,0.3526121519,0.7486839091,0.3506984246,0.3325213918,0.2832316096,0.792041672,0.4404607576,0.8764475157,0.7008187678,0.0206736398,0.1256788494,0.1937001491,0.529079264,0.5367503631
144,1,1,1,1,1,0.5730241764,0.4470919754,0.6942058921,0.3524300822,0.749148296,0.3479002559,0.3352376421,0.2821102025,0.7912695101,0.4412906899,0.8757083971,0.7021201056,0.02060867403,0.1248908754,0.1917403892,0.5294054643,0.5346610457
144.5,1,1,1,1,1,0.5728998539,0.4508440588,0.6926266277,0.3513555431,0.7505011833,0.3496209561,0.3349625881,0.2823258399,0.7919892719,0.4416366729,0.8755657503,0.7018790012,0.0207561043,0.1252224236,0.1916761594,0.5280983528,0.5386550092
145,1,1,1,1,1,0.5756995405,0.451350229,0.6927649818,0.352532148,0.7485351299,0.3515442416,0.3325077446,0.2819976363,0.7937116832,0.4426785354,0.8741801315,0.7020219618,0.02073035339,0.1253762885,0.1927319735,0.5270662184,0.5402135723
145.5,1,1,1,1,1,0.5759273618,0.4516194783,0.6954566315,0.3544771472,0.7510187487,0.3508807401,0.3321595085,0.2802824326,0.7936805147,0.4421659736,0.8734664089,0.7000233034,0.02078877504,0.1252041704,0.1918267767,0.528699164,0.5427485855
146,1,1,1,1,1,0.5749003847,0.4537546122,0.695403364,0.3558524642,0.7482608022,0.3496152822,0.3326688542,0.2801968482,0.7932068022,0.4413279777,0.8746696436,0.7017720235,0.02093082378,0.1257954336,0.1906695681,0.5275494871,0.5447388894
146.5,1,1,1,1,1,0.5731501877,0.4525268127,0.6966242473,0.355820876,0.7495521066,0.3508033403,0.3321388033,0.2789615561,0.791701096,0.4408733887,0.8750337673,0.702868749,0.02092629764,0.1254833353,0.1890053821,0.5279682377,0.5459321336
147,1,1,1,1,1,0.5705808876,0.4501699063,0.69743067,0.3571811781,0.7506510893,0.3510740739,0.3366268387,0.2805637049,0.7883369001,0.4408893643,0.8773507311,0.7023788828,0.02079797005,0.1261570509,0.1894626582,0.530353009,0.5480201016
147.5,1,1,1,1,1,0.5735366372,0.4505539735,0.6946574696,0.3545052844,0.7506176657,0.3501244352,0.3367477233,0.2830696844,0.7872144121,0.4403177638,0.8785923081,0.7005555553,0.02067193158,0.1261941891,0.1905027763,0.529607615,0.5505912567
148,1,1,1,1,1,0.5746102595,0.4481268413,0.6940341364,0.3521807144,0.7519399002,0.35099694,0.3341225416,0.2852401144,0.7889800106,0.4399222473,0.8790382476,0.7009646529,0.02048412346,0.1249061037,0.1898734835,0.5298754225,0.5522067673
148.5,1,1,1,1,1,0.5724399971,0.4532490614,0.6948569021,0.3537478544,0.7518567591,0.3516868998,0.3332169007,0.2841419737,0.7879116244,0.4413217493,0.8799202121,0.6999258979,0.0204184116,0.1258543343,0.1905186024,0.5303119761,0.5543753936
149,1,1,1,1,1,0.5732149223,0.4520941691,0.6959105417,0.3532909076,0.7501830842,0.3545427792,0.3302483071,0.2808448655,0.7902111951,0.4403042461,0.8797906101,0.7011878187,0.02065823452,0.1251690427,0.1907506477,0.5313676434,0.5535656232
149.5,1,1,1,1,1,0.5717642063,0.4470915423,0.6959850909,0.3525637636,0.7492164905,0.3554285136,0.3312259649,0.2814191672,0.7914340644,0.4419504561,0.8815101313,0.7028052869,0.02062965878,0.1251160348,0.1901044948,0.5315113548,0.553700071
150,1,1,1,1,1,0.5709830031,0.4490506739,0.6943625491,0.3538428705,0.7506626025,0.354965713,0.3334036856,0.2804477243,0.7918281674,0.4433879996,0.8815662617,0.7037115146,0.02073052386,0.1237965861,0.1916059982,0.5324467259,0.5526122005
150.5,1,1,1,1,1,0.5707569893,0.4478128863,0.6963298938,0.3543538782,0.7514029258,0.3573509949,0.3335359325,0.2811523365,0.792785521,0.4455110159,0.8809758298,0.7046798212,0.02052047481,0.1229916236,0.1910151692,0.5329344482,0.551221175
151,1,1,1,1,1,0.5698858689,0.4485373445,0.6950765631,0.3527008503,0.754196565,0.3566320205,0.3309891097,0.2818375496,0.7939772846,0.4456710968,0.8804829437,0.7003605146,0.02057674038,0.1223946721,0.1920280286,0.5311989332,0.5491018563
151.5,1,1,1,1,1,0.5723465513,0.4485866326,0.6950483252,0.3540996019,0.754522409,0.3545074225,0.3327260969,0.2832205799,0.7928524352,0.4449048912,0.881137846,0.698850811,0.02061661981,0.1226208488,0.1919598173,0.5321968306,0.5491354821
152,1,1,1,1,1,0.5717937731,0.4501693794,0.6934882487,0.3568385174,0.7547653873,0.3518905103,0.3331986787,0.2805300924,0.7938895916,0.4456370701,0.8799970262,0.6976122722,0.02065037207,0.1224398168,0.1921025846,0.5310054165,0.5493624022
152.5,1,1,1,1,1,0.5710719575,0.4514307731,0.6936916733,0.3568006729,0.7549927349,0.3544324324,0.3318996926,0.281229613,0.7951941679,0.4440865302,0.8804647647,0.6968290666,0.02056080432,0.1225399854,0.191927278,0.5325063019,0.5472780658
153,1,1,1,1,1,0.5713977737,0.4498858828,0.6954821816,0.3557366867,0.7535945179,0.3533891142,0.3332242509,0.2797539966,0.7962202578,0.4488432722,0.8797139916,0.6941798056,0.02045814938,0.1234016541,0.1906867632,0.5334674724,0.5446778911
153.5,1,1,1,1,1,0.5726176987,0.4501457564,0.6952229154,0.3505843566,0.7527638303,0.3546285666,0.3322978199,0.2795661401,0.7960200022,0.4446828538,0.8807151902,0.6952664627,0.02070971692,0.1229545551,0.1910007694,0.5344764584,0.545484902
154,1,1,1,1,1,0.5757833048,0.4490761548,0.6958582198,0.351646919,0.7513003194,0.3545404149,0.3336121957,0.280161434,0.7954759111,0.444065,0.8803679544,0.6931055441,0.02055338392,0.1238933194,0.1899802501,0.5321310551,0.5444582853
154.5,1,1,1,1,1,0.5778178887,0.4502110179,0.6963208312,0.34984705,0.7513278858,0.3524460019,0.3332309171,0.2789649051,0.7949730137,0.445586465,0.8804860437,0.6932183205,0.02023559889,0.1245519815,0.19038444,0.530397414,0.5467820997
155,1,1,1,1,1,0.5793052323,0.4518801068,0.697007467,0.3481078889,0.7523420982,0.3534657867,0.3326249943,0.2797277535,0.7949652756,0.4440614609,0.8800289423,0.6923035559,0.02031262367,0.1257336609,0.191264395,0.5282100214,0.5454874497
155.5,1,1,1,1,1,0.5773663183,0.452713338,0.6975409404,0.3496750621,0.7556298605,0.3518050794,0.3330055513,0.2800499294,0.7964643764,0.4437488098,0.8804411677,0.6920980696,0.0201786339,0.1265656638,0.1923460417,0.5299859927,0.545509819
156,1,1,1,1,1,0.574866226,0.4519485802,0.6977382337,0.3507770064,0.755303918,0.3499514784,0.3361217221,0.2805961335,0.7960879015,0.4442826113,0.8795730905,0.6912761622,0.01994324495,0.1253124049,0.1940901032,0.5290126468,0.5484721219
156.5,1,1,1,1,1,0.5784660573,0.4502112461,0.6992892607,0.3510428387,0.7538343415,0.3462817364,0.3345472866,0.2811842248,0.7970463552,0.4433732612,0.8793831181,0.6940037124,0.02010321746,0.1252691162,0.1944190708,0.5299851205,0.5489909518
157,1,1,1,1,1,0.5772659003,0.4491403576,0.6996436404,0.3543188258,0.7544397449,0.3484475146,0.333919558,0.2820373452,0.7977995897,0.4420145546,0.8789655643,0.6927710326,0.02021861782,0.1250175267,0.1936312535,0.5276127776,0.5490394577
157.5,1,1,1,1,1,0.5747310414,0.4511306325,0.6969797591,0.3541629593,0.7527393903,0.3484994885,0.3339558483,0.2820940865,0.7975767747,0.440199773,0.8803674104,0.6925047717,0.02025155313,0.1242106856,0.1933717045,0.5300235295,0.5466526727
158,1,1,1,1,1,0.5733951945,0.4486455527,0.6971192743,0.3537928596,0.7537626563,0.3488998404,0.3327767536,0.2825855871,0.7967722255,0.4438137244,0.8802552672,0.6936879982,0.0204726763,0.1235042419,0.1936663717,0.5279618289,0.5475385242
158.5,1,1,1,1,1,0.5732422318,0.4485583067,0.6981982132,0.3537118839,0.7546865717,0.3499191013,0.3326158907,0.2811130116,0.7962308943,0.4449755012,0.879847661,0.6946034218,0.02057346266,0.1237866375,0.1937434248,0.5296433961,0.5444724579
159,1,1,1,1,1,0.5760066948,0.4501374851,0.6974604735,0.3533544654,0.7529913659,0.350664529,0.3325594083,0.2813730116,0.7955069576,0.4466163746,0.88132872,0.6959089741,0.02046728662,0.1243685374,0.1951990423,0.5290425144,0.5433323014
159.5,1,1,1,1,1,0.5772482104,0.4497912329,0.6952717579,0.352959594,0.752644177,0.3471162973,0.3333575174,0.2808811712,0.7956315877,0.4438757588,0.8812497162,0.6937820144,0.02045863262,0.1242612753,0.1955544308,0.5280788847,0.5452246459
160,1,1,1,1,1,0.5769331481,0.4521136134,0.6972192021,0.3550338847,0.754099471,0.3491803524,0.3342846557,0.2810441554,0.796477927,0.4445905942,0.8806929728,0.6965404651,0.02077000716,0.1255393753,0.1944478715,0.5290022157,0.5469250484
160.5,1,1,1,1,1,0.5811732091,0.4500385424,0.6952555278,0.355805331,0.7533725745,0.3512939783,0.3367195276,0.2833378935,0.7962541795,0.4454250299,0.8804441223,0.6977990054,0.02080084937,0.1257672151,0.1936932207,0.530377587,0.5498325365
161,1,1,1,1,1,0.5817136344,0.4487492252,0.6941998011,0.3546411066,0.7542132641,0.3495767617,0.3366676346,0.28425925,0.7958019922,0.4439479364,0.8804726313,0.6968383286,0.02071450508,0.1265774434,0.1938795967,0.5302359617,0.5492228999
161.5,1,1,1,1,1,0.582081361,0.4489314198,0.6944074566,0.3528193073,0.7528232581,0.3474835885,0.3361000549,0.2843798478,0.7975366726,0.4454987519,0.8805844576,0.6973538595,0.02060011354,0.1266551932,0.1951808441,0.530231821,0.5460826742
162,1,1,1,1,1,0.5799755302,0.4503260046,0.696688639,0.352514051,0.7520330475,0.3478725644,0.3386865975,0.2835692064,0.7984634135,0.4456324612,0.8814865509,0.699252415,0.02034955535,0.1269059783,0.1967644004,0.5289187836,0.5455288271
162.5,1,1,1,1,1,0.5792542675,0.4479276195,0.6960346294,0.3527056804,0.7520344611,0.3519499841,0.3387376917,0.2831522719,0.7967852309,0.4464455465,0.880935343,0.6999740986,0.02045216417,0.1270885422,0.1977457647,0.5261860659,0.545820362
163,1,1,1,1,1,0.5793090461,0.4484064348,0.6970955095,0.3514537968,0.7513376031,0.3521237522,0.3401677955,0.2811605188,0.7969309123,0.4459367712,0.8807850328,0.7004901405,0.02032246092,0.1270648185,0.1983452179,0.5264120222,0.5478787353
163.5,1,1,1,1,1,0.5799360062,0.4489412756,0.696125817,0.351826846,0.7538902042,0.3504633778,0.3370847261,0.2814930777,0.7972175119,0.4448319437,0.8802449596,0.6987897749,0.02031882183,0.1259698775,0.1981834766,0.5268464853,0.5467715828
164,1,1,1,1,1,0.576128141,0.4499323121,0.6957151928,0.3515108688,0.7518090592,0.3496386883,0.3340491855,0.283442845,0.7980598171,0.4464236715,0.8802978153,0.6994090149,0.02044303856,0.1269208697,0.1979551546,0.526214684,0.5455783961
164.5,1,1,1,1,1,0.5738793133,0.4511416395,0.6957701288,0.3527914835,0.7547386849,0.3488972684,0.3341370599,0.282296078,0.7978753408,0.4482233205,0.881218271,0.6997020254,0.02043064793,0.1274678976,0.2008683325,0.528557296,0.5445981265
165,1,1,1,1,1,0.5734148245,0.4497634308,0.6963406945,0.3516189413,0.7522713637,0.347413663,0.332494011,0.2801550032,0.7974122126,0.4474230595,0.8813610798,0.6983712309,0.02063323321,0.1277400681,0.2008051461,0.5270703479,0.5431327992
165.5,1,1,1,1,1,0.5750578108,0.4508981407,0.696678764,0.353697935,0.7546113792,0.3486574914,0.331052572,0.2811374194,0.7980989677,0.4473704445,0.8807722798,0.6980764707,0.02040638812,0.1275541427,0.20125973,0.5283383143,0.5397988823
166,1,1,1,1,1,0.5761196341,0.4511665758,0.6962557031,0.3558212487,0.7529946647,0.3488224432,0.3292860836,0.2788976293,0.796158671,0.4457404471,0.8816310834,0.6955954035,0.02045726613,0.1272805272,0.1992322511,0.5282160948,0.5389326653
166.5,1,1,1,1,1,0.5755690615,0.4520366236,0.6972200569,0.3532664263,0.7537275362,0.3515585274,0.3306501361,0.2808869214,0.7964026211,0.4478789716,0.8804773985,0.6967309995,0.02053876265,0.1284482053,0.1995235954,0.5285616168,0.5407655913
167,1,1,1,1,1,0.5783982555,0.450023013,0.6950545734,0.3531403389,0.7545646775,0.3513180165,0.32970717,0.2813023041,0.7965297007,0.4466322683,0.8803694698,0.6990510634,0.02033465325,0.1283821248,0.1991514284,0.5289907334,0.5401306582
167.5,1,1,1,1,1,0.581308631,0.4502660066,0.6958073565,0.3542262662,0.755689904,0.3498340179,0.3291404468,0.2819738787,0.7978132203,0.4450815973,0.8791356431,0.6985068761,0.02037712452,0.1281240951,0.1981851893,0.5286534619,0.5383735639
168,1,1,1,1,1,0.5815143008,0.4518308902,0.6967430814,0.3518538025,0.7547625714,0.3506656347,0.3281520736,0.2820425633,0.8000548708,0.4475674802,0.8777953029,0.6961748037,0.02032343809,0.1274024795,0.1969408308,0.5278292291,0.5385872519
168.5,1,1,1,1,1,0.582087486,0.4497325198,0.6961600869,0.3534671575,0.7549620776,0.3525281502,0.3311274374,0.2810004201,0.7999715427,0.4481427245,0.8782513159,0.696595394,0.02047846625,0.1283907537,0.1972739375,0.5289406966,0.5370926482
169,1,1,1,1,1,0.5814891935,0.4501290552,0.6997409981,0.3564265143,0.7548396967,0.3510620389,0.3309788038,0.2809656214,0.7986070901,0.4470470963,0.8786096751,0.695902349,0.02048129279,0.1262798476,0.1962918424,0.5289537697,0.5402674017
169.5,1,1,1,1,1,0.5809873361,0.4506128995,0.6977889515,0.3592720034,0.7560031655,0.3498558058,0.3353405527,0.2827038864,0.7973539662,0.44834823,0.8780806284,0.696872428,0.02044272523,0.1248614272,0.1968550031,0.5255794652,0.5395679835
170,1,1,1,1,1,0.5777476983,0.4508628718,0.6986010477,0.356268284,0.7559285486,0.349149104,0.3353374311,0.281032091,0.7963102528,0.4502816483,0.8788143338,0.6952109573,0.02024975678,0.1252197978,0.1966090912,0.5270506037,0.5413032641
170.5,1,1,1,1,1,0.5776982892,0.4484334204,0.6998604614,0.3557888667,0.756071677,0.3512353069,0.3340521868,0.2826733452,0.7985812803,0.4515355764,0.878637909,0.6980451028,0.02005101693,0.1269222114,0.1950056638,0.5294802569,0.5427578826
171,1,1,1,1,1,0.5804330929,0.4492200682,0.6978196304,0.3567884846,0.7555948124,0.3518315988,0.3337325531,0.2835358359,0.7961516537,0.4522554634,0.878570437,0.699803073,0.02017259938,0.126840466,0.1958970697,0.5300020469,0.54538426
171.5,1,1,1,1,1,0.5780815906,0.4516533397,0.6983636808,0.3547173549,0.7532136627,0.3519077787,0.3347262248,0.2837209193,0.7968076932,0.4514698053,0.8786273133,0.7037798642,0.02020221704,0.1279461277,0.1951684842,0.5298178246,0.5429675554
172,1,1,1,1,1,0.5788676595,0.4488965693,0.6978727243,0.3552432288,0.7550669225,0.3542688616,0.3342774198,0.2849192295,0.79661123,0.4520975162,0.8789250377,0.7035565632,0.02012953171,0.1268739732,0.1954151946,0.5274425793,0.5436401427
172.5,1,1,1,1,1,0.5781872293,0.4511413533,0.69771484,0.3527188282,0.7552843345,0.3521445106,0.3336533449,0.2838507341,0.7950253902,0.4523340536,0.8796429228,0.7019675423,0.02037136396,0.1258356625,0.1960163966,0.52672883,0.5422714875
173,1,1,1,1,1,0.5783477556,0.4506053157,0.6973442728,0.3509769425,0.7558012549,0.352317612,0.332485644,0.2841550738,0.7934640604,0.4536495594,0.8794758814,0.6982362876,0.02033357748,0.1262620751,0.1960650674,0.5261315687,0.5382766178
173.5,1,1,1,1,1,0.5791184302,0.4499061084,0.6966238675,0.3506008477,0.7557671707,0.3521920699,0.3323630125,0.2823685096,0.7926752698,0.4545343118,0.8796220315,0.6976539118,0.02016040797,0.1259390324,0.1968207853,0.5274784016,0.5383208959
174,1,1,1,1,1,0.5812002045,0.4492342583,0.6956411274,0.3523359433,0.7535702894,0.3557749025,0.3309158612,0.2828347847,0.7920879514,0.4568147217,0.8789495893,0.6996424905,0.020276563,0.125875857,0.1953588656,0.527839653,0.5380934829
174.5,1,1,1,1,1,0.5823395823,0.4494090331,0.6959967098,0.354624358,0.7531135356,0.3549426145,0.3321830077,0.282333068,0.7948242669,0.4554060824,0.8796704791,0.6988634207,0.02004698279,0.1257721411,0.1941867509,0.5257305274,0.5402452089
175,1,1,1,1,1,0.5812318758,0.4481900691,0.6955266464,0.3533194812,0.7530548051,0.3548057292,0.3339995128,0.2825009847,0.7957534403,0.4548277231,0.8781618802,0.7002712594,0.02013832724,0.1256407232,0.1956870685,0.5271758107,0.5389694327
175.5,1,1,1,1,1,0.5787592502,0.4484958688,0.6924877187,0.3527744988,0.7502467706,0.3541194156,0.336211678,0.2833487291,0.7962630505,0.4532458729,0.8792394991,0.6989021688,0.02020394204,0.1242438701,0.1957479412,0.5258811713,0.537683352
176,1,1,1,1,1,0.5780484422,0.4472184423,0.6928079246,0.3506766044,0.7519684092,0.3545092959,0.3352564669,0.2824081103,0.7949801111,0.4531151356,0.8801556992,0.6991406018,0.02030743892,0.1248442326,0.1971122764,0.5242376796,0.5378499527
176.5,1,1,1,1,1,0.5770222673,0.4472489421,0.6940042408,0.3491399882,0.7502405457,0.3553251467,0.3388854792,0.2809302328,0.7954853317,0.4519357918,0.8787605877,0.6978931476,0.02035408283,0.1250707196,0.1954629104,0.5259034313,0.5377567463
177,1,1,1,1,1,0.5772828717,0.4451168293,0.6971541036,0.3535482859,0.7509741968,0.3557003047,0.3366246925,0.2799930643,0.7942481965,0.4526485533,0.8787745652,0.7001710885,0.02012481713,0.1230472879,0.1940588528,0.5273454842,0.5353688378
177.5,1,1,1,1,1,0.5782823983,0.446970898,0.6951694495,0.3545341823,0.7500856407,0.3534107895,0.3377323205,0.2800470302,0.7953824793,0.4530222466,0.8797002117,0.6990614851,0.02008062573,0.1224585046,0.1937790757,0.5265455856,0.5380078324
178,1,1,1,1,1,0.5788505602,0.4480638135,0.695872955,0.3543606792,0.7515776513,0.3511901992,0.3381545506,0.2825979648,0.7961111807,0.4534194832,0.8796559354,0.6978898194,0.02007810443,0.1223578663,0.1926925578,0.5264497876,0.537299261
178.5,1,1,1,1,1,0.5774268501,0.4504291738,0.6966111444,0.3525596236,0.7524292668,0.3510083689,0.3379917528,0.2821002903,0.7969714625,0.4511047714,0.8787456428,0.6981484034,0.02018698035,0.1225070266,0.1935045335,0.5290245172,0.5376744928
179,1,1,1,1,1,0.5779957888,0.4501515224,0.6976197042,0.3561671625,0.7528448438,0.352768707,0.3381992105,0.2828219547,0.7958125685,0.4503501191,0.8801681441,0.6981382859,0.02030096086,0.123641741,0.1938799949,0.5314435664,0.5357558938
179.5,1,1,1,1,1,0.5757525076,0.4506926967,0.6947294552,0.3556455627,0.7526258344,0.3534697226,0.3395895681,0.2831179436,0.7943129278,0.4489401225,0.8803103938,0.6984761284,0.02004510701,0.1239423055,0.1939485255,0.5348343911,0.5359676143
180,1,1,1,1,1,0.5791930765,0.4503402566,0.6939943063,0.3563685338,0.7514178897,0.3520027281,0.3375233152,0.2837301821,0.794183913,0.4488896961,0.8787940698,0.6978370719,0.01999502791,0.1240367711,0.1932012144,0.5350577155,0.5340484171
180.5,1,1,1,1,1,0.5780011424,0.4497763223,0.6945595028,0.3562632449,0.7510334322,0.3528559104,0.3351564536,0.2830472795,0.7932130902,0.449763017,0.8798791764,0.6959175334,0.01989695515,0.1229865358,0.1935554441,0.5346125088,0.5330921733
181,1,1,1,1,1,0.5754165676,0.4501393469,0.6943909166,0.3511957749,0.7532211506,0.3527334203,0.3350048339,0.2836821783,0.7953111521,0.4498658281,0.8803207928,0.6956165047,0.01978096393,0.1231007817,0.1927763039,0.5331273154,0.5318062881
181.5,1,1,1,1,1,0.573473489,0.4498499481,0.6926177918,0.350969965,0.7532552085,0.3512579466,0.3380756941,0.2818135388,0.7973616352,0.4456362915,0.8800042695,0.6966037489,0.01985787952,0.1228177596,0.1920491356,0.5340327207,0.5332217786
182,1,1,1,1,1,0.5717131692,0.4510049122,0.694889448,0.3511471934,0.7533045967,0.3492073716,0.3348789644,0.2829762475,0.7952885871,0.4456968425,0.881664644,0.6975558895,0.02005124068,0.1238270431,0.1885781498,0.5335280914,0.5308169418
182.5,1,1,1,1,1,0.5688606343,0.451021119,0.6959064096,0.3487077813,0.7519216328,0.3478883372,0.332871774,0.2805472404,0.7965174802,0.4450327782,0.8827130923,0.6992268615,0.01992643736,0.1233240678,0.1890937759,0.535813827,0.5303723029
183,1,1,1,1,1,0.5689341318,0.4516994214,0.6965947099,0.3499928625,0.752283419,0.3489679696,0.3314527706,0.2801321661,0.7968513266,0.4441039698,0.8827801602,0.7017263231,0.02016956395,0.1236887243,0.1884429854,0.5366437615,0.529105259
183.5,1,1,1,1,1,0.5680825287,0.4516919708,0.6958633904,0.3516925354,0.7526524966,0.3471987334,0.3305304017,0.2787084976,0.795331119,0.4446162228,0.8822145799,0.6999532851,0.02021677593,0.1236468271,0.1882886643,0.5336232781,0.5295979949
184,1,1,1,1,1,0.5693802829,0.4503690979,0.6955515584,0.3501508771,0.7513543689,0.345679717,0.3310619803,0.278810929,0.7954885292,0.444858266,0.8820804984,0.7025908366,0.02018337757,0.1235786918,0.1880488994,0.5362543902,0.5311371962
184.5,1,1,1,1,1,0.5722864511,0.4485740949,0.6961234009,0.3510405291,0.7523272916,0.3459014437,0.3295150868,0.2787537837,0.796280207,0.4440454346,0.8832468282,0.7046440065,0.02026248716,0.1230539724,0.1874888343,0.5359736761,0.5332782961
185,1,1,1,1,1,0.5741541258,0.4493047753,0.6957906545,0.3525240462,0.752228666,0.3471717357,0.3291416582,0.2780525012,0.7967031475,0.4431776923,0.8830866729,0.7049898074,0.02024813367,0.1236468657,0.189347327,0.5367328284,0.5343742403
185.5,1,1,1,1,1,0.5765007141,0.4487911365,0.6957798371,0.3537241153,0.7502057285,0.3505845572,0.3304224785,0.2782842775,0.7987924892,0.4428302397,0.8820878256,0.7033677996,0.02038306545,0.1245117519,0.1898001707,0.5325623771,0.5310940286
186,1,1,1,1,1,0.5752953745,0.4492524773,0.6960223394,0.3514241862,0.7484280355,0.350220446,0.3297912869,0.2780691085,0.7975624803,0.4433530594,0.8831694173,0.7025367752,0.02034955377,0.1255753804,0.19051458,0.5353289399,0.5325733043
186.5,1,1,1,1,1,0.573677584,0.4508812158,0.6956405734,0.3505532431,0.7488735784,0.3511670251,0.3307912241,0.2793686489,0.7967024404,0.4436236741,0.8832297725,0.7007218796,0.02037466699,0.1256414123,0.1903061185,0.531319303,0.5311567804
187,1,1,1,1,1,0.5720979271,0.4518380275,0.6952540357,0.3485236369,0.749887871,0.351853937,0.3333849234,0.2776448149,0.795680259,0.4445571408,0.8836198243,0.701886489,0.0202431172,0.1253734721,0.1900865411,0.5310397879,0.531109484
187.5,1,1,1,1,1,0.5735837319,0.4528460711,0.6947039702,0.3489199241,0.7506723914,0.3535622417,0.3349996996,0.275429659,0.795509913,0.4453096154,0.8822446606,0.6994937388,0.02037928025,0.124929865,0.1921617426,0.5305317697,0.5329190247
188,1,1,1,1,1,0.5732275875,0.4512263908,0.6954308654,0.3530256801,0.750962887,0.3546136908,0.335485893,0.2781903261,0.7949531165,0.4452111224,0.8825256197,0.6989389643,0.02035800578,0.1250229762,0.18997379,0.5319079747,0.5350676545
188.5,1,1,1,1,1,0.5726837902,0.4482864549,0.6951005284,0.3547735726,0.7512091826,0.3523045661,0.3344481503,0.2799883236,0.7949999602,0.444729888,0.8827464288,0.6993725431,0.02050740648,0.1243700264,0.1900947177,0.5342236638,0.5339358868
189,1,1,1,1,1,0.5719139228,0.4492260416,0.6925139878,0.3522748529,0.7498004147,0.3530602097,0.3357925367,0.2800238292,0.794163389,0.4457928469,0.883222277,0.6994400585,0.02057993681,0.1263557376,0.1922796216,0.5358579703,0.536059217
189.5,1,1,1,1,1,0.5717358068,0.4487831502,0.6938084453,0.3540420315,0.7514662933,0.3529431761,0.3338199871,0.2799749893,0.794371018,0.4453065949,0.8830026716,0.7001293016,0.02060966518,0.1268979243,0.1924354519,0.5327009898,0.5362636357
190,1,1,1,1,1,0.5746407519,0.4494103545,0.6945850733,0.3539929682,0.750500104,0.3537542326,0.3339958935,0.2813344748,0.7933566117,0.4431972328,0.8829423495,0.7007586262,0.02052470074,0.1266082605,0.1938511561,0.5324434562,0.5339945319
190.5,1,1,1,1,1,0.5701726309,0.4504375061,0.6955659361,0.3543172345,0.7510216954,0.356474592,0.3352603435,0.2804605562,0.7946707423,0.4420195241,0.8831529991,0.6996445484,0.02028379643,0.1261118969,0.1948962367,0.5304103073,0.5361990371
191,1,1,1,1,1,0.5707254449,0.449154928,0.6974028847,0.3538949457,0.7519940517,0.3546122885,0.3367231636,0.2799180052,0.7945852881,0.4439699055,0.8825720201,0.6992951196,0.02054305136,0.1264124028,0.1949093337,0.5310306653,0.5393031882
191.5,1,1,1,1,1,0.5721339027,0.4487507713,0.6958680167,0.3551772692,0.7511180864,0.3515510312,0.3371554253,0.2813314571,0.7939726789,0.4452869288,0.8828546295,0.6999843393,0.02040738866,0.1254032184,0.1933084685,0.5335116165,0.5386444797
192,1,1,1,1,1,0.5711914834,0.4476400054,0.6968243459,0.3554564339,0.7517063886,0.3493237388,0.3368023052,0.2772820103,0.7937685941,0.4513850436,0.8820836386,0.6980050836,0.02070785486,0.1262484085,0.1940360235,0.5329150461,0.5396176036
192.5,1,1,1,1,1,0.5726629798,0.4506671499,0.6966336445,0.3531536068,0.7502010291,0.3499309715,0.3379063574,0.2758335211,0.7932175402,0.4523357006,0.8810884918,0.6957022853,0.02078606321,0.1267729732,0.1919576538,0.5271310536,0.5397839788
193,1,1,1,1,1,0.5717030948,0.4505986247,0.6938025622,0.3530015575,0.7503677542,0.3515912077,0.3365733968,0.2765680093,0.7914298081,0.4515220784,0.8815210748,0.6949997382,0.02099248508,0.1275339337,0.1910452824,0.5261781643,0.5411674887
193.5,1,1,1,1,1,0.5748313742,0.4503005152,0.6936977389,0.354000681,0.7520278963,0.3518068061,0.3357595455,0.2786757767,0.7888384337,0.4517759105,0.8806097853,0.6948206107,0.02086924296,0.1265044246,0.1904138808,0.5249295852,0.5413926287
194,1,1,1,1,1,0.5760292379,0.4502793835,0.6946105938,0.3528770273,0.7534059816,0.352563598,0.3348890365,0.2793911188,0.7897771314,0.4505451187,0.8804749111,0.6966023841,0.02056814087,0.1255407948,0.1905878483,0.524583721,0.5426455903
194.5,1,1,1,1,1,0.5788488093,0.4502269688,0.694526764,0.3538810033,0.7533923257,0.3536472488,0.3367822901,0.2788296003,0.7907585776,0.4492681869,0.8812156652,0.6958959275,0.0205337187,0.1257590616,0.1908907871,0.5253277524,0.5404149175
195,1,1,1,1,1,0.5808801993,0.4507879507,0.6966735392,0.353370796,0.752213427,0.3531855159,0.3360382778,0.2787055102,0.7901509385,0.4465840159,0.8812578295,0.6943892911,0.02043201159,0.1268736801,0.1900373331,0.5269613288,0.5406023507
195.5,1,1,1,1,1,0.5787593556,0.4502026286,0.6966201173,0.3524637786,0.7520230995,0.3510875107,0.3352109914,0.2789826169,0.7915528215,0.4449444418,0.8810150865,0.6979284452,0.02031926655,0.127186094,0.1917494472,0.5257700185,0.5405891953
196,1,1,1,1,1,0.5782747162,0.4503906115,0.6971059493,0.3561610729,0.7537067961,0.3505435182,0.3355056886,0.27782521,0.7910367384,0.4418190795,0.882940205,0.6983539301,0.02034773057,0.127013295,0.1921178302,0.5234123063,0.5377901024
196.5,1,1,1,1,1,0.5773722929,0.4512590279,0.6962766103,0.3565114594,0.7531542881,0.3523800252,0.3347453117,0.2769371039,0.7915159809,0.4393536587,0.8835626419,0.6989810747,0.02031266104,0.1269116552,0.1940157838,0.5264147972,0.5357006316
197,1,1,1,1,1,0.5798337412,0.4496322752,0.6937278986,0.3543426964,0.7538349052,0.3536369927,0.3344655235,0.2766306181,0.791549183,0.4364797939,0.8824160813,0.7011774487,0.02052569241,0.1261752813,0.1946360548,0.5252024429,0.5378487836
197.5,1,1,1,1,1,0.5786222039,0.4530634519,0.6973262186,0.3523526118,0.7520049169,0.3524559222,0.3328774004,0.2764296171,0.7906727987,0.4383825292,0.8808029492,0.7031046491,0.02060417027,0.1244536218,0.195251586,0.527221531,0.5362977488
198,1,1,1,1,1,0.5758690109,0.4532767792,0.6994109112,0.3544232318,0.7539352303,0.3511563851,0.3324387338,0.2784580577,0.7880142002,0.4380325943,0.8808984983,0.7027162581,0.02067347833,0.1247862745,0.194433189,0.5281397883,0.5368303498
198.5,1,1,1,1,1,0.5742549534,0.4511551581,0.695440661,0.3537403048,0.7524226358,0.3490226068,0.3332364801,0.2796679528,0.7900259027,0.4378065784,0.8809989699,0.7005192272,0.02047903378,0.1248042944,0.1930134792,0.5286024524,0.5387679069
199,1,1,1,1,1,0.5760991395,0.4497814378,0.6983071937,0.3527553199,0.7532255901,0.3467077741,0.3326778981,0.2787402854,0.7895979305,0.436838379,0.881817698,0.7000570068,0.02051540974,0.1251204996,0.194696809,0.5295246105,0.5413917633
199.5,1,1,1,1,1,0.5763946864,0.4507833305,0.6986415141,0.3522873885,0.7524211076,0.3482117165,0.3336040079,0.27862415,0.7890703679,0.4401154605,0.8820895408,0.7021489794,0.0202359461,0.1258297947,0.1954342429,0.5310073478,0.5427227132
200,1,1,1,1,1,0.575132138,0.4485840498,0.6982775642,0.3515607589,0.7535703271,0.3488496225,0.3355870734,0.2791929281,0.7911981396,0.4381331179,0.8814580311,0.7044229908,0.02020301729,0.1263226555,0.1948755532,0.531647975,0.5435669143
200.5,1,1,1,1,1,0.5755365202,0.4496411444,0.696963912,0.3522311502,0.7536880767,0.3468100236,0.3354909641,0.2803273108,0.7933645513,0.4363596422,0.8814468972,0.7041562046,0.01995639455,0.1248705534,0.1924166143,0.5327907241,0.5438180597
201,1,1,1,1,1,0.5728061989,0.4500402188,0.6948139324,0.3508424756,0.7543322482,0.3457573571,0.3341656673,0.2812176465,0.7944299705,0.4356090253,0.8819632785,0.700095884,0.01991226363,0.1254457526,0.1932684817,0.5339496602,0.5402286552
201.5,1,1,1,1,1,0.5728715863,0.4525552926,0.6960506121,0.3507671514,0.753068393,0.3467721972,0.33350652,0.2806638889,0.7944265204,0.4345860011,0.8805392864,0.7012046711,0.02000546892,0.126229295,0.1920069177,0.5373124799,0.5416686175
202,1,1,1,1,1,0.5709203576,0.4516974424,0.6955885813,0.3506149955,0.7543279465,0.3488492255,0.333284124,0.2813329025,0.7935766294,0.4347625527,0.881394439,0.7017365858,0.02030103833,0.1245382306,0.1924621487,0.5362728205,0.5422813843
202.5,1,1,1,1,1,0.5698051056,0.4499035015,0.6964545129,0.3521456272,0.7538344017,0.3486439687,0.3329079114,0.2817106728,0.7940967212,0.4367943749,0.8820149706,0.7003404212,0.02031419195,0.1249231954,0.1939227948,0.5338689042,0.5406795504
203,1,1,1,1,1,0.5701044973,0.4487778281,0.6948915493,0.3518862807,0.7538108564,0.3500109658,0.3311454289,0.2820279248,0.7926441518,0.43572489,0.882930313,0.7005263461,0.02035463931,0.1244598253,0.1952065647,0.5322193899,0.5412983486
203.5,1,1,1,1,1,0.5678215522,0.4495388603,0.69672909,0.3528959444,0.7534162481,0.3506535926,0.3328668987,0.2823841887,0.79214742,0.4367675059,0.8828056327,0.7012190622,0.0203600155,0.1243862229,0.1971613185,0.5324930308,0.5424795186
204,1,1,1,1,1,0.5680056071,0.4507857494,0.6964319138,0.3503678799,0.7532042601,0.3515163188,0.3333799391,0.2811566352,0.7917041585,0.4394188869,0.8824068178,0.6992968317,0.02006252303,0.1248104169,0.1985461082,0.5303681747,0.5457163091
204.5,1,1,1,1,1,0.5694279908,0.4508260689,0.6949439606,0.3519072887,0.7509539767,0.3506024911,0.3316654857,0.2792155971,0.7927046419,0.4359450465,0.8824581503,0.6978253581,0.02024369533,0.1230303493,0.1988558895,0.5303330585,0.5431558284
205,1,1,1,1,1,0.5702520874,0.4484969317,0.6952411966,0.3512549505,0.751276437,0.3514891253,0.3323495599,0.2778947776,0.7923453515,0.4345383873,0.8814791993,0.6974319703,0.02034660027,0.1225359524,0.199412059,0.5271303271,0.545633889
205.5,1,1,1,1,1,0.5703995102,0.447346079,0.6946990168,0.3499755605,0.7521996566,0.3532004235,0.3325638522,0.2798550325,0.7925452583,0.4332662835,0.8809630214,0.6992830779,0.02069957812,0.1236526954,0.1966072329,0.529691589,0.5482823378
206,1,1,1,1,1,0.5719007439,0.4478881805,0.6966762837,0.3491006651,0.7505129285,0.350977129,0.3336341096,0.2815159135,0.792481493,0.4328137465,0.8804252797,0.7000580127,0.0203498185,0.123670274,0.1965014038,0.5302374013,0.5488127558
206.5,1,1,1,1,1,0.5707963384,0.4483278712,0.6956579918,0.3493851848,0.7486638923,0.3506415741,0.335116211,0.2819057849,0.7922930404,0.4348696053,0.8804440297,0.6993835331,0.02023814154,0.1242425406,0.1966125947,0.5298774565,0.5508585717
207,1,1,1,1,1,0.5719090115,0.4477386465,0.6944793408,0.3512772396,0.7470740365,0.3522522913,0.333386571,0.2810661643,0.7948758919,0.4352528943,0.882272431,0.6960432555,0.02037624654,0.1233564734,0.1974706937,0.5307825342,0.5505539279
207.5,1,1,1,1,1,0.5722419667,0.45081079,0.6957139111,0.3511316931,0.746269468,0.3542059361,0.3361109076,0.2808815142,0.796924837,0.4365464676,0.8831078754,0.6972921561,0.02019310924,0.1238474697,0.1958785427,0.5318560402,0.54895974
208,1,1,1,1,1,0.5703418102,0.4506789996,0.6959200511,0.3488035736,0.7444891493,0.3557719833,0.3375774994,0.2823356201,0.7949718204,0.4373702542,0.8828727026,0.6990349964,0.02003847137,0.1246107307,0.1969518775,0.5338081773,0.5487202705
208.5,1,1,1,1,1,0.5694877681,0.450090611,0.6979520536,0.3494806766,0.7457955997,0.3514579318,0.335009553,0.2838906505,0.7962534366,0.4367800474,0.8821596768,0.6967066285,0.02023902245,0.1241222473,0.1972021262,0.5332328771,0.5483593932
209,1,1,1,1,1,0.5718223183,0.4499066885,0.6970688868,0.3513043457,0.74722768,0.3503607929,0.3334047369,0.2829789707,0.7944548162,0.4385025878,0.8821640976,0.6998708976,0.01985148155,0.1246735343,0.1978708243,0.5341951971,0.5467411496
209.5,1,1,1,1,1,0.5722475911,0.4480588481,0.6969211924,0.3517333009,0.7495418737,0.3498583782,0.3315022846,0.2814931637,0.7940106229,0.4395015358,0.881677755,0.7002047999,0.01992745541,0.124870551,0.1991590256,0.5322909245,0.5471420183
210,1,1,1,1,1,0.5723623722,0.4486387069,0.6966380538,0.3524854779,0.7488281915,0.3497753022,0.3301197455,0.2794060657,0.7923385437,0.4411297681,0.8816457042,0.7009207556,0.01974445756,0.1243900861,0.1960523032,0.5295254534,0.5450996097
210.5,1,1,1,1,1,0.5759358286,0.4451689987,0.6978880636,0.3541920862,0.7478887845,0.3518198039,0.3291048494,0.2796080479,0.7936980972,0.4414507683,0.8820770643,0.7017665153,0.01998094142,0.1247127552,0.1936494929,0.5325586322,0.5449874782
211,1,1,1,1,1,0.5772396044,0.446992231,0.6985813633,0.3536854296,0.7484847866,0.3503278217,0.3291737268,0.2792359999,0.7908559133,0.4394213841,0.882055932,0.7026123719,0.02021422288,0.1249420468,0.1938692098,0.5314983052,0.5444585844
211.5,1,1,1,1,1,0.5768526153,0.448458794,0.6990116607,0.3542081614,0.749167998,0.3488664554,0.3325183004,0.2802676691,0.791170476,0.4412324894,0.881365472,0.702197072,0.02029851463,0.1243996542,0.1931520365,0.5307653834,0.5443885161
212,1,1,1,1,1,0.5745556357,0.4487508604,0.7014204464,0.3575059622,0.7494684278,0.3525614216,0.3324794682,0.278554323,0.7916916563,0.4412527979,0.8807900161,0.7020138128,0.02009362011,0.1255664412,0.1945055761,0.5284770907,0.544913434
212.5,1,1,1,1,1,0.5746641748,0.4477532493,0.7016355495,0.3558952698,0.7506692398,0.3498472218,0.3307328422,0.2801415848,0.790063345,0.439667117,0.8819891192,0.7024703673,0.02002723711,0.1256433746,0.1935560797,0.5323287859,0.5453642273
213,1,1,1,1,1,0.5708648264,0.44864569,0.6983286903,0.3546587648,0.7503224231,0.352743944,0.3338078039,0.2797678021,0.7892796834,0.4396463565,0.8825067003,0.7044528424,0.02031809005,0.1258754115,0.1920049021,0.5330714484,0.5460769691
213.5,1,1,1,1,1,0.5704469321,0.4483653015,0.6970480015,0.3570503975,0.7509641742,0.353497108,0.3338838676,0.2781803979,0.7891676578,0.4388847686,0.8824805742,0.7046351313,0.0202969223,0.1257829212,0.1903627787,0.5332524898,0.5471670687
214,1,1,1,1,1,0.5725068863,0.4477145669,0.6973386834,0.354833635,0.7516885667,0.3501478235,0.3343458432,0.280757877,0.7920597358,0.4368693207,0.8821086306,0.70337772,0.02050056292,0.1263194139,0.1898931252,0.5334771797,0.546626091
214.5,1,1,1,1,1,0.5734485826,0.4475874261,0.6975133576,0.352699564,0.7510711626,0.3507882719,0.3319903969,0.2799866351,0.7911650643,0.4385691842,0.8817907712,0.7015427209,0.02039527498,0.1268819684,0.1910974845,0.5342158625,0.547670944
215,1,1,1,1,1,0.5715961559,0.4476560999,0.6986597796,0.3528796872,0.7526582857,0.3517225642,0.3339513318,0.2792933159,0.7894587787,0.4376621262,0.8824345783,0.7010877317,0.02020763526,0.1268123512,0.1915896925,0.536064385,0.5447436931
215.5,1,1,1,1,1,0.5711092976,0.4493167641,0.6977258455,0.3543503857,0.75395274,0.3510038499,0.3325841519,0.2804693148,0.7875055376,0.4397690516,0.881926941,0.701995497,0.02027420593,0.1264394165,0.192321814,0.5373191455,0.5433589091
216,1,1,1,1,1,0.5730314529,0.4484245811,0.6960570639,0.3546912744,0.7530763316,0.3528410716,0.3339035022,0.2791032431,0.7879870722,0.4410242348,0.8823255705,0.702678332,0.02027408988,0.1261629422,0.1909520808,0.5391211518,0.5445258556
216.5,1,1,1,1,1,0.5753028586,0.4489203739,0.6962356833,0.3526928997,0.7536049359,0.3510582215,0.3352294059,0.2781622282,0.7879892056,0.4427075119,0.8831787787,0.7016325685,0.02041920916,0.1258494513,0.1912018622,0.5388652735,0.5470620989
217,1,1,1,1,1,0.573230239,0.451906791,0.6946539693,0.3534498168,0.7524747902,0.3491090614,0.3357068928,0.2778027805,0.7893278011,0.4444765259,0.8840229379,0.7018547166,0.02048903544,0.1251372089,0.1918082187,0.5377170181,0.5468820265
217.5,1,1,1,1,1,0.5733462332,0.4521222877,0.6943087453,0.3571457458,0.7537991236,0.3483198752,0.3320784942,0.277416326,0.7905011105,0.4454860525,0.8831077685,0.7022153254,0.02048933978,0.1243273308,0.1903201676,0.537870631,0.5448084002
218,1,1,1,1,1,0.5753856572,0.4522950158,0.6953199094,0.3557983809,0.7542515089,0.3492189398,0.3317684555,0.2763871119,0.7924422991,0.4434007466,0.8823781056,0.7007703685,0.02063579409,0.1249051092,0.1899703895,0.5367143711,0.5472452073
218.5,1,1,1,1,1,0.574568535,0.452029065,0.6962101057,0.3550211654,0.7528530576,0.3503376279,0.3313046424,0.2771133209,0.7940119904,0.4406246349,0.8818501524,0.6991955891,0.02053866272,0.1251102521,0.1896889689,0.5375480464,0.5473356698
219,1,1,1,1,1,0.5743844799,0.4488697957,0.699056166,0.3520855969,0.7526497957,0.3518604957,0.331799816,0.2781420789,0.793697983,0.4435975206,0.8804937486,0.6981766095,0.02064446721,0.1248006456,0.1886332177,0.5375442671,0.5473142604
219.5,1,1,1,1,1,0.5725086166,0.4500196046,0.6985918266,0.3524923462,0.7535754453,0.3510060712,0.330843122,0.2772891964,0.7941085708,0.4452569054,0.8801198333,0.6997729852,0.02053235492,0.1253663474,0.187327649,0.5382746913,0.5473700407
220,1,1,1,1,1,0.5718882247,0.4496311266,0.6977350792,0.3541703778,0.7550135716,0.3516093799,0.331737915,0.2752239602,0.7927119561,0.4452341333,0.8810000196,0.6966773069,0.02083690414,0.1263448375,0.1866943703,0.537754956,0.5468335676
220.5,1,1,1,1,1,0.5726097699,0.4503248085,0.6983363743,0.3530671572,0.7535977588,0.3551131767,0.334658016,0.2755106685,0.7932846523,0.4458881951,0.8810646837,0.69618293,0.02052918925,0.1267199769,0.187077616,0.5368930414,0.5451665708
221,1,1,1,1,1,0.5751044667,0.4529652048,0.6979455331,0.3530266207,0.7531446397,0.3526793782,0.3370887651,0.273874127,0.7932061466,0.4456116782,0.8801882519,0.6961013216,0.02048554648,0.1264994605,0.1876151439,0.5366376503,0.544750518
221.5,1,1,1,1,1,0.5774098128,0.450981415,0.6962570577,0.3535868737,0.7530590706,0.3509391955,0.3394535133,0.2760998657,0.791866022,0.4429623212,0.8792371977,0.6940996659,0.02036462011,0.1265071424,0.1867983009,0.5366607725,0.5440139333
222,1,1,1,1,1,0.5753793129,0.4490467714,0.6955284359,0.3521338033,0.7523688815,0.3521839433,0.3410665424,0.2775769488,0.791108972,0.4406296698,0.879763027,0.6947287009,0.02043027873,0.1266812761,0.1876775649,0.5348025225,0.5414521994
222.5,1,1,1,1,1,0.5736299699,0.4481793595,0.6966098281,0.3502113979,0.7503064218,0.3526974811,0.338930503,0.2773501073,0.7906301929,0.4407779362,0.8788071038,0.6952218958,0.0200999181,0.1264726062,0.1877392418,0.5377501103,0.5412422507
223,1,1,1,1,1,0.5715331435,0.4495462356,0.6989868393,0.3502761463,0.7500203868,0.3498609501,0.339582824,0.276981073,0.7910680652,0.4413692574,0.8795579475,0.696330284,0.0200846699,0.1258160932,0.1873167652,0.5385289437,0.5429072826
223.5,1,1,1,1,1,0.5708344446,0.4498200082,0.695588185,0.3498011353,0.751802487,0.3502092627,0.3373026916,0.2816277417,0.7915732069,0.441508474,0.8792966669,0.6965116698,0.020172415,0.1264174172,0.1889889886,0.5379542534,0.5414441797
224,1,1,1,1,1,0.5710950157,0.4490783415,0.6974414409,0.349706609,0.7539449424,0.3495535929,0.3373917659,0.2831282738,0.7918026534,0.4408255534,0.8785920807,0.6960460321,0.0200801194,0.1257875592,0.1893012412,0.5372847159,0.5416944719
224.5,1,1,1,1,1,0.5710086688,0.449241745,0.6981927639,0.3494062048,0.7538438179,0.3467821139,0.3383041969,0.2851602538,0.7922347537,0.442156647,0.8779790616,0.6979521335,0.02031652118,0.124781134,0.1902029174,0.5335125094,0.5418690418
225,1,1,1,1,1,0.5745491456,0.4490417702,0.696716832,0.3534973387,0.7547891673,0.3474446993,0.3372753271,0.2855860248,0.7927249074,0.4423021786,0.8787723728,0.6978376731,0.020211558,0.1236022069,0.1892070351,0.5315684414,0.5420149039
225.5,1,1,1,1,1,0.5705201438,0.4514262705,0.6960028186,0.3522506258,0.7530324434,0.3487601721,0.3363143876,0.2833875102,0.7937122296,0.4430374234,0.8790296499,0.7002007616,0.02043571704,0.1223440754,0.1891596501,0.5336833192,0.5436607533
226,1,1,1,1,1,0.5727787545,0.4528976684,0.6955427551,0.3530523503,0.7557570734,0.3479488459,0.334445756,0.2846218771,0.7936268606,0.4435573555,0.8796503649,0.7008251454,0.02040210323,0.123137965,0.1884459527,0.5332170848,0.54740077
226.5,1,1,1,1,1,0.5708394435,0.4499949842,0.6959089362,0.3557972039,0.7543057411,0.3511913472,0.3322614621,0.2840560625,0.7937125475,0.4440213703,0.8783416348,0.698972839,0.02035940828,0.123304626,0.1873301539,0.5332848795,0.5482999995
227,1,1,1,1,1,0.5743413464,0.4488367002,0.6918561813,0.356663672,0.7527283691,0.3501294346,0.3345476292,0.2814231378,0.7919250009,0.4428719407,0.8784353152,0.7009040515,0.02018471471,0.1234313947,0.1871055072,0.5339219074,0.5464555199
227.5,1,1,1,1,1,0.5761088734,0.4489105272,0.6934526676,0.356372783,0.7549336457,0.349106883,0.3334116838,0.2831509434,0.7917259888,0.4390609646,0.8777166762,0.700711948,0.02006715837,0.122835788,0.1871350054,0.5317935862,0.5486299019
228,1,1,1,1,1,0.5751709436,0.4496203956,0.6944877854,0.3576394756,0.752087509,0.3509013986,0.3335253049,0.2805406415,0.7925110528,0.4387379285,0.8781251812,0.6996546603,0.01999497405,0.1225287152,0.187456622,0.5320986462,0.5476028065
228.5,1,1,1,1,1,0.5775447255,0.4471846192,0.6934729187,0.3581871997,0.7511531558,0.352226216,0.3327781843,0.2782447895,0.7940272251,0.4392649659,0.8773898285,0.6992015552,0.02026561599,0.1221018387,0.1890959153,0.5309411766,0.5459362408
229,1,1,1,1,1,0.5781635043,0.4502102514,0.6922056303,0.3562307536,0.7536737221,0.3527722801,0.3313622136,0.2767326675,0.7946550083,0.4363867083,0.8779762559,0.6993787623,0.02036747443,0.1218677013,0.187945493,0.5304296631,0.5485524225
229.5,1,1,1,1,1,0.5769118387,0.4528191424,0.6943229989,0.3573223348,0.753045847,0.3540226336,0.3302230895,0.278580382,0.7949960946,0.4365755605,0.8776398692,0.698583844,0.02064375211,0.1222962806,0.1869765623,0.5270265031,0.5493674852
230,1,1,1,1,1,0.5784970194,0.451668347,0.6965983692,0.3574389597,0.7557342604,0.352999055,0.3288886035,0.2770867073,0.7945293343,0.4384845568,0.8774810591,0.6993204161,0.02039566642,0.1222286581,0.1879785397,0.5295163509,0.5464758669
230.5,1,1,1,1,1,0.5791963202,0.4506990673,0.6967326507,0.3598977409,0.7543625362,0.3540863364,0.3290400428,0.2775698207,0.7941057918,0.4406581294,0.878542274,0.7000836672,0.02066393811,0.1227291001,0.1886419981,0.5315362446,0.5484491389
231,1,1,1,1,1,0.5777349463,0.4510389887,0.6974453077,0.3568041417,0.7548316051,0.3557338031,0.3311462431,0.2776331914,0.794131973,0.4411416987,0.8783297056,0.7003283905,0.02065230525,0.1229718727,0.1895945784,0.5335476121,0.5476221536
231.5,1,1,1,1,1,0.5755605944,0.4502883836,0.6995255345,0.3544170116,0.7553444232,0.3576373851,0.3337106162,0.2784521892,0.7951528203,0.4388522399,0.8789561362,0.6990531453,0.02076770133,0.1237759333,0.189034999,0.5351988993,0.5472608181
232,1,1,1,1,1,0.5778522775,0.4502330773,0.6967392803,0.3545650416,0.7538076977,0.3581416311,0.3323740551,0.2801655831,0.7923127577,0.4387504615,0.8784152715,0.6982564498,0.0207172263,0.1229093158,0.1887962555,0.5349594291,0.5448631221
232.5,1,1,1,1,1,0.5776223231,0.4516367598,0.6968406567,0.3545039164,0.7548937126,0.3578849067,0.3334068341,0.2805337304,0.7930723075,0.4360092605,0.8774042306,0.6978503297,0.0203897846,0.1229374914,0.1864381621,0.5378249881,0.5431002531
233,1,1,1,1,1,0.5768344615,0.4540308339,0.6949263551,0.3539071576,0.7543345335,0.3536230934,0.3334815993,0.2808947916,0.7933827241,0.43776002,0.8777441511,0.6998294266,0.02049035577,0.1230174154,0.1845972445,0.539347841,0.5424176005
233.5,1,1,1,1,1,0.5775239313,0.4543462242,0.696499072,0.3538649429,0.753335913,0.3540652183,0.3345686122,0.2820970808,0.7909360761,0.4369983347,0.8787001895,0.6968370595,0.02044962447,0.1241534208,0.1862734614,0.5372059448,0.5400537812
234,1,1,1,1,1,0.5763486953,0.4519174857,0.6962589076,0.3517033493,0.7521054572,0.352464809,0.3353365796,0.2826262013,0.7892092262,0.4374313255,0.8774142906,0.6975704128,0.02054066812,0.1246014594,0.187557444,0.540123235,0.5393387657
234.5,1,1,1,1,1,0.5780183945,0.4493556659,0.6962942121,0.3519584029,0.7508460004,0.3525116238,0.3349325947,0.2812490356,0.7885258988,0.4403056027,0.8769376686,0.6974097089,0.02044979757,0.12336734,0.187190724,0.5374497275,0.5374295607
235,1,1,1,1,1,0.5759523828,0.4488918024,0.6940329347,0.3510080478,0.7522702095,0.3548743969,0.3355379004,0.2801913537,0.7896341392,0.4387825252,0.8769962019,0.6961757761,0.02034221096,0.1238480238,0.187346193,0.5376053859,0.5355966966
235.5,1,1,1,1,1,0.5748615374,0.4480719827,0.6962685328,0.3517910669,0.7525115188,0.3525707073,0.338447253,0.2803120071,0.7898443878,0.4381379613,0.8769063779,0.6964190984,0.02029788482,0.1246356835,0.1864399647,0.5374758297,0.5357295586
236,1,1,1,1,1,0.5750907106,0.450887225,0.6972065738,0.3508558763,0.7516146609,0.3530213999,0.3369010254,0.2796714975,0.7893964193,0.440063443,0.8763794754,0.696746043,0.02029323191,0.1246518824,0.1854958968,0.5363163618,0.5363637672
236.5,1,1,1,1,1,0.573891783,0.448716873,0.696397823,0.3520909992,0.751628622,0.3527475215,0.3378503127,0.278825575,0.7904216891,0.439200713,0.8770298645,0.6964758803,0.02039143901,0.1242061056,0.1868813473,0.5371399777,0.5409860785
237,1,1,1,1,1,0.5744491272,0.4492356917,0.6937753856,0.3546123504,0.7519878842,0.3498902401,0.3371809799,0.2783116172,0.7905913018,0.4371558371,0.8751977496,0.696347907,0.02042064795,0.1235833482,0.1877225694,0.536664519,0.5421159708
237.5,1,1,1,1,1,0.5715912311,0.4496598677,0.6939750032,0.3530993482,0.751508873,0.3494614325,0.3405153001,0.2788588519,0.7920134452,0.4381578943,0.8758907458,0.696851465,0.02038713232,0.124314833,0.1892179184,0.5374716982,0.542461728
238,1,1,1,1,1,0.5733653512,0.4488626547,0.6936414164,0.352624605,0.7502105766,0.3473956859,0.3378861621,0.2803348395,0.7916052244,0.4368154346,0.8758657353,0.6954843435,0.02017476667,0.1246916861,0.1893572932,0.5380772375,0.5439516468
238.5,1,1,1,1,1,0.5743218837,0.4481886131,0.6945252904,0.3515090807,0.7477014666,0.3487220731,0.337282766,0.2808575915,0.7918590067,0.4370022558,0.8763207423,0.6963418684,0.02024070743,0.1245284387,0.1898678535,0.5406025352,0.5439922563
239,1,1,1,1,1,0.5744740061,0.4484650641,0.694292729,0.3510114719,0.7467831259,0.3485851312,0.3350150554,0.2790230462,0.790722537,0.4372428406,0.8771471751,0.6965319355,0.02034205637,0.1239896046,0.1877247091,0.5399386557,0.5435186035
239.5,1,1,1,1,1,0.5728124819,0.4501382534,0.6943679318,0.3507258718,0.7501249197,0.3484311167,0.3330268248,0.2801826648,0.7906105672,0.4370194758,0.8780862347,0.697546921,0.02052243432,0.1244292237,0.1880433993,0.5395473596,0.5428791749
240,1,1,1,1,1,0.5701051544,0.4480599732,0.695381318,0.3517739635,0.7514018548,0.3486501823,0.3297209547,0.2793303605,0.7899581145,0.4371841161,0.8784680575,0.6978327065,0.02030825148,0.1249865981,0.1884210514,0.5390062099,0.5420173377
240.5,1,1,1,1,1,0.5726019172,0.4493376224,0.6937543564,0.3526977964,0.7502110183,0.3484480166,0.328313658,0.2763156199,0.7909509245,0.4388443722,0.8776968457,0.6983936214,0.02026906333,0.1249088583,0.1892859517,0.5383580909,0.5387878203
241,1,1,1,1,1,0.5714476023,0.451564333,0.6948338979,0.3511183334,0.7521465965,0.3458155281,0.3298229082,0.2760022261,0.7905445943,0.4380029611,0.8782203646,0.6971969943,0.0203185421,0.1254297724,0.1898030491,0.537958181,0.5389035412
241.5,1,1,1,1,1,0.5721579936,0.4460766546,0.6937061568,0.3513886258,0.7502018516,0.3461052637,0.3295134782,0.2757668674,0.7912968126,0.440727181,0.8783888497,0.6975976913,0.02047121884,0.125638428,0.1908143892,0.5366807932,0.5397906834
242,1,1,1,1,1,0.570486073,0.4472043041,0.6949189863,0.3512332169,0.749682877,0.3466252698,0.3324720168,0.2757197226,0.7930399131,0.4407206995,0.8782868547,0.6974984589,0.02060148681,0.1256165673,0.1904486178,0.5349665143,0.5368647543
242.5,1,1,1,1,1,0.5723025617,0.4495951721,0.6969714627,0.3509716457,0.7496141976,0.3482432265,0.3321301312,0.2777095744,0.7938760999,0.4437554873,0.8783225287,0.6970606474,0.02064160345,0.1255441759,0.1911144569,0.5345893721,0.5367778551
243,1,1,1,1,1,0.5722874196,0.4486788334,0.6988716911,0.3513623819,0.7503882406,0.3473816301,0.3351369001,0.2782352041,0.7916353151,0.4448852346,0.8782351741,0.695663846,0.02080678307,0.1260220877,0.1907345635,0.5314540575,0.5375883755
243.5,1,1,1,1,1,0.5710968833,0.4513706147,0.6986440292,0.352245964,0.7489926376,0.3485640458,0.33356673,0.2778018866,0.7917959719,0.4456916751,0.8775113233,0.6957421855,0.0205490689,0.1256884879,0.1928688954,0.5322302166,0.5399189145
244,1,1,1,1,1,0.57015938,0.4500260218,0.698520825,0.353594939,0.7481911721,0.3477276741,0.3355530043,0.2787074769,0.7926570917,0.4422821688,0.8770743485,0.6964723043,0.02056472153,0.124895517,0.1917774797,0.5295061647,0.5421361414
244.5,1,1,1,1,1,0.5698047856,0.4503642742,0.6974421736,0.3512363605,0.7493529273,0.3474436587,0.3336553344,0.2809770009,0.7940911775,0.4417073363,0.8773760514,0.6972898408,0.02070945089,0.1248480499,0.1906369972,0.5309262181,0.539821461
245,1,1,1,1,1,0.570440142,0.4486935847,0.6968656591,0.3509804554,0.7496594477,0.3457262731,0.3310346053,0.2805262903,0.7946252258,0.4412304388,0.878915337,0.6951409533,0.02062498051,0.1246087263,0.1909621364,0.5251372707,0.5428469126
245.5,1,1,1,1,1,0.5714146439,0.450931909,0.6967058006,0.3502952201,0.7502586932,0.3441253056,0.3306151378,0.2813675195,0.7953623384,0.4400793522,0.8782838696,0.6928657195,0.02063389933,0.1241134281,0.1905120108,0.5258020596,0.5460483003
246,1,1,1,1,1,0.5727392884,0.4506319827,0.6969364778,0.3530726727,0.7505502532,0.3455266811,0.3309944218,0.2803728759,0.7944408436,0.4393648257,0.8781339562,0.6936756633,0.02057767823,0.1237507619,0.1899784718,0.5254069653,0.5442962529
246.5,1,1,1,1,1,0.5750535334,0.4509944468,0.6951583199,0.3553950474,0.7515405104,0.3480540594,0.3293566529,0.2784239416,0.7953342968,0.4414650885,0.8787507353,0.6946505424,0.02027364519,0.1238075001,0.1910317977,0.5269276496,0.5447402719
247,1,1,1,1,1,0.5738476937,0.450884504,0.6953857978,0.3543893659,0.7511188483,0.3492461414,0.3331285667,0.2790579784,0.7964956999,0.437388565,0.8788883962,0.6951752631,0.02028246509,0.1237136428,0.1900027241,0.5278235814,0.5472110507
247.5,1,1,1,1,1,0.5732373878,0.4480352199,0.6979483693,0.3544045047,0.7508110815,0.3510438714,0.3328761178,0.2795795642,0.7954970266,0.4376307604,0.8780625438,0.6962302658,0.02020074596,0.1235919445,0.1923887099,0.5283175036,0.5484030502
248,1,1,1,1,1,0.5743525968,0.4489884041,0.6969954549,0.3541381808,0.7506162744,0.3526793889,0.3334610937,0.2804937933,0.7942757744,0.4368965062,0.8777171127,0.6970898472,0.02034210086,0.1239875497,0.1910407782,0.5261602841,0.5500964531
248.5,1,1,1,1,1,0.5735334167,0.4446855098,0.6967791408,0.3545753026,0.750253431,0.3540495623,0.3344088242,0.2784902481,0.7939301087,0.4364424165,0.8779908317,0.6993205262,0.02028425274,0.1235400383,0.1905987275,0.526910709,0.5513971766
249,1,1,1,1,1,0.5718652032,0.445351107,0.6961254466,0.3515227834,0.7504736978,0.3537750696,0.3324882342,0.2788085891,0.7933561198,0.4362308523,0.8779795202,0.6980147091,0.02025941403,0.1243152879,0.1904452048,0.5257098364,0.5521089083
249.5,1,1,1,1,1,0.5733452666,0.4453724467,0.6948758869,0.3511967187,0.7494315382,0.3538168759,0.3320312385,0.2768086693,0.7933867515,0.4360029203,0.8768630455,0.6967322704,0.02023387642,0.1230123398,0.1905377303,0.5242664351,0.5528429211
250,1,1,1,1,1,0.5757855096,0.4477328811,0.6965168664,0.352102511,0.7480933682,0.352966479,0.3308101665,0.2768990496,0.792891804,0.4384679312,0.8773268741,0.6990495514,0.02026074649,0.122460233,0.1904267444,0.5231892872,0.5517866889
250.5,1,1,1,1,1,0.5753494052,0.4473749907,0.6956465935,0.3528552824,0.7482843587,0.3537867798,0.3287189351,0.2783969412,0.791927621,0.4388506986,0.8771315482,0.6984664729,0.0203629784,0.1222647523,0.189835125,0.5224741529,0.5502472444
251,1,1,1,1,1,0.5758110187,0.4486475919,0.6957847379,0.3550922569,0.7487869615,0.3526774215,0.3276896484,0.2776450981,0.7925118262,0.436612653,0.8771670207,0.7001735361,0.02030266608,0.1237008067,0.1912348965,0.5232112386,0.5505360467
251.5,1,1,1,1,1,0.5755683084,0.4494487195,0.6959278771,0.3569847705,0.7495009229,0.3515487571,0.3304864951,0.2755690549,0.7925740193,0.4365466591,0.8765175596,0.7041840548,0.02012990681,0.1244187604,0.1897011828,0.5208992243,0.5510212806
252,1,1,1,1,1,0.5755899692,0.4507699725,0.696524666,0.3589207983,0.7499616418,0.3514609906,0.3341610313,0.277928331,0.7929128846,0.4353683615,0.8764169298,0.7030552662,0.0202887347,0.1240933834,0.1900381679,0.5238152629,0.549377886
252.5,1,1,1,1,1,0.5737778233,0.4482267212,0.6964144789,0.3576070673,0.7495339887,0.3527073392,0.3360104421,0.2795731487,0.7938490278,0.4366209977,0.8767836611,0.7020395593,0.0202882348,0.1242574909,0.1890656647,0.5229524574,0.5493927701
253,1,1,1,1,1,0.5741920254,0.4484866104,0.6970838204,0.3528459181,0.7513684555,0.3518319798,0.3377113525,0.2824589462,0.7947121026,0.4351445507,0.8771642735,0.7022841652,0.02024870666,0.1246149995,0.1904411501,0.5231319477,0.5476670416
253.5,1,1,1,1,1,0.5762462712,0.4474912121,0.69636696,0.3535559557,0.7513282183,0.3519716228,0.3381200757,0.2828648488,0.7955053611,0.4369203994,0.876277795,0.7016178862,0.02033566814,0.1246960496,0.1895560421,0.5196762197,0.5485531577
254,1,1,1,1,1,0.5740798444,0.4488034087,0.6968940969,0.3548273708,0.7515143634,0.3526419377,0.3388237529,0.2821830356,0.7954178542,0.4386249583,0.8764048006,0.701770658,0.02044947783,0.1244482385,0.1899569743,0.5185440834,0.5499288557
254.5,1,1,1,1,1,0.5733112007,0.449955255,0.6974005043,0.3571292171,0.7525269095,0.3520142394,0.3368374567,0.2810168219,0.7947910996,0.4381788098,0.8756970075,0.6998022671,0.02039104347,0.124219901,0.1903527171,0.5197142387,0.5520479929
255,1,1,1,1,1,0.5719607706,0.4498238999,0.6975212585,0.3565064502,0.7532012725,0.3577629495,0.3392141681,0.2822566206,0.7943631087,0.4366262666,0.876912728,0.7031503904,0.02039097884,0.1249328919,0.1887429443,0.5187444266,0.5525808047
255.5,1,1,1,1,1,0.5725238607,0.447705397,0.6988029398,0.3544156529,0.7545171563,0.3572767476,0.3414496447,0.2835612261,0.7960687486,0.4388501534,0.8773346669,0.7062062349,0.02040023497,0.1236033422,0.1892764308,0.5174470615,0.5538223671
256,1,1,1,1,1,0.5761245983,0.4459338422,0.6995974575,0.3531950558,0.7549834536,0.3573655562,0.3396077707,0.2841102813,0.7963902318,0.4411356117,0.8774322697,0.7030831441,0.02016853896,0.1241448238,0.1905629512,0.5162943662,0.554867529
256.5,1,1,1,1,1,0.5742589763,0.4466437379,0.6965112211,0.354273074,0.7545088175,0.3551203201,0.3371577311,0.2850054717,0.796030729,0.4407043829,0.8784012158,0.7011327955,0.020217856,0.1243101246,0.190883748,0.5167311894,0.5536302714
257,1,1,1,1,1,0.5737507577,0.4495740812,0.6961076859,0.3540357256,0.7541628677,0.3546224875,0.3367775246,0.2857015945,0.7948358563,0.4403227665,0.8772429225,0.6979517662,0.0202619651,0.1236306493,0.1918166206,0.5170262354,0.5535021101
257.5,1,1,1,1,1,0.5729756495,0.450161829,0.694663121,0.3553474649,0.752766398,0.3527983118,0.3336384682,0.2850410126,0.7943492846,0.4431937137,0.8773408436,0.6968369062,0.02023910916,0.1243590566,0.1924779315,0.5183692494,0.5506376537
258,1,1,1,1,1,0.5737359569,0.4509938956,0.6949262356,0.3552864721,0.7524398167,0.3512035298,0.3321941636,0.2817740829,0.793938297,0.4415323975,0.8779993338,0.6964608246,0.02038908976,0.125057197,0.1899417151,0.5182644657,0.5522077869
258.5,1,1,1,1,1,0.5744931096,0.4501168632,0.6952300138,0.3570731303,0.7538258811,0.3533173172,0.3332083987,0.2800677899,0.7941665185,0.4429442977,0.8773109232,0.6971771177,0.02035068992,0.1263078708,0.1907890632,0.5197511121,0.549190919
259,1,1,1,1,1,0.5703221352,0.4502503766,0.6944849463,0.354140306,0.7525263624,0.3543959517,0.3333746025,0.277229427,0.7949985039,0.441622574,0.8778803826,0.6942161923,0.02030085353,0.1266697274,0.1887113421,0.5199724297,0.5496424553
259.5,1,1,1,1,1,0.5699372349,0.452464853,0.6945219056,0.3556094155,0.7530342611,0.3518611986,0.330939107,0.2785041264,0.794649198,0.4440563131,0.8769172466,0.696269276,0.02026165351,0.1271571082,0.1887060833,0.520032423,0.5489263758
260,1,1,1,1,1,0.5684674173,0.4533217689,0.6941934434,0.353915915,0.7525136011,0.3535957879,0.3323793001,0.2805518169,0.7934909723,0.4458557674,0.8764084378,0.6966949395,0.02042204341,0.1272835328,0.1883827421,0.5195930225,0.552649854
260.5,1,1,1,1,1,0.5662852506,0.4482782421,0.6958145476,0.3523312022,0.7549346322,0.354156626,0.3307455355,0.2780857805,0.7951320551,0.4443845319,0.8759088519,0.6965927685,0.02015657405,0.1274241446,0.1879004258,0.5174893834,0.5528944491
261,1,1,1,1,1,0.568360146,0.4510305702,0.6934826863,0.3533931806,0.754570171,0.3527565426,0.3327736838,0.2794680986,0.7978035135,0.4440200484,0.8764602163,0.6997234623,0.02025857893,0.1271612961,0.1895967245,0.5188447477,0.5528658872
261.5,1,1,1,1,1,0.569782895,0.4486631801,0.6919975268,0.3526813553,0.7545541269,0.3527017569,0.3334922265,0.2797866045,0.7969135608,0.444411911,0.8762429874,0.6980734162,0.02018882943,0.1264069414,0.1897821952,0.5215810405,0.5522147744
262,1,1,1,1,1,0.5714630617,0.4483981871,0.6945341754,0.3515808131,0.755293492,0.3523923913,0.3331034763,0.280337341,0.7947483359,0.4422022634,0.8768277132,0.6991221739,0.020363741,0.1264064701,0.1892362448,0.5186762733,0.5525900917
262.5,1,1,1,1,1,0.5730038358,0.4463960243,0.6934500609,0.3551233669,0.7537886429,0.3521816544,0.3358232326,0.2820554765,0.7949683093,0.4414078488,0.8781960588,0.6974924482,0.02036797895,0.1257741626,0.1907723568,0.5220978746,0.5543102613
263,1,1,1,1,1,0.5712266783,0.4485864484,0.6940265288,0.3548183604,0.7518785151,0.3502946085,0.3346025301,0.2829179401,0.7929309543,0.4432293769,0.8772280036,0.6977032351,0.02032909566,0.125711463,0.1913198921,0.5218686877,0.5510353827
263.5,1,1,1,1,1,0.5688937014,0.4490171113,0.6962136195,0.3552628191,0.7508032862,0.3537188819,0.3346322835,0.2828100293,0.794056638,0.4430908802,0.8777536788,0.697049847,0.020552,0.1256445111,0.1928241579,0.5197074671,0.5488378066
264,1,1,1,1,1,0.57016475,0.4500656546,0.6953111175,0.3528297373,0.7511001421,0.3541748938,0.3361198876,0.2805531619,0.7935919826,0.4439765937,0.8790476196,0.6948883503,0.02062492667,0.1255874337,0.1945551221,0.5238863956,0.5468460197
264.5,1,1,1,1,1,0.5716419895,0.4493548455,0.6958764763,0.3527856944,0.7506569241,0.3559882218,0.336223789,0.2808257541,0.7938081141,0.4423540497,0.8800149533,0.6960257452,0.02060205441,0.124403137,0.1942310697,0.5241812987,0.5475703298
265,1,1,1,1,1,0.5704342304,0.4497921154,0.6969328405,0.3522494195,0.7498891883,0.3540606323,0.3360102881,0.2812873703,0.795600947,0.4402971983,0.8796967015,0.6970721711,0.02037817418,0.1244906662,0.1952143279,0.5221516172,0.5495493262
265.5,1,1,1,1,1,0.5708547362,0.4503692786,0.6956969847,0.3539237946,0.7489713145,0.3534877377,0.3324866404,0.2792539856,0.7946187105,0.4406093904,0.8803072989,0.6951570014,0.02025866223,0.1246663342,0.1947096098,0.5232547876,0.5487536071
266,1,1,1,1,1,0.5731891603,0.449363225,0.6937869075,0.3512737,0.749617133,0.3516552093,0.3369551097,0.2816318894,0.7954126728,0.4405767044,0.8811284146,0.6960593862,0.02027803392,0.1251054356,0.1966618092,0.5250047322,0.5483480107
266.5,1,1,1,1,1,0.5747223145,0.4483797617,0.6936130641,0.3530867373,0.7508158806,0.3510324783,0.3371573023,0.2812270165,0.7970763433,0.4414512115,0.8815552847,0.6954707164,0.02029278896,0.1258519344,0.1969623765,0.5255583231,0.5479980608
267,1,1,1,1,1,0.5758414521,0.4505727691,0.6934152399,0.3547691797,0.7506507922,0.3532933247,0.3367546736,0.282341195,0.7969098966,0.4426731621,0.8812449409,0.6958490689,0.02046838651,0.1256613048,0.1970980781,0.5275035228,0.5483626034
267.5,1,1,1,1,1,0.57762296,0.4501438561,0.6935588249,0.3557435049,0.7500105708,0.3504055159,0.3369354297,0.2821166737,0.7985974556,0.4422954498,0.8821569551,0.6975126605,0.0203021792,0.1254778566,0.1957130993,0.5287537953,0.5486398719
268,1,1,1,1,1,0.5769764016,0.4490699399,0.6937015065,0.3519077081,0.7503072686,0.3495797478,0.3363897256,0.2848543804,0.7992016889,0.4431519353,0.8814807424,0.6986671343,0.02042515954,0.1256590242,0.193132861,0.5306468561,0.5470786322
268.5,1,1,1,1,1,0.5774534463,0.4474935645,0.6950289598,0.3526091206,0.7503569602,0.3489989584,0.3360700222,0.2842975428,0.8000177199,0.4455240078,0.8821471443,0.6993574344,0.02044232524,0.1254028377,0.1929231842,0.534935573,0.5459384158
269,1,1,1,1,1,0.5799766787,0.4483243746,0.6933639785,0.3522347899,0.7505640501,0.3493211089,0.3347090118,0.2829120389,0.8014687074,0.4447117157,0.8821779981,0.7009406432,0.02036007342,0.12574328,0.1917857766,0.5364172855,0.5470370292
269.5,1,1,1,1,1,0.5762884106,0.4484454422,0.6952683605,0.3546549051,0.749986782,0.3514160362,0.3359002368,0.2854680262,0.8012955954,0.445140846,0.8819953024,0.6990544472,0.02037147076,0.126753088,0.1914667575,0.5348641721,0.5465395688
270,1,1,1,1,1,0.5778279976,0.4496720001,0.6958324517,0.353447063,0.7519918984,0.3520648637,0.3367924531,0.28538705,0.7977646263,0.4440154402,0.881806749,0.6970650585,0.02034564301,0.1266875431,0.1922947331,0.5361511162,0.5443032531
270.5,1,1,1,1,1,0.5776676747,0.4520040751,0.6954882307,0.356448361,0.7531482179,0.3497982205,0.3347806529,0.2836926519,0.7989487423,0.4452950005,0.8804979743,0.6976342526,0.02004802091,0.1251777547,0.1923741079,0.5373259436,0.5469286239
271,1,1,1,1,1,0.5792900719,0.4487029108,0.6955017282,0.3554678564,0.7520854454,0.348728392,0.3349282389,0.2845592339,0.7992073749,0.4438598182,0.8801468018,0.7019204194,0.02018811371,0.1251216659,0.191912956,0.5379150899,0.5476457658
271.5,1,1,1,1,1,0.5749096221,0.4504332583,0.6945523637,0.3561293211,0.7510602293,0.347227164,0.3369839469,0.2853960199,0.8003505132,0.4461783901,0.8812819757,0.7032025999,0.02002441759,0.1248618662,0.1920161216,0.5353603425,0.5477732893
272,1,1,1,1,1,0.5772490135,0.4482216861,0.6976772279,0.3549382311,0.7507302049,0.3476129639,0.3366610354,0.285097447,0.8000476217,0.4463567615,0.8817038072,0.6998892327,0.02014604638,0.1259233265,0.1931739543,0.5367430424,0.5473597016
272.5,1,1,1,1,1,0.5754191565,0.4517669917,0.698626921,0.3542985829,0.7516012625,0.3486527487,0.3349225751,0.2833563038,0.7993806357,0.4448388902,0.8816893376,0.6979698606,0.02014287498,0.124974769,0.1935101348,0.5346446407,0.5500570503
273,1,1,1,1,1,0.5762463744,0.4522924379,0.6984486971,0.3547134016,0.7504335823,0.3512823215,0.3335050257,0.2833547436,0.7994195573,0.4452194437,0.8824928015,0.6974899738,0.02013502026,0.125749644,0.1930022735,0.5342133728,0.5474202258
273.5,1,1,1,1,1,0.5774330954,0.4504560626,0.6977669092,0.3544660837,0.7499498824,0.3524927005,0.3307821439,0.282008784,0.7986618111,0.444368584,0.8819119451,0.6962786215,0.02023166837,0.1263403041,0.193492873,0.5324533822,0.5473302544
274,1,1,1,1,1,0.5775866335,0.4520291104,0.6967919222,0.3532396176,0.7498810001,0.3519728198,0.3330401158,0.2788243551,0.7981866999,0.4441351005,0.8816924006,0.6975536571,0.0204063922,0.1261391718,0.1928446266,0.5345084462,0.5483423396
274.5,1,1,1,1,1,0.5804700532,0.4519449627,0.6964671637,0.3516154797,0.7512148336,0.3494871802,0.3343928119,0.2785229053,0.7973491437,0.445281127,0.8810644804,0.6977948954,0.02035206443,0.1272615495,0.1925687655,0.5308175792,0.5474373889
275,1,1,1,1,1,0.5790511862,0.4505601377,0.6963199841,0.3519932002,0.7511932351,0.3519012991,0.3311080022,0.2805322035,0.7986946161,0.4458236985,0.8801899212,0.6961704358,0.02041606626,0.1285457639,0.1932232466,0.5292775822,0.5479921669
275.5,1,1,1,1,1,0.5788917431,0.4523094874,0.6962718667,0.3541195527,0.7527999222,0.3534502244,0.3321427121,0.2795240267,0.7995221545,0.4430608666,0.8800607513,0.6942998373,0.02044440525,0.1279531878,0.1931669877,0.5310346393,0.5493633734
276,1,1,1,1,1,0.5781797359,0.4509149784,0.6935527035,0.3572992001,0.7533970574,0.3520713448,0.3343303335,0.2786101893,0.7990602263,0.4427717872,0.8807973715,0.6953803801,0.02046893188,0.1276459978,0.1933020738,0.5306720356,0.5496934804
276.5,1,1,1,1,1,0.5787843545,0.4513350081,0.6953056462,0.3582840289,0.7526340213,0.3517894453,0.3329593964,0.2765024422,0.7986976877,0.4415662642,0.8801525025,0.6950334608,0.02050918999,0.1277678608,0.1935116054,0.5331729354,0.550080564
277,1,1,1,1,1,0.577412603,0.4519416222,0.695268503,0.3593213295,0.752089078,0.3538705205,0.3312657578,0.2754738409,0.7972811879,0.4400919703,0.8792758106,0.6952553293,0.02038578881,0.1278388369,0.1927210074,0.5320521166,0.552561355
277.5,1,1,1,1,1,0.5797975898,0.451573685,0.6961607969,0.3567566684,0.7515148147,0.3555673215,0.3301811808,0.2771554117,0.7947756936,0.438750945,0.8790402266,0.6951862909,0.02050765589,0.1284914261,0.1925447166,0.5343172019,0.5512502117
278,1,1,1,1,1,0.5801625669,0.4478143383,0.6950697096,0.356139341,0.7532486597,0.3542720178,0.3324558941,0.2769208227,0.7931648446,0.4398580618,0.8785899421,0.6972506793,0.02060327985,0.1286189843,0.1911637943,0.5365706176,0.5546582769
278.5,1,1,1,1,1,0.5779543287,0.448821567,0.6948830531,0.3565227755,0.7517570857,0.3527867755,0.3314461074,0.2767539371,0.7948675528,0.4405686026,0.8785644424,0.6977108211,0.02047395499,0.1276524492,0.1923246625,0.5361252583,0.5553372453
279,1,1,1,1,1,0.5786935048,0.4479035716,0.6944062156,0.3560979363,0.7508109573,0.3528703038,0.3329661344,0.2761677998,0.7934385052,0.4408835446,0.8770247235,0.6962769349,0.0201629327,0.1264309269,0.1922791866,0.5369521413,0.557718303
279.5,1,1,1,1,1,0.5776955637,0.4491596194,0.6945974823,0.3554539598,0.7508498366,0.3539346779,0.3350532375,0.2766124495,0.7933861769,0.440723192,0.8775731475,0.6967854891,0.02007864419,0.1258323177,0.1962515301,0.5366508883,0.55576456
280,1,1,1,1,1,0.5752059346,0.4496505624,0.6967854478,0.3568135725,0.751935051,0.351065103,0.3343359185,0.2766853328,0.7939052247,0.4421161608,0.8780319759,0.6976138691,0.02021368294,0.1251457852,0.1967903359,0.5372102469,0.554366203
280.5,1,1,1,1,1,0.5763382929,0.4500899707,0.6983898678,0.3579636497,0.7527860847,0.3521036469,0.3334803943,0.2779031676,0.7941592005,0.4390164253,0.8776336054,0.6964549778,0.02018807837,0.1251794586,0.1969547391,0.5375245727,0.5521272631
281,1,1,1,1,1,0.5778160249,0.4511092266,0.7004698055,0.3551437519,0.7539144538,0.3532858333,0.3322838079,0.2794805839,0.7944453661,0.4381115831,0.8763577791,0.6962721728,0.02020502616,0.1256372805,0.1957861656,0.5364460097,0.5521865422
281.5,1,1,1,1,1,0.577061509,0.4514016433,0.6986397785,0.3525505371,0.7524593451,0.3555932921,0.3334900342,0.278662062,0.7935448149,0.4390801009,0.8775946248,0.6958251843,0.02016497968,0.1246626188,0.1950795942,0.5374421454,0.5519577906
282,1,1,1,1,1,0.576001572,0.4524741174,0.6992392102,0.3548195472,0.7519841835,0.355957834,0.3363959246,0.2790283641,0.7937787995,0.4434259967,0.8785083695,0.6947892651,0.02018365498,0.1249977002,0.1955933368,0.5357689517,0.5524107331
282.5,1,1,1,1,1,0.5750374291,0.4501273887,0.6981109627,0.3532932962,0.7495865535,0.3556169092,0.3364094596,0.2799105916,0.7944264798,0.4434028157,0.8794206499,0.6950237178,0.02020916657,0.1253770944,0.1951764095,0.5349920504,0.5547896539
283,1,1,1,1,1,0.5753446945,0.4502122081,0.6974054439,0.3536170525,0.7502016995,0.3559812805,0.3368810248,0.278507202,0.7938189301,0.4441979816,0.8794967239,0.695538067,0.02030159383,0.1260301258,0.196108536,0.5323770265,0.5554528161
283.5,1,1,1,1,1,0.5770968198,0.4508493646,0.6962321409,0.3525081626,0.7524050571,0.3565873911,0.3355157793,0.2790124724,0.7935621105,0.4457515221,0.8801735372,0.6947383684,0.0203829195,0.1248777465,0.1970858287,0.5330724594,0.5550900356
284,1,1,1,1,1,0.5774861509,0.4491787755,0.6944771347,0.3555401062,0.750616602,0.3549482863,0.3354750496,0.2802067485,0.7912670757,0.4469328765,0.8790522612,0.6972716727,0.02052516162,0.1237907829,0.1969867254,0.5333575774,0.5561383421
284.5,1,1,1,1,1,0.5754256057,0.4490406353,0.6933021188,0.3540129798,0.7491009123,0.3536373911,0.3356586269,0.2799356228,0.7928791914,0.447988331,0.8795071859,0.6979553124,0.02042597007,0.1240274139,0.1982080435,0.5326369457,0.556617525
285,1,1,1,1,1,0.5749205469,0.4497397479,0.6930792396,0.3549662476,0.7487231909,0.3539981206,0.3373348224,0.2790993527,0.7923191004,0.4485864174,0.8782585419,0.6976955796,0.02048219144,0.1245063192,0.1972659198,0.5298025532,0.5526590471
285.5,1,1,1,1,1,0.5710806388,0.4497244322,0.6947729579,0.3530043415,0.7499267691,0.3545136515,0.3387023221,0.2804286535,0.7929614477,0.4449909111,0.8773732644,0.6958025647,0.02045531171,0.1253075217,0.1985032023,0.5278423301,0.5525013726
286,1,1,1,1,1,0.5730163402,0.4490891498,0.6926612423,0.3519886528,0.7493923733,0.3544280703,0.3372211429,0.281280171,0.7918296732,0.4447363629,0.8760667249,0.6980910329,0.02034307777,0.1263265273,0.198326166,0.5277569727,0.553169216
286.5,1,1,1,1,1,0.5727765693,0.4472893426,0.6951548738,0.3524482379,0.7484565931,0.3530915938,0.336226646,0.282788854,0.7931383113,0.4473822437,0.8764780537,0.6978366236,0.02011780179,0.1251947713,0.199988818,0.5270349079,0.5514522945
287,1,1,1,1,1,0.5760758797,0.4478828639,0.6944249741,0.3527978007,0.7469870019,0.3496556392,0.3381335153,0.2828961646,0.7929682758,0.4447136127,0.8764310159,0.6988666011,0.01993141328,0.1251896389,0.1982808265,0.5281391793,0.5470861419
287.5,1,1,1,1,1,0.5740374005,0.4475896855,0.693558506,0.3500829923,0.7456337325,0.3520566065,0.3368976402,0.2811964831,0.7920955637,0.4442848387,0.8776558922,0.6996949791,0.02017111172,0.1247948181,0.1993706142,0.5268600819,0.5476563491
288,1,1,1,1,1,0.5741294975,0.4475300076,0.6933132,0.3504783483,0.7493268225,0.3512921924,0.337973513,0.2841392293,0.7930519269,0.442017612,0.8777182707,0.6986251545,0.02030517878,0.1239840941,0.199420784,0.5262452226,0.5475116568
288.5,1,1,1,1,1,0.5737647823,0.4480453853,0.6940775161,0.3526372076,0.7501495976,0.3508855156,0.3366318557,0.2854255856,0.7928094941,0.4455454175,0.8772759959,0.698858101,0.02036774429,0.1248021172,0.1990662387,0.5244735279,0.552750239
289,1,1,1,1,1,0.5753123163,0.447441039,0.6964784822,0.3540048744,0.7503576597,0.3520816182,0.3352919231,0.2846342155,0.7939865182,0.4444154535,0.8769981015,0.6961043348,0.02036519254,0.1252179886,0.1978998113,0.5278396596,0.551414059
289.5,1,1,1,1,1,0.5751997525,0.4487262141,0.6930675448,0.3540482147,0.750939371,0.3516441553,0.3332285961,0.2818408017,0.793036503,0.444291063,0.8771148783,0.6968463077,0.02041225896,0.1235108926,0.1993325039,0.5260833961,0.5483347665
290,1,1,1,1,1,0.5748080932,0.4475429968,0.697010889,0.3525684442,0.7514632621,0.3505607426,0.3323830745,0.2819195783,0.7923408351,0.4420283416,0.8776557089,0.6981091261,0.0203330245,0.1243187553,0.1991781951,0.5244187748,0.5474627666
290.5,1,1,1,1,1,0.5711516669,0.4507670828,0.6973194283,0.3521052189,0.7487084142,0.3494536421,0.3301174521,0.2807259485,0.7923592866,0.4433977305,0.8783206794,0.7001339224,0.02042171506,0.1232937674,0.1987647653,0.5234679867,0.5455904567
291,1,1,1,1,1,0.5708477788,0.4512693737,0.6961409452,0.351329122,0.7484582326,0.3475858268,0.3294735007,0.280652086,0.7917109699,0.4437187909,0.8776870576,0.6977081809,0.02066486263,0.1242459146,0.1974371539,0.5205235113,0.5442095998
291.5,1,1,1,1,1,0.5690860779,0.4498292109,0.6967471974,0.3501698276,0.7471542684,0.3485634646,0.3313310859,0.2801776299,0.7916768612,0.4446916119,0.8789612872,0.6957383917,0.0207239799,0.1252787338,0.1961150493,0.5202998121,0.5446923062
292,1,1,1,1,1,0.5713086883,0.4512203872,0.6945446455,0.3513215692,0.7494918251,0.3503836612,0.334533635,0.281047811,0.7906975028,0.4421260167,0.8796346951,0.6946997227,0.02038726103,0.1255061122,0.1985319355,0.5219668347,0.5459362242
292.5,1,1,1,1,1,0.5706961637,0.4497279229,0.6960259306,0.352622081,0.7499693643,0.3515070336,0.3324727165,0.2815044811,0.7929294288,0.4388381337,0.8801482943,0.6949486964,0.02042723443,0.1268799677,0.1981952947,0.5206444703,0.5454763027
293,1,1,1,1,1,0.5732507333,0.4468690506,0.6950594519,0.3501263453,0.7495521165,0.3507781046,0.3314377973,0.2819659636,0.7938897296,0.4374744403,0.8791453857,0.6917343247,0.02051982121,0.125150958,0.197099378,0.5200278457,0.5430164634
293.5,1,1,1,1,1,0.5735852111,0.4488470376,0.6955492757,0.3524541603,0.7521637811,0.352317613,0.3315331789,0.2803951558,0.7958406601,0.437172774,0.8783849356,0.6944230869,0.02058981228,0.1247382709,0.1956392232,0.5185492711,0.5431510298
294,1,1,1,1,1,0.573023461,0.4482015658,0.6948921604,0.3521002824,0.751242136,0.3520375376,0.3293631157,0.2797683194,0.7960150271,0.4360048839,0.8798743522,0.6946663917,0.02036686686,0.1247797036,0.1965843568,0.5189866293,0.5451654864
294.5,1,1,1,1,1,0.5745193873,0.4472344483,0.6946541532,0.3554494232,0.7503965245,0.3531535275,0.3298728518,0.279559431,0.7965422348,0.4374634072,0.8797352696,0.6956399178,0.02027699589,0.1242190567,0.1960330212,0.5209771647,0.5468108431
295,1,1,1,1,1,0.5724042425,0.4476382676,0.6949477134,0.3558506998,0.7507643237,0.3529003087,0.3270311412,0.2804580554,0.7960955113,0.4373740338,0.8782677313,0.6956647898,0.0203192494,0.1236228925,0.1963944022,0.5223322272,0.5481045761
295.5,1,1,1,1,1,0.5723727382,0.4509525859,0.6961136818,0.3558487627,0.7509584881,0.3491787809,0.3291042647,0.2792987227,0.7969682854,0.4400619204,0.8773448946,0.6953521325,0.02026280777,0.1238426514,0.1953997666,0.5215744464,0.5506851899
296,1,1,1,1,1,0.5719989556,0.4514682941,0.6962097522,0.3568306187,0.7492544896,0.3498666131,0.3306007694,0.2792033637,0.795722033,0.4441270016,0.8777423651,0.6962094615,0.02039616787,0.1234337768,0.1946826722,0.5173258251,0.54660533
296.5,1,1,1,1,1,0.5710235913,0.4502355751,0.6954813383,0.3562492662,0.7504160134,0.3512073023,0.3291057634,0.2764394071,0.7942116941,0.4446459523,0.8782791893,0.6957570172,0.02035958796,0.1232200273,0.1952357518,0.5174302463,0.5445245554
297,1,1,1,1,1,0.5720001591,0.4516641684,0.6964613877,0.3546385494,0.7503305774,0.3504552922,0.3294419082,0.2777071816,0.7938008912,0.4427379637,0.8789016541,0.6967522092,0.02015491265,0.1237470368,0.1946873121,0.5164028604,0.54968193
297.5,1,1,1,1,1,0.5742255799,0.4499905993,0.6964888767,0.3528630371,0.7508221611,0.3539702986,0.3308870058,0.2782935578,0.7925941416,0.4441430075,0.878719376,0.6957970569,0.02022370236,0.1237168499,0.1938151064,0.5192594309,0.5519603555
298,1,1,1,1,1,0.5763000011,0.4511841322,0.6945375916,0.3515107429,0.7514530331,0.3536832006,0.3314053827,0.2776352145,0.7925832738,0.4446190224,0.8799824527,0.696837928,0.02028077006,0.1250572241,0.1951902218,0.5211880975,0.5498573138
298.5,1,1,1,1,1,0.5746817118,0.4504298883,0.6964364378,0.3511546078,0.7503942893,0.3543295451,0.3326661277,0.2796314743,0.7935051019,0.4428960322,0.8799319295,0.6987713948,0.02022058199,0.1242849975,0.1953445437,0.5231138048,0.5516953797
299,1,1,1,1,1,0.5773056587,0.4482833526,0.6958682204,0.3511460614,0.7491972889,0.3503279474,0.3328380937,0.2817355941,0.7945390348,0.4423660455,0.8788417418,0.7000852829,0.02027404185,0.1240167875,0.1939539427,0.5216065284,0.5492536158
299.5,1,1,1,1,1,0.5775830635,0.4481233987,0.6964193133,0.3535591425,0.7492738164,0.3515429109,0.334802171,0.2839080164,0.7955369245,0.4433848741,0.8794590736,0.6977411334,0.02012594565,0.1248376749,0.1933474264,0.5224901844,0.548200408
300,1,1,1,1,1,0.5790913276,0.4473828526,0.6989182916,0.3522901911,0.7510084858,0.3518966295,0.3349770335,0.2834859773,0.7947226561,0.4442878304,0.8791303097,0.6971571643,0.02009089195,0.1241434268,0.193857425,0.5215524141,0.54552064
300.5,1,1,1,1,1,0.5827111561,0.4491130853,0.6952651316,0.3519755489,0.7495119628,0.350995271,0.3368397938,0.2829682177,0.7952502516,0.4461672521,0.8797123884,0.6982364622,0.02011218584,0.123037644,0.1932393134,0.520360839,0.5446355235
301,1,1,1,1,1,0.5795315109,0.4472682999,0.6956140197,0.3515874102,0.7505245857,0.3519236175,0.3344848324,0.2827764935,0.7941799043,0.4455147941,0.879663796,0.6976521601,0.0201279059,0.1237473087,0.1921542634,0.5196291311,0.5436519875
301.5,1,1,1,1,1,0.5776437964,0.4484405623,0.6928520353,0.3532962735,0.7508603866,0.3490754652,0.3355634349,0.2826222893,0.7946792175,0.4468228408,0.8809956794,0.6961431212,0.02029478651,0.1251933012,0.1920474437,0.5226047382,0.5446927256
302,1,1,1,1,1,0.5784596037,0.4499930805,0.6936018097,0.3537716307,0.7510716064,0.3491892862,0.3364800832,0.2837441988,0.7944997,0.4469575413,0.8821439798,0.6969768387,0.02009347883,0.1254117921,0.1931980661,0.5216270226,0.5451532365
302.5,1,1,1,1,1,0.5767257011,0.4484941148,0.6942733745,0.3553701985,0.7506378589,0.3485651963,0.3342460495,0.2838796587,0.7939467529,0.443581394,0.8812228758,0.6979449324,0.02048632541,0.1245286023,0.1926535423,0.5237982097,0.5463858876
303,1,1,1,1,1,0.5759083666,0.4477512001,0.6923517292,0.3545898637,0.7505223213,0.3482042626,0.3323876153,0.2833609317,0.7945426185,0.4498623052,0.8812816945,0.6985336727,0.02062893385,0.1243827749,0.1924506737,0.5235974356,0.5463290477
303.5,1,1,1,1,1,0.5754058403,0.4490548412,0.6924571976,0.3529605499,0.751309873,0.3487599331,0.3294783807,0.2827035776,0.794942244,0.4479773088,0.8815265915,0.6981695774,0.02063791637,0.1251489896,0.1933309631,0.5208107168,0.5446714814
304,1,1,1,1,1,0.576941768,0.4514516349,0.6950876162,0.3537537699,0.7499325643,0.3526510357,0.331102235,0.2828383628,0.7944959018,0.4480680329,0.8805943941,0.6987375626,0.02052806115,0.1265511155,0.1934846466,0.5199470844,0.546529639
304.5,1,1,1,1,1,0.5743743144,0.4509587388,0.6952765183,0.3525673482,0.7497614658,0.3526783758,0.3327451111,0.2824164132,0.795277217,0.4474769284,0.8805002304,0.6956333507,0.02048466456,0.1277170024,0.1942708336,0.5212247357,0.549217825
305,1,1,1,1,1,0.5765380368,0.4509590282,0.6943770348,0.3528786506,0.7514081474,0.3504522333,0.3320398415,0.2799772049,0.7964444388,0.4463893616,0.8804587902,0.69573138,0.02040971359,0.1270432608,0.1930485927,0.5232734661,0.5470782332
305.5,1,1,1,1,1,0.576396643,0.4502037604,0.6955147187,0.3541731503,0.7491303657,0.3512747539,0.3327574729,0.2796690073,0.7965350428,0.4470698338,0.8814538428,0.6955483622,0.02057854936,0.126671067,0.1932156536,0.520874629,0.5471687028
306,1,1,1,1,1,0.5779025471,0.4502713067,0.6978698422,0.354634642,0.7500142893,0.3520224652,0.3324248941,0.2797280391,0.7970688193,0.4460994996,0.8808862081,0.6961055371,0.02064280866,0.1254536826,0.1937438692,0.5201635012,0.546756632
306.5,1,1,1,1,1,0.5773624507,0.4488558476,0.6961390088,0.3559155121,0.750630986,0.3504423145,0.3334494433,0.2774974069,0.796195059,0.448309714,0.8815717505,0.6965417644,0.02040714384,0.1252631369,0.1946336111,0.5203104272,0.5454713374
307,1,1,1,1,1,0.5778641191,0.4499675181,0.6967743516,0.35433435,0.7503054587,0.3517497588,0.3330296651,0.2760375674,0.7967778622,0.4470143119,0.8816167136,0.697208755,0.02052910844,0.1254026032,0.1952097718,0.5229644086,0.5470516185
307.5,1,1,1,1,1,0.5774177858,0.4495244255,0.6959142113,0.351553607,0.7482466775,0.351084521,0.3337858476,0.2761272485,0.7955017772,0.4456940673,0.8802833129,0.6971447268,0.02057005831,0.125121498,0.1955886243,0.5260606346,0.5450825138
308,1,1,1,1,1,0.5762267478,0.4485485702,0.6964022911,0.3517209047,0.7498194398,0.351071721,0.3323890098,0.278374199,0.7937921651,0.4449520137,0.8805164292,0.6965726484,0.02054284342,0.1259800464,0.1937391019,0.5268586682,0.548088455
308.5,1,1,1,1,1,0.5761286807,0.4490750766,0.6958009285,0.3543263454,0.7511401175,0.3519015248,0.3323650899,0.2789741784,0.7929639789,0.4467717268,0.8814286305,0.6948106929,0.02033574199,0.1258460154,0.1949285378,0.5287863153,0.5455330496
309,1,1,1,1,1,0.574814435,0.449935645,0.6945122841,0.3522019309,0.750821987,0.3521602796,0.332664761,0.2790083577,0.7925891035,0.4472267221,0.8821962466,0.6950804966,0.02019014351,0.1254506214,0.1957513717,0.5287261833,0.5433792193
309.5,1,1,1,1,1,0.5762351246,0.4510416125,0.6960134525,0.3530687048,0.7514220126,0.3503110947,0.3333401189,0.2793729381,0.7924451464,0.4445513966,0.8823677668,0.6929168257,0.0200463006,0.1274333999,0.1960900057,0.5280961993,0.5429794499
310,1,1,1,1,1,0.5764309296,0.4493135034,0.6956111683,0.3559579704,0.7526249299,0.3515592934,0.3308991673,0.2780106969,0.7921981028,0.4416818311,0.8821426246,0.6953190071,0.02009221225,0.125639301,0.1943782666,0.5282172584,0.543091781
310.5,1,1,1,1,1,0.5774773811,0.4473151372,0.6976849457,0.3548674075,0.7533806519,0.3526132763,0.330229648,0.278401176,0.7930988578,0.443204439,0.8815389776,0.6987131753,0.02014895646,0.1248587482,0.1945990988,0.5271806646,0.5410230203
311,1,1,1,1,1,0.5760765562,0.446192232,0.6980467125,0.3530814362,0.7545706369,0.3524373139,0.330358137,0.2781460036,0.7933840873,0.4438289101,0.8809329909,0.6958385633,0.02021612436,0.1255281692,0.1937150566,0.5277588374,0.5439641565
311.5,1,1,1,1,1,0.5758590852,0.4473923415,0.6982004816,0.3551075634,0.7520247178,0.3513000452,0.3297471904,0.2795407975,0.7931513088,0.4437327844,0.8813140656,0.6953581759,0.02031488405,0.1263022553,0.1932209617,0.528104181,0.5457774794
312,1,1,1,1,1,0.5753310407,0.4499716537,0.6966257478,0.3561262993,0.754569567,0.3500628602,0.3316790131,0.281151984,0.7924383636,0.4474421105,0.8807468413,0.6934693844,0.02035126962,0.1254594934,0.1925824111,0.5280853146,0.5459188269
312.5,1,1,1,1,1,0.575871999,0.4466805998,0.696257633,0.3574905331,0.7538659874,0.3518581852,0.3320516325,0.2822869643,0.7929094852,0.4489015409,0.8817371244,0.6943165067,0.02015625965,0.1259078763,0.192860166,0.5305487547,0.5471378358
313,1,1,1,1,1,0.573212557,0.4482912329,0.6952347366,0.3544690875,0.7527638458,0.3539792134,0.331829457,0.283389973,0.7948459402,0.4480670278,0.8810857894,0.6958056916,0.02011526738,0.1260537065,0.1934824094,0.5294722078,0.5481838831
313.5,1,1,1,1,1,0.5728782167,0.4535324922,0.6965238259,0.3572766802,0.750971577,0.3530500819,0.3326658541,0.2834222846,0.7925469664,0.4472469898,0.8818513079,0.6982614246,0.02037349537,0.126096463,0.1945927562,0.5306105957,0.5501086808
314,1,1,1,1,1,0.5727897625,0.4547177121,0.695123927,0.3571939869,0.7499908145,0.3543295183,0.332284493,0.2832908921,0.7926345651,0.4481852992,0.8816029451,0.6993222786,0.02039282969,0.1260574216,0.1947443945,0.531611507,0.5505057334
314.5,1,1,1,1,1,0.5728497474,0.4526478312,0.6965315842,0.3572240374,0.7480208893,0.3553818244,0.3331018533,0.2856339443,0.7916651903,0.446360914,0.8831103696,0.6983550006,0.02010796685,0.1269848398,0.1935932542,0.529479943,0.5506129167
315,1,1,1,1,1,0.5764164098,0.4489341036,0.697848585,0.3577601094,0.7503349128,0.3560457359,0.3313488894,0.2845992895,0.7916842818,0.4465340228,0.8827076488,0.6960005245,0.02021739983,0.1271211485,0.1923121933,0.5320498034,0.5476163278
315.5,1,1,1,1,1,0.5786950632,0.4493982016,0.698489897,0.3521712039,0.7526326862,0.3552495703,0.3336334033,0.2844309025,0.7901321579,0.4427151462,0.8824972372,0.6980651764,0.02011744433,0.125652199,0.1915984734,0.5299593789,0.5523197168
316,1,1,1,1,1,0.5796452309,0.4476390226,0.6989915096,0.3540527267,0.7555434245,0.3537737247,0.3342244604,0.2837563114,0.7919627787,0.4422998582,0.8825877607,0.6947781182,0.02019607551,0.1248021398,0.1920068456,0.5353321127,0.5526391438
316.5,1,1,1,1,1,0.5807291511,0.4482400693,0.6977392183,0.353398695,0.7537733653,0.3544058879,0.336101761,0.2820264553,0.7931488725,0.4406622235,0.8834748832,0.696743873,0.02014902593,0.124905025,0.1913359884,0.5335703169,0.5512427863
317,1,1,1,1,1,0.5792638107,0.4480966305,0.6981922691,0.3545378191,0.7538060761,0.3545258186,0.3357835385,0.28219155,0.7934329132,0.4429264518,0.8832208907,0.6980952465,0.02006180536,0.1252007264,0.1933676724,0.5350989751,0.5492126032
317.5,1,1,1,1,1,0.5793959278,0.4468015607,0.697565101,0.3520058198,0.7545480353,0.3543174853,0.3384562522,0.2829845431,0.7950287633,0.4438322929,0.8819856025,0.6962285745,0.02008776301,0.1251319233,0.1927755871,0.5353830097,0.5471658524
318,1,1,1,1,1,0.582525539,0.4456027428,0.6953763318,0.3532493075,0.75235632,0.3546162756,0.3395271425,0.2829010772,0.7932219079,0.4430161645,0.8812253305,0.6979903682,0.02034535668,0.1253802909,0.1927432707,0.5371008556,0.5478685146
318.5,1,1,1,1,1,0.5806441011,0.4475363076,0.69732091,0.3510102758,0.7516782925,0.3538370004,0.3368391607,0.2830256497,0.7931737885,0.4426433494,0.879915976,0.697957331,0.02023538275,0.1263857552,0.1932473921,0.5360132098,0.5490221602
319,1,1,1,1,1,0.5791944153,0.4482535951,0.6972129815,0.3505212135,0.7536928554,0.3535500579,0.3370133423,0.284851803,0.7937268542,0.4399586735,0.880081614,0.6987781463,0.02030656952,0.1271152098,0.1929022618,0.5360991458,0.5468331744
319.5,1,1,1,1,1,0.5796498956,0.4492265965,0.6971889626,0.3504944015,0.7544397533,0.3528844261,0.3388232433,0.2815865271,0.7934771571,0.4413539808,0.880860745,0.6997983997,0.02036791477,0.1272594376,0.1923877956,0.5374617973,0.5453115577
320,1,1,1,1,1,0.5824916552,0.4470831564,0.6968625375,0.3519156499,0.7525251498,0.352152381,0.3366950978,0.2817028315,0.7945565014,0.4419424877,0.8808650082,0.7005839285,0.02045643917,0.1280063204,0.1928849934,0.5380705368,0.5469266678
320.5,1,1,1,1,1,0.5813604243,0.4480329328,0.6936467591,0.3512431159,0.7520682346,0.3508931871,0.3357324427,0.281790876,0.7929089704,0.4428025048,0.8814027335,0.6997432122,0.02034817379,0.1272152459,0.1924808842,0.5377267323,0.5449236604
321,1,1,1,1,1,0.579027866,0.4499833294,0.6955897981,0.3509733438,0.7525028871,0.3519901656,0.3345439329,0.2823854549,0.7926895106,0.4433669389,0.8822165493,0.6964954417,0.02047728819,0.1275971307,0.1945787163,0.5383955879,0.5457559111
321.5,1,1,1,1,1,0.5778873643,0.4517761841,0.6973023661,0.351317042,0.7519210789,0.3506793466,0.332120766,0.2809847256,0.7930643232,0.4436979584,0.8830360991,0.6955185337,0.02025704647,0.1262472739,0.1934295348,0.5380767599,0.5452856013
322,1,1,1,1,1,0.5777610223,0.4515310373,0.6980521401,0.3513583197,0.7533268244,0.3511265088,0.3297306507,0.2812951145,0.7961230331,0.445580964,0.8825039002,0.6941634822,0.02029567144,0.1266288474,0.1952870117,0.5366469314,0.5465508843
322.5,1,1,1,1,1,0.5764241874,0.4523118424,0.6977182965,0.3539840345,0.7528062483,0.3529218998,0.3305623318,0.2824249493,0.7965963849,0.4443338556,0.8821811314,0.6923388838,0.02023013316,0.1260722151,0.1968775842,0.5367792596,0.5471339772
323,1,1,1,1,1,0.5755729141,0.4523600311,0.6963880054,0.3545161463,0.753823756,0.3540190493,0.3309943337,0.2827175888,0.7940107156,0.4456794603,0.8802968016,0.6909136838,0.02023820475,0.1274203416,0.1957996492,0.5365881686,0.5472125105
323.5,1,1,1,1,1,0.5749172374,0.4521611257,0.6945578863,0.356399193,0.7531234894,0.3569611523,0.3306353211,0.2829098385,0.792397822,0.4488145874,0.8804687485,0.6937986255,0.02051030449,0.1272589169,0.1948940653,0.5387167213,0.5472345373
324,1,1,1,1,1,0.5776103198,0.4497167266,0.6930215932,0.3576463233,0.7518165762,0.3561158784,0.3326399665,0.2831755229,0.7925792318,0.4489746478,0.8805256591,0.6949821096,0.02039630973,0.125263217,0.1957291576,0.5379032594,0.5470475466
324.5,1,1,1,1,1,0.577372169,0.447792447,0.694469576,0.3562551054,0.7525466857,0.3533533166,0.3350503264,0.2832251001,0.7947480803,0.449538684,0.8812784744,0.6944613678,0.02043102021,0.1254546174,0.1953505459,0.5378654295,0.5461311568
325,1,1,1,1,1,0.575071413,0.4482323622,0.6946416924,0.3547344357,0.7514305343,0.3547280337,0.3342466103,0.2819781428,0.7941419419,0.4484043159,0.8821858666,0.6949479868,0.02043139245,0.125917631,0.1962278724,0.5362262773,0.5476531536
325.5,1,1,1,1,1,0.5772248319,0.4495949833,0.6965137258,0.3537718657,0.751289838,0.3546232284,0.3349655464,0.2827409021,0.7939069344,0.4499721977,0.8807156671,0.6973100095,0.02035705312,0.1262854625,0.1964670332,0.5361271634,0.5491385985
326,1,1,1,1,1,0.5781945557,0.4487035939,0.6955946343,0.3521049432,0.751766133,0.3561532466,0.337430998,0.2826033092,0.7943524351,0.4531639181,0.8826094468,0.6987817236,0.02048199919,0.1264761008,0.1950285449,0.5381521386,0.5508820124
326.5,1,1,1,1,1,0.5770695187,0.4502921333,0.6975613951,0.3522360635,0.7517567024,0.3574027601,0.3364504673,0.2824308112,0.7946644382,0.451399463,0.8819891392,0.6976940509,0.02047665516,0.1263414438,0.194832445,0.537215995,0.5530788495
327,1,1,1,1,1,0.5757837199,0.4486934609,0.6963304832,0.3527591292,0.7531090682,0.3548564467,0.3376034947,0.2813590179,0.7939617613,0.4476682691,0.8832085158,0.6963151576,0.02039497793,0.1258025564,0.1967494261,0.5362668624,0.5508711602
327.5,1,1,1,1,1,0.5779452782,0.4476540312,0.6982419104,0.3520879162,0.7536586986,0.3526739369,0.3331062039,0.2817417698,0.7938507646,0.4485430684,0.882838684,0.6969145371,0.02031325051,0.1261880891,0.196412589,0.5368962881,0.5490792469
328,1,1,1,1,1,0.5743479002,0.4467055979,0.6968039389,0.3535243072,0.7527165063,0.3547802135,0.3344679857,0.2817747239,0.7943920922,0.4490281167,0.88186215,0.6970214339,0.02060463815,0.1270429427,0.1976111558,0.5372447743,0.5483905887
328.5,1,1,1,1,1,0.5733067585,0.4475385331,0.6978166062,0.3538671686,0.7499063017,0.353493854,0.3346124518,0.2823874016,0.7945173301,0.4481207151,0.8821007115,0.6955256188,0.02041908748,0.1263749348,0.1970650192,0.5380492486,0.5492445434
329,1,1,1,1,1,0.5763333895,0.4478769077,0.6977493827,0.3523283252,0.7495867924,0.3523644906,0.3359459421,0.2816261988,0.794041051,0.4472647335,0.883210569,0.6952259177,0.02064824253,0.1261118612,0.1965562603,0.5368049685,0.5480888648
329.5,1,1,1,1,1,0.5738875335,0.451336568,0.6969086551,0.3539577664,0.7511370965,0.3523572265,0.3365379674,0.2805205203,0.7922359504,0.4456644184,0.8835717825,0.6953794013,0.02053957698,0.125505847,0.1969625733,0.5393152545,0.5497195529
330,1,1,1,1,1,0.5734933516,0.4530397048,0.6989569308,0.3552012923,0.752028591,0.3536798244,0.3385378081,0.2816437822,0.7926359543,0.4465959783,0.881983458,0.6950681071,0.02058000773,0.1250748671,0.1946552807,0.5396558638,0.5501475415
330.5,1,1,1,1,1,0.5724043935,0.4533536103,0.6990949045,0.3538792808,0.7525386609,0.351522142,0.3375503559,0.2810986485,0.7951462924,0.4485326523,0.8818323381,0.6954134541,0.02029741637,0.1248386246,0.192985796,0.5403437918,0.5491358684
331,1,1,1,1,1,0.5708899411,0.4514937482,0.6986123808,0.3511449336,0.7554592018,0.3512239365,0.3365443981,0.280802142,0.7939685497,0.4473806473,0.8802212078,0.6945323288,0.02021567993,0.1251978044,0.1931621901,0.5381313165,0.5463583805
331.5,1,1,1,1,1,0.5725359885,0.4499386779,0.696340549,0.3514844877,0.753715523,0.3507169954,0.3362215491,0.2810195207,0.7946421223,0.4466696483,0.880331812,0.6948246635,0.02023984058,0.1254682449,0.1908411388,0.5404104109,0.5441876525
332,1,1,1,1,1,0.573020959,0.4508609,0.6968835107,0.3549623726,0.7522283596,0.3527798284,0.3334913647,0.2815127748,0.7939340059,0.4462256369,0.8805539779,0.6973539708,0.02009499441,0.1255779415,0.1927753975,0.5444641211,0.5457702021
332.5,1,1,1,1,1,0.5714977373,0.4525162307,0.6984584935,0.3531709887,0.7537732527,0.3550296989,0.3302700012,0.2813345678,0.793477785,0.4457681941,0.8804215684,0.7003208359,0.02013402688,0.1251846853,0.1942653242,0.5437384805,0.546728748
333,1,1,1,1,1,0.5723480393,0.4508214387,0.6998912695,0.3519196481,0.7544870545,0.3550418007,0.333411687,0.2785883083,0.7919141502,0.4475252642,0.8809500257,0.6987561281,0.02040589102,0.1261425701,0.1936622253,0.542784387,0.5466027985
333.5,1,1,1,1,1,0.5726514202,0.4522713245,0.698154406,0.3511822038,0.7558054537,0.3540155446,0.3322593486,0.2795948988,0.7915314172,0.4455747441,0.8809155444,0.6970435815,0.02054877057,0.1262087182,0.1948851848,0.5420443621,0.5458476974
334,1,1,1,1,1,0.5724525684,0.4516924085,0.6990085888,0.3510413905,0.7542131865,0.3520274878,0.3333779778,0.2802059888,0.7909852038,0.4436031873,0.8803547434,0.6968009938,0.02050104931,0.1262547186,0.1962569099,0.5376738567,0.5433975404
334.5,1,1,1,1,1,0.5752248101,0.4523945933,0.6971228165,0.3517470933,0.7539837597,0.3483384244,0.3332080976,0.2812993737,0.7904576904,0.4442249423,0.8802688866,0.6971143193,0.02032409465,0.1263964583,0.1965370424,0.5381676538,0.5432552062
335,1,1,1,1,1,0.5755441334,0.4505463928,0.6977553732,0.3536534418,0.754117796,0.3488832553,0.3317789318,0.2794993634,0.788417677,0.4447306896,0.8799017474,0.6968325932,0.02036095343,0.1250934175,0.1978919835,0.5396044614,0.5434764962
335.5,1,1,1,1,1,0.5745364077,0.4503328781,0.6988337539,0.3530791601,0.7531572869,0.3489579237,0.3326754585,0.2797488099,0.7890264593,0.444277529,0.8800986234,0.6973212832,0.02015082192,0.1249360195,0.1979404449,0.5392331292,0.5398703905
336,1,1,1,1,1,0.5739395694,0.4500576545,0.6960879419,0.3554582072,0.7551724243,0.3492331493,0.3326034113,0.280179486,0.7911934634,0.4451377025,0.8793119509,0.6967933629,0.01998875174,0.1250378937,0.1982434139,0.5410828743,0.5394166166
336.5,1,1,1,1,1,0.5755921057,0.4520775751,0.6964220624,0.355474081,0.7558956406,0.350434425,0.3302711526,0.2805393144,0.7918090871,0.4450811927,0.8792457613,0.7000569736,0.02026068865,0.124261745,0.1965649906,0.5432229362,0.5429006583
337,1,1,1,1,1,0.5776442599,0.4533590923,0.6968164098,0.3551744009,0.754829846,0.3498775489,0.332003087,0.2803268002,0.790784974,0.4449167132,0.8790996494,0.6987972956,0.02028133305,0.1242180768,0.1964444593,0.5438800707,0.5437466831
337.5,1,1,1,1,1,0.5758614274,0.4515934719,0.6968411994,0.353511708,0.7542853969,0.3516563728,0.3338198634,0.2811477827,0.7908750032,0.4440166751,0.8781156774,0.6981820141,0.02030849082,0.1234022458,0.1950276473,0.5420596061,0.5439968807
338,1,1,1,1,1,0.576580923,0.450513106,0.6972175168,0.3539485337,0.753324069,0.3518259293,0.3356321422,0.2810615296,0.7916257263,0.4449400627,0.8788271893,0.6975906604,0.02027042674,0.1232428025,0.1945894162,0.5425766857,0.5413578287
338.5,1,1,1,1,1,0.5767181282,0.4538656786,0.6985816137,0.3508292639,0.7545584265,0.3496807609,0.3349676435,0.281631706,0.7902121637,0.4443933394,0.8799307165,0.6964009412,0.02040750927,0.1235168784,0.1954186202,0.5387230439,0.5395268468
339,1,1,1,1,1,0.5771223315,0.4503883759,0.6974562843,0.3488228351,0.7529561473,0.3478208396,0.3339304187,0.2819411303,0.7908223116,0.4442836833,0.8807733246,0.6968138555,0.02038692705,0.1235721821,0.1946630041,0.535318934,0.5399624991
339.5,1,1,1,1,1,0.5779322785,0.4498592123,0.6981413149,0.3517686204,0.7512331258,0.3475998719,0.3356775388,0.2825295118,0.7912957551,0.4433183459,0.8804508141,0.6963619062,0.02036347745,0.1247938158,0.1951901431,0.5362682064,0.5379837454
340,1,1,1,1,1,0.5770484844,0.4503470805,0.6951846646,0.3510707175,0.7524009368,0.349877913,0.3342522484,0.2811122191,0.7905381733,0.444721006,0.8798524375,0.6949622525,0.02044313492,0.1242326274,0.195246285,0.536555046,0.5381329815
340.5,1,1,1,1,1,0.5777114002,0.448025944,0.696028511,0.3541390353,0.7517666003,0.3531009379,0.335578091,0.2813941311,0.7908829283,0.445803323,0.8803903453,0.6945060966,0.02049833441,0.1253269121,0.195973327,0.5341020066,0.5371044808
341,1,1,1,1,1,0.5769317022,0.4476785788,0.6956166459,0.3534450344,0.7534166647,0.3512634184,0.3364782395,0.2804147799,0.7921291151,0.445773174,0.879964368,0.6971710784,0.02060269666,0.1263231188,0.1959521662,0.5354305244,0.5374117842
341.5,1,1,1,1,1,0.5760057195,0.4488857031,0.6954633598,0.3529241201,0.7533678016,0.351785759,0.3343068691,0.2774528243,0.7922260673,0.4483955762,0.879582001,0.6979509631,0.0205588198,0.1257887514,0.195333343,0.5366472766,0.5397886291
342,1,1,1,1,1,0.5772581998,0.4481867638,0.6962609322,0.3531489785,0.7534125412,0.3530413415,0.3373920068,0.2793387806,0.7939923408,0.4477224214,0.8793069513,0.6997999402,0.02057617786,0.126862349,0.1938987401,0.5354118454,0.5435186934
342.5,1,1,1,1,1,0.573356515,0.4489731263,0.6942003937,0.3535534434,0.7531379885,0.35261275,0.3377247659,0.2809375025,0.7939047908,0.4489719017,0.8788060684,0.702518154,0.02057398382,0.1276778703,0.1931729695,0.5356636144,0.5435818929
343,1,1,1,1,1,0.5773158531,0.4504378604,0.6942448147,0.3543321495,0.7533422883,0.3532144303,0.337241814,0.281694128,0.792358431,0.4477918492,0.877278011,0.702844798,0.02071463051,0.1281013662,0.1920493182,0.5375685435,0.5419998776
343.5,1,1,1,1,1,0.5745229613,0.4485139216,0.6944076066,0.3547036044,0.7552658356,0.3524501879,0.3356344947,0.2792592811,0.7916693754,0.4503002873,0.8771848379,0.7000706657,0.020528415,0.1280641192,0.1920948255,0.5364091905,0.5442613312
344,1,1,1,1,1,0.5741824485,0.4497778288,0.6937047181,0.3539947374,0.7523040611,0.3505596318,0.3354405545,0.2788284033,0.7897389415,0.450491652,0.8769913502,0.7001889194,0.02049605413,0.1269924598,0.1909450253,0.5334393625,0.5435827908
344.5,1,1,1,1,1,0.5741836918,0.4507018521,0.6941512738,0.353563915,0.7519787379,0.3498744613,0.3357375614,0.2805582813,0.7904784823,0.4497901382,0.8771810244,0.6998653014,0.02044084899,0.12675686,0.1912962788,0.5326374263,0.544523183
345,1,1,1,1,1,0.5738426188,0.4508765051,0.6957048102,0.3513035203,0.7520539543,0.3522664142,0.3364779517,0.2813520172,0.790746297,0.4479202425,0.8789214033,0.6981666248,0.02044839836,0.1254093277,0.1905232138,0.5325363495,0.5468388157
345.5,1,1,1,1,1,0.5772715236,0.4484318988,0.6988004799,0.3526364918,0.7506630676,0.350190521,0.3333698455,0.279148198,0.7903855868,0.4483549307,0.8801166389,0.6986331143,0.02065392926,0.1261908283,0.192321393,0.5313210191,0.5480723718
346,1,1,1,1,1,0.57800323,0.4482540718,0.6982336704,0.3563356378,0.7501303691,0.3508978243,0.3328739744,0.2787076982,0.7898706604,0.4446803241,0.8780997952,0.6983442476,0.02059552054,0.1260848247,0.1923979649,0.5356025215,0.5473300544
346.5,1,1,1,1,1,0.5749130546,0.4479528281,0.6971500514,0.3551482074,0.7518735216,0.3509319991,0.3341826898,0.2777040667,0.789855574,0.445400853,0.8764567705,0.7000238199,0.02071633717,0.1258252352,0.193003702,0.5367440082,0.5473931981
347,1,1,1,1,1,0.5758584675,0.4503228193,0.6967428124,0.3574660641,0.7515845418,0.3536417146,0.3318582043,0.2778715844,0.7911285471,0.4453037149,0.8755067534,0.699184658,0.02056916815,0.1267157075,0.1920094988,0.5387498624,0.5475747417
347.5,1,1,1,1,1,0.5752102647,0.4509006027,0.6954627643,0.3586314394,0.7524215032,0.3547121294,0.3300523766,0.278590102,0.7916177628,0.4436826389,0.8756160774,0.7011467456,0.02041538565,0.1255850474,0.1940940288,0.5388264957,0.5489840128
348,1,1,1,1,1,0.5732017412,0.4512648065,0.6931578731,0.3595596097,0.7516859142,0.3531981206,0.3327941667,0.2789692359,0.7914113233,0.4456868698,0.8768711159,0.7008401583,0.02047422572,0.1265723567,0.1947427865,0.5384426432,0.5458883824
348.5,1,1,1,1,1,0.5749770658,0.4505929213,0.6962161676,0.3602429081,0.7549351199,0.35385151,0.3321983677,0.279395876,0.791051939,0.445047847,0.8781849825,0.6991208934,0.02030012648,0.1262707095,0.194859003,0.5371630515,0.5429999164
349,1,1,1,1,1,0.5735415606,0.4484790547,0.6947469912,0.3592832041,0.7543544916,0.3522910193,0.3338494113,0.2798257018,0.7909985676,0.4431729864,0.8786464717,0.6972428743,0.02034730441,0.1264672189,0.1961941791,0.536145753,0.5425221668
349.5,1,1,1,1,1,0.576327204,0.44855348,0.6946410601,0.3559611842,0.7555818674,0.3538827061,0.3323573049,0.2807235013,0.7919669063,0.4396604751,0.8792490752,0.6963478061,0.02042899596,0.1256057063,0.1966112113,0.5349756695,0.5426878223
350,1,1,1,1,1,0.5750936329,0.44991552,0.6967520658,0.3551020594,0.7553325282,0.3542306725,0.3348689713,0.2820947161,0.7902586337,0.4384496378,0.8790631221,0.6966739677,0.02052722165,0.1266854323,0.1963223157,0.5359699556,0.5416863884
350.5,1,1,1,1,1,0.5759708892,0.4495231348,0.697346733,0.3542517518,0.7556545501,0.3554911666,0.3362525469,0.2815430046,0.7893137067,0.4387206453,0.8786577808,0.6966145449,0.02055523507,0.1249610564,0.1961659347,0.5371567791,0.5433647943
351,1,1,1,1,1,0.5743268375,0.4471238268,0.6989118142,0.3538090031,0.7525756939,0.3511653106,0.3355381578,0.2820291663,0.7900274781,0.4370456408,0.8778920168,0.698040759,0.02057650565,0.1245438009,0.1950298716,0.5379466484,0.5422533537
351.5,1,1,1,1,1,0.5727272911,0.4468517506,0.6966144408,0.3539569997,0.752048252,0.3501372326,0.3357033794,0.2828734826,0.7897663446,0.4409748008,0.8774222452,0.6990197302,0.0204762176,0.1242823374,0.1933560859,0.5360902758,0.5443456299
352,1,1,1,1,1,0.5705451308,0.4476293458,0.697663146,0.353231217,0.7522560059,0.3499228388,0.3360242831,0.2809151025,0.7912870662,0.4416112157,0.8780897075,0.6980094507,0.02056784788,0.1242174416,0.1933922176,0.5369361792,0.5412351738
352.5,1,1,1,1,1,0.5701415324,0.4503798785,0.6962607043,0.3531485361,0.7526681388,0.3496027879,0.3381936197,0.2795790077,0.7921088565,0.442681967,0.8776457156,0.6972655107,0.02044668153,0.1256964448,0.1930989963,0.5361509083,0.5401841011
353,1,1,1,1,1,0.5695810958,0.4513338354,0.6955842613,0.3541062671,0.7511032155,0.3482143813,0.3383058612,0.2801977126,0.7937362757,0.4379770214,0.877672426,0.6990634965,0.0203977744,0.1256449862,0.1932998181,0.537966097,0.5417633237
353.5,1,1,1,1,1,0.5713261567,0.4500416341,0.6984449672,0.3541216142,0.7489982936,0.3485636892,0.3400687104,0.2810909209,0.7927782604,0.4371751274,0.8771240858,0.6982499298,0.0205165759,0.1267224515,0.1946564988,0.5382340605,0.5433767927
354,1,1,1,1,1,0.5718348153,0.4498876991,0.6973473614,0.3527437915,0.7491048262,0.3488856878,0.337445128,0.2807275863,0.7938761238,0.4407936527,0.8782117316,0.6975854249,0.02037148399,0.1274138396,0.1944897523,0.5380920983,0.5430656727
354.5,1,1,1,1,1,0.5726966269,0.4501448587,0.6982234392,0.3548523809,0.7515784049,0.3487281025,0.3359421838,0.2795641272,0.793757228,0.4412074474,0.8781716755,0.6976594426,0.02030012131,0.1275171934,0.1946436032,0.5387729741,0.5449768882
355,1,1,1,1,1,0.5704106452,0.4473958591,0.6980665475,0.3565936208,0.752247521,0.351308997,0.3366925397,0.2816124166,0.7912214534,0.443510422,0.8797558655,0.6975940764,0.02021509368,0.1273844017,0.1941406926,0.5397754643,0.5457462859
355.5,1,1,1,1,1,0.5717744249,0.4485640511,0.6976569906,0.3544680332,0.7525365917,0.3531498862,0.336260434,0.2825829387,0.7896176762,0.4424312981,0.880138816,0.6989771136,0.02017710057,0.1265473531,0.1945389898,0.5442411652,0.5442285362
356,1,1,1,1,1,0.571308266,0.4484130439,0.695483203,0.3572660133,0.7509911395,0.3530945241,0.3358966917,0.2821817597,0.7912262918,0.4402270478,0.8799065124,0.6973072225,0.02008086799,0.1257525958,0.1947403227,0.5423838184,0.5463880534
356.5,1,1,1,1,1,0.5710735468,0.4460555441,0.6964873532,0.357546448,0.7536062845,0.3534635892,0.3360948779,0.2815588548,0.7927527942,0.4399883938,0.8799108862,0.6978780078,0.02009384499,0.1240337704,0.1940745429,0.5423728387,0.5467142417
357,1,1,1,1,1,0.5728997118,0.4486527819,0.6979237825,0.3555509003,0.7541961396,0.3519308358,0.3375843682,0.2809316513,0.7935898746,0.4426796277,0.8801691198,0.6973066039,0.01997713863,0.1239847313,0.192732805,0.5406531131,0.5480627539
357.5,1,1,1,1,1,0.5739735177,0.4500644973,0.6967016905,0.3543934316,0.7517665602,0.3513491973,0.3402582708,0.2814281985,0.7919468013,0.4450093137,0.8801310088,0.6948344334,0.01990589858,0.1239745264,0.1938542043,0.5364810948,0.5467529939
358,1,1,1,1,1,0.576213086,0.4488452537,0.6980589409,0.3562771168,0.7525599937,0.3527073976,0.3410967672,0.2831317416,0.7907214468,0.4458315906,0.8796674987,0.6951889487,0.02026875836,0.1232979446,0.1931468996,0.5368340837,0.5448051059
358.5,1,1,1,1,1,0.5771281731,0.4480235873,0.6936528867,0.3547807474,0.7509175161,0.3532468087,0.3394040645,0.2812627758,0.791120507,0.4467907287,0.8793351357,0.6947046316,0.02014122777,0.1240776857,0.1931295988,0.5347039289,0.5427121141
359,1,1,1,1,1,0.5754135425,0.4474118635,0.6916199077,0.3544179648,0.7523860246,0.3497181364,0.3397751349,0.2815181649,0.7907211901,0.4462307564,0.878061669,0.6924847144,0.02040678539,0.1234878825,0.1931535041,0.5371487588,0.5444266515
359.5,1,1,1,1,1,0.5764680937,0.4494239471,0.6924521067,0.3511360806,0.7501780563,0.3494910021,0.3394193626,0.281927565,0.7903580658,0.4443067805,0.8793972859,0.6938270464,0.0204489294,0.1240527348,0.1936138311,0.5400225558,0.5454720354
360,1,1,1,1,1,0.576801148,0.4485710242,0.6938380851,0.3521687139,0.7511411608,0.3505360725,0.3391571127,0.2806260594,0.7915240938,0.4428672555,0.8795766959,0.6931026382,0.02036750937,0.1238615916,0.1934473653,0.5400610362,0.5456973922
360.5,1,1,1,1,1,0.5767174837,0.4489993641,0.695884676,0.3513274181,0.7479836515,0.3512435325,0.3362896554,0.2800785551,0.7930000267,0.4442194297,0.8805035184,0.6927841866,0.02040261164,0.1238785464,0.1923780701,0.5390564008,0.5453128986
361,1,1,1,1,1,0.5771062724,0.4496395614,0.6964619933,0.3511615473,0.745415428,0.3531036451,0.3365631088,0.2807832316,0.7918919188,0.4439898322,0.8805677748,0.6944099763,0.02037906476,0.1235404355,0.192485067,0.5381108611,0.5454117966
361.5,1,1,1,1,1,0.5772920294,0.4493283372,0.6963034876,0.3512417661,0.7452520823,0.3522910818,0.336321498,0.2809091223,0.7925233612,0.4444446041,0.8802136575,0.6935473534,0.0201977743,0.1233478816,0.1919403452,0.5372161433,0.5439893493
362,1,1,1,1,1,0.5750725968,0.4503936662,0.696542585,0.3512321214,0.7467975582,0.3508841314,0.3358362514,0.2823835574,0.7901794606,0.4443251436,0.8798179946,0.6945896526,0.02003603089,0.1238152462,0.1911822161,0.5398527533,0.5453827003
362.5,1,1,1,1,1,0.5749756135,0.4487051295,0.6951738565,0.3541258987,0.7471099589,0.3505480885,0.3353550373,0.2825773511,0.7903056267,0.4435921517,0.8799785171,0.6967412403,0.02024237095,0.1241542459,0.1920072799,0.5364179066,0.5446750812
363,1,1,1,1,1,0.5745213542,0.4478643217,0.6955287244,0.3509754584,0.7483980644,0.3505612374,0.3346507079,0.2829902773,0.7931165655,0.4433858557,0.8801721814,0.6978848988,0.02047205986,0.1245467571,0.1923618,0.5361251411,0.5469174273
363.5,1,1,1,1,1,0.5762718431,0.4492577653,0.6957730416,0.3513917765,0.7492710415,0.3494229426,0.3336488708,0.2821722531,0.7937730008,0.4451006971,0.878986309,0.6964210555,0.02048873946,0.125271556,0.1919561481,0.5346754131,0.544169036
364,1,1,1,1,1,0.5753732335,0.4517356194,0.6941899726,0.3529341224,0.7500606352,0.3465703165,0.3330003497,0.2815250854,0.7942939614,0.4449863106,0.8790325588,0.6971708837,0.02035431243,0.1255874295,0.1926283653,0.5349603671,0.5464503182
364.5,1,1,1,1,1,0.5771709829,0.4502754526,0.696693336,0.354177447,0.7485559047,0.3498059597,0.3314082587,0.2783718591,0.7909012325,0.4414996759,0.8790516774,0.6964319908,0.02034590749,0.1266337838,0.1926918242,0.5334718531,0.5460554029
365,1,1,1,1,1,0.5783129109,0.4516339508,0.6973519258,0.3534562061,0.7503777803,0.3506554261,0.3327938176,0.2789278441,0.7913549821,0.4398274401,0.8803791408,0.6981925276,0.02039625271,0.1268341459,0.1930174501,0.5316889726,0.5435138781
365.5,1,1,1,1,1,0.5778109659,0.4502123567,0.6964373923,0.3516808342,0.7513410425,0.3497848315,0.3314692828,0.2791474196,0.7913574594,0.4394247748,0.8801658286,0.69979303,0.02036897189,0.1256623742,0.193994957,0.5327816105,0.5411767591
366,1,1,1,1,1,0.5772088542,0.4484134279,0.6972079197,0.3531181208,0.7516429313,0.352357139,0.3295791607,0.2798633392,0.7929619046,0.4394933355,0.8801455614,0.6997815037,0.02032886949,0.1264068244,0.1957654372,0.530652304,0.5406769225
366.5,1,1,1,1,1,0.5767883981,0.448540815,0.6981144594,0.3534104832,0.7506802584,0.351354317,0.3290576481,0.2760823136,0.7923211604,0.4418064338,0.8794821907,0.6995815898,0.02028165123,0.1265733021,0.1962125326,0.5315871661,0.5417356007
367,1,1,1,1,1,0.5774597422,0.4476300548,0.6977115641,0.3546350025,0.751475533,0.3519438815,0.3321034894,0.2776857309,0.7929677496,0.4403700922,0.8796232991,0.7032523709,0.02037663855,0.1257416624,0.195177553,0.5306537158,0.5432189749
367.5,1,1,1,1,1,0.5775076297,0.4490047195,0.6969416632,0.3521796635,0.7486813494,0.3525370543,0.3329399857,0.2811448459,0.7923789752,0.4436382602,0.879202761,0.7021732574,0.02047705079,0.1261496176,0.1938390061,0.5295244415,0.5443676528
368,1,1,1,1,1,0.579482544,0.4477855047,0.6940180962,0.3519579301,0.7488407837,0.3499253604,0.3307532492,0.2810704022,0.7929656396,0.4421534839,0.8802823949,0.7013612006,0.02054500863,0.1247712454,0.1928103536,0.5286707104,0.5438005736
368.5,1,1,1,1,1,0.5766020203,0.4503268717,0.6936600087,0.3505915069,0.7499206751,0.350620096,0.3317263312,0.2805078576,0.7924660275,0.445544384,0.8804293594,0.6999917462,0.0204378443,0.1256423476,0.1914964548,0.5286364046,0.5444843748
369,1,1,1,1,1,0.5762539875,0.4499779959,0.6929901966,0.3522199585,0.7503421977,0.3511547425,0.3313752674,0.2808336159,0.7923434723,0.4461868711,0.8793195728,0.6981790681,0.02029975674,0.1249971316,0.1906158309,0.5293903652,0.542900299
369.5,1,1,1,1,1,0.5763394408,0.4504835026,0.6965002176,0.3519309258,0.7515244387,0.3519111534,0.3292130137,0.278238957,0.7924302403,0.4444654194,0.8797603275,0.6972370541,0.02033346583,0.1241046718,0.1917836524,0.5295158717,0.5413447051
370,1,1,1,1,1,0.575308493,0.4489948466,0.6953371798,0.3522868247,0.7491209278,0.3509601621,0.3309107794,0.2798029468,0.7929624174,0.442307367,0.8799294483,0.696585681,0.02028363268,0.1251687806,0.1908690089,0.5295231292,0.540577102
370.5,1,1,1,1,1,0.5744042099,0.4507026904,0.6956476412,0.3518820732,0.7480906369,0.3505274117,0.3313566905,0.2813412892,0.7920404251,0.4419160968,0.8791518978,0.696625223,0.02039776793,0.1254277938,0.1915888986,0.5290888296,0.539081509
371,1,1,1,1,1,0.5734936543,0.4527989912,0.6938311174,0.3541711245,0.7498796529,0.3508523282,0.3310729674,0.2806576204,0.7939589385,0.4412594504,0.878555776,0.6929108084,0.02020818366,0.1261401604,0.1905914979,0.5310580191,0.5401212229
371.5,1,1,1,1,1,0.575997708,0.4507067573,0.6937285153,0.3550112741,0.7496151818,0.3513825536,0.3320155915,0.2795952927,0.7944783091,0.4426385884,0.8767738725,0.6922452238,0.02036848441,0.1265055886,0.1919470193,0.5297666414,0.5375343649
372,1,1,1,1,1,0.5758559675,0.4509265398,0.6934531471,0.3523131379,0.7501106589,0.3528886406,0.3314474741,0.2795386068,0.7945852432,0.440179842,0.8772138249,0.6939291536,0.02033741879,0.1262664468,0.1937105696,0.5309351224,0.5353628007
372.5,1,1,1,1,1,0.5751782832,0.4513294591,0.6946252648,0.3514320924,0.7515070379,0.3554509028,0.3314647197,0.2807060765,0.7933791452,0.4392041962,0.8770399907,0.6931415686,0.02007943606,0.1257268774,0.1942266101,0.5322286668,0.5385619565
373,1,1,1,1,1,0.5754517886,0.4492520706,0.6948905003,0.3522349252,0.753097423,0.3565316499,0.3335359831,0.2812962043,0.7954429947,0.4390294513,0.8765508777,0.693616182,0.02001586195,0.1260297265,0.1948787637,0.5320413175,0.54064807
373.5,1,1,1,1,1,0.5761192241,0.4506808,0.6968458711,0.3517909193,0.7532150244,0.3557028865,0.3325559131,0.2795569358,0.7931680092,0.4396954772,0.8761655756,0.6937085823,0.02008371614,0.1263906386,0.1941045393,0.534118886,0.5401697752
374,1,1,1,1,1,0.5760092393,0.4508084095,0.6988759393,0.3516473622,0.7535412665,0.3546684621,0.3321462769,0.2783234581,0.7943876047,0.4419514772,0.8766994493,0.6943540235,0.02036358626,0.1247826514,0.1938490866,0.534297647,0.5424415075
374.5,1,1,1,1,1,0.5769212057,0.4515186896,0.6998777357,0.3518196652,0.7550152502,0.3541705147,0.3311609944,0.2763216759,0.7935093609,0.4427437408,0.8764983839,0.6944580784,0.02059087367,0.1248145979,0.1931662608,0.5338817295,0.5426336047
375,1,1,1,1,1,0.5744024146,0.4546398481,0.6987620739,0.353620746,0.7535047533,0.3517106921,0.3333104628,0.2775817496,0.7942572312,0.4448009169,0.8751209604,0.6949882383,0.02069585657,0.1240781285,0.1931036257,0.533927023,0.5431227914
375.5,1,1,1,1,1,0.5708191889,0.4557211447,0.6966094856,0.3537230909,0.7548389896,0.3536838604,0.3346220413,0.2775426154,0.7929646419,0.4437206648,0.8763745598,0.6923906979,0.0203925872,0.1251130863,0.1916990985,0.5347819508,0.5456174406
376,1,1,1,1,1,0.568811902,0.4520044109,0.6984913491,0.3514172411,0.7532778345,0.3539820578,0.3346212499,0.2737536019,0.7921906605,0.4445715034,0.8751396986,0.6929963585,0.02043692072,0.1253239894,0.1908000623,0.5333506715,0.5452194529
376.5,1,1,1,1,1,0.5735494158,0.4528904299,0.6984815952,0.3501514568,0.7538303378,0.3529129121,0.3346275784,0.2764002456,0.7922543492,0.4439032968,0.8760714597,0.6924548221,0.02035598344,0.1250964558,0.191961224,0.5320208647,0.546051493
377,1,1,1,1,1,0.5713458213,0.4503886344,0.696263371,0.3506161273,0.7552661539,0.3538308175,0.3350171644,0.2780056383,0.7934112048,0.4423341714,0.8774097059,0.6953719462,0.02022560792,0.1240796758,0.1915678176,0.5309297235,0.5472334025
377.5,1,1,1,1,1,0.5690780051,0.4494128074,0.6942644802,0.3497561874,0.7522681138,0.3538877739,0.3341241057,0.2787164497,0.7933885612,0.4418704521,0.8771518453,0.6966941503,0.02005467194,0.1251418011,0.1903413316,0.5319719354,0.5472777329
378,1,1,1,1,1,0.5708424696,0.4512041338,0.6950292338,0.3520740623,0.7511366491,0.3514795185,0.3341379222,0.2803379976,0.7932587781,0.4399252556,0.8772336178,0.6961946056,0.02002667958,0.1249958433,0.1926059659,0.5334645821,0.5460516364
378.5,1,1,1,1,1,0.5728375326,0.4486908979,0.6948584675,0.352204816,0.7511196909,0.3513828403,0.3344840806,0.2816530333,0.7935347982,0.4362596621,0.8768000445,0.6966375069,0.02008721507,0.1256506892,0.1913113476,0.5332373267,0.5465692139
379,1,1,1,1,1,0.57522876,0.4492112149,0.6932497206,0.3525512538,0.7514404889,0.3493990324,0.3371328053,0.2828985813,0.7947884564,0.4371814646,0.875777928,0.6949572493,0.01996458219,0.1252002481,0.1948767093,0.5324000885,0.5429831774
379.5,1,1,1,1,1,0.5739954779,0.4507481917,0.6935483103,0.3480464182,0.7509559964,0.3473490686,0.3354258925,0.2796066164,0.795054594,0.438005123,0.8760268898,0.6932640179,0.01996819221,0.1254601576,0.1945543368,0.5337510209,0.5478113096
380,1,1,1,1,1,0.577068766,0.4511924609,0.6937254802,0.34865074,0.751565312,0.3473964427,0.3363622498,0.2816372505,0.7966466944,0.4384672967,0.8759520775,0.6914013109,0.01997561367,0.1248088443,0.1950854751,0.533294238,0.5498563374
380.5,1,1,1,1,1,0.5745778303,0.4535049535,0.6968903615,0.3496567555,0.7526334187,0.3490794307,0.3347821891,0.2801100776,0.796378047,0.4399214877,0.8763130194,0.6926737103,0.0199616893,0.1245256001,0.1940506846,0.5328140015,0.5507476662
381,1,1,1,1,1,0.574031678,0.4532047021,0.6935776654,0.3524354369,0.7506635243,0.3483782497,0.3347480945,0.2834493315,0.7958389286,0.4415856366,0.8767447178,0.6930337249,0.02011582107,0.1256882357,0.1928712257,0.5319533366,0.5519792528
381.5,1,1,1,1,1,0.5721380577,0.4532171264,0.6964707855,0.3527025188,0.7532491787,0.3468801591,0.3328892187,0.2820879429,0.7948253564,0.4438306414,0.8766190375,0.6934002387,0.0201670113,0.1253757422,0.1924204209,0.5317949931,0.5515451171
382,1,1,1,1,1,0.5746232155,0.4512918689,0.6972016303,0.3550323971,0.7534227987,0.3483310431,0.3320057773,0.2794486086,0.7940345094,0.4443198043,0.8781750793,0.6951049508,0.02023101971,0.1252072174,0.1926800643,0.5341056257,0.5510252127
382.5,1,1,1,1,1,0.5733297618,0.4506097424,0.6987235042,0.3536235595,0.7539564705,0.3477927231,0.3332425697,0.2800159692,0.7927058689,0.4440960128,0.8776967701,0.6957284967,0.0202475893,0.1250506505,0.1931279127,0.5346340603,0.5504496884
383,1,1,1,1,1,0.5746551351,0.4511098847,0.6970963513,0.3542908766,0.7518028338,0.3501354075,0.3343872472,0.2820701801,0.7922706305,0.4455564612,0.8792716489,0.6973646607,0.02014489136,0.1258942898,0.1939222057,0.5344408718,0.5496514822
383.5,1,1,1,1,1,0.5751404666,0.4486650752,0.6976129572,0.3518319604,0.7513878468,0.3527030762,0.3371055765,0.2811601085,0.7941117517,0.4452097315,0.8795491598,0.7002323689,0.02030677329,0.1249611149,0.1922034416,0.5338348304,0.5499238563
384,1,1,1,1,1,0.5745076741,0.4489092809,0.6977283833,0.3519308391,0.7523763183,0.3533370822,0.337060532,0.2815210442,0.7941678274,0.4434699521,0.8796944109,0.6983153381,0.02044091133,0.1250386857,0.1915842593,0.5347366531,0.5485769307
384.5,1,1,1,1,1,0.5725217776,0.4480180708,0.6990373614,0.3533798726,0.7545368543,0.3545550188,0.3366976682,0.2815865375,0.7941121626,0.4422421879,0.8795514242,0.6984361181,0.02031381773,0.1249193622,0.1918340582,0.5319646426,0.5505851127
385,1,1,1,1,1,0.5719237049,0.4460467411,0.6971640587,0.3509729546,0.7525739684,0.3526631069,0.3347140408,0.2823674846,0.7949858136,0.4417969121,0.8796071403,0.6984417969,0.02040649541,0.1258947126,0.1924222666,0.5320107565,0.5486971963
385.5,1,1,1,1,1,0.5738353876,0.447800256,0.6983850154,0.3511853103,0.7531331983,0.3514992958,0.3362112327,0.2829031142,0.7946106108,0.4405774344,0.8784829465,0.6961703466,0.02026673902,0.125325647,0.1938432608,0.5317634349,0.5513051145
386,1,1,1,1,1,0.5703945326,0.4494925916,0.6976441987,0.35095608,0.7521309749,0.348325621,0.3370438073,0.2823820333,0.7912055247,0.4409677073,0.8781439124,0.6955148499,0.0201219816,0.123808828,0.1926035314,0.5336498138,0.5492701723
386.5,1,1,1,1,1,0.5683587806,0.4497701392,0.6979651685,0.3541084877,0.7551217254,0.3489397799,0.3345778985,0.2815115646,0.7929489853,0.4446515687,0.8789712733,0.6955362922,0.01998511369,0.1247822484,0.1934872889,0.5322333868,0.5491183959
387,1,1,1,1,1,0.5690900959,0.450287341,0.6985324383,0.3569797683,0.7512092827,0.3488807915,0.3345498663,0.2820695822,0.7927236849,0.4429152842,0.8801066416,0.6979074338,0.02011831802,0.1244495265,0.1964007788,0.5332700262,0.5484765859
387.5,1,1,1,1,1,0.570505881,0.4488207811,0.6985844387,0.3564329942,0.7520388682,0.3500531961,0.3337374762,0.2821153589,0.7923198458,0.4418182074,0.8810607621,0.6981300148,0.02007560608,0.123867342,0.1964604767,0.5332596448,0.5512577094
388,1,1,1,1,1,0.5731314207,0.4504774894,0.700010175,0.3550379489,0.7504826216,0.3509887603,0.3356012591,0.281560383,0.7938046147,0.4444103564,0.8818454741,0.6982541162,0.02016576088,0.1247210136,0.194601843,0.5307586285,0.5536682399
388.5,1,1,1,1,1,0.5713184637,0.4514518728,0.6994192217,0.3542621058,0.7507205016,0.3520358772,0.3357233541,0.2815763898,0.7951729952,0.4454561931,0.8824963836,0.6971336921,0.02015617732,0.1242349559,0.1937016363,0.5281260505,0.5538175387
389,1,1,1,1,1,0.5705922705,0.4521373661,0.6979390204,0.3510464808,0.7513469186,0.3508378583,0.336264461,0.2821609022,0.7956797136,0.443639436,0.8822162438,0.6957968777,0.02018506658,0.1249947074,0.1938546516,0.5306293216,0.5549839258
389.5,1,1,1,1,1,0.5731297703,0.4517335496,0.6988338385,0.351813532,0.7505287138,0.3519028042,0.3336672752,0.2842697177,0.7939801659,0.4465796633,0.8838744024,0.6941172764,0.02020729147,0.1246591949,0.1937791177,0.5305525181,0.553173033
390,1,1,1,1,1,0.57512803,0.4512988608,0.699632308,0.3519784323,0.7502939308,0.3512469253,0.3333892022,0.2852969208,0.7940921926,0.4484974399,0.8841646349,0.6962395533,0.02022617771,0.1256168918,0.193328607,0.5293815987,0.5527018423
390.5,1,1,1,1,1,0.5748258259,0.451587061,0.6971194251,0.3529641387,0.7505395476,0.3504834032,0.3314094348,0.285877713,0.7940905168,0.4493548066,0.8834334317,0.699533983,0.02032948775,0.1263083607,0.1918611704,0.5306077275,0.5545374776
391,1,1,1,1,1,0.5733837027,0.4497671778,0.6951207253,0.3537924648,0.7490289122,0.3493907031,0.3328510777,0.2845466893,0.7963124077,0.4476088196,0.8829725529,0.7003746673,0.02043351367,0.1264523324,0.1926091678,0.5276826624,0.5575406433
391.5,1,1,1,1,1,0.5741407675,0.4505093268,0.6955094652,0.3530624182,0.7493582553,0.3476154778,0.3347796942,0.2859662657,0.7967684603,0.4479381152,0.8834801634,0.7009832756,0.02031768225,0.1267890219,0.1935544437,0.5286522859,0.5568592884
392,1,1,1,1,1,0.5752251902,0.4486509046,0.6951635996,0.3530940507,0.7499605168,0.351760129,0.3366072679,0.2835972654,0.7957716791,0.4463746446,0.8812805319,0.7005446897,0.02026994456,0.1266444505,0.192754754,0.5280388645,0.5547994734
392.5,1,1,1,1,1,0.5766594713,0.4476919403,0.6937901655,0.3558370254,0.7491569557,0.3544303506,0.3389361537,0.2822806339,0.7968448751,0.4459684207,0.8805634361,0.6990595575,0.02019501017,0.1268879029,0.1927812755,0.5289143598,0.5527251902
393,1,1,1,1,1,0.5780255325,0.4476108715,0.6950122308,0.3552429297,0.7487768633,0.3529354772,0.3394202784,0.2832582131,0.7965374869,0.4490496803,0.8803905226,0.6953507673,0.02011275845,0.1271303338,0.1920914994,0.5262490815,0.5546027147
393.5,1,1,1,1,1,0.5784223544,0.448072745,0.6943899049,0.3562074655,0.749633965,0.3557826657,0.3370884255,0.2849085707,0.7988496255,0.4472106049,0.8816567651,0.6952817163,0.02029634964,0.1276339815,0.193353272,0.5255898729,0.5556989007
394,1,1,1,1,1,0.5795547956,0.4471291385,0.6969789418,0.3559385514,0.749399292,0.3572253441,0.3360762706,0.2827367855,0.7999810938,0.4447878963,0.8816765684,0.6956705073,0.02020311882,0.1279315103,0.1953874437,0.5246374275,0.5567877399
394.5,1,1,1,1,1,0.5802460858,0.4481096574,0.6979162181,0.355927223,0.7501654842,0.3561277789,0.3370989502,0.2816041455,0.8020296177,0.441253182,0.8811039144,0.6973214688,0.02021379493,0.1281110634,0.1962001489,0.523637609,0.554478043
395,1,1,1,1,1,0.5775637219,0.4484699393,0.6961406991,0.3549528374,0.7493944836,0.353741351,0.3360623906,0.2806575353,0.7994064046,0.4420955962,0.8806770307,0.6956613568,0.02031804036,0.1279464183,0.1965287267,0.5232046227,0.5545063572
395.5,1,1,1,1,1,0.5789423895,0.4477704018,0.6962260941,0.3529148789,0.749113131,0.3522439972,0.3353716571,0.2796941013,0.7998070783,0.4409380846,0.8809606995,0.6960424314,0.02032414601,0.1272143191,0.1962202989,0.5200148525,0.55385882
396,1,1,1,1,1,0.5758835556,0.4482323393,0.6964444194,0.3538939523,0.7477490976,0.3529593765,0.3364502455,0.2791721485,0.7990653181,0.4406505003,0.8812979473,0.6951951544,0.02040845945,0.1276013794,0.1962502528,0.5201221935,0.5544402512
396.5,1,1,1,1,1,0.5776160891,0.4487861026,0.6958355908,0.3521215651,0.7495081541,0.3511913137,0.3362978943,0.2781758307,0.7980132978,0.4392653141,0.8822618556,0.6964222264,0.02045372798,0.1277752625,0.1943770435,0.5204283843,0.5540897737
397,1,1,1,1,1,0.5757823037,0.4481470406,0.6965997399,0.3515340754,0.7517554272,0.3506065435,0.3330659443,0.2794130553,0.7958671732,0.4396530268,0.8812610839,0.6980166262,0.02026679807,0.1274153494,0.1940106619,0.5175571199,0.5507848935
397.5,1,1,1,1,1,0.5752132631,0.4488100866,0.6975070774,0.3501290978,0.7513974977,0.3485183793,0.3336424266,0.2807682859,0.7965119228,0.4405141079,0.8807052516,0.6995493553,0.02016405397,0.1272376604,0.1910009798,0.516443952,0.5485521771
398,1,1,1,1,1,0.5755609446,0.4471720577,0.6985509219,0.3497705926,0.7502463937,0.3477861412,0.3350404942,0.2803578025,0.7943310101,0.4415706467,0.8810949975,0.6982387363,0.02017397734,0.1262301227,0.1925536965,0.5159615501,0.5505953014
398.5,1,1,1,1,1,0.5737409912,0.449310363,0.6976175903,0.3502296375,0.7502334291,0.3490144845,0.3327995435,0.28183972,0.7915860266,0.4399368859,0.8800010981,0.6996066065,0.02006482564,0.1271303946,0.1930598154,0.5176732469,0.551251811
399,1,1,1,1,1,0.5758351587,0.4479621016,0.6960551424,0.351891771,0.7494541207,0.3482200929,0.3326632488,0.2818799807,0.7926772623,0.4408691985,0.8802097711,0.6982754673,0.02010757556,0.1271118012,0.1931931714,0.5205894863,0.5511963715
399.5,1,1,1,1,1,0.5762659309,0.4506751537,0.6970532109,0.3509931401,0.7476209093,0.3499721637,0.3330282496,0.2835464054,0.7912020912,0.4394740237,0.8784813567,0.7008606647,0.01995696656,0.1268766303,0.1929452084,0.519232659,0.5515690073
400,1,1,1,1,1,0.5727487862,0.4502675321,0.6955105135,0.3518887459,0.7489713594,0.3483182315,0.3324043776,0.2824355668,0.7909309771,0.4397179245,0.8782710575,0.7003455417,0.02020154833,0.1268509633,0.1932183906,0.5184790166,0.5532940604
400.5,1,1,1,1,1,0.5728686761,0.4517420293,0.6994796033,0.3526888559,0.7498453658,0.3473589544,0.3327408055,0.2822576442,0.7921641514,0.438391391,0.8775900965,0.6985381295,0.02022835375,0.1264318889,0.1933075792,0.518853154,0.5510507324
401,1,1,1,1,1,0.5723585436,0.4516728669,0.6973405762,0.3530607911,0.748780853,0.3458211408,0.3320347013,0.2830973487,0.792751216,0.4386680943,0.8767590755,0.6983161944,0.02023605745,0.126135119,0.1914667128,0.5170001166,0.5514871562
401.5,1,1,1,1,1,0.5707179665,0.4530761463,0.6967279534,0.3507213913,0.7493400021,0.3484495213,0.3323461963,0.2812971511,0.7920333661,0.4402152967,0.8777802003,0.699196036,0.02034458696,0.1248625503,0.1927490442,0.5153634878,0.5498852229
402,1,1,1,1,1,0.5705824763,0.4499549026,0.6961075972,0.3514040903,0.7516925975,0.3490598191,0.3318922378,0.2789421411,0.7917298235,0.4400473217,0.8788402353,0.6979785479,0.02037509416,0.1249661816,0.1931554731,0.516740095,0.5508653827
402.5,1,1,1,1,1,0.5692026454,0.4492050587,0.6962285616,0.352706824,0.7513935657,0.3491603435,0.3328158811,0.2781190642,0.7913209824,0.4384069599,0.8786931167,0.6973742567,0.02047081987,0.1237539836,0.1928137876,0.5175961077,0.5494346746
403,1,1,1,1,1,0.5696166462,0.4495829529,0.6938947725,0.3545699005,0.751876535,0.3519505627,0.3322884828,0.2772549455,0.7912779682,0.4368949242,0.878705368,0.6977968846,0.02040890738,0.1238321465,0.1920930485,0.519199208,0.5495103695
403.5,1,1,1,1,1,0.5690606335,0.4502700671,0.6953249508,0.356153193,0.7537621043,0.3542572169,0.3323023809,0.2791423329,0.7932676682,0.4372123036,0.8776800419,0.6955096779,0.02044433524,0.1244261218,0.1931741785,0.519274173,0.5483102845
404,1,1,1,1,1,0.5717416887,0.4489131822,0.6959188616,0.3572742804,0.7550373433,0.3521882561,0.3319027015,0.279247041,0.7938167579,0.4370691642,0.8765667828,0.6963821123,0.02027039217,0.1258357011,0.1936823197,0.5219806174,0.5448760687
404.5,1,1,1,1,1,0.5760798022,0.449968622,0.6961724321,0.3567914432,0.7546097787,0.3541565864,0.3341416742,0.2762980227,0.7938561899,0.4384120589,0.8762000041,0.6960949924,0.02014057681,0.127098581,0.1930858432,0.5204340178,0.5485056895
405,1,1,1,1,1,0.5752656479,0.4518662623,0.6945754525,0.3569565862,0.756040227,0.3541578901,0.3325683323,0.2756287811,0.7929419739,0.43502912,0.8761529093,0.6959049076,0.02023754994,0.1270238123,0.1920468826,0.5224937959,0.5467573423
405.5,1,1,1,1,1,0.5754892643,0.453482014,0.695797238,0.3571818552,0.7542185701,0.3523919874,0.3356718133,0.2772234333,0.7925067599,0.4342651851,0.8770711858,0.6931468437,0.02010192011,0.127268539,0.1909042878,0.5197548721,0.547251594
406,1,1,1,1,1,0.5724326267,0.4549066902,0.6964878041,0.3546109193,0.7545625622,0.3533035523,0.3339155346,0.2768711756,0.7916276152,0.4351070395,0.8753954445,0.6928423499,0.01993527556,0.1267775384,0.1920967048,0.5200007915,0.5472687982
406.5,1,1,1,1,1,0.5735195879,0.451654557,0.6974352755,0.355287684,0.7532088497,0.3532366088,0.3349883904,0.2767270247,0.7923171482,0.4342356646,0.8761917528,0.6944228867,0.02005221663,0.1264645422,0.1942592883,0.5188816639,0.5454631902
407,1,1,1,1,1,0.5750981741,0.4512894955,0.6994377194,0.354831555,0.7516840066,0.3555683071,0.3356978414,0.277060589,0.7918775554,0.433638164,0.877584777,0.6958846923,0.02024356541,0.126068721,0.1918909488,0.5198519862,0.5455545532
407.5,1,1,1,1,1,0.5742971446,0.4500064714,0.6981271251,0.3565758536,0.7532884669,0.3542973061,0.3342974464,0.277449092,0.7915363693,0.434381919,0.8773237716,0.6942957958,0.02024087161,0.1266371943,0.1920410873,0.5227533282,0.5473460894
408,1,1,1,1,1,0.5764244922,0.4512882995,0.6973405914,0.3572661436,0.7534543436,0.3550018484,0.3351802858,0.279612271,0.79403162,0.434019477,0.8773718123,0.6946822644,0.02015655362,0.1266981795,0.1938485685,0.520435716,0.5484725804
408.5,1,1,1,1,1,0.5763584454,0.4493737914,0.69695245,0.3566724397,0.7534464871,0.3562529402,0.3366910914,0.2794195197,0.7917566172,0.4374324415,0.8782714365,0.6966011289,0.02048253696,0.1252150262,0.1940818619,0.5211024029,0.5492597974
409,1,1,1,1,1,0.5734109131,0.4477849983,0.697983352,0.3568480467,0.7525803081,0.3561650931,0.3364578869,0.2796898496,0.7929156603,0.43663587,0.8790838023,0.6973027868,0.02076396689,0.1260526193,0.1936524056,0.5203923518,0.5463724542
409.5,1,1,1,1,1,0.5745777838,0.4470965703,0.6975340657,0.3580267746,0.7523447993,0.3558497635,0.3372990833,0.2804202085,0.791756171,0.4352966536,0.8793884286,0.6946054676,0.02048992793,0.1249239824,0.1916054934,0.522098336,0.545645758
410,1,1,1,1,1,0.5751639747,0.448989775,0.699131849,0.3584826828,0.7522860315,0.3546788581,0.3341862967,0.280450483,0.7920037666,0.4324201091,0.8792084138,0.6904897446,0.02044410057,0.1246561608,0.191559261,0.5217107871,0.5444262649
410.5,1,1,1,1,1,0.5755664329,0.4498842036,0.6973721323,0.3601722056,0.7515869207,0.3537986917,0.3341368595,0.2821007945,0.7913175571,0.4310161908,0.8776963763,0.690004116,0.02016192149,0.1245844839,0.190573321,0.521195098,0.5433362978
411,1,1,1,1,1,0.5746631613,0.4490311137,0.6981934896,0.3566326527,0.7530363889,0.3533418534,0.3342666007,0.2815036021,0.793382043,0.4332665793,0.8783156167,0.6908472433,0.01991053166,0.1246671418,0.1897167713,0.521519638,0.5448054605
411.5,1,1,1,1,1,0.5769366678,0.4492905596,0.6968142538,0.3558664258,0.751069094,0.3523946733,0.3356556736,0.2800244842,0.7938300339,0.4309232472,0.8791267615,0.6916749348,0.019904077,0.123957371,0.1894303204,0.5243687329,0.5435832934
412,1,1,1,1,1,0.5774951986,0.4471622702,0.6960789162,0.3568003946,0.7515725166,0.3523244836,0.3348094097,0.2787884981,0.7931562671,0.4300568406,0.8789893223,0.690211761,0.01992083429,0.1235000703,0.1882876964,0.5236242665,0.5415480985
412.5,1,1,1,1,1,0.5795364517,0.4496119753,0.6970772215,0.3548765029,0.7511486336,0.3516735516,0.334310845,0.2786985606,0.7912387323,0.4288919586,0.8810499396,0.6908575899,0.02001611661,0.1229474665,0.1896372419,0.5208080401,0.5419470771
413,1,1,1,1,1,0.5763018223,0.4488278273,0.6973595108,0.3530922216,0.7496531229,0.3522602943,0.3337935109,0.2797022909,0.7891601492,0.4333623741,0.8811688363,0.6933736292,0.02015149235,0.122754671,0.1914661648,0.5233639817,0.5439849786
413.5,1,1,1,1,1,0.5744920613,0.4482258892,0.6979831217,0.3529796336,0.7502446099,0.353811717,0.3346370024,0.2797853616,0.7887401457,0.4342898674,0.8803813806,0.6946629051,0.02013746057,0.1231221977,0.1910004463,0.5240022433,0.5417494057
414,1,1,1,1,1,0.575077232,0.4482075716,0.6982016845,0.3546611872,0.7493720387,0.3568134776,0.3360521059,0.280180263,0.7885701906,0.4345918898,0.8799143962,0.69384767,0.02020304225,0.1217060889,0.1905847535,0.5252918195,0.5419258896
414.5,1,1,1,1,1,0.575215941,0.4493390158,0.6980988546,0.3563068183,0.7504283702,0.3573202318,0.3346557475,0.2793157995,0.7902607394,0.4350360261,0.8785666437,0.6949963842,0.02029213383,0.1216996854,0.1912097011,0.5260889357,0.5443993424
415,1,1,1,1,1,0.5745750415,0.450001041,0.6969948048,0.3586268097,0.7507884149,0.3533401689,0.3363546981,0.279412428,0.7893051849,0.4356670687,0.8789581028,0.6967518323,0.0201350871,0.1215978031,0.1911310029,0.5253790784,0.5449735501
415.5,1,1,1,1,1,0.5736646922,0.4499527542,0.6983720414,0.3575986399,0.7534295755,0.352183168,0.3344380813,0.2785206771,0.7899929388,0.4339759637,0.8783367321,0.69826421,0.02026975627,0.1233891068,0.1913678393,0.5210543042,0.5415960944
416,1,1,1,1,1,0.5728390587,0.4522294722,0.6970140153,0.3571576019,0.752403947,0.3527076499,0.3328420323,0.2793540036,0.7892793037,0.4371159424,0.878574606,0.6992379794,0.02020193769,0.1240002071,0.1917700273,0.5204544512,0.5408419381
416.5,1,1,1,1,1,0.5734416019,0.4517979935,0.6983098138,0.3539503571,0.7496781564,0.3525381102,0.3339506056,0.2773887634,0.7901291252,0.4370047948,0.8777151726,0.7022924679,0.02015030163,0.1235374216,0.1907588221,0.5184936875,0.5388546198
417,1,1,1,1,1,0.5720259964,0.449909743,0.6981519978,0.3527502459,0.7497261554,0.3516036928,0.3336691493,0.2799169523,0.7904651076,0.436471791,0.8775521805,0.7023327717,0.02024505529,0.1229563619,0.1912602681,0.5184720942,0.5410407322
417.5,1,1,1,1,1,0.5742766905,0.4494173417,0.6938060313,0.3509809721,0.7511553548,0.3533761389,0.3345175795,0.2801568605,0.7926884831,0.4373877656,0.8767663436,0.6997984962,0.02032873152,0.1221540701,0.1935560864,0.5192507609,0.5414540904
418,1,1,1,1,1,0.5742370918,0.4495207471,0.6944977855,0.3516232418,0.7507838967,0.351468299,0.3343322487,0.2811226282,0.791661708,0.4384484621,0.8769579021,0.6975640219,0.02052985456,0.1213467235,0.1918636497,0.520695703,0.5408765672
418.5,1,1,1,1,1,0.5733777756,0.4491566918,0.6949669679,0.3520220846,0.751731517,0.356320388,0.3316054077,0.2801471108,0.7916811712,0.4415501672,0.8771240119,0.6959503398,0.0204060482,0.1223837388,0.19081139,0.5217144614,0.5404106316
419,1,1,1,1,1,0.5736292494,0.448300223,0.6967744799,0.3517235136,0.7532614304,0.354979098,0.3327711632,0.2825890244,0.7918405103,0.4391985658,0.8771577427,0.6948974213,0.02034134453,0.1233604643,0.1896350315,0.5244783819,0.5440033645
419.5,1,1,1,1,1,0.573260263,0.4474739624,0.6986920145,0.3497640405,0.7530108999,0.3559175781,0.3324515126,0.280774638,0.7900511423,0.4380111421,0.8767839182,0.6944005273,0.02047860541,0.1237863888,0.1907251366,0.525512583,0.5421169406
420,1,1,1,1,1,0.5732407365,0.4483562319,0.699240138,0.3502978388,0.7536256923,0.3533666038,0.3346393566,0.2829555702,0.7905226028,0.4370354364,0.8780190402,0.6924990223,0.0205418325,0.1252096125,0.1916643202,0.5248548651,0.5427672609
420.5,1,1,1,1,1,0.5725699855,0.4505619505,0.6955655972,0.3502490862,0.7518259312,0.3538483977,0.3354392237,0.2801148884,0.7918405818,0.4402633283,0.8784430077,0.6930920561,0.02041473515,0.1259674064,0.1921342063,0.5251657185,0.5416499479
421,1,1,1,1,1,0.5706100302,0.4523875884,0.6933334554,0.3493587746,0.7536280354,0.3525615928,0.3360261082,0.2796788614,0.7915379125,0.4392719616,0.8774990742,0.6911666117,0.02028581446,0.1266376714,0.1916817943,0.5259150226,0.5420734739
421.5,1,1,1,1,1,0.5753175913,0.4519753628,0.6930896199,0.3530351731,0.7522101179,0.3529119827,0.3353941911,0.2788152431,0.7923831796,0.4399566241,0.8776030518,0.6911130141,0.02014219801,0.1261850061,0.1914027104,0.5288115102,0.541806831
422,1,1,1,1,1,0.5734835403,0.4510008566,0.6923844606,0.3549415485,0.7537154388,0.3520474615,0.3376377965,0.2798540206,0.7937472523,0.437144164,0.8776286679,0.6895630028,0.02015920613,0.1272286898,0.19156949,0.5324516745,0.5422450181
422.5,1,1,1,1,1,0.5754472864,0.4518016269,0.6935490227,0.356741495,0.7528564379,0.3536757384,0.3383971483,0.2806501908,0.7952300214,0.4349229545,0.8781400254,0.6916923087,0.02007718077,0.1276141754,0.1933557596,0.5320851864,0.5423640125
423,1,1,1,1,1,0.5732678294,0.4522190796,0.692890356,0.3548150445,0.7529667203,0.3541339238,0.338247404,0.282848024,0.7954856472,0.4367818053,0.8792891235,0.6922138717,0.02027268627,0.1270749736,0.194230898,0.5315547292,0.5417895882
423.5,1,1,1,1,1,0.573788429,0.4507569628,0.6959261923,0.3520945371,0.752697344,0.3531248164,0.3386081014,0.2823458705,0.7967684495,0.4353464625,0.8792581666,0.6946215836,0.02021691739,0.1273005056,0.1937469917,0.530836998,0.5409592496
424,1,1,1,1,1,0.5767354054,0.4514372139,0.6971601187,0.3522474594,0.751569205,0.3503854565,0.3376182517,0.2828107604,0.7965164861,0.4338567849,0.8802951598,0.6956840882,0.02035672386,0.1271461348,0.1939257631,0.531785229,0.5406080855
424.5,1,1,1,1,1,0.5756499665,0.4510874438,0.6970879455,0.3517599981,0.7496329003,0.3521243672,0.3375886739,0.2817173993,0.7982248157,0.4332695015,0.8807164707,0.6965510815,0.02036048017,0.1259589962,0.1922099294,0.5320354627,0.5428840562
425,1,1,1,1,1,0.5772239859,0.4525228642,0.6974080191,0.3535257931,0.7508485179,0.3523321689,0.336831882,0.2808097108,0.7969270692,0.4342102178,0.8810678616,0.6984356898,0.02015861372,0.1257573345,0.193014884,0.5335121943,0.5424890418
425.5,1,1,1,1,1,0.5773448818,0.4494823127,0.6966083283,0.3543747981,0.7518998488,0.3523434634,0.3361608317,0.2790127414,0.7969177638,0.4357623584,0.8812523186,0.6978504252,0.02024345869,0.1260404449,0.1934712308,0.5319300819,0.5428249933
426,1,1,1,1,1,0.573972079,0.4500954494,0.6955343452,0.3562474063,0.7523021003,0.3529327998,0.3354640027,0.278074024,0.7966097926,0.43404053,0.8811976771,0.696759061,0.020147471,0.1267833439,0.1909379916,0.5312861721,0.5410962999
426.5,1,1,1,1,1,0.5737866712,0.4481419224,0.6940548642,0.3523164606,0.7494443036,0.3512024266,0.3325903686,0.2789886743,0.7981587156,0.4348034713,0.8812644193,0.6978115818,0.02017565079,0.1260038596,0.1913675453,0.5297997177,0.5445061056
427,1,1,1,1,1,0.5722878981,0.4498899058,0.6946170666,0.3534593491,0.75069074,0.3521179201,0.3322826133,0.279069677,0.7982804815,0.4375780869,0.8810899421,0.6971674635,0.02024856395,0.1266378623,0.191698951,0.5308562954,0.5431106662
427.5,1,1,1,1,1,0.5745635964,0.4511426654,0.6955248969,0.3532363047,0.7498774759,0.3521221723,0.332013982,0.2787141985,0.7976895073,0.4388733169,0.8813323444,0.6979654159,0.02039609114,0.1257345459,0.1915076313,0.5341147654,0.543393782
428,1,1,1,1,1,0.579876686,0.4514059782,0.6952494293,0.3530044282,0.7508130237,0.3550940959,0.3313546169,0.2785276523,0.7974765913,0.4397652695,0.8828463957,0.6984298508,0.0201508501,0.1266663994,0.1927668734,0.5356123318,0.5411678154
428.5,1,1,1,1,1,0.5770488276,0.448173869,0.6958251764,0.3539419213,0.749414,0.3556044777,0.3337508026,0.278118916,0.7972893347,0.4406202585,0.8822970094,0.6989008747,0.02008193868,0.1286386858,0.1935279064,0.536580499,0.5411247471
429,1,1,1,1,1,0.5790130334,0.449816351,0.694968945,0.3557930992,0.7477906839,0.3568830566,0.3337509441,0.2799407387,0.7964968275,0.4391023172,0.8813252245,0.6960385381,0.02012746199,0.1280649375,0.193233669,0.5354358062,0.5427586059
429.5,1,1,1,1,1,0.5799146477,0.4534805139,0.6942012122,0.3558907611,0.7506877359,0.3552479073,0.3327982579,0.2799311675,0.7965056362,0.4389380008,0.8820106564,0.6987611826,0.02027438135,0.1287537251,0.1926908595,0.5355247566,0.5441804999
430,1,1,1,1,1,0.5782995654,0.4520301391,0.6950674641,0.3549243863,0.7512150816,0.3543099003,0.3347689002,0.2806034029,0.7934637934,0.4392270817,0.8806633805,0.7019465116,0.0201316729,0.1270514278,0.1928343832,0.5342659717,0.5462779936
430.5,1,1,1,1,1,0.5785939695,0.4494930924,0.6949173241,0.3585335191,0.7526129999,0.3548430692,0.3341749714,0.2809035579,0.7937730812,0.4409786218,0.8808005153,0.7018499789,0.02027557595,0.1274825296,0.193270675,0.5336170564,0.5467829291
431,1,1,1,1,1,0.5776542507,0.4504718959,0.6977200352,0.3558125676,0.7521996675,0.3523714698,0.3356637741,0.2798728788,0.7920542492,0.4415590367,0.8820595661,0.7015793718,0.02011493061,0.127865622,0.1949508052,0.534168904,0.548737468
431.5,1,1,1,1,1,0.5734061805,0.4492442531,0.69552259,0.353913655,0.7498022919,0.3529509956,0.3377874518,0.2783527536,0.7913253809,0.4394833581,0.8816336854,0.6998183688,0.0204443028,0.1276613687,0.1945161738,0.5317352032,0.5482989409
432,1,1,1,1,1,0.5747332238,0.4489435035,0.6962440415,0.3525820533,0.7495568697,0.3536073534,0.3374479446,0.2795542668,0.7904323192,0.4386548593,0.8812146918,0.6993286616,0.02070927034,0.1270179245,0.1940786141,0.5318931898,0.5478900426
432.5,1,1,1,1,1,0.5760956762,0.4520777979,0.6974187095,0.350210739,0.748650134,0.3539536526,0.335325977,0.2822481855,0.7899665001,0.4407820521,0.8815192819,0.6994601684,0.02048240688,0.1263429317,0.1955660843,0.5309917325,0.545624608
433,1,1,1,1,1,0.5780479073,0.4519856768,0.6965850415,0.3495663924,0.7520879686,0.3517827967,0.3373796414,0.282170005,0.7890585145,0.4417004678,0.8815856465,0.70070509,0.02062771095,0.1258972119,0.1949508592,0.5321445834,0.5472178335
433.5,1,1,1,1,1,0.5774180934,0.4496910829,0.6969447436,0.3507438606,0.7508191682,0.3517661693,0.3349681216,0.2813699948,0.7904784042,0.4398203572,0.8817882925,0.6991205449,0.02062416606,0.1253518032,0.19679517,0.5314961487,0.5467102439
434,1,1,1,1,1,0.5783683802,0.4499116371,0.6955080376,0.3513033156,0.7517885274,0.3505737799,0.3339643491,0.2812070541,0.7921823825,0.4375746887,0.8815427172,0.7002540837,0.0203355645,0.1257527939,0.1964051949,0.5302579379,0.5449006604
434.5,1,1,1,1,1,0.5778529875,0.4481300963,0.696545842,0.3537611105,0.752307008,0.3494386654,0.3349934593,0.2825578019,0.7931808345,0.4399127628,0.8814103418,0.7028336622,0.02057252537,0.1239359863,0.1957528817,0.5296520342,0.5458537379
435,1,1,1,1,1,0.5755288505,0.4511066236,0.6956318656,0.3515336192,0.7527320216,0.3496188192,0.3347785143,0.2815410471,0.7935396308,0.4419448291,0.881731842,0.7018333919,0.02052452499,0.1240847292,0.1947162263,0.5286765214,0.5434527571
435.5,1,1,1,1,1,0.5737309527,0.4487340881,0.6931760839,0.3517086461,0.753467844,0.3491733995,0.3349246003,0.2804081065,0.7934496281,0.4416919047,0.881998225,0.7024382244,0.02054446601,0.1236013415,0.1940504231,0.5292610938,0.5410109758
436,1,1,1,1,1,0.5715308535,0.4492184101,0.6954727949,0.3529664122,0.7514788311,0.349640898,0.3360096279,0.2789840092,0.7932717809,0.4424442044,0.8815076739,0.7022575137,0.02037901459,0.1230921044,0.1944457074,0.5322563975,0.5395459094
436.5,1,1,1,1,1,0.5719189159,0.4480263909,0.6944631823,0.3535965602,0.7512280416,0.3508347885,0.3344588017,0.27966225,0.7933285163,0.4439499098,0.8820240034,0.7032623235,0.02051743251,0.1227479167,0.1949937723,0.5323657317,0.5406906781
437,1,1,1,1,1,0.5723226414,0.4486325828,0.6942614943,0.3527505234,0.7503834411,0.3506713989,0.3320771256,0.281677628,0.7942482126,0.4414328924,0.8806172032,0.7024211797,0.02015481401,0.1222846135,0.1944159078,0.5329465687,0.5415021742
437.5,1,1,1,1,1,0.5724650036,0.4493396043,0.6945995576,0.3506989238,0.7509039388,0.3515542685,0.3317328349,0.2819533159,0.7943034129,0.442747012,0.8795485512,0.7023636364,0.02008509581,0.1223920728,0.1934674372,0.5335403116,0.5412611694
438,1,1,1,1,1,0.5741884072,0.4481797549,0.6945149641,0.3493298169,0.7508458755,0.3534968428,0.3315582992,0.2821698638,0.7936286845,0.4422011252,0.88052717,0.6992979556,0.01998818482,0.1217998989,0.1933998205,0.5346635073,0.5435449776
438.5,1,1,1,1,1,0.5754943722,0.4476548998,0.6957261432,0.3500815691,0.7509313463,0.3516059466,0.3309315986,0.2826637384,0.7942682785,0.4413712449,0.8811124486,0.7015070421,0.01988487342,0.1218154793,0.194743712,0.5339420135,0.5420750089
439,1,1,1,1,1,0.5749782756,0.4480488986,0.696446729,0.3515485157,0.7528285542,0.3519158402,0.3353667897,0.2832203517,0.7927293734,0.4426522914,0.8809095207,0.7003953216,0.0201280166,0.121615966,0.1931193707,0.5319304314,0.5410326163
439.5,1,1,1,1,1,0.5760653935,0.4470745368,0.6971800665,0.3523618581,0.7525691914,0.3513924641,0.3340874139,0.2836808367,0.7915191013,0.4404854368,0.8804049744,0.6995541577,0.02016691687,0.1209080133,0.1921683795,0.5328699599,0.5402901493
440,1,1,1,1,1,0.5737348079,0.4466617855,0.6979186818,0.3525947824,0.7546943348,0.3489357222,0.3331930523,0.2849066953,0.7906998605,0.4393522049,0.8805104723,0.7026122367,0.0203061714,0.1209431954,0.1912706771,0.533996638,0.5424535348
440.5,1,1,1,1,1,0.5714009103,0.4482767854,0.6979789298,0.3528675068,0.7543868622,0.3476432446,0.3331322675,0.2840474963,0.7907243391,0.4415208387,0.8800760813,0.7018817718,0.02029924657,0.1201726303,0.1928591085,0.5370125818,0.5437027819
441,1,1,1,1,1,0.5730466916,0.4505259058,0.6970853278,0.3526063435,0.7516276412,0.3477359606,0.3321601209,0.2832776367,0.7910992402,0.4414125886,0.8794445815,0.7016681086,0.02044046757,0.1201797753,0.1916535481,0.532965994,0.54324602
441.5,1,1,1,1,1,0.5717364385,0.4500635055,0.6961829384,0.353295295,0.7525150402,0.3487275789,0.3323925393,0.2818721505,0.7906648597,0.4413125053,0.878828381,0.7018054037,0.02066252416,0.121118582,0.1920694654,0.5324475887,0.5431629832
442,1,1,1,1,1,0.5730605879,0.4508208649,0.6959001456,0.353837111,0.7533764613,0.3485402133,0.3334311557,0.2817632799,0.7892337911,0.4384366203,0.8788562334,0.7005780461,0.02037228844,0.122960788,0.1898686737,0.5307478528,0.5390915955
442.5,1,1,1,1,1,0.5720956522,0.4476218388,0.6945504465,0.3526953962,0.7525482991,0.3501691577,0.3338962143,0.2806430146,0.7901918677,0.4383908289,0.8778168534,0.6984709956,0.02036854639,0.1233858405,0.1892891819,0.5320938379,0.5403377428
443,1,1,1,1,1,0.5737895573,0.4485242222,0.6942333406,0.3510739008,0.7534043591,0.3511542749,0.3313849328,0.2810158703,0.7901506918,0.4395369792,0.8777786229,0.6984268262,0.02054554668,0.1233779702,0.1895710874,0.5322403768,0.5418232505
443.5,1,1,1,1,1,0.5741533524,0.4484488803,0.6949056971,0.3515231695,0.7538997406,0.3519367247,0.332376187,0.2840764245,0.7904675768,0.4444128934,0.8775476261,0.6985013631,0.02054816587,0.1238945344,0.1893177972,0.5314208861,0.5397320482
444,1,1,1,1,1,0.5760296822,0.4499039417,0.6965822041,0.3522413921,0.7503182279,0.3520206608,0.3334952609,0.2839403849,0.7906749828,0.4446286326,0.8769075292,0.6980747224,0.02035610703,0.1233123414,0.1894013017,0.5305898213,0.5379824423
444.5,1,1,1,1,1,0.5751041516,0.4519990244,0.6968484316,0.353765044,0.7491074309,0.3501926911,0.3323275304,0.2847100335,0.7908343461,0.446388995,0.8781187935,0.6973134012,0.0202699029,0.1238537512,0.188021384,0.5324637649,0.5382617821
445,1,1,1,1,1,0.5739744287,0.4490408747,0.6962842351,0.3534215238,0.7489252831,0.3493907589,0.3348968142,0.2838460728,0.7927465515,0.4456841253,0.8796231893,0.6958199543,0.02017304708,0.124686218,0.1879811483,0.5302048705,0.5374566431
445.5,1,1,1,1,1,0.5717433985,0.4517729495,0.6960843301,0.353250353,0.7500228872,0.3491120091,0.333157324,0.2827311348,0.7924081163,0.4476811214,0.8811114847,0.6977202193,0.02019518111,0.1251700951,0.1879493837,0.5308897729,0.5365824315
446,1,1,1,1,1,0.5733330194,0.4533869514,0.6950598129,0.3551736528,0.749924885,0.3505304665,0.3338078667,0.2830207932,0.7937616223,0.4494398873,0.8810817377,0.6956117681,0.02014375954,0.1259630706,0.1887629411,0.5286506234,0.5383445999
446.5,1,1,1,1,1,0.5718764042,0.453043832,0.6951953261,0.3552930443,0.7511786108,0.3513456774,0.3356089204,0.2845115364,0.794235378,0.4464933214,0.8810803483,0.6957228436,0.02018639514,0.1254044333,0.1893120677,0.5283592794,0.536533504
447,1,1,1,1,1,0.5731252354,0.4534962826,0.6970409139,0.3545101891,0.7516126994,0.3517534489,0.3364789739,0.2824023064,0.7952097283,0.4482664169,0.8818774686,0.6950259021,0.02019951925,0.1250695027,0.188786097,0.5283674022,0.535643743
447.5,1,1,1,1,1,0.5721636706,0.4523946424,0.6956952443,0.3559838028,0.7510973549,0.3512903718,0.3369894882,0.2838910361,0.7954137866,0.4448990247,0.8816821287,0.6957970874,0.02040012571,0.1242421912,0.1895422193,0.5298591376,0.5327885585
448,1,1,1,1,1,0.571958799,0.4505070294,0.695688548,0.3561778258,0.750885409,0.3489570213,0.337073864,0.2825840001,0.7960636295,0.443667662,0.8822787059,0.6948177842,0.02047525762,0.1248641856,0.19182158,0.5306829737,0.5354943597
448.5,1,1,1,1,1,0.5702408197,0.448679387,0.6951670162,0.3545961422,0.751830251,0.3479724173,0.3365501439,0.2846690623,0.7942247209,0.4414096136,0.8818259853,0.6947803393,0.02046249066,0.1237340617,0.1928726964,0.5288806597,0.5344566432
449,1,1,1,1,1,0.5710044986,0.4550757317,0.694586643,0.3548172753,0.7516945701,0.3465161473,0.3359638424,0.2834571055,0.7917953071,0.4452849145,0.8815837362,0.6943559443,0.02046319462,0.1242852048,0.1931091907,0.5281892117,0.5321028773
449.5,1,1,1,1,1,0.5734046584,0.4531403643,0.6949453223,0.3546796798,0.7535818542,0.3488977348,0.3344088409,0.2829737869,0.7940745143,0.4412779186,0.8824684159,0.6936459979,0.02040630544,0.1250468737,0.1930080834,0.5288896737,0.5276198626
450,1,1,1,1,1,0.5719485442,0.4496491205,0.6942161341,0.352115831,0.7542825098,0.3493095339,0.3336599178,0.2845088443,0.7926845145,0.4409474832,0.8829860874,0.6959907256,0.02024441466,0.1258481576,0.1917439106,0.525449212,0.5300042912
450.5,1,1,1,1,1,0.5703355839,0.4496011134,0.6946364101,0.3530919954,0.7523845678,0.3479403076,0.3311118189,0.2835809144,0.7925042845,0.4370853682,0.8826416057,0.6979144129,0.01998830875,0.125436616,0.1916926447,0.5271213481,0.5308599081
451,1,1,1,1,1,0.569844921,0.4500026091,0.6954245315,0.3567630151,0.7513009633,0.3487586464,0.329666415,0.2849185187,0.7947826591,0.4395551855,0.8826984574,0.6992924461,0.01993104649,0.1245566527,0.1911777203,0.526756906,0.5300695329
451.5,1,1,1,1,1,0.571394754,0.4492424981,0.6962655134,0.3560278,0.7513150402,0.3505639539,0.3310501633,0.2813236125,0.7948627745,0.4371973307,0.883509977,0.6994191162,0.01977009174,0.1250217031,0.1920947549,0.526008391,0.5327611083
452,1,1,1,1,1,0.572106055,0.4509564859,0.6947271356,0.3540375519,0.7497186752,0.3513934891,0.3304721724,0.283818026,0.7954234009,0.4366999683,0.8841584077,0.6984828621,0.02003210419,0.1250868197,0.1908658191,0.52884083,0.5327449073
452.5,1,1,1,1,1,0.5728902339,0.4511613835,0.6959033602,0.3531440285,0.7497655302,0.3496677336,0.3314327971,0.2809463506,0.7961103353,0.435100672,0.8844972838,0.7006688631,0.0202332526,0.1255371593,0.1913726027,0.5274290618,0.5349297131
453,1,1,1,1,1,0.5713714174,0.4518650411,0.6954274624,0.3524808429,0.7492588388,0.3499166084,0.3303182977,0.2809501473,0.7968703033,0.4330299553,0.8838090479,0.7024333927,0.02020952749,0.1254378058,0.1919629402,0.5271063632,0.5332919916
453.5,1,1,1,1,1,0.5732483095,0.4489729662,0.6969197577,0.3527975195,0.750094582,0.3491493277,0.3301678895,0.2797682803,0.7969556993,0.4395946588,0.8842316259,0.7033488285,0.02022204878,0.1255780256,0.1909480774,0.5258871107,0.5390531369
454,1,1,1,1,1,0.5721944486,0.4488704602,0.6969551494,0.3527370334,0.7522114843,0.3499418503,0.3289027024,0.2796511475,0.7950131945,0.4406423571,0.8839096989,0.7017043037,0.02021576819,0.1258163483,0.1914476211,0.5257263717,0.5390368796
454.5,1,1,1,1,1,0.5707637438,0.4501698679,0.6972495484,0.3521891694,0.7511568466,0.3485530833,0.3298999874,0.2772661199,0.7930574662,0.440607696,0.883253162,0.7017747527,0.02016032621,0.1240050222,0.192402936,0.5249778786,0.5377300882
455,1,1,1,1,1,0.5720765319,0.4495423283,0.6974097156,0.3529019326,0.7504622877,0.349713884,0.3323680892,0.2780203293,0.7922835049,0.4398310643,0.8831704026,0.6992913404,0.02020659677,0.1234717821,0.1918451886,0.5280610516,0.5388762703
455.5,1,1,1,1,1,0.573546847,0.4505974291,0.694909605,0.3522613093,0.7503096646,0.3501086459,0.3349658115,0.2783134859,0.791629237,0.4399063413,0.8820563055,0.699843522,0.02028284517,0.1235293883,0.1924305703,0.5292319325,0.5368499361
456,1,1,1,1,1,0.5746429915,0.4479287556,0.6969175202,0.3528052734,0.7504624901,0.3520714148,0.3351378122,0.2768041866,0.7933096877,0.4387950679,0.8816287496,0.6995205321,0.02040224895,0.123614306,0.1931794014,0.5271768333,0.5374560148
456.5,1,1,1,1,1,0.574937601,0.4463913789,0.6984755799,0.3522753075,0.7528566527,0.3532594707,0.3353535715,0.2779460131,0.7921135533,0.4392750514,0.8807087924,0.7005139464,0.02041001688,0.1249135842,0.1927063197,0.5269796387,0.5373771759
457,1,1,1,1,1,0.5753004249,0.4460812681,0.6982008651,0.3512362418,0.7523097776,0.3540415616,0.3339310482,0.2787103469,0.7922317451,0.4410767525,0.8815960785,0.6996506644,0.02041098562,0.1242819789,0.1910910692,0.5265496922,0.537949634
457.5,1,1,1,1,1,0.5775425401,0.4480877351,0.6974958546,0.3519754586,0.7505201577,0.3523281986,0.3333345678,0.275510734,0.7927926285,0.4367906407,0.8833447918,0.697415193,0.02047794032,0.1254892403,0.1906341431,0.5281816245,0.5385720705
458,1,1,1,1,1,0.5791702529,0.4497847561,0.6979627785,0.3504600637,0.7505762121,0.3503881808,0.3329247977,0.2770795512,0.7913784013,0.4361855829,0.8842885224,0.6980144706,0.02033172778,0.1263385225,0.1908387281,0.5315974358,0.5395346252
458.5,1,1,1,1,1,0.5786010729,0.4503185469,0.6985992064,0.3519648693,0.7498285478,0.3489495803,0.3330803667,0.2762888245,0.7915459765,0.4400044238,0.8839253461,0.6998741476,0.02036977267,0.1277667514,0.1894978506,0.5318695122,0.5412843418
459,1,1,1,1,1,0.5798475484,0.4506970334,0.6977202727,0.3529137824,0.7490632016,0.3472884765,0.3341874897,0.2778589913,0.7914898121,0.4421672542,0.8834271775,0.6999896761,0.02037061061,0.1274346595,0.1897220367,0.5296219156,0.540337849
459.5,1,1,1,1,1,0.5766018405,0.450719813,0.6969675389,0.3532119564,0.7493984611,0.3483144418,0.3326686842,0.2792721737,0.7907133274,0.443860029,0.8824362619,0.7004340828,0.02036683306,0.1279946907,0.1902521091,0.5325188164,0.5394325459
460,1,1,1,1,1,0.5749508267,0.4518560926,0.6981836479,0.3542361989,0.7499027249,0.3515609642,0.3305485843,0.279926936,0.7903611581,0.4426295921,0.8819579075,0.7015650844,0.02048762264,0.1272211051,0.1904947269,0.5314392325,0.5378275764
460.5,1,1,1,1,1,0.5760975579,0.4500398873,0.7001413969,0.3521835504,0.7498629224,0.3529147691,0.3296753831,0.2823026715,0.7904592926,0.4418053669,0.8821094824,0.7003125009,0.02037648678,0.1275425143,0.1908994321,0.534725855,0.5374829965
461,1,1,1,1,1,0.5753468525,0.4488168482,0.6990418457,0.3537919976,0.7523186637,0.3528736772,0.3314728996,0.2828379441,0.7911585067,0.4411132707,0.8823670688,0.7025772038,0.02035788548,0.1265269029,0.189273756,0.5367676133,0.5391295798
461.5,1,1,1,1,1,0.573623393,0.4506032556,0.6981210876,0.3528425223,0.7495776665,0.3531086302,0.3317733322,0.2826138997,0.793093609,0.4421744879,0.8819697107,0.7001643269,0.02050753688,0.1267568114,0.1881297691,0.5367186996,0.5399898248
462,1,1,1,1,1,0.5735935169,0.4517600439,0.6977585516,0.3530636604,0.7496551708,0.3545510474,0.3324610695,0.2823889009,0.7937528694,0.4439607971,0.883283946,0.6994492156,0.02055519808,0.1275781159,0.1900432823,0.5365899925,0.5391751394
462.5,1,1,1,1,1,0.5733615728,0.4497787722,0.6956452123,0.3503286657,0.7522620441,0.3539288506,0.333858266,0.2840040145,0.7945172539,0.4436038278,0.8821577359,0.6975231061,0.02056570131,0.1269471096,0.1896138195,0.5360116527,0.5339129926
463,1,1,1,1,1,0.5751887737,0.4477825306,0.6957383898,0.3505439184,0.7511490938,0.3514932803,0.3347288678,0.2838794877,0.7934066544,0.4448353845,0.8827945803,0.6997412709,0.02074361884,0.125975711,0.1900461482,0.5353255444,0.5334678628
463.5,1,1,1,1,1,0.5761083253,0.4509733104,0.6949095977,0.3528617825,0.7519779824,0.3500628371,0.3349933169,0.2851872482,0.7942183617,0.4426764006,0.8830177858,0.6996160068,0.02072007271,0.1258520951,0.1908043195,0.5331821937,0.5320159907
464,1,1,1,1,1,0.5751143269,0.451228911,0.6947771016,0.3542789522,0.7518333352,0.3507779614,0.3338800616,0.2863203769,0.7952810273,0.4444905097,0.8820863982,0.6982675326,0.02073674672,0.1252200859,0.1930647191,0.5314624417,0.5337432759
464.5,1,1,1,1,1,0.5764700881,0.4510325496,0.6960668459,0.3534292128,0.7524129232,0.3506682603,0.3337403023,0.2827563138,0.7945944047,0.4470608394,0.8816545134,0.6984669594,0.02074340584,0.124516859,0.1947335526,0.5311239101,0.533377383
465,1,1,1,1,1,0.5756891264,0.4518641266,0.6962721029,0.3544366315,0.7537411593,0.3495987734,0.3351890196,0.2816030887,0.7949013619,0.4457951797,0.8808086043,0.7005597177,0.02072288117,0.1256810845,0.1968327586,0.5294770875,0.5306990297
465.5,1,1,1,1,1,0.5746069116,0.4506582941,0.6954477111,0.3526395495,0.7537024611,0.3491255905,0.3364941543,0.2809454445,0.7951414244,0.4430388693,0.880866703,0.7005841326,0.02058949433,0.1257397318,0.19594646,0.5300606779,0.5309246112
466,1,1,1,1,1,0.5730220073,0.4508170909,0.6967676665,0.3527155226,0.7528674196,0.3498857954,0.3362182555,0.2832830169,0.794326947,0.4419893983,0.8810424556,0.6981599813,0.02069256338,0.1258238978,0.1945125344,0.5295086507,0.5317824651
466.5,1,1,1,1,1,0.5740024924,0.4481128597,0.6978905511,0.3524848758,0.7529067022,0.3507133201,0.3356111148,0.2836545998,0.7916518055,0.4421832933,0.8814375448,0.6980419304,0.02079696793,0.1253295045,0.1951657552,0.5300760689,0.5303708746
467,1,1,1,1,1,0.5749155103,0.4499453224,0.6988888894,0.3550660149,0.7545347609,0.3512680943,0.3354714535,0.2816931254,0.7937296729,0.4424511867,0.8806314287,0.7007357292,0.02078760652,0.1261782164,0.1951601456,0.5308931906,0.5309727495
467.5,1,1,1,1,1,0.5755016061,0.4496758067,0.6983979708,0.3572612577,0.7549038373,0.3480877234,0.3364342677,0.2813114008,0.7930201336,0.4458020516,0.8819386677,0.6992546396,0.02088881192,0.1264839795,0.1939617386,0.5344462469,0.5312965746
468,1,1,1,1,1,0.5756495993,0.4496244365,0.6977508532,0.3565882123,0.7532511044,0.350951171,0.3356424002,0.2812851861,0.793167416,0.4425794343,0.8821551956,0.6968448985,0.02072230242,0.1271649201,0.1939536908,0.5325645778,0.5280454703
468.5,1,1,1,1,1,0.5742470706,0.4506884452,0.6993088614,0.3546295332,0.7530369813,0.3531544358,0.3373677565,0.2810527133,0.7954186316,0.4430140481,0.8816758757,0.6975562272,0.02060142478,0.1264291005,0.1936070999,0.5329276034,0.5293044741
469,1,1,1,1,1,0.5745673637,0.449176614,0.6979328793,0.3558957568,0.7528552543,0.3527100031,0.3373869039,0.2800827327,0.7959720782,0.4427288542,0.880874321,0.6972550039,0.02076709621,0.1265099554,0.1937474908,0.5352133492,0.5279569526
469.5,1,1,1,1,1,0.5726642746,0.4491503978,0.6953812505,0.3550199945,0.7519448215,0.3534396965,0.3343801008,0.279166494,0.7940734028,0.4462091724,0.8800749337,0.6971754736,0.02051889358,0.1278994199,0.1918158989,0.5375434633,0.5277089402
470,1,1,1,1,1,0.5739045554,0.4488454996,0.695680857,0.3540010042,0.7520082744,0.3538295623,0.3361288134,0.2804300705,0.7939118515,0.4469144364,0.8804197096,0.6980829476,0.020541879,0.1261724621,0.1913494947,0.5353811892,0.5303891297
470.5,1,1,1,1,1,0.5731444024,0.4509900372,0.6971484467,0.3537940007,0.7522608446,0.3545091686,0.3354210165,0.2831607936,0.7944545249,0.4460501406,0.8787492096,0.6976067582,0.02046381754,0.1257570595,0.1916900619,0.534169726,0.5353121629
471,1,1,1,1,1,0.5743860133,0.4505859983,0.6956908866,0.3538888627,0.7518773184,0.3530869993,0.3338354998,0.281644192,0.7939454561,0.4456554701,0.8779713406,0.6953797481,0.02010197242,0.1258004252,0.1934300881,0.5339525323,0.5354186994
471.5,1,1,1,1,1,0.5718916124,0.4505799035,0.6968575847,0.3559932469,0.7535534557,0.353564072,0.3335467805,0.279693872,0.794146038,0.4479949338,0.8782275292,0.694633144,0.02028522061,0.1263140346,0.1934473352,0.5355466011,0.5341021001
472,1,1,1,1,1,0.5710729476,0.45136128,0.6950175851,0.3560391671,0.7527832802,0.3563329751,0.33350366,0.282295525,0.7933431769,0.44759289,0.8788842354,0.6967421956,0.02018948834,0.1267974973,0.1947697424,0.5365623191,0.5367862596
472.5,1,1,1,1,1,0.5714241958,0.4511795051,0.6976424394,0.355965265,0.7519294878,0.3569259273,0.3357759988,0.2809536239,0.7932051905,0.448552381,0.8801709886,0.6982951137,0.02021232569,0.1261876793,0.1951676858,0.5362480702,0.5400780332
473,1,1,1,1,1,0.5705146915,0.4511555977,0.6967605969,0.3550125474,0.7537950976,0.3554956212,0.3381998066,0.2816168976,0.7929528121,0.4476750982,0.8791536945,0.699622794,0.02061153666,0.1261400296,0.1938880635,0.5377770656,0.537054363
473.5,1,1,1,1,1,0.5722152879,0.4520426158,0.6968397055,0.3524161439,0.7523898642,0.3560227834,0.3366086838,0.2823965022,0.7919823387,0.4463683074,0.879522838,0.6990352025,0.02044884363,0.1252541926,0.1930696439,0.5392361855,0.5367616297
474,1,1,1,1,1,0.5721468794,0.4527875635,0.69447929,0.3520585975,0.7529915542,0.3546084158,0.3355158437,0.2822608772,0.7925030541,0.4453440938,0.8794984455,0.6961978542,0.02049349123,0.1250270212,0.1932856936,0.541490204,0.5386918904
474.5,1,1,1,1,1,0.5722616885,0.4521122751,0.6965709139,0.3504838478,0.7541696144,0.3536870151,0.335152774,0.2810277505,0.7906111165,0.445463404,0.8777273761,0.6968825636,0.02035238567,0.125475456,0.1934001362,0.5397068328,0.537835903
475,1,1,1,1,1,0.5725498557,0.4515128845,0.6960610724,0.3457585655,0.7550595412,0.3551263705,0.3347807995,0.2813099578,0.7901558564,0.442762873,0.8785633641,0.6966791163,0.02056538317,0.1265042558,0.1933614036,0.5378643104,0.5376132551
475.5,1,1,1,1,1,0.574923855,0.4489973259,0.6974315797,0.3479449317,0.754100394,0.3529548546,0.3326631034,0.2780447124,0.7906864927,0.4439617529,0.8791670584,0.6955476669,0.02095985127,0.126934631,0.1951861396,0.5373480877,0.5394910279
476,1,1,1,1,1,0.5725408654,0.4485940038,0.696714441,0.3484426883,0.7527451695,0.3505636207,0.3334380476,0.2778429123,0.7892501566,0.4453644796,0.8797850589,0.6964103896,0.02085379305,0.1261343818,0.1936939171,0.5372708036,0.5391920308
476.5,1,1,1,1,1,0.5705160398,0.4501289192,0.696784292,0.3504712954,0.7510691481,0.3511009574,0.331646058,0.2805364611,0.7872247122,0.4447943936,0.8789875131,0.6987851937,0.02064466096,0.1253520825,0.1936617525,0.5381651989,0.5397037155
477,1,1,1,1,1,0.5714234938,0.4499515406,0.696017403,0.3514281539,0.7526240455,0.3523170904,0.3325868562,0.2801788439,0.7860140826,0.4453368686,0.8790079102,0.7015626882,0.02077984118,0.1246862377,0.1937965948,0.5381891475,0.5403043776
477.5,1,1,1,1,1,0.5693914019,0.4510440072,0.6966828554,0.3515236668,0.7512101226,0.3525722302,0.3324238028,0.2812800446,0.7879189969,0.4427225115,0.8792885094,0.697038815,0.0208069511,0.1258127584,0.1921653028,0.538865402,0.540338833
478,1,1,1,1,1,0.5691730483,0.4507504063,0.6951703426,0.3532387004,0.7526908684,0.3525556294,0.335279224,0.2824431436,0.7896019171,0.4411764164,0.8786014541,0.6957765256,0.02056067918,0.1266902801,0.1925344973,0.5405691508,0.5431442811
478.5,1,1,1,1,1,0.5717125389,0.4510810686,0.6978533664,0.3542152949,0.7534595552,0.3546302929,0.3337472126,0.281933515,0.7924375925,0.4396588412,0.8778982916,0.6965440985,0.02046789346,0.1267176661,0.1922244398,0.540873369,0.5392854421
479,1,1,1,1,1,0.570823374,0.4501282243,0.6976521093,0.3549425528,0.7537447958,0.3510777715,0.3317997944,0.280160578,0.7911607111,0.4389326035,0.8779637076,0.697603731,0.02034185992,0.1263424912,0.1923292418,0.5418666598,0.5421605659
479.5,1,1,1,1,1,0.5708026104,0.4512386597,0.6982308085,0.3550335146,0.7525360908,0.3519794176,0.3335013139,0.2801145252,0.7912986253,0.4411404852,0.8771439893,0.6981315062,0.02028659076,0.126536064,0.192262124,0.5411864465,0.5420464373
480,1,1,1,1,1,0.5713456806,0.4507639968,0.6972601486,0.3565950068,0.753186317,0.3520926237,0.3345835565,0.2791080027,0.7908579796,0.4430728053,0.877654001,0.6942169236,0.0200868685,0.1255797165,0.1931661476,0.5414377615,0.5403457528
480.5,1,1,1,1,1,0.5723807155,0.4495489445,0.6981167841,0.3566541245,0.7537414207,0.3513909402,0.3377974468,0.2795303101,0.7903430143,0.4410009412,0.8778467626,0.696148471,0.02000205834,0.1260182793,0.1945592673,0.5417486303,0.5401096141
481,1,1,1,1,1,0.5717082002,0.4488801036,0.6980236592,0.3557703754,0.7533969375,0.3518784393,0.3357952546,0.2818171635,0.7898878233,0.4416993373,0.8780370534,0.6979787207,0.02010706936,0.1252428968,0.1963083447,0.5405813886,0.5386341049
481.5,1,1,1,1,1,0.5728411952,0.4484107995,0.697976444,0.3568594561,0.7536276568,0.3518494075,0.3367127987,0.2806152617,0.7898235176,0.4405434201,0.8782699035,0.6978906691,0.02004585336,0.1263727413,0.1971812408,0.5420786375,0.5359293808
482,1,1,1,1,1,0.5748054164,0.4468876726,0.6988753729,0.3552017154,0.7521715064,0.3534564171,0.338110556,0.2830081142,0.7907966021,0.440312608,0.8784204661,0.6957290888,0.02008985713,0.1258497616,0.1988026081,0.5426289994,0.5395939372
482.5,1,1,1,1,1,0.5740750139,0.44932381,0.6982342612,0.3540055938,0.7511693717,0.3532166259,0.3376488952,0.2818936949,0.7918752199,0.4409103209,0.8783790724,0.6958093992,0.0202045625,0.1254518895,0.1981942552,0.5407792969,0.5363451185
483,1,1,1,1,1,0.5752511037,0.4518927021,0.6934763038,0.3544751778,0.7541992172,0.3516873794,0.3364927685,0.2848072643,0.7926794564,0.4430733086,0.8788407616,0.6968431591,0.02002899127,0.125236832,0.1996417858,0.5396536555,0.5392338195
483.5,1,1,1,1,1,0.5765712375,0.4523858719,0.6948948875,0.353753441,0.7542614071,0.3514067545,0.3372119459,0.2859157461,0.7919756144,0.4442036883,0.8792665552,0.6965575778,0.0199125116,0.1253919095,0.1998996413,0.5399985742,0.5424801596
484,1,1,1,1,1,0.5753620797,0.4525213762,0.6955371302,0.3538383125,0.7550834508,0.3508557646,0.3361343674,0.2837693762,0.7917483037,0.4416655104,0.8788171952,0.6972798971,0.01997186501,0.1259306727,0.1996538147,0.5400469929,0.5402648978
484.5,1,1,1,1,1,0.5757674026,0.4505823383,0.6963588601,0.3538610907,0.7527705617,0.3498185561,0.3339169725,0.2836895453,0.7937059713,0.4442157862,0.8776815466,0.6969068804,0.02006123596,0.1252789927,0.2001726757,0.5397144103,0.5376848346
485,1,1,1,1,1,0.5747166221,0.4506738188,0.696071281,0.3512199861,0.753223012,0.3474940141,0.3330289795,0.2812977542,0.7949240225,0.4439653983,0.8791976794,0.695681198,0.02010997718,0.1247711655,0.2023180993,0.5404755288,0.5376645376
485.5,1,1,1,1,1,0.5758730749,0.4500454919,0.6973388466,0.3505065558,0.7531308494,0.3487201915,0.3334125204,0.279929934,0.7934022462,0.4441495851,0.8792552143,0.6956068654,0.02026712341,0.1246204101,0.2006160125,0.5400435824,0.5365677466
486,1,1,1,1,1,0.5739311072,0.4496622001,0.6961581951,0.3511463016,0.7533476628,0.3512379717,0.3348858295,0.2775970113,0.7922771097,0.4425757649,0.8789480062,0.6932278106,0.02005718605,0.12563355,0.1998581088,0.5390521073,0.536910282
486.5,1,1,1,1,1,0.5750079932,0.4500009538,0.6955506667,0.3507854643,0.7539770682,0.3524811456,0.334907176,0.2763250924,0.792484793,0.4384379243,0.8785278812,0.6936022325,0.01988624597,0.1264825438,0.1990237031,0.5429626262,0.5394744935
487,1,1,1,1,1,0.5735845673,0.4505142345,0.696244485,0.3489990532,0.753483128,0.3525732662,0.336679538,0.27883339,0.7929752904,0.4382382833,0.8770465397,0.69298143,0.02000348093,0.1246630292,0.1986074024,0.5437065572,0.5375634523
487.5,1,1,1,1,1,0.5735622313,0.4500157378,0.6977541809,0.3495212426,0.7526831402,0.3511584797,0.3383700552,0.2786545185,0.792586281,0.439750781,0.876471743,0.6952211887,0.02017710884,0.12500983,0.1966711243,0.5418858807,0.5391436252
488,1,1,1,1,1,0.5735935193,0.4470887421,0.6964606504,0.3510991885,0.752786821,0.3509879472,0.3386144864,0.2806279635,0.7936213199,0.4411237225,0.8767760462,0.6945262138,0.01992792999,0.1254899739,0.1966999946,0.543072321,0.538485801
488.5,1,1,1,1,1,0.5740271748,0.4485557496,0.698715043,0.3510326108,0.7538227656,0.3509826805,0.3356905365,0.281128642,0.7925514622,0.4407984836,0.8777425377,0.6955293293,0.02002960805,0.1254166857,0.1966838879,0.5399283963,0.5372992144
489,1,1,1,1,1,0.576522578,0.4472113897,0.6983003287,0.3545719251,0.7533271898,0.350993941,0.3362082701,0.2799279846,0.7929392175,0.4389810153,0.8781055057,0.6986407688,0.02025657303,0.1252936538,0.1956823962,0.5418557602,0.5370140097
489.5,1,1,1,1,1,0.5754780512,0.4480779672,0.6994401624,0.3546453279,0.7532545701,0.3543542536,0.3373724357,0.2775113635,0.7946672688,0.4387003218,0.8782533476,0.6968413522,0.01999677414,0.1259765047,0.1945907775,0.5401594077,0.5361380141
490,1,1,1,1,1,0.5770907804,0.4480683752,0.697572692,0.3554386523,0.7519468916,0.3565876225,0.3355790542,0.2785427476,0.7938000268,0.4418658184,0.8781358008,0.6971766045,0.0201649718,0.1264080953,0.1929284872,0.5398052414,0.5375886824
490.5,1,1,1,1,1,0.5788458396,0.4494135578,0.6979844334,0.3549990903,0.7524398015,0.356040381,0.3335805809,0.2797514556,0.7931701049,0.4419791147,0.8772092136,0.6992906086,0.02039487738,0.1271299659,0.1941753624,0.5382771037,0.5374114346
491,1,1,1,1,1,0.5785899912,0.4493621771,0.6963293305,0.3541521933,0.7538074645,0.3538677291,0.3332089944,0.2788646837,0.7926895178,0.4401820854,0.8773163173,0.70003456,0.02027669931,0.1271348219,0.1947514133,0.5401858635,0.5404794332
491.5,1,1,1,1,1,0.5784595452,0.4512063806,0.6953546028,0.3522251646,0.7561612624,0.3523214956,0.3321622615,0.2798425732,0.7934018781,0.4418660053,0.8773525821,0.6995099569,0.02044945429,0.12806357,0.1944000117,0.5419098353,0.5410163257
492,1,1,1,1,1,0.575476395,0.4511588809,0.6951963903,0.3538756874,0.757152301,0.3511749014,0.3311156108,0.2794806471,0.7947488814,0.44009813,0.8788403147,0.6993622195,0.02027778377,0.1284501543,0.1950113601,0.5424955156,0.5412528302
492.5,1,1,1,1,1,0.5734567168,0.4508512388,0.696061875,0.3533685452,0.7560870267,0.351358699,0.3313225423,0.2778538516,0.7933043849,0.4389250109,0.8771017241,0.698238391,0.02034582539,0.127873688,0.1963214582,0.5421624533,0.5413063299
493,1,1,1,1,1,0.5746266981,0.4486526776,0.697340279,0.3552661274,0.7538703918,0.3533759733,0.3350129529,0.2762309788,0.7916723453,0.4374156868,0.8755808304,0.6992682254,0.02050384374,0.1294371042,0.1965529056,0.5433113194,0.54502343
493.5,1,1,1,1,1,0.5761902843,0.449539579,0.7000908136,0.3564454094,0.754541372,0.3513636747,0.3334796935,0.2771397684,0.7938123647,0.4390945838,0.8757858872,0.6986268819,0.02018139865,0.1300036654,0.196414418,0.5438160091,0.5433571707
494,1,1,1,1,1,0.5743315055,0.4534310828,0.7000895294,0.3554637874,0.7555764687,0.3527699176,0.3325211844,0.2778713054,0.7943281468,0.4431899186,0.8753492272,0.6988317895,0.02029279687,0.1302060757,0.1992563881,0.5453241227,0.5422384248
494.5,1,1,1,1,1,0.5747321666,0.4537199083,0.7007623594,0.357344431,0.7556831834,0.3520275339,0.3331147476,0.2788517332,0.7927899424,0.44417683,0.8752686048,0.702091344,0.02031311455,0.1292269521,0.1969072611,0.5431909424,0.5435602506
495,1,1,1,1,1,0.5752403879,0.4511971144,0.6986613818,0.3566674946,0.7544152657,0.3516988274,0.3338516233,0.2816007262,0.7926549941,0.4448684814,0.8749528096,0.7023074543,0.02030184985,0.1284331979,0.1967018749,0.544742912,0.5434581017
495.5,1,1,1,1,1,0.5758025449,0.4508642717,0.6960175784,0.3541700395,0.7531937088,0.3523933956,0.3326943178,0.2811332044,0.7929767739,0.444504982,0.8751381084,0.700873707,0.02055205453,0.127572071,0.1961022718,0.5406872156,0.5404454512
496,1,1,1,1,1,0.5765022076,0.4500368498,0.6955308766,0.3527377304,0.7538582959,0.3527564617,0.3330840429,0.281634724,0.7916022109,0.4465321935,0.8749887235,0.7007915836,0.02047272299,0.1272627999,0.1950159098,0.5418309706,0.5410232078
496.5,1,1,1,1,1,0.5767109536,0.4513882564,0.6962885927,0.3510506483,0.7550540742,0.3511659011,0.3331168239,0.2814155894,0.7905726236,0.4442046726,0.8749405687,0.699672069,0.02053269655,0.1277591892,0.1930524307,0.5406003938,0.543951207
497,1,1,1,1,1,0.5758501214,0.4517070008,0.695154012,0.3537014266,0.7545039974,0.3493533861,0.3334555709,0.2792121771,0.7901546968,0.4449031672,0.8751993578,0.7001185945,0.02044426086,0.1280994782,0.1941635491,0.5391562664,0.5463560878
497.5,1,1,1,1,1,0.5772573737,0.4500912235,0.6974684639,0.3562653274,0.7562253914,0.3502938154,0.3362370288,0.2790641606,0.7898226036,0.4444082049,0.8765978364,0.6990230713,0.02054399652,0.1287050035,0.1942311783,0.5400820175,0.5476497273
498,1,1,1,1,1,0.5755154457,0.4502514379,0.6974185577,0.3547617096,0.7554832443,0.3523449338,0.3351232671,0.2788770934,0.7920685465,0.4421916082,0.8770402901,0.7009243554,0.02056008097,0.1277660744,0.194954579,0.5386295525,0.5487980604
498.5,1,1,1,1,1,0.5779221037,0.450617987,0.697279159,0.3541589051,0.7551669575,0.3502808224,0.3378284038,0.2787775288,0.7916938036,0.4378793992,0.8762160985,0.7011877053,0.02062461141,0.1279591717,0.1962435097,0.5360817278,0.5488235514
499,1,1,1,1,1,0.5801304148,0.4507401842,0.6976584379,0.3530882215,0.7542005596,0.3506297797,0.3334004883,0.2774143282,0.7929557043,0.4384958851,0.8767834292,0.7018116392,0.02059837363,0.1279385945,0.1985198288,0.5369071654,0.5506486788
499.5,1,1,1,1,1,0.5782942904,0.4509593263,0.6977101416,0.354372791,0.7552639341,0.3516518268,0.336167844,0.2768714798,0.7952120239,0.4409904405,0.8771748338,0.7017235828,0.0205279087,0.1284604073,0.1982155905,0.5386666238,0.5487522945
500,1,1,1,1,1,0.5796019004,0.4502028266,0.6983335038,0.3527678405,0.7540483394,0.3516794742,0.3335923895,0.2788283425,0.7955092264,0.441307845,0.8767696635,0.7010924133,0.02038907134,0.1291576769,0.1993840245,0.5391770157,0.5481734369
