time,TNFR,IL1R,CD40,LTB,BAFFR,TRAF2_5,TRAF6,TRAF2_3,Btx,TAK1_TAB,NEMO_IKKa_IKKb,IkBa_release_signal,p50_p65,TNFa,p100,Phenotype_canonical,NIK,IKKa_noncanonical,p100_RelB,p52,BAFF,Phenotype_noncanonical
0,1,1,1,1,1,0,0,0,0,0,0,0,0,0,0,0,0,0,0,0,0,0
0.5,1,1,1,1,1,0.03654461938,0.246588471,0.2745311947,0.01551328284,0.04153530728,0.003344705746,0.0003204627084,1.148046166e-05,3.044898453e-07,6.527100257e-07,1.752425821e-07,0.008598942159,7.111188111e-05,8.00903817e-06,6.743444274e-08,8.615953275e-08,2.499111011e-09
1,1,1,1,1,1,0.06861823759,0.3873867529,0.4532754664,0.04764383613,0.1235241547,0.01990436963,0.003852183036,0.0002804959144,1.546754954e-05,3.334187422e-05,8.922609136e-06,0.02905782438,0.0004683477365,0.0001089223576,1.853001062e-06,2.414957957e-06,1.412591158e-07
1.5,1,1,1,1,1,0.09588139002,0.4728658148,0.5707237867,0.08395969668,0.211806917,0.04969422895,0.01441825625,0.001599978764,0.0001390513224,0.0002975858533,8.005579688e-05,0.0550765589,0.00131875486,0.0004691020589,1.194910402e-05,1.602375459e-05,1.400907375e-06
2,1,1,1,1,1,0.1197215458,0.5219671176,0.6490928742,0.1172402803,0.2957935305,0.08667599364,0.03346587724,0.005062924683,0.0006041470572,0.001303975069,0.000354076482,0.08435695164,0.00263771366,0.001274297605,4.295239792e-05,5.940377094e-05,6.87672047e-06
2.5,1,1,1,1,1,0.1401998352,0.5532427845,0.6994663724,0.146675552,0.3660190349,0.1253038275,0.05949289329,0.01141041776,0.001807145112,0.003847800764,0.001052262159,0.1141639303,0.00427907296,0.00268271335,0.0001128293394,0.0001588931839,2.284875102e-05
3,1,1,1,1,1,0.1578410098,0.5700998836,0.7335348269,0.1714526114,0.4244654555,0.1621414022,0.08970624459,0.02061404825,0.004188927793,0.008776850008,0.002418076331,0.1442244008,0.006240867589,0.004813979068,0.0002406347581,0.0003477409086,5.981986943e-05
3.5,1,1,1,1,1,0.1746243074,0.5792544975,0.757380992,0.1917547528,0.4736853991,0.1972495573,0.1209948839,0.03237155661,0.007997454429,0.01673643325,0.004662677771,0.1725061305,0.008385574711,0.007832301785,0.0004495595541,0.0006673130092,0.0001337638877
4,1,1,1,1,1,0.1895103032,0.5866987674,0.7717482556,0.2038959897,0.5119408116,0.226289606,0.1523332809,0.04628898744,0.01363852111,0.02844068569,0.008087275004,0.1990164457,0.01083664971,0.01170587153,0.0007687413924,0.001150633577,0.0002616260015
4.5,1,1,1,1,1,0.2000039046,0.5882497385,0.7805443597,0.2150084851,0.5417005782,0.252306813,0.1836434594,0.06144040824,0.02137328654,0.04375339684,0.01257317645,0.2236591096,0.01326981657,0.01646709818,0.001198702008,0.001857097327,0.0004691948194
5,1,1,1,1,1,0.2105106928,0.5910691859,0.7861458282,0.2232092298,0.5664217068,0.2707796062,0.2098523523,0.0769722887,0.0310074297,0.06263217527,0.0182595455,0.2446443226,0.01571290843,0.02197418297,0.001773266197,0.002815394518,0.0007836680159
5.5,1,1,1,1,1,0.2174157079,0.5903555484,0.7896185885,0.2301289808,0.5875708493,0.2854829372,0.2336222133,0.0923076075,0.04238876734,0.08485155764,0.02535379133,0.2632530441,0.01794364636,0.0285708322,0.0025120746,0.004067032761,0.001229835417
6,1,1,1,1,1,0.2255012436,0.5922834065,0.7935310087,0.2334501943,0.604163603,0.2963359802,0.2522962737,0.1067286053,0.05576915763,0.1093712325,0.03350073725,0.2807090624,0.01993484137,0.03576436711,0.003382883724,0.005624147606,0.001867751811
6.5,1,1,1,1,1,0.2329679612,0.5934685457,0.7963147318,0.2377672154,0.6142530204,0.3032660084,0.2688301883,0.1212449854,0.0700956553,0.1358158813,0.04261863333,0.299544347,0.02203886886,0.04368272051,0.004378686498,0.007510748404,0.002701180533
7,1,1,1,1,1,0.2417376933,0.5912545797,0.7961271392,0.2421060884,0.6255351548,0.3107394255,0.2824771315,0.1330470534,0.08458861261,0.1644174373,0.05278083967,0.3172571511,0.02403837796,0.05186831237,0.005560017651,0.009821667139,0.003768608901
7.5,1,1,1,1,1,0.2460713396,0.5905639094,0.7978156843,0.2471287791,0.6332678524,0.3190140901,0.2921173308,0.1434187861,0.1005682738,0.1931729971,0.06266422732,0.333577894,0.02620347945,0.05999686895,0.006895949575,0.01243657459,0.005131650616
8,1,1,1,1,1,0.2529163272,0.5923665066,0.797760261,0.2469470207,0.6376736031,0.322987328,0.3016589019,0.1517948185,0.1171564335,0.221532885,0.07335152548,0.3451530326,0.02776223211,0.06837321195,0.008333515344,0.01543765889,0.006662147423
8.5,1,1,1,1,1,0.2552309412,0.5932108975,0.7970351488,0.2477845319,0.642215376,0.325806669,0.3076197148,0.1594891855,0.1342788758,0.249148624,0.08583107421,0.3591107862,0.02945198094,0.07839224779,0.009869934645,0.01898398915,0.008600228212
9,1,1,1,1,1,0.2592398813,0.594367925,0.7981559707,0.2471588168,0.6470680311,0.3282622982,0.3124389677,0.1670346179,0.1515099226,0.2768968098,0.09871658728,0.371930794,0.03129769979,0.0884677634,0.01160010687,0.0227620857,0.01089989447
9.5,1,1,1,1,1,0.2632647637,0.5923666947,0.7991472061,0.2463693438,0.6513117487,0.3307842177,0.3155033111,0.1726259915,0.1682403576,0.3031801143,0.1114296209,0.3825832387,0.03258913589,0.09784361269,0.01330839232,0.02718871072,0.01334415062
10,1,1,1,1,1,0.2656780629,0.5929485705,0.8009022041,0.2463532647,0.6546236776,0.3319192537,0.319455896,0.1770938831,0.1845490039,0.3275331714,0.1249938475,0.3918330674,0.03431947591,0.1077199802,0.01521223949,0.0318586831,0.01629342652
10.5,1,1,1,1,1,0.2699452931,0.5936705929,0.7996947747,0.2479057979,0.6563802888,0.3330854108,0.322021813,0.1810186341,0.2006581818,0.3502445799,0.1361030323,0.3960852993,0.03547521269,0.1172988562,0.01713175829,0.03630230658,0.01952446695
11,1,1,1,1,1,0.2712516236,0.5935911652,0.8002075922,0.2459096354,0.657495694,0.3345414668,0.3268199616,0.1847761912,0.2173715163,0.3719959546,0.1480364504,0.4034570783,0.03587574151,0.1266891492,0.01915692846,0.0412765955,0.02320597913
11.5,1,1,1,1,1,0.2729922586,0.5923975608,0.8006384643,0.2447126937,0.6591948979,0.3342055805,0.3302753973,0.189656516,0.2334084118,0.3950609406,0.1597579711,0.4103713646,0.03665891918,0.1363584828,0.02135093153,0.04626341841,0.02727982688
12,1,1,1,1,1,0.2750197464,0.5937393353,0.8005060668,0.2469496338,0.6612599995,0.3342155806,0.3326974725,0.1918712062,0.2488590462,0.4139071247,0.172790169,0.4176335627,0.03815825025,0.1445755251,0.02363269558,0.05239245431,0.03176047322
12.5,1,1,1,1,1,0.2749005741,0.5923147904,0.800146682,0.2490295743,0.6597696998,0.3361652596,0.3315486021,0.1937380797,0.2610298225,0.4291485427,0.1854732116,0.4237400636,0.03852195343,0.1542928353,0.02550955076,0.05871222801,0.03676183855
13,1,1,1,1,1,0.2770209456,0.5926887737,0.8001323817,0.2489459363,0.6610371052,0.3390396029,0.3313504998,0.1949803535,0.2742078258,0.4451368294,0.1985827212,0.4290639997,0.03931871524,0.1628780597,0.0278859923,0.06509456603,0.04189478898
13.5,1,1,1,1,1,0.2781410056,0.5963389597,0.7990896652,0.2463472802,0.6621849829,0.3405365446,0.3339537437,0.1969182108,0.2883191549,0.4629380623,0.210692148,0.4368653447,0.04001782851,0.1709964366,0.03019539301,0.0715735841,0.04753303803
14,1,1,1,1,1,0.2802088427,0.5941661238,0.7995215571,0.2448796931,0.663603436,0.3381761956,0.3345915343,0.1948255606,0.301822153,0.4755389086,0.2224461348,0.44148676,0.04027365909,0.1783831273,0.03214252412,0.07872769857,0.05348609262
14.5,1,1,1,1,1,0.2808343455,0.5962850336,0.7995187636,0.2473650978,0.6675500862,0.3364443143,0.3355485334,0.1939306498,0.3169503646,0.4890262716,0.2318810457,0.446650065,0.04131837411,0.1868624927,0.03411993227,0.08468712216,0.05942019161
15,1,1,1,1,1,0.2811612104,0.5954960354,0.8001040754,0.2477760341,0.6701760143,0.3346341087,0.3361639765,0.1957892458,0.3291878291,0.4999691185,0.2424785495,0.4515081021,0.0420551843,0.1965488027,0.03595228882,0.09208348038,0.06511710526
15.5,1,1,1,1,1,0.2794981225,0.5950679589,0.7987539011,0.246498198,0.6661226303,0.3352696653,0.3360584209,0.1970322445,0.3390776986,0.5128542965,0.2502500014,0.4551415995,0.04245925513,0.2043763196,0.03829839007,0.1000197479,0.07219352257
16,1,1,1,1,1,0.2795416666,0.5933462874,0.798159021,0.2466394672,0.6687637222,0.3347746654,0.3336611046,0.1965357963,0.3504106932,0.5228622847,0.2627355059,0.4591908554,0.04343343152,0.2086397057,0.04007547315,0.1071984588,0.07876246734
16.5,1,1,1,1,1,0.2831350056,0.5934477952,0.7984270081,0.2453388161,0.668422291,0.3365851929,0.3347608007,0.1973762092,0.3590313224,0.529446799,0.2708009978,0.463305131,0.04409486477,0.2140052939,0.041604269,0.1132120084,0.08629566206
17,1,1,1,1,1,0.2818220824,0.5921385383,0.7984834659,0.2451848612,0.6669908407,0.3365458631,0.3342034516,0.1978552637,0.3663524473,0.5370335047,0.2780919894,0.4679808678,0.04429600126,0.2220713642,0.04308212709,0.1193769299,0.09410724254
17.5,1,1,1,1,1,0.2819894541,0.5928889796,0.7993078535,0.2448542657,0.6655545586,0.3369765788,0.3337389098,0.1970468124,0.3756051583,0.5428506057,0.2875307326,0.4705952781,0.0445775086,0.2265198285,0.04478746322,0.1285157178,0.1025869635
18,1,1,1,1,1,0.2837857314,0.5925759802,0.7978637051,0.2440625341,0.6656885446,0.3359600557,0.3318606514,0.1954481795,0.3844753769,0.5513298677,0.2964113118,0.4734127761,0.04466703343,0.2317316244,0.04610182085,0.1363266507,0.1108880609
18.5,1,1,1,1,1,0.2851372132,0.593659242,0.7972813483,0.2463364878,0.6643102019,0.3352576645,0.3328357548,0.197113843,0.3908576251,0.5558099831,0.3040749502,0.4749554609,0.04508616052,0.2377859127,0.04762111881,0.144295931,0.1182712067
19,1,1,1,1,1,0.2858452528,0.5921254663,0.7977532537,0.2459904458,0.6646125328,0.3356022439,0.3345275609,0.1987021115,0.39712778,0.5605369115,0.3115802061,0.4736752687,0.04589611767,0.2418142303,0.04909956411,0.1521157579,0.1256933384
19.5,1,1,1,1,1,0.2854611441,0.5945904567,0.7990588994,0.2473738699,0.665710812,0.3340323197,0.3326968247,0.1959149924,0.3994222962,0.5663644735,0.3202394438,0.4749327317,0.04616503301,0.2462459055,0.05083448458,0.1576194384,0.1330463085
20,1,1,1,1,1,0.2836999191,0.5943974138,0.7997992786,0.2466303502,0.6629371896,0.3332280867,0.3336239074,0.1965498122,0.4055209937,0.5695030301,0.3275636531,0.47329741,0.04580509033,0.2492541737,0.05215915637,0.1638639512,0.1420919014
20.5,1,1,1,1,1,0.2848384273,0.5933799861,0.7994441932,0.2453071837,0.6637258837,0.330908232,0.3327333469,0.1963923324,0.4118535229,0.5750213864,0.3351512287,0.4731284983,0.04598154625,0.2516031104,0.05380920905,0.1715575869,0.1495766202
21,1,1,1,1,1,0.2842241599,0.5938923407,0.7977676268,0.2451509383,0.6634382192,0.3290968022,0.3337573953,0.1975365015,0.4188507103,0.578120091,0.3425957251,0.4745041045,0.04567635892,0.2546097473,0.0550963176,0.1787480073,0.1574562423
21.5,1,1,1,1,1,0.283474047,0.5939747837,0.7969306546,0.2464672153,0.6643501613,0.3316453268,0.3326384361,0.1987130102,0.4268133801,0.5840053632,0.3521340109,0.4789239823,0.0457681947,0.2591135174,0.05670588258,0.1849183625,0.1658697315
22,1,1,1,1,1,0.2826641027,0.5938291558,0.7969800023,0.2482632528,0.662850416,0.3338906093,0.3331841137,0.1977354457,0.4343246542,0.5877008638,0.3599481825,0.4811638401,0.04632572373,0.2617397359,0.05780995212,0.1913746013,0.1738765169
22.5,1,1,1,1,1,0.2812875653,0.594090152,0.7968137582,0.2461581619,0.6655351246,0.3359481591,0.3334238346,0.1994545602,0.440993959,0.5918822598,0.3670629519,0.4827539791,0.04683232148,0.2668048482,0.05810179538,0.1974228433,0.1818538207
23,1,1,1,1,1,0.2809944108,0.5916723952,0.7979299111,0.2453525173,0.6653409641,0.3337638028,0.3331556322,0.1992000055,0.4488009593,0.5921998023,0.3737399678,0.4838740961,0.04716334163,0.2685998319,0.05949369598,0.2032703094,0.187545804
23.5,1,1,1,1,1,0.280915399,0.5914259548,0.7986100619,0.2436425111,0.6642611866,0.3324595024,0.3333720557,0.1991100896,0.4532469662,0.5968820054,0.3801030165,0.4850308562,0.04736488484,0.2711234714,0.06017750392,0.2099425627,0.1950087715
24,1,1,1,1,1,0.2800388498,0.5950154196,0.7984690608,0.2439416549,0.6663779792,0.3321792208,0.3358819689,0.1986469841,0.4568515291,0.5989519343,0.3876978611,0.4842937051,0.04757577237,0.274678831,0.06143092373,0.2171857052,0.2025435286
24.5,1,1,1,1,1,0.2789309451,0.5970814216,0.7980798369,0.2455224634,0.6653479004,0.3339063488,0.336001975,0.1989049913,0.4595771314,0.5977573048,0.3933682845,0.4835484636,0.04762749626,0.2762093513,0.06225132563,0.2229821372,0.211296734
25,1,1,1,1,1,0.280939145,0.5939188731,0.7976249171,0.2467225764,0.6640249339,0.3364572616,0.3347647648,0.1993599601,0.4635979735,0.600544824,0.4018488933,0.4828562284,0.0468112708,0.2777195536,0.0629571647,0.2294653479,0.2211525476
25.5,1,1,1,1,1,0.2817050432,0.5936447472,0.7978853273,0.2470201811,0.6648462374,0.3368446401,0.3387321225,0.2001512157,0.4686773647,0.6036163698,0.4088877421,0.4858461333,0.04685225178,0.2803306646,0.06391178432,0.2359844922,0.2287287159
26,1,1,1,1,1,0.2818809154,0.5947032482,0.8006708175,0.2488496807,0.6636495053,0.3364322155,0.338844233,0.2003466892,0.4703220686,0.6066436766,0.4147955998,0.4880956751,0.04689846897,0.2817049335,0.06456980458,0.2375733095,0.2363899075
26.5,1,1,1,1,1,0.2814847465,0.5947626915,0.8022209217,0.2463793071,0.6618420013,0.3358085472,0.3385848046,0.2010532689,0.4741515648,0.606992273,0.4209396571,0.4873412348,0.04731439129,0.2837229944,0.06434078437,0.2448090717,0.2463230823
27,1,1,1,1,1,0.2808470052,0.5945599069,0.799539812,0.2473083891,0.6630993697,0.3352766392,0.3377027959,0.2001633049,0.4745303933,0.6088752632,0.4247593036,0.4875330764,0.04707516426,0.2857612394,0.06475369198,0.2501600961,0.2517288914
27.5,1,1,1,1,1,0.2827834062,0.5966868769,0.7991596534,0.2490601809,0.6631968186,0.3358435615,0.3378129952,0.2014124847,0.476217188,0.6118624304,0.4331933321,0.4878839322,0.0471987396,0.2865872226,0.06544267799,0.2548839772,0.2606244331
28,1,1,1,1,1,0.2837428293,0.5953165685,0.7991145688,0.2491409756,0.6653049112,0.3366118206,0.3371210005,0.2022270475,0.4848688589,0.611311805,0.4383133964,0.4889943052,0.04736943152,0.290198351,0.06531501143,0.2568971665,0.2665348162
28.5,1,1,1,1,1,0.2850671759,0.5936535113,0.797086099,0.2468541498,0.6651447869,0.3361740972,0.3353777021,0.2011183251,0.4915114178,0.6133526146,0.4435614933,0.4877640424,0.04718812628,0.29054109,0.06545030746,0.2585037629,0.2747548862
29,1,1,1,1,1,0.2863472405,0.5946059996,0.7979829657,0.246171078,0.6659495906,0.3368640574,0.3366884413,0.2014885808,0.4941739614,0.6159977628,0.4495982502,0.4875366491,0.04708684613,0.2925784538,0.06601134495,0.2617238375,0.2834792192
29.5,1,1,1,1,1,0.2827610294,0.5922001537,0.799876685,0.2447360826,0.6645111461,0.3329897228,0.3376377421,0.2010409973,0.4974631855,0.6175521438,0.4553770176,0.4864581362,0.04720169365,0.2938786817,0.06669664373,0.2657768343,0.2910691091
30,1,1,1,1,1,0.2833035428,0.5950226947,0.8001753722,0.2467596133,0.6671132517,0.333601834,0.3370822732,0.200190707,0.5026689621,0.6181910959,0.4607706428,0.4862678294,0.04739598402,0.2949754561,0.06757013966,0.2697773224,0.2997611982
30.5,1,1,1,1,1,0.2817825296,0.5933896255,0.7981782982,0.2471031487,0.667631551,0.3357925274,0.3364682736,0.2008417648,0.5077449148,0.617738788,0.4649670549,0.4868807327,0.04786564394,0.2958800946,0.06762539624,0.2764805616,0.3071577793
31,1,1,1,1,1,0.282939754,0.5917618359,0.798456943,0.246473155,0.6662743416,0.3355326751,0.3360084169,0.2016692394,0.5121919919,0.615828049,0.4714479053,0.4895348157,0.04778568553,0.2970826759,0.06870277524,0.2830771882,0.314300368
31.5,1,1,1,1,1,0.283954316,0.5904514161,0.796080725,0.2448643067,0.6673239199,0.3352780878,0.3354354687,0.2021381641,0.5160686541,0.6187706513,0.4774431495,0.490579486,0.04763260002,0.296550692,0.06850932124,0.2844379312,0.325224679
32,1,1,1,1,1,0.2846475823,0.5927565689,0.7990087632,0.2461851227,0.6671172461,0.3344904313,0.3362025561,0.2021624883,0.5185411181,0.6192256211,0.4795873318,0.4899689145,0.04768703569,0.2958573699,0.06808919916,0.2908365584,0.3320420131
32.5,1,1,1,1,1,0.2851460912,0.5944300839,0.7982491166,0.2484239716,0.666974695,0.3341895708,0.3362907958,0.2013600229,0.5226083579,0.6219310998,0.4852707806,0.4894880574,0.04826726189,0.2989166223,0.06841422935,0.2953153523,0.3395276369
33,1,1,1,1,1,0.2827970499,0.594143028,0.797699475,0.249778852,0.6653722031,0.3347930667,0.3362025041,0.2009331205,0.524229079,0.6232412799,0.4912404119,0.4904198663,0.04852238321,0.2989730268,0.07002982157,0.2993405685,0.3443672426
33.5,1,1,1,1,1,0.2815626011,0.5904140844,0.7996347037,0.2487292481,0.6636961815,0.3352256927,0.3345302366,0.2010797959,0.5265354625,0.6248731928,0.4960381921,0.4889634266,0.04880220043,0.2987972409,0.0700429489,0.3043435306,0.3491707049
34,1,1,1,1,1,0.2821083768,0.5909343627,0.7991611369,0.2486002896,0.6634264068,0.3347141109,0.3336768241,0.2005355223,0.5283581825,0.6255885351,0.4956539486,0.4880846885,0.0484905493,0.2983340126,0.07011860608,0.3071530749,0.3547080761
34.5,1,1,1,1,1,0.2814194179,0.5943555744,0.7987278499,0.2467974711,0.6652753753,0.336239835,0.3340603948,0.1990792772,0.5270219294,0.6240149183,0.4960546711,0.488413887,0.04845558404,0.2972527589,0.07000849323,0.3092313604,0.3592038294
35,1,1,1,1,1,0.2808933011,0.5941528042,0.7988269355,0.2479318518,0.6659993822,0.3384109182,0.3357919965,0.2006120855,0.5305051755,0.6267985494,0.4995850342,0.493737252,0.04900044975,0.2989180639,0.0695055242,0.3134099411,0.3675778008
35.5,1,1,1,1,1,0.2806182449,0.595079717,0.7983994139,0.2486937581,0.6632676917,0.3375211635,0.3398865148,0.2006120432,0.5301591847,0.6272581146,0.5019510451,0.4941472087,0.04901880521,0.3010836718,0.06907984377,0.3168185533,0.3698882133
36,1,1,1,1,1,0.2813784011,0.5960102264,0.7971698638,0.2480267831,0.6631550945,0.3360293844,0.3387994136,0.2000229544,0.5289428702,0.6261894497,0.504670001,0.4939243982,0.04900242567,0.2996885892,0.06909074552,0.3219203902,0.3730041757
36.5,1,1,1,1,1,0.2819286728,0.5939611346,0.7958395245,0.2483385564,0.6628767434,0.3376839962,0.3378105884,0.2013507497,0.5289719773,0.6294264677,0.509442436,0.4940257753,0.04941158628,0.2994041207,0.06943019051,0.3234557167,0.3785709438
37,1,1,1,1,1,0.2826450741,0.5899298076,0.7972767458,0.2465990153,0.6641634699,0.336511824,0.3408678324,0.2024208832,0.5305396765,0.6281959776,0.5125745168,0.4979829304,0.04906736972,0.3028922562,0.06957523872,0.3269924913,0.3862060894
37.5,1,1,1,1,1,0.2826446535,0.5924583464,0.7972206628,0.2485529234,0.6619699443,0.3365078086,0.3419070662,0.2023283337,0.5263501536,0.6260022369,0.5150056179,0.4998463495,0.04967673017,0.3046156097,0.06970493101,0.3288170964,0.3942749651
38,1,1,1,1,1,0.2836712444,0.5945394652,0.7979911713,0.2462349449,0.6620277669,0.337063651,0.3388737823,0.2016914128,0.5257234386,0.6230443425,0.5184418775,0.4974015057,0.04953379002,0.3033189164,0.06966348894,0.3317143962,0.3988916635
38.5,1,1,1,1,1,0.2848938112,0.5951127502,0.7977022224,0.2470674696,0.664519952,0.3375964653,0.3364483006,0.2004631797,0.5283320475,0.6226897091,0.5198667464,0.4962969893,0.04955001128,0.3008905177,0.06965390266,0.3350004549,0.4053581677
39,1,1,1,1,1,0.2860808394,0.5927176099,0.7990581298,0.247140446,0.6644158673,0.338592023,0.3370350716,0.2000464601,0.5320845248,0.6248860414,0.5242058976,0.4949534998,0.04888720565,0.3052537667,0.07043704261,0.3360808813,0.4114262627
39.5,1,1,1,1,1,0.2847400977,0.5941276349,0.8007272983,0.2467481403,0.6649871979,0.3366236431,0.337324634,0.2014733768,0.53552016,0.6244130405,0.527157348,0.4967061493,0.04903308549,0.3080383282,0.0706377597,0.3371760167,0.4177164694
40,1,1,1,1,1,0.2816332502,0.5941308376,0.7991666138,0.2484303202,0.6640374581,0.3337865028,0.3347310664,0.2018081209,0.5380976041,0.6240042797,0.5306156113,0.495914661,0.04893177803,0.3076553498,0.07084026865,0.3386715721,0.4208357304
40.5,1,1,1,1,1,0.2826477298,0.5929702481,0.7988638232,0.2475509135,0.6620941337,0.3330777493,0.3327860782,0.2001953606,0.539200604,0.6219035423,0.5330012106,0.4961070622,0.04877113298,0.3081650781,0.07078324248,0.3416688019,0.4232821661
41,1,1,1,1,1,0.2820530658,0.5926229315,0.7976893121,0.2481243691,0.6651648244,0.3358333629,0.3315418653,0.201372468,0.5403911511,0.6243588509,0.5334994283,0.4965906067,0.04895261151,0.3081263195,0.07115111719,0.3455136788,0.4279853156
41.5,1,1,1,1,1,0.2819968344,0.5943445448,0.7982716961,0.2495747206,0.6631985044,0.3349299216,0.3305669952,0.2007166222,0.542581484,0.6241537791,0.5387084389,0.49524933,0.04947413262,0.3082267713,0.07120411492,0.3431177222,0.4347172228
42,1,1,1,1,1,0.2800377703,0.5947265187,0.799851598,0.2496173295,0.6651060675,0.3364153789,0.3307967827,0.1993386719,0.5428835746,0.6230244238,0.5432756675,0.4935385469,0.04863001103,0.3110773986,0.07108214972,0.3434998137,0.4389694717
42.5,1,1,1,1,1,0.2816871914,0.5949962685,0.7996200553,0.251015977,0.6650282119,0.3365697851,0.3306132065,0.1982525964,0.5421880217,0.6245654684,0.5426983408,0.4960459837,0.04866839466,0.3099809154,0.07162994956,0.3429329365,0.4425924475
43,1,1,1,1,1,0.2826872652,0.5945881896,0.7984178787,0.2505806808,0.667256542,0.3384384976,0.332262539,0.198795582,0.5419501122,0.6246207309,0.5471584718,0.496733335,0.04869082415,0.3066583282,0.07145032175,0.3432484263,0.4498655698
43.5,1,1,1,1,1,0.2819533043,0.5950690782,0.7976916864,0.2496741148,0.6681892903,0.3384739268,0.3335386882,0.1993268581,0.5411388453,0.6243326026,0.5487342233,0.4969330623,0.048885013,0.3084664174,0.0719223877,0.3467904868,0.4534466692
44,1,1,1,1,1,0.2811985496,0.5926341601,0.7989692647,0.2480056139,0.6671401354,0.3384917405,0.3347185436,0.2013840686,0.5425051638,0.6227026629,0.5496682406,0.4994507189,0.04868458864,0.3095234761,0.07171277281,0.3514506776,0.4545056009
44.5,1,1,1,1,1,0.2808003342,0.5920417012,0.7990331834,0.2469735937,0.6704966032,0.335973124,0.3383300533,0.2019497883,0.5415901388,0.6226240866,0.5523009455,0.4971222943,0.04869622056,0.3094717943,0.07184828937,0.3545811893,0.4575341217
45,1,1,1,1,1,0.2793362101,0.5940884288,0.7999658557,0.2486962335,0.6706191912,0.3352749254,0.3396098689,0.2014180445,0.5425032365,0.6232662759,0.5524122295,0.4973534809,0.04883211786,0.3124756873,0.07191672699,0.3569488375,0.4604810171
45.5,1,1,1,1,1,0.2798761083,0.5948705717,0.7987532508,0.2486481176,0.6690453482,0.3333951303,0.3383755635,0.200429301,0.5436416671,0.6253733785,0.5550688773,0.4982811329,0.0490712827,0.3142776992,0.07200433586,0.3591963468,0.4617102362
46,1,1,1,1,1,0.2794454675,0.5948072078,0.7982121019,0.2488933243,0.6690351238,0.3327425546,0.3363731319,0.2018226768,0.544210984,0.6258182709,0.5593674562,0.4994677734,0.04915520416,0.3161556681,0.07219319225,0.3621344592,0.4635668727
46.5,1,1,1,1,1,0.2803328177,0.593722857,0.7988368393,0.2469029293,0.6682753558,0.3336555869,0.3368277192,0.2013248118,0.5481886584,0.6244783541,0.562505116,0.4973407864,0.04895289419,0.3198796256,0.0729780666,0.3667792101,0.4654549461
47,1,1,1,1,1,0.2825177569,0.5939972082,0.79797623,0.2476257448,0.6676266225,0.3350104561,0.3373258638,0.200004262,0.5480647256,0.6229060407,0.5663897633,0.4979567627,0.04840932787,0.3191486957,0.07304379242,0.3686978269,0.4677751987
47.5,1,1,1,1,1,0.282726691,0.5953397663,0.7992794808,0.2473547574,0.6667329979,0.3358213262,0.3378844536,0.1999162691,0.5511701933,0.6225996572,0.5677456366,0.4982393985,0.04870292498,0.3179139438,0.07294201497,0.3706668444,0.4734333191
48,1,1,1,1,1,0.2833506759,0.5940460982,0.7990269425,0.2471723039,0.6656491816,0.3336854247,0.3374413463,0.2010605003,0.5514265492,0.6216838841,0.5695322746,0.498933024,0.04928325686,0.3156998353,0.0726013162,0.3705347865,0.4770439509
48.5,1,1,1,1,1,0.2830651109,0.5928982835,0.7980082285,0.246191346,0.6631781722,0.3343651607,0.3369595525,0.2011077633,0.5504525506,0.623047598,0.5736361275,0.4974931103,0.04889670733,0.3147188122,0.0720353257,0.3728391699,0.4772967852
49,1,1,1,1,1,0.2832284744,0.5930267447,0.7987827726,0.2454979175,0.6639093121,0.3331302718,0.3365163234,0.2008776918,0.5481769669,0.621715528,0.5750645313,0.4990056209,0.04934121783,0.3114265829,0.07317088845,0.376968058,0.4831106197
49.5,1,1,1,1,1,0.2837995174,0.594765946,0.8003793141,0.2470334578,0.6639674902,0.3354335093,0.3364551447,0.2000559779,0.5499878894,0.6185815688,0.5764686386,0.4973091642,0.04913347032,0.3109922191,0.07297602286,0.3777135905,0.4888187587
50,1,1,1,1,1,0.2832993953,0.5932224086,0.7987769952,0.2459998854,0.6667545461,0.3352140268,0.3377958213,0.1985823354,0.5489899035,0.6198592114,0.5782003455,0.496495841,0.04913892348,0.3133995185,0.07229738778,0.3789731713,0.4901162736
50.5,1,1,1,1,1,0.2828537613,0.5916799175,0.798389452,0.2460346947,0.6641793665,0.3358456216,0.3369383301,0.1979538991,0.5489414864,0.6225064426,0.5809780199,0.4974557343,0.0489013557,0.312630446,0.0721268506,0.3788671116,0.4941670008
51,1,1,1,1,1,0.2831381941,0.5923038222,0.7988069959,0.2469881239,0.6638047383,0.3361252911,0.3366047663,0.1986040111,0.5481329164,0.6218269208,0.584320198,0.4971658044,0.04889985357,0.3129652026,0.07301140831,0.3799221149,0.4994041274
51.5,1,1,1,1,1,0.2819877188,0.593287616,0.7998983194,0.2470878383,0.6657258739,0.3379614154,0.3376012382,0.1991872764,0.5508127338,0.6220462515,0.5839071496,0.4936907511,0.04853109192,0.3129138493,0.07302346117,0.3794606728,0.5018167061
52,1,1,1,1,1,0.2838965803,0.5917947078,0.8003211871,0.2475701325,0.6667266029,0.3376642443,0.338160265,0.2008853147,0.5489550822,0.622151942,0.583577397,0.4933838727,0.04820855892,0.3113083403,0.07280331524,0.3805420395,0.5051127818
52.5,1,1,1,1,1,0.2810298684,0.5925481221,0.8015525188,0.2474527355,0.6670034046,0.3361672625,0.3380023864,0.1997489227,0.5476490069,0.621482137,0.5810933767,0.4916035381,0.0484170484,0.3119675804,0.07327240476,0.3808466797,0.5080207051
53,1,1,1,1,1,0.2789698687,0.5930100905,0.8015777119,0.2469830282,0.6668550033,0.3381979612,0.3378652676,0.2018396983,0.5468505823,0.6214242417,0.5844133893,0.4940414907,0.04855359464,0.3114427712,0.07385095322,0.3822499484,0.5077892139
53.5,1,1,1,1,1,0.279785603,0.5943341374,0.8017505611,0.2485098827,0.6699145451,0.3365585931,0.3365607837,0.2014372042,0.5462791355,0.6206033962,0.5879117841,0.4957266739,0.04851233368,0.3122437784,0.07350984392,0.3851400491,0.5098988889
54,1,1,1,1,1,0.2820701026,0.5931211238,0.801137611,0.246967112,0.6699637186,0.3363673407,0.3368702982,0.2035860181,0.5478435926,0.618560695,0.5884638946,0.4958896633,0.04904301504,0.31225321,0.07364607736,0.3879725153,0.5112480544
54.5,1,1,1,1,1,0.2811075532,0.5931673384,0.8015928309,0.2478104238,0.668020841,0.3349247546,0.3356017931,0.2023153992,0.5497042613,0.6177866553,0.5898785124,0.4963956295,0.04869400615,0.3124930714,0.07336014723,0.3911663244,0.5145764416
55,1,1,1,1,1,0.2813954904,0.593793623,0.8019860043,0.24788216,0.66915219,0.336623883,0.3370253847,0.2001886082,0.5523707659,0.6207128502,0.5912593506,0.4961586629,0.04870916092,0.3138553232,0.07312594895,0.3923229046,0.5171183625
55.5,1,1,1,1,1,0.2805798216,0.5916547093,0.8005333043,0.2462774883,0.6685446744,0.3375391811,0.3359033281,0.2013483685,0.5535357039,0.6206213344,0.5944936747,0.4958804896,0.04831453701,0.3134300077,0.07309556694,0.3923257107,0.5177293205
56,1,1,1,1,1,0.2832162269,0.5918570381,0.7987350868,0.2457377062,0.6672585008,0.3363129521,0.3374277648,0.200818535,0.5532305701,0.622120787,0.597224473,0.4957222112,0.04803049205,0.311921731,0.07363775886,0.3909395372,0.5166559626
56.5,1,1,1,1,1,0.2825064731,0.5925761451,0.7979748702,0.2477511913,0.6663746054,0.3357762807,0.3375246111,0.2007792602,0.5545916713,0.6217961681,0.5957201749,0.4971952752,0.04760384795,0.3101680796,0.07362295165,0.3916055636,0.5187680816
57,1,1,1,1,1,0.2803035939,0.5949515173,0.7979599901,0.2454724338,0.6656705547,0.3366929544,0.3367833448,0.2015658857,0.5505571417,0.6199258328,0.5966509851,0.4964786224,0.04754607157,0.3117464673,0.07304843931,0.3903680446,0.5219431897
57.5,1,1,1,1,1,0.2817362537,0.5931525616,0.7985594382,0.2460232062,0.6640089005,0.3352862094,0.3355281128,0.2038054803,0.5492550635,0.6223533368,0.5972661548,0.4949937018,0.0474463347,0.3141319153,0.07250575396,0.3916080469,0.5255358079
58,1,1,1,1,1,0.2821517413,0.5926377205,0.7990214926,0.2472576931,0.6662884166,0.334346165,0.3375816057,0.2029398526,0.5474411075,0.6255427452,0.5950792292,0.4939608919,0.04776041121,0.3128397422,0.07253699572,0.3931685811,0.526984456
58.5,1,1,1,1,1,0.282838353,0.5921685812,0.7998380352,0.2478778938,0.6660480084,0.3340479163,0.3366099804,0.2016852435,0.5494161781,0.6267740897,0.5951612635,0.4953969289,0.0478322631,0.3127886946,0.07278528842,0.3940408234,0.5303538587
59,1,1,1,1,1,0.2844314019,0.5926803168,0.8009494486,0.2489550784,0.6647853711,0.3342166336,0.3358613897,0.1998431971,0.5485392204,0.6254976369,0.5972326929,0.4946486987,0.04772990187,0.3138363258,0.07264741867,0.3944229562,0.5319776341
59.5,1,1,1,1,1,0.283738189,0.5911911991,0.800039508,0.2472265651,0.6658212704,0.3355313068,0.336834699,0.2005169125,0.5492506499,0.6291867544,0.5990061873,0.4943409084,0.04785060293,0.3152414049,0.07308982213,0.3948621981,0.5323685593
60,1,1,1,1,1,0.2828056847,0.5906075499,0.7993826183,0.2490373795,0.6659114077,0.333592705,0.3380075537,0.2000286638,0.5510731407,0.6310777267,0.6014986176,0.492820251,0.0479467394,0.3151730462,0.07338051557,0.3971510678,0.5303339377
60.5,1,1,1,1,1,0.282279333,0.5925284706,0.7998468363,0.2495372747,0.6664593618,0.3332187917,0.3371906823,0.1997943831,0.5499881996,0.6331408361,0.6039770789,0.4925576991,0.04778102376,0.3151757022,0.07314455511,0.4016556995,0.5358313977
61,1,1,1,1,1,0.2833963433,0.5920989903,0.8011282911,0.2493276285,0.6654597868,0.333727516,0.3359383483,0.1995186357,0.5482947533,0.6312865443,0.6045803949,0.4905609125,0.04763262719,0.3160988169,0.07343267145,0.4001249928,0.5381912017
61.5,1,1,1,1,1,0.2822649007,0.5920609505,0.8017961036,0.2479867772,0.6658175108,0.3336487268,0.3358067642,0.2001484542,0.5472757594,0.6337659222,0.6050738871,0.4902156341,0.04738517537,0.3133092567,0.07299774191,0.3996529703,0.5424014122
62,1,1,1,1,1,0.2804172219,0.5906318161,0.8013507572,0.2472833986,0.667054857,0.3343703567,0.3342045685,0.2004327599,0.5481761945,0.633270376,0.6033604211,0.487503995,0.04740222598,0.3123667549,0.07325513216,0.4010703181,0.5474953584
62.5,1,1,1,1,1,0.2814411466,0.5920761805,0.8007936666,0.2471055303,0.6662611914,0.3350879119,0.333410659,0.2002751632,0.5437636701,0.6341186278,0.603970735,0.4868783367,0.04747482248,0.3094901478,0.07307450901,0.4018340212,0.5484099502
63,1,1,1,1,1,0.2800205986,0.5916792642,0.7992889485,0.2481184262,0.666684605,0.3356617726,0.3368807508,0.1994993571,0.5447646764,0.6325572005,0.6051243156,0.4849771797,0.04740056859,0.3109921857,0.07334221511,0.4032678373,0.5484549787
63.5,1,1,1,1,1,0.2815627036,0.59128106,0.8011498884,0.2492270786,0.6655999915,0.3332913834,0.3360613954,0.2017917557,0.545008903,0.6322711363,0.6013334853,0.4823466712,0.0471219685,0.3109504022,0.07341110432,0.4037466005,0.5497784465
64,1,1,1,1,1,0.2814002052,0.5929415945,0.7999591576,0.2476141616,0.6644489127,0.3321882966,0.33436081,0.2011547149,0.5449484746,0.6317680003,0.5987224956,0.484466518,0.04752358644,0.3143675515,0.07332803373,0.4038653837,0.5522468059
64.5,1,1,1,1,1,0.2831373421,0.5904701381,0.7993358815,0.2472517937,0.6645634307,0.3346593314,0.3334319053,0.200083985,0.5425976463,0.6309307153,0.6009627041,0.4871880624,0.04709917682,0.3151564077,0.07271230492,0.4028051718,0.5529597864
65,1,1,1,1,1,0.2849525532,0.5929197641,0.7999876693,0.2491703791,0.666559272,0.336499153,0.3339551488,0.1998734619,0.543796268,0.6288624918,0.5983040218,0.4875911523,0.04747199069,0.3149771485,0.07291928068,0.4049321491,0.5543861545
65.5,1,1,1,1,1,0.2840234351,0.5960510539,0.7993909998,0.248721829,0.6658478247,0.3363825097,0.3330057732,0.2008599073,0.5460915862,0.6294498788,0.6003012484,0.4873654078,0.047401509,0.3151930353,0.07296560558,0.4025033889,0.5536810342
66,1,1,1,1,1,0.2856110598,0.5952353753,0.7988331933,0.248297084,0.6650673096,0.337688994,0.3319794822,0.2007937655,0.5471462574,0.626566999,0.6005321428,0.4871730873,0.04774720157,0.3141472891,0.07373547067,0.4016773157,0.5563193952
66.5,1,1,1,1,1,0.2862861161,0.5945024584,0.7980424791,0.2482839989,0.6677772204,0.3365478215,0.3329162935,0.2005002403,0.5453162233,0.628778539,0.6014503473,0.4848250857,0.04759750395,0.3130189916,0.07368429885,0.4021360195,0.5563173997
67,1,1,1,1,1,0.2858111359,0.5946843135,0.798066896,0.247309199,0.6672657346,0.3364022646,0.3322557589,0.1997045376,0.5447930098,0.6307677068,0.6030254774,0.4862633727,0.04774226762,0.3123493398,0.0734633593,0.3997160709,0.5608180813
67.5,1,1,1,1,1,0.2835205051,0.5930621482,0.7984337935,0.247145832,0.6664520629,0.3348720201,0.3332684099,0.198924976,0.5440161163,0.6270841402,0.6049909894,0.4890649347,0.04793781667,0.3126028805,0.072903523,0.4020374139,0.5605432462
68,1,1,1,1,1,0.2842922488,0.5940294234,0.7985557952,0.2476614897,0.6675377257,0.3333904121,0.3333411926,0.1987068259,0.5440613474,0.6263895848,0.6046496641,0.4900718474,0.04832215597,0.3134434927,0.0728342836,0.4002461843,0.5627549107
68.5,1,1,1,1,1,0.2865980094,0.5945460384,0.7983652905,0.2481604157,0.6648886718,0.3341904095,0.3339491111,0.1981345415,0.5448062568,0.6252269884,0.6033998415,0.4912014286,0.04785356906,0.3125998456,0.07292580981,0.3982123199,0.5645155833
69,1,1,1,1,1,0.2856584794,0.5950828826,0.799375375,0.2470490937,0.6655210899,0.3319049796,0.3371364125,0.1987866576,0.5434198568,0.6245653465,0.603556065,0.4922907396,0.04773646201,0.3143891013,0.07266118186,0.3987618572,0.5649299167
69.5,1,1,1,1,1,0.2884573343,0.5958516859,0.7990255245,0.2469684816,0.6647666317,0.3325150423,0.3368099357,0.1985542597,0.5412251444,0.6267146709,0.6024166918,0.4899199148,0.04724437019,0.3147132316,0.07258158044,0.4015404719,0.5658617893
70,1,1,1,1,1,0.2870271859,0.5971339773,0.7990402877,0.247883185,0.6645630946,0.3332158721,0.337254867,0.1980970673,0.5431154452,0.6270854127,0.6019162187,0.4914257085,0.04767023683,0.3142858574,0.07328927144,0.4022014801,0.5700124807
70.5,1,1,1,1,1,0.2876659687,0.5961973711,0.7998097601,0.2455290733,0.6677144261,0.3326559895,0.3373970512,0.19618721,0.5437730352,0.6284530696,0.6025829131,0.491506659,0.04780539514,0.3122145839,0.07309971557,0.4004598033,0.5714048672
71,1,1,1,1,1,0.2874942256,0.595146754,0.7985896651,0.2458884244,0.6675551602,0.3327496523,0.3367094322,0.1976330158,0.5419707397,0.6283746202,0.6008213779,0.4923842693,0.0478196344,0.3131386574,0.07277286386,0.4018423851,0.5728877276
71.5,1,1,1,1,1,0.2878744093,0.5943724696,0.7992635014,0.2476928661,0.6671230508,0.3335092702,0.3351541924,0.1987265061,0.5425392899,0.6271438814,0.6027670937,0.4915130755,0.04775345259,0.3093423514,0.07332361999,0.4052790949,0.5751219602
72,1,1,1,1,1,0.2871249438,0.5961262952,0.7999694329,0.2472073359,0.6664843257,0.3344683374,0.3335413364,0.1989110492,0.5434696879,0.6252988571,0.6016902432,0.4903112422,0.04798835557,0.3086995282,0.07339004186,0.4050859601,0.5746334985
72.5,1,1,1,1,1,0.2873989792,0.596238889,0.7991412234,0.2475855043,0.6679768521,0.3363727127,0.3349423896,0.1989759367,0.5448424608,0.6246232099,0.6002811916,0.4919144301,0.04793164069,0.307754039,0.07269865951,0.4040028516,0.5770534189
73,1,1,1,1,1,0.289013106,0.5956170321,0.8010375436,0.2457263048,0.6664768949,0.3345995112,0.3353019323,0.1993919509,0.5448734398,0.6242067035,0.6014603841,0.4921370231,0.04767969898,0.3077338829,0.07287523498,0.4041678359,0.5778702478
73.5,1,1,1,1,1,0.2875249545,0.5938141606,0.8015596785,0.2452229762,0.6684519679,0.3338540923,0.3337455181,0.2006852336,0.5472481338,0.6219697529,0.6043024163,0.4946828032,0.04763243449,0.3068852281,0.0730406083,0.4023626899,0.5772882775
74,1,1,1,1,1,0.2870778589,0.5921753462,0.8002997345,0.2447468518,0.668590074,0.3343764956,0.3358618899,0.1992140155,0.5480797837,0.6221714149,0.6071064559,0.4963773225,0.04775083221,0.3083252087,0.07318292053,0.3996958283,0.5762825119
74.5,1,1,1,1,1,0.2835429519,0.5947495476,0.7999965978,0.2466837755,0.6680728434,0.3344804975,0.33425644,0.1991996139,0.5501517073,0.6230737588,0.6058363733,0.4928896927,0.04800171345,0.3071683014,0.0731129636,0.4017133025,0.5806179611
75,1,1,1,1,1,0.2830563526,0.5944786465,0.8004230655,0.2478875854,0.6655210297,0.3327716431,0.3339190018,0.1979088278,0.5477789412,0.6224722403,0.6048665247,0.4952475787,0.04796690768,0.3069750394,0.07204339281,0.4021111794,0.5827736726
75.5,1,1,1,1,1,0.2838699093,0.5948958514,0.798737459,0.2485510459,0.666092668,0.3341406418,0.3349084225,0.1977929138,0.5490337937,0.6239351491,0.602968454,0.4957857776,0.04859823892,0.3084484189,0.07236845354,0.4019491443,0.5818328038
76,1,1,1,1,1,0.2861021561,0.5939035668,0.7981294319,0.247528341,0.6642387175,0.3329801604,0.3352963104,0.1987749462,0.5457150918,0.6243753167,0.602839338,0.4949631404,0.04846036712,0.3086219608,0.0723809374,0.4000298322,0.5812509984
76.5,1,1,1,1,1,0.2849477485,0.593988352,0.7987540608,0.2485818036,0.6644154504,0.3322856755,0.3356810783,0.1987475386,0.5453008722,0.6245800436,0.6026829593,0.4951957373,0.04812474571,0.3073261487,0.07205900412,0.4011820917,0.5805345598
77,1,1,1,1,1,0.2819622517,0.5948327606,0.8002012313,0.2488257471,0.6643690382,0.3344876932,0.3338706123,0.1989575313,0.5433001637,0.625327154,0.6049853941,0.4952199956,0.04769334728,0.3077660417,0.07209241099,0.4015991084,0.5825619265
77.5,1,1,1,1,1,0.2808978724,0.5923188158,0.8000131881,0.2474640741,0.6632591914,0.3357880648,0.3345216691,0.1997817095,0.5419702051,0.6254671967,0.6072140671,0.4969612775,0.0476712366,0.3076255475,0.07302245428,0.3998291277,0.5815814549
78,1,1,1,1,1,0.2807216895,0.5940020772,0.7996630347,0.2463599246,0.6601323096,0.3362395112,0.3345982478,0.1987960475,0.5437811751,0.6244294676,0.6065416492,0.4977686402,0.04796174257,0.3067771384,0.07274455263,0.3976652388,0.5819488319
78.5,1,1,1,1,1,0.2812923187,0.5952732531,0.7998251503,0.2452805305,0.6614978882,0.3378348425,0.3331335048,0.1977525219,0.5446592492,0.6273144015,0.6100317629,0.4966929004,0.0481031581,0.3050815358,0.07248836289,0.4002946518,0.5834628009
79,1,1,1,1,1,0.2814862409,0.5958992603,0.7999549055,0.2443950561,0.6627233636,0.3364733857,0.3329707253,0.1993003569,0.5415979904,0.6274198385,0.6127312303,0.500499199,0.04829969792,0.3078779441,0.07200203042,0.3986586243,0.5837377508
79.5,1,1,1,1,1,0.2823067726,0.5961438022,0.8002175851,0.2462746088,0.6626015735,0.3351996493,0.335355363,0.1999214728,0.5380287102,0.6264066638,0.61434748,0.5022704694,0.04821412639,0.3075780419,0.07153741632,0.3950409431,0.5850923084
80,1,1,1,1,1,0.283575806,0.5952825339,0.7986328716,0.2442572603,0.6621142174,0.3350271275,0.3322839507,0.1991313881,0.5407088205,0.6277390878,0.6158479891,0.5019885626,0.04879087159,0.3079637598,0.07157275409,0.3949187547,0.5888590253
80.5,1,1,1,1,1,0.2837783264,0.5952656592,0.7990539142,0.2445146258,0.6647346506,0.3367457352,0.3370725864,0.1992025991,0.5420460959,0.6265169725,0.6160326459,0.500480204,0.04934715864,0.3074935592,0.07177027588,0.3940118936,0.5915835972
81,1,1,1,1,1,0.2855161637,0.5938907493,0.7997652802,0.2450469136,0.6648807519,0.3341832248,0.3352215564,0.1990167083,0.5411710507,0.6226146298,0.6188916293,0.4989165042,0.04893489464,0.3069286867,0.07245190712,0.3942110418,0.5930113526
81.5,1,1,1,1,1,0.282349003,0.593055534,0.7998076773,0.2481566495,0.6669067356,0.3338139455,0.336116415,0.1976071464,0.5412758726,0.6232378845,0.6212742569,0.5016535648,0.04877977714,0.305210883,0.072568886,0.3945348342,0.59399403
82,1,1,1,1,1,0.2809726488,0.5925266249,0.800299963,0.2483986459,0.6654381921,0.3351176792,0.3351084159,0.198632054,0.5405620737,0.6237581736,0.6220800173,0.502226922,0.0484125859,0.3043018087,0.07216510068,0.3950190519,0.5931632309
82.5,1,1,1,1,1,0.2811497791,0.5920881321,0.8002755662,0.2490523573,0.6660701278,0.3340259006,0.335597199,0.200176534,0.5437245519,0.6226357064,0.6250038003,0.5033488985,0.04852887962,0.3028634304,0.07174672076,0.3975352418,0.5926834981
83,1,1,1,1,1,0.2823710274,0.5933432431,0.7995850747,0.2484923524,0.6657364796,0.3328720339,0.3370429335,0.2015696631,0.545418882,0.6262831944,0.6275501538,0.5037911169,0.04877295552,0.3010637112,0.0713140611,0.3966678865,0.5940219317
83.5,1,1,1,1,1,0.2814745637,0.5934591456,0.8007611274,0.2512781478,0.6648872572,0.336256728,0.3361147549,0.2007255372,0.5454269176,0.6266898461,0.6265028395,0.5010007901,0.04877251686,0.3035359398,0.07109465896,0.3985818637,0.5937350745
84,1,1,1,1,1,0.2811306985,0.5963105216,0.80048601,0.248582984,0.6637626927,0.3362683958,0.335885939,0.2032237437,0.5463687514,0.6257341299,0.6266447061,0.4982393723,0.04917442389,0.3023823516,0.07145593898,0.3983285129,0.5931920085
84.5,1,1,1,1,1,0.2802881419,0.5969849662,0.7996723291,0.2510721569,0.6616972738,0.3358564633,0.3369400677,0.2026575983,0.5509619655,0.6270908991,0.6264654106,0.4959559415,0.04887386615,0.3037364959,0.07168186209,0.398036751,0.593733605
85,1,1,1,1,1,0.2792304378,0.5939410862,0.8007727865,0.2517318202,0.6632730857,0.335979657,0.3379557826,0.2010747382,0.5499137732,0.6262580131,0.6276912899,0.4951988893,0.04855107247,0.3059086056,0.07140081164,0.3983556135,0.5911457014
85.5,1,1,1,1,1,0.2779846046,0.5931801861,0.8005220848,0.2501025182,0.6648535508,0.3337921028,0.3371443825,0.2002822612,0.5514990242,0.6271440918,0.6260740783,0.4931324024,0.04846341026,0.3061922902,0.07141772498,0.3973966312,0.5912775537
86,1,1,1,1,1,0.2788925023,0.5927198155,0.8009534653,0.2490192098,0.6665214474,0.3344778809,0.3366231833,0.1997875814,0.5509597249,0.627797019,0.6266289551,0.4925270296,0.04863250709,0.3065820312,0.07145994363,0.399868727,0.5959484571
86.5,1,1,1,1,1,0.2795111181,0.5932359175,0.8003632335,0.2480877924,0.6664408362,0.3332148836,0.337398485,0.1988300106,0.5506231393,0.6282457981,0.627221963,0.4899369919,0.04810766978,0.3053968115,0.07083097062,0.3980279957,0.5937849685
87,1,1,1,1,1,0.2799593608,0.5922611206,0.8007435283,0.2454150411,0.6649197545,0.3340827319,0.3395288957,0.1983783865,0.5515730328,0.6277733975,0.6287078708,0.4910972213,0.04791656652,0.3042152658,0.07101043458,0.3958898264,0.5924453212
87.5,1,1,1,1,1,0.2785701904,0.5926637182,0.8009901418,0.2446655589,0.6661966685,0.3333328048,0.3393012338,0.1990199933,0.551305289,0.6279476189,0.6281984558,0.4879569462,0.04728537654,0.3033401245,0.07109429638,0.3947438905,0.5969834902
88,1,1,1,1,1,0.2780675962,0.5927365601,0.8006536714,0.2440809357,0.6662656207,0.3338796933,0.3359159645,0.198613859,0.5484706738,0.6265429695,0.627421053,0.4889571686,0.04787351602,0.3031360487,0.07111771557,0.3933784239,0.5956295179
88.5,1,1,1,1,1,0.2786207637,0.593206253,0.8003570408,0.2459044404,0.6647341813,0.3335860013,0.333842163,0.1991068639,0.5459661542,0.6261798758,0.6275672634,0.4924741958,0.04747155488,0.3035286535,0.07140189912,0.3910004566,0.5912703764
89,1,1,1,1,1,0.2784941519,0.5935950922,0.7997679996,0.2455806401,0.6665236587,0.3332284033,0.3347174573,0.198362026,0.5455479284,0.6251973381,0.6258792553,0.493231089,0.04747877935,0.3038523933,0.07162386647,0.3934727321,0.5919739696
89.5,1,1,1,1,1,0.2786038243,0.5919965809,0.8003702854,0.2475892546,0.6644355028,0.3341350876,0.3350291155,0.1980534526,0.5449814756,0.6227139998,0.6255675101,0.492778312,0.04778440905,0.3064736466,0.07190253426,0.3951190947,0.590697391
90,1,1,1,1,1,0.2771389244,0.5913006648,0.8012431377,0.2481777831,0.6642694783,0.3356434902,0.3341595574,0.1983537307,0.5448858186,0.6233065321,0.6264024352,0.4943844058,0.04768865596,0.3062135653,0.0716297334,0.3960093232,0.5881506411
90.5,1,1,1,1,1,0.2789916272,0.5927442361,0.8011893128,0.2519756243,0.6654849683,0.3391111653,0.3359232502,0.1979072238,0.545848789,0.6237225688,0.6248475587,0.4941485071,0.04788274855,0.3079883185,0.07122199573,0.3976794374,0.5902753212
91,1,1,1,1,1,0.2824338788,0.5901864163,0.8007290484,0.2498518828,0.6672469785,0.3363278873,0.3378591681,0.2001460544,0.5455553223,0.6235130773,0.6259556342,0.4943715987,0.04775408375,0.3066932252,0.07158983257,0.3980228872,0.5887393552
91.5,1,1,1,1,1,0.2822468532,0.5914250605,0.8021101092,0.2489926022,0.6688116811,0.3354608264,0.3386902453,0.2003137328,0.5476443172,0.6226899927,0.6249090301,0.493885957,0.04764859505,0.3063382655,0.07114964566,0.3946993934,0.5912750654
92,1,1,1,1,1,0.2836225952,0.5908653356,0.7990349258,0.2483558103,0.6694711758,0.3360526061,0.3390214524,0.1994126558,0.5488243117,0.6189892348,0.6223979132,0.4937164713,0.04753999805,0.3051618152,0.070668742,0.3932028269,0.5930876024
92.5,1,1,1,1,1,0.2839262398,0.5926276252,0.7977864871,0.2483455471,0.6693283215,0.3381926402,0.3370324545,0.2000648606,0.5499669567,0.621842471,0.6234175752,0.4946175402,0.04757310854,0.3029745701,0.07061964913,0.3945276141,0.5897968886
93,1,1,1,1,1,0.2843274466,0.5911002274,0.7980324189,0.2484404785,0.6666771729,0.3383063917,0.3362030342,0.200438876,0.549412035,0.6176951152,0.6254241706,0.4951929069,0.04832489306,0.3037911923,0.07057682222,0.3942703806,0.5939497069
93.5,1,1,1,1,1,0.2829097708,0.5921689,0.7979575222,0.2483502825,0.6673954578,0.3374585299,0.3388864563,0.1989742336,0.5470527195,0.6186964224,0.6261864367,0.4905437336,0.04897188827,0.3044122966,0.07070678886,0.3934920055,0.592459978
94,1,1,1,1,1,0.2842672601,0.5939020765,0.7982701431,0.2474678476,0.6675184921,0.3390257584,0.339585185,0.1991221522,0.5459933102,0.6202333995,0.6277262025,0.488830251,0.04875170781,0.3056283332,0.07071691334,0.3939843728,0.5912678963
94.5,1,1,1,1,1,0.2858123303,0.5946819906,0.7986479119,0.2482740058,0.665354956,0.3387427528,0.3395136403,0.197843571,0.5447288981,0.6199166224,0.6281622131,0.4919198289,0.04843418386,0.3026219324,0.07067297368,0.3955706779,0.5915680233
95,1,1,1,1,1,0.2855704385,0.5932246247,0.7991362213,0.2482055147,0.6666715527,0.3374493018,0.3388697193,0.197404416,0.545631985,0.6191222524,0.6269062097,0.4954936819,0.0487133535,0.3029540143,0.07168581354,0.3939116678,0.5941637868
95.5,1,1,1,1,1,0.2852746916,0.5938713802,0.7976662826,0.2483114628,0.6657831736,0.3357878369,0.334704604,0.1991798858,0.5469051549,0.6201343163,0.628509285,0.4924762643,0.04853096066,0.3027860835,0.07181246587,0.390725932,0.5944585509
96,1,1,1,1,1,0.2861182049,0.5932803664,0.7972817561,0.2489222476,0.6653091405,0.3359273685,0.3342712528,0.1995733495,0.5476677283,0.6210060772,0.6270353815,0.4906721794,0.04861763121,0.3056735337,0.07173451845,0.3917009764,0.5952402454
96.5,1,1,1,1,1,0.2853915244,0.5934693672,0.7978853851,0.2481460285,0.6642939155,0.3390924801,0.3364644283,0.2012940657,0.5491630537,0.6201906124,0.6274804608,0.4927004195,0.04837375493,0.3039104857,0.07134764034,0.3907316841,0.593149861
97,1,1,1,1,1,0.2856089117,0.5919253101,0.7970799686,0.2485629208,0.6653405105,0.3395214532,0.3342348709,0.2024698098,0.5488845914,0.6213306029,0.6247773104,0.4918648933,0.04857957918,0.3059333255,0.07163443386,0.3963334235,0.5921870065
97.5,1,1,1,1,1,0.2895577095,0.5920045877,0.7985489774,0.2481201389,0.6646801694,0.3385624345,0.3376670919,0.1999048485,0.5480892879,0.6233024628,0.6249351312,0.4907753415,0.04886174443,0.307775571,0.07218923131,0.3955232151,0.5919554109
98,1,1,1,1,1,0.2879738294,0.5944683241,0.7994668649,0.2485769082,0.6644343341,0.3380003606,0.3379252153,0.2009510705,0.5475194206,0.6242373772,0.625713256,0.4894356081,0.04921756048,0.307656745,0.07207375408,0.3961045048,0.5933816856
98.5,1,1,1,1,1,0.2862878227,0.5929507119,0.7994308204,0.2483088997,0.6666270036,0.3362528181,0.3387755737,0.2013823367,0.5465123969,0.6234073273,0.6234612833,0.4903372387,0.04856222137,0.3074371033,0.07229293909,0.3941827781,0.595873347
99,1,1,1,1,1,0.2864095519,0.5929815537,0.8004404187,0.2468165127,0.6655216938,0.3362035619,0.3367285288,0.2004776778,0.5506501756,0.6180234711,0.6267560195,0.4897899503,0.04803592644,0.3083745135,0.07200812277,0.3945802957,0.5967674094
99.5,1,1,1,1,1,0.2848800843,0.5908282978,0.7991772595,0.2469877484,0.6656754782,0.3352292804,0.3363555678,0.2006812417,0.5495906391,0.6189847612,0.6270630763,0.4939418493,0.04809165964,0.3099552476,0.07247556765,0.3923629246,0.6007638007
100,1,1,1,1,1,0.2839237322,0.5899968757,0.7992022554,0.2460684465,0.6643530724,0.3337339745,0.3359507748,0.200335796,0.5482423739,0.6208495034,0.6260864674,0.4923142306,0.04810841319,0.3097499288,0.07304711172,0.3925433389,0.6046978241
100.5,1,1,1,1,1,0.2826434707,0.5933502621,0.7988585438,0.2469887721,0.6620236606,0.3337011072,0.3352315089,0.199052054,0.5502056354,0.619678185,0.6259315433,0.490781518,0.04801218109,0.3091931161,0.07300753734,0.3921464848,0.6052354779
101,1,1,1,1,1,0.2813084798,0.5919785539,0.7994545866,0.2489437167,0.6616648369,0.3344286024,0.3351487571,0.2004716959,0.5530200267,0.6186825811,0.625795965,0.4897570857,0.04824255499,0.309275576,0.07343521132,0.3937085948,0.6073580408
101.5,1,1,1,1,1,0.281536568,0.5922305997,0.7988997164,0.248063124,0.6644103605,0.3331605499,0.3348571401,0.2006130546,0.5511466021,0.6188403851,0.6233022089,0.491893121,0.04815116881,0.3078118869,0.07341033119,0.3947103376,0.6064636848
102,1,1,1,1,1,0.2823550133,0.5936663732,0.7977980684,0.2473901673,0.6622440156,0.3337081771,0.334119728,0.2008633865,0.5519519077,0.6160945209,0.623030975,0.4907927954,0.04791386955,0.3063430726,0.073849689,0.3937748399,0.6087949315
102.5,1,1,1,1,1,0.2826966584,0.5943415405,0.7969181857,0.2455200065,0.6647889491,0.3318928323,0.3350720748,0.199250221,0.5526920355,0.6155901294,0.6223716224,0.4922765044,0.04758450482,0.3049274673,0.07278022112,0.3933533224,0.6078007766
103,1,1,1,1,1,0.2809430699,0.5932899104,0.7969289176,0.2467395171,0.6663502046,0.3328014567,0.3347657865,0.1988823878,0.5542825153,0.6192005251,0.620980091,0.491672514,0.04758472418,0.3053142193,0.0723943394,0.3925852598,0.6095795553
103.5,1,1,1,1,1,0.2816294451,0.592885386,0.7978443559,0.246286539,0.6674737687,0.3340249443,0.3349994833,0.1992017282,0.5547518259,0.6190087469,0.621145462,0.492121297,0.0474165458,0.3033020633,0.07300539392,0.3909794986,0.6115243382
104,1,1,1,1,1,0.2827048431,0.5930733258,0.7988562553,0.2463634405,0.6667437186,0.3327313715,0.3330444356,0.1989530672,0.5497490716,0.6206180768,0.6199540534,0.4913662674,0.04740253498,0.302969237,0.07252812164,0.3946375869,0.6116914063
104.5,1,1,1,1,1,0.2820730033,0.593285096,0.7989395889,0.2470232202,0.6664571457,0.3350642352,0.3324533437,0.1997707236,0.5495351043,0.6210119282,0.6201043946,0.4913759462,0.04723895431,0.3037270268,0.07237358506,0.395335381,0.6128069156
105,1,1,1,1,1,0.2830809508,0.5938541907,0.799106447,0.2457541058,0.6684377282,0.3347245175,0.3330570853,0.2007583967,0.547528042,0.6189077032,0.6224594421,0.4908267921,0.04717956747,0.3035657996,0.07249602126,0.3949406869,0.6139833225
105.5,1,1,1,1,1,0.2836814586,0.5927660102,0.7988473378,0.2466228534,0.6684093829,0.3337023815,0.3327672398,0.2013653514,0.5468199484,0.6208252635,0.622323192,0.492116987,0.04723372534,0.3052990642,0.07254959186,0.3934612272,0.6157231873
106,1,1,1,1,1,0.2838302184,0.59238816,0.7998414249,0.2461549692,0.6682035025,0.3331447982,0.3339683768,0.2014055829,0.5472050338,0.6215764231,0.6232818609,0.491961324,0.04754079868,0.3061032665,0.07287225462,0.3942572463,0.6173979567
106.5,1,1,1,1,1,0.2841688435,0.5935403288,0.8007561308,0.2485084693,0.666937179,0.3345303221,0.3327680323,0.2009119472,0.5455681848,0.6199481621,0.6265662576,0.4909251934,0.04772937161,0.3064480681,0.07265339196,0.3954566375,0.6196434914
107,1,1,1,1,1,0.2834668301,0.5953902188,0.7991194179,0.247196181,0.6669450658,0.3363992704,0.3324130445,0.1995483562,0.5443273751,0.6193566096,0.6279311494,0.4903049848,0.04783026818,0.3046781403,0.07263451112,0.3953494968,0.6200124866
107.5,1,1,1,1,1,0.2808801634,0.5960968579,0.7998911695,0.247135399,0.6678595287,0.3353034736,0.3365015258,0.2003272886,0.5422780621,0.6189921669,0.6274641744,0.4902943919,0.04802940474,0.3071938536,0.07249211271,0.3953057506,0.6202729368
108,1,1,1,1,1,0.2774527222,0.5956134393,0.8007461138,0.2463826763,0.6672459852,0.3336403705,0.3362803791,0.2003709353,0.5441294888,0.6195472414,0.6268583729,0.4925584419,0.04783890753,0.3050649771,0.07302719669,0.3948827043,0.6197941689
108.5,1,1,1,1,1,0.2773725248,0.5944339836,0.7994619749,0.2448921624,0.6668959845,0.3334806154,0.3364895041,0.200799435,0.5472551304,0.6192318348,0.6279783284,0.4932047978,0.04852365533,0.3076816095,0.07311199833,0.3951343213,0.6170329776
109,1,1,1,1,1,0.2772397328,0.5937517205,0.800122974,0.2442833055,0.6661229813,0.3316138229,0.338859052,0.1997477265,0.544731038,0.6181533992,0.6270005556,0.4959391409,0.04885687183,0.3054693134,0.07312830889,0.3943150594,0.6178591449
109.5,1,1,1,1,1,0.2790657809,0.5908392333,0.800468531,0.246529051,0.6682984984,0.3314623752,0.3371563485,0.1998981272,0.5429253542,0.6169660566,0.6281596247,0.4943263813,0.04899227328,0.3077549814,0.07283266623,0.3910880633,0.6190288226
110,1,1,1,1,1,0.2818467129,0.5927207675,0.7998456465,0.2469216098,0.6679566312,0.3320984063,0.3355344791,0.1990516173,0.5441496749,0.6164301289,0.627361563,0.4958307391,0.04920329631,0.310479234,0.07298439897,0.3913999468,0.6173055222
110.5,1,1,1,1,1,0.2836699919,0.5941695354,0.8006694571,0.2466450248,0.6661273402,0.3328563581,0.3344751457,0.1986372913,0.5419978352,0.617858652,0.6321726873,0.4928537035,0.04912953895,0.3092249692,0.07320615737,0.3912019945,0.6168455354
111,1,1,1,1,1,0.2837712224,0.5923572652,0.8001908197,0.2457494101,0.6655582267,0.3368764201,0.335587087,0.1986263999,0.5444893588,0.6160555748,0.6324058684,0.494276442,0.04903922033,0.3124467211,0.07248302183,0.3931422652,0.6195271813
111.5,1,1,1,1,1,0.2837197001,0.591940897,0.8005458027,0.2472428641,0.6641368313,0.3385001502,0.3384580459,0.1997408244,0.5449328483,0.6145558821,0.6371611135,0.4950102918,0.04932364458,0.3135204224,0.07219766097,0.3921466049,0.6214879299
112,1,1,1,1,1,0.2851991779,0.5931738284,0.8007153365,0.2483882773,0.6667712315,0.3363233996,0.3382159615,0.1998650731,0.5472163023,0.614770818,0.636736232,0.4952782127,0.04916617761,0.3139706411,0.0719930601,0.3944401169,0.6202238954
112.5,1,1,1,1,1,0.2855820318,0.5912119905,0.8005580546,0.2492253942,0.6652378091,0.3374604373,0.3402295912,0.2001145367,0.5457285483,0.6136202107,0.6354297418,0.4946604101,0.04932301619,0.3173470162,0.07214500606,0.3943098335,0.6171567746
113,1,1,1,1,1,0.2821620803,0.5914673847,0.8008005708,0.2494190496,0.6672752524,0.3395871859,0.3417725858,0.1999743029,0.5467335136,0.6131044948,0.6351334464,0.4966251117,0.04906471302,0.3165919854,0.07248017515,0.3999524656,0.6168828257
113.5,1,1,1,1,1,0.2829717825,0.5933968308,0.7998360701,0.2490245056,0.6665392455,0.3383436138,0.3405458887,0.1997547882,0.5466633993,0.6143287417,0.6318908381,0.4966491142,0.04894753919,0.315578842,0.07301853184,0.4000667696,0.6165102526
114,1,1,1,1,1,0.2837616785,0.5931459294,0.8000266378,0.248702276,0.6685449684,0.3380090745,0.3420856465,0.1993731674,0.5498541847,0.6155742249,0.630451295,0.4957897955,0.04884561608,0.315424099,0.07307471431,0.400947425,0.6165011416
114.5,1,1,1,1,1,0.2811215979,0.5938631096,0.8007631944,0.2501096993,0.6716525322,0.336962045,0.3388724198,0.2004226636,0.5507532762,0.6124513116,0.6313695285,0.4963508328,0.04878161571,0.3143329262,0.0734377496,0.4066712316,0.6167278631
115,1,1,1,1,1,0.2796872749,0.5945881961,0.8000548578,0.2496624377,0.6705402974,0.3383446469,0.3395136736,0.2003967794,0.5514488014,0.6119025882,0.6316810005,0.4972113077,0.04890507046,0.3149306131,0.07336207703,0.4073319156,0.6161913813
115.5,1,1,1,1,1,0.2796034036,0.5935108891,0.7989087612,0.2476833865,0.6693168764,0.3382200078,0.3420828834,0.1995773518,0.5525269432,0.6132561824,0.6305700078,0.4974058884,0.04824214202,0.3134988548,0.0743317499,0.4093850377,0.6169070961
116,1,1,1,1,1,0.2811824347,0.594386212,0.7993039572,0.2487928084,0.6689792499,0.3363221694,0.3411137002,0.1995865848,0.5507289622,0.6155246352,0.6299351651,0.4956389344,0.04759266998,0.3157465921,0.07469521024,0.4084861224,0.6155685033
116.5,1,1,1,1,1,0.2809354363,0.5930543956,0.7995404085,0.2486630095,0.6717186029,0.3367221556,0.3397834538,0.2002549737,0.5530982394,0.617316951,0.6307302939,0.4928393662,0.04808178862,0.3167857726,0.07498189942,0.4090632512,0.6173737401
117,1,1,1,1,1,0.2815410927,0.5917439686,0.8007967497,0.2488694171,0.6698663183,0.335915685,0.3397500998,0.2011076062,0.5537755985,0.6188246881,0.6305913477,0.4932200581,0.04801674188,0.3148749919,0.07519127985,0.4078774052,0.6174207126
117.5,1,1,1,1,1,0.2782367621,0.5928880769,0.8008576108,0.2472303758,0.6685585027,0.3354732346,0.339943294,0.2005723121,0.5569098554,0.6191577357,0.6300447634,0.4913051263,0.04783362365,0.3138545495,0.0746516517,0.4093903918,0.6176382016
118,1,1,1,1,1,0.2789139934,0.5929857582,0.8008656897,0.2485119419,0.6670896132,0.3343575635,0.3369736187,0.2011528083,0.5582213238,0.6190823098,0.6322383255,0.4917385196,0.04798776387,0.3119310482,0.07446068683,0.4110769235,0.6182899841
118.5,1,1,1,1,1,0.2819202068,0.5937589132,0.8003857542,0.2487050549,0.6667394004,0.3348825348,0.3369452303,0.2009493983,0.5599225912,0.6196314027,0.6312318909,0.4927811991,0.04809157655,0.3097374483,0.07405917991,0.410430553,0.617812013
119,1,1,1,1,1,0.2827340286,0.5920702514,0.8006824773,0.2488820361,0.667320589,0.3351195082,0.3380354401,0.2007186633,0.558761905,0.6219714783,0.6316616694,0.4902555608,0.04816915559,0.3107164673,0.07422199872,0.4090420187,0.6214185421
119.5,1,1,1,1,1,0.2817730806,0.5926453923,0.7976650099,0.2510388367,0.6667863061,0.3351861406,0.336980859,0.2021438723,0.5599735916,0.6219110704,0.6343386257,0.4915604849,0.04862684941,0.3098875416,0.07334259092,0.4067508865,0.6200592277
120,1,1,1,1,1,0.2813069523,0.5928186309,0.7986336791,0.2516937106,0.6648845871,0.3356463682,0.3371158715,0.2013634891,0.5623254136,0.6217346677,0.6345697337,0.4902131323,0.04893915415,0.3094033375,0.07264500809,0.4021305457,0.6199220906
120.5,1,1,1,1,1,0.2804460998,0.5940215985,0.8004706712,0.250596788,0.667398155,0.3357466614,0.339244041,0.2018666349,0.5624933469,0.6206926332,0.6366923045,0.4892996021,0.04855325989,0.3137196477,0.0730672722,0.3989185746,0.6201730518
121,1,1,1,1,1,0.2794186226,0.5931600751,0.8008868692,0.2489178387,0.6657175667,0.3360632181,0.3378369425,0.2005467856,0.5629492376,0.6176847591,0.6366677468,0.4902169278,0.04837424585,0.3128448812,0.07257547754,0.3980981343,0.6207622684
121.5,1,1,1,1,1,0.277700945,0.5916563628,0.799758779,0.2499658933,0.6670617086,0.3368089716,0.3395588377,0.200988358,0.5623081718,0.6169039948,0.638739652,0.4897749189,0.04807330953,0.3125083727,0.07304089295,0.3978128888,0.6221783144
122,1,1,1,1,1,0.2792897071,0.5934880118,0.799384816,0.250853247,0.6658885554,0.3376112226,0.3398897545,0.1995204272,0.5604948041,0.6178960254,0.6369036566,0.4913227238,0.04825125592,0.3150573184,0.07413650312,0.3982683661,0.6231263132
122.5,1,1,1,1,1,0.2785914062,0.5946673585,0.7999513281,0.251068459,0.6668047861,0.3376848047,0.3392259029,0.1982054386,0.5598698335,0.6193780033,0.6347908109,0.4880945961,0.04810073015,0.3155101545,0.07399150597,0.3952828836,0.6257776357
123,1,1,1,1,1,0.2804923592,0.5946527913,0.7992726065,0.2490182606,0.6655335543,0.3386652693,0.3403581258,0.1998103113,0.560856309,0.6202010007,0.6323903013,0.4901719711,0.04834958383,0.317411011,0.07401416435,0.3938279888,0.625325476
123.5,1,1,1,1,1,0.2802927604,0.5948084389,0.8005309753,0.248530272,0.6681032364,0.3345073082,0.3386393316,0.1994403385,0.5593167514,0.6240779814,0.6309461555,0.4918129107,0.04790267402,0.3165861931,0.07406490575,0.3946625242,0.6224698812
124,1,1,1,1,1,0.2813078257,0.5950543437,0.7990445473,0.2497672463,0.6674843909,0.337015152,0.338718317,0.2008781778,0.559938704,0.623921693,0.6296159082,0.4898717387,0.04817984571,0.3154132754,0.07360574332,0.3970400066,0.6246120923
124.5,1,1,1,1,1,0.2821314407,0.5934697966,0.79865664,0.2479852522,0.6667009485,0.3357592024,0.3393295254,0.2007867534,0.5598499999,0.6245424554,0.6283845718,0.4907001167,0.04823210489,0.3141435422,0.07373810915,0.3965318311,0.6272237599
125,1,1,1,1,1,0.2842036984,0.5950058334,0.7972319587,0.2490476165,0.6655831178,0.3348941103,0.3400719937,0.1999676167,0.560794794,0.6267136391,0.6275285844,0.4898338121,0.04832569305,0.3144423299,0.07426061343,0.4002641894,0.6259887732
125.5,1,1,1,1,1,0.2830136824,0.5934949728,0.7976856639,0.2503939766,0.6656690124,0.3355976078,0.3399209427,0.2005079707,0.5631900599,0.628455551,0.6276229185,0.4917535573,0.04877163495,0.31520402,0.07393326632,0.4011052465,0.6260500638
126,1,1,1,1,1,0.2820778622,0.5946487131,0.7979563373,0.2496254075,0.666597182,0.3361429033,0.3389307297,0.2019186999,0.5580831585,0.6265603531,0.6268852108,0.4938484484,0.04903021195,0.3133170064,0.0742951343,0.3989936809,0.6258978167
126.5,1,1,1,1,1,0.2839844148,0.5953117035,0.7983584781,0.247683985,0.6659534433,0.3366684415,0.3378049814,0.2017368822,0.5573242771,0.6261981018,0.6285384915,0.49428867,0.04871166495,0.3133366982,0.07390445005,0.3987801361,0.6264207215
127,1,1,1,1,1,0.2846144001,0.5948046001,0.8014581069,0.2468549392,0.6651419432,0.3334177434,0.3337729604,0.2029538587,0.5548299705,0.6267288372,0.6274844921,0.4962016544,0.04873435602,0.3110099568,0.07361282765,0.3987351943,0.6256811579
127.5,1,1,1,1,1,0.2827248326,0.592803093,0.8016182077,0.2439311145,0.6665584111,0.3344688971,0.330926584,0.2017444999,0.5552625091,0.6242355692,0.6272586288,0.496880552,0.04893816261,0.3098170899,0.07356401637,0.3983799532,0.6277087001
128,1,1,1,1,1,0.2823404686,0.5917478847,0.8011218536,0.2440653183,0.6655116355,0.3341108815,0.3334106681,0.1999517886,0.5554907583,0.6242457165,0.6271925477,0.4965023177,0.04914990761,0.3077440848,0.07260273079,0.3995027216,0.6294052924
128.5,1,1,1,1,1,0.2817058761,0.5911586444,0.8004254986,0.2458466053,0.6628400711,0.3332837998,0.3336441114,0.1972810859,0.5550079426,0.6250914039,0.6271507343,0.4944003405,0.04893349582,0.3085602824,0.07309800285,0.3988608842,0.6310272654
129,1,1,1,1,1,0.2848006651,0.5934549514,0.800883201,0.2456875994,0.6643020695,0.3329849206,0.3335560808,0.1989996112,0.5572188647,0.623454548,0.6256902883,0.4925858551,0.04910495575,0.3056497006,0.07291625805,0.3989415393,0.6330201699
129.5,1,1,1,1,1,0.2844126632,0.5944919665,0.8005316609,0.2474572832,0.6635880362,0.3331339089,0.3350063965,0.198081596,0.5569179763,0.6213531955,0.6257528656,0.4917165891,0.04910264378,0.3081523802,0.07376698291,0.3980230479,0.6315195112
130,1,1,1,1,1,0.2837105209,0.5928106981,0.8011174072,0.247529893,0.6622463466,0.3347526917,0.3374107073,0.1997136493,0.5564383788,0.6224084827,0.6280013098,0.4935791932,0.04931829293,0.3079399569,0.07420003884,0.39954987,0.632393943
130.5,1,1,1,1,1,0.2803680864,0.5933541743,0.8015087991,0.2471355785,0.662366316,0.3340743053,0.3362603069,0.2004819186,0.5593755701,0.6199838108,0.627759342,0.4898484056,0.04908946312,0.3040719978,0.07309806202,0.4014184161,0.6312769682
131,1,1,1,1,1,0.2810974257,0.5925510976,0.8006822378,0.2468298574,0.6646392392,0.3358956728,0.3374464293,0.2011513181,0.5573088884,0.6184740511,0.6251729767,0.4911582384,0.04926282539,0.3047327837,0.07272854496,0.4004680097,0.6315949435
131.5,1,1,1,1,1,0.2850402655,0.5941730389,0.8014840791,0.2458879026,0.6641339385,0.3364816225,0.3367998407,0.2011604623,0.5571873781,0.6193609481,0.6251905321,0.4919561444,0.04845219715,0.3072007637,0.07323884767,0.4002689628,0.628793232
132,1,1,1,1,1,0.2846507878,0.5924676443,0.8019544433,0.246402144,0.665213174,0.3354755372,0.3373953253,0.2020598622,0.5576084701,0.6169611346,0.6268472283,0.4916365116,0.04841187991,0.3062717925,0.07269383002,0.4021503276,0.6270129043
132.5,1,1,1,1,1,0.2849267047,0.5926608852,0.8012213329,0.2460035198,0.663784334,0.3337412232,0.3356058157,0.2022696392,0.5550145932,0.6165571689,0.6250148541,0.4928771117,0.04833027764,0.3056608131,0.07238247799,0.4027046466,0.6269423466
133,1,1,1,1,1,0.2816656666,0.5953060461,0.8001662969,0.2474640971,0.661661636,0.3334910158,0.3340089254,0.2022074427,0.5533556366,0.6173556977,0.6245967027,0.4935776259,0.04804342053,0.3039958144,0.07177364296,0.4011927805,0.6252484641
133.5,1,1,1,1,1,0.2819684293,0.5941706286,0.7995332833,0.2468451173,0.6629884097,0.333462328,0.3357730146,0.2013703624,0.5531027824,0.6181254908,0.6253256539,0.4922146899,0.04830576156,0.3059166275,0.07207802285,0.4034023859,0.6236968793
134,1,1,1,1,1,0.2819462924,0.592250456,0.7988262749,0.2491176879,0.665088972,0.3342420528,0.3353142692,0.2007422951,0.5523565179,0.6195958009,0.6223504018,0.4948244766,0.04818058502,0.3082275053,0.07269349342,0.4012438788,0.6230777483
134.5,1,1,1,1,1,0.2816066685,0.5944991644,0.798144693,0.2502840345,0.6647476755,0.3353737502,0.3327846264,0.2011927554,0.5533691375,0.6192924091,0.6197660966,0.4932770105,0.04783920364,0.3084384727,0.07246835188,0.3994481083,0.6252554008
135,1,1,1,1,1,0.282880087,0.5952390989,0.7968733777,0.2487547543,0.6621654689,0.336618221,0.3314507593,0.2007424061,0.553225964,0.6164350687,0.619296559,0.4941795447,0.04762639797,0.30612212,0.07251588816,0.4027381937,0.6214126977
135.5,1,1,1,1,1,0.2848012378,0.5954534353,0.798460438,0.2504784234,0.6631401188,0.335971438,0.3327976274,0.1987489634,0.5533044106,0.6165441245,0.6197833988,0.4931157303,0.0478500668,0.3064262849,0.07218865995,0.4037200237,0.6202027896
136,1,1,1,1,1,0.2869730967,0.596315575,0.7983452131,0.2493831667,0.6638647501,0.3342453487,0.3328910549,0.1991453231,0.5528330468,0.616637521,0.6207831818,0.4935561166,0.04796646218,0.3074725676,0.07261961211,0.4052290134,0.618535647
136.5,1,1,1,1,1,0.2857398489,0.5928365633,0.8011044214,0.2478727529,0.6629484039,0.3332544823,0.3363226898,0.200056744,0.5502399765,0.6163976799,0.6221171364,0.4922625137,0.04808237031,0.3060134062,0.07257558018,0.4067061189,0.6182892184
137,1,1,1,1,1,0.2871866938,0.5914678898,0.7996217457,0.2499194936,0.6616418535,0.3344513804,0.3366759093,0.2001190863,0.5491971501,0.6187631246,0.6233165042,0.4922791572,0.04789273632,0.3044389919,0.07296525699,0.4062537833,0.6183702082
137.5,1,1,1,1,1,0.2840111698,0.5938221994,0.8002723265,0.2518405219,0.6605337392,0.335486862,0.3375230159,0.2008344339,0.5510909546,0.620659246,0.6197270202,0.4920935655,0.04810628176,0.3055833652,0.07250272194,0.4074486102,0.617072574
138,1,1,1,1,1,0.2817399752,0.596337401,0.8003829767,0.2517017461,0.6627437395,0.3368921745,0.3361318793,0.1995675062,0.5510130258,0.6228407043,0.6237497998,0.4930616738,0.04844015034,0.3046061902,0.07309712985,0.4090069756,0.6164105978
138.5,1,1,1,1,1,0.2809599807,0.5957790554,0.7996238494,0.2503361154,0.6646266949,0.3355373938,0.3377397218,0.1988454762,0.5516305142,0.6212115537,0.6238365451,0.495758748,0.04864511507,0.3040674857,0.07261570253,0.4068558988,0.6163996718
139,1,1,1,1,1,0.2816602081,0.5954654785,0.8004559315,0.2513486658,0.665258801,0.3361908016,0.33785959,0.200215469,0.5538266858,0.623066317,0.6239955355,0.4956265692,0.04862253699,0.3039826909,0.0719323689,0.405303484,0.6160912364
139.5,1,1,1,1,1,0.2808801326,0.5942017764,0.7986744252,0.2497876169,0.664282518,0.3381104349,0.3388597445,0.1993648396,0.5554967403,0.6218597744,0.6237508369,0.4969655309,0.04854785937,0.3035650389,0.07216187174,0.4081795797,0.6183367465
140,1,1,1,1,1,0.2800591143,0.5920120296,0.7977151238,0.248994912,0.6655047418,0.3365522535,0.3366934547,0.2001929874,0.5572189347,0.6207021702,0.6263456191,0.49140449,0.04854707807,0.3061652543,0.07163463151,0.4066363093,0.6159031123
140.5,1,1,1,1,1,0.279591989,0.5926258797,0.798417971,0.2475771387,0.6643235187,0.334812883,0.3365574644,0.199626109,0.5578858748,0.6213231515,0.6284955911,0.4928740923,0.04851825319,0.3056329752,0.07124392128,0.4048407032,0.6173848909
141,1,1,1,1,1,0.2809855118,0.5935761376,0.7992628929,0.2481039937,0.6632299848,0.3347913928,0.334505284,0.2014249808,0.5605827445,0.6176213016,0.6282504395,0.4893055095,0.0484541454,0.3040222662,0.07186147296,0.4039483316,0.6131583635
141.5,1,1,1,1,1,0.2820240342,0.5935883544,0.8000068291,0.2481294737,0.6645824406,0.3322391856,0.3342249124,0.2011807514,0.5630756171,0.6185469258,0.6264574593,0.4881119908,0.04815989092,0.3058915162,0.07175935191,0.404806876,0.6128378859
142,1,1,1,1,1,0.283440503,0.5924037751,0.7987007674,0.248966187,0.6654550454,0.3335288237,0.3339741175,0.2013583872,0.5643724147,0.6176645063,0.6269529508,0.4896012105,0.04805254769,0.3068772125,0.07114057468,0.4029474257,0.6129700773
142.5,1,1,1,1,1,0.2839749295,0.5954849908,0.8005794146,0.2478837532,0.664925568,0.3338073868,0.3341681786,0.2012391422,0.5644722033,0.6174554335,0.6262684957,0.4853769954,0.04837247548,0.3062190974,0.07171076205,0.4057004275,0.6125017361
143,1,1,1,1,1,0.2838326895,0.5954373199,0.7993415967,0.247295154,0.6647418063,0.3340494244,0.3377837991,0.2033432698,0.5626742591,0.6202339283,0.6260192596,0.488626487,0.04808548566,0.3073368778,0.07084339532,0.4042918013,0.6088835255
143.5,1,1,1,1,1,0.2831264685,0.594326442,0.7992706982,0.24921854,0.663328349,0.3358507109,0.336079954,0.2027323465,0.5602916017,0.6190603345,0.6278663319,0.4895339386,0.04783630926,0.306186575,0.07111974464,0.4070526073,0.6095502827
144,1,1,1,1,1,0.2826260122,0.593750876,0.7984966196,0.2463415201,0.6635234979,0.3343396979,0.3367551646,0.2023274709,0.5582423827,0.6207288769,0.627553084,0.4914391822,0.04776602606,0.3068339376,0.07131510314,0.4087513898,0.6092338043
144.5,1,1,1,1,1,0.282207509,0.5911972129,0.798817953,0.2468125719,0.662771231,0.3325864014,0.3357918763,0.2020322665,0.5572286828,0.6196637273,0.6272126781,0.4910339369,0.04797090641,0.3060606384,0.07098835422,0.409581496,0.6118638591
145,1,1,1,1,1,0.2830209318,0.5925759275,0.7987104356,0.2465718373,0.662071968,0.3334572907,0.3372205447,0.2024196442,0.5567364142,0.6189860987,0.6265842106,0.4885067844,0.04785753981,0.306132016,0.07161768126,0.4080065633,0.6085731021
145.5,1,1,1,1,1,0.2830990076,0.5939780639,0.7992392661,0.2463287548,0.6633683297,0.333634661,0.3374339131,0.2015137129,0.5599351322,0.6200063554,0.6252892513,0.4858568617,0.04770765359,0.3085064568,0.07215694609,0.4049251183,0.6089537257
146,1,1,1,1,1,0.2827131384,0.5936047353,0.8000902923,0.2476382694,0.6645739156,0.3345489151,0.3373940626,0.2010142559,0.5593752168,0.6193120028,0.6286405471,0.4877643341,0.04814455127,0.3100423307,0.07309593401,0.404635355,0.6061914071
146.5,1,1,1,1,1,0.2826491623,0.5959566758,0.8010453199,0.2476734788,0.6638964349,0.3362588436,0.3367313404,0.2017684103,0.5611325457,0.6210719768,0.6300315437,0.4887516342,0.04783807924,0.3092205216,0.07314992907,0.4073669099,0.6064796844
147,1,1,1,1,1,0.2817804339,0.5949282456,0.8020223066,0.2465829853,0.662777688,0.338723277,0.3363402106,0.2020812824,0.5589427245,0.6217564861,0.6291506916,0.4901882438,0.04783870332,0.3103706976,0.0726814056,0.4068336235,0.6028333837
147.5,1,1,1,1,1,0.2783956059,0.5936673814,0.8008364195,0.2487211,0.6620244953,0.3366996828,0.3368717824,0.2000994224,0.5562188157,0.6222055619,0.6280679737,0.4909499018,0.04809040973,0.3090201993,0.07307692262,0.4069140157,0.5999296364
148,1,1,1,1,1,0.2773589171,0.5915117688,0.8029846365,0.2503768345,0.6597125143,0.3352389391,0.3361079437,0.1990474678,0.5575875084,0.6207004564,0.6272704511,0.4916622902,0.04820177345,0.3108669959,0.07331452696,0.4063274919,0.6023793711
148.5,1,1,1,1,1,0.2772088705,0.5913849175,0.7999789491,0.2499722938,0.6621093612,0.335227266,0.3335097395,0.1998198371,0.5556609058,0.6185283804,0.6274718905,0.49217893,0.04795416573,0.3113925364,0.07366548065,0.403687152,0.6017430824
149,1,1,1,1,1,0.2771840663,0.5924497582,0.8001380579,0.2501112168,0.6635633762,0.3348132737,0.3339562333,0.2014255594,0.5539011797,0.6177526633,0.6265253111,0.4943927294,0.04857049607,0.3096962979,0.07362050326,0.4045640403,0.6029320956
149.5,1,1,1,1,1,0.2761234807,0.5951282494,0.7991948171,0.2487294811,0.6656715739,0.3379194523,0.3351025159,0.1989735797,0.5527588603,0.6189774673,0.6269698158,0.4919986684,0.04812554129,0.3120377475,0.07361518827,0.4062489297,0.6025086673
150,1,1,1,1,1,0.277618406,0.596050224,0.7986255271,0.2469995519,0.6680619728,0.3358810776,0.3364238244,0.1983161105,0.5525369245,0.6198806375,0.630723782,0.4934210846,0.04842358403,0.3118980032,0.07337288617,0.4049927915,0.6056793311
150.5,1,1,1,1,1,0.2777996451,0.5927811582,0.8000639232,0.2477635196,0.6677224801,0.3345588382,0.3364568477,0.1994908409,0.5513700207,0.620645204,0.6316646507,0.4936561744,0.0482696324,0.3112178019,0.07305261354,0.4070859324,0.6060304844
151,1,1,1,1,1,0.2781729746,0.5912908533,0.8009624239,0.2497226145,0.6677425003,0.3354968149,0.3380961572,0.199604607,0.5525340649,0.6211525681,0.6332851098,0.4941536142,0.04843731168,0.3105834196,0.07277362854,0.4059744126,0.6068180137
151.5,1,1,1,1,1,0.2800853839,0.593469951,0.8007209188,0.248114677,0.6663229833,0.3353027167,0.3371399397,0.200070692,0.5488966262,0.6232639861,0.6355786805,0.4945716532,0.04837038987,0.309630274,0.07246417955,0.403408791,0.6028408435
152,1,1,1,1,1,0.2794086632,0.5927121401,0.7998647889,0.246466102,0.6658038593,0.3379147646,0.3366813736,0.2004989284,0.5504127697,0.6229340019,0.6353219603,0.4912577995,0.04802153606,0.3107564198,0.07203958681,0.4034398345,0.6043439317
152.5,1,1,1,1,1,0.2772059786,0.5922036099,0.7996949748,0.245762134,0.6628458464,0.3367816558,0.3391641873,0.200414873,0.5502677777,0.6236174091,0.6367700926,0.4953452488,0.04841419947,0.3103245494,0.07286087245,0.4043082332,0.6039974863
153,1,1,1,1,1,0.2783816997,0.5948466863,0.7990238027,0.2468305895,0.6645140618,0.3384049269,0.3394336447,0.2009411036,0.5489928976,0.6235195597,0.6363707262,0.4945648961,0.0483807048,0.3089242381,0.07307513785,0.4055384387,0.6053710138
153.5,1,1,1,1,1,0.2807299741,0.594764139,0.7989001922,0.2479373257,0.666611371,0.3367024887,0.3386845052,0.2008787449,0.5466436711,0.6250305568,0.6369629631,0.4917315287,0.0482493345,0.3084212897,0.07253897835,0.4059465557,0.6048533025
154,1,1,1,1,1,0.2816411848,0.5959525717,0.7981814647,0.2495233072,0.6657586127,0.3372574809,0.3383319159,0.2017574293,0.5467727022,0.6253270143,0.6373937669,0.4901598846,0.04834588186,0.3079063137,0.0721759961,0.4058119424,0.6039524314
154.5,1,1,1,1,1,0.2828853765,0.5959719359,0.7985510966,0.2478345375,0.6635544097,0.3371945502,0.338194595,0.2018953577,0.5468216191,0.6246191438,0.6358948188,0.4893124534,0.04858855152,0.3108847585,0.07216832223,0.4055581384,0.602561089
155,1,1,1,1,1,0.2804137039,0.596815064,0.7990858337,0.247395527,0.662635858,0.3374635763,0.3379040757,0.2025339234,0.547650351,0.6258925924,0.6362450315,0.4899708089,0.04844075919,0.3090136066,0.07280367977,0.4060871787,0.6008599118
155.5,1,1,1,1,1,0.2845963716,0.5939193813,0.7989293937,0.2458427717,0.6634582955,0.336362384,0.3393206193,0.2020379361,0.5481332916,0.6303714853,0.6338795804,0.4894559492,0.04840977463,0.3092074241,0.07297744906,0.4047484318,0.6013342312
156,1,1,1,1,1,0.2837449312,0.5932770884,0.7982130049,0.247545617,0.6629232696,0.3356382257,0.341224928,0.2014245577,0.5479795077,0.629943279,0.6338466885,0.4916987744,0.04849957923,0.3099380856,0.07288430014,0.403530231,0.6007533556
156.5,1,1,1,1,1,0.2832341855,0.5924277985,0.7987799667,0.2480082724,0.6643400802,0.3362387703,0.3381646083,0.2019519669,0.5491301583,0.6336603767,0.6357217893,0.4913271629,0.0486758532,0.3088526831,0.0722001972,0.403414356,0.599520663
157,1,1,1,1,1,0.2827951316,0.5937048185,0.7991052489,0.2468865636,0.6640739082,0.3339207838,0.3390245294,0.2020969095,0.5516394195,0.6322017511,0.6355055384,0.4891209969,0.04853965605,0.3096991738,0.07213418914,0.403980479,0.5995646694
157.5,1,1,1,1,1,0.2851688458,0.5945074953,0.7993627685,0.2467817458,0.6642220378,0.3344088377,0.3392789044,0.2031918068,0.5491323135,0.630994015,0.6339573837,0.4913558774,0.04804852949,0.3100811306,0.07227933579,0.4034329258,0.6005019482
158,1,1,1,1,1,0.2827216168,0.5929954571,0.7995658953,0.246151897,0.664248394,0.3358986529,0.3381182089,0.202698891,0.5484148481,0.6297315704,0.6317103303,0.4907938839,0.0486726017,0.3107659771,0.07279288541,0.4036487653,0.6015228271
158.5,1,1,1,1,1,0.2830746305,0.5920341515,0.7982958576,0.2483392496,0.6644054848,0.3340806712,0.338617385,0.2040803322,0.5504969747,0.6300848375,0.6310459893,0.4880836733,0.04851923648,0.3134434279,0.0730535185,0.4044266685,0.603861757
159,1,1,1,1,1,0.2871418486,0.5935220294,0.7981232825,0.2484039323,0.6647391706,0.3340858297,0.3371263749,0.203455638,0.5505800292,0.6294406432,0.6328923505,0.4884402011,0.04820185427,0.3117983674,0.07277987592,0.4046107861,0.6065654693
159.5,1,1,1,1,1,0.2863617586,0.5923210583,0.7993136181,0.2485165935,0.6639663295,0.3346702896,0.3352128318,0.201752753,0.5500443318,0.6289428469,0.6328223243,0.4871925459,0.04772130793,0.3111238399,0.07339525435,0.401525797,0.6087812281
160,1,1,1,1,1,0.2869325623,0.5924368848,0.7999474588,0.2477992375,0.6638105566,0.3344181839,0.3337298136,0.20051795,0.5486805327,0.629579647,0.631563492,0.4868678631,0.04794676705,0.3116327934,0.07395880336,0.4015674648,0.6096990992
160.5,1,1,1,1,1,0.2874783689,0.5939954641,0.799366228,0.2468715641,0.6645922153,0.33378628,0.3338956182,0.2011743447,0.5481936731,0.6322134885,0.6326752235,0.4883220823,0.04775256343,0.3111048182,0.07411567633,0.4000325723,0.6088107695
161,1,1,1,1,1,0.2875614485,0.5950631235,0.7984219702,0.2467838782,0.666530473,0.3356272702,0.3339458669,0.2010837538,0.5496593329,0.6323638839,0.6345242333,0.4862932312,0.04776007812,0.3126094199,0.07405939733,0.4020899918,0.6105704668
161.5,1,1,1,1,1,0.2857650747,0.5923040987,0.7979417143,0.246974558,0.6662765994,0.3337184294,0.3365221842,0.2015230149,0.5487417144,0.631493753,0.6373115757,0.4879963617,0.04739242607,0.3110348385,0.07378952993,0.4014764107,0.6127934783
162,1,1,1,1,1,0.2863363989,0.593245243,0.7995158546,0.2507744578,0.6662753361,0.3305982162,0.3330689358,0.2016493396,0.5482646545,0.6301746082,0.6364546455,0.4867393219,0.04737734249,0.3096665066,0.07380829612,0.3997159927,0.6129908679
162.5,1,1,1,1,1,0.2841497291,0.5920029645,0.7993944229,0.2482293546,0.667963,0.3318491414,0.3359734947,0.201438169,0.5464573778,0.6287720831,0.6394061088,0.4871156529,0.04749577935,0.3087252962,0.07404327466,0.4023000012,0.6129824454
163,1,1,1,1,1,0.2825448547,0.5937089911,0.7985179902,0.2483647399,0.6697537961,0.331579857,0.3354664712,0.2015362954,0.5453966722,0.6282838499,0.6404001682,0.4857792695,0.04731402853,0.3081702073,0.07400150085,0.4022984035,0.6151909331
163.5,1,1,1,1,1,0.2822382063,0.5910190752,0.7980521123,0.2459270431,0.6697209139,0.3326916252,0.3358631576,0.2031939968,0.5456266397,0.6280475751,0.6412567025,0.4851631556,0.04713818047,0.3075746511,0.07337107201,0.4029638008,0.6150592793
164,1,1,1,1,1,0.2826068883,0.5934980188,0.7969268878,0.2465751387,0.6701925604,0.3330989844,0.3345741178,0.2024419281,0.5473200726,0.6267231908,0.6378506216,0.4854831084,0.04757929897,0.3076407519,0.07295521409,0.4006461932,0.6160375692
164.5,1,1,1,1,1,0.2801759816,0.5928924963,0.7982113018,0.2472473582,0.6691663048,0.3324050918,0.3350046126,0.2019352323,0.5461098968,0.6248028806,0.641338591,0.4858843679,0.04782176275,0.3057819523,0.07254651123,0.4055637373,0.6143674763
165,1,1,1,1,1,0.281594947,0.5909663793,0.800682989,0.2472434999,0.6651048526,0.3325167924,0.334846213,0.2034797833,0.5488163241,0.6247440284,0.6447146737,0.4859629304,0.04771464017,0.3046374018,0.07278660136,0.404533168,0.61231778
165.5,1,1,1,1,1,0.282091154,0.5911679404,0.8019745199,0.2465826358,0.6667047694,0.3329206276,0.3354755954,0.202615804,0.5489816155,0.6258711651,0.6453567341,0.4884513165,0.04754467151,0.3058871276,0.07295415354,0.404008309,0.6118686703
166,1,1,1,1,1,0.2825132552,0.5932804666,0.801109388,0.2468903466,0.666107201,0.3342563236,0.3360734059,0.2018071223,0.5480106375,0.6290963028,0.6438692005,0.4879692178,0.04762589653,0.3055270868,0.07291826355,0.4032336078,0.6116908911
166.5,1,1,1,1,1,0.2803877639,0.5945432148,0.8002318987,0.2468140958,0.6657021272,0.3341349269,0.3353972787,0.2011625496,0.549789843,0.6289905449,0.6425078646,0.4860943627,0.04781600974,0.3058142611,0.07232924036,0.4021109857,0.6115228493
167,1,1,1,1,1,0.2796107528,0.5938812407,0.798634219,0.24792883,0.665857518,0.334701706,0.3316579956,0.1996108106,0.5507369198,0.6298743232,0.6398123297,0.4867631272,0.04763487943,0.3058428833,0.07288555732,0.4022000561,0.6100091775
167.5,1,1,1,1,1,0.2795074224,0.5932074158,0.7991649455,0.2482264785,0.6653609893,0.3347536636,0.3330318198,0.1999820394,0.5497532709,0.6300369574,0.6396576594,0.484037396,0.04714256188,0.3053593246,0.07285232848,0.4008712353,0.6108164162
168,1,1,1,1,1,0.2795683354,0.5922889184,0.7990924819,0.2490306922,0.6667736604,0.3357657398,0.3350544823,0.1990131533,0.5507656626,0.6316737708,0.6432019467,0.4866595548,0.04731480584,0.3044332218,0.07250250645,0.4008138992,0.6128667083
168.5,1,1,1,1,1,0.2808029042,0.5935581593,0.8018810172,0.2493991961,0.6670175765,0.3357299496,0.333043975,0.1991658382,0.5524066024,0.6315245869,0.6414341676,0.4875118294,0.04765962884,0.3057680657,0.07219676379,0.4000357893,0.6105334347
169,1,1,1,1,1,0.2827778821,0.5929783943,0.8009719145,0.247854688,0.6667054054,0.3334735654,0.3359122283,0.2005513211,0.5531867767,0.6302758624,0.6406606713,0.48719725,0.04759888382,0.3050966764,0.07175883779,0.4010472122,0.6112936656
169.5,1,1,1,1,1,0.286203497,0.5920739666,0.7994239686,0.2469079731,0.6658550469,0.3350487926,0.3351313175,0.201153169,0.5512993331,0.6296875736,0.6460575096,0.4889433037,0.04710375851,0.3060889233,0.07191526674,0.4006230237,0.6104187739
170,1,1,1,1,1,0.2849210003,0.5920932871,0.7999433057,0.2452369096,0.6651439689,0.3339748054,0.3346874139,0.1992648656,0.5523489424,0.6271078501,0.6450922545,0.4896047476,0.04736567348,0.3036376848,0.07265662981,0.4024185223,0.6106903995
170.5,1,1,1,1,1,0.2835894189,0.5922662013,0.7984263926,0.2463258981,0.6645232783,0.3331404953,0.3362573244,0.1978995622,0.5529285553,0.6292738712,0.6467040469,0.4888208728,0.04770377164,0.3055459625,0.07258458642,0.40196034,0.6118449312
171,1,1,1,1,1,0.2844404453,0.5922217457,0.7993847226,0.2458503942,0.6656921325,0.332760594,0.3362148346,0.1999710261,0.5528993726,0.629294538,0.6473393446,0.49038005,0.04751671517,0.3051976938,0.07293789,0.3998828209,0.6121374313
171.5,1,1,1,1,1,0.2836417846,0.5906664361,0.7998720741,0.2473664812,0.6666481338,0.3367404543,0.3364029336,0.1989540846,0.5501923695,0.626838162,0.647858587,0.4918912377,0.04721002438,0.3050014256,0.07291799804,0.4009861433,0.60750036
172,1,1,1,1,1,0.2843505576,0.5922825419,0.7987091091,0.2474104764,0.6674847107,0.3367599421,0.3367393814,0.1990521933,0.5491810778,0.6255846601,0.6482253471,0.4928537054,0.04769089916,0.3051332353,0.07218481209,0.3996508935,0.6066145186
172.5,1,1,1,1,1,0.2844807905,0.5912502626,0.7988507602,0.2496309728,0.6663117299,0.3359029634,0.3379901714,0.1990536469,0.5462536018,0.6255130469,0.6455114491,0.4944333408,0.04769989791,0.3063098347,0.07171328152,0.4008865812,0.6081244489
173,1,1,1,1,1,0.2844829098,0.5935700936,0.7986407848,0.2490476628,0.6656060043,0.334386752,0.3384245033,0.200236128,0.547608558,0.625239978,0.6455521753,0.4912373956,0.04728776627,0.3059463242,0.07172842656,0.4008097015,0.6071396004
173.5,1,1,1,1,1,0.2826822789,0.5940555461,0.7990176964,0.2482561689,0.6652969946,0.3344129385,0.3370451919,0.1995942444,0.5519386501,0.6240560193,0.6438681414,0.4881105713,0.04785265262,0.3046560768,0.07156084506,0.4014294945,0.6057920101
174,1,1,1,1,1,0.280459611,0.5940389915,0.7998250904,0.2467799429,0.666011012,0.3359314785,0.336852469,0.2003475397,0.5527590901,0.6246605291,0.6427667642,0.4867958177,0.04825640371,0.3069613114,0.07129440762,0.401304419,0.6042884194
174.5,1,1,1,1,1,0.2824571336,0.5945838664,0.7988615136,0.2473273734,0.6647672742,0.3353687961,0.3371194334,0.1991972568,0.5521356735,0.6247855827,0.6469384927,0.4869263567,0.04853337345,0.3069241193,0.07149902558,0.4002438988,0.6027676694
175,1,1,1,1,1,0.2805486295,0.5951444931,0.7990515687,0.2487965883,0.6636388521,0.3364573546,0.3359564811,0.1995182112,0.5516434227,0.6253626909,0.6480275518,0.485389036,0.04821271427,0.306871257,0.07082826829,0.4016144479,0.6034008279
175.5,1,1,1,1,1,0.2798702446,0.5938772304,0.7990975191,0.2481751623,0.6642467701,0.3365652505,0.3364026702,0.2023612428,0.550079018,0.6251849809,0.6471230705,0.4869219595,0.04789497896,0.3085672935,0.07087824229,0.4002548985,0.6010359308
176,1,1,1,1,1,0.2795497912,0.5938848007,0.8003904313,0.2482930209,0.6642362195,0.3374464544,0.3380348808,0.2017035756,0.5511791634,0.6266154772,0.6481189776,0.4870194751,0.04785160107,0.3075915484,0.07166364377,0.3999520412,0.5998358394
176.5,1,1,1,1,1,0.2835026814,0.5914677697,0.79988226,0.2477062683,0.6661576645,0.3358941575,0.3396136644,0.2025414225,0.5528605416,0.6258843698,0.6497635988,0.4874111744,0.0477200118,0.3081082821,0.07147817706,0.4006646423,0.5973170224
177,1,1,1,1,1,0.2839992639,0.5903253147,0.8000558197,0.2461520149,0.6671921219,0.3349573786,0.340402667,0.2004081682,0.5537851726,0.6226105004,0.6506545515,0.4900498527,0.04784556808,0.3089879923,0.07090956501,0.4012117319,0.5977780124
177.5,1,1,1,1,1,0.2839941041,0.5931869941,0.801072353,0.2454657761,0.6669282187,0.3336918487,0.3404669653,0.2017380061,0.5545415748,0.6234755657,0.6481044754,0.4882300586,0.0475518869,0.3115872345,0.0704025447,0.4028258401,0.598799265
178,1,1,1,1,1,0.2843372093,0.5930470247,0.801348511,0.2469607852,0.6655189207,0.3324516916,0.3373676864,0.2015074098,0.5562081548,0.6250147286,0.6504544632,0.4873702005,0.04797626535,0.3118368758,0.07081265915,0.401633409,0.5981902981
178.5,1,1,1,1,1,0.2825252966,0.5941481821,0.8018094287,0.2490229021,0.6644051335,0.3334720439,0.3403942335,0.2011476369,0.5555348794,0.6279181434,0.6476287056,0.4875771908,0.04855956953,0.3110942511,0.07084767422,0.4004886911,0.6001802395
179,1,1,1,1,1,0.2839665389,0.5943832793,0.802262672,0.2471777789,0.66566045,0.3332140364,0.3401416002,0.2024391337,0.5550319686,0.6287600585,0.6468241113,0.4889700895,0.0486061127,0.3123216176,0.07045421528,0.4006315908,0.599156069
179.5,1,1,1,1,1,0.2840930908,0.5934330093,0.8009061744,0.2469103965,0.666854498,0.3317111158,0.3394452238,0.2017645833,0.5559275515,0.6299730857,0.6470758221,0.4886429294,0.0488516171,0.3121389085,0.0710780289,0.398347527,0.601711362
180,1,1,1,1,1,0.2876509134,0.5944048218,0.8006564187,0.246315751,0.6670351325,0.3304276716,0.3381609348,0.1999771623,0.5584314746,0.6286323255,0.6491212229,0.490186504,0.04879631748,0.3119485694,0.07118076561,0.3989725558,0.6020407941
180.5,1,1,1,1,1,0.2877554231,0.5925935994,0.7994368029,0.2489573495,0.6675787387,0.3326672011,0.3365062237,0.2014784912,0.5597182989,0.6277820865,0.6468616743,0.4901269243,0.04871656486,0.3109148103,0.07161412549,0.401493713,0.6014234272
181,1,1,1,1,1,0.2866631969,0.5919489309,0.7999667083,0.2496000861,0.6664581217,0.3347761618,0.3354167499,0.1999077616,0.5538888454,0.6312453928,0.6464163646,0.4911541468,0.04820225898,0.3137161352,0.07194430405,0.4023994163,0.6026227004
181.5,1,1,1,1,1,0.2847716224,0.5945103739,0.7990766037,0.2516036019,0.6659135865,0.3362951331,0.3354835835,0.2017074856,0.5517562118,0.6314214756,0.6429284978,0.4952708647,0.04834896112,0.3146715107,0.07258349401,0.4012465097,0.6039577166
182,1,1,1,1,1,0.2845401037,0.5947215557,0.798009422,0.2524264604,0.6661867331,0.3344028979,0.3350542257,0.2005155912,0.55150377,0.6285083434,0.6443575134,0.4967896507,0.04870963485,0.3145295071,0.07248255439,0.405245438,0.6032014614
182.5,1,1,1,1,1,0.2816223342,0.5961593054,0.7988565675,0.251944793,0.6651651753,0.3346716579,0.3370415192,0.2004875183,0.5530520881,0.6278883208,0.6421748236,0.4956731934,0.0488577361,0.3122848352,0.07156725797,0.4061664348,0.607484942
183,1,1,1,1,1,0.2792265847,0.5956860583,0.7971084377,0.2507969551,0.6675873876,0.3359633118,0.3368073486,0.1991672948,0.5523691449,0.6280528346,0.6431779489,0.4943584038,0.04890405978,0.3113962432,0.0722789884,0.4050582064,0.6096066803
183.5,1,1,1,1,1,0.2791348939,0.5948006322,0.7979683532,0.249050558,0.6700472189,0.3360705446,0.3374961484,0.1987066298,0.5513256522,0.6255578678,0.6419112336,0.4921302973,0.04897324067,0.3118026789,0.07260287773,0.4047450155,0.6087627756
184,1,1,1,1,1,0.2785823107,0.5941526582,0.7990820789,0.2460397547,0.6713471551,0.3380090238,0.3370660377,0.1985727211,0.5491852418,0.6243384705,0.6373799829,0.4884554623,0.04910036202,0.312476131,0.07317474003,0.4063968731,0.6112695619
184.5,1,1,1,1,1,0.2798591407,0.5936712823,0.7984567066,0.2471903873,0.6719167297,0.3375635009,0.3382506204,0.1999783461,0.5501065096,0.6258889534,0.6368360063,0.491475079,0.04921727067,0.3113522648,0.07259899409,0.4084581632,0.6104675016
185,1,1,1,1,1,0.2772351692,0.5929731667,0.8011468607,0.2485365546,0.6711029934,0.3361860491,0.33653048,0.1989508838,0.5510585104,0.6243214218,0.6363373946,0.4938760091,0.04945303479,0.3110164737,0.07259410836,0.4080066119,0.6104331741
185.5,1,1,1,1,1,0.2780199664,0.5927100501,0.8007563779,0.2493739202,0.6698394282,0.3403030952,0.3367596495,0.1995515879,0.5467524332,0.6259706339,0.6397232871,0.4958680186,0.04916788021,0.3110978598,0.07229947914,0.4070278175,0.6115783805
186,1,1,1,1,1,0.2804083009,0.5933976496,0.8005314441,0.2508566545,0.6696365144,0.3412627901,0.3384316352,0.2005547611,0.5442315392,0.625686276,0.6373241681,0.4927679769,0.04863610789,0.3127079625,0.07202517206,0.4064428594,0.6101070373
186.5,1,1,1,1,1,0.279303718,0.5937475047,0.7991217782,0.248085746,0.6686133101,0.3393439877,0.3379248908,0.2001998421,0.5433811874,0.6258336464,0.6370085986,0.4930184547,0.04861041466,0.3127883183,0.07209114781,0.4060559191,0.6116521894
187,1,1,1,1,1,0.2796750538,0.5918669438,0.7980829731,0.2475393952,0.6666569088,0.337695512,0.3389689145,0.1987320597,0.5392358339,0.6260200138,0.6353541885,0.4923537823,0.04861843626,0.3152619603,0.07201352681,0.4063237317,0.6131411226
187.5,1,1,1,1,1,0.280952963,0.5917897172,0.7975588391,0.2476301862,0.6667506678,0.3351987812,0.3410548879,0.1987311448,0.5385735492,0.6260090871,0.633185375,0.4891856848,0.0488230743,0.3134413407,0.07176473118,0.4096689741,0.6143547202
188,1,1,1,1,1,0.2785216318,0.5935342292,0.7972724045,0.2476891686,0.6652783934,0.3341692819,0.3421142789,0.2001572125,0.5402972983,0.6263312077,0.6351394002,0.4866357158,0.04820423883,0.3130061883,0.07158969308,0.4106215661,0.6140242388
188.5,1,1,1,1,1,0.2803524831,0.5906927292,0.7985446449,0.2465677973,0.6654435872,0.334461585,0.3425401674,0.2007493823,0.5418858035,0.6261555444,0.6372026609,0.4883057137,0.04801360443,0.3129203163,0.07234133387,0.4082073147,0.6137335875
189,1,1,1,1,1,0.280844794,0.5935292546,0.799343582,0.2484072654,0.6652912826,0.3348036425,0.3398815062,0.1996620381,0.5430766099,0.6247178305,0.6367481079,0.4923354335,0.048000161,0.3160180354,0.0720640463,0.4075225433,0.613636778
189.5,1,1,1,1,1,0.2807000233,0.5905815002,0.7992678626,0.24903379,0.6666850816,0.3356582991,0.3368513851,0.1991341397,0.5416532508,0.6251269496,0.6365366615,0.4922165139,0.04788960817,0.3152124913,0.07169322138,0.4039595772,0.6149569427
190,1,1,1,1,1,0.2810527997,0.5896859118,0.7991546641,0.2471474796,0.6681926695,0.3368596032,0.3366658484,0.1997892176,0.541786315,0.6214169456,0.638411965,0.4928060716,0.04794435554,0.3156441631,0.0725185074,0.4061431097,0.614293419
190.5,1,1,1,1,1,0.2809254346,0.5936173747,0.7984344824,0.2466973172,0.6658136586,0.3375261281,0.3352549459,0.1992293272,0.540135079,0.6199531998,0.6370089954,0.4928002379,0.04784553281,0.3158816395,0.07259465813,0.405066725,0.6141914321
191,1,1,1,1,1,0.2813734886,0.593532555,0.7976040911,0.246055778,0.6686033022,0.3371840185,0.33481027,0.200972508,0.5436557019,0.6211694575,0.6379588819,0.4928486088,0.04747227551,0.3172651764,0.07292719776,0.4050849846,0.6130013679
191.5,1,1,1,1,1,0.2821065208,0.5930521958,0.7978574507,0.2457632951,0.6702183783,0.336763911,0.3392344015,0.2015780276,0.543967479,0.6216680529,0.6374050367,0.4927416503,0.04791299324,0.3164802362,0.07282886059,0.4066020465,0.6120874696
192,1,1,1,1,1,0.2858737678,0.5963708344,0.8007797988,0.2466567088,0.6709320954,0.3366725314,0.3377198548,0.2012638367,0.5466553431,0.6218240891,0.6377129421,0.4923925422,0.04741173089,0.3152737435,0.07303699304,0.4062026103,0.6132185155
192.5,1,1,1,1,1,0.2851978071,0.5972691671,0.8002589516,0.247538333,0.668723056,0.3366232621,0.3370422667,0.2013358761,0.546718602,0.6243751033,0.6369114215,0.4931643109,0.04766665675,0.3150209922,0.07302619924,0.4032972421,0.6130066924
193,1,1,1,1,1,0.2836514759,0.5944923295,0.80088967,0.2498592964,0.6662556945,0.3368077866,0.3352517725,0.2006168083,0.5436721827,0.6231561983,0.6375639246,0.4922613384,0.04821762803,0.3131510509,0.07412397191,0.4028951784,0.6134399879
193.5,1,1,1,1,1,0.284354556,0.5945752015,0.7985923784,0.2476981084,0.6655961751,0.3328875451,0.3341089765,0.2005612464,0.5420502359,0.6246572156,0.6389093289,0.4940942571,0.04831167081,0.3145316762,0.07409975183,0.4035877623,0.6146218523
194,1,1,1,1,1,0.2832658724,0.5953295276,0.7988063261,0.248886035,0.6659780563,0.3351622303,0.3379317721,0.1996956445,0.541547194,0.6234387742,0.6401563878,0.4938153774,0.04794675914,0.3146781911,0.07361582313,0.4031190185,0.6127196841
194.5,1,1,1,1,1,0.282826796,0.5936784176,0.7981828854,0.2488947604,0.6665537707,0.3336568781,0.3396149132,0.1992550303,0.5443726051,0.6238603843,0.6406154462,0.4961671533,0.0479482651,0.311692253,0.0729837179,0.4010479831,0.613620001
195,1,1,1,1,1,0.2845759726,0.5946322784,0.7973826849,0.2485282903,0.6652822251,0.3335866884,0.3383513073,0.2004668136,0.5449697265,0.6250644345,0.6408010995,0.4928393925,0.04779607378,0.3123190539,0.07301831865,0.4001524609,0.612227462
195.5,1,1,1,1,1,0.2827230187,0.5939409832,0.7994706174,0.2483834534,0.6648751864,0.3328335557,0.3384750668,0.1995877158,0.5457111301,0.6257911147,0.6381832672,0.4905143391,0.04815317121,0.3124904408,0.07243023095,0.4006835496,0.613289224
196,1,1,1,1,1,0.2822592965,0.5940335351,0.7979089621,0.247800834,0.6650560644,0.3342740297,0.3355309368,0.1996561712,0.5491905241,0.6247872674,0.6399117004,0.4930802679,0.04890290354,0.3140523429,0.072738984,0.3986936292,0.6140753145
196.5,1,1,1,1,1,0.2854325409,0.5914903765,0.7987251422,0.2487192941,0.6645828494,0.3361251087,0.3334614208,0.201809998,0.5492415944,0.6264285687,0.639538236,0.4936498522,0.04828871983,0.3134911062,0.0730771833,0.3969046441,0.6147205688
197,1,1,1,1,1,0.2840741801,0.5917843838,0.7999864683,0.2471731251,0.6662872099,0.3358406877,0.3347271596,0.2019763199,0.5506712046,0.6273789847,0.638831552,0.4942816322,0.04849454677,0.3152992473,0.07335456086,0.3979034188,0.6146668845
197.5,1,1,1,1,1,0.2841996108,0.5900138462,0.7989767913,0.2491660453,0.6652030882,0.3353426293,0.3340879099,0.2004041274,0.5497641152,0.6261044742,0.6373269933,0.494476863,0.04851899089,0.3157727968,0.073952792,0.3961388178,0.6164384551
198,1,1,1,1,1,0.2849771603,0.5927442417,0.8004242485,0.2483966651,0.6645434236,0.3366413679,0.3356127191,0.1998359419,0.550829968,0.6283551408,0.6383396312,0.4938113016,0.04836291587,0.315078315,0.07338340016,0.3979677018,0.6153971423
198.5,1,1,1,1,1,0.283862348,0.5927755714,0.8002877329,0.2493588136,0.6642763087,0.3387075945,0.3366346784,0.200453023,0.5505980697,0.6271576212,0.635934306,0.4920261512,0.04818431509,0.3147349013,0.07282735496,0.3981751525,0.6176277089
199,1,1,1,1,1,0.2827691013,0.5932924209,0.8004499974,0.2491750413,0.6652203977,0.3371382278,0.3403588275,0.201160142,0.5508676579,0.6227953634,0.6374829115,0.4899384616,0.04826582197,0.3130720794,0.07187443111,0.3986530509,0.6196355433
199.5,1,1,1,1,1,0.2823383796,0.5925805148,0.8004270694,0.2465704302,0.6655228918,0.3371464901,0.33980996,0.2009495567,0.5509073822,0.6186082317,0.6354065212,0.488914491,0.04828972099,0.3114792886,0.07156798748,0.3953099116,0.6187571264
200,1,1,1,1,1,0.282838091,0.5951706963,0.7990907985,0.2467588316,0.6662156541,0.3369828577,0.3370708925,0.2003734364,0.5495835015,0.618896705,0.6354873244,0.490399833,0.04787408405,0.313613652,0.07188542673,0.3943717038,0.6185311853
200.5,1,1,1,1,1,0.2837352402,0.5944179678,0.799950971,0.2441423467,0.667687666,0.3375640618,0.339539438,0.2005741519,0.5509633818,0.620047124,0.6327419829,0.4915841846,0.04820368234,0.3152346225,0.0726864901,0.3965136867,0.6185375154
201,1,1,1,1,1,0.2829846807,0.593050397,0.7988627496,0.244506387,0.6676649903,0.3378043248,0.3392533227,0.2006066134,0.5532612062,0.6210918718,0.6321531072,0.4897163476,0.0481950324,0.3140225515,0.07417102484,0.3986942254,0.6183860337
201.5,1,1,1,1,1,0.2833659237,0.5933544608,0.7989499731,0.2444646485,0.6699898223,0.33633818,0.3402974944,0.202015321,0.5525511621,0.6193768623,0.6314611871,0.4900003534,0.0483099081,0.3142046746,0.07433687957,0.3984249049,0.6161182717
202,1,1,1,1,1,0.2849057756,0.594199112,0.7995013261,0.2459404304,0.6683468044,0.3360114132,0.339643184,0.2024195375,0.55352858,0.623472706,0.6313042752,0.4906228547,0.04830949167,0.3130541524,0.07351039632,0.400689839,0.6150435772
202.5,1,1,1,1,1,0.283628644,0.5963109316,0.7987890556,0.2465468069,0.665884915,0.3375356584,0.3390627761,0.2034512471,0.5510549068,0.6239710919,0.6299026456,0.490641256,0.0480763485,0.3146833564,0.07380048847,0.3997385601,0.6144724022
203,1,1,1,1,1,0.2844529476,0.5964406013,0.8001530701,0.2469581971,0.6662182284,0.3352531136,0.3402195519,0.2025871147,0.5517771047,0.626203523,0.6295230081,0.4930231397,0.04782609113,0.3136005765,0.07322806303,0.3989631056,0.6132329774
203.5,1,1,1,1,1,0.2833348051,0.5960220658,0.7999916719,0.2462511181,0.6680753013,0.3351552184,0.3423759338,0.2033433139,0.5539005098,0.6278869376,0.6279054386,0.4949115077,0.04789186337,0.3127060756,0.07367612452,0.3996845075,0.614566192
204,1,1,1,1,1,0.2836801576,0.5960921564,0.7997005453,0.2459809434,0.6669686492,0.3348654243,0.3395766985,0.2033523399,0.5528859929,0.6287887002,0.6274645451,0.4941837107,0.04849994449,0.3135951973,0.07296073216,0.4017941216,0.6168472543
204.5,1,1,1,1,1,0.2856863037,0.5954011039,0.7991118629,0.2478604384,0.6678849527,0.3333548214,0.3392730763,0.2051913435,0.5498118589,0.6262788022,0.6271630129,0.4929863756,0.04872229448,0.3135271606,0.07291267274,0.4023354879,0.6170704855
205,1,1,1,1,1,0.2841179933,0.5937657331,0.798311167,0.2473612813,0.6668203431,0.3341662947,0.3391517443,0.2043076629,0.5532106523,0.62657938,0.6282739318,0.4877186797,0.0485931164,0.3111277583,0.07355375423,0.4041722475,0.6180713966
205.5,1,1,1,1,1,0.2848208539,0.594308143,0.7979740848,0.2490148855,0.665877564,0.3329745451,0.3371321782,0.2020889322,0.5530858429,0.6283886018,0.6273057978,0.4885449394,0.0479473527,0.310813908,0.07320597277,0.405537981,0.6186947655
206,1,1,1,1,1,0.2840750041,0.5923225852,0.798651821,0.2478698894,0.6679372925,0.3368747785,0.3343753634,0.2000177465,0.557612631,0.627607601,0.6276452356,0.4874032593,0.04825850115,0.3093562233,0.07300305719,0.4108432559,0.6173168499
206.5,1,1,1,1,1,0.2831844522,0.5919444574,0.7993302161,0.2469920041,0.6664017213,0.3366503131,0.3332702424,0.1970358937,0.5571692889,0.6250901382,0.6252803713,0.4845550591,0.04859206252,0.3071682396,0.0728476886,0.4126602889,0.618041635
207,1,1,1,1,1,0.2859223092,0.5920093835,0.7984396838,0.246827121,0.6621574285,0.337190496,0.3324069187,0.1981682524,0.5562756291,0.623107529,0.6254657339,0.4850111495,0.04869174236,0.306309412,0.07319848307,0.4124712303,0.6167137256
207.5,1,1,1,1,1,0.2854373149,0.5933865282,0.7990122132,0.2445353476,0.6641829259,0.3328398192,0.3331015107,0.2003273659,0.5555439082,0.6235134091,0.624438217,0.4829149693,0.04848550001,0.3074893998,0.07325924416,0.4101648545,0.6163913537
208,1,1,1,1,1,0.2857741095,0.5938300105,0.7972190947,0.2457697208,0.6643137475,0.331010737,0.335952123,0.2002000924,0.5541188682,0.6236534056,0.6240932669,0.4859051865,0.04804987577,0.3073992549,0.07312229078,0.4124080487,0.6157040349
208.5,1,1,1,1,1,0.284607043,0.5932465822,0.7975600515,0.2468422347,0.6663364885,0.3323199379,0.3345954757,0.1998041366,0.5533790383,0.6235284683,0.6247742839,0.4871070034,0.04820991055,0.3074104482,0.07237593939,0.4137176744,0.61603839
209,1,1,1,1,1,0.2858416065,0.5924840633,0.7984534378,0.2479346663,0.6670634557,0.333885482,0.3360904546,0.2003323789,0.5530892793,0.6228350336,0.6232153338,0.4869825415,0.04783966051,0.3075759931,0.0727050404,0.4123266052,0.6130856724
209.5,1,1,1,1,1,0.2858813678,0.5943228073,0.7988828069,0.2482188926,0.6668980146,0.3334787322,0.3349708999,0.1987628178,0.555628998,0.6255363012,0.6247872998,0.4856761223,0.04771866798,0.3068314094,0.07198634124,0.4122769461,0.6120882066
210,1,1,1,1,1,0.2872091281,0.5937043506,0.798474562,0.2492479678,0.6682032551,0.3346884661,0.335056676,0.1989724116,0.554286725,0.6245045036,0.6268640856,0.486300608,0.04763260772,0.3075172489,0.07230650351,0.4144668104,0.6118060188
210.5,1,1,1,1,1,0.2858175173,0.5955140895,0.7977088695,0.2491971974,0.6669872867,0.3365961408,0.3349438635,0.2010347856,0.5538542968,0.6253193656,0.6270415601,0.4859073423,0.04759192203,0.306751443,0.07209918922,0.4103151941,0.6126276616
211,1,1,1,1,1,0.2851233978,0.5962950999,0.799100006,0.2467497002,0.6676759591,0.3347834196,0.3360370288,0.2012194842,0.5565961726,0.6253882114,0.6250650773,0.4858711157,0.04783945422,0.3072750731,0.07193865118,0.4106733841,0.6118133812
211.5,1,1,1,1,1,0.2836805745,0.5974893772,0.798891859,0.2463250026,0.6679425051,0.3356951842,0.3362958799,0.200662667,0.555567911,0.6254723071,0.6226863451,0.4861767167,0.04803324852,0.3074956453,0.07183220364,0.4103331834,0.6127479169
212,1,1,1,1,1,0.2816647431,0.5943689664,0.7988778542,0.2463452037,0.6680450259,0.3361199749,0.3385458153,0.1996344717,0.5559695391,0.6261271824,0.6268243974,0.4837890769,0.04780400358,0.3074738132,0.07248336095,0.4088708217,0.6121454639
212.5,1,1,1,1,1,0.2832123895,0.5946368032,0.7996861248,0.2449846203,0.6680141403,0.338613135,0.3389256836,0.2003278483,0.5549810574,0.6240531384,0.6298919879,0.4846900484,0.04761401908,0.3078841187,0.0726766056,0.4088201972,0.6139994472
213,1,1,1,1,1,0.2828461505,0.5942550121,0.7994822809,0.2450180874,0.668397601,0.3378225004,0.339745106,0.2001347989,0.5534780202,0.6228432417,0.6346454694,0.4811248612,0.0471075758,0.3069294789,0.07198928363,0.4103626021,0.6115429552
213.5,1,1,1,1,1,0.2842797451,0.5943832111,0.798558108,0.2456159936,0.6674730264,0.3366760701,0.3379305307,0.1999751149,0.5503449328,0.6252325282,0.6316362721,0.4849895619,0.04610423315,0.3067612315,0.07242230555,0.4076263875,0.6120730108
214,1,1,1,1,1,0.282775952,0.5937122456,0.7981843929,0.2448754848,0.6662437185,0.33482697,0.3380750709,0.1996613661,0.5512171727,0.6238308567,0.6295645107,0.4850529321,0.04573747982,0.3064642845,0.07237043418,0.4110106625,0.6106217593
214.5,1,1,1,1,1,0.2831138474,0.5935739526,0.7988266633,0.2444583358,0.6663540071,0.3350510888,0.3379556025,0.1986113479,0.5498040317,0.6264334869,0.6282985533,0.4860831684,0.04596463308,0.3037050689,0.0726701761,0.4103734427,0.6098264874
215,1,1,1,1,1,0.2818634529,0.59572887,0.8003060457,0.2454932953,0.6643850441,0.33621531,0.3372486832,0.1992294147,0.550224223,0.6280624823,0.6294734398,0.4856593296,0.04645510917,0.3044236451,0.07266927194,0.4107001863,0.6078685619
215.5,1,1,1,1,1,0.2811874118,0.5966172149,0.8001823993,0.2471702999,0.6619008899,0.3360520398,0.3343584805,0.1993201237,0.5510710892,0.6277746546,0.6291823361,0.4886784492,0.04741493431,0.3031438616,0.07267030446,0.4107765813,0.6092496218
216,1,1,1,1,1,0.2808978479,0.5951522173,0.8006224074,0.246611901,0.6645189968,0.3369049635,0.3357714088,0.1980530013,0.5476067951,0.6282890637,0.6255488414,0.4892739429,0.0479412614,0.3069556503,0.07253691167,0.409239011,0.607420509
216.5,1,1,1,1,1,0.2808427594,0.5949096314,0.800000076,0.2461734719,0.6648768449,0.3365354798,0.3365127417,0.1969793003,0.550148887,0.6256361205,0.6275067393,0.4902540077,0.0480626685,0.3073413126,0.07246192868,0.4094189933,0.6096083196
217,1,1,1,1,1,0.2825528082,0.5947519219,0.7995226161,0.2454558683,0.6658551733,0.3344691434,0.3355966919,0.1977163503,0.5478823865,0.6253216203,0.6276601078,0.4912106389,0.04821384718,0.3095499936,0.07255410947,0.4082503159,0.6088631909
217.5,1,1,1,1,1,0.2814949564,0.5921718361,0.8002725538,0.2457756028,0.668454591,0.3357680563,0.3356324191,0.1985736664,0.5484157504,0.6238373677,0.6246479049,0.4899967971,0.04847911122,0.3085521862,0.07354115193,0.4073204457,0.6082097053
218,1,1,1,1,1,0.2795939425,0.5927489704,0.800014135,0.245212551,0.6697447218,0.3358275954,0.3335276162,0.1979291423,0.5518045549,0.6256282369,0.6269770551,0.4907583012,0.04851045722,0.3086510395,0.07295453096,0.4066638053,0.6089411232
218.5,1,1,1,1,1,0.2778350393,0.593697819,0.7998219013,0.2437636659,0.6686677741,0.3365719363,0.3323359683,0.1997731207,0.5498025073,0.6264634399,0.6263816885,0.4899632784,0.04895119944,0.3080731694,0.07322146183,0.405250554,0.608004476
219,1,1,1,1,1,0.2771397524,0.5902069877,0.8001556827,0.245783519,0.6695477303,0.3365040585,0.3339934869,0.1996106302,0.547772345,0.6222745371,0.6277380058,0.4914588764,0.04845650872,0.30805362,0.0731920212,0.4039360148,0.6095725321
219.5,1,1,1,1,1,0.2770430754,0.5906364535,0.7994812465,0.2446003702,0.6689537336,0.3339366384,0.3336233026,0.199268151,0.5466185112,0.6223100842,0.6291715105,0.4908899669,0.0486406424,0.3072511589,0.07334402193,0.4040800538,0.6085215958
220,1,1,1,1,1,0.2791250456,0.5929150699,0.7998260782,0.2450103016,0.6699997779,0.3324313251,0.3329816089,0.1972910079,0.5504630879,0.6245583882,0.6275755626,0.4943356931,0.04827996723,0.3077795591,0.07311751273,0.4059990918,0.6085595093
220.5,1,1,1,1,1,0.2801749221,0.5933666063,0.7999791522,0.2465796107,0.6670828961,0.3341487554,0.3335368962,0.198169931,0.5506373269,0.6240046703,0.6262859394,0.492751641,0.0484606202,0.3071108147,0.07351696411,0.4086460005,0.6075917722
221,1,1,1,1,1,0.2826519958,0.5944019516,0.7999784315,0.2473121336,0.6687179221,0.3361980889,0.3340721793,0.1996467906,0.5489562685,0.6224942081,0.6270185471,0.4922552945,0.04834161822,0.3049387787,0.07355283242,0.4060394291,0.6070627481
221.5,1,1,1,1,1,0.2825097244,0.595557629,0.8004223988,0.2476736445,0.6675808152,0.335233288,0.3339692856,0.2003037565,0.5494689806,0.6244680173,0.6277859532,0.4938252983,0.04825782734,0.3071381404,0.0730868714,0.4071657096,0.6057793579
222,1,1,1,1,1,0.2814752169,0.5954893571,0.8014002258,0.2468858164,0.6679078913,0.3333847037,0.3327604448,0.1995729289,0.5484138723,0.6243618358,0.6276739827,0.4927577977,0.04828975203,0.3069178022,0.07258256297,0.4098217658,0.6062755349
222.5,1,1,1,1,1,0.2806204795,0.5962439258,0.7995978965,0.244231723,0.6679297963,0.3341808439,0.3335208571,0.1986776132,0.5487285352,0.6224783418,0.6272829802,0.4927526434,0.04802367894,0.3087577533,0.0731057426,0.4095762884,0.6052720125
223,1,1,1,1,1,0.2804921489,0.5950197375,0.7997933914,0.2458524881,0.6683238276,0.3342531394,0.3341180349,0.1996143083,0.5499576796,0.6231565836,0.6269701935,0.4920783378,0.04798363943,0.3090677891,0.07248848185,0.4072364892,0.604153443
223.5,1,1,1,1,1,0.2796147029,0.5941601817,0.8004774072,0.2473415143,0.6681307203,0.3326222159,0.3334755422,0.1997236882,0.5510985728,0.620431026,0.6271738967,0.4902961625,0.04741219728,0.3079204339,0.07260337953,0.4069783854,0.6053645433
224,1,1,1,1,1,0.2804715487,0.5968375504,0.7995995316,0.2485872717,0.6696560115,0.3316291113,0.3355802731,0.200183483,0.5509236695,0.6211926555,0.626080228,0.4899067622,0.04739630282,0.3103898463,0.07304274612,0.4048312729,0.6032806731
224.5,1,1,1,1,1,0.2792769293,0.5986059366,0.8004526834,0.2499345792,0.6702851052,0.3323887954,0.3371769047,0.2018640132,0.5529715779,0.6226816385,0.6277407586,0.4918886038,0.04803374615,0.3123512825,0.07357130496,0.4056408355,0.6042948667
225,1,1,1,1,1,0.2811148222,0.5982604698,0.8000564679,0.2482120611,0.6685620284,0.3334868589,0.337177513,0.2023985121,0.5531718284,0.623505626,0.627571547,0.4932586621,0.04791359345,0.3133518018,0.07262138897,0.4048319583,0.6019837345
225.5,1,1,1,1,1,0.2775673272,0.5944259918,0.8001989464,0.250831756,0.6688747874,0.3345008153,0.3359221404,0.2016884962,0.5545249928,0.6224136222,0.6286111975,0.4905522064,0.04811128536,0.3094061113,0.07261384175,0.405428501,0.6026894494
226,1,1,1,1,1,0.2787797932,0.5925904848,0.7979243213,0.2506746582,0.6715659666,0.3353806894,0.3345932896,0.2015493537,0.5536489971,0.620774485,0.6271148781,0.4904290988,0.04813772902,0.3089491924,0.07276129801,0.4056074938,0.5998168917
226.5,1,1,1,1,1,0.2781746026,0.5928865152,0.7977914294,0.2485631042,0.6712279396,0.3354538332,0.3356117816,0.2003610733,0.5520184524,0.6214161808,0.6277728782,0.4892014931,0.04805329569,0.3103753863,0.07271153923,0.405698352,0.6024591042
227,1,1,1,1,1,0.2773069268,0.5931381972,0.7978612894,0.2483199232,0.6693522708,0.3370007081,0.3345199002,0.1995117402,0.554189785,0.6214882785,0.628285405,0.4931313839,0.04800267488,0.3118669611,0.07244250121,0.4071337751,0.6012886394
227.5,1,1,1,1,1,0.2780168227,0.5947543105,0.7996068598,0.2485694853,0.6676411968,0.3367601744,0.3350345057,0.1988115578,0.5537693285,0.6221822978,0.6285122848,0.4931372175,0.04820157281,0.3145834666,0.07300292473,0.4050970964,0.6018169859
228,1,1,1,1,1,0.2771478528,0.5936980998,0.8001377429,0.2465636221,0.6669447997,0.3386736401,0.3362198043,0.2007892675,0.555352455,0.6227272766,0.6286120947,0.49462714,0.04802768505,0.3117357073,0.07305956329,0.4046852121,0.6048017192
228.5,1,1,1,1,1,0.2792592567,0.5949377833,0.799261275,0.2469652841,0.6671928687,0.3387447453,0.3371749319,0.2003625791,0.5542724559,0.6239276854,0.6293729977,0.4938104671,0.04817231856,0.3110100093,0.07291225772,0.4043813999,0.6075484149
229,1,1,1,1,1,0.2819385081,0.5952270929,0.8003679851,0.2489227239,0.669553699,0.3377351485,0.3389304123,0.2012823318,0.555209028,0.6224153431,0.6305847176,0.4940986238,0.04870683067,0.3106027723,0.0722837035,0.4035341729,0.608262445
229.5,1,1,1,1,1,0.2817689176,0.5932251546,0.8014559839,0.2484435028,0.6688961311,0.3377658079,0.3362285203,0.2021935865,0.5563880054,0.625258302,0.6275864988,0.4949463063,0.04824674326,0.3090283527,0.07217970913,0.4033630564,0.6089518486
230,1,1,1,1,1,0.2803604073,0.5931605681,0.8005609992,0.2490224334,0.6711294044,0.3392383104,0.3381405883,0.2012483313,0.5592410761,0.6266281531,0.6270991799,0.4937960513,0.04852453039,0.310694487,0.07179966185,0.402266972,0.6080579478
230.5,1,1,1,1,1,0.2793969825,0.5923744748,0.8020191391,0.2505641358,0.672281769,0.3394408571,0.3363711495,0.2008483729,0.5598161206,0.6255925786,0.6290509637,0.4950564618,0.04849577063,0.3111377833,0.07162579293,0.4032052331,0.6076801357
231,1,1,1,1,1,0.2785172274,0.5942879706,0.8021258566,0.2490619996,0.6699483319,0.3393400933,0.3367906284,0.1998280892,0.5616280743,0.6251900729,0.6275535848,0.4941635739,0.04845077111,0.312650821,0.07149339696,0.4048783435,0.6088665638
231.5,1,1,1,1,1,0.2803053193,0.5968761821,0.801146859,0.2482708236,0.6688326215,0.3372822286,0.3393277562,0.1996239361,0.5619725676,0.6264143474,0.6299073818,0.4949126378,0.04821930521,0.3113900058,0.07139704373,0.4025315116,0.6111039948
232,1,1,1,1,1,0.2822711387,0.594791773,0.8025340565,0.2471734944,0.6681834299,0.3384785658,0.3406283632,0.1992689747,0.5604416531,0.6228347652,0.628947519,0.4930084245,0.04822810462,0.3127867263,0.07111581783,0.3982590207,0.6126056571
232.5,1,1,1,1,1,0.2804833389,0.5942913902,0.8011017878,0.245185525,0.6670933493,0.3374274478,0.3402920288,0.198538594,0.5578897518,0.6241395988,0.6276073423,0.4943011676,0.04813151007,0.3127011507,0.07113318689,0.4013068102,0.6112000637
233,1,1,1,1,1,0.2827563974,0.5931866216,0.800992913,0.2466879446,0.670099369,0.3363922034,0.3393265551,0.2010392978,0.5591225328,0.6219874179,0.629408974,0.4956314442,0.04798789531,0.316338302,0.07111375284,0.4007955198,0.6125566947
233.5,1,1,1,1,1,0.2826245889,0.5934493708,0.8001281617,0.2483986454,0.6685556372,0.3358743957,0.3402250886,0.2006609355,0.5577778247,0.6206450404,0.6283362221,0.4963174212,0.04836756583,0.3152988309,0.07227656477,0.3979298405,0.6131221214
234,1,1,1,1,1,0.2831756296,0.5925430875,0.8010889392,0.2486471076,0.6683876782,0.3343739882,0.34020103,0.2006081088,0.5604080606,0.6197720993,0.6275547767,0.4955508655,0.04848606848,0.3154522941,0.07234600966,0.3991847547,0.6134993798
234.5,1,1,1,1,1,0.2820495774,0.5937046902,0.8010058829,0.2497251372,0.6680608405,0.33450819,0.3379690213,0.2007477952,0.5583967942,0.6192322989,0.6262109937,0.4964405132,0.04848506639,0.3155622208,0.07312423302,0.3977164735,0.613941826
235,1,1,1,1,1,0.284569419,0.5937958892,0.8003551131,0.2485889575,0.6688263778,0.3343182826,0.3375146475,0.2017719889,0.555896326,0.6187549437,0.6273014708,0.4957932056,0.04870381009,0.3154977991,0.07285408233,0.3989189528,0.6177387805
235.5,1,1,1,1,1,0.2857845357,0.5938869661,0.8006090986,0.2470609587,0.6678904963,0.3333093926,0.3350308376,0.2024832142,0.5539648533,0.6197066417,0.6289002842,0.4964576952,0.04851885479,0.316769365,0.07343070616,0.3997579776,0.6169105036
236,1,1,1,1,1,0.2852219129,0.5955032978,0.8018731788,0.247958033,0.6676542559,0.3314759728,0.3347272245,0.2004550365,0.5539592282,0.6194390765,0.6305133744,0.4952426486,0.04819825302,0.3157488699,0.07337009085,0.3994028611,0.6128665847
236.5,1,1,1,1,1,0.2861129826,0.5933937857,0.8005502769,0.2512494532,0.6677486946,0.3320111604,0.334726736,0.1994130361,0.5516463224,0.6188704034,0.6301849087,0.4964092673,0.04800266709,0.3139018823,0.07318809503,0.3997174567,0.6119283985
237,1,1,1,1,1,0.2863763173,0.5943598165,0.8003947328,0.24958706,0.6669812039,0.3311336046,0.3339315727,0.1992379538,0.5523171432,0.6185505634,0.631510438,0.4993530171,0.04839725398,0.3162478991,0.07231539394,0.4010607499,0.6134666719
237.5,1,1,1,1,1,0.2856963799,0.5949420139,0.8013909834,0.2491747045,0.6691697656,0.3323078102,0.3336256853,0.1988422139,0.5540847907,0.6168358964,0.6325270572,0.4992474911,0.04906444274,0.317295009,0.0730432795,0.3998211772,0.6135523426
238,1,1,1,1,1,0.2837472895,0.5945387263,0.7998122241,0.2513922489,0.6677184321,0.334755497,0.3356020569,0.1990104247,0.5504240185,0.6171599765,0.6336289791,0.4984155287,0.04864571061,0.3173087049,0.07268273549,0.4052769702,0.6157073082
238.5,1,1,1,1,1,0.2852556314,0.5947606152,0.8000398151,0.2487156149,0.666562981,0.3347863293,0.3353655356,0.2002122635,0.549970268,0.617193191,0.6341318959,0.4978843046,0.04864038936,0.3163584428,0.07328382693,0.4056719291,0.6150728856
239,1,1,1,1,1,0.2842029505,0.5954448178,0.8006859975,0.247606037,0.6648471709,0.3363781475,0.3349282612,0.199382663,0.5477986656,0.6209474577,0.6334379517,0.4986249858,0.0486525614,0.3144242138,0.07389256942,0.4043597361,0.6170302081
239.5,1,1,1,1,1,0.2838444086,0.5965919905,0.799998587,0.2482467954,0.6641017689,0.335815431,0.3379679481,0.1992908991,0.5486958938,0.6204940425,0.6327140121,0.4980452733,0.04897436448,0.3144243166,0.07357833051,0.4029675978,0.6156148349
240,1,1,1,1,1,0.2826439663,0.5959512292,0.8010145533,0.2480510729,0.6652822656,0.3344504865,0.337864498,0.1981925957,0.5473972269,0.6190357767,0.6326956906,0.4969904493,0.0487593205,0.313355391,0.0729619118,0.4009332606,0.614703261
240.5,1,1,1,1,1,0.281060996,0.5945963319,0.8012436077,0.248853079,0.6625772845,0.3338292053,0.3378974683,0.1980901894,0.5461635731,0.6173736264,0.6308175886,0.4968167655,0.048873289,0.3145297434,0.07323789725,0.4026074101,0.6151441284
241,1,1,1,1,1,0.2818384639,0.5932658671,0.8007671142,0.2492403422,0.6601127283,0.33251781,0.3374309264,0.1975099046,0.5472737768,0.617389812,0.6323219781,0.4949554844,0.04895820069,0.3144872939,0.07374161236,0.4024347947,0.614748079
241.5,1,1,1,1,1,0.2824836588,0.5920122944,0.7989877155,0.2498402562,0.6608738517,0.3333898028,0.3360716591,0.1974864381,0.5448067166,0.6151700321,0.6292816808,0.4944753329,0.04847443973,0.3132059927,0.07368557322,0.4031822836,0.6139221141
242,1,1,1,1,1,0.2827655813,0.5935009255,0.7990193927,0.2509925433,0.6609517886,0.3336917337,0.3356017625,0.1967989613,0.5437949654,0.6140446579,0.6262776644,0.4952654804,0.04808843425,0.3136633465,0.07396824126,0.4036394587,0.6111103612
242.5,1,1,1,1,1,0.2836919722,0.5962979164,0.8003540683,0.2476104595,0.6616571138,0.3356359767,0.3356653063,0.1975492747,0.5437141861,0.6157617297,0.6249473616,0.4928885336,0.04843490099,0.3136815357,0.07374937277,0.4037954368,0.6106053878
243,1,1,1,1,1,0.2842232298,0.5940359436,0.7996190847,0.2469177508,0.6618329141,0.3342603313,0.3362311606,0.1987057027,0.5439039867,0.6176575691,0.6235909779,0.4929038215,0.04860078893,0.3122731356,0.0740871146,0.403017209,0.6104657682
243.5,1,1,1,1,1,0.2862359473,0.5956079774,0.7994015901,0.2463669981,0.6636819714,0.3360918128,0.3370940606,0.2004285185,0.5454416385,0.6199260481,0.624676708,0.4938202494,0.04868192169,0.3134529089,0.0737521274,0.4022580177,0.609722032
244,1,1,1,1,1,0.2865210594,0.5952799021,0.7982893296,0.2463522566,0.6647127974,0.3370396791,0.3391162044,0.2007340668,0.5490142884,0.6187047333,0.6229643786,0.4968783791,0.04883185809,0.3102871759,0.07421584579,0.4015677672,0.6088367102
244.5,1,1,1,1,1,0.2850920179,0.5942601917,0.7981319806,0.2462396353,0.665289571,0.3361114797,0.3374338395,0.2014682168,0.550774696,0.6204005551,0.6238513528,0.4968870467,0.04888928747,0.3086161598,0.07417546206,0.4004629995,0.6086172579
245,1,1,1,1,1,0.2870869687,0.5936464947,0.8002117839,0.2465634793,0.6638106591,0.3357072831,0.3385082241,0.2001408132,0.5521731974,0.6205725544,0.6229149815,0.4955511845,0.04850440054,0.3064385633,0.0739747453,0.399790255,0.6083688442
245.5,1,1,1,1,1,0.2858283939,0.594079596,0.8003891722,0.2468213698,0.6633560121,0.3355661891,0.3371385489,0.1992648293,0.5520018848,0.6184638163,0.6241089211,0.497768585,0.04844901481,0.307354632,0.07360118366,0.4024914965,0.6054255418
246,1,1,1,1,1,0.2856567033,0.5942758743,0.7987456064,0.2478401374,0.6635363693,0.3371568354,0.3381362349,0.1995817217,0.5521397773,0.6187023582,0.6243310668,0.4967842859,0.04812830394,0.30758041,0.07302179024,0.4035985607,0.603027668
246.5,1,1,1,1,1,0.2849537291,0.5948651412,0.8008135635,0.2476918431,0.6627989721,0.3370278838,0.3373827462,0.2008925711,0.5517450049,0.6192506419,0.6243280578,0.4981812567,0.04808257789,0.3056087523,0.07244992369,0.4051354498,0.6026718989
247,1,1,1,1,1,0.2849034804,0.5967878458,0.8005681073,0.2477609782,0.6658769291,0.3348801241,0.3363570928,0.2022805984,0.5494072741,0.6183799547,0.6218671499,0.499146987,0.0481922717,0.305410002,0.07232898473,0.4045390028,0.6029956411
247.5,1,1,1,1,1,0.2832596564,0.5937369561,0.7999819453,0.2463618361,0.6667896202,0.3363296859,0.337273767,0.2020934704,0.5496812648,0.6191828887,0.6211448019,0.5014658433,0.04781858978,0.3083535281,0.07209791979,0.4054759587,0.6007605681
248,1,1,1,1,1,0.2845963027,0.594261545,0.7987012078,0.2477261235,0.6699720339,0.337063908,0.3386731893,0.2011923945,0.5516797724,0.615043727,0.6225876281,0.4994250901,0.04805539111,0.3076463109,0.07170341154,0.4066816298,0.6008085629
248.5,1,1,1,1,1,0.284400355,0.5948326431,0.7985166237,0.2476217611,0.6702171169,0.3360890214,0.3380737816,0.2011781466,0.5481057474,0.6132876351,0.6234213115,0.4964199494,0.04797789169,0.3060399573,0.07209743701,0.406822668,0.5994120261
249,1,1,1,1,1,0.2818582207,0.5927551167,0.796925127,0.2474267923,0.6657704139,0.3370515718,0.3380389769,0.2019435348,0.5476847514,0.6145587788,0.6267127143,0.4949639814,0.04808432304,0.3048151451,0.07132574857,0.4041130414,0.6013143437
249.5,1,1,1,1,1,0.2822711414,0.5918369884,0.7976110965,0.2455500414,0.6650117959,0.3367633489,0.3362258621,0.2011165272,0.5476249636,0.6149328768,0.6282262333,0.4952702353,0.04820300512,0.3025820217,0.07121456619,0.4057871963,0.6024265041
250,1,1,1,1,1,0.2839693762,0.5916029183,0.798247451,0.2452337,0.6637843869,0.3379646206,0.33414863,0.2017501311,0.5490980917,0.6185302587,0.6287504654,0.4962489552,0.048407645,0.3041206372,0.07167620703,0.4056644356,0.6004175431
250.5,1,1,1,1,1,0.2847189579,0.5923127119,0.7976490492,0.2455631301,0.6626321842,0.3371774485,0.3357450325,0.2013481189,0.548089765,0.6201812568,0.6290615077,0.4946276797,0.04866064019,0.3062474282,0.07169210738,0.403919182,0.6007816954
251,1,1,1,1,1,0.2855274431,0.5934153545,0.7988674248,0.2451792607,0.6632611636,0.3354727256,0.3356099351,0.2010802856,0.5504529261,0.6217945425,0.6300244123,0.496022648,0.04800420306,0.3044793875,0.07108018391,0.4051220106,0.6008533869
251.5,1,1,1,1,1,0.2871863501,0.5933535291,0.7986407504,0.2467708448,0.6634565627,0.3363970996,0.3386296456,0.202244988,0.5485763266,0.621426017,0.6276320254,0.4971136139,0.04797894958,0.3066172635,0.07075507086,0.4051819493,0.5997715423
252,1,1,1,1,1,0.2850206566,0.5933809415,0.797694288,0.2469719724,0.6638758546,0.3349189469,0.3402078299,0.2012394695,0.5498584387,0.6237949513,0.6271223889,0.4972310769,0.04834037439,0.3070087903,0.07120166544,0.4037263999,0.6017742655
252.5,1,1,1,1,1,0.2843201197,0.5901382984,0.7976825112,0.2479479386,0.6648365985,0.3373975379,0.3417207226,0.2032819695,0.5532663048,0.6206072701,0.6280931961,0.4938678691,0.0482155126,0.3037433385,0.0714702487,0.4040368263,0.6037013527
253,1,1,1,1,1,0.2845434583,0.5922260885,0.7989991458,0.2478322403,0.6633157193,0.3376681316,0.3408897867,0.2024748515,0.5520111665,0.6195831687,0.6269257006,0.490072382,0.048464148,0.3041487514,0.07178281942,0.4035919072,0.6008556046
253.5,1,1,1,1,1,0.2866525655,0.5930678039,0.7993849066,0.2485975993,0.6632689677,0.3362277942,0.340494239,0.2028814823,0.5496612478,0.6206422669,0.6275582272,0.4908726128,0.04871069706,0.3042985184,0.07085354444,0.403700032,0.6013500445
254,1,1,1,1,1,0.2872866375,0.5904395952,0.7987060172,0.2475672373,0.6624918743,0.3355883406,0.3395624165,0.2030564727,0.5508971826,0.6214380115,0.6278886849,0.4936328768,0.04876841794,0.3054541465,0.07132872149,0.401859068,0.5989891123
254.5,1,1,1,1,1,0.2890340902,0.5925532468,0.7987173842,0.2480249603,0.6618171884,0.3350216081,0.3356189349,0.2024883447,0.5518141864,0.6217424089,0.6276466908,0.4900655015,0.04857404111,0.3059105786,0.07169634778,0.4004952201,0.5973915918
255,1,1,1,1,1,0.2893869071,0.5921660124,0.7982990676,0.2472033487,0.6627554106,0.3334442109,0.3355609482,0.2021626602,0.5509879211,0.6209597102,0.6287514886,0.4900469405,0.04859702065,0.3062661313,0.07173991718,0.4009103014,0.5957940276
255.5,1,1,1,1,1,0.288736072,0.5914638781,0.7980429792,0.247544979,0.6637404639,0.3347744308,0.3358397433,0.1993081351,0.5512656996,0.620548681,0.6275474358,0.4911918196,0.04807171676,0.305382581,0.07057145444,0.3976004187,0.5967090378
256,1,1,1,1,1,0.2896210814,0.5904904377,0.7978046238,0.2486503546,0.6624432239,0.3350991299,0.3375032756,0.2000971302,0.5523683659,0.6191186245,0.6301293947,0.4885656735,0.04792574719,0.3082778674,0.07055697265,0.3967455122,0.5941137897
256.5,1,1,1,1,1,0.2873004837,0.5923757772,0.7979627707,0.2496703465,0.6626360116,0.3341647053,0.3377498809,0.2001037015,0.5545559587,0.6166724979,0.6308562074,0.4906381176,0.04804573669,0.3063900709,0.07105800435,0.3962601902,0.5953940039
257,1,1,1,1,1,0.2879162195,0.5896303277,0.7983917031,0.250814924,0.6632277228,0.3343497083,0.3377894145,0.1995386378,0.5551129335,0.6185019018,0.6292324442,0.4915106835,0.0477883655,0.3062748027,0.07095188977,0.3989191623,0.5940971475
257.5,1,1,1,1,1,0.2851463382,0.5913986709,0.799985345,0.2512048195,0.6612341159,0.3336573183,0.3367302218,0.200175139,0.5538965697,0.618288427,0.6292213021,0.4898213158,0.04745942827,0.3069053803,0.07092347474,0.3999710171,0.59725295
258,1,1,1,1,1,0.2846289077,0.5932433947,0.8003826476,0.2494857655,0.662945197,0.3353152808,0.3357084112,0.2009693038,0.553752701,0.6195840499,0.6305360754,0.4903688558,0.04717557776,0.3063663293,0.07143973686,0.3970610768,0.5969347478
258.5,1,1,1,1,1,0.2831255907,0.5946636324,0.7986770307,0.2497644543,0.6624215298,0.3329994001,0.338923945,0.1990224195,0.5527643496,0.6222219992,0.6310684471,0.489825974,0.04762928987,0.3050493413,0.07109457962,0.3965953009,0.5985622873
259,1,1,1,1,1,0.2833025036,0.5951599265,0.798524127,0.2489449226,0.6611430413,0.3313078602,0.3335972336,0.1993666431,0.5530337544,0.6221553505,0.6340796597,0.4914404377,0.0482378497,0.303724808,0.07176295628,0.3972040226,0.5990704281
259.5,1,1,1,1,1,0.2825476585,0.5942868156,0.7980062892,0.2498053865,0.6624534313,0.3333202076,0.3333029005,0.1991029271,0.5496907334,0.621475415,0.6353773705,0.4897518911,0.04787947998,0.3043458869,0.07158538608,0.3944543901,0.5985446514
260,1,1,1,1,1,0.2838623073,0.5946834366,0.8009234696,0.2488184047,0.663070395,0.3346089816,0.3329052154,0.1990869335,0.5487017807,0.6212107115,0.6341887,0.488377223,0.04824376705,0.3069506864,0.07111026657,0.3979583458,0.6016134505
260.5,1,1,1,1,1,0.2820605798,0.5944520591,0.8011972968,0.2493338363,0.6610477722,0.3321884958,0.3312070219,0.200240176,0.5512154389,0.6226984158,0.6333357926,0.4894247886,0.04822666031,0.3071352707,0.0717009715,0.4002281192,0.6025209939
261,1,1,1,1,1,0.2800971142,0.5946246306,0.8017571203,0.2487693185,0.6612530868,0.3349577619,0.3303529593,0.1994431866,0.5513558267,0.6232200889,0.6339378689,0.4901830052,0.04810306863,0.3080669131,0.07211780222,0.3995220304,0.6013364718
261.5,1,1,1,1,1,0.2817638944,0.5941071657,0.8011880361,0.2470214731,0.6614505369,0.3335774633,0.3330850524,0.1985779926,0.5522044822,0.6234275047,0.6322723597,0.4899325335,0.04777982517,0.3100994526,0.07219196174,0.399880245,0.603811979
262,1,1,1,1,1,0.2808052979,0.5931945046,0.7990883192,0.2457670555,0.6634276902,0.3332564938,0.3345287214,0.1991922157,0.5530049612,0.6252532543,0.6310018279,0.4888079915,0.04791849056,0.3127188379,0.07227588685,0.3990718694,0.6016274856
262.5,1,1,1,1,1,0.2803774959,0.5950985606,0.8001756777,0.2476800026,0.6657701586,0.3337985009,0.3343089802,0.1991208237,0.5529834851,0.6274462,0.6306012492,0.4906714318,0.04834146469,0.3123601843,0.07241998818,0.3986613524,0.6043069157
263,1,1,1,1,1,0.2816677862,0.5948331742,0.7996454557,0.248808002,0.665223911,0.3333641958,0.3345981985,0.2004378524,0.5499986395,0.6284059114,0.6307877583,0.4881157043,0.04843369709,0.3125967719,0.07239790395,0.400952163,0.6029509101
263.5,1,1,1,1,1,0.2810654547,0.5936523765,0.8001934218,0.2513061552,0.6639397387,0.3368503553,0.336632407,0.200608303,0.5488410291,0.6291049413,0.6309122315,0.4914372543,0.04809832859,0.3112634528,0.0722307109,0.4019784977,0.6022481094
264,1,1,1,1,1,0.2797898366,0.5922386011,0.8011574331,0.2488024446,0.6645442766,0.3357288359,0.339431883,0.2005887937,0.5499010498,0.6304765154,0.6320747831,0.4926436864,0.04814690827,0.3121141173,0.07319069645,0.4051722011,0.6020925305
264.5,1,1,1,1,1,0.2805591849,0.5907550326,0.7993303985,0.2488542291,0.6652349689,0.3358301326,0.3382463503,0.2006885501,0.5483725572,0.6315904837,0.6337291105,0.4897673022,0.04808542592,0.3122042627,0.07330352072,0.4051194567,0.6032632783
265,1,1,1,1,1,0.2808428507,0.590202431,0.799483624,0.247230824,0.6641847313,0.3338029159,0.3381685451,0.2010373716,0.5442005294,0.6314621115,0.6363345299,0.492393288,0.04799378886,0.3119100668,0.07315350961,0.4018137954,0.6058104846
265.5,1,1,1,1,1,0.2788506922,0.5929179287,0.7965532803,0.2472902573,0.6626094931,0.3341607258,0.3372350811,0.1993108769,0.5424733599,0.6337519029,0.6369844311,0.4950433402,0.04835077549,0.3099064672,0.07330621321,0.4047679325,0.6050405825
266,1,1,1,1,1,0.281100688,0.5936940668,0.7990729877,0.246963485,0.6621948166,0.3351512341,0.3357383214,0.1982527046,0.5405632049,0.6320825381,0.6379511255,0.4929303451,0.04923187759,0.3097156823,0.07299945896,0.407172938,0.6045496048
266.5,1,1,1,1,1,0.2815634775,0.5909816131,0.7993387478,0.2468325271,0.6607440924,0.3341297941,0.3347532954,0.1964234287,0.5427252973,0.6305422852,0.6378866614,0.4903950452,0.04917337408,0.30987214,0.07256540451,0.4089144852,0.6066543607
267,1,1,1,1,1,0.2811797539,0.5929743792,0.7974260462,0.2482161619,0.6628086267,0.3351846163,0.336390209,0.1983455343,0.5463102304,0.6295489406,0.6371958127,0.4888941849,0.04888563918,0.3088430092,0.07241635449,0.4075600799,0.6067965616
267.5,1,1,1,1,1,0.2804356719,0.5937519732,0.7986494276,0.2490457988,0.6646721145,0.3346136183,0.3361275379,0.1999115133,0.5490247372,0.6285993783,0.6373516873,0.4911199021,0.0489112974,0.3060536327,0.07243487773,0.4090186265,0.6071276584
268,1,1,1,1,1,0.2799680014,0.5951050694,0.7986981122,0.2487025253,0.66703089,0.3343441049,0.3366473475,0.1991225749,0.5482739619,0.6268371131,0.6344314992,0.4901560724,0.04903363878,0.3075865829,0.0725394708,0.4096599298,0.6081342246
268.5,1,1,1,1,1,0.2786760692,0.5947473209,0.7989996781,0.2466543966,0.6666591292,0.3366759471,0.3343100007,0.1998385797,0.5523637446,0.6283002515,0.6338643146,0.4905202937,0.04874836655,0.3075713492,0.07329751878,0.4112098388,0.6105096376
269,1,1,1,1,1,0.2775265837,0.5936685952,0.7984904681,0.2490908329,0.6659727345,0.3386884374,0.3351926938,0.2009318637,0.5519389574,0.6300030018,0.6354302148,0.4909963291,0.04829800061,0.3123440063,0.07322942974,0.413363999,0.6123630059
269.5,1,1,1,1,1,0.2776218392,0.5951926532,0.7983041036,0.2489854322,0.666258401,0.3374204203,0.333712467,0.2002237757,0.5510285187,0.6312441176,0.6326128417,0.4902769787,0.04861582256,0.3136932416,0.07354297135,0.4125506811,0.6147053921
270,1,1,1,1,1,0.2792104222,0.5954527005,0.7996728674,0.2475847771,0.6668386418,0.335106316,0.3356434886,0.2008435638,0.5512151609,0.6334930206,0.6320088193,0.4901277457,0.04876430426,0.3141284088,0.07365165444,0.41275834,0.615546865
270.5,1,1,1,1,1,0.2782792494,0.5946466637,0.7997304585,0.2482570712,0.6661164302,0.3358036422,0.3378201173,0.2022195587,0.5475437426,0.6329723035,0.6305785007,0.4937283616,0.04869325418,0.3143485148,0.07407453785,0.4112564041,0.6151824103
271,1,1,1,1,1,0.2775610504,0.5953874755,0.8002228109,0.2487286473,0.6663076292,0.3363567447,0.3392917543,0.2032903049,0.5456071317,0.6321104112,0.630868708,0.4936653578,0.04847548046,0.3140898278,0.07390156688,0.4085240512,0.6136127268
271.5,1,1,1,1,1,0.2801121493,0.5949605295,0.8000284726,0.2486414718,0.667762848,0.3369138089,0.3374604029,0.2023252368,0.5450209742,0.6320225909,0.6295231333,0.4907123705,0.04881565564,0.3145116393,0.07315661342,0.4084277959,0.614176709
272,1,1,1,1,1,0.281399777,0.5937529319,0.7997092492,0.2484910809,0.6665334602,0.3385643112,0.3368397725,0.2032564293,0.5440414088,0.632031639,0.6303557965,0.4900236842,0.04927287101,0.3112976525,0.07340914213,0.4077795563,0.6143158164
272.5,1,1,1,1,1,0.283461213,0.5961156701,0.7994412367,0.2472650454,0.6671014857,0.3388303403,0.3354473064,0.2021851433,0.5446143461,0.6340643413,0.6325171234,0.4917000695,0.04914248103,0.3126049746,0.07327754645,0.4063928125,0.6136337357
273,1,1,1,1,1,0.2832824063,0.5914526933,0.7998851424,0.2502063195,0.6671086441,0.3383999189,0.3355886903,0.2038020497,0.5420142778,0.6345713337,0.634069186,0.4896294968,0.04851062605,0.313785968,0.07285221382,0.4050193764,0.614359207
273.5,1,1,1,1,1,0.2839337671,0.5924320776,0.7989190501,0.2497041814,0.6693997449,0.3373672008,0.3353289664,0.2018345013,0.5426895244,0.6361549242,0.633682366,0.4889702373,0.04828431225,0.3145685476,0.07397051169,0.40562962,0.6134790241
274,1,1,1,1,1,0.2832699859,0.5935405899,0.7988377626,0.251371157,0.6691798764,0.338563665,0.3347284915,0.2022374742,0.5458642849,0.6338007686,0.6352217875,0.4901380769,0.04774279283,0.3126250028,0.07399694165,0.4101767936,0.6153994899
274.5,1,1,1,1,1,0.2813365408,0.593809609,0.7986687858,0.251493198,0.6670701823,0.3386558923,0.3368095225,0.2010031199,0.5466210495,0.6341183464,0.6351683995,0.4884995925,0.04799602763,0.3136625392,0.07479330971,0.4094070792,0.6155678686
275,1,1,1,1,1,0.2815321656,0.5932963799,0.7983906313,0.2524772907,0.6652582806,0.3371442073,0.3349784472,0.2008298909,0.5448066435,0.6337443473,0.6368903798,0.4915464472,0.04774286085,0.3136771949,0.07437550164,0.411468477,0.615309672
275.5,1,1,1,1,1,0.2806149872,0.5934957334,0.7981302307,0.2525022725,0.6641714581,0.3378258537,0.3353097248,0.2007596307,0.5454588153,0.6339774647,0.6371169277,0.4916017012,0.04787138767,0.3136612797,0.07401443606,0.406834704,0.6131936728
276,1,1,1,1,1,0.2824077599,0.593101429,0.7987532547,0.2518970747,0.6672437438,0.3349729083,0.3363266325,0.2014611666,0.5460853208,0.6323252229,0.6360615308,0.4894290856,0.04802678849,0.3142294941,0.07320182162,0.4071384408,0.6135408382
276.5,1,1,1,1,1,0.2847277499,0.5907365381,0.7982920257,0.2510214312,0.6673208815,0.3340842683,0.3340050445,0.2015385461,0.547276588,0.6328656887,0.6372154511,0.4911778609,0.04778735562,0.3131772514,0.07378920582,0.4074503722,0.6150664169
277,1,1,1,1,1,0.2870052653,0.5921548819,0.7980834683,0.2505560898,0.6667526753,0.3341576086,0.3340457865,0.2019997574,0.5457700918,0.6320308626,0.6359284872,0.4912428887,0.04794283139,0.3151545061,0.07363061453,0.4092025416,0.6151421048
277.5,1,1,1,1,1,0.2882946714,0.5916485244,0.7993150623,0.2485852406,0.665031254,0.3355372428,0.3364151062,0.2028789576,0.5464526232,0.6321593809,0.6358055598,0.4901686175,0.04814701879,0.3114812002,0.07401709671,0.4059244092,0.6126506814
278,1,1,1,1,1,0.2870065066,0.5922762566,0.799353868,0.2475292433,0.6646984176,0.3364581657,0.3383087658,0.2034328172,0.5467539478,0.6326535295,0.634908178,0.4930716272,0.04791172074,0.3110190829,0.07404594996,0.4061646246,0.6117567221
278.5,1,1,1,1,1,0.2886449368,0.5943518426,0.798551079,0.2469955757,0.6660447849,0.3346220174,0.3381800652,0.2042914497,0.5466495964,0.632565388,0.6351976581,0.4894761572,0.04769492946,0.3114226327,0.07376156943,0.408256964,0.6109988304
279,1,1,1,1,1,0.2883909384,0.5959541166,0.7976102339,0.2477296506,0.6665836701,0.3353079068,0.3365643001,0.2015382264,0.5473903955,0.6296795338,0.6340746117,0.4911255792,0.04778637142,0.3108209706,0.07407465864,0.4060956099,0.6115349117
279.5,1,1,1,1,1,0.2873167576,0.5948729725,0.7959019774,0.2453272749,0.6652374274,0.335590533,0.3372402589,0.2018641083,0.5451246276,0.632186445,0.6326185287,0.492372957,0.04774865422,0.3112059648,0.07392653245,0.4074130798,0.6097181082
280,1,1,1,1,1,0.286907191,0.5974301213,0.7986167556,0.2453733662,0.6643643008,0.3359176145,0.3364289549,0.2000941416,0.5452414478,0.6325884612,0.6313358599,0.4922292831,0.04818655098,0.3105315124,0.07335109448,0.4091273169,0.6110975688
280.5,1,1,1,1,1,0.2854367599,0.5956517822,0.796605568,0.2477562163,0.6643544789,0.3360660923,0.3351658586,0.1983762103,0.5465447004,0.6317519041,0.6315063107,0.4950742573,0.04821399481,0.3104081408,0.07293392894,0.412321024,0.6129312864
281,1,1,1,1,1,0.2873344381,0.5923282872,0.7976689795,0.2484519229,0.6646359216,0.3348975904,0.3345572339,0.1978276789,0.5453294547,0.6305481228,0.6329633986,0.4921092015,0.04808888314,0.3090371461,0.07299627855,0.4128636859,0.6131028083
281.5,1,1,1,1,1,0.2871867396,0.5945753825,0.7991241779,0.2490279075,0.6646055676,0.3351494617,0.3349764507,0.1990837608,0.5450301229,0.6312644447,0.6348702224,0.4915169228,0.04848472338,0.3086974767,0.07207005494,0.4101780036,0.610959255
282,1,1,1,1,1,0.286894784,0.5946141476,0.7996518161,0.2490957906,0.6659883087,0.3370727782,0.3345894109,0.1982910649,0.5456093646,0.63234682,0.635136765,0.4925769386,0.04812159535,0.3100027022,0.0729885473,0.4106033691,0.6108060683
282.5,1,1,1,1,1,0.2855454703,0.5953616897,0.7992469855,0.2500410964,0.666854644,0.3365105233,0.3359959922,0.1974495367,0.549775257,0.6318471219,0.6338728022,0.4915502455,0.04821075414,0.3101402867,0.0724729525,0.4126499103,0.6092153557
283,1,1,1,1,1,0.2864026135,0.5945437839,0.8004484267,0.2512144842,0.6652219206,0.3370230076,0.3377133498,0.1964086543,0.5512561085,0.6309423076,0.634022535,0.4939160043,0.048056033,0.3118975279,0.07259561884,0.4135749428,0.6084307485
283.5,1,1,1,1,1,0.2847395856,0.5921356215,0.7989442103,0.2490589021,0.6654399955,0.3388848228,0.3367745907,0.1965306589,0.5462483113,0.6277991814,0.6354903469,0.4939716246,0.04802852485,0.3135274727,0.07304412263,0.4119415929,0.6072302761
284,1,1,1,1,1,0.2840911505,0.5910112097,0.7992967966,0.2496420635,0.6646271192,0.3369740694,0.3344248148,0.1978602024,0.5465666196,0.6293855236,0.6381872292,0.4955065244,0.04816711381,0.3131634157,0.07316334174,0.4099204867,0.6058824731
284.5,1,1,1,1,1,0.2833715897,0.5919790374,0.7996707797,0.2483801604,0.6635538003,0.3366110656,0.3365961282,0.199154092,0.549514725,0.6273745975,0.6411572845,0.4967720154,0.048317253,0.3143045206,0.07263910911,0.4097351171,0.6083219385
285,1,1,1,1,1,0.2818061326,0.5927055713,0.7994295401,0.2477552275,0.6621586233,0.3359595924,0.3359478552,0.2005626529,0.5510459952,0.6244142153,0.6413401506,0.4961784738,0.04844573502,0.3155721582,0.07267886622,0.4060012032,0.6090844021
285.5,1,1,1,1,1,0.2809833073,0.5938196792,0.7995179498,0.2503041256,0.6639970385,0.3341705605,0.3358729859,0.2002444688,0.5519625697,0.6225147759,0.6422383548,0.4925186568,0.04835546222,0.3156159341,0.07234071579,0.4089378407,0.6085805462
286,1,1,1,1,1,0.2824580397,0.5948301574,0.8001108436,0.2487271642,0.6644416305,0.3339386299,0.3366371889,0.2000158673,0.5510706865,0.622257254,0.6407069562,0.4945589278,0.04801405947,0.3136172661,0.07273801158,0.4093637398,0.608029202
286.5,1,1,1,1,1,0.2821145225,0.5929784941,0.7990871065,0.2482461935,0.6662346673,0.3339381744,0.3371008107,0.1999918446,0.5478999404,0.6246202731,0.6441518296,0.4939363873,0.04827542011,0.3130275903,0.07278710165,0.4073392917,0.6091360462
287,1,1,1,1,1,0.2835233953,0.5929610658,0.7997947586,0.2479801371,0.6650170965,0.3361302693,0.3366176581,0.2000746508,0.5499623127,0.6252765765,0.6428806287,0.4968232646,0.04850821953,0.314469504,0.07280592844,0.4101615771,0.6094034636
287.5,1,1,1,1,1,0.2828086513,0.5933576257,0.7978496758,0.2477664795,0.6666163583,0.3353434059,0.3371635691,0.1993277178,0.5506945744,0.6258502978,0.6401928462,0.4991669245,0.04816271485,0.3123607609,0.07247419377,0.4109750793,0.611808449
288,1,1,1,1,1,0.2831773606,0.5941609335,0.7960534676,0.2461685113,0.6681170736,0.3343042328,0.3372627848,0.1998777609,0.54811794,0.6278343408,0.6395044991,0.4976538748,0.04829612333,0.3111911231,0.07174013209,0.40841743,0.6129043608
288.5,1,1,1,1,1,0.2826136616,0.5918952365,0.7977090443,0.2465480248,0.6708698133,0.332945337,0.3366267847,0.1981198733,0.5507332856,0.6261996521,0.6412776566,0.4957666608,0.0486070845,0.3113427135,0.07180572227,0.4077874526,0.6143106799
289,1,1,1,1,1,0.2818196359,0.5933484901,0.7976103939,0.2468981233,0.6680596452,0.3339392431,0.3375666287,0.2005417749,0.5503797566,0.6257560983,0.6395346284,0.4981557874,0.04919151798,0.3120043253,0.07194144426,0.4087821591,0.6122307889
289.5,1,1,1,1,1,0.2816985221,0.5937374484,0.7971767502,0.246929028,0.6680361823,0.3357860919,0.3363884348,0.2002438736,0.5540357588,0.6252301463,0.6370501276,0.4977742778,0.04956235939,0.3109152759,0.07205549511,0.4084735372,0.6128045211
290,1,1,1,1,1,0.2789121396,0.5899090229,0.798208391,0.2467862097,0.66640087,0.3345818091,0.3376989418,0.2012505185,0.5553257906,0.6245798214,0.6357527637,0.4983440382,0.04975692987,0.3099550199,0.0719781463,0.4068194834,0.6114434968
290.5,1,1,1,1,1,0.2776535971,0.5923777938,0.7991842406,0.2490470456,0.6675639288,0.3341929036,0.3376414555,0.1991331225,0.5528603743,0.6256111474,0.6368374951,0.4977014951,0.04959630829,0.30819148,0.07164760971,0.4053356035,0.6131135082
291,1,1,1,1,1,0.2794557158,0.5932788618,0.8012182665,0.2485875381,0.6642255193,0.3350416825,0.3372588187,0.2000960284,0.5545096209,0.6268252072,0.6363760965,0.4991208949,0.04948052784,0.3101407167,0.07171621126,0.4067021357,0.6120842457
291.5,1,1,1,1,1,0.2784984053,0.5925270664,0.8000014421,0.2470520966,0.6633645506,0.3332155709,0.335985721,0.1983903823,0.55369312,0.6268213976,0.6364212245,0.498470029,0.0494382649,0.3089658606,0.07211191395,0.4057546441,0.6118104074
292,1,1,1,1,1,0.2794624637,0.5939596753,0.7999174799,0.2485027103,0.6620585846,0.3335477851,0.335185858,0.1997716944,0.5571876975,0.6246745664,0.6384462488,0.4967283638,0.04967873856,0.3106830411,0.07216885802,0.4056642363,0.6150512131
292.5,1,1,1,1,1,0.2814075136,0.5935434462,0.8005172899,0.2485648564,0.6618312612,0.3363557476,0.3345534584,0.2013666644,0.5567429145,0.6241143445,0.6388933883,0.4963382658,0.04902627187,0.3101893709,0.07228445936,0.4082590066,0.6153292436
293,1,1,1,1,1,0.2817160178,0.590607966,0.7980742703,0.2466031993,0.6603131442,0.337362044,0.3351075545,0.2012392079,0.554713524,0.6238571708,0.640801364,0.4935321882,0.04916569602,0.310661467,0.07204879078,0.4037760227,0.612863763
293.5,1,1,1,1,1,0.2824640476,0.5945484029,0.7989193494,0.2463803386,0.663758057,0.3383654032,0.33318848,0.2005278618,0.5588032312,0.6221206403,0.64226889,0.4902344657,0.04878659172,0.3129947697,0.07235865779,0.406267917,0.6127756852
294,1,1,1,1,1,0.2819995047,0.5951999472,0.7985331063,0.2454978843,0.6659401769,0.3369780095,0.3345402154,0.1998660836,0.5587713869,0.6211172123,0.6419953341,0.4912481785,0.04883592092,0.312522669,0.0720247067,0.402879791,0.6141860093
294.5,1,1,1,1,1,0.2843535304,0.5923026416,0.7970232023,0.2460264668,0.6668462772,0.3386655571,0.3349082863,0.1984810176,0.5552100934,0.6214058182,0.6401390686,0.4917212102,0.04906600999,0.3123290715,0.07174798796,0.4019357963,0.6117420103
295,1,1,1,1,1,0.2820195167,0.5919031746,0.797144907,0.2455772347,0.6664091933,0.3395676488,0.3363264957,0.1986253554,0.5569012104,0.6191014742,0.6397028045,0.4930832182,0.04874002943,0.3133958325,0.07100130463,0.4040199968,0.6147418892
295.5,1,1,1,1,1,0.2808839231,0.5917089791,0.797061635,0.2443030055,0.6666621113,0.3397377272,0.337673098,0.1982161654,0.5549522506,0.6203521503,0.6424077787,0.4931392785,0.04912299288,0.3149946001,0.07111515025,0.4011638255,0.614377301
296,1,1,1,1,1,0.2806629812,0.5942508291,0.796460149,0.2451841375,0.6677267478,0.3395017992,0.3376155584,0.1997779549,0.5554935192,0.6229081349,0.6431894647,0.4934434015,0.04916618316,0.3156333552,0.07116451363,0.4032323041,0.6134621017
296.5,1,1,1,1,1,0.2785712426,0.594119434,0.797660229,0.2485359442,0.6675894197,0.3387464883,0.3362656472,0.1995549357,0.556222567,0.6232596143,0.6405056017,0.4924148557,0.04943987269,0.3145928616,0.07137722324,0.4054009417,0.6128190242
297,1,1,1,1,1,0.2787354648,0.5930763815,0.7983088057,0.2480025413,0.665594398,0.3356985222,0.3384262192,0.1989162695,0.5584977321,0.6250866328,0.6377632328,0.4929273618,0.04927042067,0.3150029489,0.0719405957,0.403734617,0.6138336653
297.5,1,1,1,1,1,0.275651434,0.5931599674,0.796925882,0.2463305907,0.6636508343,0.3360783675,0.3366982663,0.1982507774,0.5602812433,0.6253036494,0.6383748102,0.4940285981,0.04927522048,0.3135570819,0.07200646353,0.404701526,0.6112456475
298,1,1,1,1,1,0.2755965034,0.592209879,0.7974504897,0.2446082678,0.6627977174,0.3320370126,0.3345868361,0.1992825892,0.5587767475,0.6242486231,0.6369602498,0.4955391825,0.04884227444,0.3104345113,0.07290764464,0.402216006,0.6102438774
298.5,1,1,1,1,1,0.277236134,0.5940730208,0.7981020271,0.2443418403,0.6634677945,0.3334462688,0.3351425533,0.1989312403,0.5595420691,0.6239291021,0.6360829325,0.4957448112,0.04851736752,0.3090981161,0.07311818074,0.4027680743,0.6077295146
299,1,1,1,1,1,0.2746921661,0.5941011098,0.7979986348,0.2460980474,0.6643964214,0.3332456428,0.3371698215,0.1990536209,0.5610459371,0.6239619508,0.6405652967,0.4947008793,0.04902240296,0.3091657564,0.07314875592,0.4035388969,0.6075214701
299.5,1,1,1,1,1,0.2747326981,0.5933253804,0.7982996046,0.2486433957,0.6650754673,0.3367757506,0.3380129517,0.1988696763,0.5609902081,0.621769868,0.641656141,0.4973730646,0.04860743897,0.3117919344,0.07290813409,0.4027654207,0.6068668999
300,1,1,1,1,1,0.2745810957,0.5944037741,0.798816362,0.2489926193,0.6661832733,0.335793974,0.336763465,0.1975592586,0.5580642076,0.6224727549,0.6418335463,0.4964496908,0.04844306051,0.3114003211,0.07298374141,0.4027993083,0.6066384299
300.5,1,1,1,1,1,0.2755340106,0.5949103887,0.7988939734,0.2491083995,0.6684448094,0.3375450541,0.3346187103,0.1979443318,0.558154559,0.6234384825,0.640972352,0.4973524503,0.04829474451,0.3104731398,0.07324048026,0.4010610524,0.6066770105
301,1,1,1,1,1,0.2765758708,0.5943585438,0.7986202155,0.2499818731,0.6685615836,0.3361389886,0.3332778971,0.1998523798,0.5564305745,0.6236349122,0.6391441543,0.5008244478,0.04886969757,0.3093466985,0.07400204405,0.3983020199,0.606936812
301.5,1,1,1,1,1,0.2766845636,0.5939258507,0.7978940349,0.249752927,0.6661078185,0.3356812879,0.3333798337,0.1981635634,0.5555788926,0.6240386982,0.639616561,0.5044201111,0.04868413101,0.3115514503,0.07381569222,0.4013723279,0.6034048469
302,1,1,1,1,1,0.2798898674,0.5916871162,0.7989281356,0.2496338795,0.6666822409,0.3366692276,0.3348103053,0.1990048828,0.554156959,0.6224850932,0.6397688694,0.502010044,0.0489111157,0.3117860163,0.07335197981,0.400025869,0.6024974897
302.5,1,1,1,1,1,0.2819635823,0.5903630638,0.7974997077,0.2484262856,0.6671306127,0.3367242656,0.3360762949,0.1979272676,0.5527316716,0.6224015968,0.6366133049,0.4982686727,0.04862250794,0.3134656253,0.07338702146,0.4009678533,0.6065811703
303,1,1,1,1,1,0.2809361432,0.5933593848,0.7980059704,0.2496852786,0.667505826,0.337018575,0.3370018926,0.1982276422,0.5533756164,0.6206242362,0.6376747871,0.4958612464,0.04871813941,0.3143645868,0.07344534682,0.4015041014,0.6075157538
303.5,1,1,1,1,1,0.2825842305,0.5910934636,0.7971358562,0.2492198898,0.6679529122,0.3346268197,0.340203612,0.1989652037,0.5517680696,0.6230245523,0.6380467653,0.4940013012,0.04851005659,0.3149672239,0.07353028687,0.3986992488,0.6091604746
304,1,1,1,1,1,0.2843215288,0.5919219369,0.7964360721,0.2495559332,0.6673597775,0.3344401537,0.3406065472,0.2007950587,0.548235539,0.619843697,0.6370661883,0.4957054026,0.04874420672,0.3143381747,0.07325657,0.3978740522,0.6083666058
304.5,1,1,1,1,1,0.2835554743,0.5948646532,0.795547335,0.2507308519,0.6685654661,0.3375191437,0.3389747269,0.2014122801,0.5473876426,0.6190797167,0.6348457201,0.4977791649,0.04852960915,0.314185116,0.07285325849,0.3976446038,0.6073706477
305,1,1,1,1,1,0.2828918134,0.5954107664,0.7969142174,0.2498069435,0.6721186945,0.3381980812,0.3385464475,0.2007139088,0.549540808,0.6223712022,0.6344557389,0.4938563368,0.04848984578,0.3114887304,0.07242362234,0.3953428746,0.6089330391
305.5,1,1,1,1,1,0.2820955802,0.5954307156,0.7970756002,0.2487421908,0.6706913025,0.3370107537,0.3387661652,0.2004842587,0.5514436565,0.6239371592,0.6320015706,0.495593599,0.04835537568,0.3122755294,0.07230145064,0.3991448354,0.6117360903
306,1,1,1,1,1,0.2797373538,0.5944246468,0.7980168504,0.2482661202,0.6706076142,0.3364867723,0.3393042957,0.1992335618,0.5502879097,0.6230183743,0.6338606459,0.4956455409,0.04866250283,0.3134165302,0.07312419645,0.4003721908,0.6112980267
306.5,1,1,1,1,1,0.2792803644,0.5961439868,0.7973095601,0.247564012,0.6697328712,0.336624743,0.3365711901,0.1989703482,0.5500629555,0.6207386913,0.6327462608,0.4932626273,0.04883245435,0.312494595,0.07231239146,0.4011352622,0.610713711
307,1,1,1,1,1,0.2807683715,0.5959214628,0.7973235379,0.2466813943,0.6691463777,0.3347872014,0.3374620626,0.2006909754,0.551496704,0.6180809017,0.631891119,0.4927320385,0.04898729451,0.3126057387,0.07256715507,0.4026768219,0.60990392
307.5,1,1,1,1,1,0.2823123757,0.5929512251,0.7983015599,0.2469483636,0.6699059461,0.3360174895,0.3369259263,0.1978996445,0.5518120655,0.6196917356,0.6306808859,0.4918596715,0.04870806797,0.3132463029,0.07308309269,0.4008070769,0.6104857316
308,1,1,1,1,1,0.2830345685,0.5909681635,0.7987466618,0.2467709153,0.6697645898,0.3341776932,0.3366568093,0.2005886766,0.5521618035,0.6171800004,0.6305770184,0.4905566135,0.04881823844,0.3112210923,0.07329888431,0.4013128329,0.6129366549
308.5,1,1,1,1,1,0.2817092707,0.5914607491,0.7984862516,0.2450993111,0.6691148229,0.3346357758,0.3345330777,0.2010714332,0.5530192346,0.6173430024,0.6325023351,0.4902664075,0.04895345534,0.3087413709,0.07355140931,0.4007350131,0.6115565815
309,1,1,1,1,1,0.281106057,0.5909241649,0.7992114727,0.2448759923,0.6684328333,0.3357910634,0.3322588476,0.199253316,0.5553083754,0.6152181259,0.6318769699,0.4887193436,0.04863717456,0.3094511229,0.07389508315,0.4004419565,0.6105013089
309.5,1,1,1,1,1,0.2829344068,0.5921824108,0.7997960426,0.2473814383,0.6669944434,0.3354468677,0.3345482946,0.1981458781,0.5560038899,0.6155855195,0.6308216916,0.4882647572,0.04862522554,0.3115472814,0.07404875103,0.4010464009,0.6114635316
310,1,1,1,1,1,0.2816746543,0.593477629,0.7995793968,0.2456809254,0.6663364032,0.3358269589,0.3370657969,0.1974580113,0.5574744408,0.6177415871,0.6327209465,0.4875787118,0.04854158147,0.3086672068,0.07421234849,0.4056150502,0.610402878
310.5,1,1,1,1,1,0.2801437107,0.5943830212,0.7990555094,0.24753681,0.6664313207,0.3360169733,0.3370389575,0.1984832558,0.5586628733,0.6212568097,0.6314556762,0.4860990132,0.0485024814,0.308151782,0.07391991205,0.4066335923,0.6112618898
311,1,1,1,1,1,0.2789950254,0.5942356341,0.7990704697,0.249178005,0.6702162665,0.3361841203,0.3369502943,0.1976787546,0.5569524053,0.6226089527,0.6314469647,0.4859907041,0.04812114281,0.3078845981,0.07259525474,0.4065272903,0.6088450203
311.5,1,1,1,1,1,0.2768722883,0.5967098703,0.7990903478,0.2490230243,0.6689009443,0.3358441243,0.3360031675,0.1986203332,0.5545502901,0.6208475659,0.6327839659,0.487730668,0.04789214621,0.3052209528,0.07252502466,0.4048247557,0.6076131257
312,1,1,1,1,1,0.2782864059,0.5953848976,0.7989729252,0.2483029086,0.6675717791,0.3344621216,0.3361798142,0.1987380756,0.5525590141,0.621485889,0.6319683554,0.4887676044,0.04768792606,0.3068945941,0.07179916735,0.4027571542,0.6057080975
312.5,1,1,1,1,1,0.2775575424,0.5964475328,0.796859331,0.2493164603,0.6674733873,0.3367154251,0.3370463217,0.1996141228,0.5517020218,0.6226863639,0.6345192598,0.4876852294,0.04795100621,0.3050337349,0.07195024054,0.4030133704,0.6080735021
313,1,1,1,1,1,0.2779111357,0.5958167019,0.7971565512,0.2503384652,0.6651914577,0.3400352966,0.335388064,0.2001339085,0.5515433093,0.6234946316,0.6339865532,0.4902765087,0.04818103836,0.3032082822,0.07161081231,0.4051742576,0.6094913137
313.5,1,1,1,1,1,0.276788547,0.5959799555,0.7981124964,0.2492798225,0.6662741389,0.3362528539,0.3383256128,0.2001157044,0.5517422646,0.6209326227,0.6348306254,0.4905783926,0.04813655836,0.3035836566,0.07174738278,0.407047034,0.6102806873
314,1,1,1,1,1,0.2786692741,0.5950626929,0.7978902311,0.249406307,0.6656223749,0.335781418,0.3373993833,0.199761137,0.5499774097,0.6214616915,0.6359639055,0.4941970035,0.0482230336,0.3046588182,0.07145580362,0.4052450613,0.6110754519
314.5,1,1,1,1,1,0.2795916386,0.5945881963,0.7990133595,0.2506284535,0.6671892326,0.334974335,0.3348884271,0.2004618776,0.5502323506,0.6220829593,0.6350308096,0.4917844812,0.04835717583,0.3052114221,0.0713963225,0.4065231283,0.6127215047
315,1,1,1,1,1,0.2788131888,0.5947319417,0.7976383677,0.2499369193,0.6660245619,0.3367867922,0.3351657143,0.2002638366,0.5504730025,0.6202421479,0.6353502545,0.4900193096,0.04790034861,0.3044112321,0.07106604403,0.4076909927,0.6124724908
315.5,1,1,1,1,1,0.2808401882,0.5951198205,0.798890646,0.24979769,0.6659268971,0.336361833,0.3370770284,0.1994597934,0.5505878158,0.6209762553,0.6365953323,0.4907792923,0.04782090213,0.3048438013,0.07190311655,0.406143707,0.6105316209
316,1,1,1,1,1,0.2833438825,0.5952318458,0.8002808511,0.2481801389,0.663677626,0.3389217274,0.3393630592,0.1996177125,0.5508809591,0.6244064338,0.6383389079,0.4903281738,0.04810508703,0.3050116376,0.07216352633,0.4071780598,0.6098501959
316.5,1,1,1,1,1,0.2819114164,0.5938284978,0.7999851738,0.2474546532,0.6679502403,0.3366258697,0.3379547743,0.1999041636,0.552984016,0.6262199862,0.6362673135,0.4888645785,0.04835312013,0.3064369117,0.07274251024,0.4071589201,0.6095320345
317,1,1,1,1,1,0.2809835985,0.5934161171,0.7999503982,0.246693595,0.6697702151,0.3376651205,0.3376564336,0.2009718776,0.5493641938,0.6253992702,0.6375896348,0.4908814142,0.04832995779,0.3066982393,0.07241077794,0.4058383431,0.6100549547
317.5,1,1,1,1,1,0.2818891789,0.5931704721,0.7994186665,0.2467534459,0.6678559934,0.3373283146,0.3368541833,0.2027240232,0.5502778346,0.6269212874,0.6385365466,0.4886357844,0.04798585712,0.3065501996,0.0731451187,0.4033104589,0.6124585786
318,1,1,1,1,1,0.2819615549,0.5929803723,0.7994043517,0.2463732267,0.6669611612,0.3369627185,0.3379629534,0.2024961333,0.5524230187,0.6248270722,0.6386243681,0.4917429632,0.04784953049,0.306796546,0.07333169177,0.4048676189,0.6159757911
318.5,1,1,1,1,1,0.2805762698,0.593225107,0.7980205351,0.2463680545,0.6682167348,0.3362350402,0.3350569895,0.2008479201,0.5533486713,0.6224911895,0.641812376,0.4929529744,0.04767745975,0.3072043025,0.07327362855,0.4043902023,0.6142881364
319,1,1,1,1,1,0.2779312507,0.5931206875,0.7985819136,0.247529751,0.667526939,0.3384857167,0.3370476688,0.201363406,0.5537248182,0.6248814537,0.6428620709,0.4925216562,0.04789663628,0.3071487294,0.07264711299,0.4013370685,0.613791908
319.5,1,1,1,1,1,0.2773752545,0.5936091364,0.7992670391,0.2483611369,0.6675165217,0.3377914806,0.3366174754,0.2012839214,0.5519069128,0.6218146398,0.6422332735,0.4942144143,0.0478491898,0.3072961455,0.07263290785,0.3992129932,0.6128723678
320,1,1,1,1,1,0.2774264579,0.5935661346,0.79883933,0.2501854339,0.6681402176,0.3373778593,0.3366630525,0.201730202,0.5504449783,0.6219792333,0.6445919473,0.4951005114,0.04740201978,0.3065524944,0.07226762311,0.3985702585,0.6140291303
320.5,1,1,1,1,1,0.2785692166,0.5959296803,0.7984140934,0.2486817398,0.670981154,0.337086627,0.3366406906,0.2022491239,0.5507105018,0.6240945317,0.6455426753,0.4944857432,0.04764806913,0.3071568088,0.07324022726,0.4010793635,0.6160556545
321,1,1,1,1,1,0.2771545769,0.5960735414,0.796720275,0.2473606368,0.6688812348,0.3354715137,0.3375564092,0.2021204529,0.5486332064,0.624293674,0.6426047116,0.4908284642,0.04762210523,0.3068578848,0.07203463562,0.4004875217,0.6154417541
321.5,1,1,1,1,1,0.2771723295,0.5942334764,0.7965700919,0.2470396998,0.6713848182,0.3353682622,0.3378181548,0.2003974172,0.5473879754,0.6231027775,0.64279501,0.4883155729,0.04815146901,0.3070184782,0.0714658461,0.4019366636,0.6153206163
322,1,1,1,1,1,0.2782534363,0.5932058566,0.7961200032,0.2477152902,0.6716252271,0.3369293676,0.3366656127,0.2024504225,0.5438983079,0.6243854331,0.6437896914,0.4899993626,0.04808669794,0.3062730844,0.07115293117,0.4015839655,0.6173505058
322.5,1,1,1,1,1,0.2782927285,0.5923838049,0.7986300163,0.2483420254,0.6715615239,0.3362965629,0.3364893862,0.2015165628,0.5462021985,0.6241922259,0.6427237455,0.4894599393,0.04845577836,0.3073492022,0.07120824068,0.4026078734,0.6168471064
323,1,1,1,1,1,0.2782253408,0.5933019836,0.7985571963,0.2473808537,0.66831503,0.3351212899,0.3368058508,0.2023931153,0.5469884252,0.6256325884,0.6427946299,0.4883426652,0.04831318477,0.3083511772,0.0716224184,0.406883583,0.6134528798
323.5,1,1,1,1,1,0.2802196169,0.5944439171,0.7992001359,0.2454496662,0.6684534618,0.3337616731,0.3370354016,0.200633377,0.5452831356,0.6249282999,0.6426796574,0.4914964376,0.04820953498,0.3064567676,0.07177933376,0.4085039929,0.6142739232
324,1,1,1,1,1,0.2806022686,0.5946780151,0.7984180371,0.2485337142,0.6655521539,0.332886955,0.3354964997,0.2002869169,0.5462081642,0.6265375316,0.6448452059,0.4913939688,0.04831046583,0.3054295538,0.07191959314,0.4079425515,0.6139465333
324.5,1,1,1,1,1,0.2826751649,0.5935857024,0.7997566575,0.2493630269,0.664603497,0.331613441,0.33584545,0.2007915259,0.5448358216,0.6235399991,0.6452679285,0.4918076887,0.04825006998,0.3081296,0.07140761172,0.4054100902,0.6120283805
325,1,1,1,1,1,0.2810616531,0.5935536234,0.7993535008,0.2477653118,0.6650754857,0.3329164213,0.3360326327,0.2001463932,0.5454559613,0.624263794,0.6437563139,0.4943512076,0.04817205378,0.3082531955,0.07222692539,0.4039358391,0.6103323372
325.5,1,1,1,1,1,0.2850788086,0.5940448295,0.7998906255,0.2484636342,0.6641480181,0.3322571451,0.3366933509,0.2012181515,0.545624928,0.6260555698,0.6467616239,0.4929594078,0.04832467659,0.3092215489,0.0712353144,0.4036847211,0.6112612563
326,1,1,1,1,1,0.2853597608,0.5931975484,0.7990030616,0.2487028361,0.6661569512,0.3339814659,0.3352308467,0.2016383598,0.5456553074,0.6256100615,0.6456057791,0.4931374745,0.04838556841,0.3090576748,0.07168404262,0.4022490673,0.613676832
326.5,1,1,1,1,1,0.2832918101,0.5929405108,0.7997669416,0.2494547157,0.6659404742,0.3336262711,0.3367539125,0.2002035332,0.5447018877,0.6247532783,0.6426404811,0.4928794048,0.04774107493,0.3077799878,0.07237317127,0.4019242131,0.6143192405
327,1,1,1,1,1,0.2817716164,0.5925908736,0.79936133,0.2490037402,0.664928769,0.3339544265,0.3359492318,0.2016594099,0.5439517134,0.6260766675,0.6456122907,0.488590166,0.04765274174,0.3039128907,0.07286576897,0.3996037171,0.6135849467
327.5,1,1,1,1,1,0.2800119061,0.5934824712,0.7989194826,0.2485783613,0.6647016148,0.3362151252,0.338575538,0.2021660455,0.5430768212,0.6222903012,0.643667254,0.4873666425,0.04752872729,0.3064260814,0.07256718719,0.3984050999,0.6124919413
328,1,1,1,1,1,0.2812737508,0.5921311362,0.7994260669,0.2483321365,0.6671493063,0.3359246099,0.3386856548,0.2003396499,0.5438970199,0.6255140976,0.6451023742,0.484792408,0.04772465752,0.3063603418,0.07193927122,0.4026728168,0.6109680026
328.5,1,1,1,1,1,0.2832179173,0.5926394188,0.7993496655,0.2487061943,0.6650166514,0.3378259882,0.3387807477,0.1986477671,0.5457436768,0.6270244873,0.644566141,0.4856555058,0.04804984775,0.3109167427,0.07148121821,0.4015097367,0.6093836286
329,1,1,1,1,1,0.2825127356,0.5910827467,0.7984798155,0.2491574268,0.6650045935,0.3364031444,0.3385475801,0.1985292856,0.5459284001,0.6283063498,0.6423351402,0.4864519956,0.04768719715,0.308826093,0.07252939271,0.4038865499,0.6098318781
329.5,1,1,1,1,1,0.2813393684,0.5906476277,0.7990900749,0.2492757173,0.665530073,0.3376505118,0.3363196361,0.1988374171,0.5449580302,0.6276082549,0.64011422,0.4877949872,0.04805890226,0.3100730885,0.0719079452,0.4011947295,0.6087791759
330,1,1,1,1,1,0.2811095966,0.5926464375,0.7979400762,0.249720836,0.6651085592,0.3374655632,0.3365038391,0.1979358135,0.5448192264,0.6279009755,0.6407966586,0.4897273161,0.04779960161,0.3091083309,0.07205493192,0.4002022722,0.6068127052
330.5,1,1,1,1,1,0.2820731596,0.5911186993,0.7969217873,0.2480080022,0.6655322714,0.3369439903,0.337175353,0.1983161832,0.5475674786,0.6310947706,0.6410318512,0.4862041142,0.04839185714,0.3091641855,0.07263103706,0.3993922633,0.6063514506
331,1,1,1,1,1,0.2817457858,0.5910026557,0.7977504503,0.2475870468,0.6658134291,0.3363201446,0.3356919584,0.1987313104,0.5504036449,0.6292955892,0.641467243,0.4851768733,0.04837816507,0.3105679569,0.07310297157,0.3985040518,0.6056670979
331.5,1,1,1,1,1,0.2827723308,0.5933250993,0.7976732359,0.2485727434,0.6661959469,0.3364182384,0.3338107183,0.1998605673,0.547781163,0.628672927,0.6411452998,0.4892535262,0.0484984313,0.3100759327,0.07247941323,0.3989955544,0.6037775505
332,1,1,1,1,1,0.2811039357,0.5929686341,0.7994392165,0.2471051263,0.6658194824,0.3355619146,0.33293716,0.1988610036,0.547061643,0.6275540655,0.6418232555,0.4919567069,0.04844043454,0.311401101,0.07261914757,0.4013015374,0.6048941616
332.5,1,1,1,1,1,0.2784503386,0.5943981266,0.7986667914,0.2479144019,0.6675117631,0.3372747214,0.3349685556,0.1971265067,0.547544208,0.6287725382,0.6415969228,0.4936606953,0.04881175252,0.3119916165,0.07245008371,0.4005251829,0.6036088831
333,1,1,1,1,1,0.2779511083,0.5943024065,0.8005472732,0.2486370426,0.6628831732,0.3372583994,0.3337774048,0.1994441592,0.5474898363,0.6298860284,0.6428837261,0.4935195266,0.04823579826,0.3114985393,0.07150280456,0.40117017,0.6004344437
333.5,1,1,1,1,1,0.2778163555,0.5932004991,0.7999241346,0.2468784321,0.6628880871,0.3364729417,0.3358560855,0.200940969,0.5475374782,0.6317726967,0.6427905639,0.4927713777,0.04794606736,0.3114355333,0.07184496506,0.3984004878,0.5972799744
334,1,1,1,1,1,0.2767517857,0.5923254056,0.7994018949,0.2469300152,0.6630387464,0.3386003523,0.3376206831,0.2007284492,0.5505389453,0.6303744203,0.6426338272,0.4920857679,0.04802752619,0.3120264596,0.07210013767,0.3988779868,0.5965717504
334.5,1,1,1,1,1,0.2784454714,0.5901916795,0.7989550816,0.2467065242,0.6636155114,0.3381359688,0.3361931044,0.2016607614,0.5540805348,0.6322440908,0.6404426239,0.491189224,0.04792835642,0.3110561855,0.0722811265,0.4002680692,0.5957117168
335,1,1,1,1,1,0.2801795581,0.5902064655,0.7985589573,0.2467706935,0.6660039809,0.3373319197,0.3354753825,0.2002971427,0.5586167282,0.6334146858,0.6419672222,0.4909217417,0.04838798023,0.3110310818,0.07292064183,0.3975265007,0.5951597957
335.5,1,1,1,1,1,0.2817682902,0.5910337266,0.7998610655,0.2481265353,0.6657744776,0.3358857464,0.3357378867,0.2002403356,0.5583888798,0.6317374111,0.642068265,0.4933710883,0.04839820979,0.3112228256,0.07327193738,0.3975104579,0.5970754793
336,1,1,1,1,1,0.2827351627,0.5932557685,0.7998716253,0.2491304523,0.6650003437,0.3338433667,0.3352558175,0.2013711897,0.5614651352,0.6290093756,0.6438539288,0.4932587895,0.04843817281,0.3114574559,0.07362792109,0.3983040301,0.5936693232
336.5,1,1,1,1,1,0.281292387,0.5930785123,0.7997418518,0.2491114189,0.6604952433,0.3350796088,0.3344307681,0.2014045518,0.5629040527,0.6283931379,0.6404642446,0.4914459323,0.04864494922,0.3096285309,0.07300071001,0.3990485532,0.597655724
337,1,1,1,1,1,0.2806757052,0.5919958916,0.8000519899,0.2492752285,0.6614820447,0.3355492611,0.3357593737,0.2024381521,0.559946651,0.6293151765,0.6379873167,0.4911253183,0.04890440891,0.3098424311,0.07380205824,0.3963466987,0.5994819018
337.5,1,1,1,1,1,0.2813159927,0.5904319292,0.8001440598,0.2501698041,0.6624155857,0.3373419786,0.3384847481,0.2016662183,0.5579566139,0.6270460574,0.6374554598,0.4901524435,0.04912211137,0.3086332038,0.07342064247,0.3961809395,0.6012403139
338,1,1,1,1,1,0.2834345533,0.5917207763,0.8002570688,0.2494039951,0.6635301018,0.3383241851,0.341917449,0.2006973844,0.558128866,0.6271930522,0.6368682588,0.4894966076,0.04904079172,0.3087605005,0.07387923397,0.3959133973,0.6022645278
338.5,1,1,1,1,1,0.28359933,0.5947261131,0.8012604407,0.2492964426,0.6625615919,0.3371628975,0.3413596354,0.2012900626,0.5570885705,0.6274494951,0.6358112403,0.4892579763,0.04949032196,0.3074375929,0.07456242273,0.3970848076,0.6028852572
339,1,1,1,1,1,0.2839544947,0.5953831833,0.8021627368,0.2493554461,0.6606302388,0.3377165981,0.3399089412,0.2026063004,0.5591829375,0.6285288654,0.6341496186,0.4925454569,0.04906452251,0.3056348434,0.07461229528,0.3995397323,0.6022640969
339.5,1,1,1,1,1,0.2856692802,0.5945632831,0.8011842587,0.2508167597,0.6598688503,0.3376063591,0.3375371517,0.203951181,0.5589154153,0.6285091814,0.6355173873,0.494870247,0.04916514297,0.306375198,0.07438507957,0.4001303667,0.6035296871
340,1,1,1,1,1,0.2839948019,0.5945497509,0.8009834517,0.2505060752,0.6611760518,0.3374197687,0.3365363208,0.2030175937,0.5604545329,0.6280544385,0.6338517496,0.4942784259,0.04893007363,0.3074725148,0.07379027842,0.4022901075,0.6026671189
340.5,1,1,1,1,1,0.2833394699,0.5942977519,0.8000568195,0.2495288877,0.6624185857,0.3343676782,0.3375157688,0.2032899081,0.5598380001,0.6282130395,0.6324469387,0.491295682,0.04883773304,0.306523961,0.07323466231,0.4024593114,0.6039558628
341,1,1,1,1,1,0.2823040466,0.595213542,0.7995462572,0.2471712568,0.66446037,0.335219017,0.3355021413,0.2016584003,0.5602419679,0.6271341665,0.6319742015,0.4923078369,0.04916111361,0.3071507001,0.07312588571,0.4037656345,0.6035672388
341.5,1,1,1,1,1,0.2821560512,0.5960718411,0.7993653127,0.2469814388,0.661671624,0.3355276599,0.3351493426,0.2002302825,0.5581766152,0.6265024156,0.6334030359,0.4920661459,0.04865416659,0.3074011649,0.0731370585,0.4028970103,0.6022075934
342,1,1,1,1,1,0.279415732,0.5942956393,0.800005269,0.2455420113,0.660660802,0.3337492016,0.3349541101,0.199314838,0.557759142,0.6251819741,0.6332732635,0.4926096259,0.04851380192,0.3070712618,0.07269419653,0.4021702451,0.5987349559
342.5,1,1,1,1,1,0.2811713272,0.596047308,0.7992901169,0.2464550709,0.6608787941,0.3339363126,0.3336724391,0.1988280359,0.5608491468,0.6248071655,0.6338544732,0.4911235782,0.0488218318,0.308346123,0.07180341984,0.4025952148,0.5999146869
343,1,1,1,1,1,0.2809550733,0.5973779538,0.7991753578,0.2483665783,0.6622049858,0.3338579252,0.3351635262,0.199411318,0.5622365858,0.6254357729,0.6352902988,0.4909792138,0.04831823971,0.308576363,0.07112737807,0.4042221879,0.6006455711
343.5,1,1,1,1,1,0.2808796087,0.5952339975,0.799892514,0.2484009697,0.663330909,0.3329467316,0.3356142505,0.2000749123,0.5632845276,0.6237476265,0.6340427592,0.4897459733,0.04779370635,0.3080467403,0.07152957754,0.4036310989,0.6000784909
344,1,1,1,1,1,0.2798469673,0.5957396034,0.7996540462,0.2467568322,0.6648266447,0.3312429243,0.3358117556,0.201115504,0.5631694027,0.6253350393,0.634785164,0.4915482637,0.04800187817,0.306321894,0.07151375304,0.4052818513,0.5985406475
344.5,1,1,1,1,1,0.27916185,0.5960831087,0.8002042176,0.244916627,0.66237911,0.3314329367,0.3371109579,0.2012709735,0.5641086046,0.6228889271,0.6340435426,0.4912506228,0.04787386629,0.3074742756,0.07136056212,0.4038446107,0.5969015198
345,1,1,1,1,1,0.2808000321,0.5951994737,0.7984718872,0.2458800243,0.6668102231,0.33475161,0.3358624656,0.2012270885,0.561892838,0.6224403572,0.6324605771,0.4928313067,0.04802713216,0.3071327095,0.07175003343,0.4041029169,0.5949545121
345.5,1,1,1,1,1,0.2819142096,0.5957121658,0.7977998212,0.2461353747,0.6693537932,0.3340943172,0.3345990562,0.2012165243,0.5621844586,0.6254491757,0.6317284089,0.4927860326,0.04847887267,0.3049287124,0.07173178687,0.4058391794,0.5951003925
346,1,1,1,1,1,0.2809447481,0.5949932645,0.798306228,0.2455473512,0.6672761083,0.3348441388,0.333587127,0.1997869767,0.5602283465,0.6250782503,0.6349969187,0.4938255384,0.04874356407,0.3069592861,0.07178101869,0.40689355,0.5933751546
346.5,1,1,1,1,1,0.2795175078,0.5937930048,0.798262931,0.2445184208,0.666410609,0.3329219304,0.3346635874,0.1997228066,0.5593377347,0.6239966338,0.6358418498,0.4957679819,0.04872755232,0.3076701963,0.07205172936,0.4082238504,0.5943436355
347,1,1,1,1,1,0.2793268248,0.5925995906,0.7982573537,0.2446413877,0.6661428495,0.3321586693,0.335834521,0.1989641026,0.5590769339,0.6227037448,0.6359788618,0.4951081092,0.04902506371,0.3067626939,0.07198378794,0.4072830394,0.5970982872
347.5,1,1,1,1,1,0.2784453284,0.5950418647,0.7978122578,0.2451705957,0.666686256,0.3307641137,0.3359007169,0.1974360911,0.5580179522,0.6208355294,0.6357392356,0.494857963,0.04857851845,0.3083059963,0.07078658198,0.4094460805,0.5979252439
348,1,1,1,1,1,0.2785403639,0.5951209191,0.7995668752,0.2445085748,0.6658579939,0.3314453716,0.335375451,0.1969603034,0.5585155741,0.6214520583,0.6368171202,0.4953084735,0.0486164451,0.3106454173,0.07104408877,0.405769281,0.5984718902
348.5,1,1,1,1,1,0.2814282527,0.5961062161,0.7992311823,0.246341799,0.6652071453,0.3310842596,0.334510691,0.1972189662,0.5584575868,0.6208757562,0.6371775007,0.4987760324,0.04844225572,0.311460336,0.07179763094,0.4080635793,0.5999583393
349,1,1,1,1,1,0.2827276782,0.5940634127,0.7992929711,0.2462441929,0.665160078,0.3313410561,0.336012257,0.1992106337,0.558466518,0.6211218818,0.6396984971,0.4955821645,0.0485278469,0.3127795188,0.07362865864,0.4099491588,0.6008238868
349.5,1,1,1,1,1,0.2809761811,0.5951428118,0.7993326741,0.2460928651,0.6654521031,0.333397812,0.3330849408,0.1986974876,0.5585193711,0.6193607712,0.6385423265,0.4945554673,0.04866301262,0.3123793281,0.07357823426,0.4102285476,0.6003190825
350,1,1,1,1,1,0.2800611604,0.5935198156,0.7985022712,0.2449788243,0.6644298028,0.3352906067,0.3316971837,0.1983200317,0.5579046826,0.6192850644,0.6413677495,0.4964847111,0.0484182051,0.3139600486,0.07258232692,0.4108503585,0.5998667326
350.5,1,1,1,1,1,0.2798682721,0.5943696202,0.7977365044,0.245071327,0.6630720487,0.3344971989,0.3330134678,0.197973212,0.5545090213,0.6218532462,0.6402910989,0.4941675178,0.04875679981,0.3134013139,0.07233321064,0.4125934691,0.6001901997
351,1,1,1,1,1,0.280667727,0.5958102819,0.7986820219,0.2469147478,0.6618236472,0.3335106673,0.3330470036,0.1975786816,0.5554193571,0.6229679604,0.6406236649,0.4946144291,0.04968522038,0.3144887749,0.07201400468,0.4112877556,0.6001891051
351.5,1,1,1,1,1,0.2799855486,0.5959826502,0.7993913173,0.246948034,0.6643885099,0.3357793845,0.3350801846,0.1982349926,0.5541658102,0.6236511532,0.6399490112,0.4961638522,0.04946799671,0.3151816892,0.07218456305,0.4123721157,0.6016668569
352,1,1,1,1,1,0.2807591517,0.5959792477,0.8000407516,0.2480201229,0.6668374042,0.333735863,0.336347141,0.1971108482,0.55910744,0.6240375855,0.6410244519,0.4945879266,0.04929414965,0.3150630257,0.07201054569,0.412736062,0.6001108502
352.5,1,1,1,1,1,0.2820472105,0.5964066931,0.7999893661,0.2489946631,0.6685324372,0.3339898715,0.3370266966,0.1974885997,0.5579740782,0.6234566242,0.6400464034,0.494958746,0.049078381,0.3156882118,0.07305723184,0.4114612423,0.6005496288
353,1,1,1,1,1,0.2812918495,0.5937825275,0.7997031754,0.250547052,0.6675830539,0.3351796038,0.336458798,0.199423575,0.5583390178,0.6249904985,0.6384619326,0.4948645378,0.04893964037,0.3154193725,0.07230470755,0.4131260196,0.6034032189
353.5,1,1,1,1,1,0.2808705707,0.5965250917,0.8020713126,0.2490052183,0.6667029659,0.3358296851,0.336707241,0.2001436044,0.5575381505,0.6266105572,0.6380565758,0.4947924914,0.04896138369,0.3147702567,0.07231439618,0.4139521325,0.6028129342
354,1,1,1,1,1,0.2813921585,0.595454375,0.7999703713,0.2490048238,0.6671165099,0.3360711628,0.3353718599,0.2003328098,0.5593264382,0.6253920725,0.6377821442,0.49299634,0.04921087293,0.3174571457,0.07253568168,0.4105059214,0.6017365033
354.5,1,1,1,1,1,0.2784554606,0.5947347312,0.8007015326,0.2490127802,0.668546636,0.3345266671,0.3355366403,0.2004584467,0.5616746819,0.6258911924,0.6372602124,0.4948070245,0.04901619845,0.3193097375,0.0728412669,0.4120507845,0.5996002541
355,1,1,1,1,1,0.279326971,0.5933805523,0.8004017589,0.2480649067,0.6684565359,0.3334336436,0.3346112677,0.1987946866,0.5586645773,0.6248174695,0.6382859133,0.4952508064,0.04902170732,0.3180458917,0.07253349084,0.413838725,0.5998645431
355.5,1,1,1,1,1,0.2781518403,0.5972700865,0.802134856,0.2486997013,0.6665947368,0.3306051386,0.3337556021,0.2010971063,0.5599305048,0.6258749657,0.6365055183,0.4973206478,0.04930068961,0.3178262186,0.07250551164,0.4144275519,0.6022162392
356,1,1,1,1,1,0.2771394775,0.5976693347,0.8002033751,0.2506839121,0.6652495252,0.333835824,0.3363644308,0.2000234626,0.5599453414,0.6275278522,0.6383255645,0.4964735863,0.04968266951,0.3165150445,0.0727340199,0.4143754281,0.6056244739
356.5,1,1,1,1,1,0.279218471,0.5966146929,0.8017396585,0.2507708321,0.6661263023,0.3344175338,0.3375438373,0.2015341794,0.5603650763,0.6270878378,0.6367584308,0.4951041253,0.04941671735,0.3164438333,0.07317823781,0.4160052804,0.6045985395
357,1,1,1,1,1,0.2813175924,0.5931196096,0.8012509986,0.2521400983,0.6676874857,0.3346955009,0.3370841931,0.2019027068,0.5590934528,0.6262902772,0.6377200216,0.49810552,0.04919257427,0.3165018809,0.07328466,0.4144460944,0.6053427351
357.5,1,1,1,1,1,0.2844216605,0.5906450032,0.8009870477,0.2513633926,0.6638349655,0.3347744405,0.3376577043,0.2008449284,0.557955428,0.6304549547,0.6373832066,0.4978621032,0.04948159037,0.3165403595,0.07260794417,0.4143857678,0.6078599987
358,1,1,1,1,1,0.2856235148,0.5923745519,0.8000150015,0.2503115394,0.6634879707,0.3346278929,0.3370054637,0.2006750447,0.5584440445,0.6281725043,0.6360331033,0.494991615,0.0489711987,0.3138945648,0.07220523539,0.4144931207,0.6100660365
358.5,1,1,1,1,1,0.2868418222,0.5942134746,0.8010402809,0.2492828752,0.6638509061,0.333056237,0.3363841235,0.2004130341,0.5596571992,0.6268020575,0.6363872951,0.4948942578,0.048676375,0.3155650593,0.07204969167,0.4151570468,0.6122044786
359,1,1,1,1,1,0.2886052386,0.592955849,0.7994791783,0.2487332168,0.66373433,0.3337653756,0.3349501626,0.2010005773,0.5584453421,0.6252361597,0.6336749916,0.4989230874,0.04847800692,0.3175692793,0.07222355835,0.4113586982,0.6165742432
359.5,1,1,1,1,1,0.2862828622,0.5917294093,0.8003581107,0.2480362015,0.6623441107,0.3341187661,0.335914175,0.2004790868,0.5584906078,0.6280930526,0.6358486871,0.49946606,0.04850865836,0.3149909743,0.07198903333,0.4129677544,0.6154244092
360,1,1,1,1,1,0.2846471754,0.5924309423,0.7999275065,0.2479587255,0.6613917158,0.3333488889,0.3339866708,0.2009248586,0.5582234544,0.6280647821,0.6341391883,0.4996618063,0.04821016143,0.3161690991,0.0718682284,0.4131621409,0.6147473852
360.5,1,1,1,1,1,0.2867640041,0.5940718925,0.8012615383,0.2468429919,0.6604038281,0.3376365039,0.3363412701,0.1994510176,0.5564885045,0.6255221007,0.6332305875,0.4981264529,0.04794946595,0.3177008325,0.07224665308,0.4132714681,0.6138490025
361,1,1,1,1,1,0.2870119907,0.591857717,0.800021683,0.2471364599,0.662929632,0.3351913468,0.3378746544,0.1991265895,0.5549671078,0.6277641175,0.6345664386,0.4998827364,0.04818370951,0.317794667,0.0718825891,0.4149975864,0.612110744
361.5,1,1,1,1,1,0.2851735505,0.5913745136,0.7991938806,0.2471266363,0.6615013762,0.3344342672,0.3371296981,0.1993011689,0.5564829319,0.6259937507,0.6366816175,0.5024698235,0.04826682229,0.3149621077,0.07164484865,0.4165836776,0.6117313816
362,1,1,1,1,1,0.2859587751,0.5908539072,0.7989112283,0.2469221417,0.6632464309,0.3332723206,0.3371900455,0.1992671905,0.5547730251,0.6230321389,0.6375879408,0.5031980432,0.04804447041,0.3130734235,0.07154954163,0.413948405,0.6122938705
362.5,1,1,1,1,1,0.2871015082,0.5921277702,0.8000902433,0.2488131572,0.6632669442,0.3342219122,0.3386862601,0.2010582493,0.5559682387,0.6206459087,0.6385391422,0.5018347152,0.04818074846,0.3140366091,0.07182337851,0.4125319569,0.6111349724
363,1,1,1,1,1,0.290602625,0.5925174227,0.7992175348,0.2478578522,0.6640145018,0.3344730608,0.3374365071,0.2017803948,0.5572696302,0.6222784934,0.6400916918,0.4996710918,0.04763514766,0.3139617582,0.0717719557,0.4127060756,0.6132180075
363.5,1,1,1,1,1,0.2888032512,0.5952239703,0.7979378185,0.2491787713,0.6652315192,0.3341200071,0.3384884136,0.2019842376,0.5557191107,0.6258143109,0.64079825,0.4988430953,0.04794352844,0.3117056598,0.07199724601,0.4124203296,0.6128400027
364,1,1,1,1,1,0.2875971062,0.59492659,0.7983032413,0.249300626,0.6634909891,0.3353840646,0.3361211696,0.2009851331,0.5530681917,0.6243607104,0.641170152,0.4993929867,0.04805079756,0.3110359685,0.07115259057,0.4113233666,0.6117379846
364.5,1,1,1,1,1,0.2869100346,0.59453822,0.7985479505,0.2502614641,0.6646181455,0.337819764,0.3378299417,0.2008657404,0.5534006835,0.6245325799,0.6416312645,0.4993405334,0.04841887562,0.3115021837,0.07181018695,0.4102058214,0.6120276138
365,1,1,1,1,1,0.2835950035,0.5920167104,0.799360766,0.2502162688,0.6655377673,0.3385191984,0.3359615194,0.2015378359,0.5537843298,0.6275804662,0.6420905182,0.4980553186,0.04925017459,0.3115385895,0.07198972122,0.4108566767,0.6165332356
365.5,1,1,1,1,1,0.2841072044,0.5916521017,0.7988038945,0.2493310544,0.6650659975,0.3380207651,0.3374316971,0.2014039363,0.5557329033,0.6280343911,0.6414365784,0.4964466449,0.04909913329,0.3134019258,0.07155523152,0.4104323741,0.6162728022
366,1,1,1,1,1,0.2829797284,0.5927684196,0.7974911191,0.2496772419,0.6667054345,0.3405596705,0.34090445,0.2003106949,0.5531391157,0.6294226219,0.6393333644,0.494431804,0.04962819251,0.3147065285,0.07186457175,0.407217344,0.6168630994
366.5,1,1,1,1,1,0.2826075753,0.5932843301,0.8007149846,0.2500263667,0.6687852191,0.3411864881,0.3402005378,0.1986472575,0.5505188483,0.6292416863,0.6412420762,0.4942250142,0.04925749022,0.3149630031,0.07237316303,0.406819821,0.6167851465
367,1,1,1,1,1,0.2815200664,0.5932317956,0.7990952168,0.2496756711,0.6683081357,0.3378997383,0.3379016241,0.2002104961,0.5484482086,0.6303830516,0.6407108514,0.4947647576,0.0493208141,0.3175555235,0.07286530525,0.4062395767,0.6128322073
367.5,1,1,1,1,1,0.2822426647,0.5925841879,0.8001416593,0.2485742566,0.6671157812,0.3373634914,0.3369935281,0.2008257147,0.5495052906,0.6299031355,0.6414814791,0.4962596433,0.04902241152,0.3158846431,0.07264429273,0.4073480446,0.6123510742
368,1,1,1,1,1,0.2822267864,0.5928028556,0.7988173441,0.2464769465,0.6669874029,0.3357652613,0.3374287881,0.2005118145,0.5509566553,0.6271725191,0.6450366663,0.494735647,0.04833554188,0.3156516141,0.07223380287,0.4066331498,0.6111024987
368.5,1,1,1,1,1,0.2835972036,0.5926121839,0.7998690019,0.2470019677,0.6649463143,0.3354827296,0.3374179941,0.2003937316,0.5505409393,0.6284143332,0.6438599237,0.4940297892,0.04841751313,0.3134026831,0.07236498882,0.4023858954,0.6147278146
369,1,1,1,1,1,0.2829891184,0.59484371,0.7998418066,0.2468963328,0.6647803597,0.3338216183,0.3348894477,0.1997611223,0.5503862263,0.6263977604,0.6449241154,0.4939800352,0.04814979001,0.3153422862,0.07285287253,0.4012084108,0.6136400187
369.5,1,1,1,1,1,0.2842318033,0.5953609181,0.7987848324,0.2456265844,0.666188416,0.3343147337,0.3343940559,0.2004435341,0.5498148704,0.6257589283,0.6412712377,0.4952863038,0.04812037302,0.3134043336,0.07195623949,0.4027621489,0.6116793809
370,1,1,1,1,1,0.2836568476,0.5931087327,0.7991627556,0.2445806833,0.6639796858,0.3339541902,0.3352492927,0.2005815441,0.5486990263,0.6234305096,0.6428220472,0.4943199895,0.0487165033,0.313274024,0.07237036701,0.4017089674,0.613394141
370.5,1,1,1,1,1,0.283017624,0.5921475573,0.7997667782,0.2454909428,0.6648395444,0.3341504371,0.3353429225,0.1996623618,0.5476583517,0.6219117591,0.6433107285,0.4922707108,0.04821754466,0.3122249808,0.07305657294,0.4019195229,0.6118075829
371,1,1,1,1,1,0.2822120974,0.5931932566,0.8002237277,0.2453855141,0.664366793,0.3337733359,0.3345301296,0.1982788623,0.5506684286,0.6234303868,0.6457206757,0.4934383161,0.04880504621,0.312107126,0.07266291865,0.4007603865,0.6095685387
371.5,1,1,1,1,1,0.2823723012,0.5905604332,0.7982194181,0.2463907467,0.6611210369,0.3337886789,0.334530584,0.1977937471,0.5493341,0.624113978,0.6468733155,0.4939829865,0.04899688767,0.3136144448,0.07295910782,0.3995087838,0.6104616249
372,1,1,1,1,1,0.2820838195,0.5909655438,0.7986527137,0.2475611879,0.6632356888,0.3345665965,0.3363544433,0.198747792,0.5522265174,0.6258044185,0.645954729,0.4950869564,0.04933486031,0.316290629,0.0725574489,0.3986129496,0.6124705807
372.5,1,1,1,1,1,0.2806826079,0.5937064177,0.7982214903,0.2469556648,0.6619330602,0.3350645349,0.3368103342,0.1980438739,0.5509944847,0.6256169147,0.6451386643,0.4950049022,0.04931281262,0.3185116585,0.07262229156,0.4001486279,0.6113095315
373,1,1,1,1,1,0.2815969737,0.5961117457,0.7983915528,0.2461845529,0.6618985873,0.3365800997,0.3337938181,0.1988658918,0.5497679296,0.6260172281,0.6443837472,0.4969902387,0.04950628282,0.3185994983,0.07267933578,0.4017140198,0.6130329929
373.5,1,1,1,1,1,0.2831842697,0.5964174273,0.7990989471,0.2484231783,0.665257547,0.3341255076,0.3336306323,0.199666057,0.549904574,0.6235800523,0.6439609186,0.4948029492,0.04929222335,0.3178426849,0.07297354642,0.3998654609,0.6135001245
374,1,1,1,1,1,0.2839632153,0.5969376415,0.8000214625,0.2473189571,0.6644489492,0.3330205384,0.3341343214,0.1994414731,0.5493298126,0.622220731,0.6451128017,0.4971081466,0.04912013162,0.317347115,0.07283209362,0.4000673466,0.6140298255
374.5,1,1,1,1,1,0.282418594,0.5943571734,0.7998150681,0.2486205916,0.6646225665,0.3343333694,0.3345132182,0.2005236265,0.5545108965,0.622145857,0.6449583298,0.4961453424,0.04904967476,0.3176186249,0.07305499835,0.4015307387,0.6157874202
375,1,1,1,1,1,0.2835313524,0.5954535913,0.8016291772,0.2485805565,0.6649221336,0.3349105377,0.3324346443,0.2007926783,0.5528579591,0.6217797457,0.6445840874,0.4964605043,0.04921010142,0.3210776565,0.07297058093,0.3998468124,0.6115345738
375.5,1,1,1,1,1,0.2846718457,0.5965835077,0.7997980385,0.2499808634,0.6648507278,0.335078297,0.3328687008,0.201490292,0.5534913093,0.6232727463,0.6449066945,0.4971987646,0.04930718985,0.3219469632,0.07428273383,0.4002647532,0.6100948603
376,1,1,1,1,1,0.2855625122,0.5992129434,0.7997556422,0.2506859095,0.6631570467,0.3362560224,0.3345480597,0.2008253981,0.555008358,0.6218311292,0.6458788942,0.4969891708,0.04936808801,0.3226792195,0.07392004816,0.3985111933,0.6116107008
376.5,1,1,1,1,1,0.2839465437,0.5940515795,0.7980805704,0.2491891809,0.6642217649,0.3356399535,0.3335502571,0.2008267435,0.5535311554,0.6205460995,0.6437376068,0.4959809165,0.04963281302,0.3254660966,0.07438478681,0.3961894865,0.6120481049
377,1,1,1,1,1,0.2848443129,0.5939287036,0.7985133982,0.2485636526,0.6643457641,0.3351429936,0.3333715789,0.1997851107,0.5526668965,0.6197480533,0.6436588451,0.4941165718,0.04941165806,0.3238675976,0.07487854622,0.3964740595,0.6126150299
377.5,1,1,1,1,1,0.2846927757,0.5920682765,0.7983839737,0.2476836983,0.663669547,0.3372590092,0.3349897153,0.199331718,0.5515701376,0.618019096,0.6443400751,0.4942740508,0.04927682619,0.3239702207,0.07489083082,0.3960485671,0.6098503746
378,1,1,1,1,1,0.2826252798,0.5931137252,0.7986565098,0.2507566973,0.6652083268,0.335440181,0.3344055503,0.1991144287,0.5491241503,0.6161069443,0.6439335861,0.492209519,0.04926263774,0.3237159631,0.07536132211,0.3975159475,0.6088005114
378.5,1,1,1,1,1,0.2830390838,0.5941982526,0.7976209276,0.2505488643,0.6634435802,0.3355400119,0.3335481418,0.1994626522,0.5493190842,0.6190954668,0.6464482943,0.4922782006,0.04901204979,0.3207197112,0.07443095957,0.3974008018,0.6075801515
379,1,1,1,1,1,0.2808017919,0.5942355356,0.7989146006,0.2487127688,0.6634137166,0.3371234602,0.3328122912,0.2002655765,0.5484180401,0.6178498611,0.6483056702,0.4913322784,0.04905770526,0.3203106217,0.07419056606,0.3992924763,0.6078629586
379.5,1,1,1,1,1,0.2805436418,0.5955963884,0.7982747673,0.2496484645,0.6638251619,0.3378222131,0.3339863225,0.1995921113,0.5462014465,0.6207019655,0.6472381905,0.4912130879,0.04896163635,0.3189498268,0.07487538911,0.4002068957,0.6079858518
380,1,1,1,1,1,0.2807050295,0.5966930713,0.7992865241,0.2505492867,0.6651807193,0.3395761425,0.3351709322,0.198760856,0.5484291524,0.6188733935,0.648822916,0.492273886,0.04856356325,0.3179206083,0.07456330984,0.40242197,0.6091116077
380.5,1,1,1,1,1,0.2806876731,0.5966122408,0.7990848494,0.2500417797,0.6635599121,0.3394734094,0.3362255802,0.1985826131,0.5464637229,0.6197321106,0.6472349007,0.4924973401,0.04884347325,0.319582018,0.07436997036,0.4019401727,0.6117220359
381,1,1,1,1,1,0.2803075971,0.5954465792,0.7996385757,0.2490930689,0.6644732588,0.3409437881,0.3376761754,0.2006664368,0.5484832013,0.6221969821,0.645552045,0.4944083468,0.04828457732,0.3179100642,0.07411074195,0.4002732645,0.6129576715
381.5,1,1,1,1,1,0.2817529057,0.5958174005,0.7995691702,0.248718474,0.6634328653,0.3392421623,0.3372809833,0.200426371,0.5495799969,0.6212094408,0.6447925144,0.4946103467,0.04811156724,0.3167348044,0.07432042315,0.3994102383,0.6140401928
382,1,1,1,1,1,0.2833352463,0.5960832536,0.7993207253,0.2457374847,0.6650837772,0.3354851411,0.3356483264,0.2023991443,0.5456029577,0.6244706375,0.6445765471,0.4928768775,0.04782336182,0.3166988612,0.07446703607,0.4024261629,0.6155824744
382.5,1,1,1,1,1,0.2834181428,0.5949484413,0.7989532057,0.2452315457,0.6640011729,0.3365834573,0.336931809,0.2022281598,0.5470439084,0.6241693026,0.6434891992,0.494050296,0.04820006085,0.3168846646,0.074826127,0.4038353377,0.6131864934
383,1,1,1,1,1,0.2839788131,0.5937435147,0.7980211463,0.2452870192,0.6643286109,0.3346840202,0.33625598,0.2039251722,0.5476913612,0.6249056845,0.6447420432,0.4937029194,0.0480930041,0.3144447785,0.0747842434,0.4047887864,0.6132331913
383.5,1,1,1,1,1,0.2852979646,0.5937070018,0.7983397326,0.2484254145,0.666163246,0.3322205666,0.3335285292,0.2030936673,0.5488637285,0.6219179515,0.6449524564,0.4940499224,0.04857171513,0.3124299048,0.07470967863,0.4047803911,0.6136300929
384,1,1,1,1,1,0.2824973525,0.5917514781,0.7990750331,0.2467609345,0.666192892,0.3359313033,0.3350169133,0.2022926119,0.5505663077,0.6220054855,0.6445343501,0.4931123511,0.04832157708,0.3114614497,0.07463621945,0.4057864601,0.6135980093
384.5,1,1,1,1,1,0.2865757596,0.5919323598,0.7972523522,0.2484929712,0.665216518,0.3367015836,0.3328646959,0.2018930096,0.54964568,0.6209604212,0.6443101099,0.4914154762,0.04859648911,0.3114040659,0.07467647531,0.4064175679,0.6101618378
385,1,1,1,1,1,0.2838573057,0.591338753,0.7987201272,0.2476022964,0.6628403431,0.3354105208,0.3320304943,0.2005027176,0.5480325207,0.6225350772,0.6458997351,0.4939583672,0.04881106528,0.3111133134,0.0747251317,0.4051635092,0.6115682516
385.5,1,1,1,1,1,0.2838323503,0.5927082856,0.799289072,0.2453670638,0.6649400634,0.3339196427,0.3312425234,0.2002260354,0.546277234,0.6235265971,0.6431274703,0.4937043669,0.04929948635,0.3112939034,0.07414491892,0.4065890949,0.6119632877
386,1,1,1,1,1,0.28387435,0.593148133,0.7987345656,0.2438682309,0.6639528036,0.3342333,0.3330056443,0.1988999007,0.5458332749,0.6218717046,0.6464205473,0.4956234906,0.04973717563,0.310414239,0.07415828901,0.4077241315,0.6125038525
386.5,1,1,1,1,1,0.2837569185,0.591332109,0.7965544985,0.2462490743,0.6637707578,0.3361997724,0.3338229621,0.1995006638,0.5475252136,0.6207390511,0.6476144216,0.4953105612,0.04916278268,0.3078779751,0.073149333,0.409256888,0.61417687
387,1,1,1,1,1,0.2840546249,0.5927233972,0.7982940897,0.2460362308,0.6649587789,0.3332259569,0.3333453757,0.2000447913,0.5485099045,0.6223643669,0.645517369,0.4949303269,0.04868097895,0.3082799367,0.07324509686,0.4082997486,0.6176205744
387.5,1,1,1,1,1,0.2827427043,0.593679874,0.7997680153,0.2453929038,0.6652300567,0.332756837,0.3354975966,0.1987835824,0.5481959044,0.6215859451,0.6459807277,0.4939715686,0.04923129661,0.3080644216,0.07317149208,0.4110202809,0.6216272208
388,1,1,1,1,1,0.282276872,0.5938519219,0.8000625388,0.246708671,0.6663248406,0.3339543045,0.3369503224,0.1975649636,0.5438608268,0.6222068017,0.6457504353,0.4973390086,0.04904833433,0.3076770106,0.07285529818,0.410115571,0.6197398441
388.5,1,1,1,1,1,0.2805902948,0.5935635866,0.7988201255,0.2474083663,0.6669773076,0.3347978537,0.335269915,0.1982709507,0.541063361,0.6207576193,0.6452392751,0.4950395186,0.04933264228,0.3053985149,0.07290918412,0.4089627215,0.622117149
389,1,1,1,1,1,0.280162253,0.5922991547,0.7988831136,0.2484302272,0.6687241186,0.3355348516,0.3389887978,0.2000560784,0.5395320759,0.6200376857,0.6469493411,0.4928902579,0.04893599842,0.3062829933,0.07200025061,0.410036947,0.6215828233
389.5,1,1,1,1,1,0.2789208289,0.5935192396,0.7994828902,0.2498014924,0.6682920404,0.3347072722,0.3380134888,0.199214489,0.541526234,0.6210527242,0.6466582528,0.4941050566,0.04918874361,0.3071565966,0.0718212896,0.4103403225,0.6205085008
390,1,1,1,1,1,0.2785617683,0.5944810202,0.7980830916,0.2504273765,0.6677422969,0.3378907167,0.3376231887,0.1990228241,0.5418050735,0.6200361647,0.6460851697,0.4917800422,0.04896915908,0.3085814917,0.07050911827,0.407028287,0.6186093385
390.5,1,1,1,1,1,0.2778658542,0.5946343859,0.7970597462,0.2490501565,0.6653503044,0.3383933969,0.3376990197,0.2025615509,0.5435933514,0.6193763387,0.646237968,0.4925030286,0.04925042075,0.3087462456,0.07138201204,0.4060742385,0.6185450955
391,1,1,1,1,1,0.2784037147,0.5937687559,0.7990877559,0.2481410683,0.6654031318,0.339117274,0.3376078437,0.2005815838,0.5427393692,0.6183544619,0.64586849,0.4884059529,0.04906155433,0.3094590189,0.07170607897,0.4067252795,0.6182438338
391.5,1,1,1,1,1,0.2798225391,0.5931145126,0.800070763,0.2504511188,0.664598429,0.3403363516,0.3392565938,0.2008088579,0.5433318679,0.6176037118,0.6435334958,0.4929253662,0.04850785459,0.307995392,0.07233554219,0.405873111,0.6138768912
392,1,1,1,1,1,0.2801416328,0.5933416865,0.7993596722,0.2496591944,0.661792949,0.3393216664,0.3384822845,0.2006467931,0.5449292418,0.6174895129,0.6406460619,0.4945805712,0.0488288975,0.3069811347,0.07174078107,0.4069425861,0.6167155742
392.5,1,1,1,1,1,0.279989264,0.5928597428,0.7996070837,0.2490624583,0.663113239,0.3404196539,0.3389434433,0.1995896387,0.5457334939,0.6169266482,0.6417260134,0.4930611563,0.04855505425,0.3063607788,0.07128325681,0.4056187717,0.617859962
393,1,1,1,1,1,0.2812590609,0.5924213263,0.8002486526,0.2488710483,0.6641209143,0.3391302733,0.3371662594,0.1992703159,0.5457163885,0.6182280168,0.6433592421,0.4927506043,0.04859660538,0.3091114796,0.07186932537,0.4044980487,0.6195466419
393.5,1,1,1,1,1,0.2814450178,0.5947729741,0.7986620966,0.2494113591,0.6655685329,0.3355411742,0.3363690157,0.1999592808,0.54781085,0.6171325568,0.6419771464,0.4921974792,0.04836260664,0.310544224,0.07190275609,0.4051872901,0.6190943115
394,1,1,1,1,1,0.2808111056,0.5940244798,0.8007560917,0.2495637424,0.6640593125,0.3346371633,0.3341005475,0.2001193747,0.5483008757,0.6201519546,0.6402240838,0.4920743294,0.04789369613,0.3105207393,0.07203032608,0.4046779885,0.6164593343
394.5,1,1,1,1,1,0.2823344444,0.5949191089,0.8018387508,0.2486680828,0.6623349173,0.3349531371,0.3345715345,0.1985179955,0.5474010229,0.6193173058,0.6420633672,0.4915203591,0.04802478149,0.3108119375,0.07212699426,0.4044250195,0.6131931107
395,1,1,1,1,1,0.2812029846,0.5951560558,0.8012220262,0.2497853304,0.6639012936,0.3335149062,0.3363696298,0.2000587335,0.5463236667,0.6186352492,0.642864512,0.491753128,0.04848484896,0.3109413439,0.07255172237,0.405710055,0.6136262256
395.5,1,1,1,1,1,0.2790552322,0.5935948037,0.8011884252,0.2471841148,0.66442098,0.3343294585,0.3344293568,0.2010950316,0.5502373109,0.6158008751,0.6434377445,0.4899180686,0.0485838566,0.3087570665,0.0728032252,0.4050075684,0.6129667584
396,1,1,1,1,1,0.2781307349,0.5938636274,0.799763605,0.2470762567,0.6666518945,0.3369567311,0.3329137162,0.2005373804,0.5499693973,0.6196781481,0.6433883303,0.4911621605,0.04843074575,0.3069013625,0.07163747577,0.4017482703,0.6142598352
396.5,1,1,1,1,1,0.2803149235,0.5954504715,0.8003719961,0.247031943,0.6646758639,0.3370227146,0.3336141154,0.1997567853,0.5498562891,0.6232651147,0.6431659251,0.4931718606,0.04862181542,0.3077580545,0.07193976408,0.4028965577,0.6117460667
397,1,1,1,1,1,0.2829527356,0.5959077224,0.8001343494,0.2466635436,0.6644413736,0.3350289885,0.3345116386,0.198679386,0.5498277707,0.6236327857,0.6434096646,0.4920251475,0.04829870862,0.3086111023,0.07149202501,0.405201684,0.6121983168
397.5,1,1,1,1,1,0.280247463,0.5955834353,0.8018753725,0.2481265222,0.6632225606,0.3332721989,0.3352117191,0.1989464165,0.5481962096,0.6232993099,0.6438104588,0.4900810191,0.04843902515,0.3084663278,0.07213604434,0.4042107226,0.6110627447
398,1,1,1,1,1,0.2797280072,0.5954338821,0.8012689395,0.2479845702,0.6660517464,0.3325372242,0.3343389659,0.2002429886,0.5477175815,0.6254237505,0.6449605964,0.4919051262,0.04821885754,0.3099161334,0.07202068145,0.4065540587,0.614690134
398.5,1,1,1,1,1,0.2826644644,0.5982573343,0.8014912477,0.2468854239,0.6648950392,0.3342301077,0.3334956148,0.2002741846,0.5457843433,0.6238512475,0.6463117389,0.4906787846,0.04819993361,0.3095536966,0.07269438357,0.4051186865,0.6132747334
399,1,1,1,1,1,0.28486683,0.5947282325,0.79969481,0.2460573644,0.6647426091,0.3340894615,0.3336647398,0.2007983879,0.5488028563,0.6257919804,0.6462472588,0.4897552142,0.04846233289,0.3100545314,0.07278855239,0.4043559883,0.6127165429
399.5,1,1,1,1,1,0.2843013988,0.5970085822,0.8004282846,0.2475968461,0.6636597069,0.3355878465,0.3336792741,0.1989847455,0.5485771114,0.6269177943,0.6473143941,0.4884944337,0.04855493533,0.3105138477,0.0732837538,0.4035211636,0.6116891887
400,1,1,1,1,1,0.2833246375,0.5963942426,0.7996277462,0.2474893722,0.6645806687,0.3362184344,0.3343242819,0.197502214,0.5496868076,0.6269402306,0.6477764601,0.4880181358,0.04831923116,0.31304016,0.07307928124,0.4029122844,0.6098388318
400.5,1,1,1,1,1,0.2821512959,0.5933650725,0.7994452933,0.2486323177,0.6653128073,0.3368354658,0.3328739153,0.1968967873,0.550448206,0.6282632293,0.6469571625,0.4910025498,0.04802379994,0.3139507082,0.07369744799,0.4029270621,0.6097582981
401,1,1,1,1,1,0.2819279502,0.5927513019,0.7989397598,0.2475856737,0.6644374507,0.3364258134,0.3306778027,0.1976011619,0.5512638989,0.6276932295,0.6456074409,0.4916305248,0.04797285179,0.3138463502,0.07408240584,0.4029309968,0.6088631805
401.5,1,1,1,1,1,0.2811488037,0.5925750976,0.7990903823,0.2492998925,0.6640735019,0.3367823383,0.331187853,0.196115332,0.5513539104,0.6289653473,0.6464984303,0.492367747,0.04773664932,0.3158430161,0.07405841205,0.4064963282,0.611805851
402,1,1,1,1,1,0.2830468586,0.5933897578,0.8000240849,0.2482632507,0.6643831863,0.3344108441,0.3334545482,0.1963936353,0.5497001974,0.6278808464,0.6416992782,0.4933634169,0.04791721233,0.3171119309,0.07396966224,0.4065868523,0.6142096724
402.5,1,1,1,1,1,0.2802198547,0.5921317513,0.8002869115,0.2486090246,0.6636178458,0.3376752002,0.3349138521,0.197257418,0.548660508,0.6292109208,0.6435697387,0.4931105114,0.04828180472,0.3175962846,0.0741518219,0.4090234892,0.614232534
403,1,1,1,1,1,0.2813738361,0.593235705,0.799936821,0.2478601434,0.6652584892,0.3376756951,0.3379445091,0.1992467032,0.5510916048,0.6271299677,0.6429216741,0.4947398684,0.04813468791,0.314358812,0.07453063845,0.4079913302,0.6125500092
403.5,1,1,1,1,1,0.2809303032,0.5937899683,0.799706879,0.2481184428,0.6661824331,0.3378099465,0.3380624164,0.1990444776,0.5496278046,0.6269481096,0.6425522368,0.4944561415,0.04850555688,0.3124076021,0.07387569449,0.406205169,0.6133919242
404,1,1,1,1,1,0.281543408,0.5927732928,0.7994609646,0.2466892009,0.6651916575,0.3350001483,0.3382456313,0.1994326344,0.5500568194,0.6243137035,0.643515567,0.494638591,0.04815886557,0.3117951079,0.07393260296,0.4062004481,0.6138409387
404.5,1,1,1,1,1,0.2830974695,0.5959315389,0.7987800487,0.2456927841,0.6627354836,0.3343415806,0.3375533313,0.1998335673,0.5478008966,0.6242385281,0.6434769706,0.4954093876,0.04832081806,0.3099898209,0.07290794545,0.4064139941,0.6152711085
405,1,1,1,1,1,0.2807656759,0.5950401989,0.7988381104,0.2467402114,0.6640599052,0.3362075318,0.3387640235,0.2002214513,0.5472780032,0.6220600642,0.6440783147,0.4946006187,0.04862138661,0.3117532343,0.07244181437,0.4061663944,0.6154978631
405.5,1,1,1,1,1,0.2820335836,0.5950042337,0.7991153798,0.246690272,0.6646651647,0.3333643904,0.3410328691,0.2014677147,0.5452853933,0.6207770132,0.6467334723,0.4929703088,0.04861240278,0.3082055408,0.07278652933,0.4042145043,0.6152698056
406,1,1,1,1,1,0.284200838,0.5930596749,0.7985272296,0.246235976,0.6642453817,0.334719794,0.3411989476,0.2048950082,0.5501578691,0.6203203858,0.647863695,0.4923253298,0.04874210453,0.3072479867,0.07216264091,0.4046366156,0.61672405
406.5,1,1,1,1,1,0.2840492728,0.5903349758,0.799055518,0.246053143,0.6651747953,0.3351535029,0.3400925055,0.2037825923,0.5485493346,0.6184470669,0.6467356277,0.4944313191,0.04878341811,0.3099553885,0.07226859262,0.4040440458,0.61699813
407,1,1,1,1,1,0.283584798,0.5926015203,0.7997281696,0.2468131828,0.6643531072,0.3361816199,0.3406715203,0.2034429512,0.5487639419,0.6179095633,0.6485670881,0.4940605641,0.04859158963,0.3130289036,0.07235172605,0.4044529087,0.6145384931
407.5,1,1,1,1,1,0.2838082603,0.5930936149,0.7993541662,0.2480987374,0.6631920365,0.3356589409,0.3396550037,0.20250307,0.5467883047,0.6184744717,0.6487056216,0.4974669792,0.04861489116,0.3109009712,0.07179213367,0.4069464277,0.6148404512
408,1,1,1,1,1,0.2842638962,0.5913302916,0.799311939,0.2494168084,0.6646326062,0.3365311966,0.338996443,0.2014774141,0.5464147581,0.620231895,0.6490246879,0.4951271677,0.04812363406,0.3133997252,0.07215297253,0.4063131375,0.6172783203
408.5,1,1,1,1,1,0.2838546403,0.5905593686,0.8010509505,0.2501553716,0.664633664,0.3342050149,0.3394484596,0.2005776993,0.547955144,0.6206395359,0.6513173265,0.4953286818,0.04785562952,0.3116190843,0.07348848135,0.4055392692,0.6147026507
409,1,1,1,1,1,0.2830950669,0.5893499575,0.8012577888,0.2498042891,0.6631242693,0.3363875283,0.3388887474,0.1993311847,0.5453270626,0.6219751857,0.6530709471,0.4961452333,0.04794551318,0.3105044202,0.07336818185,0.4034489173,0.6142255573
409.5,1,1,1,1,1,0.2838221522,0.5918788892,0.7998697308,0.2487073898,0.665041934,0.3357707071,0.3397937064,0.1989822769,0.5435885011,0.618957511,0.6519630084,0.4963700769,0.04812336529,0.3111396305,0.07301135092,0.4024983351,0.6124525632
410,1,1,1,1,1,0.2814414755,0.5917786083,0.7990016793,0.2476667048,0.663891682,0.3361746453,0.3394201199,0.2005003972,0.5462256326,0.6198191655,0.652100586,0.4960900609,0.04806456126,0.3117236115,0.07356356066,0.4022673945,0.6121665808
410.5,1,1,1,1,1,0.2818836801,0.5952054215,0.7993641405,0.2449869357,0.6623467328,0.3355299456,0.3375055946,0.1994720137,0.5450415596,0.62055082,0.650986932,0.4963115911,0.04767998361,0.3122718008,0.073815601,0.4021236857,0.6125458618
411,1,1,1,1,1,0.2810845293,0.5943627403,0.7991077163,0.2472678943,0.6619642005,0.3350742128,0.3380224127,0.2002355539,0.5463883216,0.6200940712,0.6516315182,0.4980846971,0.04797682653,0.3119606805,0.07301277685,0.3995900265,0.6130339029
411.5,1,1,1,1,1,0.2814270892,0.5912846974,0.7991416548,0.2482136886,0.6630662495,0.3349705982,0.334742591,0.1998753298,0.547798069,0.6222542849,0.6508134397,0.5019598122,0.04862857583,0.3124349729,0.07364169772,0.401076183,0.6105579848
412,1,1,1,1,1,0.2806561384,0.5919736906,0.7997230422,0.2472970297,0.6620988029,0.3351263404,0.3348573608,0.1976512935,0.5460789805,0.6220723351,0.6505243468,0.5017794493,0.0489136965,0.3123059812,0.07415936391,0.4024665398,0.61128671
412.5,1,1,1,1,1,0.2821473327,0.5898763979,0.8016223641,0.2471507998,0.6619779029,0.3347379272,0.3364377148,0.198512193,0.5509734952,0.6232847591,0.6532754696,0.5027056745,0.0489825776,0.3129647877,0.07450878682,0.4015654667,0.6117256121
413,1,1,1,1,1,0.2808388187,0.592366233,0.8012457407,0.2477201057,0.6630156877,0.3316524274,0.337412679,0.2009014315,0.5521389206,0.6259816059,0.6532470407,0.5019598634,0.04881365142,0.3127433271,0.07456576981,0.402590198,0.612055475
413.5,1,1,1,1,1,0.2817322699,0.5940793843,0.8003198279,0.2498760339,0.6638887478,0.3327754579,0.3368444974,0.200720743,0.5529743074,0.625524866,0.6543105559,0.5023525742,0.04940160453,0.3120364913,0.0749959083,0.400885036,0.6138250839
414,1,1,1,1,1,0.2815704226,0.5927142695,0.799863082,0.2483747329,0.6644404671,0.3332071855,0.333703341,0.2004792212,0.5550198745,0.6221118702,0.6552969739,0.5016642912,0.04983883677,0.312087905,0.07496227958,0.4008287635,0.6115252638
414.5,1,1,1,1,1,0.2859222587,0.5939720611,0.7984045147,0.2503869478,0.6659117001,0.3357487422,0.3345163754,0.1991618041,0.556819611,0.624838523,0.6553997999,0.5011468767,0.04966957739,0.312576781,0.07451811041,0.3992050213,0.6105783512
415,1,1,1,1,1,0.2847920405,0.592110188,0.7997854636,0.2491487113,0.6650240569,0.3371304282,0.3343626504,0.1994409946,0.5569199789,0.626608853,0.6555324894,0.5034831654,0.04955794738,0.3132391539,0.07446059225,0.4012135954,0.610730885
415.5,1,1,1,1,1,0.2834876979,0.5925942936,0.7999045254,0.2489414503,0.6660199063,0.3360020429,0.3356806544,0.200767468,0.5544381222,0.6244554497,0.655704279,0.5024755845,0.04966321228,0.3125923729,0.0742556172,0.4015231391,0.6107689763
416,1,1,1,1,1,0.283109014,0.5932268498,0.8015547902,0.2480524268,0.6656279503,0.3374214602,0.3357253735,0.2002490855,0.5547615995,0.6282304867,0.6541927258,0.5023753045,0.04937260285,0.315162692,0.07415550491,0.4021939876,0.6083423519
416.5,1,1,1,1,1,0.282764529,0.5929270392,0.7998925026,0.2491939153,0.6632866781,0.338883769,0.3391619312,0.1998152025,0.5529580748,0.6277151192,0.6508988276,0.5021827373,0.05005413675,0.3166212329,0.07362460256,0.4029847538,0.608633476
417,1,1,1,1,1,0.2809026066,0.5890476095,0.7993146675,0.2503355504,0.6623818577,0.3373147643,0.3405238265,0.1986856522,0.5503948208,0.6256241977,0.6523764354,0.5016883032,0.04971196271,0.3156978355,0.07420156035,0.4025659944,0.6084555299
417.5,1,1,1,1,1,0.2816365373,0.5897107413,0.7979032875,0.2511014287,0.664010657,0.3378413028,0.3388533876,0.1988401568,0.5551610725,0.6241415322,0.6513155756,0.4976217692,0.04961787399,0.3161499196,0.07325887487,0.4034229946,0.6057151644
418,1,1,1,1,1,0.2841847725,0.5911235134,0.7983397411,0.2471253035,0.664810006,0.3377486495,0.3394040612,0.200161958,0.554312012,0.6248620234,0.6515146356,0.4990117289,0.04981678736,0.3210848692,0.07272756499,0.4003128028,0.6071109814
418.5,1,1,1,1,1,0.2833814475,0.5915320024,0.7979371381,0.2467291678,0.6662637812,0.337988439,0.3396239202,0.2012389851,0.5542348079,0.6269536911,0.6506402573,0.4998798643,0.04997207259,0.3201773564,0.07281761016,0.4052662585,0.6084967852
419,1,1,1,1,1,0.28087866,0.5931089729,0.8005107906,0.2464986975,0.666017624,0.3391611788,0.3359423084,0.2012358333,0.5507481194,0.6271903823,0.6488473508,0.5016462875,0.04963144342,0.3184745228,0.07290339508,0.4060918102,0.6090269495
419.5,1,1,1,1,1,0.281746,0.5954656288,0.8002686479,0.24859741,0.6655798382,0.3398052976,0.3387305779,0.1995749467,0.5493991946,0.6282757492,0.6487293987,0.4975327926,0.04903011571,0.3219320634,0.07322205755,0.4076222437,0.6092241658
420,1,1,1,1,1,0.2801819923,0.5938277601,0.799412728,0.2481603694,0.6636486028,0.3390355978,0.3372975742,0.2003308568,0.5499163074,0.6276420726,0.6472786376,0.4971723168,0.04888310248,0.3226576624,0.07409111666,0.406254344,0.6099376342
420.5,1,1,1,1,1,0.280167741,0.591902271,0.7998970217,0.2484886192,0.6628414227,0.3381247375,0.3364488529,0.1990735281,0.5492883028,0.6279561685,0.6456637354,0.4948264251,0.0491443227,0.3205175733,0.07433046878,0.4024077023,0.6107170127
421,1,1,1,1,1,0.2783044409,0.5904576479,0.7997182492,0.2475477413,0.6640626134,0.3372480834,0.334441902,0.1984955913,0.550656121,0.6263560073,0.645567102,0.4945976063,0.04862149518,0.3215654337,0.07431936096,0.4049862211,0.6126152155
421.5,1,1,1,1,1,0.2775752123,0.5905808201,0.8002682278,0.248524454,0.6623565434,0.3374722099,0.3330805809,0.1978180404,0.5538748653,0.6269233548,0.6457365556,0.4939100239,0.04891285403,0.3194471822,0.07371846422,0.4065555342,0.6114203229
422,1,1,1,1,1,0.2756251542,0.5923387357,0.7980294168,0.2465868517,0.6641321473,0.3370883398,0.3309268851,0.1993939036,0.556249179,0.6242331827,0.6473011641,0.4916891199,0.04904865701,0.3194131374,0.07305008069,0.4106328376,0.612670914
422.5,1,1,1,1,1,0.2788977921,0.5908597142,0.7979373525,0.24644197,0.6657967065,0.3358030451,0.3299543332,0.2007028156,0.5556398772,0.6245059167,0.643768263,0.4887663333,0.04864572425,0.3201782128,0.07327091611,0.4099474209,0.6156863341
423,1,1,1,1,1,0.2798818853,0.5923533001,0.7982116366,0.2450751451,0.6674239923,0.3366464574,0.3327145159,0.1975844631,0.5537868872,0.6216305115,0.6416582743,0.4889015238,0.04851833154,0.3180666012,0.07368760686,0.4090441912,0.6161668122
423.5,1,1,1,1,1,0.2794455886,0.5922168452,0.798161763,0.2462209781,0.6674574592,0.3363237165,0.3331079121,0.1965134705,0.5547430546,0.6199448892,0.6418252251,0.490196727,0.04829514664,0.3183611778,0.07386010599,0.4086545462,0.6175159269
424,1,1,1,1,1,0.2782915955,0.5926289168,0.7978507319,0.2453258411,0.6662095583,0.3361348094,0.3309585802,0.1979337611,0.557926956,0.6209890713,0.6429174607,0.4894713425,0.04820894748,0.3177267759,0.0743060218,0.4076423952,0.6151561988
424.5,1,1,1,1,1,0.2781541699,0.5947331145,0.7980510071,0.2467171012,0.6654426912,0.3341415531,0.3338779773,0.1980168947,0.5593051303,0.621324137,0.641954016,0.4906575163,0.04820644462,0.3167649517,0.07481918014,0.4067490792,0.6124486142
425,1,1,1,1,1,0.2798482748,0.5939420405,0.7993741137,0.2468019973,0.662452504,0.3332619154,0.3334092022,0.1981541982,0.5564623746,0.6224850688,0.6423083658,0.4940761363,0.04795608655,0.3174041525,0.07368358668,0.4061326863,0.6084573024
425.5,1,1,1,1,1,0.28065611,0.5973137067,0.7990901895,0.2462498631,0.6633918257,0.3307591884,0.3338366025,0.1985048974,0.5545301951,0.6236882989,0.6446422748,0.4951241467,0.04796146402,0.3171522677,0.07306702088,0.409564455,0.6096188378
426,1,1,1,1,1,0.2809318362,0.5964209932,0.7984625788,0.244965291,0.6618685237,0.3289622813,0.33243848,0.1981535548,0.5554143175,0.6237829253,0.6443689879,0.4953706681,0.04829484272,0.3144945292,0.0728218733,0.4076273868,0.6108365372
426.5,1,1,1,1,1,0.2806335331,0.5963619523,0.7983870348,0.2456899268,0.6592675282,0.330229111,0.332591248,0.1996946399,0.5571594732,0.6234016421,0.6450271315,0.4921346015,0.04837110042,0.3120717523,0.07231410922,0.408865888,0.6107910821
427,1,1,1,1,1,0.2816801846,0.5943929384,0.7980973393,0.2468650041,0.6603289915,0.3346939706,0.3334185867,0.2004100388,0.5584087189,0.623919136,0.6443924137,0.4891035097,0.04788053378,0.3108146401,0.071702684,0.4106580703,0.6135144615
427.5,1,1,1,1,1,0.2832826617,0.5952550864,0.7979842443,0.245924359,0.6626731766,0.3345685292,0.3361565471,0.2007907279,0.5590915816,0.6231971829,0.644458813,0.4909478628,0.04808638591,0.3099912742,0.07202951926,0.4118338312,0.611875951
428,1,1,1,1,1,0.2827263642,0.5952379874,0.7973473877,0.2479585607,0.6633609576,0.3351883896,0.3361547335,0.2009299575,0.5573963399,0.6229522771,0.6421589793,0.4881949261,0.04835840893,0.3109999061,0.07178091625,0.4092698651,0.6119650693
428.5,1,1,1,1,1,0.2788979098,0.5940810231,0.8001067209,0.2465943497,0.6639433765,0.3355414342,0.3355699243,0.2014654541,0.5540365135,0.6244842265,0.6410164557,0.4875918256,0.04840795315,0.3116734076,0.07197254341,0.4071877682,0.6136031008
429,1,1,1,1,1,0.2795595106,0.594133507,0.7990926861,0.2462068431,0.6635060985,0.3378707715,0.3374413296,0.2007252236,0.5567394469,0.6241905444,0.6403381488,0.4879123962,0.04826226532,0.3114361095,0.07229598841,0.4082743446,0.6147235043
429.5,1,1,1,1,1,0.2817496782,0.5902912802,0.7993135858,0.2452800015,0.6644142374,0.3362149685,0.3362089715,0.2019477495,0.5574261882,0.6254406369,0.6396258866,0.4909979123,0.047826636,0.3093455755,0.07164601117,0.406192442,0.6142108168
430,1,1,1,1,1,0.2800027113,0.5912303706,0.8000642415,0.2446366678,0.6640462732,0.3346466865,0.3363081258,0.2007069481,0.5554031391,0.6245879141,0.6394633113,0.4912017645,0.04791326571,0.3075916769,0.07128793733,0.4051081179,0.6137851907
430.5,1,1,1,1,1,0.2804887575,0.5892877734,0.7995483032,0.2446136735,0.6656622471,0.3328227444,0.3358511573,0.2018656441,0.5565602462,0.6263287774,0.6397460387,0.4915619196,0.04790765758,0.3075231602,0.0710782923,0.4024730183,0.6139944152
431,1,1,1,1,1,0.2806352696,0.5917048401,0.8021386533,0.2446029421,0.6654985028,0.3352298825,0.3360928894,0.2009066614,0.5570742601,0.6277113235,0.6408645235,0.4942715532,0.04806658191,0.3091433429,0.07171806573,0.403315883,0.6121119071
431.5,1,1,1,1,1,0.2822089145,0.5915177948,0.8004159499,0.2470396425,0.6646992212,0.3368174086,0.3340363221,0.2009644932,0.5545190056,0.6255019804,0.6408999767,0.4924356504,0.04783911652,0.3077115285,0.07167928538,0.402910964,0.6119551941
432,1,1,1,1,1,0.2828457482,0.5927130079,0.799340752,0.2472963024,0.6657786019,0.3354882378,0.3348761101,0.2009024211,0.554246095,0.6262021078,0.6394681359,0.4925036691,0.04831625059,0.3100075473,0.07159675482,0.4045763227,0.6105902292
432.5,1,1,1,1,1,0.2811265757,0.5910713344,0.8000855935,0.2474748211,0.6671825327,0.3319273546,0.3354448466,0.2010723982,0.5537533187,0.6247757003,0.6362007649,0.4922024927,0.04841148861,0.3079800616,0.07161903009,0.4039429801,0.6108039259
433,1,1,1,1,1,0.2814485266,0.5920406132,0.7986806899,0.2472487745,0.667860367,0.3358872188,0.3372843935,0.2019731401,0.5549252397,0.6271665788,0.6375721572,0.4942336192,0.04868537652,0.3075250966,0.07196889249,0.405125136,0.6101277627
433.5,1,1,1,1,1,0.279583846,0.5931866043,0.7992316951,0.248071269,0.6675554062,0.3379101243,0.3386342583,0.19968369,0.5534138892,0.6302426179,0.6396838018,0.4950203208,0.04808876392,0.3081652114,0.07182509432,0.4060708726,0.6094650532
434,1,1,1,1,1,0.2811664142,0.5934372141,0.7988165889,0.2495153322,0.6678553883,0.3388868368,0.3394707611,0.1998635621,0.5524946452,0.6268792687,0.6396660784,0.496231499,0.04800232825,0.3060936323,0.07132272753,0.4061689109,0.610275734
434.5,1,1,1,1,1,0.27939601,0.5918131463,0.798861787,0.2499196438,0.6680696614,0.338389206,0.338470654,0.2009247477,0.5531708703,0.6231534417,0.6386595596,0.4968902254,0.04863633747,0.3077461695,0.0713787212,0.4048317926,0.6095368359
435,1,1,1,1,1,0.2779812371,0.5933434852,0.7990145996,0.2514263461,0.6666302684,0.339680754,0.3368535075,0.2018792934,0.5542946459,0.6208781253,0.6374104384,0.4967914937,0.04838510612,0.3055350326,0.07199784768,0.40129105,0.6071313924
435.5,1,1,1,1,1,0.2785090955,0.5951015028,0.7973966338,0.2532736649,0.6668653632,0.3410335784,0.3362542889,0.2011708649,0.5547912607,0.6215833804,0.6387463942,0.4925030256,0.04913804819,0.3065628676,0.07243387319,0.4014581908,0.6086609202
436,1,1,1,1,1,0.2792895878,0.5949466925,0.7978397347,0.2511620961,0.667375409,0.3386578854,0.3383968679,0.199760177,0.5540382792,0.6211533786,0.6374603234,0.4930106582,0.04860702184,0.3068563106,0.07136354331,0.4008517848,0.6095539185
436.5,1,1,1,1,1,0.2804233777,0.5931457898,0.799177516,0.2494688255,0.6672134135,0.3366774166,0.3396835879,0.2009018812,0.5527174637,0.6196068919,0.638969394,0.4896827026,0.04895036778,0.3081626674,0.0716067667,0.3991780765,0.6081191668
437,1,1,1,1,1,0.2807850792,0.5954018386,0.7984833188,0.2478524076,0.6666182023,0.3393882784,0.3409480788,0.2009677367,0.5513781769,0.620700192,0.637807443,0.4900720271,0.04817270508,0.3073228821,0.07177593839,0.3963465551,0.6062296099
437.5,1,1,1,1,1,0.2819180156,0.5954035961,0.8002546592,0.2457286097,0.6664206611,0.3380544345,0.339846272,0.2003011309,0.5564199393,0.6193695809,0.636264782,0.4912217023,0.04841302701,0.3072585497,0.0714319354,0.3964352539,0.6076134959
438,1,1,1,1,1,0.2826674808,0.5920630438,0.8003726825,0.2434440745,0.6659765906,0.3369009834,0.3412726874,0.2003696247,0.5540323356,0.6212118063,0.6372346328,0.4943542551,0.04845994889,0.3079246905,0.07183696918,0.3980775337,0.6071241797
438.5,1,1,1,1,1,0.2855503631,0.5930864668,0.8009188666,0.2463160545,0.6641355416,0.3356199376,0.3400074999,0.2015570612,0.5543729189,0.6225546767,0.6353238116,0.4931483878,0.04832583072,0.3077224041,0.07216555961,0.3982240717,0.6054232365
439,1,1,1,1,1,0.2851158148,0.5916306681,0.8000691395,0.2488445773,0.6654705634,0.3341686247,0.3401451238,0.1994171166,0.5545706339,0.622466967,0.635449015,0.4983293803,0.04853678741,0.3086474368,0.07136854691,0.3978141962,0.6048084842
439.5,1,1,1,1,1,0.2852116272,0.590915045,0.800095709,0.2478817879,0.664763883,0.3355434695,0.3400403726,0.1994146958,0.5548756868,0.6212008816,0.635632659,0.4988317095,0.04837888606,0.3107333558,0.07156264531,0.3952525796,0.605538561
440,1,1,1,1,1,0.2842941655,0.5907300779,0.8000412781,0.2492253634,0.6646594555,0.3371012433,0.3380660413,0.1997998723,0.5533100053,0.6224929218,0.6354434058,0.4999593425,0.04825952512,0.3090090138,0.0723480945,0.394978865,0.6068827498
440.5,1,1,1,1,1,0.2832887633,0.592077659,0.8011232875,0.247621537,0.6647219632,0.3369772321,0.3356180892,0.1988410729,0.5517736565,0.6229250901,0.6349969481,0.5016532995,0.04870740089,0.3080733297,0.07155700636,0.3941524852,0.6071796276
441,1,1,1,1,1,0.2810455622,0.5909793048,0.8010323284,0.2457522533,0.6647174684,0.3361425694,0.3359121792,0.1996344377,0.5512949219,0.6235183808,0.6347550137,0.498517192,0.04842761724,0.3094489561,0.0714328513,0.3963009357,0.6067081804
441.5,1,1,1,1,1,0.2802121612,0.5924833329,0.8009846161,0.2474583243,0.6640059186,0.3359169362,0.3365192504,0.1999470136,0.5519271362,0.6212339425,0.6308973458,0.4975923661,0.04836848017,0.3102388522,0.07132829106,0.3947223381,0.6070475643
442,1,1,1,1,1,0.2803140231,0.5934459105,0.7994523138,0.2464740406,0.6643073998,0.3360355617,0.3360479984,0.1988955034,0.5554768338,0.6207267206,0.6341267637,0.4965676996,0.04868108556,0.3089141529,0.07202293609,0.3944122461,0.6061766474
442.5,1,1,1,1,1,0.282241493,0.5928913859,0.8003988802,0.2468830902,0.6642279181,0.3339576231,0.3344576079,0.1988090355,0.5545595674,0.618232152,0.6356946677,0.4938183178,0.0487869085,0.3073960616,0.07256905088,0.3934653767,0.6065342161
443,1,1,1,1,1,0.2836414227,0.593936643,0.7991384343,0.2464759981,0.666406897,0.335116667,0.3371462684,0.1992181601,0.5539440296,0.6179558027,0.6341898464,0.4913201377,0.04864197733,0.3051238931,0.07287057806,0.3926247236,0.6081508842
443.5,1,1,1,1,1,0.2823683412,0.5941047629,0.798845124,0.2465912042,0.664295043,0.3357133325,0.3382030689,0.200351124,0.5540089687,0.6174866906,0.633921896,0.4880578751,0.04890079943,0.3031943247,0.07203935819,0.3933283973,0.6076107508
444,1,1,1,1,1,0.2838740062,0.5934317794,0.7996554072,0.2483113181,0.6642210779,0.3358200623,0.3397365462,0.2006795091,0.5510834319,0.61966802,0.6326433157,0.4901301735,0.04869152037,0.3015203061,0.07211843298,0.3942371135,0.6092166606
444.5,1,1,1,1,1,0.2856877254,0.5972565345,0.7989428754,0.2487424815,0.666196711,0.3366494777,0.3370427616,0.1988565012,0.5479516523,0.6168864147,0.6319480627,0.4891812104,0.04827504455,0.302573317,0.07275447378,0.3964843357,0.612005003
445,1,1,1,1,1,0.2864571688,0.5951632345,0.7989940791,0.2501437048,0.6668872877,0.3362310142,0.3365290418,0.1997746067,0.5457929019,0.6160179889,0.6326337444,0.4894652368,0.04860694552,0.3032385544,0.07308722961,0.3986874079,0.6126836571
445.5,1,1,1,1,1,0.285322303,0.5926820683,0.7997374516,0.2494853036,0.6673309101,0.3351592589,0.338065165,0.2006885869,0.5464731343,0.6156105284,0.6339898751,0.4905856897,0.04856055716,0.3014900684,0.07301338819,0.3935873367,0.6144221501
446,1,1,1,1,1,0.2858905332,0.5937029057,0.7993422221,0.2486646964,0.666701993,0.3328963981,0.3365896822,0.1999439671,0.546654853,0.6140684034,0.6343450494,0.488034843,0.04818635919,0.3021732914,0.07281879794,0.3918346733,0.6116406455
446.5,1,1,1,1,1,0.2850921824,0.5930405834,0.799232944,0.247443086,0.6644249485,0.335709146,0.3362067581,0.2001354213,0.5488435642,0.6145876685,0.6372333129,0.4883603359,0.04807805281,0.2998467921,0.07220538718,0.3923490058,0.6140533366
447,1,1,1,1,1,0.2849080104,0.5973142918,0.7990726032,0.2468654283,0.6624187746,0.3351307496,0.3386033979,0.2000672743,0.548701142,0.6151215167,0.6364840319,0.489702202,0.04764596394,0.3010715822,0.07224672403,0.3932669625,0.6158948479
447.5,1,1,1,1,1,0.2846694197,0.5935013242,0.7992748148,0.2452421228,0.6637197085,0.3362370179,0.3372345625,0.1979218154,0.5495493542,0.614518662,0.635049658,0.4897175798,0.04746464386,0.2977551918,0.07205076087,0.3924059238,0.6183003736
448,1,1,1,1,1,0.2848536213,0.594078323,0.7995272093,0.2465574984,0.6608938082,0.3358735488,0.338517863,0.1960335777,0.546938814,0.6146491882,0.6343753538,0.4914198913,0.04757168289,0.3001489434,0.07234268294,0.3916257015,0.6158471634
448.5,1,1,1,1,1,0.2840498352,0.5952599516,0.8002235558,0.2471016884,0.6627672971,0.3340835288,0.3358925789,0.1968262864,0.5476888444,0.6120798275,0.6344829201,0.4896236829,0.04781848166,0.3000353,0.07250322237,0.3891906248,0.614004983
449,1,1,1,1,1,0.2845455881,0.5944091575,0.8001942927,0.247418464,0.663715406,0.3344355568,0.3338926995,0.1961458455,0.5473234956,0.6148312839,0.6349198484,0.4901886139,0.04768750554,0.3008807391,0.07197808288,0.3924218134,0.6159775754
449.5,1,1,1,1,1,0.2858823382,0.5911710384,0.7998443063,0.2487258984,0.6631606119,0.3350240291,0.3354360481,0.198696836,0.5474553848,0.6153084663,0.6351824203,0.4904069425,0.04809490479,0.3005066467,0.07103895323,0.3920464808,0.61763337
450,1,1,1,1,1,0.284566427,0.5914865843,0.7988706211,0.2459706353,0.6636474711,0.3346994792,0.3335369327,0.1988996862,0.5483277456,0.6168536168,0.637255576,0.4914626048,0.04793205038,0.3034496062,0.07092015986,0.3925449287,0.6153210452
450.5,1,1,1,1,1,0.2839068844,0.5918758275,0.7999165354,0.2481365632,0.6647356139,0.3335194448,0.3321778876,0.1984603555,0.5522908753,0.6178940913,0.6392201314,0.492294383,0.04815581529,0.3040141896,0.0707703989,0.3923136296,0.6159498247
451,1,1,1,1,1,0.2861451242,0.5906728185,0.7994237691,0.248215943,0.6635459684,0.3347422938,0.3311005023,0.2002499089,0.5531001776,0.6157843786,0.6391466318,0.4905581626,0.04839638012,0.305489352,0.07085309306,0.3893856446,0.6151463111
451.5,1,1,1,1,1,0.2862540177,0.5921759859,0.8013165481,0.2482669735,0.6662787541,0.3364204831,0.332701716,0.1984687164,0.5537552208,0.6152556528,0.6411419693,0.4921304321,0.04850157888,0.306343767,0.07150668199,0.3899518577,0.6150435414
452,1,1,1,1,1,0.2862446245,0.5916826215,0.8003164138,0.2475287421,0.6667727878,0.3375851418,0.3330494691,0.1974590746,0.5530090958,0.6156471046,0.6394437247,0.4924487512,0.04871270547,0.3058524513,0.07131296305,0.3883230386,0.6157895337
452.5,1,1,1,1,1,0.2863138723,0.5925351736,0.7992345873,0.2491967054,0.6657797294,0.3376887378,0.3340899514,0.1964212565,0.5513342431,0.6189127303,0.6369590879,0.49263973,0.04923989253,0.3080875642,0.07198968572,0.3890546271,0.6153746447
453,1,1,1,1,1,0.2860064415,0.5944361756,0.799154699,0.2466311351,0.664973283,0.3356496695,0.3340811103,0.1976860991,0.553594783,0.6180864425,0.6352558855,0.4954888362,0.04901924525,0.3086721071,0.07213769289,0.3906531963,0.6156763137
453.5,1,1,1,1,1,0.2842957269,0.5931694662,0.8009903167,0.2489324907,0.6636156915,0.3370671823,0.3338558143,0.1973626957,0.5539583038,0.6207156204,0.636258787,0.4973335199,0.04895321882,0.3099667137,0.07233392898,0.3880234761,0.6151447093
454,1,1,1,1,1,0.2854573093,0.5921153129,0.801408479,0.2475853818,0.6656130622,0.3362136845,0.3341723505,0.1997419735,0.5562804542,0.6207260693,0.6342905987,0.4981953822,0.0489439896,0.3080418882,0.07191656747,0.3895823695,0.61491112
454.5,1,1,1,1,1,0.2855365661,0.592576296,0.800875153,0.2471352725,0.6675834054,0.3379394252,0.336303815,0.2013150894,0.5544912307,0.6200190719,0.6312428523,0.4974325939,0.04872421735,0.3087398962,0.07235033443,0.3912599178,0.6158865955
455,1,1,1,1,1,0.2856426745,0.5925592185,0.7992203147,0.2473213242,0.6673944147,0.3367153609,0.3373506115,0.2016930692,0.5533448449,0.6187897454,0.6324657905,0.4962180666,0.04906710929,0.3089599822,0.07265914575,0.3913362717,0.6162918569
455.5,1,1,1,1,1,0.2854837606,0.593471588,0.8001698315,0.2495265672,0.667989295,0.335252217,0.3389511395,0.2010524706,0.5543817894,0.6196630721,0.6293999617,0.4966929697,0.04899515884,0.3103937034,0.07254211481,0.392184879,0.616137684
456,1,1,1,1,1,0.2834757965,0.5932638248,0.7997686306,0.249073824,0.6672406489,0.3352425063,0.3373874085,0.2001314156,0.5566573576,0.6190280136,0.6268040469,0.4936025909,0.04878663273,0.3107986452,0.07165171201,0.3934431633,0.6147258448
456.5,1,1,1,1,1,0.2846770305,0.5931218643,0.7986528883,0.2499275007,0.6677749086,0.3377448614,0.3348121483,0.2017581249,0.5554797741,0.6207402448,0.6284245694,0.4910250885,0.0486549417,0.3126921102,0.07255041741,0.3907803253,0.615820808
457,1,1,1,1,1,0.2847539145,0.5921459442,0.7994029177,0.2483044212,0.6690278052,0.337746667,0.3322922147,0.2004070719,0.5535452966,0.6200690996,0.6295322903,0.493245345,0.04870771627,0.3120027286,0.07193894556,0.3890695666,0.6120878809
457.5,1,1,1,1,1,0.2818725468,0.5905648453,0.8006535315,0.2482750705,0.6691236422,0.3368918169,0.3352314304,0.2018028052,0.5511817318,0.6184031586,0.6323639909,0.4939782135,0.04835845552,0.3099542051,0.07222201021,0.3911978383,0.6115529872
458,1,1,1,1,1,0.2836182862,0.5930346762,0.8003194752,0.2471183688,0.6692567372,0.3378836513,0.3364308895,0.2017399299,0.5527559553,0.6192430164,0.6317553452,0.4935127484,0.04808889974,0.3118967684,0.07267191885,0.3912150048,0.6098459054
458.5,1,1,1,1,1,0.2821518217,0.5925437993,0.8006157002,0.2467836847,0.6692237204,0.3364755596,0.3371604719,0.2003615612,0.551178367,0.617276237,0.6314335131,0.4963392979,0.04778666366,0.3104916553,0.07303269773,0.3925130094,0.6105100424
459,1,1,1,1,1,0.2810172904,0.5945568636,0.8012838334,0.247867426,0.6679191524,0.3375493245,0.3417258223,0.2004242837,0.5510151234,0.6215736709,0.6327956464,0.4947367483,0.04861169528,0.3112648488,0.07263166016,0.3904677897,0.6093419614
459.5,1,1,1,1,1,0.2806384455,0.593885646,0.8016104099,0.2472383492,0.6699597044,0.3376299846,0.3422072883,0.2009690413,0.5505160854,0.618818711,0.6351836862,0.4935471559,0.04886462202,0.3114252127,0.07271618863,0.3891048946,0.6091173418
460,1,1,1,1,1,0.2796698245,0.5934594452,0.8022674803,0.2501976595,0.6674678887,0.3366932548,0.3412192987,0.2030251702,0.5512198063,0.6198790771,0.6371881017,0.492428376,0.04926292683,0.30997809,0.07253478481,0.3859860606,0.6083411984
460.5,1,1,1,1,1,0.2808848372,0.5911031184,0.8026091936,0.2489275538,0.666493704,0.3373982308,0.3395712486,0.2023807484,0.5525576388,0.6206570139,0.6387751365,0.4915049844,0.04899420513,0.3094304522,0.07318722412,0.3863579226,0.6091199413
461,1,1,1,1,1,0.2838718244,0.5917889928,0.8011556045,0.2484977484,0.6671215315,0.3374339584,0.3399881859,0.2032790079,0.5562885246,0.6250182431,0.6414434959,0.4918677287,0.04909270689,0.3105879376,0.07303495084,0.3890744907,0.612249265
461.5,1,1,1,1,1,0.2825473286,0.5927191158,0.8008034564,0.2502191761,0.6670769107,0.3373352788,0.33735813,0.2045620267,0.5551292296,0.6269850769,0.6417228362,0.4934050157,0.04894982,0.3087434537,0.07282910664,0.3892830811,0.611098861
462,1,1,1,1,1,0.2809342764,0.5961151269,0.8005934135,0.2488763883,0.6663157026,0.3371937677,0.3364203096,0.2045230406,0.5546709386,0.6268886923,0.6422083085,0.4951264054,0.0486216404,0.3091129914,0.07238959348,0.3877627985,0.6107404731
462.5,1,1,1,1,1,0.2835027825,0.5964999448,0.8016099557,0.2504428382,0.6662659154,0.3371620494,0.3381061547,0.2041670628,0.5529078561,0.6268829342,0.6421502147,0.4908588938,0.04849700786,0.3089525614,0.07183920437,0.3855345732,0.6103222994
463,1,1,1,1,1,0.281827538,0.5951847602,0.8016412114,0.2470217882,0.6660599201,0.3390551232,0.338844297,0.2029028343,0.5526093859,0.6267460767,0.6429520862,0.4900881297,0.04845940113,0.3105817244,0.07178515603,0.3856967367,0.6084692949
463.5,1,1,1,1,1,0.2786370439,0.5965398532,0.8020514439,0.2462504214,0.6666854932,0.340683572,0.3394895906,0.2032608415,0.5506002326,0.6222973108,0.6447325821,0.489956308,0.04828420531,0.3097244615,0.07198655175,0.3847427585,0.6086116948
464,1,1,1,1,1,0.2774771484,0.5952403492,0.8003170874,0.24636738,0.6652805578,0.3364384241,0.3375305361,0.2017998805,0.5496445598,0.6218337191,0.6432699677,0.4896424034,0.04827455462,0.3107377458,0.07256700723,0.3854380283,0.6081680209
464.5,1,1,1,1,1,0.2766342012,0.5926393905,0.8008807215,0.2462346272,0.6632159488,0.3375397127,0.3384352988,0.2029394859,0.5500943444,0.6215411266,0.6432816853,0.4878286037,0.04833654431,0.308704268,0.07298271707,0.3843659549,0.6076327725
465,1,1,1,1,1,0.2759539203,0.5913293281,0.8001641477,0.2463836975,0.6611098123,0.3367936438,0.3408854473,0.2027330534,0.5474703267,0.6209607136,0.6413467192,0.4868686375,0.04914267715,0.3081277373,0.07373038397,0.3831965787,0.6073111232
465.5,1,1,1,1,1,0.276994275,0.591136733,0.7993293143,0.246403517,0.6629384709,0.334096658,0.3400094012,0.2002254143,0.5486483874,0.6220732539,0.6386666824,0.4891828063,0.04913791303,0.308932594,0.07272462928,0.3809673647,0.6078041195
466,1,1,1,1,1,0.2793772268,0.5930899688,0.8001536159,0.2450952948,0.662997854,0.3339502076,0.3394882932,0.1984021284,0.5492170771,0.6229030367,0.6385750367,0.4907754697,0.04869702714,0.3092330201,0.07254347118,0.3808055579,0.607943329
466.5,1,1,1,1,1,0.2796624779,0.595560182,0.7983857285,0.2478865936,0.6615897572,0.3337646016,0.3385391913,0.1989690312,0.5484913633,0.624376041,0.6403559906,0.4905405453,0.04879694009,0.3103725267,0.0722040293,0.3807259463,0.6052924419
467,1,1,1,1,1,0.2818661191,0.5930691586,0.7975218681,0.249430416,0.6631022836,0.334751883,0.3385098507,0.1994697774,0.5494077322,0.6256359742,0.6422205697,0.4915153755,0.04876625496,0.3116363931,0.07204246756,0.3834722325,0.6063022998
467.5,1,1,1,1,1,0.2834427309,0.5915984291,0.7988983953,0.2507112728,0.6656353851,0.3355241363,0.3356251763,0.1996884978,0.5494843997,0.6249896365,0.6425772723,0.4926024994,0.04892120979,0.310026939,0.07211150575,0.3844333508,0.6075799745
468,1,1,1,1,1,0.2828999838,0.5924241899,0.7999662424,0.2495367891,0.6655761999,0.3351376636,0.3343721166,0.2006405008,0.5497122024,0.6247370366,0.6415978897,0.4894134156,0.04828859721,0.3096195053,0.07210378731,0.3865257614,0.607445735
468.5,1,1,1,1,1,0.2815909497,0.5921095648,0.799572372,0.2509497986,0.6667128868,0.3371789398,0.3343736821,0.1983817467,0.5492315823,0.6265444088,0.6412817149,0.4903979439,0.04835486492,0.3090120979,0.07197264733,0.3875674466,0.6070307906
469,1,1,1,1,1,0.2814653411,0.59320346,0.8003925815,0.2503014297,0.6683453303,0.3371529392,0.3347852301,0.197127754,0.5482762877,0.6242895035,0.6418231512,0.4896409504,0.04803632119,0.3072443359,0.07160818841,0.3841505011,0.6063138395
469.5,1,1,1,1,1,0.2822483664,0.5909573523,0.8004086591,0.2492905108,0.6694003438,0.3372372517,0.3348015611,0.1985527,0.5484893466,0.6244097026,0.6419316743,0.4910714939,0.04833442215,0.3071790818,0.07212409402,0.3834800754,0.6078747455
470,1,1,1,1,1,0.2819905437,0.5906614035,0.7990814206,0.2509564113,0.6666013932,0.3384059534,0.3394982625,0.2009582709,0.5468718793,0.6233118108,0.6400748818,0.4943064186,0.04853290011,0.3084578082,0.07156723938,0.3834829566,0.6096831542
470.5,1,1,1,1,1,0.2819624201,0.5917655352,0.7983984568,0.2490031539,0.6654663755,0.3389972011,0.3406090857,0.2005450411,0.5458449136,0.6268773602,0.6386897778,0.4977128154,0.04834784043,0.3092832651,0.07173308186,0.3844078846,0.6136094019
471,1,1,1,1,1,0.281440282,0.5941216255,0.7962089033,0.2482524209,0.6677693843,0.3345951681,0.341930914,0.2016531843,0.5491055188,0.6279768016,0.6394206321,0.4956199705,0.04814469193,0.3103919666,0.07249014811,0.3806535063,0.6159412737
471.5,1,1,1,1,1,0.2831851201,0.5937506177,0.7964807906,0.248145079,0.6678267754,0.3318656753,0.3393626054,0.2006418473,0.5502185021,0.6273779762,0.6394372125,0.4946276852,0.04816996169,0.3129691388,0.07224352395,0.3820571739,0.6164890808
472,1,1,1,1,1,0.2820565567,0.5907742511,0.7982520871,0.2484532588,0.6672225228,0.332216872,0.3372612735,0.2039990824,0.5501490327,0.6270450938,0.6394945134,0.4981451829,0.04782337288,0.3138011561,0.07264532555,0.3820144979,0.6167902837
472.5,1,1,1,1,1,0.2853776316,0.5915639466,0.797554545,0.2469790537,0.6659167972,0.3355151292,0.3390145334,0.2031626896,0.5473428618,0.6288521152,0.6395175313,0.499856737,0.04783425324,0.3146812024,0.0727380878,0.3827385619,0.6189635237
473,1,1,1,1,1,0.2858299616,0.5915408135,0.7962272838,0.2469150995,0.6677444208,0.333932288,0.3379955415,0.2018678355,0.5486864865,0.6290124566,0.6384080843,0.5000581012,0.04841059706,0.3146750016,0.07128203844,0.3818277019,0.6179927828
473.5,1,1,1,1,1,0.2828711391,0.5908137249,0.7980913778,0.2476631036,0.6661316392,0.3334504181,0.3391288164,0.2010303052,0.549606195,0.6268828151,0.6351213098,0.498795112,0.04796237582,0.3128290495,0.07212282315,0.3833683898,0.6167797596
474,1,1,1,1,1,0.2836575019,0.5929232398,0.799831804,0.2477255108,0.6655155179,0.3342177641,0.3385234743,0.2024787651,0.550123808,0.6294959881,0.6353019558,0.4997195645,0.04802152869,0.3103135503,0.07162640325,0.3854337958,0.615606227
474.5,1,1,1,1,1,0.2843268983,0.5932877434,0.800402586,0.2485245686,0.666261083,0.334636152,0.3377354,0.2006933867,0.5486137037,0.6294515614,0.6352805343,0.4992843353,0.04830147234,0.3108199094,0.07220144375,0.3858394946,0.6140588541
475,1,1,1,1,1,0.2843339897,0.5946266272,0.8018850279,0.2488082788,0.6661071503,0.334649111,0.3354869089,0.1987435271,0.5507956679,0.625885763,0.6367032401,0.4988672525,0.04835651757,0.3078194692,0.07117577114,0.3821483907,0.6140334359
475.5,1,1,1,1,1,0.2856460524,0.5925356769,0.7995794538,0.2500825655,0.6667065602,0.3342834199,0.3348402348,0.197531714,0.548756762,0.6251546866,0.6385167676,0.4983520261,0.04887050472,0.3081877297,0.07076976095,0.3831189189,0.612978574
476,1,1,1,1,1,0.2874182677,0.5918463089,0.7986230743,0.2496724125,0.6652492368,0.3329578362,0.3359681672,0.1975689101,0.551691775,0.6259418722,0.6384731113,0.497650965,0.04885623889,0.3097236354,0.0711964511,0.382824355,0.6103335003
476.5,1,1,1,1,1,0.2858388239,0.5905462265,0.7991005507,0.2479910831,0.6688237745,0.3341261726,0.3355012608,0.1981009447,0.5544660886,0.6232623742,0.6379623155,0.4990325406,0.04915585316,0.3104291645,0.07167917396,0.3847473368,0.6081450977
477,1,1,1,1,1,0.2854662709,0.5920439632,0.7996543158,0.2474799056,0.6671616389,0.3357159441,0.334795635,0.1985029402,0.5569479269,0.6242478834,0.6381106598,0.5008473986,0.04862585234,0.3116580726,0.07211834541,0.3844724106,0.6040530905
477.5,1,1,1,1,1,0.2861410739,0.5931037917,0.8000870007,0.2473885874,0.6634442287,0.3376300701,0.3344599533,0.1976442343,0.5564094286,0.6244535839,0.6402372341,0.5020395741,0.04902191735,0.3116145266,0.07240751987,0.3857508682,0.6038971696
478,1,1,1,1,1,0.2862216177,0.5937465343,0.8010548924,0.2475000903,0.6657621874,0.3361441966,0.3328617916,0.1988626788,0.5549131394,0.6261195174,0.643324518,0.5024532347,0.04917280654,0.3142834527,0.07211988285,0.387047398,0.6036097105
478.5,1,1,1,1,1,0.286152792,0.5926151782,0.7999868871,0.2467723392,0.6657677654,0.3342784569,0.3327593554,0.1999263536,0.5566072766,0.6284770164,0.6418545415,0.5035639646,0.0491809673,0.3150915113,0.07311975568,0.3862382781,0.6040934842
479,1,1,1,1,1,0.2876065491,0.594192236,0.7990807304,0.2454812368,0.6626704205,0.334849856,0.3338867664,0.1984892032,0.5574766165,0.6296833865,0.6420065208,0.5051849662,0.04896365362,0.313144977,0.07337376976,0.3830194364,0.6067258682
479.5,1,1,1,1,1,0.2870612253,0.5909136563,0.8014440907,0.2478132373,0.6629311847,0.3352304994,0.3338771714,0.1978306609,0.5566499583,0.629679229,0.6405994459,0.5070238737,0.04882610372,0.3162053569,0.07335239626,0.383012685,0.6082596091
480,1,1,1,1,1,0.2857082771,0.5930122498,0.7995365759,0.2477261701,0.6646567448,0.3328527313,0.3352415726,0.1978138441,0.555962753,0.6273544091,0.6431859875,0.5032483726,0.04923154641,0.3143369747,0.07345123926,0.3849460153,0.606987925
480.5,1,1,1,1,1,0.2825771268,0.5926569829,0.7999498183,0.2493432479,0.6683200666,0.334758883,0.3351804493,0.1990011788,0.5517612658,0.6275843716,0.6414188009,0.5036471441,0.04899450222,0.3153433498,0.0728353211,0.3860754866,0.6074639163
481,1,1,1,1,1,0.2834767619,0.5951331846,0.7992726755,0.2495348934,0.668090938,0.334113955,0.3340916107,0.2002525968,0.5518128932,0.6261583143,0.6401910812,0.5040017315,0.04905001669,0.312912413,0.07277359702,0.3873937776,0.606119535
481.5,1,1,1,1,1,0.2838382628,0.5945226851,0.8003468131,0.2498423942,0.6680496192,0.3353913118,0.3338618481,0.201076106,0.5547269056,0.6281764735,0.6375923208,0.5046375148,0.04918492779,0.3119489636,0.07199857391,0.387897582,0.6064281784
482,1,1,1,1,1,0.2828562707,0.5929761795,0.8003340813,0.2486843463,0.6678497145,0.3369322218,0.3358359924,0.200478955,0.5544139679,0.6271390187,0.6401558552,0.5013833171,0.04940002935,0.3139326921,0.07248368455,0.3884010283,0.608444449
482.5,1,1,1,1,1,0.2812940388,0.5929281265,0.7987742938,0.2512646155,0.6646662601,0.338220389,0.336779668,0.1994560123,0.5531429222,0.6264342561,0.6382123754,0.5010620641,0.04962055292,0.3144020292,0.07217510434,0.3887028387,0.6110218474
483,1,1,1,1,1,0.2798184138,0.5910587262,0.7989642531,0.2493855718,0.6639150208,0.3351918032,0.3375574471,0.1970232193,0.5519917261,0.6268793541,0.6357492056,0.502604853,0.04932828364,0.3136689466,0.07318893831,0.3885590269,0.6103612983
483.5,1,1,1,1,1,0.2820647339,0.5907493353,0.7981597399,0.2487563594,0.663085131,0.3357915313,0.3384609189,0.1968894986,0.5512637596,0.6269815898,0.6358743193,0.5028253832,0.04907233182,0.3162138356,0.07326856536,0.3887257446,0.6106519658
484,1,1,1,1,1,0.2815982911,0.5913796333,0.7982973229,0.2482384145,0.6639828215,0.3365454475,0.3382609506,0.1985639525,0.5495645031,0.6263691819,0.6363717248,0.4994841338,0.0489389071,0.3160078618,0.07409820107,0.3867279123,0.6079441487
484.5,1,1,1,1,1,0.2821297477,0.5915157317,0.7989981649,0.2473736948,0.6650472246,0.3353887924,0.3380168037,0.1986138741,0.5497428681,0.6240055732,0.6356841441,0.5005800589,0.04937596214,0.3152952402,0.07447844748,0.3879569907,0.609177135
485,1,1,1,1,1,0.2812527755,0.5923553347,0.7982023823,0.2469966219,0.6658038719,0.3333925694,0.3377289027,0.197338037,0.5489336948,0.6203437455,0.6345988965,0.5000366999,0.04952662409,0.317927164,0.07480520463,0.3872762774,0.6099670059
485.5,1,1,1,1,1,0.2807211615,0.5936985198,0.7989913651,0.2471013159,0.6649591032,0.3309523619,0.3368901824,0.1977449811,0.5478263287,0.6208140227,0.6339209677,0.4965901223,0.04924548734,0.3178735061,0.07414345111,0.3864902856,0.6087391627
486,1,1,1,1,1,0.2812803236,0.5938917094,0.7995987833,0.2491749844,0.6651932023,0.3320560715,0.3350641493,0.1978562422,0.547653234,0.6193164804,0.6302892514,0.4969568855,0.04882169144,0.3158800438,0.07444470079,0.3868969986,0.6083221547
486.5,1,1,1,1,1,0.282761871,0.5917004368,0.798977751,0.2492074149,0.6648810525,0.3326626099,0.3341815425,0.1981916188,0.5499207238,0.6179023186,0.6293793301,0.4957892576,0.04885512573,0.3161572115,0.07448697716,0.3896701798,0.6088565023
487,1,1,1,1,1,0.2808186954,0.5934083615,0.7992596196,0.2471545836,0.6652679644,0.3348351662,0.333020422,0.1999422163,0.55137011,0.6202668794,0.6291287158,0.4934487706,0.04897389196,0.315764474,0.07411797412,0.3920423959,0.607695692
487.5,1,1,1,1,1,0.2793253701,0.5933270112,0.7989717706,0.245882402,0.6632993592,0.3355549701,0.3332042623,0.1999860283,0.5526653462,0.6208626355,0.6305319132,0.4938820364,0.04921661114,0.3139033278,0.07434465524,0.3922346504,0.6079560457
488,1,1,1,1,1,0.2797903839,0.5931313109,0.7980572618,0.2451138229,0.6662684668,0.3355394807,0.3364028962,0.1990302205,0.5529660024,0.6233853278,0.632381361,0.4930860479,0.04954506208,0.3133722479,0.0747082735,0.3957606176,0.6077990066
488.5,1,1,1,1,1,0.2793276072,0.5928782059,0.7971735506,0.2475570786,0.6666691509,0.3346799913,0.3366838785,0.2001671138,0.5540120574,0.6233703374,0.6350144506,0.4878252415,0.04921455701,0.3133504732,0.07434796658,0.3953560546,0.6066496885
489,1,1,1,1,1,0.2792169057,0.5910200093,0.7966162918,0.2490794623,0.6681389783,0.3391689985,0.3373948326,0.2008166017,0.5521190181,0.625341113,0.6375060548,0.487457106,0.0489197097,0.3110300632,0.07452386758,0.3954982373,0.609378491
489.5,1,1,1,1,1,0.2801204148,0.5936537976,0.7985171558,0.2489178053,0.6658205813,0.3405446846,0.3384912966,0.200860682,0.5517452799,0.6263694496,0.6371485194,0.4875418606,0.04831345248,0.3136863385,0.07416922019,0.3974913926,0.6101504353
490,1,1,1,1,1,0.2790946503,0.5921116906,0.7993940521,0.248044009,0.6688769271,0.3404237872,0.3385960752,0.2007493311,0.5499993867,0.6260187087,0.6354160573,0.4914361783,0.04833505654,0.3145990647,0.07382214541,0.3963201234,0.6108227507
490.5,1,1,1,1,1,0.2805596203,0.5922581437,0.7989653693,0.2498811018,0.6688101484,0.3417463246,0.3344779894,0.201323523,0.5511679692,0.6257448568,0.6327123995,0.4933994438,0.04873064252,0.3153663875,0.07328021068,0.3949910949,0.6096338281
491,1,1,1,1,1,0.2809638929,0.5907435435,0.8007473671,0.2489706517,0.666289076,0.3408171067,0.3364656091,0.201643497,0.5526025223,0.6240555338,0.6341044883,0.4923383961,0.04860524188,0.3135393497,0.07305057524,0.3960730443,0.6143274403
491.5,1,1,1,1,1,0.2800034383,0.5929543568,0.8009431706,0.2483729021,0.6667292941,0.337570931,0.3336260009,0.2000701052,0.5510722696,0.6255676758,0.6356199702,0.492613997,0.04844050672,0.3125568631,0.07278319699,0.398504422,0.6135358458
492,1,1,1,1,1,0.2840169492,0.5919183971,0.8002724186,0.2474163785,0.6634456824,0.3371217315,0.3342892778,0.2012402032,0.5495680191,0.6259966999,0.6358461526,0.4942459852,0.04831820486,0.3129783285,0.07249401888,0.3975107571,0.6119183949
492.5,1,1,1,1,1,0.2829341354,0.59361795,0.8000760406,0.2486470646,0.6656797588,0.3362305993,0.3331765874,0.2003952037,0.549386633,0.6286828889,0.6371277718,0.4922974695,0.04829454081,0.3142444861,0.07244337571,0.3946907851,0.6135958344
493,1,1,1,1,1,0.2835360809,0.5933589058,0.800487229,0.2487629454,0.6646711558,0.3374714491,0.333226192,0.1993581906,0.5496760665,0.6286131039,0.6358987447,0.4917325354,0.04837935022,0.3132123665,0.07260477957,0.3967340313,0.6126874731
493.5,1,1,1,1,1,0.2829714731,0.5928268204,0.8002094153,0.2479238547,0.6643451845,0.333800332,0.3355513797,0.1995524781,0.5558344722,0.628406438,0.6373558507,0.4908016989,0.04855889764,0.3126702725,0.07277904742,0.3971209296,0.6126001138
494,1,1,1,1,1,0.2832154496,0.5929742033,0.7995457706,0.2481074643,0.6638635141,0.3355167666,0.3356151953,0.199840048,0.554087329,0.6259429002,0.6384705183,0.4903247084,0.04829960064,0.3123635761,0.07261546006,0.3977007888,0.6149231323
494.5,1,1,1,1,1,0.2818547799,0.5952359671,0.8001823566,0.2483807546,0.6630296584,0.336524809,0.3342461753,0.1994146993,0.5524511366,0.6267786629,0.6386351327,0.4945282491,0.04814448483,0.311617569,0.07331244598,0.3969049305,0.6178888569
495,1,1,1,1,1,0.2796730512,0.5975674101,0.7991009516,0.2468909194,0.665177642,0.33665821,0.3354289645,0.1995032751,0.5489680081,0.6262625586,0.6384670287,0.494898996,0.04852591222,0.3105054629,0.07328186779,0.3952522092,0.6167418214
495.5,1,1,1,1,1,0.2787904433,0.5941202176,0.8010035855,0.2492344199,0.664347979,0.3395682631,0.3368421209,0.199584151,0.5487689086,0.6258663571,0.6392337188,0.4954574301,0.04889577196,0.312085055,0.07307399399,0.3973340202,0.6179940053
496,1,1,1,1,1,0.2770113825,0.5937556049,0.7996686227,0.24859998,0.6633920627,0.338251796,0.3345076613,0.1988595311,0.548668005,0.6214899102,0.639294986,0.4962773076,0.04890092747,0.3119315222,0.07245415545,0.3973537,0.6156457517
496.5,1,1,1,1,1,0.276534605,0.5972157729,0.8015997937,0.2490008041,0.6632626978,0.3404297637,0.337483117,0.1999193993,0.5491926239,0.622251328,0.638513,0.4957509605,0.04917559741,0.3129631224,0.07239059353,0.3960576354,0.6175889623
497,1,1,1,1,1,0.2774731199,0.5931139134,0.8027668064,0.2478557973,0.6644261457,0.3390403831,0.3345055912,0.2002252076,0.5500168482,0.620574852,0.6388983983,0.4954623607,0.04860777305,0.313523779,0.07230721031,0.3975602318,0.6188560125
497.5,1,1,1,1,1,0.2754881503,0.5934879855,0.8017431079,0.2492290082,0.6640703524,0.3369046961,0.3358315415,0.2000659243,0.552947402,0.6218973995,0.6384736239,0.4954445958,0.04896693845,0.3115872086,0.07244750273,0.3960779993,0.6175049775
498,1,1,1,1,1,0.2768860322,0.5945946798,0.8036850534,0.2476996562,0.6649529142,0.3356094359,0.3365395783,0.2004153271,0.5532774186,0.6223715407,0.6386624664,0.4947225632,0.04858813692,0.3108479041,0.07210290647,0.3956330565,0.6162304775
498.5,1,1,1,1,1,0.2770462787,0.5946070496,0.8023088917,0.2464636972,0.6639144582,0.3336491776,0.3339414692,0.2001573951,0.5538200657,0.6207764802,0.6397259545,0.4940868017,0.0484965919,0.3107946614,0.07153845959,0.3952368143,0.6181664735
499,1,1,1,1,1,0.2782203196,0.5969580637,0.8007823637,0.2474602593,0.6646118196,0.3347350676,0.3363621247,0.1992915131,0.5541381628,0.6200316158,0.638278558,0.4925367297,0.04861441797,0.3088092714,0.07184256334,0.3979817741,0.6193779901
499.5,1,1,1,1,1,0.2757745769,0.5942873231,0.7995549619,0.2455825084,0.6668774588,0.3354979072,0.3363877781,0.1975122414,0.5545126021,0.6173218448,0.6380076841,0.4906590402,0.04855007692,0.3096995102,0.07232576372,0.3979657394,0.6180206255
500,1,1,1,1,1,0.2761573255,0.5957111039,0.7974957431,0.2448438907,0.666058812,0.3346047995,0.3381924311,0.1985267732,0.5525402046,0.6174380184,0.6379995856,0.4942743043,0.04798027539,0.3085213454,0.07235743875,0.3972843746,0.6182111249
