time,TNFR,IL1R,CD40,LTB,BAFFR,TRAF2_5,TRAF6,TRAF2_3,Btx,TAK1_TAB,NEMO_IKKa_IKKb,IkBa_release_signal,p50_p65,TNFa,p100,Phenotype_canonical,NIK,IKKa_noncanonical,p100_RelB,p52,BAFF,Phenotype_noncanonical
0,1,1,1,1,1,0,0,0,0,0,0,0,0,0,0,0,0,0,0,0,0,0
0.5,1,1,1,1,1,0.02948121479,0.2502665778,0.2778351106,0.006834670323,0.03455022474,0.003749613018,0.0002734682696,1.578402315e-05,4.598636648e-07,4.983963787e-07,6.151060449e-07,0.02132223261,0.002306670004,8.862208263e-05,5.068988693e-06,9.013922809e-06,2.521025076e-07
1,1,1,1,1,1,0.05164276612,0.4027550342,0.4582745342,0.02324640081,0.1014388083,0.02161871613,0.003240395399,0.000388156423,2.351261824e-05,2.496316316e-05,3.15206745e-05,0.06572832601,0.01436495719,0.001123859554,0.00013081695,0.0002401957672,1.348761123e-05
1.5,1,1,1,1,1,0.06804823946,0.4965289662,0.5770720754,0.04481993894,0.1708468284,0.05360435791,0.01211023802,0.002214068915,0.000211567604,0.0002189310278,0.0002832832367,0.1141739491,0.0374510978,0.004449163652,0.0007778147114,0.001467800294,0.0001250069389
2,1,1,1,1,1,0.07977429121,0.5513675876,0.6521261052,0.06827374798,0.2317974689,0.09294932221,0.02807494783,0.007064817566,0.0009382373292,0.0009400105651,0.001246020971,0.1590107537,0.06879036635,0.01087602422,0.002593448422,0.005012999535,0.0005742141452
2.5,1,1,1,1,1,0.08855611937,0.5845982192,0.7018385135,0.09278039265,0.2817715149,0.1332716934,0.04983416145,0.01594662109,0.002765467352,0.002708986607,0.003725569749,0.197740476,0.1056336283,0.02074435189,0.006189071023,0.01226095047,0.001776322044
3,1,1,1,1,1,0.0961204924,0.6072997994,0.7355581326,0.1163540862,0.3194740971,0.1730164004,0.07659793011,0.02925073225,0.006400439172,0.006097340067,0.008586088318,0.2303858907,0.1410934421,0.03407402374,0.01197593704,0.02472242818,0.0042861313
3.5,1,1,1,1,1,0.1011231597,0.6182055722,0.7575623282,0.1380594968,0.3496537846,0.2097649959,0.1050046766,0.04735330214,0.01245807733,0.01160887109,0.01666824318,0.2579425846,0.1767135975,0.04954693682,0.02024281619,0.04294029633,0.008771822226
4,1,1,1,1,1,0.1048959994,0.6237792235,0.7690960852,0.1584881048,0.3731013828,0.2411050394,0.1331048721,0.06848632023,0.02150597545,0.01914319895,0.02882195116,0.2799694442,0.2094520916,0.06669416725,0.03112851942,0.06747701171,0.01590134208
4.5,1,1,1,1,1,0.1081700856,0.627548984,0.7778516753,0.1777825258,0.3894480245,0.2677386584,0.1608174641,0.09148295555,0.03366692641,0.02901683798,0.04549932494,0.294459299,0.2426688645,0.08548203389,0.0440203368,0.09766680428,0.02631507907
5,1,1,1,1,1,0.1106128953,0.6322187263,0.7842737975,0.1952820892,0.4037882328,0.288864223,0.1845208509,0.1166152683,0.04869138501,0.04087646679,0.0658458043,0.3057801243,0.2677269075,0.1062705845,0.05824390432,0.1331014272,0.04018432148
5.5,1,1,1,1,1,0.1118117767,0.636203562,0.7887133883,0.211973884,0.4130691446,0.3069298025,0.2055660729,0.1421943967,0.06743508931,0.05465537322,0.09065972133,0.3136679946,0.2904427852,0.125638751,0.07521884629,0.1721443235,0.05669744381
6,1,1,1,1,1,0.1135776505,0.6393991121,0.7935615204,0.2256004237,0.4186683496,0.3180004674,0.2219437368,0.1645049751,0.08905173865,0.06938830131,0.1192261119,0.3194668211,0.3121084643,0.1453517656,0.09207557784,0.2152562804,0.07880705609
6.5,1,1,1,1,1,0.1145320476,0.6380434059,0.7970738077,0.2376338894,0.4230803346,0.3298702865,0.2386626448,0.1881124794,0.1120618437,0.0839753167,0.1500730097,0.3254654873,0.3290783705,0.1626851021,0.1090814004,0.2576241337,0.1020930233
7,1,1,1,1,1,0.1151547753,0.6385393005,0.7954003072,0.2488201806,0.4231768191,0.3397047857,0.2510824244,0.2075036876,0.1372734696,0.09948811824,0.1834876329,0.3299048764,0.3419470279,0.1797559678,0.1255349559,0.3034391469,0.1290953972
7.5,1,1,1,1,1,0.1161214441,0.6390594345,0.7964634635,0.2586737661,0.4278539922,0.3442242746,0.2642927295,0.2240440267,0.1629837828,0.1139173441,0.2177553197,0.3333284398,0.3545611449,0.1967216743,0.1421349588,0.347583717,0.1601311343
8,1,1,1,1,1,0.1161104662,0.6381557921,0.7974882561,0.2674786769,0.4283513764,0.3512895798,0.2720168037,0.2423503463,0.1900242731,0.1280363528,0.2543358761,0.334306892,0.3639407803,0.2112059283,0.1577201669,0.3888169127,0.1918329847
8.5,1,1,1,1,1,0.1163904933,0.6372415472,0.7989688356,0.2751868269,0.4301584451,0.355111905,0.2792203215,0.2562284135,0.2170193325,0.1410027104,0.2881465712,0.3388272768,0.370967286,0.2275219674,0.1732727007,0.4314990263,0.2263376457
9,1,1,1,1,1,0.1167925368,0.637052556,0.7981762701,0.2845237206,0.4304023071,0.3592137431,0.2885458403,0.2682003931,0.2394342031,0.1532514902,0.3221391414,0.3400746895,0.377303776,0.2387855373,0.1864399107,0.4711805769,0.2597434095
9.5,1,1,1,1,1,0.1177382627,0.6361053237,0.797733956,0.2920182261,0.4314516757,0.3636020671,0.2932318724,0.2789796163,0.2640209787,0.1626121113,0.3539507391,0.3389288746,0.3829056399,0.250013182,0.2005432969,0.5087340108,0.2952803005
10,1,1,1,1,1,0.1192438302,0.6338941109,0.7987230418,0.2979288323,0.432006336,0.3637191658,0.2985946103,0.2892703015,0.2896877299,0.1719279286,0.3856393323,0.3411257743,0.3867461901,0.2584892844,0.212542711,0.5450466524,0.3285302835
10.5,1,1,1,1,1,0.1185625838,0.6333139449,0.7992607702,0.3046649394,0.4315770391,0.365456075,0.304674371,0.2980955308,0.3134928962,0.1811223178,0.4207463096,0.3398214627,0.3901914193,0.2658456438,0.2220216829,0.5797801057,0.3613261853
11,1,1,1,1,1,0.118335239,0.6357031504,0.7995683075,0.3098426283,0.4327515267,0.3684603145,0.3084418707,0.3037255154,0.3355179067,0.1876722878,0.4497570765,0.3390730966,0.3904077695,0.2748757051,0.2301977199,0.6099945307,0.3920384328
11.5,1,1,1,1,1,0.1185381465,0.6349721881,0.7991406496,0.3157635676,0.4326317651,0.3685102923,0.3098968074,0.3112034591,0.3550191073,0.1953305443,0.4745748899,0.33867984,0.3937036591,0.2815377606,0.2366093728,0.6355389829,0.4238202594
12,1,1,1,1,1,0.1184141316,0.6380847632,0.7989420235,0.319211362,0.431922171,0.3709834856,0.3103930682,0.3171367221,0.3769227784,0.2026307733,0.5013683722,0.3383617143,0.395072289,0.2864310454,0.2418497391,0.6589057782,0.4527199178
12.5,1,1,1,1,1,0.117434442,0.6370994103,0.7972669739,0.3249138673,0.4360330865,0.3703559199,0.310681359,0.320795002,0.3979715299,0.2087658559,0.5277869771,0.3374991623,0.3964320405,0.2922267569,0.2474870387,0.680055709,0.4789981435
13,1,1,1,1,1,0.1176356042,0.6376882692,0.7976200214,0.3296924,0.4338852271,0.3708261872,0.3122955103,0.3226779402,0.4166543463,0.2138446857,0.5538844844,0.3366293723,0.3972631152,0.2975624694,0.251437357,0.6996824496,0.5070335602
13.5,1,1,1,1,1,0.1178383693,0.6358892946,0.7965574602,0.3338207033,0.4340187139,0.370291511,0.3130275789,0.3274133857,0.4363990633,0.2194970759,0.574463828,0.3377451467,0.4024527109,0.2990414005,0.2560876364,0.7151467053,0.5324436752
14,1,1,1,1,1,0.1173889776,0.6380061122,0.7980635515,0.3351471662,0.433935087,0.3699477801,0.3128559622,0.329285097,0.4515777425,0.2208505312,0.5960572903,0.3397196389,0.4015814379,0.303811481,0.2605065584,0.7332315221,0.554646787
14.5,1,1,1,1,1,0.1165760077,0.6368141001,0.7974814496,0.3363679742,0.432639814,0.3721161682,0.3128158375,0.3324069107,0.4694088087,0.2227046258,0.6163169963,0.3385175264,0.4014209942,0.3072013236,0.2668421148,0.7443084247,0.5777281802
15,1,1,1,1,1,0.117341826,0.6374922213,0.7981673195,0.3377944322,0.4325357474,0.3724694455,0.3114589423,0.3346316243,0.4851758592,0.2255562246,0.6346242332,0.3383927907,0.3974824093,0.3086949116,0.2695776401,0.7552628364,0.5992591273
15.5,1,1,1,1,1,0.1183440153,0.6397477671,0.7979426861,0.3399472602,0.4306730942,0.374732124,0.3135879795,0.3352529701,0.4996471293,0.227721631,0.6545199806,0.3379518387,0.3966158908,0.3114856006,0.2708440982,0.7659756805,0.6205039161
16,1,1,1,1,1,0.1186110223,0.6372634627,0.798427658,0.3423736605,0.4296636581,0.3726991354,0.3130500954,0.3353291066,0.5121168395,0.2288751306,0.6701489136,0.338388153,0.3991186827,0.3146924064,0.2734730952,0.7735445303,0.6393769752
16.5,1,1,1,1,1,0.1179958974,0.6364801137,0.7986575359,0.3459779538,0.4294106617,0.3713441181,0.3136783535,0.3364103493,0.5266615052,0.2322391866,0.6825866731,0.3392963407,0.4011210293,0.3148752461,0.2775955644,0.7818409566,0.6583236058
17,1,1,1,1,1,0.1198544588,0.6373060403,0.7981877209,0.3482754448,0.4302685157,0.3715396636,0.3136420679,0.335977839,0.5361589192,0.2338584002,0.6976546791,0.3394163861,0.4006682426,0.3156521921,0.2771869296,0.7884328131,0.6747942633
17.5,1,1,1,1,1,0.1182578568,0.6374176575,0.7994332836,0.3503484146,0.4327990909,0.3720194485,0.31613285,0.3376274196,0.5486146539,0.2344762777,0.7111747348,0.3394906586,0.4011296106,0.314982761,0.2799362477,0.7958618947,0.6905113133
18,1,1,1,1,1,0.1181351561,0.6375249178,0.7981805699,0.3538362644,0.431022725,0.3729538615,0.3164170309,0.3365791433,0.5618904721,0.2344232603,0.7218274723,0.3377990541,0.4013741581,0.3173957946,0.2806044015,0.8013331702,0.7035527209
18.5,1,1,1,1,1,0.1186428997,0.6365397535,0.7979752837,0.354746901,0.4352292678,0.3736314232,0.3183898621,0.3385331617,0.5694261005,0.2353881578,0.734285363,0.3370464895,0.4047439349,0.3180772861,0.2824384901,0.8048565325,0.7162582101
19,1,1,1,1,1,0.1192346139,0.6350899543,0.7969612274,0.35617855,0.4344286679,0.3748152468,0.3193254476,0.3407554288,0.5766287552,0.2366803066,0.7464181666,0.3399662118,0.4057880729,0.3204479834,0.2825385451,0.8079386254,0.7312745509
19.5,1,1,1,1,1,0.1179535466,0.6365519882,0.7975391288,0.3550601575,0.4338412902,0.3765689181,0.318113232,0.3374701473,0.5826966637,0.2380468442,0.754541459,0.3415703728,0.4053915033,0.3206621418,0.2831470762,0.8139590257,0.7392900125
20,1,1,1,1,1,0.1171404904,0.6366323103,0.7975908481,0.3554857909,0.4336908053,0.3773364682,0.3169732004,0.339450134,0.5926478971,0.2381903938,0.7648960067,0.3398105522,0.4068789539,0.3175273094,0.2835605187,0.8166510333,0.7505513069
20.5,1,1,1,1,1,0.1168064074,0.6393723619,0.7962337608,0.3567925143,0.4334141352,0.3752290169,0.3182203633,0.3398910988,0.5983330394,0.2376071597,0.7709189954,0.3389494597,0.4060380981,0.3175920472,0.2832828502,0.8170620849,0.7608807216
21,1,1,1,1,1,0.1173507964,0.6385170718,0.7981326968,0.3592723091,0.437760754,0.3756066382,0.3175491741,0.3385508463,0.6046703986,0.2383842826,0.7785403517,0.3389064241,0.4036508221,0.3188327376,0.2855550452,0.8191236042,0.7712591916
21.5,1,1,1,1,1,0.1180167842,0.6390225795,0.798473683,0.3590514589,0.4349683408,0.3735484269,0.3178308471,0.3379121018,0.6128292289,0.237034416,0.7851725343,0.3417615913,0.4047516403,0.3178352755,0.2856117556,0.8219638546,0.7781885219
22,1,1,1,1,1,0.1188319066,0.6389338962,0.7981374063,0.3612394454,0.4357690608,0.3751620784,0.318910089,0.3398652781,0.6184107788,0.2369207265,0.793217979,0.3416244545,0.4054441956,0.3170433596,0.2871192099,0.8241928239,0.7858497525
22.5,1,1,1,1,1,0.1187668641,0.638372213,0.7957182623,0.3608953827,0.4355769219,0.3789263427,0.3168641501,0.3410713148,0.6259255199,0.2382208166,0.7968615945,0.3405586483,0.4050398931,0.3158977571,0.2869929014,0.8261270523,0.7921142136
23,1,1,1,1,1,0.1180427071,0.6369027368,0.7976070284,0.3628335166,0.4311358852,0.377522023,0.3169937201,0.340068777,0.6298482762,0.2372060785,0.8020093108,0.3405967463,0.4027033257,0.3154058803,0.2872268251,0.8267248603,0.801003359
23.5,1,1,1,1,1,0.117969341,0.636894589,0.7977876538,0.3624532439,0.4306140248,0.3777911656,0.3166352716,0.3396560019,0.6354408012,0.2383570524,0.8088611939,0.3398183693,0.4055990904,0.3190795981,0.284453647,0.8267890298,0.8082477092
24,1,1,1,1,1,0.118404328,0.6382476094,0.7984695759,0.363053293,0.4324357771,0.3770169,0.3155344773,0.3392132884,0.6384915998,0.2358538847,0.814433992,0.3398350041,0.4053448297,0.3225709089,0.2850331976,0.828447018,0.8135651019
24.5,1,1,1,1,1,0.1180525535,0.6406017115,0.7974767175,0.3630487248,0.434193359,0.3752098323,0.3174956036,0.3401244649,0.6396173947,0.2362117559,0.8180764689,0.3403477336,0.4047261607,0.321219233,0.2863244243,0.8303212567,0.8191876047
25,1,1,1,1,1,0.1179312578,0.641122052,0.7997938182,0.3663547484,0.4330650412,0.3770861695,0.3166384347,0.3397969142,0.6415464309,0.2363678757,0.8208939734,0.3422369079,0.4065019272,0.3191391042,0.2863458815,0.8317728253,0.8241515988
25.5,1,1,1,1,1,0.1180182644,0.6396914942,0.7992785149,0.3671585108,0.4321541941,0.3752959797,0.3156155034,0.3392138548,0.6445597325,0.2344861943,0.8254751368,0.3411681948,0.4054859244,0.3241715967,0.2876075059,0.8306078968,0.8265968937
26,1,1,1,1,1,0.1190090096,0.6394675578,0.7976186361,0.3683623364,0.4344969066,0.3768634423,0.3162541736,0.3404434403,0.647722825,0.2359470051,0.8289902018,0.3424532497,0.4067367734,0.3262178374,0.2911536559,0.8312414401,0.8304170909
26.5,1,1,1,1,1,0.1189882789,0.6387381137,0.7978883095,0.3681952199,0.4344529141,0.3763772659,0.3157662098,0.3396707682,0.6474561291,0.2345197163,0.8292632713,0.341915182,0.4073291365,0.3260050423,0.2902941081,0.8311576105,0.8344068141
27,1,1,1,1,1,0.1179951731,0.6367384098,0.7987842513,0.3670509897,0.4320198757,0.3772956765,0.3172812384,0.3403121593,0.6528004738,0.2370506355,0.8322884393,0.3417989724,0.4047242308,0.324657074,0.2917149079,0.832166488,0.8386094329
27.5,1,1,1,1,1,0.1193163428,0.6354326536,0.7989956829,0.3664453957,0.4320967756,0.3772638578,0.3190934216,0.3384488266,0.6538374568,0.2362633961,0.83406062,0.3429350124,0.4066708331,0.3222510098,0.2892148318,0.8345798398,0.842831612
28,1,1,1,1,1,0.1200359596,0.6353954112,0.8001903727,0.3700501909,0.4326289791,0.3793888026,0.3192481774,0.3368131202,0.6575830734,0.2368061794,0.8379581444,0.3402625144,0.4004768395,0.323060518,0.2898471048,0.8349207239,0.8465144889
28.5,1,1,1,1,1,0.1207573181,0.6359825022,0.7993231889,0.369863608,0.4321383901,0.3791430147,0.3186873637,0.3353301658,0.6583371252,0.2352235669,0.8399438005,0.3404487775,0.3988271466,0.3201440832,0.2893189534,0.8349295752,0.8491825633
29,1,1,1,1,1,0.1208459406,0.6360485473,0.7997138524,0.3710619246,0.4321857882,0.3758655151,0.3185430916,0.3343126196,0.6590792366,0.2356138678,0.8409055297,0.3387289843,0.3997645709,0.3217614907,0.2884318455,0.8342653569,0.8520500939
29.5,1,1,1,1,1,0.1203285255,0.6335443972,0.7998425822,0.3733239057,0.4336734834,0.3749342103,0.3208140227,0.3349120961,0.662049109,0.2354833143,0.8425756169,0.3387589275,0.3995045304,0.3186718698,0.2861464339,0.8336751726,0.8531007763
30,1,1,1,1,1,0.1202066021,0.6327813137,0.8000907777,0.371395129,0.4318826722,0.3775178739,0.3197817738,0.3368237167,0.6642059746,0.2357075948,0.8433847902,0.3409844759,0.3995233943,0.3178485555,0.2877664355,0.8340404001,0.8564506757
30.5,1,1,1,1,1,0.120201694,0.6340858134,0.7996440911,0.3726878004,0.4317182697,0.3766176888,0.320681124,0.3403081186,0.6668111163,0.2365962803,0.8446955931,0.3402176059,0.4023456683,0.3194914786,0.2860878534,0.8353433212,0.8589750694
31,1,1,1,1,1,0.1200220217,0.6346873064,0.7992556254,0.3704250496,0.4341222773,0.3767265175,0.3175736442,0.341662444,0.6672190156,0.2357364295,0.8483825501,0.3411740162,0.4042847233,0.3203758187,0.2869115893,0.8342436874,0.861838606
31.5,1,1,1,1,1,0.1205979141,0.6338800115,0.7985447255,0.3667055455,0.4331474589,0.3762056931,0.3189173286,0.3391480904,0.6681576847,0.238016321,0.8518090552,0.3419569936,0.405081316,0.3181896771,0.2864864876,0.8335676321,0.8631911065
32,1,1,1,1,1,0.1197621015,0.6358588645,0.7995965929,0.3658912153,0.4330697764,0.3758209207,0.31698211,0.3416353326,0.6714739082,0.236944076,0.8518628224,0.3422553774,0.4040997879,0.320439578,0.2866016413,0.8329673607,0.8660255797
32.5,1,1,1,1,1,0.1193484354,0.6376004814,0.8005748943,0.3663712936,0.4341330267,0.3769483056,0.3183434287,0.3419891116,0.6714448814,0.238136557,0.8534892735,0.3413517562,0.4062200551,0.3219156434,0.2823702134,0.8354182044,0.8670094646
33,1,1,1,1,1,0.1182000738,0.6383801177,0.8015527032,0.3667320232,0.4344511475,0.3785342631,0.3184851762,0.3414663452,0.6722054089,0.2386525253,0.85475739,0.3421232617,0.4071104958,0.3237880925,0.2834992175,0.8352102338,0.8679273536
33.5,1,1,1,1,1,0.1180628463,0.6395469576,0.8001001573,0.3700075179,0.433291239,0.3786768087,0.3201005091,0.3437155699,0.6726007826,0.2355607879,0.8551051129,0.3400333286,0.407698743,0.3241384276,0.2840315361,0.8363125856,0.8695533961
34,1,1,1,1,1,0.1164433454,0.6382657423,0.7985626088,0.3715616414,0.4327578921,0.3784744581,0.3205642457,0.3446086871,0.6742493446,0.2354241207,0.8563793188,0.3397706276,0.4098021383,0.3254811455,0.2830207538,0.8365195879,0.8699604271
34.5,1,1,1,1,1,0.1158649915,0.636410845,0.7980605135,0.3720325547,0.4330702697,0.3801492528,0.3206457343,0.3458707334,0.6737175166,0.2362645257,0.8573528588,0.3408352441,0.4080399471,0.3245109375,0.2847202925,0.83668122,0.870738969
35,1,1,1,1,1,0.1164095583,0.6372443276,0.7991656753,0.373996955,0.4338001641,0.3797011551,0.3209294757,0.3435916042,0.6749770349,0.2364219279,0.8592152513,0.3392371903,0.4069184064,0.3251162573,0.2858209675,0.8359634451,0.8714770254
35.5,1,1,1,1,1,0.1174120125,0.6380900762,0.7988593167,0.3718514884,0.4335078119,0.3800053406,0.3199283353,0.3440977426,0.6762468265,0.2387771517,0.8596312001,0.3386855998,0.4067100708,0.3241640667,0.2855582447,0.8354868502,0.8724157678
36,1,1,1,1,1,0.1172579103,0.6399942594,0.7976138873,0.3716636201,0.4346752501,0.3807453079,0.3199645782,0.3452723324,0.6739007243,0.2389056127,0.8608745519,0.3392874551,0.405151529,0.3216072086,0.2858076889,0.8345223627,0.8721122427
36.5,1,1,1,1,1,0.1174619401,0.6418388667,0.7973758087,0.3723648921,0.4366997613,0.3811274622,0.3195489363,0.3465693337,0.6746479616,0.23993783,0.8620374687,0.3399985933,0.403904917,0.3224543095,0.2856008517,0.8346640527,0.873699366
37,1,1,1,1,1,0.1171218194,0.6431265931,0.797530992,0.3717824525,0.4382680439,0.3797532925,0.3223708637,0.3466851837,0.6769024134,0.2392043201,0.8627510847,0.3424303779,0.4056855457,0.3217681131,0.2869000179,0.8354108355,0.8738191282
37.5,1,1,1,1,1,0.1172859717,0.6402744375,0.798395487,0.371301655,0.4365768877,0.379460027,0.3226740261,0.3496323467,0.6776574777,0.2399121308,0.8640439583,0.3406182894,0.4045538381,0.325190689,0.2874281352,0.8349326483,0.874299329
38,1,1,1,1,1,0.1171229351,0.6408926897,0.7988043841,0.3746254021,0.4349693034,0.3791325076,0.324992025,0.3475230867,0.6760368336,0.2401868623,0.8659554425,0.3404758166,0.4039255704,0.3239077338,0.2862557888,0.8361138162,0.8746821414
38.5,1,1,1,1,1,0.1170796967,0.6395167729,0.798662352,0.3745988137,0.43405155,0.3768734101,0.3252997138,0.3482572583,0.6751094753,0.2403213409,0.8662579522,0.3404075063,0.4032923299,0.3231099857,0.2855892288,0.8361412946,0.8760844086
39,1,1,1,1,1,0.1164097063,0.6378828127,0.7972682072,0.3729553145,0.4347700859,0.3752644132,0.3259661411,0.347861669,0.6760719837,0.2397238288,0.8677946863,0.3396737761,0.4016318924,0.3249924678,0.2868089416,0.8366129407,0.8764020065
39.5,1,1,1,1,1,0.1175452134,0.6369248115,0.7984099094,0.3745753692,0.4354154124,0.3725927758,0.3223627011,0.3480305253,0.6763327768,0.2405498555,0.8702719404,0.3403570158,0.4025650911,0.3234294875,0.2873287126,0.8369290673,0.875977925
40,1,1,1,1,1,0.1176418162,0.6357266534,0.7980131635,0.3739460094,0.4350992908,0.3717103983,0.3219465153,0.3483189471,0.6771383117,0.2420901354,0.8696164319,0.3405255972,0.4060645424,0.3244023149,0.2841960965,0.8363841746,0.8766563712
40.5,1,1,1,1,1,0.1173373966,0.6367247106,0.7993272489,0.3734240323,0.4349105402,0.3756947548,0.3214093301,0.345036926,0.6781505036,0.2418822747,0.8700694791,0.3399058513,0.4022728171,0.3269002817,0.2867514759,0.8364342086,0.8760625954
41,1,1,1,1,1,0.1177394499,0.6383513214,0.7991622236,0.3730189001,0.4343868815,0.3738443847,0.3204899708,0.345103822,0.6835312999,0.240637655,0.870621281,0.3380028966,0.4025629136,0.3267100031,0.2884977194,0.8373101633,0.8760032693
41.5,1,1,1,1,1,0.1169659074,0.6395170987,0.7985403665,0.3758205133,0.4338534521,0.3758940611,0.3215328861,0.3454599675,0.6877805461,0.2419859887,0.8714113104,0.3380941208,0.403105802,0.32657451,0.2885723456,0.8375870556,0.8781166234
42,1,1,1,1,1,0.1180873093,0.6394582756,0.7965710504,0.3747879506,0.4332486629,0.3747277443,0.3197526002,0.3453320195,0.6873953132,0.2424193193,0.8712115364,0.3387461728,0.4043076684,0.3273803081,0.2878023152,0.8378218313,0.8789119391
42.5,1,1,1,1,1,0.1183904991,0.6393676073,0.7984773963,0.3735512571,0.4309683449,0.3756002685,0.320045878,0.346302933,0.6874862517,0.2414278531,0.8708242557,0.3417904151,0.402092143,0.3246964602,0.288763625,0.8386720845,0.8787109295
43,1,1,1,1,1,0.1173499072,0.638626815,0.7980839588,0.3742530525,0.430578551,0.3752324454,0.3199685076,0.3476569047,0.6872891205,0.2425678219,0.8704576529,0.3401771537,0.4012213525,0.3233716566,0.2873792921,0.8368364178,0.8777237712
43.5,1,1,1,1,1,0.1170296293,0.6389505335,0.7970404463,0.3735143173,0.429399969,0.3726756758,0.3187968757,0.3475911818,0.6865893789,0.2422504779,0.8716070676,0.3380475299,0.4008278521,0.3227666266,0.2869734128,0.8361988238,0.8783213064
44,1,1,1,1,1,0.117154798,0.6353912724,0.7977835775,0.3756285114,0.4276275376,0.3753203977,0.3189577948,0.3460276948,0.6873361113,0.2452713173,0.8710878813,0.337535609,0.398570454,0.3219897906,0.2867593819,0.8338269687,0.8800798729
44.5,1,1,1,1,1,0.116044752,0.6379805076,0.7976511484,0.3751437914,0.4302938733,0.3750743383,0.3195128538,0.3448974083,0.6901792408,0.2437180981,0.8707740296,0.3394048102,0.3997533163,0.3223737631,0.2872147387,0.8338211604,0.8789998922
45,1,1,1,1,1,0.1172823176,0.6357227446,0.7982555819,0.3750925441,0.4304444667,0.3757644649,0.3189527152,0.3438868692,0.6909531293,0.2444778164,0.8707438718,0.3397945723,0.3995600719,0.3224323476,0.2869437262,0.8331957802,0.8785041831
45.5,1,1,1,1,1,0.1157454367,0.635163888,0.7977969122,0.3752104647,0.4277388548,0.3745799468,0.3205899164,0.3439081375,0.6905608038,0.244512053,0.871230211,0.3392764704,0.3978126358,0.3228255063,0.2853732586,0.8329222155,0.8757002415
46,1,1,1,1,1,0.1155825964,0.6364525741,0.7981322243,0.3738116961,0.4267924394,0.3763640158,0.3194766806,0.3435095431,0.6906405124,0.2444771674,0.8700071819,0.3373678736,0.3989921422,0.3231230164,0.2853054268,0.8339709003,0.8767774562
46.5,1,1,1,1,1,0.1174381518,0.6354464215,0.7984807809,0.3719914992,0.4286429272,0.3780033327,0.3210882777,0.3456216936,0.6883024148,0.2437072411,0.8690245269,0.3385082272,0.4024443122,0.3220659631,0.286877435,0.8347172652,0.8765261107
47,1,1,1,1,1,0.1176226984,0.6367125217,0.797778696,0.3748501165,0.4292656912,0.3775285936,0.3210846307,0.3450906513,0.6883130375,0.2434443054,0.8700186857,0.3384137294,0.4039426394,0.3228078859,0.288498566,0.8350857857,0.8763921205
47.5,1,1,1,1,1,0.1166639154,0.6384177592,0.7997824005,0.3741471669,0.430621798,0.3780969686,0.3214009704,0.3470431782,0.6869292445,0.2423420499,0.8706222434,0.3391388452,0.4015353236,0.3241649452,0.2864073062,0.8340032008,0.8772774936
48,1,1,1,1,1,0.1168139995,0.6381249901,0.7981525528,0.375122385,0.4337233768,0.3779036378,0.3182425559,0.3455970619,0.6864056068,0.2417618874,0.869844217,0.3398633086,0.4036511411,0.3232926311,0.2882536799,0.8335243337,0.8772087105
48.5,1,1,1,1,1,0.1162561372,0.6385456059,0.7975426539,0.3762213031,0.4315186838,0.3772322117,0.3189999918,0.3458950539,0.684525661,0.2418491409,0.8703843301,0.3388753407,0.4035676768,0.3246310143,0.288180467,0.8340629665,0.8769723991
49,1,1,1,1,1,0.1160379043,0.638310243,0.7990298979,0.3762582732,0.4312557716,0.3797208859,0.3211232985,0.3450781357,0.6868071628,0.2434451117,0.870827915,0.3389506528,0.4040856879,0.3248767028,0.2878037878,0.8332076544,0.8764510075
49.5,1,1,1,1,1,0.1170253303,0.6395324425,0.7999691753,0.3749656019,0.4317379807,0.3791198447,0.3199072324,0.3442424136,0.6859604383,0.243081571,0.8704035805,0.3417640764,0.4033525608,0.3234766997,0.2891298945,0.8329133207,0.8774636589
50,1,1,1,1,1,0.1169108216,0.6375635425,0.7997746481,0.3751583535,0.4303409798,0.3793284371,0.3203735307,0.3422870705,0.6856140254,0.2442901181,0.870264447,0.3428104215,0.4010081201,0.3257241762,0.2893519369,0.8341153217,0.8778183759
50.5,1,1,1,1,1,0.1171900627,0.6405402658,0.7997128571,0.3760096841,0.4331864026,0.3798042193,0.3202042725,0.3415946252,0.6849783604,0.2424848165,0.8720304698,0.3408844607,0.4060095361,0.3247954593,0.2907146364,0.835014236,0.8785849473
51,1,1,1,1,1,0.1170336241,0.6394610384,0.7982252079,0.3747311889,0.4321960938,0.3797363794,0.3187054846,0.3401212831,0.6851174796,0.2406408458,0.8729832682,0.3408300319,0.4058363314,0.324856044,0.2913986014,0.8356238792,0.8790966165
51.5,1,1,1,1,1,0.1177611593,0.6395939462,0.7980533581,0.3733412503,0.4337144844,0.3800493387,0.3195768025,0.3393080417,0.6868119522,0.2393593159,0.8724884022,0.3395747391,0.4064492163,0.3212803036,0.2898218289,0.8368960759,0.8783781779
52,1,1,1,1,1,0.1179754551,0.6409662052,0.7952983443,0.3745372404,0.4348448031,0.3791009643,0.3205247888,0.3397055756,0.684615239,0.2391229674,0.8728950854,0.3413882584,0.4080006755,0.3223738064,0.2867589175,0.8367860299,0.8796749493
52.5,1,1,1,1,1,0.1175125427,0.6376124296,0.7968569594,0.3759697773,0.4344488756,0.3786177646,0.3201763129,0.3423395521,0.68568285,0.2403140393,0.8740347925,0.3406359566,0.4072586945,0.3233162726,0.2867096941,0.836288315,0.8790754119
53,1,1,1,1,1,0.116549042,0.6394512328,0.7967298203,0.3767917541,0.43404044,0.3765637109,0.3212459458,0.3431191595,0.6856841265,0.2394850654,0.8746754106,0.3411090798,0.4080575513,0.3260205766,0.2864915584,0.837272209,0.8788682931
53.5,1,1,1,1,1,0.1177521666,0.6387657809,0.797933676,0.3783480009,0.4327685009,0.3763490846,0.3204692082,0.3436683581,0.6820314372,0.2382247436,0.874621469,0.3393014938,0.4072429939,0.3251318871,0.2838087317,0.8365250504,0.8787615906
54,1,1,1,1,1,0.1178992326,0.6377419174,0.7993674582,0.3770610649,0.4326881288,0.3754260117,0.3197623854,0.3453832613,0.6796974368,0.2395214335,0.875200921,0.3412645456,0.4084062673,0.3236528277,0.2844232976,0.8354850006,0.8786141004
54.5,1,1,1,1,1,0.1173078738,0.638378799,0.8018473648,0.3773655151,0.4314429246,0.376887799,0.3209078376,0.3444586969,0.6825790568,0.238893899,0.8748189436,0.3412726009,0.4085811298,0.3240139203,0.2845408433,0.8350460623,0.879659068
55,1,1,1,1,1,0.1179520951,0.636410335,0.8000439593,0.3775778197,0.4331359357,0.3737881533,0.3195625364,0.3424812691,0.6827058659,0.2387266368,0.8743453658,0.3394060238,0.4090398729,0.322024736,0.2862544124,0.8346542153,0.8793179661
55.5,1,1,1,1,1,0.1172108816,0.6360721686,0.7994799699,0.3792940136,0.4315152633,0.3747804983,0.3204953412,0.3407455071,0.6850013396,0.2379729642,0.8737376962,0.3418245283,0.406587414,0.3232824648,0.28524705,0.8341163814,0.8796293419
56,1,1,1,1,1,0.1161526784,0.6368076896,0.7999568736,0.378048859,0.4316300515,0.3767348228,0.3217833535,0.3388752715,0.6860260813,0.2393519226,0.8737809762,0.3436038615,0.4047158901,0.323157293,0.2835079492,0.8352393177,0.8788452338
56.5,1,1,1,1,1,0.116680505,0.6381545205,0.8013446221,0.3761226341,0.4339460692,0.3753338536,0.319062176,0.3379240514,0.689559379,0.2379478792,0.8731054708,0.3429505255,0.4042968411,0.3247345032,0.2850604861,0.8347932049,0.8792181393
57,1,1,1,1,1,0.1169372627,0.6354229112,0.7998799075,0.3744665282,0.4318203644,0.3745077631,0.3217708248,0.3399468992,0.6881636893,0.237797808,0.8743023632,0.3438815795,0.401878511,0.3232956436,0.2868789255,0.8350789339,0.8794849193
57.5,1,1,1,1,1,0.1176701891,0.63501712,0.7989835902,0.3753179395,0.4324103137,0.3739665723,0.3220207963,0.3420459973,0.6854131184,0.2379637928,0.8751818699,0.3430421047,0.4036662912,0.325541417,0.2872078098,0.8352100593,0.8788736036
58,1,1,1,1,1,0.1183041346,0.6345331376,0.7992176388,0.3756348387,0.431794549,0.3762441218,0.31820493,0.3415027631,0.6853597986,0.2371389737,0.874936263,0.3439387972,0.4056308047,0.3222041605,0.287608048,0.8340139174,0.8787112315
58.5,1,1,1,1,1,0.1185825871,0.6350261743,0.7986830539,0.377241863,0.4297572813,0.3767220981,0.3185601081,0.3397578086,0.6866055133,0.2363899056,0.8749915394,0.3424318824,0.4047129588,0.3220827826,0.2871747131,0.8358405839,0.8784108705
59,1,1,1,1,1,0.1177463965,0.6348519168,0.7988324978,0.3763764667,0.430129184,0.3752322699,0.3176029436,0.3415249522,0.6847436561,0.2394869996,0.8751516921,0.3416814382,0.4011827845,0.3222899538,0.2889727057,0.8351805949,0.8772371706
59.5,1,1,1,1,1,0.117341039,0.6366877817,0.7983096096,0.3754811588,0.432406596,0.374706359,0.3170205925,0.3418248154,0.6865170898,0.2378438677,0.8748745705,0.3409525032,0.4020311601,0.3216754042,0.2884621479,0.833947421,0.8765563192
60,1,1,1,1,1,0.1178994258,0.6361072514,0.7986067877,0.3759226365,0.4310509373,0.3753428591,0.3161673269,0.3420389186,0.685900557,0.2367373379,0.8754999951,0.3406101064,0.4055309319,0.3228695121,0.2881018835,0.834092858,0.8770166155
60.5,1,1,1,1,1,0.1189944067,0.6393215193,0.7984141893,0.3768583041,0.4325183805,0.3750125633,0.314055946,0.3415743231,0.6853634719,0.2377531424,0.8737273691,0.3417061296,0.4059822965,0.3229822449,0.2880617333,0.8327836186,0.8768996957
61,1,1,1,1,1,0.118747685,0.6382213591,0.7986472108,0.3754351405,0.4338225753,0.3748317227,0.31200712,0.3385677529,0.6859375673,0.237333764,0.8729228215,0.3393251739,0.4041165706,0.3219824714,0.2879074484,0.8331732556,0.8766317808
61.5,1,1,1,1,1,0.1191613874,0.6390485493,0.7980089225,0.3734036166,0.4331454733,0.3742588565,0.3113114093,0.3384007869,0.6860189043,0.2367616394,0.8735876087,0.3381765007,0.4034820063,0.3231504168,0.2878325687,0.8338549213,0.8766836981
62,1,1,1,1,1,0.1188030121,0.637033008,0.7978802127,0.3749201848,0.4288491152,0.3746824075,0.3115324673,0.3364888811,0.6892871822,0.2363639601,0.873002229,0.3391873816,0.4021304546,0.3223248122,0.28690472,0.8337106596,0.8771972558
62.5,1,1,1,1,1,0.1196156286,0.6366960804,0.7981899342,0.3738294213,0.4297367302,0.375468004,0.3133047372,0.3368017591,0.6900577942,0.2372806174,0.8733663657,0.3412386009,0.4030779231,0.3219358564,0.2861067405,0.8344317448,0.8777017682
63,1,1,1,1,1,0.119563088,0.6366672877,0.7957693816,0.3730539195,0.4286234974,0.3755557321,0.3134980572,0.3383255153,0.6916331291,0.2391630559,0.8733651891,0.3433246372,0.40221123,0.3206059962,0.2841376314,0.8361016776,0.8780904322
63.5,1,1,1,1,1,0.119638674,0.6358372531,0.7966996343,0.3732749019,0.4291963155,0.3760990495,0.316191365,0.3365663163,0.6898399061,0.2398979362,0.8738979415,0.342933892,0.4038941217,0.3226816126,0.2837734649,0.8380589674,0.8779648991
64,1,1,1,1,1,0.1194712359,0.6368975467,0.7968495308,0.373960515,0.4307682068,0.3759263172,0.3161569959,0.3371186107,0.6925199483,0.2405962491,0.8740090855,0.3420166019,0.4062052766,0.3222177708,0.2851874847,0.8382115622,0.8789499212
64.5,1,1,1,1,1,0.1189549031,0.6367246217,0.795011909,0.3729288811,0.4322745107,0.3780938771,0.3161959275,0.3367795972,0.6925828583,0.2417255712,0.8749157954,0.3424207462,0.4070530844,0.3217360172,0.2865983261,0.8355929312,0.8782843592
65,1,1,1,1,1,0.1203227943,0.6350238451,0.7951680589,0.3734002541,0.4318175856,0.3768905682,0.3167846928,0.3389225414,0.6907744981,0.2428001044,0.8744042026,0.3419192143,0.4064529119,0.3221212321,0.2875095469,0.8341590695,0.8791784654
65.5,1,1,1,1,1,0.1199840255,0.6354041688,0.7959873622,0.3724778558,0.4316287251,0.3754816035,0.3155344016,0.3400550612,0.6913834087,0.2425076575,0.8733274142,0.3422874725,0.4074207227,0.3215200759,0.288931427,0.8338874658,0.8796200916
66,1,1,1,1,1,0.1183342554,0.6367204853,0.7973237904,0.3721897557,0.4306929695,0.3738305874,0.3120281299,0.338487753,0.6917272872,0.2431040366,0.8727967645,0.3409273167,0.4062423093,0.3228421729,0.2890427728,0.8345017317,0.8800025465
66.5,1,1,1,1,1,0.1177150115,0.6357439556,0.7985581378,0.3724359297,0.4317738757,0.3741161093,0.3115011818,0.3407627303,0.6925825063,0.2415756959,0.8728171531,0.3424807116,0.4079562929,0.3233351214,0.2871030289,0.8340238699,0.8799470909
67,1,1,1,1,1,0.1170893428,0.636536468,0.7976280568,0.370664662,0.4314212165,0.376844927,0.3132659138,0.3395814665,0.6939546673,0.2402025644,0.8724612203,0.3408488326,0.4069419716,0.3224133693,0.2863878482,0.8337386239,0.8795582691
67.5,1,1,1,1,1,0.1168461363,0.6356302094,0.797448307,0.3719263089,0.4307166828,0.3755163504,0.3108943979,0.3391112413,0.6915755179,0.2394026713,0.8732965673,0.3401829232,0.4048385844,0.3240859714,0.2867191681,0.833463002,0.8794588769
68,1,1,1,1,1,0.1171569226,0.6344350673,0.7972570589,0.3710783317,0.4336260229,0.3730547879,0.3127782461,0.3394641885,0.692755293,0.2397389428,0.8726879752,0.3394752966,0.4016631482,0.3259799562,0.2887258017,0.8340113425,0.8793586672
68.5,1,1,1,1,1,0.1173302005,0.634111565,0.7973085945,0.3707568462,0.4315509913,0.3746637759,0.3149379576,0.3377132426,0.6904037154,0.2402513819,0.8726599054,0.3374620507,0.4018408522,0.3267690359,0.2904139663,0.8353348911,0.8793598169
69,1,1,1,1,1,0.1175787982,0.6380565652,0.7982155138,0.3689515594,0.433323939,0.3750769847,0.3148166638,0.337895649,0.6914269871,0.2380878278,0.8730621846,0.3324671616,0.4025022418,0.3257991084,0.291199321,0.8364148356,0.8802093278
69.5,1,1,1,1,1,0.1178708433,0.6371526947,0.7982559865,0.3699343035,0.4341307664,0.3766000897,0.3154855312,0.3388611301,0.6893701523,0.2354452255,0.8732568254,0.3363068664,0.3983630874,0.3252034309,0.289176729,0.836110587,0.8807623238
70,1,1,1,1,1,0.1181762962,0.6379041364,0.798496532,0.36817166,0.4323832189,0.3780585905,0.3159692692,0.3374467743,0.6888678057,0.2347500352,0.8731472973,0.339171943,0.400872039,0.3232297894,0.287855493,0.8351777932,0.8807875561
70.5,1,1,1,1,1,0.1178327163,0.6374499914,0.7990907859,0.3672339874,0.4312452275,0.3758544543,0.317762796,0.3376688439,0.6921722963,0.235696374,0.8735831194,0.3403051705,0.4001362258,0.3207018907,0.2878746723,0.8358008225,0.8813889475
71,1,1,1,1,1,0.1182480146,0.6391680327,0.7975771353,0.3685061939,0.4319683131,0.3744966449,0.3171328954,0.3365140875,0.6903696309,0.2354733372,0.873509986,0.3411574088,0.4028657301,0.3226641987,0.2893347216,0.8355358189,0.8813445239
71.5,1,1,1,1,1,0.118459271,0.6374419248,0.7990043307,0.3711233397,0.4293367448,0.3732357736,0.3167890537,0.3377006369,0.6868087885,0.2354856006,0.8733645168,0.3400527915,0.4037122589,0.3221283816,0.2878292401,0.8346457108,0.8811288448
72,1,1,1,1,1,0.1188985998,0.6375651642,0.7981267347,0.3693777481,0.4314645003,0.3725360759,0.3144349474,0.3373593548,0.6858405025,0.2336551462,0.8731147123,0.3397167133,0.4031317305,0.3202012705,0.2884950038,0.8359026121,0.8807783594
72.5,1,1,1,1,1,0.1180690446,0.638139242,0.798724716,0.3698309844,0.4316881887,0.3745794017,0.3127025932,0.3370341195,0.6855890748,0.233447311,0.8736533437,0.3390020484,0.4018530108,0.319512486,0.2845735936,0.8367622065,0.8809473551
73,1,1,1,1,1,0.1181321117,0.6391108016,0.7993388351,0.3709817411,0.4306467216,0.3730018568,0.31404706,0.3373983166,0.6860354116,0.233134477,0.8751586386,0.3415777671,0.4030047792,0.3181316111,0.284766014,0.8385071371,0.8810525921
73.5,1,1,1,1,1,0.1185741962,0.6401788999,0.7987851185,0.3692750959,0.4295745646,0.3740433992,0.3134615675,0.3371981167,0.686270696,0.2332900754,0.8752649891,0.3424582326,0.4004215003,0.3195458719,0.2864089119,0.837866152,0.8800177786
74,1,1,1,1,1,0.1185458656,0.6378203326,0.7980363557,0.3677502834,0.431757167,0.3759239041,0.3162947657,0.3371591588,0.6836001212,0.2342820482,0.8763181998,0.341669006,0.4002632047,0.3175150674,0.2854046419,0.838727277,0.8796597246
74.5,1,1,1,1,1,0.1185348691,0.6353562719,0.8000648029,0.3705574336,0.4299548566,0.3741133079,0.3137450419,0.3391703264,0.6851545078,0.2359885561,0.8758793868,0.3437526143,0.4024315682,0.3191045988,0.2852056725,0.8370139673,0.8782044709
75,1,1,1,1,1,0.1190476452,0.6339686065,0.7991446407,0.3700985874,0.4319231319,0.3758596744,0.3153133934,0.3395108096,0.68670477,0.2348324526,0.8754741872,0.3434401324,0.4014533498,0.3196073076,0.2848240613,0.8358603619,0.8781185266
75.5,1,1,1,1,1,0.1185076959,0.6338007987,0.7995944466,0.3715875678,0.4317786088,0.3763872047,0.3163012505,0.339886304,0.6831838529,0.2359780844,0.8756306074,0.3443022579,0.403344547,0.3231014758,0.2855414156,0.8363676862,0.8777153312
76,1,1,1,1,1,0.1190752405,0.6377925688,0.8003351117,0.3726890454,0.4338213823,0.3733663978,0.3176728382,0.3413392693,0.6836921197,0.2361813146,0.8741326175,0.3403968906,0.4038485626,0.3236150762,0.2869663539,0.8372034877,0.8787436287
76.5,1,1,1,1,1,0.1197476273,0.6368755568,0.7997320985,0.373111329,0.433212374,0.3755998388,0.3154605882,0.339393609,0.681970043,0.2375733766,0.87364197,0.3415807563,0.4038462549,0.3243399947,0.2896675899,0.8365410455,0.8783842604
77,1,1,1,1,1,0.1185598383,0.6367526958,0.7998938009,0.3709583425,0.4324998324,0.3744153166,0.315968189,0.3407441719,0.6811113233,0.2387056921,0.8727326684,0.3406607365,0.4043369738,0.3242401191,0.2870850334,0.8370846758,0.878659049
77.5,1,1,1,1,1,0.1198473241,0.6370213326,0.8001664315,0.3717498868,0.4333469157,0.3764939776,0.3164428218,0.3400837637,0.6838038978,0.2393615461,0.8729202313,0.3395304875,0.4023665907,0.3225233897,0.2855990796,0.83650902,0.8791249238
78,1,1,1,1,1,0.1192257575,0.6358625375,0.7988644495,0.3720900866,0.4353171453,0.3760643495,0.3172921613,0.3415526703,0.6850626117,0.2383804381,0.8730991431,0.3399125112,0.4016493767,0.3218728957,0.285092828,0.8390211522,0.8790665221
78.5,1,1,1,1,1,0.1185590945,0.6344080622,0.7968399562,0.3725375252,0.4347625252,0.3778105079,0.3155200613,0.3417503337,0.6853376262,0.2405519284,0.873118116,0.3396546714,0.4028617213,0.3223358556,0.2849498838,0.838131651,0.8793018486
79,1,1,1,1,1,0.1189789124,0.6389085686,0.796756521,0.3748613457,0.4348844748,0.37961243,0.3181771104,0.3418235125,0.6865103413,0.2419426646,0.8731535915,0.3407727047,0.4011284062,0.3211406155,0.2871152829,0.8400207841,0.8784831055
79.5,1,1,1,1,1,0.1181020131,0.6373908846,0.7957129322,0.3778177348,0.4326671488,0.3778108189,0.3184681821,0.3418993061,0.6871202423,0.241972069,0.8725926451,0.3421375527,0.4034402112,0.3229628077,0.2868646187,0.8396928808,0.8795264027
80,1,1,1,1,1,0.1183210266,0.6369984348,0.7964657999,0.3771237331,0.433275816,0.3772263446,0.3182284638,0.3424579316,0.6866827873,0.2424460279,0.8728661182,0.3437792733,0.4030194878,0.3234976541,0.2883209872,0.8388483424,0.8787745272
80.5,1,1,1,1,1,0.117426945,0.6391632959,0.7967379667,0.3775674408,0.4317293582,0.3779547452,0.3184679995,0.3434716038,0.6844522086,0.2417701729,0.8730670336,0.3419688179,0.4039025453,0.3239971458,0.2882078377,0.8377014947,0.87893383
81,1,1,1,1,1,0.1172566981,0.6374379435,0.7961550328,0.3802496574,0.4347435469,0.3797087524,0.3157630018,0.3433540475,0.6864928407,0.2410711315,0.8725068414,0.343551061,0.4030253054,0.3243539014,0.2868765917,0.8388853542,0.8792828097
81.5,1,1,1,1,1,0.1172437143,0.6359476846,0.7981291273,0.3772503281,0.4337932405,0.3781133202,0.3158176734,0.3426865843,0.6868192969,0.2416435573,0.872995623,0.3444068675,0.403856833,0.3244869724,0.286779297,0.8386897908,0.8814333035
82,1,1,1,1,1,0.1168533208,0.6380837869,0.798305764,0.378754333,0.4350158916,0.377732976,0.3150717777,0.3422594728,0.6877448493,0.2413881114,0.8737090822,0.344573751,0.4035923521,0.3271560124,0.2862863008,0.8381609325,0.8812876849
82.5,1,1,1,1,1,0.1164640128,0.6392748566,0.7975336676,0.3797429565,0.4352133926,0.3775285589,0.3155626249,0.3411921614,0.6857156187,0.2412360924,0.873707977,0.3447175141,0.404963768,0.3264134726,0.2860261214,0.8375932408,0.8806287039
83,1,1,1,1,1,0.1161097368,0.6399041431,0.797975815,0.3799939025,0.4330595029,0.3765917827,0.3171170917,0.3424376305,0.6854202755,0.2408918057,0.8733418243,0.3439543348,0.4014357021,0.3248656773,0.2860523945,0.8400632753,0.8804511183
83.5,1,1,1,1,1,0.1160421562,0.6382709554,0.7991035529,0.37889743,0.4316592736,0.3763617069,0.316870038,0.3426674524,0.6839791857,0.2402436455,0.8726742736,0.3451170209,0.4027638136,0.3251077207,0.2865124713,0.8380594181,0.8805665789
84,1,1,1,1,1,0.1156997867,0.6381639337,0.8001683657,0.379007675,0.4321126635,0.3755695768,0.3158600581,0.3421213667,0.6831852476,0.2397187737,0.8721330422,0.3453051314,0.4045809086,0.323214768,0.2882381193,0.839151843,0.8803885452
84.5,1,1,1,1,1,0.1154978177,0.6403955788,0.7990024452,0.3774686126,0.433071973,0.3728360203,0.3133470113,0.3400840443,0.6836561336,0.2375712011,0.8723424284,0.3415889579,0.4038676232,0.3247494071,0.2872099281,0.8374568995,0.8789495892
85,1,1,1,1,1,0.1156790716,0.6378445239,0.7988713763,0.3767922673,0.4306177223,0.3714214137,0.3166318801,0.3402129471,0.6837531474,0.2379098142,0.8718082934,0.344943661,0.4026211384,0.323606241,0.2858931934,0.8375387301,0.8779454587
85.5,1,1,1,1,1,0.116072754,0.6385602911,0.8009160897,0.3757795833,0.4280596049,0.373152174,0.3150789961,0.3379123287,0.6843647594,0.2372607832,0.8715725013,0.3459007853,0.4019092865,0.3247150739,0.2872363763,0.8379989539,0.8776656271
86,1,1,1,1,1,0.1169632084,0.6408445207,0.7991887096,0.374060015,0.4302778289,0.3741256404,0.3157477959,0.3368361375,0.6856089981,0.2374529974,0.871443557,0.3459633755,0.4015381917,0.3239258971,0.2867525762,0.8373217913,0.8775115737
86.5,1,1,1,1,1,0.1158655249,0.638894325,0.7984290325,0.3769783056,0.4298889765,0.3772350778,0.3159228109,0.3384717222,0.6865127537,0.2369797172,0.869905967,0.342398397,0.4054951284,0.3224089938,0.2859870534,0.8380195757,0.8774389564
87,1,1,1,1,1,0.1155578925,0.6373145672,0.7969767666,0.3786801137,0.4295657344,0.3775767027,0.3163390984,0.3428586444,0.6844416301,0.2373125038,0.8686884138,0.3398983185,0.4075739285,0.3214561516,0.2857891267,0.8387896889,0.876178917
87.5,1,1,1,1,1,0.1173885087,0.6374923032,0.7975733948,0.3796957446,0.4293732193,0.3735275678,0.317797988,0.3426577371,0.6852736688,0.2359322166,0.8684556273,0.3414088223,0.4057820509,0.3201646579,0.2850846026,0.8391046538,0.8769592417
88,1,1,1,1,1,0.11724727,0.638634269,0.798627701,0.3762686293,0.4313195433,0.3758492082,0.3177957376,0.3432249003,0.6832699972,0.234381168,0.867977894,0.3421026019,0.4063698462,0.3190035901,0.2843652581,0.8389389494,0.8765652914
88.5,1,1,1,1,1,0.1167873819,0.6404268241,0.7979024844,0.3752645301,0.4313900759,0.3749279543,0.3167737506,0.3437977334,0.6833137755,0.2357858489,0.8690430748,0.3419237501,0.4064257533,0.3206559596,0.2871599279,0.838605475,0.8771454528
89,1,1,1,1,1,0.1173120333,0.6417835695,0.7994551016,0.375606884,0.4345629181,0.3743737841,0.3150429243,0.3418474417,0.6838383816,0.2362275058,0.870452565,0.3431586713,0.4044902129,0.317123528,0.2855606472,0.8382473102,0.8773558213
89.5,1,1,1,1,1,0.117297797,0.6392994841,0.7980465377,0.3752285211,0.433598797,0.3747002131,0.3156506316,0.3462721908,0.6838732655,0.2370640585,0.8698491005,0.3428617979,0.4042801308,0.319008231,0.28562018,0.8372550675,0.8792417282
90,1,1,1,1,1,0.1174199701,0.6394101906,0.7978943713,0.374415975,0.4333202396,0.3758986068,0.314145752,0.3459941662,0.6860806097,0.2362226652,0.8692493708,0.3408149041,0.4042617068,0.3200870051,0.2835160289,0.8374593607,0.8789599968
90.5,1,1,1,1,1,0.1167790702,0.6402561221,0.7987058822,0.372468539,0.4353568022,0.3766866407,0.3159653843,0.3442594061,0.686134417,0.2388016742,0.868796465,0.340047397,0.4012407556,0.3195333295,0.2834299279,0.8386675976,0.8806504219
91,1,1,1,1,1,0.1158637008,0.6380338906,0.7990636486,0.3732666187,0.433724872,0.3768034696,0.3146851355,0.340078217,0.6889793039,0.2374505928,0.8692761113,0.3401850882,0.4004767952,0.318705776,0.2857130102,0.8390927011,0.8806144603
91.5,1,1,1,1,1,0.1164386398,0.6395837462,0.7992558731,0.3729498034,0.4348475426,0.3775935324,0.3133662579,0.3407895098,0.6887880071,0.236864626,0.8695218731,0.340153917,0.3996137965,0.3187142909,0.2849544718,0.8370618747,0.8809141599
92,1,1,1,1,1,0.1168579433,0.640025395,0.7981326165,0.3743201747,0.433093164,0.3791295811,0.3144963916,0.3394650974,0.6905029941,0.2366681162,0.8687523599,0.3427387636,0.3964384507,0.3173782892,0.284472288,0.836941533,0.8810047162
92.5,1,1,1,1,1,0.117040013,0.6405828501,0.7973555171,0.3715642856,0.4328372627,0.3765185483,0.3172135432,0.3391483948,0.6919278188,0.2373724138,0.8686048703,0.3438089941,0.3998625026,0.319286903,0.2836181215,0.8364912521,0.881637116
93,1,1,1,1,1,0.1181554675,0.6404390884,0.7979953833,0.3685475928,0.4321257919,0.3734687788,0.3185250527,0.3396592068,0.6920757489,0.2371167327,0.869913427,0.3419935493,0.4005713914,0.3193088413,0.2856212374,0.8370424181,0.8821043725
93.5,1,1,1,1,1,0.1170158819,0.6386381063,0.7981964758,0.3679708077,0.4322819914,0.373100352,0.3195002166,0.3408357695,0.6885940329,0.2389897935,0.8704512899,0.3421060081,0.3984456834,0.3195281002,0.2851349695,0.8361451829,0.8819413603
94,1,1,1,1,1,0.1167989923,0.6390474829,0.7967580902,0.36808133,0.4313379079,0.3749162701,0.3161647095,0.3398640093,0.6901685987,0.2380365295,0.8700179212,0.3407191601,0.4005078418,0.3202166399,0.2869240295,0.8369778813,0.8813157792
94.5,1,1,1,1,1,0.1167118055,0.638612454,0.7971158878,0.3688740671,0.4324942185,0.3749205443,0.3162731289,0.3403360079,0.690209326,0.2390952882,0.8679691106,0.34111343,0.4027513451,0.3205878693,0.2857329541,0.8363139898,0.8817347669
95,1,1,1,1,1,0.1179174787,0.6401316134,0.7973909176,0.3702359924,0.4310123712,0.3756234691,0.3136372246,0.3422060606,0.6899552838,0.2389959337,0.8692408768,0.3415461684,0.3999831575,0.3234779926,0.2842183961,0.8372788216,0.8819939139
95.5,1,1,1,1,1,0.118590988,0.6370387067,0.7979150796,0.3723927108,0.4317653337,0.3760919273,0.3148320035,0.3419512394,0.6905682334,0.2382778425,0.870208075,0.3416936212,0.4001170056,0.324079179,0.2873122125,0.8359625837,0.8817243776
96,1,1,1,1,1,0.1183540157,0.6381630044,0.7982051724,0.3748051244,0.4309983738,0.3739103245,0.3151056005,0.3432493223,0.6896274083,0.2383478217,0.8718615581,0.3404314386,0.3993120221,0.3230845846,0.2879974846,0.8350139664,0.8810218185
96.5,1,1,1,1,1,0.1188844889,0.6390194568,0.7984792478,0.3764886871,0.4349384159,0.3752614484,0.3160298334,0.3453660448,0.6882150092,0.2371159188,0.8727264889,0.3402394638,0.4017157025,0.3220535673,0.2873510021,0.8342347788,0.8805868172
97,1,1,1,1,1,0.1199614942,0.6364649391,0.7991848961,0.3738767237,0.434704134,0.3755721408,0.3161484688,0.3452863798,0.6868370231,0.2382503656,0.8740642001,0.3380311706,0.402751464,0.3251470137,0.2882749065,0.8339062306,0.8804130411
97.5,1,1,1,1,1,0.1192462683,0.6383713796,0.7989666246,0.3743677419,0.4380596937,0.374917057,0.3164061807,0.3418062516,0.686562845,0.2365622426,0.8746853865,0.3389144518,0.4019584344,0.3236616424,0.2875950226,0.8358218045,0.8804526229
98,1,1,1,1,1,0.1188696539,0.6371116254,0.7992297299,0.3744971575,0.4341178269,0.3763004156,0.3166453581,0.3405728964,0.6866369519,0.2384328543,0.8746143651,0.3360855157,0.4018590493,0.3243941967,0.2890206995,0.8358923725,0.879957715
98.5,1,1,1,1,1,0.1186131647,0.6364305753,0.7997389299,0.3760202618,0.4323974271,0.3779094742,0.3203850515,0.3387471629,0.6860840862,0.2389732096,0.8740545326,0.3362458052,0.4020680617,0.3223954955,0.2879498714,0.8355784235,0.8796272674
99,1,1,1,1,1,0.1170278287,0.6367116399,0.7988814021,0.3769447942,0.4304781527,0.3760791819,0.3212784488,0.3419419762,0.686503067,0.2405740101,0.8728462747,0.3376859424,0.4015044495,0.3227647676,0.2874922071,0.835787764,0.8807112086
99.5,1,1,1,1,1,0.117317974,0.6356206441,0.799296262,0.3780051191,0.4311282591,0.3766137407,0.320124106,0.342911983,0.6888502044,0.2423601377,0.8719472854,0.3383429247,0.4008544193,0.3210961441,0.2893194144,0.8363628409,0.8816002891
100,1,1,1,1,1,0.1172743933,0.6358654641,0.7996168971,0.378342102,0.4323423246,0.3771544026,0.3206973481,0.3432496317,0.6889897892,0.2410018186,0.8719276018,0.3383172766,0.4017420495,0.3228312178,0.289509827,0.8370328446,0.8809515648
100.5,1,1,1,1,1,0.1176478389,0.636046798,0.7989293406,0.3760496054,0.4316861656,0.3761873513,0.3201557381,0.343518821,0.6889831599,0.2423427418,0.8730691748,0.3365723889,0.4013618271,0.321565156,0.2892750842,0.8367702162,0.8817518386
101,1,1,1,1,1,0.1171365014,0.6391389496,0.7990210391,0.3750893916,0.4323391907,0.3781524952,0.3210980022,0.344359356,0.6920094503,0.2412094953,0.8742315524,0.3383268789,0.4032509082,0.3228735711,0.2878933189,0.8371734084,0.8818150512
101.5,1,1,1,1,1,0.1177702516,0.640168505,0.7981642129,0.3743137088,0.4331264831,0.37889562,0.3219867875,0.3449532786,0.6899693722,0.2400047039,0.8738987964,0.3381152454,0.4011420843,0.3251984488,0.2884431587,0.8373062072,0.8812519191
102,1,1,1,1,1,0.1182182386,0.6372476742,0.7973073588,0.3749923333,0.433885044,0.3795701407,0.3203384618,0.3459654334,0.6903636181,0.2425153763,0.873556902,0.3368227782,0.4028438731,0.3229567955,0.2864538755,0.8369335483,0.8816845566
102.5,1,1,1,1,1,0.1182946889,0.636909087,0.7985343137,0.3750401308,0.4324724725,0.3772092568,0.3177077044,0.3488399263,0.693158509,0.2421771351,0.8736044877,0.3370070122,0.4010268785,0.3237805917,0.288460198,0.8361264011,0.8822711936
103,1,1,1,1,1,0.1170728784,0.6376874987,0.8003699212,0.3748758972,0.4324816791,0.3763914478,0.3196229683,0.3468486883,0.6917033355,0.2412439557,0.8734273984,0.3373277793,0.4017359049,0.3241614085,0.2873942942,0.8356009493,0.8825059075
103.5,1,1,1,1,1,0.1174462497,0.6381415195,0.8004231675,0.3734311801,0.4333041513,0.3788471661,0.318037374,0.3486313672,0.6923504197,0.2411112303,0.8726375424,0.3378407007,0.4023650516,0.3248301651,0.2890556934,0.8366235723,0.8835366709
104,1,1,1,1,1,0.1172372378,0.6374885571,0.8001030092,0.3734901342,0.4335499278,0.3785032825,0.3211227897,0.3438067733,0.6903294091,0.2408229784,0.8713291682,0.338623213,0.4011111103,0.3242322684,0.2904863861,0.8374138642,0.8829514459
104.5,1,1,1,1,1,0.1183224065,0.6370648268,0.800080221,0.3755817081,0.4344467668,0.3748892127,0.3216242647,0.3431329939,0.6906165239,0.2385371865,0.8718923436,0.3382806996,0.4004650433,0.3240353922,0.2884887622,0.8372272258,0.8838481277
105,1,1,1,1,1,0.118607198,0.6366906718,0.7973943642,0.376526551,0.434840758,0.3761064445,0.3211247918,0.3425920753,0.6924452247,0.2375493228,0.8731339485,0.3379268486,0.4012215388,0.3232081757,0.2881222342,0.8361848402,0.8837755093
105.5,1,1,1,1,1,0.1184549701,0.6346490869,0.7972000284,0.3755205292,0.4343676497,0.3778081209,0.3189265601,0.3413235564,0.6938694116,0.2379628263,0.8735020644,0.3380801572,0.3997997226,0.3238357524,0.2885976914,0.8366691842,0.8826484955
106,1,1,1,1,1,0.1184050226,0.6353767159,0.7987606825,0.3737466068,0.4342948188,0.3794867431,0.3161379645,0.3412356811,0.6928003194,0.236935083,0.8739526164,0.3388775301,0.3996610395,0.3236921375,0.2879194503,0.8376496244,0.882032695
106.5,1,1,1,1,1,0.1172678088,0.6368346437,0.7982360918,0.3733090227,0.43162597,0.3807011441,0.3196427615,0.3397342779,0.6919100055,0.2385224551,0.8735012674,0.3366849509,0.3989194839,0.3225151808,0.2892438609,0.8379268879,0.8816233107
107,1,1,1,1,1,0.1167019755,0.6389699691,0.7987704323,0.3733249334,0.4311070596,0.3778535056,0.3199077549,0.3416079816,0.6899783486,0.2379433732,0.8726638762,0.3399671646,0.398792598,0.3225738071,0.2890568227,0.8376710507,0.8811724031
107.5,1,1,1,1,1,0.1166666823,0.6375468394,0.7992056338,0.3748211189,0.4325596967,0.3768248576,0.3207716326,0.3404408106,0.6889496509,0.2392163562,0.8734161847,0.3428989222,0.3977985253,0.3222740783,0.2881379397,0.8366433128,0.8815215532
108,1,1,1,1,1,0.1172613049,0.6374533579,0.8007305624,0.3740203195,0.4318368782,0.3772193122,0.3208813505,0.3390711513,0.6886719356,0.2378002991,0.8736392019,0.3420886694,0.3974153468,0.3194806734,0.2859050244,0.8380282986,0.8807214457
108.5,1,1,1,1,1,0.1174051023,0.6380338267,0.800364995,0.372742357,0.4312052572,0.3760869826,0.320481448,0.3410789048,0.6880920382,0.2384925288,0.8742751616,0.3403042163,0.3968279845,0.3197112635,0.2862877707,0.8369989642,0.8810320785
109,1,1,1,1,1,0.1172474188,0.6384194412,0.7991699157,0.3711667704,0.4310616514,0.3783974117,0.3198072696,0.3418940102,0.688134955,0.2382770726,0.8733483807,0.34094429,0.3998453278,0.3189644396,0.2848690309,0.8363612385,0.8822803079
109.5,1,1,1,1,1,0.1181144128,0.6383786532,0.8006310438,0.3699170616,0.4298608389,0.3778569905,0.3187302335,0.3425004745,0.6896521838,0.2403341995,0.8728789051,0.3398458475,0.3978799439,0.3190355837,0.2844519548,0.8366584905,0.8824367327
110,1,1,1,1,1,0.1180121445,0.6388194156,0.7997755421,0.3734953554,0.4316248604,0.3762409444,0.3188435696,0.3424195153,0.6908220668,0.2391899139,0.8733495017,0.3424950999,0.3988789302,0.3188588619,0.2867169021,0.837160391,0.8817810515
110.5,1,1,1,1,1,0.1172872975,0.6376728538,0.7990206166,0.3736241736,0.4298718234,0.3745078637,0.3184684741,0.3444988289,0.6908841047,0.2400716331,0.8738135537,0.3429213074,0.4009642068,0.3199913379,0.2861206994,0.8382870573,0.8807497985
111,1,1,1,1,1,0.1171099962,0.6381664941,0.7975332442,0.3761547108,0.4294692518,0.3749369464,0.3206405025,0.3434331459,0.6912097245,0.2386844898,0.8743391472,0.3443744435,0.4022163698,0.3204900427,0.2854600927,0.8386024007,0.8803678626
111.5,1,1,1,1,1,0.1169120677,0.6373731911,0.7984101052,0.377206843,0.4323162595,0.3747198948,0.322690534,0.3454774167,0.6918275871,0.2382871117,0.8737062718,0.3428335998,0.402931606,0.3218885467,0.2840446119,0.8371568263,0.8815018576
112,1,1,1,1,1,0.1177240181,0.6385254174,0.7996555654,0.3782993465,0.4326339116,0.3759982977,0.3209810811,0.3429245231,0.6918310779,0.2398532731,0.8740274904,0.3422289394,0.4041640623,0.323094312,0.2851017006,0.8372804089,0.8809169806
112.5,1,1,1,1,1,0.116833576,0.6391234965,0.798994116,0.3737328908,0.4313119829,0.3779373884,0.3215121198,0.3419659623,0.6897908739,0.2397483551,0.8747127316,0.3398842224,0.403125639,0.3221035169,0.2861505638,0.8351698919,0.8799416514
113,1,1,1,1,1,0.1165332119,0.6405288691,0.7989812555,0.373776237,0.4295085492,0.3779071048,0.3199033733,0.3431165041,0.6874762674,0.2409914336,0.8756067704,0.3391314553,0.4056411371,0.3209743994,0.2855924467,0.8349974575,0.8804421551
113.5,1,1,1,1,1,0.1160223373,0.6392906727,0.798254964,0.3719374102,0.4296278634,0.3797580948,0.3172434072,0.3429615,0.6878685878,0.2417052939,0.875585603,0.3410109463,0.4031585665,0.3172903181,0.2874115877,0.8337204589,0.8806073521
114,1,1,1,1,1,0.1173413192,0.641036767,0.7992225941,0.3727471503,0.4312484903,0.3771023305,0.3157035249,0.3425612751,0.6866846309,0.2424246538,0.8744305933,0.3403779098,0.4048778573,0.318756132,0.2868429644,0.8329535298,0.8803549966
114.5,1,1,1,1,1,0.1169542013,0.6422176812,0.7988128955,0.37261121,0.4308350484,0.3764276026,0.3148966986,0.3394506986,0.6864038209,0.2417496755,0.874072661,0.3412364284,0.4032815686,0.3216688706,0.2867769491,0.8328553703,0.8804042746
115,1,1,1,1,1,0.1170851825,0.641252209,0.7986018971,0.3725164069,0.4304542129,0.376282045,0.3163678897,0.3411372122,0.6887411632,0.2418001088,0.8726687312,0.3400167119,0.4013580042,0.3203190892,0.2853184128,0.8333853227,0.8804749594
115.5,1,1,1,1,1,0.1180084977,0.6417732617,0.7976957822,0.3715120332,0.4306766068,0.3749517982,0.3194859767,0.3416878948,0.6879617617,0.2407694337,0.871937225,0.3386056851,0.4025098684,0.3202129611,0.2866158954,0.834001666,0.8792748463
116,1,1,1,1,1,0.118430225,0.6399463589,0.7969994226,0.3734860527,0.4307941936,0.3748274606,0.3176977406,0.3435216043,0.6889930422,0.2407709215,0.8710353166,0.3360352513,0.3987905579,0.3209002694,0.2886565251,0.8329750542,0.8791669715
116.5,1,1,1,1,1,0.1187633152,0.6410516371,0.7974944524,0.3701563502,0.4335132651,0.3756531619,0.3157823089,0.3446386716,0.6917413329,0.2418145521,0.8712037079,0.3390450632,0.401489676,0.3201511316,0.2855717517,0.832290527,0.8790206077
117,1,1,1,1,1,0.1181493124,0.6399582924,0.7984349971,0.3719240395,0.4335247972,0.3756493929,0.3162253897,0.3451695295,0.6923026713,0.242158797,0.8714345441,0.3400931601,0.3997809678,0.3204730217,0.2860283567,0.8325339106,0.8783172692
117.5,1,1,1,1,1,0.1173817407,0.6394700538,0.7998417297,0.3721211394,0.4332384002,0.3779216814,0.3161323869,0.3454581235,0.692464091,0.2425450478,0.8716616765,0.3407626005,0.4013984966,0.3204933688,0.2849119955,0.8332670728,0.876808574
118,1,1,1,1,1,0.117765303,0.6397685579,0.8008877461,0.3723011615,0.4342497413,0.3800453479,0.3179654719,0.3440230701,0.6916416715,0.2416948494,0.8711333109,0.3402498572,0.4021315363,0.321890508,0.2828418548,0.8327142195,0.8777451299
118.5,1,1,1,1,1,0.1176425518,0.6376611261,0.8008152976,0.3712619648,0.4318841964,0.3812522718,0.3165443068,0.3422328288,0.6894422995,0.2426444567,0.8716856554,0.3423991612,0.4026939222,0.3203420388,0.2847933357,0.8338792894,0.8790896359
119,1,1,1,1,1,0.1170551788,0.6381818437,0.7994447492,0.3706232859,0.4314250786,0.3788862269,0.3177318902,0.3433660418,0.6877184196,0.2428691523,0.8719135763,0.3433485943,0.4032255752,0.3221517063,0.2871943622,0.8333539295,0.8796189755
119.5,1,1,1,1,1,0.1168124394,0.6364644466,0.7992278131,0.3690023648,0.4306710278,0.3784972037,0.3180371567,0.3441751029,0.6885184823,0.2415529292,0.8715216099,0.3419017354,0.4015803101,0.3225808651,0.2876306768,0.8326911706,0.8788534353
120,1,1,1,1,1,0.1170505252,0.6359288543,0.8002376147,0.3720781594,0.4314838643,0.3773789119,0.3165248149,0.3451227114,0.6907654088,0.2402481664,0.8702736657,0.3426563092,0.4024047866,0.3225117751,0.287852168,0.83467455,0.8785694286
120.5,1,1,1,1,1,0.1182300616,0.6372121847,0.8001798638,0.3725589384,0.4314314366,0.3780058277,0.3176376203,0.3444419891,0.6909617362,0.2413071407,0.8717165012,0.3416694569,0.403327365,0.3246197055,0.2894039892,0.8334909704,0.8787668672
121,1,1,1,1,1,0.117986955,0.6372719005,0.8001119093,0.3734238573,0.4313770215,0.3780063935,0.3174172598,0.3454287089,0.6887307915,0.2419708641,0.8701652914,0.3414044244,0.4043267006,0.3243222887,0.2894777625,0.8342867371,0.879297365
121.5,1,1,1,1,1,0.116348303,0.6395938862,0.8007573839,0.3749005764,0.431722415,0.3759905657,0.3182130881,0.3426355514,0.6870701897,0.2418755091,0.8686804128,0.3432287242,0.4049805887,0.3212887276,0.2898722382,0.8344117848,0.8790029908
122,1,1,1,1,1,0.1164078293,0.6387055424,0.7998887973,0.3748730231,0.4346327599,0.37734412,0.3174324892,0.3399350731,0.6864229337,0.2418613396,0.8692241096,0.3420291181,0.405778521,0.3203592526,0.2887547376,0.8334853477,0.8795618172
122.5,1,1,1,1,1,0.1164639173,0.6386229395,0.8001638764,0.3736949306,0.4339796303,0.376251223,0.3153744205,0.3400523019,0.6845613557,0.2401213779,0.8694420708,0.3414107096,0.4070135118,0.3215525737,0.2879473501,0.8330573456,0.8798703816
123,1,1,1,1,1,0.1175032166,0.6371500189,0.7982053479,0.3731153762,0.4310500486,0.3753812911,0.3199105148,0.3395544989,0.6846302572,0.241753776,0.8705847611,0.3419979466,0.4062654041,0.3196690053,0.2890889543,0.8322163581,0.8805753681
123.5,1,1,1,1,1,0.1176930672,0.6374580324,0.7993688993,0.3723306406,0.4340374768,0.373353924,0.3188054741,0.3405246784,0.6857036297,0.2411603301,0.8708966196,0.3418476229,0.4056567129,0.3216184246,0.2883832353,0.832187115,0.8790289282
124,1,1,1,1,1,0.1176264272,0.6353284477,0.7980446095,0.3701283611,0.4357167505,0.3735019705,0.3191191243,0.341787142,0.6860881902,0.2410766788,0.8708055952,0.3429639023,0.4048834581,0.3204119791,0.2861842835,0.8314366872,0.8784589699
124.5,1,1,1,1,1,0.1173914184,0.6353070774,0.7973403138,0.3700898151,0.4323967352,0.3733538713,0.3182258317,0.3412984347,0.6852118909,0.2419136767,0.8729642977,0.3416884839,0.4039419777,0.3213027458,0.2854555643,0.8314185959,0.8796543431
125,1,1,1,1,1,0.117674296,0.6345433054,0.7977968787,0.36810143,0.4328655447,0.3754688814,0.3180353569,0.3403023747,0.6849476518,0.2426317843,0.8718483556,0.3433658664,0.4055450175,0.3221942251,0.2882054966,0.8318721253,0.8790032889
125.5,1,1,1,1,1,0.1177975965,0.6367836617,0.7987796295,0.3694075121,0.4350870488,0.3777907889,0.3202401584,0.3402560747,0.6864950933,0.2395973126,0.8720920276,0.3402607159,0.403341016,0.3241116346,0.2880168925,0.8328909887,0.8789326242
126,1,1,1,1,1,0.1167872108,0.6381571107,0.7971784218,0.3706859712,0.4328407217,0.3776676312,0.3201588279,0.3398177665,0.6855437448,0.2389381896,0.8720541971,0.3409828218,0.4038241457,0.3232173459,0.2893132862,0.8322368591,0.879330673
126.5,1,1,1,1,1,0.1177692879,0.6375531703,0.7966218819,0.3743842024,0.4330912101,0.3792967597,0.3188812718,0.3381404147,0.6875192816,0.2396723071,0.871993348,0.3406039498,0.4039761697,0.3215401073,0.2912725443,0.8326670673,0.8805713557
127,1,1,1,1,1,0.1181059023,0.6385935212,0.7959857682,0.376204308,0.4332407626,0.3793944369,0.3209920261,0.339932136,0.6868698082,0.2385402929,0.8718278675,0.3413446186,0.4037276978,0.3203558942,0.2904976991,0.8331324486,0.8805362999
127.5,1,1,1,1,1,0.1182536777,0.6388525055,0.7978047271,0.3743307064,0.4315402961,0.3764025366,0.3199011838,0.3391152745,0.684687894,0.238831363,0.8706854191,0.3406193585,0.4038288972,0.3187004017,0.2878303071,0.8331130366,0.8820346893
128,1,1,1,1,1,0.1194935305,0.6370518475,0.7984078539,0.3745458416,0.4293164917,0.3758964594,0.3210332077,0.3375072398,0.683791735,0.2386320055,0.8693945661,0.3400196522,0.403061316,0.3186912489,0.2889209061,0.8322857336,0.8824300428
128.5,1,1,1,1,1,0.1187561381,0.637679852,0.7987123326,0.3741861318,0.433215152,0.3746376108,0.3187609187,0.3394056629,0.6828055003,0.2399692691,0.8691776452,0.339703825,0.4039367442,0.3180255951,0.289791457,0.8342895417,0.8822747381
129,1,1,1,1,1,0.1183333032,0.6379328818,0.7995924195,0.3760007574,0.4333147955,0.374926197,0.3164832458,0.3382880139,0.6822006522,0.2381329567,0.8692642357,0.3397318722,0.4037717928,0.3182651969,0.2883499717,0.8351688428,0.8824965418
129.5,1,1,1,1,1,0.1178203132,0.6384191122,0.7996638078,0.3744735512,0.4340577835,0.3775648258,0.3142436928,0.3392857854,0.6817782508,0.2382453822,0.8682596811,0.341300291,0.4059218042,0.3172866026,0.2867820156,0.8345465291,0.882936844
130,1,1,1,1,1,0.1183316119,0.6374974686,0.7993926334,0.3754070764,0.4344987023,0.3758068798,0.3169501521,0.3390987766,0.6806375042,0.2386100824,0.8689398285,0.3413825472,0.4037366869,0.320317958,0.2857970861,0.8343643152,0.8836729867
130.5,1,1,1,1,1,0.1190570543,0.6357691229,0.7991663101,0.3730305185,0.4359925422,0.3785537762,0.3148094736,0.3386746991,0.678659904,0.2383583662,0.8693406975,0.3412919268,0.4049438044,0.3224017565,0.2877581096,0.8338064801,0.8832249376
131,1,1,1,1,1,0.1183733805,0.636072289,0.7985246089,0.3706766368,0.4341090831,0.3748098618,0.3174458694,0.3386793024,0.679431808,0.2407635145,0.8694867324,0.342759912,0.4017219863,0.3216401602,0.2878327767,0.8352228462,0.8827510654
131.5,1,1,1,1,1,0.1173779216,0.6362013928,0.799165402,0.3731001955,0.4315710427,0.3762380852,0.3170682232,0.3393566468,0.6811267213,0.2389225783,0.8686044169,0.3416192335,0.4017880064,0.3236937663,0.2877301766,0.8332357199,0.882680507
132,1,1,1,1,1,0.1165251252,0.6382777329,0.7978022291,0.3740649742,0.4281523481,0.375168901,0.3184488744,0.3387216248,0.6808882355,0.2384025786,0.8688318746,0.340424409,0.4026385748,0.3242045637,0.2882773264,0.8332756578,0.8831148768
132.5,1,1,1,1,1,0.11687422,0.639915697,0.7976230488,0.3780334543,0.427413514,0.3731487714,0.3170890324,0.3392137425,0.6823242676,0.2387879173,0.8698311241,0.3409819189,0.4060791044,0.323343656,0.2877023214,0.8337482767,0.8827590391
133,1,1,1,1,1,0.1171840985,0.6398092719,0.7984322836,0.3783284932,0.4294916643,0.3742132469,0.3177595566,0.3402008959,0.6848091534,0.2381165227,0.8703588841,0.3415079546,0.404520873,0.3244861769,0.2888893102,0.83374689,0.8842499853
133.5,1,1,1,1,1,0.1160021614,0.6371041289,0.7961282911,0.3770674048,0.4277003172,0.3750680795,0.3178735518,0.3395263968,0.6862352702,0.2385513782,0.871005682,0.3391962632,0.4042619431,0.3252327506,0.2894119515,0.8348357988,0.8832277195
134,1,1,1,1,1,0.1154460631,0.6382472946,0.7958095497,0.3766916162,0.4289698798,0.3774258557,0.3158267254,0.3395229938,0.6848501686,0.2385840498,0.8716748863,0.338871955,0.4030296424,0.3223302121,0.2923902208,0.8346095493,0.8838004218
134.5,1,1,1,1,1,0.1162207465,0.637648484,0.7963076663,0.3759504025,0.4286028062,0.3800378753,0.3167611693,0.3410588799,0.6821946821,0.2387349851,0.8722777343,0.3378754923,0.4014128146,0.3209216712,0.292217022,0.8340533619,0.8821923107
135,1,1,1,1,1,0.1153414706,0.6397274263,0.7978039594,0.3760567441,0.430547013,0.3802138281,0.3176726723,0.3417833516,0.6829501353,0.2376431226,0.8714125882,0.3407741293,0.4003415563,0.3203239453,0.2902658853,0.8352006645,0.8825856459
135.5,1,1,1,1,1,0.1150489475,0.63903342,0.7981585478,0.3752326191,0.4305026649,0.3799322145,0.3161891737,0.3439737399,0.6835493409,0.2362823322,0.871719126,0.3408622909,0.4033351327,0.3197132231,0.2895757664,0.833574907,0.8824953441
136,1,1,1,1,1,0.1162995959,0.6402060786,0.7970687308,0.3757906364,0.4301887594,0.3781676603,0.3173089988,0.3421227961,0.68361035,0.2364431139,0.872307493,0.339651398,0.4029991769,0.3195734972,0.2875768962,0.8336147254,0.8822185896
136.5,1,1,1,1,1,0.1163332561,0.6395649678,0.8001687251,0.3756573054,0.4305460049,0.378205159,0.3178190429,0.3434707943,0.6842098669,0.2372071955,0.8717744596,0.3387869307,0.4038487728,0.3194951969,0.2888549155,0.8327309738,0.8805779081
137,1,1,1,1,1,0.1178122208,0.6398795773,0.7985326469,0.3784316794,0.4288884374,0.3775504672,0.3168716065,0.3424271322,0.684425853,0.2385383997,0.8713410026,0.338995639,0.4034795886,0.3218449921,0.2874376063,0.8324807256,0.8802942375
137.5,1,1,1,1,1,0.1169095212,0.6406904727,0.7990451764,0.3802833692,0.4311280513,0.3773011139,0.3178585173,0.3420765899,0.6854813821,0.2398134686,0.8711856406,0.3393092928,0.4018159888,0.3211162113,0.2873285227,0.831699527,0.8802683196
138,1,1,1,1,1,0.1168890264,0.6397168798,0.7997625079,0.3808655872,0.4319307983,0.3763943406,0.317091058,0.3407675444,0.6836983217,0.2427057655,0.8729360508,0.3400594679,0.4003920721,0.323005849,0.2851565188,0.8322829476,0.8808199892
138.5,1,1,1,1,1,0.1161917565,0.6387499311,0.798964272,0.3810836713,0.4306757687,0.3754032716,0.3171613491,0.3370779992,0.6847089827,0.2418258921,0.8726486343,0.3389876319,0.4009429398,0.3240765838,0.2875128757,0.8331704339,0.8809860446
139,1,1,1,1,1,0.1163718436,0.6412860102,0.7985955217,0.3791816266,0.4298945548,0.3736136337,0.3194762567,0.3398219266,0.6871540247,0.2409703522,0.8726408454,0.3381144175,0.4022282007,0.3232223531,0.2889691033,0.8346258459,0.8812395064
139.5,1,1,1,1,1,0.1162853476,0.6377759684,0.7977676626,0.3818898358,0.430118142,0.3749354383,0.3173060023,0.3393115527,0.6869944592,0.2408029,0.8730730362,0.3396339389,0.3997995447,0.3232407683,0.288396128,0.8360225743,0.8823747459
140,1,1,1,1,1,0.1172015092,0.6377421794,0.7977798253,0.3794431199,0.431011048,0.3732090391,0.3176465018,0.3429555597,0.6866245264,0.2409334856,0.8728702862,0.3412504031,0.3997754307,0.3218396544,0.2885957135,0.8358271189,0.8832700491
140.5,1,1,1,1,1,0.117143096,0.6363759399,0.7968568539,0.3792977586,0.4317192652,0.3740950809,0.3180259874,0.3421212097,0.6863260922,0.2406023141,0.871901648,0.3406250487,0.4008455416,0.3217841818,0.2889552231,0.835928278,0.8821072804
141,1,1,1,1,1,0.1176864874,0.6399398816,0.7959132923,0.3791557531,0.4335617029,0.3757833435,0.3181793879,0.340549106,0.6860679546,0.2404011384,0.8718885152,0.3390134762,0.4002273819,0.3225959765,0.2883380689,0.8349173023,0.8826212923
141.5,1,1,1,1,1,0.116389204,0.6412515479,0.7960486859,0.3783759611,0.4341165663,0.3752553582,0.3154591191,0.3428829457,0.6887295674,0.2408409434,0.8719584541,0.3373951058,0.401299928,0.3233210793,0.2882329354,0.8351352317,0.8829603352
142,1,1,1,1,1,0.1163106447,0.6386181937,0.7976758315,0.3794320115,0.4301332135,0.3748925539,0.3163325802,0.3420083892,0.6897372828,0.2407733867,0.8718286764,0.3377056507,0.4010713503,0.321870309,0.2888167835,0.8342039945,0.8822485441
142.5,1,1,1,1,1,0.11536572,0.6381322175,0.7987144191,0.3797448739,0.4308582551,0.3761293357,0.3159179337,0.3426982583,0.6906108783,0.2405596225,0.8730487131,0.3377330489,0.4008907543,0.3204837637,0.2908290459,0.8342631673,0.8824218767
143,1,1,1,1,1,0.115843756,0.6388325753,0.7995672004,0.3752159429,0.4306479995,0.3762407584,0.3166184194,0.340983333,0.6896440048,0.238463799,0.8731452247,0.3374521772,0.4002185133,0.3222764691,0.2875307827,0.8339227195,0.8812888391
143.5,1,1,1,1,1,0.1161638947,0.6365829233,0.7998648069,0.375701624,0.430041369,0.3757353486,0.3178140576,0.3410445579,0.6906839838,0.238088824,0.8731032835,0.3398771208,0.3991279133,0.3270430214,0.2851768851,0.8337719246,0.8817859845
144,1,1,1,1,1,0.1169911377,0.6359760675,0.7986448471,0.376842172,0.4318162001,0.3769513165,0.3195098953,0.3422816377,0.6880397189,0.2391609629,0.8740163369,0.3387669863,0.4028186469,0.3245788611,0.2846227215,0.8351938621,0.8816553893
144.5,1,1,1,1,1,0.1169053508,0.6369202092,0.7976947129,0.3807852641,0.4338477249,0.3795054402,0.3179879526,0.3420390351,0.6885619174,0.2400451997,0.872734082,0.3389101206,0.401771098,0.3223184133,0.2864991936,0.8358643262,0.8818146422
145,1,1,1,1,1,0.1175685538,0.6376498554,0.796722567,0.3795185499,0.4333562668,0.3796407455,0.3177733226,0.3405292001,0.6867267663,0.2421313978,0.8730554124,0.3402179637,0.4024327105,0.3224316869,0.2873191042,0.8372426563,0.8797552738
145.5,1,1,1,1,1,0.1171734915,0.6396870416,0.7982915327,0.377763248,0.4319890196,0.379942618,0.3178481872,0.3411706564,0.6874205486,0.242499796,0.8723480901,0.3400710451,0.4046344207,0.3229280112,0.2887992847,0.8363984547,0.8797904096
146,1,1,1,1,1,0.1176107708,0.6393646527,0.7983651913,0.3802629932,0.4283972032,0.3774966755,0.3182252802,0.3378750139,0.6876658353,0.2415667168,0.8719167518,0.3401614082,0.4045994842,0.3207329086,0.2847154385,0.8357442975,0.8796417012
146.5,1,1,1,1,1,0.1171782427,0.6413873079,0.7972411736,0.3792952304,0.42767116,0.3743054573,0.3195516445,0.3388560357,0.6856849465,0.2390853436,0.8732780305,0.3393789584,0.4058496137,0.3207070442,0.2848777361,0.8361814867,0.8792226239
147,1,1,1,1,1,0.1170364711,0.6409332764,0.7961743487,0.3777086042,0.4286020935,0.3765801113,0.3212275676,0.3385960819,0.6875225479,0.2390370852,0.8728154599,0.3397459292,0.4059262476,0.3222903075,0.2847999622,0.8364360158,0.878362796
147.5,1,1,1,1,1,0.1157545679,0.6410594755,0.7981031112,0.3764782908,0.4330965184,0.3758181896,0.3192552779,0.3388157508,0.6891156399,0.2382423168,0.8735231468,0.3403302982,0.4061258049,0.322728963,0.286479925,0.8372949938,0.8782780684
148,1,1,1,1,1,0.1165886309,0.6380968757,0.7988404002,0.3779918734,0.4326086476,0.3736661096,0.3181949429,0.3400513775,0.6882020973,0.2397450462,0.8730308001,0.3379476484,0.4069612487,0.3230035722,0.2892405097,0.835536656,0.8790628124
148.5,1,1,1,1,1,0.1169835457,0.6374869176,0.8006916099,0.3766092304,0.4326312743,0.376966931,0.31993031,0.3388540022,0.6874618009,0.2378739716,0.8731188684,0.3393342249,0.4042373727,0.3227310918,0.2876331449,0.8340356795,0.8789652825
149,1,1,1,1,1,0.117874217,0.6398723567,0.7996475584,0.3737443604,0.4303224334,0.3753493201,0.3201373148,0.3389720369,0.6897842151,0.2376546827,0.8727871521,0.3393087254,0.3996294715,0.3217072141,0.2895719752,0.833408543,0.8788732203
149.5,1,1,1,1,1,0.1175262646,0.640344745,0.7991554731,0.3739267868,0.4315474,0.3730891284,0.3191994788,0.3393821878,0.6884474009,0.2389208276,0.8718803735,0.339322137,0.4012662267,0.318552472,0.2887941786,0.8336688081,0.8790113256
150,1,1,1,1,1,0.1193767951,0.6373108476,0.798987495,0.3738923607,0.4319482774,0.3739873486,0.3170063478,0.3410954149,0.691212257,0.2389018481,0.8721086215,0.3409693594,0.401357078,0.318167622,0.2861715296,0.8335974277,0.878648101
150.5,1,1,1,1,1,0.1185348309,0.6389304985,0.7997016036,0.3723443453,0.4289160529,0.3743414175,0.3177838893,0.3422958469,0.6911208503,0.2377593732,0.8710978594,0.3418511648,0.3992028781,0.3199193162,0.2856316058,0.8339123158,0.8784269407
151,1,1,1,1,1,0.1172556454,0.6349925358,0.7994616623,0.3719367792,0.4289029885,0.3737398405,0.3174670346,0.3423177247,0.6929288615,0.2386680603,0.8724034558,0.3423744918,0.3986753044,0.3186467042,0.2874425552,0.835165319,0.8778055855
151.5,1,1,1,1,1,0.1175827028,0.6368767222,0.7985276629,0.3730440239,0.4285807999,0.3728411739,0.3147581496,0.340229484,0.6929127931,0.2379907194,0.8731466175,0.3408285689,0.4009352007,0.3203347794,0.2854377676,0.8353173328,0.8774930143
152,1,1,1,1,1,0.1167153708,0.6383964348,0.8002634255,0.3701928661,0.4267561306,0.3736142264,0.3156454508,0.3391700475,0.691020337,0.2391128614,0.87396588,0.3395000656,0.4015033469,0.3194150901,0.2842663908,0.8356967239,0.8771379403
152.5,1,1,1,1,1,0.1177554211,0.636803789,0.8005872335,0.3712004694,0.4260744087,0.3727716795,0.3146544823,0.3379271998,0.6892250684,0.237345776,0.8742731235,0.3394757473,0.4034594542,0.3196203404,0.2846762774,0.8357061538,0.8772672267
153,1,1,1,1,1,0.1174197155,0.6384156977,0.7995367315,0.37213145,0.4280561737,0.373607707,0.3148064028,0.3403506887,0.685645958,0.2375620275,0.8753161703,0.3396415017,0.4033388107,0.3186125338,0.284104655,0.836097651,0.8772478891
153.5,1,1,1,1,1,0.1167694726,0.6358295009,0.8000038024,0.3727519234,0.4267941972,0.3747230524,0.3164189988,0.3393487684,0.683948663,0.23777455,0.8753916198,0.3386754368,0.4029145376,0.321947372,0.2839735033,0.835720541,0.8782367716
154,1,1,1,1,1,0.1175884639,0.6347742456,0.8000697973,0.3716605004,0.4251730567,0.3744284605,0.319233823,0.3384159531,0.683121069,0.2392314967,0.8728523769,0.3394593351,0.4028281283,0.3228615621,0.2835345229,0.8355044526,0.8784989873
154.5,1,1,1,1,1,0.1170331366,0.6372837809,0.7990176293,0.3749956401,0.4289615792,0.3733133823,0.3157865886,0.3392022456,0.6834629077,0.2395806658,0.8739619243,0.3393755204,0.4035978922,0.3228111953,0.2851594687,0.8378549935,0.878643265
155,1,1,1,1,1,0.1173304792,0.6372560902,0.7992450878,0.3733231475,0.4288815427,0.374979977,0.3165059291,0.3379518277,0.6825019816,0.2383727909,0.8754602374,0.340230137,0.4036120214,0.3222311031,0.2860379172,0.8380670872,0.8777862177
155.5,1,1,1,1,1,0.117232797,0.636862793,0.799061324,0.3749558187,0.4305776738,0.3762010122,0.3192930727,0.3363950846,0.6834149769,0.238530783,0.8746786532,0.3410491875,0.4040859341,0.3222249135,0.2856843631,0.8374167754,0.8781463164
156,1,1,1,1,1,0.1180081271,0.6377399471,0.7996335179,0.3738807997,0.4300815896,0.3768246553,0.319955958,0.3388466657,0.6824470621,0.2397732051,0.8740314252,0.3394430521,0.4045983798,0.3225484263,0.2848818309,0.8368882957,0.8782438524
156.5,1,1,1,1,1,0.1186439936,0.6383009053,0.7985189789,0.3726923348,0.4303828167,0.3773142162,0.3185430473,0.3418972933,0.6834515874,0.2385167772,0.8750614355,0.3427078802,0.4044933048,0.3219313806,0.2862761893,0.8356323913,0.8783308266
157,1,1,1,1,1,0.1186384195,0.6375132408,0.7983774121,0.3741743871,0.4292365829,0.3766034633,0.3182542802,0.3430275699,0.681943335,0.2392742026,0.8750501003,0.3396993424,0.4052145668,0.3227698071,0.2843978424,0.8355859519,0.8777918645
157.5,1,1,1,1,1,0.1173349447,0.6385255284,0.7986134253,0.372749785,0.4316232017,0.374540217,0.3185583984,0.3432734211,0.679676832,0.2400460824,0.8760400605,0.3384032604,0.4030255596,0.3243103015,0.285542019,0.8363073781,0.8771178545
158,1,1,1,1,1,0.1167712085,0.6360809355,0.7980071674,0.3744217556,0.4292402859,0.37218384,0.3189843078,0.3434662055,0.681820296,0.2423787607,0.8762857591,0.336958368,0.4051406253,0.3239312628,0.2863664746,0.8373858373,0.8776390488
158.5,1,1,1,1,1,0.1160511629,0.6362851808,0.7975394114,0.3761020718,0.4309289723,0.3725261676,0.3173094266,0.3433555243,0.6829124428,0.2399587453,0.8756149861,0.3365580927,0.4059388019,0.3248410429,0.2850046127,0.8358288837,0.8780070019
159,1,1,1,1,1,0.117380119,0.6368741633,0.7972113208,0.3748013619,0.4313503009,0.3722615968,0.3169350026,0.3460638486,0.6840080079,0.2391685464,0.875120321,0.3399601095,0.4056931728,0.3227752317,0.2838960318,0.8356487759,0.877760196
159.5,1,1,1,1,1,0.1173331355,0.6358904319,0.7973770138,0.3756638757,0.4313026469,0.3726440663,0.3158184896,0.3460476543,0.6839421877,0.2415499287,0.8755596736,0.3413287726,0.4046474623,0.3243032657,0.2864420384,0.836338274,0.8778137788
160,1,1,1,1,1,0.1169680216,0.6349965696,0.796134666,0.3731291427,0.4310598782,0.3772616592,0.3149919901,0.346031274,0.6837339318,0.2424435234,0.8759305596,0.3405156226,0.4059796678,0.3236000475,0.2854035987,0.8361474342,0.8781781772
160.5,1,1,1,1,1,0.1163200299,0.6371445534,0.7966554995,0.3702128377,0.4340311318,0.3794505162,0.3160857475,0.3466456909,0.6844022542,0.2419732317,0.8748922255,0.3405816599,0.4058354855,0.3219377681,0.2862580522,0.8363635737,0.878482687
161,1,1,1,1,1,0.1154503376,0.6366193533,0.79694668,0.3734213151,0.4350322179,0.378852244,0.3181812375,0.3422970921,0.6847416762,0.2409348014,0.8746037579,0.3400469957,0.4076588291,0.3247824595,0.2856262822,0.8352906751,0.8780670709
161.5,1,1,1,1,1,0.1171411567,0.6359833992,0.7979317809,0.376190919,0.4339305387,0.3799079513,0.31949929,0.3397723338,0.6864039533,0.2387502134,0.8752124037,0.3397359657,0.4052615565,0.3241777224,0.2874105748,0.8349676517,0.8775602583
162,1,1,1,1,1,0.1171617998,0.6361813607,0.7968727223,0.3767455118,0.4324824106,0.379657426,0.3197557724,0.3406067549,0.6854666878,0.241176954,0.874940143,0.3411540693,0.4043150182,0.3243342167,0.2883481403,0.8360371792,0.8779321332
162.5,1,1,1,1,1,0.1171081427,0.6377870765,0.7980332259,0.3768881831,0.4338068703,0.3808699396,0.3192808495,0.3400596232,0.6846870602,0.2405536328,0.8749975591,0.3400588666,0.4035328876,0.3259143633,0.2881227109,0.8368967448,0.8789006287
163,1,1,1,1,1,0.117860011,0.6369255656,0.7979455215,0.3762685846,0.4335908115,0.3781934816,0.3199267658,0.340997773,0.6856255899,0.2405272338,0.8757106687,0.3377340213,0.403187769,0.324631834,0.2857359368,0.8382395248,0.8783286845
163.5,1,1,1,1,1,0.1177194231,0.6373546781,0.7973647918,0.3755084031,0.4324108413,0.3784235964,0.3186178046,0.3400203608,0.6855474387,0.2388769591,0.8758356726,0.3403017843,0.401122988,0.3244277834,0.2870354535,0.8399139478,0.878527326
164,1,1,1,1,1,0.1173210656,0.6371690666,0.7977990125,0.3774193361,0.4319559416,0.3805173729,0.3189558373,0.339223563,0.6835788421,0.2385940357,0.8755416303,0.3402221876,0.4011218074,0.3219859254,0.2855211307,0.8388998926,0.8780555029
164.5,1,1,1,1,1,0.1196580754,0.637173581,0.7982776371,0.3757051104,0.4314967814,0.3814401199,0.3187673791,0.3385625424,0.6832964491,0.2369924622,0.875865064,0.3393192884,0.4038261257,0.3203188065,0.2851797844,0.8377713742,0.8784232046
165,1,1,1,1,1,0.1180939757,0.6346724371,0.7985805289,0.3766743789,0.4331243695,0.3807211079,0.319784984,0.3399058798,0.6874690515,0.2391534595,0.8758476758,0.3401316781,0.4036882935,0.3214825656,0.2841253031,0.8374084747,0.8788978008
165.5,1,1,1,1,1,0.1179331968,0.6351237577,0.7975082332,0.3760154357,0.4306145621,0.380375347,0.3203335615,0.342051923,0.6878994129,0.2391871479,0.8754527368,0.3413629819,0.4011736338,0.3199957241,0.2868473979,0.8356305744,0.8784016835
166,1,1,1,1,1,0.1184996545,0.6351192827,0.7997962485,0.3770209302,0.4303283131,0.3812269286,0.3195005081,0.3436498284,0.6850220807,0.2377717289,0.8756441772,0.3426043664,0.4016097309,0.3210589667,0.285180754,0.8355100215,0.8785795168
166.5,1,1,1,1,1,0.1183053903,0.6350779303,0.7976641786,0.376941061,0.4311316836,0.3790630846,0.3190149722,0.3424512171,0.6864808859,0.2379657635,0.8753687579,0.3400705288,0.4048269136,0.320988623,0.2836615618,0.8354068352,0.8789636013
167,1,1,1,1,1,0.1182186413,0.6366329572,0.7964443337,0.3758120715,0.4322507539,0.3786530321,0.3193135719,0.3405866729,0.6855663709,0.2388796266,0.8757685762,0.3410318183,0.4038510905,0.3214969785,0.2836971712,0.8358279678,0.8793064479
167.5,1,1,1,1,1,0.1176972102,0.6368666048,0.7988316514,0.3758161695,0.4330556356,0.3779844089,0.3181366874,0.3413386486,0.6864267703,0.2394979804,0.8755885315,0.3422068153,0.4029094509,0.3205413677,0.2841814823,0.8352176035,0.8782786293
168,1,1,1,1,1,0.1177908573,0.6349384767,0.7966317763,0.376913297,0.431958017,0.3798152008,0.3181907515,0.3406080411,0.6855971505,0.2396297227,0.8764809621,0.3414953978,0.4057936565,0.3203026887,0.2846436295,0.8363703123,0.8781738423
168.5,1,1,1,1,1,0.1179208211,0.6351623182,0.7962044145,0.3786829792,0.4276891815,0.37979593,0.3175481415,0.3395658165,0.684448232,0.2403467,0.8766457851,0.3384676166,0.4059379168,0.3233837227,0.2860388462,0.837519175,0.8784674447
169,1,1,1,1,1,0.1167956857,0.637475248,0.7954853341,0.3790284301,0.4287898428,0.3780038935,0.3194569453,0.3411504935,0.6815285819,0.2397605826,0.8771055933,0.3400665961,0.4063274731,0.3226130017,0.2875253408,0.8372193439,0.8773605643
169.5,1,1,1,1,1,0.1165402844,0.6394634501,0.7977776201,0.3762698395,0.4299523573,0.3764471588,0.3184827688,0.3409532522,0.6825628183,0.2382201012,0.8764312487,0.3393566361,0.4051425933,0.3250931271,0.2900796856,0.8360102228,0.8776315094
170,1,1,1,1,1,0.1167059311,0.6388266779,0.798557864,0.3771518854,0.4293741793,0.3739812239,0.3192088967,0.3421049133,0.6833903763,0.2383056305,0.8762736952,0.3404234333,0.402735402,0.3230599172,0.2902922002,0.8345755094,0.8783661822
170.5,1,1,1,1,1,0.1171333152,0.6370486379,0.7987937903,0.3769914962,0.4291267335,0.3756182444,0.3190363529,0.3402732071,0.6835148931,0.2371715463,0.8751874885,0.3407755708,0.402712263,0.3237623252,0.2871524765,0.8354303971,0.8770966373
171,1,1,1,1,1,0.1160684411,0.6395977838,0.7973222966,0.3787266847,0.4326820695,0.3760139855,0.3177227454,0.3427749991,0.6831424119,0.2369335039,0.8752580465,0.3389744738,0.4020362873,0.3235478397,0.2856196497,0.8350460593,0.8765198835
171.5,1,1,1,1,1,0.1174066573,0.636888166,0.7966929305,0.3783200317,0.4306504141,0.3765962246,0.3189104175,0.3407276256,0.6848900371,0.2384650223,0.8741269692,0.3411458897,0.4030537779,0.3213556891,0.285471125,0.8378093812,0.8769840858
172,1,1,1,1,1,0.1178829597,0.6397343941,0.7979489639,0.3762211775,0.4299791644,0.3737423263,0.3176658482,0.3391572657,0.6823624695,0.2395139053,0.8738568056,0.3424543415,0.4017821165,0.3207398517,0.286037996,0.8369796133,0.8772501263
172.5,1,1,1,1,1,0.1177297153,0.6397413128,0.7985886999,0.3768788665,0.4298818307,0.3709091361,0.3191764436,0.3380046215,0.6840643329,0.2373954628,0.8733882764,0.3438822776,0.4009141709,0.3225001885,0.2885980492,0.8378089162,0.8772898727
173,1,1,1,1,1,0.1164945182,0.637802464,0.7974562077,0.3764401707,0.4305144374,0.3701520657,0.318694201,0.3366307075,0.6838908804,0.2363093727,0.8733584615,0.3445804996,0.4020762614,0.3211623423,0.2887702875,0.837911702,0.8772979102
173.5,1,1,1,1,1,0.1170927449,0.6362003573,0.7953996147,0.377374992,0.431868555,0.3719543263,0.3169011768,0.336497187,0.6842648034,0.2380433382,0.8728744547,0.3437310452,0.4020097097,0.3211858723,0.2857331825,0.8381090275,0.8781349212
174,1,1,1,1,1,0.1173650541,0.6363217939,0.7960173589,0.376649519,0.4297677458,0.3745862668,0.3180140941,0.3381291821,0.6848524844,0.2374361025,0.8715944827,0.3416830405,0.400001366,0.3201183051,0.2850710902,0.8363501852,0.8789627492
174.5,1,1,1,1,1,0.1155229068,0.6348710432,0.7975663056,0.3713729084,0.4303339942,0.3762404375,0.31708109,0.3394951857,0.6852186639,0.2368880135,0.8708143975,0.3412964168,0.3989159019,0.3188575522,0.2851433635,0.8358924818,0.8792862898
175,1,1,1,1,1,0.1159344649,0.6359118301,0.7968225214,0.370231273,0.4331437043,0.3778226395,0.3179118682,0.3383887288,0.6850425018,0.2378009636,0.8714414278,0.3420017969,0.4006641995,0.3212757648,0.2873102699,0.8356484895,0.8798981928
175.5,1,1,1,1,1,0.1162352726,0.6357216729,0.7963921681,0.3717700114,0.4331499175,0.3798960449,0.3167553369,0.3402426012,0.6856042912,0.2381259909,0.8706949804,0.3412519681,0.4010424098,0.3217670773,0.2904377517,0.8366719816,0.8797961393
176,1,1,1,1,1,0.1157920323,0.6354949343,0.7956400811,0.3748557169,0.4328227178,0.3761067904,0.3158065177,0.3390125755,0.6858966766,0.2375027391,0.8708650957,0.3406753395,0.4013407975,0.3210458916,0.2891941178,0.8364500842,0.8803415703
176.5,1,1,1,1,1,0.1168892764,0.6368352279,0.7974776009,0.3726946015,0.4312663411,0.3736451434,0.3161689602,0.3408683252,0.6839564762,0.2374705989,0.8697866903,0.3394588578,0.4002135341,0.3210293427,0.2869798661,0.834898899,0.8808134436
177,1,1,1,1,1,0.1173104962,0.6345779214,0.7984759705,0.3740926104,0.4305735224,0.3768600405,0.3169243724,0.3406340746,0.6856711418,0.2373621485,0.8697300575,0.3400027178,0.400555751,0.3203265179,0.2852964734,0.8351882725,0.880255238
177.5,1,1,1,1,1,0.1174290641,0.635794617,0.7966175956,0.3758283888,0.4310681316,0.3761302129,0.3177545151,0.3391674097,0.6840836728,0.2371831839,0.870813704,0.3399462963,0.4033841625,0.3196317914,0.2834421906,0.8340702763,0.8812998242
178,1,1,1,1,1,0.1185002416,0.6381919333,0.7972533064,0.3769958029,0.4299269201,0.3782799432,0.3179788018,0.3391297431,0.6836137024,0.2362658817,0.869952108,0.3422277797,0.4019462053,0.3215545528,0.2850301685,0.8344727961,0.8809113188
178.5,1,1,1,1,1,0.1188787158,0.6378832903,0.7985643525,0.3757444061,0.4320375965,0.3767222784,0.3160241317,0.3403118438,0.6869366317,0.2373390203,0.8697311035,0.3418174897,0.404112871,0.3224990267,0.2844160623,0.8353463738,0.8794636488
179,1,1,1,1,1,0.1191928277,0.6352906024,0.798715288,0.3755173976,0.4325160168,0.3722842128,0.3151409671,0.3406135452,0.6866014052,0.2403466021,0.8704593082,0.3398428847,0.4063002727,0.3226378098,0.2839299902,0.8369913065,0.8794360104
179.5,1,1,1,1,1,0.1188735292,0.6351625443,0.7976727705,0.3742266538,0.4315832848,0.3751618447,0.3165725915,0.3415066633,0.685627231,0.2401021395,0.8692061529,0.3399947746,0.4042827206,0.3224109763,0.2858155429,0.8375869727,0.8791975037
180,1,1,1,1,1,0.1182791352,0.6377261718,0.797226804,0.3714687196,0.4298133511,0.3776817634,0.3192681096,0.3428435609,0.6854640892,0.241046526,0.8692549505,0.3407182207,0.4053310739,0.3237880128,0.2841276532,0.8377304845,0.8790260909
180.5,1,1,1,1,1,0.1181855016,0.6376074767,0.7971608689,0.3734921268,0.4319247275,0.3794216837,0.3209846391,0.3422358404,0.6844214352,0.239825315,0.8714175997,0.337323988,0.4034783656,0.3256080188,0.2859240923,0.838643128,0.878193057
181,1,1,1,1,1,0.1181560189,0.6386034528,0.7961365585,0.3753493711,0.4316161933,0.3756019673,0.3185420384,0.3433239426,0.6826948626,0.238225173,0.8712462797,0.3362140983,0.4011423188,0.3229303243,0.288472915,0.8395186895,0.8799289546
181.5,1,1,1,1,1,0.1177082641,0.6402366256,0.7969164668,0.3782675797,0.4299179712,0.3779763905,0.3170977887,0.3459460299,0.6836408173,0.2384885867,0.8718216227,0.3368058734,0.4013798408,0.3211461866,0.2892937042,0.8400921419,0.8810788037
182,1,1,1,1,1,0.1175020809,0.6391340276,0.7964524248,0.3749189189,0.4279453597,0.3779120444,0.3152026791,0.3468482843,0.6848811217,0.2392973177,0.8712598671,0.3361199829,0.4015608354,0.3232255612,0.2887676816,0.8387692825,0.8803668544
182.5,1,1,1,1,1,0.1172504547,0.637076014,0.7970517602,0.3742816848,0.4319411137,0.3764168839,0.3131018864,0.3450134049,0.6848431052,0.2404986927,0.8711582845,0.3399955916,0.4025211115,0.3227554377,0.2892229358,0.8374457502,0.8815416225
183,1,1,1,1,1,0.1173099841,0.6360160259,0.7961753694,0.3744152662,0.429805636,0.3766963984,0.3142134112,0.342706304,0.6831248968,0.2399560479,0.8720861127,0.340254582,0.401353426,0.3227986502,0.2902965171,0.8373991231,0.8810106554
183.5,1,1,1,1,1,0.1162501278,0.636068269,0.7972179781,0.3722344677,0.4293989836,0.3741144851,0.3151706104,0.3401542182,0.6846355518,0.2394394373,0.8704865841,0.3428768976,0.4004795102,0.3230769811,0.2902130515,0.8387732248,0.8811009615
184,1,1,1,1,1,0.1166699327,0.6383473035,0.7986784201,0.3721647766,0.4267225815,0.3707031876,0.3156175348,0.3408636387,0.6866109611,0.2398685046,0.8719407029,0.3403555577,0.4046526796,0.3222863598,0.2896127193,0.8384158005,0.8798070239
184.5,1,1,1,1,1,0.1168934399,0.6384210839,0.7979951415,0.3726539526,0.4284747212,0.3741199483,0.3186775428,0.3408851037,0.6868470839,0.2414726275,0.8703273066,0.3404708314,0.4015680746,0.3227989564,0.2891711115,0.8376845005,0.8797644368
185,1,1,1,1,1,0.1169585031,0.6378449874,0.7987892947,0.3734917449,0.429832951,0.3735316741,0.3192873478,0.3404434176,0.6849221617,0.2426974226,0.8708508006,0.3407412826,0.3993838231,0.3229107054,0.2887241256,0.8367442538,0.8801831871
185.5,1,1,1,1,1,0.1155445023,0.6373199234,0.7976913821,0.372042174,0.4327976148,0.3742225643,0.3178328433,0.3433411827,0.685003799,0.2416179946,0.8701695126,0.34068685,0.4017410329,0.3214324429,0.2882464373,0.8361497159,0.8812516329
186,1,1,1,1,1,0.1149351986,0.6381564234,0.7972397812,0.3705343671,0.4328846878,0.3725393499,0.3210575631,0.3418783634,0.6822154142,0.2431262433,0.8705123964,0.3398689705,0.4016871159,0.3215588598,0.2867677366,0.8345219144,0.8802294964
186.5,1,1,1,1,1,0.115097588,0.6384979605,0.7978802299,0.3712678001,0.4304189418,0.3718934508,0.3173370258,0.3420135613,0.6832799924,0.241581406,0.8722259405,0.3400322149,0.4013242264,0.3209563567,0.288056427,0.8352247942,0.8793517491
187,1,1,1,1,1,0.116003043,0.6394658,0.7969621534,0.3720272303,0.4314565373,0.3745509284,0.31481722,0.3411318237,0.6806562543,0.2401962337,0.8726182162,0.3431446886,0.4006365919,0.319924465,0.2871626474,0.8352735524,0.8794444036
187.5,1,1,1,1,1,0.1159475205,0.6414324918,0.7966869269,0.3724360116,0.4304833417,0.3756082659,0.3149517329,0.3389758608,0.6824760681,0.2381930341,0.871812235,0.3396479525,0.4028833065,0.3201965815,0.284274095,0.8346235989,0.8790299928
188,1,1,1,1,1,0.1168809571,0.6387732042,0.7978681207,0.3716342473,0.4322968606,0.3740294936,0.3146029579,0.3384347391,0.682774966,0.2398138045,0.871834686,0.3384772209,0.4023911393,0.3199671103,0.2870752427,0.8332780534,0.879028571
188.5,1,1,1,1,1,0.1164848656,0.6392836568,0.7981805438,0.3698982674,0.4340387894,0.3748084244,0.3168057184,0.338142631,0.684329322,0.2396513957,0.8714094241,0.3399739704,0.4009764434,0.3191272255,0.2877443822,0.836038185,0.8793134476
189,1,1,1,1,1,0.1169614565,0.6383403244,0.7964147503,0.3692038767,0.4319478212,0.3745586726,0.3148651866,0.3390763735,0.6847117152,0.238332126,0.8719407561,0.3417002261,0.4040221942,0.3201562247,0.2858564729,0.8355069706,0.878604817
189.5,1,1,1,1,1,0.1181050057,0.6388850594,0.7982205253,0.369529556,0.429996628,0.3734245724,0.3168685217,0.3386209686,0.6835937841,0.2374260563,0.8721401033,0.3393642876,0.4031483625,0.3217495826,0.2851910374,0.835739233,0.8782133028
190,1,1,1,1,1,0.1185073308,0.6374495416,0.7987761115,0.3694382756,0.4300765064,0.3728657986,0.3168549066,0.3379383374,0.6829836405,0.234862425,0.8728451631,0.3405081046,0.4017608114,0.3210175857,0.2858130295,0.836396266,0.8779214101
190.5,1,1,1,1,1,0.1183731046,0.6377830793,0.7984328354,0.3696249773,0.4328619474,0.3754722285,0.3166527088,0.3367430297,0.6835718416,0.2359917081,0.8718492285,0.3417763505,0.4031259122,0.3216231469,0.2862494112,0.8368553511,0.8780524616
191,1,1,1,1,1,0.1187799403,0.638014134,0.7974717971,0.3687193759,0.4331923486,0.3742838096,0.3173310453,0.3383674409,0.6816838835,0.2376067684,0.8718223567,0.3426910571,0.4020585431,0.3202557878,0.2852498644,0.8370964068,0.8779435681
191.5,1,1,1,1,1,0.1186674627,0.6374039302,0.7982760116,0.3689310539,0.4337539091,0.3771822845,0.3166629356,0.3382102381,0.6775218275,0.2383741424,0.8713802384,0.3416218953,0.4007995739,0.3209636844,0.2867823212,0.8360419944,0.8775983369
192,1,1,1,1,1,0.1176428553,0.6377752821,0.7988677738,0.3713184898,0.4334618405,0.3785342446,0.3166546095,0.3393522507,0.67891887,0.2389834258,0.8705565115,0.3413356219,0.4011684509,0.3211253095,0.287820964,0.8373152976,0.8773506012
192.5,1,1,1,1,1,0.1166595134,0.6385827983,0.7993126329,0.3708549414,0.4341351456,0.3802364775,0.3128158513,0.3403500683,0.6805046769,0.2387969864,0.8717359634,0.3414158784,0.4026676276,0.321273388,0.2887553675,0.8375190186,0.8783882079
193,1,1,1,1,1,0.1172208869,0.6413230823,0.7984321542,0.3710619341,0.4315154834,0.3775668532,0.3151627086,0.3407230774,0.68168569,0.2417431905,0.871084331,0.3411888508,0.4009912172,0.3218607975,0.2895741576,0.8388174858,0.8793579446
193.5,1,1,1,1,1,0.1166406559,0.6374359511,0.7996742071,0.370396742,0.4377309526,0.3775858866,0.3191393243,0.340934364,0.6828487647,0.2391052617,0.8709956715,0.3370303253,0.402952348,0.3223232331,0.2888212473,0.8367894047,0.8791769278
194,1,1,1,1,1,0.1169688521,0.6397764146,0.7989184269,0.371178604,0.4384592619,0.3757630826,0.3171980799,0.3412542717,0.6864176,0.2366694182,0.8715945439,0.3364006532,0.404530656,0.3201913301,0.2879764311,0.8366912873,0.8790138195
194.5,1,1,1,1,1,0.1172635629,0.6402504488,0.7981718787,0.3704145639,0.4368285507,0.3763079737,0.3164216102,0.3406391515,0.6870435153,0.2371970465,0.8719346632,0.3358057084,0.4015887479,0.3199277987,0.2865468836,0.8347289978,0.8782946766
195,1,1,1,1,1,0.1170869231,0.6391089509,0.7975311439,0.3703339245,0.4341791424,0.3741841673,0.315845314,0.3420317436,0.6843369122,0.2372511511,0.8726563073,0.3365762855,0.400963699,0.3211440872,0.2888383246,0.8349877098,0.8780491467
195.5,1,1,1,1,1,0.1169352738,0.6376401774,0.7984207289,0.3701395731,0.4344382344,0.3759623337,0.3158375086,0.3428075749,0.6882577968,0.2401708759,0.8724277028,0.3381342047,0.4015624492,0.3242313143,0.2902302644,0.8335104436,0.8781611491
196,1,1,1,1,1,0.1165699285,0.6368980007,0.7988706377,0.3695460066,0.4307796146,0.3751665947,0.3160717135,0.3447629907,0.6889921356,0.2384489134,0.8720368971,0.3390284118,0.4012808996,0.3252270591,0.290386534,0.8333334935,0.878780982
196.5,1,1,1,1,1,0.1168498574,0.6405939776,0.7974124642,0.3683584563,0.4288789784,0.3747469217,0.3185724098,0.3460891273,0.6895354379,0.23695369,0.8743280434,0.339608466,0.4019389317,0.3232728634,0.2926978481,0.8346559108,0.8788907735
197,1,1,1,1,1,0.1181642931,0.6418748433,0.7975322223,0.371087166,0.4296826789,0.3732427728,0.3183489042,0.3421865689,0.6907253154,0.2372565024,0.8751812241,0.3375472979,0.4016950517,0.3213077161,0.2916417082,0.8347436252,0.8782752456
197.5,1,1,1,1,1,0.1187338707,0.6402854465,0.7975922603,0.3771584258,0.431470629,0.3721391742,0.3172886993,0.3409597195,0.6901437949,0.2384846448,0.8749228873,0.3397381273,0.4027043318,0.3205929175,0.2922897478,0.8348667895,0.8788364283
198,1,1,1,1,1,0.117947444,0.6373230857,0.7974682824,0.3766235575,0.4273576808,0.3741479118,0.3173561804,0.3424755375,0.6910308444,0.2381364848,0.8755748709,0.3423714388,0.4036611288,0.3190724334,0.2895558418,0.8359695056,0.8800653359
198.5,1,1,1,1,1,0.1183724272,0.6380777442,0.7977649945,0.3785569435,0.4291533858,0.3762682931,0.3155328715,0.3433846853,0.6874433148,0.2363200446,0.8753015667,0.3417161109,0.4057193951,0.3199918082,0.2861770498,0.8357963667,0.8804085659
199,1,1,1,1,1,0.1181419286,0.6382421433,0.7971085325,0.3779281336,0.4288069274,0.3748895838,0.3161191624,0.3428623469,0.6864682734,0.2387215414,0.8748780149,0.3424240171,0.4076909063,0.3203965368,0.2872732046,0.8350603059,0.8789965129
199.5,1,1,1,1,1,0.1188832126,0.6385727179,0.7981930738,0.3779206125,0.4299757463,0.3741679028,0.3166036409,0.3433803924,0.6850892956,0.2417590578,0.8752195568,0.3448078718,0.4068382938,0.321906582,0.2877128335,0.8364008216,0.8790950324
200,1,1,1,1,1,0.1186085916,0.6373623312,0.7974429118,0.3801834885,0.431345325,0.3759876599,0.3161589063,0.3442613144,0.6863755614,0.2427631226,0.8755161255,0.3435493132,0.4073047278,0.322638357,0.2889475983,0.8367808525,0.8792440933
200.5,1,1,1,1,1,0.1187374575,0.6336565404,0.7962324821,0.3801340998,0.4294891467,0.3756542928,0.3150721488,0.3436477658,0.6871458673,0.2437100502,0.8748502681,0.3452654071,0.4079094061,0.3245275302,0.288396544,0.8355838206,0.8774516657
201,1,1,1,1,1,0.1185100001,0.633960383,0.7969732468,0.3811543172,0.4308402752,0.37708098,0.3164862806,0.3448832415,0.6878619438,0.2436087348,0.8750963395,0.3427500979,0.405781734,0.3225110736,0.288809059,0.8357106555,0.8781727163
201.5,1,1,1,1,1,0.1176946132,0.6351934557,0.7966546226,0.3794267157,0.4317496315,0.3781299584,0.3155734045,0.3456474162,0.6893183493,0.242727993,0.8746105915,0.343526584,0.4056774568,0.3228445739,0.2876504483,0.8365216048,0.8763373462
202,1,1,1,1,1,0.1169642957,0.6352527844,0.7963074336,0.3777248861,0.4321074284,0.3769464156,0.3164367269,0.3452081495,0.6878568927,0.2427630984,0.8753265204,0.3442615961,0.4031028092,0.3219617714,0.2878212915,0.8369463308,0.8764343589
202.5,1,1,1,1,1,0.1164260402,0.6358223271,0.7969050126,0.3788902145,0.4328330149,0.3746330965,0.3153605466,0.3446490823,0.686510579,0.2435828246,0.8752499125,0.3443999176,0.4045270143,0.3216808793,0.2883974654,0.8378507899,0.8763704573
203,1,1,1,1,1,0.1168919734,0.6352873054,0.7981224757,0.3786314269,0.4328928968,0.3750529078,0.3157212502,0.3430710121,0.6847681181,0.2435457386,0.8736531865,0.3430482497,0.4043069887,0.3224002428,0.2869388449,0.8387358953,0.8769816144
203.5,1,1,1,1,1,0.1175421971,0.6357836567,0.7989989078,0.3755251943,0.4307031377,0.3768617246,0.316053086,0.3401466758,0.6858311784,0.2431279075,0.8750217785,0.3429220533,0.4050538353,0.3216275861,0.285854353,0.8388019568,0.876340732
204,1,1,1,1,1,0.1181018954,0.6369586828,0.7972667189,0.3739957703,0.4322167637,0.3751772899,0.3169372311,0.3390739704,0.6848404689,0.2418359176,0.8741667876,0.3414951611,0.4066225802,0.3234858752,0.2871402708,0.8381929799,0.8749765704
204.5,1,1,1,1,1,0.1182235728,0.6366628312,0.7978693415,0.3715351707,0.4342023517,0.3751722001,0.3169978981,0.3379644521,0.6862859134,0.241644727,0.8723256821,0.3438740843,0.4066894151,0.3239809625,0.2868216631,0.8382253878,0.8745169126
205,1,1,1,1,1,0.1192945581,0.6360185382,0.7966705191,0.37302503,0.4349667191,0.374391101,0.3174728981,0.3380973558,0.684365328,0.2412821665,0.8724728324,0.3428977926,0.4075731365,0.3230840335,0.2861546155,0.8386741134,0.8752988133
205.5,1,1,1,1,1,0.119088529,0.6343972233,0.7961181736,0.3696552127,0.4333568601,0.3760898201,0.3176340755,0.3388787142,0.6839261448,0.2379764388,0.8737810113,0.3429241753,0.4073484766,0.3226044338,0.286581768,0.8392369339,0.8742898024
206,1,1,1,1,1,0.1192337421,0.6358556397,0.7975968116,0.3716494038,0.4341563433,0.3750687456,0.3156110225,0.339768939,0.6857557503,0.2368062042,0.8745120548,0.3419336053,0.4055708954,0.3221097311,0.286794412,0.837901137,0.8747151719
206.5,1,1,1,1,1,0.1182925457,0.6361361238,0.7989061137,0.3721564626,0.4349999376,0.3764045725,0.3166415517,0.3409756465,0.6854125549,0.23664503,0.8734073087,0.3420008385,0.4052097063,0.3229239401,0.2876575508,0.8352978905,0.8744469721
207,1,1,1,1,1,0.1186754116,0.6387052825,0.7976095159,0.3739048536,0.4342259764,0.3766985388,0.3148678695,0.3423053707,0.6876248475,0.2363245089,0.8722627952,0.3409725364,0.4076630636,0.3216067752,0.2880506658,0.8352174696,0.8736698627
207.5,1,1,1,1,1,0.1180739125,0.6389229378,0.7986417254,0.3757854009,0.4338068033,0.3751716782,0.3139074676,0.3424239516,0.6863005544,0.2358524052,0.8735252022,0.3401873334,0.4068533302,0.3233428769,0.2857373719,0.8347357878,0.8744286623
208,1,1,1,1,1,0.1182863079,0.6385349314,0.7987915298,0.3785153008,0.4331934584,0.3756667037,0.3138307576,0.3428259063,0.6864121774,0.2363820769,0.8747037205,0.3421589275,0.4061637304,0.3231884216,0.2862488045,0.8340464066,0.8747911442
208.5,1,1,1,1,1,0.1171870626,0.6370887865,0.7989114221,0.3777710699,0.4299459928,0.375194905,0.3155295047,0.3428684227,0.6875825403,0.2377899,0.8748893555,0.3418816186,0.4057967703,0.3223835459,0.2859730122,0.8339744481,0.8766341472
209,1,1,1,1,1,0.1173384527,0.6389642879,0.7983530469,0.374736412,0.4310720951,0.3741193046,0.3173548819,0.3401681541,0.6900295555,0.2380716943,0.8763378706,0.3433270062,0.4057425671,0.3228861207,0.2883261703,0.8343554629,0.8778348597
209.5,1,1,1,1,1,0.1170870633,0.6382804644,0.7994512103,0.3742582748,0.4312560806,0.3740195437,0.3172051785,0.3406679252,0.6906756833,0.2405039193,0.8761614775,0.3423343568,0.4041033017,0.3232517396,0.2892095328,0.8340269151,0.8785357309
210,1,1,1,1,1,0.1166878849,0.6375288453,0.7974852252,0.3764360492,0.4321864782,0.3747071961,0.3161943008,0.3401918644,0.6902430306,0.2408466036,0.8764166856,0.342141773,0.4016879914,0.3241634146,0.2873068946,0.8349588452,0.8789241469
210.5,1,1,1,1,1,0.1171151822,0.6381913398,0.7983733762,0.3756162832,0.4328669705,0.3749241978,0.3147551772,0.3388957418,0.6908246728,0.2398487262,0.8765207701,0.3419387019,0.402617859,0.3222375042,0.2862927785,0.8346208062,0.8799486202
211,1,1,1,1,1,0.1167484415,0.6387528452,0.7979585043,0.375445851,0.4321687762,0.3752636973,0.3170095904,0.3378839597,0.6923463165,0.2374906078,0.8771626253,0.3418903075,0.4056195505,0.3225342989,0.2854382071,0.8351481517,0.8797873574
211.5,1,1,1,1,1,0.1163324546,0.637862292,0.7989195981,0.3763251677,0.4324558743,0.3753094175,0.3163013822,0.3371498297,0.6909896087,0.2344225977,0.8758325394,0.3411780576,0.4080223137,0.3227569913,0.2860530901,0.8353532747,0.879368976
212,1,1,1,1,1,0.1150249966,0.638617276,0.7992674597,0.3738634715,0.4325333997,0.3759732988,0.3153960153,0.3390887983,0.6907253999,0.2359354451,0.8763789748,0.3395399149,0.4035026748,0.3210711779,0.287376541,0.8377776579,0.8786965796
212.5,1,1,1,1,1,0.1149718169,0.6383986704,0.7989344596,0.3733849698,0.434252123,0.3769872367,0.3145638833,0.3370175092,0.6904752763,0.2355228154,0.8758745623,0.338149381,0.401903322,0.3207394683,0.2866715989,0.8384971588,0.8783969358
213,1,1,1,1,1,0.1152969212,0.636812869,0.7969806941,0.3720928712,0.4325619464,0.3789177323,0.3154347195,0.3362048303,0.6893422929,0.2360357736,0.875472961,0.338760032,0.402010634,0.3220619989,0.2866670747,0.8391670144,0.8776684758
213.5,1,1,1,1,1,0.1155341781,0.635928658,0.7970130204,0.372898733,0.4297268167,0.3787457668,0.316723275,0.3363428663,0.6885087671,0.2352091918,0.8750903478,0.3391182731,0.4023636182,0.3197265327,0.2871312894,0.8387447536,0.8779393174
214,1,1,1,1,1,0.1160416777,0.6363012759,0.7964274488,0.3723660524,0.4285028117,0.3770669373,0.314702047,0.3382576725,0.6898996708,0.23526318,0.8756176426,0.3380484657,0.4049380143,0.3194077972,0.2856459763,0.8382795513,0.8780840131
214.5,1,1,1,1,1,0.1154479852,0.6378662772,0.7946766271,0.3726751871,0.4307689683,0.3755924684,0.3160269646,0.3407968484,0.6917488163,0.2343982133,0.8749499624,0.3375433469,0.4056547368,0.3215141561,0.2852782284,0.8376347747,0.878464817
215,1,1,1,1,1,0.1153884199,0.6379709705,0.7967810496,0.3758197403,0.4283509941,0.3751278875,0.3177559215,0.3413828148,0.6910041616,0.2353067352,0.8735045027,0.3371631337,0.4037040939,0.319801703,0.2865413854,0.8381606752,0.8787273672
215.5,1,1,1,1,1,0.1163940505,0.6369435274,0.7966642314,0.3756705163,0.4311527219,0.3766144231,0.3166432819,0.3417510992,0.6920584801,0.2353122736,0.8737573157,0.3345899531,0.4052528972,0.3214558709,0.2857067917,0.8365218611,0.8794045749
216,1,1,1,1,1,0.1171844138,0.6369996574,0.7948808313,0.3724573345,0.4320834409,0.3785319711,0.3158764742,0.3404765317,0.6924612654,0.2354997058,0.8741198905,0.3393229373,0.4021726136,0.3218721315,0.2851258459,0.8363011874,0.8790006286
216.5,1,1,1,1,1,0.1182778942,0.6360078355,0.7957191844,0.3699474122,0.4318636259,0.3748365751,0.3162068914,0.3414542433,0.6902523908,0.2351753802,0.8739390277,0.3392021426,0.4079930588,0.3236307994,0.2876743317,0.8370353193,0.8779429327
217,1,1,1,1,1,0.1180184487,0.637104415,0.7961850295,0.3724188069,0.4321790463,0.3757536249,0.3171189986,0.3419927618,0.6899226642,0.2366593285,0.8747222202,0.3416592252,0.4047406337,0.3215015431,0.2866030792,0.8356026931,0.878187042
217.5,1,1,1,1,1,0.1172756915,0.6399526883,0.7971215962,0.371857392,0.4325168845,0.3750146268,0.3189698404,0.3431247822,0.6875408858,0.2370464149,0.8736868132,0.3403483854,0.403753789,0.320990656,0.2860543794,0.8346559842,0.8778958128
218,1,1,1,1,1,0.1181460791,0.6389105843,0.7967050347,0.3723752117,0.433303278,0.3763003317,0.3170999006,0.3447137297,0.6883293691,0.2364806281,0.8737942484,0.3382879986,0.4066825365,0.3221398865,0.2871950237,0.8342855486,0.8784827615
218.5,1,1,1,1,1,0.117647469,0.6379088768,0.7974314207,0.3728258587,0.4325945174,0.3752766768,0.3159239614,0.3427244152,0.6865797733,0.23481048,0.8748429645,0.3391502756,0.407306977,0.3215989106,0.2877129348,0.8344441698,0.8787435658
219,1,1,1,1,1,0.1170691858,0.6381965378,0.7989203953,0.3744330198,0.4315670811,0.3772098495,0.3159254956,0.3403027006,0.6850009954,0.2373704724,0.8746260803,0.3409181221,0.4078157904,0.3209755153,0.287178245,0.8340475586,0.8793609138
219.5,1,1,1,1,1,0.1166687763,0.6366284651,0.7990495731,0.3761265738,0.4318935606,0.3773357405,0.3160701208,0.3402141526,0.6865978587,0.2367365689,0.8738146936,0.3442647674,0.4076466604,0.3211779117,0.287242475,0.8345104656,0.8786545347
220,1,1,1,1,1,0.1158453748,0.6372557236,0.7989663359,0.3755861366,0.4312671173,0.3776213673,0.31814367,0.3386592649,0.685667377,0.2398549246,0.8741424186,0.3422714987,0.4088771948,0.3206239948,0.2872205044,0.8341187493,0.8777374921
220.5,1,1,1,1,1,0.1163418499,0.6359840974,0.7979304234,0.3759490538,0.4291969488,0.3743129854,0.3179790806,0.3397177985,0.6825752788,0.2391657829,0.8745408963,0.342075889,0.4100830063,0.3224862729,0.2873264234,0.8349784031,0.8776048794
221,1,1,1,1,1,0.1169967438,0.6378408332,0.796602467,0.3704800338,0.4315303837,0.3744395285,0.3176442901,0.3356651739,0.6830741402,0.2370333495,0.8739908712,0.3400639143,0.4090445121,0.3226250758,0.2876286108,0.8353593545,0.8772106529
221.5,1,1,1,1,1,0.1183594152,0.6388368858,0.7950295841,0.3713728749,0.4340571027,0.3766055903,0.3149269331,0.3362870067,0.6824395744,0.2374171615,0.874222841,0.3422769797,0.4065368264,0.3221662485,0.2874400959,0.834596427,0.8779656849
222,1,1,1,1,1,0.1171228053,0.6382108723,0.7958384882,0.3722325848,0.4344976467,0.3762324423,0.3165659825,0.3373827611,0.6800073081,0.2368056575,0.8751011776,0.3397586712,0.4073546782,0.3227264556,0.2868662584,0.8344205902,0.8777089905
222.5,1,1,1,1,1,0.1172931056,0.6394354493,0.7966490988,0.3729856238,0.4336813603,0.3737699254,0.3165997759,0.3409750904,0.6801547611,0.2367521508,0.8749487634,0.3387437962,0.4082332105,0.3208670945,0.288573036,0.8339380644,0.8767590387
223,1,1,1,1,1,0.11733998,0.6382886399,0.796588827,0.3725978169,0.4318601411,0.3729928301,0.3179403959,0.3400752931,0.6799932835,0.2366761045,0.8740337139,0.3381014615,0.4103113382,0.3208992557,0.2871762486,0.8344130905,0.876585031
223.5,1,1,1,1,1,0.1161313915,0.6370134626,0.7979250345,0.3703376123,0.4294319811,0.3749680481,0.3163655419,0.3423911766,0.6808604514,0.2357435665,0.8735203492,0.3361276952,0.4055387128,0.3216270569,0.2887576144,0.8346550418,0.8775337438
224,1,1,1,1,1,0.1161951795,0.6369485468,0.7984590436,0.3687260911,0.4303367637,0.373109864,0.3144949578,0.3394459051,0.6806465039,0.2362343925,0.8725288176,0.3370603313,0.4026662875,0.3221460381,0.2883270299,0.8336220397,0.8766422785
224.5,1,1,1,1,1,0.1160814045,0.6364996411,0.7988424444,0.3693074751,0.4296532217,0.3720135472,0.3137348695,0.3373879921,0.6800266044,0.2376977127,0.8727452755,0.3359000059,0.4022571209,0.3235566019,0.2870356323,0.8341592211,0.877767746
225,1,1,1,1,1,0.1165242636,0.6372033947,0.8010024556,0.3709240672,0.4315794428,0.3726057487,0.3134923548,0.3362570043,0.6805879898,0.2374035393,0.8717335687,0.3364711771,0.4044138195,0.3242348195,0.286938952,0.8342740887,0.8770680195
225.5,1,1,1,1,1,0.1163530687,0.6363785429,0.7983858365,0.3682807025,0.4308549609,0.3740180205,0.315093324,0.3381202044,0.6787264813,0.2384241119,0.8710645498,0.3370478893,0.402939356,0.3251142678,0.2889525441,0.8334287345,0.8769733774
226,1,1,1,1,1,0.1167398819,0.6337978344,0.7971743196,0.3672683558,0.4299967972,0.3748529825,0.3148506003,0.3388791567,0.6814677316,0.2393917176,0.871493032,0.3375159903,0.4038008882,0.3230155575,0.2885856203,0.8334665506,0.8778546921
226.5,1,1,1,1,1,0.1175601806,0.6376906856,0.7977381597,0.3655206661,0.4301995615,0.3721360901,0.315053506,0.3392452222,0.6807464174,0.2386492929,0.872046157,0.3387702807,0.4058597019,0.3197098576,0.2875985737,0.8328323735,0.8773276932
227,1,1,1,1,1,0.1173124295,0.636135584,0.7975685726,0.3662178776,0.431990768,0.3725413138,0.3132796426,0.3382517675,0.6793139286,0.2385576107,0.8718832029,0.3372843246,0.4046936456,0.3172209465,0.286267265,0.8331837897,0.8775697215
227.5,1,1,1,1,1,0.1165621197,0.6356482612,0.7975076788,0.3667000725,0.4312775778,0.3732531843,0.3155108238,0.3374686044,0.6795488289,0.2383607142,0.8728744211,0.340832191,0.4058275658,0.3168666619,0.28659445,0.8320034524,0.8764765713
228,1,1,1,1,1,0.1165430509,0.6359290336,0.7973227893,0.3657188067,0.4301394545,0.3730992659,0.3189957875,0.3376352661,0.6794927262,0.2372995684,0.8723043106,0.341283216,0.4067492906,0.3181030035,0.2893709391,0.8320306418,0.8774798564
228.5,1,1,1,1,1,0.1162876203,0.6378364277,0.798560402,0.3665458125,0.4310940883,0.3754126839,0.3173985706,0.3404258848,0.6788252268,0.2365064222,0.8727337582,0.3400720545,0.404070437,0.3196793204,0.289094517,0.8307059255,0.8764155798
229,1,1,1,1,1,0.1160971722,0.6385688057,0.7972222808,0.3670487511,0.4315120406,0.3763213054,0.3137984489,0.3383866671,0.6777370807,0.2367712445,0.8729206225,0.3397510768,0.4027898521,0.3218619078,0.2887423527,0.8318143935,0.8763944483
229.5,1,1,1,1,1,0.1174727911,0.6386821953,0.7975900644,0.3692962742,0.4327528596,0.3802904188,0.3152205366,0.3396327733,0.6780458109,0.2359983081,0.8717953603,0.3400170862,0.4047042339,0.3233830925,0.2863611962,0.8327732176,0.8776549729
230,1,1,1,1,1,0.1170102176,0.6368513457,0.7985767581,0.3656743001,0.4334263393,0.3788660699,0.3151268679,0.3423845668,0.6806235165,0.2370464364,0.8718246589,0.3410423261,0.403405473,0.3235086463,0.2874610405,0.8320971666,0.8774925686
230.5,1,1,1,1,1,0.1174758951,0.635608616,0.798520671,0.3663597047,0.4339170487,0.3787832497,0.3155736544,0.3413463708,0.6794183276,0.2382766923,0.8719082631,0.3404899524,0.4035932518,0.3222150538,0.2863157145,0.833206626,0.8786611747
231,1,1,1,1,1,0.1173995024,0.6365041489,0.7973640477,0.3653368703,0.4353632815,0.3797064148,0.3177121745,0.3408640471,0.6797629771,0.239551503,0.8719222555,0.3413627943,0.405099176,0.3240499645,0.2847771249,0.8341542024,0.8774027877
231.5,1,1,1,1,1,0.1174556328,0.6358492368,0.7960109876,0.3652117429,0.4322400656,0.3778646717,0.3186096677,0.3416747044,0.6782085302,0.2382914481,0.8726733076,0.3405124582,0.4024525167,0.3233094108,0.2843702533,0.8350067881,0.8780117075
232,1,1,1,1,1,0.1177360141,0.6356140581,0.7976096192,0.3690455735,0.4303199671,0.3777024459,0.3153342621,0.3424036428,0.6833123162,0.2389597968,0.8724794794,0.3412582598,0.4014313782,0.3223091466,0.2846921932,0.8343843674,0.8784275266
232.5,1,1,1,1,1,0.1181763007,0.6384880648,0.7977768545,0.369152677,0.4277393039,0.374717577,0.3153298233,0.3399234831,0.6845957506,0.2388991095,0.8719506429,0.3420545928,0.4032951511,0.3208363884,0.2825287841,0.8330208446,0.878691435
233,1,1,1,1,1,0.1181880445,0.6395233049,0.7974315753,0.3700991187,0.4292551884,0.3743554629,0.3159881009,0.3398546187,0.6843291788,0.238339454,0.8714791682,0.3410769978,0.401120917,0.3236378771,0.2855840341,0.83093223,0.8784243032
233.5,1,1,1,1,1,0.1171922078,0.6403549355,0.7979837973,0.3699991447,0.4308702122,0.3743725976,0.3157599166,0.3402320687,0.6823438414,0.2374496168,0.8726751727,0.3411353209,0.402633738,0.3236605917,0.287692771,0.8310413878,0.8782450648
234,1,1,1,1,1,0.1198150427,0.6400433214,0.7984734544,0.3720303195,0.4308085121,0.3734884218,0.3158477038,0.3398059297,0.6824492117,0.2370604573,0.8730128468,0.3398476103,0.4038374298,0.3218631111,0.2903220398,0.8313160746,0.8780058618
234.5,1,1,1,1,1,0.1193877228,0.6402276748,0.7968887525,0.37158174,0.4305750366,0.374290352,0.316363494,0.3418677768,0.6829789297,0.2373815389,0.8723007464,0.3386164345,0.4051061128,0.3200279238,0.2883373589,0.8315688105,0.8777426732
235,1,1,1,1,1,0.1186742068,0.6423975284,0.7980060411,0.3718753863,0.4293882641,0.3714583735,0.3137810036,0.34121804,0.6820331869,0.2375394483,0.8706152504,0.3406887608,0.4041175285,0.3196765623,0.2855498897,0.8322986446,0.8794607687
235.5,1,1,1,1,1,0.1192898551,0.639095233,0.7987750376,0.3705491925,0.4326079139,0.372228076,0.3135927025,0.3423219072,0.6860168429,0.236285596,0.869775202,0.3404621264,0.4053050072,0.3198613498,0.28425773,0.8329165503,0.8790623273
236,1,1,1,1,1,0.119361774,0.6376516109,0.7982546773,0.3693371836,0.4336881074,0.3726455465,0.3153048588,0.3413995633,0.6846305823,0.2372246703,0.8696511435,0.3420024196,0.407131712,0.3199713021,0.281873835,0.8332902591,0.8788429031
236.5,1,1,1,1,1,0.1176262549,0.6380963442,0.7977751647,0.3694734326,0.4361855455,0.3722494483,0.3161065039,0.3428527839,0.6859870691,0.2373496731,0.870723807,0.3409126211,0.4067824656,0.319174922,0.2827972014,0.8334676794,0.8776249408
237,1,1,1,1,1,0.1176783463,0.6381631667,0.7984680882,0.3661976402,0.4354918355,0.3738433163,0.3157427223,0.3415868873,0.6848457145,0.2393593449,0.8713791646,0.3405182425,0.4059277114,0.3191300194,0.2841965799,0.8338710463,0.8771915247
237.5,1,1,1,1,1,0.1184300205,0.639253157,0.7994715974,0.3683294078,0.4357988775,0.373120948,0.3179293341,0.3402181262,0.6844914621,0.2394745417,0.8706373438,0.3395663098,0.4065377637,0.3198206588,0.2831183659,0.8337206184,0.8764081651
238,1,1,1,1,1,0.1178371224,0.6389520723,0.7980544786,0.3689028487,0.4323260952,0.3764821875,0.3171317961,0.3429075035,0.6848289774,0.240378599,0.8718096888,0.3384938715,0.4050989979,0.3227963776,0.2816946654,0.8337970673,0.8759253392
238.5,1,1,1,1,1,0.1170589805,0.6371162685,0.7995786565,0.3683444835,0.4315905584,0.3760910261,0.3185571307,0.3409490232,0.6816602051,0.2386052204,0.871346993,0.3378744019,0.4003140889,0.3234562645,0.2824196708,0.8346384668,0.8754008839
239,1,1,1,1,1,0.1171398851,0.6378284939,0.7979456595,0.3671944684,0.4310828484,0.37774328,0.318503874,0.3377590726,0.6823126773,0.239647953,0.8719414489,0.3380142261,0.4014410249,0.322287459,0.2829115892,0.8350693547,0.8761068973
239.5,1,1,1,1,1,0.1162672154,0.6370527849,0.7984092066,0.367789299,0.4303993843,0.379370698,0.3188006966,0.3388828147,0.6855454662,0.2407274337,0.8710964722,0.3401401746,0.4032967823,0.3226018843,0.2837421148,0.8344027315,0.8761342599
240,1,1,1,1,1,0.1169532448,0.6363608579,0.7998073681,0.368147414,0.4303777012,0.3786083328,0.3203174301,0.3412249433,0.6849140484,0.2390996179,0.8704439318,0.3408382229,0.4037190831,0.3212613973,0.2831988506,0.8344015445,0.8764563202
240.5,1,1,1,1,1,0.1172872322,0.637530653,0.8000043283,0.3711960188,0.4298510291,0.3774810667,0.3187655745,0.3419319065,0.6865305917,0.2389200627,0.8696676446,0.3419663836,0.4019619699,0.3208901197,0.2837878128,0.8332739567,0.8761598353
241,1,1,1,1,1,0.1167629568,0.6397698498,0.7975938743,0.372272725,0.4311769226,0.3778647709,0.3169340977,0.3435237713,0.6874750434,0.2382620635,0.8707424564,0.3408443736,0.4037886725,0.3239759926,0.2858740632,0.8327278473,0.8772166324
241.5,1,1,1,1,1,0.1171766784,0.6397695188,0.797305588,0.3711752419,0.4308198859,0.3765384707,0.3169985611,0.3434659018,0.6877316523,0.23852583,0.8705142191,0.3389620148,0.4042030468,0.324185106,0.2860341598,0.8337862702,0.878029317
242,1,1,1,1,1,0.1170468393,0.6383271787,0.7979830522,0.3707644004,0.4317610181,0.3778818761,0.3134006725,0.3433917045,0.6882071428,0.2378677154,0.8699705111,0.3378136383,0.4034496932,0.3244748508,0.2864426595,0.8341227298,0.8777098985
242.5,1,1,1,1,1,0.1168088431,0.6400331201,0.7985467208,0.371672632,0.4304456688,0.3756803429,0.3136536076,0.3401705552,0.6860594555,0.23845037,0.8703928662,0.3390924605,0.4039830817,0.3228988062,0.2866292246,0.8353798064,0.8776781854
243,1,1,1,1,1,0.1165861161,0.6395067575,0.7978394047,0.3717538268,0.4318305822,0.377341236,0.3130739835,0.3393067673,0.6842807288,0.2376475134,0.8698730606,0.3395229474,0.4040366648,0.3214315402,0.2884407275,0.8350965286,0.8784778757
243.5,1,1,1,1,1,0.1164682127,0.639649705,0.7978734301,0.3701580788,0.4316701468,0.3759609548,0.3157615689,0.3395442529,0.6838723724,0.2381480335,0.8709120018,0.3392537217,0.4030769324,0.3238438713,0.2903679704,0.8346044924,0.8780095738
244,1,1,1,1,1,0.1171556623,0.6393508505,0.7965021142,0.3699621198,0.4349086645,0.3755625184,0.3161236963,0.3417457306,0.6840114777,0.2379602566,0.8710657939,0.3414885678,0.4013397214,0.3247904539,0.2880506369,0.8351772345,0.8774127007
244.5,1,1,1,1,1,0.1171876346,0.6408556647,0.7974523413,0.3670011941,0.4348133162,0.3779369616,0.3168597827,0.3423198311,0.6834316152,0.239919353,0.86917312,0.3417134934,0.4031199735,0.3231004162,0.2876563709,0.8353451245,0.8772540424
245,1,1,1,1,1,0.1166882784,0.6372550575,0.7950689998,0.3687170875,0.4358354214,0.377892017,0.315813432,0.3402695334,0.682058726,0.2372853782,0.8695295178,0.3411135091,0.4007995505,0.3256051013,0.2894363068,0.8360842105,0.8780466585
245.5,1,1,1,1,1,0.1164277591,0.6383207331,0.7962404456,0.3715713633,0.4365141743,0.3773304308,0.3163610057,0.3393445054,0.682765621,0.2350792484,0.8701891799,0.3411042145,0.4023428688,0.3249578901,0.2900535849,0.8373050087,0.8779538389
246,1,1,1,1,1,0.1177682532,0.6389165011,0.7988892742,0.3728240965,0.4348677357,0.3757484996,0.3173738203,0.341138558,0.6819423855,0.2349829361,0.8694245151,0.340914097,0.3997506742,0.3204304285,0.2885600081,0.8375839245,0.8784807566
246.5,1,1,1,1,1,0.1179210435,0.6363899039,0.7987966237,0.3747643998,0.4349862363,0.3748855432,0.3168458619,0.3431397448,0.681673696,0.2340963366,0.8692113695,0.3400293701,0.4020584716,0.3212485072,0.2890678212,0.8362983002,0.8788063171
247,1,1,1,1,1,0.1183163731,0.6367677666,0.7993944434,0.3752334965,0.4327737159,0.3764617513,0.3200975019,0.3428583651,0.6795677558,0.2361284972,0.8692980471,0.3385026178,0.4009253068,0.3208690984,0.2893470705,0.8359762466,0.8789208857
247.5,1,1,1,1,1,0.1182202541,0.6357109516,0.7983733075,0.3746726074,0.4343768996,0.3763268608,0.3184158684,0.3432016063,0.6805088604,0.2373155454,0.868718698,0.3414445879,0.3995049844,0.3196776454,0.2887709129,0.8360861029,0.879573184
248,1,1,1,1,1,0.1178032635,0.6383040334,0.7970403794,0.3748516446,0.4331255184,0.3756666689,0.3177889746,0.3423828259,0.6795881608,0.2378515648,0.8678992386,0.3434877755,0.4017056751,0.3205065565,0.2897243138,0.8351789441,0.8819412078
248.5,1,1,1,1,1,0.1178297117,0.6377359965,0.7962896982,0.3749511386,0.4349411515,0.3765606105,0.317779118,0.34099959,0.682504628,0.2366054674,0.8682547424,0.341180671,0.4044154435,0.3194279324,0.2862436026,0.8352267614,0.8812040759
249,1,1,1,1,1,0.1181550423,0.6383179389,0.7979726304,0.3764665345,0.4328291471,0.377501399,0.3173879797,0.3413684733,0.680795333,0.2375501352,0.8660870976,0.3434101464,0.4071132418,0.3212197931,0.2844247073,0.8351441956,0.8815987774
249.5,1,1,1,1,1,0.1175664297,0.6383575435,0.7991232924,0.3774255839,0.4343897611,0.3778933175,0.3168540399,0.3402808367,0.6798680488,0.2368170072,0.8666920304,0.3433877725,0.4058024333,0.3216647238,0.2850781985,0.8346494546,0.88099306
250,1,1,1,1,1,0.1177915449,0.6382538468,0.8001897505,0.3753874955,0.4340814556,0.3761956717,0.3173227424,0.3406267534,0.6799322697,0.235980232,0.8665601977,0.3426196266,0.4034032631,0.3220289744,0.2847817187,0.8340078804,0.8812807716
250.5,1,1,1,1,1,0.117423224,0.637439044,0.7986332752,0.3762617487,0.4340611124,0.3748783684,0.3173021486,0.3387296158,0.6814270313,0.2361324037,0.8674961596,0.3418861183,0.4049669565,0.323724653,0.2858130054,0.834837693,0.880585565
251,1,1,1,1,1,0.116815246,0.6365866028,0.7988659006,0.3752989868,0.4329913764,0.3755731593,0.3161018345,0.3405382609,0.680715938,0.2359829927,0.8677008258,0.3394899956,0.4035796081,0.3232148076,0.2876509251,0.8348785461,0.8801687973
251.5,1,1,1,1,1,0.1185472032,0.6347239967,0.7990061397,0.3747573593,0.431944648,0.3749720682,0.3163714931,0.3398464073,0.6799510415,0.2374359555,0.8681173047,0.3420678715,0.4029467631,0.3232899106,0.2865859048,0.8354702562,0.8792368172
252,1,1,1,1,1,0.1181255213,0.6353918641,0.7997961555,0.3767600592,0.431974391,0.3736232089,0.3178019546,0.3390249859,0.6812438951,0.2355273619,0.8688929871,0.339641309,0.4062416237,0.3228299529,0.2859081892,0.833704988,0.8800164497
252.5,1,1,1,1,1,0.1178333192,0.6369430069,0.7995177045,0.3736381826,0.4337954122,0.3756846531,0.3168876168,0.339032193,0.6822575207,0.2374818286,0.8700489166,0.3412559747,0.4074260124,0.3220959587,0.284432403,0.8349209145,0.8798199048
253,1,1,1,1,1,0.1169880969,0.6375425743,0.7987429207,0.3734179582,0.4336715762,0.3762840435,0.3176173921,0.3397095331,0.6852134408,0.2360172812,0.8707333964,0.3394518795,0.406096643,0.3221216782,0.2857281158,0.8353390154,0.8810554248
253.5,1,1,1,1,1,0.1175058128,0.6371605596,0.7999533291,0.3735052332,0.4340551478,0.3766224592,0.3173166704,0.3376318255,0.6840998112,0.2352274298,0.8707299995,0.3388175853,0.4046137216,0.3214780594,0.2877922334,0.8355031798,0.8818833897
254,1,1,1,1,1,0.1177760024,0.6378016223,0.7998257073,0.3708194378,0.4330414839,0.3781940349,0.3153088099,0.3373172122,0.6828011878,0.2351932774,0.8696527915,0.3409151403,0.4032946219,0.3221365252,0.2874860226,0.8356308773,0.8809647663
254.5,1,1,1,1,1,0.1167739426,0.6362508402,0.7984143566,0.3713989234,0.4329589398,0.375205899,0.314340089,0.3414730334,0.6823226856,0.2342340976,0.8702829088,0.3412774351,0.4053269518,0.3212615598,0.2890959638,0.8342926385,0.8800500024
255,1,1,1,1,1,0.1170702573,0.6358860016,0.799095242,0.3708530392,0.4326066974,0.3741585541,0.3136542322,0.3414859366,0.6832845173,0.2346151421,0.8699021212,0.3387662991,0.4052829924,0.3224261725,0.2930996458,0.8337907401,0.8797606167
255.5,1,1,1,1,1,0.1162003421,0.6363595275,0.7977165563,0.36902115,0.4327924955,0.375199437,0.3155601306,0.3422953589,0.6840661752,0.2361232115,0.8708349963,0.3386550488,0.4037465796,0.3239902229,0.2919104674,0.8342477724,0.8806689163
256,1,1,1,1,1,0.1158240288,0.6362301491,0.7988433686,0.3686727368,0.4335615738,0.3775761543,0.3161478978,0.3422384944,0.683290698,0.2351625912,0.8709542357,0.3382129349,0.4040961866,0.3204913677,0.2928069942,0.833122337,0.8808703636
256.5,1,1,1,1,1,0.1156382179,0.6372889428,0.7983862435,0.3688787755,0.4345902633,0.3785292428,0.3164199866,0.3421498838,0.6855835824,0.2368586922,0.8695551384,0.3398068414,0.4016930105,0.3201976829,0.2904158455,0.8340486682,0.8808605371
257,1,1,1,1,1,0.116592225,0.6396071879,0.8007340406,0.3703299121,0.434366412,0.3775894452,0.3173819901,0.3420702416,0.6849606953,0.2380990896,0.8701706139,0.3430002467,0.4040355845,0.3206427199,0.2889179624,0.8341522425,0.8803136538
257.5,1,1,1,1,1,0.117738389,0.6406808493,0.8003866069,0.367708291,0.4336828906,0.3764397864,0.3201735326,0.3422508032,0.6836834071,0.2406344304,0.870379593,0.3440253293,0.4057009702,0.3198227237,0.2878879421,0.8342914503,0.880552779
258,1,1,1,1,1,0.1175391416,0.6384025825,0.8003924787,0.3708166506,0.4354720305,0.3753300644,0.317960684,0.3424757481,0.685507871,0.2404222796,0.8712944316,0.3437708296,0.4031243175,0.320214078,0.2884112373,0.833115219,0.8813338445
258.5,1,1,1,1,1,0.1178934585,0.6372186451,0.7988933779,0.3728563542,0.4339642121,0.374900948,0.3169494907,0.3421020948,0.683625766,0.2400235177,0.8712665839,0.3426803937,0.4029531723,0.3225888411,0.2889119041,0.833262175,0.8821997386
259,1,1,1,1,1,0.1176479027,0.6383657148,0.8001402763,0.3715831068,0.4343818474,0.3765498671,0.3164958799,0.3408861312,0.6846296631,0.2401803203,0.8717721513,0.3419914213,0.4035430305,0.321902144,0.289797713,0.8336951487,0.8820226964
259.5,1,1,1,1,1,0.1172419434,0.6372661401,0.7999475001,0.3710524264,0.430603119,0.3756984278,0.3177482686,0.3415433948,0.684048053,0.2393248649,0.8703423021,0.3418396139,0.404498273,0.3211833226,0.2905873736,0.8336718391,0.8824754559
260,1,1,1,1,1,0.1179509297,0.6371824653,0.798642937,0.3733431885,0.4327350134,0.3764519375,0.3172703144,0.3399598518,0.6801308332,0.2402619091,0.8714232762,0.3398568361,0.4022024683,0.3205265854,0.2882355493,0.8338836509,0.8818046111
260.5,1,1,1,1,1,0.1171868806,0.6388394681,0.7992406744,0.3749199801,0.4305336413,0.3744284657,0.3176449883,0.3421389605,0.6804161204,0.2393748102,0.8708470724,0.341634433,0.4008719223,0.3204966941,0.2890603575,0.8345378563,0.8818657526
261,1,1,1,1,1,0.1168214762,0.639604635,0.799697791,0.369925987,0.431525027,0.3757545006,0.3153005665,0.341545261,0.6801309862,0.2385523212,0.8715053282,0.3413759575,0.4001242631,0.3200281359,0.2866973617,0.8353419371,0.8800980159
261.5,1,1,1,1,1,0.115653197,0.6380114698,0.7997456048,0.3697757433,0.4324411422,0.3750445228,0.3153387267,0.3406133628,0.6808225912,0.2382134216,0.8708351535,0.3403938377,0.3983560081,0.3202183166,0.2858721532,0.8345373554,0.8790258736
262,1,1,1,1,1,0.1151047088,0.6363158834,0.7989347542,0.3686173961,0.4330102709,0.3745931942,0.316756288,0.3398305452,0.6819783606,0.2399555642,0.8709423815,0.3431975845,0.3985354724,0.319517656,0.2847470419,0.8333898257,0.8791216103
262.5,1,1,1,1,1,0.1162088116,0.6354176362,0.7995511799,0.3660434585,0.4299180423,0.3772771339,0.3180368209,0.3422964691,0.6827645912,0.2382218779,0.8710255655,0.345230007,0.3972549831,0.317826115,0.2861544052,0.8335733891,0.8790236518
263,1,1,1,1,1,0.1160904544,0.6370182098,0.798121607,0.3689360723,0.4310578312,0.3780366239,0.3190867455,0.3417914645,0.6819057022,0.2364057586,0.8714771959,0.3463849808,0.3978615014,0.3191075152,0.2884690616,0.8331562136,0.8799294339
263.5,1,1,1,1,1,0.1155258758,0.6370976839,0.7984069018,0.3696152129,0.4286035841,0.3771165356,0.3167003817,0.3417003455,0.6824127444,0.2383089602,0.8711514702,0.3457876352,0.3995051172,0.3201494978,0.2846287521,0.8330526857,0.8797924367
264,1,1,1,1,1,0.1154404361,0.6367806143,0.7982756155,0.3689474397,0.4291432602,0.3749946932,0.3167993953,0.3422589374,0.6842588416,0.235874478,0.8711296787,0.3440751939,0.4024910522,0.3207996196,0.2840203544,0.8341838238,0.8809583341
264.5,1,1,1,1,1,0.1157163875,0.6359704556,0.7985828296,0.3675288618,0.4325891975,0.3759101847,0.3184957256,0.3430025615,0.6853331447,0.2358378912,0.8713944505,0.3434428201,0.400330072,0.3212511356,0.2838507458,0.8325908112,0.8794504087
265,1,1,1,1,1,0.1157491027,0.6403162884,0.7980756368,0.3689130117,0.4336670129,0.3752713572,0.3182179157,0.3415784654,0.6854235464,0.2363109173,0.8706141373,0.3450171016,0.4026778375,0.3217148591,0.2840478755,0.8317883048,0.8796891035
265.5,1,1,1,1,1,0.1160976099,0.6399250496,0.7994790512,0.3707456784,0.432297169,0.3764940616,0.3160383946,0.3419990005,0.6876106489,0.2363845013,0.8711445226,0.3444538785,0.4048821618,0.3213229066,0.2872754557,0.8322318588,0.8790385664
266,1,1,1,1,1,0.1166433743,0.6389986787,0.8003104734,0.3708624309,0.4332406432,0.3761062587,0.3172111108,0.3438664927,0.6898038864,0.2357759267,0.8701755682,0.3445417586,0.4018044226,0.3217056632,0.2871672962,0.8326397664,0.8788867214
266.5,1,1,1,1,1,0.1165244598,0.6400713284,0.7999807504,0.3716174518,0.4308366014,0.3755525362,0.318469632,0.3448085293,0.6917353518,0.2374881386,0.8696447757,0.340915304,0.4023307513,0.319386083,0.286550011,0.8327829301,0.8779143083
267,1,1,1,1,1,0.1165183161,0.640461076,0.7992684448,0.370902294,0.4313331715,0.377102448,0.3171455733,0.3425308788,0.6924562118,0.2365058746,0.8703309344,0.3408712771,0.401309002,0.320199144,0.2864760353,0.8336181919,0.8777307113
267.5,1,1,1,1,1,0.1179969579,0.6374134268,0.798905095,0.3725959427,0.431266197,0.377182789,0.3160033214,0.3444628479,0.6892235106,0.2352099031,0.8700182801,0.3410237161,0.4026183422,0.322169057,0.2849557827,0.8338223536,0.8778234902
268,1,1,1,1,1,0.117396558,0.6391628479,0.7977919156,0.3742157347,0.4326481664,0.3767048961,0.3149123944,0.3457945528,0.6895598784,0.236632288,0.8695486976,0.3394247095,0.4041210855,0.3186223509,0.284310008,0.8335186434,0.8777365489
268.5,1,1,1,1,1,0.1176418337,0.6384540475,0.7977986,0.3758821749,0.432815352,0.3779345303,0.3170098602,0.3461260469,0.6891348952,0.2388041521,0.8697140697,0.3380474766,0.4013810948,0.3195096412,0.2834273004,0.8335961487,0.8779478229
269,1,1,1,1,1,0.1177950069,0.6389560787,0.7986267712,0.3750896198,0.4345494601,0.3773697276,0.3185525327,0.3450236019,0.6887607239,0.239904182,0.8679704688,0.3383216303,0.4013163722,0.3186189259,0.2841324921,0.8350872226,0.877103108
269.5,1,1,1,1,1,0.116520382,0.6382831597,0.7961002237,0.3787649749,0.4374831333,0.3765865316,0.3175782269,0.3448572617,0.6876836736,0.2388495595,0.8682204235,0.3396412109,0.4011171442,0.3187332582,0.2846786053,0.8357418625,0.8775984524
270,1,1,1,1,1,0.1174511586,0.6400365682,0.7972543249,0.3802990205,0.4356376207,0.3751009809,0.3174847459,0.34473795,0.6874988404,0.2413728989,0.8687758337,0.3401312299,0.4007997988,0.3177669455,0.2859006887,0.8346413935,0.878373803
270.5,1,1,1,1,1,0.1182028729,0.6377517029,0.796716077,0.3811334141,0.4320127077,0.3747793703,0.3179100155,0.3434631135,0.6872078682,0.2411788658,0.868870406,0.3404730119,0.3983676044,0.3180413769,0.2854220923,0.8337673696,0.8792777992
271,1,1,1,1,1,0.117887269,0.6375531035,0.7977929042,0.3804351201,0.4329331553,0.3775450317,0.3174897983,0.3407975399,0.6853658024,0.2410466816,0.8696681816,0.340593195,0.4003567157,0.3207257414,0.2860449316,0.8334185458,0.8782921797
271.5,1,1,1,1,1,0.117928428,0.637347002,0.795280246,0.3794946099,0.4336352234,0.3773069967,0.3186705568,0.3410793924,0.6852755299,0.2387304486,0.8701481567,0.3389769048,0.4018604272,0.320536991,0.2850953396,0.834466024,0.8795459816
272,1,1,1,1,1,0.1174738646,0.6366313324,0.7958923107,0.3762722058,0.4350152417,0.3763807954,0.3216572641,0.3401649176,0.6853736406,0.2383230829,0.8712244917,0.3397511549,0.4001240722,0.318909471,0.2858245173,0.8367897197,0.8780932984
272.5,1,1,1,1,1,0.1179026811,0.6378908629,0.7955439149,0.3779909568,0.4332367323,0.3796796914,0.3200301263,0.338779565,0.687333536,0.2373112659,0.8709668659,0.3382784817,0.3980403098,0.3180232748,0.2859897747,0.8359513112,0.8774823607
273,1,1,1,1,1,0.1169509659,0.6387318399,0.7967439478,0.3785855591,0.431133368,0.3777122746,0.3203153488,0.3372357054,0.6865344239,0.2381925825,0.8720024872,0.3391984526,0.3983939552,0.3222378947,0.2844934302,0.8368888939,0.8785707859
273.5,1,1,1,1,1,0.1170341275,0.6398385448,0.7967936235,0.3776204416,0.4297416071,0.3752948857,0.3203960429,0.3375438036,0.6891388949,0.2379216406,0.8715318448,0.3407368062,0.3962251428,0.3224614806,0.285117585,0.8353542941,0.8781279075
274,1,1,1,1,1,0.1165371936,0.6395582164,0.797323102,0.3788509111,0.4289767607,0.3745667196,0.3190593785,0.3373704124,0.6896878355,0.2391339493,0.8718495898,0.3390508292,0.3992044044,0.3225599219,0.2851710026,0.836679113,0.8773394983
274.5,1,1,1,1,1,0.1173473083,0.6375389167,0.7978581717,0.3784399153,0.42828817,0.3772684589,0.3181331839,0.334350648,0.6891745021,0.2374147021,0.8728604381,0.3407983196,0.4016683437,0.3235375707,0.2867955299,0.8332832891,0.8763666379
275,1,1,1,1,1,0.1174108845,0.6377476885,0.8001381349,0.3790017798,0.4272547941,0.3750118196,0.3180212771,0.3339242383,0.6861734489,0.2400189458,0.8720105016,0.339994892,0.4007724474,0.3234209,0.2868732126,0.8330139214,0.876527165
275.5,1,1,1,1,1,0.1177689374,0.6385109668,0.799319652,0.3756110278,0.430038799,0.3757212312,0.3179760965,0.3350551359,0.6859180073,0.2406801907,0.8706497878,0.3382352495,0.4012545458,0.3230780331,0.2857184812,0.832638526,0.8778009535
276,1,1,1,1,1,0.1173034248,0.6393874805,0.8004815223,0.3774867359,0.4323243278,0.3746346287,0.3182905824,0.3351797774,0.6867161624,0.2410153082,0.8714425654,0.3371448383,0.4002964999,0.3225254298,0.2864297947,0.8328237022,0.879312707
276.5,1,1,1,1,1,0.1174688799,0.6370876492,0.7994192369,0.3765535268,0.4306831373,0.3751131723,0.3200890333,0.3351881938,0.6854971743,0.239853823,0.8709743909,0.3394298919,0.398987938,0.322110277,0.2875884612,0.8329946571,0.8787548681
277,1,1,1,1,1,0.1181795943,0.6389732399,0.7993391556,0.3751616992,0.4309744542,0.3755009192,0.3189052636,0.3368558949,0.6835371132,0.2409489979,0.871829915,0.3420271225,0.4015835551,0.3248834193,0.2881650945,0.8328980781,0.8789354227
277.5,1,1,1,1,1,0.1173122293,0.6384428974,0.7988861746,0.3768101157,0.4305851102,0.3742519808,0.3203504812,0.3386885275,0.6821334811,0.2395789173,0.8709534862,0.3433891304,0.4021327531,0.3248434592,0.2905410893,0.83361033,0.8779574405
278,1,1,1,1,1,0.1177617729,0.6365435613,0.7972468758,0.3772731418,0.4315759142,0.3761284475,0.3199325767,0.3383084495,0.6821130141,0.2384024373,0.871828708,0.3428035595,0.4036890534,0.3258113025,0.2886587998,0.8334916434,0.8779419147
278.5,1,1,1,1,1,0.1163010188,0.6393405467,0.7967106426,0.3755229193,0.4303861914,0.3773564103,0.3185132184,0.3383067926,0.6819710084,0.2411788503,0.8720885545,0.339243649,0.404457964,0.3250243433,0.2886140893,0.8333719712,0.8784868031
279,1,1,1,1,1,0.1161474856,0.6391515461,0.7985396709,0.3739539414,0.4301030577,0.3784063577,0.3200675605,0.3395905644,0.6806963865,0.239843717,0.8725442995,0.3412301782,0.404037252,0.3233774739,0.2871516409,0.8330821798,0.8776361964
279.5,1,1,1,1,1,0.1162555889,0.6385460297,0.7989600477,0.3733826563,0.4299623313,0.3768187502,0.3203800294,0.3390908134,0.681188578,0.2383903028,0.8720685366,0.3416439224,0.4009908491,0.3232455166,0.2869383406,0.8322630038,0.8779747686
280,1,1,1,1,1,0.1180737039,0.6391062894,0.7987122912,0.3748224946,0.4312620182,0.3761594833,0.3234151397,0.3387297421,0.682502547,0.2375671432,0.8721879331,0.3412420143,0.4026984016,0.3216771557,0.287060993,0.8319568348,0.8779682909
280.5,1,1,1,1,1,0.1179631284,0.6395319486,0.7975734076,0.3763270406,0.4312723735,0.3804001877,0.3206414374,0.3389104278,0.6815941663,0.2377246909,0.8730218662,0.3407184217,0.4003147949,0.3204602224,0.2865821278,0.8320374207,0.8763271083
281,1,1,1,1,1,0.1192192016,0.6399118724,0.7973738293,0.3759509741,0.4308250862,0.381317977,0.3189308682,0.3413292189,0.6816133109,0.2374979647,0.8737121671,0.3433300247,0.4009738005,0.3197490675,0.2877781977,0.8302824152,0.8766044218
281.5,1,1,1,1,1,0.1187325731,0.6416404246,0.7969334922,0.3755010068,0.4325433602,0.377923652,0.3202243995,0.342105188,0.6816700274,0.2368786347,0.8731087165,0.3417200306,0.4012186968,0.3182391035,0.2868611881,0.8312788511,0.8772640231
282,1,1,1,1,1,0.1169953268,0.63918966,0.7978254917,0.3755722959,0.432638107,0.3778581656,0.3209845613,0.3396708602,0.6793443861,0.2372391291,0.8720467577,0.3424278107,0.3993827443,0.3180904729,0.2845885295,0.8309416652,0.8764605984
282.5,1,1,1,1,1,0.1154443639,0.6385956032,0.7976298006,0.3776665108,0.4325750504,0.3789689223,0.3182688113,0.3386315046,0.6816725818,0.2369259031,0.8727003056,0.342129099,0.3997613455,0.3179772043,0.2838878874,0.8316845827,0.8771287432
283,1,1,1,1,1,0.1165984112,0.6367882906,0.7975225673,0.3755236406,0.432042805,0.3759477318,0.3184113627,0.3391387802,0.6838098016,0.2383586773,0.8739417321,0.3412044764,0.4018245681,0.3177172551,0.2845439779,0.8322203305,0.8758500379
283.5,1,1,1,1,1,0.1177295722,0.6395026617,0.7993072753,0.3762099599,0.4288482498,0.3752204741,0.3191262996,0.3402534848,0.6832511943,0.239416421,0.8739890947,0.3408796212,0.4047517741,0.3183821293,0.2839097161,0.8322663149,0.8759767913
284,1,1,1,1,1,0.118626966,0.6375099182,0.8010520305,0.3784589071,0.4293074636,0.3736454936,0.3157685636,0.3408667333,0.6826318064,0.2376751048,0.8720517628,0.3433711054,0.4054936941,0.3194984276,0.283441598,0.8334426482,0.8761418222
284.5,1,1,1,1,1,0.1184721871,0.6352285874,0.8015673886,0.3805661896,0.4310167762,0.3734514206,0.3150021699,0.3424891176,0.685313456,0.2364485712,0.8728432822,0.3417486071,0.4017306382,0.3195824221,0.2851643768,0.831992045,0.8766373842
285,1,1,1,1,1,0.1171420488,0.6361207416,0.8003763169,0.3805780656,0.4300430553,0.372423138,0.316388775,0.3397737521,0.6839929409,0.2362460286,0.8727730531,0.3430581301,0.4039396055,0.3182018773,0.2834196677,0.8323484448,0.8769169558
285.5,1,1,1,1,1,0.1171986617,0.6357317627,0.8009952332,0.3812548574,0.4315460912,0.3730287402,0.3155040703,0.3397329328,0.6836658038,0.2369257436,0.8721661369,0.3423252176,0.4031332685,0.3165614963,0.2863251629,0.8325466891,0.8768737622
286,1,1,1,1,1,0.1169131365,0.6352673611,0.8009577302,0.3838586657,0.4310696901,0.3737807826,0.3145545275,0.3386382627,0.684777178,0.2366223447,0.8730217083,0.3395022872,0.4018750842,0.3175829961,0.2852378137,0.8332774992,0.8761990037
286.5,1,1,1,1,1,0.1178482701,0.6351816218,0.8005863338,0.3814510158,0.4300079403,0.3745373303,0.3140552933,0.3396713887,0.6834463571,0.2355527974,0.8734900317,0.3406353766,0.4063237013,0.317238861,0.2848017458,0.8329514322,0.8750225619
287,1,1,1,1,1,0.118224856,0.6359329287,0.7998022676,0.3806231257,0.4313754422,0.3721366361,0.3124323767,0.3394525408,0.6818978488,0.2359284392,0.8743374135,0.3409022193,0.4058296662,0.3177372757,0.2849270645,0.8329907476,0.8750225531
287.5,1,1,1,1,1,0.1174359469,0.6377472949,0.7985711898,0.3810687832,0.4308844898,0.3716962447,0.3138411563,0.3397602619,0.6806968525,0.2384660579,0.8736809264,0.3428080755,0.4068756424,0.3204945793,0.2851414547,0.8335355165,0.8755945481
288,1,1,1,1,1,0.1182761653,0.640545341,0.7985403889,0.3796205606,0.430503638,0.372338249,0.3155641914,0.3390580469,0.681959062,0.2358361988,0.8726566854,0.3415859055,0.4081148076,0.3240152468,0.2871391939,0.8333933121,0.876488381
288.5,1,1,1,1,1,0.1177643142,0.6394327501,0.7974973048,0.377981506,0.4317047777,0.374226574,0.3154114064,0.3384792431,0.6790161887,0.2362093669,0.8725507349,0.3431908308,0.4037881196,0.3250081694,0.2874942059,0.8340936309,0.8758844146
289,1,1,1,1,1,0.1168578594,0.6408169319,0.7989698477,0.3738815225,0.431946181,0.3736835362,0.315904959,0.3380854651,0.678606802,0.2374590544,0.8709739383,0.3414536903,0.4045176126,0.3226530003,0.2879546636,0.8348923495,0.875834448
289.5,1,1,1,1,1,0.1165190775,0.6402657806,0.798499662,0.3747795753,0.4309966231,0.3739779625,0.3165089352,0.3395114008,0.6813364915,0.2385598316,0.8706014308,0.3417576934,0.4026487493,0.3223539632,0.2864913237,0.8330478251,0.8768430795
290,1,1,1,1,1,0.1159610219,0.6387268423,0.7972635824,0.3775134543,0.4330628776,0.3732245231,0.3169649829,0.3383596991,0.6802683874,0.2385302927,0.8700306487,0.3416370491,0.4049645664,0.3233743608,0.2850827062,0.8329280009,0.8774656552
290.5,1,1,1,1,1,0.1167393575,0.6371889885,0.7987740384,0.3771046835,0.4332692452,0.3760525548,0.3170489886,0.338054432,0.6829634942,0.2395367031,0.8700366004,0.3428364295,0.4043627944,0.3227616304,0.2830707145,0.8322171431,0.8783056636
291,1,1,1,1,1,0.1179408965,0.6373737134,0.7994171224,0.3757999413,0.4325662456,0.375980892,0.3161043055,0.3364223531,0.6823853652,0.2384711994,0.8715325614,0.3403123282,0.4031962789,0.3223941958,0.2815434063,0.83185461,0.8793906498
291.5,1,1,1,1,1,0.1177462029,0.6382464746,0.7989822623,0.3749507744,0.4296878297,0.3771557486,0.3144788783,0.3378663298,0.6840235972,0.2377883555,0.8713235047,0.3386614192,0.4031407807,0.3228066162,0.2824260969,0.8331792693,0.8792239842
292,1,1,1,1,1,0.1177511014,0.6372274395,0.7987572595,0.3735155657,0.4282544304,0.3757259027,0.3136992711,0.3411926851,0.6848361156,0.2369809941,0.8717381194,0.3392268563,0.402302597,0.3210186837,0.2841589786,0.8331641027,0.8788790227
292.5,1,1,1,1,1,0.118525562,0.6377483252,0.7991973482,0.3743842259,0.4285159783,0.375741493,0.316065461,0.3395248592,0.6834158943,0.2373067603,0.8719505887,0.3404402824,0.401677716,0.3207512178,0.2864019241,0.8328319081,0.8799835971
293,1,1,1,1,1,0.1177923698,0.6363139248,0.8001181471,0.3719225051,0.4296758864,0.3750829715,0.3166256629,0.3381003352,0.6836811051,0.235618226,0.8726504168,0.3382318813,0.4051040942,0.3198412739,0.2869800457,0.8346214052,0.8795857639
293.5,1,1,1,1,1,0.1180978819,0.6357502498,0.7995184013,0.3723311781,0.4307791947,0.3741733082,0.3184451472,0.3384515752,0.6827963461,0.2358325878,0.8720461191,0.3392088865,0.4023526596,0.316483366,0.2863970753,0.8339811954,0.8788879
294,1,1,1,1,1,0.117909482,0.6373990095,0.7994185799,0.3716682666,0.4319903812,0.3755243697,0.3154879709,0.3380448538,0.6827327283,0.2368810647,0.8715485931,0.3370265777,0.4055363107,0.320142671,0.2839615432,0.8348721715,0.8795480734
294.5,1,1,1,1,1,0.1179865151,0.6348680708,0.798575378,0.3701908227,0.4310420867,0.3752029805,0.3157071036,0.3406960809,0.6812398389,0.2371772422,0.8724132432,0.3381084981,0.4026708398,0.3212510092,0.2855345127,0.8351927868,0.8793200579
295,1,1,1,1,1,0.1197102108,0.6359073154,0.7995790864,0.371113328,0.4329926223,0.371670644,0.3171174999,0.3393526643,0.6809212693,0.2382867234,0.8721937605,0.3393523969,0.4015696317,0.3204302466,0.2866971252,0.8354379426,0.8788834167
295.5,1,1,1,1,1,0.1185460597,0.6369711327,0.8000975265,0.3685822759,0.4317886371,0.3725450572,0.3186209109,0.3373112551,0.6801316855,0.2363259442,0.8718269069,0.33779902,0.400090452,0.3205106381,0.284481008,0.8351985061,0.8789774961
296,1,1,1,1,1,0.1181131226,0.6387792844,0.7992447426,0.3679204317,0.4349900727,0.3735211387,0.3171826441,0.337594525,0.6796716727,0.2361094998,0.8721894602,0.337231548,0.4022689486,0.322344849,0.2847270074,0.8343309625,0.8787831142
296.5,1,1,1,1,1,0.1181501336,0.6393320905,0.798910555,0.3687117686,0.4332382293,0.3753629214,0.3173050787,0.3392345832,0.6803980747,0.2374911838,0.8727349174,0.3377319722,0.403534827,0.3212625557,0.2869746016,0.8345655193,0.8785230225
297,1,1,1,1,1,0.1174779807,0.6382808982,0.7992304677,0.3670224598,0.4313651246,0.3762131419,0.3168766644,0.3386626957,0.6839993348,0.238814931,0.8709691414,0.3397122163,0.4005964653,0.3234562623,0.2853634014,0.8356398684,0.879473859
297.5,1,1,1,1,1,0.1174330229,0.6388476435,0.7998442456,0.3667233641,0.4312651875,0.375265103,0.3172745467,0.3387990551,0.6808920041,0.2378389601,0.8709738447,0.3376704689,0.4002269447,0.3226357916,0.2857494178,0.8341457123,0.8799985713
298,1,1,1,1,1,0.1185252614,0.637243309,0.7983295562,0.3653782526,0.4346189005,0.3768986142,0.3176605255,0.3418834844,0.6827108139,0.2376028072,0.8703918096,0.3393907621,0.3995959621,0.3243979551,0.2847986453,0.8358839557,0.8801568103
298.5,1,1,1,1,1,0.118527311,0.6371883214,0.7984962017,0.3680700691,0.43597855,0.3729589961,0.3187517178,0.340978956,0.6836696969,0.2400096526,0.8710289691,0.3395605621,0.4026995952,0.3224526234,0.2831853792,0.8352216219,0.8807337402
299,1,1,1,1,1,0.1177678402,0.6364393789,0.7962089145,0.3677517029,0.4354018759,0.3754955913,0.3190421795,0.3421410282,0.6827801608,0.2402244178,0.871132151,0.3422853989,0.4031152892,0.3207143472,0.283006259,0.8350261465,0.8805540954
299.5,1,1,1,1,1,0.1184782485,0.6379844261,0.7966124124,0.3693633354,0.4356267652,0.3756792695,0.3181805141,0.3413862821,0.6826205988,0.2382411952,0.8720490835,0.3384043234,0.404683824,0.3214828853,0.286229103,0.833556227,0.8807484202
300,1,1,1,1,1,0.1187423873,0.6376028881,0.7962593351,0.3717454642,0.4334587922,0.3786701792,0.3191044157,0.3432179486,0.6849670526,0.2388927478,0.871601343,0.3392575201,0.4065564742,0.323955859,0.2872175132,0.8353794961,0.8810032769
300.5,1,1,1,1,1,0.118555897,0.6381179249,0.7981497292,0.3700203568,0.4328579419,0.3783945534,0.3198424858,0.3452059227,0.6833262105,0.2400494562,0.8712060163,0.3399465658,0.4074516825,0.3232511843,0.2884244613,0.8362177842,0.8819052103
301,1,1,1,1,1,0.1180417785,0.6396021845,0.797822017,0.369381859,0.4345472233,0.3768252261,0.322789209,0.347050963,0.6831571897,0.2381627899,0.8725410152,0.339739164,0.407398148,0.3255343233,0.2879103192,0.8359725989,0.8809791028
301.5,1,1,1,1,1,0.1172248354,0.6367448559,0.7996632153,0.3691716928,0.4353037179,0.3782011487,0.3208046324,0.3461560701,0.6851224677,0.2377557769,0.8728440997,0.3385216974,0.408446204,0.3257516396,0.2864299289,0.8367035277,0.8809767529
302,1,1,1,1,1,0.116957492,0.637672874,0.7993362695,0.3677188144,0.4332702332,0.3775305491,0.3208811838,0.3466565988,0.6851230797,0.2395153898,0.8723382208,0.3396755597,0.4060002505,0.3247376603,0.2870178528,0.837133208,0.8800255584
302.5,1,1,1,1,1,0.1168677618,0.6397360466,0.7974485616,0.3668806208,0.4304604526,0.3743633349,0.3193893318,0.345863494,0.6841779028,0.2396416616,0.8727443451,0.3403108228,0.405502573,0.3224830473,0.2883477607,0.8365756321,0.8794511542
303,1,1,1,1,1,0.1170053809,0.6395721476,0.7980512344,0.3694054787,0.4309651539,0.3730979422,0.3184514333,0.3452551697,0.6854912718,0.2400808438,0.8716666551,0.3408481925,0.4035782838,0.3216430711,0.2890685442,0.8378499257,0.8782378881
303.5,1,1,1,1,1,0.1171754606,0.6381761998,0.7986350496,0.369076012,0.4328463056,0.3762167945,0.3206819844,0.3464027627,0.6838685709,0.2394031802,0.8715356507,0.3411248022,0.400162943,0.3221887287,0.2872506935,0.8370637312,0.8787778177
304,1,1,1,1,1,0.1171407688,0.6354897004,0.7990742436,0.368813439,0.4308847764,0.3743505121,0.3199011865,0.3451828415,0.6845817798,0.2404147207,0.8719752055,0.3400106958,0.3987525167,0.3215445987,0.2864793732,0.8369665505,0.8795107319
304.5,1,1,1,1,1,0.1166778143,0.6349757246,0.7967849583,0.3709753402,0.430146215,0.3733133013,0.3193344584,0.3445937712,0.6870876934,0.2404757658,0.8714173693,0.3402500588,0.3994789813,0.3237530355,0.287393907,0.8381491826,0.8793964453
305,1,1,1,1,1,0.1168906164,0.6351154251,0.7968986441,0.3705505339,0.4301564061,0.3744062921,0.3187201964,0.3427005669,0.6874675633,0.2412940624,0.8731313013,0.3415451642,0.3992023521,0.3230792485,0.2868630849,0.8387471104,0.878376701
305.5,1,1,1,1,1,0.1166988114,0.6327267537,0.799082793,0.3706076954,0.4300829092,0.3750196837,0.3184971759,0.3421446468,0.6852859603,0.2410393335,0.8716028155,0.3399228829,0.3985775612,0.3206507982,0.2870308301,0.8373382684,0.8783362573
306,1,1,1,1,1,0.1165592014,0.6343712015,0.7981936895,0.3701629143,0.4288931446,0.3764080039,0.3159181668,0.3404826164,0.6854875709,0.2407324474,0.871034029,0.3384616716,0.3981770155,0.3209679125,0.2851302534,0.8378647855,0.8785949333
306.5,1,1,1,1,1,0.1160739415,0.6350745153,0.7979049723,0.3692410444,0.4285189222,0.3754107432,0.3176504463,0.3404021489,0.6862821012,0.2399698176,0.8699121284,0.3405189048,0.3990739333,0.320730284,0.2858119229,0.8373862874,0.8771288845
307,1,1,1,1,1,0.117057634,0.6363335893,0.79757679,0.3701209683,0.4285219464,0.3746230741,0.3156728246,0.3403072483,0.6853200284,0.23939722,0.8710536078,0.3394998059,0.4025776543,0.3201299748,0.2861668572,0.837087228,0.8772278957
307.5,1,1,1,1,1,0.1167068135,0.6368288243,0.7974261674,0.3680009891,0.4267225214,0.3731275231,0.3152507289,0.3402933449,0.6851813334,0.2388633834,0.870150315,0.3378553823,0.4016244886,0.3196000363,0.2860757388,0.8361601418,0.8772186283
308,1,1,1,1,1,0.117570067,0.6361278517,0.7993004714,0.3692703094,0.4290329233,0.3736624459,0.3156176836,0.3405980524,0.6867867183,0.237490337,0.8693922844,0.3373619165,0.403764358,0.3222272818,0.2872312187,0.8354546134,0.8778043771
308.5,1,1,1,1,1,0.1189314804,0.637092748,0.7995878201,0.3705931181,0.4302150357,0.3736534184,0.3191679992,0.3392366246,0.6866475929,0.2342046679,0.8696268728,0.3386499502,0.401884108,0.3201326179,0.2878911334,0.8359197083,0.8777003714
309,1,1,1,1,1,0.1188043932,0.6377696865,0.7996005343,0.3713096826,0.4289509186,0.3751311308,0.3196258878,0.3408541091,0.6851950057,0.2366442375,0.8708972867,0.3379172416,0.4019351136,0.3180764506,0.2868416993,0.8368117846,0.8779570962
309.5,1,1,1,1,1,0.1187967663,0.6380826056,0.7978746214,0.3719822986,0.4318945565,0.3766595735,0.3196412093,0.3415707574,0.6866612161,0.2367363685,0.8710576943,0.3379517757,0.403150751,0.3188002845,0.2883884075,0.836972651,0.878390465
310,1,1,1,1,1,0.1188586201,0.6368618235,0.7983927692,0.3730577706,0.4296299619,0.3759955381,0.3211124122,0.3404873453,0.686996999,0.2395458579,0.8718472736,0.3390309096,0.4056447249,0.320575912,0.2895087375,0.8367063675,0.8782700529
310.5,1,1,1,1,1,0.1193252852,0.6363827933,0.7974764825,0.3757063227,0.429049227,0.3763951228,0.3187286573,0.3426140204,0.6892501808,0.2392196327,0.8730866633,0.3392254124,0.4063856909,0.3207670931,0.2874481221,0.8367280731,0.8790397462
311,1,1,1,1,1,0.1187878356,0.6385652633,0.7985139605,0.3748213139,0.4295909799,0.3755688508,0.3189670505,0.3413319709,0.6891192756,0.2395479752,0.8738713877,0.3375902611,0.4043219548,0.3206232467,0.2873994887,0.8362811472,0.8784163132
311.5,1,1,1,1,1,0.119580221,0.6352943178,0.7980819663,0.3744076081,0.4287771839,0.3765240454,0.3162997522,0.3391486213,0.6874764225,0.2406819801,0.8744132202,0.3384600982,0.4043439887,0.3203948563,0.2863146446,0.8346489199,0.878086685
312,1,1,1,1,1,0.1193441346,0.6357404899,0.7972945919,0.3744625657,0.4302461429,0.3769078802,0.3153519071,0.3404479667,0.6860347061,0.2401400418,0.8754608136,0.338037699,0.4053241997,0.319612525,0.2854964422,0.8355392545,0.877356167
312.5,1,1,1,1,1,0.1198955251,0.6348096694,0.7979824788,0.3749000684,0.4303795588,0.3759735742,0.3173686154,0.3411853537,0.6850008101,0.2407710303,0.8743827625,0.3380576784,0.4034333195,0.3213327162,0.2857528488,0.8339326712,0.8776383765
313,1,1,1,1,1,0.1188355957,0.6347812285,0.7982030576,0.3741281249,0.4296959071,0.3750545345,0.3154614334,0.3413249208,0.6865540982,0.2417800941,0.8733450763,0.3367537311,0.4038387793,0.3213307483,0.2849062994,0.8349247819,0.8790337021
313.5,1,1,1,1,1,0.1185451517,0.6358023818,0.7994532488,0.3716372517,0.4306574777,0.3734412855,0.3182497522,0.339334357,0.6867415178,0.240502014,0.8735823858,0.3394033888,0.4038105617,0.3216941222,0.2862914593,0.8368226717,0.8787453752
314,1,1,1,1,1,0.1185072645,0.6359216733,0.8002887431,0.3711313551,0.4303905044,0.3746957242,0.3178266641,0.340708045,0.6867813171,0.2406089972,0.8731169118,0.3390685296,0.4063678527,0.3212636607,0.2848842328,0.8390713657,0.8792343578
314.5,1,1,1,1,1,0.1183901034,0.636390182,0.7994769917,0.3721098617,0.4323104072,0.3735551098,0.3165902162,0.3425947965,0.6847192456,0.2410442747,0.8720214407,0.3401923589,0.4069154137,0.3215849754,0.2842657119,0.8392814179,0.8799236152
315,1,1,1,1,1,0.1183598481,0.636964559,0.7998386488,0.3716131955,0.4321668433,0.3739616304,0.3128503035,0.3422673507,0.6866939257,0.2411011227,0.8722066968,0.340308189,0.4076387237,0.3229224189,0.2848959569,0.8379077123,0.8799050116
315.5,1,1,1,1,1,0.1185422647,0.6356318365,0.7994727643,0.3722145913,0.433144632,0.3765332815,0.3119435552,0.3405633113,0.6853209076,0.239697372,0.8724286906,0.3409180332,0.4058112468,0.3216167498,0.2875342533,0.8374807987,0.878558952
316,1,1,1,1,1,0.1181718594,0.63425471,0.8007992004,0.3717358952,0.4316508832,0.3752587427,0.3133074329,0.342297165,0.6858616212,0.2402245791,0.8727279087,0.3413983397,0.404039924,0.3204337582,0.2868477803,0.8353624145,0.8784114826
316.5,1,1,1,1,1,0.1177272004,0.6374273121,0.8005010986,0.372731348,0.4308481911,0.3749037271,0.3127096667,0.3396005702,0.6865932297,0.2395954033,0.8732008848,0.3425917382,0.4030703976,0.3199855804,0.2863987766,0.8374168317,0.8775440438
317,1,1,1,1,1,0.1186725432,0.636691675,0.8002558201,0.3728654367,0.4342717753,0.3758333662,0.3150657173,0.3396163997,0.6852380392,0.2379381735,0.8728355331,0.3406678031,0.4028992259,0.3198854056,0.2873732239,0.8384860894,0.8777442956
317.5,1,1,1,1,1,0.1194493981,0.6368072865,0.799943821,0.3729203799,0.4354307207,0.3790069905,0.3184392464,0.339113034,0.6848659119,0.2376419463,0.8740963288,0.3420511542,0.4018805097,0.3211744759,0.2858414925,0.8378945149,0.8769247479
318,1,1,1,1,1,0.1194005139,0.6379179645,0.8017603119,0.3740793547,0.4349788307,0.3794779073,0.3190828606,0.3401662793,0.684407581,0.2375976477,0.8751725122,0.3430654193,0.4031721055,0.3202567404,0.2878705627,0.8385296117,0.8762601769
318.5,1,1,1,1,1,0.118454897,0.6378237071,0.8008239505,0.376095055,0.4370625757,0.3803569217,0.318985316,0.3412673089,0.6833892449,0.2363375626,0.8739629558,0.3425760434,0.404820661,0.3194163538,0.288870227,0.8378108686,0.8771884133
319,1,1,1,1,1,0.1185315295,0.6375534469,0.7994847848,0.3806725166,0.438916312,0.3787375577,0.3198519458,0.3425532538,0.6819712869,0.2370115887,0.8751239847,0.3419226443,0.4056022305,0.3203598184,0.2880232436,0.8367621237,0.8774691275
319.5,1,1,1,1,1,0.1186503235,0.6376037439,0.799856644,0.381200942,0.4376804849,0.3789088626,0.320691517,0.3407242916,0.6804452623,0.2389084506,0.8753436923,0.3410920129,0.4039200893,0.321196396,0.2877120753,0.8374792505,0.8773695136
320,1,1,1,1,1,0.117927519,0.6370797217,0.7979171379,0.3809500281,0.4364184992,0.3786945099,0.3189971672,0.3406695263,0.6808360544,0.2389198,0.8747524224,0.3411351827,0.4013441923,0.3233645614,0.2852349803,0.8374516105,0.8785387851
320.5,1,1,1,1,1,0.1186489672,0.6375665038,0.8002331144,0.383187963,0.4333159625,0.3757838601,0.3190923559,0.337995823,0.683002764,0.2361169212,0.8752798032,0.3414584456,0.3997322594,0.3231286322,0.2842506892,0.8376361128,0.8777581819
321,1,1,1,1,1,0.1187655993,0.6363783925,0.8001162453,0.3833798678,0.4331031559,0.3730337984,0.3186550118,0.3369669601,0.6815033203,0.2360108617,0.8739268631,0.3386875736,0.4002095166,0.3209640742,0.2838565547,0.8375976245,0.8763924776
321.5,1,1,1,1,1,0.1174186876,0.6384515457,0.7989238748,0.3835333672,0.4322227884,0.3756514401,0.3169039229,0.3370261452,0.6806475633,0.2348420538,0.8728073582,0.3360929076,0.4022344874,0.3227150397,0.2844638811,0.8371455271,0.8768201867
322,1,1,1,1,1,0.1171209318,0.6366294891,0.7975570221,0.3795674404,0.4343192799,0.3771568101,0.3167238114,0.33543722,0.6814804912,0.2351031719,0.8733574338,0.3361911958,0.4020859757,0.3243556007,0.2859322927,0.8367139815,0.8772381125
322.5,1,1,1,1,1,0.1171594154,0.6393870378,0.7975006266,0.3757714943,0.4336777976,0.3762982485,0.3163346423,0.3370208632,0.6827040789,0.2353313759,0.8719426508,0.3371233059,0.4010676373,0.3214128877,0.2844884921,0.8358741944,0.8772436788
323,1,1,1,1,1,0.1174867764,0.6375773847,0.7969454245,0.3725777024,0.4333385106,0.3765549038,0.3173547973,0.339664117,0.6792087669,0.2365648645,0.869943793,0.3364637447,0.4029779713,0.322178763,0.2849479459,0.836578927,0.8789012008
323.5,1,1,1,1,1,0.1170493234,0.63730395,0.7978226427,0.3730810942,0.4299518779,0.3777406125,0.317362925,0.3407353149,0.6791678418,0.2384538987,0.869798377,0.3377458442,0.4016056784,0.3229236041,0.2871631599,0.8366750527,0.8789318956
324,1,1,1,1,1,0.1181556782,0.6353088389,0.798235983,0.3728235781,0.4298881101,0.3781087738,0.3176775273,0.3421715003,0.680816965,0.2393191883,0.8699969942,0.33999204,0.4010625207,0.3214887728,0.2884986178,0.837997988,0.8793344886
324.5,1,1,1,1,1,0.118798596,0.6364806832,0.7981890458,0.3729652038,0.4319607945,0.3777051278,0.3166810507,0.3427735577,0.681730528,0.2390084091,0.8687166954,0.3388560996,0.4023680829,0.318450252,0.2869862077,0.8368296158,0.8787568448
325,1,1,1,1,1,0.1180803907,0.6368097399,0.7986428213,0.3748823427,0.4310441338,0.3764581257,0.3155927136,0.3419190738,0.6827929803,0.239554797,0.8700727363,0.3394938542,0.4020546914,0.3183726059,0.2876817888,0.8362131475,0.8784335631
325.5,1,1,1,1,1,0.1196360082,0.6384135978,0.7991867638,0.3748475395,0.431482158,0.377590242,0.315620192,0.3423892998,0.6835877718,0.2396617709,0.8702880474,0.3400292828,0.4017595169,0.3204121841,0.2857219133,0.8360080611,0.8779867931
326,1,1,1,1,1,0.1191687264,0.6391381727,0.7986864319,0.3737011646,0.4324678401,0.3745492757,0.3173477745,0.3418912178,0.6822033782,0.2402073984,0.8718104738,0.3402633273,0.4014223067,0.3211680487,0.2856035512,0.836420675,0.876744226
326.5,1,1,1,1,1,0.1186941931,0.6393814662,0.7980463058,0.374003784,0.4331587723,0.3769020546,0.3160981472,0.3427925548,0.6838824122,0.2413788174,0.8713633974,0.3401536871,0.4016825171,0.3227756062,0.2853621418,0.8361126476,0.8752168812
327,1,1,1,1,1,0.1192009375,0.6406569044,0.7988563761,0.375538421,0.4363164064,0.3767207789,0.3189110892,0.3430796032,0.6845622233,0.241000079,0.8704398057,0.3385108258,0.3995965732,0.3235118031,0.2856105603,0.8375338262,0.8738015827
327.5,1,1,1,1,1,0.1189152725,0.6373656869,0.7993063762,0.3721496569,0.4354360797,0.3766678493,0.319523663,0.3425359404,0.68346121,0.2408804118,0.8708021565,0.3401573254,0.4003692338,0.3259345984,0.2862457639,0.8352687585,0.8737927025
328,1,1,1,1,1,0.119126407,0.6381719983,0.7983535352,0.3735175061,0.4349100802,0.3750329937,0.319128553,0.3432725173,0.6840912495,0.2398045424,0.8711243395,0.3398443282,0.4007770845,0.3251048915,0.285797016,0.8351265331,0.8749407213
328.5,1,1,1,1,1,0.1184231963,0.6382005474,0.7981742414,0.3718514183,0.4318515134,0.3745658382,0.316684582,0.3404105465,0.6855309992,0.239542694,0.8716998833,0.3381114222,0.4018844796,0.3240336465,0.2855438147,0.8353305252,0.8758538068
329,1,1,1,1,1,0.1180488361,0.6391965371,0.797286788,0.3680340929,0.4309494382,0.3752036793,0.3161786422,0.3391523211,0.6878008978,0.2396170528,0.8711329486,0.3388801554,0.401180343,0.3233763422,0.2871101656,0.8353228629,0.8762561804
329.5,1,1,1,1,1,0.1175291792,0.6397991107,0.7964277735,0.3643190871,0.4291010133,0.3743926491,0.3160707841,0.3383967572,0.689505121,0.238854302,0.8707736959,0.3386339121,0.4020099814,0.3243123362,0.2859480072,0.8350885592,0.8766753185
330,1,1,1,1,1,0.1177333732,0.6394836147,0.796565977,0.3641780485,0.4287104176,0.3722932271,0.3172907218,0.3389356013,0.6875997328,0.2381539837,0.8710625146,0.3378427303,0.3997670726,0.3225404363,0.2843932433,0.8342757253,0.8760091481
330.5,1,1,1,1,1,0.1185967576,0.6384943769,0.7979907789,0.3651644926,0.4313993663,0.3747491265,0.3163636794,0.3384577907,0.6849537467,0.2386188847,0.8715351623,0.337860362,0.4014855901,0.3231663512,0.2851341216,0.8338785357,0.8760278284
331,1,1,1,1,1,0.1183392015,0.6390610748,0.797021904,0.368095764,0.4328341571,0.3731648674,0.3153383282,0.3398368624,0.6846559022,0.238901359,0.87129213,0.3387086895,0.402975722,0.3228974139,0.28649385,0.8346723853,0.8757921608
331.5,1,1,1,1,1,0.1187351131,0.6389505943,0.7963776731,0.3688026994,0.4313250999,0.3736055393,0.3162903371,0.3401874162,0.685410153,0.2396128106,0.8713418073,0.338116806,0.4049129992,0.3219870665,0.285716769,0.8348441319,0.8752488417
332,1,1,1,1,1,0.1184742299,0.6376728446,0.7965637324,0.3709710869,0.4317568589,0.373523391,0.3159886145,0.3428897906,0.6831065192,0.2419554257,0.8706691455,0.3368801811,0.4022924022,0.322742782,0.2875715581,0.8343969546,0.8765805972
332.5,1,1,1,1,1,0.1183220476,0.6398179933,0.7968069732,0.368923226,0.431953044,0.3754981683,0.3147437653,0.3428608292,0.6837425548,0.2422642325,0.8717680792,0.3373841783,0.4043279077,0.3248158873,0.2873791308,0.8330102044,0.8752737404
333,1,1,1,1,1,0.1179560604,0.6375986,0.796506324,0.3685963075,0.4331887452,0.3764987686,0.3169786218,0.3439075999,0.6856425354,0.2391956041,0.8723896827,0.3374027509,0.403623997,0.3229378,0.287307373,0.8329788648,0.8748497024
333.5,1,1,1,1,1,0.1174125644,0.6363589497,0.796696478,0.3704921898,0.4341581208,0.375112084,0.3145848453,0.3428680191,0.6846512425,0.2403688998,0.8719413163,0.3373414177,0.3998229604,0.3244759674,0.2875529396,0.8326326538,0.8742990894
334,1,1,1,1,1,0.1171026344,0.6377126556,0.7995555933,0.3697697995,0.4348771322,0.374902321,0.3165493493,0.3421186168,0.6822242421,0.241763993,0.8733797659,0.3389300431,0.4022470882,0.3243947314,0.2892320903,0.8353160428,0.8738547979
334.5,1,1,1,1,1,0.1161155038,0.6349245555,0.7995811329,0.3696257432,0.4312852759,0.3731633132,0.3156509808,0.3433561894,0.6817043247,0.24000072,0.8728845494,0.3395016017,0.4048401489,0.3233443112,0.2881349132,0.8365676265,0.8731085515
335,1,1,1,1,1,0.1167575398,0.6375232202,0.7998613417,0.3688108352,0.4315660203,0.3722333454,0.3165565508,0.3434190783,0.6820825963,0.2391440805,0.8733888754,0.3400046018,0.4048305273,0.3230415926,0.287051961,0.8381259619,0.8736877326
335.5,1,1,1,1,1,0.1166157229,0.6360538504,0.7984543483,0.3722995258,0.4328380248,0.3737400869,0.3158516857,0.3425104744,0.681546812,0.2389206114,0.8735529912,0.3416597634,0.4079972617,0.3219691332,0.2875584343,0.8391676382,0.8750801437
336,1,1,1,1,1,0.1168205589,0.6373707596,0.7981066421,0.3715496615,0.433745194,0.3725246664,0.3147911755,0.3429517359,0.680145296,0.2402545814,0.8741431295,0.3420166047,0.4046296814,0.3222366797,0.286096557,0.8378416425,0.8765304302
336.5,1,1,1,1,1,0.1172499436,0.6351649299,0.7976081514,0.3716928791,0.4321090366,0.3733802801,0.3154258759,0.342444694,0.6816262934,0.2406703436,0.8737538187,0.339200638,0.4059632425,0.3202259146,0.2850017628,0.8362165269,0.877432735
337,1,1,1,1,1,0.1169556973,0.6367108301,0.7986010808,0.3702391065,0.4263661239,0.3749228743,0.3130777499,0.3438283156,0.6804694921,0.2413622138,0.8732344502,0.338162459,0.4053478646,0.3202743726,0.2865394664,0.8370673748,0.8776783931
337.5,1,1,1,1,1,0.117441359,0.6365092198,0.7984456918,0.369363801,0.42887422,0.3754715417,0.3143530364,0.3418178798,0.6792525056,0.2409299849,0.8730454498,0.3409774109,0.4032331184,0.3224354615,0.2846262002,0.8363706805,0.877603492
338,1,1,1,1,1,0.1172880868,0.6363950278,0.7988154297,0.367729909,0.430639578,0.3751788142,0.3150976845,0.3410013627,0.6830431631,0.2396738596,0.8738990768,0.3423506586,0.4025757799,0.3223322507,0.286501619,0.836155665,0.8775040733
338.5,1,1,1,1,1,0.1158064319,0.6366061451,0.7968956821,0.3702261133,0.4311596646,0.3763143124,0.313958125,0.3382982933,0.6825956789,0.240485452,0.8748569802,0.3417012075,0.4033996255,0.3228684333,0.2858114302,0.835703798,0.8777843994
339,1,1,1,1,1,0.1160205244,0.6369060463,0.7988504702,0.3705341052,0.4317450245,0.3757125214,0.3165276229,0.3388775715,0.6822087019,0.2388481111,0.8755305108,0.3400047089,0.4034358862,0.3242790678,0.2837549014,0.8364648896,0.8786970176
339.5,1,1,1,1,1,0.1171336707,0.6391109734,0.7979716302,0.3718981176,0.4305599496,0.3779296027,0.3157504348,0.3404804519,0.6814147863,0.2371811722,0.8746152285,0.3396608875,0.4050566596,0.3235208652,0.2854473217,0.8363216134,0.8786336492
340,1,1,1,1,1,0.1184388517,0.6385668957,0.7983757867,0.3730002126,0.431073186,0.3762749202,0.3169382711,0.339242183,0.6835045921,0.2373715196,0.8751048212,0.3417287189,0.4055410808,0.3227371816,0.2847923289,0.8373287115,0.8792432676
340.5,1,1,1,1,1,0.1184726628,0.6356616916,0.797598251,0.3691786205,0.4341145212,0.3780416955,0.3189011534,0.3405654418,0.6825779108,0.2375777663,0.8739935631,0.3421535151,0.4058561395,0.3219008545,0.2854555395,0.8368016683,0.8805697703
341,1,1,1,1,1,0.1187433776,0.6364734417,0.7978926144,0.3672744552,0.4354789894,0.378246316,0.3216907455,0.3414371636,0.6825279184,0.238090011,0.8735251506,0.3409273164,0.4043583811,0.3240887857,0.2870202091,0.8358563342,0.8804116707
341.5,1,1,1,1,1,0.1184037499,0.6374213114,0.7986151666,0.3692910138,0.4325272778,0.3789586557,0.3217006455,0.3393155164,0.6833939371,0.2390051592,0.874005171,0.3402231365,0.4053158923,0.3221091842,0.2888350587,0.8359406472,0.8817338663
342,1,1,1,1,1,0.1190407976,0.6378886458,0.7998128828,0.3696660488,0.4333390303,0.3757444288,0.3186185559,0.3388913929,0.6861382449,0.2386836522,0.8748734496,0.3417384565,0.4057390484,0.3220948711,0.2894442277,0.8348794794,0.8815408252
342.5,1,1,1,1,1,0.1190516974,0.639536327,0.8012267174,0.3706369222,0.4344296977,0.3748674176,0.3173882982,0.3388022358,0.6866658656,0.2389637661,0.8734853325,0.3421035144,0.4052212086,0.3249080159,0.2889578388,0.8353903191,0.8810824579
343,1,1,1,1,1,0.1185014392,0.6404432467,0.7994033252,0.3726955907,0.4342922991,0.3763813079,0.3178823027,0.339749294,0.6897005508,0.2381219147,0.8733279305,0.3416431843,0.403307644,0.3231174504,0.289821773,0.8358726326,0.8807899451
343.5,1,1,1,1,1,0.1178315918,0.6408412287,0.7987343631,0.3706160682,0.4356106146,0.3784298426,0.3200210139,0.3400528463,0.6880612608,0.2376168277,0.8726942332,0.3431554401,0.4020447924,0.3234963721,0.2900162609,0.8343791368,0.8812183873
344,1,1,1,1,1,0.118137396,0.6412226317,0.798501746,0.3731418202,0.436671535,0.3769377027,0.3224128294,0.3421066422,0.6864099638,0.2377763718,0.8730405826,0.3418417754,0.4044816872,0.324018622,0.2894349161,0.8339888977,0.8807562019
344.5,1,1,1,1,1,0.1165217757,0.639600102,0.797952104,0.3714828964,0.4344941516,0.3770641738,0.3216222262,0.344796593,0.6870738876,0.2376749952,0.8724660633,0.3445212547,0.4055567382,0.3245352678,0.2882470003,0.8348098526,0.8797695961
345,1,1,1,1,1,0.1179972537,0.6393295091,0.7982070615,0.3700873854,0.4321139055,0.3763140686,0.3200499123,0.3445227937,0.688487089,0.2387798961,0.8729855418,0.3453797655,0.4073861071,0.3258623079,0.2882439283,0.8350341767,0.8807356218
345.5,1,1,1,1,1,0.1172025446,0.6408325273,0.797969799,0.3689907037,0.4318068361,0.3787464778,0.3187785842,0.3462197708,0.6882806247,0.2400415753,0.8721631385,0.3429560375,0.4044042428,0.3260586488,0.2889006414,0.83496208,0.8808288649
346,1,1,1,1,1,0.1168811725,0.6408646201,0.7981762784,0.3705654154,0.4317473031,0.3776802364,0.3182141973,0.3456000437,0.6889685067,0.2390349075,0.8717258312,0.3410217296,0.4024437668,0.324856491,0.2883409051,0.8363141857,0.8807023812
346.5,1,1,1,1,1,0.1175889291,0.6408671217,0.7977115547,0.3671504687,0.4314991629,0.3798012999,0.3156255111,0.3452100323,0.6884908908,0.2391775522,0.8716660938,0.3407425766,0.4047082796,0.3233585204,0.2860679926,0.8365627299,0.8822785283
347,1,1,1,1,1,0.1167344373,0.6411334226,0.7974479818,0.3679661273,0.4331346506,0.3778030458,0.3152934676,0.3437328654,0.6864327485,0.2403190392,0.8722522777,0.3406438841,0.4033547231,0.3232224148,0.2860802969,0.8377607603,0.8825701658
347.5,1,1,1,1,1,0.1176107735,0.6400422825,0.7983795215,0.3671034768,0.4329398339,0.3803025897,0.3126031236,0.3443887888,0.6843370284,0.2397379977,0.8715062686,0.338902718,0.4020869017,0.3229749465,0.2865233779,0.8368999255,0.8823758753
348,1,1,1,1,1,0.1180769305,0.6391722312,0.7977779477,0.3651249238,0.4366401677,0.3797830488,0.314100971,0.3441353305,0.6846689425,0.2394886811,0.8710067712,0.3388207074,0.4049246354,0.3236200921,0.2867184866,0.8365334626,0.8821645555
348.5,1,1,1,1,1,0.1185304005,0.6389211744,0.7971284648,0.3672374158,0.4373107534,0.3811594849,0.3157553649,0.3449742895,0.6845952311,0.2394911982,0.8707900836,0.3425688287,0.4060298381,0.3241224924,0.2860627141,0.8346177369,0.8804362998
349,1,1,1,1,1,0.1185951995,0.6361559967,0.7984169099,0.3691984423,0.4365144345,0.3798573732,0.3167415312,0.3450270482,0.684690375,0.2405087319,0.8712821918,0.3412317835,0.4075770347,0.3233453768,0.288944288,0.8347260125,0.8809612016
349.5,1,1,1,1,1,0.1184084076,0.6358690357,0.7982303025,0.3717787147,0.4358741935,0.3790116273,0.3167093296,0.3447860785,0.6832901843,0.2409839891,0.871601791,0.3412489271,0.4051695603,0.3238702803,0.2904600516,0.8344917835,0.881093197
350,1,1,1,1,1,0.1186560224,0.6361717276,0.7970086635,0.3706868736,0.4376479196,0.3762913519,0.3173181703,0.3418804208,0.682688716,0.238707663,0.8718973786,0.3438630176,0.4078283373,0.322867335,0.2898844588,0.834791086,0.8811298957
350.5,1,1,1,1,1,0.1181733108,0.6358973569,0.8003617619,0.369975491,0.4361808956,0.3755968828,0.3140565875,0.3436398661,0.6855029262,0.2388966489,0.871958605,0.3445880189,0.4063260254,0.3229829498,0.2906318756,0.8348545167,0.8821742694
351,1,1,1,1,1,0.1177570887,0.6372436103,0.7992312116,0.3705524299,0.4349603238,0.3783749929,0.3141414225,0.3438939073,0.6847366509,0.2387217075,0.8716252322,0.3419410383,0.4065198981,0.3234494395,0.2894149277,0.8340114826,0.8829107062
351.5,1,1,1,1,1,0.1174703919,0.637896761,0.7989457485,0.3711100725,0.4349528471,0.3770685365,0.3141451932,0.3443658481,0.6843398262,0.2375852323,0.8710657902,0.3416306609,0.403437502,0.3228705659,0.2901726501,0.8329522653,0.8831826951
352,1,1,1,1,1,0.116861721,0.6408397035,0.7988671227,0.3723073048,0.4353153854,0.3785390287,0.3162489786,0.3435553817,0.6846486208,0.237233165,0.8718585093,0.3432596856,0.4032232268,0.3255752814,0.2913644811,0.8340468809,0.8825079026
352.5,1,1,1,1,1,0.1173000093,0.6391873997,0.8000621266,0.3720970542,0.4347977607,0.3789901351,0.3159835116,0.340308981,0.6845252081,0.2401006316,0.8715791607,0.3437415991,0.4043532892,0.3237463092,0.2902520129,0.8330761837,0.8813854221
353,1,1,1,1,1,0.1170242435,0.636771546,0.7983972955,0.3749455559,0.4342978762,0.3801167956,0.3157437748,0.3418508198,0.6813208615,0.2401387945,0.8712777576,0.3428428245,0.4045263727,0.3224726778,0.2906618472,0.8345338957,0.8817202428
353.5,1,1,1,1,1,0.1160668408,0.6379125607,0.7979363599,0.3742262433,0.4341910239,0.3791374805,0.315256523,0.3406807694,0.6797310141,0.2402933132,0.8710047517,0.3441859331,0.4054453691,0.3236894706,0.2889615825,0.8350434179,0.8830999505
354,1,1,1,1,1,0.1164008752,0.6396105439,0.7978014717,0.3722986729,0.4324101113,0.3747847419,0.3165026398,0.3417105965,0.6811534018,0.2398430173,0.8713107517,0.3451527516,0.4060956469,0.3242324426,0.2902306898,0.8363929061,0.8831143479
354.5,1,1,1,1,1,0.1162979679,0.6376979975,0.7976331457,0.3719415553,0.4321655929,0.3722802176,0.317683599,0.3402002477,0.6806316315,0.2382578101,0.8719232793,0.3428589661,0.4026922982,0.3265685048,0.2891310798,0.8364807129,0.8844687831
355,1,1,1,1,1,0.1161202339,0.6365330126,0.7957718728,0.3698577603,0.4337691631,0.3727395713,0.317341684,0.3421657155,0.6819229424,0.2395938649,0.8720219472,0.3403167486,0.4022431187,0.3227405703,0.2892729568,0.837143024,0.8845558075
355.5,1,1,1,1,1,0.1166850338,0.6373463484,0.7970197838,0.3727943316,0.436848607,0.3737512616,0.3170766667,0.3411941641,0.6829392611,0.2393414098,0.8703802427,0.338113261,0.3997569656,0.3221517875,0.2899164872,0.8378440223,0.8842161442
356,1,1,1,1,1,0.1168340739,0.6375601007,0.798540916,0.3748213862,0.4339979261,0.3753057687,0.3172860762,0.3408400069,0.6848293887,0.2379705486,0.8709594362,0.3369473714,0.4014214852,0.3221715804,0.2880632357,0.8375404273,0.8836092684
356.5,1,1,1,1,1,0.1168715378,0.6367448814,0.7986556835,0.3735467135,0.4324232069,0.3766817467,0.3176441401,0.3412535053,0.6866019837,0.2383267949,0.8721676922,0.3396549242,0.4008717823,0.3238621973,0.2876637826,0.8377442565,0.8839282919
357,1,1,1,1,1,0.1161040727,0.6366062952,0.7980356862,0.3744145259,0.4323679707,0.3770710588,0.3182944489,0.3426578286,0.6834949484,0.2373017225,0.8712823276,0.3394268618,0.4014344084,0.3227628676,0.286064675,0.8374074538,0.8849381603
357.5,1,1,1,1,1,0.1158573032,0.6356124653,0.7974768376,0.3734183197,0.4337130262,0.3794093816,0.3185590054,0.3441727307,0.6819651566,0.2378288093,0.8714596324,0.339051027,0.4011465271,0.3216693681,0.286541227,0.8370005065,0.8849352401
358,1,1,1,1,1,0.1148385203,0.6364989081,0.7977801609,0.3721214387,0.4317543168,0.3795781031,0.3201127381,0.3442267589,0.6808617084,0.2403027702,0.8712361433,0.3396475025,0.4025501098,0.3214446852,0.2860023447,0.8367965388,0.8848765533
358.5,1,1,1,1,1,0.1144685629,0.6391763035,0.7970496415,0.3722590463,0.4316071432,0.3800386852,0.3206740975,0.3460968966,0.6814836502,0.2410711783,0.8709558677,0.3365595879,0.4033931331,0.3239517518,0.2854156307,0.8373762568,0.8845458973
359,1,1,1,1,1,0.1149668427,0.6396234294,0.7982825539,0.3761076561,0.4314667713,0.3806086481,0.3184597326,0.3444445093,0.6824553971,0.2391927707,0.8719450884,0.3370501033,0.4042094944,0.3263308488,0.2856955571,0.8364791347,0.8843236909
359.5,1,1,1,1,1,0.1147557971,0.6403036004,0.7985274889,0.3764841773,0.4333133783,0.3802614109,0.3204157687,0.3425991381,0.6810003766,0.2396025798,0.8720637815,0.3376571496,0.4049616233,0.3240797065,0.2858376436,0.8358837436,0.8823552916
360,1,1,1,1,1,0.1150581557,0.6391447644,0.7989126071,0.3783622127,0.4344224242,0.3805984702,0.3193649994,0.3434860014,0.6824757267,0.240204775,0.871470384,0.3377534038,0.4011026737,0.3225357249,0.2869185171,0.8351296897,0.8814241574
360.5,1,1,1,1,1,0.1156546113,0.6390801185,0.7982302673,0.3776794937,0.43494429,0.3783907648,0.3196853973,0.3440565403,0.6846294602,0.2412731962,0.871869775,0.3364339387,0.4011350282,0.320556614,0.2872237301,0.8346257973,0.8809123853
361,1,1,1,1,1,0.1150075216,0.6371775319,0.7981426832,0.3760921823,0.4332058467,0.3762712624,0.3198094158,0.3438010077,0.684709376,0.2418381263,0.8729648227,0.3375466582,0.4011436849,0.3191527334,0.2869412443,0.8352404935,0.8810335458
361.5,1,1,1,1,1,0.1154442724,0.637801666,0.7980294727,0.3758359729,0.4338224628,0.3750491218,0.3193244304,0.3413223214,0.6853263692,0.2404832586,0.8733419211,0.3379209366,0.4011857854,0.3193014749,0.2884491597,0.8346308136,0.8800113107
362,1,1,1,1,1,0.1152972445,0.6372020874,0.796244296,0.3736258327,0.4339271585,0.3766731777,0.3200908489,0.3442965898,0.6864523297,0.2394214269,0.8738112461,0.3362998173,0.4005358781,0.3190246742,0.2883851886,0.832752384,0.8805859353
362.5,1,1,1,1,1,0.1158638755,0.6379824953,0.7963070522,0.3733480039,0.4332635916,0.3762871507,0.3167635701,0.3426479397,0.6884460007,0.241218273,0.8744488257,0.3380085078,0.4021230298,0.3222936831,0.2878488419,0.8338195133,0.8806196163
363,1,1,1,1,1,0.1162506729,0.6380645645,0.795307393,0.3768827406,0.433829301,0.3761569783,0.3170123298,0.3425993396,0.6905184984,0.240693723,0.8733874658,0.3364228486,0.4053256712,0.3254427511,0.2900151788,0.8347181272,0.8802165782
363.5,1,1,1,1,1,0.1164007494,0.6388479689,0.7978313538,0.3765100191,0.4337227292,0.3760715811,0.3163984315,0.3428268747,0.6875616644,0.2418857814,0.872692181,0.3366888174,0.4066803891,0.3261339493,0.2905653619,0.834664295,0.8796147714
364,1,1,1,1,1,0.1168241167,0.6376163113,0.797605583,0.3770521981,0.4309410666,0.3770723596,0.3142460573,0.3440393588,0.6891586285,0.2429800981,0.8735123147,0.3385952612,0.4047987352,0.3230254993,0.2887711535,0.8356918435,0.8803706445
364.5,1,1,1,1,1,0.1157818866,0.6361717855,0.7966905239,0.3769342976,0.4308225254,0.3772921072,0.3134291465,0.3426446394,0.68715224,0.2388890914,0.8743026622,0.3412120663,0.4052565033,0.3237231479,0.2892494068,0.8350764139,0.8798297997
365,1,1,1,1,1,0.1158949536,0.6393048375,0.7987148801,0.3752978682,0.430126127,0.3782954802,0.3148119394,0.3424983679,0.6869941725,0.2396002275,0.8752068558,0.3413167654,0.4037808638,0.3233182613,0.2898429367,0.8349396889,0.8798873874
365.5,1,1,1,1,1,0.1164574877,0.6414416986,0.7980121895,0.3769939353,0.4284708775,0.3781555836,0.3165346411,0.3420266247,0.6855855192,0.2403575063,0.8749428989,0.3427160791,0.4061512488,0.3213735325,0.2888982921,0.8351531199,0.8801717264
366,1,1,1,1,1,0.1160998859,0.6386515312,0.7971838556,0.3773082327,0.4279357341,0.3780178252,0.3163421447,0.342720491,0.6860415528,0.2395493621,0.8745238687,0.3412365374,0.4073406469,0.3211769016,0.2912893222,0.8377130111,0.8811546705
366.5,1,1,1,1,1,0.1160683701,0.6379423683,0.7979508667,0.3767063124,0.4295488219,0.3779157194,0.3154176573,0.3435900923,0.6872436227,0.2407121548,0.8742489552,0.3405459242,0.4076281897,0.3203464192,0.2911426925,0.8366062983,0.8815504905
367,1,1,1,1,1,0.1167437965,0.6372696473,0.798693359,0.3761209058,0.4318287607,0.3770076029,0.3159975509,0.3436059204,0.689066285,0.2399211087,0.8734378638,0.3405725759,0.4061324399,0.3223858562,0.2933100559,0.8365705687,0.8816488559
367.5,1,1,1,1,1,0.1166579857,0.6370705355,0.7979348515,0.3748348099,0.4295328195,0.3792292251,0.3181415092,0.3458677369,0.690351079,0.2386234811,0.8731889032,0.3416612008,0.4083384423,0.3238070795,0.2914019522,0.8361211906,0.881395936
368,1,1,1,1,1,0.1166386055,0.6375093628,0.797232634,0.37384328,0.4291490657,0.378604524,0.3173852024,0.3448131804,0.690222198,0.239561858,0.8731947141,0.3394522346,0.4061761598,0.3236553916,0.2906116904,0.836214258,0.8817384606
368.5,1,1,1,1,1,0.1171856192,0.6374616859,0.7969490429,0.3718344287,0.4319899805,0.3793088228,0.3182292129,0.3448573879,0.6900394621,0.2401924611,0.8728725547,0.3420205003,0.4066968895,0.3240495202,0.2906175829,0.8364343411,0.8821703419
369,1,1,1,1,1,0.1178411607,0.6357770994,0.7986272629,0.3723133059,0.4330135516,0.3811495144,0.3167160637,0.3445851923,0.6899306419,0.2391138692,0.8729743356,0.3410287708,0.4063804339,0.3228979407,0.2915339278,0.8361098916,0.8824242757
369.5,1,1,1,1,1,0.1181000497,0.6350860552,0.7966465071,0.3716390492,0.4329568564,0.3817767963,0.3184345972,0.3407693574,0.689669467,0.2383741839,0.8738234372,0.3409650404,0.4076887802,0.323374248,0.292491127,0.8358819167,0.8828020937
370,1,1,1,1,1,0.1175102152,0.6378751754,0.797514027,0.3744563521,0.4334523684,0.3784341815,0.3180474385,0.3423767104,0.689106006,0.2397925206,0.8745554656,0.3398653389,0.4070315497,0.3240663426,0.2929023949,0.8358351,0.8817348814
370.5,1,1,1,1,1,0.1180912154,0.6362468416,0.7972915036,0.3751702486,0.4349345173,0.3811000335,0.3178116004,0.341508212,0.6882452288,0.2397065981,0.874239245,0.3385066669,0.4058441691,0.3245009427,0.2932383763,0.8372932189,0.8812523159
371,1,1,1,1,1,0.1182452849,0.6382493176,0.7963940925,0.3748725602,0.4349408589,0.3798248689,0.3177026707,0.3438273532,0.6903517815,0.2408645896,0.8750682843,0.3404987891,0.4048927419,0.3258609217,0.2911785902,0.8369324115,0.881485381
371.5,1,1,1,1,1,0.1174137264,0.6408024876,0.7975701085,0.3749212333,0.434289615,0.3790756203,0.3156916872,0.3443153214,0.6891799115,0.2422131008,0.8758520747,0.3418025367,0.4027647647,0.3253851956,0.2886012668,0.8365047046,0.8805805789
372,1,1,1,1,1,0.118423556,0.641387704,0.7973340789,0.3795644939,0.4345599884,0.3778278307,0.3164740913,0.343423579,0.6894262766,0.2426192166,0.8746330538,0.343446291,0.4028242157,0.3240501946,0.2878663057,0.8358428264,0.8809562501
372.5,1,1,1,1,1,0.1182902878,0.6424421702,0.7971785847,0.3788606679,0.4350615998,0.3794871038,0.3185952057,0.3404669227,0.6916553492,0.2403955028,0.8736425423,0.3412466441,0.4026072963,0.3229954333,0.2887893399,0.8356543164,0.8809794635
373,1,1,1,1,1,0.1186993951,0.6385985219,0.7978271843,0.3815751546,0.4350231048,0.3790109652,0.3178255592,0.340886736,0.6922691375,0.2399745014,0.8736414194,0.3395967409,0.3999806893,0.3239669983,0.2881119711,0.8356390223,0.8802761015
373.5,1,1,1,1,1,0.1189910315,0.6362651392,0.7984873617,0.3779132897,0.4337322777,0.3794731996,0.3186567159,0.3427421262,0.6932032795,0.2379442483,0.8723171271,0.3388210461,0.4006923643,0.3247629878,0.289280878,0.8352215172,0.8799308421
374,1,1,1,1,1,0.1198198398,0.6386308557,0.8000886536,0.3768632949,0.4340712275,0.3772041741,0.3197967761,0.3438909583,0.6949183693,0.236015808,0.8731221853,0.3386494333,0.4017457731,0.322485881,0.2865380218,0.8354964755,0.879633101
374.5,1,1,1,1,1,0.1192680865,0.6392510792,0.7991595976,0.3742597609,0.4327096437,0.3797783283,0.3202564845,0.3439488175,0.6929416044,0.2376149882,0.8737647297,0.3406578559,0.4010255302,0.3218307886,0.2867255158,0.8359199229,0.8801818675
375,1,1,1,1,1,0.1178413017,0.6396959076,0.7984791791,0.3744186442,0.4321861449,0.3784346669,0.3218212574,0.3442623809,0.6935330291,0.2402360347,0.8726226892,0.3406377537,0.4009887636,0.3232205048,0.2875100115,0.8348131658,0.8806320589
375.5,1,1,1,1,1,0.1179449949,0.6390055455,0.799573233,0.3739722115,0.430867139,0.3781987731,0.3214207371,0.3443936803,0.6941323669,0.2416233155,0.8734695488,0.3419854294,0.398778022,0.3221987019,0.2871145942,0.8357559165,0.8795892146
376,1,1,1,1,1,0.1167023595,0.6387657259,0.7992353829,0.3739782297,0.4311675563,0.379607432,0.3199091965,0.3453831349,0.6942137451,0.241621626,0.8739530305,0.3423612924,0.4003879019,0.3195057983,0.2850523667,0.8365788534,0.8793030658
376.5,1,1,1,1,1,0.1179084419,0.6370535277,0.7986292586,0.3755592166,0.4315170937,0.3794615638,0.3210528052,0.3452458796,0.6920708929,0.242927518,0.8752076038,0.3426178679,0.3994403165,0.3220060235,0.2840341419,0.8362621135,0.8786592978
377,1,1,1,1,1,0.1177355561,0.6345066268,0.7987454185,0.3724357767,0.4297383238,0.3763976685,0.3210774151,0.3460005823,0.69327731,0.2426620233,0.875488225,0.3429902002,0.3988644525,0.3225021677,0.2859386005,0.8362216117,0.8788995126
377.5,1,1,1,1,1,0.1183210091,0.6352960693,0.7987780366,0.3717015793,0.4274494249,0.3775596868,0.3207221345,0.3487313011,0.692951656,0.2418730278,0.8761913665,0.3408892322,0.3958829871,0.3210349535,0.2846352516,0.8352724925,0.8776266305
378,1,1,1,1,1,0.1188368258,0.637680156,0.7993132567,0.373239071,0.4311600096,0.3770088863,0.3209948238,0.3463845872,0.6923582259,0.2420007264,0.8746079642,0.341631312,0.3992515887,0.3227212673,0.2862313571,0.8360161667,0.8774143862
378.5,1,1,1,1,1,0.1188763118,0.6360349116,0.7978935841,0.3728812896,0.4309768949,0.3775421229,0.3200207805,0.3461628855,0.6930646876,0.242892204,0.8746531958,0.3450663918,0.4003498903,0.3215863271,0.2867067599,0.8368873764,0.8758183756
379,1,1,1,1,1,0.1177939559,0.638306343,0.7960405539,0.3751198563,0.4306427911,0.3747073601,0.3188507466,0.345802536,0.6928176532,0.2421235894,0.8750657111,0.344394779,0.4012696677,0.3216458842,0.2861883012,0.8376094433,0.8747200367
379.5,1,1,1,1,1,0.1186211515,0.6417601827,0.7964229245,0.3740983272,0.4313349138,0.3756987445,0.3187687578,0.3473714457,0.6924528599,0.2404744108,0.8753460448,0.3431797312,0.4020029439,0.3219663862,0.288125433,0.8362909418,0.874961232
380,1,1,1,1,1,0.1187197317,0.6394455816,0.7978187735,0.3748608191,0.4323597385,0.3749984658,0.3184399162,0.347370113,0.6942468411,0.2419796247,0.8746653925,0.340570637,0.4020037972,0.3229301168,0.2879347632,0.8370151561,0.8760189043
380.5,1,1,1,1,1,0.1178424471,0.6396353972,0.7972549961,0.3730067283,0.4329292777,0.3765263498,0.3188573273,0.3456643799,0.6962851723,0.2422865128,0.8762260514,0.3404455971,0.4027672765,0.3218072268,0.2864420978,0.8368750076,0.8756319562
381,1,1,1,1,1,0.1167892353,0.6395669651,0.7965567122,0.3734390824,0.4318993062,0.3783430567,0.3175421899,0.3429700682,0.6985691257,0.2408840749,0.877545112,0.3400107964,0.4023724099,0.3226873654,0.2874681788,0.8382206653,0.876139434
381.5,1,1,1,1,1,0.1176603211,0.6403168413,0.7968264001,0.3743376376,0.4346276217,0.3794251918,0.3180086524,0.342622719,0.6988643995,0.2411520029,0.8770452927,0.3405574855,0.4040039755,0.3202440193,0.2884783868,0.8386142089,0.8779129917
382,1,1,1,1,1,0.1173595609,0.6389147128,0.7976267111,0.3752701977,0.4323054008,0.379348836,0.3179791065,0.3428280014,0.6980397173,0.2423622194,0.8757220964,0.3401396133,0.4041530735,0.321266833,0.2891770868,0.8383977315,0.8772492228
382.5,1,1,1,1,1,0.1165094525,0.6383067509,0.7974922097,0.3774259389,0.4306446039,0.3784160773,0.3171866332,0.3418679915,0.698578334,0.2408608715,0.8748275646,0.3403961399,0.4028763791,0.3223787235,0.2907466573,0.8391788008,0.8769647869
383,1,1,1,1,1,0.1187234808,0.6383566262,0.7977974756,0.377419203,0.4316409588,0.3773831587,0.3184568626,0.3420638953,0.6973846594,0.2392745084,0.8752388956,0.339401015,0.4031237864,0.3221822525,0.2883641305,0.8373129443,0.876304593
383.5,1,1,1,1,1,0.1189042521,0.638741043,0.7980461552,0.3772107581,0.4320143588,0.3796196978,0.3173959752,0.3407873302,0.6941296829,0.2388015385,0.8760025754,0.3391728236,0.402223864,0.3216310969,0.2864809385,0.835985791,0.8778124852
384,1,1,1,1,1,0.1181523794,0.6380034343,0.7972427759,0.3758085125,0.4296314639,0.3754226696,0.31774897,0.3418610797,0.6935471366,0.2398037718,0.8749137107,0.3409093515,0.4023398925,0.3222367373,0.2847494443,0.8364664328,0.8774641817
384.5,1,1,1,1,1,0.1173931381,0.6369190203,0.7976717345,0.3724725721,0.430013599,0.3772522639,0.317689012,0.3449794608,0.6935350273,0.2410391737,0.87337436,0.3414042211,0.399290767,0.3200732158,0.2864037732,0.8362443483,0.8783005121
385,1,1,1,1,1,0.117093232,0.6373044519,0.7972534285,0.3731380917,0.4295013054,0.3775097486,0.3191197735,0.3454820433,0.6916763828,0.2417261067,0.8741052562,0.3407622672,0.4003530212,0.3209844755,0.2857344482,0.8351321918,0.8784110071
385.5,1,1,1,1,1,0.1172723796,0.6382153799,0.7986183337,0.3729827319,0.4279612649,0.3747677818,0.319160876,0.3445166244,0.6918028553,0.2396821051,0.8741685917,0.3396210932,0.4001247493,0.3213242151,0.2881154999,0.8359826975,0.8782804019
386,1,1,1,1,1,0.1178212148,0.6376878842,0.7989634423,0.3734253667,0.4307447724,0.3769158926,0.3206738465,0.3452306077,0.6886083201,0.2378074446,0.8746361253,0.3411965954,0.4008620173,0.3199074968,0.2870457419,0.8365773867,0.8788465389
386.5,1,1,1,1,1,0.1173077249,0.6398531148,0.7995671473,0.3726595882,0.4317057642,0.3763862988,0.3200797145,0.3459191278,0.6874405684,0.2375516187,0.8738431106,0.3413231524,0.4017086054,0.3201790102,0.2878387541,0.8371389053,0.8776475179
387,1,1,1,1,1,0.1169548083,0.6399526414,0.8000729693,0.3753248592,0.4316542795,0.3735197719,0.3209173565,0.3450884636,0.6895468452,0.237100298,0.8736644109,0.3413362691,0.4018992428,0.3216542218,0.2874296338,0.8376519754,0.87655153
387.5,1,1,1,1,1,0.1165707574,0.6380193586,0.8006263165,0.3745052221,0.4341995619,0.3754770015,0.3215475267,0.346400927,0.6901840745,0.2399736031,0.8742290905,0.3393488483,0.4006188599,0.3196890602,0.2849657912,0.8375721899,0.8756213235
388,1,1,1,1,1,0.1176991069,0.6392137636,0.7999569862,0.3730921112,0.4330249525,0.3738175336,0.3210792661,0.3454296721,0.6920504613,0.2410488192,0.8743957628,0.3425936911,0.3994357145,0.3194008503,0.2845504164,0.8376209174,0.8751446956
388.5,1,1,1,1,1,0.117152705,0.6372966123,0.7997992178,0.3716959614,0.4348542908,0.3745127931,0.321356321,0.3458579331,0.6915589434,0.2388985158,0.8748531305,0.3422567665,0.3999668036,0.3188751834,0.2839402927,0.8366536666,0.875286493
389,1,1,1,1,1,0.1168607886,0.6364224659,0.799439105,0.3724177487,0.4369263676,0.3766630784,0.3179500817,0.3462011605,0.6908830737,0.2376091618,0.8746001897,0.3422591789,0.402163725,0.3190341465,0.2840580432,0.8363608764,0.875305549
389.5,1,1,1,1,1,0.1173882128,0.6378079259,0.7999100686,0.374124729,0.4320702796,0.3753491294,0.3185347226,0.3447423645,0.6915136812,0.2373682457,0.8743939194,0.3435873869,0.4012654601,0.3194473103,0.2867329682,0.8350442873,0.8766021864
390,1,1,1,1,1,0.1173207075,0.6383874885,0.7980990492,0.3749901904,0.4310614726,0.3762859807,0.3197490627,0.3442784613,0.6914402135,0.2383537574,0.8731792086,0.3440573253,0.400409528,0.3205166768,0.2858848447,0.835535903,0.876018764
390.5,1,1,1,1,1,0.1164708206,0.6380585167,0.7977922232,0.3755413513,0.4327184588,0.373347878,0.3183773408,0.3433585979,0.6881178,0.2405886596,0.8743389544,0.3434598835,0.4006669336,0.3196845168,0.2844745253,0.8366454554,0.8770524672
391,1,1,1,1,1,0.1169893843,0.6374545268,0.7986867843,0.3778541448,0.4295203433,0.3769275674,0.3191009204,0.3404601673,0.6885410295,0.2406188736,0.8724366722,0.3433355375,0.4018262563,0.3199185291,0.2854163254,0.8355886006,0.8768790925
391.5,1,1,1,1,1,0.1171930757,0.6384212957,0.7994529732,0.3761707117,0.4296265895,0.3761730835,0.3150596852,0.3389377465,0.6892033884,0.2395758724,0.8718603136,0.3447813708,0.4020572261,0.3233680705,0.2848485328,0.836132998,0.8760270084
392,1,1,1,1,1,0.1172251567,0.6394646867,0.7992955626,0.3773319089,0.4317908708,0.3751583344,0.3150855821,0.3388454436,0.6880065217,0.2403124443,0.8715335594,0.3432807867,0.4021507852,0.3208208348,0.2847348256,0.8354821106,0.8759568256
392.5,1,1,1,1,1,0.1159749916,0.6377865052,0.798610521,0.3773463867,0.4317076952,0.3766946756,0.3145604487,0.3402117091,0.6854534959,0.2394000973,0.8716720531,0.3423609274,0.4048749668,0.3197492789,0.2855315332,0.8354733052,0.8755259862
393,1,1,1,1,1,0.1165962234,0.639439304,0.7975021564,0.3755098453,0.4323219356,0.3773870617,0.3164551027,0.3385012082,0.688900463,0.2396055804,0.8713309618,0.3412699453,0.4056887028,0.319264347,0.2859877086,0.8352731895,0.8744141092
393.5,1,1,1,1,1,0.1168684001,0.6408801258,0.7964576605,0.3761653245,0.4294704638,0.3780875375,0.3163858122,0.3416329875,0.6869229322,0.240415427,0.8716035721,0.3405393256,0.4053709067,0.3239123367,0.2875142059,0.836579299,0.8739690765
394,1,1,1,1,1,0.1169030121,0.6388123645,0.7958903867,0.3763792477,0.4293222648,0.3763262052,0.3188468795,0.3417523915,0.6865921376,0.2389982322,0.87145023,0.3370938792,0.4067796498,0.3222950919,0.2840682557,0.836367559,0.8750057858
394.5,1,1,1,1,1,0.1171029587,0.6384772073,0.7975087567,0.3727969407,0.428511431,0.3793627341,0.32150008,0.3449474639,0.6892725812,0.2393449464,0.8733140673,0.339366822,0.4045829417,0.3231852177,0.2850811817,0.836981723,0.8758353172
395,1,1,1,1,1,0.1162713003,0.6368063778,0.7977978362,0.3709160622,0.4263769412,0.3782664996,0.3186703696,0.3449503552,0.6899946465,0.2381700946,0.8741303739,0.3363016095,0.401065298,0.324541643,0.2879978927,0.835672849,0.8766709719
395.5,1,1,1,1,1,0.1176645115,0.6356895541,0.798309625,0.3733538777,0.4256886635,0.3771769316,0.3183647568,0.3438057028,0.6894428635,0.2394623049,0.8736905714,0.3385688185,0.4000211193,0.3234061656,0.2873620406,0.8357597243,0.877512009
396,1,1,1,1,1,0.1183321229,0.6360741641,0.7994415299,0.3724297888,0.4281886845,0.3748298506,0.3178134579,0.342962577,0.6880309243,0.2390836766,0.8736700125,0.3385189854,0.4003302719,0.32447975,0.2886317587,0.8344102317,0.8783783627
396.5,1,1,1,1,1,0.1166882017,0.6371715354,0.7984002378,0.3718625937,0.4328423814,0.3761515463,0.3184067497,0.3401646067,0.6846013394,0.2384141513,0.8738175154,0.3381550658,0.4017622562,0.3237453135,0.2878129819,0.8348984864,0.8796312725
397,1,1,1,1,1,0.116745212,0.6365733319,0.7983367949,0.3712252421,0.4330452912,0.3767638422,0.3209148362,0.3417313267,0.683007592,0.238738069,0.8747398069,0.3392160698,0.4003337319,0.3227718227,0.286363216,0.8358677277,0.879413832
397.5,1,1,1,1,1,0.117482888,0.6381086097,0.799533833,0.3680632318,0.4329875828,0.3789674576,0.3227207507,0.3431762866,0.6828395567,0.2400419073,0.8747796927,0.3386678198,0.4026672166,0.321232311,0.285658245,0.8353948306,0.8800581047
398,1,1,1,1,1,0.1185244599,0.6402172519,0.7978082641,0.367293673,0.4328587079,0.3785359209,0.3225862149,0.3433437413,0.6818568577,0.2415620426,0.8752972822,0.3406264272,0.4024217529,0.322051345,0.2862547142,0.834126021,0.8802555604
398.5,1,1,1,1,1,0.119144147,0.6395970219,0.7975613182,0.3674457535,0.4332367786,0.3795626732,0.3223639996,0.3433874241,0.681477148,0.2434926353,0.8757040174,0.3414510609,0.4011566638,0.3220822038,0.2867233841,0.8323558597,0.8802074253
399,1,1,1,1,1,0.1200370725,0.6397153567,0.7978360513,0.3651257961,0.4342470799,0.3792047465,0.3203255137,0.3440017835,0.679502841,0.2437899947,0.8759450892,0.3403653779,0.4025317962,0.3205300054,0.2868606839,0.8340888044,0.8789779663
399.5,1,1,1,1,1,0.1193980766,0.6390285701,0.7983309559,0.36780491,0.4330159534,0.3761099613,0.3203319612,0.3448561355,0.6801759768,0.2428140341,0.8769276759,0.3396215449,0.40202489,0.3191374793,0.2884282338,0.8342865648,0.8793333331
400,1,1,1,1,1,0.1189831508,0.6376178372,0.7976839157,0.3672496043,0.4333715057,0.376342244,0.3197152131,0.3453407386,0.6789959792,0.2405368861,0.8764609166,0.3414336374,0.4039216263,0.319891551,0.2879556379,0.8351824621,0.8792657976
400.5,1,1,1,1,1,0.1185115591,0.6371887744,0.79665914,0.3698194048,0.4346291729,0.3771435389,0.3174457184,0.3436182591,0.681717208,0.2411059819,0.8760192331,0.3401479311,0.4049465439,0.3199567001,0.2884350742,0.8353114878,0.8807715394
401,1,1,1,1,1,0.1186419635,0.6360469601,0.7967922875,0.3689303359,0.4345700577,0.3780392313,0.31799254,0.3435058715,0.6811024894,0.239799772,0.8756769902,0.340183294,0.4057220697,0.3213600058,0.2882499601,0.8351066019,0.8808666864
401.5,1,1,1,1,1,0.1185774761,0.6359235571,0.7980832562,0.3680719199,0.4318158792,0.3769273123,0.3205664024,0.3448442216,0.6814456831,0.2392319068,0.8758382007,0.3413586979,0.4048008943,0.3219753528,0.2885281831,0.8354719447,0.8809802423
402,1,1,1,1,1,0.1182670767,0.6347555874,0.7984354702,0.3703505048,0.4295543989,0.3783742385,0.3190656094,0.3431683734,0.6852616864,0.2381167804,0.8754748448,0.3421504271,0.4027154845,0.3214679881,0.2902122206,0.8370746792,0.8818422475
402.5,1,1,1,1,1,0.1183824052,0.6343489324,0.7998010375,0.3686828298,0.4307210671,0.3769499742,0.3165943963,0.3447810745,0.6842168758,0.2395939595,0.8747207394,0.3418406089,0.4039207359,0.322182619,0.290212692,0.8359608856,0.882157702
403,1,1,1,1,1,0.1183823984,0.6373885381,0.7992340097,0.368253968,0.4317609735,0.3758195746,0.3156559326,0.3432691684,0.6838339336,0.2401897678,0.8747839812,0.3405381094,0.4048746729,0.3210724609,0.2887403794,0.835328138,0.8831259506
403.5,1,1,1,1,1,0.1191306528,0.6334018442,0.7980698441,0.3694885061,0.42912622,0.3741118355,0.315603608,0.3439827421,0.684107304,0.2411327942,0.8747374138,0.3423042829,0.4070230522,0.3220862445,0.2904318858,0.8355948236,0.8833014675
404,1,1,1,1,1,0.1190422154,0.6350008153,0.7969118588,0.3688354934,0.4314724899,0.3771375579,0.3148630099,0.3429459852,0.6838813533,0.2408912427,0.8758681436,0.3443228327,0.4089908144,0.3232633699,0.2875462345,0.8353562855,0.8828929776
404.5,1,1,1,1,1,0.1179286106,0.6362878403,0.7968692178,0.3692677767,0.4297800415,0.3765783144,0.3159150499,0.3409646705,0.6854864328,0.2408743027,0.875344006,0.3434542998,0.4129903577,0.3246304555,0.2889705813,0.8348175247,0.8815133962
405,1,1,1,1,1,0.118190349,0.6385902834,0.7984386693,0.3686725711,0.4311038792,0.3758759901,0.3158277825,0.341185151,0.6853908931,0.2405363629,0.8751357496,0.3435657232,0.4116933311,0.3243129824,0.2869028825,0.8349243861,0.8809638942
405.5,1,1,1,1,1,0.1172602155,0.637846146,0.7981276204,0.3670476239,0.4329700215,0.3765216808,0.3143918475,0.3394704709,0.6835512393,0.2418625184,0.8736881482,0.3434141837,0.409908072,0.3242007136,0.288425411,0.834020782,0.8805292152
406,1,1,1,1,1,0.1166497711,0.6379373927,0.7980066582,0.366985102,0.4337249204,0.3762387621,0.314375746,0.3392246786,0.6823408043,0.242672158,0.8746150885,0.3432015341,0.4097916864,0.3210679702,0.2869631438,0.8333552399,0.8816726116
406.5,1,1,1,1,1,0.1172548633,0.6397839819,0.7988330775,0.3673648349,0.4327906414,0.376928441,0.3152235896,0.3396390321,0.681237302,0.2425757558,0.8741080044,0.3414499259,0.4085321846,0.3221984454,0.2892594019,0.8339477286,0.8814594479
407,1,1,1,1,1,0.1165345624,0.6385238545,0.7986472199,0.3674947539,0.4335306252,0.3763401383,0.315432322,0.3379972472,0.6833659204,0.2415246339,0.8740678329,0.3426964552,0.4060889866,0.3236043373,0.2868854229,0.8348909315,0.8814323707
407.5,1,1,1,1,1,0.1174545517,0.6363326835,0.7996805709,0.3703844254,0.4321020949,0.3761689531,0.3188375468,0.3406902814,0.6825933398,0.2399007622,0.8741550486,0.3454423893,0.406579829,0.324410578,0.2865889339,0.8350327893,0.8816565031
408,1,1,1,1,1,0.1158153037,0.6384782503,0.7988905952,0.3730155455,0.4312543266,0.3769481322,0.3197414647,0.3425918987,0.6831229645,0.2382950566,0.8737220376,0.3415700119,0.4060819943,0.3236139222,0.2877381891,0.8362563139,0.8813663321
408.5,1,1,1,1,1,0.1147236071,0.6372944228,0.7972594793,0.3742309755,0.4307747926,0.3779887789,0.3172257779,0.3433383753,0.6818965385,0.2377878724,0.8726835075,0.3409683752,0.4039035465,0.3221745278,0.2871591225,0.8348963364,0.880724425
409,1,1,1,1,1,0.115345106,0.6396936353,0.7969770944,0.3705301465,0.4294296322,0.3790779227,0.3197715815,0.341600015,0.6822294884,0.237397568,0.8725348665,0.3401594819,0.4033930723,0.3229737398,0.2879337033,0.8369776556,0.8819874096
409.5,1,1,1,1,1,0.1164607976,0.6395910711,0.7983398882,0.3712302749,0.4293582502,0.3786344707,0.3179181957,0.3421260853,0.6809116904,0.2350897611,0.8728030341,0.3419787818,0.4025095429,0.3216008295,0.2860854831,0.8362353751,0.8820870542
410,1,1,1,1,1,0.1165363145,0.6373702723,0.7988433404,0.3719671827,0.4316158423,0.3764583042,0.317233745,0.3416558634,0.6807940091,0.2365723506,0.8716082208,0.342816615,0.4013510091,0.3211006059,0.2872465922,0.8375092702,0.882614968
410.5,1,1,1,1,1,0.1169428085,0.6371960544,0.7993934314,0.3734117013,0.4304019899,0.3762991915,0.3192913595,0.3428334663,0.6818665835,0.2394474581,0.8710808282,0.3433045175,0.4016377907,0.3229074065,0.2853989021,0.8371404653,0.8815445697
411,1,1,1,1,1,0.1177517328,0.6371408648,0.7989676997,0.3730358915,0.431982249,0.3748046927,0.320261852,0.3465398421,0.6814451042,0.2397363932,0.8716467938,0.3426026493,0.4005910217,0.3226382307,0.2867912565,0.8355780093,0.8801168267
411.5,1,1,1,1,1,0.1173810774,0.6377658178,0.7996237894,0.3717832519,0.4289494786,0.3780290674,0.3182198406,0.3462324545,0.6781741909,0.2389523909,0.8726127896,0.3438301742,0.4014971562,0.3220642307,0.2884321413,0.8334637941,0.879748493
412,1,1,1,1,1,0.1172465452,0.6355437507,0.7980314485,0.3727837104,0.4284541408,0.3770907076,0.3198517499,0.3442580343,0.6767254975,0.2393859059,0.8727189148,0.3432349905,0.4015195462,0.3243306218,0.2861204283,0.8339351396,0.8784417365
412.5,1,1,1,1,1,0.1162464109,0.6345786443,0.7979393656,0.3701343993,0.4283608816,0.3775197475,0.3198734277,0.3434185617,0.678824759,0.241372136,0.8713205814,0.3402099821,0.4008644423,0.3233760819,0.286595906,0.8346453769,0.8774271043
413,1,1,1,1,1,0.1158445363,0.6348962461,0.79869144,0.3714791059,0.4293585699,0.3747917175,0.3202385422,0.3441413429,0.6794970501,0.2410995057,0.8713651837,0.3391473325,0.3987766817,0.3218166608,0.2878954395,0.8333988499,0.8779192994
413.5,1,1,1,1,1,0.1173421673,0.6357235586,0.7994982883,0.3709127852,0.4307665862,0.3758832996,0.3191920074,0.3419745208,0.6787301698,0.2418472093,0.8696211553,0.3414282077,0.4003454046,0.3191886781,0.2870733206,0.8331516983,0.8772410582
414,1,1,1,1,1,0.1176430565,0.6356863063,0.7989240484,0.3701939136,0.4296621381,0.3759328621,0.3213627372,0.3428607664,0.6796484735,0.239668959,0.8696360116,0.3414321412,0.4015861225,0.3213421994,0.2861024645,0.8338227513,0.8760347
414.5,1,1,1,1,1,0.1170859686,0.6362823557,0.7986463368,0.3725506701,0.4320503982,0.3756135359,0.3173563351,0.3413284568,0.6804373803,0.2380592732,0.8696759043,0.3430180301,0.4000861434,0.3206602906,0.2849088413,0.8338055243,0.8767241006
415,1,1,1,1,1,0.1169724005,0.6351629275,0.7987475838,0.3702083548,0.4302046816,0.3774100199,0.3189447203,0.3405210563,0.6799322536,0.2373561786,0.8697892909,0.3427276469,0.4013745237,0.3222419278,0.2853477001,0.8351224563,0.8765788055
415.5,1,1,1,1,1,0.1170871942,0.6356614643,0.7998931887,0.3713499003,0.4308419756,0.3763336888,0.3175932058,0.3387904335,0.680760687,0.2374575934,0.870641141,0.3424751396,0.3999065388,0.3222637648,0.2862657602,0.8337607277,0.8777621312
416,1,1,1,1,1,0.1175301164,0.6347052033,0.7991707664,0.3711652107,0.4287653053,0.3760704789,0.3172363454,0.3390376476,0.6802029087,0.2380510807,0.8697509478,0.34384768,0.3980661433,0.3204842535,0.2876633432,0.8322884335,0.8761879917
416.5,1,1,1,1,1,0.1173453887,0.6359639471,0.7985650175,0.3729020169,0.4294821158,0.3754234311,0.3174746246,0.340238466,0.6797308202,0.237605535,0.8720588241,0.3442036896,0.3974464967,0.3211264663,0.2882617349,0.831068322,0.8751863136
417,1,1,1,1,1,0.1167254047,0.6347817662,0.7992278819,0.3709005042,0.4269760498,0.3750175679,0.3179402249,0.3386317731,0.6777908335,0.2394373172,0.8713715612,0.3429240269,0.4018298196,0.3200896808,0.2895547427,0.8316399136,0.8751688809
417.5,1,1,1,1,1,0.1177809232,0.6363106487,0.8002386718,0.3715450636,0.4287365449,0.3733743486,0.3202564453,0.3381031476,0.677717326,0.2380954045,0.8702318024,0.3445032063,0.4028460913,0.3200621571,0.2879119229,0.8317715536,0.8759351865
418,1,1,1,1,1,0.1187377144,0.6363717291,0.8016916572,0.3709094426,0.4291195491,0.3715199105,0.317481749,0.3371478124,0.6769008682,0.2375434308,0.8715681416,0.3442554454,0.402087963,0.3206119753,0.2889664743,0.8310648373,0.8767976347
418.5,1,1,1,1,1,0.1183072863,0.6336819054,0.8012917425,0.370014935,0.4319154323,0.3729633755,0.3170673762,0.3383129118,0.6772180158,0.2384589114,0.8719025679,0.3437661719,0.4031033709,0.3211481555,0.287470951,0.8324700845,0.8777620458
419,1,1,1,1,1,0.1187347237,0.6350406864,0.8018348069,0.3707658129,0.4329929927,0.3738907469,0.3171258907,0.3391213224,0.678273638,0.2390326615,0.8710121557,0.3426953424,0.4047318059,0.3203791384,0.2875926641,0.8316974815,0.8793438288
419.5,1,1,1,1,1,0.1181505503,0.6338365047,0.8013595666,0.3702802909,0.4331446591,0.3739982399,0.3164163208,0.3374661422,0.6785740107,0.2385853743,0.8711679493,0.3435943554,0.4039757667,0.3225359363,0.2853132127,0.8314412756,0.8801294475
420,1,1,1,1,1,0.1176721658,0.6343685372,0.7993082242,0.3687690535,0.4327711542,0.3749591774,0.3165706887,0.3393579745,0.6761732784,0.2393477376,0.8701919328,0.3411229271,0.4073682288,0.3192968932,0.2851255782,0.8314217605,0.8790543316
420.5,1,1,1,1,1,0.1177747171,0.6373042457,0.8004013051,0.3700307721,0.4310226897,0.3770437236,0.3156973353,0.3409101166,0.6764047199,0.2380076197,0.8692385701,0.340715571,0.4068567406,0.3202046548,0.2849363071,0.833567271,0.8779635272
421,1,1,1,1,1,0.1169469183,0.6381218747,0.8004178741,0.3680850464,0.4326832928,0.3752619764,0.3158975357,0.3406344684,0.6776705383,0.2387900877,0.8699989364,0.3414957096,0.4041111345,0.3214451421,0.2850029574,0.83358065,0.8787081295
421.5,1,1,1,1,1,0.1165089372,0.6376670654,0.8004163008,0.3679125532,0.4329170432,0.3747982343,0.3143082953,0.3398564113,0.6749538699,0.2355635053,0.8713331156,0.3410150719,0.405209166,0.3221527519,0.2854516972,0.8338611467,0.8797125129
422,1,1,1,1,1,0.1162765852,0.6381443034,0.8002153986,0.3706370742,0.4341352962,0.3782128376,0.3161760398,0.3402225718,0.6750530502,0.2363369115,0.8712463262,0.3416660676,0.4033011753,0.3223723515,0.2878852613,0.8348732808,0.8812574383
422.5,1,1,1,1,1,0.1165063417,0.6389145312,0.8001862936,0.3697913212,0.4334695,0.3803496438,0.3164292543,0.3403209566,0.6743272335,0.2349372829,0.8719873015,0.3404386549,0.4051696838,0.3198651758,0.2855370203,0.8337878147,0.8812958227
423,1,1,1,1,1,0.1173494324,0.6383528024,0.8008027196,0.3699141608,0.4361386866,0.3805022858,0.3184594249,0.3388382578,0.6768655024,0.233485552,0.872782761,0.3418956709,0.4045934044,0.3226508878,0.2835263832,0.8337517354,0.8815984503
423.5,1,1,1,1,1,0.1170602459,0.6370619454,0.8013263846,0.3683810487,0.4338875685,0.3813082813,0.317776158,0.3409112302,0.6783543121,0.2337150846,0.8722849517,0.3413359426,0.4071324365,0.3220379889,0.2848931463,0.8348336146,0.8812288173
424,1,1,1,1,1,0.1169719592,0.6363327172,0.8006724422,0.3675665122,0.4345188823,0.3768445016,0.3202019164,0.3425706178,0.6812809346,0.2378399102,0.8713379705,0.340298287,0.4068285057,0.3213474359,0.2857890342,0.8342489574,0.8809887979
424.5,1,1,1,1,1,0.1172571883,0.6371948186,0.8005864594,0.3697745476,0.4339533431,0.376636933,0.3196286846,0.3421669151,0.6840433984,0.2381317185,0.8705938241,0.3398836679,0.4051199595,0.322226891,0.2853078897,0.8346714307,0.8792621114
425,1,1,1,1,1,0.1183959456,0.6371609704,0.799195554,0.3685572529,0.4342171476,0.3769343314,0.3187745015,0.3425935429,0.6830268595,0.2363701881,0.8717016396,0.3412207284,0.4053378294,0.3190153012,0.2864942186,0.8344635205,0.8782473889
425.5,1,1,1,1,1,0.1176048895,0.6372051,0.7993892153,0.368007412,0.4348611777,0.3778768778,0.3190081825,0.3442028654,0.6854171174,0.2361433191,0.8717699664,0.3419846851,0.4064142891,0.317624557,0.2856826692,0.8355239497,0.8787279202
426,1,1,1,1,1,0.1180405587,0.6343849012,0.7985331889,0.3717136151,0.4311049067,0.3796924781,0.3185438996,0.3428306072,0.6876151791,0.2381217524,0.8705183388,0.3410246089,0.4059191401,0.3170494999,0.2860175873,0.8370598048,0.8790252098
426.5,1,1,1,1,1,0.1171882887,0.6366658581,0.7988151796,0.3745458941,0.4297331077,0.3786016091,0.3181216427,0.3449238435,0.6861363317,0.2379375435,0.8707295317,0.3398170936,0.4050071244,0.3177806587,0.2853395056,0.8375212872,0.8806231746
427,1,1,1,1,1,0.1175669971,0.6367494869,0.7990061312,0.3772248877,0.4305229996,0.3776810962,0.3170322989,0.3448239298,0.6875112791,0.2386316371,0.8704061893,0.3395141884,0.4061220639,0.3202178273,0.2872766465,0.8365814138,0.880567426
427.5,1,1,1,1,1,0.1165047491,0.6352300542,0.7981244848,0.3790449122,0.4284634631,0.3760799438,0.3161816587,0.3455310967,0.6885952529,0.2398181352,0.870067407,0.3419328617,0.4045218249,0.3216707503,0.2870688386,0.8367182627,0.8804943381
428,1,1,1,1,1,0.1179751774,0.6388223786,0.7985695336,0.3755684804,0.4290982572,0.3778564273,0.3167777284,0.3484037122,0.6896582028,0.2424711722,0.8711437337,0.3419111206,0.4060913534,0.3219967225,0.2855272495,0.8361726497,0.8810369833
428.5,1,1,1,1,1,0.1183766116,0.6369080039,0.8002584639,0.3754758134,0.4290990236,0.3793913817,0.3169764848,0.3464110171,0.6882508202,0.2418425741,0.872049337,0.3424147905,0.4056303327,0.3229176174,0.2880480363,0.8365251811,0.8818932944
429,1,1,1,1,1,0.1185923154,0.6382783355,0.7994695322,0.3769280808,0.4293975607,0.3762366846,0.3185889963,0.3458794558,0.6850040482,0.2376799659,0.8717192113,0.341234433,0.4032080051,0.3244873543,0.2895213828,0.8367469947,0.8821796669
429.5,1,1,1,1,1,0.1181861641,0.6364556014,0.799033836,0.378481695,0.4259845262,0.3771186995,0.316269373,0.3463428243,0.6826202443,0.2375123645,0.8710463938,0.3416814658,0.4047108983,0.3229971663,0.2909557102,0.8370017043,0.8824433523
430,1,1,1,1,1,0.1179760324,0.635780651,0.7988830077,0.379163985,0.4277123251,0.3752456847,0.3156193161,0.3431718097,0.6837668574,0.237951095,0.8717348786,0.3420225326,0.4040944231,0.3227292164,0.2890936416,0.8360456793,0.8835200891
430.5,1,1,1,1,1,0.117702754,0.635879226,0.7982755853,0.3779327601,0.4308106896,0.3757827797,0.3175182783,0.341107597,0.6853442938,0.2382198583,0.8718251316,0.3430310701,0.405100581,0.3217388521,0.2890778043,0.8362919657,0.8833319473
431,1,1,1,1,1,0.117707937,0.635873033,0.7981756265,0.3767304055,0.4358782773,0.3737256816,0.3175810445,0.3396851486,0.6846262919,0.2373360102,0.8725683536,0.3420169058,0.4050132901,0.3206861821,0.2883473323,0.8351723405,0.8839922977
431.5,1,1,1,1,1,0.118914976,0.6380119221,0.7986210716,0.3754600566,0.4350826353,0.3751026708,0.3134806334,0.3394793435,0.6865567245,0.2374011826,0.8714179055,0.3399668899,0.4039973298,0.319005784,0.288077649,0.8350265317,0.8836176166
432,1,1,1,1,1,0.1183359163,0.6369332625,0.7990398039,0.3765974556,0.4325469473,0.3737944525,0.3124519331,0.3390551656,0.6850551324,0.2352968902,0.8700722622,0.3388464538,0.402974041,0.3204940124,0.2875619232,0.8358431132,0.882895591
432.5,1,1,1,1,1,0.1187462742,0.63581965,0.7986540868,0.3762394638,0.429891691,0.3741962972,0.3113742606,0.3369228359,0.6853633556,0.2372348029,0.8696495803,0.3399064136,0.4036152803,0.3185600665,0.2884894749,0.8354974976,0.8820431253
433,1,1,1,1,1,0.1182539661,0.6351533227,0.7988992607,0.3764611329,0.4284885219,0.3757178381,0.3151747564,0.3374985964,0.6861401093,0.2390971852,0.8688134344,0.3395577874,0.4015898679,0.317441381,0.2864377766,0.8337900439,0.882081119
433.5,1,1,1,1,1,0.1173740752,0.6358054303,0.7975243692,0.3766722108,0.4298252376,0.3770649553,0.3159203108,0.3390651511,0.6850731124,0.2398476428,0.8697440253,0.3396602748,0.4011307826,0.3185350785,0.2872321794,0.8327169064,0.8816508573
434,1,1,1,1,1,0.1179064926,0.6379502083,0.7968740914,0.3771852722,0.4318659651,0.3769963324,0.3186790571,0.340656697,0.6843578303,0.2390988466,0.8709945002,0.3389984714,0.4027015495,0.3169676397,0.2874528051,0.8329816615,0.8806641179
434.5,1,1,1,1,1,0.1185836745,0.6381082749,0.7973141549,0.3764357714,0.4319688347,0.3740025356,0.3184737702,0.339165696,0.6866397179,0.237682081,0.8715210732,0.3387246464,0.4021798669,0.3175239463,0.2856764615,0.8339552773,0.8797994787
435,1,1,1,1,1,0.1177009373,0.6379075855,0.7986740817,0.3755242485,0.4324629668,0.3724620271,0.3182763869,0.3393674431,0.6865733844,0.2366872382,0.8724752644,0.3403858252,0.4007913421,0.3178702019,0.2840966001,0.833611546,0.8791984967
435.5,1,1,1,1,1,0.1177284397,0.6385468352,0.7992978644,0.3762075917,0.4315849369,0.3773078283,0.3182279911,0.3413820464,0.6875222111,0.2376975818,0.8717285751,0.3388889156,0.402654125,0.3170630001,0.2845262214,0.8324298439,0.8786366517
436,1,1,1,1,1,0.1181862877,0.6380551082,0.7990522045,0.3729072507,0.4313398087,0.3762214525,0.3168320334,0.3421435814,0.6902280751,0.2387469083,0.8715476357,0.3373290453,0.398917456,0.3185178255,0.2828567638,0.8319269124,0.8792322063
436.5,1,1,1,1,1,0.1183445555,0.637864656,0.7979080295,0.3706400479,0.4310539407,0.3750761214,0.3130273975,0.3417600511,0.6894168393,0.2378818805,0.870635704,0.3390338805,0.4030212895,0.3184935514,0.2824221087,0.8316412946,0.8787260344
437,1,1,1,1,1,0.1176166351,0.6371421691,0.7983000831,0.3685246957,0.4354166702,0.3755956688,0.3158100861,0.3397583338,0.69186886,0.2375590503,0.8691626432,0.3390606272,0.4017906743,0.3216670041,0.2832106468,0.8320072726,0.8771834408
437.5,1,1,1,1,1,0.1178841029,0.6374372577,0.7983473446,0.3689917198,0.4339826658,0.3754215473,0.317703697,0.3401646886,0.6950730353,0.2368171325,0.8698113646,0.337855055,0.4023541428,0.3212892049,0.2815295856,0.8299983097,0.8781738697
438,1,1,1,1,1,0.1174689429,0.6370044395,0.7979587732,0.3707722261,0.4333553199,0.3736177851,0.3174531442,0.3411017118,0.6955410446,0.2369152937,0.8679836029,0.3391145396,0.4034876467,0.3199109141,0.2829559401,0.8306323362,0.8788868049
438.5,1,1,1,1,1,0.1178088942,0.6369171727,0.7981283043,0.3702305747,0.4335762627,0.372278424,0.3138321565,0.3404278797,0.6945268522,0.2374361807,0.8686292454,0.3366094772,0.4026179928,0.3211760623,0.2835836264,0.8307005535,0.8788478921
439,1,1,1,1,1,0.1179557428,0.6357664287,0.7984671144,0.3723288156,0.4343422426,0.3729829925,0.3158705565,0.3417044465,0.6926470931,0.2401395775,0.8699328219,0.3386395045,0.4015883676,0.3187049069,0.284448344,0.831202718,0.8780716851
439.5,1,1,1,1,1,0.1170953166,0.6345966347,0.7988977447,0.3711192381,0.4346786499,0.3723509002,0.316811824,0.3411660105,0.6915508213,0.2412380291,0.8689454132,0.3407789663,0.4028005929,0.3209285619,0.2814716499,0.8292578015,0.8788180362
440,1,1,1,1,1,0.117052497,0.635548894,0.800052515,0.3706429774,0.4307538068,0.3737796602,0.31766601,0.3430603842,0.6883549391,0.2402040233,0.8702607033,0.3404184741,0.4036529027,0.3205654145,0.2823091385,0.8294433797,0.878013069
440.5,1,1,1,1,1,0.1171151597,0.6367737054,0.8003399447,0.371579667,0.4304300961,0.3729087743,0.3176671849,0.3434316527,0.6889892983,0.2407802277,0.8698618176,0.3389880733,0.4024214429,0.3227782197,0.2844352729,0.8290058865,0.8777257687
441,1,1,1,1,1,0.1182251133,0.6393420043,0.8006303122,0.3688794905,0.4314148157,0.3733544368,0.3162400608,0.3386337979,0.688369049,0.2400256836,0.8712602911,0.3378509092,0.4027534806,0.3240901901,0.283883262,0.8311582572,0.8767775518
441.5,1,1,1,1,1,0.1174464396,0.6377072196,0.7998904793,0.3712327872,0.4318608375,0.3746026339,0.3165494908,0.3387215428,0.6886282983,0.2398122115,0.8703569493,0.3403061882,0.4015550152,0.3245956649,0.2820662848,0.8318480947,0.8766893286
442,1,1,1,1,1,0.117655961,0.6408308261,0.798020329,0.3735681562,0.4322794172,0.3760368413,0.3157024627,0.3386271303,0.6862723746,0.242509842,0.8699802913,0.3390566302,0.3997630749,0.3227910599,0.2861865941,0.8336982107,0.8772393546
442.5,1,1,1,1,1,0.1181793332,0.6403603495,0.7986997005,0.3725353904,0.429598067,0.3750939893,0.3166034118,0.3397414767,0.6858082785,0.2397011364,0.8696293826,0.3382224092,0.399650039,0.3213063745,0.2863990511,0.8357659386,0.8763902919
443,1,1,1,1,1,0.1177307556,0.6377224257,0.7992451403,0.3729928134,0.4296396083,0.3734814945,0.3166432254,0.3386414047,0.6855542891,0.24026875,0.8697476441,0.3382112243,0.3983147841,0.3194138197,0.2880279247,0.8381983958,0.8758152896
443.5,1,1,1,1,1,0.1185079683,0.6370658885,0.7991331282,0.3723899285,0.4298656329,0.3741003916,0.31762142,0.3397269786,0.685695243,0.2377824972,0.8697364796,0.3387742454,0.3985406364,0.3190551229,0.2872018613,0.8391838266,0.8767011937
444,1,1,1,1,1,0.118437392,0.6374339472,0.7986295313,0.3720649259,0.431770127,0.3731225591,0.3147374675,0.3384278545,0.685209408,0.2375443403,0.8692787645,0.3383690954,0.3993545729,0.3187677923,0.2848665548,0.8386361126,0.876820266
444.5,1,1,1,1,1,0.1189386932,0.6377706853,0.7957817328,0.3730245076,0.4360656131,0.3724184797,0.3139897434,0.340582611,0.6863366487,0.2367389855,0.8702173277,0.3391065573,0.3983501854,0.3156423503,0.2828891761,0.838903145,0.877909825
445,1,1,1,1,1,0.1192979526,0.6360940195,0.7985587382,0.3728639569,0.4337963096,0.3738853678,0.3111627149,0.3380087174,0.6884601387,0.2388163591,0.870718942,0.3375488954,0.400386463,0.3170623365,0.2834804408,0.8381394073,0.8782060458
445.5,1,1,1,1,1,0.1189086699,0.6367258596,0.7977786666,0.3731653763,0.4360180261,0.3725041824,0.3126146952,0.3388946669,0.6885459664,0.2392285018,0.8697311404,0.3384800714,0.4005248037,0.3185946059,0.2829978122,0.8386770219,0.8761302114
446,1,1,1,1,1,0.1196087299,0.6378253279,0.7977609335,0.3724836467,0.4373546854,0.3721954746,0.3155340296,0.3367101417,0.6894080165,0.2385282035,0.8701243047,0.3371984433,0.3995741015,0.3174705999,0.2844214033,0.8374908384,0.8769293464
446.5,1,1,1,1,1,0.1193323989,0.6380949074,0.7985443352,0.3723146404,0.435706255,0.3737967563,0.3170881328,0.3362951737,0.6867786313,0.2391362583,0.8683767468,0.3388034165,0.4000793829,0.3158152312,0.2819968217,0.8361838023,0.8774258015
447,1,1,1,1,1,0.1197555211,0.6378282136,0.7970669217,0.3723862457,0.4351312601,0.3722079352,0.3162208298,0.3395692942,0.6856175933,0.2386364078,0.867149229,0.3378413084,0.3998691628,0.3169341019,0.2824952389,0.8364547901,0.8777795613
447.5,1,1,1,1,1,0.1189364516,0.635390789,0.7964073039,0.3725498112,0.4333922132,0.376871926,0.3191353668,0.3388313354,0.6850379279,0.2384249521,0.8688476586,0.3360796712,0.3984527064,0.317765507,0.2805181582,0.8374465793,0.8788308607
448,1,1,1,1,1,0.1175663749,0.6368207851,0.7986963257,0.3721709754,0.4335522394,0.3767807414,0.3183586903,0.3401335568,0.6863972012,0.2371560206,0.8684095887,0.3368723117,0.4008789121,0.3188028487,0.2826005076,0.8362097376,0.8778361299
448.5,1,1,1,1,1,0.1176844668,0.6389252955,0.800440824,0.3714080964,0.4318797757,0.3773003375,0.3184841332,0.3391966434,0.6826503933,0.2379529095,0.8692476948,0.3392983441,0.3996294666,0.320740089,0.2861564992,0.8354522529,0.8773743467
449,1,1,1,1,1,0.1168177264,0.6347822287,0.7994648324,0.3741329048,0.4300170408,0.3772982281,0.3163914356,0.3403213526,0.6876919867,0.237747935,0.8681835111,0.3390867702,0.3989577887,0.3201410493,0.2882208116,0.8350361191,0.8780284861
449.5,1,1,1,1,1,0.1177374489,0.6345910546,0.8002990992,0.3748288976,0.4299924731,0.3764926127,0.3160199049,0.3410064027,0.6867231087,0.2372064004,0.8679278616,0.3405851155,0.3956700632,0.3213226801,0.2888308456,0.837415001,0.8783700127
450,1,1,1,1,1,0.1190051909,0.6374831245,0.8003362166,0.3744212587,0.4289078984,0.37460724,0.3147434033,0.338332795,0.6887284752,0.2373488556,0.8676549429,0.3390648173,0.3968964286,0.3221150371,0.2895450012,0.8359602178,0.8795645332
450.5,1,1,1,1,1,0.1186327548,0.6375662303,0.7988952046,0.3754607108,0.4306318626,0.374572169,0.3139892684,0.3380543937,0.6913048815,0.2374792045,0.8676171353,0.3400492896,0.4019778544,0.3226031528,0.2847595271,0.8348481764,0.8789511208
451,1,1,1,1,1,0.1172435093,0.6365915574,0.7984444791,0.3774011539,0.4333997361,0.3737858159,0.3155219774,0.3368444714,0.6920341677,0.2378610209,0.8672519006,0.3394264646,0.4027852765,0.3229911316,0.2859109972,0.8348746356,0.8799552637
451.5,1,1,1,1,1,0.1172312121,0.6377517546,0.7978532313,0.3768794947,0.4325557758,0.3750700995,0.315683266,0.3380010884,0.6903904359,0.2376903386,0.8676180579,0.3401324086,0.4016268859,0.3240788157,0.2849616558,0.8344288919,0.879759071
452,1,1,1,1,1,0.1183932464,0.6378290927,0.7969321113,0.375345914,0.4338469945,0.3740743737,0.3158095171,0.3389204332,0.690069506,0.2359514692,0.8664377963,0.3399479987,0.4025558899,0.3200475117,0.2850695898,0.8348099761,0.8808929236
452.5,1,1,1,1,1,0.1180928481,0.6360907452,0.7984527372,0.3738820604,0.4318332283,0.3735137255,0.3125472644,0.3370046327,0.6893443456,0.2356035132,0.8653502272,0.3392244632,0.4026210356,0.3193717553,0.2838431437,0.8352176249,0.8812324106
453,1,1,1,1,1,0.1185366359,0.6361312674,0.7994989876,0.3707426389,0.4321774732,0.3731528001,0.3137510797,0.3351800072,0.688116191,0.2346611654,0.866778772,0.3399069462,0.408036199,0.3208802399,0.2868401202,0.8342677037,0.880722599
453.5,1,1,1,1,1,0.1175591873,0.6343498616,0.7990449777,0.3717289898,0.431119372,0.3722535457,0.312297086,0.3357257699,0.6849783704,0.2368946023,0.8683477994,0.3398315681,0.4052941944,0.321593051,0.2868969488,0.8346492735,0.8794253678
454,1,1,1,1,1,0.1181839044,0.6348495435,0.7974274359,0.3711623764,0.4313212797,0.3719240014,0.3145816945,0.3374682036,0.6851993741,0.2375196227,0.8677988778,0.3410422742,0.404299626,0.3189290711,0.2862287465,0.8347835899,0.8788965633
454.5,1,1,1,1,1,0.1172244521,0.6353482357,0.7974485596,0.3727361758,0.4317489607,0.3737180716,0.3147198645,0.3383874388,0.6854000062,0.2367859591,0.8688634393,0.3413098357,0.40270345,0.3187109828,0.2872490457,0.8345848033,0.8778132485
455,1,1,1,1,1,0.1175086173,0.6352394003,0.7968823303,0.3701661443,0.4324241193,0.3734152552,0.3160766485,0.3431284269,0.6867402061,0.2382047055,0.8689287623,0.3404357065,0.4043299029,0.3202223868,0.287125808,0.8329754814,0.8769924681
455.5,1,1,1,1,1,0.1177777873,0.6358077877,0.7971516447,0.3705879769,0.4303086505,0.3725049412,0.319936422,0.3392865161,0.6861674928,0.2372847244,0.868835912,0.3390829065,0.4050822103,0.3207488546,0.2880888081,0.8324331089,0.8762042012
456,1,1,1,1,1,0.1175795914,0.6356776817,0.7970341317,0.3729706537,0.4310390475,0.3753177298,0.3190143505,0.338353513,0.6852944993,0.2392868122,0.8712154601,0.3402800799,0.4058293483,0.3206333355,0.2876372997,0.8329341032,0.8782744258
456.5,1,1,1,1,1,0.117061716,0.636148595,0.7972382307,0.3739870762,0.4330513708,0.3762401847,0.318733782,0.3373404094,0.6859093874,0.2369158699,0.871280883,0.3415735465,0.4044671301,0.3201419089,0.2869276624,0.8331487865,0.8778091511
457,1,1,1,1,1,0.1161917344,0.6376839735,0.798654097,0.3753360329,0.4338935637,0.3757243998,0.3190406645,0.3383902831,0.6857735032,0.2366391689,0.8711169109,0.3409443999,0.4023732663,0.3205710296,0.2866829757,0.8323627888,0.8777433399
457.5,1,1,1,1,1,0.1177904479,0.6353352581,0.7982835715,0.3734087834,0.4326461094,0.3756195895,0.3201064046,0.3401239886,0.6853576536,0.2359472684,0.8724765431,0.3387646572,0.402408583,0.3206881513,0.2861028729,0.8326898131,0.8774130127
458,1,1,1,1,1,0.1178777158,0.6336232176,0.7982920394,0.3722440885,0.4292034951,0.3756417081,0.3190972488,0.3384278765,0.6829260687,0.2354987281,0.8713859367,0.340242806,0.4018610957,0.3209556263,0.2866991549,0.8327576216,0.8771279844
458.5,1,1,1,1,1,0.1175940349,0.6386240998,0.7981961449,0.3727616501,0.4282580804,0.3775631519,0.3185516993,0.3399978837,0.6839071261,0.2354170024,0.8715695188,0.3361785821,0.4022875104,0.3211284409,0.2867267804,0.8337385969,0.8771396084
459,1,1,1,1,1,0.1169482074,0.6383642918,0.7980424839,0.3727135366,0.426431713,0.3759112229,0.3187264753,0.3433368741,0.684275649,0.2372973906,0.8712569605,0.3370161857,0.4039119511,0.319147931,0.286977044,0.83253731,0.8775846168
459.5,1,1,1,1,1,0.1167807175,0.6376252931,0.7979526961,0.3704022556,0.4304283542,0.3748829159,0.316257169,0.3428384314,0.6830126142,0.236470529,0.8710297215,0.3361650427,0.4060628478,0.3196794328,0.2863480954,0.832885536,0.8776989879
460,1,1,1,1,1,0.1166432664,0.6368744686,0.7979198706,0.368528194,0.4285130967,0.3747174135,0.317665679,0.3444065648,0.6818854152,0.2370822856,0.8706212308,0.3379284998,0.4039233319,0.3185063662,0.2852054525,0.8316468714,0.8780392199
460.5,1,1,1,1,1,0.1178318127,0.6387079465,0.7979435906,0.3709801714,0.4285476375,0.3758401853,0.3185715312,0.3422054397,0.6819649221,0.2368551341,0.8715960562,0.337729321,0.4009504381,0.320988069,0.2857755206,0.8320080415,0.8770009889
461,1,1,1,1,1,0.1169780171,0.638723379,0.7986125296,0.3702128312,0.4271810704,0.3767723542,0.3183986488,0.340641961,0.6813479325,0.2361116055,0.8709693151,0.3379906549,0.4010144517,0.3199136171,0.2868252166,0.8326149515,0.8772018167
461.5,1,1,1,1,1,0.1166701946,0.6369573912,0.7987600079,0.3725572211,0.426809681,0.3766581236,0.3192646683,0.3414906972,0.6828037372,0.2373536303,0.8697091759,0.3411207713,0.4017967253,0.3199983767,0.2886500109,0.8330165948,0.8767760805
462,1,1,1,1,1,0.1160199758,0.6378154991,0.7979580905,0.3703059661,0.4293593632,0.377627296,0.3192516454,0.344713837,0.6850797076,0.2382627208,0.8691711369,0.3414371857,0.4020894389,0.3210168004,0.2888182123,0.8332354389,0.8774551295
462.5,1,1,1,1,1,0.1161090054,0.637448556,0.7992073623,0.3679533709,0.4316606911,0.3748502852,0.3172465072,0.3440835635,0.6846664739,0.2381256914,0.8694021633,0.340754056,0.4025551594,0.3215000727,0.2864594609,0.8354062377,0.8783741825
463,1,1,1,1,1,0.1160047261,0.6381667213,0.7985306314,0.3665898673,0.4310383036,0.3763976879,0.3177385546,0.3434701791,0.683477559,0.2404354414,0.8686738047,0.3398748949,0.4015441543,0.3213198302,0.2866685694,0.8356380647,0.8779857286
463.5,1,1,1,1,1,0.1156895095,0.6380473696,0.7990164836,0.3675657522,0.4304034872,0.3757414829,0.317024272,0.3448650699,0.6857312134,0.2395641926,0.869517109,0.3371842469,0.4042135101,0.3232236276,0.2855119382,0.8368347821,0.878949229
464,1,1,1,1,1,0.1165663413,0.6360924632,0.7975880129,0.366373324,0.4332784736,0.3766686004,0.3165384647,0.3438114715,0.6854000332,0.2401666809,0.8706002588,0.3367662392,0.4056625023,0.3223901057,0.2893404421,0.8368119415,0.8779554824
464.5,1,1,1,1,1,0.1152911117,0.6368168757,0.7984886142,0.3689622022,0.4327523011,0.3783479659,0.3168097213,0.3432575604,0.6849340193,0.239618742,0.8710970859,0.3358357309,0.4081528145,0.3227297756,0.2890324671,0.8370886659,0.8784638013
465,1,1,1,1,1,0.1155745782,0.6363838873,0.7993841732,0.3696252243,0.4316706094,0.3804346215,0.3141846805,0.3414997284,0.6852440772,0.2387360815,0.8718122026,0.3378818225,0.405737012,0.3215444647,0.2909351263,0.836109807,0.8786456877
465.5,1,1,1,1,1,0.1169235715,0.6381947199,0.7997758948,0.3663145058,0.43232461,0.3790495328,0.3155275838,0.3400863207,0.685785635,0.2384232581,0.8710243063,0.3375935411,0.4046396104,0.3210508082,0.2886122524,0.8365150074,0.8784329736
466,1,1,1,1,1,0.1175140159,0.6393054459,0.8007008061,0.3654855927,0.4332065488,0.3795697472,0.3155497834,0.3407255467,0.6845826687,0.2384693323,0.8715565559,0.3369795815,0.4069831659,0.3238181474,0.2871433339,0.836400111,0.8789680192
466.5,1,1,1,1,1,0.1163065254,0.6402850318,0.7984099127,0.3657503478,0.4319518492,0.3812998089,0.3145726985,0.339885406,0.6830604218,0.2377833303,0.8728573354,0.3377709777,0.4061729296,0.3269736869,0.2889749486,0.8343772133,0.8805683743
467,1,1,1,1,1,0.1169844397,0.6384176582,0.7982262576,0.3639381058,0.4323007638,0.3804141921,0.3163797508,0.3392002082,0.6815295542,0.239597392,0.8726389651,0.3375225907,0.4040429667,0.3274963928,0.2878830061,0.8344472309,0.8799850434
467.5,1,1,1,1,1,0.1177868299,0.6373526531,0.7976416766,0.3678109333,0.4316683365,0.3783532187,0.3178837981,0.3414015081,0.6846435776,0.2411275121,0.8730878384,0.3368948584,0.4022195745,0.3261935277,0.289185007,0.8336648285,0.8797559892
468,1,1,1,1,1,0.1185208088,0.6377568282,0.7978128243,0.3693065855,0.4297916611,0.3769077844,0.3162257185,0.342144513,0.685363809,0.2423091541,0.8744610713,0.3375090176,0.4026845178,0.3218868193,0.2882414228,0.833010572,0.878919659
468.5,1,1,1,1,1,0.1177388444,0.6380277446,0.7986380575,0.3697249548,0.4315257855,0.3765467024,0.3151872742,0.3444536403,0.6857879842,0.2430641481,0.8748956113,0.3390352245,0.4027603222,0.3208802007,0.2872517567,0.8343233221,0.8787925491
469,1,1,1,1,1,0.1165096286,0.6362581709,0.7982377962,0.3674283361,0.4301160706,0.3759016529,0.3152608871,0.3422756586,0.6883049878,0.2426811577,0.8754016139,0.3376892766,0.4057054991,0.319540396,0.287593583,0.8356049224,0.8778077575
469.5,1,1,1,1,1,0.1169765438,0.6372015777,0.7980045276,0.3695800099,0.4311877847,0.375866057,0.3144371206,0.3413966447,0.6870323702,0.2438828018,0.874313086,0.3410630992,0.4020512525,0.3201013957,0.2876025851,0.8337134085,0.8784267086
470,1,1,1,1,1,0.1173793644,0.6372300003,0.7976044604,0.3715152724,0.4306659794,0.3766731243,0.3155201043,0.3387150039,0.6899312841,0.2418488136,0.8737881704,0.3417809525,0.4001806473,0.3234540449,0.2876573661,0.8329845869,0.8787249629
470.5,1,1,1,1,1,0.1174922703,0.6365580749,0.7998031383,0.3696302761,0.4331934323,0.3741634713,0.3167249912,0.3409560837,0.6905414618,0.2424801739,0.8735618609,0.3414037851,0.402530253,0.3241767876,0.2869116892,0.8325368302,0.8788646975
471,1,1,1,1,1,0.1177743367,0.6378586501,0.8002541454,0.3703802737,0.4326408977,0.37610333,0.3158213765,0.3392475719,0.6905714325,0.2423820841,0.8734060641,0.3414510379,0.4005652302,0.3240884927,0.2879125789,0.8327999279,0.8789524695
471.5,1,1,1,1,1,0.118334669,0.6365931694,0.8004076983,0.3704131691,0.4307321155,0.376853483,0.3144620366,0.340093891,0.6886805731,0.2411305102,0.8740544976,0.3399524329,0.4001552921,0.3252598995,0.2880089191,0.8334093111,0.8795624614
472,1,1,1,1,1,0.1183854596,0.6368434292,0.7992664068,0.3705527767,0.4326525791,0.3792840817,0.3153761633,0.3386051791,0.6875574785,0.2417220466,0.874004856,0.3396569372,0.3974992746,0.3234413762,0.287751538,0.832694903,0.8786389252
472.5,1,1,1,1,1,0.1187261478,0.6377388326,0.7982203362,0.3709647344,0.4329604059,0.3793858545,0.315865411,0.3389766741,0.6880881374,0.2406204684,0.8732270784,0.3385868734,0.3993774975,0.3236816704,0.2885797422,0.8324113846,0.8771159211
473,1,1,1,1,1,0.117999,0.6365456847,0.7981518533,0.3710624955,0.4325846748,0.3776155548,0.3176899527,0.3395220425,0.6876302929,0.2392628253,0.873645132,0.3397500569,0.3985654818,0.3231815925,0.2897571373,0.8320060764,0.8780304009
473.5,1,1,1,1,1,0.1186289947,0.6365910395,0.7980593042,0.3721904859,0.4332992088,0.3793322762,0.3159923467,0.3411368194,0.6880266069,0.2386570089,0.8723046329,0.3406594852,0.4002903877,0.3229616171,0.2890723518,0.8322794682,0.8784283626
474,1,1,1,1,1,0.1177550747,0.6350417698,0.7975457832,0.371388489,0.433203928,0.3754538443,0.3167495937,0.3423226895,0.6878269298,0.2368410649,0.8726702674,0.3402471707,0.4009136555,0.3247682286,0.2896861594,0.8314115979,0.8793712097
474.5,1,1,1,1,1,0.1172092307,0.6334290623,0.7982481909,0.3731482918,0.4321180506,0.376586135,0.3179159266,0.3413269302,0.6882613147,0.2374627331,0.8727200738,0.341758956,0.402422898,0.3245886132,0.2890115059,0.8324096504,0.8785673249
475,1,1,1,1,1,0.118537206,0.634406456,0.7969728383,0.3712241076,0.4320471842,0.3758353485,0.3163293713,0.3422961617,0.6859369261,0.2360044294,0.8726057151,0.3407559767,0.4008789456,0.3262290482,0.2877232231,0.8333240462,0.8787712427
475.5,1,1,1,1,1,0.1193332053,0.6369905398,0.7972320946,0.3699355823,0.43137351,0.3739884608,0.3174130697,0.3428643766,0.6844932522,0.2362516949,0.8731352105,0.3391077387,0.4001475701,0.3229223632,0.2877979259,0.8322084375,0.8795287866
476,1,1,1,1,1,0.1190781808,0.6358995586,0.7988788446,0.372918029,0.4317161523,0.3746505185,0.3157130969,0.3432446618,0.6862044385,0.2367147093,0.8721911795,0.3381471851,0.3994832711,0.3215851642,0.2889021921,0.8321355953,0.8792656918
476.5,1,1,1,1,1,0.1191025982,0.6322932344,0.7986754758,0.3731493436,0.4295431962,0.3753484934,0.31780836,0.3400474259,0.6856034791,0.2368471249,0.8732037221,0.3397117161,0.396729093,0.3203358155,0.2896546765,0.8335388681,0.8797414374
477,1,1,1,1,1,0.1184637459,0.63656973,0.7983428117,0.3715056144,0.4303443676,0.3766091938,0.316556079,0.3398442237,0.6877372216,0.237045388,0.873099633,0.3378785295,0.3990468467,0.3200511046,0.2882307634,0.8346817935,0.8793235667
477.5,1,1,1,1,1,0.119481478,0.6350046965,0.7996957648,0.3736133352,0.432513883,0.3779986273,0.3167865852,0.3392043359,0.6860669458,0.2353199506,0.8734431818,0.3375827149,0.3987708661,0.3208488599,0.290480824,0.8345836847,0.8793218635
478,1,1,1,1,1,0.1194268708,0.6356411114,0.798370591,0.3733329419,0.4361781835,0.3802922346,0.3185519022,0.3400685531,0.6860842138,0.2369118383,0.8735053093,0.3373481873,0.39967493,0.3214996429,0.2912451167,0.8333829519,0.8790367691
478.5,1,1,1,1,1,0.1197156847,0.6375903651,0.7994769177,0.3717820478,0.4332549096,0.3769041971,0.3181991275,0.3394857546,0.6855480061,0.2375904761,0.8757183791,0.3379760301,0.3973083409,0.320355045,0.2897648651,0.8330023567,0.8778564832
479,1,1,1,1,1,0.119549233,0.6379135896,0.8002383305,0.3725937198,0.4323182603,0.378042014,0.3181472047,0.3407052308,0.6884467125,0.2380005256,0.875887053,0.3377230601,0.3947139865,0.3184672776,0.2896438273,0.8355791292,0.8789718716
479.5,1,1,1,1,1,0.1178881147,0.6404148946,0.8001653056,0.3725200867,0.431903968,0.376002044,0.3189318315,0.3418752386,0.6881685225,0.2387687447,0.8739452752,0.3396588055,0.3923568769,0.3196423986,0.2875381149,0.8349854066,0.877706328
480,1,1,1,1,1,0.1178476038,0.6398819957,0.7998985699,0.3719627804,0.4329797806,0.3746150438,0.317480348,0.3422046517,0.684644064,0.2369643378,0.8745402196,0.3413062636,0.3943432474,0.3198485643,0.2877548998,0.8348660237,0.8786867243
480.5,1,1,1,1,1,0.1189213936,0.6395098409,0.7990220825,0.373520415,0.4368138093,0.3741983735,0.3180617141,0.3429657123,0.6836295535,0.238600547,0.8747117967,0.3395931349,0.3959759041,0.3192422822,0.2857305012,0.8345735511,0.8792415265
481,1,1,1,1,1,0.1186756403,0.6403862724,0.7972057779,0.372056879,0.4344246228,0.3742156722,0.3151912884,0.343705379,0.6832090837,0.2387819936,0.8741632716,0.3393328681,0.3949541302,0.3197373605,0.286303741,0.8356653296,0.8791508731
481.5,1,1,1,1,1,0.1177491094,0.6390072943,0.7967878612,0.3712591999,0.4328621717,0.3732979244,0.3151486584,0.3449021722,0.6817649337,0.2395924983,0.8742441717,0.3389974899,0.3956682334,0.3192802342,0.2844078485,0.8362230865,0.879069782
482,1,1,1,1,1,0.1176467674,0.6386342902,0.7976442481,0.3721359654,0.4326136364,0.3741379455,0.3141105979,0.342989361,0.6785731731,0.2380742782,0.8744638472,0.3382364889,0.3958400039,0.3208813383,0.2839538404,0.8351603097,0.8793158554
482.5,1,1,1,1,1,0.1172144313,0.6383950153,0.7979157804,0.3740083337,0.433265661,0.3740402655,0.3167327465,0.3438415733,0.6812704087,0.2391862432,0.8762067193,0.3405619402,0.3990459975,0.3231025416,0.2833592439,0.8341563229,0.8793216038
483,1,1,1,1,1,0.117478764,0.6372169521,0.798243302,0.3730886442,0.4326241468,0.3736679214,0.3164908303,0.3434211004,0.6830067583,0.24012139,0.8763229568,0.3399966296,0.3986640785,0.3227987785,0.2866571591,0.833081901,0.8787260791
483.5,1,1,1,1,1,0.1176168575,0.6383373159,0.7985318772,0.3756052101,0.4308776142,0.3716566156,0.3162882327,0.3402717815,0.6833478616,0.2366439997,0.8753832047,0.3400527328,0.3978756735,0.321662648,0.2892175088,0.8342690476,0.8792641372
484,1,1,1,1,1,0.1179077206,0.640809858,0.798302682,0.3716249742,0.4323505926,0.3711489692,0.3184544406,0.3394772333,0.6833416962,0.2371113689,0.8749675314,0.3396781652,0.3993758711,0.3207786555,0.2883456136,0.8332072207,0.8800401045
484.5,1,1,1,1,1,0.1186188689,0.6397982932,0.7982303134,0.3731301434,0.4318294107,0.3709299189,0.3189531055,0.3416764841,0.6852261307,0.2376665782,0.8756455332,0.3417585471,0.4010187376,0.3208506026,0.2873307151,0.8333713683,0.8812918096
485,1,1,1,1,1,0.1184740999,0.6395735266,0.7988410653,0.3780251552,0.4323560465,0.3734057375,0.3180377787,0.3430799254,0.6855921533,0.2380859581,0.8763914789,0.3425277299,0.402961319,0.3205364653,0.285841517,0.833431232,0.8800318109
485.5,1,1,1,1,1,0.1172649913,0.6404116585,0.7977038131,0.3783128982,0.4311304653,0.3741973218,0.3170712917,0.3420606375,0.6874928086,0.2383426328,0.8765075645,0.3398634618,0.4040094054,0.3202550368,0.2851035599,0.8336699202,0.8789626086
486,1,1,1,1,1,0.1177985591,0.6379583068,0.7967790104,0.3793589172,0.4284931204,0.3737403816,0.3170093692,0.3434639117,0.6884921066,0.2397373844,0.8764861075,0.3426988278,0.4093449029,0.3226076461,0.2854988375,0.8351374072,0.8784534489
486.5,1,1,1,1,1,0.118428392,0.6380587447,0.7957174819,0.3797174326,0.4306366007,0.3718799229,0.3189178265,0.343709061,0.6885232577,0.2408920696,0.876615643,0.343189375,0.4080989311,0.3266763346,0.2870830638,0.83461853,0.8783083988
487,1,1,1,1,1,0.1175439697,0.6378830565,0.7961297181,0.3791312651,0.4328862747,0.3699928186,0.3186867167,0.3443675675,0.6882967725,0.2434367511,0.8755886665,0.3416589318,0.4070960895,0.3237786214,0.286356336,0.8350595783,0.8781192812
487.5,1,1,1,1,1,0.1175879265,0.6361752513,0.7966460441,0.3801234821,0.4310587092,0.3713675704,0.3193903335,0.3428364832,0.6885072677,0.2424745851,0.8761016214,0.3413602145,0.4057852267,0.324311693,0.2855558548,0.8349294413,0.8789542116
488,1,1,1,1,1,0.1186912243,0.6378413819,0.7966416707,0.3768419103,0.4288161963,0.3713277715,0.3171535046,0.3419422118,0.6890530227,0.2423373057,0.8756015061,0.3410320774,0.4049052912,0.323449844,0.2873281011,0.8342010486,0.8789417473
488.5,1,1,1,1,1,0.1187554724,0.6380144618,0.7972787488,0.3777642867,0.4309650339,0.3697633041,0.3133723177,0.340474155,0.6897808496,0.2422822876,0.8745963963,0.3398423209,0.4051500984,0.321043463,0.2858782158,0.8329848918,0.8790765997
489,1,1,1,1,1,0.1186019526,0.6354397175,0.7965958815,0.3805467755,0.4339185799,0.3735525174,0.3146701737,0.3386088775,0.6884644844,0.2417682349,0.8754457552,0.337237998,0.4043250119,0.3230904744,0.2862462445,0.8315826889,0.8785157306
489.5,1,1,1,1,1,0.1182815988,0.6363876087,0.7957321939,0.3784010499,0.4361635659,0.3739501043,0.313826975,0.3382885473,0.6879344023,0.2426596574,0.8763148279,0.3380002598,0.407557976,0.3237528693,0.2892001019,0.8327812725,0.8783179882
490,1,1,1,1,1,0.119435625,0.6348562518,0.7951971122,0.3769929008,0.4347464214,0.3756126833,0.3149899416,0.3389599771,0.6906111697,0.2436348591,0.8761263486,0.3402894181,0.4055421655,0.3237860741,0.2901264738,0.831677615,0.8783914113
490.5,1,1,1,1,1,0.1194443499,0.635121962,0.7938692757,0.3787605796,0.4322766845,0.3774207512,0.3160208811,0.3382963169,0.6898769311,0.2432243281,0.8759083657,0.33965035,0.4046657039,0.3253314318,0.2895080137,0.832131525,0.8795299307
491,1,1,1,1,1,0.1187801157,0.6353491485,0.7954350002,0.3784508925,0.4298321736,0.3781814499,0.3153806751,0.3385052562,0.6893050873,0.2407854076,0.8770227029,0.3410790099,0.4035425233,0.3239527211,0.289224981,0.8320420294,0.8803118584
491.5,1,1,1,1,1,0.1182698255,0.6365985283,0.7966535554,0.3790913786,0.4307360993,0.3790183666,0.3143166234,0.3380913325,0.6871752601,0.238268694,0.8765582105,0.3399449688,0.4024342967,0.322624267,0.2906669426,0.8326596353,0.8806216971
492,1,1,1,1,1,0.1169914762,0.6372257069,0.7951798612,0.3812994749,0.431047872,0.3762859301,0.3136969705,0.3395934056,0.6878367939,0.2371935187,0.8752210308,0.3396961704,0.4031575546,0.3226912193,0.2890254592,0.8339818563,0.8816410002
492.5,1,1,1,1,1,0.1172592726,0.6363752633,0.7966067147,0.3800537872,0.4286873583,0.3742259553,0.3155236435,0.3401143488,0.6857792748,0.2357145412,0.8747751864,0.3410722203,0.4062784745,0.3255182906,0.28897431,0.8336208483,0.8821217307
493,1,1,1,1,1,0.1178772525,0.6376840529,0.796186936,0.3807018625,0.4308279075,0.3760336734,0.3139259176,0.3407065449,0.6871027762,0.2358345149,0.8742146344,0.3401358505,0.4051638626,0.3231491037,0.2867315789,0.8329843433,0.8826103846
493.5,1,1,1,1,1,0.1176710713,0.6360519544,0.7968600071,0.3791883617,0.4319429886,0.3743453077,0.3141359267,0.3383709631,0.6875375459,0.2349047191,0.8732715708,0.3390764338,0.4053341541,0.3207980332,0.2890037332,0.8331686086,0.8823082691
494,1,1,1,1,1,0.118056897,0.6365661292,0.7990164809,0.3781245161,0.4317919441,0.3761746933,0.3151270856,0.3410319621,0.6862686355,0.2339640486,0.8734081088,0.3386750933,0.4071948766,0.3204982355,0.289342509,0.8318469416,0.882512211
494.5,1,1,1,1,1,0.1179246028,0.6378146725,0.7988245207,0.3789407678,0.4308288196,0.3739192955,0.3160915478,0.3408892557,0.6861335392,0.2344162819,0.874782745,0.3393668019,0.4074021152,0.3186954856,0.2869523872,0.8333152778,0.8819603723
495,1,1,1,1,1,0.1171711491,0.6403859494,0.7995262159,0.3772008903,0.4318000902,0.3752969559,0.3152683302,0.3400427268,0.6859364663,0.2333250292,0.8749761813,0.3370525998,0.4076672752,0.3178455198,0.2875241198,0.8324979959,0.882224335
495.5,1,1,1,1,1,0.1155924575,0.6386310101,0.7991279774,0.3773742079,0.4331657387,0.3737801885,0.316654676,0.3405975199,0.6843403504,0.2353896321,0.8739529447,0.3353060187,0.4067358984,0.3166990582,0.2887418899,0.8324196358,0.8806960224
496,1,1,1,1,1,0.115756677,0.6382389956,0.7979193016,0.3773943832,0.4325338882,0.372868349,0.314313564,0.3403514533,0.6859116246,0.2352777574,0.8726247761,0.3372344192,0.4068818647,0.3179510202,0.2866897011,0.8328467001,0.8801808567
496.5,1,1,1,1,1,0.1161816272,0.63727179,0.7977129075,0.3762055967,0.4326951995,0.37576281,0.3131537848,0.3378613864,0.6842594123,0.2370508461,0.8731896937,0.3364829158,0.4018537925,0.3179804702,0.2845190293,0.8331982151,0.8801285081
497,1,1,1,1,1,0.1160083827,0.636611207,0.798192695,0.3746654415,0.4324061158,0.3769896418,0.3130621433,0.336820197,0.6819289035,0.2359179347,0.8726410677,0.3393451762,0.3988764743,0.3179664933,0.2853778944,0.8338380013,0.8803327014
497.5,1,1,1,1,1,0.1161133719,0.63588347,0.7986643674,0.3743629884,0.4305892129,0.3776394442,0.314186585,0.3377271247,0.6816198885,0.2353307734,0.872718279,0.3414734388,0.4017488861,0.3180643657,0.2863846673,0.8341923698,0.8806690514
498,1,1,1,1,1,0.116364393,0.6350046019,0.7974721862,0.3732438489,0.42757039,0.3759160952,0.3158072875,0.3403001186,0.6817507054,0.2366955094,0.8725892803,0.3429771347,0.4012178483,0.3188478079,0.2845169546,0.832861304,0.8797525876
498.5,1,1,1,1,1,0.1169888375,0.6343923142,0.7984405972,0.3721480009,0.4286628561,0.3762676473,0.3177829025,0.3405160491,0.6803562819,0.2373929189,0.873560235,0.338055526,0.400976894,0.318701396,0.2840054203,0.8322988262,0.8785469583
499,1,1,1,1,1,0.1167059667,0.6372621771,0.7985659989,0.3700725279,0.4313006142,0.3737938914,0.3193252161,0.3431480762,0.681571091,0.2385215107,0.8738643926,0.3395678235,0.4017151594,0.3184409001,0.2836410261,0.8331386048,0.878588383
499.5,1,1,1,1,1,0.1168427075,0.6389769735,0.7973311951,0.3698833746,0.4337733358,0.374806008,0.3200453877,0.3434024051,0.6822146337,0.2370126008,0.8738092568,0.3390599573,0.4022726779,0.319141373,0.2829582328,0.8327012519,0.8788478288
500,1,1,1,1,1,0.1167354803,0.6396590954,0.7969892324,0.3706190651,0.4323680202,0.375615464,0.3192845575,0.3431885979,0.6825779665,0.2365237582,0.8731788277,0.3386921758,0.4010362488,0.319173557,0.2849256243,0.8328172455,0.8785531866
