time,TNFR,IL1R,CD40,LTB,BAFFR,TRAF2_5,TRAF6,TRAF2_3,Btx,TAK1_TAB,NEMO_IKKa_IKKb,IkBa_release_signal,p50_p65,TNFa,p100,Phenotype_canonical,NIK,IKKa_noncanonical,p100_RelB,p52,BAFF,Phenotype_noncanonical
0,1,1,1,1,1,0,0,0,0,0,0,0,0,0,0,0,0,0,0,0,0,0
0.5,1,1,1,1,1,0.1281669262,0.2027329357,0.2293544503,0.02408324901,0.03446697463,0.005096129917,0.0002846873339,1.358347071e-05,6.248115719e-07,6.730200261e-07,5.730853448e-07,0.0266682362,0.002303467855,0.0001554005707,9.446464872e-06,8.686950451e-06,4.341028258e-07
1,1,1,1,1,1,0.2205741171,0.3362336859,0.3767286916,0.07182139403,0.1015633513,0.02879955116,0.003265567029,0.0003179823108,3.076656024e-05,3.236293008e-05,2.8414384e-05,0.07962461083,0.01342321959,0.001840857665,0.0002280072449,0.0002158862165,2.187141791e-05
1.5,1,1,1,1,1,0.2874240449,0.4248260219,0.4720310294,0.1233010579,0.1725509361,0.06870853159,0.01165948226,0.001730153595,0.0002635806198,0.0002713553537,0.0002454280271,0.1368937454,0.03312195918,0.006854180511,0.001288903043,0.001257000645,0.0001932579808
2,1,1,1,1,1,0.3362198952,0.4837083828,0.5333696064,0.1706440557,0.23667296,0.1164793759,0.02595700548,0.005174734848,0.001105550595,0.001107639471,0.001037292849,0.1893690203,0.05818063436,0.01597146616,0.004008523283,0.00403955478,0.0008350327097
2.5,1,1,1,1,1,0.3719675623,0.5233793857,0.5734945355,0.2110616478,0.2908038386,0.1649298642,0.04477310981,0.01117890926,0.003124388784,0.003053015857,0.002957870278,0.2343815224,0.08520084131,0.02896890683,0.009020022899,0.009422535206,0.002440260801
3,1,1,1,1,1,0.3988254109,0.5502057898,0.5998237078,0.244618151,0.3348116498,0.2098838654,0.06608780694,0.01968349204,0.006900393405,0.006560785516,0.006591125605,0.2719572906,0.1118897585,0.04507137088,0.01656043108,0.01795913135,0.005567285653
3.5,1,1,1,1,1,0.4184971817,0.5685715721,0.6173037593,0.2719477177,0.3700202162,0.2493662597,0.08808299275,0.03018582431,0.01283601709,0.01187574759,0.01239585194,0.3024682255,0.1370384066,0.0634103054,0.02649634462,0.02984539908,0.01069258205
4,1,1,1,1,1,0.4333105748,0.5810508675,0.6288210186,0.2936669684,0.3978610687,0.2828359033,0.1093366881,0.04204342568,0.0211578516,0.01900749881,0.02060190842,0.327220447,0.1598280129,0.08307783204,0.03848774229,0.0449296838,0.01817982017
4.5,1,1,1,1,1,0.4444784275,0.5897769654,0.6360432094,0.311376836,0.4200654606,0.3103569583,0.1291514527,0.05456017279,0.03181438421,0.02779519613,0.03127278641,0.347224122,0.1800160968,0.1032945732,0.05206076039,0.06294441913,0.02820686442
5,1,1,1,1,1,0.4531668834,0.596130728,0.6412273302,0.3254458907,0.4370498896,0.3328823755,0.146805293,0.06706130172,0.0446104212,0.03782832503,0.04425944127,0.3633175705,0.1976538492,0.1235898509,0.06665298385,0.08347766088,0.04076385635
5.5,1,1,1,1,1,0.4596420571,0.6002696316,0.6446768873,0.3364372979,0.4506277573,0.3512009094,0.1622802365,0.07918950943,0.05923416335,0.04880444722,0.05920940207,0.3764300382,0.2129362549,0.1434905988,0.08192786049,0.1060498958,0.05569575633
6,1,1,1,1,1,0.4649100504,0.6032320904,0.6468790217,0.3456949345,0.4610653606,0.3657292389,0.1758583113,0.09045405071,0.07529524992,0.06031087973,0.07579430906,0.3866997786,0.2261357668,0.1625454858,0.0972380479,0.1302032434,0.07285325304
6.5,1,1,1,1,1,0.4690654325,0.6053170934,0.6485730575,0.3530626456,0.4695493813,0.3772693591,0.1872979647,0.1008807394,0.09243752409,0.07201667695,0.09368079506,0.3950950173,0.2372259434,0.1807172601,0.1124482896,0.1551545922,0.09185956846
7,1,1,1,1,1,0.4721630197,0.6069771785,0.6495439244,0.3590161351,0.4760720063,0.386320157,0.1968179004,0.1102381537,0.1101744491,0.08355595028,0.1125969003,0.4017345546,0.2470284015,0.1975783088,0.1273190312,0.1809564362,0.1123674976
7.5,1,1,1,1,1,0.4745799561,0.608055382,0.6502047469,0.3636495481,0.4812253218,0.3937327959,0.204724752,0.1185512486,0.1282881206,0.09464640164,0.1321492572,0.4071740565,0.2554505919,0.2134165695,0.1414515985,0.2066766155,0.1342578454
8,1,1,1,1,1,0.4764493638,0.6087803745,0.6507157197,0.3673034299,0.4852703779,0.3994660737,0.2114140636,0.1258027111,0.1464562595,0.1053667063,0.1519735854,0.4118701868,0.2624479011,0.2279011188,0.1546547529,0.2321996624,0.1568210888
8.5,1,1,1,1,1,0.4779179882,0.6094469267,0.6511705453,0.3704451789,0.4883897237,0.4040817937,0.2167788343,0.1320645145,0.1645005851,0.1154039227,0.1716337414,0.4154529226,0.2683673889,0.2409837368,0.1671903862,0.2574251977,0.1800604705
9,1,1,1,1,1,0.4792356191,0.6099755624,0.6516083886,0.3731909697,0.4909870136,0.4074734822,0.2212911955,0.1374778123,0.1820294266,0.1246569315,0.1912079447,0.4184604193,0.2736777124,0.2527614783,0.1788994429,0.2818105458,0.2035699116
9.5,1,1,1,1,1,0.4802840793,0.6102620145,0.6515878692,0.3753008095,0.4930833612,0.4101768416,0.2250229801,0.1420533567,0.199174541,0.1333510931,0.2105950296,0.4207723356,0.2778856921,0.2632867607,0.1896910784,0.3054319043,0.2269680436
10,1,1,1,1,1,0.4809324258,0.6105070279,0.6516180557,0.3771456619,0.4951608162,0.412470234,0.2280860228,0.1458585389,0.2157414353,0.1412162084,0.2295070899,0.4228111165,0.2816342977,0.2729441269,0.199491031,0.3278232516,0.2504011093
10.5,1,1,1,1,1,0.481515648,0.6105375362,0.6516881887,0.3787815665,0.4964452719,0.4141492622,0.2306940965,0.1491445649,0.2315638831,0.1482616324,0.247961586,0.4246181904,0.2849091261,0.2816120865,0.208359418,0.3495778612,0.2734040434
11,1,1,1,1,1,0.4819093801,0.6107966222,0.6516652194,0.380107251,0.4974860255,0.4156617587,0.2327001418,0.1519954057,0.2469070132,0.1547129175,0.2658556013,0.4259643684,0.287570401,0.2890629941,0.2165620892,0.3703995443,0.2962314077
11.5,1,1,1,1,1,0.4822124149,0.610770398,0.651708639,0.3809217643,0.4983856871,0.416808714,0.2343229872,0.1542874789,0.2612991952,0.1604756025,0.2828889083,0.4274870901,0.2899893108,0.2956234242,0.2240356203,0.3896879106,0.3185212866
12,1,1,1,1,1,0.4827529163,0.6108817017,0.6517749339,0.3818804367,0.499047975,0.417796037,0.2358497021,0.1563028,0.2750392614,0.1658279736,0.2991201728,0.4284943374,0.2923189023,0.3017868046,0.2307243519,0.4082543917,0.3400057026
12.5,1,1,1,1,1,0.4830723427,0.6109493761,0.6519628482,0.3827249082,0.4997325957,0.4185404518,0.2368824037,0.1580963648,0.2881442777,0.1707051807,0.3146248739,0.4293139391,0.294072425,0.3069878253,0.2370123929,0.4255813761,0.3608085796
13,1,1,1,1,1,0.4832080634,0.6110019809,0.6519829487,0.3833925333,0.5002207756,0.4190667837,0.2377057048,0.1594004681,0.3004792889,0.1749515541,0.3296689044,0.4300000706,0.2955895243,0.3118302128,0.2424095887,0.4417898509,0.3809542237
13.5,1,1,1,1,1,0.4835455099,0.6108715997,0.652066363,0.3841244212,0.5008256598,0.4198310322,0.2384938343,0.1604844738,0.3118677754,0.1787255319,0.3440033869,0.4306314409,0.2970038797,0.3160044265,0.2472581995,0.4570500481,0.4000747139
14,1,1,1,1,1,0.4835691173,0.6109793141,0.6520892898,0.3845608328,0.5011737454,0.4204035807,0.2392816084,0.1614733078,0.3226506659,0.1819662195,0.3576248266,0.4310840935,0.2983537254,0.3195260379,0.2516140096,0.4713591993,0.4186805302
14.5,1,1,1,1,1,0.4835579699,0.6111041045,0.6520743138,0.384786736,0.5014297706,0.4207231928,0.2397739276,0.1623556461,0.3330489369,0.185134977,0.3709201119,0.4316679628,0.2996257382,0.3227866632,0.2553012893,0.4848881607,0.4363902056
15,1,1,1,1,1,0.4837630214,0.6113176468,0.6519639255,0.3851214451,0.5016399066,0.4206715091,0.2400116588,0.1629870982,0.3426707734,0.187831884,0.3835183598,0.4318134908,0.3005804629,0.3258001941,0.2587230457,0.4973992425,0.4536125423
15.5,1,1,1,1,1,0.4838391049,0.6114309962,0.6519721975,0.3856707405,0.5020060122,0.4206714012,0.2405341605,0.1635427749,0.3517422145,0.1901874356,0.3952674929,0.4321867595,0.3015174348,0.3283004407,0.2616211461,0.5092794203,0.4699071281
16,1,1,1,1,1,0.4839115493,0.6113353118,0.6518196008,0.3858273526,0.5022379169,0.4209840529,0.2408133975,0.1641681742,0.3603341827,0.1924673312,0.4064755949,0.4326389603,0.3024047571,0.3305505444,0.2646663993,0.5202131393,0.4851921909
16.5,1,1,1,1,1,0.4840149937,0.6112682724,0.6518085488,0.3859996596,0.5019583307,0.4208244281,0.2409119712,0.1644865893,0.3683829688,0.1944713031,0.4172930349,0.4328070866,0.3029369627,0.3322304908,0.2671939479,0.5305226434,0.4999349055
17,1,1,1,1,1,0.4842804767,0.6111911228,0.6518973456,0.3863363977,0.5021750069,0.4207735907,0.2411657576,0.164740009,0.3760433301,0.1961435221,0.4274492247,0.4328953661,0.3034816695,0.3338859871,0.2691898637,0.539731391,0.5136248507
17.5,1,1,1,1,1,0.4843117338,0.611234597,0.651954566,0.3864414808,0.5023530357,0.4207959928,0.2412605337,0.1649810524,0.3831908731,0.1976395546,0.4374046493,0.4330469064,0.3038864421,0.3352745596,0.2713338004,0.5484527439,0.526605602
18,1,1,1,1,1,0.4845140721,0.6111025371,0.6519971585,0.386655302,0.5024441821,0.4208882314,0.2414169001,0.1650981181,0.3899052266,0.1989590235,0.4467804178,0.4331222769,0.3044798073,0.3364346936,0.2730948506,0.5568948046,0.5392337421
18.5,1,1,1,1,1,0.48456065,0.6111013405,0.6518404327,0.3868623498,0.5023205895,0.4210417846,0.2413227889,0.1653436815,0.3961958807,0.2002683504,0.45568516,0.4331446987,0.3048080675,0.3375194215,0.2747094377,0.5647683457,0.5513800282
19,1,1,1,1,1,0.4846730075,0.6111871577,0.6519811119,0.3872544983,0.5024785123,0.4210721123,0.2414858747,0.1654743388,0.4021441054,0.2012820447,0.4639976513,0.4334907287,0.305244246,0.3384238599,0.2760641056,0.5720615689,0.5627070642
19.5,1,1,1,1,1,0.4845842457,0.6111912591,0.6520514031,0.3872538512,0.5027020183,0.4212139091,0.2415948248,0.1655263869,0.4078817551,0.2022512568,0.4721000992,0.433963305,0.3053883083,0.3392486675,0.2771969013,0.5788286033,0.5732640339
20,1,1,1,1,1,0.4846447714,0.6112751766,0.6520838597,0.3870848886,0.5023611931,0.4214056643,0.2417779967,0.1656219064,0.4130406232,0.2030079036,0.4797174271,0.4342984742,0.3056804861,0.3400810941,0.278221146,0.5852268974,0.583295951
20.5,1,1,1,1,1,0.484522329,0.6113057831,0.6520402391,0.3871649315,0.502647158,0.421325787,0.241783159,0.1656779487,0.4178781258,0.2040177397,0.4870664424,0.4346422156,0.305999153,0.3410717558,0.279343645,0.5909799304,0.5929191559
21,1,1,1,1,1,0.4846184428,0.6113701852,0.6520431408,0.387227858,0.5027687857,0.4214236721,0.2417342152,0.1657196838,0.4224741371,0.2048147579,0.4939320791,0.4345313587,0.3062267871,0.3415664256,0.2801385355,0.5964410584,0.6022591783
21.5,1,1,1,1,1,0.4843177342,0.6113060479,0.6518108513,0.3872930492,0.502870373,0.4212771554,0.2418240571,0.1658155493,0.4270070707,0.2053400378,0.5006033953,0.4344863732,0.3067550192,0.3421321452,0.2809079595,0.6011358163,0.6110395207
22,1,1,1,1,1,0.4845373529,0.6112290449,0.6519400076,0.387384472,0.5027238718,0.4213043414,0.2417266488,0.1657714915,0.4310510427,0.205992424,0.5066407854,0.4344000797,0.3070266064,0.3426478912,0.2817206703,0.6058785246,0.619288615
22.5,1,1,1,1,1,0.4846623015,0.6110403135,0.6518870928,0.3873787692,0.5028286449,0.4213726765,0.2417049009,0.1658599341,0.4351389055,0.2065624306,0.5127143948,0.4344587728,0.307071093,0.3431930715,0.2822682008,0.610189733,0.6270963464
23,1,1,1,1,1,0.4844934463,0.6112352896,0.6519352748,0.3873862205,0.5029063616,0.4212600333,0.2417684719,0.1660595455,0.4389138868,0.2069679611,0.5184613462,0.4346331692,0.3073746849,0.3435914152,0.283001974,0.6144136833,0.6345123489
23.5,1,1,1,1,1,0.4846272722,0.6113730667,0.6518736872,0.3875836103,0.5028584343,0.4211903024,0.2417790181,0.1660656888,0.4422499479,0.2073826888,0.5239691812,0.4346738025,0.3074157276,0.343961317,0.2834519643,0.6181832257,0.6413021128
24,1,1,1,1,1,0.4846882839,0.6112179266,0.6518950216,0.3877168115,0.5028903723,0.4210876249,0.2417414655,0.1660860086,0.4453533657,0.2077158653,0.5293571033,0.4344920304,0.3074946053,0.3442078292,0.2839612821,0.6219254194,0.6478683247
24.5,1,1,1,1,1,0.4846740983,0.611205677,0.6518055107,0.3877594337,0.5030190609,0.4211255443,0.2418785302,0.1660982088,0.4483474635,0.2079183068,0.5342755592,0.434448947,0.3077300576,0.3444869591,0.2840828964,0.6252995844,0.6541579246
25,1,1,1,1,1,0.4848629897,0.6111301898,0.6517445153,0.3875845093,0.5030697492,0.4209870259,0.2417610405,0.1660232503,0.4513277137,0.2081503428,0.538966755,0.4344597114,0.3078761757,0.344560827,0.2844603314,0.6285260827,0.6601602623
25.5,1,1,1,1,1,0.4845522154,0.6112489129,0.6517175452,0.387636869,0.5030241949,0.4210132476,0.241678756,0.1660176729,0.454134817,0.2084665414,0.5434992732,0.4345003263,0.307995616,0.3446174261,0.2849229621,0.6313618951,0.6657880451
26,1,1,1,1,1,0.4846163656,0.6114763725,0.6515981523,0.387659868,0.5028686193,0.4211689684,0.2416501382,0.1659833185,0.4566720849,0.2084920397,0.5479554868,0.4347405032,0.3083604283,0.3448616733,0.2851821854,0.6340885132,0.6712424787
26.5,1,1,1,1,1,0.4845584115,0.611326656,0.6516184935,0.3878022602,0.5031013759,0.4212089791,0.2415139398,0.1661328173,0.4591358151,0.2088162583,0.5520138333,0.4345928776,0.3082348606,0.345103438,0.2854704171,0.6365800988,0.6761829531
27,1,1,1,1,1,0.484539473,0.6113684573,0.6516242204,0.3875495154,0.5030012059,0.4213856434,0.241535193,0.1661482303,0.4614350298,0.2089989712,0.555887757,0.4345801634,0.3083848523,0.3454584098,0.2856683295,0.6387899333,0.6810484664
27.5,1,1,1,1,1,0.4845057821,0.6111891462,0.6516320803,0.3876960185,0.5028904518,0.4211999849,0.2416738152,0.1660944621,0.4634824939,0.2092546819,0.5597395037,0.4345491663,0.3085047063,0.3453752588,0.2858047671,0.6410726409,0.6857598492
28,1,1,1,1,1,0.4843791915,0.6112460946,0.6518295708,0.3878507228,0.5028864295,0.4212398552,0.2418263567,0.1660340267,0.4654744333,0.2094822447,0.563392322,0.4342565344,0.308586957,0.3453389978,0.2859340808,0.6431914548,0.6900291644
28.5,1,1,1,1,1,0.4844163085,0.6109908832,0.6517147762,0.3879137411,0.5028213332,0.4212614424,0.2419382117,0.1659759812,0.4673435703,0.2096300093,0.5670228971,0.4343332876,0.3087340342,0.3455884486,0.2863085585,0.645096703,0.6941353207
29,1,1,1,1,1,0.4846154232,0.6110245251,0.6515902454,0.3882586123,0.5029295955,0.4212445262,0.241910657,0.1659332345,0.4690432578,0.2099262924,0.5707111404,0.434168753,0.3087142718,0.3458096171,0.2864578282,0.6470809906,0.6980248685
29.5,1,1,1,1,1,0.4845818652,0.6108729993,0.6518267428,0.3882155667,0.5028290575,0.4213983367,0.2419292195,0.1658788587,0.4704707892,0.2102316447,0.5739553499,0.4344170829,0.3087303868,0.3458885417,0.2865600363,0.6489962324,0.7017903018
30,1,1,1,1,1,0.4846252729,0.6111175681,0.6517839514,0.3883539016,0.5028305868,0.4214414112,0.2421634082,0.1658812252,0.4721711859,0.2103531722,0.5772425794,0.4344465885,0.3089059337,0.3459343346,0.2865846569,0.6506695085,0.7054179195
30.5,1,1,1,1,1,0.4847330581,0.6112773904,0.6518508692,0.3883923171,0.5030870412,0.421329732,0.2422122402,0.1659456434,0.4737355677,0.2104959617,0.5804388974,0.4343773179,0.3089442566,0.3460021893,0.2866858072,0.6522034423,0.7088798134
31,1,1,1,1,1,0.484550088,0.6110757423,0.6518217916,0.3882390135,0.5031897255,0.4213437088,0.2419381072,0.1659238509,0.4753500474,0.2104221233,0.5833720621,0.434445467,0.3089880296,0.3462150053,0.2866833415,0.6537441134,0.7122672211
31.5,1,1,1,1,1,0.4844671461,0.6110403545,0.6518521913,0.3881246876,0.502907352,0.4211716992,0.2418397167,0.1658754493,0.4767568774,0.2104568593,0.5861951884,0.4345180681,0.3089556181,0.346235875,0.2867600355,0.6550775104,0.715463907
32,1,1,1,1,1,0.4845840423,0.6111236173,0.651746206,0.3882546065,0.502920483,0.4212309899,0.2418567531,0.1660021692,0.4782039267,0.2102649586,0.5889865342,0.4346600704,0.3088947324,0.3463849723,0.287036712,0.6564556651,0.7184580069
32.5,1,1,1,1,1,0.4844853564,0.6111526262,0.6518452919,0.3884634495,0.5027912515,0.4213534988,0.242037622,0.1659690936,0.4796898047,0.2104624215,0.5914895263,0.4343656065,0.3089543281,0.3461599387,0.286922668,0.6577170727,0.7213145545
33,1,1,1,1,1,0.4845510242,0.6112741469,0.6517007448,0.3884874302,0.5026671203,0.4213761358,0.2419968502,0.1658746627,0.4810874271,0.2105932793,0.5939405509,0.4345234223,0.3090921839,0.3463647621,0.2871126553,0.6587836138,0.7241199158
33.5,1,1,1,1,1,0.4846718077,0.6111752311,0.6518365236,0.3881403812,0.5028441657,0.4214220384,0.2420170235,0.1659100376,0.4822890682,0.2105955103,0.5961893869,0.4345889567,0.3091109351,0.3465337532,0.2870742077,0.6597977144,0.7266548526
34,1,1,1,1,1,0.4846524316,0.6110954671,0.6519338323,0.3880821125,0.5030114497,0.4214186603,0.2420269613,0.1658610299,0.4832735498,0.2106793858,0.5986127279,0.4345110623,0.3091245248,0.3465363357,0.287099187,0.6606809451,0.7292227699
34.5,1,1,1,1,1,0.4847941695,0.611211197,0.6519356323,0.387918017,0.5031518942,0.4211481719,0.242090487,0.1658380004,0.4842538981,0.2108177765,0.6009095789,0.4344529572,0.3090558072,0.3465369869,0.2872602422,0.661623944,0.7315208784
35,1,1,1,1,1,0.4846903668,0.6113332278,0.6518833751,0.3880570178,0.503080023,0.4212619492,0.2419810799,0.1659100991,0.4849852838,0.210839506,0.6032777228,0.4345037087,0.3089993308,0.3466068805,0.2871717768,0.662575341,0.7337938357
35.5,1,1,1,1,1,0.4848619074,0.6114732544,0.6517841603,0.3881295753,0.5028778235,0.421374866,0.2418250377,0.1658740319,0.4859150484,0.2107560409,0.6052838347,0.4347221831,0.3090115572,0.3465978886,0.2871983112,0.6635304652,0.73605618
36,1,1,1,1,1,0.4849171402,0.6112737882,0.6517925088,0.3880433265,0.5029031415,0.4211348772,0.2417478579,0.1659864381,0.4868387992,0.2109017148,0.6073063064,0.434917087,0.309008089,0.3465121065,0.2873078713,0.6643223057,0.7381233867
36.5,1,1,1,1,1,0.484939812,0.6113501032,0.6516830376,0.3884660028,0.5030005451,0.4210884554,0.2417344397,0.1661570283,0.487925594,0.2110752434,0.6093568905,0.4348336692,0.3091622594,0.346313945,0.2871784333,0.6649346683,0.7400147088
37,1,1,1,1,1,0.4848062183,0.6111565222,0.6516506159,0.3880883427,0.5029877629,0.4211148838,0.2416640499,0.1660525825,0.488650235,0.2110521915,0.6111726242,0.4345973587,0.3091561152,0.3462378456,0.2871306317,0.6656080951,0.74190952
37.5,1,1,1,1,1,0.4848902585,0.6112326119,0.6515987312,0.3877713619,0.5030529785,0.4210989157,0.2417784244,0.1659507139,0.4892880539,0.2110626029,0.6129147609,0.4345750371,0.3090805355,0.3464580231,0.2872096211,0.6662185587,0.7437036626
38,1,1,1,1,1,0.4850031897,0.6112144959,0.6516998969,0.3876378489,0.5029866946,0.4210577725,0.241665249,0.1659833285,0.4900396993,0.2110146904,0.6144717113,0.4347006025,0.3090783839,0.3462838591,0.2870566702,0.6665625941,0.7452686341
38.5,1,1,1,1,1,0.4847623347,0.6113796844,0.6518265246,0.3878690035,0.5030573612,0.4211083647,0.2417279208,0.1660587138,0.4908394012,0.2109990131,0.6161360653,0.4347728726,0.3092763465,0.3462535199,0.2871815558,0.667172483,0.7469281427
39,1,1,1,1,1,0.4848433767,0.6114976236,0.6517932331,0.3879759423,0.5028806977,0.4212109028,0.2417728683,0.1659748271,0.4913100226,0.2110140095,0.6176834107,0.4349187224,0.3093098608,0.3462409856,0.2872164666,0.6676286166,0.7484081973
39.5,1,1,1,1,1,0.4847892327,0.611365347,0.6517248033,0.3879247449,0.5029287658,0.4212187274,0.2418459821,0.1660740285,0.4919957462,0.2109341853,0.6191178454,0.4348990244,0.3094710358,0.3462746466,0.2871135432,0.668324259,0.7500682909
40,1,1,1,1,1,0.4850924234,0.6112420824,0.6517072248,0.387941975,0.5030386664,0.4213540555,0.241866137,0.1660066805,0.4926060041,0.211080578,0.6205416332,0.4348395178,0.3094541736,0.3463938017,0.2872473228,0.6689389022,0.7515598256
40.5,1,1,1,1,1,0.4849265624,0.6114278475,0.652071663,0.3880501222,0.5030804718,0.4213843879,0.2417595065,0.1660496536,0.4930139163,0.2113006128,0.6219899819,0.4349530954,0.3097464256,0.3462578187,0.287390143,0.6694104851,0.7531045236
41,1,1,1,1,1,0.4847978872,0.6112694997,0.6518632564,0.3880245072,0.503176265,0.421404921,0.2417638255,0.166064691,0.4936557301,0.2112896382,0.623405812,0.4347088833,0.3096998593,0.3463449484,0.2871726816,0.6697640855,0.7545665328
41.5,1,1,1,1,1,0.4847053819,0.6113417661,0.6518726629,0.3880559976,0.503162392,0.4214154634,0.2418688896,0.1659918654,0.4941433303,0.2112132714,0.6246864454,0.4347482352,0.3096480763,0.3461054787,0.287312854,0.6699861236,0.7558235654
42,1,1,1,1,1,0.4849577487,0.611276784,0.6519849219,0.3880578041,0.5032292353,0.4213713008,0.2418771404,0.1659852412,0.4947573642,0.2113301852,0.6260373658,0.4344367474,0.309683989,0.346051836,0.2874934207,0.6704053751,0.7570985557
42.5,1,1,1,1,1,0.4848249559,0.6112448809,0.6518765955,0.3880882807,0.5031451288,0.4212426733,0.2419389915,0.1660522818,0.4953239161,0.2113152075,0.6272193037,0.4343271997,0.3097185166,0.3462212445,0.2874474678,0.6706274097,0.7581007178
43,1,1,1,1,1,0.4849169443,0.6112662398,0.6519097121,0.3882170143,0.5028996566,0.4214571947,0.2419022382,0.1660304888,0.4957333002,0.2115318086,0.6283458018,0.4343958213,0.3097234613,0.3460158497,0.2873423008,0.6711294176,0.7592293239
43.5,1,1,1,1,1,0.484713023,0.6112372172,0.6517722774,0.3884457303,0.5030486915,0.421493914,0.2421385503,0.1660709809,0.4961822912,0.2116352063,0.6296053769,0.434681329,0.3095730798,0.3461365477,0.2874469129,0.6713238826,0.7604220149
44,1,1,1,1,1,0.4849214931,0.6113869213,0.6516437203,0.3883327418,0.5028718509,0.4213562493,0.2420042747,0.1662329675,0.496580521,0.2116101625,0.6308812123,0.434570236,0.3094866834,0.3461513472,0.287496481,0.6717105135,0.7616812853
44.5,1,1,1,1,1,0.4850019858,0.611421573,0.6517369745,0.3882408027,0.5030553389,0.421335658,0.2418623468,0.1662477416,0.4970386334,0.2116295281,0.6319437609,0.4343554712,0.3094276408,0.3461599072,0.2876453653,0.6720340868,0.7627216184
45,1,1,1,1,1,0.4851200918,0.6113330928,0.6515843569,0.3882438738,0.5030609507,0.4213448965,0.2419706588,0.1662419869,0.4972471893,0.2114994557,0.632933255,0.4345327496,0.3092441649,0.3459770057,0.2876971346,0.6724896428,0.763838887
45.5,1,1,1,1,1,0.4850502634,0.6111431099,0.6517784134,0.3882187522,0.5029027934,0.4211361337,0.2420294555,0.1662449276,0.497633248,0.2116661585,0.6341993616,0.4347191734,0.3092434889,0.3460640058,0.2877690843,0.6727675928,0.7647363368
46,1,1,1,1,1,0.4849033204,0.611365875,0.6518056402,0.3883515121,0.5030670363,0.4213450707,0.2418721195,0.1661410737,0.497944352,0.2116538049,0.6351620944,0.4346114476,0.3092701278,0.3461358385,0.2879197142,0.6729798213,0.7656636733
46.5,1,1,1,1,1,0.4850635626,0.6113577108,0.6517330271,0.3882816375,0.5031189853,0.4212781587,0.2416795062,0.1661558204,0.4983215749,0.2115309667,0.6363453328,0.4345750508,0.3092438896,0.3461054913,0.2878679256,0.6733261347,0.7667407027
47,1,1,1,1,1,0.4848949568,0.6112316776,0.6517663294,0.3885147846,0.5034494402,0.4213290125,0.2416364273,0.1661559701,0.4986596019,0.211756079,0.6374077647,0.4346359084,0.3092111275,0.3462642119,0.2877616269,0.6737994563,0.7675131061
47.5,1,1,1,1,1,0.4846238206,0.6113173249,0.6518927516,0.3884512451,0.5033064746,0.4212307271,0.2418156257,0.1660953292,0.4988124056,0.2118567553,0.6382436164,0.4343752884,0.3093202713,0.3461897708,0.2878851312,0.6739204573,0.7683344851
48,1,1,1,1,1,0.4847347675,0.6114831596,0.6516867042,0.3883753985,0.5033080223,0.4211260031,0.2419873825,0.1660614185,0.4990684452,0.2117594334,0.6391319659,0.4343824848,0.3092321075,0.3460106572,0.287815477,0.6741709769,0.7692010534
48.5,1,1,1,1,1,0.4845740248,0.6112804776,0.6517915623,0.3884681409,0.503177147,0.4212972423,0.2419442907,0.1660804324,0.499479006,0.2119171609,0.6400968961,0.4345509915,0.3092685676,0.3461422024,0.2878205834,0.6743016903,0.769921953
49,1,1,1,1,1,0.4848702486,0.6115779857,0.6517418102,0.3883345489,0.5033180335,0.4211563862,0.2419944282,0.1661044198,0.4996153571,0.212027262,0.6409804113,0.4343973322,0.3091192157,0.3461926741,0.287885034,0.6744592281,0.77080149
49.5,1,1,1,1,1,0.4847337479,0.6115280893,0.6519003522,0.3885101162,0.5035251772,0.4210248248,0.2419309572,0.1659951123,0.4999575592,0.2119552683,0.6417802908,0.4343388003,0.3090873224,0.3461445071,0.2877130617,0.6747734467,0.7714394216
50,1,1,1,1,1,0.4848084968,0.6113539649,0.6520292935,0.3885442971,0.5034956035,0.4212848108,0.2419665897,0.16608559,0.5000940661,0.2117465518,0.6426662619,0.4343404277,0.3093296965,0.3459975752,0.287689867,0.6748327358,0.7721689613
50.5,1,1,1,1,1,0.4846742457,0.6111997651,0.6520676496,0.3884209326,0.5032647805,0.4214125146,0.2419939773,0.16610421,0.5002314494,0.2118564741,0.6434061737,0.4342049244,0.309445708,0.3463104279,0.2876481677,0.6749584337,0.7729129204
51,1,1,1,1,1,0.4845238909,0.611123556,0.6519245579,0.3884474792,0.5031813395,0.4213170947,0.2418815809,0.1661750044,0.5005346178,0.211869562,0.6441234404,0.4342584492,0.3095444783,0.3461826691,0.2875996792,0.6751127294,0.7737189386
51.5,1,1,1,1,1,0.4846896207,0.6111613372,0.6518091567,0.3884103265,0.5031552394,0.4213925349,0.2419099078,0.166163144,0.5008340125,0.2118971009,0.6449027628,0.4341924234,0.3094129005,0.3460664677,0.2878981625,0.6752483767,0.7741048719
52,1,1,1,1,1,0.4846543528,0.6112998025,0.6517664348,0.3885637242,0.5031511105,0.4213197959,0.2417371618,0.1661047496,0.5008605058,0.2118283634,0.6457545782,0.4343786311,0.3093727247,0.3461016751,0.2877493774,0.6754838245,0.7747604675
52.5,1,1,1,1,1,0.4847105038,0.6112871743,0.6518164988,0.3884354323,0.5031665268,0.4214686871,0.2418000534,0.1661502616,0.5011268365,0.2118359572,0.646401087,0.4343669568,0.3093105966,0.345969897,0.2877167376,0.6757585473,0.7754711083
53,1,1,1,1,1,0.4845050476,0.6113129498,0.6518623822,0.3885470914,0.5032128163,0.4212277691,0.2419006121,0.1661438551,0.501507268,0.2117956295,0.6471183778,0.4344554179,0.3093499926,0.3461006904,0.2878368251,0.6758090712,0.7760045085
53.5,1,1,1,1,1,0.4844208191,0.6112236919,0.6517801764,0.3885312293,0.5031565814,0.4213350166,0.2418061556,0.1661507462,0.5015346601,0.2118204891,0.6479095001,0.434347233,0.3092726374,0.3460709762,0.2878268876,0.6759689145,0.7766075197
54,1,1,1,1,1,0.4846721253,0.6112113641,0.6519745862,0.388323205,0.5030718548,0.4213812613,0.2418838932,0.1661414414,0.5016508434,0.2117098584,0.6485449428,0.4341225502,0.3090325166,0.3464059067,0.2876446967,0.6760302716,0.7770714293
54.5,1,1,1,1,1,0.4848385155,0.6111766859,0.6518656742,0.3884972195,0.5030231201,0.4212828962,0.2419666246,0.1660983964,0.5015625041,0.2118626699,0.6491834611,0.4344140809,0.3090077484,0.3461797708,0.2875825966,0.6760392642,0.7776800836
55,1,1,1,1,1,0.48482699,0.6111304519,0.6518389106,0.3883870286,0.5028405839,0.4214252665,0.2418373455,0.1661445684,0.5019069524,0.2119859188,0.649836931,0.4346768895,0.3091090748,0.3460523638,0.2874234077,0.6761024005,0.7781687206
55.5,1,1,1,1,1,0.4847791107,0.6110225467,0.6517533386,0.3881834739,0.5027909066,0.4212581788,0.2417218508,0.1661233871,0.5021147466,0.2120129144,0.6504379388,0.4348407801,0.3091670573,0.3461892134,0.2875443892,0.6760679584,0.7785234117
56,1,1,1,1,1,0.4845192165,0.6110790348,0.6515322096,0.3882459748,0.5028549235,0.421195356,0.2417912903,0.1660253983,0.5024136174,0.211975577,0.6509955951,0.4348967227,0.3091841838,0.3461082684,0.2876753666,0.6762053616,0.7789458313
56.5,1,1,1,1,1,0.4846376951,0.6111802966,0.6516325601,0.3883440464,0.5029644898,0.4212157024,0.2418389332,0.1660168442,0.5024644245,0.2118712545,0.6516303913,0.434912012,0.3093896015,0.346405506,0.2876079857,0.6762058447,0.7794073064
57,1,1,1,1,1,0.4845372545,0.61124685,0.6516554577,0.3884456318,0.5029319463,0.4211146575,0.2417675615,0.1660509916,0.5026186445,0.2119259388,0.6522773582,0.4347634633,0.309381387,0.3465258167,0.2876562372,0.6765509552,0.7797449781
57.5,1,1,1,1,1,0.4845779803,0.611235276,0.6516634956,0.3883901109,0.502910777,0.4211423457,0.2417037835,0.1659525458,0.5028930476,0.2117787494,0.6527629412,0.434743632,0.3095851129,0.3466187454,0.2874809428,0.6765387612,0.780178989
58,1,1,1,1,1,0.4846836826,0.6112706454,0.6516728043,0.38835397,0.5028532119,0.4213016399,0.2415784992,0.16598531,0.5032656839,0.2118025628,0.6531834136,0.4348616115,0.3094239755,0.3464939949,0.2874609849,0.6766965034,0.7806561425
58.5,1,1,1,1,1,0.4847464426,0.6112055281,0.6517160561,0.3882677918,0.5026981,0.4212942657,0.2416116317,0.1658275214,0.5035935775,0.2117055001,0.6537205864,0.4349367034,0.3094237845,0.3463180165,0.2876167992,0.6765904145,0.7811629559
59,1,1,1,1,1,0.4846400438,0.6113162685,0.6518209472,0.3882917611,0.5026743664,0.4214868927,0.2416834183,0.1657973455,0.5038017529,0.2115044986,0.6541222877,0.434815557,0.3095658179,0.3461868391,0.2877900263,0.6765764844,0.7815772275
59.5,1,1,1,1,1,0.4846512336,0.6112941192,0.6519396338,0.388349422,0.502653916,0.4213786025,0.2417063211,0.1658396841,0.5040844066,0.2115070471,0.6545058748,0.434793085,0.3096915117,0.3462119404,0.287702312,0.6766920289,0.782008018
60,1,1,1,1,1,0.484720785,0.6113185836,0.6519076933,0.3882377412,0.5026783294,0.4213046894,0.241556989,0.1658807502,0.504233945,0.2116057575,0.6550292854,0.4345461388,0.3096385569,0.3461801034,0.2876023466,0.6768576476,0.7823027539
60.5,1,1,1,1,1,0.4847608238,0.6110932089,0.6519099075,0.3882525797,0.5029842163,0.4212978846,0.2415103197,0.1658094883,0.5042108972,0.2117388451,0.6554704953,0.4344353039,0.3094645716,0.3463410778,0.2877582089,0.6767715745,0.7826025593
61,1,1,1,1,1,0.4847461389,0.6111739739,0.6518167445,0.388415375,0.5028194455,0.4215303831,0.2415253151,0.1659252843,0.5042937463,0.2117378739,0.6560239685,0.4345082642,0.3096197542,0.3463258051,0.2876269509,0.6766512865,0.7828891136
61.5,1,1,1,1,1,0.4848219612,0.6110801404,0.6517573923,0.3883269826,0.5028956224,0.4215975591,0.2415108358,0.1659167333,0.5042862273,0.2118426931,0.6564765855,0.4344874398,0.3097121012,0.346466095,0.2876023466,0.6768507622,0.7832792683
62,1,1,1,1,1,0.4848453461,0.6110876766,0.6518845537,0.3884938757,0.5027868827,0.4218624602,0.2415752509,0.1659196514,0.5042351948,0.2118088934,0.6567980418,0.4346862724,0.3097058594,0.3463599046,0.2878403589,0.677290175,0.7835928912
62.5,1,1,1,1,1,0.4847709121,0.6111318527,0.6519503339,0.3886204491,0.5028506334,0.421530072,0.2417414435,0.1658248067,0.5042440078,0.2117866892,0.6570032856,0.4347535912,0.3097464944,0.3464095764,0.2879091438,0.677396009,0.7838913943
63,1,1,1,1,1,0.4847733166,0.6112467393,0.6517928387,0.3887987522,0.5028122591,0.4215735775,0.2418320296,0.1659177844,0.5044167447,0.2117860771,0.6574270461,0.4347516021,0.3095804904,0.346429676,0.2879930266,0.677443049,0.7841532769
63.5,1,1,1,1,1,0.4846185904,0.6112186734,0.6518728067,0.3887269053,0.5029407412,0.4213930517,0.2418591634,0.1658573677,0.5045008645,0.2118003347,0.657695396,0.4347561508,0.3096599868,0.3464633342,0.2880099429,0.6774076578,0.7844314452
64,1,1,1,1,1,0.4845234658,0.6111748295,0.6520312031,0.3888245014,0.5030885341,0.421339124,0.2420581427,0.1658373917,0.5044965356,0.2116432038,0.6579686597,0.4344680745,0.3096217493,0.3463115308,0.287905363,0.6772397316,0.7846461814
64.5,1,1,1,1,1,0.4846997327,0.61114964,0.6521250672,0.3886075015,0.5028397553,0.4212810405,0.2421807088,0.165923674,0.5046826345,0.2116417491,0.6585978994,0.4347481446,0.3097945143,0.3458908639,0.2877990288,0.6773123313,0.7849614692
65,1,1,1,1,1,0.4847058854,0.6110714445,0.6521591641,0.388601951,0.5029489725,0.4211862824,0.2420888653,0.1659153879,0.5048978839,0.2116656893,0.6589759506,0.4347914497,0.3097357126,0.3460803205,0.2877971471,0.6774175226,0.7853126112
65.5,1,1,1,1,1,0.4846430931,0.6110857892,0.6520872809,0.3887267259,0.5028960861,0.4211829284,0.2421712351,0.1659840933,0.504923897,0.211482869,0.6593639133,0.4347267712,0.3095426674,0.346095398,0.2876359876,0.6776026269,0.7855164914
66,1,1,1,1,1,0.4847110106,0.6109724789,0.6521378493,0.3886645205,0.5028793993,0.4211351707,0.2420688908,0.1659470097,0.5050901235,0.2115523349,0.6597642087,0.4345892163,0.3095316518,0.3462865935,0.2874681423,0.6776766531,0.7857367368
66.5,1,1,1,1,1,0.4847856086,0.6109676058,0.6520281234,0.3885338662,0.5029637661,0.4211438358,0.2419782768,0.1660159604,0.505234639,0.2116019094,0.6600086017,0.4345686408,0.3093199812,0.3462583247,0.2875261507,0.6776626186,0.7858214875
67,1,1,1,1,1,0.4846958381,0.6109498547,0.652088961,0.3884108926,0.502935173,0.4210056064,0.2418926051,0.1660068555,0.5053352866,0.2118383705,0.6604105937,0.4346549494,0.3091983451,0.3464196603,0.2875043109,0.6776024861,0.7860495344
67.5,1,1,1,1,1,0.484545507,0.6108165772,0.6519119076,0.3879940786,0.502831308,0.4210536096,0.2419781754,0.1659069368,0.5052892555,0.2118281893,0.660809854,0.434842646,0.3093095872,0.3464046336,0.2875721602,0.6776546124,0.7862989334
68,1,1,1,1,1,0.4845973613,0.6108681415,0.651998194,0.3881659733,0.5026822004,0.420985936,0.241818897,0.1659035944,0.5053867496,0.2118986934,0.6608863522,0.43474978,0.3093822822,0.346415983,0.2876423724,0.6775714657,0.7865863981
68.5,1,1,1,1,1,0.4847426307,0.611097289,0.6521157846,0.3881012687,0.5028551766,0.4211217874,0.2420577313,0.1659243102,0.5055151174,0.2118297484,0.6613244132,0.434548421,0.3094072636,0.3463532415,0.2877560115,0.6776964653,0.7868182506
69,1,1,1,1,1,0.4851186929,0.61118955,0.6518770548,0.3881333219,0.5029082883,0.4211144355,0.2420856718,0.1659851605,0.505644486,0.2118078745,0.6615654561,0.4345398355,0.3094475963,0.346462962,0.2877595108,0.6777192636,0.7867880728
69.5,1,1,1,1,1,0.4849169027,0.6111297021,0.6518349948,0.388208857,0.5028568518,0.4213425605,0.2418323705,0.1660822342,0.5057526083,0.2116833401,0.6616676884,0.434459616,0.3095989233,0.3464815115,0.2877381538,0.6778628494,0.7870301778
70,1,1,1,1,1,0.4847944484,0.6110645188,0.651811304,0.3881162593,0.502707166,0.4212381471,0.2417923535,0.166074693,0.5058575095,0.2115614195,0.6622097483,0.4343103543,0.309551479,0.346337651,0.2877924382,0.6779388713,0.7870734332
70.5,1,1,1,1,1,0.4848353991,0.6110266989,0.6516915339,0.3879818605,0.5026360308,0.421109679,0.2418370004,0.1660321827,0.5059634081,0.2118680338,0.6624991011,0.4341276762,0.3096235316,0.3462537892,0.2880138035,0.6779842149,0.7873941565
71,1,1,1,1,1,0.4847782096,0.6111981444,0.6518674377,0.3879098005,0.5028231592,0.4210493615,0.2417539979,0.1661125724,0.5058233408,0.2118176273,0.6627796252,0.4344122023,0.3095190326,0.3463040822,0.2877912561,0.6780714838,0.7876386324
71.5,1,1,1,1,1,0.4847464827,0.6111004332,0.6518247715,0.3881584667,0.5030226012,0.4211842046,0.2415655681,0.1660417656,0.5059322647,0.2117951196,0.6629882197,0.4344025601,0.3094928023,0.3464742861,0.2877334212,0.6780715968,0.7878233678
72,1,1,1,1,1,0.484983962,0.6112786224,0.6518183205,0.3881705883,0.5028839911,0.4211546401,0.2417663061,0.1659033133,0.506055814,0.2117451571,0.6631595798,0.4343124817,0.3093371553,0.3463065887,0.2875537842,0.6779310423,0.7880002571
72.5,1,1,1,1,1,0.4848201652,0.6111433912,0.6519287901,0.3881463456,0.5028703527,0.4211275232,0.241558828,0.1659658221,0.5060132426,0.2117679023,0.6634037456,0.4344491064,0.3092240774,0.3462089325,0.2875655743,0.6779457626,0.7881133859
73,1,1,1,1,1,0.4846539948,0.6112711705,0.652006542,0.3882013604,0.5030611361,0.4210485197,0.2418183801,0.1659918495,0.5061843936,0.2118151501,0.663637722,0.4343793364,0.3091338316,0.3461772152,0.2878489541,0.6779210923,0.7883349907
73.5,1,1,1,1,1,0.4846797448,0.6111845883,0.6519274826,0.3881749848,0.5029842665,0.4211327562,0.241822926,0.166039211,0.506170928,0.2118137161,0.6639729577,0.4345498529,0.3091147924,0.3460831031,0.287731715,0.6779231764,0.7884015599
74,1,1,1,1,1,0.4846349898,0.6112309405,0.652044964,0.3882914273,0.5030228412,0.4213933984,0.2417765931,0.1660740686,0.5061144052,0.2116712651,0.6641978179,0.4345064345,0.309085724,0.3462166435,0.2876912333,0.6781637565,0.7883123795
74.5,1,1,1,1,1,0.4845988454,0.6110243996,0.652150644,0.3883514736,0.5030059692,0.4213549145,0.2419161014,0.1660816515,0.5061603424,0.21177278,0.664435284,0.434532706,0.3092343785,0.3462437973,0.2877311487,0.6782008371,0.788536339
75,1,1,1,1,1,0.4847606683,0.6112201396,0.6522429837,0.3881599927,0.503092689,0.4213237364,0.2418327598,0.1661039585,0.5059792174,0.2117730545,0.6646930711,0.4346139811,0.309395829,0.3464310508,0.2877901998,0.6783056065,0.7886652018
75.5,1,1,1,1,1,0.4845997464,0.6112660128,0.6521636214,0.3881324897,0.5030290177,0.4214058771,0.2418853406,0.1661603888,0.5059298934,0.2118294585,0.6647920987,0.4345194422,0.3094985114,0.3461215592,0.28792138,0.6782521336,0.7887351051
76,1,1,1,1,1,0.4847928422,0.6111849682,0.6520171731,0.3881849854,0.5032217131,0.421338788,0.2420057962,0.1659438911,0.5059468313,0.2119288342,0.6651936908,0.4343868971,0.3093523799,0.3463406406,0.287946864,0.6782163286,0.7889966844
76.5,1,1,1,1,1,0.4847607629,0.6112293178,0.65182675,0.3882820652,0.5031555153,0.4212190261,0.2418154537,0.1659823014,0.505796397,0.2119936066,0.6654659784,0.4344763294,0.3092206712,0.3463745263,0.2878472149,0.6782520702,0.789210298
77,1,1,1,1,1,0.4847075731,0.6111217388,0.6519479976,0.3881840824,0.5031730205,0.4212368547,0.241827787,0.1659866705,0.5056926358,0.2118982429,0.6656977297,0.4343405132,0.3091538893,0.3463544019,0.2876882445,0.6783834683,0.7893046584
77.5,1,1,1,1,1,0.4848197278,0.6110057267,0.6520104666,0.3883785745,0.5031836294,0.4212729445,0.2418874015,0.1660034221,0.505557352,0.2117678427,0.6660195736,0.4344989972,0.3094859481,0.3461565418,0.2875385466,0.6784179138,0.7893056735
78,1,1,1,1,1,0.4848498723,0.6109516252,0.6519015437,0.3884405312,0.5031591108,0.4213030469,0.2419266194,0.1660583965,0.5055725082,0.2117618621,0.6661066166,0.434698006,0.3093343935,0.3462261617,0.2875299651,0.6784435642,0.7893786616
78.5,1,1,1,1,1,0.4847644021,0.611156534,0.6519229429,0.3885173866,0.5032191103,0.4211972105,0.2418310512,0.1660807812,0.5054720458,0.2117812422,0.6664415034,0.434921335,0.3092568438,0.3462230907,0.2874466416,0.6786898623,0.7894781105
79,1,1,1,1,1,0.4848071556,0.6111046131,0.6518523644,0.3885422384,0.5031180354,0.4214335552,0.2417470698,0.1661653006,0.5055583956,0.2119661972,0.666532978,0.4348594762,0.3093998353,0.3462328738,0.2876443709,0.6785764759,0.7896665685
79.5,1,1,1,1,1,0.4845809843,0.6112917087,0.6520023414,0.3887151312,0.5029893466,0.4212358746,0.2418928981,0.1662282323,0.5057532452,0.2119889747,0.6667786391,0.4347924292,0.309292615,0.3463616381,0.2874949398,0.6784921856,0.7898517219
80,1,1,1,1,1,0.4847602182,0.6113630696,0.6517303677,0.3884079438,0.503146824,0.4212315313,0.2417853939,0.1660820387,0.5056612798,0.2118563704,0.6670773465,0.4345992255,0.3094563075,0.3464283574,0.2876473378,0.6783231318,0.7898772364
80.5,1,1,1,1,1,0.4847829967,0.611150645,0.6519199847,0.3884202912,0.5032289957,0.4213297631,0.2418006173,0.1659303009,0.5056966261,0.2118980536,0.6673192354,0.4345248055,0.3093329233,0.3464930564,0.2876890741,0.6784366429,0.7900627472
81,1,1,1,1,1,0.4847240048,0.6111930876,0.6518627442,0.3884660724,0.5032312625,0.4213161646,0.2417270419,0.1657694721,0.5055375884,0.2118450588,0.6674174981,0.4347276667,0.309349855,0.346557497,0.287637944,0.678327021,0.7901846622
81.5,1,1,1,1,1,0.4849129464,0.6112706694,0.6519101487,0.3883490853,0.5029899141,0.4214062501,0.2415884563,0.1659093688,0.5055056368,0.2117049965,0.6675352702,0.4346493856,0.3094838764,0.3465098998,0.2874991762,0.6782225507,0.7904210808
82,1,1,1,1,1,0.4850351541,0.611307946,0.651859115,0.3884404704,0.5028757992,0.4212640206,0.2416183354,0.1659160882,0.5054827031,0.2117370704,0.6675613303,0.4345743784,0.3094944965,0.3465062769,0.287540322,0.6780707272,0.7904263801
82.5,1,1,1,1,1,0.4848305598,0.6112505349,0.651769806,0.3884759241,0.5030668331,0.4212199979,0.2416846347,0.1658276894,0.5052874049,0.2117223199,0.6675578752,0.4346094685,0.3092911205,0.3463207798,0.2875075154,0.6781988917,0.7902334021
83,1,1,1,1,1,0.4849571758,0.6111069011,0.6518742357,0.3883978385,0.503042745,0.4211880106,0.2417297222,0.1657908312,0.5053217973,0.2116944117,0.6675206717,0.4345023848,0.3093645388,0.3464545209,0.2877656369,0.6779188756,0.7903797084
83.5,1,1,1,1,1,0.4848814325,0.6108793374,0.6516691391,0.3885869567,0.5030473115,0.4213266621,0.2416426867,0.1658055991,0.5054809585,0.2116383121,0.6673846204,0.4347136078,0.3093269415,0.3463692207,0.2878337891,0.6777652421,0.7904732485
84,1,1,1,1,1,0.4848597812,0.6109746976,0.6516917108,0.3885393204,0.5031546279,0.4213364612,0.2416591732,0.1659065272,0.5054930302,0.2116962346,0.6675207334,0.4347489651,0.3093496101,0.3464254525,0.2877871756,0.6778261349,0.7906655292
84.5,1,1,1,1,1,0.4850869067,0.6110083068,0.6518717652,0.3886317745,0.5029874111,0.421332471,0.2418653538,0.1659352373,0.5055961888,0.2115742961,0.6676868174,0.4347286245,0.3094326888,0.346482955,0.287879296,0.677682236,0.7907182361
85,1,1,1,1,1,0.4850824889,0.611128616,0.6519227492,0.388694847,0.5029659758,0.4213547933,0.241873175,0.1661093001,0.5057373161,0.2114555505,0.6678160281,0.4346450466,0.3095513679,0.3462382617,0.2877800366,0.6778185998,0.7907645398
85.5,1,1,1,1,1,0.484992618,0.6108528208,0.6518688695,0.3886856693,0.5029942476,0.4215725818,0.2418799408,0.1662305156,0.5058057784,0.2115875278,0.6678491832,0.434713416,0.3096093225,0.3462594489,0.2877529324,0.6778668961,0.7909233926
86,1,1,1,1,1,0.4848262977,0.6109110439,0.6519411387,0.3885627096,0.5029198389,0.4216143289,0.2418402583,0.1661716544,0.5057319855,0.2117231559,0.6677324767,0.4346615914,0.3095001329,0.3460464941,0.2878294909,0.6777231454,0.7911480676
86.5,1,1,1,1,1,0.4848852062,0.6110982783,0.6518740176,0.3884360039,0.5029735184,0.4217201854,0.2417597313,0.1661239806,0.5058042675,0.2117061226,0.6679392743,0.4349519289,0.3096111553,0.3462109357,0.2876493975,0.6777013298,0.7912661471
87,1,1,1,1,1,0.4849008367,0.6113163045,0.6517435726,0.3885008716,0.5028967532,0.4213800127,0.2418404019,0.1660944018,0.5059033253,0.2117655095,0.6680349476,0.4349827521,0.3096080155,0.3462360332,0.2877330931,0.6777537902,0.791417769
87.5,1,1,1,1,1,0.485020107,0.6112831499,0.6517927791,0.388467128,0.5029135765,0.4213670138,0.2419332069,0.1659368682,0.5058707063,0.2116964464,0.6680381132,0.4346228208,0.3097115749,0.3462340046,0.2876492749,0.6777055943,0.7915665791
88,1,1,1,1,1,0.4849322868,0.6112746218,0.6516850761,0.3885346978,0.5026579001,0.4216627903,0.2419010369,0.1660151084,0.5059658389,0.2116563412,0.6682893949,0.434773644,0.3095348015,0.3460953082,0.2877263937,0.6776705063,0.791728739
88.5,1,1,1,1,1,0.484887994,0.6111481537,0.6518259007,0.3884547562,0.5027612627,0.4215460078,0.2418631511,0.1659980561,0.5059124236,0.2116219184,0.6682539214,0.434746429,0.3096419316,0.3457799649,0.2877036687,0.6776839963,0.7916999866
89,1,1,1,1,1,0.4847385805,0.6112011609,0.6519603566,0.388542646,0.5028476738,0.4215110665,0.2418630545,0.1660484486,0.5060791,0.2118596801,0.6683134769,0.4346994266,0.3094667949,0.3459412634,0.2875480859,0.6778271057,0.7917325313
89.5,1,1,1,1,1,0.4846920389,0.6111703306,0.6521357311,0.3884860389,0.5029948891,0.4216952596,0.2416701075,0.1661115466,0.506028802,0.2119377046,0.6683871455,0.4347335829,0.309299341,0.3459519674,0.2875526627,0.6779201294,0.7918075124
90,1,1,1,1,1,0.4847048491,0.6112153832,0.6520252653,0.3883958861,0.5029980899,0.4215819751,0.2416878995,0.166017264,0.5060922111,0.2119791775,0.6687207034,0.4346182784,0.3093937413,0.3459732628,0.2876118046,0.6780925228,0.7918264893
90.5,1,1,1,1,1,0.4847099635,0.6111023572,0.6518995331,0.3885844303,0.5027576953,0.4213592842,0.2417156363,0.1659195087,0.5061521297,0.2118344989,0.6687706197,0.4347544783,0.3094299991,0.3457864224,0.2876807503,0.677970139,0.7917784267
91,1,1,1,1,1,0.4847956403,0.6113222498,0.6519937358,0.3886221425,0.5030135343,0.4213168584,0.2416836701,0.1660099668,0.5059890695,0.2118563374,0.6689330294,0.4346533146,0.309341544,0.345976713,0.2878219877,0.6779284197,0.7918904999
91.5,1,1,1,1,1,0.4849248577,0.6111060562,0.6520218737,0.3883663528,0.5030298998,0.4214976985,0.241856462,0.1659195477,0.5061153588,0.2117636136,0.6690721283,0.4347763741,0.3095896663,0.3459207913,0.287702606,0.6778932643,0.7921608171
92,1,1,1,1,1,0.4850063462,0.61114039,0.6522955301,0.3883141332,0.5030758826,0.4214686302,0.2418058499,0.1657634477,0.5062280997,0.2117986408,0.6692238357,0.4350070653,0.3097745248,0.3460666967,0.2875217272,0.6778891559,0.792245027
92.5,1,1,1,1,1,0.4851763637,0.6109593101,0.652027211,0.3882382418,0.5029469747,0.421501155,0.241631565,0.1658229614,0.5062771318,0.2118631402,0.669375253,0.4349991295,0.3097283491,0.346181463,0.287586327,0.6778128804,0.7922491367
93,1,1,1,1,1,0.4851433325,0.6109395525,0.6520123974,0.388330756,0.5028703906,0.4214864502,0.241882779,0.1659944468,0.5065162866,0.2119985229,0.6694756066,0.4348515229,0.309641367,0.3462356084,0.2875320656,0.6777246281,0.7922365248
93.5,1,1,1,1,1,0.4850449209,0.6111974252,0.6520157742,0.3885565338,0.5027899747,0.421220724,0.2416282841,0.1658451381,0.5064657854,0.2119384407,0.6694312906,0.4347266374,0.3093629117,0.3463493705,0.2875036858,0.6776275846,0.7922367331
94,1,1,1,1,1,0.484968703,0.61103606,0.6518858197,0.3886713591,0.5026790883,0.4212718992,0.2417743271,0.1658856471,0.5066041076,0.2117641622,0.669478458,0.4347809327,0.3094909185,0.3463237233,0.2874752889,0.6778837523,0.7921366792
94.5,1,1,1,1,1,0.4849507478,0.6111399165,0.6518914884,0.3885569293,0.5026481094,0.4211691555,0.2417462608,0.1659045648,0.5066110596,0.2117720037,0.6695612043,0.4347547771,0.3092324703,0.3463621025,0.287607574,0.6779258417,0.792160754
95,1,1,1,1,1,0.4850378437,0.6111556904,0.6518463189,0.3885249881,0.5028487482,0.4211550568,0.2419705304,0.1658995449,0.5065169416,0.2118475963,0.6695482342,0.4347958695,0.3093807375,0.3462048989,0.2877131749,0.6776578985,0.7922178539
95.5,1,1,1,1,1,0.4850362681,0.6111518984,0.6517273719,0.3884957841,0.5027646739,0.4211401299,0.2419691978,0.1658905445,0.5065857535,0.2117972771,0.6694515283,0.4346490415,0.3091832984,0.3464276654,0.2878137657,0.6777448642,0.7922234638
96,1,1,1,1,1,0.4848312338,0.6112585955,0.6517246439,0.3883495037,0.5026646968,0.420991332,0.2419177412,0.1659097835,0.50657295,0.2116333396,0.6692902727,0.4343378782,0.3092847634,0.3465448469,0.2877549714,0.6775415777,0.7921384531
96.5,1,1,1,1,1,0.4847613004,0.6113508181,0.6518054435,0.3883379261,0.5028036266,0.4208280411,0.2418453157,0.1660772489,0.5065411507,0.2116959036,0.6693057812,0.434485205,0.3093785195,0.3464458857,0.2878148599,0.6774810507,0.7923109551
97,1,1,1,1,1,0.4849121853,0.6112605882,0.6518622627,0.3882208837,0.502834187,0.4209759221,0.241776119,0.1659485555,0.5066646043,0.2115238615,0.6693492992,0.4345916848,0.3092515519,0.3466559474,0.2878790776,0.6776961794,0.7923384133
97.5,1,1,1,1,1,0.4847577398,0.6113297218,0.6517519527,0.3880875423,0.5027194694,0.4211085289,0.2418279158,0.1659939775,0.506490195,0.2115709129,0.6693899254,0.4344887136,0.3092921183,0.3464922377,0.2877385642,0.6777305072,0.7923933043
98,1,1,1,1,1,0.4847766218,0.6113997294,0.6516715771,0.3881635148,0.5029093688,0.4211973229,0.2419298424,0.1659499121,0.5064633502,0.211694839,0.6695250429,0.4344152311,0.3092854645,0.3466025077,0.2877116198,0.6779426734,0.7925079221
98.5,1,1,1,1,1,0.4845715178,0.6114396671,0.6518079546,0.3881051612,0.5030533313,0.42126128,0.2419639573,0.1659251223,0.5063155465,0.2116056456,0.6697936263,0.4346482683,0.3093919889,0.3463928541,0.2875965928,0.6778690451,0.7927508051
99,1,1,1,1,1,0.4845448099,0.611250902,0.6518172527,0.3879942009,0.5030227642,0.4215502827,0.2419378854,0.1660532308,0.5064142544,0.2116925663,0.6699150852,0.4346958422,0.3095711029,0.3462726663,0.2874182566,0.678077719,0.7928590632
99.5,1,1,1,1,1,0.4846128021,0.6111520041,0.6517649311,0.3881611448,0.5030688684,0.421728552,0.2419350963,0.1659569907,0.5062925147,0.2118018119,0.6701561793,0.4346873506,0.309643374,0.3461886874,0.2875099515,0.6780200456,0.7929153024
100,1,1,1,1,1,0.4849745635,0.6112070988,0.6518687997,0.3882934583,0.5030410696,0.4216547601,0.2419999673,0.1658371634,0.5065648999,0.2118775426,0.670171735,0.4349417152,0.3094449083,0.3461054812,0.2875624933,0.6779725982,0.7929377452
100.5,1,1,1,1,1,0.4851244961,0.6110324378,0.6519191603,0.3882834829,0.5029971804,0.4217235609,0.241980089,0.1656697999,0.5065596462,0.2118161146,0.6702050264,0.4345157645,0.3095752617,0.3462714015,0.2876524943,0.6781572134,0.7930939022
101,1,1,1,1,1,0.4850538696,0.6113628539,0.6519345502,0.3883455864,0.5030441911,0.4215482137,0.2419697771,0.1656066235,0.5062473893,0.211658644,0.6704793491,0.4345392112,0.3096485922,0.3466005628,0.2876712579,0.6781492754,0.7930588338
101.5,1,1,1,1,1,0.4851901534,0.6112171939,0.6518427465,0.3883880953,0.5030770748,0.4216187177,0.2419957065,0.1657552852,0.5062750945,0.2116019727,0.6705717307,0.4346643429,0.3096975805,0.3464797417,0.2879401877,0.6781638205,0.7931202956
102,1,1,1,1,1,0.4851319587,0.6113824118,0.6518341339,0.3883063626,0.5031315947,0.4215555701,0.241947514,0.1658372834,0.5060036069,0.2115021168,0.6707188281,0.4345574278,0.3096903466,0.3464584415,0.2880743785,0.6782561424,0.7931013574
102.5,1,1,1,1,1,0.4848995186,0.6113171738,0.6519071602,0.3880871204,0.5033021391,0.4216483071,0.2420695319,0.1658132358,0.5060252418,0.2116204803,0.6708140969,0.434655766,0.3099209243,0.3464556806,0.2881463188,0.6784628843,0.7931096719
103,1,1,1,1,1,0.484893093,0.6113761578,0.6518983351,0.3879516247,0.5031955183,0.4213663182,0.2420402455,0.165873523,0.5061555425,0.2116370066,0.6707923588,0.4347241378,0.3097297718,0.3465665983,0.2881474601,0.6785429718,0.7932770408
103.5,1,1,1,1,1,0.4849809848,0.6111931511,0.651880235,0.3881248697,0.5032609608,0.4213539777,0.2419102731,0.1659290128,0.5059989535,0.2115778471,0.6708124391,0.4346033446,0.3096817129,0.3464080675,0.2882618999,0.6785975258,0.793306809
104,1,1,1,1,1,0.4849637344,0.6110135993,0.6519099141,0.3882471782,0.5033951215,0.4213502355,0.2418830166,0.1659199857,0.5060415812,0.211641942,0.6709772118,0.4344601998,0.3096993102,0.3463395945,0.2883834533,0.6785934533,0.7931807392
104.5,1,1,1,1,1,0.4849280909,0.6110346249,0.652046672,0.3882021359,0.5033285427,0.4216977997,0.2418129136,0.1658330732,0.5060457347,0.2115285166,0.6710288875,0.4345402187,0.3097051055,0.346363301,0.2883079775,0.6786236877,0.79307165
105,1,1,1,1,1,0.4848490653,0.6110730547,0.6518083637,0.3881193624,0.503181165,0.4217073789,0.2417725611,0.1659943415,0.5062266757,0.2115644075,0.6708758008,0.434642142,0.3097560518,0.3464715522,0.2881773854,0.6786634009,0.7931816759
105.5,1,1,1,1,1,0.4848638754,0.6112280567,0.6516931612,0.3882492247,0.5030882912,0.4216074356,0.2417542367,0.1657967811,0.5062705669,0.211549983,0.670939073,0.4346281205,0.309747465,0.3464718192,0.2880200631,0.6788148017,0.7931501208
106,1,1,1,1,1,0.4847417835,0.6113664396,0.6517411191,0.3883389728,0.5030665616,0.4215255477,0.2418446724,0.1658801852,0.5062575439,0.2114926672,0.6711928805,0.4346710419,0.3097066451,0.3464981679,0.2881366062,0.6789885851,0.7931962992
106.5,1,1,1,1,1,0.4847278097,0.6111983025,0.6516772919,0.388183943,0.5029130361,0.4213367753,0.2417588212,0.166034396,0.5062810508,0.2116279103,0.6711381197,0.4346660668,0.3096650881,0.3465500664,0.2878762501,0.6789152276,0.7931626666
107,1,1,1,1,1,0.4847316164,0.6112757676,0.6517824377,0.3884062894,0.5027653784,0.4213177514,0.2416332826,0.1661582461,0.5063271706,0.2116547768,0.6712518127,0.4347141006,0.3096172772,0.3465599794,0.2879688415,0.678858641,0.7933400854
107.5,1,1,1,1,1,0.4846104927,0.6113332291,0.6520240424,0.388359455,0.5027558946,0.4212453852,0.24171634,0.1660718354,0.5062867065,0.2117513263,0.6714068867,0.4344506423,0.3094779937,0.3465851604,0.287745389,0.6789030221,0.7933191378
108,1,1,1,1,1,0.4844627424,0.6113598372,0.6520282546,0.3884236142,0.5027465212,0.4213819961,0.2417824306,0.1661118678,0.5064091919,0.2116948229,0.6713659005,0.4344323978,0.3094954072,0.3464770125,0.2877185199,0.6790022849,0.7935350895
108.5,1,1,1,1,1,0.4844668951,0.6114121721,0.6520373693,0.388453211,0.5027174134,0.4213701775,0.241688823,0.1660441179,0.5063575656,0.2117056228,0.6717222312,0.4344481753,0.3093024863,0.346420042,0.2878245118,0.6789126965,0.7937870355
109,1,1,1,1,1,0.4846027969,0.6113210214,0.6519571825,0.3883309146,0.5029152968,0.4214817242,0.2416538527,0.1660156863,0.5063389543,0.2115515306,0.6717805809,0.4346740374,0.3095214737,0.3463145076,0.2878245627,0.6787710618,0.7936778521
109.5,1,1,1,1,1,0.4846902471,0.6110774543,0.6519880624,0.3885214304,0.5029299664,0.4214647409,0.2418117359,0.1660542632,0.5064194929,0.2116838522,0.6718495146,0.4348268795,0.3094242836,0.3463746961,0.2877650402,0.6788949729,0.7936490737
110,1,1,1,1,1,0.4847254492,0.6111069579,0.6520349181,0.3884331475,0.5030810483,0.4216704161,0.2417692988,0.1661431796,0.5064141727,0.2117142644,0.6719583206,0.4349157413,0.3094902391,0.3463866655,0.2876693428,0.678744485,0.7935593518
110.5,1,1,1,1,1,0.4846096655,0.6112240645,0.6522323154,0.388550777,0.5029907426,0.4217960643,0.2417485942,0.1660962113,0.5062815193,0.2116104781,0.6719373319,0.4349128596,0.309403272,0.346460158,0.2877171105,0.6788153862,0.7938430128
111,1,1,1,1,1,0.4848551406,0.6111836832,0.6519858131,0.3885933588,0.502861363,0.4213758239,0.2419735432,0.166239016,0.5061388874,0.2115512816,0.6720550101,0.434919548,0.3094491551,0.3462547063,0.2879277603,0.6789156584,0.7939515866
111.5,1,1,1,1,1,0.4849612904,0.6113136428,0.6519767789,0.388445884,0.5030866721,0.4214703534,0.2417974308,0.1662162832,0.5061204178,0.2116125254,0.6722908323,0.4346934318,0.309433171,0.3462058279,0.2877781807,0.6789291087,0.7940344234
112,1,1,1,1,1,0.4848090318,0.6109656174,0.6518696501,0.3884002217,0.5032086704,0.4214987594,0.241747119,0.1662057544,0.5061521587,0.2116987501,0.6722937066,0.4349153805,0.3094382855,0.3460969327,0.287638655,0.6788914151,0.7940469209
112.5,1,1,1,1,1,0.4846210195,0.6109803965,0.651925544,0.3884488974,0.5032470175,0.4214588415,0.2417670527,0.1662756934,0.5062020029,0.211733761,0.6725294278,0.4348564915,0.3092789472,0.346120342,0.2875743202,0.6788566098,0.7941818706
113,1,1,1,1,1,0.4845466993,0.610878512,0.6518615531,0.3885855997,0.5031760923,0.4214670937,0.2417684002,0.1661503947,0.5062905473,0.2117774044,0.6725241391,0.4350637915,0.3093965745,0.3461555367,0.2876450594,0.6785567195,0.7943502337
113.5,1,1,1,1,1,0.4846181829,0.6111701764,0.6517583924,0.388650139,0.5032585239,0.4215406646,0.2418273021,0.166139001,0.5063812094,0.2116997245,0.6726094796,0.4351265828,0.3094601585,0.3463637838,0.287631332,0.67859832,0.7943460511
114,1,1,1,1,1,0.4849296171,0.6113196664,0.651880986,0.3887110355,0.5033502639,0.4216242949,0.241897303,0.1659634794,0.506434799,0.2117480126,0.6725219838,0.4351050049,0.3096456175,0.3461886478,0.2874628543,0.6786706466,0.794124187
114.5,1,1,1,1,1,0.4848014636,0.6111972348,0.6518620033,0.3887980418,0.5031808616,0.4215753428,0.241974023,0.1659734924,0.5064432857,0.2117325274,0.6724099157,0.4351313451,0.3097622505,0.346126711,0.2874575353,0.6785603855,0.7940256118
115,1,1,1,1,1,0.4846315568,0.6113413772,0.6520475254,0.3890654482,0.5030819212,0.4214288571,0.2417403914,0.1660529095,0.5065935306,0.2117280473,0.6722070407,0.4352571138,0.309864585,0.3463371318,0.2878641972,0.678756083,0.7939686553
115.5,1,1,1,1,1,0.4847486091,0.6113759463,0.6520272995,0.3888208939,0.5030246122,0.4215801307,0.2417436642,0.1660160965,0.5066732345,0.2116732179,0.6720657495,0.4352574435,0.3098472619,0.346220437,0.2877564482,0.6787828614,0.7939995655
116,1,1,1,1,1,0.4846325714,0.6113773764,0.6519341109,0.3887603188,0.5032519031,0.42175101,0.2419197086,0.1660429543,0.5066539424,0.2117968324,0.6721002764,0.435325157,0.3098431229,0.3463087711,0.2878106045,0.6787069983,0.7941136805
116.5,1,1,1,1,1,0.4845934271,0.6115026981,0.6516818132,0.388815125,0.5033973359,0.4216352702,0.2419557737,0.1660369815,0.5066505045,0.2117340326,0.6722157387,0.4353440283,0.3100876612,0.346557356,0.287831942,0.6788893077,0.7940683438
117,1,1,1,1,1,0.4846948784,0.6112542581,0.6517416326,0.3890620936,0.5033861894,0.4216270759,0.2419493631,0.1661223187,0.506595308,0.2118698086,0.6721986813,0.4353288673,0.3101838563,0.3466920525,0.2876557008,0.6789059084,0.794013566
117.5,1,1,1,1,1,0.4848499991,0.611159083,0.6519523557,0.3890607453,0.5031865924,0.4216936737,0.2419370094,0.1660597513,0.5067649616,0.2119507785,0.6722769752,0.4351278599,0.3100465747,0.346351028,0.2879211922,0.6788041509,0.7940439688
118,1,1,1,1,1,0.4846686064,0.6111660089,0.6520031472,0.3889906354,0.503077148,0.4215655083,0.2418677766,0.1660972955,0.5069958762,0.2118338874,0.6724494594,0.4351369865,0.3100152646,0.3464098069,0.2879066073,0.678637198,0.794233442
118.5,1,1,1,1,1,0.4847179523,0.6112094417,0.6521319174,0.3888442655,0.50296134,0.4217004889,0.241892404,0.1660663763,0.5070366802,0.2117500773,0.6724841182,0.4348688783,0.3098848762,0.346391439,0.2878271828,0.6787134707,0.7943391324
119,1,1,1,1,1,0.4847882162,0.6112010366,0.6521322874,0.3885395678,0.5029204859,0.4216337702,0.2419154977,0.1660726642,0.5068207834,0.2118967942,0.6726499364,0.434778409,0.3097486095,0.3463626995,0.2879073621,0.6785738018,0.7943406302
119.5,1,1,1,1,1,0.4847215829,0.6111210835,0.6520418509,0.3882489308,0.5028453423,0.4215667743,0.2419306305,0.1661167431,0.5068745061,0.2118224149,0.6727976782,0.4347367812,0.3097651602,0.3463967964,0.2879059679,0.678496617,0.7944252121
120,1,1,1,1,1,0.4848816287,0.6111626667,0.6519665356,0.3884993141,0.5029238123,0.4214693776,0.2417590857,0.166085602,0.506701321,0.2118603059,0.6727385781,0.4348502145,0.3099163813,0.3464104884,0.2879453187,0.6785925291,0.794427839
120.5,1,1,1,1,1,0.484854081,0.6111257187,0.6520198553,0.3885674988,0.5029629003,0.4217019153,0.2416612252,0.1661295658,0.5067022314,0.2117937129,0.6727712401,0.4348493823,0.3098021223,0.3463560968,0.2879004015,0.6785734978,0.7946190508
121,1,1,1,1,1,0.4847073531,0.6112660705,0.6521402176,0.3884521042,0.5029207724,0.4215891788,0.2420316867,0.1661415184,0.5065626018,0.2118426314,0.6729351577,0.4347374941,0.3097648184,0.3462699641,0.287832863,0.678768496,0.7946266685
121.5,1,1,1,1,1,0.4844724941,0.6113827979,0.6520400176,0.3885945003,0.5028995262,0.4214365529,0.2419789958,0.166244765,0.5065651785,0.2118615592,0.6729467507,0.4346407981,0.309709529,0.3464005907,0.287918428,0.6788431358,0.7947392369
122,1,1,1,1,1,0.4846331958,0.611293579,0.6520030367,0.3885830026,0.5031043686,0.4210720402,0.2419445728,0.1662245146,0.5065618234,0.2118896856,0.6729941453,0.43462629,0.3096872707,0.3462589158,0.2878592654,0.678794404,0.7945622332
122.5,1,1,1,1,1,0.4845249622,0.6111008232,0.6518657421,0.3886948425,0.5030357357,0.4212952998,0.2418126107,0.1662057106,0.5065303793,0.2118499901,0.6729827735,0.4346987567,0.3095373368,0.3461973794,0.287701737,0.6790186673,0.7945794043
123,1,1,1,1,1,0.48457968,0.6111332292,0.6517076537,0.3885740599,0.5031051477,0.4212270002,0.2417854378,0.1660513978,0.5064810821,0.2117965069,0.6730284618,0.4344596732,0.3095691375,0.3461964672,0.2877175382,0.6791706119,0.7945257783
123.5,1,1,1,1,1,0.4847493681,0.6110073233,0.6517265088,0.3887267774,0.5029884371,0.4214181693,0.2417449661,0.1660922071,0.5065136743,0.2119191661,0.6730705018,0.4345801371,0.309510132,0.3463970475,0.2876749139,0.6792087694,0.7944830493
124,1,1,1,1,1,0.4847231326,0.6107818614,0.6517922181,0.3885394433,0.5029489192,0.4212967116,0.2418836932,0.165852538,0.5063679382,0.2117379757,0.673159534,0.4346624339,0.3094144311,0.3464552322,0.2877194139,0.6792600752,0.7945880536
124.5,1,1,1,1,1,0.4848607826,0.6109318128,0.6519031508,0.3885130698,0.5032300597,0.4211741158,0.2418089828,0.1657558473,0.5063028817,0.211538135,0.6732409431,0.434628065,0.3094689329,0.3464077208,0.2878853535,0.6792531559,0.7945055272
125,1,1,1,1,1,0.4847887054,0.6110759821,0.6519292022,0.3884780182,0.5032628841,0.4212396358,0.2419620596,0.1657164031,0.5062139144,0.2116171484,0.6731685024,0.4345363221,0.3095648022,0.3464511183,0.2878173671,0.6792510595,0.7944977795
125.5,1,1,1,1,1,0.4849358071,0.6111849731,0.6518503279,0.3884167068,0.5031888787,0.421446111,0.2421015617,0.165800179,0.506218329,0.2115390827,0.6732508445,0.4346196629,0.3093198222,0.3464396781,0.2877596529,0.6793192145,0.7945987806
126,1,1,1,1,1,0.4849960689,0.6111414436,0.6519202301,0.3885857882,0.5032128588,0.4215381496,0.2419520666,0.1658782212,0.5063663422,0.2115740219,0.6731171301,0.4345605935,0.3092170986,0.3465182507,0.2877448991,0.6791946473,0.7946366096
126.5,1,1,1,1,1,0.4849870507,0.6109314841,0.6518886958,0.3885161124,0.503185195,0.421491169,0.2418026336,0.1659851959,0.5064962305,0.211595143,0.6730661033,0.4348337559,0.3092667903,0.3464924615,0.2877323307,0.6791759137,0.7946995361
127,1,1,1,1,1,0.4848341739,0.6109269827,0.6518183766,0.3884476086,0.5029504115,0.4214504187,0.2419388121,0.1658950296,0.5062533071,0.2114915342,0.6731718113,0.4347784087,0.3092722985,0.3465039942,0.2879542874,0.6791465737,0.7946752026
127.5,1,1,1,1,1,0.4846691432,0.6110830157,0.6519950758,0.3883807516,0.5029722275,0.4215512528,0.2418964177,0.1660157065,0.5063940465,0.211663023,0.6731744725,0.4349852815,0.3092114275,0.3464526704,0.2876449538,0.6791297275,0.7945985623
128,1,1,1,1,1,0.4847453276,0.6112382746,0.651930815,0.3884090195,0.5029476353,0.4214906564,0.2416888839,0.1659695478,0.5065276793,0.2117119516,0.6731521053,0.4349735234,0.3092302259,0.3463884046,0.2877327833,0.6789725735,0.7945527321
128.5,1,1,1,1,1,0.4846776245,0.6111124375,0.6518457659,0.3885629301,0.5028395909,0.4213889884,0.2417677775,0.1660573201,0.5064169047,0.2118352276,0.6732300275,0.4348185803,0.3090822206,0.3464081962,0.2877289891,0.6788971092,0.7945808101
129,1,1,1,1,1,0.4847842766,0.610854723,0.6518024817,0.3884549277,0.5028014441,0.4214056324,0.24178118,0.1658917312,0.5062154371,0.2118035046,0.6733863842,0.4349503404,0.3090147226,0.3466402442,0.2877664828,0.6789748318,0.7945343655
129.5,1,1,1,1,1,0.4845815796,0.6110962011,0.6517428689,0.388721735,0.5028665101,0.4216929719,0.2419635853,0.1658743467,0.5062383363,0.2116378862,0.6733335739,0.4348583143,0.309045851,0.34650777,0.287750234,0.6788841866,0.7945868409
130,1,1,1,1,1,0.4845654237,0.6111174055,0.6516688078,0.3885906018,0.5028221126,0.4217004872,0.2418424773,0.1659226698,0.5064379602,0.2118146694,0.6734956105,0.43476494,0.3090931244,0.3465665725,0.2877432096,0.6789180257,0.7947478979
130.5,1,1,1,1,1,0.484587638,0.6111976578,0.6517696784,0.3883335819,0.5028731453,0.4217368165,0.2418452828,0.1658338419,0.5062656913,0.2117013729,0.6734559653,0.4346773051,0.3091755186,0.3463922171,0.2878470624,0.6788938077,0.7947030597
131,1,1,1,1,1,0.4847303363,0.6111010742,0.6517458219,0.388467242,0.502955675,0.4214346024,0.241743768,0.1659588418,0.5062416813,0.2116898879,0.673347301,0.4348034248,0.3092373107,0.3463329368,0.2878832539,0.6787606387,0.794741933
131.5,1,1,1,1,1,0.4846146498,0.6110666595,0.6519640926,0.3885238039,0.5033280197,0.4214890329,0.2417910273,0.1659815412,0.5061620211,0.2116362924,0.6735351632,0.4347542678,0.3092169924,0.3464571451,0.2877866233,0.678761421,0.7947364514
132,1,1,1,1,1,0.4847988723,0.6110460136,0.6518768918,0.388593378,0.5034617402,0.4215375558,0.2417869011,0.1660588677,0.5062246451,0.2117108358,0.673689491,0.4347385526,0.3093534548,0.3464428366,0.2877784989,0.6789240136,0.794674178
132.5,1,1,1,1,1,0.4848923657,0.611017867,0.6519422405,0.3885982596,0.5032394482,0.4215872492,0.2418189105,0.1661735529,0.5064312079,0.2117952055,0.6737754182,0.4348522214,0.3095479264,0.3467166001,0.2877706123,0.6790081825,0.7947357855
133,1,1,1,1,1,0.484803425,0.6110923466,0.6517944148,0.3884546393,0.5030366365,0.4215979215,0.2419173243,0.1661596274,0.5064299516,0.2116529273,0.6736344497,0.4349741255,0.3093344007,0.3466251723,0.2878961811,0.6790336016,0.7946348526
133.5,1,1,1,1,1,0.4846441085,0.6112437341,0.6517224585,0.3883463141,0.5028990604,0.421376346,0.2418864146,0.1660452571,0.5064409902,0.2115783043,0.6735488161,0.4352766416,0.3095505427,0.3465810992,0.2878112081,0.678939019,0.794638827
134,1,1,1,1,1,0.4847690628,0.6114442067,0.6515383529,0.3884075518,0.5029266882,0.4213400661,0.2418078165,0.166058689,0.5063722911,0.2115918487,0.6734926539,0.4351600596,0.3094928177,0.3466534129,0.2877955171,0.6789599904,0.7946235376
134.5,1,1,1,1,1,0.4847562942,0.6114394931,0.6517526122,0.3883164078,0.5030818865,0.4215906644,0.2418399763,0.1660530191,0.5065097755,0.2117444435,0.6734738082,0.435021859,0.3095873323,0.3467370514,0.2878220498,0.6788861337,0.7945704858
135,1,1,1,1,1,0.484808428,0.6111776353,0.652042004,0.3883494595,0.5032278208,0.4214213872,0.2419668729,0.1660684604,0.5064598527,0.2116998795,0.6734767981,0.4349336681,0.3096431631,0.3467621511,0.287663063,0.6788611959,0.7946179446
135.5,1,1,1,1,1,0.484697723,0.6112841187,0.6518712353,0.3884627832,0.5033177124,0.4214549326,0.2418045175,0.1661038756,0.5063454361,0.2116824969,0.67338843,0.4349789414,0.3096675334,0.3466407249,0.2876750434,0.6789386759,0.7945544857
136,1,1,1,1,1,0.4846323699,0.61119088,0.6520613007,0.388538502,0.5033163559,0.4214989723,0.2417795437,0.165947293,0.5061028684,0.2117835991,0.6733532509,0.4347911999,0.3097550126,0.3467689582,0.2877773907,0.6789570424,0.7945643455
136.5,1,1,1,1,1,0.4846665404,0.6111735416,0.6520604652,0.3885259799,0.5033546883,0.4215694696,0.2419311166,0.165963775,0.5061520007,0.2117444728,0.6733864889,0.4348760958,0.3096233346,0.3466670078,0.2877571505,0.6790218259,0.7945755679
137,1,1,1,1,1,0.4846893418,0.6111536443,0.6520302351,0.3885358249,0.5032509378,0.4215402638,0.241761409,0.1659970389,0.5061074568,0.2118036665,0.6735372402,0.4347349667,0.3095808085,0.3466296479,0.2875597793,0.6790242977,0.7945489575
137.5,1,1,1,1,1,0.4848329622,0.6113831238,0.6519550352,0.3886371213,0.5030592069,0.4215755316,0.2416945348,0.165992354,0.5060046686,0.2118004554,0.6736877502,0.4347312406,0.309593876,0.3468101982,0.2876872847,0.6791862243,0.7945370217
138,1,1,1,1,1,0.484663065,0.6112965054,0.6517251757,0.3885020086,0.5028499482,0.4215454554,0.2417356174,0.1660313138,0.5059009244,0.2119019457,0.6736841847,0.4347260173,0.3096448015,0.3467618571,0.2877435378,0.6789224099,0.7944746779
138.5,1,1,1,1,1,0.4846063573,0.6113123051,0.6517736181,0.3886395505,0.5028966808,0.4215389353,0.2420625291,0.1662001717,0.5059313037,0.2119592619,0.6735303152,0.4348434324,0.3096802496,0.3466673383,0.2877425291,0.6788291329,0.7945162815
139,1,1,1,1,1,0.4847741968,0.6112563736,0.6519708126,0.3889055922,0.5028442652,0.4216035299,0.2420135378,0.1660392388,0.5059392892,0.2117809418,0.6736437602,0.43484741,0.3097233376,0.3467265396,0.2879193036,0.678848536,0.7946269236
139.5,1,1,1,1,1,0.4847901356,0.611344812,0.6521548995,0.3887466313,0.5026053421,0.4215634099,0.2416825981,0.1661472819,0.5058111906,0.2119476272,0.6735969271,0.4348137871,0.3095902952,0.3466431935,0.2878534492,0.6791145056,0.794558901
140,1,1,1,1,1,0.484814138,0.6115034991,0.6520703968,0.3886853573,0.5026917139,0.4213330473,0.2416344662,0.1661087731,0.5058432115,0.2118471359,0.6736083782,0.4348572502,0.3094043733,0.346664518,0.2878758719,0.6792937538,0.7946856238
140.5,1,1,1,1,1,0.4846841621,0.6114294396,0.6518972886,0.3885699398,0.5029907359,0.4213110232,0.2416516276,0.166039595,0.5059507623,0.2118531703,0.6735982309,0.4347625325,0.3094231801,0.346626131,0.2877608706,0.6795636951,0.794764929
141,1,1,1,1,1,0.4848067495,0.6113130529,0.6516251818,0.3884168358,0.5031651937,0.4212769522,0.2417336108,0.1660675094,0.5058288615,0.2118075805,0.6735757804,0.4345719448,0.3093545164,0.3467768389,0.2878171827,0.6797033159,0.7948028491
141.5,1,1,1,1,1,0.4848697062,0.6112628173,0.6517759438,0.3883763691,0.5031338985,0.4212969657,0.2418973432,0.1660797084,0.5057086969,0.2116565005,0.6737497212,0.4347104256,0.3092540554,0.3466500025,0.287827928,0.6798515068,0.794882978
142,1,1,1,1,1,0.4849299289,0.6112568461,0.6517539539,0.3884127625,0.5031013267,0.4212174949,0.2418484764,0.1659929383,0.5057396646,0.2119857686,0.6736844113,0.4345392178,0.3094932947,0.3467577162,0.2877036737,0.6798162641,0.7949598947
142.5,1,1,1,1,1,0.4848314389,0.6111564306,0.651754104,0.3883962137,0.5031869782,0.4213764461,0.2419102914,0.1661162522,0.5059697779,0.2119858409,0.67361349,0.4345269899,0.3094811082,0.3466066929,0.287852885,0.6796689026,0.7947943632
143,1,1,1,1,1,0.4850206107,0.611287216,0.6518997029,0.3881064322,0.5032115036,0.4211913301,0.2418786221,0.1661806583,0.5058342178,0.2120007354,0.6739291567,0.4348338543,0.309360496,0.3465314598,0.2878998577,0.6797139737,0.7948500205
143.5,1,1,1,1,1,0.4848499319,0.6113414647,0.6518431319,0.3880846441,0.5033472437,0.421209526,0.2418050174,0.1661294594,0.5060681204,0.2120299841,0.6740379645,0.4346259303,0.3092491019,0.3466662915,0.2880557418,0.679696652,0.7948445518
144,1,1,1,1,1,0.4850167313,0.6110256675,0.6520286636,0.3882182967,0.5034400586,0.4212086975,0.2418060553,0.1660575895,0.5059103569,0.2119079256,0.6740514139,0.4347368632,0.3094909463,0.3466038118,0.2879236586,0.67949965,0.7947567106
144.5,1,1,1,1,1,0.4849792361,0.6110200081,0.6519566992,0.388524873,0.5032661463,0.4211599504,0.2418684661,0.1658689033,0.5058171063,0.2119231257,0.6737674668,0.4346703393,0.3094874619,0.3467971117,0.2878490571,0.6792998513,0.7947807068
145,1,1,1,1,1,0.4849255689,0.6111203833,0.6518562881,0.3884220921,0.5032186384,0.4213397275,0.2418772982,0.1658848283,0.5057913824,0.2118856896,0.6736426031,0.4345144848,0.309450654,0.3465623546,0.2878300041,0.6793243501,0.7945133741
145.5,1,1,1,1,1,0.4850451348,0.6109098055,0.6517740954,0.3883752557,0.5031593913,0.4214570779,0.2419502733,0.1660183254,0.5057627543,0.2118546925,0.6736966584,0.4346890301,0.3095711959,0.3463664245,0.2878615384,0.6793312058,0.7943906353
146,1,1,1,1,1,0.4851837678,0.6108831629,0.651941431,0.3883662627,0.5030925532,0.421375209,0.2419861046,0.1660242688,0.5058438934,0.2120387737,0.6737667261,0.4347724125,0.3094119583,0.3464723608,0.2877312265,0.6793198992,0.7944191573
146.5,1,1,1,1,1,0.4850526782,0.6109242517,0.6518827625,0.3885065951,0.503162049,0.4211828826,0.2418147189,0.1660903275,0.506139253,0.2120561749,0.6737713464,0.434929217,0.3094966175,0.3465791803,0.2877336502,0.67901391,0.794519262
147,1,1,1,1,1,0.4848630148,0.6110336221,0.6518757248,0.3885825479,0.5031498988,0.4212385425,0.2418895367,0.1660567097,0.5062886829,0.211899142,0.6737441194,0.4350644956,0.3094162812,0.3464292933,0.287872002,0.6791890972,0.7946897975
147.5,1,1,1,1,1,0.4848322273,0.6112400187,0.6517970226,0.388570779,0.5029914328,0.4212795317,0.2419475621,0.1661111602,0.506271913,0.2118800434,0.6738775007,0.4350430268,0.3094081388,0.3464460939,0.2880051156,0.6791931801,0.7946987833
148,1,1,1,1,1,0.4847222373,0.6111952413,0.6518240708,0.3884467819,0.5028572686,0.4213642336,0.2422564955,0.1661019123,0.5063531629,0.2119299744,0.6740226503,0.4351407798,0.3094811718,0.3465863015,0.2880606837,0.6789544121,0.7946897321
148.5,1,1,1,1,1,0.4847925517,0.611248502,0.6518590162,0.3882079064,0.5031717993,0.4214222151,0.2422057746,0.1662254902,0.5066123076,0.2118782484,0.67414043,0.4351129929,0.309622496,0.3465122147,0.2877737202,0.6787589323,0.7947798652
149,1,1,1,1,1,0.4845727984,0.6112767402,0.6517100344,0.3884455192,0.5030590893,0.4215295009,0.2422480919,0.1661695302,0.5067302528,0.2118873634,0.6739707628,0.434887028,0.3096149954,0.3466429773,0.2877750915,0.6785428669,0.7947925159
149.5,1,1,1,1,1,0.4846621983,0.6112218436,0.651881664,0.3886357493,0.5030435903,0.4214194983,0.2422595859,0.1661250715,0.5066460985,0.2120033703,0.6741128334,0.4348284861,0.3096195329,0.3465938352,0.287889833,0.6788033939,0.7947619952
150,1,1,1,1,1,0.4847145575,0.61103366,0.6517492345,0.3887532535,0.5028625725,0.4211786965,0.2422947758,0.1661262024,0.5066022538,0.2120843877,0.6741085496,0.4347501816,0.3095490688,0.3463883057,0.2879393231,0.6788820135,0.7948411878
150.5,1,1,1,1,1,0.4846123216,0.6111088628,0.6517832963,0.3886538398,0.5028493982,0.4213672971,0.242219431,0.1659900606,0.5065623174,0.2120832717,0.6741379027,0.4350178327,0.3095321772,0.3464607427,0.2877354776,0.6787260793,0.7948689523
151,1,1,1,1,1,0.4848153922,0.6111070146,0.6517805602,0.3885101559,0.5029000718,0.4212312572,0.2420602563,0.166079101,0.506379817,0.212018986,0.6740974917,0.4349267405,0.3096222383,0.3463214795,0.287836118,0.6787583967,0.794952352
151.5,1,1,1,1,1,0.4848546953,0.61103099,0.6518730849,0.3885722477,0.5026823005,0.4210725597,0.2420861345,0.1661465863,0.5063811298,0.2119152024,0.6740347206,0.434721741,0.3098729723,0.3464456762,0.287873054,0.678611309,0.7951448018
152,1,1,1,1,1,0.4847327266,0.6109779534,0.6517701114,0.388570775,0.5026850521,0.4210892909,0.2420353351,0.1659694787,0.5063229857,0.2119761316,0.6740055171,0.4347270478,0.3096976324,0.3464920733,0.2877329083,0.6785270082,0.795205425
152.5,1,1,1,1,1,0.4845966468,0.6108656066,0.6519463284,0.3886179475,0.5028442318,0.4208097781,0.2418872196,0.1660358169,0.5062752457,0.2120871043,0.6739360687,0.434918456,0.3097390567,0.346487399,0.2876920125,0.6783587094,0.7952194776
153,1,1,1,1,1,0.4845335305,0.6111851409,0.6519771942,0.3885336049,0.5024194291,0.4208557307,0.2418780446,0.166014319,0.5060288398,0.2121743482,0.6739830081,0.4348821112,0.3098238382,0.346459935,0.2876671588,0.6783448831,0.7951691351
153.5,1,1,1,1,1,0.4845818834,0.6113494398,0.6517535244,0.3886089005,0.502403274,0.420993668,0.2416675859,0.1661828804,0.5061941657,0.2122571886,0.6740378967,0.4346519126,0.3096412571,0.3465543749,0.2875721459,0.6781758021,0.7952699029
154,1,1,1,1,1,0.4846905199,0.6112421386,0.6518660324,0.3886647122,0.5025412959,0.4212559686,0.2416133875,0.1661751999,0.50630573,0.2123769642,0.6739161061,0.4347020377,0.309728744,0.3465229438,0.2876202469,0.6782631315,0.7950976575
154.5,1,1,1,1,1,0.4846805396,0.61129615,0.6520164067,0.3886197586,0.5026161087,0.421261518,0.241722474,0.166061946,0.5064039641,0.2122453783,0.6740821437,0.4348000955,0.3097562122,0.3466242147,0.2877077505,0.6784693184,0.7950294521
155,1,1,1,1,1,0.4845350632,0.6111520321,0.6520070391,0.3886042776,0.5027689708,0.4214112616,0.2417693069,0.1660247809,0.5064653257,0.2122531081,0.6742764602,0.4346960245,0.3096033942,0.3464504682,0.2879214866,0.6784674722,0.7950116299
155.5,1,1,1,1,1,0.4844803169,0.6111924219,0.6518935074,0.3884326571,0.5027506888,0.4214892307,0.2417907629,0.1660518103,0.5064975696,0.2121377441,0.6743916488,0.4348006447,0.3095500875,0.3464652101,0.2879445732,0.6787119097,0.7950369476
156,1,1,1,1,1,0.4844648164,0.6112608383,0.6518626191,0.3887306222,0.5028869265,0.4213718842,0.2417760673,0.1660978344,0.5064159278,0.2121644424,0.6743235412,0.4350038992,0.3096317269,0.3462734436,0.2878120359,0.6787917409,0.7950917712
156.5,1,1,1,1,1,0.4845880013,0.6112408143,0.6521971314,0.3887120779,0.5027766144,0.4213485728,0.2417464296,0.1659847682,0.506280952,0.2120111862,0.6743071402,0.434914301,0.3094496054,0.3463313021,0.2877584322,0.6786230912,0.7951744247
157,1,1,1,1,1,0.4844164,0.6112223091,0.652090315,0.3885887006,0.5028151139,0.4214075297,0.2415672083,0.1660295155,0.506271412,0.2119023938,0.6742919404,0.4347143733,0.3096442549,0.3462805641,0.2875874951,0.6786905538,0.7954308052
157.5,1,1,1,1,1,0.484486884,0.6110878509,0.6521138349,0.3885085489,0.5026767395,0.4214961678,0.2416411264,0.1660465278,0.5063781402,0.2118814513,0.6742648976,0.4346661537,0.3096408075,0.3461704723,0.2876037666,0.6786472501,0.7956020426
158,1,1,1,1,1,0.4845991589,0.6110535518,0.6520160887,0.3887834483,0.5027013069,0.421490371,0.2418379052,0.1660798386,0.5064550794,0.2118172486,0.6743223086,0.434668526,0.3096213185,0.3461051727,0.2876710881,0.678534342,0.7956607348
158.5,1,1,1,1,1,0.4846823325,0.6110250477,0.6520803883,0.3887540754,0.5029317553,0.4210103957,0.2418017333,0.1660967688,0.5063304366,0.211881728,0.674185839,0.4346293877,0.3094622123,0.3461461363,0.2878407581,0.6786193779,0.7956551944
159,1,1,1,1,1,0.4848381534,0.6109970553,0.6518019777,0.3885928384,0.5028834945,0.4208939131,0.2417564277,0.1661234528,0.5063271967,0.2119948777,0.6741206652,0.4346296797,0.30949852,0.3462087694,0.2878473098,0.6785948846,0.7955122997
159.5,1,1,1,1,1,0.484699289,0.6110934899,0.6518615665,0.3885398726,0.502901026,0.4208257386,0.2418012518,0.1662174103,0.506531663,0.2118590991,0.6741615044,0.4345802177,0.309413557,0.3463654294,0.2876598214,0.6785906156,0.7954545268
160,1,1,1,1,1,0.4846225311,0.6111621828,0.6518820915,0.3885009417,0.5028371417,0.4211016662,0.2417526012,0.166149506,0.5063718658,0.2121384302,0.6741775711,0.4344261717,0.3094567175,0.3460556715,0.2877860398,0.6786374704,0.7955229623
160.5,1,1,1,1,1,0.4846516059,0.6112789298,0.6518244886,0.3885327298,0.5030615805,0.4211939594,0.2418392982,0.1662201531,0.5063245256,0.2119502492,0.6743013344,0.4345927123,0.3094208009,0.346172245,0.2876555064,0.6786107199,0.795367314
161,1,1,1,1,1,0.484720242,0.6112956636,0.6518651814,0.3885141348,0.5032419093,0.4215002647,0.2418216525,0.1661261766,0.506164975,0.211954292,0.6742001238,0.4346350821,0.3093786507,0.3463503819,0.2874941274,0.6785458498,0.7954751664
161.5,1,1,1,1,1,0.4848465988,0.611154328,0.6519427827,0.3884207364,0.50321663,0.4216381153,0.2418412775,0.1661428543,0.5062613006,0.2119622229,0.6743553176,0.4348098887,0.3093807766,0.3463662861,0.2876650514,0.6785321381,0.7955821417
162,1,1,1,1,1,0.4846841056,0.6110201496,0.6520235672,0.3884796335,0.5031696661,0.4217870889,0.2419838218,0.1662310083,0.5062314664,0.2119085065,0.6743895833,0.4346061196,0.3094150576,0.3465211957,0.2878615918,0.678519815,0.7956979919
162.5,1,1,1,1,1,0.4847557885,0.6110963858,0.6517070482,0.3886136751,0.5032830027,0.4217021494,0.2419119618,0.1662376128,0.5060804066,0.2119114094,0.6743788294,0.4346148178,0.3093411155,0.3464716511,0.2878475302,0.6786264662,0.7957121895
163,1,1,1,1,1,0.4849009742,0.6112309572,0.6517929468,0.3887048466,0.5031931416,0.4216708156,0.2419959925,0.1661257512,0.5060342597,0.2119254021,0.6743081965,0.4345823877,0.3095748349,0.3466748271,0.2878695555,0.6787341866,0.795610574
163.5,1,1,1,1,1,0.4850411711,0.6110153009,0.6516532822,0.3889272982,0.5032999468,0.421424993,0.2418986672,0.1660791818,0.5059287672,0.212015268,0.6745071204,0.4348074445,0.3094585649,0.3467804915,0.2878928004,0.6786054259,0.795491179
164,1,1,1,1,1,0.48489639,0.6110048073,0.6519024352,0.3887622117,0.5030791089,0.4215455869,0.2418029434,0.1661320145,0.505888637,0.212017208,0.6743557512,0.4346788878,0.3095726868,0.3468900712,0.2879968704,0.6786821196,0.7954545564
164.5,1,1,1,1,1,0.4848624119,0.6110370378,0.6518829263,0.3885229486,0.5032624821,0.4217637943,0.2419927278,0.1661357126,0.5059699883,0.2118108462,0.6742590023,0.4345241738,0.3094432651,0.3467267697,0.2876222473,0.6786333452,0.7954622837
165,1,1,1,1,1,0.4850262615,0.6110733919,0.6516046822,0.3884727812,0.503221158,0.4217933325,0.242057145,0.1660252857,0.5060740135,0.2118783784,0.6741427744,0.4347428049,0.3096905545,0.3464760687,0.2874922749,0.6784685759,0.795496607
165.5,1,1,1,1,1,0.4850495597,0.6114067805,0.6516031237,0.3886221596,0.5032496879,0.4216476082,0.241999205,0.1659936337,0.5059972206,0.2118921824,0.6741630274,0.4347795025,0.3093615604,0.3464392347,0.2876645182,0.67848838,0.7953974696
166,1,1,1,1,1,0.4850401095,0.6112867644,0.6518402013,0.3884377253,0.5033101246,0.4217844165,0.2419446986,0.1660173734,0.5058975953,0.2118149161,0.6740166418,0.4346686985,0.3092536022,0.3463444244,0.2876584743,0.6784306216,0.7953516815
166.5,1,1,1,1,1,0.4851030301,0.6111819829,0.6519195057,0.3884113776,0.5031300365,0.4215428356,0.2419015922,0.1660763332,0.5059360651,0.2119079864,0.6740124217,0.4347453884,0.3092767475,0.3462153384,0.2875427154,0.6785492648,0.7953060588
167,1,1,1,1,1,0.4851547638,0.6112933746,0.651952887,0.3884981739,0.5031729088,0.4215145749,0.2419810861,0.1660284374,0.5060353424,0.2118854805,0.6739882362,0.4347324888,0.3092285976,0.3462998991,0.2876336111,0.6783655739,0.795300813
167.5,1,1,1,1,1,0.4849691762,0.6113414893,0.6518858101,0.3885799632,0.5030608123,0.4215403395,0.2419864943,0.1659952701,0.506006197,0.2119108452,0.6740806376,0.4349221721,0.3093319379,0.3461802639,0.2877471486,0.6782831354,0.7953349735
168,1,1,1,1,1,0.4850366706,0.6115585141,0.6518734854,0.3886185777,0.5031335309,0.4213740585,0.241989387,0.1661705411,0.5062346408,0.2119095841,0.6741714842,0.4349487263,0.3094845051,0.3462693085,0.2876566366,0.6780769142,0.7955486057
168.5,1,1,1,1,1,0.4850326797,0.6114770201,0.6519083405,0.3886953899,0.5031841091,0.4213502046,0.2419381697,0.1661961502,0.5063149589,0.2119547033,0.674139198,0.4348697625,0.309537504,0.3462447243,0.2877138313,0.6781927846,0.7954127776
169,1,1,1,1,1,0.4850900978,0.6112578809,0.651864192,0.3888041184,0.5030524801,0.4214291448,0.2419121265,0.1660946241,0.5062608842,0.2119681414,0.6740980636,0.4347698075,0.3095483716,0.3462946527,0.2876856655,0.6781985833,0.7955315559
169.5,1,1,1,1,1,0.4849518774,0.6112591855,0.6521702133,0.3885993702,0.5031322706,0.4212485489,0.2420820479,0.1662382274,0.5060613017,0.2119520686,0.6741371712,0.4344819856,0.3094222124,0.3463252763,0.2875814353,0.6779654007,0.7953541424
170,1,1,1,1,1,0.4849512198,0.6111170449,0.6521010059,0.3887784701,0.5029574946,0.4213396911,0.2419862777,0.1662629017,0.5063250686,0.2119020543,0.6742455875,0.4346061418,0.3096654561,0.3467057131,0.2877225461,0.6780879853,0.7954460852
170.5,1,1,1,1,1,0.484779325,0.6111346898,0.6522233302,0.3887120441,0.5030625489,0.4213997376,0.2420263694,0.1662975799,0.5062756948,0.2120344773,0.6743287542,0.4346305218,0.3097577229,0.3466567352,0.2877228646,0.678170448,0.7954431759
171,1,1,1,1,1,0.4847176238,0.6111764529,0.6521174503,0.3887314449,0.5029885267,0.4213777851,0.2420924851,0.1664495127,0.5062698455,0.2120242643,0.6741800088,0.434450332,0.3099490853,0.346338878,0.2878473603,0.6781873427,0.7956084845
171.5,1,1,1,1,1,0.4849086507,0.6113322709,0.6521544053,0.3888261499,0.5030122035,0.4212947299,0.2418990172,0.1663025063,0.5064435068,0.212069784,0.674098987,0.4344496044,0.3098536742,0.3462263352,0.2879742808,0.6782499262,0.7955869675
172,1,1,1,1,1,0.484957523,0.6113283747,0.6519192673,0.3887086358,0.5028848784,0.4215376506,0.2418267957,0.1661077426,0.5062877948,0.2120209115,0.674053427,0.4346733661,0.3098267295,0.34632206,0.2880312038,0.6781449212,0.7957325789
172.5,1,1,1,1,1,0.4848147385,0.6110119235,0.651918331,0.3886036235,0.503000639,0.421394678,0.2419451749,0.1661556476,0.5064666023,0.2120450514,0.6740646463,0.4345347392,0.3097046414,0.3464283255,0.2880056495,0.6780756181,0.7958260172
173,1,1,1,1,1,0.4849045606,0.6110662865,0.6520731499,0.3885686692,0.5030515382,0.4213322958,0.2419082081,0.1659938133,0.5064289863,0.2119073869,0.6741678358,0.43447088,0.3096574941,0.346464597,0.2879086496,0.6781083123,0.7958280455
173.5,1,1,1,1,1,0.4850707741,0.6110598347,0.6519402733,0.3885234679,0.5030132404,0.4214644638,0.2417876266,0.1660198049,0.506436772,0.2120028178,0.6741222876,0.4345765171,0.3094603307,0.3464741349,0.2878314806,0.6781455929,0.7958983595
174,1,1,1,1,1,0.485103268,0.6110579727,0.6518462428,0.3884476968,0.5032403228,0.4215241481,0.2418875163,0.1660495075,0.5065162602,0.2120315247,0.674170415,0.4345218354,0.3094547465,0.3466181234,0.2878172546,0.678240306,0.7959043287
174.5,1,1,1,1,1,0.484923323,0.6111274845,0.6521283654,0.3883267431,0.5030494002,0.4215085911,0.2419815091,0.1662008257,0.5064643431,0.2118939384,0.6743300451,0.4345075132,0.3094832594,0.3464960199,0.2880896206,0.6783746217,0.7960149308
175,1,1,1,1,1,0.4849284586,0.6110921326,0.6520636108,0.3886780812,0.5030057357,0.4214604514,0.2418072181,0.1660603743,0.5064956555,0.2119269713,0.6744273412,0.4345077486,0.3094088387,0.3463351991,0.2879438425,0.6784407451,0.7960350985
175.5,1,1,1,1,1,0.4849698004,0.6113480412,0.6520279833,0.3884598023,0.5030416996,0.4216229591,0.241917009,0.1660574126,0.5064101299,0.2118024208,0.674659173,0.4346121043,0.30955769,0.3461775889,0.2877703047,0.6784725492,0.7959881782
176,1,1,1,1,1,0.4847605948,0.6112840455,0.6519936652,0.388639764,0.5030822078,0.421452285,0.2419070396,0.1660339951,0.5064102155,0.2117038423,0.6745990064,0.4346496821,0.3094683972,0.3461234087,0.2878213904,0.67818597,0.7958963342
176.5,1,1,1,1,1,0.4847915615,0.6111763962,0.6518628026,0.3888315181,0.5027780292,0.421441542,0.2418681419,0.1660827915,0.5062339554,0.2117416503,0.6745722556,0.4347610346,0.3096691619,0.3462998211,0.2877233857,0.6780476169,0.7958655942
177,1,1,1,1,1,0.4848747111,0.6111798725,0.6521152614,0.388898446,0.5028560156,0.4214464325,0.2419599637,0.166067983,0.5062495451,0.2116327046,0.6746683482,0.4350622872,0.3096281463,0.3461896125,0.287760523,0.6778905247,0.7956352327
177.5,1,1,1,1,1,0.4848866802,0.6112607996,0.651925073,0.3887919054,0.5028581641,0.4215079613,0.241994249,0.1660138447,0.5062570548,0.2116830158,0.6746424952,0.4349608759,0.3097121734,0.3462329454,0.2877983966,0.6780334294,0.7958560546
178,1,1,1,1,1,0.4847337189,0.6111251659,0.6520159319,0.3886483851,0.5028206707,0.4214876616,0.2421372096,0.1661343585,0.5059455084,0.2117182307,0.6745486982,0.4349510127,0.3098800909,0.3460995996,0.2877785127,0.6779348258,0.7958562391
178.5,1,1,1,1,1,0.4847842221,0.6111099581,0.651994831,0.3885074064,0.5027534605,0.4216440298,0.2420524484,0.1662106535,0.506051084,0.2117793672,0.6748147615,0.4349624185,0.310025208,0.3461248361,0.2877735505,0.6780208816,0.7957829219
179,1,1,1,1,1,0.4849777873,0.611168075,0.6521120456,0.388561751,0.5025462516,0.4214113477,0.2420825759,0.1662722025,0.5060312999,0.2118011138,0.6748560499,0.4349812122,0.309790762,0.3462687859,0.2878876599,0.6779895674,0.7956927906
179.5,1,1,1,1,1,0.4848676786,0.6111517706,0.6519455517,0.3886665451,0.5027211696,0.42160483,0.2418904994,0.1661907622,0.5059244203,0.2119543652,0.6749518943,0.4349626239,0.3096875559,0.3462772253,0.2878140237,0.6779475596,0.7957230399
180,1,1,1,1,1,0.4848736532,0.6112807995,0.6521229684,0.3887647213,0.5027456522,0.4215115929,0.2419837664,0.1661130356,0.505821095,0.2118974538,0.6750233833,0.4347436328,0.3095243451,0.3464114973,0.287937501,0.6780008532,0.795806317
180.5,1,1,1,1,1,0.4848130178,0.6112122986,0.6520909367,0.3887991208,0.5027074158,0.4214404614,0.2419809517,0.1659509611,0.5060423681,0.2118814019,0.6748212607,0.4346088521,0.3095154448,0.3463337172,0.2878318453,0.6780076367,0.7957379497
181,1,1,1,1,1,0.4849294231,0.6112642678,0.6519907336,0.3889188361,0.5027022702,0.4215411159,0.2421270014,0.1661020042,0.5059273629,0.2119302533,0.6748961126,0.4348094807,0.3097082067,0.3464596399,0.2878869369,0.6780417871,0.7957199513
181.5,1,1,1,1,1,0.4848515794,0.6110641066,0.6518251057,0.3887905489,0.5026594155,0.4214825668,0.2420899001,0.165980386,0.5061047485,0.2120301695,0.6747980963,0.4347705755,0.3099226879,0.3463528053,0.2880133976,0.6781708719,0.7956606289
182,1,1,1,1,1,0.4847670879,0.6107975581,0.6517163199,0.3886473778,0.5026985587,0.4215056506,0.242074931,0.16604685,0.5061050437,0.2119950349,0.6748298397,0.4348001272,0.3098441536,0.3463517254,0.2879616604,0.6783090028,0.7957551853
182.5,1,1,1,1,1,0.4846138176,0.6110895494,0.6519779164,0.388542067,0.5029723097,0.4212175507,0.2421198715,0.1661468843,0.5058790824,0.2120875478,0.6747050261,0.4349892832,0.3096550059,0.3464478053,0.2879616892,0.6782190328,0.7958372863
183,1,1,1,1,1,0.4845582683,0.6110236333,0.6520446932,0.3884833943,0.5030728403,0.421148368,0.2420002328,0.1660938773,0.5058395387,0.2118775869,0.6745259315,0.43497819,0.3096984269,0.3464196777,0.287832571,0.6783211087,0.795953555
183.5,1,1,1,1,1,0.4846827084,0.6110277205,0.6518166464,0.3885984807,0.5029924246,0.4212238601,0.242080903,0.1661651084,0.5060132839,0.2119709263,0.6745344814,0.4349392549,0.3097376652,0.3461794779,0.2877302799,0.6783652961,0.7958549171
184,1,1,1,1,1,0.4847700938,0.6111759081,0.6517583863,0.3886046171,0.5033298864,0.4213032864,0.2420524187,0.1660793698,0.5060643426,0.2122169052,0.6746400482,0.4350633313,0.3098267047,0.3462603632,0.2876991684,0.678485483,0.7958019403
184.5,1,1,1,1,1,0.4846893883,0.6111662293,0.6517975494,0.3885166501,0.5035506705,0.4213338479,0.2420563563,0.1661225257,0.5060986882,0.2121811523,0.6745159648,0.4350542495,0.3096306772,0.346290926,0.2874865466,0.6786415805,0.795524037
185,1,1,1,1,1,0.4847344699,0.6112437874,0.6517418897,0.3884550016,0.5034094708,0.4212270964,0.2418243949,0.1661868063,0.5060978399,0.2122944148,0.6746054186,0.4348130249,0.309846111,0.3465151836,0.2875073898,0.6785221885,0.7955447248
185.5,1,1,1,1,1,0.48481626,0.6112635348,0.651974506,0.3885376641,0.5034729596,0.4213293105,0.2419398085,0.166097688,0.5062797336,0.2122252572,0.6746928671,0.4348653138,0.3097913668,0.3467357225,0.2874183889,0.6784616961,0.7954489412
186,1,1,1,1,1,0.4849181411,0.6110563365,0.6517253199,0.3884820005,0.5032366452,0.4214117314,0.2420026463,0.1660713415,0.5063454195,0.2121335498,0.674715165,0.4350284837,0.3097849553,0.3467980485,0.2875150789,0.6785688341,0.7955000486
186.5,1,1,1,1,1,0.4849189418,0.6112033447,0.6517960919,0.3885744649,0.5030453631,0.4212479537,0.2419430823,0.1659911069,0.5060526009,0.2121934832,0.6746213153,0.4349963888,0.3098572407,0.3468227007,0.2879003571,0.678671491,0.7955949133
187,1,1,1,1,1,0.4851704617,0.6108783225,0.6517487975,0.3885613897,0.503053263,0.4213295621,0.2418358479,0.1660239789,0.5060656872,0.2122468965,0.6747781895,0.4348965405,0.3098846331,0.3469065805,0.2879175786,0.6788351775,0.7953726281
187.5,1,1,1,1,1,0.4850759784,0.6108925734,0.651700094,0.3884531244,0.5029488789,0.4215426104,0.2420288458,0.1660568291,0.5060854689,0.2122078941,0.6747294496,0.4350939413,0.309893576,0.3468511444,0.2879889363,0.6790474577,0.7954220464
188,1,1,1,1,1,0.484885733,0.6111375662,0.6516917672,0.3884248205,0.503085959,0.4214592706,0.2419856976,0.1661552836,0.5060460094,0.2121870662,0.6746937639,0.4352102955,0.3097738,0.3468533096,0.2880482564,0.678866506,0.7955770009
188.5,1,1,1,1,1,0.4851456703,0.6110757973,0.6516056128,0.3883954872,0.5031608604,0.4213807033,0.2420433808,0.1661889737,0.5061848751,0.212266604,0.6746556364,0.4349840896,0.3096235561,0.3467100173,0.2880915264,0.6788612104,0.7956168111
189,1,1,1,1,1,0.4848612266,0.6109647044,0.6517211063,0.3884456667,0.5031054191,0.4214098228,0.2417925094,0.1661020317,0.5063123486,0.2121884248,0.6748600091,0.4347778377,0.309490444,0.3465383685,0.2879635387,0.6788633099,0.7957129283
189.5,1,1,1,1,1,0.484819188,0.6111057678,0.6517561738,0.3883361315,0.5031934629,0.421389539,0.2418547692,0.1660342826,0.5063786233,0.2122185782,0.6748062945,0.4348622209,0.3096542811,0.3465077615,0.2876431041,0.6788388186,0.7956315503
190,1,1,1,1,1,0.4846454699,0.6111216564,0.6517066689,0.3881805316,0.5030683571,0.421173557,0.2417774307,0.1659424753,0.5064035887,0.2120986408,0.6747083193,0.434733534,0.3097932133,0.3464799741,0.2875925157,0.6787793523,0.7955779616
190.5,1,1,1,1,1,0.4847250998,0.6112812271,0.6516830437,0.3883565882,0.5030825029,0.4211352646,0.24177823,0.1659172402,0.5066319808,0.2121282032,0.6746723073,0.4347559152,0.3098271781,0.3465163889,0.2874060314,0.6788136067,0.7955313515
191,1,1,1,1,1,0.4848783952,0.6113919475,0.6518516377,0.3884995475,0.5032490817,0.4211383724,0.2417036513,0.1658791157,0.5066087282,0.2118961885,0.6746022503,0.4350416798,0.3098398094,0.3464330197,0.2873805898,0.6789636529,0.7954977804
191.5,1,1,1,1,1,0.4848065082,0.6111564716,0.6519283614,0.3885309228,0.5032590757,0.421267922,0.2415586522,0.1658594698,0.5065682061,0.2119014085,0.6746048356,0.4348945605,0.3097835662,0.3464449633,0.2875672334,0.6790702987,0.7954549288
192,1,1,1,1,1,0.4849763415,0.6111823058,0.6519066568,0.3882288201,0.5032716548,0.4212640491,0.2416269617,0.1659175467,0.50664353,0.2118731254,0.6746294335,0.4349161801,0.3097553963,0.3464848842,0.2876083287,0.6791098974,0.7954682096
192.5,1,1,1,1,1,0.4849159425,0.6112799901,0.6520086415,0.3882544104,0.5031125456,0.4212400408,0.2414898327,0.1659774527,0.5066103504,0.2118650808,0.6744630563,0.4349838039,0.3097554836,0.3466104754,0.2876636795,0.6791962693,0.7954522174
193,1,1,1,1,1,0.484983126,0.6111574218,0.6519429268,0.3882787631,0.5031389097,0.4213249536,0.2415635127,0.1658274064,0.5066071719,0.211797155,0.6745527703,0.4349302603,0.3097402466,0.3465917482,0.2877588728,0.6791378583,0.7955650192
193.5,1,1,1,1,1,0.4849617805,0.6112242267,0.6517846677,0.3882589008,0.5032220337,0.4213890962,0.2417273176,0.165821733,0.50666679,0.2118641172,0.6745379154,0.4349624483,0.3096883301,0.3464545516,0.2878169804,0.6791185061,0.7954725542
194,1,1,1,1,1,0.4848346593,0.6112449694,0.6518818677,0.3885937279,0.5032340023,0.4213870609,0.2417822292,0.1659112893,0.506770992,0.2118876631,0.674434751,0.4349883545,0.3097774175,0.3467746553,0.2878446144,0.6791958429,0.7953702972
194.5,1,1,1,1,1,0.4848667873,0.611048486,0.6519733768,0.3888071598,0.5031640498,0.4213312125,0.2417144988,0.1659602153,0.5068169456,0.2118434218,0.6744280018,0.4350206921,0.3097004833,0.3465232913,0.287805886,0.6791347565,0.7952471775
195,1,1,1,1,1,0.4848269085,0.6111401192,0.6518634732,0.3886267775,0.5029645057,0.42151458,0.2416932088,0.1657954762,0.5066998236,0.2118643011,0.6743746862,0.4349505827,0.3097426361,0.3463867586,0.2878740002,0.6789435029,0.795051144
195.5,1,1,1,1,1,0.4847067955,0.6111065355,0.6519890943,0.3884524019,0.5028488053,0.4213766129,0.2417083016,0.1658350458,0.5065846853,0.2117499468,0.6744690043,0.4352527742,0.3097627372,0.3464662673,0.2879545415,0.6788475031,0.7950861192
196,1,1,1,1,1,0.4846204364,0.611267389,0.6519894631,0.3885653996,0.5028143265,0.4212306447,0.241838117,0.165820418,0.5064843402,0.2118936615,0.6744942488,0.4352327708,0.3097928709,0.3465347769,0.2878400487,0.6788404825,0.7952721971
196.5,1,1,1,1,1,0.4845603676,0.611210141,0.6521016687,0.3883734891,0.5029376989,0.4212691695,0.2417881421,0.1657592948,0.5064415428,0.2118197987,0.6744934965,0.4352177504,0.3097541369,0.3463573936,0.2878064245,0.6785779552,0.7952373661
197,1,1,1,1,1,0.4845409268,0.6113563517,0.6521375461,0.3885786107,0.5028610837,0.4212286552,0.2419287763,0.1657737072,0.506278586,0.2118691811,0.6744493409,0.4352606503,0.30992954,0.3464396629,0.2877496801,0.6785453661,0.7952326564
197.5,1,1,1,1,1,0.484798022,0.6112227904,0.6521270835,0.3882748818,0.5029044248,0.4213701649,0.2421129032,0.1659331957,0.5063670296,0.2118873909,0.6746412402,0.4350324538,0.3100665926,0.3464668379,0.2877791,0.6787365271,0.7952244267
198,1,1,1,1,1,0.484719873,0.6113288098,0.6521146786,0.3881902086,0.5029329847,0.42141741,0.2419417519,0.165920348,0.5065268358,0.2120168936,0.6745117394,0.4350073342,0.3101679311,0.346439339,0.2878632053,0.6786580016,0.7949930815
198.5,1,1,1,1,1,0.4846058088,0.6111911837,0.6519048029,0.3882193873,0.5030688266,0.4214929929,0.2419687845,0.1660369765,0.5066154673,0.2119055106,0.6742595288,0.4349355398,0.3100517941,0.3463725554,0.2878191363,0.6786382776,0.7949607783
199,1,1,1,1,1,0.4845683204,0.6113104233,0.6519023081,0.3882685866,0.5027493018,0.4214752965,0.2420489006,0.1659616135,0.5063472036,0.2119691319,0.674337017,0.4349287506,0.30997074,0.3463936435,0.2878204572,0.6787239848,0.7951165168
199.5,1,1,1,1,1,0.484503842,0.6113343477,0.6519991671,0.3882881195,0.5026336946,0.4211991063,0.2419601095,0.1657877868,0.5062263896,0.2118601781,0.6743210348,0.4348235046,0.3097944396,0.3463595493,0.2877153988,0.6787002316,0.7952668309
200,1,1,1,1,1,0.4846851113,0.611147256,0.6518156874,0.3883408842,0.5026600929,0.4213001915,0.241882179,0.1659319529,0.5063117934,0.2118403067,0.6745113481,0.4349096455,0.3098739255,0.3463015118,0.2877026511,0.6784275513,0.7952207776
200.5,1,1,1,1,1,0.4845309767,0.6112672627,0.6519475424,0.3884147376,0.5025083637,0.4211863943,0.2419063187,0.1659609453,0.5064977896,0.2117585035,0.6743752505,0.4348903892,0.30990863,0.3464880871,0.2878134263,0.6784914822,0.7951692058
201,1,1,1,1,1,0.4846908311,0.6113252302,0.6520015933,0.3882967315,0.5027107035,0.4212515672,0.2419734403,0.165990136,0.5065180131,0.211701423,0.6743977583,0.4351327561,0.3097599357,0.3465138918,0.2876539573,0.6785783381,0.7951117748
201.5,1,1,1,1,1,0.4846460661,0.6110353541,0.6519602409,0.3881684363,0.5025936422,0.4212429339,0.2419168486,0.166148203,0.5063619037,0.2117425837,0.6743688897,0.4349641524,0.3097308316,0.3464188941,0.2877541029,0.6785106705,0.7950559757
202,1,1,1,1,1,0.4845933435,0.6113061691,0.6518161356,0.3880756608,0.502818716,0.4214998517,0.241817819,0.1659928612,0.5062992855,0.2116899712,0.6744471834,0.4350182136,0.309883227,0.3462378877,0.2877180049,0.6785351673,0.7950377947
202.5,1,1,1,1,1,0.4844911988,0.6112003483,0.6516778947,0.3880045594,0.5028267143,0.4213861425,0.2416651153,0.1659720822,0.5063342306,0.211747266,0.6745579508,0.4346982794,0.3100328257,0.3460856035,0.2876000692,0.6786256451,0.7952830787
203,1,1,1,1,1,0.48463434,0.6111959564,0.6517634685,0.3880030317,0.5030281922,0.4212139163,0.2416115644,0.1660425478,0.5062096509,0.2116897084,0.6745986635,0.4345610158,0.3100323981,0.3461970869,0.2875473688,0.6786571896,0.7953528991
203.5,1,1,1,1,1,0.4845827561,0.6112599845,0.6517431301,0.3881058976,0.5028873726,0.4213000461,0.2416491557,0.1658991198,0.5062031306,0.2117327328,0.6746023721,0.4346689761,0.3097426726,0.3463857834,0.2875653659,0.6786054546,0.7952436834
204,1,1,1,1,1,0.4845807818,0.6111394305,0.6517164769,0.3883683493,0.5028762052,0.421275816,0.2416625267,0.1659522473,0.5063808217,0.211649867,0.6746440505,0.4346839429,0.3097256714,0.3464287471,0.2877777934,0.6786222136,0.7953510183
204.5,1,1,1,1,1,0.4846420607,0.6111443556,0.6518568622,0.3882402796,0.5028526517,0.4217406489,0.2417470658,0.166010272,0.5062840696,0.2116472746,0.6748230064,0.4346584706,0.3098178859,0.3464175582,0.2877969818,0.6786846843,0.7954676034
205,1,1,1,1,1,0.4846163032,0.6110527199,0.651777958,0.3882504705,0.5027937026,0.4218292968,0.2416354969,0.166073724,0.5063128191,0.2117799052,0.6748425167,0.4345283122,0.3097936642,0.3462926637,0.2877580507,0.6786772419,0.7954795128
205.5,1,1,1,1,1,0.4845031831,0.6110181016,0.6517064564,0.3881641522,0.5028561568,0.4219290136,0.2417515441,0.1661217406,0.5062484052,0.2118674773,0.674871877,0.4344792424,0.3096082216,0.3465109256,0.2877489335,0.6785500851,0.7953683556
206,1,1,1,1,1,0.4846723798,0.6110897816,0.6517999667,0.3883600029,0.5028771177,0.4217551368,0.2419292482,0.1660841582,0.5061623528,0.2116817838,0.6749398082,0.4343302227,0.3097478444,0.346459443,0.2877131817,0.6786004032,0.7953742653
206.5,1,1,1,1,1,0.4846441416,0.6111684135,0.6519347123,0.388322075,0.5031851099,0.4213521576,0.241835308,0.1661811381,0.5060058912,0.2115408285,0.674973825,0.4341839986,0.3097071914,0.3463978239,0.2877795319,0.6787932621,0.7953004852
207,1,1,1,1,1,0.4846803278,0.6113120999,0.6517842286,0.3882825778,0.5031821988,0.4214398449,0.2419823543,0.1661302132,0.5060306214,0.2114404011,0.675021466,0.4341858314,0.3095550701,0.3464252104,0.2878358173,0.6786625201,0.7953463615
207.5,1,1,1,1,1,0.4847922966,0.6114570517,0.651671955,0.3883846974,0.5031163139,0.4217361336,0.2420213827,0.1661391007,0.5059744956,0.2113778854,0.6748558512,0.4340979459,0.3095445086,0.346590528,0.2880133894,0.6786983596,0.7952465505
208,1,1,1,1,1,0.4847876341,0.6112700316,0.651848512,0.3884868877,0.5030258933,0.4214704756,0.2421883237,0.1661750895,0.5059859552,0.2113965646,0.6747112057,0.4342532845,0.3095938626,0.3465375027,0.2879376265,0.6786258395,0.7951362929
208.5,1,1,1,1,1,0.4848031533,0.6111778513,0.6519612585,0.3883918303,0.5032447327,0.4215691115,0.2421952613,0.166277726,0.5059126839,0.2115513954,0.6748297993,0.4341743798,0.3095120064,0.3465040423,0.287859848,0.6783822167,0.7951271212
209,1,1,1,1,1,0.4848068618,0.611198784,0.6518920679,0.3885701407,0.5029267818,0.4213769297,0.2421985671,0.1662110093,0.5060047159,0.2116902466,0.6747962494,0.4342242417,0.3096544701,0.3465676505,0.2880182873,0.6784724086,0.7952278991
209.5,1,1,1,1,1,0.4848188985,0.6112453827,0.6520946882,0.388719754,0.5029910789,0.4213732325,0.2419214758,0.1661810736,0.5060993955,0.2118107428,0.6749233108,0.4340728129,0.3095169831,0.3464954486,0.2879660829,0.6783738689,0.7952690575
210,1,1,1,1,1,0.4848452088,0.6111385146,0.6521819749,0.3887239679,0.5030140843,0.4214012317,0.2418498375,0.1662350061,0.5061950548,0.2118884358,0.6749360072,0.4342462395,0.3093803294,0.3463401856,0.2879162239,0.6784743963,0.7951310606
210.5,1,1,1,1,1,0.4847844096,0.6110727339,0.6521889178,0.3886733221,0.5029179293,0.4215116434,0.2417203615,0.1661772307,0.5062676767,0.2119017327,0.6750185093,0.434449934,0.3091382609,0.346459563,0.2877771912,0.6786235023,0.7949828455
211,1,1,1,1,1,0.4848210888,0.611205248,0.6521507832,0.3886940857,0.5030787226,0.4215535673,0.2417963807,0.1659944613,0.5061452675,0.2120021335,0.6751921403,0.4345769037,0.3092433384,0.3465851164,0.2876073108,0.6785745353,0.7950288904
211.5,1,1,1,1,1,0.4849109951,0.6109159078,0.6521206457,0.3888828737,0.5031321297,0.4215589557,0.2418276525,0.166036279,0.5060581078,0.2117885243,0.6752134192,0.4345926381,0.3092670846,0.3463971971,0.2877410292,0.6785047585,0.7950306541
212,1,1,1,1,1,0.4850513632,0.6109922562,0.6520754459,0.3887891533,0.5032874505,0.4212664054,0.2417716926,0.1660436009,0.5059882556,0.2118456116,0.6750897844,0.4345966932,0.3093588783,0.3465599219,0.2877605566,0.6786142048,0.795070851
212.5,1,1,1,1,1,0.4851765734,0.6109147275,0.6520782054,0.3888853055,0.5031398681,0.4212950764,0.2418875065,0.166015501,0.5060852926,0.2118044811,0.675126708,0.4346717162,0.3091993144,0.3462525771,0.2879010186,0.6783671776,0.795086607
213,1,1,1,1,1,0.4850943115,0.6110234955,0.6520544568,0.3889895051,0.503208618,0.4215846616,0.2418567192,0.1660049976,0.5062457928,0.2118858432,0.6751303548,0.4346877174,0.3090886033,0.3463417809,0.288018275,0.6783989166,0.7951356884
213.5,1,1,1,1,1,0.4848468485,0.6109894366,0.6519023026,0.3889095547,0.5029132739,0.4213647439,0.2416919612,0.1662601116,0.5061892612,0.2118987122,0.6751261579,0.4346899184,0.3093949231,0.3465340928,0.2878325586,0.6784173485,0.7951852756
214,1,1,1,1,1,0.4847356102,0.6111279384,0.6520558661,0.3887887042,0.503006012,0.4212750626,0.2415678972,0.1660329523,0.5060913291,0.2119383615,0.675162587,0.4346777965,0.3093651594,0.3462480155,0.2880638162,0.6783905289,0.7952594663
214.5,1,1,1,1,1,0.484819993,0.6109366768,0.6520477725,0.3887228324,0.5031180015,0.4211523999,0.2417448532,0.1660462139,0.5060277898,0.2119029631,0.6751624211,0.434390228,0.3092901974,0.3466700786,0.2879180759,0.6782626485,0.7952299387
215,1,1,1,1,1,0.4846349975,0.6109580224,0.65173266,0.3888254629,0.5031580947,0.4212221883,0.2416531726,0.1660606081,0.5056483381,0.2119320096,0.6752717946,0.4342678029,0.3093602893,0.3465771473,0.2881100921,0.6782185465,0.7951392388
215.5,1,1,1,1,1,0.4846059192,0.6111083501,0.6517284211,0.3886000208,0.5031632753,0.4212769139,0.2416921596,0.1660457631,0.5058898377,0.2119030008,0.6754351978,0.4343011665,0.3092314515,0.3465912446,0.2879153082,0.6782274088,0.7952513546
216,1,1,1,1,1,0.4845413891,0.611105651,0.6517470228,0.3886845297,0.5030338541,0.4213606942,0.2417560849,0.166061427,0.5058196467,0.2119256867,0.6755239365,0.4344250058,0.3092225232,0.3468013325,0.2880281964,0.6781608636,0.7952024545
216.5,1,1,1,1,1,0.4845596595,0.6109762138,0.6515236708,0.3889135137,0.5030963646,0.4215794158,0.2417827268,0.1661360933,0.5058032084,0.2119440741,0.6756060826,0.434485968,0.3092960971,0.3466827421,0.2881588225,0.6783396171,0.7952310358
217,1,1,1,1,1,0.4848129832,0.6109306503,0.6515841555,0.3889625523,0.5030528718,0.4213728894,0.2416300284,0.1659688725,0.5059059988,0.2118451785,0.6756133797,0.4346199157,0.3091841837,0.3464911234,0.2883040152,0.6782335035,0.7951858813
217.5,1,1,1,1,1,0.4847391973,0.6109945796,0.6516345766,0.3887147018,0.5029637449,0.421398276,0.2417450901,0.1659431142,0.5058248445,0.2119865032,0.675723353,0.4347037823,0.3093758801,0.3463074185,0.2881285094,0.6779886599,0.795266817
218,1,1,1,1,1,0.4848762527,0.6108854187,0.6518084402,0.3886230406,0.5029636416,0.4213865679,0.2417640581,0.1659180057,0.505898027,0.21175003,0.6758221895,0.4346038578,0.3091773222,0.3462839698,0.2880165047,0.6778969735,0.7953610016
218.5,1,1,1,1,1,0.4847650202,0.6109730905,0.6518036466,0.3886146239,0.5030821976,0.4212475536,0.2418749641,0.1659851001,0.5057826591,0.2118027027,0.6756176293,0.4346640164,0.3091827351,0.3463471829,0.2880688716,0.677852812,0.7952635419
219,1,1,1,1,1,0.4847178941,0.6111202011,0.6517349835,0.3884846239,0.5032216928,0.4213304958,0.2419933692,0.1659798561,0.5059602475,0.2118019374,0.6756409187,0.4346423626,0.3092093017,0.3464264522,0.2879043877,0.6778876936,0.7951873544
219.5,1,1,1,1,1,0.4847967032,0.6112024325,0.6518740815,0.3887683695,0.5031013645,0.4213041193,0.2419604306,0.1659409204,0.5061502184,0.2118614681,0.6756604009,0.4345216482,0.309055796,0.3464842125,0.288081638,0.6778998143,0.795227991
220,1,1,1,1,1,0.4847938746,0.6112125035,0.6517868683,0.3888006804,0.5029839259,0.4214167256,0.2421026704,0.1659851932,0.5061440413,0.2116477349,0.6756913613,0.4344842539,0.3092714987,0.3465056085,0.2881030128,0.6781847964,0.7951108074
220.5,1,1,1,1,1,0.4847513426,0.611218296,0.6518539948,0.3887749271,0.5027375397,0.421311919,0.2419691135,0.1660203311,0.5060085289,0.2116270154,0.6758296403,0.4343814043,0.3092780846,0.3463455417,0.2879040064,0.6782260343,0.7951599366
221,1,1,1,1,1,0.484831042,0.6111100005,0.6518680406,0.3886083996,0.5027198561,0.4215789567,0.2418272479,0.1661001082,0.5058352312,0.2116827106,0.6758596823,0.4341096023,0.3092435997,0.3464109209,0.2877276776,0.6784677322,0.7952280053
221.5,1,1,1,1,1,0.4846957018,0.6111354208,0.651869905,0.3884953324,0.5029070107,0.4213385619,0.2418028706,0.1661139329,0.5061383461,0.2118242349,0.6760659818,0.4340279925,0.309007542,0.3465486936,0.2876306624,0.6784571107,0.7951510376
222,1,1,1,1,1,0.4846055072,0.6109824548,0.6518790779,0.3882887136,0.5029377754,0.4212043671,0.2418908587,0.166051608,0.5061066117,0.2118730732,0.6759910285,0.434160278,0.3091342014,0.3464566423,0.2878178045,0.6784656448,0.7952674776
222.5,1,1,1,1,1,0.4846588497,0.611172811,0.6519885688,0.3883527037,0.5028192549,0.421277137,0.2418993609,0.1659564724,0.5060387103,0.2118269933,0.6760228158,0.4340893601,0.3089728018,0.3462869537,0.2876836266,0.6783612845,0.7951693953
223,1,1,1,1,1,0.4845638565,0.6113274624,0.6517817787,0.3884905089,0.5029685629,0.4213200071,0.2418421732,0.1659566133,0.5060877253,0.2118534381,0.6759411224,0.4344881975,0.3090534257,0.3464758829,0.2878138544,0.6784449712,0.795349906
223.5,1,1,1,1,1,0.4847250656,0.611425716,0.6517325444,0.3883446875,0.5029815492,0.4212973105,0.2417433216,0.166001231,0.5061148269,0.2119189365,0.6758875234,0.4345128487,0.3091476854,0.3462321625,0.2877788394,0.6784372171,0.7953462961
224,1,1,1,1,1,0.4844714907,0.6113095323,0.6516794814,0.3883311159,0.5027805957,0.4212472221,0.2418733144,0.1659556398,0.5061571716,0.2117378182,0.6759392385,0.4346542153,0.3091653454,0.3463518188,0.2879154635,0.6784162291,0.7952836996
224.5,1,1,1,1,1,0.4846307478,0.6114112336,0.6517457195,0.3881163194,0.5029616402,0.4212598804,0.2420462249,0.1661401829,0.5061022338,0.2118764895,0.6757404664,0.4346622741,0.3091296737,0.3462615106,0.2880433625,0.6784929176,0.7951964744
225,1,1,1,1,1,0.4846592756,0.611406476,0.6518798848,0.3880280759,0.5029499564,0.4212575166,0.2420419795,0.1660937757,0.5061192208,0.2119635988,0.6755778065,0.4346781649,0.3091142328,0.3462870047,0.2879338128,0.6784774938,0.7953072216
225.5,1,1,1,1,1,0.4847089095,0.611283106,0.6518426513,0.3879562297,0.5028312656,0.421344491,0.2420715027,0.1660825144,0.5058552177,0.2119805744,0.6755401911,0.4346634585,0.3092767282,0.3461207511,0.2877113328,0.6784200652,0.7952128593
226,1,1,1,1,1,0.4848750817,0.6114859376,0.651863275,0.3881481898,0.5029973736,0.4212192323,0.2420087706,0.1661835755,0.5059335065,0.211984212,0.6755676099,0.4345642869,0.3094097479,0.3460622949,0.287766405,0.6783021772,0.7951764984
226.5,1,1,1,1,1,0.4849449614,0.6110858902,0.6518275686,0.3882968253,0.5032442326,0.4212266215,0.24203257,0.1661208628,0.5060813065,0.2120010065,0.6754258164,0.4346518489,0.309508894,0.3458020574,0.2874097304,0.6784516215,0.795150777
227,1,1,1,1,1,0.4848095255,0.610983195,0.6517478899,0.3880965487,0.5030307899,0.4212497961,0.2419295236,0.1661302216,0.506032583,0.2119338483,0.6754324158,0.4346299801,0.3094413783,0.3458266871,0.2874732366,0.6785247326,0.7950623005
227.5,1,1,1,1,1,0.4847028516,0.6110948306,0.6517283552,0.388103179,0.5029159697,0.4211535379,0.241792249,0.1662619177,0.5060611813,0.211890255,0.6755158967,0.4345278508,0.3094421497,0.3457537097,0.2874076706,0.678609311,0.7952072881
228,1,1,1,1,1,0.4846707541,0.6111169731,0.651762538,0.388163428,0.5027716917,0.4211863775,0.2417459976,0.16624363,0.5060800179,0.2118946841,0.6754711017,0.4343364871,0.3092374223,0.3461211247,0.2874743547,0.6784367358,0.7952164371
228.5,1,1,1,1,1,0.4848136008,0.6112927515,0.6517644836,0.3881703001,0.5028737799,0.4211791028,0.2416888702,0.1662091407,0.5062681424,0.2119460387,0.6754600709,0.4344818782,0.3094148917,0.3460851711,0.2875323743,0.6783907095,0.7952527267
229,1,1,1,1,1,0.4847066385,0.6109726493,0.6517364205,0.3882965016,0.5029176823,0.4213133982,0.2415276489,0.1661593579,0.5062230538,0.2120251471,0.6757080247,0.4344244415,0.3093639077,0.3463404265,0.2876751275,0.6783254843,0.7952059799
229.5,1,1,1,1,1,0.4846955993,0.6111915155,0.6516229352,0.3884339386,0.5029318916,0.4214511276,0.241532901,0.1660364637,0.506414225,0.2118746874,0.6757126815,0.4348677069,0.3094685694,0.3461891837,0.2875698893,0.6785329066,0.7951979893
230,1,1,1,1,1,0.484807818,0.61122718,0.6516862771,0.3881582715,0.5031056145,0.4213849681,0.2416623099,0.1659463785,0.5063198538,0.21185669,0.6757150215,0.4348987036,0.3094137589,0.3462074432,0.2876515498,0.6783806553,0.7953432251
230.5,1,1,1,1,1,0.4849536187,0.6111462316,0.6517894734,0.3881825353,0.5028066177,0.4214367949,0.2415455638,0.1658887034,0.5064560217,0.211863363,0.6757644056,0.4349144872,0.3094410551,0.3463857179,0.2878699147,0.6785530223,0.7954474878
231,1,1,1,1,1,0.4849569389,0.6111335715,0.6518955145,0.3883211184,0.5029271436,0.421321334,0.241671583,0.1659125378,0.5064200215,0.2119067238,0.6758048512,0.4350283846,0.3094690447,0.3463884128,0.2879645568,0.6786737649,0.795531507
231.5,1,1,1,1,1,0.4848764239,0.6112518013,0.6518989596,0.3882012262,0.50291417,0.4214532768,0.2418472424,0.1659055952,0.506505168,0.211792063,0.6756643046,0.4348997557,0.3094990056,0.346542806,0.2878629845,0.6787720056,0.7955651615
232,1,1,1,1,1,0.4847496756,0.6113114353,0.6519025814,0.3885614597,0.5029059087,0.4213784309,0.2417360572,0.1659112756,0.5068639169,0.211799121,0.6757083117,0.4348518079,0.3094820639,0.3464805755,0.2877389086,0.6788137044,0.7955600203
232.5,1,1,1,1,1,0.4847300547,0.6113392393,0.6520083023,0.3883503675,0.5028717644,0.4213691849,0.2416268894,0.1659704156,0.5068135538,0.2119351159,0.6755836735,0.4347688416,0.3093339933,0.3464502695,0.2875656008,0.6788974896,0.7956959401
233,1,1,1,1,1,0.4847808585,0.6113509334,0.6519653107,0.3883423979,0.5028686732,0.4214620143,0.241659808,0.1659622389,0.5067646647,0.2118466527,0.6756334244,0.4347369032,0.3093596301,0.3467474924,0.2876390855,0.6790374625,0.7958077651
233.5,1,1,1,1,1,0.484875473,0.6113512237,0.6518761751,0.3884174119,0.5029785099,0.4213557368,0.2417658071,0.1659707893,0.5068641556,0.211861183,0.675655976,0.4347235619,0.3091994136,0.3468554486,0.2876067596,0.6790188438,0.7957373859
234,1,1,1,1,1,0.4849197099,0.6112521417,0.6519487172,0.3885104041,0.5032698674,0.4213782965,0.2418697986,0.1658814548,0.5068298886,0.2119349914,0.6757121772,0.4348084505,0.3093013271,0.3467420248,0.2877368792,0.6792183618,0.7956940639
234.5,1,1,1,1,1,0.4848154649,0.611360436,0.6518944246,0.3884263404,0.50323605,0.4213678332,0.2420414224,0.1659840005,0.5068426048,0.2118491693,0.6758364499,0.4348548763,0.3094740872,0.3464675974,0.2877237102,0.6792762216,0.7956920719
235,1,1,1,1,1,0.4847743285,0.6114089019,0.6516098408,0.3883367171,0.5031408698,0.4212091328,0.2418579997,0.1660340992,0.5068849111,0.2118657104,0.6757240453,0.4347798948,0.3096283447,0.3465471235,0.2876082055,0.6791258353,0.7957026842
235.5,1,1,1,1,1,0.4847102739,0.611195837,0.6516765901,0.3883394888,0.5029689183,0.4210699665,0.2419264606,0.1661611994,0.5070681578,0.2118942469,0.6757127411,0.4348545913,0.309609534,0.3465812885,0.2876788916,0.6790849849,0.7956953834
236,1,1,1,1,1,0.4847001373,0.6111499124,0.6516752457,0.3881391108,0.5029783515,0.4212842244,0.2419688443,0.166182739,0.5071236212,0.2118508256,0.6756223132,0.4347399465,0.3096119961,0.3465332,0.287760064,0.6792428101,0.7957831062
236.5,1,1,1,1,1,0.4848733528,0.611197995,0.6518172607,0.3881396467,0.5030857185,0.421178456,0.2419194385,0.1662575009,0.507061117,0.2118192652,0.6756813365,0.4345202843,0.3094476795,0.3464310073,0.2879053543,0.6791653787,0.7956890486
237,1,1,1,1,1,0.4847939413,0.6112485075,0.6519279839,0.3881247029,0.5032044322,0.420900002,0.2418584296,0.1661543059,0.5071111922,0.2117179988,0.6756901457,0.4345047325,0.309375025,0.3464606832,0.2878053124,0.6789612255,0.7956881405
237.5,1,1,1,1,1,0.484547124,0.6112069191,0.6519441102,0.3884440566,0.5031843107,0.4211922158,0.2417166159,0.1660452358,0.5071148193,0.2118158612,0.6756837387,0.4345045104,0.3092577003,0.3463459972,0.2876243028,0.6787689303,0.7957212663
238,1,1,1,1,1,0.4848446877,0.6111228264,0.651955675,0.3885780879,0.5030221506,0.4212460375,0.241804426,0.1660196434,0.5071954919,0.2118343389,0.6755608338,0.4343103434,0.309272478,0.3464436592,0.2876967571,0.678980532,0.7956698439
238.5,1,1,1,1,1,0.4851807273,0.6110630375,0.6519390526,0.3882571652,0.5030846835,0.4211255317,0.2418268005,0.1660327764,0.5070534618,0.2117711198,0.675425857,0.4345879333,0.309265489,0.3464863983,0.2877121359,0.678821243,0.7957260208
239,1,1,1,1,1,0.4849479113,0.6112217177,0.6518956932,0.3886923899,0.5030092566,0.4212890117,0.2418453182,0.166033911,0.5070929289,0.211740041,0.675439772,0.434721173,0.3093807846,0.3463558449,0.2878011366,0.6787755281,0.7956350526
239.5,1,1,1,1,1,0.4850393936,0.6112307009,0.6520437165,0.3885166025,0.5029588216,0.4213880138,0.2416900468,0.1660512932,0.5069222576,0.2116452426,0.675262906,0.4345434293,0.3093244553,0.3465541057,0.2876194332,0.679045684,0.795520249
240,1,1,1,1,1,0.4848789324,0.6113785774,0.652021195,0.3882377145,0.5029510747,0.4212445578,0.2417057312,0.1659241181,0.5068109962,0.2115943164,0.6754390087,0.4346409033,0.3093027481,0.3465257176,0.2876316481,0.6787695777,0.795422854
240.5,1,1,1,1,1,0.4850193937,0.6114676343,0.6521840237,0.3883735177,0.5030876096,0.42144194,0.2417200371,0.1658840348,0.5068294057,0.2117217195,0.675408578,0.4349066831,0.3093781925,0.3467179488,0.2877597839,0.6785355385,0.7955334191
241,1,1,1,1,1,0.4849077868,0.6113813906,0.652161773,0.388562479,0.5030006402,0.4212369221,0.24171074,0.1658665414,0.5069826169,0.2116460358,0.6754645883,0.434997274,0.3094663419,0.3467662663,0.2876482888,0.6785162947,0.7954763152
241.5,1,1,1,1,1,0.4848706815,0.6112401346,0.652118445,0.3884356326,0.5030310261,0.4214443694,0.2417860309,0.1658452406,0.5069063886,0.2115728989,0.6753806722,0.435110796,0.3094657211,0.3468145623,0.2877773252,0.6786183386,0.7954473958
242,1,1,1,1,1,0.4848495535,0.6111103446,0.6521870744,0.3884451448,0.5030269212,0.4215450742,0.2418048379,0.1659178262,0.5067656297,0.2116735559,0.6752969577,0.4350633248,0.3095179601,0.3466951395,0.2876963161,0.6786914472,0.7953980978
242.5,1,1,1,1,1,0.4848045701,0.6110729925,0.6521626835,0.3884513543,0.5030060713,0.4215631532,0.2417574409,0.1658878229,0.5068255609,0.2115938026,0.6754140388,0.4350458769,0.3094154854,0.3465277027,0.2878299479,0.6785199283,0.7956372477
243,1,1,1,1,1,0.4849281291,0.6112280832,0.6521254515,0.388428736,0.5029952214,0.4214726282,0.2418963857,0.1659968914,0.5068536704,0.2117218738,0.6753361232,0.4348861685,0.3093010695,0.346382742,0.2878301455,0.6785941044,0.7956595215
243.5,1,1,1,1,1,0.4849941058,0.6112811127,0.6519970926,0.3881773839,0.5029635097,0.4212927152,0.241785445,0.1660904715,0.5069577572,0.2118348361,0.6753481006,0.4349189929,0.3094469376,0.3464364662,0.2880491125,0.6787652621,0.7956146657
244,1,1,1,1,1,0.4848233741,0.6112358555,0.6518073135,0.3883415958,0.5029548102,0.4212955161,0.2419027699,0.1661878244,0.5068546374,0.2117523587,0.6754599031,0.4348992342,0.3092724117,0.3464193465,0.2879485868,0.6788167399,0.7957292721
244.5,1,1,1,1,1,0.4847863106,0.6114636343,0.6517831622,0.3883450366,0.5027910463,0.4212219215,0.2415658949,0.1661622885,0.5068017639,0.2117421139,0.6756351821,0.4349015649,0.3090894559,0.3464067611,0.2880264063,0.6786376925,0.7957079732
245,1,1,1,1,1,0.4847596799,0.6115263749,0.6519467656,0.388352653,0.5029754009,0.4210731005,0.2416218806,0.1660893232,0.5066107465,0.2118424278,0.6754069962,0.4345404983,0.3091775248,0.3462388869,0.2880990189,0.678547912,0.7956015046
245.5,1,1,1,1,1,0.4848315365,0.6112685245,0.6519840692,0.3884719771,0.5030753064,0.421209302,0.2416479936,0.1658970006,0.506648986,0.2118700503,0.6754329131,0.4345294711,0.3092127122,0.3463329056,0.2882179466,0.6785571517,0.7957159627
246,1,1,1,1,1,0.4846586847,0.6111827474,0.6519123127,0.3883474926,0.5033293221,0.4211004776,0.2417426463,0.1658228308,0.5064785844,0.2118577256,0.6755085132,0.4343908345,0.3094756143,0.3462540346,0.2879769226,0.6786872604,0.7957220258
246.5,1,1,1,1,1,0.484693885,0.6109972413,0.6518979712,0.3881856864,0.503311639,0.4212296227,0.2418580398,0.1658953898,0.5064642502,0.2118212965,0.6753382513,0.4344478191,0.3096987788,0.3464798359,0.2880774363,0.6787835782,0.7957585426
247,1,1,1,1,1,0.48454886,0.6110333522,0.6517417104,0.3882880193,0.5032045195,0.4213907698,0.2417991318,0.1659249018,0.5064132125,0.2117989787,0.6755000478,0.4349572443,0.3097162215,0.346439403,0.2880743588,0.6790297385,0.7956419079
247.5,1,1,1,1,1,0.4845126319,0.6109259049,0.6516931548,0.3883961788,0.5028909451,0.4214904943,0.2419498201,0.1658075309,0.5065519473,0.2118681465,0.6755463758,0.4349014495,0.3096051299,0.3465759874,0.2881191369,0.679273555,0.7955873332
248,1,1,1,1,1,0.4845908694,0.6109805002,0.6516191143,0.388200888,0.5029841428,0.4214827531,0.241791853,0.1656940696,0.5065758385,0.2119278645,0.6755983392,0.4348774116,0.3097655372,0.3466128697,0.2880782144,0.6792043084,0.7956559964
248.5,1,1,1,1,1,0.4846665962,0.6110682171,0.6515856517,0.3882790498,0.5028577808,0.4211272484,0.2417405655,0.1657082361,0.5066457787,0.2119941886,0.6757100709,0.4348703562,0.3098359428,0.3466109134,0.288041601,0.6792142448,0.7956261134
249,1,1,1,1,1,0.4846656798,0.6110380738,0.6517889181,0.3884116166,0.5030655671,0.4211973431,0.2416626025,0.1657221195,0.5065125274,0.2119461308,0.6757710591,0.4346303352,0.3099758787,0.3466887454,0.2881367531,0.6790598287,0.795637353
249.5,1,1,1,1,1,0.4846566162,0.6110519035,0.6516504493,0.3883622349,0.5031103835,0.4211334014,0.2417374237,0.165768396,0.5065755599,0.2118809739,0.6757098129,0.4345575261,0.3097213636,0.3465845747,0.2879782088,0.6789182729,0.795632364
250,1,1,1,1,1,0.4847900971,0.6110246256,0.6517004164,0.3882341289,0.5028099209,0.4213043035,0.2419508088,0.1655910478,0.5065849135,0.2117235927,0.6756351897,0.4344903644,0.3098053173,0.3465593123,0.287770492,0.6788129914,0.7955977981
250.5,1,1,1,1,1,0.4849645362,0.6110163715,0.6516514725,0.3883433849,0.5029220146,0.4212955732,0.2420830337,0.1656628738,0.5064891783,0.2117546907,0.6755280754,0.4345038444,0.3097194836,0.3467957077,0.2877430086,0.6786845895,0.7955885734
251,1,1,1,1,1,0.4849558217,0.6110663725,0.6516827526,0.3882594357,0.5030773791,0.4210725384,0.2417762333,0.165691565,0.5064602512,0.2117329681,0.675625749,0.4345839345,0.3097433878,0.3466713259,0.2877508817,0.6786978908,0.7954742522
251.5,1,1,1,1,1,0.4849483046,0.611057871,0.651868907,0.3884876004,0.5029486274,0.4212234626,0.2418678359,0.165861562,0.5063271679,0.2117710583,0.6757762394,0.4346315743,0.3096882503,0.3468450054,0.2878409038,0.678791227,0.7954761621
252,1,1,1,1,1,0.4850374059,0.6112107598,0.6519227509,0.3884902236,0.5028420296,0.4212575269,0.2418188799,0.1659367306,0.5063034674,0.2116911444,0.6759537086,0.4348318603,0.3095815374,0.346672159,0.2879655002,0.678693483,0.7954466818
252.5,1,1,1,1,1,0.4848667659,0.6113269385,0.6518109286,0.3884324115,0.5029231257,0.4212414991,0.2417890633,0.1659267028,0.5062876205,0.2116869541,0.6758532085,0.434965383,0.3096175013,0.3467572465,0.2877397813,0.6789192389,0.7953710157
253,1,1,1,1,1,0.4844798754,0.6113460563,0.6518909479,0.3885536674,0.5029687121,0.4211362645,0.2418069778,0.1659513373,0.5063414728,0.2116969392,0.6758351905,0.4348861473,0.3095039882,0.3467732156,0.287784357,0.6787388617,0.7954891794
253.5,1,1,1,1,1,0.4844487871,0.6113187634,0.6518289344,0.3884949994,0.5029560687,0.4211336186,0.2417072462,0.1660016461,0.5062936934,0.2117036861,0.6757897208,0.4346995897,0.3094807866,0.3467002933,0.2879256866,0.6786276588,0.7955517243
254,1,1,1,1,1,0.4846119501,0.6113150414,0.6516846412,0.3884522464,0.5029980066,0.4213310816,0.2415335034,0.1660504312,0.5061346527,0.2116422592,0.6757327843,0.434622888,0.3094332096,0.3466446987,0.2879410606,0.6786601218,0.7954611301
254.5,1,1,1,1,1,0.484825489,0.6113059669,0.6518144806,0.3883621455,0.5029536675,0.4212221923,0.2416504805,0.1659245669,0.506260904,0.211523375,0.6757516556,0.4346677302,0.3094964861,0.3464267458,0.2878176607,0.6786915473,0.7954499737
255,1,1,1,1,1,0.4848151694,0.611269897,0.6518280063,0.3883477233,0.5029381073,0.4211361431,0.2417598997,0.1659469293,0.5063746372,0.2116133509,0.6755194581,0.434698897,0.309780575,0.3464794543,0.2877086061,0.6786857278,0.795514011
255.5,1,1,1,1,1,0.4848799074,0.611220252,0.6518640438,0.3883324924,0.5030151488,0.4212909662,0.2417952137,0.1659261653,0.5063893576,0.2116752372,0.6755378111,0.4348150494,0.3097778976,0.3461834422,0.2877436036,0.6784485127,0.7954887386
256,1,1,1,1,1,0.4847909158,0.6110850644,0.6519891218,0.3883302584,0.5030847386,0.4211557036,0.2419708425,0.1659332084,0.5064736817,0.2116432871,0.675716087,0.4347486294,0.3098100311,0.3461326417,0.2876649347,0.6786556969,0.7953864314
256.5,1,1,1,1,1,0.4847581792,0.6110731702,0.6517495766,0.3883643224,0.5030068186,0.4213106148,0.2420044173,0.1659539418,0.5062272476,0.2117334176,0.6754249606,0.4346846911,0.309799899,0.3463269057,0.2878928025,0.6785513558,0.7953603876
257,1,1,1,1,1,0.4848903761,0.6111949909,0.651823283,0.3884982857,0.5031555312,0.4212153704,0.2418268832,0.1660124217,0.5061966075,0.2118240978,0.675422761,0.4347596129,0.3098397535,0.3461535857,0.2878835064,0.6782896703,0.7953520889
257.5,1,1,1,1,1,0.4847660431,0.6112836261,0.6521262389,0.3885502291,0.5028976641,0.421238458,0.2418190726,0.1660661279,0.5062274352,0.2119868576,0.6754331437,0.4347254054,0.3099146979,0.3461337112,0.2881013439,0.6783479894,0.7954769383
258,1,1,1,1,1,0.4848393122,0.6113078113,0.6522473562,0.3885309437,0.5029090613,0.4212496991,0.2416976331,0.1660041856,0.5061208473,0.211947871,0.6754307834,0.434715887,0.309809729,0.3459589718,0.2878123823,0.6780377333,0.7955765476
258.5,1,1,1,1,1,0.4848984426,0.6112364167,0.6521176961,0.3886122283,0.5032023941,0.4211951975,0.2417455715,0.165999441,0.5062225832,0.2118132888,0.6753691215,0.4347529796,0.3095790346,0.3460988729,0.2875889256,0.678094494,0.7955488964
259,1,1,1,1,1,0.4848364673,0.6113132457,0.6521098442,0.3884976354,0.5034920712,0.4212455697,0.2416637847,0.165993788,0.5063245837,0.2117635883,0.6753258306,0.4348584503,0.3096596971,0.3463483357,0.2876489504,0.6778482056,0.7954737253
259.5,1,1,1,1,1,0.484939062,0.6112753846,0.6520949869,0.3885893357,0.5034469963,0.4212993955,0.2417583153,0.1658848372,0.5063055065,0.2117511421,0.6753245752,0.4347141939,0.3096956504,0.3463220713,0.2877048507,0.6780755551,0.7953835786
260,1,1,1,1,1,0.4851496929,0.611231728,0.6521621032,0.3885903919,0.5034421304,0.4213966848,0.2418841406,0.1658725976,0.5065842304,0.2117738681,0.6753684749,0.4347098066,0.3096866757,0.3463675349,0.2875632666,0.678158637,0.7954192963
260.5,1,1,1,1,1,0.4851490125,0.6111181796,0.6522402149,0.3886019073,0.503293429,0.4214271579,0.2419144319,0.165848789,0.506637944,0.2117324902,0.675338248,0.4345525665,0.309471017,0.3464700584,0.2876228737,0.678400771,0.7953316285
261,1,1,1,1,1,0.4848509437,0.6112780071,0.6520039019,0.3886253654,0.5033456909,0.4214102146,0.2418769378,0.1658925198,0.5066355405,0.2114423402,0.675257241,0.4345940692,0.3095594163,0.3463778859,0.2878581849,0.6783683167,0.7953340546
261.5,1,1,1,1,1,0.4848135511,0.6111688375,0.6519688898,0.3885862849,0.5031921416,0.421337318,0.2417979721,0.1660188927,0.5066776508,0.2114474012,0.6750743458,0.4343802946,0.3096353769,0.34646463,0.2879276317,0.6782659194,0.7952587336
262,1,1,1,1,1,0.4849543962,0.6111221797,0.651808788,0.3884593254,0.5032473532,0.4212476243,0.2416621066,0.1660736605,0.5067206496,0.2116129406,0.6751314704,0.4343859306,0.3095472652,0.3464563848,0.2880804334,0.6783264137,0.7951766004
262.5,1,1,1,1,1,0.4848747393,0.6112024825,0.6520371135,0.3886013789,0.503164574,0.4210909223,0.2416138473,0.1660631867,0.506791116,0.2118937803,0.6751158808,0.4343148949,0.309470396,0.3463157278,0.2879956264,0.6783228644,0.7951567995
263,1,1,1,1,1,0.4846114823,0.6112242376,0.651970983,0.3886607278,0.503247106,0.4211986998,0.2416839638,0.1661037295,0.5066793503,0.2119425294,0.6752290225,0.4344641506,0.309481404,0.3466093106,0.2879361574,0.6784492569,0.7952677596
263.5,1,1,1,1,1,0.4847163509,0.6112030837,0.6519248732,0.3887740698,0.503196695,0.4212332884,0.2417316342,0.1661829529,0.506548436,0.2119933778,0.6750795944,0.4344691118,0.3094878283,0.346673657,0.2879119833,0.6783421216,0.7953943042
264,1,1,1,1,1,0.4847011501,0.6110878234,0.651915186,0.3886165669,0.5030402693,0.4210981531,0.241618296,0.166074432,0.5066474142,0.2120012339,0.6751233992,0.4345862482,0.3095328307,0.3467272829,0.2881387882,0.6784204897,0.7954998154
264.5,1,1,1,1,1,0.4846892488,0.6109609115,0.6519665303,0.3884678531,0.5028637793,0.4210885561,0.241707127,0.1661890429,0.5065373894,0.2121662744,0.6748701715,0.4347148076,0.3095353852,0.3466556076,0.2882904888,0.6784100419,0.7955209885
265,1,1,1,1,1,0.4849641553,0.6110463211,0.6520362792,0.388428092,0.5031283706,0.4213186786,0.2416338895,0.1661258317,0.5065338599,0.2121569773,0.6747586332,0.4348818011,0.3093950737,0.3465938206,0.2882304109,0.6783321051,0.7954741344
265.5,1,1,1,1,1,0.484972544,0.6112643206,0.6519958133,0.388261118,0.5029171187,0.4213480108,0.2416944415,0.1661241638,0.5064614682,0.2121252662,0.6746824514,0.4350910003,0.3092798074,0.3466312322,0.2881682272,0.6781999295,0.7954667868
266,1,1,1,1,1,0.4848493206,0.611172827,0.6518815392,0.3881010493,0.5029630375,0.4213591329,0.2417390313,0.1661043634,0.5064633349,0.212007936,0.6747257929,0.4351364093,0.3094489557,0.3464624205,0.2879421702,0.6783417045,0.7955779313
266.5,1,1,1,1,1,0.4847203158,0.6111291127,0.6521341966,0.388174247,0.5028345905,0.4212475064,0.2417146883,0.166044075,0.5066483025,0.2121178563,0.6745864199,0.4347894784,0.3096732787,0.3464472677,0.2879185215,0.6785661375,0.7954653594
267,1,1,1,1,1,0.4848286113,0.6110368089,0.6520091995,0.3879951476,0.5030648875,0.4211172958,0.2416824329,0.1660635289,0.506591878,0.2120888928,0.6745508547,0.4348556533,0.3097944168,0.3464375074,0.2879400692,0.6787826317,0.7954328827
267.5,1,1,1,1,1,0.4847293355,0.6111704576,0.6518554501,0.388129224,0.5031655136,0.4211168868,0.2416165571,0.1659577383,0.5064076222,0.2120321113,0.674392915,0.4347842971,0.3097526427,0.3463857631,0.2879396316,0.6786866623,0.7954084479
268,1,1,1,1,1,0.4848789399,0.6111634517,0.6517593652,0.3882545497,0.503053421,0.4211778026,0.2417574171,0.1659559051,0.5063426002,0.2119349871,0.6744018601,0.4347574806,0.3096866229,0.3463569765,0.2880168408,0.6787129399,0.7953387835
268.5,1,1,1,1,1,0.4847174651,0.6111005199,0.6518022827,0.3882877141,0.5029651281,0.4211894445,0.2416312077,0.1660223906,0.5064909558,0.2118557813,0.6745695772,0.4345005423,0.3096787783,0.3462184348,0.2879287617,0.6789396137,0.795222866
269,1,1,1,1,1,0.4848291217,0.611058072,0.6518908421,0.3882840475,0.5026339746,0.4213147111,0.2417446577,0.1659862615,0.5064456473,0.2118839593,0.6746455217,0.4344897902,0.3097380423,0.3463963149,0.2880360518,0.6790996768,0.795157209
269.5,1,1,1,1,1,0.4850075368,0.6111274879,0.6518763134,0.3884163744,0.5026401599,0.421409351,0.2418342786,0.1657942913,0.5064015196,0.2117825805,0.6745186284,0.4345929419,0.3097566856,0.3463193369,0.2878430785,0.6791247627,0.7950497135
270,1,1,1,1,1,0.4850122364,0.6112451674,0.6519385153,0.3884910518,0.5026205931,0.4213289992,0.2419971072,0.1657601421,0.5062830379,0.2117299194,0.6745301763,0.4347339332,0.3096711192,0.3463832219,0.2880271186,0.6791899439,0.7950545579
270.5,1,1,1,1,1,0.4850105246,0.6114070671,0.6517638088,0.3885405412,0.5027901683,0.4211135115,0.2421616184,0.1658039023,0.506238356,0.2117315277,0.674511058,0.4348375875,0.3096895049,0.3466438958,0.2879474925,0.6791847694,0.7948806112
271,1,1,1,1,1,0.484911925,0.6113532815,0.6516177431,0.3886906645,0.5029664144,0.4211919351,0.2420416328,0.1659530624,0.5063228288,0.2117163678,0.6743387213,0.4348221658,0.3096112472,0.3466734814,0.2881665827,0.6791287924,0.7948736876
271.5,1,1,1,1,1,0.4849439398,0.6113435677,0.6518444986,0.3883568731,0.5029793163,0.4214413451,0.2420655871,0.1661470759,0.5060845181,0.2116359849,0.6742571568,0.4348885182,0.3096732695,0.3469171973,0.2882168574,0.6789316717,0.7949614921
272,1,1,1,1,1,0.4849309232,0.6112692289,0.6518803711,0.3885535037,0.5030638358,0.4215731363,0.2421322917,0.1661418189,0.5060425608,0.2116806073,0.674259542,0.4347112055,0.3098529082,0.3469064955,0.2883430948,0.6789129037,0.7951305368
272.5,1,1,1,1,1,0.4850894497,0.6114359318,0.6517822947,0.3884025445,0.5030230907,0.4217216513,0.2421683912,0.1660503183,0.5059943662,0.2118398982,0.6741318634,0.4348122835,0.3095756177,0.3468976095,0.288117517,0.6787708009,0.7952088969
273,1,1,1,1,1,0.4851148863,0.6113857892,0.6519301102,0.3884874072,0.5031162273,0.4217878623,0.2422098561,0.1660788702,0.5060477318,0.2116843573,0.6743323323,0.4346702081,0.309671009,0.3469488134,0.2882822634,0.6787302978,0.7952406919
273.5,1,1,1,1,1,0.4849571087,0.6112753648,0.6519260741,0.3883425132,0.503100952,0.4217181061,0.2422953144,0.1659901139,0.5061619442,0.2115760154,0.6742931474,0.4347010804,0.3096456916,0.3468793922,0.2882569418,0.6788899472,0.7951412054
274,1,1,1,1,1,0.485000395,0.6111600245,0.6517126333,0.3882964192,0.5030346528,0.4216349337,0.2422576309,0.1660303074,0.5063480992,0.2117312693,0.6743406722,0.4347547774,0.3095894836,0.3466571885,0.2882006716,0.6786971955,0.7950920499
274.5,1,1,1,1,1,0.4849548803,0.6111034838,0.6521236481,0.3882755034,0.5031083546,0.4217399416,0.2420633533,0.1661367947,0.5063057304,0.2117157748,0.6742819133,0.4347080749,0.3096701696,0.3465819696,0.2881997383,0.6785981309,0.7950828277
275,1,1,1,1,1,0.484586577,0.6110509888,0.6518355801,0.3881305667,0.5031417144,0.4214534646,0.2420686689,0.1660693684,0.5064372171,0.211705788,0.6742785477,0.4348788214,0.3094835587,0.3463869009,0.2882340412,0.6787176707,0.7951449959
275.5,1,1,1,1,1,0.484536795,0.6111128677,0.6519766493,0.3882170419,0.503116258,0.4215789263,0.2420965576,0.1659362588,0.5064543305,0.2118447919,0.6743107084,0.4349739674,0.3095947209,0.3466095871,0.288197453,0.6787328121,0.795181381
276,1,1,1,1,1,0.4845804435,0.6111665627,0.6516895996,0.3883643974,0.5029438563,0.4216517212,0.242143965,0.1659824176,0.5064905708,0.2119130237,0.6743130578,0.4346817865,0.309741143,0.3463304865,0.2881895911,0.6787604848,0.7951767994
276.5,1,1,1,1,1,0.4844510766,0.6112668589,0.6519122652,0.3883627939,0.5027572773,0.4215526614,0.2420876236,0.1661426616,0.5063244651,0.2119459945,0.6742139719,0.4347258037,0.3099191456,0.3463430915,0.2881262199,0.6786502379,0.7953025144
277,1,1,1,1,1,0.4843246851,0.6110712665,0.6522370677,0.3882399321,0.5025095326,0.4214724374,0.2419323878,0.1661595464,0.506469791,0.2121512166,0.6743264388,0.4346477041,0.3097696711,0.34655567,0.2879532129,0.6786195506,0.7954082441
277.5,1,1,1,1,1,0.4844438499,0.6110526356,0.6522313543,0.3881568073,0.5027504213,0.4211985954,0.2418518004,0.1660899762,0.5063837485,0.212052271,0.6745779221,0.4346905226,0.3096981077,0.3464485061,0.2878697252,0.6786050252,0.7953702288
278,1,1,1,1,1,0.4845173857,0.6109637775,0.6522558701,0.3883129829,0.5025887699,0.4212413314,0.2417490425,0.1659669717,0.5067026235,0.2120835374,0.6743532254,0.4346822647,0.3097835278,0.3464908868,0.2877216074,0.678754135,0.7951884773
278.5,1,1,1,1,1,0.4847042809,0.6111799801,0.65224429,0.3886953095,0.5027060097,0.4214293661,0.2417441743,0.1659675769,0.5067066337,0.2119225221,0.6745340603,0.4347621263,0.3099053112,0.3464835591,0.2878047952,0.6788334859,0.7950935905
279,1,1,1,1,1,0.484485186,0.6110924983,0.6519382456,0.3887223529,0.5027437603,0.4214846535,0.2418894513,0.1659287065,0.5067916169,0.2119584231,0.6744548503,0.4347809285,0.3099729321,0.346575354,0.2877118558,0.6787764479,0.795030088
279.5,1,1,1,1,1,0.484488705,0.6110713825,0.6518803707,0.3885429941,0.5026866861,0.421267947,0.2421244835,0.1660259464,0.5068682442,0.2117723407,0.6741976794,0.4348222744,0.3097792112,0.3464910038,0.2876830442,0.678891215,0.7950160233
280,1,1,1,1,1,0.4844836292,0.611202703,0.6517756957,0.3885826586,0.5026718654,0.4211006673,0.2421293359,0.1660761807,0.5068333682,0.2118558058,0.6742859956,0.4348386946,0.309689132,0.3465999973,0.2877076033,0.67872907,0.7951489464
280.5,1,1,1,1,1,0.4846766095,0.6112305354,0.6518055525,0.3885749914,0.5027680239,0.4209886126,0.2422180334,0.166130578,0.5066983101,0.2118425795,0.6743849442,0.4348000848,0.3097361206,0.3465058478,0.2876784769,0.6786433665,0.7953029334
281,1,1,1,1,1,0.4847113728,0.6111778196,0.6520369061,0.3885399798,0.5027151407,0.4209644501,0.2420147586,0.165995536,0.5065953814,0.2117993496,0.6743043861,0.4346384088,0.3096046353,0.3463880634,0.2877362622,0.6787342671,0.7951253543
281.5,1,1,1,1,1,0.4845316713,0.611102108,0.6521509434,0.3885850685,0.5025895162,0.4210362703,0.2418972345,0.165971422,0.5066271275,0.2118892405,0.6743058026,0.4348000964,0.3095618938,0.3463935619,0.2875570015,0.6786474106,0.7952067254
282,1,1,1,1,1,0.4843924344,0.6109169719,0.6520637179,0.3884663967,0.5025839715,0.4211935601,0.2419340275,0.1660505553,0.5065649419,0.2118947763,0.6743231439,0.4347804744,0.3096244798,0.3466329024,0.2876939434,0.678494814,0.7952057609
282.5,1,1,1,1,1,0.4843981157,0.610839211,0.6521095535,0.3884083255,0.5028311372,0.4213862363,0.2420984368,0.1659865227,0.5067420443,0.2118385292,0.6743365726,0.4348020655,0.3095841344,0.3467430411,0.2877454021,0.6785099854,0.795110475
283,1,1,1,1,1,0.4845193787,0.6109685959,0.6520304659,0.3884060609,0.5028116192,0.4216161559,0.2420797467,0.1658947321,0.5067577998,0.2117428176,0.6744480486,0.434844392,0.3097127297,0.3465879174,0.2876958544,0.6785456334,0.7949522814
283.5,1,1,1,1,1,0.4843549969,0.6112689396,0.6519762891,0.3883970663,0.5026626586,0.4214127923,0.2420822768,0.1658835449,0.5066265945,0.2116624881,0.6744521271,0.434686107,0.3096886892,0.3468154177,0.2877533302,0.6784653438,0.7949256942
284,1,1,1,1,1,0.4844860003,0.611289924,0.6521167667,0.3882564358,0.5026325294,0.4214664383,0.2421079158,0.1659229079,0.506795334,0.2114560434,0.6744741069,0.4346153987,0.3095297227,0.3467218982,0.2878697947,0.6785250413,0.7951038939
284.5,1,1,1,1,1,0.4844093524,0.6111276013,0.6520579694,0.3884145802,0.5024775802,0.4214675009,0.2420495054,0.1658445879,0.5068173708,0.211395881,0.6744751279,0.4345525024,0.30949778,0.3468215661,0.2879267978,0.6787702919,0.7951429403
285,1,1,1,1,1,0.4846237713,0.6111957317,0.6519291538,0.3884932044,0.5027835466,0.4216424915,0.2420489567,0.1658182073,0.5068106591,0.2113213879,0.6744311309,0.4345794101,0.3095396609,0.3468027473,0.2880754295,0.6787982781,0.7951228139
285.5,1,1,1,1,1,0.4846241257,0.6113639497,0.6518996737,0.3885827521,0.5028026682,0.4214505389,0.2421624284,0.1659161362,0.5069333253,0.2114734201,0.6746289937,0.4344845859,0.309677444,0.3465308305,0.2881186395,0.6785745193,0.7952524779
286,1,1,1,1,1,0.484883667,0.611237032,0.6518523327,0.3887576432,0.5027222432,0.4215068871,0.2421723232,0.1658870289,0.5068915249,0.2115066174,0.6748025101,0.4344141021,0.3096304747,0.3467289201,0.2880542193,0.6785434962,0.7950958396
286.5,1,1,1,1,1,0.4848922684,0.6114575045,0.6519340579,0.3889132442,0.5029357238,0.4215984518,0.2422708614,0.1658933148,0.5068563308,0.2112705447,0.6748780254,0.4344217405,0.3095444756,0.346495474,0.2880523987,0.6784372457,0.7950754127
287,1,1,1,1,1,0.4847703787,0.6112842499,0.6517151025,0.3887359996,0.5026724603,0.4216389236,0.2422201747,0.1660478271,0.5067799745,0.2111752225,0.6750922922,0.4343125757,0.3096347157,0.3463505354,0.2878473924,0.6785274404,0.7948484139
287.5,1,1,1,1,1,0.4849149968,0.6111259589,0.6517474326,0.3887399982,0.5027623182,0.4216263983,0.2420342601,0.1661051534,0.5069070564,0.2112926359,0.6750360109,0.4346428103,0.3094282017,0.3463298114,0.2878580052,0.6785724687,0.7948728527
288,1,1,1,1,1,0.4849509097,0.6110637171,0.651823302,0.3887374672,0.5029672844,0.4216435208,0.2420825162,0.1661833863,0.5070305358,0.2113814403,0.6750624255,0.4347428061,0.3095357617,0.346164179,0.2878241115,0.6787119792,0.7950742568
288.5,1,1,1,1,1,0.4848641594,0.6110125989,0.6518362272,0.3885921466,0.5029554694,0.4216485317,0.2422072781,0.1661869258,0.5072637893,0.2114629424,0.6752677937,0.4347316139,0.3096924911,0.3462433563,0.2879162637,0.6786101725,0.7950100471
289,1,1,1,1,1,0.4846192672,0.6110323498,0.6518178648,0.3886092517,0.5030076216,0.4216780225,0.2422200728,0.1661064794,0.507175603,0.2115568108,0.6753116748,0.4346156535,0.3096747735,0.3462137058,0.287923401,0.6784762984,0.795058196
289.5,1,1,1,1,1,0.4847960403,0.6110934958,0.6519285163,0.3885104879,0.5030205251,0.4215353556,0.2422266969,0.1661183293,0.5072156068,0.2115998383,0.6751992082,0.4346266698,0.3099365655,0.34622653,0.2878007071,0.6785004326,0.7949584365
290,1,1,1,1,1,0.4849310399,0.6112367295,0.651914118,0.3884061952,0.5028753575,0.4212616172,0.2420501121,0.1660997975,0.5070244184,0.2118061368,0.6754240815,0.4345631903,0.3097789633,0.3465141978,0.2879456367,0.678447078,0.7950375108
290.5,1,1,1,1,1,0.4848922974,0.6112608642,0.6516888354,0.3883979887,0.5028763475,0.4212859251,0.2420692826,0.1660660368,0.5070771638,0.2115991335,0.6755510177,0.4347260196,0.309720467,0.3466253897,0.287949685,0.6783687193,0.7948538678
291,1,1,1,1,1,0.484938247,0.6112499804,0.6517294261,0.3884962837,0.5029271707,0.4214804586,0.2420522241,0.1661959605,0.5069151216,0.2117861163,0.6757417634,0.4345112887,0.309568179,0.3467275559,0.2881181,0.678686192,0.7948565537
291.5,1,1,1,1,1,0.4850219814,0.6114456948,0.6517297962,0.3885485034,0.5030476452,0.4215428503,0.2421481302,0.166245448,0.5069285636,0.2118335276,0.6757860112,0.4346135616,0.3094343008,0.346678133,0.2879797722,0.6785283878,0.7949273362
292,1,1,1,1,1,0.484923615,0.6112271317,0.6519365405,0.3884416835,0.5031627693,0.4215969514,0.2423113909,0.1662565795,0.5069482229,0.2117519581,0.6759584599,0.4346057102,0.3094705747,0.346384918,0.2879472291,0.6786450125,0.794829604
292.5,1,1,1,1,1,0.4847469156,0.6111237376,0.6520340452,0.3884452321,0.5031336952,0.4214654408,0.2422899398,0.1661939722,0.5066991523,0.211808035,0.6760828728,0.4346958262,0.3095605453,0.3466194334,0.2877772434,0.6786634337,0.7947905215
293,1,1,1,1,1,0.4848679631,0.6111750187,0.6518739273,0.3883725988,0.5032623279,0.4211741227,0.2421973232,0.1661625549,0.5067712997,0.2118016616,0.6760689813,0.4346319585,0.3094398203,0.346584441,0.2877397454,0.6785940859,0.7947966682
293.5,1,1,1,1,1,0.4849343017,0.6111250601,0.6517195184,0.3885165025,0.5032881745,0.4213277207,0.2421924539,0.1661620076,0.5067667286,0.2118970885,0.6758913543,0.4346146999,0.3093548673,0.3464439155,0.2878546253,0.6785251562,0.7945850166
294,1,1,1,1,1,0.4851438174,0.6113774063,0.6516591211,0.3884747046,0.5031161366,0.4212579196,0.2421740746,0.1662161563,0.5065959174,0.2118145047,0.675859569,0.4346968619,0.3093850747,0.3465038787,0.2877186404,0.678591263,0.7946332332
294.5,1,1,1,1,1,0.4849686437,0.611325391,0.6515750253,0.3883877379,0.5032770007,0.4214745374,0.2421161122,0.1661170251,0.5064216153,0.2116540413,0.6759500603,0.4346649984,0.3097338675,0.3465752163,0.2879596041,0.678602845,0.7945567432
295,1,1,1,1,1,0.4850326686,0.6112476483,0.6516619907,0.3883817799,0.503330432,0.4213359468,0.2419799424,0.1659919867,0.5062654209,0.211700742,0.6758441683,0.4345569493,0.3095974686,0.3464295843,0.2879374534,0.6782706569,0.7945808066
295.5,1,1,1,1,1,0.4850769366,0.6112396587,0.6517087538,0.3882808546,0.5032893661,0.4213071161,0.2420121988,0.1659832325,0.5062461143,0.2117356633,0.6760283507,0.4346557491,0.309550825,0.3468313279,0.2878204444,0.6783238475,0.7945631653
296,1,1,1,1,1,0.4850568383,0.6112156329,0.6515609299,0.3884003944,0.5033398184,0.4215111169,0.2418888652,0.1660838749,0.5062886959,0.2117054862,0.6759434927,0.4345514322,0.3095592343,0.3467874265,0.2878794743,0.6781988926,0.7945066197
296.5,1,1,1,1,1,0.485033592,0.6110351897,0.6514539873,0.3881795293,0.5032667297,0.4213904037,0.2416428296,0.1660690763,0.5060908054,0.2115579533,0.6759410081,0.4343450077,0.3095153454,0.3468330025,0.2878325782,0.6782522686,0.7945507176
297,1,1,1,1,1,0.4848537898,0.6109414325,0.6514458174,0.3880820289,0.5029990293,0.4214943442,0.2418071668,0.1660397611,0.5061843067,0.2117141495,0.6759395075,0.4344137988,0.309493035,0.3468131848,0.2877021661,0.6782269704,0.794735539
297.5,1,1,1,1,1,0.4848066498,0.6110211896,0.6517703487,0.3878845516,0.5030470676,0.4215256919,0.2419417586,0.1661203924,0.5058834284,0.2117556374,0.6759245942,0.4344810981,0.3093881332,0.3467288373,0.2876837877,0.6780571473,0.7945982148
298,1,1,1,1,1,0.4847283946,0.6109756597,0.6517614114,0.387642228,0.5028225646,0.4213716758,0.242014227,0.1660789825,0.5059353635,0.2118169994,0.675757976,0.4346912105,0.3096454425,0.3467511757,0.2875226211,0.6782278023,0.794551291
298.5,1,1,1,1,1,0.4845818303,0.6109816629,0.6518966315,0.3877142104,0.5027965746,0.4214726144,0.242023807,0.166080001,0.5059437765,0.2117974735,0.6756558561,0.4347651956,0.3097635511,0.3466191515,0.2876572282,0.6783780368,0.7945663256
299,1,1,1,1,1,0.4846872782,0.6110776582,0.6520324805,0.3878454443,0.5027879753,0.4211242048,0.2418385205,0.1661386815,0.5060077393,0.2117262892,0.6757514869,0.4345960432,0.309849867,0.3466244106,0.2876794759,0.678569682,0.7945377414
299.5,1,1,1,1,1,0.4848899298,0.611150128,0.651989145,0.3882554656,0.5028272861,0.4211142665,0.2418207848,0.1661833704,0.5060422692,0.2116202835,0.6758709861,0.4346363486,0.3096195542,0.3466079294,0.2877408024,0.6785859374,0.7945467867
300,1,1,1,1,1,0.4849347077,0.611233309,0.6519342214,0.3881902802,0.5027633469,0.4210422986,0.2416971168,0.1661402191,0.506138871,0.2115145425,0.6758693552,0.4346881977,0.3095367407,0.3465818061,0.2877420527,0.6786189572,0.7944831596
300.5,1,1,1,1,1,0.4847471095,0.61116493,0.6518769442,0.3882739636,0.5028489505,0.4212437662,0.2418526179,0.1661857484,0.5060168055,0.2115363967,0.6760545438,0.4347377054,0.3097374947,0.3463935245,0.2879790814,0.6784274306,0.7943667263
301,1,1,1,1,1,0.4847551876,0.6110919346,0.651879873,0.3882762292,0.5030753616,0.4210536106,0.2417177262,0.166001704,0.5061515244,0.2115012751,0.6761560215,0.4348652038,0.3096442333,0.3463463761,0.2878617502,0.6785330796,0.7943936811
301.5,1,1,1,1,1,0.4848457305,0.611150384,0.652161477,0.3883832634,0.5030569663,0.4212343921,0.24169206,0.1659700488,0.5061375435,0.2116180785,0.6761508146,0.4349804727,0.3095782055,0.3465143079,0.2878818035,0.6782911599,0.7943613801
302,1,1,1,1,1,0.4848235597,0.6113589013,0.6521019836,0.3883507011,0.5030372387,0.4211602505,0.2417786968,0.1661599608,0.5062849537,0.2114500331,0.6761200712,0.4347531027,0.3096365119,0.34609494,0.287871452,0.6784045073,0.7942589525
302.5,1,1,1,1,1,0.4848611579,0.6112636919,0.6521537114,0.3882827058,0.5031325137,0.4214576506,0.2418405625,0.1661757375,0.5064120889,0.211562428,0.6759958548,0.4346584193,0.3095073281,0.34604513,0.2878704906,0.6784563603,0.7943093983
303,1,1,1,1,1,0.4847733448,0.6111902426,0.6519710126,0.3884298803,0.5032666077,0.4213473768,0.2418710278,0.166068108,0.5063683367,0.2116391633,0.6759372147,0.4345705716,0.3094629716,0.3460531604,0.287790799,0.6784138839,0.7943372429
303.5,1,1,1,1,1,0.4848680567,0.6112695445,0.6520358731,0.388450315,0.5033047452,0.4213155273,0.2417603212,0.1661235126,0.5065077782,0.2115723461,0.6758686936,0.4343804918,0.3096391593,0.3460792551,0.2880071928,0.6782735289,0.7945034196
304,1,1,1,1,1,0.4848788109,0.6113949234,0.6518224121,0.3884429223,0.5031821677,0.4213478538,0.2419587384,0.1660755028,0.5065162445,0.2117070372,0.6758117657,0.4346257389,0.3097018115,0.3461821193,0.2878072082,0.6782910994,0.7944214959
304.5,1,1,1,1,1,0.4846991316,0.6113866954,0.6517941519,0.3882681156,0.5034329227,0.4213362138,0.2418767325,0.1660198658,0.5066907407,0.2116128006,0.6757852249,0.4346140919,0.3097270008,0.3460334906,0.287730984,0.6783397601,0.7943553302
305,1,1,1,1,1,0.4846669878,0.6113032773,0.651758992,0.3883542701,0.5032004148,0.4212838962,0.2417558779,0.1659135981,0.5065729082,0.2114827777,0.67560598,0.4346984636,0.3097865584,0.3460517628,0.2879265789,0.6781498364,0.7944289975
305.5,1,1,1,1,1,0.484431683,0.6113066941,0.6519794465,0.3882341735,0.5031896419,0.4213577376,0.241587278,0.165855744,0.5066848783,0.2113446032,0.6755748268,0.4348215041,0.3096437817,0.3460821717,0.2878796784,0.6780424925,0.7944500797
306,1,1,1,1,1,0.4843545903,0.6112016349,0.6518421605,0.3884195916,0.5033716239,0.4214159678,0.2416506145,0.1658971325,0.5067244272,0.2114996836,0.675495162,0.4347550307,0.3096658804,0.3463286235,0.2878726432,0.6778634542,0.7944363616
306.5,1,1,1,1,1,0.484423896,0.6111962478,0.6516336375,0.3883680548,0.5032878263,0.4213930985,0.241849167,0.1659964358,0.5068146392,0.2115829418,0.6755684841,0.4346486636,0.3095752153,0.3467268746,0.2880136511,0.6778206201,0.7944564322
307,1,1,1,1,1,0.4846418264,0.6110891726,0.6517790732,0.388308376,0.5031051599,0.4214385549,0.241910034,0.165963894,0.5067564322,0.2116821654,0.6756825096,0.4345178997,0.3095671327,0.3465004299,0.2880524838,0.677617285,0.7944156713
307.5,1,1,1,1,1,0.4848680255,0.6112079776,0.6519967117,0.3882395456,0.5030779648,0.4213523783,0.241870693,0.1658614122,0.5066327622,0.2117096414,0.6756858136,0.434572887,0.3097151886,0.3463742176,0.2882345092,0.6776598457,0.7944208443
308,1,1,1,1,1,0.4846972826,0.6112125623,0.6518168988,0.38848406,0.5030887664,0.4215290397,0.2417779919,0.1658327091,0.5065888973,0.2118657967,0.6758088616,0.4347100243,0.3098233328,0.346425884,0.2880999249,0.6778436015,0.7945007866
308.5,1,1,1,1,1,0.4845359044,0.6112626958,0.651800766,0.3887479991,0.5031312324,0.4217136504,0.2419771985,0.1658896781,0.506684313,0.2119024048,0.6758362368,0.434705681,0.3098130696,0.3465384627,0.2879725004,0.6777349959,0.7944000869
309,1,1,1,1,1,0.4846659097,0.6113342937,0.6517502956,0.3887682982,0.5030696026,0.4214095257,0.2420695292,0.1659392665,0.506623435,0.2117932375,0.6758969232,0.4343975819,0.3096828865,0.3464508604,0.2878529011,0.6777040662,0.7944981394
309.5,1,1,1,1,1,0.4846435442,0.6114225038,0.6516793678,0.3887256587,0.5031274748,0.4215082567,0.2420427525,0.1659189281,0.5064853887,0.2117288304,0.6759231637,0.4344646671,0.309647179,0.3464335298,0.2878667377,0.6777254083,0.7944057144
310,1,1,1,1,1,0.48480803,0.6111670936,0.651840916,0.388426059,0.5030136463,0.4214114785,0.2420520333,0.1659484897,0.5065168555,0.2117042772,0.6757558861,0.4344236774,0.3096543903,0.3462559629,0.2879193176,0.6776702001,0.7945672753
310.5,1,1,1,1,1,0.484597603,0.6112891251,0.6520239656,0.3884879048,0.5029159101,0.4215720955,0.242103432,0.1661316941,0.5064786665,0.211699699,0.6756804413,0.4343447307,0.3098300474,0.3463636234,0.2879274218,0.677638699,0.7945866951
311,1,1,1,1,1,0.4847400588,0.6113400328,0.6518566175,0.3884449988,0.5029103013,0.4214698457,0.2419465888,0.1659021998,0.506620784,0.2116742322,0.6757124267,0.4345160753,0.3096208615,0.3464527815,0.2878642523,0.6774780349,0.7946787228
311.5,1,1,1,1,1,0.4844692786,0.6113581325,0.6518655883,0.3883250877,0.5028312432,0.4213946246,0.2419795341,0.1660328074,0.5065862345,0.2115757827,0.675672117,0.434751137,0.3095189081,0.3464055094,0.2878389075,0.677553523,0.7948575113
312,1,1,1,1,1,0.4845735867,0.6114605449,0.6519980046,0.3883469926,0.5029906651,0.4214604923,0.2419385745,0.1659517353,0.5064209839,0.2116870066,0.675582874,0.4346117735,0.3096589411,0.346217097,0.2878854321,0.6778070067,0.7948016315
312.5,1,1,1,1,1,0.4847418823,0.6116065271,0.6519883749,0.3884603671,0.5027711361,0.4212140889,0.2418202821,0.1660759975,0.5066604228,0.2117188667,0.6756756052,0.4346012638,0.3096880135,0.3464344276,0.2881180157,0.6779273377,0.7948550458
313,1,1,1,1,1,0.4848034814,0.6114058178,0.6519493314,0.3883126041,0.5029865485,0.4212062078,0.2417859532,0.1659975334,0.5065838612,0.2118556523,0.6755715066,0.4344133899,0.3095266228,0.3462844278,0.288025665,0.6780055588,0.7945960596
313.5,1,1,1,1,1,0.4846417678,0.6115820356,0.6519155381,0.3884223509,0.502776803,0.421145469,0.2417299365,0.1660048852,0.5066072718,0.2117168745,0.6757132437,0.4345228195,0.3095525283,0.3464914784,0.2879201548,0.6779345805,0.7946342446
314,1,1,1,1,1,0.4846519931,0.6113959919,0.6520989215,0.388314941,0.5027926691,0.4212230177,0.2417253828,0.1660776149,0.5068152862,0.2117128653,0.6758177293,0.4345218928,0.3094739729,0.3463266035,0.2877268699,0.6778163317,0.7946956298
314.5,1,1,1,1,1,0.4846515917,0.6113648646,0.6519429197,0.3883720386,0.5029632745,0.4213848918,0.2416521021,0.1661166311,0.5066982598,0.2115929854,0.6758599858,0.4345477202,0.3096279127,0.3463220023,0.2879466407,0.6777829884,0.7947864565
315,1,1,1,1,1,0.4847240817,0.611421679,0.6519709979,0.3883899557,0.5030653486,0.4214926604,0.2416703973,0.1660292763,0.5067864911,0.2117421149,0.6759381799,0.4345617373,0.3098538429,0.3462048282,0.2878309421,0.6777707497,0.7947703876
315.5,1,1,1,1,1,0.4847231974,0.6114644652,0.6519117838,0.3881904239,0.5030428741,0.4216111645,0.2417301067,0.1659760811,0.5067228303,0.2116090482,0.6758047257,0.4345991622,0.3099179069,0.3461051813,0.2879333424,0.677712263,0.7948673026
316,1,1,1,1,1,0.4846046459,0.6112799377,0.6518544953,0.38818047,0.5028594138,0.4214185351,0.2417734445,0.1659752991,0.5066885551,0.2115784034,0.6757806745,0.4346113416,0.3099536997,0.3461579498,0.2878253013,0.67811458,0.7948238029
316.5,1,1,1,1,1,0.4847786099,0.6112393078,0.6517711197,0.3882177063,0.5029305187,0.4215531547,0.2419637891,0.1659785025,0.506684683,0.2116868929,0.6759215259,0.4347914218,0.3098751466,0.3459651603,0.2877321241,0.6781841496,0.794846384
317,1,1,1,1,1,0.4849160389,0.6112976146,0.6517085039,0.3880843097,0.5029313065,0.421370073,0.2418372443,0.166023164,0.5066909664,0.2116713712,0.6760062797,0.4348216513,0.3099158379,0.3461606637,0.2876677225,0.6780366886,0.7949224886
317.5,1,1,1,1,1,0.4848323304,0.6112321525,0.6520082999,0.3882918558,0.5031388643,0.4213079584,0.2416451418,0.1660448886,0.5066777798,0.211562685,0.6760856272,0.4348426951,0.3097984121,0.3463866397,0.2876704169,0.6782376399,0.7947965619
318,1,1,1,1,1,0.4850005403,0.6111181514,0.6516526029,0.3882843055,0.5030320416,0.4211342673,0.2415599405,0.1658426633,0.5067373054,0.2115406725,0.6758038442,0.434828563,0.309948666,0.3462929915,0.2877001619,0.6782114052,0.7949616475
318.5,1,1,1,1,1,0.4848944806,0.6110888973,0.6518577932,0.3882263264,0.5029713519,0.4211850205,0.2415156733,0.1659110013,0.5067742528,0.2113714993,0.6757694546,0.4347524613,0.309966878,0.3463451658,0.2876123556,0.6783234299,0.7949672094
319,1,1,1,1,1,0.484913703,0.6110048546,0.6518683262,0.388330864,0.5029220415,0.4212960306,0.2416191696,0.166017421,0.5068224141,0.2114110452,0.6757699622,0.4346647072,0.309833028,0.3463461031,0.287718312,0.6784430414,0.794800584
319.5,1,1,1,1,1,0.4847588566,0.6109714101,0.6519978582,0.3882172163,0.5030523245,0.4212905738,0.2417405616,0.1658518529,0.5067382853,0.2113441883,0.6759502374,0.4348144731,0.3099376952,0.346442401,0.28775022,0.6785191015,0.7948667697
320,1,1,1,1,1,0.484862253,0.6111796397,0.6521807389,0.3883105441,0.5032649605,0.4211898001,0.2415735314,0.1656874539,0.5068283352,0.2113532467,0.6758155883,0.4345714038,0.310127877,0.3463070419,0.287728789,0.6786224121,0.7947260539
320.5,1,1,1,1,1,0.4849234685,0.6112400344,0.6520513967,0.388172232,0.503151869,0.4212366247,0.2416225504,0.16572492,0.5065427731,0.2115835027,0.6759004882,0.4347773179,0.3100885184,0.3461900657,0.2877462785,0.6786609209,0.7946970468
321,1,1,1,1,1,0.48522137,0.6113081859,0.6518444546,0.3882862288,0.5030155317,0.4210018648,0.2415310935,0.1657156534,0.5064380087,0.2115081216,0.6758920037,0.4347969316,0.3101209968,0.3460679662,0.2877172671,0.6786619652,0.7947680292
321.5,1,1,1,1,1,0.4851920941,0.6114097466,0.6519351783,0.388238417,0.5030324712,0.4211572784,0.241447062,0.1657827696,0.5064830956,0.2114858052,0.6758151082,0.4348561826,0.3100263771,0.3460936307,0.2876845332,0.678943169,0.7947545432
322,1,1,1,1,1,0.4849308953,0.6115183907,0.6519632491,0.3882365684,0.5029238025,0.4212382808,0.2416263906,0.1658464366,0.5063518934,0.2113985088,0.6758310728,0.4348581069,0.3100308594,0.3463141962,0.2877568705,0.6789300658,0.7947600465
322.5,1,1,1,1,1,0.484781788,0.6113419663,0.6519146233,0.3883693383,0.5028280028,0.4212851832,0.2416558808,0.1658103119,0.5063483926,0.2112344425,0.6757964131,0.4346919478,0.309797207,0.3465817059,0.2876657646,0.678940539,0.7946727955
323,1,1,1,1,1,0.4849158122,0.6114754092,0.6517960128,0.3883429763,0.5026365042,0.4216820301,0.2418456668,0.1659059859,0.5063510694,0.2114226854,0.6756562287,0.43495067,0.3096973527,0.3465240451,0.287886847,0.6789504546,0.794893874
323.5,1,1,1,1,1,0.484787426,0.6113242709,0.651802464,0.3883942447,0.5026332447,0.4216614555,0.2420237501,0.1658353891,0.5061904728,0.211453394,0.6756779639,0.4348968313,0.3097416958,0.3465442881,0.2876696836,0.6789599162,0.7948565199
324,1,1,1,1,1,0.4847125017,0.6114084829,0.6519557862,0.3883783805,0.5028592428,0.4216518276,0.241972719,0.1658660952,0.5063594693,0.2114056135,0.6756893207,0.4351278158,0.309728541,0.3466401632,0.2878593342,0.6788233408,0.7948761888
324.5,1,1,1,1,1,0.4846806636,0.6113844153,0.6519626278,0.3884189445,0.5029107504,0.4214519331,0.241999846,0.1659722773,0.5064220059,0.2114426727,0.6755054248,0.4350029182,0.3097476136,0.3463979896,0.2878664962,0.6789382268,0.7950531399
325,1,1,1,1,1,0.4845741973,0.6112648628,0.6520363931,0.3884659288,0.5031296683,0.4214163406,0.2421176769,0.1660421109,0.5062249476,0.2114868868,0.6756690798,0.4349212872,0.3097235988,0.3462102064,0.2876900398,0.678854767,0.7950351882
325.5,1,1,1,1,1,0.4845363705,0.6114336627,0.6518510771,0.3883515378,0.5032125755,0.4212997189,0.2420059875,0.1660629802,0.5064787926,0.2116194364,0.6756156084,0.4350396451,0.3096263989,0.3463822579,0.2876987728,0.6786679197,0.7951014924
326,1,1,1,1,1,0.4845154054,0.6113780203,0.6519137796,0.3882370552,0.503142445,0.4212145777,0.2421010711,0.1660915235,0.5063627194,0.2115527812,0.6756516362,0.4349522133,0.309826864,0.3461738657,0.2877094096,0.6784734441,0.7950096621
326.5,1,1,1,1,1,0.4847360717,0.6112341948,0.6520770764,0.3881539778,0.5030610874,0.4212798976,0.2420310243,0.1660102463,0.5064478411,0.2114896775,0.6756342874,0.4349238272,0.3095179694,0.3461913031,0.2878056517,0.6785160781,0.7948589163
327,1,1,1,1,1,0.4846706431,0.6113343302,0.6520504684,0.3880086645,0.5030526375,0.4212748136,0.2418048788,0.1658976645,0.5062581602,0.2114714978,0.6755829546,0.4349809657,0.3093059284,0.3462355611,0.2876822425,0.6786914207,0.7948518432
327.5,1,1,1,1,1,0.484581197,0.6112531635,0.6519233422,0.3880758131,0.5028098728,0.4213539959,0.2417691497,0.165823264,0.5060988885,0.2114481414,0.6755071251,0.4350391559,0.3094160073,0.3461028028,0.2878222977,0.6786314862,0.7948700741
328,1,1,1,1,1,0.4846464674,0.611080578,0.6517372891,0.3884296355,0.5028435737,0.4215002761,0.2417343883,0.1659106661,0.5061290606,0.211477942,0.6755270122,0.4348693569,0.3094996638,0.3461248975,0.2877590102,0.6786407236,0.7949191199
328.5,1,1,1,1,1,0.4846434677,0.6110754899,0.6517802956,0.3884559091,0.5030810132,0.4217410909,0.2417567923,0.1658115971,0.5060737639,0.2115179104,0.675573143,0.4350786357,0.309486837,0.3460290933,0.2877204424,0.6787321427,0.7948829722
329,1,1,1,1,1,0.4846342281,0.6113092476,0.6516981524,0.3882963249,0.5029761356,0.4217711563,0.2418006151,0.1658297707,0.5061090935,0.2115055545,0.6754988996,0.4352103008,0.3096700024,0.3460046995,0.2877778179,0.6787216197,0.794768493
329.5,1,1,1,1,1,0.4844307046,0.6112601717,0.6518877032,0.388366391,0.5029772977,0.4216818742,0.2418582996,0.165703424,0.5061356538,0.2115497067,0.6753779317,0.4350461142,0.309752215,0.3461682993,0.2877823227,0.6788409254,0.7946834308
330,1,1,1,1,1,0.4844286175,0.6111800435,0.6520374199,0.3883091347,0.5031589878,0.4218623608,0.241937921,0.1657642007,0.506217094,0.2115114032,0.6754335046,0.4349431876,0.309739045,0.3460625625,0.2878872453,0.6788180156,0.7948548764
330.5,1,1,1,1,1,0.484324597,0.6110749995,0.6521035053,0.3882165749,0.5030344872,0.4217575102,0.2419871649,0.1657027714,0.5060284703,0.2115463228,0.6753087064,0.4348912543,0.3098027935,0.3462139946,0.2877607863,0.678746597,0.7949449909
331,1,1,1,1,1,0.4845311513,0.6110116479,0.6518473289,0.3881596247,0.5031537053,0.4217640214,0.2419682844,0.1658229314,0.5060850821,0.2116210237,0.6752877981,0.435002499,0.309655948,0.3462555867,0.2878014073,0.6786960787,0.7949209433
331.5,1,1,1,1,1,0.4845893712,0.6112083441,0.6519954039,0.3883251176,0.5031532747,0.421606237,0.2421258021,0.1659178836,0.5061262651,0.2114115451,0.6753264854,0.4346664635,0.3097675038,0.3461338002,0.2877290136,0.6788695339,0.7948972241
332,1,1,1,1,1,0.4846890402,0.6111426617,0.6519765095,0.3884221907,0.5030926872,0.4217292412,0.2420166903,0.165976905,0.5061199086,0.2114605757,0.6753447311,0.4348509785,0.3097860196,0.3460471465,0.2877809029,0.6786526435,0.7948855949
332.5,1,1,1,1,1,0.484586125,0.6112415011,0.6519470805,0.3882807414,0.5029697634,0.4216590494,0.2420245261,0.1661425091,0.5059713683,0.2116564892,0.6752513877,0.4349174966,0.3096377751,0.3462751754,0.2876513397,0.6787281373,0.7948774585
333,1,1,1,1,1,0.4844192343,0.6111980319,0.6520221701,0.3884315661,0.5029674417,0.4214881571,0.2419220616,0.1659577235,0.5058973258,0.211538406,0.6750802761,0.4347914729,0.309636436,0.3462005082,0.2876081599,0.6786503703,0.794821067
333.5,1,1,1,1,1,0.4845122254,0.611310504,0.6519780582,0.3884205999,0.5029450828,0.4214095685,0.2418213127,0.1658879538,0.505973492,0.2116619021,0.6751702386,0.4349068701,0.3096987213,0.3463161453,0.287650317,0.6786331116,0.7948053051
334,1,1,1,1,1,0.4842697954,0.611208097,0.6518693389,0.3883595111,0.5031165505,0.4211675403,0.2416911032,0.1660043175,0.5063018978,0.2117183006,0.6751294801,0.4347094206,0.3098559024,0.3464088936,0.2877283405,0.6787349891,0.7946235002
334.5,1,1,1,1,1,0.4844576372,0.6113676584,0.6518081246,0.388364949,0.5030062444,0.4212780432,0.2418264201,0.1661216191,0.5064339305,0.2117162225,0.6751015217,0.4348189477,0.3098355694,0.3465561874,0.2878023556,0.67848756,0.7947044926
335,1,1,1,1,1,0.4844573757,0.6113885108,0.6517050508,0.3884505654,0.5029636016,0.4214538893,0.2417606025,0.1660330712,0.5065094922,0.2117482258,0.6749863794,0.4346294565,0.3097235498,0.3465704394,0.2877554399,0.6784168645,0.7946043022
335.5,1,1,1,1,1,0.4843808569,0.6113318727,0.6517130075,0.3884108765,0.5027296721,0.4215874369,0.2417720234,0.1659481586,0.5064363152,0.211690091,0.6750379074,0.4344601572,0.3098100554,0.3465477464,0.287864283,0.6784274016,0.7947078179
336,1,1,1,1,1,0.4845816419,0.6112472807,0.6516946204,0.3885250188,0.5028541935,0.4217458299,0.2418907324,0.1660769786,0.5065755327,0.2116804033,0.675066009,0.434521793,0.3099749922,0.34651804,0.287864541,0.6784203835,0.7947821151
336.5,1,1,1,1,1,0.484586194,0.6112773056,0.6516201305,0.388515696,0.5027465914,0.4216535252,0.2418360162,0.1661430011,0.5066271728,0.2117137906,0.6750854508,0.4346109454,0.3097697767,0.3465044813,0.2877952726,0.67853019,0.7949067696
337,1,1,1,1,1,0.4846094085,0.6112367515,0.651645658,0.3885090438,0.5028904357,0.4215987566,0.2417551967,0.1661742592,0.506494653,0.2118087955,0.6750111947,0.4348659691,0.3097711128,0.3464389432,0.2878790894,0.678476844,0.7950400349
337.5,1,1,1,1,1,0.4848248259,0.6113268506,0.6517839276,0.3884920449,0.5028418885,0.4213165119,0.2417258474,0.1661451649,0.5066633677,0.2117860239,0.6749151424,0.4348762731,0.3097397712,0.346427981,0.2878924728,0.6784657655,0.794956147
338,1,1,1,1,1,0.4849752946,0.6112306282,0.6516581056,0.3884922748,0.5031937052,0.421348197,0.241645795,0.1661620861,0.5065459411,0.2116611758,0.6747954486,0.4349105743,0.3096770393,0.3466015683,0.2880561918,0.6781660557,0.7950634394
338.5,1,1,1,1,1,0.4848971756,0.6110836101,0.6518194579,0.3884955185,0.5028903675,0.421387161,0.241676889,0.1660978178,0.5063343258,0.2115380831,0.6747377098,0.4348106715,0.3096586248,0.3464321685,0.2879124661,0.6781717534,0.7952391283
339,1,1,1,1,1,0.4848597796,0.6111241371,0.6520119398,0.3884831668,0.5029395485,0.4213382599,0.2418058643,0.166011559,0.5065213809,0.2115737259,0.6748405627,0.4348208633,0.3098994643,0.3465354401,0.2881144394,0.6782081381,0.7950672764
339.5,1,1,1,1,1,0.4848126773,0.6112679024,0.6521768709,0.388449122,0.5028268573,0.4214032475,0.2417921676,0.1659333791,0.5065431903,0.211712379,0.6749078901,0.4349006548,0.3097460138,0.3466103761,0.2882287221,0.6782924659,0.7951121883
340,1,1,1,1,1,0.4846813729,0.6114333815,0.6521062547,0.3883108554,0.502642359,0.4214088692,0.241852511,0.1658777137,0.5065437102,0.2117121352,0.67490347,0.4349647144,0.3096590496,0.3467199131,0.2880560054,0.6784982821,0.7950558906
340.5,1,1,1,1,1,0.4846695018,0.611263,0.6520158999,0.3884600372,0.5027509071,0.4213910613,0.241738173,0.1659492621,0.5066989214,0.2116756862,0.6751533959,0.4349314066,0.3096598802,0.3466660039,0.2880888133,0.678408068,0.7951295796
341,1,1,1,1,1,0.4849213836,0.6112844964,0.6520881202,0.3885454381,0.5026521424,0.4212948461,0.2415975604,0.1659120644,0.5066496945,0.2114793945,0.6753224048,0.4349087238,0.3096235159,0.3464383317,0.2881841399,0.678581398,0.7951801438
341.5,1,1,1,1,1,0.4848957163,0.6112703108,0.6519664018,0.3887203929,0.5027863123,0.4214185407,0.2415909671,0.1658482796,0.5065538314,0.2114157124,0.6754903975,0.4346769117,0.3096838143,0.346316161,0.2881503696,0.6785502969,0.7952811806
342,1,1,1,1,1,0.48478556,0.6112645624,0.6517805079,0.3886828536,0.5027594999,0.4215758122,0.2417540963,0.1658474672,0.5063039176,0.2114914891,0.6752364193,0.4347817905,0.3095979187,0.3462257139,0.2881349911,0.6782985263,0.7953350473
342.5,1,1,1,1,1,0.4846464636,0.6111338408,0.651992718,0.3885918239,0.5029240788,0.4214951138,0.2416828164,0.165984084,0.5061947927,0.2113984325,0.6751697074,0.4348694838,0.3095463173,0.346112755,0.2882157757,0.6782245073,0.7953440789
343,1,1,1,1,1,0.4846331268,0.6111485231,0.6520884403,0.3885917179,0.5028846882,0.4213948386,0.2416836584,0.1659743037,0.5060761144,0.2113310481,0.6753648647,0.4348575529,0.30961797,0.3461861054,0.2881890234,0.6783512839,0.795368188
343.5,1,1,1,1,1,0.4846931086,0.6112948364,0.652134023,0.3886446325,0.5029022076,0.4213988396,0.241755894,0.1659080363,0.5060553705,0.2113627916,0.6753731166,0.4346602098,0.3092741414,0.3461140472,0.288122099,0.6786523829,0.7952839685
344,1,1,1,1,1,0.4846032949,0.6115267031,0.6519738944,0.3886014684,0.5029007475,0.4212700916,0.2419364431,0.1659137236,0.5059126438,0.211580666,0.6753229013,0.4348209135,0.3092395016,0.3458278992,0.2879220251,0.6786660458,0.7954145122
344.5,1,1,1,1,1,0.4844534715,0.6113205338,0.6517366062,0.3888413619,0.5029576104,0.421333274,0.2419833969,0.165841144,0.5059478962,0.2117193377,0.6754093159,0.434861508,0.3090252334,0.3458202414,0.2878592611,0.6784803483,0.7955143683
345,1,1,1,1,1,0.4846494971,0.6111050851,0.6519129934,0.3888172761,0.5030100291,0.4214470493,0.2418246036,0.1658074528,0.5059619799,0.2116641504,0.6754536188,0.4347591177,0.3091772289,0.3459425923,0.2877822185,0.6787204347,0.795657516
345.5,1,1,1,1,1,0.4846388095,0.6109640792,0.6520781814,0.3886368578,0.5030626837,0.4215580354,0.2418053537,0.165866703,0.5058515131,0.2116653267,0.6754237759,0.4347588078,0.3091068764,0.3462287125,0.2878322105,0.6787986284,0.7954689897
346,1,1,1,1,1,0.4846602942,0.6109915125,0.6517541875,0.3884122977,0.503022396,0.421426284,0.2417990911,0.165770343,0.5058334761,0.2116403473,0.6754775326,0.4347245732,0.3092192515,0.3462495258,0.2877999316,0.6787485723,0.795370007
346.5,1,1,1,1,1,0.4848410958,0.6110710187,0.6517306246,0.3884300854,0.5030178508,0.4214161628,0.2417200681,0.1657633847,0.5058134626,0.2115046974,0.6753419379,0.4348399611,0.3091857212,0.3461733186,0.2878342728,0.6787128612,0.7954290356
347,1,1,1,1,1,0.4848028876,0.6112428312,0.6519257745,0.3885071684,0.5029899995,0.4215352571,0.2417817503,0.1658834104,0.5055685814,0.2116699645,0.675192941,0.4347024615,0.3092256336,0.3461760459,0.2878612728,0.6787486203,0.7953751916
347.5,1,1,1,1,1,0.4845733585,0.6113305932,0.6517901181,0.3884036728,0.5028001259,0.4217874776,0.2418138114,0.165863501,0.5057155606,0.2118606601,0.6751334037,0.4348105578,0.3093769111,0.3463447907,0.2878453147,0.6789377078,0.7954423592
348,1,1,1,1,1,0.4844990358,0.6114437573,0.6517340974,0.3882526954,0.5031600976,0.4212448194,0.2418736131,0.1659522834,0.505640251,0.2117779678,0.6749973667,0.4347132046,0.3092690367,0.3464734724,0.2877720157,0.6790571748,0.7954438641
348.5,1,1,1,1,1,0.4846697281,0.6112320299,0.6519168076,0.3881909506,0.5031005222,0.4212911051,0.2419964999,0.1660848931,0.5056096644,0.2119084701,0.6749963995,0.4346483245,0.3091921358,0.3465560122,0.2878522558,0.6790604549,0.7954328435
349,1,1,1,1,1,0.4847197751,0.6110896041,0.6517628461,0.3883976223,0.5032775435,0.4213606104,0.2419900079,0.166072508,0.5054919387,0.211872883,0.6749599882,0.4343626058,0.309154386,0.346372171,0.2878536505,0.678969436,0.7954334008
349.5,1,1,1,1,1,0.4845659903,0.611301203,0.6517606054,0.3884032313,0.5031244935,0.4214506318,0.2419797178,0.1661423464,0.5055592227,0.2118571291,0.674961828,0.4343537464,0.3093071417,0.3463921426,0.2879904086,0.6787474735,0.7952949448
350,1,1,1,1,1,0.4845576839,0.6114249098,0.651836905,0.3882989668,0.5030836255,0.4212962051,0.2418056356,0.1661218278,0.5055901979,0.2119408865,0.6750838491,0.4344689918,0.3095681658,0.3466139655,0.2879719011,0.6786338039,0.7952787488
350.5,1,1,1,1,1,0.4848072711,0.6112576707,0.6518991176,0.3882764618,0.5031873844,0.4210476715,0.2419757082,0.1661735067,0.5056425625,0.2118660255,0.6750181961,0.4343483948,0.3095344606,0.3466545508,0.2880604986,0.6786519312,0.7953084274
351,1,1,1,1,1,0.4850304505,0.611217338,0.6517680155,0.3881571006,0.5032557717,0.4211313988,0.2419474428,0.1660493873,0.5056563729,0.2119837391,0.6749769814,0.4345078952,0.3095614004,0.3466428296,0.2881165152,0.6785496313,0.795416525
351.5,1,1,1,1,1,0.4849530793,0.6111822643,0.6516973884,0.3883403602,0.5033570716,0.4211683146,0.2419612033,0.1660192737,0.5055970603,0.2120780525,0.6748153089,0.4344887048,0.3094888881,0.3464933504,0.2881474378,0.6786814854,0.7956018148
352,1,1,1,1,1,0.4848628315,0.6113869606,0.6518869094,0.3885350843,0.5030931719,0.4213331398,0.241997539,0.1660118073,0.5054275159,0.2121022477,0.6748042887,0.4345054879,0.3091785167,0.3463845581,0.2881589022,0.6784092883,0.7955663979
352.5,1,1,1,1,1,0.4850336308,0.6113934667,0.6517261334,0.388540896,0.5029959936,0.421389933,0.2421272973,0.165933598,0.5054657194,0.2121703417,0.6748224153,0.4348471442,0.3091798538,0.3466013834,0.2882940172,0.6785461122,0.7955456272
353,1,1,1,1,1,0.4850795178,0.6113532336,0.6517279566,0.3884086778,0.5027678043,0.4212809682,0.2421133849,0.1659566705,0.5055636409,0.2122492712,0.6750045422,0.4350901853,0.309370031,0.3465231634,0.288171026,0.6784409618,0.79556873
353.5,1,1,1,1,1,0.4849051989,0.6112651133,0.6519428466,0.3887490433,0.5029326614,0.4212625864,0.2421064214,0.166046283,0.5057202557,0.2122487496,0.6748957456,0.4350927579,0.3095171895,0.3466702071,0.2881618859,0.6783894191,0.7955630965
354,1,1,1,1,1,0.4848460132,0.6112102958,0.6519573774,0.3886839642,0.5030583553,0.4212488587,0.2422172507,0.1658686215,0.5056683845,0.2122723695,0.674831567,0.4351635982,0.3094421773,0.3465591494,0.2882394724,0.6783839901,0.7955269019
354.5,1,1,1,1,1,0.4849712309,0.6112689665,0.6516973071,0.3886423527,0.5030696808,0.4212616032,0.2420891623,0.1659951875,0.5056786938,0.2121185468,0.675004735,0.4349360479,0.3093266257,0.3465102707,0.2883500158,0.6782392349,0.795550486
355,1,1,1,1,1,0.4848801521,0.6113353093,0.6516972863,0.3886719121,0.5029594433,0.4214872247,0.2418256645,0.1660093503,0.5055706182,0.2120885413,0.6746627315,0.4351374274,0.3092968479,0.3465728092,0.2883048129,0.6783059844,0.7955997229
355.5,1,1,1,1,1,0.4848936542,0.611542311,0.6518564834,0.3884048492,0.5030922457,0.421389103,0.2417385889,0.1659610208,0.505596387,0.2121898455,0.6747270764,0.4350631113,0.3095730814,0.3467110614,0.2880000797,0.6781925364,0.7956931839
356,1,1,1,1,1,0.4848842291,0.6115486841,0.6519244545,0.3885819239,0.5028812617,0.4213806984,0.2418506054,0.1659898043,0.5057326688,0.2121980789,0.6748028874,0.4350253943,0.3094632529,0.3464246281,0.2880242422,0.6783642229,0.7957554658
356.5,1,1,1,1,1,0.4848154817,0.6113013821,0.6515629085,0.3886422841,0.5029856407,0.4215462732,0.2417524963,0.1659866366,0.5054822944,0.2120666964,0.6747942587,0.4349574434,0.3095185714,0.3465870316,0.2879702349,0.6784228177,0.7955984289
357,1,1,1,1,1,0.4846548577,0.6113225834,0.6518279925,0.3885149552,0.5031407416,0.4214553443,0.2418759018,0.1660166827,0.5057199294,0.2119378479,0.6748239685,0.4350205641,0.3094443162,0.3465798777,0.2878634874,0.6786214883,0.795821979
357.5,1,1,1,1,1,0.4846529895,0.6113606103,0.6517393852,0.3885645094,0.5030738342,0.4215176057,0.2420092166,0.1660797621,0.5057305498,0.2118474856,0.6749035808,0.4350384743,0.3092182949,0.3467132034,0.2876369635,0.6787299922,0.795909364
358,1,1,1,1,1,0.4844948401,0.6113454712,0.6519336802,0.3885978226,0.5029824016,0.4217049162,0.2419749678,0.1660689092,0.5059069506,0.2119422395,0.6749903967,0.4350654771,0.3092339596,0.3468025797,0.2877417583,0.6787537657,0.7959752322
358.5,1,1,1,1,1,0.484602198,0.6114469949,0.6518121192,0.388641873,0.5029096685,0.4216153701,0.2418331462,0.1661004586,0.5060237535,0.2120176385,0.674848256,0.4350710817,0.3093273208,0.3465399085,0.2878788381,0.6788465394,0.795849693
359,1,1,1,1,1,0.4844150343,0.6114268412,0.6520093533,0.3885385909,0.5029033172,0.421640587,0.241816392,0.1661630727,0.5057965359,0.2120379583,0.674871661,0.4351316206,0.3093692229,0.3466942367,0.2879296488,0.6788507477,0.7958250314
359.5,1,1,1,1,1,0.4846569317,0.6113867678,0.6518519222,0.3883325807,0.5030415952,0.4213691388,0.2418456417,0.1661377358,0.5055772616,0.2121051993,0.6747822868,0.4350584267,0.3095056391,0.3464063694,0.2879757998,0.6788324601,0.7959678795
360,1,1,1,1,1,0.4847920599,0.6114545059,0.6516323263,0.388282037,0.5031061212,0.4212831159,0.2417323069,0.1661653121,0.5055067449,0.2119698894,0.6750426989,0.4350295879,0.3095037414,0.3465425252,0.287845742,0.6789383104,0.795986953
360.5,1,1,1,1,1,0.4848797864,0.611395388,0.6516663273,0.3883552216,0.5030434507,0.4213221598,0.2418583786,0.1661557744,0.5055553343,0.2118621658,0.6750847094,0.4350900314,0.3096383838,0.3464086973,0.2877141162,0.6788747909,0.7960486694
361,1,1,1,1,1,0.4848749574,0.6113468118,0.6516959677,0.3882212052,0.5031210178,0.4212486586,0.2417930827,0.1660574921,0.5056661803,0.2118472495,0.6750244328,0.4350910726,0.309768337,0.3463454208,0.2878975238,0.6787799047,0.7959918325
361.5,1,1,1,1,1,0.4850225812,0.6113262538,0.6519964833,0.3882785816,0.5030483117,0.4212086019,0.241732699,0.1661168787,0.5055778781,0.211916413,0.6751004048,0.4350183105,0.3097647799,0.3465161567,0.2878703005,0.6787289534,0.7958906908
362,1,1,1,1,1,0.4849062138,0.6112450698,0.6517989978,0.3883720376,0.5033759279,0.4211550891,0.2416748803,0.1660164577,0.5057007738,0.2118328254,0.6751601651,0.4349685483,0.3096888303,0.346355691,0.287837304,0.6787811449,0.7958894422
362.5,1,1,1,1,1,0.484921294,0.6112796055,0.6517217808,0.388426611,0.5033478579,0.4214124589,0.2416536826,0.1660750614,0.5056524485,0.2117901905,0.6753019612,0.4351494956,0.3096065371,0.3464271617,0.287775533,0.6787860912,0.7959060713
363,1,1,1,1,1,0.4847216771,0.6112215013,0.6518064493,0.388522562,0.5033055915,0.421369069,0.2416634049,0.1660863978,0.5057381792,0.2117460302,0.6752206576,0.4350684109,0.309606168,0.346456971,0.2878166202,0.6789256903,0.7960572826
363.5,1,1,1,1,1,0.4847021945,0.610834603,0.651740983,0.3885149738,0.5030832997,0.4213424018,0.2416779992,0.1659303114,0.5057380681,0.2117501224,0.6752689531,0.435076302,0.3095859133,0.3464334851,0.2877529895,0.6789433914,0.796107384
364,1,1,1,1,1,0.484721436,0.6107274723,0.6515899694,0.3884012314,0.5027451562,0.4214474307,0.2416128645,0.1659065892,0.5055862799,0.2117041185,0.6753049676,0.4349451241,0.3094288758,0.3465154542,0.2881492695,0.6788892606,0.795980594
364.5,1,1,1,1,1,0.4847090198,0.6110927589,0.6518295653,0.3886185119,0.5028312811,0.4213445162,0.241729247,0.1658498766,0.5053765719,0.2117120575,0.6752215736,0.4350233384,0.3095334244,0.3463732198,0.2880400716,0.6789047083,0.7960753418
365,1,1,1,1,1,0.4848031417,0.6110769364,0.6517633132,0.3885621128,0.5028335275,0.4213651637,0.241692541,0.1658506637,0.505104473,0.2118360778,0.6752354158,0.4350082827,0.3097088086,0.3462653199,0.2879431678,0.6789524091,0.7960164628
365.5,1,1,1,1,1,0.4848541745,0.6111790635,0.6516921838,0.3886220466,0.5029273368,0.4213788079,0.2416616404,0.1658644248,0.5050345317,0.2118610785,0.6753284408,0.4351894881,0.3098159744,0.3461623486,0.2880071463,0.6789372427,0.7960510452
366,1,1,1,1,1,0.4849020665,0.6110137386,0.6517331378,0.3884973064,0.5029075426,0.421397314,0.2416023097,0.1660865726,0.5051399668,0.2118754715,0.6754517759,0.4352634056,0.3098419287,0.3461516404,0.2878377385,0.6788975645,0.7959477726
366.5,1,1,1,1,1,0.4848449692,0.6110246148,0.6518669102,0.3883565473,0.5029411252,0.4214982454,0.241469311,0.1659691001,0.5053061731,0.211849756,0.6753984516,0.435091536,0.3096823522,0.3462064265,0.2875817096,0.6789851748,0.7960232526
367,1,1,1,1,1,0.4848186271,0.6111470919,0.6516963432,0.3885225931,0.5028791216,0.4214585223,0.2415396812,0.1660501704,0.5054622242,0.2118056885,0.675454882,0.4349251798,0.3098387128,0.346310375,0.2876434429,0.6791523985,0.7959913782
367.5,1,1,1,1,1,0.4847846287,0.6113846888,0.6516138011,0.3885482502,0.5029090752,0.4213880172,0.2417108251,0.1659896857,0.5053032669,0.2119465127,0.6755241536,0.4349572466,0.3097299464,0.3463746286,0.2877802579,0.679125673,0.7960571415
368,1,1,1,1,1,0.4847753132,0.6112060866,0.6518197037,0.388589781,0.5028486527,0.4213567728,0.2418229006,0.1659100284,0.505355762,0.2117853474,0.6756286415,0.4349161172,0.3096851078,0.3465528748,0.2878411157,0.6791003535,0.7961108506
368.5,1,1,1,1,1,0.4847771881,0.6111008843,0.6518790661,0.3884934185,0.5026990145,0.4213085703,0.2417183013,0.1659055273,0.5054486232,0.211837497,0.6756970504,0.4348688922,0.3098012634,0.3463999471,0.2880105471,0.6790816585,0.7961742161
369,1,1,1,1,1,0.4846581416,0.6111648684,0.6519272944,0.3884801081,0.502513806,0.4213113774,0.2418310863,0.1658349313,0.5056245013,0.2118386966,0.6755222413,0.4349114732,0.3095834295,0.3465351137,0.287882133,0.678997576,0.7960130156
369.5,1,1,1,1,1,0.4845683326,0.6111271756,0.6518611181,0.3883502216,0.50249071,0.4213150114,0.2417296225,0.1658863216,0.5057507567,0.2118020843,0.6755243603,0.4348748731,0.3095098874,0.3462734605,0.2877412695,0.6788853712,0.7959519345
370,1,1,1,1,1,0.4847956462,0.6111066439,0.6517465945,0.3885320486,0.5025983841,0.4212860262,0.2418345261,0.1658035221,0.5060827282,0.2119293639,0.67541118,0.4346506525,0.3094481873,0.3462216705,0.2878508173,0.6789278781,0.7959691453
370.5,1,1,1,1,1,0.4847590881,0.6116049558,0.6517273137,0.3884148759,0.5026215154,0.4210417744,0.2419641081,0.1657974067,0.5060365129,0.2118658809,0.6754863655,0.4346770994,0.3094414675,0.3462902193,0.2879923294,0.6789132132,0.7961403582
371,1,1,1,1,1,0.4846518299,0.6115173295,0.6519601062,0.3884436399,0.5028828429,0.4211283572,0.2416809083,0.16588737,0.5062039747,0.2119949949,0.6755632549,0.4348602056,0.3096924807,0.3461402408,0.287998266,0.6788314807,0.796100619
371.5,1,1,1,1,1,0.484708069,0.6114344737,0.6519738861,0.3883701392,0.5029904671,0.4212850278,0.2418893668,0.1659256476,0.506546236,0.2119787601,0.6755152469,0.4350824119,0.309986193,0.3461727591,0.2880174919,0.6788091336,0.7960772204
372,1,1,1,1,1,0.4846963256,0.6113348874,0.6521190985,0.3883291792,0.502983961,0.4212818555,0.2418650242,0.1660503867,0.5064648365,0.2119368551,0.6754634411,0.4349334134,0.3098816065,0.3462985225,0.2879714874,0.678883219,0.796085643
372.5,1,1,1,1,1,0.4847206092,0.6110321512,0.6519474521,0.3883402072,0.5031745921,0.4212476945,0.2416748041,0.1660430683,0.5061834049,0.2118423334,0.6754496463,0.4347491311,0.3096737713,0.3463683852,0.2879201249,0.6790389404,0.796184472
373,1,1,1,1,1,0.484642031,0.611319812,0.6518591585,0.3884677313,0.5030443493,0.4212853259,0.2415739128,0.1659843656,0.5062938608,0.2119794208,0.6754415032,0.4348006031,0.3096527764,0.3461595969,0.2879288391,0.6788892328,0.7962589991
373.5,1,1,1,1,1,0.4847036672,0.6113908047,0.6516225462,0.3884735835,0.5030914059,0.4214520203,0.2417106512,0.1660376678,0.5064309181,0.2118939931,0.6752542055,0.4347262184,0.3095706806,0.3463224593,0.2878265804,0.678986078,0.7961330288
374,1,1,1,1,1,0.4848158127,0.6114305286,0.6516897923,0.3885575212,0.5031256081,0.4215300625,0.2418325235,0.1660722411,0.5065504355,0.2119656082,0.6750702635,0.4346258694,0.3094781091,0.346341236,0.2878598109,0.6791470881,0.796214678
374.5,1,1,1,1,1,0.4848699517,0.6111990974,0.6516501833,0.3884501314,0.5031629814,0.4216093217,0.2419485058,0.1661089606,0.5066830666,0.2119364073,0.6749294032,0.4346861476,0.309539121,0.3461975897,0.2876615514,0.6789866966,0.7961332916
375,1,1,1,1,1,0.4848383317,0.6112654245,0.6517775029,0.3882343349,0.5028956091,0.4214831468,0.2419418518,0.1661397517,0.5066839682,0.2119694767,0.6751329371,0.4347032017,0.3093358376,0.3462775069,0.2877450571,0.6787863726,0.796123298
375.5,1,1,1,1,1,0.4848504663,0.6112087637,0.6518771261,0.3881426584,0.5027940731,0.4216256693,0.2419632019,0.166107325,0.5066703653,0.2117962887,0.6751481265,0.4348247597,0.3092977506,0.3460537727,0.2878526021,0.6784755804,0.7962077729
376,1,1,1,1,1,0.4848392051,0.6111356829,0.6518948731,0.3883997654,0.5028896476,0.4214221983,0.2418691788,0.1660368628,0.5066702028,0.2118868297,0.6749867704,0.4348372731,0.3093946668,0.3462533149,0.2877015725,0.6784426018,0.7961642864
376.5,1,1,1,1,1,0.4850956894,0.611087094,0.6518473482,0.3885853156,0.5028772654,0.4212112753,0.2419705514,0.1659881179,0.5065094059,0.2118673906,0.6751333738,0.4347777698,0.30963607,0.3463722173,0.2876267646,0.6784815603,0.7961181277
377,1,1,1,1,1,0.4852310069,0.6111740286,0.6518963013,0.3884038657,0.5028527896,0.4214981572,0.2419770035,0.1661810316,0.5063079685,0.212031156,0.6751920704,0.4348853523,0.3097278884,0.3465521118,0.2877966572,0.6783403129,0.7961088665
377.5,1,1,1,1,1,0.4850224639,0.6111185624,0.6517730379,0.3885195646,0.5027879712,0.4214754665,0.2420008898,0.1661113875,0.5063064485,0.2120669473,0.6751231572,0.434991803,0.3097261727,0.3464572554,0.2876902013,0.6782138432,0.796151353
378,1,1,1,1,1,0.4850938607,0.6113127579,0.6516023226,0.3884810062,0.5027643745,0.4213804786,0.2420293344,0.1660783528,0.5064816201,0.2121035917,0.6752855552,0.4349823845,0.3095033571,0.3464822492,0.2877843078,0.6783236568,0.7962168509
378.5,1,1,1,1,1,0.4851166717,0.6113347841,0.6517067533,0.3886330109,0.5027376682,0.4212252453,0.2419872569,0.1660753484,0.5064408304,0.2121775007,0.675224943,0.4347411747,0.3095046542,0.3464777681,0.287719092,0.6782816341,0.796152834
379,1,1,1,1,1,0.4850519831,0.6112416591,0.6517765686,0.3885202607,0.5027913613,0.4213633286,0.2419249984,0.1660363932,0.5065021247,0.2122722531,0.675156071,0.4346561118,0.309688253,0.3463707094,0.2877794046,0.6782813146,0.7962189184
379.5,1,1,1,1,1,0.4849555297,0.6109881493,0.6517256623,0.3883208759,0.502708333,0.4211382929,0.2419304639,0.1660971633,0.506696912,0.2121847701,0.6750881231,0.4347281529,0.3096334825,0.346562111,0.2877218955,0.678452898,0.7962457384
380,1,1,1,1,1,0.485043306,0.6109651688,0.6516477391,0.388509214,0.502688943,0.4209872822,0.2420992961,0.1661804582,0.5066648857,0.2123132473,0.6752819847,0.4344653121,0.3095855612,0.346488645,0.2877556439,0.6783439594,0.7963372686
380.5,1,1,1,1,1,0.4849938117,0.6109532836,0.6517723233,0.3886019664,0.5028540681,0.4212430619,0.2420817487,0.1662978932,0.5067781578,0.2122216585,0.6750603718,0.4344233489,0.3094657306,0.3464234046,0.2875123877,0.6783374618,0.796241922
381,1,1,1,1,1,0.4849406838,0.6110434268,0.6519252527,0.3886191744,0.5028578674,0.4213085888,0.2419464141,0.1663294967,0.5066453893,0.2121046801,0.6749720203,0.4345834495,0.3094780785,0.346524461,0.2877529333,0.6783571432,0.7961444556
381.5,1,1,1,1,1,0.4850593714,0.6110857126,0.6517698463,0.3886982766,0.5028875543,0.4213368588,0.2417826533,0.166209804,0.5067614388,0.2121522065,0.6748614604,0.4345785574,0.3095276685,0.3466012332,0.2879449066,0.6782123833,0.7963030431
382,1,1,1,1,1,0.484783366,0.6109626778,0.6517591444,0.3885739334,0.5029094038,0.4214119502,0.2419039853,0.166140701,0.5065790658,0.2121352359,0.6749760761,0.4345006549,0.3096860596,0.3467533948,0.2879097203,0.6785161878,0.7962739668
382.5,1,1,1,1,1,0.4848486016,0.6108641358,0.6516767108,0.3885331784,0.502813895,0.4213237417,0.2421197442,0.1659842466,0.5063114963,0.2122576737,0.6748193706,0.4342994875,0.309518093,0.3468165049,0.2878812028,0.6783321314,0.7962499875
383,1,1,1,1,1,0.4848487431,0.610864897,0.6516036068,0.3884621965,0.5026455414,0.4214356909,0.2419141635,0.1660603598,0.5060304411,0.212159133,0.6748524641,0.4342709118,0.3094875438,0.3468123005,0.2881244983,0.6781913538,0.7960523854
383.5,1,1,1,1,1,0.4849425249,0.6110555943,0.6517423797,0.3885688985,0.5026138199,0.4215135225,0.2418787143,0.1660145806,0.5059386394,0.2121080663,0.6748632064,0.4341826053,0.3096636487,0.3467980613,0.2878592393,0.6780067939,0.7961086605
384,1,1,1,1,1,0.48491377,0.6110352785,0.6516492539,0.3884923342,0.5024075571,0.4213852962,0.2420660042,0.1659373653,0.5058017573,0.2121328823,0.6748511059,0.4340770804,0.3097435806,0.3464260948,0.2879581271,0.6780328847,0.7960620831
384.5,1,1,1,1,1,0.4850053983,0.6109799155,0.6516984211,0.3883989615,0.5024971056,0.4214231804,0.2421300371,0.1660321463,0.505799195,0.2122428141,0.6749102818,0.4340966151,0.3096592394,0.3463972382,0.2878972413,0.6780283862,0.7958661434
385,1,1,1,1,1,0.4850173705,0.6110331827,0.6518662361,0.388488375,0.5026674876,0.4212066978,0.2419334042,0.165913798,0.5058913198,0.2121444508,0.6748866211,0.434397747,0.3094544534,0.3462950499,0.287880623,0.6782450778,0.7957807594
385.5,1,1,1,1,1,0.4849630804,0.6111532262,0.6518154141,0.3884990428,0.5027811081,0.4209038363,0.2419416418,0.1660538501,0.5059537377,0.2122143337,0.6748826982,0.4343639153,0.3095478087,0.3464550335,0.2877785216,0.6782999784,0.7957000166
386,1,1,1,1,1,0.4849140049,0.6109782606,0.6517341337,0.3885143232,0.5028358972,0.4208169011,0.2416934476,0.1659115278,0.5061224034,0.2121344562,0.6748351983,0.4345715876,0.3094492851,0.346453193,0.2878354948,0.6781789217,0.7954622049
386.5,1,1,1,1,1,0.4847740246,0.6111368302,0.6517832527,0.3883797575,0.5028797261,0.4210931181,0.2418036018,0.165942426,0.5062213413,0.2118589166,0.6748151525,0.4346390292,0.3094901426,0.3463839556,0.2878342954,0.6782300255,0.7955309591
387,1,1,1,1,1,0.4847052269,0.6109930092,0.651768752,0.3884146727,0.5029016508,0.421174005,0.2417903749,0.1660143612,0.5062894569,0.2116203725,0.6750005222,0.434511563,0.3094666069,0.3464121649,0.2878736607,0.6782874765,0.7954351754
387.5,1,1,1,1,1,0.4848526642,0.6110825962,0.6517413626,0.3885027243,0.5027746614,0.4212430206,0.2418938462,0.1660195048,0.5061318237,0.2116698342,0.6750090554,0.4346018645,0.3095237795,0.3464404038,0.2878046057,0.6783354945,0.7955321653
388,1,1,1,1,1,0.4848206784,0.611193799,0.6519612247,0.3885268347,0.5028244569,0.4213024322,0.2417290375,0.1660902419,0.506372232,0.2117357542,0.6749382134,0.4347811617,0.3095863141,0.3463383594,0.2878223199,0.6782824054,0.7955620334
388.5,1,1,1,1,1,0.4847861719,0.611300423,0.6517896985,0.3884924825,0.5028898346,0.4213138204,0.2418268299,0.166110039,0.5065224884,0.2117852047,0.6749597563,0.434521842,0.3096316455,0.3461535874,0.2878155789,0.6780701792,0.7955255312
389,1,1,1,1,1,0.4846959378,0.6113947082,0.6518309363,0.3883541509,0.5028906995,0.4211864957,0.2419189334,0.166125718,0.5064312922,0.2119864147,0.6749751202,0.4347363019,0.3097896078,0.346205456,0.2879050904,0.6781383728,0.7955823014
389.5,1,1,1,1,1,0.4846852897,0.611555408,0.6520748397,0.3882628607,0.5026785722,0.4210781321,0.2420697319,0.1660800234,0.5064933253,0.2119841376,0.6749492052,0.4347372693,0.309720977,0.3462223396,0.2879496556,0.6780522823,0.795739601
390,1,1,1,1,1,0.4847326392,0.6112748105,0.6519110103,0.3883907926,0.5026870227,0.421313425,0.2418941773,0.1660350365,0.5062630046,0.2120279504,0.6749123028,0.4346704684,0.3097214902,0.3462384192,0.2879165934,0.6780235975,0.7958262366
390.5,1,1,1,1,1,0.4845438006,0.6112363959,0.6518343754,0.3883228674,0.5029163715,0.4212013432,0.2417730729,0.1659693019,0.5061858832,0.2119444799,0.6750131637,0.4347050921,0.3096983279,0.3463129624,0.2878899234,0.6780347137,0.795913266
391,1,1,1,1,1,0.4845026276,0.6110959757,0.6518712121,0.3880521913,0.5028867179,0.4213996065,0.241902982,0.1660250202,0.5061221292,0.2117982955,0.6749978368,0.4346804332,0.3097334834,0.3462289091,0.2879662954,0.6779815595,0.795992745
391.5,1,1,1,1,1,0.4842757961,0.6110462443,0.6517754628,0.3882670444,0.5029567451,0.4213414786,0.241840908,0.1658741264,0.5060332919,0.211785842,0.6751222359,0.4348901044,0.3097374593,0.3461281092,0.2878892441,0.6781199651,0.7960391987
392,1,1,1,1,1,0.4844060122,0.6111414623,0.6519440123,0.3882179906,0.5030103295,0.421421933,0.241882877,0.1659098802,0.5061178771,0.2118569705,0.675291757,0.4347262723,0.309597138,0.3462721308,0.2877224397,0.6782522566,0.7961166627
392.5,1,1,1,1,1,0.4843119898,0.6111110573,0.6519879992,0.3882299487,0.5031416625,0.4213472834,0.2418324398,0.1658797194,0.5059045199,0.2119061604,0.6753785094,0.4347902157,0.3095238385,0.3461822821,0.2877300681,0.6783575439,0.7962400437
393,1,1,1,1,1,0.4846728234,0.6111807342,0.6519442841,0.38832531,0.5032979259,0.4215405043,0.2418063959,0.1659807336,0.5059874877,0.2118931588,0.6755145748,0.4346798164,0.3097091663,0.3461608005,0.2877369147,0.678537635,0.7960613659
393.5,1,1,1,1,1,0.4846351506,0.6110612981,0.651875292,0.388472587,0.5030946109,0.421489301,0.2418790204,0.1659647302,0.5060163293,0.2116815387,0.6753081954,0.4346350084,0.3097431633,0.3462616949,0.2876351543,0.6783091413,0.7959417504
394,1,1,1,1,1,0.4846450914,0.6110156252,0.6519167864,0.388334741,0.5031111773,0.4212992661,0.2420656286,0.1660102366,0.5059657681,0.2116482749,0.675444823,0.4345666746,0.3099533921,0.3462233259,0.2878264439,0.6782171021,0.795990876
394.5,1,1,1,1,1,0.4846474817,0.6111011423,0.6519477774,0.3883071907,0.5032132502,0.4212756236,0.2421449303,0.1660146343,0.5057495178,0.2115154379,0.6754553299,0.4349090097,0.3099966858,0.3461933823,0.287726681,0.6782447392,0.7958836948
395,1,1,1,1,1,0.4849534438,0.6111185751,0.6519833134,0.3883061611,0.5029732015,0.4211073986,0.2419633398,0.1659956032,0.5056752687,0.2116611009,0.6755745975,0.4350477013,0.309948609,0.3463541558,0.2874970433,0.6781653945,0.7957188466
395.5,1,1,1,1,1,0.4848870819,0.6111261619,0.6520542449,0.3884785603,0.5029246011,0.4212954176,0.2418207226,0.166143708,0.5055405672,0.2117704119,0.675476698,0.4348676574,0.309983989,0.3462302694,0.2875035172,0.6781061953,0.7957740436
396,1,1,1,1,1,0.4849882496,0.6112353467,0.6519812529,0.3885343913,0.5029569718,0.4212651218,0.241737775,0.1662409975,0.5055268063,0.2118192362,0.6754420948,0.4347879531,0.3098919457,0.3462463692,0.2875766303,0.6781227929,0.7957066619
396.5,1,1,1,1,1,0.4849326056,0.6110089037,0.6518455836,0.3885093924,0.5029992056,0.421278933,0.2416896778,0.1661466832,0.5055927265,0.2119983739,0.6753325332,0.4348618379,0.3099218927,0.3462621606,0.2876695506,0.6780775335,0.7956814191
397,1,1,1,1,1,0.4848090358,0.6110588946,0.6518463612,0.3884733266,0.5028348037,0.4212913696,0.2416443814,0.166081435,0.5056894734,0.212054995,0.6753367868,0.4348595461,0.3100540692,0.3461532401,0.2876413846,0.6777090122,0.7957513863
397.5,1,1,1,1,1,0.4849517861,0.611140565,0.6517678555,0.3885498193,0.5027642612,0.4214690963,0.2416642415,0.1659625747,0.5059271511,0.2119154321,0.6755571475,0.4349948054,0.3100806952,0.3462683015,0.2877047586,0.6776307405,0.7957980664
398,1,1,1,1,1,0.4848018392,0.6111178467,0.6517327688,0.3883651941,0.5026715883,0.4212841033,0.2417935443,0.1659980156,0.5059582091,0.2117568655,0.6756885455,0.4348244985,0.3101674581,0.3460931244,0.2877297957,0.6778238982,0.7956933059
398.5,1,1,1,1,1,0.4849322177,0.6109566985,0.6518384666,0.3883792351,0.5027304313,0.4212003042,0.2417436062,0.1659411648,0.5058711771,0.2117238982,0.6757448495,0.4349199962,0.3100302541,0.3461743885,0.2876285027,0.6778287844,0.7958529976
399,1,1,1,1,1,0.4848760899,0.6109765219,0.6518892638,0.388557823,0.502905885,0.4212095399,0.2418340242,0.1660288157,0.5057837123,0.2115980415,0.6759178529,0.4348326784,0.3100298492,0.3463277696,0.2877310834,0.6779865681,0.7957922786
399.5,1,1,1,1,1,0.4849564426,0.6110297421,0.6517672503,0.3884745945,0.5030378865,0.421330533,0.241734005,0.1661493108,0.5057585265,0.2117200381,0.6757869197,0.4348045453,0.3097078313,0.3460377996,0.2878578218,0.6780066058,0.7958524405
400,1,1,1,1,1,0.4849571705,0.6110170232,0.6520317895,0.3886126725,0.5030535507,0.4209825152,0.2416170086,0.1660718094,0.5059399768,0.211743516,0.6756790135,0.4348650754,0.3095222128,0.3460876924,0.2877555398,0.6779810845,0.7956776901
400.5,1,1,1,1,1,0.4850517388,0.6112931343,0.6521446264,0.3885273172,0.5029790962,0.4210509472,0.2418449032,0.1662316602,0.5060124406,0.2117864636,0.6756654372,0.4347587793,0.3096512424,0.3462891791,0.2876908263,0.6779110979,0.7958457572
401,1,1,1,1,1,0.4849031108,0.611219131,0.6519247478,0.3884283283,0.5031374324,0.4212122747,0.2420302137,0.1662546308,0.5061156352,0.2118388852,0.6755125545,0.4346908048,0.3095738803,0.3463787034,0.2877504823,0.678031034,0.7957565963
401.5,1,1,1,1,1,0.4849474809,0.6111238325,0.6519821238,0.3882560803,0.5030604276,0.4214772612,0.2421734277,0.1662772665,0.5062767749,0.2117589639,0.6755736275,0.434867075,0.3095327196,0.3462337957,0.2876400337,0.6781529253,0.7955666264
402,1,1,1,1,1,0.4847784626,0.6112213592,0.6518099341,0.3882065394,0.5030760439,0.4213531002,0.2420399365,0.1663953896,0.5062796808,0.2117811406,0.6754219557,0.4348025857,0.309409191,0.346319928,0.2877476065,0.6782412719,0.795567401
402.5,1,1,1,1,1,0.4845349147,0.6110515566,0.6518036042,0.3880727201,0.5028632682,0.4213862182,0.2420092359,0.1663774022,0.5062801967,0.2119161218,0.6754141329,0.4348261642,0.3094950742,0.3459807643,0.287884553,0.678042839,0.795393302
403,1,1,1,1,1,0.4844378827,0.610977372,0.6518642399,0.3880720175,0.5028518514,0.4213597739,0.2419564267,0.1664608847,0.5065499111,0.2119991591,0.675435732,0.4348733119,0.309512643,0.3460595303,0.2877613002,0.6780141785,0.7956634955
403.5,1,1,1,1,1,0.4845556789,0.6111444455,0.6519562573,0.3882428565,0.5028277361,0.4213844169,0.2417179328,0.1663119599,0.5065474699,0.212137854,0.6752497572,0.4349670886,0.3096850584,0.346111467,0.287677363,0.6780748842,0.7957847382
404,1,1,1,1,1,0.4847643171,0.6110047884,0.6519505395,0.3879585447,0.5028385761,0.421389412,0.2417039803,0.1662017313,0.5066246009,0.2121330553,0.6751064498,0.435018099,0.3095685306,0.3463607073,0.2876848946,0.6782169664,0.7958075282
404.5,1,1,1,1,1,0.484868013,0.6110389579,0.6520056604,0.3878761226,0.5029417323,0.4214921383,0.2418406572,0.1661993762,0.5064322608,0.212070978,0.6751991577,0.4350069648,0.3095143514,0.3465004437,0.2876119617,0.6782423054,0.7956664176
405,1,1,1,1,1,0.4848586242,0.6111253919,0.6521065797,0.3880080337,0.5028464621,0.4216387828,0.2419507231,0.1661393284,0.5063415867,0.212018397,0.6753155883,0.4349770587,0.3095778697,0.3462721729,0.2875897174,0.6782542259,0.7956839409
405.5,1,1,1,1,1,0.4847337827,0.6111094298,0.6520955873,0.3881585897,0.5029168007,0.4214240733,0.2419769262,0.1660313952,0.5060548538,0.2120067853,0.6752935632,0.4350066684,0.3096937322,0.3463004826,0.2876531363,0.6781902103,0.7956092538
406,1,1,1,1,1,0.4846135392,0.6110411884,0.6519571114,0.3882340392,0.5026812887,0.4213847895,0.2419898676,0.1660814653,0.506235693,0.2117398884,0.6751020958,0.4347162531,0.3095925221,0.3461317609,0.2877311348,0.6780225778,0.7953481665
406.5,1,1,1,1,1,0.4845158481,0.6110350721,0.6519949192,0.3880945917,0.5027571,0.4215977421,0.2419652653,0.1660737531,0.5063811821,0.2117839023,0.6748328947,0.434550303,0.3094369128,0.3460049739,0.2877242843,0.6779630195,0.7953750695
407,1,1,1,1,1,0.4846686069,0.6110042621,0.6520647161,0.3881977484,0.5026372692,0.4214905684,0.2419732904,0.16609715,0.5062816296,0.2118819329,0.6748432822,0.43472675,0.3093326099,0.3460423246,0.2877033161,0.6777870647,0.7953475687
407.5,1,1,1,1,1,0.4848496103,0.61108545,0.651986578,0.3881314064,0.5026688923,0.4214429217,0.2419448939,0.1660784057,0.5064389224,0.2119618787,0.6750223983,0.4347260112,0.3093947575,0.3459721552,0.2877719913,0.6779248575,0.7952552693
408,1,1,1,1,1,0.4847701373,0.6111098386,0.6520898862,0.3880263336,0.5026929631,0.4214710329,0.2419354485,0.1661852168,0.5064531745,0.2120051748,0.6753092288,0.434869947,0.3092876347,0.3462516084,0.2876725895,0.67818561,0.7953928803
408.5,1,1,1,1,1,0.4845910288,0.611167108,0.6520388495,0.3882764719,0.5026385678,0.421292371,0.2419496031,0.1659810224,0.5063914331,0.2119560674,0.67528934,0.4347571591,0.3094252022,0.3461816942,0.2878431192,0.6781163816,0.7955137445
409,1,1,1,1,1,0.4845583186,0.6110023648,0.6518249318,0.3882160667,0.5027370735,0.4214107647,0.2419950363,0.1658211978,0.5065236326,0.2120040332,0.6755050856,0.4343840018,0.3094336107,0.3462787226,0.2879005203,0.6784121151,0.7954841739
409.5,1,1,1,1,1,0.4845253926,0.6109334051,0.6517505309,0.388249634,0.5030019587,0.4215228981,0.2421177248,0.1658972355,0.5065909371,0.2118795081,0.6754281245,0.4344557651,0.3095577955,0.3463233449,0.2880282531,0.6786258329,0.795358093
410,1,1,1,1,1,0.4843242428,0.6110840511,0.6515982414,0.388228412,0.5029221546,0.4215589343,0.2421741861,0.1659497012,0.5065986205,0.2119794595,0.6754042052,0.4345618408,0.309394888,0.3462194758,0.2879356945,0.6785797053,0.7955024505
410.5,1,1,1,1,1,0.4844725473,0.6110933068,0.6515917174,0.3886153738,0.5027827747,0.4215445543,0.241996769,0.1659657347,0.5067136868,0.2120658433,0.6755126642,0.4346137265,0.3094038826,0.346369526,0.2879353683,0.6784192209,0.7954254392
411,1,1,1,1,1,0.4848726129,0.6111684854,0.6516894445,0.3886613468,0.5028530028,0.4213861116,0.2418895255,0.166015132,0.5067433915,0.2120839416,0.6753485868,0.4347532846,0.3095154812,0.3462850773,0.2879483883,0.6782233201,0.7955556974
411.5,1,1,1,1,1,0.4849207023,0.6111025828,0.6517977055,0.3887501822,0.502948418,0.4214750054,0.2417451342,0.1659034938,0.5066356469,0.2120552088,0.6752847386,0.4347749577,0.3094975108,0.3463063421,0.2877732011,0.6781444357,0.7957293488
412,1,1,1,1,1,0.4850032953,0.6110619963,0.6518242484,0.3889382959,0.5029491328,0.4214888534,0.2418612353,0.1659007505,0.5066653816,0.2119857888,0.6753489041,0.4349335258,0.309518098,0.3462751884,0.2875310759,0.6781060441,0.7958228062
412.5,1,1,1,1,1,0.4849403037,0.6110078656,0.6518232581,0.3887644562,0.5027885253,0.4213829161,0.2419107213,0.1660363501,0.5065977789,0.2119274995,0.675291659,0.4349559773,0.3094234454,0.3462829568,0.287533552,0.6781308662,0.7960422808
413,1,1,1,1,1,0.4850843502,0.6111860374,0.6519216295,0.3885926102,0.5028205458,0.4213572062,0.241917199,0.1659992493,0.506589555,0.211844943,0.6752722667,0.4348599731,0.3093769641,0.3463077195,0.2876339814,0.6783170536,0.7959389206
413.5,1,1,1,1,1,0.4851906335,0.6112128636,0.6520056743,0.3886098989,0.5029713197,0.421491746,0.241946088,0.1659930003,0.5065985018,0.2118420728,0.6753185591,0.4349153619,0.309381376,0.3463659057,0.2877024712,0.6786109398,0.796058591
414,1,1,1,1,1,0.4852548966,0.6115129137,0.6519865898,0.3884780655,0.5029230447,0.4215074277,0.2421505065,0.1660203477,0.5065308762,0.211811792,0.6752395151,0.4350316071,0.3094089859,0.346371007,0.2877876661,0.6783644511,0.7960571006
414.5,1,1,1,1,1,0.4848944596,0.6112454705,0.6519401782,0.3885704759,0.503246522,0.4215646976,0.2422789898,0.165937073,0.5065585378,0.211862237,0.6750773087,0.4350435425,0.3093617705,0.3463979975,0.2879187574,0.6781544535,0.7960022003
415,1,1,1,1,1,0.4849553095,0.6111771452,0.6520348687,0.3886952239,0.5030846532,0.4216556487,0.2423875832,0.165988183,0.5064698877,0.2119248532,0.6746978073,0.4349874462,0.3095552446,0.3463437471,0.2878043938,0.6781101353,0.7961178602
415.5,1,1,1,1,1,0.4848397332,0.6112983287,0.6523162534,0.3888048521,0.5032374588,0.4215645841,0.2421017846,0.1660543047,0.5064597947,0.2119673983,0.6747195727,0.4348542409,0.3095025511,0.3465483094,0.2876894167,0.6779654777,0.7959267723
416,1,1,1,1,1,0.4849623208,0.6111046426,0.6520282972,0.3886265341,0.5033684268,0.4215151201,0.2419850743,0.1659131503,0.5066347257,0.2118808326,0.6747673156,0.4349747165,0.3096619692,0.3465087654,0.2877717126,0.6783358243,0.7959521127
416.5,1,1,1,1,1,0.485051202,0.6110056543,0.6519319837,0.3885038778,0.5034389606,0.421568199,0.2419962546,0.1659066183,0.5064503421,0.211820474,0.6749984806,0.4349447923,0.3096538001,0.3464653153,0.2876752238,0.6783146115,0.7960061554
417,1,1,1,1,1,0.4847638678,0.6111457753,0.6518166438,0.3884055128,0.5033720658,0.421614296,0.2419548568,0.165828639,0.5066268039,0.2117048621,0.6751803242,0.4351302462,0.3095340332,0.3465801185,0.287712364,0.6781944904,0.7960949836
417.5,1,1,1,1,1,0.4847031942,0.6113833512,0.6515943686,0.3883075058,0.503443313,0.4215975226,0.2419577276,0.1658586027,0.5067964692,0.2116773702,0.6752135199,0.4351744801,0.3095949469,0.3465871209,0.2875232374,0.6781163158,0.7960685952
418,1,1,1,1,1,0.4849285194,0.611520629,0.6517313235,0.388153178,0.5034303285,0.4216516185,0.2418876416,0.1659179362,0.5065694426,0.2116891245,0.6752287666,0.4350321227,0.3095372322,0.3466852661,0.2877127876,0.6782223743,0.7960061909
418.5,1,1,1,1,1,0.484944069,0.6113951767,0.652035033,0.3881516286,0.503392275,0.4217682126,0.242012709,0.1660143221,0.5064766518,0.2117370806,0.675071417,0.4351534064,0.3094899521,0.3464803892,0.2876889771,0.6782334224,0.7960761936
419,1,1,1,1,1,0.4848831031,0.6112964295,0.651995173,0.3881711359,0.5030337491,0.4219089592,0.2419381241,0.1659950326,0.5065477806,0.2116308278,0.675170909,0.4351465507,0.3094957071,0.3467070786,0.2877464659,0.6780811413,0.7959316007
419.5,1,1,1,1,1,0.4848197206,0.6114104659,0.6521570404,0.3880584653,0.5030978801,0.4218233979,0.2419219651,0.1659898424,0.5064183119,0.2118087157,0.6752148595,0.4349589195,0.3095049132,0.3466269013,0.2877374232,0.6782675704,0.7958288947
420,1,1,1,1,1,0.4849485166,0.6110947361,0.6523162814,0.3882632763,0.502897888,0.4216872043,0.2419591255,0.1660948999,0.5065054204,0.211845982,0.675183127,0.4351066694,0.309412691,0.3464217738,0.2875572303,0.6784077136,0.7958424431
420.5,1,1,1,1,1,0.484922353,0.6111298925,0.652152163,0.3882828633,0.5030307086,0.4213865054,0.2419597226,0.1659117422,0.5067006907,0.211876838,0.6751622158,0.4352692886,0.309496496,0.3464792844,0.2876780836,0.6784141784,0.7959389059
421,1,1,1,1,1,0.4847687966,0.6111407276,0.6522672375,0.3882749238,0.5028212096,0.4215304987,0.2420146078,0.1661034124,0.5066888947,0.2116962241,0.6749372294,0.4350175008,0.3093558434,0.3462129022,0.2876158449,0.6785282566,0.7959355986
421.5,1,1,1,1,1,0.484690661,0.6112060914,0.6520678888,0.3883680678,0.5027459323,0.4214716209,0.2418661248,0.165913191,0.5067745566,0.211700037,0.6747929482,0.4351175851,0.3094024915,0.3461780251,0.2874954155,0.6786375901,0.795877848
422,1,1,1,1,1,0.4848140492,0.6113783928,0.6519150072,0.3884265733,0.502691033,0.4213374872,0.2419253944,0.1659032966,0.5067076961,0.2115905514,0.6746838361,0.4351288396,0.3094005949,0.3462799308,0.2873845284,0.6787741397,0.7958918324
422.5,1,1,1,1,1,0.484953798,0.6112180872,0.6519347527,0.3885296597,0.502564035,0.4214717223,0.2418863545,0.1658748758,0.5065365104,0.2116937174,0.6745369844,0.4349750949,0.3095634275,0.3464827358,0.2875592021,0.6787505418,0.7959025703
423,1,1,1,1,1,0.4849927745,0.6112571271,0.651975275,0.3884192464,0.5028705685,0.4214042133,0.2418785702,0.1659571177,0.5065010765,0.2117761861,0.6746863713,0.4348762149,0.3096056006,0.3463533603,0.2875849303,0.6787483745,0.7958475673
423.5,1,1,1,1,1,0.4848630247,0.6110824015,0.6517261717,0.3881152624,0.5028768963,0.4213912932,0.2419454069,0.1659580622,0.5065499086,0.2116593869,0.6746351068,0.4351805428,0.309671593,0.3463162226,0.2875708204,0.678644659,0.7958913166
424,1,1,1,1,1,0.484726881,0.6112858716,0.6516735679,0.3882837577,0.50312869,0.4214264479,0.2418446647,0.1661667942,0.5066953288,0.2116360465,0.6746779477,0.4348318568,0.3098544089,0.3462440496,0.2877470217,0.6786274732,0.7961338823
424.5,1,1,1,1,1,0.4845383026,0.611197486,0.651843855,0.3883425424,0.5029974223,0.4214025114,0.2418196488,0.1660810587,0.5066295179,0.2115482399,0.6747055702,0.4345809937,0.3099950937,0.3463041281,0.287714241,0.6785449311,0.7960651953
425,1,1,1,1,1,0.4846488407,0.6110129119,0.6519107178,0.3882811347,0.5029616873,0.4214679078,0.2416698721,0.16607388,0.5065231572,0.2116126153,0.6748154528,0.4344813734,0.3097651971,0.3462093118,0.2875786507,0.678452155,0.7959280855
425.5,1,1,1,1,1,0.4846226933,0.6110085304,0.6520034615,0.388268711,0.5029686791,0.4213348606,0.2417545293,0.166049826,0.5066730462,0.2116624306,0.6747719051,0.4345660841,0.3098547202,0.3463095471,0.2876322808,0.6785182747,0.7959372925
426,1,1,1,1,1,0.4846588601,0.611167149,0.6520212449,0.3882146086,0.5029736458,0.4214459731,0.2416965565,0.165967366,0.5066563135,0.2118611555,0.6745059582,0.4343756238,0.3099569356,0.3464345435,0.2877190075,0.6786512133,0.796043653
426.5,1,1,1,1,1,0.4845685786,0.6112825886,0.651867386,0.3884344373,0.5028602868,0.4214247987,0.2418049856,0.1659663098,0.5066111125,0.2119446625,0.6745472847,0.4343432156,0.3100150185,0.3465251969,0.2877221753,0.6786978197,0.7962588444
427,1,1,1,1,1,0.4845013597,0.611040253,0.6519996386,0.3883896933,0.5027666501,0.4211856082,0.2417845546,0.1660052667,0.5065271829,0.2118437941,0.6744320037,0.4342726002,0.3098897894,0.3464921691,0.2879033907,0.6786638076,0.796272374
427.5,1,1,1,1,1,0.4846422746,0.6108506489,0.6519206091,0.3881909341,0.5028925686,0.4214203232,0.2418419601,0.1662072751,0.506515147,0.211960977,0.6743913326,0.4343054096,0.3097373286,0.346377008,0.2879101798,0.6787373644,0.7963184119
428,1,1,1,1,1,0.484595784,0.610963679,0.6519612362,0.3883249,0.5032781548,0.4213907454,0.2418509883,0.1663482231,0.5065034888,0.2119234379,0.6744634138,0.4344160115,0.3097482331,0.3463682107,0.2878182186,0.6787661367,0.7963419618
428.5,1,1,1,1,1,0.4847713359,0.6107893706,0.6518765373,0.3883802621,0.5032502144,0.421285316,0.2418426076,0.1662331651,0.5065382547,0.2119691545,0.674354006,0.434432462,0.3097179755,0.346348995,0.2877622005,0.678652279,0.7962785185
429,1,1,1,1,1,0.4849133983,0.6110396449,0.6519317161,0.3888305534,0.5032179207,0.4212293683,0.2417962192,0.1662347955,0.5064982975,0.2118834315,0.6743433155,0.4345133668,0.309631638,0.3463145924,0.2876394344,0.6787935487,0.7961841085
429.5,1,1,1,1,1,0.4850430519,0.6113382514,0.6518769501,0.3889295776,0.5030567743,0.4214530183,0.2418693388,0.1661532279,0.5065042338,0.2118479494,0.6743069985,0.434764949,0.3095651798,0.3461885078,0.2875449699,0.6787047546,0.7961662353
430,1,1,1,1,1,0.4848414115,0.6114021785,0.6519224607,0.3888538997,0.5031602446,0.4215592115,0.2419306348,0.1660073285,0.5065153576,0.2118955438,0.6742594933,0.4347840823,0.3095449464,0.3461180027,0.2877743371,0.6787945388,0.7960603298
430.5,1,1,1,1,1,0.4848232478,0.6113060558,0.6518458179,0.3887379942,0.5031450243,0.4213228041,0.2418824913,0.1659677969,0.5065218702,0.2119055995,0.6742692808,0.4347158823,0.3096225258,0.3459394725,0.2875549287,0.6785780876,0.7959691373
431,1,1,1,1,1,0.4846252544,0.6111222712,0.6518408381,0.3885389292,0.5030349752,0.421274459,0.2419441061,0.1659612117,0.5066092913,0.2119058433,0.6743828307,0.4347560787,0.3095438836,0.3461130728,0.2876781256,0.6785237729,0.7957532496
431.5,1,1,1,1,1,0.4847024345,0.6110893633,0.6518925969,0.3885902268,0.5031688748,0.4214162841,0.2419442736,0.165965364,0.5065225187,0.2120735418,0.6744543526,0.4345682746,0.309525385,0.3462267907,0.2876545985,0.6783892409,0.7957925324
432,1,1,1,1,1,0.4847321677,0.6110803064,0.6519091145,0.3886909947,0.5029769756,0.4215165475,0.2420612923,0.1659882482,0.5065713842,0.2120469933,0.6743374288,0.4345953624,0.3094393948,0.3462887194,0.2875876981,0.6782331413,0.7958501738
432.5,1,1,1,1,1,0.4846976193,0.6112049094,0.6520374069,0.3889066418,0.5028597249,0.4214673417,0.2419637386,0.1660314767,0.5065815022,0.2119679092,0.6742448716,0.4345450728,0.3097256464,0.3465151532,0.2875756463,0.6784069872,0.7959528011
433,1,1,1,1,1,0.484580407,0.6111742678,0.6520682422,0.3886441931,0.5030071719,0.4213332833,0.2419109667,0.1659879967,0.5066575291,0.2119122565,0.6743680477,0.4346354373,0.3096802585,0.3466436837,0.2877015245,0.6785929844,0.7958342414
433.5,1,1,1,1,1,0.4848297352,0.611300501,0.6519302315,0.3887556867,0.5030136782,0.421411516,0.2418327481,0.1660576837,0.5068098871,0.2119357106,0.6743732308,0.4345906255,0.3096366913,0.3466135471,0.2879062076,0.6785492722,0.7958080875
434,1,1,1,1,1,0.4847875425,0.6113708855,0.6517688357,0.3888978011,0.5028921365,0.4211953533,0.2418571421,0.1660355153,0.506767025,0.2119607676,0.6741941527,0.4346832599,0.3095600643,0.3465636771,0.2880570891,0.6786779174,0.7958255889
434.5,1,1,1,1,1,0.4847048721,0.6112774141,0.65187125,0.3887230073,0.502943214,0.4212171994,0.2418868458,0.1660378435,0.5068194934,0.2118038771,0.6742588279,0.4344399471,0.309535086,0.3464488135,0.2879556152,0.6786433714,0.7958199206
435,1,1,1,1,1,0.4847845247,0.6111680876,0.6517971113,0.3885885748,0.5029245523,0.4211183514,0.2418366593,0.1659953971,0.506799338,0.2119137446,0.6742676506,0.4345963553,0.3093976188,0.3464940567,0.2879245897,0.6783803055,0.7956961828
435.5,1,1,1,1,1,0.4847592395,0.6110507956,0.6518343375,0.3884176525,0.5029767224,0.4212057113,0.2418106173,0.1659919426,0.5068020895,0.2118723138,0.6743145004,0.4345539196,0.3095514607,0.3467520372,0.2880387897,0.6785039536,0.7957611508
436,1,1,1,1,1,0.4847731586,0.6110631261,0.6517836731,0.3883934044,0.5030248749,0.4213656255,0.2417506794,0.1657779698,0.5068364595,0.212079746,0.6741578797,0.4345929242,0.3096269216,0.3470190079,0.2883446756,0.6784966682,0.7956907857
436.5,1,1,1,1,1,0.4845964065,0.6112980123,0.6517200984,0.3881683642,0.5028695387,0.421214015,0.2417904785,0.1658328648,0.5069814498,0.2119857048,0.6743257432,0.4345149324,0.3096789362,0.3467756393,0.2885024934,0.6784740795,0.7956494315
437,1,1,1,1,1,0.484443003,0.6113627709,0.6518409341,0.3881048034,0.5029348855,0.4210917018,0.2417717516,0.1657862198,0.5067264201,0.2120413317,0.6741000291,0.4347945526,0.309410351,0.3466235955,0.2883264121,0.6783096709,0.7956199796
437.5,1,1,1,1,1,0.4846627733,0.6111307066,0.6520322667,0.3880086434,0.5029298093,0.4211638211,0.2416420577,0.1657716197,0.506632087,0.211947423,0.6740340817,0.4346850252,0.3093892044,0.3464953444,0.2882923157,0.6781719029,0.7956362151
438,1,1,1,1,1,0.4847980297,0.611388654,0.6519467956,0.3879328917,0.502845029,0.4213638747,0.2417565508,0.1658090046,0.5064372135,0.2118008201,0.6741180853,0.4346846247,0.3095518394,0.3465315783,0.2880323543,0.6782648297,0.7957408152
438.5,1,1,1,1,1,0.4846788326,0.6115874985,0.6519356302,0.3881320117,0.5028985843,0.4213722444,0.2418198528,0.1659690054,0.5063936383,0.2118929273,0.6740794227,0.4346478667,0.3095500169,0.3464025686,0.2879377537,0.6784567946,0.7957008032
439,1,1,1,1,1,0.4847270449,0.611543385,0.6520419593,0.388058106,0.5029901904,0.4215016495,0.2418622263,0.1659744618,0.5064946213,0.2120303602,0.674082385,0.4347867461,0.3095800237,0.3466290725,0.2879705502,0.6782555848,0.7956909816
439.5,1,1,1,1,1,0.4847212766,0.6114630435,0.6517797761,0.3879239889,0.5030190504,0.4214844308,0.2418488052,0.1659817432,0.5065802511,0.211824614,0.674328476,0.4347472746,0.3094983884,0.3465509397,0.2879434181,0.6781836325,0.7957746628
440,1,1,1,1,1,0.484533436,0.6112634962,0.6519416163,0.3878452193,0.5030282473,0.4214943711,0.2417612235,0.1659530056,0.5067948517,0.2116776966,0.6744700638,0.4348159944,0.3094929759,0.346636461,0.2881477719,0.6782128966,0.7958783487
440.5,1,1,1,1,1,0.4844460919,0.6113053914,0.6518955808,0.3880680641,0.5029965343,0.4213700298,0.2416108244,0.1658164458,0.5067779901,0.2115904398,0.6746946713,0.4347360694,0.3096600018,0.3466670553,0.2879542959,0.6785205552,0.7956976184
441,1,1,1,1,1,0.4844847273,0.6115542989,0.6519332659,0.3882016,0.5030902883,0.4212377838,0.2417249485,0.1658802041,0.5067548391,0.2116608092,0.674746682,0.4347367578,0.3095436655,0.346812099,0.2880409706,0.6786427133,0.7958505907
441.5,1,1,1,1,1,0.4846170012,0.6112690478,0.6519253422,0.3883061093,0.502985205,0.421301237,0.2417215904,0.1658419363,0.5066162244,0.211591298,0.6747690665,0.4345467152,0.3094630005,0.3465790622,0.2879746413,0.6786173153,0.7959388648
442,1,1,1,1,1,0.4845559629,0.6113362149,0.6520375733,0.3879188282,0.5030941619,0.4212132323,0.2417746554,0.1659154561,0.506573934,0.2116891839,0.6748613322,0.4348320503,0.3094975253,0.3464356091,0.2879887807,0.6787380673,0.7960485112
442.5,1,1,1,1,1,0.4847480015,0.6112087559,0.6522446752,0.3881238851,0.5032461411,0.4212981021,0.241749254,0.1659535406,0.5064819796,0.2117869608,0.6746525058,0.4348283902,0.3095078714,0.3463982447,0.28809193,0.6787741632,0.7960498093
443,1,1,1,1,1,0.4845974802,0.6111859364,0.6521134919,0.3882704644,0.5031878565,0.4215807599,0.2418624805,0.1659859682,0.5066438908,0.21171666,0.6746252287,0.4348440904,0.309426605,0.3463037926,0.2880584836,0.6788495166,0.7960544474
443.5,1,1,1,1,1,0.4844564767,0.6113254895,0.651858756,0.3882240092,0.5031167878,0.421574766,0.2418272056,0.1659937919,0.5067516021,0.2117357078,0.6745990475,0.4346702336,0.3094664624,0.3463365778,0.2880711581,0.6787322819,0.7960035993
444,1,1,1,1,1,0.4843950211,0.6112297937,0.6517868718,0.3882407698,0.5029907243,0.4214038608,0.2419146039,0.1660754865,0.5068500571,0.2118385869,0.6745146118,0.4348137428,0.3094325023,0.3464773714,0.2880380792,0.6786587865,0.7958741419
444.5,1,1,1,1,1,0.4843455451,0.6109333854,0.6518662884,0.3881995098,0.5030651739,0.4212472079,0.2418342275,0.1660295086,0.5068430744,0.2118057948,0.6745689894,0.4347272744,0.3093632951,0.3463819478,0.2879926751,0.6787789384,0.7959073198
445,1,1,1,1,1,0.4846429164,0.6109136938,0.6518659947,0.3884443562,0.5029175503,0.4212651038,0.2417997894,0.1659476057,0.5070535595,0.2118893441,0.6747459115,0.4346455653,0.3095412269,0.3461715935,0.2879092962,0.6788737918,0.7958481481
445.5,1,1,1,1,1,0.4844877487,0.6108955013,0.6518121609,0.3886632076,0.502986025,0.4211288844,0.2416583269,0.1659732674,0.5070656203,0.2118943895,0.6746254532,0.4348537024,0.309578139,0.3462340672,0.2878676953,0.6789712699,0.7959517996
446,1,1,1,1,1,0.4843925731,0.6109249723,0.6517874857,0.3885234773,0.5031570711,0.4212823322,0.2418430608,0.1659931299,0.5071741356,0.211802071,0.6746248294,0.4348033222,0.3093646731,0.3463380381,0.2878897374,0.6787878788,0.7959071179
446.5,1,1,1,1,1,0.4845520677,0.6111466147,0.6518781762,0.3884596247,0.5031452008,0.4210778779,0.2418678585,0.1661521955,0.5071318562,0.2118635372,0.6746162745,0.4347884479,0.309476056,0.3463447637,0.2878032814,0.6787696349,0.7959518833
447,1,1,1,1,1,0.4846614253,0.6114352838,0.6520788847,0.3884218271,0.5030266615,0.4213454141,0.24179082,0.1661601942,0.507069712,0.2119516539,0.6749057317,0.4348484956,0.3094978874,0.3462703928,0.2879018219,0.678764181,0.7960367847
447.5,1,1,1,1,1,0.4847953571,0.6111596636,0.6518840768,0.3885602516,0.5029823301,0.4212874571,0.2416161701,0.1661148095,0.506915686,0.2121170273,0.6748658763,0.4348308516,0.3094661862,0.3461778714,0.2877890405,0.678726943,0.7961527112
448,1,1,1,1,1,0.4849429447,0.6112791176,0.6519417102,0.388501777,0.5030634912,0.4211485103,0.2418424452,0.1660237988,0.5068485828,0.2121556763,0.6748608334,0.4347523824,0.3094223556,0.3463415447,0.2878985212,0.6786741242,0.7960679545
448.5,1,1,1,1,1,0.485000394,0.611252699,0.651604776,0.3885346563,0.5032306581,0.4212331519,0.2420114279,0.1660114284,0.5067790446,0.2120438392,0.6748725999,0.4347317716,0.3093321703,0.3461673205,0.2879263025,0.6787337899,0.7959552994
449,1,1,1,1,1,0.4849173405,0.6114264204,0.6518093618,0.3885289627,0.5031992609,0.4212211609,0.2421836355,0.166127153,0.5068330837,0.2120962127,0.6749838882,0.4348535937,0.309380565,0.3463809208,0.2880102517,0.6786715544,0.7960749781
449.5,1,1,1,1,1,0.4848666959,0.6114180657,0.6519102583,0.3883901513,0.5032980513,0.4213087273,0.2421401586,0.1660789598,0.506561664,0.2120613693,0.6750355765,0.4348531626,0.3093979119,0.3464097223,0.2879340811,0.678846211,0.7960749125
450,1,1,1,1,1,0.484873059,0.6113386206,0.6518842141,0.388284666,0.503185999,0.4213704164,0.2419484123,0.1659539402,0.5064506083,0.2118828163,0.6752547514,0.4348664819,0.3094699903,0.346758337,0.2880530685,0.6787678822,0.7959744044
450.5,1,1,1,1,1,0.4849405621,0.6113214676,0.6518525196,0.3881981021,0.5031738746,0.4215019505,0.2418933529,0.1660248599,0.5068794535,0.2118862277,0.6751745463,0.435000436,0.3094927515,0.3466092484,0.2880255199,0.6787816155,0.7957730396
451,1,1,1,1,1,0.484774624,0.6112169338,0.6518426706,0.3882163354,0.5031335516,0.4215168898,0.2419357139,0.1658286697,0.5067716485,0.2118944368,0.6750424485,0.4350011786,0.3094524227,0.3464720417,0.2879850825,0.6787833315,0.7957443327
451.5,1,1,1,1,1,0.4845942965,0.6110511306,0.6518407462,0.3884129459,0.5029372917,0.4214636578,0.2421305758,0.1659701333,0.5068331213,0.2119398498,0.6750877622,0.4349632054,0.3094360788,0.3464981565,0.2878552106,0.6787953723,0.7958230458
452,1,1,1,1,1,0.4847322658,0.6112139484,0.6519301278,0.3883229163,0.5029606564,0.4214264695,0.2419623719,0.165986328,0.5066426973,0.2120395822,0.6751393664,0.4348840015,0.3093741364,0.3464626007,0.287753722,0.6787139975,0.795869602
452.5,1,1,1,1,1,0.4845679687,0.6113534939,0.6519379706,0.3884426981,0.5032796728,0.4212945657,0.2420713931,0.1659676555,0.5067535966,0.2118717334,0.6753148205,0.4348976187,0.3093440784,0.3467912438,0.2879627105,0.6786055203,0.7959631183
453,1,1,1,1,1,0.4846641216,0.6114257103,0.6519576191,0.3887264385,0.5032389302,0.4213076242,0.2419610041,0.165872901,0.5064936188,0.2119201479,0.6752955895,0.4348896003,0.3092259595,0.3464520848,0.2879530003,0.6788520121,0.796064406
453.5,1,1,1,1,1,0.4846331458,0.6113588851,0.6519146689,0.3887155123,0.5031542035,0.4212710858,0.2419858946,0.1659536552,0.5065991729,0.2119564057,0.6754136196,0.4349803046,0.3093529694,0.3464783171,0.2877684113,0.6788144237,0.7960184865
454,1,1,1,1,1,0.4847586483,0.6114073252,0.6518596464,0.3887046324,0.503084823,0.4214852128,0.2419574154,0.1659501553,0.5066716983,0.2118132489,0.6754581816,0.4350124206,0.3094576816,0.3464317361,0.2877263929,0.6786515262,0.7960116577
454.5,1,1,1,1,1,0.4849301882,0.6112600772,0.6518640833,0.3886995287,0.5032630569,0.4214048229,0.2418541873,0.1658056067,0.5064351081,0.2118830175,0.67531476,0.4349405873,0.3094595789,0.3465931497,0.2877510243,0.6788309044,0.7959345614
455,1,1,1,1,1,0.485113496,0.6115363108,0.6518871088,0.3886285611,0.5032232309,0.421412821,0.2418142001,0.1659116471,0.5064202571,0.2119544371,0.6752179124,0.4349819277,0.3095942903,0.3465629988,0.2877158451,0.6788540559,0.7959701394
455.5,1,1,1,1,1,0.4849681798,0.611604465,0.6519355831,0.388568363,0.503193592,0.4212053054,0.2416384643,0.1658397435,0.5064804232,0.2117955221,0.6752781409,0.4348572028,0.309373915,0.3467161985,0.2879080964,0.6787877864,0.7958676472
456,1,1,1,1,1,0.4847849838,0.6114502136,0.6516912251,0.3884566801,0.5032484096,0.4212167427,0.2417200985,0.1657690204,0.5065192397,0.2117990737,0.6752965183,0.4348163325,0.3094068737,0.3467122105,0.2881511329,0.6788786821,0.7959328344
456.5,1,1,1,1,1,0.4849932442,0.6113339206,0.6516235018,0.3884371796,0.5032565196,0.4211844239,0.2417647773,0.1658289656,0.5064795041,0.2116312444,0.6752190336,0.4347534189,0.3094668965,0.3466513759,0.2883211627,0.6789581487,0.7960280828
457,1,1,1,1,1,0.4849865304,0.6112400067,0.6517494858,0.3883166831,0.5031814888,0.4211861423,0.2419474722,0.1657088632,0.5064428624,0.2117428641,0.6751655367,0.4346302615,0.3094194596,0.3465895745,0.2878847172,0.6789172596,0.7960995411
457.5,1,1,1,1,1,0.484992915,0.6111115996,0.6517738198,0.3881797183,0.5029734521,0.4212162253,0.2419075747,0.1658264548,0.5066119308,0.2118158914,0.6749890386,0.4347129335,0.3093984227,0.346585036,0.2878809012,0.678859726,0.7960536114
458,1,1,1,1,1,0.484859472,0.6111137251,0.6517422074,0.38826343,0.5029797042,0.4213386418,0.2420288362,0.1658787295,0.5064087647,0.2118890087,0.6749328329,0.4350314562,0.3094568431,0.3464576455,0.2879172831,0.6788763589,0.7961895071
458.5,1,1,1,1,1,0.4847552879,0.6111976293,0.6518340832,0.3883133159,0.5028611176,0.4212846589,0.2419862307,0.1660557986,0.506402604,0.2118197102,0.674855239,0.4349990566,0.3094554027,0.3465137509,0.2880232949,0.6787823201,0.7961019715
459,1,1,1,1,1,0.4847229609,0.6111765741,0.6518278529,0.3884026969,0.5027970602,0.4211642794,0.2420599512,0.1659915159,0.506342678,0.2117512519,0.6750726719,0.4350562146,0.3095581638,0.3465667139,0.2880777326,0.6788563475,0.7960065679
459.5,1,1,1,1,1,0.48480016,0.6113168489,0.6518736958,0.3883252278,0.5029509147,0.4212344068,0.2420326919,0.1660651564,0.506434682,0.2116766547,0.675146693,0.4349504648,0.3094723326,0.3465826105,0.2877401696,0.6788307736,0.7959495581
460,1,1,1,1,1,0.4848028245,0.6111435032,0.6520356122,0.3882618954,0.5029774465,0.4212995376,0.2420781371,0.165919766,0.5064548986,0.2117455538,0.6750515529,0.4350662953,0.3094666476,0.3466028566,0.2875879814,0.678764461,0.7959354042
460.5,1,1,1,1,1,0.4850429168,0.611254642,0.6519407975,0.3884946309,0.5029094327,0.4215031515,0.2421401913,0.1659894986,0.5065645266,0.211775058,0.6750670814,0.4350098699,0.3093405402,0.3462874448,0.2876999597,0.6788121056,0.7959212939
461,1,1,1,1,1,0.4851588635,0.6111681953,0.6518708393,0.3883675635,0.5028652457,0.4212062391,0.24212864,0.1661462925,0.5065381013,0.2116343062,0.6751252733,0.4352978697,0.3094585096,0.3463992758,0.2874762006,0.6787372752,0.7960387859
461.5,1,1,1,1,1,0.4852658914,0.6112535477,0.6518822262,0.3884811537,0.5030050692,0.4214201764,0.2420802527,0.1660996101,0.5065015714,0.211517273,0.675113075,0.4354374014,0.3096394081,0.3464172358,0.2876909362,0.6787247075,0.7960628246
462,1,1,1,1,1,0.4850489624,0.6111673407,0.6518967726,0.3883880197,0.5028538706,0.4212146985,0.2420261678,0.166093111,0.506606147,0.2116224068,0.6752348461,0.4354878139,0.3097530917,0.3462773833,0.287623641,0.6785200703,0.7961067599
462.5,1,1,1,1,1,0.4852060195,0.6111040998,0.6517697546,0.3883048833,0.5027974927,0.421039985,0.2419817125,0.1660421944,0.5062360433,0.21164519,0.6752065634,0.4355194418,0.3095847701,0.3463254944,0.2875728578,0.6786688476,0.7960116599
463,1,1,1,1,1,0.4850845317,0.6111106237,0.6516694446,0.3883782586,0.5028029649,0.4208628209,0.2420104252,0.166126032,0.506353842,0.2117948525,0.6750474066,0.4350625137,0.3094653482,0.3463821194,0.2877499434,0.6786165756,0.7959322983
463.5,1,1,1,1,1,0.4850220636,0.6110563903,0.6516907588,0.3883492828,0.5030526526,0.4208269037,0.2418789938,0.1659726798,0.5062640261,0.2117411237,0.675162904,0.4349641701,0.3093996271,0.3464062907,0.2877528824,0.6787187071,0.7958200343
464,1,1,1,1,1,0.4850376528,0.6111460714,0.65179348,0.388367582,0.5032008138,0.4210022287,0.2418105568,0.1659784717,0.506315913,0.2118097372,0.6750249271,0.4347797299,0.3093402911,0.3465027624,0.2876672995,0.6786923901,0.7958687026
464.5,1,1,1,1,1,0.4848825632,0.6113460641,0.651938804,0.3883183572,0.5031354863,0.4212322628,0.2420475606,0.1659835055,0.5064596681,0.2117139944,0.6750581003,0.4347763353,0.3093184169,0.3463735145,0.2877351317,0.6787945442,0.7958447803
465,1,1,1,1,1,0.4847323998,0.6114499074,0.6517725389,0.388361132,0.5031861346,0.4214210765,0.2420378816,0.1660373681,0.5063834193,0.2115845926,0.6752101956,0.4347482045,0.3092314352,0.3464783077,0.2877893767,0.6787618743,0.795858772
465.5,1,1,1,1,1,0.4846842299,0.6113481669,0.6521062558,0.3883670692,0.5031180846,0.4215762891,0.242051491,0.1660184055,0.5064923249,0.2116888617,0.6753749096,0.4345549521,0.3091747638,0.3464896225,0.2877872914,0.6789005158,0.7957875725
466,1,1,1,1,1,0.4845886156,0.6113017131,0.65218495,0.3883083026,0.5031041206,0.4214339876,0.2420738458,0.1659572532,0.5066251343,0.211519602,0.6755069324,0.4346629487,0.3093298407,0.3464436606,0.2877624526,0.6789222031,0.7958645093
466.5,1,1,1,1,1,0.4845902412,0.6111935177,0.6520043068,0.388335548,0.5031848163,0.4213327411,0.2419895914,0.1658889738,0.5067179066,0.2116513359,0.6752390661,0.4346591614,0.3094843245,0.3464839989,0.2877901954,0.6788983596,0.7958184529
467,1,1,1,1,1,0.484700552,0.6111940934,0.6520132369,0.3884025876,0.5029654493,0.4211625387,0.2418346989,0.1660368236,0.506420486,0.2117245818,0.6751502847,0.434669047,0.3096813288,0.3465719127,0.2878679697,0.6788551565,0.7958919568
467.5,1,1,1,1,1,0.484726517,0.6111425781,0.6520053294,0.3885434857,0.5028707876,0.4211110514,0.2418220537,0.1659421565,0.5064711493,0.2115863113,0.6750485171,0.4347647193,0.3094736685,0.3463702434,0.2877520849,0.678919024,0.795918054
468,1,1,1,1,1,0.4845650478,0.6112307479,0.6519205627,0.3884032379,0.503031317,0.4214208297,0.2417681036,0.1660279893,0.5065662386,0.2115373573,0.6751409979,0.4346445514,0.3095041505,0.3462910347,0.287719607,0.6787358132,0.7961921934
468.5,1,1,1,1,1,0.4844586982,0.6113909867,0.6518535663,0.3885137223,0.5029632154,0.4215470734,0.2418524059,0.1659689502,0.5066521313,0.2115940451,0.6750025048,0.4345319065,0.3095339751,0.3463163705,0.2877835995,0.6787819042,0.7960689053
469,1,1,1,1,1,0.484489875,0.6116098786,0.6517432982,0.388318112,0.5029413334,0.4215659427,0.241742774,0.1660141433,0.5067508953,0.2115166319,0.6748252132,0.434534581,0.309578992,0.3462819076,0.2877954055,0.6786416202,0.7961122868
469.5,1,1,1,1,1,0.4845172212,0.6114293003,0.6516861767,0.3882896357,0.5028619226,0.4216589291,0.2419462978,0.1661213943,0.5066756561,0.2116869257,0.6748569775,0.4344890975,0.3097048834,0.3461515642,0.2879011657,0.6785193819,0.7962325104
470,1,1,1,1,1,0.4844199739,0.6115810918,0.651826312,0.3881562658,0.5027248243,0.4216632955,0.2420206489,0.1660263352,0.5069404482,0.2116764262,0.674860812,0.4347969622,0.3096967886,0.3463134353,0.2880383875,0.6785545427,0.7962156051
470.5,1,1,1,1,1,0.484422936,0.6114997415,0.6516789966,0.3880401047,0.502707861,0.4217308183,0.2421360535,0.1659693053,0.5068009241,0.211643347,0.6749351718,0.4346821999,0.309573894,0.3462239101,0.2880346303,0.6785046709,0.7963071624
471,1,1,1,1,1,0.4845465611,0.6111972372,0.6517678526,0.387983238,0.5027028989,0.4216106915,0.2422347163,0.1660523394,0.50692145,0.2116316857,0.6749514405,0.4349486456,0.3095394984,0.3462778945,0.2881345964,0.6783457378,0.7962888051
471.5,1,1,1,1,1,0.4845125107,0.6110475905,0.6519604572,0.3881479744,0.5026499951,0.4215578104,0.2421792646,0.1660481065,0.5070293872,0.2116564453,0.6748314315,0.4348916397,0.3097355912,0.346207469,0.2881470153,0.6783739767,0.7961322504
472,1,1,1,1,1,0.4847975044,0.6110367761,0.6517925421,0.3881876553,0.5026685026,0.4215975507,0.242103685,0.1659819613,0.5070265805,0.2116183595,0.6747977327,0.4347941663,0.3095273504,0.3462477522,0.2881765494,0.6783551143,0.7960804033
472.5,1,1,1,1,1,0.4850686367,0.6112157318,0.6517654288,0.3883322078,0.5025861097,0.4215031372,0.2421100972,0.1660773245,0.5068938342,0.2117849293,0.6747730212,0.4349124489,0.3095005266,0.346337296,0.288119195,0.6784902877,0.7961432857
473,1,1,1,1,1,0.4851473692,0.6110327382,0.6518394683,0.3885326413,0.5026096664,0.421622662,0.24205272,0.166018053,0.5067886909,0.2116588503,0.6747479902,0.4349088039,0.309515179,0.3463318644,0.287955868,0.6785830967,0.796064176
473.5,1,1,1,1,1,0.4849569245,0.6112145475,0.6517875524,0.3885555869,0.5026087255,0.4216577827,0.2422865281,0.1660323616,0.5067888572,0.2117936738,0.6750395972,0.434883033,0.3094414314,0.3464299542,0.2879961807,0.6784139094,0.7959489646
474,1,1,1,1,1,0.4847379622,0.6112976442,0.651732062,0.3885012679,0.5026022894,0.421457488,0.2422754611,0.1660594528,0.5066431333,0.2117422071,0.6749443907,0.4348207519,0.3095580515,0.3463867387,0.2878418619,0.6783787805,0.7958784929
474.5,1,1,1,1,1,0.4849064019,0.6113231532,0.6517239335,0.3884866688,0.5026117024,0.421579089,0.242062121,0.1661380416,0.5065297519,0.2118241425,0.6748690819,0.4347133367,0.3096736255,0.3462460406,0.287893238,0.6782583639,0.7959584011
475,1,1,1,1,1,0.4848762998,0.6115299682,0.6516952468,0.3883886502,0.5025332637,0.4215319038,0.2420634047,0.1660627465,0.5067054533,0.2118884403,0.6750887713,0.4346511631,0.3096308104,0.3462531331,0.2877232156,0.6782305723,0.7959636596
475.5,1,1,1,1,1,0.4846496166,0.611551088,0.6517785893,0.3883577,0.5024775859,0.4213607646,0.2419928676,0.1661690667,0.5067517211,0.2121101809,0.6752705061,0.4345115869,0.3095021606,0.3463859638,0.2877442395,0.6781334626,0.7959472043
476,1,1,1,1,1,0.4847798314,0.6114245166,0.65190996,0.3883871249,0.5025404847,0.4211968467,0.2421399859,0.1661751125,0.5068863277,0.2117925753,0.6752534726,0.4344429407,0.3096615627,0.3465648404,0.2878714124,0.6780395735,0.7958327547
476.5,1,1,1,1,1,0.4847485909,0.611355995,0.6517660777,0.3885903835,0.5026073127,0.4212916284,0.2422198302,0.1661054558,0.506860566,0.2117159889,0.6752132709,0.4343833646,0.3096408604,0.3466373866,0.2880032581,0.678066155,0.7958415035
477,1,1,1,1,1,0.4848413629,0.6113462836,0.6518242689,0.3885091227,0.5026208233,0.4214114497,0.2420131694,0.1661829253,0.5069594063,0.2118374716,0.6751584148,0.4344728878,0.3096894207,0.3467247471,0.287887893,0.6781519879,0.7958051781
477.5,1,1,1,1,1,0.4848252406,0.6112040339,0.6517854464,0.3883145872,0.50277216,0.421461675,0.2420900544,0.166207005,0.5071446215,0.2118895056,0.675319961,0.4347165494,0.3097906631,0.3465107151,0.2878781242,0.6781398283,0.7959159009
478,1,1,1,1,1,0.4846906803,0.6112466436,0.6516377889,0.3883614622,0.5027944619,0.4215033974,0.2419995233,0.1663380082,0.5072119654,0.2118123056,0.6749451996,0.434350236,0.3097571829,0.3467167144,0.287806091,0.6781520275,0.7958959303
478.5,1,1,1,1,1,0.484703738,0.6112393105,0.6517349956,0.3884119467,0.5030673768,0.4215672901,0.2419571746,0.166152618,0.5071527382,0.211841197,0.6750894207,0.4345737051,0.3097821639,0.3467040879,0.287862467,0.6783602033,0.7958171073
479,1,1,1,1,1,0.4848513848,0.6111168739,0.6519570228,0.3882244955,0.5030351754,0.4215992002,0.2420013395,0.1661865153,0.5072855476,0.2118287245,0.6751205689,0.4348215696,0.3099005029,0.3467561484,0.2877414041,0.6781869688,0.7958283399
479.5,1,1,1,1,1,0.4848792578,0.6112380274,0.6520708355,0.388334237,0.5030098063,0.4215257276,0.2419978556,0.1661615548,0.5075452674,0.2117624698,0.6748476613,0.4350088169,0.3098385472,0.3467135548,0.2877592365,0.6782285945,0.7958569801
480,1,1,1,1,1,0.4849827555,0.6112410784,0.6520189433,0.3884037942,0.5029609595,0.42135765,0.2419500784,0.1661812734,0.5075152144,0.2118814597,0.6748968038,0.4349980489,0.3099646359,0.3465546524,0.2878739261,0.6781335511,0.7957482548
480.5,1,1,1,1,1,0.4849125067,0.6110513197,0.6522903948,0.3883672494,0.502688893,0.4213481507,0.241922752,0.1662422291,0.5074435577,0.2118624814,0.6751558309,0.4349830527,0.3100536999,0.3465378133,0.2879279231,0.6779751045,0.7956752508
481,1,1,1,1,1,0.4848581855,0.6111745212,0.6523520141,0.3882132196,0.5028602554,0.4216473348,0.2420487919,0.1661608485,0.5073256271,0.211888662,0.6749814139,0.4347584874,0.310118424,0.3465206135,0.2879973682,0.6779234377,0.7957340565
481.5,1,1,1,1,1,0.484534759,0.6111954278,0.652275424,0.3883009547,0.5031391643,0.4215636789,0.242020144,0.1661187931,0.5072797108,0.2120232031,0.6751299017,0.4348625313,0.3100728699,0.3464997587,0.2878470009,0.6780926647,0.7957523081
482,1,1,1,1,1,0.4847838295,0.6113685826,0.6520379398,0.3883319036,0.5031442686,0.4214632856,0.241974232,0.1662240845,0.5072918819,0.2120891805,0.6751967944,0.4348417114,0.3097158945,0.3465367136,0.2879211255,0.6781107948,0.7956224478
482.5,1,1,1,1,1,0.4849481299,0.6113398661,0.6520169557,0.3883991409,0.5029819191,0.4214278685,0.2419795047,0.1661460812,0.5073221813,0.2120254628,0.675010844,0.4348509331,0.3096315075,0.3465868342,0.2879564356,0.6779969096,0.795786439
483,1,1,1,1,1,0.4849313519,0.6112738772,0.6519121908,0.3883070922,0.5029891092,0.4214078603,0.2417136285,0.1661597686,0.5072166191,0.2119628738,0.6751517034,0.4349274033,0.309649991,0.3467036587,0.2879000366,0.6779983771,0.7957364415
483.5,1,1,1,1,1,0.4848467277,0.6112856497,0.6518142165,0.3882844662,0.5031226224,0.4213283089,0.2416333661,0.1660786861,0.5072921906,0.2118528112,0.6752299366,0.4348640578,0.3098758994,0.346362463,0.2878735267,0.6779721199,0.7957232776
484,1,1,1,1,1,0.4849880447,0.6110719037,0.6518640252,0.388123957,0.5029092878,0.4213410562,0.2416200344,0.1661330001,0.5073893255,0.2119047224,0.6751170363,0.4350350649,0.3098947585,0.3465810014,0.2879140133,0.6780002874,0.7956014213
484.5,1,1,1,1,1,0.4847648368,0.6111199219,0.6518666515,0.3882683899,0.5030286552,0.4213726636,0.2417242836,0.1660020387,0.5072511106,0.211664992,0.6750344405,0.4350918344,0.3098613612,0.3463894857,0.2877709862,0.6780003258,0.795656947
485,1,1,1,1,1,0.4846329494,0.6109848679,0.6517487806,0.3882805278,0.5033603698,0.4214051233,0.2416188244,0.1660493477,0.5071590311,0.2116241216,0.6749921497,0.4351347481,0.3098351026,0.3463841088,0.2877946813,0.678167668,0.7956538998
485.5,1,1,1,1,1,0.4847038423,0.6111084444,0.6518975769,0.3882523355,0.5031169902,0.4214984189,0.2418368398,0.1661707991,0.507266267,0.2117108258,0.6749294272,0.4350034212,0.3098990491,0.346504773,0.2878414302,0.6778082335,0.7956718159
486,1,1,1,1,1,0.4847598718,0.6110616284,0.6518731559,0.3882300122,0.5030847971,0.4213819088,0.2417661205,0.1660915705,0.5070940678,0.2115338231,0.674930441,0.4348702232,0.3099187444,0.3465011093,0.288002961,0.6779240532,0.7957204287
486.5,1,1,1,1,1,0.4847367466,0.6110735353,0.6519539644,0.3881900135,0.5032104524,0.4214321985,0.2417411844,0.1659841634,0.5071400235,0.2115294907,0.6749426094,0.4349736795,0.3100067582,0.3463775831,0.2880107946,0.677848755,0.7957436817
487,1,1,1,1,1,0.4846916287,0.6110646654,0.6519443033,0.3882898282,0.5030839196,0.4214321644,0.241813308,0.1660638816,0.5072515916,0.211590028,0.6748840254,0.4348898993,0.3098618715,0.3464799473,0.2879359882,0.6778062155,0.7958000583
487.5,1,1,1,1,1,0.4848559518,0.6110336934,0.6518959749,0.388275232,0.503402259,0.4212602892,0.241910344,0.1660296221,0.5073107467,0.2116967045,0.6748517543,0.4347188074,0.3100433697,0.3463711694,0.2877794697,0.6780214611,0.7958663045
488,1,1,1,1,1,0.4847872801,0.611021128,0.6518099452,0.3882963164,0.5034482327,0.4212903502,0.2420436772,0.1660967431,0.5070879842,0.2117107462,0.6749207175,0.4348885153,0.3098387198,0.3463289504,0.2877292718,0.678118105,0.7960004308
488.5,1,1,1,1,1,0.4850375103,0.6113097302,0.6520659182,0.3883688082,0.5033632859,0.4214776987,0.2420653552,0.1661891959,0.5071611424,0.2117260415,0.6749464702,0.4349830915,0.309821514,0.3464062908,0.2878355425,0.6781488112,0.7960580893
489,1,1,1,1,1,0.4848558276,0.6112728068,0.6519895037,0.3885463126,0.5033548895,0.421391976,0.2421271015,0.1661277105,0.5069040397,0.2117041943,0.6749236313,0.4349309345,0.3097018948,0.3464157214,0.2876871716,0.6780069426,0.7960530948
489.5,1,1,1,1,1,0.484591465,0.6110897802,0.6519113668,0.3883446844,0.5030028705,0.4213822065,0.2421045305,0.1662296458,0.5068414949,0.2118326658,0.6748356237,0.434661213,0.3097219948,0.3464695284,0.2878156877,0.6781182933,0.7960112322
490,1,1,1,1,1,0.4848018472,0.6108483249,0.6519922907,0.3883026713,0.5029667678,0.4213051202,0.242029044,0.1660970722,0.5068405382,0.2119226619,0.6747846386,0.4346606587,0.3096579197,0.3466471635,0.2877621302,0.6781839347,0.7960610848
490.5,1,1,1,1,1,0.4847922492,0.6110287307,0.6522237697,0.3884245296,0.5030069703,0.4212789998,0.2420139482,0.1661196459,0.5067924816,0.2118267087,0.6747707198,0.4345663394,0.309580015,0.346668203,0.2877625163,0.6782515687,0.7962819269
491,1,1,1,1,1,0.4847266592,0.6109885921,0.6520001149,0.3883192677,0.5029815434,0.4213946748,0.2419969884,0.1663315146,0.506791989,0.2118252802,0.6749097424,0.4345192124,0.3095690544,0.3467998938,0.2879159458,0.6780815458,0.7963235623
491.5,1,1,1,1,1,0.4849189358,0.6109548077,0.6519782152,0.3881820504,0.5030989903,0.4213644441,0.2418457074,0.1662285334,0.5067325213,0.2118647708,0.6748606627,0.4345340599,0.3096264161,0.3468023346,0.2880110006,0.6782516494,0.7962414427
492,1,1,1,1,1,0.4848079664,0.6110027796,0.6520213238,0.3883558258,0.5029368409,0.4213922751,0.2418268985,0.1661222748,0.5068864668,0.2120224625,0.6748172803,0.434537278,0.3095726774,0.346781476,0.2881628108,0.6782298703,0.796095793
492.5,1,1,1,1,1,0.484733587,0.6108288282,0.6520188542,0.3884440063,0.5029093768,0.4213703375,0.2420896913,0.1660281081,0.5069230446,0.2119906684,0.6748680159,0.4341545898,0.3097870873,0.3467600319,0.2881853089,0.6782384497,0.796054246
493,1,1,1,1,1,0.4847602108,0.6108337652,0.6520236888,0.3883640641,0.5029120209,0.4214803623,0.2421548528,0.1660245235,0.5071185994,0.2119837095,0.674820509,0.4344370955,0.3097659427,0.3466620709,0.2881272902,0.6782870463,0.7959778753
493.5,1,1,1,1,1,0.4846830954,0.610885437,0.6520672008,0.3884232132,0.5031295476,0.4213237755,0.2419778627,0.1660358655,0.5071710771,0.2118540171,0.6748553314,0.4346011839,0.3096596118,0.3467063992,0.2880120392,0.6783810826,0.7958764071
494,1,1,1,1,1,0.4847491221,0.6113500391,0.6520491404,0.3885716258,0.5028368701,0.4213359343,0.2418109395,0.1661711693,0.5069560755,0.211912394,0.6749842493,0.4346585834,0.3097346368,0.3466794533,0.2880307615,0.6785171829,0.7959182914
494.5,1,1,1,1,1,0.4848636614,0.6113101933,0.6520412395,0.3884579731,0.5025792659,0.4211639105,0.2418297361,0.1661493431,0.5068648635,0.2119694149,0.6749978848,0.4348418648,0.3096336839,0.3462718277,0.2880979086,0.6784448726,0.7958800593
495,1,1,1,1,1,0.4848946702,0.6112821332,0.6521301807,0.38851193,0.5026005506,0.4210712741,0.2417825017,0.1661387674,0.5068653487,0.2119701105,0.6750134584,0.4348397088,0.3095833708,0.3464066852,0.2878183652,0.6782120147,0.7958571189
495.5,1,1,1,1,1,0.4848314588,0.6112978394,0.6520748786,0.3885471212,0.5028027779,0.4210777328,0.2419110472,0.1661521152,0.506835985,0.2119337495,0.6750554218,0.4350374116,0.3094863224,0.346664294,0.2879102687,0.6782064703,0.7959825138
496,1,1,1,1,1,0.4847739383,0.6112870749,0.6519186468,0.3885340591,0.502927673,0.4212726673,0.2420144517,0.1661299477,0.506660558,0.2118537004,0.6749904328,0.4352520357,0.3095121504,0.346729743,0.2877214336,0.6784879596,0.7959141594
496.5,1,1,1,1,1,0.4847644651,0.6114080879,0.6517457421,0.3885356934,0.5029594876,0.4213962406,0.2419097982,0.166077679,0.5065491086,0.2118849572,0.67508153,0.4349988837,0.3094779854,0.3468110525,0.2876557513,0.6783756189,0.7958469498
497,1,1,1,1,1,0.484687493,0.6115464095,0.6516729295,0.3883247683,0.5031810379,0.4211472258,0.2417739164,0.1661013043,0.5065777843,0.2120431313,0.6751136952,0.435007219,0.3096697479,0.3467229246,0.2877555173,0.6782877447,0.7958039399
497.5,1,1,1,1,1,0.4846816561,0.6114425762,0.6516680918,0.388356801,0.5032300253,0.4211222173,0.241732822,0.1660811865,0.5066081722,0.2120622998,0.6749561554,0.4347511033,0.3097440741,0.3466763526,0.2879362999,0.6782970432,0.7957574796
498,1,1,1,1,1,0.4847522994,0.6114439632,0.6517700775,0.3883568881,0.5031250703,0.4212142576,0.2414866876,0.1660208255,0.5065739521,0.2120297352,0.6748003334,0.4345899095,0.3094956815,0.3466111269,0.2881313395,0.6786571173,0.7958962229
498.5,1,1,1,1,1,0.4848797685,0.6115879817,0.6516825341,0.3884369033,0.5031431736,0.4211651117,0.2416465559,0.1660685655,0.5067245185,0.2119480827,0.6747769816,0.4346251441,0.3095085508,0.3465356169,0.2880036758,0.6787596917,0.7957584991
499,1,1,1,1,1,0.4847818283,0.6114149135,0.6515751237,0.3883826293,0.5030384207,0.4213578529,0.2416622308,0.1659608531,0.5068725038,0.2118823043,0.6749283124,0.4346707706,0.3095367897,0.3465142796,0.2877393762,0.6787747421,0.7957755525
499.5,1,1,1,1,1,0.4846309601,0.6111943051,0.6517314595,0.3883145424,0.5030320615,0.4213373038,0.2416826302,0.1659374106,0.5068289676,0.2118763952,0.6748250361,0.4347351449,0.3097244619,0.3464326262,0.2878216717,0.6785621316,0.7956654684
500,1,1,1,1,1,0.4845266551,0.6114536389,0.6517687738,0.3882627413,0.503229003,0.421422705,0.2416906573,0.1658906539,0.5066822963,0.2119795291,0.6749440879,0.4348382175,0.3097017809,0.3462751215,0.2878939142,0.6783438019,0.7957686944
